sigma_vern,sigma_nat,sigma_nat_distinct,a,m_mono,h0,completeness_share,sigma_diaspora,acq_adult,acq_school,I_mas_joh_0,I_mas_lyc_0,I_mas_nei_0,I_mas_ole_0,I_carinthia_0,I_wales_0,I_wales_1,I_posen_0,I_diaspora_0,I_max,nroy
0.98295,0.13379,0.1508,1.5901,0.16654,0.0034344,0.30927,0.21211,0.02159,0.3583,5.351,3.126,5.496,0.719,2.912,2.523,2.875,2.921,3.191,5.496,0
0.9573,0.34051,0.20295,1.298,0.089924,0.0038085,0.35352,0.66813,0.01955,0.14535,4.907,2.743,5.067,0.447,1.747,0.470,6.306,3.020,1.553,6.306,0
0.46324,0.079486,0.20998,1.1535,0.12597,0.0051263,0.28048,0.092949,0.023071,0.20917,1.963,0.221,2.232,1.392,3.283,3.024,5.099,4.201,3.208,5.099,0
0.71016,0.21583,0.2069,1.057,0.24118,0.0036818,0.4173,0.39438,0.017232,0.32212,3.556,1.563,3.758,0.422,2.320,1.648,3.212,4.248,1.259,4.248,0
0.4074,0.17159,0.10033,1.5219,0.28618,0.009152,0.44378,0.72048,0.027695,0.20511,2.571,0.776,2.826,0.884,2.093,1.004,5.021,2.601,0.057,5.021,0
0.42796,0.14046,0.090244,1.2659,0.31591,0.0046202,0.21629,0.41624,0.0087126,0.38829,1.640,0.058,1.920,1.598,2.754,2.271,3.109,1.823,1.694,3.109,0
1.0882,0.47244,0.18736,1.5593,0.20516,0.0028484,0.13519,0.70282,0.0044726,0.14875,5.278,3.073,5.428,0.670,1.186,0.368,6.856,2.427,1.466,6.856,0
0.3618,0.30046,0.072279,1.5971,0.32003,0.0055271,0.46726,0.044142,0.018409,0.37521,1.273,0.353,1.573,1.796,1.259,0.053,2.554,1.528,4.448,4.448,0
0.11077,0.48514,0.11931,1.4703,0.16207,0.006909,0.46434,0.12617,0.017398,0.17162,1.298,2.579,0.910,3.442,0.002,2.601,5.744,2.288,4.059,5.744,0
0.12774,0.0654,0.15787,1.0405,0.22315,0.0032489,0.28981,0.45352,0.0051429,0.31362,1.419,2.701,1.033,3.544,3.455,3.354,4.140,2.835,1.508,4.140,0
1.1506,0.30261,0.11901,1.3284,0.3528,0.011117,0.14228,0.72862,0.013591,0.21557,9.438,6.521,9.399,3.088,0.596,1.443,5.694,3.434,0.437,9.438,0
0.90168,0.46351,0.10322,1.5305,0.21757,0.01181,0.30516,0.77215,0.014005,0.25763,7.890,5.266,7.930,2.259,1.102,4.179,4.929,3.064,0.888,7.930,0
0.2977,0.45514,0.030763,1.321,0.39231,0.010196,0.42552,0.32551,0.020939,0.24545,1.549,0.126,1.836,1.636,0.885,3.635,4.271,0.589,1.648,4.271,0
0.19648,0.21329,0.091439,1.2999,0.31817,0.010901,0.4451,0.42648,0.026876,0.27217,0.347,1.163,0.676,2.389,1.382,0.135,3.893,2.849,0.670,3.893,0
0.72122,0.052842,0.1932,1.594,0.30568,0.008171,0.10483,0.084019,0.022779,0.28858,5.448,3.209,5.589,0.776,3.343,3.115,3.839,5.463,3.092,5.589,0
0.38191,0.39489,0.15453,1.0429,0.31363,0.0094096,0.43347,0.21015,0.016289,0.14039,2.202,0.420,2.460,1.244,0.275,2.081,7.566,3.680,2.972,7.566,0
0.16684,0.24232,0.00083295,1.2982,0.22027,0.0019342,0.24233,0.065851,0.0089266,0.28404,1.260,2.555,0.877,3.431,2.443,1.864,3.888,0.458,4.862,4.862,0
0.1323,0.41101,0.11994,1.258,0.32176,0.004176,0.49939,0.79169,0.010619,0.16943,1.308,2.595,0.922,3.450,1.055,0.780,5.836,1.970,0.493,5.836,0
1.0978,0.25725,0.23986,1.2096,0.199,0.0079284,0.35288,0.48811,0.028084,0.35653,8.300,5.592,8.316,2.478,1.292,0.061,2.664,6.977,0.945,8.316,0
0.96743,0.22726,0.023183,1.2102,0.34157,0.0097728,0.12934,0.1431,0.008735,0.34805,7.943,5.288,7.972,2.251,1.403,0.019,3.654,0.328,4.416,7.972,0
0.70961,0.15501,0.19571,1.5301,0.28401,0.004981,0.49606,0.27762,0.0098898,0.30342,4.061,2.026,4.255,0.034,2.637,2.017,3.931,4.271,2.336,4.271,0
0.3398,0.048047,0.16161,1.3211,0.23458,0.0074204,0.4138,0.197,0.02689,0.26436,1.445,0.216,1.735,1.704,3.427,3.263,4.049,4.211,3.087,4.211,0
0.29444,0.16444,0.081565,1.5304,0.33967,0.011015,0.20511,0.014324,0.0182,0.3331,1.686,0.001,1.971,1.545,1.887,0.709,3.464,2.551,4.346,4.346,0
1.0382,0.16833,0.12806,1.3388,0.15698,0.00095796,0.38094,0.71387,0.023831,0.12265,3.914,1.902,4.113,0.157,3.079,2.797,7.068,1.271,0.754,7.068,0
0.57148,0.28345,0.23622,1.5297,0.31507,0.002603,0.3121,0.75309,0.025488,0.29459,2.200,0.433,2.464,1.235,1.949,1.185,2.958,4.627,0.501,4.627,0
1.1134,0.38381,0.065482,1.2708,0.075447,0.0075669,0.22004,0.33835,0.015907,0.20598,7.689,5.070,7.729,2.071,0.650,1.408,5.314,1.158,3.076,7.729,0
0.45077,0.32729,0.016709,1.0379,0.3982,0.0029321,0.33105,0.41428,0.012762,0.19899,1.297,0.360,1.587,1.822,1.747,0.836,5.110,0.131,1.016,5.110,0
0.3321,0.18806,0.040272,1.2141,0.1076,0.0038925,0.29906,0.28037,0.0040929,0.25279,0.403,1.120,0.728,2.374,2.630,1.952,4.975,0.318,3.440,4.975,0
0.27505,0.29972,0.087047,1.4222,0.21598,8.3013e-05,0.15259,0.3538,0.01529,0.25006,0.826,2.173,0.455,3.144,2.437,2.024,3.738,0.844,2.790,3.738,0
0.29158,0.47184,0.020734,1.541,0.15479,0.005006,0.19789,0.44641,0.017764,0.15015,0.243,1.232,0.582,2.440,0.599,1.404,6.092,0.069,2.268,6.092,0
0.23179,0.097856,0.15744,1.4928,0.082869,0.0020934,0.18287,0.3069,0.016532,0.1819,0.809,2.152,0.437,3.125,3.353,3.163,5.934,1.976,3.028,5.934,0
0.14187,0.20688,0.1593,1.2406,0.2,0.0091201,0.48429,0.17318,0.014271,0.32362,0.642,2.022,0.280,3.036,1.724,0.420,3.624,4.547,3.553,4.547,0
1.1107,0.062996,0.12206,1.0934,0.16228,0.0044091,0.16573,0.51541,0.022235,0.15003,6.345,3.940,6.442,1.268,3.461,3.316,6.713,1.923,1.599,6.713,0
0.36494,0.19585,0.21758,1.1841,0.18198,0.0053923,0.30398,0.46356,0.028255,0.34398,1.252,0.393,1.545,1.843,2.213,1.424,2.763,5.280,0.985,5.280,0
0.29475,0.30706,0.16878,1.1329,0.38834,0.0051022,0.32396,0.73234,0.010755,0.3731,0.514,1.032,0.832,2.314,1.338,0.174,2.889,4.039,0.681,4.039,0
0.72704,0.31005,0.00064407,1.2972,0.24665,0.0049281,0.11479,0.45202,0.027348,0.33209,4.285,2.201,4.465,0.042,1.338,0.147,2.608,0.457,3.038,4.465,0
0.76921,0.32693,0.025943,1.079,0.38069,0.0037732,0.19297,0.70331,0.0095584,0.12427,3.834,1.810,4.029,0.245,1.764,0.677,7.867,0.018,0.125,7.867,0
1.0562,0.11989,0.080074,1.3563,0.25859,0.0061911,0.39155,0.6109,0.014175,0.31245,7.177,4.660,7.244,1.853,2.823,2.296,3.725,1.696,0.676,7.244,0
0.86094,0.1439,0.24789,1.3861,0.30482,0.011553,0.17226,0.043181,0.019424,0.28414,7.684,5.084,7.730,2.113,2.130,1.056,4.065,8.251,2.481,8.251,0
0.13774,0.34677,0.049245,1.5724,0.35418,0.0088406,0.31349,0.061324,0.02263,0.21718,0.736,2.086,0.365,3.075,0.421,1.560,4.776,1.039,4.594,4.776,0
0.65031,0.31755,0.2488,1.074,0.17899,0.0013365,0.28513,0.48199,0.0057727,0.37445,2.052,0.276,2.311,1.368,2.089,1.445,2.813,4.003,1.515,4.003,0
0.31611,0.32376,0.081797,1.0132,0.32152,0.0044284,0.36634,0.11586,0.019207,0.26284,0.537,1.015,0.853,2.304,1.432,0.293,3.703,1.516,3.994,3.994,0
0.44365,0.1513,0.18307,1.4754,0.38238,0.0088279,0.27435,0.72708,0.013615,0.1096,2.672,0.860,2.925,0.909,2.502,1.568,8.989,3.910,0.500,8.989,0
0.95064,0.30435,0.13054,1.5499,0.11485,0.0004533,0.35246,0.12301,0.015894,0.34019,3.298,1.375,3.521,0.548,2.319,1.809,2.608,1.619,4.052,4.052,0
0.99807,0.093035,0.24854,1.3606,0.2827,0.011281,0.2246,0.34709,0.0050051,0.32014,8.504,5.766,8.512,2.593,2.784,2.108,4.235,7.848,2.070,8.512,0
0.53479,0.34627,0.19,1.3403,0.2268,0.009142,0.12075,0.58429,0.011692,0.32929,3.946,1.915,4.140,0.167,0.374,1.629,3.606,5.480,1.569,5.480,0
0.17889,0.167,0.20216,1.0743,0.34908,0.0093273,0.19945,0.55559,0.021587,0.3609,0.074,1.539,0.266,2.687,2.024,1.047,3.003,6.461,0.332,6.461,0
0.55142,0.14851,0.21562,1.5134,0.36866,0.0051162,0.47077,0.2125,0.025126,0.19531,2.892,1.036,3.133,0.775,2.684,2.099,5.163,4.734,2.479,5.163,0
0.25235,0.044131,0.0026503,1.4037,0.35251,0.0087372,0.45203,0.68396,0.012531,0.21878,0.650,0.894,0.971,2.165,3.449,3.266,5.496,0.395,0.187,5.496,0
0.10341,0.1852,0.24456,1.1441,0.21541,0.0034652,0.20177,0.78232,0.006131,0.15069,1.656,2.901,1.260,3.688,2.756,2.157,7.497,3.698,0.939,7.497,0
0.47005,0.23863,0.24436,1.1234,0.26216,4.8095e-05,0.48651,0.10975,0.0051694,0.12223,0.316,1.194,0.644,2.423,2.873,2.580,8.144,2.580,2.757,8.144,0
0.39716,0.069023,0.19618,1.1765,0.26651,0.0008826,0.15185,0.086131,0.011844,0.26442,0.228,1.273,0.558,2.487,3.530,3.522,4.472,2.883,3.200,4.472,0
0.543,0.30677,0.16561,1.2046,0.16197,0.0085813,0.16042,0.019115,0.026482,0.10386,3.546,1.583,3.758,0.397,1.241,0.548,8.179,3.349,3.629,8.179,0
0.34275,0.30529,0.14863,1.4715,0.071229,0.0086976,0.29199,0.73825,0.0075372,0.1767,1.481,0.171,1.774,1.667,1.248,0.681,7.041,2.989,2.340,7.041,0
0.3878,0.16381,0.0012799,1.1274,0.26135,5.5458e-05,0.40778,0.6746,0.0091753,0.32937,0.066,1.530,0.273,2.679,3.082,2.954,3.420,0.454,0.432,3.420,0
0.8895,0.031986,0.1148,1.0289,0.35935,0.0021528,0.23066,0.18444,0.010586,0.19643,4.007,1.949,4.192,0.148,3.713,3.765,6.065,1.693,3.361,6.065,0
0.11943,0.16337,0.17533,1.4191,0.15867,0.0092365,0.33261,0.49276,0.026779,0.39087,0.899,2.239,0.527,3.195,2.055,1.050,2.609,5.473,1.250,5.473,0
0.54088,0.40582,0.16317,1.2483,0.11948,0.010496,0.27701,0.13527,0.011277,0.13679,3.966,1.937,4.161,0.146,0.239,2.348,8.582,3.535,3.908,8.582,0
0.81576,0.49168,0.03645,1.3982,0.14001,0.0017563,0.2622,0.27372,0.025014,0.17398,3.151,1.250,3.380,0.636,1.162,0.107,4.196,0.119,3.060,4.196,0
1.0694,0.3752,0.11512,1.5957,0.07884,0.0053097,0.49228,0.61939,0.0073045,0.33725,6.606,4.207,6.703,1.526,0.943,1.036,3.172,2.228,2.102,6.703,0
0.33414,0.37603,0.18328,1.3907,0.16712,0.0007979,0.19679,0.18197,0.010098,0.3199,0.269,1.693,0.082,2.791,1.890,1.171,2.871,2.563,3.549,3.549,0
0.36983,0.20437,0.031185,1.2037,0.1645,0.0083949,0.27243,0.23052,0.012156,0.18217,1.804,0.087,2.079,1.488,2.044,0.812,6.423,0.328,3.582,6.423,0
0.44011,0.21381,0.064086,1.468,0.25925,0.0039304,0.28333,0.29923,0.0083024,0.18416,1.365,0.272,1.662,1.741,2.441,1.657,6.215,0.768,2.719,6.215,0
0.59583,0.2089,0.084318,1.4812,0.11001,0.0082205,0.44642,0.37432,0.012581,0.22461,4.034,2.004,4.229,0.073,1.959,0.668,5.300,1.739,2.392,5.300,0
0.68416,0.1042,0.069449,1.3478,0.14949,0.00051799,0.47613,0.59853,0.028808,0.17551,1.802,0.088,2.078,1.478,3.389,3.307,5.430,0.550,0.767,5.430,0
0.43243,0.38584,0.032057,1.3739,0.13967,0.0030733,0.19596,0.22532,0.019339,0.35897,1.164,0.459,1.464,1.885,1.239,0.051,2.290,0.222,3.711,3.711,0
0.54801,0.45987,0.19084,1.3322,0.2009,0.00083622,0.18736,0.043413,0.022537,0.30913,1.281,0.366,1.574,1.826,1.357,0.507,2.162,2.883,3.218,3.218,0
0.7884,0.45009,0.15345,1.3183,0.16895,0.0094601,0.41216,0.19889,0.010763,0.22478,6.089,3.736,6.199,1.184,0.315,3.070,5.470,3.868,3.499,6.199,0
1.116,0.32711,0.18447,1.0619,0.32599,0.0032777,0.25652,0.58339,0.022958,0.14942,6.050,3.683,6.156,1.075,1.749,0.755,5.869,3.181,0.133,6.156,0
0.27195,0.40375,0.038875,1.1906,0.20829,0.00090147,0.36884,0.21607,0.027333,0.36685,0.612,1.999,0.252,3.022,1.592,0.895,1.753,0.253,3.168,3.168,0
0.99578,0.35606,0.192,1.0671,0.20127,0.0030083,0.31926,0.38538,0.028888,0.19085,5.085,2.874,5.230,0.528,1.588,0.530,4.369,3.324,1.362,5.230,0
0.40836,0.23753,0.067465,1.5628,0.2623,0.0079914,0.2496,0.28476,0.010912,0.32455,2.299,0.528,2.562,1.160,1.546,0.185,3.683,1.550,2.856,3.683,0
0.5769,0.25366,0.23938,1.0465,0.071393,0.00856,0.36397,0.74696,0.0078625,0.36405,4.061,1.990,4.242,0.118,1.411,0.056,3.458,6.472,2.259,6.472,0
1.0749,0.25754,0.18154,1.0266,0.13433,0.0012502,0.48248,0.0083646,0.012078,0.14706,4.224,2.139,4.403,0.035,2.640,2.099,6.721,2.039,3.615,6.721,0
1.1544,0.068416,0.17029,1.4029,0.30724,0.0028308,0.119,0.63385,0.029542,0.16638,6.036,3.646,6.137,1.019,3.450,3.354,5.819,2.887,0.525,6.137,0
0.43332,0.4382,0.13595,1.3553,0.17224,0.010138,0.22771,0.22793,0.0052497,0.27979,2.989,1.105,3.221,0.748,0.423,3.033,4.966,3.678,3.519,4.966,0
0.44425,0.29193,0.15663,1.158,0.38625,0.0098369,0.22667,0.24221,0.028147,0.36797,3.363,1.410,3.577,0.533,0.572,1.098,2.620,5.269,2.443,5.269,0
0.95226,0.35123,0.031042,1.2395,0.08413,0.010052,0.25266,0.055907,0.02423,0.10779,7.202,4.684,7.269,1.838,0.723,1.522,8.466,0.284,4.879,8.466,0
0.13887,0.24389,0.066594,1.047,0.063682,0.0097603,0.20456,0.65926,0.012091,0.26959,0.652,2.037,0.292,3.053,1.430,0.148,4.563,1.548,2.274,4.563,0
1.0213,0.21423,0.23194,1.4977,0.09607,0.00039908,0.43398,0.63785,0.0093967,0.22431,3.463,1.518,3.680,0.428,2.895,2.547,4.874,2.686,1.638,4.874,0
0.87075,0.24859,0.10189,1.0103,0.31567,0.0039714,0.24937,0.16458,0.022077,0.14097,4.692,2.537,4.853,0.281,2.187,1.352,6.528,1.611,3.539,6.528,0
0.15652,0.24319,0.17869,1.4286,0.28807,0.0088494,0.11122,0.68938,0.023682,0.36006,0.445,1.844,0.088,2.903,1.263,0.148,2.830,5.492,0.736,5.492,0
1.0725,0.12174,0.1339,1.5433,0.3051,0.0073201,0.3218,0.62977,0.019098,0.25611,7.814,5.209,7.859,2.219,2.724,2.092,4.365,3.320,0.253,7.859,0
1.0868,0.47111,0.24381,1.5138,0.35162,0.0036339,0.27602,0.65485,0.020121,0.37088,6.382,3.994,6.484,1.324,0.350,1.117,1.949,5.438,0.301,6.484,0
0.11849,0.27121,0.23411,1.1406,0.070702,0.0048336,0.19735,0.79944,0.021322,0.33689,1.348,2.636,0.963,3.494,1.767,0.696,2.859,5.107,1.628,5.107,0
1.146,0.03143,0.17829,1.3874,0.33573,0.0014867,0.34398,0.40408,0.023214,0.35988,5.376,3.078,5.500,0.602,3.706,3.778,3.029,3.166,0.672,5.500,0
0.49852,0.25237,0.21332,1.2412,0.39645,0.0072886,0.3749,0.28606,0.0071457,0.15834,2.918,1.044,3.153,0.786,1.736,0.418,7.426,4.705,1.992,7.426,0
0.58276,0.35489,0.10768,1.4817,0.22959,0.0063429,0.46787,0.50801,0.0047086,0.18851,3.296,1.376,3.520,0.528,1.123,0.794,6.459,1.904,1.382,6.459,0
1.1531,0.25906,0.22557,1.0982,0.11504,0.002001,0.42765,0.48,0.018231,0.3958,5.442,3.120,5.558,0.636,2.279,1.683,2.335,3.956,1.423,5.558,0
1.1198,0.3242,0.035684,1.0472,0.37088,0.00018071,0.10084,0.049994,0.012492,0.16955,4.198,2.108,4.377,0.074,2.311,1.905,5.545,0.081,4.886,5.545,0
0.94636,0.29723,0.1129,1.0758,0.074193,0.0075519,0.48764,0.21908,0.0059785,0.36423,6.661,4.218,6.743,1.557,1.189,0.471,3.428,2.678,3.691,6.743,0
0.31625,0.21873,0.12306,1.5256,0.34376,0.00035669,0.36575,0.23894,0.014643,0.17216,0.490,1.872,0.127,2.917,2.798,2.508,5.760,1.410,2.626,5.760,0
0.73616,0.35352,0.17366,1.3096,0.073974,0.010663,0.14841,0.44449,0.013152,0.15107,5.753,3.454,5.877,0.948,0.583,1.801,7.784,3.940,2.719,7.784,0
0.67664,0.047422,0.067317,1.3024,0.30932,0.0097001,0.11877,0.28247,0.023922,0.1288,5.245,3.030,5.392,0.649,3.416,3.184,7.478,1.390,3.379,7.478,0
0.44174,0.18721,0.10111,1.2756,0.14712,0.0099851,0.31676,0.61725,0.015703,0.31926,3.147,1.234,3.372,0.647,1.835,0.586,3.679,2.863,1.572,3.679,0
1.0859,0.26542,0.19589,1.0033,0.23635,0.0099231,0.43768,0.26594,0.025598,0.31266,8.891,6.103,8.885,2.868,0.980,0.652,3.297,6.186,2.417,8.891,0
0.5068,0.17357,0.12646,1.3155,0.13313,0.010627,0.4777,0.085805,0.027758,0.31521,4.121,2.071,4.310,0.011,1.857,0.640,3.320,3.986,3.986,4.310,0
0.42877,0.35005,0.20424,1.0986,0.11303,0.005198,0.31864,0.74992,0.015639,0.18323,1.589,0.103,1.870,1.630,1.379,0.121,5.626,3.734,1.508,5.626,0
0.33267,0.29489,0.16968,1.2757,0.19084,0.010071,0.18624,0.66221,0.02867,0.32325,1.980,0.238,2.249,1.378,0.608,1.202,3.052,5.412,0.973,5.412,0
0.36423,0.083107,0.20008,1.584,0.36521,0.010518,0.20602,0.33406,0.026045,0.291,2.493,0.698,2.750,1.033,2.883,2.338,3.721,6.630,1.578,6.630,0
0.35669,0.30477,0.19498,1.4697,0.39098,0.0083289,0.19106,0.64542,0.013502,0.11213,1.632,0.033,1.923,1.561,1.216,0.525,8.823,4.132,0.013,8.823,0
0.40994,0.49001,0.074077,1.2564,0.15917,0.006,0.20108,0.66579,0.011802,0.22548,1.678,0.020,1.958,1.566,0.123,2.045,4.709,1.265,1.532,4.709,0
0.24699,0.1343,0.079979,1.0511,0.061259,0.0051573,0.26021,0.14499,0.013577,0.3488,0.044,1.515,0.293,2.670,2.817,2.300,3.301,1.471,4.223,4.223,0
0.51734,0.26743,0.19768,1.3147,0.28385,0.0010101,0.34312,0.33375,0.026027,0.35792,1.221,0.413,1.517,1.854,2.320,1.884,2.292,3.332,1.487,3.332,0
0.7091,0.38108,0.19513,1.2457,0.30618,8.6256e-05,0.38735,0.346,0.0064291,0.3838,1.907,0.162,2.174,1.445,1.927,1.450,2.392,2.840,1.669,2.840,1
0.25016,0.083654,0.13029,1.1363,0.39963,0.0062368,0.35979,0.10858,0.011082,0.10516,0.103,1.374,0.440,2.558,3.246,2.926,9.269,2.302,3.709,9.269,0
0.21031,0.26838,0.172,1.304,0.36162,0.00016872,0.28227,0.3354,0.017573,0.17906,1.199,2.499,0.817,3.387,2.558,2.231,5.190,2.240,1.537,5.190,0
0.73989,0.032123,0.10053,1.0754,0.3142,0.0097451,0.29944,0.66353,0.0049993,0.21644,5.832,3.498,5.945,0.967,3.569,3.457,6.010,2.498,0.535,6.010,0
1.1845,0.45674,0.15857,1.3667,0.068501,0.0081838,0.20388,0.54895,0.0071018,0.24919,8.166,5.426,8.173,2.296,0.047,2.536,5.072,3.603,2.379,8.173,0
1.1171,0.39754,0.017663,1.5814,0.090197,0.00055579,0.49358,0.57708,0.0098292,0.28787,4.171,2.095,4.357,0.087,1.908,1.106,3.139,0.210,1.733,4.357,0
0.32932,0.22182,0.16311,1.5461,0.18541,0.0036626,0.31891,0.39108,0.0071267,0.38626,0.418,1.093,0.747,2.348,2.274,1.513,3.007,3.147,1.996,3.147,0
0.23835,0.21843,0.020109,1.0695,0.22187,0.010553,0.2629,0.17152,0.017092,0.3164,0.834,0.758,1.141,2.115,1.429,0.012,3.670,0.241,3.895,3.895,0
0.89842,0.08862,0.23269,1.2161,0.23777,0.00085823,0.36999,0.41342,0.029941,0.26326,3.396,1.440,3.609,0.508,3.409,3.362,3.768,3.675,0.675,3.768,0
0.82435,0.37699,0.056994,1.5107,0.1235,0.0052259,0.25728,0.50413,0.020943,0.11937,4.602,2.502,4.780,0.278,1.280,0.415,7.269,0.568,1.557,7.269,0
0.36259,0.29913,0.079002,1.1391,0.11891,0.010781,0.22961,0.64455,0.0068919,0.30752,2.337,0.532,2.589,1.173,0.711,1.289,4.386,2.116,2.115,4.386,0
0.44823,0.3493,0.1362,1.0692,0.34191,0.006585,0.3348,0.76479,0.023794,0.39048,2.489,0.657,2.733,1.072,0.649,0.846,2.273,3.675,0.569,3.675,0
0.64122,0.1143,0.22339,1.076,0.13489,0.00059594,0.41531,0.75938,0.0085726,0.16221,1.477,0.210,1.759,1.717,3.382,3.266,6.910,2.447,1.257,6.910,0
0.93445,0.31536,0.19699,1.3809,0.17074,0.0039959,0.26494,0.044984,0.01028,0.12172,4.782,2.642,4.949,0.372,1.943,0.724,8.032,2.710,3.458,8.032,0
0.71166,0.19513,0.080201,1.4194,0.10196,0.0079041,0.47339,0.58025,0.0097269,0.19664,4.813,2.664,4.977,0.426,2.183,0.977,6.164,1.464,2.026,6.164,0
0.92445,0.31026,0.13188,1.0447,0.32271,0.004973,0.35148,0.0018776,0.011463,0.36125,5.753,3.430,5.869,0.926,1.379,0.215,2.952,2.960,3.784,5.869,0
0.39904,0.28729,0.24223,1.0222,0.26972,0.0029999,0.16604,0.72301,0.012119,0.35338,0.903,0.703,1.206,2.077,1.921,1.120,2.898,4.817,0.542,4.817,0
1.0643,0.077818,0.15245,1.0272,0.11453,0.0072186,0.12478,0.20962,0.025245,0.37048,7.644,5.032,7.684,2.069,3.133,2.809,2.868,4.042,3.567,7.684,0
0.8031,0.32277,0.031466,1.0593,0.37983,0.0042635,0.31308,0.75007,0.028896,0.26915,4.642,2.491,4.803,0.246,1.380,0.309,3.205,0.327,0.815,4.803,0
0.61358,0.23088,0.00092254,1.3847,0.20797,0.0080745,0.4911,0.036764,0.020071,0.24045,4.311,2.234,4.493,0.115,1.674,0.298,4.510,0.446,5.001,5.001,0
0.44527,0.13897,0.031537,1.5094,0.24238,0.011544,0.46875,0.013084,0.015019,0.29454,3.594,1.636,3.808,0.328,2.208,1.139,4.109,0.664,5.003,5.003,0
0.84046,0.46097,0.074947,1.4127,0.34829,0.0069029,0.1265,0.23932,0.013881,0.27927,5.914,3.592,6.033,1.047,0.187,2.291,3.719,1.650,3.506,6.033,0
0.47881,0.26677,0.063983,1.451,0.23569,0.010868,0.13804,0.11181,0.023037,0.33702,3.906,1.893,4.106,0.172,0.764,1.021,3.178,1.887,4.351,4.351,0
0.48278,0.050183,0.12513,1.0163,0.12461,0.0096534,0.2993,0.5714,0.0040263,0.11653,3.050,1.140,3.274,0.730,3.458,3.202,9.522,2.206,2.223,9.522,0
0.46088,0.47466,0.017085,1.1182,0.15939,0.0010474,0.4677,0.43759,0.011155,0.12968,0.544,0.998,0.864,2.279,1.658,0.605,6.481,0.249,1.649,6.481,0
1.1342,0.47795,0.11109,1.2742,0.29897,0.0049928,0.1899,0.19336,0.019815,0.21764,7.090,4.549,7.150,1.678,0.252,1.579,4.120,2.169,3.384,7.150,0
0.90006,0.30545,0.0574,1.1483,0.23955,0.011428,0.16249,0.16994,0.01067,0.31747,7.812,5.174,7.846,2.167,0.438,1.607,4.053,1.592,4.054,7.846,0
1.1959,0.25567,0.04991,1.5778,0.17741,0.0078042,0.15396,0.52176,0.027206,0.25766,8.516,5.732,8.512,2.524,1.414,0.025,3.859,0.988,1.761,8.516,0
0.72772,0.4178,0.23208,1.3994,0.37666,0.0033051,0.346,0.08871,0.0049058,0.22416,3.473,1.518,3.687,0.448,1.087,0.246,4.887,4.273,2.544,4.887,0
1.1824,0.4824,0.1511,1.2561,0.1629,0.0075138,0.19989,0.35291,0.029894,0.26143,8.367,5.601,8.367,2.430,0.468,2.734,3.231,3.885,2.201,8.367,0
0.78007,0.45468,0.14777,1.2122,0.07732,0.0042308,0.48526,0.56338,0.0088752,0.37336,4.128,2.059,4.311,0.025,0.604,1.266,2.476,2.845,2.024,4.311,0
0.19479,0.030155,0.009532,1.5679,0.081925,0.001709,0.25219,0.58963,0.02955,0.33957,1.072,2.384,0.692,3.299,3.717,3.780,3.064,0.291,1.227,3.780,0
0.65893,0.16085,0.021061,1.5615,0.33324,0.0063048,0.10234,0.19115,0.0045779,0.27386,4.121,2.078,4.313,0.043,2.489,1.707,4.730,0.073,4.474,4.730,0
0.83478,0.38839,0.0062467,1.5748,0.095384,0.00359,0.33812,0.43648,0.027241,0.34003,4.363,2.286,4.546,0.114,1.077,0.249,2.211,0.331,1.666,4.546,0
0.33527,0.45232,0.10607,1.3904,0.2516,0.0045806,0.4445,0.11503,0.020111,0.1516,0.616,0.919,0.939,2.213,0.713,1.118,5.752,1.688,4.029,5.752,0
0.6969,0.20874,0.23521,1.1662,0.38077,0.0064122,0.22094,0.42903,0.026633,0.20012,4.581,2.449,4.748,0.221,2.045,1.091,4.949,5.803,0.443,5.803,0
0.75856,0.13222,0.18846,1.2649,0.14259,0.0042232,0.13349,0.78806,0.0053131,0.25148,3.884,1.857,4.078,0.209,2.965,2.499,5.028,3.356,1.766,5.028,0
1.1039,0.43452,0.15828,1.383,0.15086,0.0075382,0.33794,0.19764,0.014032,0.39292,8.007,5.341,8.035,2.283,0.151,2.295,2.591,4.207,3.474,8.035,0
0.35263,0.41301,0.059348,1.4229,0.27638,0.0029021,0.33589,0.051532,0.020974,0.34477,0.500,1.028,0.824,2.301,1.018,0.165,2.242,0.854,4.636,4.636,0
0.77591,0.26117,0.19374,1.1546,0.38274,0.0040727,0.24396,0.64646,0.026214,0.34231,4.397,2.286,4.569,0.098,1.826,0.991,2.614,4.483,0.454,4.569,0
0.73823,0.26235,0.11662,1.0195,0.055907,0.0046748,0.38961,0.18264,0.010934,0.24739,3.884,1.842,4.073,0.225,2.025,0.966,4.586,1.974,3.904,4.586,0
0.20174,0.25392,0.092124,1.0875,0.29554,0.0072322,0.15826,0.053241,0.015692,0.25362,0.153,1.604,0.190,2.733,1.578,0.297,4.409,2.122,4.298,4.409,0
0.28669,0.47087,0.024836,1.0069,0.19997,0.011913,0.48847,0.388,0.029497,0.31168,1.761,0.036,2.033,1.474,1.472,4.617,2.954,0.504,1.570,4.617,0
0.6718,0.23359,0.040611,1.5519,0.15937,0.0065497,0.13789,0.032881,0.018138,0.35269,4.356,2.275,4.538,0.101,1.754,0.589,2.979,0.666,4.946,4.946,0
1.159,0.32059,0.1477,1.2618,0.38299,0.0038187,0.16645,0.36151,0.022019,0.38789,6.886,4.351,6.947,1.522,1.398,0.399,2.205,3.278,1.707,6.947,0
0.61652,0.42599,0.052239,1.5892,0.19063,0.0010009,0.23308,0.29692,0.011734,0.21284,1.619,0.058,1.906,1.590,1.672,0.736,4.238,0.326,3.011,4.238,0
0.80631,0.33548,0.11052,1.0846,0.33642,0.0050028,0.28008,0.29594,0.0083673,0.32641,4.856,2.670,5.007,0.370,1.220,0.064,3.428,2.345,2.389,5.007,0
0.84932,0.14502,0.040741,1.5374,0.097409,0.0040976,0.47553,0.080401,0.025643,0.25018,4.601,2.492,4.776,0.311,2.828,2.314,4.049,0.412,4.571,4.776,0
0.83077,0.14052,0.12738,1.5143,0.22003,0.0056526,0.33943,0.1381,0.011632,0.33245,5.245,3.029,5.391,0.647,2.689,2.078,3.550,2.798,3.900,5.391,0
1.0769,0.16051,0.15397,1.2109,0.36248,0.0072673,0.42101,0.46654,0.028839,0.38235,8.104,5.449,8.133,2.406,2.257,1.493,2.561,4.467,0.131,8.133,0
0.6567,0.2958,0.17203,1.1119,0.16705,0.0062055,0.25084,0.36885,0.023274,0.29758,4.100,2.031,4.282,0.087,1.336,0.002,3.268,4.125,1.986,4.282,0
0.73227,0.30092,0.10379,1.0548,0.13863,0.00678,0.16269,0.28573,0.022839,0.39816,4.976,2.770,5.122,0.442,1.117,0.275,2.361,2.579,3.176,5.122,0
1.1346,0.17056,0.02254,1.2591,0.34522,0.0038403,0.48906,0.23451,0.027118,0.17695,6.575,4.124,6.658,1.402,2.662,2.123,5.401,0.022,2.625,6.658,0
0.42735,0.15931,0.071319,1.2091,0.123,0.007145,0.12123,0.3821,0.0060568,0.22926,2.098,0.336,2.361,1.310,2.535,1.675,5.569,1.261,3.547,5.569,0
0.78744,0.15359,0.22215,1.1877,0.3899,0.0052808,0.41984,0.53196,0.025973,0.21704,4.896,2.720,5.052,0.441,2.614,2.027,4.662,5.183,0.273,5.183,0
0.12248,0.34109,0.17317,1.1174,0.19311,0.0094766,0.446,0.092214,0.011584,0.38501,0.850,2.207,0.483,3.178,0.335,1.739,3.037,5.208,3.594,5.208,0
1.1689,0.02146,0.19223,1.5106,0.3711,0.0011789,0.26433,0.67939,0.023367,0.1615,5.092,2.829,5.226,0.421,3.784,3.883,6.356,2.833,0.549,6.356,0
0.29307,0.47315,0.22788,1.3308,0.067439,0.010318,0.41902,0.22685,0.026599,0.32119,1.484,0.184,1.772,1.682,1.085,3.994,2.832,7.126,3.145,7.126,0
1.0826,0.26363,0.018338,1.446,0.25492,0.0002668,0.49968,0.68432,0.028045,0.27067,4.101,2.057,4.292,0.043,2.515,2.172,3.089,0.165,0.062,4.292,0
1.0906,0.28469,0.022211,1.5726,0.16029,0.0065364,0.26504,0.066118,0.020558,0.22533,7.385,4.843,7.447,1.932,1.457,0.002,4.585,0.087,4.774,7.447,0
1.0436,0.23241,0.16064,1.0852,0.28163,0.001645,0.42354,0.081987,0.028908,0.21577,4.748,2.587,4.907,0.347,2.514,2.054,4.150,2.559,3.322,4.907,0
0.85839,0.050315,0.23785,1.5704,0.38524,0.0032233,0.39476,0.6402,0.028167,0.15857,4.424,2.349,4.609,0.177,3.553,3.509,6.153,4.427,0.737,6.153,0
0.67445,0.19119,0.20943,1.2294,0.11048,0.00018759,0.29607,0.22364,0.013152,0.37073,1.635,0.072,1.912,1.615,2.946,2.730,2.790,2.828,3.238,3.238,0
0.6756,0.48224,0.20584,1.4765,0.23947,0.0047368,0.39022,0.46125,0.015345,0.22107,3.611,1.643,3.822,0.351,0.346,1.580,4.262,4.079,1.030,4.262,0
0.76011,0.32121,0.0092741,1.4578,0.27406,0.011856,0.45359,0.76134,0.011399,0.39693,6.930,4.458,7.006,1.726,0.006,2.962,2.978,0.111,0.326,7.006,0
0.40225,0.11299,0.19851,1.5229,0.17861,0.0025375,0.28422,0.50442,0.029067,0.23537,0.737,0.812,1.057,2.136,3.163,2.916,4.204,3.416,0.841,4.204,0
0.96653,0.28187,0.0024568,1.5201,0.36608,0.010815,0.22166,0.33293,0.02838,0.34491,8.545,5.817,8.557,2.640,0.504,1.306,2.887,0.377,2.180,8.557,0
0.21576,0.31807,0.20715,1.375,0.38651,0.0028178,0.26102,0.13095,0.024949,0.36504,0.650,2.024,0.287,3.037,1.605,0.766,2.217,4.374,2.560,4.374,0
1.1868,0.42675,0.094103,1.0373,0.13661,0.0025472,0.36519,0.13205,0.0086454,0.11432,5.337,3.014,5.451,0.557,1.662,0.383,7.938,0.842,4.214,7.938,0
0.70162,0.1658,0.12322,1.5728,0.38897,0.0033498,0.34067,0.50015,0.019252,0.27465,3.452,1.509,3.670,0.450,2.677,2.197,3.813,2.340,0.047,3.813,0
0.23106,0.33364,0.22137,1.1139,0.36769,0.008948,0.47521,0.45385,0.015365,0.18966,0.432,1.097,0.755,2.332,0.686,1.431,5.906,5.866,0.446,5.906,0
0.23329,0.42975,0.11719,1.3229,0.27453,0.0041615,0.36403,0.14101,0.00505,0.37356,0.322,1.743,0.030,2.831,0.692,0.819,2.869,2.302,3.865,3.865,0
0.41612,0.45201,0.13458,1.145,0.25899,0.006721,0.36877,0.025755,0.0225,0.15865,1.955,0.216,2.225,1.392,0.233,1.868,5.850,2.800,3.772,5.850,0
0.35521,0.26338,0.20469,1.3816,0.066877,0.0079572,0.19168,0.4796,0.028528,0.37268,1.746,0.042,2.025,1.518,1.242,0.198,2.507,5.800,1.653,5.800,0
0.97842,0.17421,0.1613,1.2063,0.16398,0.0016563,0.17813,0.62952,0.013929,0.20566,4.084,2.030,4.271,0.080,2.937,2.573,5.243,2.167,1.304,5.243,0
0.62291,0.35887,0.17241,1.2773,0.32303,0.0056867,0.30039,0.71145,0.019678,0.25435,3.686,1.691,3.889,0.326,0.908,0.609,3.846,3.992,0.176,3.992,0
0.86485,0.087574,0.037579,1.534,0.21392,0.0041549,0.4474,0.55568,0.0047574,0.398,4.819,2.667,4.982,0.418,3.222,2.972,3.277,0.407,1.296,4.982,0
0.97185,0.18926,0.0055088,1.255,0.37734,0.0093098,0.47685,0.49077,0.015357,0.24172,7.815,5.222,7.859,2.294,1.902,0.665,4.842,0.298,0.358,7.859,0
0.14406,0.41689,0.084213,1.0019,0.37277,0.0015245,0.20291,0.50259,0.024382,0.15751,1.462,2.735,1.074,3.568,1.507,0.659,4.931,1.057,0.483,4.931,0
0.89375,0.48294,0.24021,1.5715,0.063518,0.011518,0.40124,0.42462,0.026678,0.19833,7.602,5.040,7.658,2.145,1.110,4.364,5.304,6.940,1.868,7.658,0
0.28826,0.34806,0.0084714,1.4892,0.2483,0.0042481,0.32702,0.68226,0.01518,0.17038,0.112,1.351,0.454,2.531,1.474,0.123,5.826,0.304,0.597,5.826,0
0.4892,0.37511,0.2108,1.2636,0.20784,0.011595,0.30002,0.60267,0.016557,0.31199,4.125,2.067,4.312,0.046,0.338,2.757,3.815,6.939,1.173,6.939,0
1.0338,0.19597,0.16383,1.2813,0.088872,0.011341,0.21144,0.21857,0.024554,0.27357,8.735,5.966,8.735,2.743,1.607,0.170,4.009,5.131,3.410,8.735,0
0.58872,0.27842,0.12372,1.078,0.23313,0.007774,0.33554,0.35404,0.010955,0.10802,3.653,1.657,3.855,0.354,1.671,0.147,9.251,2.147,2.192,9.251,0
0.8416,0.094029,0.11642,1.0319,0.090302,0.00013009,0.378,0.72726,0.027639,0.10238,2.253,0.461,2.507,1.221,3.509,3.472,7.904,0.879,1.073,7.904,0
0.47113,0.045213,0.12668,1.3055,0.27695,0.0029596,0.11592,0.39295,0.015082,0.3203,1.488,0.183,1.775,1.686,3.587,3.573,3.657,2.279,2.623,3.657,0
0.37583,0.28138,0.15913,1.3837,0.18572,0.0012912,0.43306,0.54027,0.0075591,0.15593,0.051,1.409,0.394,2.575,2.485,1.848,6.671,1.760,1.325,6.671,0
0.41114,0.20408,0.045065,1.1786,0.24911,0.010657,0.23333,0.46896,0.004341,0.13422,2.662,0.821,2.905,0.956,1.943,0.495,9.061,0.678,1.926,9.061,0
0.97443,0.42363,0.11199,1.205,0.34803,0.0078694,0.188,0.51185,0.0062453,0.30729,7.260,4.714,7.318,1.842,0.026,2.121,4.041,2.854,1.044,7.318,0
1.0116,0.020584,0.12238,1.2163,0.19705,0.007273,0.39508,0.40196,0.020845,0.11411,6.818,4.359,6.900,1.648,3.732,3.747,8.210,2.193,1.582,8.210,0
0.81101,0.46841,0.13181,1.512,0.33011,0.0074678,0.30676,0.7026,0.013757,0.23569,5.813,3.516,5.939,0.998,0.278,2.573,4.598,3.161,0.029,5.939,0
1.1256,0.072875,0.22604,1.2672,0.16846,0.0086898,0.41794,0.26063,0.018537,0.1714,8.235,5.535,8.253,2.428,3.201,2.804,6.372,5.334,2.760,8.253,0
0.51033,0.31154,0.091956,1.3026,0.34523,0.0014625,0.16025,0.73568,0.010726,0.29619,1.295,0.349,1.589,1.806,2.036,1.401,3.379,1.285,0.250,3.379,0
0.249,0.15461,0.053063,1.2119,0.25262,0.0078284,0.31487,0.26558,0.015583,0.17518,0.403,1.115,0.730,2.367,2.495,1.634,6.360,0.900,2.894,6.360,0
0.99707,0.14787,0.045215,1.4836,0.20318,0.0069277,0.13212,0.3927,0.017986,0.18283,6.803,4.356,6.890,1.602,2.616,1.838,5.952,0.627,3.012,6.890,0
0.69772,0.023837,0.012664,1.549,0.062426,0.0063587,0.21185,0.13429,0.017697,0.15645,4.110,2.080,4.306,0.031,3.713,3.712,6.859,0.210,4.490,6.859,0
0.93124,0.27632,0.10629,1.0801,0.18233,0.0002122,0.13834,0.043628,0.015332,0.3536,3.111,1.185,3.331,0.703,2.495,2.148,2.607,1.275,4.266,4.266,0
0.67363,0.38095,0.17441,1.2376,0.052579,0.0093213,0.3111,0.2407,0.027625,0.3936,5.346,3.098,5.482,0.688,0.106,2.211,2.286,5.350,3.164,5.482,0
0.73444,0.23229,0.22766,1.2497,0.28634,0.0097806,0.32908,0.62452,0.023781,0.21413,5.967,3.632,6.081,1.080,1.438,0.043,5.001,6.568,0.323,6.568,0
0.40033,0.46328,0.23972,1.0451,0.29846,0.00076067,0.12216,0.039225,0.014548,0.38407,0.279,1.238,0.605,2.468,1.303,0.563,1.854,3.979,2.623,3.979,0
0.92188,0.21106,0.011005,1.1431,0.35525,0.0080636,0.35402,0.58959,0.029308,0.29222,7.148,4.623,7.212,1.809,1.726,0.613,3.382,0.114,0.078,7.212,0
0.83833,0.49388,0.187,1.3932,0.38157,0.011495,0.46062,0.4005,0.024018,0.28751,7.618,5.054,7.671,2.167,1.684,4.870,3.441,6.453,0.541,7.671,0
0.87781,0.18294,0.1739,1.3134,0.1678,0.0053192,0.15764,0.60008,0.012111,0.31725,5.382,3.133,5.519,0.714,2.401,1.624,3.629,3.774,1.519,5.519,0
0.87486,0.34215,0.24198,1.0538,0.38053,0.005869,0.47794,0.48238,0.017794,0.3821,5.901,3.563,6.012,1.081,0.870,0.650,2.427,6.389,0.104,6.389,0
0.90877,0.10378,0.09871,1.1176,0.36223,0.0084683,0.1274,0.077745,0.008103,0.35119,7.051,4.531,7.116,1.707,2.809,2.254,3.638,2.693,4.206,7.116,0
0.7787,0.18828,0.043157,1.4028,0.20041,0.0098637,0.3511,0.094017,0.018337,0.20056,6.206,3.845,6.315,1.244,1.945,0.660,5.640,0.813,4.439,6.315,0
0.42566,0.42828,0.21702,1.5566,0.22607,0.0090207,0.46381,0.72613,0.019269,0.15633,2.573,0.789,2.831,0.839,0.055,3.155,6.519,5.140,0.563,6.519,0
0.53926,0.23477,0.14343,1.4652,0.27507,0.0048032,0.20182,0.567,0.01809,0.14373,2.496,0.699,2.752,1.035,2.191,1.221,6.813,2.433,0.755,6.813,0
0.18543,0.25209,0.16348,1.1134,0.1135,0.0085992,0.29979,0.7495,0.029226,0.37003,0.114,1.572,0.227,2.709,1.261,0.137,2.569,4.827,1.275,4.827,0
0.66984,0.32554,0.11093,1.5444,0.36028,0.010984,0.12541,0.29544,0.0065537,0.33575,5.824,3.518,5.948,0.990,0.207,1.933,4.041,3.447,3.037,5.948,0
0.54216,0.24259,0.22886,1.0634,0.21365,0.0011689,0.32129,0.78251,0.0053115,0.23365,1.270,0.388,1.560,1.850,2.618,2.155,4.925,3.221,0.685,4.925,0
0.19077,0.22072,0.10779,1.1057,0.32067,0.0023406,0.23506,0.4776,0.0046168,0.31693,0.985,2.323,0.613,3.264,2.483,1.956,3.770,1.723,1.123,3.770,0
1.0865,0.41332,0.18469,1.4138,0.3752,0.0074371,0.48873,0.79764,0.012464,0.38089,8.128,5.475,8.160,2.419,0.136,2.873,2.365,5.201,1.065,8.160,0
1.1664,0.24043,0.21249,1.1077,0.056084,0.0041142,0.24359,0.69817,0.016118,0.20211,6.343,3.884,6.424,1.186,2.280,1.370,5.231,3.586,1.914,6.424,0
0.15898,0.43083,0.20783,1.5672,0.098131,0.0096683,0.12425,0.55171,0.0072733,0.28538,0.423,1.817,0.064,2.878,0.286,2.872,4.621,5.564,2.404,5.564,0
1.05,0.40338,0.048862,1.3185,0.085808,0.0032853,0.16376,0.67549,0.015754,0.19509,5.325,3.094,5.467,0.694,1.386,0.011,4.875,0.402,1.776,5.467,0
0.30109,0.32895,0.015771,1.0733,0.2921,0.004358,0.49499,0.1331,0.012593,0.18739,0.296,1.216,0.624,2.443,1.570,0.311,5.593,0.137,3.991,5.593,0
0.24966,0.2657,0.21764,1.0697,0.21488,0.010162,0.45972,0.37616,0.016807,0.30188,0.905,0.697,1.209,2.053,1.017,0.786,3.797,6.649,1.671,6.649,0
0.86584,0.39005,0.015002,1.2032,0.19868,0.0037797,0.11503,0.023009,0.027128,0.28233,4.708,2.558,4.870,0.300,1.068,0.225,2.860,0.127,5.161,5.161,0
0.61015,0.26856,0.22815,1.3508,0.39667,0.011274,0.15122,0.63847,0.017012,0.10363,5.006,2.831,5.164,0.507,1.156,0.714,9.338,5.687,0.094,9.338,0
0.16126,0.40913,0.054341,1.2944,0.13954,0.0045055,0.12159,0.43176,0.027091,0.30605,0.956,2.291,0.583,3.235,0.761,0.757,2.595,0.844,2.921,3.235,0
0.18628,0.4211,0.24866,1.2633,0.15981,0.0067703,0.13013,0.60162,0.025609,0.37893,0.365,1.782,0.013,2.861,0.061,1.825,2.162,6.690,1.200,6.690,0
0.3977,0.29268,0.16804,1.0072,0.31015,0.0023197,0.38871,0.32379,0.017075,0.27407,0.700,0.876,1.010,2.202,2.025,1.319,3.531,2.972,1.744,3.531,0
0.96796,0.30449,0.17653,1.4059,0.20405,0.011303,0.34525,0.77492,0.017207,0.34981,8.405,5.692,8.420,2.586,0.344,1.728,3.315,5.872,0.846,8.420,0
0.34233,0.44118,0.17353,1.2179,0.25355,0.0018972,0.30273,0.36533,0.0076984,0.34133,0.114,1.371,0.449,2.560,1.209,0.153,2.710,2.893,1.872,2.893,1
0.81349,0.24747,0.22699,1.2218,0.33814,0.0023001,0.41699,0.48101,0.020672,0.16402,3.578,1.601,3.785,0.381,2.377,1.763,5.720,3.749,0.228,5.720,0
0.69409,0.1226,0.17463,1.3206,0.32869,0.0071924,0.15736,0.56191,0.0070486,0.36535,4.823,2.655,4.981,0.365,2.706,2.103,3.495,4.627,0.905,4.981,0
0.17759,0.44961,0.22861,1.253,0.14967,0.0019548,0.26006,0.57456,0.025847,0.12544,1.226,2.521,0.842,3.402,1.453,0.257,5.780,3.015,1.009,5.780,0
0.21219,0.071649,0.027642,1.2284,0.39483,0.0017175,0.21594,0.30187,0.028546,0.22287,0.888,2.233,0.517,3.192,3.456,3.415,4.545,0.082,2.348,4.545,0
1.1208,0.13339,0.18963,1.3348,0.095953,0.0084567,0.17155,0.75478,0.018114,0.30936,8.330,5.602,8.341,2.442,2.539,1.749,3.672,5.114,1.770,8.341,0
0.62668,0.05479,0.13845,1.0655,0.35412,0.00859,0.40981,0.34964,0.0082853,0.24844,4.612,2.463,4.774,0.235,3.347,3.103,5.111,3.628,1.632,5.111,0
0.37852,0.4413,0.18861,1.0857,0.14342,0.011173,0.40461,0.50392,0.024107,0.1167,2.449,0.639,2.700,1.066,0.279,3.223,8.325,4.544,1.521,8.325,0
1.0158,0.38133,0.010923,1.4178,0.21001,0.010254,0.10043,0.23622,0.0091012,0.13652,7.812,5.199,7.855,2.197,0.411,2.036,8.712,0.197,4.517,8.712,0
0.70661,0.15727,0.045863,1.2369,0.35371,0.0014919,0.11158,0.48441,0.0047188,0.24871,2.532,0.701,2.777,1.049,2.987,2.719,4.912,0.361,2.757,4.912,0
0.42462,0.35953,0.21229,1.5863,0.17604,0.0041738,0.41963,0.46031,0.007033,0.25719,1.316,0.311,1.616,1.765,1.355,0.068,4.372,3.905,1.611,4.372,0
0.97592,0.16766,0.020805,1.5151,0.27874,0.0098228,0.34544,0.29219,0.016307,0.1654,7.717,5.128,7.767,2.185,2.189,1.037,6.741,0.115,2.591,7.767,0
0.44593,0.35627,0.21489,1.1127,0.15615,0.00077963,0.43995,0.63831,0.0065914,0.35811,0.502,1.043,0.820,2.315,2.009,1.371,2.755,3.124,1.296,3.124,0
0.12525,0.20571,0.19431,1.25,0.31856,0.0093314,0.43728,0.12959,0.020758,0.24711,0.833,2.184,0.464,3.156,1.718,0.445,4.471,5.645,2.960,5.645,0
0.69383,0.024073,0.10962,1.1743,0.28536,0.0079657,0.11445,0.30054,0.027865,0.13244,4.873,2.705,5.031,0.410,3.680,3.664,7.114,2.360,3.067,7.114,0
0.45558,0.23019,0.064139,1.1708,0.39336,0.00033028,0.22601,0.63145,0.0066815,0.17197,0.457,1.073,0.780,2.338,2.754,2.475,6.283,0.530,0.073,6.283,0
1.0733,0.4973,0.17724,1.2785,0.26605,0.011194,0.33718,0.11472,0.020477,0.37236,9.263,6.413,9.240,3.081,1.617,4.469,2.705,6.106,3.292,9.263,0
0.53682,0.38878,0.13531,1.5868,0.35079,0.0027387,0.17057,0.61278,0.01433,0.30226,1.975,0.248,2.249,1.369,1.237,0.126,2.997,2.434,0.349,2.997,1
0.83297,0.40735,0.19869,1.2836,0.30706,0.0040247,0.3197,0.23654,0.0066093,0.21235,4.456,2.349,4.630,0.150,1.078,0.384,5.193,3.655,2.782,5.193,0
0.5617,0.057901,0.13962,1.3898,0.14694,0.009353,0.29787,0.24679,0.025948,0.26128,4.258,2.187,4.442,0.038,3.266,2.958,4.145,3.905,2.989,4.442,0
0.10618,0.070893,0.067972,1.5339,0.2354,0.0013768,0.21229,0.34501,0.0061179,0.29189,1.780,3.003,1.378,3.761,3.497,3.449,4.332,0.710,2.664,4.332,0
0.57194,0.04993,0.040911,1.5493,0.34994,0.00063494,0.25466,0.77975,0.0060493,0.30337,1.371,0.279,1.665,1.758,3.630,3.674,4.213,0.236,0.247,4.213,0
0.98369,0.41706,0.094846,1.2243,0.14021,0.0088056,0.29336,0.13629,0.020605,0.17795,7.326,4.781,7.385,1.907,0.138,2.192,5.891,2.070,4.063,7.385,0
0.99844,0.45553,0.12131,1.3296,0.10289,0.0015529,0.43843,0.63621,0.018436,0.19341,4.081,2.038,4.272,0.044,1.459,0.304,4.267,1.415,1.370,4.272,0
0.99055,0.10158,0.23801,1.0505,0.092474,0.0060669,0.1461,0.32942,0.0085817,0.27684,6.315,3.907,6.409,1.260,3.059,2.630,4.513,5.146,2.983,6.409,0
0.3023,0.1089,0.23119,1.1253,0.15507,0.011933,0.40951,0.25787,0.023503,0.14767,1.741,0.033,2.019,1.524,2.678,1.845,6.962,6.309,2.783,6.962,0
0.80171,0.12329,0.030532,1.4246,0.18347,0.0023609,0.38913,0.58083,0.027379,0.28207,3.562,1.595,3.773,0.388,3.094,2.836,3.520,0.143,0.739,3.773,0
1.1792,0.40891,0.028018,1.347,0.37359,0.0043653,0.47576,0.10017,0.010592,0.38306,7.137,4.565,7.187,1.706,0.676,0.839,2.466,0.245,4.213,7.187,0
0.81299,0.047137,0.091577,1.0563,0.34767,0.0058322,0.4135,0.5227,0.017415,0.22353,5.218,2.982,5.357,0.624,3.502,3.397,5.105,1.887,0.283,5.357,0
0.10899,0.16932,0.037222,1.0785,0.079539,0.00841,0.45283,0.41539,0.010185,0.18058,1.198,2.506,0.819,3.397,2.397,1.371,6.627,0.442,2.424,6.627,0
0.82527,0.38952,0.20652,1.4672,0.23361,0.0052607,0.10215,0.35889,0.01862,0.16167,4.854,2.706,5.019,0.419,1.000,0.683,5.900,3.899,2.562,5.900,0
0.25597,0.049095,0.081419,1.2905,0.16329,0.0065278,0.10454,0.31877,0.017251,0.25237,0.287,1.215,0.618,2.440,3.466,3.314,4.578,1.625,3.673,4.578,0
0.45295,0.26751,0.072868,1.557,0.1698,0.0096742,0.24337,0.45652,0.010276,0.17987,2.975,1.116,3.216,0.727,1.331,0.480,6.787,1.455,2.056,6.787,0
1.0878,0.31333,0.068797,1.053,0.23033,0.007331,0.23591,0.25201,0.026287,0.10132,7.420,4.858,7.474,1.956,1.347,0.249,8.080,1.082,3.057,8.080,0
0.51564,0.1965,0.23853,1.5051,0.29878,0.0068694,0.44911,0.60064,0.0065782,0.11088,2.764,0.941,3.014,0.826,2.367,1.325,9.437,4.207,0.545,9.437,0
0.48037,0.30153,0.22986,1.1665,0.14358,0.0054819,0.44546,0.021133,0.0052638,0.22228,2.142,0.371,2.403,1.278,1.654,0.283,5.515,4.427,3.303,5.515,0
0.25365,0.40176,0.056433,1.392,0.38188,0.0015443,0.22149,0.6994,0.010308,0.16677,0.668,2.033,0.302,3.039,1.618,0.716,5.637,0.491,0.141,5.637,0
1.161,0.46933,0.18021,1.3399,0.22458,0.0095193,0.20236,0.23847,0.01531,0.26839,8.937,6.093,8.917,2.780,0.712,3.275,4.241,5.096,3.032,8.937,0
0.31951,0.17515,0.10996,1.3996,0.21565,0.0011554,0.36494,0.73137,0.013546,0.31414,0.257,1.682,0.094,2.783,2.903,2.609,3.414,1.481,0.541,3.414,0
0.30481,0.19806,0.08569,1.4902,0.18287,0.0055747,0.22196,0.28166,0.015841,0.10695,0.424,1.073,0.758,2.322,2.489,1.564,8.616,1.071,3.081,8.616,0
0.1595,0.34036,0.12858,1.3188,0.26354,0.010646,0.20847,0.18542,0.022579,0.14343,0.313,1.725,0.041,2.811,0.470,1.732,7.172,3.240,3.425,7.172,0
0.14723,0.22824,0.0019623,1.0297,0.10694,0.0087602,0.20665,0.083089,0.017473,0.27829,0.628,2.017,0.269,3.039,1.640,0.292,4.068,0.414,4.814,4.814,0
0.60499,0.33453,0.24626,1.0999,0.13746,0.0044206,0.48788,0.64969,0.010337,0.2925,2.927,1.030,3.154,0.777,1.465,0.045,3.627,4.931,1.465,4.931,0
1.1628,0.022209,0.18783,1.3853,0.14363,0.011128,0.22799,0.18028,0.0040035,0.13031,8.673,5.869,8.664,2.615,3.682,3.623,8.877,3.920,3.787,8.877,0
0.22337,0.3003,0.2425,1.3374,0.36805,0.0015015,0.46243,0.36811,0.017845,0.24309,0.859,2.204,0.488,3.169,2.096,1.484,3.851,4.139,0.799,4.139,0
0.9951,0.49362,0.03827,1.2068,0.36877,0.0009743,0.13719,0.56481,0.02002,0.15444,4.012,1.971,4.203,0.120,1.236,0.317,4.784,0.166,1.304,4.784,0
0.49673,0.34716,0.05154,1.5081,0.37778,0.0066694,0.26475,0.25711,0.02993,0.36772,3.048,1.164,3.281,0.698,0.559,0.997,2.242,1.144,2.528,3.281,0
0.51966,0.43924,0.080954,1.1142,0.23101,0.002467,0.37363,0.66982,0.025678,0.21998,1.670,0.034,1.948,1.579,1.142,0.032,3.549,1.121,0.342,3.549,0
0.34487,0.37464,0.013632,1.2488,0.1556,0.010579,0.13257,0.4435,0.007943,0.21862,2.012,0.266,2.280,1.359,0.203,2.209,6.097,0.064,3.247,6.097,0
0.85872,0.10842,0.005277,1.0477,0.22336,0.011847,0.15929,0.44188,0.021263,0.37329,7.770,5.135,7.804,2.138,2.506,1.733,3.020,0.264,2.409,7.804,0
0.1177,0.2305,0.03749,1.0311,0.077996,0.0045942,0.20656,0.32862,0.0082187,0.32002,1.395,2.680,1.010,3.529,2.188,1.294,3.679,0.373,3.383,3.679,0
0.37758,0.11594,0.11962,1.3659,0.17794,0.0098193,0.35264,0.096632,0.011008,0.37291,2.390,0.591,2.644,1.120,2.587,1.830,3.335,3.511,4.156,4.156,0
0.66812,0.37112,0.079144,1.5064,0.12651,0.0056781,0.38984,0.6182,0.020236,0.16092,3.733,1.755,3.942,0.263,1.116,0.629,5.960,1.182,1.410,5.960,0
0.23761,0.046644,0.059657,1.4497,0.17569,0.0078832,0.37742,0.10693,0.0048697,0.3948,0.338,1.167,0.668,2.405,3.428,3.249,3.404,1.301,4.412,4.412,0
0.30525,0.027145,0.21357,1.0527,0.081232,0.0049564,0.42317,0.50203,0.022625,0.3078,0.498,1.047,0.817,2.320,3.684,3.701,3.609,4.620,1.594,4.620,0
0.55392,0.020757,0.13869,1.1035,0.11278,0.0025381,0.29667,0.75273,0.016151,0.23083,1.835,0.098,2.104,1.492,3.777,3.857,5.031,2.037,1.357,5.031,0
1.1067,0.41799,0.21595,1.4856,0.29377,0.010144,0.48275,0.53076,0.021645,0.32378,9.185,6.357,9.170,3.035,0.699,3.649,2.945,6.961,0.500,9.185,0
0.9802,0.20187,0.10496,1.2156,0.35474,0.011533,0.36154,0.26872,0.028596,0.18471,8.566,5.833,8.575,2.702,1.547,0.103,5.602,3.156,2.228,8.575,0
0.96405,0.26898,0.13521,1.4481,0.11658,0.0024112,0.39775,0.30125,0.023743,0.35494,4.620,2.497,4.790,0.276,2.129,1.404,2.455,2.283,2.474,4.790,0
0.79096,0.39392,0.044941,1.3804,0.30178,0.0068151,0.13846,0.68869,0.0079716,0.24724,5.339,3.103,5.480,0.694,0.528,1.381,4.797,0.709,1.058,5.480,0
0.26869,0.14747,0.14356,1.1503,0.27721,0.0069567,0.2883,0.73447,0.025335,0.30013,0.597,0.956,0.914,2.256,2.487,1.787,3.460,3.738,0.082,3.738,0
0.9964,0.1543,0.077759,1.4922,0.13698,0.0082577,0.46484,0.34825,0.022894,0.34931,7.591,5.040,7.647,2.165,2.288,1.391,3.042,1.969,2.164,7.647,0
0.76756,0.27341,0.042329,1.2054,0.19888,0.0097791,0.383,0.67182,0.019514,0.10731,5.792,3.489,5.915,0.996,1.392,0.371,8.777,0.565,1.039,8.777,0
0.87575,0.1526,0.16646,1.3824,0.11601,0.0057533,0.36051,0.68607,0.016319,0.26782,5.480,3.225,5.616,0.794,2.634,1.941,4.196,3.530,1.512,5.616,0
1.0386,0.32025,0.034912,1.4446,0.13644,0.0090146,0.15454,0.10166,0.010257,0.15471,7.559,4.988,7.613,2.048,1.074,0.941,7.589,0.366,4.697,7.613,0
0.37281,0.16739,0.23377,1.1017,0.17474,0.0053112,0.4104,0.04223,0.0075226,0.18072,1.092,0.531,1.391,1.943,2.673,1.960,6.586,4.272,3.139,6.586,0
0.80017,0.052145,0.082773,1.5642,0.060255,0.0077386,0.26352,0.64376,0.022258,0.16779,5.478,3.243,5.621,0.809,3.432,3.203,6.267,1.495,1.892,6.267,0
1.0992,0.27527,0.048375,1.3354,0.3716,0.0067793,0.10969,0.43602,0.02124,0.21309,7.801,5.178,7.841,2.162,1.427,0.086,4.825,0.856,2.704,7.841,0
0.14663,0.43372,0.039998,1.0752,0.18581,0.0080137,0.26044,0.050678,0.018901,0.16076,0.763,2.128,0.398,3.117,0.220,2.018,6.381,0.544,4.852,6.381,0
0.26152,0.19531,0.19549,1.5205,0.20343,0.0031643,0.44358,0.70896,0.026951,0.18687,0.308,1.715,0.048,2.795,2.594,1.985,5.054,3.335,0.382,5.054,0
0.42395,0.4774,0.17946,1.4698,0.28605,0.010285,0.45179,0.65352,0.0063804,0.33093,3.032,1.160,3.266,0.607,1.089,4.413,3.897,5.447,0.559,5.447,0
0.88891,0.36312,0.049073,1.5892,0.15884,0.004437,0.41145,0.29115,0.015477,0.36154,5.136,2.942,5.288,0.609,1.088,0.321,2.592,0.702,2.761,5.288,0
0.95421,0.27419,0.12199,1.4907,0.23129,0.011887,0.31603,0.40951,0.026848,0.16367,8.253,5.580,8.280,2.502,0.826,1.191,6.357,3.436,1.404,8.280,0
0.46836,0.49042,0.21954,1.5596,0.12734,0.0086721,0.29209,0.7538,0.015238,0.10392,2.699,0.892,2.954,0.879,0.017,2.777,9.258,3.979,1.601,9.258,0
0.68631,0.3249,0.021312,1.1504,0.31398,0.0038707,0.24628,0.77416,0.01929,0.28516,3.506,1.527,3.712,0.452,1.493,0.424,3.316,0.031,0.090,3.712,0
0.75461,0.29629,0.043907,1.3986,0.37435,0.0019081,0.32509,0.77048,0.01369,0.20731,3.058,1.165,3.288,0.703,2.094,1.398,4.816,0.351,0.720,4.816,0
0.30059,0.3872,0.2403,1.4874,0.24727,0.0080295,0.21848,0.36118,0.023145,0.30033,1.143,0.467,1.447,1.887,0.125,1.888,3.211,6.760,1.648,6.760,0
0.92652,0.3521,0.16285,1.1836,0.33889,0.0072978,0.44861,0.13853,0.025043,0.10068,6.410,4.020,6.509,1.423,0.975,0.839,8.079,3.313,3.274,8.079,0
0.78346,0.4197,0.21571,1.4557,0.18625,0.00011503,0.42816,0.2683,0.01869,0.1758,2.115,0.364,2.383,1.281,1.944,1.265,4.545,2.494,2.506,4.545,0
0.74314,0.084735,0.22544,1.1204,0.059158,0.010154,0.19233,0.12992,0.027572,0.10939,5.657,3.370,5.784,0.890,3.072,2.525,8.053,4.982,3.277,8.053,0
0.47784,0.30333,0.23361,1.2131,0.072725,0.0088956,0.29475,0.40153,0.025567,0.25569,3.222,1.298,3.443,0.606,0.901,0.886,4.002,6.353,1.938,6.353,0
0.47455,0.18309,0.24565,1.5033,0.067088,0.0031844,0.25602,0.20555,0.02753,0.10707,1.276,0.335,1.581,1.776,2.817,2.213,7.575,3.239,2.937,7.575,0
0.85431,0.39052,0.042116,1.4558,0.31794,0.0055888,0.38682,0.47545,0.012836,0.38584,5.544,3.279,5.678,0.841,0.550,1.078,2.559,0.688,0.734,5.678,0
0.39391,0.16277,0.0029288,1.4864,0.21621,0.011045,0.19274,0.16692,0.021776,0.2762,2.877,1.021,3.118,0.801,1.971,0.776,4.066,0.368,4.114,4.114,0
0.37776,0.18348,0.14558,1.0937,0.072437,0.010624,0.25517,0.66014,0.028364,0.29936,2.591,0.749,2.833,1.012,1.791,0.548,3.491,4.521,1.731,4.521,0
0.58501,0.24976,0.071849,1.1792,0.17353,0.0062168,0.13474,0.73677,0.010303,0.3946,3.493,1.514,3.699,0.465,1.694,0.546,2.908,1.501,1.578,3.699,0
0.12457,0.46753,0.21618,1.3871,0.33556,0.0098814,0.24276,0.50638,0.014116,0.21922,0.818,2.165,0.448,3.139,0.720,3.321,5.394,6.100,0.648,6.100,0
0.24457,0.37332,0.053501,1.1798,0.23479,0.004874,0.27179,0.42379,0.017301,0.13758,0.187,1.624,0.160,2.741,1.283,0.224,6.793,0.597,1.669,6.793,0
0.5759,0.10681,0.18556,1.0896,0.19575,0.0091611,0.42621,0.28325,0.016075,0.11906,3.990,1.946,4.180,0.130,2.919,2.272,8.396,3.912,2.628,8.396,0
0.73763,0.4785,0.15735,1.2356,0.2021,0.005289,0.36227,0.17322,0.022857,0.34118,4.454,2.340,4.625,0.143,0.014,1.847,2.288,3.639,3.430,4.625,0
0.39259,0.26295,0.048654,1.0167,0.089779,0.003347,0.4467,0.60998,0.024063,0.30172,0.888,0.714,1.192,2.065,2.086,1.271,3.074,0.572,1.378,3.074,0
0.10173,0.3748,0.19924,1.2428,0.16808,0.0060749,0.3405,0.1271,0.015207,0.38958,1.406,2.684,1.018,3.528,0.659,0.981,2.515,4.919,3.317,4.919,0
0.82643,0.37077,0.089713,1.0022,0.23234,0.011723,0.26734,0.42301,0.029392,0.16987,7.220,4.678,7.279,1.821,0.085,2.444,6.006,2.519,1.442,7.279,0
0.5309,0.31621,0.17858,1.5762,0.39623,0.0011264,0.10739,0.29513,0.026343,0.32876,1.413,0.237,1.707,1.724,1.957,1.402,2.358,3.106,2.399,3.106,0
0.72435,0.047697,0.13498,1.1831,0.156,0.0061029,0.26831,0.38428,0.02222,0.36707,4.647,2.500,4.810,0.253,3.465,3.348,3.002,3.259,1.966,4.810,0
0.63406,0.3361,0.092795,1.4538,0.08627,0.010126,0.4669,0.62011,0.0080077,0.31909,5.021,2.834,5.175,0.542,0.397,2.296,3.965,2.451,2.246,5.175,0
1.064,0.084255,0.24488,1.2781,0.27222,0.0036427,0.15641,0.58202,0.023108,0.34545,6.123,3.762,6.230,1.169,3.259,3.076,3.066,5.306,0.552,6.230,0
0.99697,0.36295,0.0017935,1.2886,0.18881,0.011775,0.25629,0.057862,0.028941,0.20871,8.633,5.885,8.639,2.696,0.145,2.541,5.020,0.410,4.865,8.639,0
0.20213,0.35115,0.10436,1.1875,0.11547,0.0082803,0.22452,0.48389,0.016484,0.35022,0.002,1.468,0.341,2.632,0.493,1.396,3.047,2.713,1.896,3.047,0
0.15791,0.078151,0.13762,1.068,0.29283,0.0070946,0.28611,0.77343,0.0076447,0.21314,0.708,2.084,0.346,3.087,3.209,2.868,5.866,3.044,0.234,5.866,0
0.83023,0.20365,0.22006,1.5721,0.24153,0.0040576,0.46814,0.094854,0.017637,0.26485,4.546,2.445,4.723,0.271,2.375,1.635,3.982,4.429,2.838,4.723,0
1.1539,0.26871,0.11435,1.1309,0.37347,0.004491,0.12184,0.27887,0.016805,0.20196,6.974,4.431,7.033,1.583,1.876,0.898,5.120,2.173,3.000,7.033,0
0.92237,0.34364,0.23249,1.4981,0.21195,0.011599,0.20816,0.79039,0.010233,0.11584,7.457,4.906,7.517,1.992,0.593,1.847,9.761,5.217,1.099,9.761,0
0.33941,0.37423,0.090893,1.4641,0.37486,0.0034881,0.16588,0.30099,0.010127,0.14524,0.408,1.094,0.741,2.342,1.440,0.184,6.799,1.241,2.696,6.799,0
0.14801,0.36345,0.23588,1.4315,0.22371,0.0073416,0.27116,0.38177,0.017602,0.16664,0.828,2.170,0.456,3.139,0.817,1.098,6.229,5.175,1.650,6.229,0
1.0311,0.17371,0.15758,1.3338,0.24927,0.0095576,0.22863,0.78526,0.028755,0.24481,8.339,5.640,8.358,2.516,2.000,0.891,4.227,4.624,0.293,8.358,0
0.84759,0.029169,0.13359,1.5251,0.27714,0.00039564,0.2156,0.55332,0.024913,0.35678,2.897,1.029,3.134,0.802,3.744,3.841,3.011,1.919,0.401,3.841,0
0.25319,0.30824,0.075918,1.0978,0.34439,0.0087591,0.35524,0.50496,0.019436,0.1383,0.618,0.934,0.935,2.237,1.054,0.687,7.296,1.575,0.462,7.296,0
1.0296,0.41742,0.18398,1.5695,0.30965,0.0076145,0.44954,0.36072,0.023614,0.20486,7.581,5.040,7.641,2.166,0.075,2.209,4.645,4.600,1.223,7.641,0
0.52983,0.48848,0.11876,1.4335,0.17738,0.0057605,0.17463,0.57866,0.013082,0.22091,2.744,0.903,2.988,0.891,0.146,1.999,4.648,2.258,1.495,4.648,0
0.59785,0.49538,0.15034,1.2231,0.26101,0.0014795,0.40788,0.34652,0.0049402,0.20351,1.731,0.015,2.006,1.549,1.219,0.067,4.806,1.984,2.008,4.806,0
0.95834,0.027297,0.17821,1.4118,0.13899,0.0089753,0.33242,0.46089,0.0081135,0.23491,7.191,4.671,7.258,1.836,3.629,3.561,5.399,4.351,1.982,7.258,0
0.45138,0.14154,0.12657,1.3291,0.065079,0.0041233,0.48343,0.41908,0.023732,0.39225,1.650,0.044,1.931,1.569,2.800,2.334,2.557,2.524,1.671,2.800,1
0.49652,0.2614,0.15817,1.5364,0.1237,0.0041041,0.47149,0.43334,0.026728,0.318,2.046,0.312,2.318,1.301,1.903,0.924,2.830,3.203,1.262,3.203,0
0.28235,0.33584,0.037944,1.4848,0.15367,0.0057173,0.46565,0.38813,0.017377,0.30897,0.425,1.088,0.753,2.333,1.097,0.499,3.195,0.499,1.908,3.195,0
0.94398,0.39518,0.10662,1.4772,0.22714,0.011585,0.28523,0.55645,0.0066748,0.32096,8.159,5.484,8.185,2.404,0.473,3.053,4.370,3.246,1.461,8.185,0
0.60953,0.45593,0.23568,1.5876,0.092107,0.011691,0.13312,0.12136,0.010137,0.30297,5.247,3.034,5.395,0.645,0.988,3.877,4.443,7.260,3.434,7.260,0
0.77728,0.31403,0.029682,1.0748,0.13596,0.0018283,0.32023,0.27258,0.026528,0.3323,3.125,1.197,3.344,0.693,1.976,1.271,2.426,0.108,2.928,3.344,0
1.0895,0.094245,0.14476,1.5692,0.38608,0.0075743,0.38952,0.66058,0.018672,0.32574,8.232,5.556,8.258,2.463,2.928,2.464,3.466,4.006,0.527,8.258,0
1.0155,0.49037,0.08199,1.5187,0.34098,0.0053308,0.4188,0.51426,0.011109,0.19318,6.403,4.021,6.507,1.414,0.163,1.960,5.260,1.396,0.484,6.507,0
0.77674,0.18238,0.21265,1.2747,0.22569,0.0035454,0.46916,0.0075915,0.013176,0.27385,3.890,1.865,4.085,0.170,2.614,2.035,4.076,4.045,3.038,4.085,0
0.69795,0.23161,0.1454,1.1915,0.32781,0.002133,0.38573,0.7429,0.027791,0.32832,2.912,1.022,3.142,0.816,2.360,1.861,2.676,2.669,0.637,3.142,0
0.65954,0.11711,0.19241,1.5157,0.22666,0.011184,0.32827,0.11983,0.021064,0.34495,5.831,3.526,5.954,1.004,2.439,1.585,3.264,6.489,3.203,6.489,0
0.29045,0.42913,0.1682,1.4205,0.23393,0.0050944,0.39497,0.56152,0.018591,0.18549,0.329,1.168,0.662,2.398,0.698,1.113,5.100,3.215,0.785,5.100,0
1.0062,0.48815,0.18986,1.4845,0.32355,0.0021211,0.26927,0.65121,0.021787,0.11129,4.608,2.505,4.785,0.280,1.081,0.213,6.302,2.632,0.085,6.302,0
1.1191,0.23439,0.21675,1.4986,0.3164,0.00084229,0.33887,0.31166,0.018127,0.11723,4.498,2.385,4.674,0.127,2.713,2.308,7.327,2.679,1.750,7.327,0
0.68592,0.15541,0.17108,1.4064,0.19221,0.0082418,0.31276,0.068921,0.021848,0.31709,5.092,2.894,5.243,0.547,2.295,1.401,3.410,4.763,3.478,5.243,0
0.92386,0.32389,0.16943,1.0518,0.12582,0.00071534,0.43758,0.54546,0.022037,0.34434,3.356,1.393,3.566,0.539,2.160,1.628,2.348,2.436,1.128,3.566,0
0.94155,0.37791,0.074785,1.4236,0.39215,0.0095978,0.47223,0.11928,0.0063214,0.22507,7.564,5.015,7.621,2.142,0.139,2.314,5.823,1.795,3.947,7.621,0
0.62992,0.40548,0.036087,1.2778,0.31064,0.0099962,0.30137,0.52004,0.015599,0.23829,5.083,2.880,5.232,0.532,0.231,2.594,4.898,0.698,0.785,5.232,0
0.61395,0.088998,0.10271,1.3721,0.096601,0.0088205,0.45152,0.59022,0.0051303,0.33362,4.439,2.334,4.614,0.162,2.986,2.458,3.998,2.544,2.231,4.614,0
1.027,0.13868,0.12173,1.2118,0.30242,0.0086331,0.26079,0.14957,0.011759,0.28324,7.904,5.260,7.937,2.238,2.475,1.665,4.308,3.251,3.715,7.937,0
0.59881,0.18987,0.047715,1.5508,0.055428,0.0106,0.33827,0.089438,0.025115,0.29674,4.952,2.786,5.112,0.474,1.718,0.351,3.624,1.159,4.559,5.112,0
0.30255,0.42375,0.22392,1.0828,0.281,0.0093124,0.39784,0.016539,0.021363,0.30402,1.447,0.231,1.731,1.727,0.412,2.767,3.296,6.799,2.709,6.799,0
0.86018,0.06939,0.1733,1.2462,0.35726,0.0088711,0.21748,0.35607,0.011618,0.31611,6.814,4.340,6.892,1.577,3.150,2.793,3.903,5.052,1.735,6.892,0
0.97785,0.27207,0.23159,1.3143,0.11965,0.0032695,0.2449,0.3813,0.013518,0.23503,4.952,2.774,5.107,0.459,2.129,1.215,4.502,3.918,2.161,5.107,0
0.75196,0.13831,0.078532,1.445,0.29597,0.011225,0.23533,0.65289,0.01665,0.26791,6.601,4.174,6.692,1.465,2.249,1.223,4.424,2.283,0.590,6.692,0
0.95536,0.32011,0.16587,1.3944,0.057638,0.011907,0.17529,0.54129,0.023644,0.37504,8.443,5.721,8.456,2.566,0.056,2.132,2.837,5.716,1.976,8.456,0
0.81835,0.34267,0.15573,1.2389,0.37867,0.00089912,0.14731,0.66612,0.020979,0.14797,2.918,1.039,3.151,0.797,2.057,1.462,5.609,2.118,0.005,5.609,0
1.0976,0.37822,0.064651,1.221,0.25237,0.0010859,0.45599,0.39846,0.017466,0.1234,4.432,2.334,4.608,0.142,1.991,1.212,6.576,0.464,1.322,6.576,0
0.31777,0.077454,0.1295,1.1955,0.37632,0.0069677,0.24798,0.18287,0.028564,0.26868,1.168,0.462,1.465,1.892,3.144,2.834,3.885,3.400,3.091,3.885,0
0.77094,0.25453,0.22182,1.3602,0.31865,0.011757,0.15304,0.65854,0.011228,0.36377,6.995,4.496,7.066,1.687,0.807,0.993,3.490,7.650,0.666,7.650,0
1.1365,0.19743,0.2081,1.5059,0.23147,0.0039805,0.38844,0.26947,0.011048,0.12151,6.161,3.777,6.265,1.136,2.632,1.897,8.216,3.023,2.621,8.216,0
0.458,0.26525,0.070959,1.0363,0.08222,0.011899,0.43281,0.035742,0.0045434,0.15692,3.411,1.448,3.622,0.496,1.289,0.736,8.455,1.433,4.792,8.455,0
1.0489,0.058021,0.086878,1.1896,0.31546,0.0050104,0.34159,0.62621,0.0047834,0.28549,6.524,4.094,6.612,1.416,3.437,3.297,4.599,1.631,0.479,6.612,0
0.48088,0.30762,0.13977,1.1108,0.058642,0.010401,0.20998,0.15575,0.023058,0.17841,3.501,1.533,3.711,0.438,0.842,1.180,6.019,3.523,3.970,6.019,0
0.96038,0.35443,0.22279,1.394,0.21293,0.010185,0.14419,0.37751,0.013225,0.20095,7.685,5.088,7.731,2.117,0.374,1.889,6.027,5.913,2.288,7.731,0
0.91437,0.10066,0.21967,1.3199,0.26538,0.0069464,0.21437,0.36633,0.0045189,0.38862,6.422,4.010,6.516,1.339,2.941,2.474,3.419,5.701,2.047,6.516,0
1.0629,0.3601,0.10826,1.0685,0.22344,0.0081451,0.24056,0.59146,0.024585,0.23943,7.948,5.294,7.978,2.263,0.504,1.368,4.167,2.726,0.881,7.978,0
0.37442,0.12397,0.0086289,1.0046,0.32402,0.0038589,0.49008,0.46796,0.028694,0.14616,0.872,0.723,1.178,2.057,3.027,2.679,6.327,0.294,0.294,6.327,0
0.21673,0.42557,0.22839,1.3532,0.13272,0.0065947,0.35917,0.63883,0.016184,0.3666,0.089,1.540,0.255,2.680,0.162,1.832,2.616,5.766,1.450,5.766,0
0.94072,0.41906,0.1562,1.0145,0.18876,0.0052784,0.36367,0.251,0.013779,0.26815,5.783,3.456,5.898,0.951,0.682,1.000,3.803,3.264,2.951,5.898,0
1.1805,0.49325,0.020447,1.2267,0.059448,0.0036902,0.48631,0.74139,0.019724,0.34351,6.414,3.943,6.490,1.251,0.427,1.551,1.911,0.021,1.678,6.490,0
0.63931,0.34172,0.11822,1.0335,0.10085,0.011461,0.2955,0.76064,0.027301,0.14117,5.298,3.055,5.436,0.662,0.429,1.853,7.087,2.988,1.611,7.087,0
0.34165,0.04198,0.036233,1.1213,0.16115,0.00091338,0.20019,0.55037,0.0066187,0.20069,0.246,1.683,0.100,2.789,3.697,3.744,6.160,0.056,1.785,6.160,0
1.0028,0.17178,0.19129,1.569,0.22055,0.0054378,0.47988,0.63051,0.014709,0.32194,6.445,4.067,6.546,1.470,2.441,1.694,3.478,4.359,0.776,6.546,0
0.52324,0.45932,0.009886,1.5154,0.082504,0.0034727,0.40919,0.66491,0.0083207,0.21053,1.829,0.128,2.110,1.448,1.032,0.678,4.903,0.297,1.968,4.903,0
0.55669,0.19393,0.22378,1.5013,0.39828,0.0046034,0.36286,0.77127,0.020092,0.37944,2.896,1.026,3.133,0.801,2.260,1.567,2.653,5.450,1.193,5.450,0
1.0659,0.26467,0.2192,1.0781,0.19936,0.0097084,0.43125,0.70981,0.021698,0.31866,8.598,5.867,8.606,2.714,1.043,0.695,3.350,6.722,0.800,8.606,0
0.17227,0.36607,0.036808,1.1464,0.12154,0.0016542,0.24368,0.64085,0.012126,0.2236,1.284,2.579,0.901,3.450,1.902,1.003,4.365,0.127,1.566,4.365,0
0.75017,0.12348,0.16472,1.0794,0.064378,0.0092496,0.36947,0.37096,0.028774,0.21031,5.764,3.451,5.883,0.955,2.633,1.871,4.926,4.308,2.155,5.883,0
1.1671,0.2761,0.1742,1.407,0.33072,0.010784,0.10667,0.33061,0.012205,0.11529,9.006,6.156,8.986,2.827,1.195,0.711,9.223,4.019,2.704,9.223,0
0.854,0.26491,0.2083,1.234,0.1275,0.0069197,0.27375,0.51623,0.0082374,0.2197,5.620,3.332,5.746,0.856,1.701,0.298,5.551,4.419,1.936,5.746,0
0.86645,0.47827,0.22416,1.5364,0.083632,0.010937,0.40002,0.68312,0.027678,0.11165,6.920,4.469,7.007,1.736,0.585,3.975,8.201,5.172,1.734,8.201,0
1.1026,0.29873,0.18108,1.5433,0.15416,0.002404,0.26695,0.24884,0.013375,0.21944,5.297,3.074,5.445,0.645,2.099,1.214,4.645,2.686,3.048,5.445,0
0.58776,0.48395,0.20863,1.2938,0.08709,0.010616,0.34375,0.31153,0.014355,0.32283,4.799,2.636,4.958,0.355,1.074,3.977,3.608,6.325,2.819,6.325,0
1.0071,0.2454,0.0076569,1.1336,0.09275,0.0078204,0.18649,0.71887,0.017084,0.26183,7.223,4.683,7.282,1.822,1.631,0.265,4.269,0.258,1.838,7.282,0
0.82107,0.15123,0.1403,1.3978,0.39298,0.010924,0.49285,0.16064,0.0058144,0.22325,7.002,4.536,7.081,1.797,2.209,1.090,5.935,3.988,3.407,7.081,0
0.88692,0.41341,0.078673,1.37,0.11033,0.0018655,0.45303,0.14434,0.014928,0.33597,3.738,1.740,3.940,0.266,1.422,0.361,2.474,0.985,4.033,4.033,0
0.59049,0.21475,0.0085137,1.5012,0.05541,0.00087581,0.33392,0.63023,0.010945,0.15225,1.228,0.396,1.528,1.837,2.919,2.480,6.732,0.370,1.983,6.732,0
0.94029,0.055597,0.20276,1.0509,0.18328,0.0005316,0.12858,0.3394,0.0066383,0.37143,3.321,1.361,3.532,0.578,3.614,3.651,3.419,2.912,2.802,3.651,0
1.0913,0.35465,0.019929,1.0941,0.25826,0.0088884,0.31771,0.70181,0.027828,0.29354,8.596,5.841,8.599,2.658,0.275,1.621,3.263,0.193,0.344,8.599,0
0.5446,0.14727,0.094904,1.0883,0.30755,0.0042759,0.41504,0.20211,0.019242,0.25135,2.549,0.709,2.791,1.046,2.777,2.298,4.280,1.769,3.083,4.280,0
0.58895,0.2237,0.09901,1.2996,0.35043,0.0015778,0.13964,0.48509,0.0085083,0.35551,1.899,0.159,2.168,1.446,2.518,2.089,3.089,1.496,1.727,3.089,0
1.1404,0.3139,0.12931,1.3453,0.15355,0.0012786,0.40538,0.17872,0.011461,0.27851,4.839,2.627,4.986,0.280,2.167,1.483,3.571,1.700,3.652,4.986,0
1.145,0.40742,0.046361,1.1361,0.14301,0.0107,0.4897,0.18717,0.014309,0.34625,9.261,6.387,9.232,3.030,0.487,3.260,3.304,1.159,3.710,9.261,0
0.79526,0.15039,0.0047036,1.5934,0.27339,0.0098894,0.11386,0.62483,0.029991,0.23406,6.624,4.208,6.719,1.496,2.203,1.190,4.405,0.315,1.858,6.719,0
0.81793,0.20863,0.041784,1.5912,0.39894,0.0068236,0.29054,0.49216,0.013896,0.10094,5.375,3.164,5.525,0.756,2.199,1.121,9.145,0.415,0.404,9.145,0
0.78878,0.055865,0.090099,1.154,0.11328,0.0015307,0.37933,0.61077,0.011301,0.38449,2.964,1.062,3.190,0.791,3.574,3.571,3.133,1.177,1.551,3.574,0
0.56409,0.28294,0.10663,1.0123,0.089345,0.0011014,0.34634,0.17661,0.011536,0.2127,1.300,0.367,1.587,1.836,2.479,1.899,4.857,1.112,3.882,4.857,0
1.0556,0.33515,0.15897,1.3316,0.20198,0.0087808,0.19934,0.46706,0.0041737,0.33527,8.011,5.352,8.040,2.298,0.617,1.325,3.991,4.274,1.966,8.040,0
0.20001,0.022061,0.062067,1.1388,0.054862,0.0038123,0.2283,0.79052,0.022798,0.15677,0.782,2.142,0.416,3.124,3.760,3.814,6.551,0.641,1.693,6.551,0
0.22803,0.062806,0.22684,1.1401,0.177,0.011791,0.1623,0.11767,0.025302,0.31039,0.906,0.691,1.212,2.062,3.098,2.681,3.538,7.729,2.982,7.729,0
0.53241,0.18545,0.11337,1.0085,0.30128,0.0044155,0.26328,0.41166,0.021223,0.1285,2.342,0.537,2.594,1.169,2.596,1.943,7.232,1.832,1.288,7.232,0
0.45426,0.40778,0.18409,1.5686,0.23695,0.00084658,0.41556,0.39916,0.028798,0.15371,0.558,0.959,0.887,2.237,1.760,0.950,4.692,2.373,0.898,4.692,0
0.49061,0.23043,0.078476,1.2408,0.065522,0.0059241,0.38829,0.42554,0.016608,0.24676,2.422,0.616,2.674,1.098,2.037,0.939,4.434,1.384,2.108,4.434,0
1.1715,0.4085,0.17151,1.0565,0.18951,0.0012694,0.4798,0.27504,0.018444,0.18749,4.897,2.644,5.031,0.293,1.735,0.849,4.551,2.282,2.523,5.031,0
0.30374,0.17917,0.077705,1.3785,0.28421,0.0013067,0.11666,0.23397,0.014938,0.1741,0.371,1.776,0.015,2.849,2.922,2.595,5.928,0.790,3.732,5.928,0
0.66434,0.032243,0.1781,1.2335,0.24359,0.01075,0.25995,0.23765,0.013217,0.38999,5.712,3.403,5.832,0.902,3.505,3.377,3.143,5.863,2.971,5.863,0
0.12371,0.28914,0.043118,1.2495,0.23171,0.00054532,0.31033,0.45414,0.012627,0.24178,1.731,2.966,1.333,3.736,2.423,1.959,4.107,0.211,1.326,4.107,0
0.37893,0.33342,0.0075389,1.2365,0.15763,0.0089592,0.32233,0.10215,0.017589,0.39891,2.247,0.461,2.504,1.220,0.438,1.425,2.645,0.219,4.496,4.496,0
1.1274,0.45443,0.009474,1.543,0.32523,0.0063798,0.49409,0.058005,0.024172,0.13379,7.570,4.996,7.623,2.050,0.218,2.106,6.293,0.253,4.700,7.623,0
0.23466,0.035854,0.22515,1.3713,0.14413,0.0079983,0.4806,0.48952,0.019508,0.31767,0.341,1.166,0.670,2.371,3.535,3.432,3.602,6.113,1.469,6.113,0
0.56615,0.034296,0.12813,1.5472,0.19348,0.001779,0.21774,0.090956,0.0087663,0.10436,1.444,0.200,1.741,1.689,3.732,3.774,9.472,1.157,4.100,9.472,0
1.137,0.3818,0.20972,1.4324,0.14384,0.0055514,0.47195,0.75197,0.010111,0.18485,6.943,4.439,7.013,1.627,1.094,0.944,5.867,3.829,1.365,7.013,0
0.18479,0.44731,0.097381,1.0132,0.091351,0.0084854,0.25301,0.32358,0.0059338,0.27341,0.238,1.682,0.107,2.794,0.052,2.429,4.752,2.216,3.224,4.752,0
0.10831,0.26423,0.23067,1.5347,0.075247,0.0091448,0.23168,0.69995,0.018787,0.27509,1.109,2.415,0.728,3.322,1.217,0.470,4.050,6.283,1.928,6.283,0
1.0466,0.12198,0.097203,1.4793,0.3398,0.001926,0.48512,0.27213,0.017188,0.39335,5.100,2.908,5.252,0.620,3.094,2.896,2.712,1.589,2.188,5.252,0
1.024,0.42921,0.21869,1.0926,0.2849,7.6442e-05,0.23429,0.046452,0.004851,0.20093,3.466,1.492,3.673,0.477,1.888,1.278,4.868,2.726,2.989,4.868,0
0.58201,0.078936,0.053725,1.0429,0.20677,0.0012461,0.3867,0.2821,0.013117,0.16024,1.497,0.194,1.777,1.707,3.499,3.441,6.796,0.340,2.785,6.796,0
0.73159,0.42158,0.027919,1.2611,0.054482,0.0035668,0.4432,0.64615,0.021878,0.30478,3.523,1.550,3.731,0.414,0.992,0.514,2.635,0.124,1.669,3.731,0
1.0705,0.44949,0.14334,1.1543,0.10484,0.0095872,0.44098,0.080077,0.014094,0.1156,7.777,5.180,7.820,2.226,0.134,2.698,9.066,2.756,4.059,9.066,0
0.88868,0.11828,0.0064374,1.43,0.16667,0.0054209,0.40213,0.43913,0.017148,0.16658,5.300,3.083,5.447,0.713,3.000,2.502,6.427,0.337,1.597,6.427,0
0.36065,0.058674,0.041451,1.4079,0.154,0.0053267,0.49123,0.29675,0.018264,0.18657,1.017,0.575,1.325,1.953,3.447,3.275,5.898,0.425,2.657,5.898,0
0.78777,0.3998,0.046807,1.0988,0.12488,0.0073965,0.16784,0.45095,0.0061409,0.38027,5.473,3.191,5.600,0.743,0.317,1.648,3.194,0.870,2.832,5.600,0
0.43445,0.3349,0.10414,1.3604,0.19556,0.0020292,0.28481,0.16233,0.0064687,0.29035,0.801,0.770,1.114,2.113,1.893,1.016,3.693,1.428,3.873,3.873,0
0.73565,0.29026,0.19391,1.4507,0.15548,0.0028845,0.39245,0.13327,0.006418,0.30009,3.220,1.302,3.444,0.605,2.017,1.102,3.760,3.277,3.521,3.760,0
0.41164,0.47995,0.16989,1.2878,0.26621,0.009572,0.2111,0.30674,0.015546,0.20116,2.637,0.806,2.883,0.962,0.649,3.276,5.698,4.472,2.434,5.698,0
0.13091,0.30399,0.11496,1.1773,0.28329,0.00067844,0.30562,0.45468,0.020775,0.27159,1.648,2.895,1.253,3.685,2.246,1.775,3.230,1.545,0.703,3.685,0
0.6128,0.10924,0.06784,1.3149,0.12054,0.00097195,0.15227,0.02256,0.0077864,0.1258,1.390,0.267,1.681,1.748,3.408,3.264,8.341,0.335,4.771,8.341,0
0.83668,0.29241,0.058895,1.4814,0.09901,0.007166,0.32996,0.26683,0.017496,0.31026,5.809,3.508,5.933,0.993,1.223,0.330,3.422,1.160,3.204,5.933,0
0.62377,0.42091,0.24135,1.5471,0.33025,0.010075,0.45863,0.35771,0.026769,0.17721,5.054,2.883,5.213,0.588,0.423,3.159,5.546,6.867,1.066,6.867,0
1.0934,0.30117,0.13693,1.0404,0.069082,0.0081287,0.18378,0.27846,0.022423,0.23973,7.925,5.272,7.955,2.235,1.117,0.547,4.369,3.320,3.241,7.955,0
0.67799,0.36682,0.18458,1.4796,0.12297,0.011397,0.26164,0.20259,0.012436,0.3598,5.910,3.587,6.028,1.041,0.242,2.652,3.457,5.968,3.544,6.028,0
1.1081,0.46425,0.010629,1.0175,0.27163,0.0052029,0.21167,0.35968,0.018325,0.11548,6.705,4.244,6.786,1.491,0.657,1.177,7.387,0.261,2.470,7.387,0
0.48784,0.22527,0.20544,1.2502,0.27615,0.011983,0.45653,0.68677,0.0053638,0.37925,4.218,2.153,4.402,0.134,1.161,0.790,3.631,6.978,0.594,6.978,0
0.79687,0.35251,0.070308,1.1931,0.11381,0.0091309,0.10632,0.73343,0.0069162,0.11927,5.605,3.321,5.732,0.847,1.016,1.144,9.518,1.025,2.657,9.518,0
0.34684,0.25518,0.11169,1.1164,0.14471,0.008683,0.47817,0.37207,0.027312,0.11189,1.572,0.109,1.856,1.609,1.636,0.031,7.826,2.205,1.865,7.826,0
0.67488,0.42055,0.094335,1.0317,0.19007,0.010254,0.16401,0.59975,0.026859,0.16878,5.426,3.160,5.557,0.729,0.219,2.652,5.964,2.374,1.199,5.964,0
0.51408,0.36116,0.16368,1.1068,0.33361,0.0060939,0.27641,0.79919,0.023177,0.13924,2.752,0.896,2.991,0.899,1.026,0.561,6.499,3.366,0.519,6.499,0
0.53614,0.16484,0.16739,1.4303,0.35272,0.0060438,0.26843,0.29134,0.012653,0.33353,3.110,1.209,3.338,0.675,2.408,1.673,3.471,4.136,2.157,4.136,0
0.13467,0.036287,0.1459,1.0589,0.07284,0.010067,0.42487,0.76181,0.0099571,0.33554,0.658,2.043,0.298,3.058,3.495,3.344,3.774,4.173,2.247,4.173,0
0.89608,0.36434,0.1211,1.0238,0.22072,0.0042874,0.45777,0.20876,0.028137,0.34083,5.240,2.997,5.376,0.657,1.081,0.184,2.316,2.558,3.022,5.376,0
0.71946,0.25168,0.17312,1.5292,0.38141,0.011361,0.40741,0.19381,0.0087732,0.18943,6.199,3.845,6.310,1.266,1.147,0.704,6.772,4.867,3.020,6.772,0
0.87608,0.24626,0.20888,1.0322,0.15811,0.0032366,0.46199,0.070459,0.027429,0.19804,4.359,2.254,4.532,0.113,2.273,1.520,4.660,3.658,3.039,4.660,0
0.74658,0.02883,0.24647,1.5322,0.059682,0.0049773,0.15874,0.71974,0.021293,0.3816,4.299,2.226,4.483,0.066,3.661,3.663,2.929,5.583,1.734,5.583,0
0.30301,0.077237,0.098281,1.4441,0.36927,0.011544,0.23208,0.60439,0.021402,0.1416,1.728,0.045,2.014,1.506,3.016,2.462,7.234,2.564,0.160,7.234,0
0.93899,0.23926,0.23581,1.1104,0.3421,0.011101,0.10908,0.32086,0.025466,0.31475,8.293,5.583,8.308,2.463,1.041,0.529,3.373,8.111,2.058,8.308,0
0.19457,0.36149,0.12509,1.2797,0.22771,0.010535,0.43115,0.058996,0.025723,0.1958,0.195,1.291,0.530,2.493,0.123,2.275,5.312,3.490,3.899,5.312,0
0.5352,0.2365,0.03097,1.3426,0.21639,0.0040155,0.33622,0.63658,0.0053907,0.35143,2.312,0.520,2.568,1.179,2.147,1.301,3.415,0.233,1.157,3.415,0
0.5781,0.082019,0.21251,1.5132,0.2924,0.00077282,0.46886,0.20936,0.008401,0.10553,1.233,0.386,1.535,1.824,3.515,3.468,9.251,2.280,2.952,9.251,0
0.79496,0.48605,0.10917,1.3746,0.18104,0.0074443,0.11524,0.011986,0.015869,0.26345,5.584,3.311,5.715,0.845,0.361,2.720,3.929,2.522,4.264,5.715,0
0.99213,0.15284,0.14518,1.2185,0.24624,0.011921,0.41458,0.51844,0.0068339,0.1458,8.172,5.504,8.196,2.470,2.281,1.081,8.333,3.550,1.365,8.333,0
0.90444,0.1432,0.23038,1.4931,0.30854,0.0032923,0.19122,0.26654,0.021274,0.28025,4.816,2.668,4.980,0.387,2.862,2.464,3.718,4.646,2.252,4.980,0
0.55436,0.19827,0.044499,1.4941,0.068752,0.0066912,0.16824,0.71075,0.023823,0.39581,3.416,1.471,3.633,0.484,2.026,1.035,2.508,0.812,1.696,3.633,0
0.75526,0.095231,0.072583,1.4113,0.34788,0.0010746,0.12725,0.66848,0.01603,0.38924,2.757,0.901,2.997,0.900,3.329,3.262,2.827,0.950,0.790,3.329,0
0.51348,0.34813,0.0070074,1.2017,0.20083,0.011835,0.30482,0.22185,0.014253,0.11625,4.049,2.010,4.242,0.087,0.497,1.916,9.329,0.284,3.567,9.329,0
0.82061,0.33283,0.11984,1.2927,0.087223,0.001256,0.41567,0.3401,0.02914,0.1888,2.918,1.042,3.152,0.788,2.127,1.388,4.288,1.409,2.130,4.288,0
0.66653,0.38415,0.22148,1.5999,0.34705,0.0033706,0.34267,0.18619,0.011748,0.18636,3.026,1.153,3.263,0.704,1.315,0.031,5.357,3.893,2.650,5.357,0
0.39193,0.073708,0.019376,1.3256,0.20659,0.0044956,0.43233,0.32231,0.016105,0.29262,1.205,0.424,1.503,1.857,3.326,3.127,3.933,0.016,2.357,3.933,0
0.74774,0.26713,0.24099,1.0646,0.33859,0.010713,0.45922,0.17067,0.025396,0.30108,6.559,4.124,6.644,1.481,0.815,0.944,3.478,8.057,2.300,8.057,0
0.15334,0.15172,0.21071,1.5707,0.26071,0.00098506,0.15621,0.14151,0.020634,0.38887,1.453,2.717,1.061,3.548,3.004,2.802,2.536,3.511,2.897,3.548,0
1.079,0.42495,0.011894,1.3699,0.12978,0.001129,0.10357,0.46414,0.0096566,0.36175,4.458,2.352,4.632,0.154,1.536,0.633,2.377,0.267,3.783,4.632,0
1.0069,0.28497,0.14209,1.5916,0.085577,0.0086247,0.49376,0.29767,0.026245,0.39706,7.852,5.274,7.903,2.342,0.884,0.907,2.333,4.145,2.589,7.903,0
0.89871,0.1492,0.095888,1.3045,0.26062,0.0033974,0.36064,0.61761,0.028015,0.23703,4.771,2.621,4.934,0.355,2.833,2.409,4.144,1.632,0.247,4.934,0
0.72215,0.28111,0.13326,1.082,0.23052,0.0034544,0.14198,0.10125,0.012801,0.33611,3.517,1.530,3.721,0.454,1.906,1.032,3.083,2.503,3.951,3.951,0
0.91107,0.29895,0.17897,1.1376,0.32645,0.00032737,0.473,0.20621,0.025449,0.32253,3.253,1.310,3.468,0.584,2.280,1.920,2.482,2.759,2.708,3.468,0
1.1411,0.12817,0.062501,1.0308,0.050536,0.0065817,0.21479,0.15235,0.023069,0.39107,7.761,5.098,7.788,2.067,2.708,2.136,2.681,1.307,4.177,7.788,0
1.1481,0.43704,0.026318,1.5988,0.20028,0.0064771,0.25137,0.34742,0.015869,0.238,7.671,5.041,7.709,2.029,0.249,1.833,4.307,0.192,2.560,7.709,0
0.84392,0.042607,0.025443,1.5436,0.31282,0.0024128,0.24555,0.38945,0.0056509,0.26852,3.843,1.842,4.046,0.211,3.629,3.634,4.807,0.021,2.029,4.807,0
1.195,0.44619,0.17747,1.4056,0.11203,0.0025299,0.47899,0.69135,0.016022,0.12216,5.410,3.088,5.526,0.630,1.467,0.035,6.719,2.070,1.401,6.719,0
0.50479,0.43558,0.12792,1.0596,0.28908,0.002838,0.1081,0.60128,0.029262,0.10086,1.579,0.108,1.862,1.629,1.257,0.015,6.650,1.785,1.470,6.650,0
0.11476,0.10555,0.13002,1.49,0.25069,0.002061,0.17455,0.20685,0.011066,0.15055,1.682,2.915,1.282,3.693,3.306,3.107,7.199,1.583,3.450,7.199,0
0.35489,0.31834,0.081336,1.0775,0.26882,0.0056513,0.35378,0.76304,0.021707,0.23638,1.168,0.469,1.463,1.899,1.295,0.046,4.166,1.601,0.066,4.166,0
0.35014,0.43605,0.21835,1.4032,0.33162,0.0020049,0.44228,0.32782,0.029712,0.18675,0.214,1.269,0.550,2.473,1.199,0.123,3.900,3.717,1.225,3.900,0
0.57279,0.075282,0.028958,1.0193,0.32437,0.0087135,0.375,0.10308,0.013424,0.33756,4.266,2.163,4.439,0.003,3.095,2.718,3.577,0.482,4.272,4.439,0
0.44929,0.36613,0.10166,1.478,0.1655,0.005882,0.43506,0.55138,0.012877,0.1853,1.970,0.250,2.246,1.340,1.096,0.723,5.793,1.734,1.444,5.793,0
0.17997,0.2223,0.11707,1.0551,0.098866,0.0031088,0.28906,0.74653,0.0089464,0.36292,0.993,2.333,0.622,3.272,2.405,1.744,3.110,1.945,1.733,3.272,0
0.87165,0.16642,0.10134,1.2788,0.058047,0.00049953,0.15426,0.4861,0.017175,0.31121,2.814,0.945,3.049,0.869,3.061,2.841,3.312,1.096,2.427,3.312,0
0.12172,0.14245,0.16351,1.4948,0.19287,0.00011203,0.18822,0.086761,0.015526,0.37473,1.780,3.005,1.379,3.763,3.170,3.058,2.802,2.204,3.612,3.763,0
1.1785,0.20071,0.10788,1.2417,0.36949,0.011997,0.48934,0.64285,0.0068123,0.39248,10.019,7.015,9.956,3.477,1.388,0.495,3.385,3.690,0.083,10.019,0
1.0255,0.47348,0.047431,1.3215,0.31354,0.0072922,0.33527,0.61905,0.017646,0.17204,7.261,4.734,7.325,1.892,0.108,2.409,5.865,0.747,0.314,7.325,0
1.1103,0.29511,0.1504,1.324,0.27317,0.0048407,0.35718,0.30023,0.023907,0.16758,6.796,4.328,6.877,1.557,1.682,0.494,5.570,2.839,2.070,6.877,0
0.28744,0.22859,0.059004,1.1895,0.39985,0.010455,0.13046,0.76665,0.029509,0.16718,1.431,0.231,1.721,1.718,1.397,0.091,5.933,1.471,0.046,5.933,0
0.56505,0.13458,0.1527,1.5578,0.2795,0.0058752,0.4616,0.44316,0.02183,0.18155,3.152,1.261,3.384,0.608,2.778,2.173,5.732,3.141,0.735,5.732,0
0.24248,0.14137,0.18807,1.3382,0.39378,0.0067939,0.1903,0.62814,0.017884,0.1351,0.161,1.313,0.500,2.506,2.687,2.001,7.453,4.022,0.077,7.453,0
0.19573,0.10314,0.13365,1.5769,0.35235,0.0098994,0.13331,0.30821,0.026836,0.39742,0.236,1.248,0.572,2.460,2.638,1.994,2.639,4.470,2.480,4.470,0
1.1943,0.41402,0.069938,1.3878,0.25666,0.0089418,0.24438,0.52899,0.018644,0.13048,8.575,5.782,8.568,2.565,0.217,2.131,7.677,1.288,1.031,8.575,0
0.22685,0.39611,0.088605,1.0818,0.20615,0.0071104,0.39699,0.41672,0.021376,0.23202,0.093,1.392,0.428,2.576,0.456,1.484,4.280,1.934,1.409,4.280,0
0.1815,0.16101,0.019224,1.3046,0.33836,0.001233,0.29879,0.14718,0.0089382,0.31337,1.216,2.517,0.834,3.403,2.956,2.712,3.668,0.113,3.928,3.928,0
0.77156,0.096161,0.059419,1.1093,0.35006,0.0067441,0.10645,0.36751,0.024895,0.18008,5.234,3.002,5.374,0.618,3.038,2.625,5.720,1.113,3.104,5.720,0
0.70219,0.28407,0.15185,1.0716,0.18493,0.0026996,0.38178,0.53598,0.024676,0.30364,3.058,1.140,3.280,0.734,2.009,1.245,2.922,2.715,0.857,3.280,0
0.48728,0.30913,0.067027,1.3641,0.2254,0.0011065,0.4167,0.67767,0.0052441,0.27568,0.890,0.692,1.201,2.049,2.216,1.586,3.958,0.646,0.811,3.958,0
1.1313,0.30005,0.14424,1.4203,0.091639,0.0061635,0.16951,0.52552,0.010094,0.3912,7.447,4.848,7.492,1.889,1.302,0.126,2.866,3.315,2.141,7.492,0
1.1098,0.24658,0.19557,1.1691,0.38823,0.011712,0.28844,0.57097,0.012275,0.24426,9.500,6.588,9.462,3.173,1.046,0.696,5.162,6.271,0.124,9.500,0
0.59973,0.49791,0.026994,1.4045,0.39513,0.0016076,0.23238,0.34799,0.017046,0.36685,2.048,0.292,2.313,1.345,0.748,0.282,1.797,0.091,1.941,2.313,1
0.34042,0.38059,0.041179,1.2951,0.29725,0.011235,0.35855,0.20582,0.014289,0.18225,2.143,0.385,2.409,1.266,0.040,2.551,6.652,0.822,3.319,6.652,0
0.84314,0.074282,0.24899,1.1557,0.05027,0.010856,0.34773,0.58656,0.01491,0.13277,6.574,4.142,6.663,1.454,3.159,2.650,7.983,5.553,2.373,7.983,0
0.78175,0.080242,0.12964,1.1248,0.22184,0.0078856,0.17889,0.19458,0.020377,0.2041,5.611,3.320,5.736,0.846,3.138,2.745,5.402,3.063,3.490,5.736,0
0.42198,0.25585,0.075657,1.1111,0.19524,0.011326,0.2348,0.74258,0.027037,0.26085,3.293,1.351,3.509,0.574,0.943,0.799,4.082,2.244,0.913,4.082,0
0.91502,0.34197,0.14961,1.3621,0.05277,0.00365,0.30379,0.070936,0.024504,0.23459,4.753,2.610,4.918,0.346,1.575,0.347,3.815,2.524,3.898,4.918,0
0.89422,0.34836,0.10364,1.3074,0.34477,0.010112,0.23026,0.37042,0.0051543,0.15575,7.082,4.574,7.151,1.748,0.591,1.602,8.233,2.330,2.019,8.233,0
0.41451,0.4994,0.16245,1.1283,0.14433,0.0077113,0.27054,0.72194,0.027268,0.30238,2.322,0.521,2.574,1.177,0.670,2.979,2.789,4.348,1.090,4.348,0
0.5405,0.15771,0.077972,1.017,0.13517,0.0035014,0.37957,0.73963,0.024295,0.17435,2.077,0.306,2.337,1.336,2.864,2.385,5.643,1.023,1.003,5.643,0
0.55565,0.13729,0.22918,1.4135,0.076866,0.0081861,0.23154,0.17738,0.025066,0.27793,3.821,1.816,4.022,0.232,2.522,1.721,3.824,6.101,3.142,6.101,0
0.56785,0.2855,0.19231,1.1353,0.20262,0.0085119,0.32606,0.34391,0.022678,0.13556,3.847,1.827,4.043,0.226,1.345,0.305,7.175,4.304,1.987,7.175,0
0.26771,0.37745,0.030223,1.5286,0.2559,0.011037,0.41889,0.4221,0.02428,0.25401,1.285,0.339,1.586,1.777,0.305,2.906,4.150,0.594,1.177,4.150,0
0.70481,0.38527,0.11872,1.5637,0.38103,0.008092,0.41801,0.49907,0.020813,0.22884,5.248,3.043,5.398,0.686,0.185,1.998,4.416,3.052,0.125,5.398,0
0.68073,0.48471,0.024308,1.1526,0.14505,0.0084988,0.47038,0.37164,0.015258,0.11779,4.626,2.493,4.793,0.295,0.005,2.870,8.477,0.073,2.295,8.477,0
0.5001,0.066465,0.23689,1.5058,0.14489,0.0085533,0.19349,0.6228,0.026266,0.37216,3.504,1.554,3.720,0.416,3.169,2.836,2.861,7.073,1.250,7.073,0
0.75785,0.29145,0.0063176,1.3789,0.25332,0.011314,0.12959,0.28642,0.023241,0.35964,6.814,4.348,6.895,1.586,0.403,1.528,2.957,0.227,3.661,6.895,0
0.77895,0.28812,0.23301,1.261,0.34624,0.010222,0.28408,0.32018,0.016683,0.12489,6.227,3.857,6.332,1.241,1.080,0.782,8.277,5.753,1.747,8.277,0
0.78084,0.42187,0.16664,1.1039,0.25457,0.0033634,0.27576,0.54482,0.010922,0.12023,3.591,1.605,3.796,0.391,1.364,0.016,7.590,2.329,0.970,7.590,0
0.24127,0.21094,0.0025537,1.232,0.23927,0.010775,0.25751,0.56409,0.010203,0.25792,0.844,0.739,1.154,2.094,1.581,0.097,4.946,0.389,1.342,4.946,0
0.79144,0.091441,0.076331,1.5766,0.084694,0.0087676,0.24247,0.55805,0.017768,0.23929,5.916,3.606,6.038,1.063,2.979,2.420,4.807,1.674,1.923,6.038,0
0.96733,0.13526,0.13277,1.1211,0.088216,0.0079356,0.37633,0.14032,0.0073809,0.33825,6.964,4.458,7.032,1.690,2.595,1.844,3.785,3.275,4.171,7.032,0
1.0509,0.10584,0.23469,1.1019,0.13811,0.0022813,0.15957,0.54671,0.019971,0.29801,5.029,2.824,5.176,0.488,3.234,3.044,3.603,4.063,1.315,5.176,0
0.41343,0.40322,0.11736,1.33,0.24379,0.0084438,0.252,0.23697,0.017719,0.36566,2.529,0.709,2.778,1.036,0.123,2.208,2.776,3.301,3.046,3.301,0
0.66074,0.17134,0.12995,1.2442,0.086422,0.0013663,0.45369,0.78393,0.019303,0.38283,2.129,0.354,2.388,1.290,2.900,2.598,2.591,1.896,1.288,2.900,1
0.69137,0.29452,0.072677,1.5945,0.26502,0.0066972,0.18122,0.77559,0.018813,0.14451,4.355,2.293,4.543,0.125,1.473,0.050,6.851,1.179,0.542,6.851,0
0.37015,0.060936,0.22309,1.3125,0.21785,0.010892,0.25802,0.28949,0.024357,0.25589,2.553,0.734,2.802,1.014,3.173,2.790,4.308,7.000,2.343,7.000,0
0.80508,0.24593,0.06003,1.3895,0.31747,0.0085335,0.38035,0.34127,0.016008,0.11703,5.842,3.544,5.968,1.041,1.701,0.231,8.436,0.974,1.879,8.436,0
0.93526,0.12915,0.041027,1.1105,0.11835,0.00085608,0.17025,0.046172,0.014775,0.329,3.445,1.472,3.652,0.492,3.209,3.058,3.327,0.216,4.938,4.938,0
0.81952,0.17397,0.062362,1.1728,0.29388,0.0068989,0.20927,0.70008,0.027198,0.27292,5.789,3.473,5.907,0.957,2.254,1.420,3.713,1.356,0.232,5.907,0
0.47594,0.12659,0.18495,1.0236,0.21816,0.0014359,0.35606,0.52812,0.025879,0.13472,0.888,0.707,1.194,2.072,3.226,3.038,6.720,2.451,0.652,6.720,0
1.129,0.3364,0.0079896,1.2072,0.25228,0.0026434,0.21682,0.4955,0.011247,0.34865,5.839,3.482,5.947,0.904,1.664,0.744,2.822,0.305,1.519,5.947,0
0.80935,0.39682,0.15154,1.1396,0.28753,0.0091621,0.35934,0.33173,0.027022,0.15533,6.288,3.901,6.388,1.286,0.136,2.085,6.171,3.844,1.730,6.388,0
0.38616,0.1046,0.029295,1.5009,0.29351,0.0027758,0.46979,0.47203,0.018392,0.14513,0.607,0.920,0.933,2.200,3.247,3.012,6.925,0.046,0.637,6.925,0
0.73008,0.19109,0.10737,1.0846,0.15287,0.010021,0.45807,0.057507,0.022738,0.16412,5.746,3.439,5.867,0.984,1.971,0.690,6.409,2.580,4.225,6.409,0
0.129,0.28929,0.0033953,1.1802,0.25304,0.0039095,0.21729,0.72101,0.014867,0.17969,1.363,2.646,0.977,3.498,1.925,0.901,5.710,0.406,0.691,5.710,0
0.9323,0.39333,0.13382,1.3916,0.17528,0.010919,0.41069,0.60538,0.029239,0.14151,7.679,5.104,7.730,2.198,0.080,2.920,6.788,3.428,1.063,7.730,0
0.27221,0.2716,0.068128,1.096,0.17588,0.0060283,0.16744,0.33121,0.011033,0.3578,0.402,1.129,0.724,2.387,1.573,0.356,3.154,1.350,3.121,3.154,0
0.82772,0.43011,0.21717,1.5883,0.15294,0.0059732,0.49451,0.39623,0.0080862,0.14071,4.890,2.749,5.057,0.511,0.824,1.438,7.631,3.582,1.981,7.631,0
1.1424,0.45372,0.2249,1.1685,0.34577,0.0011129,0.21492,0.71492,0.019109,0.17651,4.941,2.712,5.083,0.340,1.408,0.533,4.504,3.390,0.314,5.083,0
0.84655,0.294,0.21291,1.3004,0.13014,0.0096898,0.14304,0.1636,0.022929,0.19288,6.655,4.218,6.743,1.498,0.978,0.900,5.534,5.568,3.276,6.743,0
1.1057,0.43902,0.24664,1.0618,0.35856,0.00073509,0.34324,0.41835,0.014611,0.23139,4.569,2.431,4.733,0.183,1.531,0.812,3.642,3.840,0.504,4.733,0
0.44715,0.11947,0.078298,1.2871,0.18857,0.0077521,0.1956,0.67249,0.018651,0.17395,2.495,0.687,2.747,1.046,2.817,2.161,6.234,1.505,1.213,6.234,0
0.95927,0.19171,0.24688,1.5909,0.24108,0.0063903,0.34111,0.084539,0.016199,0.28774,6.542,4.136,6.639,1.457,2.177,1.228,3.865,6.023,2.612,6.639,0
0.84435,0.39475,0.1212,1.245,0.29821,0.0073521,0.43968,0.35334,0.026319,0.2652,6.155,3.792,6.262,1.242,0.227,1.771,3.422,3.115,1.394,6.262,0
0.32807,0.43512,0.029205,1.29,0.26332,0.0089913,0.38007,0.0022753,0.029522,0.33283,1.725,0.020,2.003,1.536,0.597,2.932,2.548,0.537,4.995,4.995,0
0.37547,0.054317,0.15904,1.2715,0.16858,0.0014332,0.27494,0.12244,0.01856,0.10983,0.069,1.396,0.410,2.567,3.633,3.628,8.373,1.678,3.699,8.373,0
1.035,0.27553,0.23143,1.2674,0.35645,0.0089874,0.46406,0.10533,0.023331,0.19195,8.139,5.502,8.172,2.492,1.136,0.543,5.418,6.362,2.378,8.172,0
0.78099,0.31226,0.14571,1.2463,0.27961,0.0038256,0.19681,0.02921,0.0051916,0.22978,3.984,1.943,4.175,0.147,1.751,0.649,5.101,2.532,3.800,5.101,0
0.32955,0.24516,0.19609,1.565,0.0948,0.00028328,0.30524,0.74494,0.019533,0.3439,0.435,1.830,0.077,2.889,2.649,2.291,2.626,2.629,1.210,2.889,1
0.2971,0.33716,0.080465,1.3609,0.061584,0.011526,0.34754,0.45927,0.01381,0.13221,1.461,0.190,1.754,1.680,0.666,1.772,8.644,1.581,2.342,8.644,0
0.83713,0.37659,0.20599,1.1625,0.38127,0.0091002,0.1516,0.60789,0.01479,0.31562,6.755,4.286,6.833,1.535,0.033,1.987,3.561,6.246,0.306,6.833,0
0.46038,0.17217,0.18008,1.4728,0.28659,0.0068588,0.27946,0.42941,0.028328,0.11956,2.395,0.623,2.658,1.080,2.431,1.549,7.333,3.700,0.812,7.333,0
0.52068,0.11149,0.010426,1.5263,0.30819,0.0090717,0.25347,0.27344,0.012242,0.34255,3.848,1.846,4.051,0.209,2.672,1.992,3.557,0.127,2.948,4.051,0
0.85037,0.38311,0.029045,1.1314,0.19263,0.0022918,0.15,0.15536,0.0072782,0.24384,3.672,1.669,3.872,0.349,1.629,0.580,4.310,0.052,4.400,4.400,0
0.96267,0.15782,0.14097,1.2432,0.15638,0.010205,0.28162,0.0091227,0.024965,0.3966,8.087,5.416,8.113,2.357,2.033,1.004,2.655,4.575,3.839,8.113,0
0.9025,0.36889,0.21211,1.559,0.060552,0.0017704,0.19808,0.63195,0.010566,0.26673,3.627,1.659,3.838,0.341,1.827,0.824,3.672,2.993,1.974,3.838,0
0.81018,0.26789,0.21017,1.0871,0.11578,0.011977,0.27729,0.40605,0.012182,0.23749,7.004,4.492,7.071,1.681,0.937,1.024,5.387,6.227,2.294,7.071,0
0.79797,0.48026,0.18701,1.4113,0.21467,0.0040422,0.42882,0.15964,0.010612,0.13824,3.990,1.969,4.188,0.098,0.837,1.013,6.868,2.801,3.412,6.868,0
0.15596,0.1866,0.0067431,1.5852,0.31161,0.01041,0.38117,0.78328,0.025737,0.3255,0.275,1.689,0.079,2.784,1.670,0.401,3.242,0.223,0.310,3.242,0
1.0039,0.23574,0.051156,1.5331,0.37544,0.011658,0.38601,0.53802,0.011366,0.31844,8.878,6.111,8.878,2.905,1.042,0.683,3.993,1.438,0.348,8.878,0
0.42983,0.039498,0.084975,1.1318,0.31715,0.0054484,0.12255,0.42023,0.017124,0.16109,1.761,0.047,2.037,1.518,3.593,3.535,6.711,1.458,2.496,6.711,0
0.98445,0.080794,0.13215,1.3173,0.10735,0.0013853,0.22386,0.25978,0.0084698,0.37411,4.030,1.983,4.219,0.116,3.438,3.365,3.270,1.855,3.358,4.219,0
0.17937,0.26171,0.11467,1.5631,0.38728,0.011924,0.25589,0.46205,0.013504,0.17374,0.128,1.332,0.471,2.515,0.962,0.988,6.940,3.188,0.713,6.940,0
0.42711,0.32072,0.11601,1.0805,0.33529,0.0023123,0.23671,0.41367,0.012373,0.19489,0.875,0.719,1.181,2.083,1.940,1.126,5.186,1.720,1.375,5.186,0
1.0892,0.11313,0.079871,1.0545,0.075176,0.0013012,0.25163,0.43157,0.021568,0.26681,4.553,2.417,4.718,0.194,3.280,3.129,3.929,0.871,2.052,4.718,0
1.0948,0.47578,0.21526,1.5184,0.099258,0.0036292,0.16003,0.41029,0.012748,0.1042,5.482,3.249,5.626,0.794,1.176,0.615,8.048,2.561,2.474,8.048,0
0.19528,0.15892,0.038605,1.5223,0.30041,0.0022137,0.14047,0.44435,0.029675,0.24969,0.965,2.290,0.588,3.229,2.857,2.510,3.796,0.317,2.105,3.796,0
0.18459,0.45335,0.21347,1.0676,0.3411,0.0074788,0.22352,0.63412,0.0076078,0.14261,0.398,1.813,0.045,2.885,0.244,1.949,7.931,4.522,0.377,7.931,0
1.0345,0.11391,0.073607,1.502,0.18795,0.0085041,0.45076,0.15297,0.02119,0.20216,7.750,5.179,7.802,2.259,2.776,2.092,5.404,1.572,3.807,7.802,0
0.66818,0.27077,0.20054,1.3882,0.36355,0.0094885,0.40398,0.45701,0.020096,0.31231,5.456,3.203,5.592,0.788,0.934,0.725,3.477,6.270,0.379,6.270,0
0.74138,0.11232,0.11972,1.5869,0.2767,0.0071502,0.27622,0.73751,0.02546,0.15476,5.021,2.858,5.183,0.534,2.890,2.314,6.399,2.502,0.122,6.399,0
0.68121,0.32446,0.18886,1.5923,0.36829,0.002606,0.4928,0.36851,0.025261,0.31882,3.024,1.143,3.258,0.688,1.623,0.726,2.542,3.748,0.710,3.748,0
1.103,0.35276,0.0020328,1.4867,0.37134,0.0056346,0.37066,0.37281,0.027969,0.30127,7.526,4.947,7.578,2.009,0.803,0.652,2.841,0.416,1.175,7.578,0
0.88445,0.153,0.23054,1.5556,0.11685,0.0021457,0.49541,0.71111,0.0083089,0.27627,3.775,1.785,3.981,0.206,2.985,2.610,4.279,3.551,1.507,4.279,0
0.61456,0.26253,0.21647,1.0015,0.080227,0.0016723,0.45677,0.29336,0.020012,0.32417,1.955,0.191,2.216,1.426,2.365,1.795,2.862,3.458,2.603,3.458,0
0.38758,0.10607,0.10452,1.0367,0.39573,0.00672,0.42134,0.27119,0.0099438,0.14995,1.668,0.039,1.945,1.584,3.009,2.540,7.526,2.049,2.282,7.526,0
0.21802,0.13577,0.14041,1.1627,0.26002,0.0089245,0.39237,0.67389,0.029603,0.38073,0.378,1.146,0.702,2.395,2.376,1.611,2.642,4.372,0.238,4.372,0
0.77306,0.33369,0.033295,1.2401,0.36487,0.0079458,0.45731,0.62123,0.02484,0.35282,5.926,3.594,6.040,1.099,0.509,1.443,2.528,0.634,0.291,6.040,0
0.36863,0.43573,0.20159,1.3231,0.34184,0.00025707,0.41251,0.4869,0.021388,0.38717,0.067,1.523,0.276,2.669,1.511,0.945,1.603,3.211,0.096,3.211,0
0.88307,0.10007,0.0032991,1.5517,0.080715,0.0094169,0.22757,0.51096,0.0099109,0.35189,6.930,4.453,7.008,1.662,2.811,2.161,3.579,0.367,2.356,7.008,0
0.48716,0.33398,0.11759,1.089,0.31904,0.010491,0.38263,0.42333,0.025916,0.28078,3.917,1.881,4.108,0.185,0.195,1.866,3.675,3.717,0.767,4.108,0
0.68238,0.051859,0.15972,1.2817,0.32256,0.0062102,0.27928,0.2831,0.026475,0.2147,4.361,2.269,4.539,0.095,3.439,3.292,4.911,3.747,2.126,4.911,0
0.63749,0.24649,0.092132,1.318,0.14809,0.010885,0.11411,0.15448,0.0091099,0.29034,5.293,3.056,5.433,0.654,1.193,0.552,4.486,2.546,4.290,5.433,0
0.70401,0.10751,0.018236,1.4072,0.16633,0.0026317,0.3872,0.1484,0.022942,0.33892,3.039,1.144,3.268,0.720,3.171,2.947,3.057,0.089,3.958,3.958,0
1.1997,0.22277,0.18385,1.3098,0.35061,0.0032737,0.22724,0.50324,0.0043326,0.10738,6.097,3.668,6.184,1.032,2.551,1.854,9.351,2.539,0.777,9.351,0
0.64621,0.37565,0.17086,1.5181,0.22987,0.00905,0.47109,0.44392,0.015611,0.26251,4.921,2.759,5.082,0.496,0.161,2.309,4.225,4.658,1.232,5.082,0
0.68261,0.14213,0.034347,1.4806,0.31892,0.011761,0.3619,0.39819,0.019035,0.23868,6.130,3.782,6.242,1.201,2.172,1.074,4.858,0.754,1.352,6.242,0
0.59312,0.064257,0.13555,1.3514,0.36212,0.0070194,0.10163,0.21579,0.019802,0.20858,3.858,1.845,4.057,0.211,3.302,3.049,5.316,3.212,3.350,5.316,0
0.92994,0.14293,0.22062,1.5493,0.11158,0.0063162,0.33669,0.49684,0.012771,0.23902,6.024,3.696,6.142,1.135,2.697,1.979,4.919,4.695,1.835,6.142,0
0.71808,0.46901,0.10553,1.247,0.15268,0.010059,0.12665,0.66379,0.021892,0.17494,5.679,3.389,5.805,0.901,0.547,3.239,6.088,2.562,1.587,6.088,0
0.45419,0.16541,0.024914,1.5941,0.16923,0.0092729,0.36772,0.73789,0.013668,0.34677,3.117,1.229,3.349,0.625,2.101,1.021,3.432,0.337,1.270,3.432,0
0.87993,0.37051,0.12008,1.3118,0.14891,0.008528,0.17508,0.27011,0.019385,0.33662,6.746,4.288,6.828,1.542,0.232,1.781,3.047,3.271,3.198,6.828,0
0.86527,0.083339,0.15976,1.0745,0.11919,0.00070763,0.37149,0.33219,0.0092006,0.38044,2.956,1.050,3.180,0.803,3.461,3.427,3.169,2.194,2.551,3.461,0
1.1731,0.38604,0.093558,1.1449,0.39734,0.0059014,0.29701,0.10436,0.010349,0.15914,7.571,4.926,7.603,1.946,0.888,0.772,6.742,1.713,4.070,7.603,0
1.1713,0.20953,0.12959,1.3569,0.32747,0.0065665,0.12622,0.21539,0.029113,0.18362,8.008,5.308,8.026,2.220,2.037,1.025,5.235,2.941,3.211,8.026,0
0.21948,0.35807,0.11256,1.1422,0.21516,0.0040374,0.2491,0.55482,0.025578,0.36257,0.438,1.850,0.085,2.914,1.165,0.025,2.220,2.294,0.786,2.914,1
0.49901,0.30191,0.16657,1.4976,0.39081,0.0062668,0.28099,0.54328,0.023019,0.29587,2.877,1.020,3.117,0.801,1.139,0.227,3.256,4.283,0.091,4.283,0
0.64784,0.15524,0.095603,1.2091,0.37252,0.0041358,0.24751,0.54604,0.009447,0.38688,3.373,1.414,3.585,0.536,2.671,2.185,3.047,1.928,0.392,3.585,0
1.1911,0.091566,0.075474,1.4899,0.24646,0.0026462,0.18176,0.72121,0.0094906,0.24602,5.893,3.496,5.990,0.903,3.313,3.130,4.898,0.966,0.883,5.990,0
0.14094,0.37896,0.19036,1.2823,0.18826,0.0027715,0.15081,0.082463,0.014399,0.36451,1.349,2.634,0.964,3.490,1.358,0.271,2.437,3.535,3.404,3.535,0
0.64765,0.121,0.16407,1.4219,0.10848,0.0043099,0.31544,0.26319,0.023449,0.34711,3.310,1.377,3.530,0.552,2.949,2.547,2.979,3.412,2.868,3.530,0
0.31081,0.20709,0.046037,1.0868,0.23152,0.0021161,0.38594,0.51458,0.0065193,0.11766,0.222,1.659,0.125,2.770,2.805,2.300,8.586,0.195,1.262,8.586,0
0.79658,0.45947,0.06186,1.241,0.095301,0.0098309,0.22306,0.0063959,0.027599,0.23263,6.405,4.002,6.502,1.341,0.641,3.214,4.248,1.477,4.722,6.502,0
0.65757,0.46123,0.19406,1.598,0.12181,0.010102,0.35577,0.39937,0.020268,0.36233,5.420,3.183,5.562,0.762,0.995,3.729,2.732,6.080,1.892,6.080,0
0.4832,0.30293,0.062202,1.4826,0.075573,0.0047288,0.27965,0.22442,0.015454,0.29162,2.023,0.288,2.295,1.334,1.604,0.334,3.536,0.931,3.645,3.645,0
0.67896,0.37968,0.088915,1.2473,0.34548,0.0037393,0.19511,0.20678,0.020277,0.10256,3.161,1.253,3.387,0.637,1.421,0.139,7.635,1.167,3.278,7.635,0
1.0534,0.47061,0.024408,1.2968,0.31045,0.0016976,0.29345,0.20163,0.019575,0.19845,4.799,2.646,4.961,0.370,1.145,0.055,3.995,0.031,3.359,4.961,0
1.1989,0.46573,0.056791,1.3449,0.13664,0.0092524,0.33316,0.51275,0.0075791,0.13621,8.324,5.562,8.324,2.415,0.034,2.713,8.827,0.822,2.042,8.827,0
0.29613,0.19281,0.20041,1.1521,0.19133,0.0060366,0.1536,0.69899,0.013282,0.37753,0.669,0.897,0.982,2.215,2.196,1.339,2.991,4.909,1.245,4.909,0
1.0242,0.40999,0.022331,1.215,0.087298,0.0055606,0.47758,0.69607,0.02798,0.2482,6.508,4.105,6.601,1.494,0.623,1.460,3.263,0.078,1.364,6.601,0
0.97722,0.22234,0.093234,1.4276,0.29145,0.010759,0.36547,0.040878,0.014018,0.3446,8.361,5.659,8.378,2.571,1.297,0.232,3.489,2.873,4.263,8.378,0
0.54985,0.064938,0.17961,1.1194,0.31218,0.011875,0.42708,0.75892,0.0072966,0.33103,4.868,2.690,5.022,0.487,3.087,2.644,3.977,5.992,0.018,5.992,0
0.358,0.029754,0.042613,1.4356,0.095051,0.0009345,0.1667,0.20486,0.019702,0.38457,0.052,1.504,0.292,2.651,3.737,3.818,2.921,0.272,3.986,3.986,0
0.20956,0.069992,0.085545,1.0832,0.18753,0.0083672,0.38937,0.72231,0.011127,0.2605,0.071,1.412,0.406,2.593,3.210,2.862,4.736,1.979,1.160,4.736,0
0.97235,0.41523,0.022887,1.5861,0.24771,0.0075253,0.45633,0.036237,0.025309,0.14853,6.909,4.472,6.996,1.763,0.302,2.019,6.119,0.097,4.949,6.996,0
0.61845,0.41528,0.21883,1.1868,0.28003,0.004718,0.18207,0.60931,0.025432,0.24753,3.296,1.353,3.512,0.575,0.690,0.842,3.442,4.824,0.411,4.824,0
0.49183,0.10501,0.18941,1.189,0.12235,0.00028893,0.14901,0.56672,0.019639,0.26624,0.623,0.932,0.939,2.235,3.387,3.325,3.998,2.419,1.369,3.998,0
0.46941,0.029531,0.18342,1.1241,0.089438,0.0071811,0.12791,0.28371,0.026098,0.21966,2.628,0.787,2.871,0.980,3.632,3.591,4.871,4.276,3.110,4.871,0
0.93852,0.06001,0.12058,1.4709,0.38307,0.00025182,0.36599,0.36375,0.024974,0.37638,3.448,1.496,3.663,0.464,3.569,3.620,2.760,1.773,0.960,3.663,0
0.35918,0.45855,0.2423,1.5618,0.16514,0.003799,0.33579,0.72909,0.013302,0.21818,0.635,0.897,0.960,2.197,0.812,0.873,4.392,4.271,1.064,4.392,0
0.13176,0.13298,0.065527,1.4207,0.11769,0.0042678,0.40364,0.12805,0.028357,0.21353,1.299,2.583,0.913,3.447,2.918,2.450,4.652,0.938,4.080,4.652,0
1.0402,0.45691,0.10229,1.2832,0.086631,0.0050217,0.18357,0.048045,0.025152,0.18883,6.215,3.849,6.322,1.238,0.583,1.299,4.574,1.717,4.342,6.322,0
0.88546,0.14702,0.071106,1.5785,0.26175,0.0043792,0.37096,0.069502,0.017998,0.13061,4.856,2.720,5.025,0.443,2.874,2.325,7.451,0.865,4.532,7.451,0
0.49396,0.36213,0.0082347,1.092,0.11355,0.0048435,0.22561,0.78954,0.013541,0.32613,2.199,0.412,2.455,1.260,1.137,0.286,3.106,0.276,1.596,3.106,0
1.0986,0.10763,0.16564,1.3856,0.37767,0.002803,0.41224,0.62395,0.028125,0.11983,5.742,3.459,5.872,0.952,3.207,2.980,7.230,2.651,0.594,7.230,0
0.16319,0.11973,0.1568,1.3158,0.37268,0.00062611,0.11731,0.072996,0.023891,0.25913,1.419,2.692,1.030,3.532,3.235,3.146,3.906,2.381,3.350,3.906,0
0.6243,0.35181,0.046904,1.1145,0.22496,0.0084604,0.37282,0.39026,0.0084976,0.19416,4.355,2.250,4.528,0.074,0.774,1.212,6.351,0.770,2.047,6.351,0
0.52818,0.32856,0.1614,1.4233,0.38494,0.0076717,0.32348,0.67106,0.0155,0.27964,3.535,1.575,3.749,0.401,0.740,0.958,3.914,4.334,0.430,4.334,0
0.33905,0.089854,0.16488,1.41,0.39109,0.0041668,0.26211,0.21788,0.013474,0.36874,0.728,0.832,1.044,2.159,3.175,2.940,3.158,3.679,2.722,3.679,0
0.30963,0.1773,0.024733,1.4951,0.13726,0.0083122,0.25531,0.44017,0.024992,0.19774,1.187,0.423,1.491,1.849,2.193,1.113,5.268,0.207,1.898,5.268,0
1.0724,0.28621,0.23479,1.3431,0.25297,0.0068908,0.35395,0.053981,0.014892,0.12461,7.151,4.646,7.222,1.828,1.617,0.133,7.976,4.534,2.779,7.976,0
0.22394,0.24786,0.17436,1.2194,0.35201,0.0073845,0.39961,0.47411,0.0046852,0.11098,0.028,1.484,0.315,2.636,1.915,0.598,9.696,3.216,0.777,9.696,0
0.68002,0.31694,0.086148,1.2644,0.26758,0.01125,0.13631,0.69502,0.013969,0.27922,5.919,3.585,6.033,1.035,0.353,1.755,4.406,2.539,1.115,6.033,0
0.62522,0.089233,0.0022754,1.1987,0.31451,0.0030451,0.20596,0.72357,0.013481,0.18254,2.592,0.754,2.835,1.009,3.320,3.137,6.141,0.431,0.332,6.141,0
1.019,0.119,0.1314,1.4418,0.093894,0.01038,0.22586,0.71552,0.015137,0.13238,7.775,5.172,7.820,2.183,2.737,1.870,8.017,2.730,2.014,8.017,0
0.97005,0.065712,0.0031469,1.2022,0.066144,0.0073673,0.39922,0.35006,0.027353,0.10763,6.430,4.033,6.528,1.412,3.358,3.070,8.044,0.406,2.530,8.044,0
0.35607,0.23693,0.23788,1.1228,0.31002,0.0070788,0.48,0.0043764,0.027653,0.13549,1.443,0.223,1.731,1.702,1.849,0.642,6.715,5.389,2.367,6.715,0
0.45608,0.20295,0.1208,1.1927,0.076213,0.0037615,0.28273,0.50134,0.021311,0.27309,1.510,0.169,1.794,1.677,2.467,1.775,3.714,2.081,1.636,3.714,0
0.89804,0.11763,0.06,1.1043,0.39183,0.0013417,0.24703,0.4448,0.016732,0.12009,3.585,1.601,3.790,0.392,3.263,3.119,7.836,0.515,0.881,7.836,0
0.83128,0.20596,0.036678,1.5171,0.16544,0.006593,0.21099,0.12177,0.0067676,0.16975,5.240,3.033,5.389,0.650,2.270,1.167,7.060,0.306,4.474,7.060,0
1.1303,0.39357,0.1676,1.0087,0.053752,0.0057245,0.27746,0.44737,0.012678,0.19928,6.915,4.393,6.979,1.568,1.024,0.746,5.435,3.069,2.244,6.979,0
0.23744,0.23838,0.14125,1.0979,0.22481,0.0055825,0.10593,0.72579,0.0071977,0.31617,0.049,1.517,0.289,2.671,1.944,0.918,3.829,3.068,1.691,3.829,0
0.4448,0.037771,0.11534,1.4396,0.19843,0.0045578,0.22277,0.55098,0.012234,0.26029,1.654,0.030,1.938,1.568,3.614,3.578,4.652,2.099,1.324,4.652,0
0.93603,0.15207,0.17141,1.3011,0.33462,0.0090755,0.24945,0.51026,0.023287,0.39349,7.657,5.057,7.702,2.094,2.176,1.288,2.690,5.468,0.426,7.702,0
1.0079,0.41083,0.192,1.1804,0.12446,0.0054095,0.26766,0.5251,0.007925,0.24247,6.132,3.762,6.236,1.163,0.846,0.937,4.699,3.756,1.900,6.236,0
0.85666,0.25533,0.18258,1.4399,0.17492,0.0041884,0.29486,0.014673,0.017809,0.16186,4.542,2.439,4.718,0.227,2.153,1.156,6.151,2.999,3.447,6.151,0
0.39304,0.035421,0.095476,1.2279,0.052076,0.011348,0.15987,0.35583,0.02342,0.23629,2.830,0.966,3.067,0.848,3.482,3.304,4.691,2.675,3.095,4.691,0
1.1012,0.28653,0.23374,1.115,0.12867,0.0051713,0.10685,0.25729,0.0042423,0.20896,6.529,4.094,6.617,1.380,1.850,0.596,5.911,4.250,3.382,6.617,0
0.74053,0.32222,0.22971,1.4784,0.14828,0.0046951,0.29279,0.015159,0.0095839,0.34892,4.094,2.047,4.284,0.067,1.406,0.099,3.108,4.876,3.174,4.876,0
0.39675,0.46954,0.12215,1.3787,0.30633,0.0014465,0.12275,0.52573,0.0048183,0.15207,0.296,1.197,0.630,2.422,1.414,0.316,6.325,1.393,1.979,6.325,0
0.30865,0.29478,0.0077899,1.1354,0.18816,0.0061978,0.44024,0.063708,0.016563,0.29548,0.809,0.775,1.118,2.122,1.378,0.013,3.577,0.265,4.765,4.765,0
0.87272,0.10049,0.23668,1.0436,0.15201,0.0038979,0.29738,0.40704,0.020195,0.22786,4.637,2.487,4.798,0.243,3.190,2.912,4.760,4.454,1.570,4.798,0
0.58652,0.42876,0.20349,1.5514,0.33614,0.0071217,0.3012,0.20355,0.0092976,0.23189,3.767,1.779,3.974,0.256,0.163,1.948,5.008,4.850,2.960,5.008,0
0.56945,0.28264,0.023974,1.0496,0.39863,0.0004333,0.29,0.65076,0.020205,0.20969,1.320,0.348,1.607,1.821,2.402,2.048,4.341,0.059,0.465,4.341,0
1.1139,0.3758,0.016227,1.5024,0.086019,0.0050687,0.24811,0.18219,0.0077517,0.12949,6.297,3.911,6.401,1.238,1.461,0.254,8.082,0.206,4.208,8.082,0
0.80413,0.47898,0.17637,1.5213,0.17008,0.0062946,0.30213,0.50997,0.018356,0.27988,5.257,3.043,5.405,0.658,0.114,2.272,3.339,4.085,1.320,5.405,0
0.66908,0.032555,0.032346,1.4268,0.17402,0.00022545,0.4556,0.27938,0.0062705,0.34835,1.629,0.066,1.910,1.603,3.741,3.829,3.710,0.034,2.954,3.829,0
0.3761,0.39966,0.1835,1.0886,0.3584,0.00057426,0.31987,0.47791,0.022352,0.15153,0.002,1.467,0.341,2.629,1.837,1.216,5.132,2.510,0.142,5.132,0
0.958,0.4878,0.050634,1.1091,0.27378,0.0012767,0.41471,0.10566,0.011261,0.16346,3.796,1.779,3.993,0.255,1.338,0.289,5.322,0.327,4.263,5.322,0
0.70761,0.22317,0.17012,1.1077,0.35805,0.0073729,0.12006,0.31293,0.017246,0.15412,4.823,2.653,4.980,0.365,1.936,0.783,6.800,3.845,2.511,6.800,0
0.53168,0.20477,0.17136,1.296,0.38557,0.0010706,0.41429,0.7676,0.014432,0.15393,1.242,0.389,1.540,1.835,2.788,2.454,6.439,2.371,1.066,6.439,0
0.3801,0.31433,0.1569,1.5836,0.057331,0.00081401,0.41859,0.56587,0.011383,0.17294,0.097,1.527,0.253,2.658,2.432,1.737,5.681,1.508,1.940,5.681,0
0.47814,0.1869,0.039096,1.3584,0.13938,0.0083189,0.33019,0.29171,0.025966,0.13317,2.894,1.039,3.135,0.780,2.211,1.081,7.102,0.483,2.827,7.102,0
1.1323,0.27579,0.10019,1.3489,0.15054,0.0069752,0.38152,0.67863,0.0045875,0.17032,7.396,4.812,7.445,1.887,1.724,0.223,7.260,1.672,1.714,7.445,0
0.69507,0.28123,0.15416,1.3399,0.19102,0.0091146,0.32051,0.3694,0.011716,0.34569,5.393,3.142,5.529,0.719,0.986,0.707,3.457,4.392,2.140,5.529,0
0.19001,0.39403,0.17916,1.4535,0.21291,0.0032093,0.38753,0.39523,0.02029,0.14259,0.946,2.270,0.569,3.212,1.430,0.112,6.014,2.680,1.373,6.014,0
0.37945,0.12552,0.17092,1.4096,0.28969,0.010212,0.2388,0.1422,0.015814,0.17283,2.380,0.598,2.640,1.107,2.574,1.703,6.553,4.452,3.401,6.553,0
0.31292,0.25897,0.13993,1.3957,0.26025,0.0026164,0.4293,0.69313,0.0074973,0.19056,0.026,1.477,0.319,2.625,2.322,1.565,5.857,2.002,0.452,5.857,0
0.21337,0.10817,0.11341,1.3651,0.12394,0.00042051,0.41174,0.10329,0.021141,0.15507,1.211,2.506,0.827,3.390,3.402,3.308,6.344,1.028,4.181,6.344,0
0.59258,0.33734,0.18059,1.3242,0.25046,0.0047775,0.19188,0.0058788,0.025704,0.13121,2.917,1.047,3.153,0.785,1.469,0.114,6.472,3.212,3.250,6.472,0
0.95602,0.20096,0.1494,1.0268,0.3928,0.0076431,0.19641,0.17438,0.023991,0.17051,7.028,4.516,7.095,1.705,2.028,0.994,5.928,3.680,3.181,7.095,0
0.42892,0.46767,0.076631,1.4733,0.3109,0.0079131,0.28067,0.11113,0.0080025,0.31346,2.502,0.696,2.756,1.041,0.445,2.767,3.792,1.804,4.173,4.173,0
0.67258,0.34081,0.057936,1.4103,0.33265,0.0022947,0.10277,0.098782,0.021182,0.11468,2.551,0.741,2.804,1.005,1.887,0.972,6.947,0.500,4.501,6.947,0
0.43197,0.15951,0.073836,1.0956,0.28842,0.010215,0.49865,0.27622,0.024412,0.20812,3.108,1.198,3.332,0.650,2.151,1.056,5.167,1.936,2.334,5.167,0
0.2403,0.09685,0.20357,1.5074,0.10906,0.00043097,0.46283,0.21723,0.023198,0.17965,1.030,2.345,0.651,3.267,3.442,3.370,5.594,2.340,3.108,5.594,0
0.82568,0.068885,0.10868,1.0142,0.27357,0.0082073,0.39665,0.45844,0.029585,0.11855,5.986,3.641,6.097,1.109,3.262,2.943,7.496,2.321,0.678,7.496,0
1.1148,0.48349,0.19359,1.5827,0.066081,0.0084324,0.14247,0.41296,0.021233,0.35717,8.366,5.643,8.380,2.475,0.770,3.252,2.572,5.429,2.519,8.380,0
1.0598,0.17276,0.156,1.3335,0.35742,0.0054952,0.37239,0.064401,0.020436,0.36996,7.124,4.612,7.192,1.810,2.357,1.668,2.802,3.882,3.331,7.192,0
0.7734,0.49877,0.24531,1.542,0.21691,0.010588,0.22415,0.53674,0.011342,0.29698,6.506,4.097,6.603,1.409,1.233,4.064,4.241,7.426,1.376,7.426,0
0.35412,0.35891,0.097097,1.4366,0.25575,0.004478,0.18405,0.33702,0.028958,0.16702,0.817,0.744,1.133,2.085,1.257,0.124,5.073,1.638,2.312,5.073,0
0.40497,0.36001,0.049577,1.5657,0.24307,0.0031075,0.34218,0.27687,0.016443,0.26401,0.926,0.649,1.239,2.017,1.448,0.296,3.554,0.555,2.700,3.554,0
1.0197,0.23722,0.19144,1.4749,0.1653,0.0033801,0.1709,0.76398,0.016417,0.3015,5.467,3.219,5.605,0.784,2.234,1.452,3.406,3.574,1.106,5.605,0
0.17686,0.2026,0.026417,1.1538,0.39496,0.0055212,0.24107,0.70831,0.025769,0.34589,0.604,1.992,0.245,3.019,2.091,1.300,2.800,0.289,0.516,3.019,0
1.1523,0.40821,0.020518,1.0731,0.098779,0.0013729,0.42528,0.37337,0.0072225,0.35945,4.899,2.656,5.036,0.293,1.627,0.729,2.629,0.115,2.546,5.036,0
0.98956,0.44873,0.14248,1.1123,0.21416,0.0020983,0.22905,0.17583,0.027985,0.21093,4.583,2.449,4.749,0.222,1.189,0.068,3.529,2.211,3.418,4.749,0
0.21521,0.38537,0.16027,1.397,0.20682,0.0045244,0.20896,0.53522,0.02396,0.17926,0.488,1.876,0.127,2.922,1.112,0.397,4.969,2.924,0.965,4.969,0
0.16025,0.42945,0.12916,1.224,0.37724,0.011654,0.14512,0.57383,0.028444,0.3796,0.021,1.486,0.319,2.644,1.202,3.619,2.489,4.741,0.380,4.741,0
0.65317,0.44778,0.18566,1.3264,0.18024,0.011251,0.20834,0.097438,0.013955,0.32665,5.662,3.369,5.787,0.881,0.954,3.624,3.729,5.953,3.513,5.953,0
0.60249,0.067305,0.16213,1.1001,0.29011,0.0029843,0.24317,0.20469,0.0052098,0.15278,2.299,0.496,2.551,1.201,3.493,3.392,7.708,2.356,3.274,7.708,0
0.66221,0.49555,0.14061,1.4776,0.062171,0.010172,0.26817,0.49186,0.013327,0.19884,5.117,2.924,5.270,0.571,0.692,3.647,6.195,3.378,2.273,6.195,0
1.0265,0.18917,0.021496,1.2513,0.11232,0.011078,0.28952,0.16372,0.016061,0.31071,8.574,5.825,8.579,2.656,1.714,0.347,3.828,0.281,4.100,8.579,0
1.1073,0.076604,0.017253,1.0254,0.19386,0.00013506,0.36715,0.24493,0.011149,0.34186,4.006,1.945,4.190,0.172,3.523,3.538,3.456,0.197,3.228,4.190,0
1.1115,0.044447,0.14299,1.249,0.35486,0.011562,0.19893,0.4909,0.0047761,0.11381,8.867,6.060,8.857,2.778,3.440,3.178,9.604,3.225,1.126,9.604,0
0.62702,0.33025,0.050584,1.2515,0.068029,0.0080453,0.15755,0.66758,0.014468,0.27187,4.304,2.214,4.482,0.049,0.873,0.978,4.177,0.934,2.095,4.482,0
0.11685,0.030479,0.14882,1.2793,0.30282,0.0085711,0.14927,0.55859,0.0077136,0.25153,1.038,2.361,0.661,3.287,3.594,3.517,5.088,3.821,1.204,5.088,0
0.75573,0.15242,0.24165,1.5288,0.33851,0.010227,0.47514,0.26238,0.020032,0.30382,6.457,4.069,6.556,1.459,2.116,1.067,3.715,7.758,2.125,7.758,0
0.56914,0.40043,0.23425,1.0372,0.26785,0.0024977,0.29995,0.35831,0.023971,0.37155,2.153,0.361,2.407,1.306,1.210,0.221,1.967,4.653,1.366,4.653,0
0.75941,0.49212,0.075349,1.4332,0.11086,0.0095394,0.302,0.47823,0.029122,0.14464,5.815,3.523,5.942,1.011,0.602,3.402,6.421,1.552,1.515,6.421,0
0.60808,0.042805,0.059867,1.3656,0.078919,0.0018661,0.41307,0.51375,0.024392,0.29738,1.993,0.246,2.260,1.375,3.644,3.663,3.621,0.630,1.410,3.663,0
0.21929,0.13905,0.012186,1.3753,0.3056,0.0010528,0.14353,0.14659,0.018921,0.11332,1.044,2.358,0.665,3.278,3.189,2.992,7.855,0.295,4.374,7.855,0
1.1475,0.19243,0.098946,1.1088,0.32597,0.010972,0.16335,0.57003,0.014748,0.11967,9.021,6.169,8.999,2.839,1.944,0.592,8.677,2.257,0.919,9.021,0
1.0919,0.32792,0.12271,1.4574,0.39916,0.0043947,0.26192,0.56247,0.015032,0.31311,6.787,4.331,6.871,1.559,1.296,0.112,3.170,2.607,0.013,6.871,0
0.70366,0.060291,0.22155,1.0277,0.31182,0.0049861,0.36263,0.61439,0.004221,0.3685,4.041,1.970,4.222,0.139,3.407,3.266,3.614,5.090,0.448,5.090,0
0.8971,0.021835,0.23927,1.1292,0.14036,0.0056926,0.11342,0.31823,0.0065635,0.30549,5.574,3.282,5.698,0.813,3.723,3.752,4.268,5.233,3.014,5.698,0
0.25424,0.38153,0.2264,1.2585,0.31102,0.0040003,0.30355,0.38384,0.027558,0.28817,0.115,1.564,0.229,2.699,1.000,0.267,2.803,4.992,0.907,4.992,0
0.35981,0.40668,0.19174,1.3688,0.19161,0.003876,0.48602,0.11429,0.004108,0.16506,0.586,0.948,0.909,2.234,1.336,0.268,6.733,2.867,3.524,6.733,0
0.21227,0.13187,0.21637,1.1258,0.11801,0.00082141,0.39702,0.63207,0.01714,0.29053,1.100,2.422,0.724,3.335,3.206,3.048,3.686,3.064,1.243,3.686,0
0.62892,0.25969,0.074215,1.4503,0.28578,0.011956,0.47286,0.17204,0.01585,0.35383,5.763,3.466,5.887,1.010,0.696,1.294,3.350,2.389,3.498,5.887,0
0.64915,0.46299,0.025071,1.27,0.36133,0.0084518,0.3981,0.59079,0.017483,0.34756,4.953,2.766,5.106,0.461,0.701,3.191,2.728,0.363,0.048,5.106,0
0.27281,0.16816,0.12874,1.5415,0.1142,0.011963,0.14656,0.6503,0.019587,0.11826,1.247,0.358,1.554,1.794,2.131,0.756,8.440,2.897,1.872,8.440,0
1.057,0.18458,0.19265,1.0031,0.386,0.0066133,0.19612,0.60214,0.023714,0.22197,7.461,4.879,7.509,1.963,2.231,1.392,4.674,4.849,0.086,7.509,0
0.60333,0.057548,0.12464,1.1305,0.10506,0.0025824,0.2462,0.54753,0.015654,0.37689,2.276,0.472,2.527,1.222,3.522,3.476,3.056,2.068,1.599,3.522,0
0.43069,0.48261,0.21467,1.302,0.051596,0.0061006,0.28459,0.1968,0.020898,0.19742,1.862,0.145,2.138,1.441,0.209,2.000,4.767,4.307,3.394,4.767,0
0.64045,0.36227,0.096411,1.3226,0.18278,0.0034465,0.10108,0.14442,0.0099942,0.16318,2.678,0.837,2.921,0.943,1.647,0.375,6.315,1.210,4.296,6.315,0
0.18076,0.42629,0.15116,1.2716,0.34737,0.0077976,0.14426,0.58723,0.026669,0.34514,0.257,1.687,0.092,2.790,0.289,2.283,2.483,4.400,0.366,4.400,0
1.0668,0.11544,0.030464,1.3036,0.21532,0.0052721,0.21799,0.54055,0.023564,0.2965,6.855,4.385,6.934,1.617,2.924,2.491,3.560,0.314,0.992,6.934,0
0.6004,0.48696,0.066857,1.1421,0.29536,0.01124,0.17849,0.58695,0.019146,0.18721,5.081,2.872,5.228,0.522,1.041,3.829,6.129,1.705,0.877,6.129,0
1.0552,0.39241,0.18201,1.4088,0.12689,0.0085657,0.27028,0.46304,0.0095969,0.12326,7.353,4.815,7.415,1.928,0.723,1.586,8.918,3.325,2.046,8.918,0
1.1665,0.12468,0.078761,1.326,0.31934,0.00022049,0.30792,0.15151,0.0068063,0.1245,4.183,2.047,4.350,0.153,3.333,3.239,8.357,0.575,3.800,8.357,0
0.94118,0.28612,0.022418,1.5478,0.35186,0.0057397,0.37121,0.63932,0.026166,0.18503,6.183,3.840,6.297,1.259,1.505,0.225,5.088,0.087,0.254,6.297,0
0.43748,0.14829,0.0051987,1.5141,0.24323,0.0083462,0.21206,0.14242,0.026695,0.30388,2.776,0.936,3.021,0.862,2.332,1.475,3.418,0.305,4.168,4.168,0
0.97016,0.2391,0.039631,1.4663,0.2995,0.00041838,0.33761,0.34899,0.0052936,0.115,3.257,1.348,3.484,0.562,2.805,2.439,8.459,0.029,2.139,8.459,0
1.0766,0.49235,0.070624,1.4623,0.082592,0.0053376,0.12049,0.21075,0.021096,0.10416,6.256,3.903,6.368,1.286,0.616,1.560,7.649,0.737,4.132,7.649,0
0.85781,0.13121,0.019629,1.1465,0.33475,0.011026,0.40423,0.6969,0.012341,0.29075,7.444,4.872,7.495,2.006,2.352,1.432,4.264,0.231,0.011,7.495,0
0.22309,0.23266,0.18167,1.5178,0.08207,0.0055362,0.28578,0.5676,0.014082,0.13448,0.366,1.760,0.006,2.831,2.256,1.129,7.580,2.791,1.955,7.580,0
0.98694,0.030653,0.15316,1.5391,0.35466,0.0087197,0.48666,0.56628,0.020921,0.21937,7.739,5.181,7.795,2.277,3.579,3.497,5.090,4.124,0.007,7.795,0
1.078,0.27979,0.22624,1.5182,0.25954,0.0066386,0.35465,0.18676,0.019952,0.31661,7.606,5.031,7.659,2.091,1.322,0.047,3.208,5.850,2.721,7.659,0
1.1185,0.43214,0.072991,1.3462,0.11165,0.011608,0.32494,0.20424,0.028598,0.32458,9.531,6.621,9.493,3.200,1.013,3.702,3.007,2.277,3.494,9.531,0
0.82978,0.18113,0.19998,1.1984,0.10453,0.0091863,0.37263,0.16814,0.019181,0.10342,5.958,3.630,6.074,1.097,2.306,1.135,8.894,3.879,3.486,8.894,0
0.31379,0.16173,0.036504,1.2329,0.36685,0.010734,0.46646,0.11207,0.016901,0.11313,1.643,0.042,1.927,1.567,2.242,1.109,8.717,0.538,4.072,8.717,0
0.79767,0.46807,0.043402,1.0446,0.092663,0.0043497,0.25957,0.19725,0.027514,0.13938,4.139,2.071,4.322,0.052,0.806,0.944,5.677,0.355,3.749,5.677,0
0.50593,0.29064,0.048987,1.1829,0.12047,0.00038329,0.19978,0.0065487,0.024614,0.31453,0.793,0.787,1.103,2.130,2.404,1.980,2.626,0.327,4.846,4.846,0
0.91704,0.37621,0.07577,1.0714,0.26473,0.0012883,0.2586,0.32689,0.014662,0.32744,3.750,1.729,3.944,0.308,1.716,0.986,2.648,0.955,2.344,3.944,0
1.1438,0.02694,0.14257,1.4011,0.35911,0.0061342,0.27906,0.34411,0.016576,0.36338,7.881,5.210,7.907,2.152,3.650,3.649,3.228,3.615,1.612,7.907,0
0.28996,0.046089,0.24179,1.2476,0.33313,0.0099,0.39563,0.67826,0.010331,0.21485,1.301,0.343,1.595,1.787,3.406,3.176,5.728,6.691,0.018,6.691,0
0.91303,0.28211,0.15799,1.0673,0.34469,0.0030316,0.36836,0.55046,0.021729,0.21209,4.694,2.538,4.854,0.286,1.992,1.198,4.469,2.877,0.027,4.854,0
1.0227,0.14012,0.016399,1.5901,0.22851,6.5773e-05,0.1323,0.7507,0.028396,0.16729,3.471,1.536,3.692,0.422,3.231,3.113,5.485,0.237,0.731,5.485,0
1.0971,0.3443,0.18583,1.0881,0.204,0.011151,0.29429,0.056262,0.024656,0.13002,8.814,6.027,8.809,2.788,0.448,1.797,7.624,4.787,3.329,8.814,0
0.8097,0.31261,0.21999,1.3,0.072146,0.0064408,0.23956,0.64828,0.0098765,0.18576,4.989,2.804,5.142,0.479,1.495,0.112,6.226,4.158,2.166,6.226,0
0.97667,0.31674,0.24582,1.0638,0.084592,0.0078759,0.19073,0.38346,0.016387,0.35434,7.130,4.596,7.190,1.755,0.894,0.771,3.025,6.605,2.394,7.190,0
1.0493,0.30737,0.086492,1.4909,0.30349,0.0029447,0.34164,0.64065,0.0051126,0.15966,5.278,3.067,5.426,0.682,2.012,1.034,6.885,1.023,0.468,6.885,0
0.69273,0.064742,0.16696,1.3441,0.18118,0.0095059,0.18236,0.61712,0.02478,0.38657,5.644,3.356,5.770,0.873,3.145,2.797,2.800,5.261,1.157,5.770,0
0.51817,0.20341,0.00059145,1.1434,0.18773,0.0031724,0.41651,0.27291,0.025718,0.11057,1.719,0.018,1.998,1.533,2.657,2.039,7.476,0.464,2.775,7.476,0
1.0997,0.035696,0.13114,1.447,0.39613,0.0057769,0.27459,0.75597,0.008855,0.12529,7.058,4.564,7.133,1.727,3.626,3.576,8.590,2.274,0.657,8.590,0
0.41535,0.15865,0.058081,1.1169,0.1005,0.0056052,0.45435,0.61212,0.0056866,0.36627,1.669,0.042,1.945,1.556,2.587,1.907,3.464,0.976,2.030,3.464,0
0.37677,0.082232,0.13572,1.1826,0.33228,0.0071999,0.49593,0.6046,0.024825,0.14958,1.705,0.010,1.985,1.421,3.160,2.796,6.631,3.006,0.079,6.631,0
0.81887,0.2457,0.014708,1.0198,0.26441,0.0081563,0.32806,0.18431,0.023371,0.33378,6.251,3.852,6.347,1.228,1.410,0.115,3.062,0.004,3.558,6.347,0
1.0592,0.34342,0.097513,1.2371,0.22237,0.0094042,0.42502,0.22098,0.029969,0.30274,8.566,5.850,8.579,2.711,0.250,1.788,3.090,2.844,2.960,8.579,0
0.91875,0.16031,0.014371,1.2109,0.12528,0.0054264,0.28153,0.5927,0.017316,0.1747,5.482,3.220,5.615,0.781,2.692,1.993,6.120,0.168,1.571,6.120,0
0.71424,0.38794,0.058738,1.0682,0.35019,0.0089381,0.22371,0.045494,0.0073353,0.30092,5.542,3.250,5.666,0.785,0.091,1.984,4.223,1.401,4.666,5.666,0
0.441,0.2692,0.14213,1.2077,0.14112,0.0071306,0.18852,0.43716,0.0062609,0.22582,2.237,0.455,2.495,1.223,1.637,0.191,5.574,2.958,2.453,5.574,0
1.187,0.4195,0.092693,1.1913,0.29195,0.0045315,0.31408,0.16953,0.017361,0.35046,7.165,4.572,7.209,1.687,0.617,0.864,2.499,1.879,3.518,7.209,0
0.81161,0.059389,0.029979,1.0244,0.29435,0.011579,0.27466,0.33029,0.0042894,0.28913,7.074,4.542,7.135,1.710,3.192,2.806,4.694,0.584,2.604,7.135,0
0.26451,0.39071,0.066723,1.2966,0.10276,0.011784,0.49986,0.5571,0.02515,0.39192,1.421,0.240,1.710,1.556,0.789,4.038,2.278,2.129,1.671,4.038,0
0.116,0.32817,0.21409,1.5991,0.17619,0.0014575,0.2813,0.70515,0.0058245,0.39961,1.698,2.932,1.299,3.708,1.957,1.210,2.565,3.433,1.165,3.708,0
0.85534,0.061856,0.16721,1.2175,0.14254,0.0001968,0.10019,0.57412,0.013132,0.29878,2.600,0.758,2.842,1.008,3.601,3.632,3.919,2.088,2.448,3.919,0
0.47323,0.23781,0.16329,1.3368,0.25024,0.00973,0.4972,0.54823,0.012919,0.1859,3.302,1.388,3.527,0.450,1.530,0.346,6.346,4.109,0.978,6.346,0
0.8875,0.39605,0.20987,1.2932,0.11717,0.00070937,0.13033,0.16607,0.014483,0.15883,2.878,1.009,3.114,0.816,2.041,1.234,5.527,2.304,3.414,5.527,0
0.48879,0.2496,0.19457,1.1859,0.32672,0.0029111,0.42729,0.12778,0.014965,0.131,1.478,0.190,1.766,1.684,2.357,1.636,7.243,2.998,2.993,7.243,0
0.57563,0.41276,0.084376,1.5054,0.15031,0.0016017,0.11605,0.43964,0.020873,0.18713,1.609,0.070,1.895,1.599,1.620,0.576,4.417,0.878,2.927,4.417,0
0.97514,0.39897,0.11889,1.4878,0.10415,0.0053677,0.20261,0.33914,0.0047019,0.18345,5.698,3.418,5.828,0.925,1.108,0.740,6.467,1.803,3.168,6.467,0
0.4329,0.47656,0.069716,1.3842,0.12132,0.0059065,0.19425,0.56845,0.011317,0.24827,1.869,0.152,2.145,1.437,0.203,1.937,4.286,1.163,1.856,4.286,0
0.92726,0.34003,0.17293,1.0395,0.35503,0.011144,0.41701,0.099999,0.010403,0.15997,7.729,5.116,7.766,2.188,0.455,1.823,7.680,4.649,3.293,7.766,0
0.27933,0.020426,0.23882,1.5352,0.3299,0.0075583,0.49435,0.54791,0.0046352,0.33849,0.778,0.781,1.095,2.036,3.699,3.710,3.966,6.372,0.506,6.372,0
1.0319,0.045584,0.24268,1.0299,0.27781,0.010446,0.4709,0.72495,0.010243,0.3916,8.629,5.894,8.635,2.757,3.357,3.133,3.234,7.867,0.299,8.635,0
0.8805,0.068533,0.001542,1.2867,0.26931,0.0092337,0.30607,0.32193,0.024716,0.30947,7.144,4.626,7.210,1.794,3.130,2.765,3.521,0.421,2.299,7.210,0
0.50363,0.48073,0.063725,1.0056,0.37957,0.0089109,0.24419,0.21496,0.014141,0.32076,3.660,1.652,3.858,0.366,0.822,3.143,3.419,1.656,3.160,3.858,0
1.1839,0.36577,0.053886,1.3223,0.15584,0.0021878,0.11827,0.07564,0.014522,0.34639,5.615,3.254,5.721,0.725,1.602,0.641,2.573,0.585,4.740,5.721,0
0.95363,0.036764,0.10073,1.426,0.36965,0.0050297,0.15883,0.79748,0.016539,0.11798,5.721,3.444,5.852,0.952,3.630,3.593,8.290,1.579,0.129,8.290,0
0.26593,0.45091,0.20166,1.0279,0.27394,0.010603,0.29855,0.7866,0.016839,0.38946,1.250,0.406,1.539,1.860,0.988,3.507,2.814,6.738,0.195,6.738,0
0.7528,0.4367,0.16189,1.2258,0.23639,0.008082,0.28751,0.31769,0.012826,0.20325,5.384,3.133,5.520,0.715,0.063,2.212,5.613,3.810,2.373,5.613,0
0.76265,0.1988,0.065957,1.0079,0.21985,0.008308,0.3068,0.4337,0.025929,0.27417,5.761,3.438,5.877,0.927,1.898,0.805,3.779,1.584,1.330,5.877,0
1.0443,0.10293,0.065823,1.4347,0.10153,0.0025179,0.35944,0.69084,0.025226,0.26311,5.100,2.909,5.253,0.570,3.240,3.024,3.915,0.793,1.186,5.253,0
0.98437,0.26328,0.1446,1.097,0.18615,0.0031412,0.4675,0.029801,0.0063724,0.39139,5.099,2.878,5.242,0.575,2.088,1.305,2.904,2.638,3.924,5.242,0
0.27411,0.25614,0.093649,1.1153,0.29767,0.0018106,0.36537,0.49618,0.004845,0.29184,0.434,1.847,0.081,2.913,2.365,1.802,3.965,1.302,0.907,3.965,0
0.11917,0.11002,0.24913,1.3678,0.067557,0.0050409,0.38383,0.39697,0.025424,0.31678,1.326,2.611,0.940,3.471,2.996,2.589,3.272,5.543,1.740,5.543,0
0.69036,0.47269,0.1704,1.4211,0.054915,0.0051909,0.3396,0.40092,0.01118,0.39262,3.880,1.860,4.077,0.204,0.193,1.746,2.405,3.668,2.390,4.077,0
0.10074,0.11261,0.11003,1.5384,0.075929,0.0083588,0.12575,0.71755,0.02035,0.34658,1.250,2.540,0.865,3.416,2.724,2.067,3.200,2.889,1.854,3.416,0
0.83423,0.049673,0.06096,1.1699,0.303,0.011993,0.14759,0.7912,0.024669,0.33877,7.699,5.084,7.739,2.107,3.243,2.940,3.255,1.962,0.432,7.739,0
0.2087,0.36727,0.031365,1.201,0.26589,0.0017628,0.22338,0.2214,0.02168,0.37948,0.911,2.257,0.541,3.213,1.583,0.792,2.007,0.173,3.383,3.383,0
0.753,0.42244,0.16779,1.3169,0.25557,0.00096485,0.43424,0.41238,0.028518,0.2161,2.556,0.730,2.803,1.017,1.565,0.762,3.338,2.435,0.695,3.338,0
0.84131,0.3394,0.20392,1.1549,0.33209,0.0055195,0.136,0.29005,0.021802,0.29792,5.418,3.156,5.551,0.727,1.032,0.333,3.157,4.973,2.315,5.551,0
0.17321,0.15465,0.2114,1.4172,0.10309,0.0093794,0.22849,0.21155,0.012899,0.21615,0.292,1.707,0.062,2.798,2.359,1.314,5.562,5.257,3.485,5.562,0
0.76291,0.43833,0.22269,1.064,0.23591,0.0037547,0.4349,0.00076934,0.024399,0.15135,3.794,1.776,3.990,0.251,0.996,0.501,5.424,3.902,2.760,5.424,0
0.27152,0.085858,0.09846,1.3486,0.33044,0.006839,0.48948,0.56378,0.022297,0.25034,0.579,0.960,0.900,2.186,3.090,2.719,4.367,2.307,0.109,4.367,0
0.45948,0.24152,0.24403,1.3286,0.23326,0.0017834,0.46954,0.72801,0.012396,0.10818,0.777,0.781,1.094,2.086,2.644,2.064,8.287,2.955,0.388,8.287,0
1.1086,0.37146,0.13781,1.5977,0.37941,0.0062917,0.28641,0.090507,0.018378,0.24323,7.700,5.094,7.746,2.095,0.647,1.057,4.126,3.226,3.563,7.746,0
0.47661,0.44276,0.24289,1.4914,0.1823,0.0099779,0.23139,0.76753,0.020624,0.27755,3.547,1.593,3.762,0.386,0.658,3.199,3.843,7.240,1.006,7.240,0
0.74401,0.078448,0.068036,1.041,0.19971,0.00072412,0.42073,0.70784,0.015768,0.23026,2.286,0.479,2.536,1.216,3.501,3.476,4.876,0.616,0.631,4.876,0
1.0654,0.21732,0.024595,1.165,0.2918,0.0039731,0.40198,0.26001,0.019838,0.25079,6.197,3.822,6.300,1.243,2.291,1.563,4.086,0.093,2.661,6.300,0
0.93942,0.11055,0.20737,1.5564,0.15834,0.003585,0.4964,0.1439,0.027105,0.15808,4.883,2.744,5.050,0.518,3.158,2.829,6.072,3.408,3.050,6.072,0
0.50817,0.44438,0.035927,1.348,0.14787,0.0093959,0.3578,0.62428,0.0269,0.23619,3.708,1.725,3.915,0.284,0.480,3.112,4.099,0.653,1.234,4.099,0
0.77637,0.34898,0.2128,1.3452,0.13823,0.0063296,0.1503,0.49138,0.0090617,0.39863,5.044,2.845,5.194,0.503,0.858,0.771,2.805,5.206,2.045,5.206,0
0.11204,0.060511,0.15206,1.1288,0.29486,0.0070882,0.48828,0.41598,0.024726,0.18843,1.218,2.520,0.837,3.404,3.347,3.120,5.575,3.576,0.735,5.575,0
0.50945,0.21928,0.0059254,1.0559,0.3221,0.0090055,0.19331,0.74844,0.026232,0.19248,3.652,1.656,3.854,0.353,1.681,0.397,5.331,0.293,0.134,5.331,0
1.143,0.048812,0.11924,1.4015,0.39036,0.0017429,0.48292,0.264,0.023767,0.35605,5.604,3.278,5.720,0.764,3.584,3.605,3.005,2.074,2.002,5.720,0
0.67249,0.35661,0.1102,1.3301,0.34497,0.00058504,0.15112,0.47077,0.0091901,0.15767,1.830,0.111,2.105,1.473,2.107,1.507,6.039,1.195,1.632,6.039,0
0.64599,0.088366,0.22594,1.4823,0.10783,0.0031963,0.30286,0.10938,0.0086558,0.34913,2.755,0.903,2.996,0.897,3.292,3.084,3.519,4.126,3.324,4.126,0
0.38707,0.16221,0.20479,1.4413,0.3571,0.0027277,0.10197,0.12885,0.026715,0.19283,0.713,0.836,1.033,2.155,2.810,2.404,4.990,3.721,2.784,4.990,0
0.30628,0.24191,0.21577,1.1569,0.30869,0.010765,0.35173,0.77599,0.025402,0.23953,1.760,0.044,2.035,1.514,1.161,0.439,4.479,6.822,0.313,6.822,0
0.78662,0.12842,0.20405,1.0376,0.3892,0.0086671,0.42034,0.7304,0.016639,0.14301,5.905,3.568,6.018,1.060,2.673,1.947,7.379,4.986,0.844,7.379,0
0.91391,0.32929,0.23631,1.1071,0.25382,0.006331,0.29174,0.51575,0.026532,0.2061,6.138,3.769,6.242,1.173,1.112,0.383,4.588,5.562,0.634,6.242,0
1.0221,0.17661,0.12181,1.5483,0.39264,0.010758,0.33039,0.17036,0.02231,0.34697,8.924,6.139,8.921,2.911,1.727,0.510,3.152,4.103,3.207,8.924,0
1.0055,0.28251,0.17021,1.5038,0.38416,0.010443,0.32172,0.27452,0.014532,0.36552,8.614,5.872,8.622,2.709,0.626,1.178,3.204,5.646,2.146,8.622,0
0.38824,0.24399,0.06901,1.4383,0.079821,0.0024773,0.42875,0.24712,0.020565,0.11368,0.394,1.103,0.727,2.344,2.574,1.836,7.507,0.490,3.243,7.507,0
0.89276,0.49334,0.17518,1.4106,0.05625,0.0045415,0.19148,0.40494,0.015779,0.33514,5.079,2.883,5.230,0.538,0.252,1.639,2.539,3.516,2.498,5.230,0
1.1607,0.49146,0.035356,1.3473,0.17653,0.0115,0.31647,0.13156,0.0080492,0.10649,8.770,5.956,8.758,2.700,0.438,3.571,10.997,0.368,4.309,10.997,0
0.86795,0.082446,0.23528,1.3681,0.27056,0.0048825,0.2389,0.70107,0.016971,0.39836,5.328,3.090,5.468,0.683,3.199,2.955,2.833,5.621,0.325,5.621,0
0.10583,0.365,0.090594,1.5536,0.26205,0.0033174,0.1834,0.69563,0.0090282,0.28047,1.615,2.858,1.218,3.652,1.388,0.174,3.726,1.421,0.840,3.726,0
0.87429,0.24477,0.035187,1.0285,0.24456,0.010643,0.1061,0.53859,0.01998,0.31533,7.471,4.883,7.518,1.959,1.120,0.459,3.553,0.798,2.718,7.518,0
0.32037,0.15015,0.11523,1.5766,0.13234,0.0019789,0.284,0.39329,0.027485,0.12693,0.176,1.592,0.178,2.703,3.071,2.721,6.838,1.255,1.814,6.838,0
0.30716,0.47451,0.0001408,1.4576,0.36396,0.0067552,0.48382,0.60112,0.017214,0.26585,0.949,0.635,1.260,1.934,0.337,2.913,3.401,0.469,0.105,3.401,0
0.986,0.14443,0.18284,1.2088,0.24143,0.010795,0.41293,0.35652,0.005081,0.15939,7.830,5.210,7.866,2.257,2.438,1.385,7.878,4.399,2.147,7.878,0
0.41802,0.2409,0.058341,1.4999,0.35995,0.0024378,0.17745,0.76855,0.021421,0.39919,0.968,0.622,1.277,2.002,2.209,1.627,2.259,0.850,0.223,2.259,1
0.40907,0.082751,0.0039815,1.1662,0.062282,0.0040812,0.1561,0.31369,0.0058426,0.2265,1.076,0.543,1.376,1.952,3.344,3.106,5.584,0.397,3.926,5.584,0
0.49587,0.055056,0.23222,1.4775,0.30223,0.0027961,0.40417,0.29615,0.011419,0.14642,1.472,0.175,1.767,1.664,3.564,3.509,7.479,3.537,2.042,7.479,0
0.25912,0.43327,0.19447,1.2363,0.17437,0.011864,0.47467,0.67893,0.0081701,0.37281,1.299,0.352,1.591,1.693,1.017,4.600,3.462,6.460,1.482,6.460,0
0.87302,0.39944,0.083636,1.5631,0.34264,0.011895,0.28242,0.22983,0.018516,0.26012,7.887,5.267,7.928,2.255,0.676,3.251,4.541,2.578,2.918,7.928,0
0.11568,0.19355,0.22409,1.2924,0.33255,0.0023825,0.42755,0.4831,0.0059589,0.21004,1.615,2.862,1.220,3.658,2.706,2.223,5.620,3.682,0.617,5.620,0
1.0009,0.27449,0.24362,1.5044,0.27587,0.00451,0.15331,0.020422,0.020877,0.35844,6.139,3.789,6.251,1.192,1.673,0.648,2.621,5.644,2.518,6.251,0
0.52879,0.020004,0.13474,1.4193,0.30726,0.0061777,0.17075,0.75222,0.0096382,0.26105,2.978,1.100,3.212,0.752,3.728,3.761,4.802,2.982,0.466,4.802,0
0.57323,0.2529,0.15058,1.1368,0.18757,0.0036084,0.10741,0.17962,0.012368,0.3007,2.452,0.624,2.697,1.111,2.120,1.288,3.590,2.778,3.772,3.772,0
0.71822,0.33853,0.20815,1.4547,0.15164,0.0029278,0.24167,0.08352,0.028426,0.186,3.132,1.236,3.362,0.645,1.728,0.655,4.526,3.430,3.064,4.526,0
0.31397,0.48953,0.12688,1.3278,0.20464,0.00067245,0.25282,0.60331,0.01621,0.35759,0.398,1.809,0.045,2.879,1.231,0.372,1.850,1.742,0.875,2.879,1
0.36558,0.097392,0.001071,1.2419,0.064599,0.009993,0.32067,0.19839,0.00981,0.10575,1.870,0.153,2.146,1.434,3.031,2.373,9.588,0.449,4.088,9.588,0
1.168,0.37009,0.12228,1.2264,0.34024,0.0011888,0.32461,0.74591,0.012565,0.34145,5.165,2.875,5.290,0.447,1.717,1.031,2.594,1.881,0.414,5.290,0
0.65611,0.42406,0.16954,1.0138,0.27602,0.011804,0.42208,0.26495,0.0059002,0.16602,5.539,3.249,5.663,0.814,0.280,3.170,8.280,4.472,2.762,8.280,0
0.96328,0.19146,0.18436,1.2275,0.11228,0.0058914,0.41093,0.031242,0.010787,0.12079,5.708,3.417,5.834,0.957,2.545,1.626,8.509,2.824,3.710,8.509,0
0.80618,0.37192,0.14687,1.4887,0.21026,0.0001421,0.23,0.77796,0.023879,0.3344,2.439,0.635,2.692,1.089,1.965,1.447,2.127,1.974,0.332,2.692,1
0.58121,0.26194,0.2251,1.4019,0.39584,0.0050605,0.27811,0.58161,0.017975,0.34323,3.231,1.306,3.452,0.606,1.669,0.649,2.926,5.531,0.247,5.531,0
0.73741,0.17991,0.2067,1.4684,0.3319,0.0081321,0.33211,0.15674,0.024187,0.24354,5.547,3.288,5.682,0.837,2.077,1.052,4.336,5.700,2.733,5.700,0
0.90615,0.49709,0.1925,1.4877,0.070978,0.0077915,0.22208,0.14741,0.0086115,0.20148,6.231,3.867,6.339,1.246,0.151,2.789,6.004,4.010,3.793,6.339,0
0.88108,0.079666,0.067201,1.138,0.21586,0.0048286,0.14122,0.73498,0.012062,0.30631,5.222,2.986,5.361,0.602,3.267,3.032,3.916,1.153,1.226,5.361,0
0.77769,0.16548,0.11369,1.0204,0.13311,0.0083039,0.37451,0.59355,0.0088324,0.31448,5.686,3.370,5.804,0.885,2.283,1.336,3.997,2.833,1.829,5.804,0
1.1419,0.40646,0.063225,1.3329,0.12909,0.011632,0.1646,0.31954,0.027064,0.19211,9.357,6.463,9.324,3.054,0.428,3.053,5.533,1.603,3.105,9.357,0
0.89139,0.17454,0.069814,1.2949,0.37392,0.0098135,0.17265,0.63737,0.0059745,0.11249,6.854,4.386,6.934,1.615,2.263,1.106,9.716,1.237,0.630,9.716,0
0.34701,0.042183,0.12525,1.5087,0.050752,0.0049045,0.20626,0.75829,0.0056341,0.24222,0.733,0.818,1.052,2.143,3.592,3.512,5.336,2.047,2.383,5.336,0
0.70536,0.041436,0.068365,1.2159,0.09794,0.005808,0.29062,0.14348,0.023265,0.15702,4.060,2.013,4.249,0.089,3.579,3.492,6.509,0.987,4.097,6.509,0
1.1745,0.22597,0.24346,1.2254,0.16087,0.011508,0.18454,0.038188,0.021474,0.19234,9.402,6.479,9.361,3.060,1.402,0.259,5.810,7.025,2.931,9.402,0
0.32655,0.3869,0.043829,1.3769,0.33404,0.011486,0.48706,0.5648,0.009753,0.3254,2.152,0.398,2.416,1.113,0.538,3.702,3.856,1.143,0.489,3.856,0
0.77962,0.36264,0.19804,1.3694,0.35886,0.00024255,0.33189,0.13692,0.0067873,0.37097,2.427,0.615,2.677,1.109,1.955,1.478,2.533,3.007,2.938,3.007,0
0.15156,0.12423,0.2283,1.0381,0.097439,0.010672,0.48458,0.095473,0.0077372,0.14431,0.479,1.884,0.124,2.938,2.696,1.807,8.176,5.069,3.498,8.176,0
0.75377,0.27359,0.083875,1.2654,0.098577,0.0088792,0.45035,0.38665,0.021169,0.18768,5.578,3.306,5.709,0.890,1.325,0.432,5.696,1.795,2.126,5.709,0
0.55067,0.42335,0.18754,1.4433,0.34727,0.010693,0.4461,0.72657,0.0078793,0.16387,4.339,2.273,4.526,0.201,0.266,3.535,7.819,4.803,0.300,7.819,0
0.18314,0.33051,0.058576,1.1416,0.17316,0.0036865,0.40068,0.4873,0.0046581,0.22936,0.918,2.263,0.548,3.217,1.733,0.564,5.119,0.667,1.716,5.119,0
0.64493,0.39868,0.21417,1.1993,0.12665,0.011843,0.25765,0.42684,0.017821,0.38497,5.801,3.478,5.917,0.956,0.694,3.172,2.962,7.364,1.924,7.364,0
0.28385,0.2358,0.24518,1.3969,0.093201,0.0019877,0.39441,0.59376,0.017945,0.17077,0.438,1.833,0.079,2.889,2.602,1.975,5.731,3.294,1.509,5.731,0
0.17477,0.27586,0.24846,1.162,0.2747,0.010612,0.3821,0.79801,0.007155,0.22213,0.082,1.539,0.260,2.683,1.036,0.833,5.973,6.932,0.222,6.932,0
0.46573,0.12975,0.043703,1.1003,0.34784,0.0063694,0.32268,0.17718,0.020681,0.13893,2.362,0.562,2.615,1.142,2.821,2.248,7.127,0.573,3.457,7.127,0
0.54373,0.10489,0.121,1.2398,0.33791,0.0085446,0.13297,0.28431,0.028272,0.22961,3.947,1.915,4.140,0.165,2.801,2.227,4.540,3.303,2.758,4.540,0
0.39972,0.25625,0.19466,1.5858,0.056807,0.0070549,0.109,0.26609,0.01594,0.34604,1.912,0.198,2.190,1.399,1.534,0.155,3.132,4.823,3.461,4.823,0
0.53056,0.33912,0.022665,1.2761,0.23827,0.0022326,0.44241,0.067882,0.022907,0.13701,1.559,0.116,1.846,1.633,1.930,1.018,6.076,0.093,4.643,6.076,0
0.85104,0.39281,0.13941,1.2943,0.36639,0.0096206,0.27769,0.25166,0.028207,0.29952,7.151,4.633,7.217,1.794,0.327,2.462,3.163,4.405,2.368,7.217,0
0.49319,0.29566,0.13603,1.4678,0.060711,0.0068705,0.24298,0.062703,0.024458,0.20317,2.714,0.886,2.962,0.894,1.386,0.183,4.897,2.832,4.046,4.897,0
0.73681,0.25131,0.10047,1.3459,0.13549,0.0060313,0.41046,0.19624,0.0070774,0.25934,4.464,2.357,4.638,0.169,1.867,0.641,4.727,1.895,3.706,4.727,0
0.22621,0.2293,0.032756,1.3311,0.14196,0.010261,0.26551,0.1083,0.01022,0.23362,0.517,1.013,0.841,2.291,1.527,0.071,5.417,0.515,4.515,5.417,0
0.24782,0.43207,0.083004,1.208,0.36974,0.0056141,0.21341,0.32725,0.024536,0.25069,0.120,1.363,0.455,2.552,0.300,1.409,3.480,1.758,2.028,3.480,0
0.24619,0.36812,0.083335,1.0915,0.1486,0.0096422,0.18971,0.51332,0.02787,0.39268,0.831,0.761,1.137,2.116,0.069,2.092,2.331,2.483,1.499,2.483,1
0.63184,0.47201,0.0041913,1.1222,0.33742,0.0067024,0.13458,0.14633,0.015987,0.19001,4.010,1.959,4.197,0.138,0.003,2.091,5.365,0.367,4.454,5.365,0
0.58522,0.085324,0.050886,1.0537,0.38877,0.0077785,0.39208,0.0026959,0.028266,0.15492,4.016,1.964,4.203,0.128,3.087,2.690,6.308,0.959,4.666,6.308,0
0.31671,0.2278,0.089061,1.4886,0.37075,0.0086362,0.39862,0.24462,0.015179,0.10607,1.237,0.370,1.543,1.804,1.845,0.466,9.006,1.642,2.607,9.006,0
0.54913,0.17568,0.15484,1.0414,0.30385,0.00066819,0.15531,0.61657,0.019787,0.34365,1.297,0.370,1.583,1.840,2.922,2.729,2.868,2.385,0.444,2.922,1
0.89084,0.11125,0.046434,1.3992,0.25017,0.0025717,0.27515,0.25445,0.014069,0.23434,4.183,2.125,4.371,0.006,3.189,2.948,4.836,0.419,3.058,4.836,0
1.0103,0.27701,0.045923,1.5951,0.096353,0.0015604,0.37575,0.070251,0.019376,0.33325,4.340,2.269,4.525,0.106,2.261,1.613,2.709,0.355,4.696,4.696,0
0.53994,0.49424,0.24655,1.4919,0.055099,0.0054639,0.18466,0.019442,0.023523,0.12404,2.537,0.740,2.794,1.000,0.482,1.731,6.652,4.027,3.100,6.652,0
1.052,0.17674,0.17699,1.5398,0.14715,0.0091728,0.403,0.36594,0.014057,0.12383,7.653,5.086,7.707,2.171,2.305,1.116,8.408,3.500,2.233,8.408,0
0.41275,0.41211,0.095123,1.5584,0.17705,0.0056972,0.42692,0.13267,0.025172,0.17326,1.628,0.036,1.919,1.558,0.691,1.232,5.132,1.669,3.937,5.132,0
0.20236,0.074693,0.22993,1.0025,0.097021,0.006403,0.17199,0.75338,0.012845,0.39188,0.274,1.715,0.071,2.820,3.222,2.945,3.061,5.674,1.823,5.674,0
1.1234,0.36916,0.2032,1.4336,0.29032,0.010048,0.10706,0.1884,0.013022,0.22723,8.929,6.110,8.916,2.804,0.138,2.134,5.344,5.703,3.162,8.929,0
0.14295,0.38747,0.076456,1.1631,0.12875,0.0074587,0.10414,0.22757,0.014904,0.32796,0.816,2.175,0.449,3.153,0.383,1.551,3.238,1.723,4.131,4.131,0
1.0738,0.13321,0.15527,1.4256,0.39931,0.00014429,0.19416,0.52212,0.017546,0.14397,3.953,1.937,4.152,0.136,3.244,3.156,6.770,1.901,0.136,6.770,0
0.19788,0.40213,0.16615,1.5504,0.37457,0.0073881,0.32142,0.54216,0.0041871,0.33058,0.175,1.604,0.175,2.723,0.171,1.826,3.825,4.325,0.393,4.325,0
1.1926,0.050655,0.157,1.4183,0.36564,0.004308,0.39193,0.7237,0.012451,0.38907,7.151,4.566,7.198,1.695,3.488,3.414,3.097,3.511,0.597,7.198,0
0.32842,0.33116,0.053805,1.0082,0.050364,0.0079966,0.40251,0.062952,0.024765,0.1648,1.271,0.379,1.563,1.832,1.052,0.779,5.996,0.873,4.768,5.996,0
0.42373,0.11853,0.11271,1.1458,0.18476,0.0027792,0.39411,0.55396,0.023389,0.32528,1.030,0.585,1.331,1.981,3.091,2.834,3.162,1.935,0.871,3.162,0
0.93775,0.15804,0.062431,1.1759,0.29964,0.0076259,0.34874,0.32604,0.023847,0.32857,7.038,4.530,7.106,1.738,2.303,1.496,3.192,1.494,1.942,7.106,0
1.197,0.14368,0.055576,1.5265,0.35319,0.0058202,0.21079,0.15903,0.026278,0.152,7.701,5.044,7.731,2.032,2.703,2.072,6.314,0.851,3.708,7.731,0
1.0315,0.34316,0.14067,1.4109,0.2642,0.0064538,0.15962,0.43573,0.029194,0.36756,7.325,4.786,7.387,1.905,0.706,0.829,2.268,3.705,1.508,7.387,0
0.10943,0.084459,0.065668,1.5534,0.30431,0.0035988,0.31066,0.57741,0.0060303,0.21196,1.573,2.819,1.177,3.622,3.320,3.106,5.877,0.832,0.706,5.877,0
0.33678,0.14561,0.20961,1.5233,0.37699,0.0075822,0.11246,0.43772,0.0074804,0.21592,1.369,0.267,1.667,1.738,2.539,1.735,5.791,5.073,1.745,5.791,0
0.8026,0.13153,0.20311,1.2151,0.19416,0.0028634,0.23541,0.056744,0.029845,0.32672,3.874,1.846,4.068,0.216,2.979,2.676,2.944,3.975,2.996,4.068,0
1.1727,0.17075,0.035825,1.1191,0.057384,0.011119,0.40334,0.56983,0.024491,0.38427,9.551,6.614,9.505,3.186,1.831,0.642,2.786,0.871,1.946,9.551,0
1.1384,0.29231,0.084098,1.4735,0.31607,0.00058062,0.27015,0.74322,0.02616,0.2748,4.668,2.486,4.823,0.174,2.278,1.841,3.005,1.027,0.368,4.823,0
0.95016,0.36461,0.13725,1.2679,0.23887,0.010121,0.39065,0.57213,0.011959,0.10843,7.255,4.727,7.319,1.908,0.636,1.758,9.653,2.784,1.117,9.653,0
0.52683,0.49084,0.21664,1.2897,0.058774,0.004922,0.457,0.047945,0.0072535,0.2777,2.398,0.595,2.651,1.115,0.379,1.782,3.799,4.154,3.592,4.154,0
1.1966,0.27731,0.2416,1.1586,0.26508,0.0067866,0.35821,0.67061,0.016631,0.29114,8.138,5.400,8.143,2.300,1.397,0.061,3.704,6.152,0.388,8.143,0
1.1147,0.48662,0.0072572,1.5506,0.27033,0.0088668,0.49673,0.41975,0.016611,0.32402,8.704,5.949,8.709,2.736,0.974,3.923,2.997,0.236,1.199,8.709,0
0.29099,0.46562,0.012051,1.0613,0.13693,0.010685,0.46922,0.14553,0.029145,0.24294,1.514,0.172,1.796,1.675,0.953,3.949,3.939,0.058,3.973,3.973,0
0.6311,0.28015,0.19936,1.0486,0.24296,0.0059518,0.15266,0.77184,0.011864,0.1489,3.555,1.568,3.759,0.423,1.781,0.501,7.187,3.768,0.873,7.187,0
0.70576,0.236,0.12828,1.5554,0.10236,0.011166,0.14485,0.3739,0.0057095,0.1469,5.560,3.305,5.697,0.844,1.613,0.209,8.563,2.667,3.293,8.563,0
0.62095,0.31732,0.17165,1.1257,0.11529,0.0038868,0.313,0.32158,0.02014,0.33053,2.921,1.025,3.148,0.818,1.592,0.502,2.790,3.392,2.458,3.392,0
0.13427,0.29139,0.12757,1.2565,0.26249,0.0020664,0.35673,0.751,0.01909,0.38147,1.465,2.735,1.075,3.566,2.003,1.331,2.313,2.199,0.031,3.566,0
1.0709,0.34304,0.054649,1.3163,0.29505,0.0070356,0.21915,0.73088,0.0051804,0.35132,7.617,5.021,7.662,2.065,0.778,0.906,3.536,1.096,0.630,7.662,0
0.30426,0.36861,0.20178,1.499,0.25678,0.0070851,0.10333,0.028679,0.023444,0.25058,0.960,0.622,1.271,1.998,0.548,1.281,3.861,5.105,3.095,5.105,0
0.59698,0.27782,0.23127,1.3234,0.12419,0.0085157,0.1529,0.69193,0.018532,0.27905,4.277,2.196,4.457,0.038,1.176,0.454,3.936,6.201,1.608,6.201,0
0.27693,0.24491,0.087774,1.1052,0.1658,0.0035601,0.25842,0.7689,0.028239,0.2378,0.054,1.518,0.286,2.667,2.182,1.395,3.885,1.419,0.708,3.885,0
0.58811,0.41874,0.033968,1.5368,0.11727,0.0014143,0.13747,0.73712,0.0099316,0.35754,1.667,0.028,1.948,1.574,1.495,0.509,2.436,0.125,1.744,2.436,1
0.87708,0.29654,0.12387,1.1733,0.052341,0.0030125,0.16141,0.59539,0.011036,0.37878,4.215,2.131,4.393,0.015,1.926,1.013,2.706,2.052,2.080,4.393,0
0.89496,0.37174,0.013263,1.5007,0.26546,0.010547,0.37166,0.18571,0.0068576,0.38001,7.580,4.998,7.630,2.089,0.186,2.554,3.488,0.002,3.678,7.630,0
0.58138,0.069687,0.16913,1.0223,0.34643,0.0027916,0.38539,0.77667,0.0085593,0.2282,2.246,0.442,2.497,1.243,3.450,3.358,5.362,2.940,0.573,5.362,0
0.30183,0.22433,0.14266,1.0702,0.22588,0.0064661,0.36458,0.091351,0.0077829,0.28747,0.773,0.811,1.081,2.154,1.967,0.895,4.276,3.237,3.882,4.276,0
1.0424,0.34158,0.051781,1.5351,0.27438,0.0066842,0.38342,0.57612,0.026585,0.22855,7.330,4.805,7.396,1.971,0.852,0.819,4.121,0.939,0.409,7.396,0
0.52905,0.1202,0.14975,1.4859,0.26569,0.00048291,0.15003,0.23583,0.021934,0.36893,1.076,0.532,1.380,1.942,3.236,3.148,2.729,2.214,3.018,3.236,0
0.69927,0.16684,0.1116,1.4532,0.38392,0.00031752,0.35336,0.052023,0.024286,0.12301,1.910,0.191,2.186,1.406,3.065,2.896,6.948,1.226,3.852,6.948,0
0.13378,0.071537,0.24468,1.2702,0.34942,0.0072551,0.18759,0.32566,0.011448,0.38259,0.911,2.254,0.540,3.210,3.184,2.888,3.202,6.826,1.829,6.826,0
0.88795,0.36162,0.16437,1.5698,0.25514,0.0083733,0.28033,0.69556,0.022606,0.32721,6.898,4.433,6.980,1.656,0.238,1.717,2.989,4.726,0.428,6.980,0
0.72511,0.023517,0.12487,1.2373,0.28779,0.0028926,0.31389,0.25678,0.026013,0.33804,3.414,1.454,3.625,0.502,3.737,3.807,3.186,2.363,2.486,3.807,0
0.9515,0.17529,0.049455,1.2825,0.25638,0.01082,0.43258,0.4413,0.0079571,0.1442,7.601,5.028,7.651,2.137,2.138,0.859,8.245,0.860,1.475,8.245,0
1.0565,0.47222,0.1418,1.2433,0.29806,2.2538e-05,0.11002,0.6325,0.028488,0.38759,3.892,1.862,4.086,0.204,1.392,0.840,1.266,2.053,1.079,4.086,0
0.99359,0.075166,0.10848,1.1206,0.12628,0.0037274,0.10065,0.60642,0.02219,0.23907,5.380,3.126,5.515,0.708,3.372,3.205,4.519,1.799,2.519,5.515,0
0.84272,0.31079,0.018585,1.4563,0.38019,0.008966,0.46316,0.63306,0.023931,0.36512,6.908,4.448,6.987,1.732,0.500,1.607,2.532,0.185,0.411,6.987,0
0.44211,0.17715,0.07687,1.4526,0.18038,0.0031601,0.34898,0.77637,0.012934,0.31163,1.239,0.388,1.538,1.829,2.677,2.143,3.560,1.133,0.874,3.560,0
0.91184,0.36384,0.044836,1.1996,0.083581,0.001738,0.21384,0.29961,0.027425,0.10155,3.503,1.545,3.716,0.422,2.054,1.115,6.938,0.131,3.137,6.938,0
1.0283,0.41413,0.15409,1.3247,0.31932,0.0059372,0.22514,0.37574,0.011492,0.22062,6.778,4.321,6.861,1.571,0.561,1.259,4.920,3.304,1.736,6.861,0
0.83958,0.10018,0.052251,1.2847,0.39019,0.0075216,0.41621,0.22484,0.0093118,0.25727,6.109,3.751,6.217,1.197,2.934,2.438,4.842,1.034,2.864,6.217,0
0.472,0.21807,0.010844,1.1296,0.33652,0.010417,0.14553,0.087269,0.027278,0.11397,3.463,1.508,3.676,0.451,1.669,0.229,7.903,0.161,4.708,7.903,0
1.0399,0.2888,0.050373,1.2808,0.24187,0.0026787,0.2128,0.11131,0.018765,0.28449,5.302,3.067,5.442,0.670,1.984,1.180,3.343,0.572,4.306,5.442,0
1.105,0.22579,0.047136,1.3863,0.2294,0.011832,0.31188,0.79964,0.020747,0.30043,9.530,6.625,9.494,3.208,1.153,0.508,3.791,1.295,0.588,9.530,0
0.86424,0.24282,0.078195,1.1528,0.38706,0.0073784,0.34428,0.4606,0.017531,0.31181,6.380,3.971,6.474,1.324,1.542,0.334,3.479,1.934,0.380,6.474,0
0.35169,0.37398,0.097374,1.1046,0.081663,0.0064699,0.26403,0.1132,0.027555,0.13294,1.148,0.476,1.447,1.898,1.027,0.770,6.541,1.628,4.263,6.541,0
0.42647,0.44477,0.22658,1.3288,0.24788,0.0050813,0.45503,0.31695,0.0093806,0.15418,1.527,0.139,1.817,1.641,0.775,1.170,6.730,4.010,2.138,6.730,0
0.15084,0.252,0.10938,1.2963,0.077099,0.0071074,0.1028,0.12563,0.019921,0.30799,0.772,2.132,0.405,3.117,1.593,0.273,3.410,2.545,4.309,4.309,0
0.69181,0.42796,0.028691,1.5889,0.36671,0.0019934,0.27204,0.1537,0.014513,0.19119,2.660,0.839,2.910,0.934,1.296,0.206,4.645,0.051,3.794,4.645,0
1.1399,0.28484,0.12022,1.021,0.1491,0.0086457,0.33327,0.09718,0.024463,0.29321,8.599,5.812,8.593,2.602,1.049,0.536,3.487,3.270,4.072,8.599,0
0.86184,0.4839,0.18047,1.5576,0.21049,0.008102,0.34021,0.19984,0.016398,0.25188,6.379,3.997,6.483,1.354,0.522,3.068,4.183,4.594,3.249,6.483,0
0.62617,0.13558,0.065354,1.5844,0.293,0.0014174,0.1156,0.13563,0.023855,0.21881,2.000,0.269,2.273,1.351,3.105,2.885,4.579,0.702,4.226,4.579,0
1.1776,0.465,0.027857,1.3218,0.12512,0.010358,0.40926,0.40972,0.0086342,0.22856,8.934,6.093,8.914,2.808,0.557,3.556,5.779,0.355,2.367,8.934,0
1.1809,0.35711,0.14011,1.3363,0.17562,0.0054448,0.13936,0.67409,0.029831,0.15456,7.251,4.662,7.299,1.756,1.170,0.387,5.542,2.617,0.990,7.299,0
0.24562,0.25314,0.082994,1.5395,0.2563,0.007123,0.21331,0.78178,0.01947,0.28694,0.324,1.170,0.658,2.401,1.518,0.194,3.685,1.898,0.447,3.685,0
1.0448,0.31658,0.040209,1.4007,0.057754,0.0048188,0.48327,0.31913,0.021459,0.33819,6.329,3.961,6.432,1.385,1.410,0.068,2.697,0.498,2.680,6.432,0
0.93186,0.043696,0.14383,1.3416,0.31784,0.0012643,0.48988,0.22072,0.0282,0.22645,3.882,1.866,4.079,0.149,3.648,3.691,4.568,2.197,2.594,4.568,0
0.56749,0.031227,0.045673,1.189,0.11738,0.0018431,0.28786,0.42066,0.013833,0.2781,1.691,0.023,1.966,1.580,3.721,3.778,4.284,0.337,2.147,4.284,0
0.15269,0.46704,0.057295,1.1496,0.33068,0.0066047,0.46146,0.56316,0.027928,0.20461,0.784,2.145,0.418,3.126,0.122,2.424,4.065,1.097,0.037,4.065,0
0.64986,0.039942,0.019516,1.1771,0.073394,0.0052279,0.45002,0.76974,0.025074,0.1624,3.432,1.478,3.645,0.434,3.603,3.540,6.254,0.066,1.536,6.254,0
1.0584,0.25035,0.2109,1.1796,0.27501,0.0084949,0.38541,0.28829,0.0045016,0.25493,7.899,5.259,7.932,2.275,1.515,0.050,5.210,5.409,2.483,7.932,0
0.29366,0.32643,0.03303,1.3332,0.22739,0.0025502,0.38808,0.66655,0.016993,0.38274,0.095,1.546,0.249,2.686,1.698,0.823,2.310,0.237,0.574,2.686,1
0.79622,0.11802,0.15545,1.4693,0.24557,0.006655,0.11045,0.65632,0.027141,0.25667,5.454,3.209,5.593,0.777,2.800,2.245,4.039,3.813,1.069,5.593,0
0.1686,0.48172,0.044089,1.3718,0.31678,0.0067636,0.376,0.42802,0.026815,0.13311,0.649,2.014,0.282,3.023,0.048,2.310,6.247,0.596,0.785,6.247,0
0.3439,0.043866,0.19896,1.2361,0.35441,0.0042593,0.13528,0.44278,0.018711,0.38108,0.808,0.773,1.118,2.121,3.545,3.507,2.972,4.610,1.292,4.610,0
0.47439,0.41664,0.2202,1.5744,0.21036,0.010963,0.16904,0.39391,0.014796,0.37123,3.831,1.835,4.035,0.214,0.755,3.274,3.140,7.263,2.034,7.263,0
0.11728,0.43017,0.080855,1.3475,0.1406,0.0099382,0.2311,0.10899,0.027054,0.2953,0.884,2.226,0.512,3.185,0.597,3.026,3.275,2.263,4.271,4.271,0
1.0537,0.44367,0.1402,1.2114,0.13408,0.011745,0.36851,0.49973,0.019662,0.32782,9.064,6.251,9.050,2.985,1.046,3.935,3.350,4.622,1.679,9.064,0
0.6559,0.32661,0.011223,1.4371,0.064316,0.0026144,0.14831,0.43461,0.014843,0.23017,2.480,0.672,2.732,1.061,1.929,0.903,4.303,0.276,3.177,4.303,0
1.1646,0.21969,0.19531,1.4153,0.31132,0.00097942,0.27279,0.58763,0.005651,0.24863,4.856,2.622,4.997,0.265,2.700,2.320,4.638,2.823,0.505,4.997,0
0.9732,0.13019,0.054172,1.0659,0.35212,0.011257,0.39632,0.62687,0.020382,0.30573,8.549,5.812,8.554,2.687,2.305,1.405,3.725,1.575,0.017,8.554,0
0.60386,0.058221,0.19123,1.429,0.1716,0.0019186,0.30971,0.26322,0.0040147,0.35305,1.978,0.234,2.246,1.387,3.548,3.516,3.729,3.058,3.019,3.729,0
0.94528,0.065199,0.11785,1.2575,0.23986,0.011531,0.32573,0.038571,0.0060021,0.38842,8.218,5.520,8.236,2.443,3.085,2.645,3.456,3.817,4.139,8.236,0
0.43053,0.30315,0.11613,1.2128,0.29738,0.0077601,0.20362,0.48666,0.010823,0.19371,2.373,0.574,2.627,1.134,1.207,0.432,6.062,2.567,1.248,6.062,0
0.62229,0.40478,0.0036912,1.3678,0.35556,0.006819,0.39163,0.22578,0.020451,0.1757,3.989,1.962,4.185,0.118,0.441,1.507,5.553,0.378,2.925,5.553,0
1.1616,0.36098,0.22903,1.1328,0.13579,0.0017896,0.31683,0.40395,0.01498,0.23473,5.176,2.891,5.302,0.462,1.861,0.967,4.017,3.426,1.744,5.302,0
0.83608,0.19546,0.055115,1.4959,0.35663,0.0095141,0.38249,0.40593,0.005882,0.31379,6.787,4.332,6.871,1.608,1.785,0.515,4.219,1.324,1.303,6.871,0
0.79197,0.17493,0.047579,1.344,0.35975,0.0099621,0.46109,0.71633,0.029454,0.17847,6.575,4.166,6.669,1.529,1.993,0.815,5.635,1.057,0.639,6.669,0
0.45201,0.46019,0.070774,1.0004,0.099351,0.0023468,0.31953,0.44921,0.023873,0.28967,1.068,0.560,1.365,1.970,1.063,0.150,2.548,0.906,1.584,2.548,1
0.98631,0.44394,0.13511,1.2676,0.2898,0.011457,0.18111,0.7568,0.024306,0.36072,8.764,5.986,8.762,2.755,1.199,3.724,2.796,4.723,0.331,8.764,0
0.54828,0.065967,0.18823,1.5701,0.13852,0.0073579,0.18304,0.65827,0.016714,0.275,3.470,1.528,3.689,0.438,3.272,2.971,4.229,4.594,1.527,4.594,0
0.46899,0.291,0.021191,1.2343,0.24974,3.4668e-05,0.23041,0.79209,0.013434,0.27561,0.438,1.089,0.762,2.350,2.467,2.111,3.479,0.141,0.392,3.479,0
0.47388,0.25983,0.020271,1.4827,0.374,0.0025103,0.1288,0.68467,0.01775,0.39024,1.448,0.209,1.739,1.701,2.077,1.428,2.390,0.014,0.774,2.390,1
0.41995,0.18627,0.12771,1.3887,0.12108,0.0040459,0.38188,0.54716,0.0055553,0.27695,1.225,0.403,1.523,1.841,2.587,1.893,4.465,2.140,1.901,4.465,0
0.4009,0.036894,0.091246,1.452,0.24043,0.0012005,0.23372,0.77903,0.009289,0.22019,0.290,1.203,0.624,2.426,3.704,3.757,5.545,1.006,0.583,5.545,0
0.63232,0.033321,0.017962,1.4706,0.16356,0.0035709,0.12819,0.27402,0.010436,0.14352,2.609,0.791,2.860,0.970,3.695,3.699,7.724,0.176,4.027,7.724,0
0.99004,0.29844,0.24747,1.3865,0.052906,0.0041435,0.11288,0.48413,0.0076869,0.14882,5.100,2.908,5.253,0.561,2.060,0.834,7.309,3.445,2.746,7.309,0
0.73898,0.22789,0.012979,1.359,0.2031,2.0918e-06,0.44166,0.75781,0.028219,0.16226,1.869,0.147,2.143,1.441,2.836,2.567,5.260,0.290,0.175,5.260,0
0.55715,0.44699,0.15466,1.2334,0.36994,0.010483,0.29285,0.53435,0.014131,0.19468,4.486,2.372,4.658,0.165,0.587,3.180,6.168,4.340,0.357,6.168,0
0.63686,0.25762,0.099655,1.467,0.37465,0.0051857,0.32621,0.46373,0.0069385,0.34814,3.651,1.668,3.858,0.341,1.738,0.680,3.399,2.126,0.640,3.858,0
0.88356,0.34908,0.081099,1.5457,0.31313,0.0043324,0.26752,0.38463,0.02958,0.10468,4.913,2.771,5.081,0.476,1.443,0.113,7.050,1.107,1.367,7.050,0
0.76158,0.070852,0.041302,1.4001,0.30363,0.005131,0.38793,0.030232,0.024097,0.19968,4.516,2.412,4.692,0.212,3.327,3.115,5.274,0.516,4.839,5.274,0
0.43633,0.49651,0.21521,1.2296,0.33611,0.0060221,0.32089,0.71016,0.009458,0.12616,1.881,0.159,2.155,1.431,0.248,1.891,7.949,4.013,0.119,7.949,0
0.70808,0.382,0.014156,1.3551,0.21897,0.0075889,0.45111,0.57568,0.0053931,0.14928,4.627,2.504,4.798,0.297,0.839,1.439,7.994,0.159,1.366,7.994,0
1.1596,0.24432,0.17479,1.1182,0.19682,0.01043,0.24827,0.74787,0.0041661,0.36184,9.143,6.254,9.110,2.891,1.223,0.392,3.828,5.293,1.380,9.143,0
0.31791,0.023161,0.070029,1.1056,0.24432,0.0041194,0.33991,0.37695,0.019139,0.38357,0.497,1.047,0.816,2.326,3.722,3.775,2.978,1.266,1.709,3.775,0
0.12259,0.48128,0.011415,1.3868,0.21206,0.0095662,0.29883,0.17957,0.021535,0.32494,0.840,2.188,0.470,3.157,1.023,3.606,3.036,0.082,3.750,3.750,0
0.70288,0.20827,0.19325,1.1081,0.17951,0.00069305,0.34994,0.79317,0.012482,0.17082,1.932,0.183,2.198,1.428,2.898,2.567,6.053,2.274,0.736,6.053,0
0.84738,0.14652,0.11046,1.332,0.24566,0.0043879,0.41597,0.43213,0.015817,0.32704,4.867,2.699,5.025,0.425,2.746,2.241,3.383,2.194,1.084,5.025,0
0.65106,0.15579,0.11031,1.5324,0.24697,0.0074873,0.20682,0.11749,0.021468,0.2112,4.440,2.354,4.621,0.163,2.437,1.576,5.094,2.504,4.032,5.094,0
0.57643,0.40299,0.016525,1.2174,0.052168,0.0096655,0.31839,0.28053,0.026742,0.29373,4.472,2.356,4.643,0.154,0.214,2.533,3.336,0.074,3.177,4.643,0
1.0847,0.423,0.14671,1.222,0.33214,0.0016273,0.3016,0.73915,0.01965,0.30325,5.094,2.886,5.241,0.536,1.302,0.406,2.552,2.455,0.426,5.241,0
0.68805,0.49967,0.07965,1.4989,0.07782,0.0010047,0.19202,0.12322,0.0074134,0.1049,1.711,0.025,1.996,1.525,1.743,0.518,7.750,0.352,4.477,7.750,0
1.0477,0.066611,0.2122,1.4318,0.060433,0.0031779,0.46627,0.35689,0.014828,0.34672,5.441,3.196,5.579,0.822,3.441,3.324,3.344,3.867,2.338,5.579,0
0.33802,0.47694,0.096504,1.5381,0.10256,0.0081151,0.22254,0.37473,0.018938,0.37979,1.557,0.111,1.846,1.627,0.667,3.054,2.451,2.503,2.564,3.054,0
1.0193,0.3558,0.089177,1.0011,0.33442,0.0028109,0.21505,0.59414,0.022705,0.32995,5.402,3.132,5.531,0.704,1.440,0.519,2.512,1.558,0.204,5.531,0
0.36366,0.30939,0.22435,1.2314,0.12948,0.0047749,0.27875,0.079659,0.024922,0.27843,1.013,0.593,1.317,1.986,1.498,0.276,3.309,4.809,3.004,4.809,0
0.44626,0.3327,0.20376,1.5232,0.12802,0.010742,0.22816,0.78793,0.021953,0.27451,3.377,1.451,3.600,0.488,0.250,1.948,4.000,6.221,1.457,6.221,0
0.71574,0.13182,0.19739,1.2441,0.14546,0.0087051,0.25256,0.45961,0.0068468,0.23347,5.193,2.969,5.336,0.591,2.634,1.819,5.513,4.766,2.004,5.513,0
0.40145,0.052351,0.18196,1.1221,0.10347,0.010313,0.29633,0.037381,0.025824,0.30619,2.802,0.931,3.036,0.879,3.287,3.006,3.557,5.634,3.524,5.634,0
0.28164,0.13843,0.24323,1.4607,0.3378,0.007891,0.17769,0.06666,0.0060912,0.22007,0.805,0.757,1.121,2.099,2.595,1.807,5.812,5.943,2.622,5.943,0
0.32419,0.45904,0.22094,1.23,0.21646,0.0069917,0.1162,0.12862,0.0093596,0.17947,1.019,0.585,1.323,1.979,0.248,1.981,6.371,4.625,3.219,6.371,0
0.68468,0.33799,0.19828,1.4407,0.25388,0.0031997,0.33234,0.030835,0.022134,0.35627,3.228,1.306,3.450,0.603,1.460,0.434,2.348,4.042,2.993,4.042,0
0.28908,0.49513,0.14618,1.4067,0.36378,0.0087509,0.43861,0.27053,0.0093182,0.11454,0.937,0.637,1.251,2.004,0.295,3.144,9.280,2.957,2.331,9.280,0
0.3722,0.22122,0.051304,1.1559,0.16278,0.0061195,0.40509,0.12544,0.024577,0.20818,1.391,0.270,1.680,1.748,2.058,1.025,4.842,0.797,4.115,4.842,0
0.32582,0.16601,0.023728,1.1713,0.17322,0.0046994,0.11755,0.26114,0.019863,0.1431,0.521,1.013,0.844,2.291,2.731,2.088,6.882,0.007,4.062,6.882,0
0.65249,0.34584,0.0058312,1.5807,0.32497,0.0057221,0.26574,0.24371,0.018366,0.23683,3.913,1.906,4.114,0.162,1.010,0.527,4.241,0.324,3.060,4.241,0
1.1551,0.027699,0.15099,1.0598,0.14154,0.0080056,0.25041,0.61146,0.024542,0.27199,8.382,5.621,8.383,2.444,3.625,3.585,4.040,3.943,1.307,8.383,0
0.32123,0.44642,0.074578,1.382,0.14533,0.0063104,0.10926,0.050189,0.017169,0.14554,0.795,0.764,1.112,2.101,0.541,1.586,6.672,1.095,4.645,6.672,0
0.26954,0.15092,0.15769,1.0826,0.18439,0.0095896,0.21127,0.72944,0.0092716,0.26548,0.988,0.624,1.290,2.016,2.332,1.357,4.780,4.261,1.415,4.780,0
0.71103,0.13624,0.13858,1.1718,0.39907,0.0005062,0.34242,0.21404,0.010458,0.38304,2.223,0.428,2.477,1.253,3.138,3.041,2.952,2.127,2.774,3.138,0
0.60196,0.10617,0.083566,1.4279,0.31287,0.0025919,0.24691,0.47465,0.021489,0.23799,2.349,0.558,2.606,1.145,3.194,2.981,4.449,1.239,0.716,4.449,0
0.33832,0.47569,0.024102,1.2587,0.29783,0.010435,0.10798,0.072679,0.023688,0.35649,2.162,0.391,2.423,1.269,1.272,3.787,2.713,0.430,4.857,4.857,0
0.89653,0.12389,0.07224,1.4376,0.24412,0.0068071,0.19043,0.63688,0.023702,0.15803,6.062,3.730,6.178,1.155,2.826,2.212,6.365,1.276,0.789,6.365,0
0.691,0.048697,0.042946,1,0.14456,0.0038563,0.30595,0.45185,0.013345,0.30555,3.374,1.404,3.582,0.549,3.551,3.495,3.910,0.475,1.825,3.910,0
1.0411,0.035019,0.11667,1.1919,0.30447,0.0058402,0.10431,0.019937,0.018428,0.12561,6.627,4.193,6.715,1.482,3.630,3.585,7.874,2.044,4.034,7.874,0
0.40917,0.12738,0.19703,1.4568,0.30009,0.00056121,0.23824,0.64886,0.0044409,0.39425,0.244,1.248,0.577,2.464,3.201,3.088,3.141,3.002,0.466,3.201,0
1.1901,0.48564,0.11941,1.2099,0.37591,0.00034552,0.30882,0.013267,0.0067407,0.25691,4.570,2.354,4.712,0.067,1.372,0.654,3.429,1.542,3.885,4.712,0
0.2667,0.32105,0.0719,1.1671,0.22121,0.0066653,0.2265,0.030539,0.029375,0.3013,0.515,1.026,0.835,2.306,0.971,0.507,2.985,1.617,4.507,4.507,0
0.54429,0.028941,0.076168,1.0493,0.15009,0.010989,0.18713,0.66452,0.020795,0.32049,4.571,2.428,4.734,0.194,3.550,3.448,3.557,2.256,1.501,4.734,0
1.1499,0.077093,0.11697,1.5245,0.26307,0.0051736,0.13865,0.46842,0.028294,0.10462,6.975,4.461,7.045,1.618,3.325,3.070,8.007,1.853,1.712,8.007,0
1.095,0.040338,0.0447,1.2668,0.23003,0.011065,0.28302,0.34858,0.020507,0.25299,9.153,6.310,9.134,2.983,3.419,3.207,4.501,1.078,2.268,9.153,0
0.11358,0.45793,0.049709,1.3737,0.37204,0.0087306,0.16104,0.11047,0.0055806,0.38677,1.031,2.355,0.655,3.283,0.656,2.971,3.284,1.167,4.343,4.343,0
0.23897,0.11656,0.064528,1.4343,0.16603,0.0066347,0.14704,0.6146,0.0046719,0.33987,0.119,1.356,0.457,2.543,2.849,2.283,3.869,1.235,2.024,3.869,0
1.0594,0.44012,0.21445,1.4462,0.18656,0.0085209,0.14574,0.47001,0.029882,0.35847,8.282,5.593,8.304,2.481,0.556,2.776,2.296,6.476,1.399,8.304,0
0.47177,0.046947,0.12635,1.4612,0.34042,0.011859,0.11963,0.049568,0.0070817,0.314,3.993,1.966,4.189,0.123,3.307,3.007,4.187,4.083,3.938,4.189,0
0.49337,0.36404,0.055493,1.5112,0.30665,0.0045515,0.13385,0.13362,0.015796,0.32914,2.219,0.456,2.484,1.213,1.014,0.355,2.891,0.913,4.248,4.248,0
1.0142,0.11511,0.095132,1.3674,0.21848,0.0086179,0.42409,0.23022,0.0040841,0.20165,7.436,4.886,7.492,2.033,2.818,2.114,6.471,1.979,3.314,7.492,0
0.99999,0.23505,0.016855,1.2795,0.14939,0.0015236,0.46001,0.091692,0.011123,0.29929,4.216,2.142,4.398,0.036,2.555,2.046,3.564,0.177,4.554,4.554,0
0.68377,0.25869,0.077374,1.2726,0.28348,0.0070672,0.27345,0.70956,0.01042,0.30868,4.635,2.495,4.800,0.251,1.517,0.206,3.824,1.725,0.489,4.800,0
0.18887,0.25688,0.083243,1.5209,0.24478,0.0014248,0.29641,0.64513,0.0075902,0.21799,1.190,2.485,0.806,3.374,2.479,1.905,5.057,0.887,0.809,5.057,0
0.59904,0.42858,0.032599,1.5454,0.05407,0.0014429,0.33142,0.053149,0.018212,0.33481,1.731,0.030,2.011,1.531,1.445,0.413,2.247,0.095,4.898,4.898,0
0.25151,0.22194,0.011355,1.4967,0.092924,0.010391,0.45857,0.5994,0.011213,0.21657,0.821,0.740,1.138,2.046,1.617,0.130,5.761,0.141,2.132,5.761,0
0.52215,0.20221,0.052409,1.2189,0.064165,0.0044441,0.30643,0.77095,0.020312,0.24014,2.253,0.471,2.512,1.209,2.425,1.640,4.331,0.651,1.700,4.331,0
0.50546,0.42211,0.1125,1.1522,0.20119,0.0021549,0.35077,0.49725,0.0095431,0.14909,1.271,0.372,1.565,1.823,1.594,0.437,6.391,1.278,1.344,6.391,0
1.0092,0.29356,0.17227,1.4466,0.22427,0.010845,0.47909,0.16673,0.0044501,0.33129,8.419,5.736,8.441,2.654,0.654,1.506,4.199,5.230,3.641,8.441,0
1.0528,0.44934,0.077015,1.0662,0.12101,0.0024545,0.45329,0.34111,0.0060202,0.30642,5.002,2.795,5.148,0.508,1.185,0.108,3.262,0.969,2.664,5.148,0
0.90644,0.40399,0.14845,1.5604,0.061376,0.0034822,0.15205,0.30911,0.017436,0.12751,4.304,2.251,4.495,0.097,1.509,0.008,6.837,1.781,3.250,6.837,0
1.093,0.081278,0.079364,1.2028,0.10174,0.0076064,0.20914,0.013669,0.021913,0.10974,7.341,4.799,7.401,1.907,3.226,2.825,8.302,1.199,4.590,8.302,0
0.80185,0.1919,0.15164,1.2922,0.26168,0.0053426,0.18077,0.56553,0.028994,0.28661,5.022,2.830,5.174,0.498,2.259,1.482,3.363,3.523,0.580,5.174,0
1.0649,0.44496,0.24686,1.1455,0.10749,0.00089255,0.23854,0.010454,0.01702,0.20698,4.072,2.015,4.258,0.092,1.673,0.754,4.016,3.205,2.970,4.258,0
0.68915,0.49262,0.1793,1.5538,0.26263,1.2366e-05,0.36034,0.22242,0.028469,0.3812,1.799,0.087,2.076,1.490,1.283,0.649,1.188,2.647,2.650,2.650,1
0.65112,0.025956,0.14805,1.1938,0.20361,0.0049325,0.22426,0.65236,0.01727,0.32759,3.593,1.603,3.797,0.396,3.690,3.714,3.554,3.208,0.968,3.797,0
0.60443,0.23399,0.18747,1.1006,0.10673,0.0037138,0.10473,0.47842,0.012032,0.39208,2.714,0.844,2.948,0.954,2.206,1.437,2.739,3.695,2.730,3.695,0
0.3345,0.41457,0.16263,1.5377,0.23016,0.0060828,0.3666,0.065095,0.028872,0.12502,0.927,0.636,1.244,1.999,0.659,1.265,6.479,3.076,3.426,6.479,0
0.27734,0.24359,0.23895,1.3816,0.13563,0.004727,0.44989,0.57181,0.0071605,0.21366,0.080,1.387,0.420,2.554,2.164,1.128,5.569,4.292,1.723,5.569,0
1.0344,0.21682,0.22667,1.1974,0.074571,0.002874,0.21579,0.79369,0.0090549,0.3197,5.111,2.897,5.256,0.541,2.502,1.857,3.551,3.885,1.902,5.256,0
0.81262,0.22111,0.22781,1.4328,0.24351,0.00064932,0.35889,0.03778,0.0057832,0.24079,2.630,0.799,2.876,0.970,2.768,2.411,4.753,3.073,2.947,4.753,0
0.76836,0.27957,0.14638,1.0028,0.26917,0.010299,0.22637,0.37851,0.014689,0.26043,6.380,3.958,6.470,1.295,0.924,0.835,4.595,4.306,1.939,6.470,0
0.44988,0.46613,0.12398,1.033,0.16968,0.0039038,0.43958,0.52323,0.017615,0.26877,1.533,0.159,1.814,1.666,0.652,0.992,3.219,2.243,1.211,3.219,0
1.001,0.46999,0.15307,1.3565,0.34339,0.0054545,0.33918,0.68352,0.022398,0.19998,6.474,4.071,6.571,1.410,0.167,1.729,4.430,3.283,0.332,6.571,0
1.1978,0.084956,0.087397,1.5824,0.079068,0.010832,0.44896,0.23538,0.014578,0.34341,9.411,6.501,9.373,3.107,2.885,2.279,3.512,2.519,3.451,9.411,0
0.65473,0.49575,0.2302,1.3506,0.058506,0.00010228,0.14816,0.13442,0.0050182,0.2115,1.291,0.356,1.584,1.817,1.757,0.850,4.375,2.353,3.560,4.375,0
0.69313,0.10726,0.11358,1.4604,0.16241,0.0013944,0.36816,0.39163,0.021941,0.25683,2.328,0.542,2.586,1.156,3.288,3.138,4.078,1.504,1.630,4.078,0
0.62816,0.086972,0.10399,1.127,0.13102,0.002558,0.35016,0.44798,0.029736,0.3889,2.528,0.689,2.770,1.062,3.306,3.174,2.532,1.777,1.136,3.306,0
0.20386,0.056867,0.052789,1.2742,0.21311,0.0076512,0.2939,0.24724,0.016358,0.21071,0.119,1.564,0.227,2.696,3.369,3.130,5.457,0.937,3.165,5.457,0
1.125,0.43484,0.03363,1.5077,0.20174,0.0068517,0.35031,0.20316,0.025834,0.2753,7.912,5.258,7.944,2.213,0.017,2.049,3.204,0.476,3.384,7.944,0
0.26893,0.26449,0.085206,1.2839,0.12217,0.0029515,0.36907,0.60914,0.012962,0.28655,0.287,1.712,0.063,2.807,2.174,1.356,3.673,1.204,1.523,3.673,0
0.19352,0.034736,0.1278,1.2684,0.3126,0.0063518,0.18585,0.74052,0.01609,0.35412,0.341,1.761,0.010,2.846,3.576,3.526,3.320,3.184,0.242,3.576,0
0.70227,0.4809,0.014842,1.4162,0.39793,0.0064859,0.44043,0.43252,0.016944,0.24329,4.662,2.534,4.831,0.316,0.264,2.524,3.900,0.063,0.482,4.831,0
0.12946,0.11455,0.057872,1.4838,0.34316,0.0048937,0.42783,0.25305,0.0063297,0.32682,1.227,2.521,0.843,3.403,2.958,2.547,3.873,0.972,2.703,3.873,0
1.0922,0.096589,0.10935,1.1844,0.32185,0.0013097,0.12457,0.46759,0.02066,0.32825,4.946,2.757,5.098,0.436,3.320,3.237,3.230,1.677,1.924,5.098,0
0.40615,0.09848,0.051925,1.4323,0.16762,0.002449,0.14882,0.42146,0.025505,0.28494,0.759,0.801,1.075,2.132,3.255,3.069,3.608,0.571,2.518,3.608,0
0.1993,0.30821,0.12849,1.5644,0.2671,0.0042048,0.42179,0.59204,0.018867,0.27548,0.642,2.008,0.276,3.019,1.555,0.406,3.522,2.508,0.444,3.522,0
0.59349,0.35914,0.076983,1.5746,0.22389,0.01102,0.14399,0.2907,0.015676,0.27609,5.026,2.848,5.183,0.514,0.054,2.408,4.335,2.153,3.292,5.183,0
0.5712,0.17607,0.18075,1.4081,0.26395,0.00046394,0.42459,0.45883,0.021201,0.28062,1.286,0.360,1.579,1.819,2.961,2.756,3.503,2.603,0.588,3.503,0
0.22979,0.41051,0.060185,1.3956,0.31111,0.00015975,0.44683,0.050819,0.0054937,0.10029,1.156,2.454,0.773,3.349,2.085,1.442,8.250,0.260,4.681,8.250,0
0.2567,0.085221,0.013045,1.4848,0.36795,0.0056186,0.12515,0.38876,0.024693,0.12887,0.103,1.355,0.447,2.531,3.214,2.903,7.274,0.179,2.849,7.274,0
0.61217,0.138,0.0091781,1.309,0.081772,0.0043193,0.48218,0.073313,0.027368,0.13088,2.773,0.925,3.015,0.852,2.967,2.463,6.902,0.305,4.697,6.902,0
0.49739,0.32609,0.14797,1.3704,0.32946,0.0091121,0.24871,0.71411,0.025667,0.20841,3.575,1.614,3.788,0.370,0.595,1.293,4.874,4.079,0.138,4.874,0
0.34873,0.34858,0.13888,1.0668,0.24178,0.0057591,0.49251,0.68257,0.0089586,0.26304,1.087,0.541,1.384,1.850,1.105,0.709,4.237,2.944,0.673,4.237,0
0.74283,0.35962,0.12145,1.4309,0.39062,0.0048634,0.37818,0.14799,0.004927,0.36362,4.373,2.281,4.551,0.105,0.983,0.398,3.165,2.645,3.574,4.551,0
0.44916,0.49737,0.0011254,1.4185,0.067865,0.0037668,0.15813,0.65731,0.026971,0.26824,1.465,0.193,1.756,1.686,0.431,1.302,2.697,0.448,1.536,2.697,1
0.64512,0.41013,0.053303,1.5832,0.35905,0.0046872,0.21951,0.13512,0.012856,0.25511,3.481,1.536,3.699,0.431,0.720,0.865,3.942,0.801,3.988,3.988,0
0.2304,0.28763,0.22805,1.0476,0.3337,0.0016881,0.41274,0.64776,0.025884,0.32952,0.737,2.111,0.374,3.108,2.088,1.531,2.534,4.243,0.423,4.243,0
0.50779,0.47876,0.23607,1.2024,0.28281,0.011639,0.39731,0.69328,0.0063501,0.33503,4.328,2.238,4.506,0.102,1.306,4.601,4.109,7.722,0.506,7.722,0
1.09,0.26606,0.037749,1.447,0.22239,0.005711,0.40149,0.57314,0.029801,0.12092,6.915,4.460,7.000,1.691,1.842,0.618,6.902,0.333,0.639,7.000,0
0.23665,0.28027,0.096674,1.5239,0.34078,0.0021751,0.20471,0.58273,0.016476,0.38815,0.614,1.988,0.250,3.008,2.012,1.343,2.373,1.613,0.334,3.008,0
0.91257,0.48321,0.22951,1.1654,0.28543,0.00238,0.41946,0.498,0.028933,0.20283,4.322,2.230,4.499,0.083,0.855,0.405,3.510,4.065,0.260,4.499,0
0.39325,0.22557,0.021586,1.5191,0.271,0.011886,0.12704,0.599,0.017888,0.12237,2.793,0.967,3.043,0.830,1.498,0.243,8.460,0.139,1.842,8.460,0
0.65373,0.24908,0.149,1.3391,0.39716,0.006609,0.25031,0.5851,0.005099,0.14497,4.033,1.996,4.226,0.102,1.882,0.647,8.032,2.891,0.199,8.032,0
0.35052,0.30503,0.22759,1.2651,0.21128,0.0096419,0.45983,0.62797,0.015301,0.22767,1.961,0.226,2.231,1.303,0.831,1.412,5.077,6.206,1.005,6.206,0
0.53316,0.38467,0.2475,1.2845,0.3636,0.0094697,0.42982,0.45158,0.016986,0.19733,3.994,1.962,4.188,0.113,0.094,2.294,5.630,6.840,0.446,6.840,0
1.1556,0.3575,0.21431,1.1198,0.10522,0.010132,0.12525,0.028347,0.023031,0.23576,8.983,6.131,8.960,2.808,0.257,1.928,4.570,6.082,3.340,8.983,0
0.95668,0.17476,0.19508,1.069,0.34959,0.0074991,0.44963,0.033759,0.022665,0.39474,7.220,4.690,7.279,1.896,2.117,1.267,2.620,5.723,2.842,7.279,0
1.0451,0.20743,0.16848,1.0392,0.36893,0.0047449,0.4978,0.306,0.028676,0.15124,6.429,4.038,6.525,1.449,2.315,1.552,6.003,3.404,1.497,6.525,0
0.5658,0.40635,0.22634,1.3707,0.20943,0.0026912,0.43537,0.45496,0.012985,0.17137,1.942,0.209,2.214,1.398,1.467,0.213,5.546,3.415,1.202,5.546,0
0.71531,0.14078,0.21195,1.3751,0.13461,0.0069358,0.15685,0.40739,0.013595,0.22075,4.627,2.501,4.797,0.262,2.676,1.936,5.288,4.657,2.351,5.288,0
0.43683,0.10941,0.025304,1.3437,0.34685,0.0077232,0.42917,0.3363,0.0094711,0.14001,2.352,0.571,2.612,1.121,2.937,2.355,7.986,0.133,1.925,7.986,0
1.0149,0.47761,0.16873,1.2183,0.36302,0.010471,0.37114,0.25567,0.0044214,0.3558,8.506,5.771,8.513,2.647,1.105,3.880,3.896,5.334,2.546,8.513,0
0.16598,0.1069,0.015961,1.4959,0.19437,0.004967,0.46338,0.34928,0.0055644,0.34576,0.878,2.217,0.505,3.177,3.036,2.639,3.714,0.088,2.407,3.714,0
0.29648,0.4796,0.074487,1.31,0.30803,0.0096565,0.22953,0.78027,0.0089985,0.22901,1.330,0.316,1.624,1.781,0.697,3.329,5.578,1.784,0.295,5.578,0
0.54576,0.33423,0.2244,1.134,0.067727,0.0021936,0.20558,0.45305,0.024514,0.24909,1.682,0.029,1.958,1.583,1.898,1.005,3.468,3.582,1.660,3.582,0
0.82328,0.098571,0.19111,1.2851,0.20229,0.0030696,0.44853,0.032623,0.0043004,0.26931,3.893,1.866,4.087,0.179,3.254,3.020,4.778,3.238,3.473,4.778,0
0.3837,0.14816,0.22899,1.0215,0.065652,0.0023053,0.11997,0.43308,0.011236,0.26268,0.443,1.096,0.763,2.363,3.024,2.677,4.381,3.529,2.694,4.381,0
0.45171,0.10375,0.18,1.1201,0.23189,0.0026548,0.40164,0.17552,0.0078916,0.31594,1.179,0.460,1.473,1.894,3.221,3.015,3.884,3.167,3.454,3.884,0
0.35405,0.039741,0.10903,1.3672,0.30939,0.011099,0.35312,0.70056,0.014205,0.24092,2.363,0.575,2.621,1.113,3.431,3.219,4.988,3.183,0.181,4.988,0
0.20821,0.092429,0.035055,1.3413,0.3718,0.0060099,0.15577,0.086894,0.0064845,0.27653,0.271,1.695,0.080,2.794,3.092,2.725,4.629,0.450,4.590,4.629,0
0.41887,0.25096,0.24548,1.449,0.3406,0.0086543,0.45472,0.079321,0.029213,0.15334,2.534,0.737,2.791,0.987,1.440,0.070,6.173,6.358,2.165,6.358,0
0.53761,0.16236,0.13585,1.5292,0.098023,0.010176,0.33043,0.37663,0.020222,0.34045,4.264,2.200,4.451,0.048,2.038,0.908,3.284,4.101,2.276,4.451,0
0.57417,0.37272,0.088492,1.0557,0.25106,0.0034955,0.37988,0.75662,0.028701,0.1809,2.435,0.611,2.681,1.113,1.370,0.190,4.598,1.377,0.012,4.598,0
0.617,0.48492,0.098043,1.5661,0.10137,0.0074705,0.44401,0.40848,0.026082,0.17746,3.999,1.987,4.200,0.077,0.213,2.900,5.059,1.955,1.743,5.059,0
0.88209,0.46472,0.084825,1.1905,0.071641,0.0043263,0.49959,0.70527,0.0078496,0.31764,4.820,2.651,4.976,0.423,0.597,1.537,2.999,1.371,2.049,4.976,0
0.27563,0.37927,0.060729,1.5274,0.33338,0.00059281,0.40494,0.75486,0.0068676,0.27438,0.685,2.047,0.317,3.049,1.861,1.216,3.562,0.548,0.373,3.562,0
0.79904,0.33483,0.186,1.2732,0.087665,0.0037246,0.47845,0.65654,0.029698,0.13114,3.867,1.859,4.067,0.158,1.755,0.468,6.103,2.805,1.256,6.103,0
0.82002,0.39461,0.20929,1.1855,0.33685,0.007184,0.21376,0.44522,0.0088166,0.20139,5.666,3.369,5.789,0.880,0.542,1.388,5.849,4.861,1.071,5.849,0
0.57983,0.3232,0.21487,1.182,0.096729,0.005233,0.39825,0.12475,0.024877,0.29403,3.092,1.177,3.315,0.702,1.312,0.029,3.118,4.765,3.168,4.765,0
0.31145,0.38786,0.22487,1.2816,0.070639,0.0055399,0.19718,0.51485,0.025797,0.25886,0.660,0.894,0.977,2.203,0.812,0.871,3.441,4.912,1.599,4.912,0
0.86726,0.43301,0.2437,1.5401,0.27895,0.0055726,0.20718,0.40452,0.0045565,0.17647,5.241,3.036,5.392,0.653,0.697,1.238,6.629,4.596,1.671,6.629,0
1.1847,0.47168,0.24623,1.3494,0.38956,0.0099716,0.23685,0.45042,0.010695,0.36855,9.465,6.527,9.420,3.092,1.086,3.575,3.261,7.945,0.577,9.465,0
0.24506,0.0999,0.20751,1.4308,0.068658,0.0050552,0.3004,0.59451,0.0067144,0.13978,0.258,1.673,0.096,2.770,3.233,2.836,8.116,2.961,2.284,8.116,0
1.1197,0.10537,0.047775,1.0892,0.15725,0.0011164,0.10529,0.19877,0.0060936,0.1824,4.457,2.329,4.626,0.086,3.380,3.252,6.524,0.215,4.454,6.524,0
0.65419,0.026666,0.20439,1.2244,0.23484,0.0046161,0.49197,0.41844,0.027248,0.21105,3.468,1.507,3.680,0.426,3.697,3.721,4.985,4.215,0.796,4.985,0
0.30952,0.34657,0.13742,1.4675,0.28081,0.0065584,0.157,0.60804,0.028401,0.15908,0.847,0.714,1.164,2.062,0.966,0.707,5.638,2.920,0.564,5.638,0
0.79925,0.093849,0.086099,1.4008,0.24996,0.0027429,0.4767,0.42252,0.020055,0.30452,3.769,1.769,3.971,0.233,3.258,3.078,3.554,1.355,0.943,3.971,0
0.84986,0.42475,0.066085,1.077,0.092336,0.0085764,0.47392,0.60682,0.0064811,0.37668,6.352,3.946,6.444,1.351,0.139,2.881,3.143,1.537,2.191,6.444,0
0.21145,0.36327,0.13682,1.5423,0.28674,0.010466,0.26679,0.33105,0.022412,0.36244,0.497,1.023,0.824,2.295,0.235,2.420,2.830,4.508,1.973,4.508,0
0.16946,0.20428,0.01021,1.4742,0.13447,0.00044732,0.31742,0.66083,0.010891,0.24198,1.470,2.732,1.078,3.559,2.904,2.589,4.476,0.325,1.386,4.476,0
0.14874,0.29019,0.063061,1.1358,0.30158,0.0042106,0.23996,0.20791,0.020963,0.2077,1.118,2.435,0.740,3.343,1.771,0.742,4.691,0.951,3.310,4.691,0
0.12699,0.14646,0.042128,1.497,0.39443,0.0062701,0.19626,0.41704,0.012715,0.30531,1.104,2.413,0.723,3.322,2.553,1.886,3.838,0.711,1.594,3.838,0
0.55486,0.40037,0.019287,1.4362,0.26041,0.010027,0.26091,0.37795,0.029566,0.12784,4.227,2.178,4.418,0.041,0.000,2.401,7.102,0.074,1.873,7.102,0
0.34095,0.48846,0.13014,1.2393,0.086812,0.0094495,0.26279,0.35956,0.028163,0.25412,1.853,0.130,2.127,1.455,0.864,3.474,3.724,3.585,2.361,3.724,0
0.81456,0.050893,0.20496,1.1348,0.23259,0.0010579,0.34661,0.74116,0.005328,0.1935,2.790,0.918,3.024,0.893,3.644,3.666,6.414,2.663,0.603,6.414,0
0.66525,0.051277,0.15801,1.4923,0.25152,0.0041297,0.35223,0.40329,0.028533,0.1478,3.276,1.365,3.503,0.547,3.534,3.449,6.477,2.739,1.028,6.477,0
0.50288,0.46878,0.057695,1.2007,0.37806,0.0090086,0.31917,0.25327,0.021016,0.30668,3.713,1.713,3.914,0.308,0.829,3.198,3.211,1.487,2.561,3.914,0
0.24377,0.025469,0.16172,1.3954,0.22583,0.0029204,0.3484,0.1903,0.0041301,0.26121,0.507,1.898,0.148,2.942,3.738,3.792,5.064,2.628,3.484,5.064,0
0.21395,0.12786,0.013593,1.4144,0.081344,0.007455,0.43589,0.50872,0.013257,0.12982,0.170,1.596,0.181,2.709,2.867,2.146,8.091,0.195,2.095,8.091,0
1.0306,0.27016,0.13232,1.4634,0.20481,0.0081931,0.17689,0.78992,0.023548,0.19679,7.637,5.058,7.688,2.103,1.347,0.225,5.246,3.152,0.834,7.688,0
0.73387,0.044666,0.12156,1.2226,0.18525,0.0099539,0.1741,0.73274,0.01426,0.30191,5.966,3.621,6.077,1.060,3.397,3.179,4.001,3.480,1.357,6.077,0
0.71436,0.22003,0.11794,1.1321,0.36709,0.00087634,0.28891,0.55423,0.008413,0.2043,2.285,0.484,2.537,1.210,2.720,2.386,5.390,1.526,0.257,5.390,0
1.1886,0.45263,0.046625,1.5964,0.21873,0.0045845,0.46708,0.70592,0.012696,0.27339,6.980,4.435,7.039,1.614,0.497,1.558,3.361,0.592,0.697,7.039,0
0.33114,0.31601,0.02747,1.4592,0.36574,0.0054309,0.35193,0.57488,0.0194,0.16469,0.830,0.731,1.147,2.076,1.401,0.040,5.922,0.165,0.030,5.922,0
0.86364,0.42269,0.1482,1.0232,0.089149,0.00099193,0.49323,0.56832,0.007319,0.31119,3.018,1.102,3.240,0.737,1.701,0.804,2.999,1.910,1.850,3.240,0
0.84027,0.27258,0.11767,1.4258,0.28195,0.0084254,0.33288,0.37519,0.01962,0.2586,6.437,4.039,6.536,1.379,1.181,0.387,4.193,3.084,1.550,6.536,0
0.96216,0.34388,0.19939,1.151,0.38345,0.0020562,0.25109,0.0037655,0.024931,0.38517,4.697,2.541,4.857,0.283,1.599,0.863,1.962,3.950,2.678,4.857,0
0.20617,0.16909,0.20228,1.0907,0.33437,0.0024924,0.16739,0.08218,0.029615,0.20541,0.823,2.181,0.457,3.157,2.792,2.414,4.583,3.691,2.761,4.583,0
0.74422,0.3743,0.14234,1.0159,0.16754,0.00060444,0.34964,0.15108,0.013745,0.1318,2.052,0.282,2.312,1.358,2.192,1.511,6.554,1.384,3.850,6.554,0
0.20716,0.15656,0.09573,1.588,0.19629,0.0035109,0.11372,0.089864,0.024754,0.33405,0.667,2.030,0.300,3.036,2.733,2.254,2.955,1.717,4.308,4.308,0
0.52082,0.37717,0.1654,1.3636,0.20534,0.00025968,0.23454,0.68597,0.0075339,0.36975,0.850,0.730,1.161,2.087,1.961,1.393,2.471,2.226,0.972,2.471,1
0.5268,0.22032,0.131,1.4351,0.074107,0.011156,0.44762,0.47265,0.0056174,0.13415,3.883,1.883,4.087,0.159,1.814,0.061,9.096,2.587,2.567,9.096,0
0.92132,0.20756,0.12283,1.0707,0.25994,0.0059136,0.34224,0.037144,0.014835,0.23278,5.960,3.611,6.069,1.061,2.181,1.258,4.816,2.588,3.967,6.069,0
1.0176,0.20982,0.10893,1.3625,0.10571,0.0062401,0.24083,0.335,0.020808,0.13334,6.400,4.014,6.502,1.360,2.290,1.233,7.225,1.739,2.723,7.225,0
0.54519,0.24881,0.22746,1.2619,0.11397,0.010902,0.44483,0.53911,0.011573,0.29346,4.428,2.322,4.602,0.149,1.161,0.748,4.274,6.787,1.990,6.787,0
1.1767,0.37775,0.23277,1.1299,0.25342,0.0072047,0.46501,0.31263,0.0098523,0.20233,7.992,5.294,8.009,2.239,0.723,1.281,5.743,5.290,2.162,8.009,0
0.75948,0.27942,0.0090074,1.3006,0.28475,0.00040558,0.13134,0.65114,0.020484,0.23722,2.313,0.519,2.568,1.177,2.445,2.050,3.822,0.325,1.368,3.822,0
0.33222,0.42062,0.21324,1.4391,0.27829,0.0059845,0.1222,0.5427,0.014758,0.19932,0.946,0.635,1.257,2.008,0.538,1.357,5.183,4.562,1.254,5.183,0
0.43124,0.43409,0.15877,1.5357,0.096477,0.0030256,0.3848,0.34048,0.02615,0.16568,0.992,0.586,1.305,1.964,1.211,0.243,4.808,2.299,2.175,4.808,0
0.17199,0.45646,0.18289,1.2764,0.14637,0.0058953,0.1756,0.24617,0.0064015,0.37177,0.690,2.063,0.327,3.069,0.174,1.793,2.990,4.191,3.361,4.191,0
0.91753,0.084061,0.18236,1.2901,0.35615,0.0058029,0.36693,0.66422,0.022479,0.1814,5.986,3.655,6.102,1.114,3.192,2.886,5.786,4.012,0.399,6.102,0
0.19204,0.35721,0.051699,1.1965,0.36648,0.0027036,0.1881,0.77395,0.0049677,0.38859,0.899,2.247,0.530,3.207,1.459,0.512,2.749,0.676,0.028,3.207,0
1.1462,0.29413,0.19014,1.4094,0.31167,0.0096074,0.28284,0.40666,0.0066612,0.20425,8.776,5.968,8.766,2.701,1.006,0.870,6.357,4.885,1.453,8.776,0
0.86983,0.061302,0.069501,1.1933,0.05632,0.0016095,0.44829,0.68992,0.014226,0.24133,3.335,1.388,3.550,0.532,3.567,3.533,4.805,0.645,1.800,4.805,0
0.61175,0.10989,0.041748,1.5741,0.39532,0.0055961,0.33509,0.73309,0.011323,0.18034,3.461,1.524,3.681,0.433,3.004,2.555,6.393,0.498,0.660,6.393,0
0.93402,0.21151,0.014408,1.286,0.13062,2.7305e-05,0.14634,0.096383,0.02611,0.36467,3.019,1.120,3.247,0.741,2.833,2.616,2.371,0.239,4.743,4.743,0
0.95885,0.1885,0.023823,1.1014,0.10015,0.009084,0.47255,0.24254,0.0096711,0.13589,6.870,4.404,6.947,1.694,2.251,1.032,8.302,0.076,3.546,8.302,0
0.98275,0.33148,0.24609,1.0282,0.32572,0.001572,0.12839,0.70205,0.014423,0.1566,4.195,2.113,4.374,0.026,2.062,1.354,5.965,3.690,0.358,5.965,0
0.16762,0.08175,0.18484,1.3015,0.10962,0.0056037,0.43924,0.2585,0.016406,0.2861,0.783,2.140,0.415,3.123,3.219,2.918,4.024,3.995,2.980,4.024,0
1.1696,0.2233,0.16076,1.4523,0.27431,0.0092903,0.36744,0.24874,0.015104,0.24069,8.916,6.084,8.899,2.802,1.593,0.166,4.870,4.371,2.711,8.916,0
1.1981,0.23482,0.056358,1.1516,0.35748,0.0047699,0.10835,0.36491,0.0070176,0.35916,7.313,4.693,7.349,1.766,2.000,1.129,3.303,0.976,3.287,7.349,0
0.38528,0.21214,0.23774,1.2844,0.38977,0.0070427,0.29021,0.20903,0.011087,0.14653,1.707,0.012,1.988,1.538,2.092,1.003,7.503,5.176,2.403,7.503,0
0.98202,0.092858,0.24124,1.1649,0.27744,0.0011465,0.23759,0.41768,0.0285,0.21676,4.059,2.006,4.246,0.099,3.377,3.304,4.586,3.848,0.764,4.586,0
0.96423,0.49473,0.16108,1.1822,0.24524,0.0092227,0.43062,0.6735,0.017275,0.19815,7.476,4.916,7.528,2.058,0.710,3.791,5.397,4.143,0.607,7.528,0
0.28761,0.25846,0.028557,1.4831,0.069503,0.0079534,0.47633,0.3513,0.02483,0.36718,0.961,0.627,1.270,1.987,1.305,0.239,2.628,0.415,2.381,2.628,1
0.96017,0.39707,0.21387,1.1344,0.20248,0.0030219,0.35513,0.5398,0.018498,0.21687,4.820,2.651,4.977,0.369,1.346,0.133,4.195,3.702,0.940,4.977,0
0.59198,0.31185,0.078077,1.1788,0.39321,0.0062239,0.42972,0.52688,0.0062071,0.31899,3.633,1.636,3.835,0.365,1.173,0.246,3.793,1.696,0.234,3.835,0
0.68892,0.41499,0.11462,1.1469,0.23731,0.0081639,0.18517,0.076894,0.010149,0.20259,4.855,2.677,5.010,0.380,0.264,1.930,5.891,2.562,4.166,5.891,0
1.0831,0.39576,0.012412,1.4588,0.32923,0.00015433,0.217,0.53754,0.022359,0.17601,3.985,1.964,4.182,0.119,1.918,1.353,4.415,0.282,0.486,4.415,0
0.98906,0.162,0.057192,1.0425,0.10633,0.011668,0.1315,0.3101,0.021986,0.39517,8.633,5.863,8.632,2.658,1.877,0.721,2.800,1.736,3.562,8.633,0
0.40454,0.18271,0.11229,1.5095,0.38578,0.010149,0.33689,0.69079,0.015739,0.35063,2.893,1.032,3.132,0.779,1.757,0.545,3.330,3.544,0.463,3.544,0
0.39558,0.40975,0.20247,1.5425,0.18639,0.0051389,0.44014,0.24989,0.013185,0.18122,1.274,0.344,1.577,1.787,0.917,0.927,5.655,3.687,2.871,5.655,0
0.20027,0.026385,0.066486,1.0835,0.10717,0.0062023,0.46822,0.74916,0.029339,0.23222,0.342,1.766,0.008,2.833,3.673,3.672,4.520,1.233,1.186,4.520,0
0.32098,0.17748,0.12583,1.3303,0.34142,0.010342,0.11654,0.24029,0.013822,0.36013,1.893,0.165,2.166,1.433,1.821,0.639,3.330,4.015,3.281,4.015,0
1.1516,0.43619,0.16788,1.4493,0.2488,0.0022494,0.21021,0.32962,0.023401,0.12719,5.457,3.161,5.583,0.669,1.369,0.155,5.937,2.285,2.100,5.937,0
0.18378,0.48933,0.20677,1.0796,0.34976,0.0083433,0.18488,0.62086,0.012807,0.12734,0.295,1.721,0.055,2.816,0.212,2.649,8.176,4.586,0.381,8.176,0
0.1699,0.18077,0.092397,1.4424,0.18993,0.0042131,0.42334,0.70627,0.016241,0.1169,1.021,2.334,0.641,3.258,2.717,2.030,8.047,1.108,0.871,8.047,0
1.0965,0.18427,0.039147,1.4625,0.054595,0.0062765,0.19859,0.41937,0.01846,0.24654,7.179,4.660,7.247,1.792,2.347,1.416,4.439,0.477,2.723,7.247,0
1.1263,0.26643,0.245,1.3851,0.339,0.0097212,0.14205,0.034895,0.017865,0.10566,8.573,5.818,8.578,2.602,1.382,0.326,8.945,5.599,2.483,8.945,0
0.66572,0.4184,0.00047883,1.1635,0.16077,0.0048518,0.42851,0.76607,0.0082423,0.18198,3.392,1.436,3.604,0.493,1.023,0.786,6.011,0.464,1.283,6.011,0
0.47017,0.44753,0.038206,1.1672,0.33932,0.010412,0.42232,0.53308,0.017923,0.17256,3.510,1.549,3.722,0.398,0.538,3.408,6.423,0.710,0.430,6.423,0
1.106,0.1498,0.10113,1.2735,0.18382,0.0061455,0.23619,0.5529,0.0094336,0.29754,7.319,4.758,7.374,1.849,2.611,1.916,4.102,2.106,1.536,7.374,0
0.57939,0.4549,0.21116,1.2206,0.1423,0.0058509,0.38367,0.024703,0.027441,0.16454,3.176,1.259,3.399,0.634,0.416,1.606,5.206,4.254,3.087,5.206,0
0.2787,0.093574,0.15127,1.0576,0.095599,0.00094781,0.49684,0.50169,0.024002,0.13571,0.688,2.063,0.326,3.059,3.454,3.368,6.895,1.584,1.341,6.895,0
0.58326,0.21285,0.023511,1.0454,0.086215,0.0031347,0.16086,0.68134,0.019567,0.13615,2.114,0.339,2.373,1.314,2.642,1.973,6.915,0.091,1.674,6.915,0
0.91905,0.43649,0.15004,1.5663,0.19351,0.0086138,0.36244,0.025524,0.005765,0.23316,6.817,4.365,6.902,1.627,0.040,2.567,5.599,3.522,3.904,6.902,0
0.84488,0.36773,0.1428,1.0357,0.19475,0.00023941,0.26963,0.52418,0.021111,0.28461,2.653,0.792,2.889,0.989,2.049,1.537,2.803,1.844,0.892,2.889,1
0.923,0.25333,0.20574,1.378,0.13978,0.0075447,0.32776,0.15813,0.0076706,0.33276,6.565,4.137,6.655,1.443,1.539,0.137,3.726,5.180,3.481,6.655,0
0.49232,0.30217,0.18634,1.1287,0.1815,0.0021602,0.27545,0.12642,0.010072,0.35165,1.333,0.328,1.622,1.798,2.016,1.262,2.906,3.166,3.482,3.482,0
1.1359,0.24323,0.079564,1.5282,0.18059,0.0040305,0.26886,0.55754,0.012913,0.16549,6.258,3.856,6.357,1.178,2.271,1.328,6.385,0.992,1.370,6.385,0
0.94836,0.33056,0.23174,1.1644,0.11142,0.0024624,0.28716,0.20011,0.027738,0.30674,4.522,2.397,4.691,0.183,1.766,0.878,2.634,4.178,2.892,4.691,0
0.5666,0.43183,0.14704,1.5199,0.090945,0.0049555,0.36673,0.40316,0.010805,0.37424,2.847,0.984,3.086,0.836,0.537,1.236,2.621,3.043,2.217,3.086,0
0.52746,0.46455,0.062803,1.3925,0.3943,0.011375,0.48802,0.051645,0.0072283,0.29911,4.525,2.415,4.699,0.241,1.196,4.387,4.542,1.784,4.564,4.699,0
0.34475,0.18798,0.030321,1.0504,0.11019,0.0028741,0.28621,0.78488,0.019778,0.20515,0.296,1.218,0.623,2.449,2.729,2.196,4.997,0.086,1.293,4.997,0
0.22193,0.087781,0.24285,1.0958,0.37019,0.0034068,0.23197,0.44601,0.024804,0.25815,0.515,1.916,0.159,2.963,3.259,3.083,4.064,5.107,0.254,5.107,0
0.90823,0.48304,0.11283,1.2917,0.18256,0.011946,0.27857,0.5105,0.012006,0.2593,7.899,5.258,7.933,2.239,1.205,4.195,5.133,3.368,1.673,7.933,0
0.21315,0.18652,0.01256,1.0966,0.053313,0.0029747,0.40556,0.79631,0.0073796,0.37185,0.747,2.119,0.384,3.114,2.669,2.133,3.168,0.219,2.114,3.168,0
0.76072,0.25009,0.19348,1.3614,0.30005,0.0088377,0.38622,0.64951,0.011949,0.3216,5.941,3.610,6.056,1.078,1.306,0.176,3.716,5.584,0.330,6.056,0
0.7171,0.29172,0.11127,1.3595,0.21257,0.010365,0.18394,0.67731,0.012308,0.11029,5.489,3.239,5.627,0.798,1.210,0.768,9.450,2.176,1.345,9.450,0
1.1562,0.11729,0.073286,1.0644,0.12497,0.0079156,0.21991,0.59639,0.016138,0.25881,8.198,5.462,8.206,2.325,2.781,2.150,4.486,1.579,1.706,8.206,0
0.77031,0.45615,0.23235,1.3221,0.1199,0.0076614,0.39018,0.43428,0.02017,0.15093,5.205,2.996,5.353,0.640,0.167,2.289,6.506,4.859,1.666,6.506,0
0.35208,0.24687,0.051431,1.4456,0.15677,0.0018839,0.46586,0.47185,0.020851,0.25355,0.139,1.334,0.478,2.516,2.423,1.819,3.770,0.457,1.180,3.770,0
1.1658,0.1888,0.040376,1.5526,0.27534,0.0019417,0.44539,0.48025,0.025183,0.39403,5.679,3.327,5.789,0.792,2.648,2.257,2.312,0.384,0.469,5.789,0
0.76555,0.39418,0.24004,1.1488,0.35968,0.0042456,0.39905,0.47397,0.014347,0.30975,4.281,2.187,4.457,0.035,0.895,0.452,3.094,5.355,0.320,5.355,0
1.16,0.12644,0.016282,1.0823,0.093449,0.008725,0.12587,0.74195,0.011942,0.22586,8.326,5.567,8.328,2.398,2.686,1.922,5.368,0.024,2.220,8.328,0
1.1379,0.11465,0.15429,1.1493,0.25506,0.004011,0.12385,0.73865,0.0060731,0.36541,6.596,4.113,6.670,1.353,3.034,2.700,3.454,3.116,1.164,6.670,0
1.0811,0.27195,0.17706,1.3544,0.39743,0.00086662,0.21883,0.47606,0.018574,0.22951,4.596,2.474,4.766,0.246,2.364,1.930,4.094,2.733,0.212,4.766,0
0.65791,0.43337,0.0083573,1.5167,0.051337,0.010571,0.12776,0.61001,0.02416,0.29245,5.474,3.226,5.613,0.787,0.688,3.297,3.535,0.187,2.493,5.613,0
0.61892,0.23987,0.088164,1.2889,0.25971,3.8324e-05,0.45092,0.22299,0.0046047,0.31817,1.323,0.336,1.612,1.807,2.714,2.440,3.541,0.919,3.160,3.541,0
0.90552,0.36179,0.013866,1.0555,0.28187,0.011059,0.23398,0.32466,0.021344,0.33162,7.924,5.267,7.952,2.237,0.196,2.366,3.262,0.051,2.532,7.952,0
0.85327,0.35687,0.099424,1.3972,0.076559,0.0072642,0.22557,0.48868,0.014558,0.38987,5.997,3.657,6.110,1.091,0.600,1.215,2.676,2.387,2.086,6.110,0
0.55824,0.38922,0.24252,1.1325,0.31552,0.0037045,0.38057,0.02635,0.0064387,0.18017,2.312,0.509,2.564,1.191,1.332,0.015,6.053,4.270,2.611,6.053,0
0.31938,0.3709,0.23495,1.2656,0.22295,0.00825,0.3937,0.49499,0.028072,0.39373,1.468,0.204,1.754,1.694,0.115,1.848,2.156,7.128,0.806,7.128,0
0.55928,0.18375,0.18913,1.5927,0.13183,0.0072413,0.20945,0.24088,0.01902,0.2847,3.556,1.601,3.772,0.384,2.174,1.161,3.851,4.670,3.135,4.670,0
0.96491,0.46244,0.10465,1.5112,0.22909,0.003462,0.45445,0.060031,0.025284,0.14803,5.041,2.873,5.201,0.592,0.872,0.767,5.230,1.494,4.118,5.230,0
0.7641,0.20493,0.11635,1.2723,0.13909,0.0020151,0.14366,0.7013,0.027392,0.2898,3.112,1.201,3.337,0.682,2.624,2.155,3.181,1.774,1.049,3.337,0
0.79441,0.49465,0.17964,1.4409,0.34898,0.011139,0.37186,0.54443,0.011824,0.19655,6.801,4.348,6.885,1.618,1.122,4.254,6.446,5.122,0.418,6.885,0
0.73254,0.37871,0.11385,1.1384,0.29851,0.0020395,0.47273,0.092404,0.015376,0.39157,3.046,1.131,3.269,0.721,1.456,0.578,2.123,1.930,3.979,3.979,0
0.97132,0.086117,0.17733,1.004,0.35095,0.0018302,0.37713,0.61176,0.0099168,0.28891,4.439,2.312,4.606,0.116,3.374,3.285,4.164,3.036,0.031,4.606,0
0.7721,0.42527,0.24063,1.5606,0.39789,0.009085,0.44261,0.58444,0.021545,0.25838,6.236,3.879,6.346,1.312,0.481,3.175,3.774,7.184,0.411,7.184,0
0.33548,0.11626,0.10209,1.1784,0.12422,0.0044617,0.34809,0.30267,0.006153,0.32394,0.625,0.933,0.940,2.240,3.026,2.630,3.908,1.810,3.013,3.908,0
0.17089,0.47621,0.1767,1.2991,0.07013,0.0021033,0.13588,0.18918,0.017029,0.3148,1.216,2.517,0.834,3.403,1.038,0.244,2.435,2.787,3.695,3.695,0
0.50528,0.4891,0.086536,1.4609,0.28697,0.011304,0.16924,0.047236,0.019895,0.18387,4.124,2.089,4.319,0.024,1.121,3.999,6.185,2.294,4.348,6.185,0
0.19688,0.053748,0.23992,1.137,0.12158,0.011717,0.24578,0.23987,0.014405,0.39752,0.440,1.095,0.761,2.360,3.214,2.876,3.052,8.118,3.172,8.118,0
0.46615,0.24811,0.16635,1.4347,0.21722,0.0067374,0.49773,0.57932,0.004271,0.26739,2.451,0.660,2.707,0.983,1.762,0.290,4.780,3.695,1.276,4.780,0
0.34363,0.18413,0.17344,1.2317,0.060103,0.0020481,0.21864,0.54944,0.012571,0.27074,0.069,1.407,0.406,2.584,2.827,2.378,4.077,2.513,1.942,4.077,0
1.0367,0.49302,0.039281,1.3371,0.30472,0.0064226,0.10761,0.045719,0.024437,0.13843,6.959,4.485,7.038,1.696,0.030,2.211,6.162,0.456,4.868,7.038,0
0.50179,0.48121,0.092308,1.4477,0.34279,0.010239,0.17955,0.45031,0.025495,0.39301,4.109,2.064,4.300,0.050,1.418,3.904,2.280,3.006,1.222,4.300,0
0.97775,0.20277,0.16462,1.3537,0.15784,0.0049465,0.24033,0.049046,0.0055428,0.36041,5.894,3.567,6.010,1.025,2.289,1.454,3.431,3.439,3.833,6.010,0
0.25506,0.41583,0.096342,1.4445,0.063029,0.0072269,0.31147,0.58564,0.019823,0.3051,0.407,1.105,0.736,2.355,0.191,1.900,3.188,2.184,1.890,3.188,0
0.42018,0.066854,0.23344,1.4043,0.30052,0.0074909,0.36428,0.51213,0.010773,0.22511,2.232,0.465,2.496,1.201,3.274,2.973,5.420,5.673,0.749,5.673,0
0.62928,0.32593,0.21504,1.0974,0.3685,0.0028544,0.21415,0.27528,0.022644,0.30889,2.748,0.875,2.981,0.928,1.623,0.765,2.809,4.397,2.018,4.397,0
0.76639,0.49096,0.11146,1.3795,0.12002,0.008107,0.3889,0.73617,0.013798,0.33768,5.607,3.328,5.736,0.874,0.650,3.437,2.934,2.822,1.620,5.736,0
0.24194,0.21016,0.19734,1.2191,0.14172,0.007006,0.37335,0.64325,0.026002,0.39058,0.302,1.209,0.630,2.440,1.869,0.839,2.484,5.356,1.126,5.356,0
0.42303,0.26165,0.22582,1.2556,0.093226,0.0076664,0.30321,0.28711,0.028844,0.17771,2.243,0.470,2.504,1.203,1.564,0.111,5.437,5.214,2.598,5.437,0
0.61122,0.0411,0.19794,1.5833,0.2275,0.010992,0.49908,0.28757,0.013717,0.30433,5.212,3.010,5.362,0.690,3.402,3.174,4.003,6.219,2.447,6.219,0
0.75621,0.3188,0.10813,1.4842,0.26381,0.0043381,0.40882,0.36009,0.015728,0.37464,4.225,2.160,4.411,0.028,1.383,0.214,2.563,2.206,1.674,4.411,0
1.1952,0.20125,0.12448,1.5387,0.1513,0.0047989,0.49714,0.48275,0.022819,0.26611,7.109,4.548,7.163,1.701,2.311,1.464,3.803,2.440,1.231,7.163,0
0.94561,0.20035,0.097702,1.4251,0.15648,0.0016189,0.20134,0.098184,0.026707,0.23329,3.994,1.968,4.190,0.117,2.731,2.302,4.014,1.254,4.278,4.278,0
0.45717,0.19939,0.0087717,1.2527,0.13114,0.010944,0.14296,0.18041,0.019475,0.21224,3.452,1.499,3.667,0.460,1.725,0.280,5.380,0.192,4.364,5.380,0
0.16809,0.36937,0.19151,1.2887,0.17367,0.0076754,0.18609,0.16846,0.010008,0.32061,0.504,1.901,0.147,2.948,0.506,1.420,3.643,4.912,3.519,4.912,0
1.1485,0.21299,0.06492,1.1225,0.3722,0.0095615,0.37418,0.09461,0.025755,0.13913,8.921,6.098,8.906,2.822,1.750,0.435,6.961,1.434,4.173,8.921,0
1.0485,0.37987,0.015309,1.0866,0.10406,0.0015864,0.1591,0.4262,0.017383,0.13875,4.259,2.175,4.438,0.025,1.979,1.041,6.197,0.257,2.947,6.197,0
1.0464,0.13772,0.16229,1.0877,0.30535,0.006263,0.43056,0.052433,0.0072005,0.26161,7.033,4.527,7.099,1.770,2.713,2.099,4.809,3.695,3.518,7.099,0
0.37457,0.34565,0.2499,1.2059,0.067188,0.006682,0.49527,0.47128,0.022059,0.18803,1.469,0.197,1.757,1.643,1.092,0.861,5.223,5.275,1.804,5.275,0
0.55258,0.27102,0.21032,1.3527,0.099653,0.010943,0.42,0.75969,0.024593,0.31957,4.651,2.525,4.821,0.360,0.781,1.280,3.291,6.782,1.601,6.782,0
0.28466,0.13497,0.21743,1.3049,0.24534,0.0082969,0.21669,0.10042,0.00423,0.29507,0.936,0.657,1.244,2.034,2.569,1.781,4.534,5.673,3.183,5.673,0
0.94315,0.031039,0.17623,1.2137,0.18671,0.0096818,0.34924,0.20084,0.029058,0.28712,7.718,5.109,7.760,2.165,3.547,3.450,3.710,5.368,3.138,7.760,0
0.8548,0.31357,0.17785,1.1614,0.12779,0.0077087,0.46367,0.2282,0.01628,0.10872,5.669,3.383,5.796,0.954,1.428,0.361,8.704,3.150,3.261,8.704,0
0.82199,0.04634,0.24778,1.5525,0.28114,0.010976,0.2868,0.44081,0.013364,0.21131,6.966,4.492,7.046,1.698,3.370,3.092,5.660,7.116,1.119,7.116,0
0.95133,0.040657,0.22211,1.592,0.11067,0.0015105,0.4321,0.28535,0.0066936,0.14088,3.566,1.620,3.785,0.348,3.705,3.728,8.058,2.336,2.942,8.058,0
0.56351,0.18741,0.18763,1.3345,0.31214,0.0053521,0.13735,0.59642,0.022443,0.39822,3.183,1.261,3.405,0.642,2.239,1.501,2.495,4.719,0.531,4.719,0
0.4618,0.075614,0.24953,1.2302,0.084426,0.0025245,0.49815,0.3375,0.023335,0.22677,1.140,0.482,1.439,1.889,3.433,3.315,4.674,4.056,2.101,4.674,0
1.1158,0.090776,0.21843,1.0717,0.23556,0.0069871,0.2362,0.597,0.029028,0.34058,8.053,5.365,8.074,2.280,3.009,2.627,3.013,6.009,0.589,8.074,0
0.5591,0.37319,0.20102,1.157,0.35131,0.0017695,0.2855,0.32491,0.025092,0.10887,1.646,0.053,1.926,1.595,1.788,0.942,6.673,2.904,1.505,6.673,0
0.34776,0.056085,0.19008,1.1871,0.066669,0.0059548,0.44428,0.26792,0.017341,0.21638,1.041,0.570,1.344,1.966,3.446,3.269,5.255,3.818,3.037,5.255,0
0.63835,0.19274,0.084713,1.0122,0.061858,0.0073981,0.29141,0.42988,0.022828,0.37198,4.345,2.231,4.515,0.052,2.041,1.061,2.770,2.044,2.089,4.515,0
0.72281,0.11776,0.10162,1.5781,0.13044,0.006089,0.40234,0.29738,0.022746,0.23605,4.482,2.393,4.662,0.205,2.889,2.344,4.535,2.027,2.611,4.662,0
0.1903,0.48034,0.014508,1.5906,0.11846,0.010717,0.49505,0.068257,0.016865,0.26425,0.143,1.323,0.484,2.508,1.078,4.432,4.279,0.003,4.751,4.751,0
0.21096,0.33681,0.19058,1.2572,0.16012,0.0042284,0.32749,0.078991,0.015912,0.35291,0.525,1.921,0.168,2.963,1.358,0.135,2.712,3.983,3.397,3.983,0
1.13,0.30362,0.058391,1.1024,0.073115,0.0043719,0.4317,0.52626,0.026181,0.35591,6.707,4.220,6.780,1.462,1.566,0.464,2.427,0.940,1.492,6.780,0
0.23253,0.14463,0.22227,1.1085,0.17928,0.001514,0.49464,0.6589,0.029433,0.15189,0.852,2.204,0.484,3.159,3.111,2.861,5.943,3.128,0.498,5.943,0
0.81773,0.29313,0.10857,1.4048,0.37304,0.010733,0.47928,0.64582,0.029783,0.25117,7.204,4.710,7.275,1.928,0.488,1.993,3.872,3.439,0.510,7.275,0
0.67417,0.30799,0.050442,1.4253,0.14421,0.0074238,0.11794,0.21687,0.008139,0.15943,4.280,2.212,4.466,0.057,1.411,0.323,7.358,0.632,4.265,7.358,0
0.25562,0.43806,0.18664,1.588,0.37033,0.0010403,0.43647,0.67003,0.012144,0.19383,0.745,2.093,0.374,3.080,1.473,0.589,4.537,2.670,0.545,4.537,0
0.40346,0.43741,0.16768,1.3946,0.24465,0.0094277,0.17481,0.33347,0.012348,0.36346,2.629,0.798,2.875,0.970,0.587,2.968,3.162,5.034,2.480,5.034,0
0.29527,0.081162,0.017214,1.5084,0.2135,0.0028219,0.1402,0.75605,0.023296,0.10838,0.181,1.598,0.173,2.709,3.418,3.260,8.067,0.199,0.921,8.067,0
0.32746,0.43249,0.23296,1.1031,0.29007,0.0036751,0.24478,0.38006,0.029407,0.25635,0.477,1.061,0.797,2.333,0.775,0.572,2.978,4.894,1.096,4.894,0
0.38083,0.1269,0.094736,1.3881,0.20719,0.01195,0.32241,0.035229,0.0076201,0.28997,2.835,0.976,3.074,0.840,2.369,1.361,4.566,2.813,4.404,4.566,0
1.0714,0.39995,0.097966,1.3979,0.10982,0.0011417,0.47867,0.77469,0.01554,0.34295,4.429,2.331,4.605,0.172,1.665,0.777,2.327,1.223,1.209,4.605,0
0.5194,0.19032,0.061106,1.3497,0.30895,0.0053615,0.30544,0.0033285,0.0085152,0.37106,2.708,0.861,2.950,0.927,2.275,1.491,3.218,1.146,4.649,4.649,0
0.8332,0.19721,0.055773,1.5854,0.078504,0.00030215,0.29119,0.79248,0.0054204,0.29779,2.423,0.628,2.679,1.092,2.955,2.660,3.900,0.317,1.850,3.900,0
0.25694,0.088073,0.18544,1.3067,0.1129,0.0097665,0.36465,0.3968,0.019164,0.20753,0.826,0.746,1.139,2.093,2.978,2.411,5.437,4.823,2.017,5.437,0
0.92685,0.48179,0.2091,1.0107,0.18461,0.0088193,0.37884,0.12116,0.023477,0.15745,6.929,4.435,7.000,1.681,0.349,2.963,6.212,5.035,3.113,7.000,0
0.60659,0.10255,0.082737,1.0313,0.22153,0.0086506,0.48881,0.10458,0.017449,0.11039,4.122,2.057,4.306,0.026,2.986,2.409,8.633,1.467,4.251,8.633,0
0.88259,0.27302,0.13325,1.4598,0.11905,0.0098053,0.49753,0.0054193,0.014499,0.32811,7.131,4.649,7.206,1.884,0.975,0.938,3.542,3.815,4.073,7.206,0
0.37106,0.21504,0.13095,1.0622,0.33141,0.011685,0.31049,0.44683,0.015205,0.20394,2.676,0.822,2.915,0.959,1.466,0.081,5.879,3.899,0.914,5.879,0
0.79076,0.23544,0.17181,1.5467,0.3253,0.0062512,0.11062,0.316,0.015435,0.16287,5.062,2.888,5.221,0.550,1.958,0.801,6.512,3.502,2.673,6.512,0
0.31035,0.12288,0.19376,1.2522,0.05899,0.0087874,0.37774,0.60869,0.023595,0.20343,1.273,0.365,1.569,1.809,2.694,1.939,5.277,4.766,1.895,5.277,0
0.63383,0.28682,0.18601,1.2769,0.22113,0.0026631,0.28868,0.22605,0.0096855,0.39637,2.572,0.733,2.815,1.028,1.969,1.182,2.615,3.457,3.070,3.457,0
1.149,0.156,0.045268,1.4804,0.073582,0.0046368,0.13361,0.50105,0.026799,0.19157,6.678,4.200,6.756,1.424,2.750,2.126,5.158,0.471,2.606,6.756,0
0.21485,0.33947,0.19843,1.264,0.050005,0.0064917,0.4031,0.23812,0.027008,0.23732,0.166,1.606,0.180,2.727,1.038,0.624,3.969,4.480,3.107,4.480,0
0.74963,0.39261,0.16726,1.199,0.28445,0.0045759,0.48731,0.041602,0.021505,0.32479,4.297,2.206,4.474,0.087,0.804,0.706,2.580,3.738,3.308,4.474,0
0.13004,0.42761,0.17543,1.1769,0.19637,0.0095033,0.37046,0.77824,0.0097093,0.10207,0.893,2.233,0.521,3.190,0.360,2.277,10.234,3.324,1.069,10.234,0
0.99111,0.19314,0.20192,1.5634,0.059873,0.010273,0.41184,0.51703,0.022731,0.26532,8.048,5.418,8.084,2.421,1.769,0.391,4.153,5.855,1.960,8.084,0
0.3612,0.28758,0.070687,1.4763,0.10374,0.0086083,0.12966,0.65366,0.022567,0.11897,1.657,0.010,1.948,1.541,1.401,0.377,7.870,1.133,1.903,7.870,0
0.16257,0.47497,0.011684,1.1473,0.19594,0.0039473,0.13557,0.7942,0.016347,0.38138,1.003,2.338,0.631,3.274,0.409,1.148,2.097,0.194,1.177,3.274,0
0.15517,0.16327,0.21801,1.1008,0.33386,0.0094375,0.10508,0.50761,0.028748,0.34793,0.367,1.790,0.017,2.870,2.036,1.076,2.920,7.100,1.180,7.100,0
0.6585,0.28963,0.17064,1.4738,0.28222,0.0090252,0.10247,0.15349,0.0042002,0.27161,4.967,2.790,5.124,0.467,1.033,0.750,4.971,4.504,3.630,5.124,0
0.66277,0.11104,0.090476,1.5974,0.07674,0.0057786,0.18538,0.76545,0.018032,0.22802,3.795,1.808,4.002,0.231,2.996,2.496,4.895,1.588,1.797,4.895,0
0.96175,0.051484,0.0040798,1.0901,0.13165,0.0064352,0.11179,0.32253,0.0097062,0.12927,5.958,3.615,6.069,1.058,3.513,3.349,8.370,0.393,4.186,8.370,0
0.44066,0.38015,0.087371,1.5845,0.28042,0.00047655,0.32004,0.152,0.018968,0.10051,0.273,1.199,0.614,2.411,2.099,1.420,7.164,0.661,3.709,7.164,0
0.47684,0.077907,0.2376,1.3499,0.11947,0.0032327,0.46221,0.010238,0.011868,0.38376,1.552,0.128,1.837,1.637,3.351,3.195,3.097,4.573,3.095,4.573,0
0.41933,0.24769,0.23847,1.08,0.12082,0.0058149,0.44788,0.61337,0.011171,0.24626,1.722,0.005,1.997,1.523,1.938,0.797,4.709,5.009,1.690,5.009,0
0.66194,0.10187,0.02579,1.0854,0.27247,0.0078156,0.49393,0.62739,0.0056745,0.17268,4.444,2.326,4.614,0.172,3.001,2.468,7.156,0.166,0.788,7.156,0
0.72591,0.04342,0.23652,1.1371,0.12556,0.0067572,0.47371,0.41756,0.024633,0.21395,4.728,2.574,4.889,0.355,3.517,3.397,5.021,5.438,1.447,5.438,0
0.21635,0.47961,0.19096,1.1737,0.18086,0.010791,0.40343,0.30489,0.014182,0.25616,0.520,1.020,0.841,2.301,0.962,3.962,4.709,5.620,2.530,5.620,0
1.0455,0.26392,0.08217,1.3492,0.10097,0.006917,0.43673,0.017619,0.02882,0.13159,6.960,4.499,7.040,1.770,1.744,0.341,6.761,1.357,4.493,7.040,0
1.1046,0.23419,0.23392,1.3362,0.25762,0.0082096,0.23473,0.36213,0.011524,0.39391,8.369,5.641,8.380,2.481,1.503,0.194,2.989,6.751,1.863,8.380,0
0.45826,0.3918,0.18897,1.2719,0.12027,0.01046,0.25824,0.32806,0.012669,0.2727,3.369,1.424,3.585,0.517,0.111,2.542,4.538,5.411,2.745,5.411,0
0.46671,0.14868,0.050816,1.2261,0.22263,0.0021265,0.27096,0.35231,0.014448,0.2521,1.108,0.512,1.408,1.927,2.991,2.673,4.381,0.480,2.311,4.381,0
0.91127,0.16299,0.012253,1.1688,0.22143,0.0033078,0.19012,0.73392,0.020151,0.21845,4.680,2.534,4.843,0.282,2.794,2.320,4.772,0.222,0.771,4.843,0
0.19332,0.38286,0.048109,1.4368,0.27015,0.0078639,0.1229,0.58297,0.027736,0.28091,0.136,1.573,0.212,2.701,0.183,1.764,3.266,1.018,1.619,3.266,0
0.98783,0.31576,0.14087,1.0346,0.32045,0.0077418,0.26907,0.034064,0.020062,0.28284,7.382,4.812,7.433,1.914,0.882,0.699,3.685,3.785,3.628,7.433,0
0.96601,0.024395,0.18653,1.105,0.38254,0.010016,0.25661,0.25902,0.013908,0.29724,8.052,5.378,8.076,2.318,3.623,3.574,4.080,5.821,2.356,8.076,0
0.49013,0.085575,0.2308,1.2991,0.20853,0.005184,0.40658,0.50566,0.022342,0.37044,2.394,0.592,2.647,1.114,3.162,2.887,2.894,5.549,0.898,5.549,0
0.22075,0.41444,0.14637,1.2986,0.3642,0.0025764,0.35806,0.12748,0.024251,0.39029,0.648,2.026,0.286,3.041,1.001,0.035,1.764,2.902,3.401,3.401,0
0.23034,0.39314,0.039444,1.4893,0.38807,0.005675,0.15792,0.68512,0.0081514,0.17545,0.151,1.579,0.200,2.701,0.833,0.892,6.351,0.429,0.403,6.351,0
0.24646,0.10429,0.22452,1.5481,0.23907,0.007217,0.16544,0.51812,0.011779,0.29866,0.325,1.170,0.659,2.402,2.905,2.375,4.058,5.687,1.259,5.687,0
0.2094,0.022722,0.12257,1.5205,0.1746,0.0032136,0.35777,0.36983,0.0063582,0.10115,0.871,2.199,0.495,3.156,3.776,3.834,9.906,1.200,2.327,9.906,0
1.1354,0.071898,0.028242,1.2605,0.33506,0.0065304,0.1731,0.47346,0.027469,0.3346,8.064,5.367,8.083,2.265,3.204,2.945,3.128,0.381,1.349,8.083,0
0.54993,0.36641,0.0027726,1.3129,0.32551,0.007632,0.2165,0.17168,0.015096,0.20935,3.605,1.628,3.813,0.371,0.599,1.292,5.256,0.397,3.909,5.256,0
0.43841,0.12944,0.1326,1.0365,0.30108,0.0090359,0.18579,0.77035,0.0052767,0.14476,2.655,0.804,2.895,0.975,2.709,1.926,8.259,2.831,0.600,8.259,0
0.26287,0.037697,0.17377,1.4595,0.26334,0.0051516,0.4668,0.15249,0.0050624,0.33634,0.125,1.350,0.463,2.536,3.590,3.542,3.935,3.787,3.489,3.935,0
1.1417,0.46232,0.13926,1.1883,0.20735,0.0047096,0.48559,0.42182,0.015038,0.24952,6.861,4.353,6.929,1.561,0.484,1.436,3.732,2.703,1.301,6.929,0
0.42103,0.098864,0.15494,1.1059,0.1282,0.011646,0.17337,0.21309,0.010981,0.33386,3.280,1.334,3.495,0.592,2.699,1.974,3.786,4.936,3.650,4.936,0
0.50379,0.23123,0.13625,1.2728,0.26639,0.0033404,0.32846,0.53455,0.014215,0.37542,1.906,0.172,2.176,1.428,2.218,1.525,2.758,2.650,0.740,2.758,1
1.1455,0.22638,0.19723,1.1332,0.30137,0.0051443,0.10945,0.4892,0.026329,0.23414,7.300,4.713,7.347,1.790,2.055,1.163,4.163,4.450,1.501,7.347,0
0.72945,0.3069,0.17565,1.3937,0.19119,0.011451,0.43906,0.54996,0.02034,0.20926,6.304,3.928,6.408,1.341,0.530,1.929,5.427,5.158,1.241,6.408,0
0.66751,0.49761,0.24201,1.3732,0.34302,0.0012402,0.32959,0.53618,0.0073979,0.1346,2.044,0.299,2.313,1.332,1.296,0.214,6.474,3.200,0.352,6.474,0
0.60087,0.22692,0.17582,1.269,0.19228,0.0051631,0.1004,0.33848,0.015625,0.22405,3.162,1.244,3.385,0.651,2.145,1.178,4.863,3.505,3.027,4.863,0
0.92823,0.26983,0.14922,1.5756,0.17088,0.0033846,0.1143,0.34356,0.008371,0.26377,4.746,2.613,4.915,0.348,2.082,1.140,4.281,2.467,3.185,4.915,0
0.97917,0.027662,0.030648,1.3105,0.38944,0.0021965,0.45043,0.77249,0.027154,0.37525,4.912,2.736,5.068,0.472,3.714,3.785,2.822,0.221,1.212,5.068,0
0.4176,0.16115,0.074716,1.4505,0.17109,0.010502,0.34473,0.26743,0.01039,0.26747,2.921,1.055,3.159,0.777,2.124,0.954,4.731,1.901,3.135,4.731,0
0.80004,0.045849,0.2037,1.1157,0.21777,0.00048606,0.3462,0.42743,0.020516,0.14228,2.406,0.593,2.656,1.126,3.687,3.741,7.022,2.419,1.009,7.022,0
0.33063,0.038023,0.16053,1.0515,0.20366,0.011673,0.43615,0.6875,0.02691,0.22898,2.212,0.426,2.468,1.173,3.436,3.239,4.702,5.087,0.784,5.087,0
0.5739,0.35154,0.023047,1.4022,0.38428,0.0079393,0.48233,0.24764,0.017659,0.33929,4.115,2.063,4.303,0.021,0.381,1.574,2.976,0.273,2.504,4.303,0
1.0373,0.22283,0.026225,1.4338,0.35297,0.010528,0.17661,0.088182,0.015414,0.37484,8.852,6.066,8.848,2.812,1.264,0.215,3.115,0.504,4.557,8.852,0
0.12118,0.40066,0.21855,1.3632,0.30262,0.0030553,0.16316,0.76833,0.0080221,0.12631,1.544,2.796,1.149,3.605,1.495,0.215,7.585,3.162,0.380,7.585,0
0.32222,0.18037,0.20209,1.5822,0.14742,0.00083186,0.36353,0.7612,0.017291,0.30592,0.344,1.749,0.013,2.827,2.921,2.630,3.329,2.894,0.870,3.329,0
0.32455,0.089418,0.10569,1.1614,0.33927,0.0024308,0.28375,0.093807,0.016745,0.12796,0.044,1.425,0.383,2.595,3.368,3.224,7.680,1.374,4.054,7.680,0
0.82895,0.4052,0.13674,1.3384,0.34231,0.006158,0.12173,0.099069,0.020995,0.36275,5.653,3.364,5.779,0.881,0.271,1.432,2.421,3.496,3.680,5.779,0
0.89953,0.18502,0.096073,1.11,0.20885,0.011053,0.48376,0.51122,0.018472,0.24385,7.651,5.072,7.698,2.179,1.807,0.353,4.753,2.755,1.234,7.698,0
0.54134,0.12123,0.12496,1.0735,0.38789,0.0097406,0.4646,0.66715,0.013404,0.15295,4.056,2.005,4.244,0.015,2.670,1.909,7.319,3.092,0.472,7.319,0
0.54222,0.33576,0.21824,1.1942,0.36327,0.011509,0.48071,0.10787,0.0045712,0.17708,4.476,2.362,4.648,0.194,0.428,2.048,7.743,5.985,2.821,7.743,0
0.20608,0.12726,0.037058,1.0211,0.38541,0.011278,0.47446,0.47574,0.017741,0.33202,0.559,0.997,0.875,2.254,2.328,1.456,3.515,0.956,0.350,3.515,0
1.165,0.25065,0.17287,1.1121,0.073798,0.0056455,0.48131,0.1594,0.023231,0.12709,6.957,4.426,7.019,1.615,2.089,0.926,7.172,2.864,3.690,7.172,0
0.26083,0.47625,0.080635,1.5448,0.06975,0.0055019,0.19449,0.67977,0.016935,0.25464,0.106,1.357,0.448,2.538,0.243,1.850,3.723,1.382,1.877,3.723,0
0.48377,0.49614,0.20089,1.3529,0.079386,0.0098544,0.17572,0.11521,0.0067551,0.3392,3.484,1.524,3.697,0.446,0.941,3.707,3.908,5.688,3.757,5.688,0
1.0852,0.054548,0.0056941,1.1247,0.17762,0.0079006,0.16638,0.046955,0.012298,0.18043,7.649,5.044,7.692,2.078,3.409,3.177,6.465,0.330,5.065,7.692,0
1.18,0.15404,0.11067,1.5269,0.37681,0.0037913,0.47178,0.37145,0.026049,0.37659,6.954,4.414,7.014,1.597,2.667,2.212,2.567,2.342,0.797,7.014,0
0.55208,0.45404,0.18099,1.4217,0.24255,0.0057446,0.40676,0.7473,0.022562,0.25551,3.079,1.186,3.309,0.674,0.168,1.924,3.362,4.137,0.208,4.137,0
0.77134,0.22963,0.051019,1.1457,0.14606,0.010108,0.35094,0.68193,0.026927,0.32222,6.451,4.031,6.542,1.370,1.320,0.142,3.198,1.322,1.213,6.542,0
0.8323,0.22645,0.22721,1.308,0.32958,0.0078479,0.28192,0.27736,0.013106,0.18981,6.018,3.678,6.131,1.110,1.818,0.551,6.055,5.493,2.226,6.131,0
0.89564,0.22414,0.091654,1.4271,0.070065,0.0047108,0.47483,0.37543,0.027715,0.3833,5.341,3.110,5.483,0.762,2.070,1.190,2.360,1.829,1.952,5.483,0
0.48484,0.43151,0.0035635,1.4642,0.39307,0.0030884,0.11932,0.048605,0.016666,0.13173,1.544,0.112,1.837,1.620,1.120,0.208,6.418,0.407,5.077,6.418,0
0.75102,0.13947,0.13427,1.4528,0.17506,0.0057685,0.43404,0.027174,0.014657,0.12859,4.305,2.243,4.492,0.108,2.865,2.224,7.897,2.110,3.985,7.897,0
1.0523,0.39541,0.1097,1.3793,0.10611,0.0036168,0.27677,0.14888,0.02832,0.21017,5.707,3.425,5.836,0.936,1.212,0.174,3.919,1.745,3.877,5.836,0
0.12011,0.32749,0.20627,1.4274,0.29339,0.0031896,0.22297,0.11678,0.024708,0.12133,1.526,2.778,1.131,3.590,1.803,0.752,6.658,3.264,2.839,6.658,0
0.52623,0.48771,0.021904,1.0585,0.25414,0.00095052,0.48489,0.16104,0.028307,0.17352,1.150,0.482,1.447,1.905,1.306,0.360,3.893,0.111,3.605,3.893,0
0.28132,0.47935,0.10805,1.4656,0.13882,0.0012083,0.13891,0.52926,0.015115,0.25986,0.564,1.944,0.202,2.973,1.290,0.198,3.056,1.302,2.118,3.056,0
0.44296,0.27279,0.037773,1.4861,0.3019,0.011411,0.14083,0.18111,0.0088096,0.25328,3.473,1.529,3.691,0.435,0.835,1.124,5.221,0.806,4.091,5.221,0
0.26658,0.16886,0.038086,1.0353,0.15443,0.0081419,0.14269,0.17789,0.025941,0.2873,0.762,0.821,1.071,2.160,2.209,1.284,3.628,0.700,4.158,4.158,0
0.77441,0.21189,0.22569,1.251,0.11688,0.0041462,0.31713,0.68025,0.016821,0.23038,4.006,1.964,4.197,0.128,2.399,1.608,4.634,4.161,1.425,4.634,0
0.14348,0.47305,0.016997,1.0462,0.34356,0.0070135,0.31518,0.42103,0.022516,0.25576,0.827,2.187,0.461,3.163,0.286,2.348,3.614,0.023,1.058,3.614,0
0.23988,0.40785,0.059187,1.4237,0.1779,0.00061968,0.42261,0.53368,0.018049,0.27096,0.947,2.279,0.573,3.223,1.764,1.021,2.953,0.485,1.012,3.223,0
0.2031,0.34504,0.1018,1.5065,0.21139,0.0005489,0.2974,0.6891,0.014153,0.2389,1.215,2.509,0.831,3.392,2.132,1.520,3.855,1.110,0.698,3.855,0
1.094,0.38892,0.12288,1.0094,0.078226,0.010372,0.20793,0.78843,0.016774,0.35368,8.820,6.016,8.810,2.758,0.204,2.479,3.177,3.696,2.014,8.820,0
0.75418,0.19433,0.049764,1.1426,0.13382,0.0081226,0.44214,0.0086085,0.0062347,0.17317,5.154,2.933,5.297,0.600,2.229,1.073,7.148,0.703,4.912,7.148,0
0.11273,0.069521,0.21062,1.5788,0.38387,0.0092115,0.24016,0.15707,0.019355,0.15365,1.062,2.366,0.679,3.281,3.188,2.793,6.874,5.357,2.660,6.874,0
0.62161,0.1896,0.1967,1.1594,0.37897,0.0087939,0.43008,0.3645,0.0069285,0.13027,4.401,2.298,4.575,0.129,2.177,1.040,8.712,4.358,1.319,8.712,0
0.40674,0.17947,0.10298,1.3064,0.14655,0.0084167,0.12989,0.58375,0.010371,0.24779,2.266,0.486,2.526,1.196,2.181,1.088,4.974,2.363,2.218,4.974,0
0.52367,0.3554,0.083442,1.5798,0.10075,0.0063778,0.48313,0.78088,0.0064999,0.39972,2.941,1.080,3.180,0.642,0.795,1.401,2.708,1.741,1.886,3.180,0
0.84579,0.21154,0.11831,1.2604,0.28132,0.00053753,0.20766,0.069912,0.028618,0.11537,2.755,0.905,2.996,0.889,2.857,2.564,6.811,1.262,3.898,6.811,0
0.7004,0.097129,0.040063,1.5215,0.27842,0.0069821,0.30456,0.58052,0.025022,0.37703,4.913,2.747,5.072,0.442,2.923,2.482,2.784,0.766,0.480,5.072,0
1.1813,0.19682,0.14175,1.0216,0.37194,0.0023756,0.30951,0.17513,0.018074,0.22671,5.939,3.526,6.030,0.923,2.633,2.190,4.552,2.431,3.190,6.030,0
0.42267,0.22676,0.22928,1.2915,0.31724,0.0061535,0.45197,0.52136,0.0083378,0.14059,1.790,0.084,2.069,1.461,2.139,1.055,7.871,4.391,0.621,7.871,0
0.39852,0.12761,0.025556,1.0994,0.33668,0.0039174,0.45787,0.011161,0.027779,0.38054,1.249,0.402,1.540,1.849,2.884,2.542,2.569,0.186,5.023,5.023,0
0.29938,0.021387,0.13166,1.019,0.069072,0.0022718,0.31638,0.11004,0.0074308,0.34272,0.191,1.643,0.151,2.766,3.773,3.855,3.761,1.968,4.245,4.245,0
0.25274,0.49825,0.17491,1.2201,0.063164,0.0061684,0.33921,0.022183,0.018884,0.2779,0.181,1.311,0.514,2.513,0.101,2.317,3.320,3.871,3.734,3.871,0
0.55329,0.41747,0.20015,1.5336,0.30324,0.0091808,0.17626,0.076524,0.028656,0.14283,4.040,2.023,4.240,0.070,0.086,2.439,6.424,5.062,2.903,6.424,0
0.51302,0.06443,0.13266,1.4121,0.18403,0.011622,0.29827,0.020391,0.024139,0.39313,4.513,2.405,4.687,0.195,3.054,2.622,2.795,4.636,3.893,4.687,0
0.731,0.028351,0.14531,1.2782,0.14091,0.0061383,0.31448,0.42407,0.022008,0.21823,4.536,2.419,4.707,0.204,3.662,3.645,5.049,3.052,1.628,5.049,0
0.15192,0.095856,0.027562,1.3949,0.15497,0.0015557,0.13187,0.34283,0.01878,0.31013,1.417,2.690,1.028,3.529,3.334,3.211,3.498,0.031,3.467,3.529,0
0.40369,0.47382,0.12358,1.46,0.076362,0.007162,0.16491,0.56071,0.0124,0.11222,1.661,0.009,1.950,1.543,0.462,2.007,8.766,1.801,2.194,8.766,0
0.46392,0.32768,0.13044,1.5127,0.28144,0.010951,0.39095,0.47085,0.022976,0.3674,3.800,1.807,4.004,0.224,0.039,2.173,2.799,4.412,0.786,4.412,0
0.68185,0.075825,0.068723,1.2664,0.21948,0.010302,0.40681,0.74416,0.022988,0.13779,5.405,3.166,5.545,0.789,3.110,2.625,7.238,1.451,0.631,7.238,0
0.99395,0.23363,0.12546,1.4799,0.11107,0.00034899,0.39328,0.36409,0.027846,0.10618,3.207,1.311,3.438,0.581,2.865,2.487,7.101,1.020,1.893,7.101,0
0.6424,0.28855,0.23745,1.2327,0.10637,0.0094646,0.25718,0.3176,0.01646,0.36649,5.032,2.828,5.180,0.490,0.847,0.901,3.049,7.089,2.640,7.089,0
0.83866,0.20542,0.027083,1.0203,0.15753,0.0077317,0.28585,0.16036,0.016917,0.11004,5.605,3.314,5.730,0.843,2.229,1.093,8.623,0.111,4.069,8.623,0
0.36764,0.19458,0.098151,1.2271,0.2329,0.010334,0.18543,0.70747,0.011657,0.33784,2.399,0.591,2.650,1.126,1.703,0.396,3.661,2.891,1.128,3.661,0
0.57885,0.30966,0.11177,1.2859,0.27117,0.0015363,0.13263,0.26912,0.0082029,0.14015,1.578,0.108,1.861,1.634,2.270,1.556,7.082,1.205,3.339,7.082,0
0.61535,0.099516,0.06121,1.3693,0.30795,4.419e-05,0.26134,0.54587,0.01828,0.34526,1.399,0.267,1.687,1.754,3.384,3.370,3.095,0.576,0.405,3.384,0
0.13577,0.41846,0.16517,1.5248,0.21153,0.006048,0.2645,0.68114,0.025049,0.19264,1.077,2.385,0.696,3.297,0.498,1.413,4.706,3.498,0.667,4.706,0
1.1537,0.12489,0.0097355,1.0652,0.19764,0.0011584,0.47418,0.35501,0.029161,0.27258,4.982,2.729,5.116,0.354,3.190,3.041,3.561,0.297,1.721,5.116,0
0.15667,0.11356,0.16211,1.3844,0.16418,0.001836,0.47345,0.1365,0.027669,0.32343,1.331,2.615,0.945,3.474,3.189,3.006,3.048,2.702,3.499,3.499,0
1.1881,0.033045,0.099779,1.1853,0.31429,0.0023567,0.39551,0.3505,0.010652,0.21425,5.783,3.395,5.881,0.837,3.700,3.742,5.627,1.420,1.721,5.881,0
0.82276,0.29299,0.064276,1.0398,0.3514,0.0093056,0.49159,0.073601,0.019317,0.26568,6.657,4.218,6.740,1.562,0.849,0.957,4.113,1.655,4.431,6.740,0
0.60738,0.38261,0.093498,1.5872,0.32214,0.0092671,0.16208,0.27653,0.024075,0.14676,4.557,2.465,4.738,0.249,0.219,2.022,6.665,2.125,2.847,6.665,0
0.29825,0.46917,0.11843,1.3417,0.28456,0.010295,0.4541,0.45537,0.010518,0.13361,1.336,0.301,1.633,1.737,0.395,3.450,8.755,2.604,1.143,8.755,0
1.0171,0.073882,0.15327,1.1656,0.19496,0.0055108,0.28977,0.40007,0.0099764,0.10903,5.981,3.642,6.094,1.085,3.384,3.132,9.181,2.261,2.007,9.181,0
1.102,0.30608,0.22465,1.5601,0.14621,0.0075907,0.2335,0.64746,0.0043631,0.13712,7.336,4.793,7.398,1.880,1.500,0.283,8.653,3.952,1.887,8.653,0
0.48526,0.3323,0.14732,1.3664,0.25824,0.0099444,0.30831,0.19234,0.015007,0.24128,3.593,1.625,3.804,0.365,0.471,1.602,4.895,4.114,3.319,4.895,0
0.17491,0.37021,0.22288,1.371,0.35354,0.011471,0.17138,0.25947,0.024266,0.20185,0.071,1.394,0.412,2.567,0.210,2.580,5.375,7.008,2.290,7.008,0
0.58678,0.073342,0.0567,1.5235,0.21674,0.0042805,0.37556,0.56118,0.013862,0.36608,2.863,0.998,3.100,0.826,3.320,3.132,3.200,0.892,1.019,3.320,0
0.74542,0.21651,0.034524,1.3893,0.1056,0.0012298,0.22937,0.055265,0.014373,0.38969,2.563,0.734,2.809,1.022,2.656,2.243,2.569,0.144,4.888,4.888,0
0.5165,0.38234,0.15449,1.093,0.35585,0.0041006,0.25325,0.77313,0.029332,0.1761,2.253,0.466,2.509,1.215,1.112,0.170,4.701,3.036,0.691,4.701,0
0.23418,0.28981,0.24704,1.1588,0.055722,0.00065669,0.29581,0.30215,0.010668,0.24973,1.024,2.354,0.650,3.284,2.495,1.958,4.110,3.083,2.876,4.110,0
0.63473,0.35295,0.0050191,1.2855,0.38029,0.0051075,0.34725,0.017058,0.021922,0.17177,3.524,1.559,3.735,0.418,1.152,0.253,5.428,0.356,5.169,5.428,0
0.49785,0.45173,0.16536,1.3547,0.37128,0.0074318,0.45131,0.48077,0.0099893,0.19098,3.006,1.129,3.241,0.710,0.000,2.420,5.925,3.816,0.443,5.925,0
1.1772,0.39678,0.20516,1.5793,0.22036,0.00038695,0.17968,0.15514,0.019189,0.27322,4.436,2.255,4.591,0.003,1.833,1.174,2.869,2.852,3.062,4.591,0
0.58433,0.28859,0.14395,1.1716,0.28563,0.0013602,0.3412,0.57271,0.0063001,0.30997,1.709,0.011,1.982,1.574,2.233,1.660,3.513,2.170,0.669,3.513,0
1.0086,0.45129,0.053232,1.3102,0.39048,0.0077473,0.13487,0.62322,0.0084808,0.32236,7.572,4.984,7.620,2.039,0.327,2.483,3.623,1.159,0.981,7.620,0
1.1918,0.17828,0.068452,1.2248,0.10336,0.0016343,0.28737,0.19301,0.027036,0.1101,4.923,2.667,5.055,0.307,2.988,2.603,7.375,0.475,3.656,7.375,0
0.6712,0.0634,0.14364,1.2805,0.23445,0.0024872,0.23737,0.59483,0.024039,0.39073,2.834,0.959,3.067,0.861,3.465,3.411,2.698,2.669,0.589,3.465,0
0.64679,0.39834,0.0060907,1.1736,0.12255,0.0039201,0.40628,0.52445,0.023488,0.30259,3.128,1.207,3.349,0.680,1.025,0.357,2.753,0.334,1.312,3.349,0
0.94262,0.18011,0.15022,1.4419,0.053148,0.0043559,0.46125,0.71864,0.01873,0.35178,5.381,3.144,5.521,0.782,2.513,1.834,2.962,2.980,1.805,5.521,0
0.54751,0.24844,0.085782,1.3891,0.15388,0.0026377,0.17799,0.73162,0.011703,0.25843,1.847,0.126,2.122,1.463,2.338,1.605,4.178,1.132,1.391,4.178,0
0.32663,0.11557,0.13341,1.5995,0.3867,0.00082757,0.30862,0.36657,0.012413,0.14561,0.315,1.714,0.044,2.796,3.295,3.175,7.162,1.600,1.286,7.162,0
0.62015,0.48426,0.24312,1.3175,0.39473,0.0082861,0.2507,0.063327,0.0096429,0.38536,4.626,2.487,4.791,0.244,0.833,3.126,2.928,7.239,2.336,7.239,0
1.011,0.27917,0.22108,1.2752,0.13363,0.0014678,0.45269,0.38988,0.02846,0.21432,4.259,2.185,4.441,0.070,2.329,1.715,4.018,3.288,1.334,4.441,0
1.1034,0.28395,0.082061,1.1553,0.30081,0.0056584,0.17396,0.63356,0.02347,0.36808,7.450,4.867,7.499,1.931,1.403,0.247,2.521,1.851,0.478,7.499,0
0.66399,0.30987,0.072483,1.5969,0.11618,0.0097189,0.35556,0.1674,0.015422,0.30285,5.248,3.038,5.396,0.657,0.652,1.343,3.827,1.828,3.917,5.396,0
0.34552,0.31315,0.21786,1.3902,0.051181,0.0055063,0.37527,0.52299,0.016954,0.17341,0.847,0.721,1.161,2.069,1.613,0.137,5.928,3.861,2.020,5.928,0
0.48003,0.1286,0.13812,1.373,0.16878,0.0032459,0.439,0.68809,0.016038,0.25992,1.558,0.117,1.844,1.614,3.025,2.663,4.274,2.323,0.970,4.274,0
1.0957,0.042357,0.018929,1.5523,0.17187,0.0027557,0.42047,0.57834,0.0079368,0.28177,5.525,3.270,5.663,0.803,3.628,3.618,4.481,0.111,1.399,5.663,0
0.85154,0.1293,0.10503,1.1635,0.065811,0.0043245,0.2638,0.44216,0.0076304,0.25208,4.515,2.388,4.683,0.172,2.990,2.528,4.890,1.649,2.472,4.890,0
0.64295,0.19066,0.071485,1.4378,0.069815,0.0072809,0.18912,0.22411,0.018679,0.1051,3.845,1.853,4.051,0.194,2.413,1.328,8.675,0.893,3.829,8.675,0
0.46687,0.27677,0.12682,1.0579,0.27657,0.0026847,0.25447,0.44901,0.024434,0.29821,1.394,0.278,1.680,1.763,2.029,1.314,3.007,2.279,0.896,3.007,0
0.27452,0.15379,0.00386,1.4541,0.36015,0.0071379,0.37314,0.578,0.010068,0.3074,0.664,0.883,0.983,2.194,2.424,1.636,3.968,0.361,0.272,3.968,0
0.63252,0.18579,0.08928,1.325,0.27285,0.0068015,0.44937,0.67586,0.02723,0.20642,4.108,2.060,4.297,0.015,2.218,1.294,4.857,1.930,0.108,4.857,0
0.9815,0.4642,0.11389,1.5547,0.097609,0.0014759,0.10138,0.51284,0.0079827,0.19547,3.842,1.847,4.047,0.202,1.507,0.284,4.876,1.161,3.237,4.876,0
0.36292,0.21359,0.11408,1.58,0.073082,0.001878,0.12689,0.1657,0.020588,0.12325,0.053,1.391,0.401,2.554,2.794,2.228,7.168,1.052,4.085,7.168,0
0.51115,0.27469,0.23734,1.0727,0.075828,0.0073449,0.10313,0.16155,0.017337,0.31085,3.120,1.198,3.341,0.689,1.393,0.032,3.476,5.982,3.310,5.982,0
0.22478,0.46169,0.16089,1.3966,0.3065,0.0030502,0.28213,0.69846,0.021747,0.27879,0.577,1.958,0.215,2.986,0.707,0.652,2.771,3.055,0.099,3.055,0
0.12629,0.44559,0.24054,1.2712,0.056896,0.00092327,0.3091,0.24326,0.027777,0.36618,1.669,2.912,1.273,3.697,1.430,0.570,1.602,3.727,2.878,3.727,0
0.21756,0.3442,0.077398,1.4389,0.074954,0.010246,0.12888,0.77684,0.02905,0.20756,0.431,1.078,0.761,2.332,0.345,1.868,4.882,1.921,1.696,4.882,0
0.86926,0.40948,0.0089326,1.1601,0.16439,0.0047607,0.31257,0.24594,0.023351,0.32975,5.173,2.947,5.315,0.579,0.698,0.830,2.516,0.249,3.217,5.315,0
1.118,0.11914,0.17984,1.424,0.24719,0.0091942,0.27384,0.1073,0.024745,0.26208,8.787,5.997,8.783,2.739,2.604,1.868,4.120,5.208,3.253,8.787,0
1.1503,0.21714,0.21455,1.0226,0.088642,0.0086814,0.43089,0.23412,0.029979,0.21502,8.503,5.741,8.503,2.566,1.771,0.499,4.663,5.620,3.005,8.503,0
0.20753,0.21535,0.24109,1.2438,0.083295,0.0082379,0.20532,0.54437,0.018002,0.22605,0.005,1.468,0.335,2.627,1.885,0.604,4.956,5.875,1.902,5.875,0
0.26811,0.45038,0.18139,1.3913,0.26692,0.0046505,0.37668,0.50708,0.01968,0.19035,0.049,1.412,0.391,2.580,0.601,1.146,4.763,3.498,0.673,4.763,0
0.55274,0.44289,0.12595,1.2381,0.3609,0.0018557,0.44326,0.64241,0.028637,0.23231,1.790,0.068,2.064,1.505,1.132,0.122,3.072,2.068,0.594,3.072,0
0.64229,0.20006,0.17597,1.5123,0.24595,0.0099824,0.45911,0.21661,0.029169,0.27715,5.324,3.102,5.469,0.745,1.625,0.279,3.700,5.482,2.819,5.482,0
0.99447,0.22753,0.23007,1.0858,0.35638,0.0069991,0.21292,0.40526,0.0055905,0.2774,7.029,4.512,7.094,1.695,1.845,0.719,4.600,5.781,1.309,7.094,0
0.22213,0.32875,0.081644,1.0573,0.18407,0.0013298,0.25156,0.29812,0.0041522,0.20672,0.976,2.316,0.605,3.258,2.196,1.473,5.373,0.790,3.081,5.373,0
0.42129,0.25792,0.0045489,1.0491,0.21082,0.002752,0.4655,0.31091,0.029457,0.23769,0.990,0.622,1.291,2.008,2.199,1.504,3.748,0.381,2.171,3.748,0
0.81428,0.38349,0.026861,1.2214,0.053975,0.0097346,0.36301,0.72279,0.018844,0.21527,6.337,3.943,6.436,1.315,0.217,2.230,5.224,0.312,2.134,6.436,0
0.76448,0.36072,0.13775,1.0242,0.1303,0.010877,0.23713,0.22661,0.025203,0.33012,6.604,4.151,6.686,1.437,0.106,2.280,3.112,4.437,3.288,6.686,0
0.90508,0.2179,0.18509,1.3503,0.19951,0.0076899,0.21244,0.31478,0.010024,0.26381,6.485,4.071,6.579,1.388,1.877,0.646,4.623,4.520,2.644,6.579,0
0.59456,0.36042,0.015589,1.3988,0.07959,0.0094203,0.18688,0.35119,0.0057974,0.22381,4.288,2.210,4.470,0.049,0.569,1.704,5.981,0.051,3.512,5.981,0
1.018,0.49682,0.12727,1.0483,0.24601,0.0093574,0.43265,0.51935,0.02676,0.23296,8.104,5.448,8.131,2.443,0.952,3.776,3.985,3.563,0.744,8.131,0
0.13738,0.45758,0.21049,1.409,0.36274,0.0052969,0.21307,0.64686,0.012288,0.22122,1.118,2.426,0.738,3.332,0.322,1.523,4.628,4.555,0.028,4.628,0
0.7269,0.44841,0.10307,1.3166,0.25191,0.004449,0.43552,0.50928,0.0074847,0.31325,3.937,1.905,4.130,0.157,0.563,1.180,3.290,1.933,1.081,4.130,0
0.49937,0.099096,0.16124,1.198,0.19321,0.010722,0.18025,0.45747,0.0076644,0.22627,3.824,1.807,4.021,0.244,2.823,2.124,5.688,4.363,2.105,5.688,0
0.80123,0.42713,0.077607,1.5623,0.20706,0.011769,0.49093,0.37256,0.0091327,0.16074,6.743,4.327,6.836,1.650,0.366,3.627,8.187,1.722,2.141,8.187,0
0.61805,0.40447,0.18214,1.0042,0.20059,0.00044138,0.44802,0.3094,0.011826,0.21757,1.422,0.263,1.704,1.760,1.933,1.269,4.201,2.277,2.307,4.201,0
0.14531,0.2704,0.19651,1.1114,0.20286,0.01038,0.35041,0.7651,0.018183,0.33468,0.442,1.854,0.089,2.917,0.887,0.827,3.373,6.221,0.818,6.221,0
0.10795,0.13244,0.065228,1.1263,0.20989,0.011819,0.40978,0.32078,0.020394,0.36917,0.834,2.192,0.467,3.166,2.215,1.250,3.075,2.066,2.333,3.166,0
0.71111,0.31114,0.1601,1.2977,0.29746,0.011436,0.12316,0.13771,0.01522,0.34249,6.369,3.965,6.465,1.307,0.253,1.801,3.485,5.401,3.560,6.465,0
0.65186,0.10274,0.00031265,1.2082,0.10537,0.0095515,0.26158,0.28101,0.012954,0.28351,5.023,2.821,5.171,0.484,2.808,2.155,4.299,0.463,3.445,5.171,0
0.26202,0.39146,0.14122,1.0256,0.21269,0.011206,0.43683,0.34613,0.029087,0.32986,1.312,0.350,1.600,1.807,0.561,3.066,2.873,4.795,1.785,4.795,0
0.64354,0.16009,0.010533,1.1815,0.18686,0.0066219,0.12334,0.54871,0.02162,0.16825,3.954,1.919,4.146,0.161,2.557,1.770,6.126,0.221,2.504,6.126,0
0.38568,0.035175,0.088347,1.4437,0.28051,0.0015901,0.18153,0.36711,0.029816,0.3785,0.438,1.081,0.765,2.340,3.678,3.738,2.718,1.357,1.995,3.738,0
0.10002,0.4281,0.0021428,1.0157,0.061915,0.0037961,0.22125,0.65434,0.015595,0.22996,1.641,2.892,1.247,3.684,1.094,0.417,4.164,0.430,1.903,4.164,0
0.10539,0.40265,0.048462,1.2535,0.28245,0.011051,0.10546,0.29256,0.018186,0.26073,0.963,2.297,0.590,3.240,0.461,2.909,4.438,1.227,3.743,4.438,0
0.90327,0.48623,0.19414,1.2387,0.13194,0.0035376,0.147,0.31205,0.020911,0.14715,4.494,2.387,4.668,0.183,0.874,0.808,5.611,2.942,2.792,5.611,0
0.56814,0.30065,0.03469,1.3522,0.24942,0.0058673,0.30439,0.39453,0.021819,0.12119,3.033,1.150,3.267,0.708,1.609,0.217,7.372,0.256,1.698,7.372,0
0.36199,0.48706,0.047902,1.4224,0.27004,0.0064171,0.48585,0.19955,0.012606,0.35013,1.445,0.214,1.736,1.694,0.355,2.759,2.637,0.875,3.309,3.309,0
0.42554,0.32192,0.15945,1.162,0.24811,0.010803,0.19769,0.062153,0.01424,0.29093,3.181,1.256,3.402,0.644,0.374,1.683,4.160,4.931,3.635,4.931,0
1.0138,0.17871,0.020215,1.0922,0.19835,0.0048669,0.11684,0.53135,0.010876,0.39613,6.222,3.830,6.320,1.206,2.448,1.782,2.910,0.041,2.882,6.320,0
0.91812,0.16636,0.075193,1.4198,0.32476,0.006429,0.37017,0.29871,0.024113,0.14834,6.151,3.807,6.264,1.233,2.486,1.685,6.550,1.342,2.076,6.550,0
0.16532,0.35089,0.24327,1.5194,0.29524,0.0036982,0.48142,0.42794,0.0059948,0.36591,1.023,2.343,0.646,3.269,1.319,0.059,2.934,5.056,1.005,5.056,0
0.82753,0.038716,0.050121,1.5161,0.38365,0.001894,0.37436,0.77853,0.024484,0.15984,3.531,1.583,3.748,0.391,3.668,3.705,6.301,0.448,1.076,6.301,0
0.72572,0.38851,0.18868,1.0898,0.32847,0.0082666,0.31339,0.015231,0.013933,0.16887,5.247,3.009,5.386,0.622,0.445,1.598,6.564,4.512,3.120,6.564,0
0.2598,0.13051,0.23545,1.1603,0.18188,0.011336,0.30317,0.69013,0.0098739,0.22033,1.128,0.498,1.426,1.919,2.448,1.469,5.739,6.659,1.411,6.659,0
0.92886,0.20324,0.1071,1.5918,0.27131,0.001907,0.31567,0.14973,0.012706,0.16159,3.974,1.966,4.176,0.112,2.741,2.249,6.403,1.263,3.755,6.403,0
1.0123,0.31962,0.15234,1.3255,0.19596,0.0044666,0.44476,0.16885,0.0055111,0.13345,5.535,3.275,5.670,0.873,1.838,0.532,8.094,2.132,3.747,8.094,0
1.026,0.034498,0.19781,1.2517,0.27982,0.0078355,0.48177,0.081255,0.012053,0.12578,7.192,4.699,7.263,1.923,3.603,3.512,8.355,4.002,3.147,8.355,0
0.18702,0.28536,0.20621,1.3427,0.0724,0.010909,0.47128,0.61587,0.0065335,0.25465,0.083,1.389,0.421,2.537,0.926,1.546,5.304,5.627,2.452,5.627,0
0.68718,0.27764,0.089417,1.2073,0.22896,0.0035083,0.33179,0.53323,0.0078242,0.24987,3.183,1.256,3.403,0.646,2.020,1.092,4.565,1.357,1.200,4.565,0
0.74835,0.49619,0.054589,1.3559,0.39164,0.011136,0.34405,0.31615,0.013014,0.29654,6.628,4.191,6.716,1.487,1.459,4.371,4.100,1.515,1.969,6.716,0
0.58589,0.39013,0.0152,1.4437,0.060932,0.0089016,0.34001,0.75525,0.0078075,0.17897,3.969,1.946,4.166,0.130,0.543,1.855,7.036,0.106,2.427,7.036,0
0.78968,0.4415,0.02349,1.5003,0.37756,0.0025943,0.33611,0.62877,0.0045322,0.3071,3.661,1.682,3.869,0.329,0.973,0.252,3.340,0.018,0.011,3.869,0
0.87734,0.19482,0.18619,1.3261,0.17994,0.0080653,0.1248,0.099419,0.026072,0.2216,6.491,4.080,6.586,1.400,2.014,0.895,4.663,4.755,3.377,6.586,0
0.33033,0.31992,0.12064,1.2662,0.28515,0.011219,0.24891,0.15865,0.011884,0.36927,2.167,0.394,2.427,1.269,0.202,1.867,3.364,3.955,3.682,3.955,0
0.48559,0.17794,0.13736,1.4954,0.23838,0.0076959,0.42189,0.22025,0.02909,0.39553,3.178,1.276,3.406,0.607,2.038,1.096,2.443,3.951,2.848,3.951,0
0.23588,0.23197,0.13423,1.4363,0.3271,0.0090625,0.28347,0.13939,0.015056,0.19394,0.482,1.034,0.810,2.301,1.593,0.143,5.923,3.370,3.693,5.923,0
0.48989,0.35782,0.1587,1.1134,0.24802,0.0012212,0.14115,0.085567,0.0044088,0.21898,0.929,0.672,1.233,2.049,2.001,1.253,4.943,2.101,3.761,4.943,0
1.1212,0.38321,0.034235,1.2065,0.17207,0.0083893,0.45234,0.76,0.010636,0.33419,8.342,5.620,8.354,2.488,0.215,2.336,3.309,0.573,1.219,8.354,0
0.80697,0.28692,0.069354,1.0097,0.12573,0.0034393,0.40611,0.25037,0.0071747,0.37839,3.990,1.927,4.173,0.163,1.915,1.003,2.950,1.027,3.349,4.173,0
0.87832,0.44182,0.026705,1.4586,0.32372,0.0098755,0.15054,0.18149,0.01549,0.22255,7.174,4.661,7.243,1.814,0.526,3.047,5.213,0.369,4.005,7.243,0
0.28042,0.27888,0.17509,1.3726,0.29608,0.0089282,0.32648,0.12383,0.010883,0.17503,0.945,0.639,1.255,2.012,1.277,0.429,6.768,4.172,3.379,6.768,0
0.67059,0.12133,0.0044872,1.4711,0.18914,0.011789,0.45576,0.23155,0.022162,0.378,6.124,3.774,6.235,1.230,2.328,1.411,2.947,0.295,3.176,6.235,0
0.71313,0.19854,0.15658,1.5439,0.39548,0.0096121,0.49832,0.0050524,0.011429,0.16625,5.615,3.363,5.751,0.957,1.891,0.530,7.044,3.912,3.360,7.044,0
0.29993,0.059291,0.17648,1.3201,0.31516,0.004628,0.32534,0.44974,0.0098413,0.2489,0.375,1.137,0.703,2.383,3.442,3.307,4.938,3.587,0.862,4.938,0
0.872,0.2607,0.027144,1.5308,0.16389,0.010852,0.35648,0.53518,0.0087962,0.20023,7.104,4.606,7.177,1.800,1.211,0.692,6.444,0.319,1.826,7.177,0
0.74227,0.068132,0.1929,1.5262,0.28304,0.00674,0.41767,0.28917,0.017833,0.2466,4.995,2.824,5.153,0.524,3.272,2.995,4.632,4.659,2.137,5.153,0
0.35343,0.48541,0.06351,1.0439,0.38853,0.011088,0.41019,0.040714,0.020721,0.11506,2.239,0.455,2.497,1.218,0.808,3.773,8.557,1.399,4.526,8.557,0
0.53874,0.20648,0.068587,1.4213,0.33703,0.008885,0.13996,0.49926,0.020173,0.28953,4.008,1.976,4.202,0.117,1.700,0.462,3.791,1.767,1.590,4.202,0
0.79295,0.13006,0.013177,1.0116,0.38656,0.0047887,0.43576,0.21363,0.010559,0.19165,4.576,2.433,4.739,0.226,2.912,2.464,6.067,0.173,3.043,6.067,0
0.87335,0.14284,0.055191,1.3423,0.20593,0.0046618,0.29099,0.31674,0.0086225,0.22136,4.941,2.765,5.097,0.452,2.847,2.299,5.444,0.702,2.754,5.444,0
0.99285,0.2739,0.23957,1.3574,0.1728,0.0083869,0.1084,0.38044,0.025857,0.24773,7.526,4.956,7.579,2.026,1.202,0.375,4.104,6.484,2.263,7.579,0
0.53633,0.45349,0.013416,1.2569,0.14662,0.0017283,0.2396,0.40205,0.014816,0.24532,1.441,0.228,1.728,1.724,1.330,0.198,3.498,0.242,2.400,3.498,0
0.74882,0.48983,0.11119,1.1885,0.36122,0.0019707,0.31366,0.49561,0.0097729,0.28264,3.087,1.172,3.310,0.709,0.873,0.273,3.111,1.747,0.454,3.310,0
0.49541,0.24109,0.10215,1.487,0.11523,0.011622,0.27883,0.41499,0.0044666,0.35525,4.082,2.040,4.274,0.069,1.103,0.710,3.973,3.053,2.625,4.274,0
0.93365,0.23184,0.046516,1.5713,0.32693,0.005048,0.47958,0.56894,0.027495,0.12385,5.654,3.406,5.793,0.999,2.135,1.140,6.921,0.515,0.006,6.921,0
0.1693,0.33892,0.032876,1.2549,0.27185,0.0035332,0.27799,0.50649,0.0054438,0.31503,1.015,2.345,0.641,3.277,1.521,0.406,3.580,0.249,1.181,3.580,0
0.28006,0.096447,0.10696,1.5173,0.3939,0.010347,0.20096,0.36766,0.011765,0.3548,1.374,0.270,1.669,1.744,2.740,2.102,3.490,3.353,1.786,3.490,0
0.10288,0.039184,0.1458,1.2578,0.10124,0.0039651,0.15416,0.75758,0.0061831,0.20546,1.622,2.869,1.226,3.664,3.643,3.611,6.123,2.204,2.008,6.123,0
1.0688,0.36526,0.026524,1.5027,0.1377,0.00075121,0.46094,0.09567,0.029745,0.11593,3.958,1.954,4.160,0.091,2.140,1.398,6.023,0.123,4.405,6.023,0
0.29227,0.46394,0.034788,1.3394,0.36552,0.011378,0.17832,0.059527,0.009514,0.33977,1.704,0.003,1.984,1.551,1.224,3.888,3.879,0.827,4.752,4.752,0
0.52242,0.057327,0.031932,1.3627,0.1089,0.0059666,0.38468,0.20058,0.019754,0.28247,2.814,0.957,3.054,0.852,3.405,3.222,3.991,0.340,3.641,3.991,0
0.14899,0.11691,0.0071481,1.3645,0.29113,0.0022786,0.41486,0.22922,0.029422,0.13733,1.368,2.642,0.978,3.490,3.189,2.960,6.510,0.346,2.877,6.510,0
0.66929,0.20195,0.15352,1.2957,0.29624,0.0092768,0.29698,0.69664,0.0077273,0.3287,5.249,3.016,5.389,0.627,1.753,0.493,3.908,4.422,0.443,5.389,0
0.28921,0.23628,0.18029,1.1578,0.22878,1.0878e-05,0.23577,0.53711,0.016162,0.22045,0.747,2.114,0.382,3.106,2.779,2.511,4.476,2.217,0.856,4.476,0
0.3076,0.083389,0.24765,1.5464,0.34671,0.0017274,0.40264,0.79347,0.0078358,0.28502,0.190,1.616,0.161,2.731,3.389,3.298,4.320,4.235,0.760,4.320,0
1.1281,0.40188,0.073641,1.3643,0.17886,0.0080387,0.35125,0.027777,0.0054365,0.34768,8.199,5.486,8.214,2.368,0.155,1.994,3.643,1.683,4.646,8.214,0
0.78309,0.21078,0.031855,1.1306,0.10873,0.0018043,0.20157,0.58839,0.014874,0.20046,2.919,1.029,3.148,0.810,2.742,2.249,5.220,0.039,1.643,5.220,0
0.94723,0.18154,0.12342,1.3061,0.058246,0.0027632,0.43629,0.43051,0.023163,0.19069,4.423,2.328,4.600,0.170,2.792,2.262,5.173,1.671,1.676,5.173,0
0.63885,0.074936,0.010077,1.4155,0.20757,0.0069646,0.16399,0.36352,0.0071139,0.33741,4.161,2.099,4.347,0.033,3.197,2.868,3.816,0.192,3.150,4.347,0
1.1856,0.24719,0.22049,1.254,0.23609,0.00027999,0.26606,0.077314,0.008901,0.20964,4.266,2.097,4.421,0.119,2.712,2.365,5.096,2.769,3.013,5.096,0
1.0287,0.40614,0.19587,1.4244,0.38764,0.0094416,0.24453,0.39122,0.0054962,0.23985,8.171,5.496,8.197,2.408,0.094,2.420,5.575,5.379,1.303,8.197,0
1.1758,0.14899,0.13203,1.4658,0.32295,0.0092839,0.27599,0.35522,0.029274,0.1878,9.064,6.205,9.041,2.877,2.318,1.376,5.379,3.568,1.495,9.064,0
1.0888,0.1011,0.16442,1.4744,0.36258,0.0040881,0.1772,0.76338,0.014385,0.22343,6.443,4.049,6.543,1.365,3.142,2.845,5.113,3.201,0.197,6.543,0
0.28344,0.05634,0.029414,1.1683,0.32464,0.0071703,0.2714,0.69381,0.024796,0.19145,0.743,0.825,1.057,2.156,3.377,3.173,5.505,0.337,0.018,5.505,0
0.3156,0.46207,0.20535,1.0006,0.34876,0.0039506,0.2847,0.3547,0.015072,0.11484,0.301,1.212,0.628,2.444,0.892,0.648,7.374,3.427,1.457,7.374,0
0.69991,0.26588,0.028875,1.596,0.13523,0.011266,0.14792,0.017488,0.0074651,0.35106,6.019,3.684,6.134,1.109,0.850,1.079,3.816,0.535,5.101,6.134,0
0.61488,0.43525,0.20511,1.2135,0.21468,0.0031224,0.4526,0.023452,0.011358,0.16845,2.430,0.617,2.680,1.100,1.233,0.202,5.743,3.164,3.199,5.743,0
0.53342,0.19959,0.16016,1.5543,0.054207,0.0035764,0.35863,0.50543,0.010038,0.1414,1.814,0.121,2.098,1.453,2.714,1.968,7.502,1.925,2.201,7.502,0
0.74684,0.31902,0.14694,1.3557,0.2679,0.0030606,0.24536,0.21441,0.021023,0.39545,3.631,1.645,3.837,0.361,1.601,0.682,2.136,2.913,3.015,3.837,0
0.72875,0.14217,0.23512,1.0326,0.23995,0.0093681,0.35585,0.32419,0.025549,0.12917,5.537,3.259,5.666,0.812,2.514,1.636,7.357,5.711,1.875,7.357,0
1.1325,0.34709,0.076561,1.1021,0.31688,0.0092035,0.25007,0.28796,0.029468,0.11351,8.589,5.821,8.589,2.606,0.650,1.315,7.556,1.612,2.415,8.589,0
0.72047,0.43938,0.16712,1.3758,0.10225,0.00051453,0.32204,0.46831,0.023942,0.38471,2.098,0.335,2.361,1.312,1.547,0.804,1.559,2.364,1.272,2.364,1
0.6444,0.061538,0.099251,1.0722,0.24076,0.0093974,0.4904,0.62572,0.023119,0.12818,4.800,2.637,4.959,0.408,3.297,2.973,7.546,2.163,0.645,7.546,0
0.79331,0.18587,0.12986,1.5313,0.38701,0.0019478,0.46353,0.37018,0.01676,0.2759,3.424,1.484,3.643,0.446,2.703,2.313,3.773,2.160,0.909,3.773,0
1.1519,0.13261,0.001693,1.0862,0.11589,0.010705,0.48748,0.52663,0.014049,0.23519,9.046,6.202,9.025,2.896,2.454,1.499,5.147,0.419,1.926,9.046,0
0.88603,0.42567,0.011537,1.4426,0.39355,0.0038511,0.22981,0.37904,0.013099,0.21069,4.908,2.746,5.069,0.443,0.856,0.594,4.623,0.220,1.811,5.069,0
1.1237,0.11368,0.0065524,1.0627,0.36733,0.00076287,0.16686,0.15409,0.025006,0.30495,4.822,2.622,4.972,0.287,3.254,3.179,3.294,0.352,4.121,4.972,0
1.0607,0.43273,0.0881,1.5621,0.33285,0.0073195,0.28801,0.29453,0.026412,0.11336,7.475,4.938,7.539,2.034,0.250,1.901,7.265,1.614,2.188,7.539,0
0.55795,0.024581,0.13969,1.1161,0.20546,0.0022408,0.35685,0.18729,0.0043687,0.21168,1.735,0.012,2.008,1.557,3.763,3.832,6.091,1.917,3.605,6.091,0
1.1123,0.17962,0.18321,1.4729,0.18315,0.0038371,0.36001,0.55275,0.009032,0.13528,5.913,3.588,6.033,1.014,2.769,2.115,7.867,2.549,1.398,7.867,0
0.57023,0.35069,0.054993,1.5573,0.077295,0.0074147,0.42155,0.21935,0.0089791,0.13747,3.309,1.398,3.537,0.519,1.199,0.832,8.132,0.614,3.748,8.132,0
0.53425,0.44833,0.16422,1.5126,0.16816,0.011317,0.49628,0.058764,0.0078167,0.18816,4.250,2.195,4.439,0.090,0.523,3.859,7.272,4.183,3.813,7.272,0
1.0018,0.10339,0.17265,1.5029,0.19788,0.0045616,0.31236,0.62675,0.013624,0.38755,6.038,3.701,6.153,1.129,3.061,2.721,2.982,3.754,1.026,6.153,0
0.70693,0.45813,0.22069,1.3921,0.35542,0.0042958,0.11953,0.4654,0.0061682,0.14332,3.580,1.615,3.792,0.375,0.807,0.896,7.220,3.760,1.555,7.220,0
0.72156,0.42728,0.24049,1.4284,0.064878,0.0098486,0.37977,0.71776,0.0299,0.11872,5.465,3.231,5.607,0.817,0.006,2.839,7.477,5.439,1.761,7.477,0
0.38413,0.30607,0.20067,1.0612,0.22703,0.0013176,0.44713,0.16294,0.0048019,0.15349,0.144,1.348,0.477,2.543,2.360,1.702,6.926,2.450,3.328,6.926,0
0.51483,0.13678,0.04277,1.2228,0.069262,0.0054744,0.36334,0.46578,0.02783,0.28807,2.619,0.783,2.863,0.980,2.754,2.193,3.507,0.606,1.538,3.507,0
0.29883,0.36543,0.062996,1.0813,0.29151,0.0064973,0.48697,0.76237,0.028092,0.28838,0.844,0.747,1.151,1.991,0.598,1.467,2.825,1.357,0.314,2.825,1
0.31259,0.29759,0.0355,1.231,0.26734,0.0095435,0.34959,0.67498,0.018565,0.21508,1.521,0.154,1.807,1.661,0.889,0.932,5.209,0.623,0.518,5.209,0
1.0611,0.16451,0.19679,1.1095,0.18165,0.011423,0.41605,0.71476,0.021156,0.39717,9.173,6.349,9.156,3.055,1.854,0.699,2.800,6.830,1.027,9.173,0
0.83534,0.43104,0.020893,1.5098,0.29324,0.0040047,0.298,0.59734,0.023642,0.18929,4.549,2.448,4.726,0.234,0.815,0.723,4.479,0.023,0.332,4.726,0
0.15873,0.066296,0.23112,1.1696,0.10798,0.00061314,0.30768,0.32917,0.0048253,0.29892,1.509,2.776,1.119,3.597,3.573,3.571,4.301,3.039,2.688,4.301,0
0.51236,0.33311,0.0048045,1.1909,0.29419,0.0042402,0.20209,0.19145,0.0081802,0.11286,1.991,0.251,2.260,1.365,1.750,0.504,8.600,0.390,3.927,8.600,0
0.31855,0.39788,0.23816,1.5849,0.26863,0.010692,0.36786,0.19418,0.0042513,0.38225,1.859,0.150,2.138,1.437,0.451,2.994,3.674,7.559,2.885,7.559,0
0.62314,0.05497,0.17057,1.338,0.25435,0.00037675,0.18947,0.69407,0.022715,0.19946,1.483,0.190,1.770,1.693,3.627,3.668,5.281,2.201,0.343,5.281,0
1.113,0.39634,0.18933,1.5581,0.18453,0.0066736,0.33758,0.67207,0.0058564,0.36955,7.633,5.024,7.677,2.041,0.416,1.505,3.212,4.617,1.341,7.677,0
0.63022,0.15003,0.10593,1.1981,0.39968,0.0053843,0.16341,0.35857,0.016517,0.12907,3.486,1.523,3.697,0.447,2.743,2.146,7.669,1.862,2.040,7.669,0
0.13305,0.43131,0.054857,1.4084,0.20901,0.010084,0.30469,0.22899,0.0056987,0.38699,0.668,2.039,0.303,3.048,0.602,3.108,3.485,1.390,3.471,3.485,0
0.60149,0.073135,0.20849,1.0586,0.17417,0.010841,0.30729,0.71824,0.017921,0.33864,5.096,2.873,5.237,0.521,3.021,2.559,3.442,6.722,1.194,6.722,0
0.74493,0.092511,0.17791,1.0127,0.08542,0.0037166,0.31803,0.2182,0.014463,0.26356,3.609,1.607,3.808,0.399,3.263,3.023,4.386,3.142,3.437,4.386,0
1.0134,0.25823,0.07151,1.1958,0.36907,0.0014027,0.35742,0.52752,0.019738,0.24146,4.497,2.378,4.667,0.172,2.365,1.885,3.937,0.894,0.026,4.667,0
0.78432,0.34542,0.14829,1.1473,0.36761,0.00032181,0.1646,0.39752,0.026548,0.30762,2.554,0.713,2.795,1.044,2.014,1.591,2.429,2.244,1.400,2.795,1
1.1698,0.37673,0.18241,1.1131,0.12762,0.0044757,0.23093,0.31076,0.0094836,0.35441,6.791,4.257,6.851,1.450,1.096,0.315,2.952,3.732,2.860,6.851,0
0.72359,0.2994,0.093943,1.3715,0.093588,0.0088525,0.12364,0.44841,0.027189,0.36028,5.633,3.350,5.761,0.872,0.761,0.962,2.648,2.609,2.718,5.761,0
0.17544,0.27727,0.21937,1.0946,0.19751,0.0058565,0.41122,0.677,0.0043773,0.38554,0.644,2.030,0.284,3.049,1.562,0.343,3.231,5.181,1.195,5.181,0
0.22883,0.32163,0.23446,1.2001,0.28373,0.0081748,0.14452,0.48976,0.0090096,0.39492,0.336,1.181,0.663,2.422,0.705,0.991,3.029,6.743,1.347,6.743,0
0.64075,0.48891,0.13133,1.3912,0.16316,0.0013517,0.17607,0.43828,0.02844,0.22706,1.997,0.255,2.266,1.366,1.142,0.043,2.928,1.799,1.736,2.928,1
0.52417,0.46544,0.096172,1.4646,0.2776,0.00052631,0.25422,0.54318,0.026616,0.19302,0.988,0.598,1.298,1.983,1.463,0.663,3.565,1.080,0.373,3.565,0
0.80875,0.3504,0.087729,1.5455,0.11649,0.0073032,0.20876,0.62166,0.011543,0.14621,5.257,3.053,5.408,0.668,1.126,0.823,7.489,1.367,1.914,7.489,0
0.49154,0.086659,0.133,1.5256,0.16469,0.00080621,0.38333,0.5323,0.0092536,0.39987,0.843,0.728,1.157,2.078,3.423,3.369,3.001,1.820,1.359,3.423,0
1.1566,0.45073,0.0053878,1.3825,0.16047,0.002966,0.3254,0.61286,0.013992,0.10255,5.552,3.237,5.673,0.725,1.386,0.105,7.869,0.395,1.352,7.869,0
0.61043,0.17779,0.23904,1.5406,0.26839,0.0083258,0.45897,0.57043,0.011384,0.26767,4.372,2.293,4.555,0.145,2.129,1.053,4.542,6.341,0.752,6.341,0
0.81216,0.095362,0.21364,1.2268,0.37611,0.0016751,0.18935,0.57892,0.028722,0.28429,3.460,1.494,3.670,0.472,3.296,3.198,3.513,3.940,0.203,3.940,0
1.0205,0.23808,0.14306,1.365,0.37905,0.0092593,0.45601,0.024374,0.02309,0.26197,8.299,5.638,8.326,2.592,1.336,0.132,4.067,4.234,3.450,8.326,0
0.74623,0.36485,0.0068054,1.5451,0.1797,0.0062828,0.13946,0.43849,0.025901,0.23052,4.803,2.664,4.971,0.387,0.796,0.938,4.027,0.297,2.730,4.971,0
0.25876,0.39092,0.063261,1.4311,0.088745,0.0083796,0.34507,0.49367,0.022,0.16051,0.550,0.973,0.876,2.253,0.485,1.765,6.293,1.096,1.781,6.293,0
0.415,0.097605,0.24484,1.1849,0.20498,0.0077209,0.13903,0.38268,0.018991,0.18897,2.194,0.421,2.455,1.245,3.000,2.497,5.822,5.781,2.060,5.822,0
0.11149,0.17635,0.028414,1.2467,0.097103,0.0040542,0.17997,0.4144,0.029866,0.39437,1.471,2.741,1.082,3.570,2.520,1.942,2.319,0.224,2.460,3.570,0
0.35766,0.072741,0.096814,1.4719,0.11821,0.0053001,0.35634,0.24803,0.022768,0.19697,0.995,0.590,1.306,1.972,3.330,3.081,5.401,1.659,3.104,5.401,0
0.16434,0.47506,0.16889,1.034,0.27569,0.0034271,0.49579,0.70429,0.01385,0.25427,1.067,2.395,0.693,3.307,0.667,1.068,3.380,3.144,0.117,3.380,0
0.98093,0.38648,0.15253,1.5991,0.17824,0.00093812,0.21931,0.61385,0.026491,0.28559,3.877,1.875,4.080,0.182,1.732,0.968,2.543,2.183,0.759,4.080,0
0.75696,0.063711,0.068951,1.0179,0.23747,0.010656,0.12915,0.49664,0.012542,0.27038,6.356,3.938,6.447,1.279,3.172,2.786,4.548,1.841,2.392,6.447,0
0.47943,0.1989,0.10343,1.3139,0.19382,0.009177,0.1699,0.72983,0.018962,0.37819,3.439,1.484,3.652,0.474,1.725,0.512,2.905,2.995,1.158,3.652,0
0.36791,0.12043,0.24926,1.1948,0.32909,0.0027862,0.29123,0.0070053,0.015948,0.29496,0.593,0.958,0.911,2.256,3.074,2.815,3.763,4.880,2.304,4.880,0
0.34617,0.13609,0.061287,1.2615,0.23527,0.0054171,0.23646,0.65454,0.022093,0.29012,1.042,0.568,1.344,1.967,2.744,2.204,3.658,1.119,0.692,3.658,0
1.1859,0.13985,0.20557,1.0418,0.30596,0.00072728,0.26593,0.6808,0.0095106,0.33652,4.807,2.553,4.939,0.211,3.133,2.995,3.424,3.220,0.157,4.939,0
0.53816,0.10641,0.038476,1.376,0.1764,0.0081537,0.39057,0.26167,0.028579,0.12993,3.480,1.539,3.699,0.420,2.922,2.324,7.111,0.481,2.856,7.111,0
0.36923,0.20604,0.10642,1.415,0.27139,0.0030817,0.43326,0.075091,0.0069065,0.25242,0.595,0.943,0.917,2.236,2.526,1.898,4.688,1.652,4.180,4.688,0
0.86239,0.3037,0.02181,1.0944,0.23657,0.00064089,0.40737,0.76408,0.027708,0.16006,2.929,1.039,3.159,0.800,2.361,1.871,5.089,0.135,0.011,5.089,0
0.45512,0.076775,0.0031201,1.2805,0.1801,0.0096248,0.13653,0.63114,0.022376,0.1508,3.034,1.150,3.267,0.707,3.126,2.660,6.815,0.387,1.798,6.815,0
0.35083,0.4673,0.23638,1.2881,0.34597,0.0031441,0.30844,0.075443,0.025362,0.1613,0.487,1.038,0.812,2.306,0.802,0.599,4.800,4.291,2.288,4.800,0
1.0577,0.29374,0.082382,1.0415,0.20165,0.011403,0.39757,0.47905,0.016224,0.10275,8.339,5.640,8.354,2.557,1.075,0.994,9.608,1.647,1.483,9.608,0
0.8571,0.092075,0.22192,1.175,0.33582,0.0020761,0.3961,0.67307,0.018828,0.1711,3.747,1.741,3.947,0.285,3.347,3.218,6.112,3.595,0.360,6.112,0
0.74935,0.48741,0.097784,1.1754,0.21861,0.00080099,0.43155,0.75842,0.012165,0.33189,2.427,0.605,2.674,1.119,1.256,0.369,2.290,1.229,0.438,2.674,1
0.25794,0.18998,0.15504,1.4802,0.32755,0.0014081,0.28938,0.63451,0.016584,0.16272,0.675,2.035,0.307,3.038,2.838,2.473,6.114,2.103,0.013,6.114,0
1.07,0.34464,0.13483,1.095,0.3373,0.0036216,0.17215,0.044502,0.008456,0.22184,5.958,3.612,6.069,1.055,1.536,0.414,4.932,2.384,3.797,6.069,0
0.86321,0.31282,0.17905,1.414,0.25739,0.0044221,0.30143,0.41085,0.016895,0.26949,4.964,2.788,5.120,0.472,1.517,0.326,3.719,3.680,1.256,5.120,0
1.0333,0.059672,0.067502,1.0188,0.34413,0.0011388,0.4847,0.53925,0.021126,0.35698,4.509,2.374,4.674,0.212,3.550,3.567,3.037,0.869,0.012,4.674,0
0.25745,0.32172,0.091344,1.0909,0.25471,0.0087095,0.1802,0.4857,0.024225,0.23834,0.748,0.828,1.059,2.162,0.730,1.046,4.313,2.339,1.360,4.313,0
0.85987,0.037113,0.12721,1.4039,0.15668,0.0043811,0.1642,0.41254,0.0088723,0.37587,4.846,2.682,5.005,0.390,3.612,3.587,3.365,2.501,2.547,5.005,0
0.99967,0.12463,0.22368,1.263,0.080573,0.00237,0.34904,0.58609,0.029316,0.1831,4.605,2.482,4.774,0.255,3.155,2.874,5.232,3.392,1.260,5.232,0
0.92584,0.29612,0.11748,1.2637,0.13291,0.00854,0.24648,0.62319,0.018149,0.34995,7.084,4.570,7.151,1.745,0.916,0.759,3.058,3.194,1.558,7.151,0
1.0474,0.18176,0.18646,1.1171,0.32825,0.0048963,0.38654,0.72536,0.013279,0.3274,6.600,4.155,6.684,1.481,2.412,1.740,3.439,4.269,0.280,6.684,0
1.147,0.02514,0.07018,1.042,0.10942,0.0024192,0.16122,0.50911,0.0065356,0.34218,5.530,3.197,5.644,0.684,3.747,3.814,3.800,0.870,2.513,5.644,0
0.59517,0.072099,0.087174,1.1693,0.29116,0.0098454,0.34292,0.55911,0.016372,0.11274,4.416,2.315,4.591,0.129,3.198,2.772,8.644,1.751,0.729,8.644,0
0.79407,0.26794,0.20642,1.0229,0.24065,0.0059217,0.34852,0.66886,0.028192,0.19016,5.031,2.824,5.177,0.491,1.696,0.523,4.969,4.607,0.334,5.177,0
0.51452,0.42639,0.09033,1.2016,0.061093,0.0031002,0.31097,0.16276,0.018754,0.26242,1.747,0.035,2.023,1.527,1.162,0.212,3.319,1.284,3.975,3.975,0
0.91607,0.36661,0.096934,1.5684,0.13484,0.0080206,0.48033,0.41127,0.012503,0.28936,6.702,4.286,6.794,1.622,0.472,1.802,3.880,2.256,1.948,6.794,0
1.1939,0.053462,0.16295,1.5674,0.10593,0.0050237,0.22691,0.62542,0.026809,0.27115,7.202,4.615,7.250,1.719,3.464,3.333,3.911,3.409,1.317,7.250,0
0.90052,0.41239,0.032727,1.4718,0.15067,0.0066423,0.14337,0.14182,0.0089716,0.12197,5.608,3.347,5.744,0.879,0.898,1.202,8.568,0.146,4.533,8.568,0
1.127,0.3235,0.052636,1.5816,0.3283,0.0053704,0.30638,0.22321,0.029843,0.14234,7.210,4.677,7.275,1.788,1.342,0.053,5.938,0.728,2.913,7.275,0
0.56002,0.14111,0.033435,1.3459,0.12922,9.7584e-05,0.38414,0.21996,0.018984,0.18509,0.902,0.688,1.210,2.058,3.261,3.126,5.487,0.025,3.424,5.487,0
0.63296,0.31936,0.055717,1.4485,0.30318,0.0080872,0.39265,0.72447,0.010858,0.10916,4.180,2.138,4.373,0.026,1.237,0.595,9.243,0.749,0.157,9.243,0
0.13984,0.1978,0.1026,1.2452,0.13347,0.0090585,0.24731,0.01265,0.0067299,0.30824,0.708,2.078,0.344,3.080,1.901,0.650,4.228,2.584,4.434,4.434,0
0.40753,0.12061,0.2189,1.0117,0.11118,0.0072444,0.43832,0.30364,0.017663,0.28853,2.052,0.282,2.312,1.350,2.779,2.185,3.938,5.437,2.598,5.437,0
0.67827,0.062589,0.20118,1.5781,0.10831,0.00030839,0.27405,0.22847,0.025332,0.20713,1.647,0.034,1.933,1.571,3.602,3.616,4.979,2.412,3.021,4.979,0
0.92455,0.20771,0.091081,1.3117,0.32892,0.0021419,0.3612,0.12005,0.018103,0.33071,4.379,2.282,4.555,0.103,2.534,2.075,3.015,1.446,3.911,4.555,0
1.0356,0.23967,0.11859,1.217,0.3921,0.0028878,0.47435,0.012329,0.023665,0.10596,5.314,3.089,5.457,0.757,2.383,1.723,7.596,1.714,3.756,7.596,0
0.68761,0.076154,0.12876,1.3662,0.22406,0.010167,0.37866,0.4581,0.0057168,0.26901,5.532,3.263,5.664,0.820,3.065,2.571,4.925,3.496,1.615,5.664,0
0.10748,0.21045,0.24599,1.3031,0.31036,0.00068703,0.39648,0.42588,0.02535,0.33544,1.799,3.024,1.398,3.780,2.703,2.432,2.665,4.108,0.341,4.108,0
1.0746,0.17845,0.21905,1.2937,0.13627,0.0083546,0.22064,0.25818,0.022317,0.15282,7.742,5.139,7.787,2.161,2.271,1.193,6.665,4.899,2.903,7.787,0
0.20072,0.38445,0.054475,1.4821,0.35795,0.0093401,0.29506,0.36169,0.018301,0.34178,0.186,1.295,0.523,2.496,0.191,2.318,3.084,1.413,1.632,3.084,0
0.98849,0.10181,0.15957,1.0772,0.22798,0.0063886,0.21837,0.51968,0.0049831,0.30852,6.608,4.155,6.690,1.437,3.008,2.571,4.246,3.670,1.487,6.690,0
0.94906,0.23112,0.11219,1.2545,0.083201,0.0048886,0.14169,0.52999,0.0087227,0.20579,5.381,3.133,5.518,0.715,2.261,1.262,5.697,1.757,2.577,5.697,0
0.71625,0.34961,0.056019,1.5666,0.094546,0.010352,0.20067,0.17255,0.021332,0.35566,6.007,3.677,6.124,1.109,0.034,2.164,2.956,1.486,4.045,6.124,0
0.93724,0.25651,0.085315,1.2029,0.37048,0.0063229,0.42478,0.15773,0.0081893,0.36958,6.477,4.055,6.567,1.423,1.576,0.419,3.214,1.977,3.545,6.567,0
0.68314,0.10114,0.041534,1.4486,0.23243,0.0061264,0.36092,0.61503,0.021442,0.15239,4.100,2.065,4.295,0.042,3.074,2.632,6.667,0.464,0.724,6.667,0
0.85206,0.45995,0.075026,1.07,0.34647,0.002207,0.31789,0.19543,0.010741,0.11619,3.633,1.639,3.836,0.367,1.311,0.136,7.308,0.761,3.310,7.308,0
0.1636,0.19334,0.17882,1.1924,0.29407,0.011353,0.40818,0.71578,0.025516,0.14394,0.154,1.594,0.193,2.718,1.777,0.382,6.980,4.984,0.005,6.980,0
0.15488,0.081616,0.19967,1.1267,0.36169,0.0010162,0.33359,0.055039,0.015924,0.12259,1.471,2.739,1.081,3.567,3.480,3.439,7.914,2.663,2.838,7.914,0
0.40275,0.38972,0.11207,1.4123,0.10817,0.0061826,0.27327,0.58131,0.019233,0.13858,1.536,0.122,1.828,1.628,0.992,0.908,6.843,1.797,1.651,6.843,0
0.16445,0.33178,0.004941,1.4158,0.28954,0.005242,0.31734,0.71929,0.017683,0.28035,0.831,2.178,0.460,3.148,1.188,0.188,3.553,0.347,0.168,3.553,0
0.13068,0.21622,0.17116,1.2524,0.28685,0.001088,0.39896,0.52051,0.023748,0.18828,1.621,2.868,1.226,3.662,2.710,2.341,4.950,2.443,0.303,4.950,0
0.14609,0.29084,0.085106,1.0841,0.21702,0.010192,0.26311,0.36279,0.021744,0.2943,0.453,1.864,0.100,2.924,0.733,1.063,3.691,2.451,2.130,3.691,0
1.1392,0.41634,0.09854,1.1606,0.25089,0.0032169,0.14762,0.38705,0.028622,0.2795,6.286,3.856,6.375,1.172,0.988,0.242,2.700,1.740,2.244,6.375,0
1.1295,0.31767,0.12551,1.2628,0.19921,0.0093451,0.11855,0.12423,0.011487,0.33027,8.752,5.947,8.742,2.680,0.630,1.262,3.646,3.529,4.120,8.752,0
0.39975,0.27866,0.043553,1.1491,0.22216,0.011643,0.44072,0.26449,0.011511,0.3165,3.061,1.152,3.285,0.708,0.684,1.330,4.012,1.113,2.954,4.012,0
0.1368,0.05858,0.21155,1.2445,0.23688,0.0092089,0.1819,0.70394,0.0091507,0.15261,0.787,2.142,0.418,3.123,3.343,3.032,7.598,4.771,1.088,7.598,0
0.72391,0.24941,0.023341,1.1194,0.16148,0.0029053,0.2687,0.033592,0.019848,0.23679,3.186,1.255,3.405,0.648,2.286,1.556,4.183,0.013,5.034,5.034,0
0.22565,0.098124,0.20853,1.1068,0.22846,0.0031267,0.12091,0.32315,0.0044937,0.18278,0.648,2.030,0.287,3.045,3.293,3.062,6.733,3.232,2.851,6.733,0
0.65995,0.45746,0.23099,1.2168,0.36714,0.0066248,0.17904,0.43019,0.0048765,0.23259,4.221,2.141,4.402,0.006,0.110,1.952,5.258,5.401,1.210,5.401,0
0.1865,0.34602,0.14492,1.3467,0.14311,0.0025039,0.22885,0.24533,0.012012,0.13669,1.107,2.415,0.726,3.322,1.985,0.925,6.945,1.687,3.301,6.945,0
0.41639,0.35397,0.044221,1.3161,0.30901,0.0090939,0.3703,0.15015,0.013444,0.37363,2.737,0.885,2.977,0.906,0.198,1.792,3.027,1.029,3.792,3.792,0
0.2054,0.12881,0.018112,1.3191,0.21834,0.0089092,0.24513,0.16418,0.0096263,0.1117,0.050,1.496,0.296,2.641,2.769,1.964,9.275,0.072,4.096,9.275,0
1.0044,0.11274,0.073153,1.3518,0.26122,0.0021798,0.26622,0.49283,0.013559,0.2801,4.769,2.619,4.932,0.348,3.188,2.979,4.067,0.955,0.964,4.932,0
0.65537,0.087228,0.066937,1.0632,0.14079,0.010395,0.12116,0.21198,0.018349,0.29145,5.395,3.128,5.526,0.700,2.905,2.345,3.981,1.781,4.059,5.526,0
0.30829,0.32988,0.14858,1.2486,0.071933,0.0033728,0.16885,0.3856,0.022284,0.16256,0.059,1.409,0.399,2.580,1.845,0.697,5.573,2.120,2.589,5.573,0
0.27363,0.3729,0.066179,1.4916,0.1573,0.00073966,0.31593,0.00080617,0.029294,0.28377,0.676,2.041,0.310,3.045,1.863,1.182,2.521,0.656,4.602,4.602,0
0.71989,0.14547,0.033525,1.3082,0.16592,0.0067301,0.33722,0.54107,0.012324,0.29634,4.714,2.566,4.877,0.306,2.589,1.865,4.008,0.427,1.534,4.877,0
0.46743,0.36831,0.060403,1.5948,0.16375,0.0095309,0.26642,0.79877,0.025657,0.20887,3.261,1.362,3.492,0.543,0.209,2.034,4.898,1.343,1.021,4.898,0
0.71253,0.045096,0.082622,1.0261,0.13208,0.01001,0.14866,0.057136,0.028729,0.28878,5.872,3.532,5.983,0.993,3.382,3.172,3.692,2.342,4.489,5.983,0
0.37231,0.44318,0.093306,1.5652,0.31488,0.00034018,0.39112,0.40805,0.021849,0.39767,0.032,1.482,0.313,2.633,1.433,0.799,1.483,1.227,0.811,2.633,1
0.13297,0.037508,0.043315,1.5089,0.19721,0.0078549,0.42098,0.71359,0.0057397,0.22486,0.950,2.276,0.573,3.218,3.554,3.430,5.745,0.637,1.218,5.745,0
1.0671,0.28164,0.10625,1.3742,0.397,0.0094548,0.40096,0.083807,0.027594,0.11636,8.394,5.715,8.417,2.615,1.126,0.598,7.637,2.488,3.906,8.417,0
1.1329,0.067789,0.20763,1.1703,0.2387,0.0010945,0.17257,0.45626,0.015668,0.34071,4.894,2.673,5.038,0.314,3.514,3.504,3.338,3.338,1.348,5.038,0
1.1003,0.3804,0.19903,1.4295,0.27274,0.0097934,0.17724,0.24316,0.015976,0.31788,8.900,6.096,8.892,2.810,0.125,2.345,3.545,6.091,2.821,8.900,0
0.32194,0.19217,0.086802,1.0466,0.057079,0.0016381,0.31537,0.78574,0.0049497,0.1975,0.257,1.696,0.089,2.801,2.922,2.485,5.993,0.776,2.158,5.993,0
0.97099,0.44534,0.067629,1.3591,0.3263,0.0033339,0.38072,0.06169,0.022467,0.19133,5.205,2.996,5.353,0.639,0.869,0.532,4.346,0.940,4.495,5.353,0
1.1336,0.20103,0.16604,1.5332,0.12843,0.0036018,0.38769,0.097949,0.026503,0.10867,5.917,3.580,6.034,0.997,2.640,1.926,7.546,2.232,3.593,7.546,0
1.0839,0.22905,0.10487,1.4165,0.25124,0.0052642,0.44183,0.11691,0.022055,0.32304,7.041,4.556,7.116,1.758,1.957,1.008,3.072,2.277,3.981,7.116,0
0.27012,0.323,0.10686,1.0968,0.36078,0.010269,0.25381,0.51778,0.0040603,0.1277,0.995,0.611,1.299,2.003,0.904,1.130,9.540,2.291,0.857,9.540,0
1.0685,0.311,0.061521,1.4353,0.21184,0.0097545,0.1786,0.50292,0.0088466,0.14743,8.069,5.415,8.100,2.351,1.033,1.002,8.099,1.071,2.015,8.100,0
0.95339,0.44794,0.0074692,1.2045,0.063907,0.0061114,0.30087,0.45586,0.009412,0.18409,5.860,3.536,5.977,1.005,0.634,1.482,6.108,0.316,2.474,6.108,0
1.0394,0.06398,0.11081,1.1034,0.38756,0.0016207,0.14066,0.78433,0.017104,0.37721,4.894,2.705,5.045,0.400,3.497,3.486,2.978,1.860,0.138,5.045,0
0.25112,0.21405,0.017544,1.4383,0.062703,0.0022303,0.33422,0.51885,0.019606,0.24261,0.599,1.974,0.235,2.996,2.620,2.039,4.137,0.165,1.693,4.137,0
0.76774,0.34252,0.10239,1.4174,0.063322,0.00049607,0.24664,0.39988,0.02488,0.19465,2.173,0.410,2.437,1.249,2.253,1.614,4.218,0.957,2.176,4.218,0
0.43597,0.35217,0.13308,1.475,0.37558,0.011226,0.13412,0.74636,0.026382,0.28641,3.543,1.588,3.758,0.390,0.218,2.429,3.620,4.487,0.021,4.487,0
0.90725,0.19984,0.13901,1.2692,0.070338,0.0084221,0.17427,0.60293,0.024052,0.11725,6.368,3.981,6.470,1.334,2.168,0.942,7.852,2.631,1.837,7.852,0
0.35733,0.053845,0.22036,1.3198,0.24271,0.0020831,0.34659,0.39573,0.0087002,0.3492,0.277,1.226,0.607,2.450,3.561,3.544,3.566,3.866,1.473,3.866,0
0.5022,0.16158,0.17846,1.3151,0.24213,0.0059993,0.42599,0.47661,0.0082667,0.36436,2.700,0.854,2.942,0.925,2.473,1.749,3.363,4.269,1.214,4.269,0
0.63629,0.28058,0.075526,1.2043,0.15176,0.0071531,0.48104,0.56027,0.011602,0.18161,3.983,1.944,4.174,0.110,1.583,0.073,6.287,1.300,1.612,6.287,0
0.78218,0.38727,0.23837,1.036,0.17863,0.011589,0.35453,0.55617,0.022499,0.28138,6.924,4.424,6.994,1.654,0.405,2.942,3.910,7.775,1.262,7.775,0
0.14155,0.38635,0.052903,1.441,0.11461,0.0063603,0.19838,0.79491,0.0055326,0.36058,0.975,2.305,0.600,3.244,0.632,1.215,3.305,0.906,1.943,3.305,0
0.45996,0.25482,0.044614,1.0273,0.31765,0.0031155,0.43466,0.59799,0.0073426,0.25259,1.402,0.273,1.687,1.748,2.198,1.457,4.560,0.460,0.388,4.560,0
1.1377,0.39113,0.24726,1.1566,0.066424,0.0085943,0.2957,0.66248,0.023006,0.25099,8.376,5.630,8.382,2.465,0.228,1.921,4.068,6.491,1.838,8.382,0
0.17311,0.47397,0.17762,1.4561,0.39144,0.0072488,0.19522,0.47514,0.014991,0.31554,0.454,1.849,0.095,2.905,0.485,2.641,3.173,4.814,0.563,4.814,0
0.63976,0.45116,0.19074,1.2237,0.22655,0.0027152,0.307,0.50749,0.020646,0.14185,2.462,0.649,2.712,1.081,1.202,0.136,5.719,2.827,0.852,5.719,0
0.26519,0.039231,0.032219,1.5372,0.23065,0.0073359,0.34081,0.64199,0.01339,0.21262,0.500,1.015,0.829,2.284,3.541,3.422,5.572,0.357,0.933,5.572,0
1.1443,0.21267,0.10756,1.1597,0.14585,0.0068564,0.4236,0.25526,0.026558,0.28926,7.946,5.270,7.969,2.222,1.942,0.894,3.452,2.549,2.846,7.969,0
0.4342,0.39896,0.19476,1.5608,0.15143,0.00074915,0.26796,0.65556,0.019763,0.32428,0.426,1.084,0.755,2.338,1.726,0.969,2.311,2.826,0.967,2.826,1
0.84246,0.28442,0.14933,1.1316,0.17243,0.0080571,0.20329,0.71299,0.015148,0.103,5.714,3.415,5.837,0.919,1.601,0.013,9.135,2.646,1.367,9.135,0
0.41699,0.21593,0.24446,1.1959,0.12708,0.0088089,0.32693,0.025185,0.026199,0.16339,2.446,0.640,2.698,1.080,1.853,0.529,6.127,5.904,2.861,6.127,0
0.8924,0.09328,0.1432,1.0401,0.33757,0.0046386,0.41404,0.7344,0.0063086,0.37781,5.352,3.089,5.483,0.698,3.146,2.877,3.380,3.151,0.267,5.483,0
1.0129,0.09466,0.060755,1.3811,0.38465,0.0112,0.37358,0.67147,0.013316,0.26697,8.755,5.998,8.757,2.821,2.758,2.084,4.585,1.685,0.321,8.757,0
0.96868,0.45887,0.20133,1.2003,0.30529,0.0090394,0.323,0.026637,0.015399,0.30698,7.693,5.082,7.734,2.129,0.639,3.040,3.558,5.925,2.990,7.734,0
0.59151,0.46828,0.089917,1.4146,0.2958,0.0084048,0.13688,0.19518,0.024334,0.29687,4.375,2.286,4.554,0.106,0.690,3.005,3.099,2.406,3.609,4.554,0
0.60854,0.11092,0.034119,1.4759,0.068251,0.0046646,0.32339,0.30408,0.026367,0.14208,2.873,1.021,3.115,0.798,3.120,2.705,6.658,0.168,2.895,6.658,0
0.74108,0.44059,0.1528,1.5072,0.16732,0.0026691,0.28775,0.73929,0.0085393,0.24039,3.122,1.225,3.352,0.658,1.193,0.180,4.144,2.290,1.189,4.144,0
0.50919,0.38395,0.094545,1.0602,0.15326,0.0052087,0.42824,0.45269,0.014721,0.29981,2.465,0.639,2.711,1.090,0.910,0.681,3.340,1.834,1.541,3.340,0
1.1579,0.025696,0.12408,1.5278,0.18943,0.0059785,0.48562,0.49,0.019349,0.1681,7.360,4.788,7.413,1.881,3.694,3.692,6.405,2.272,1.190,7.413,0
0.22843,0.31486,0.23424,1.4647,0.34566,0.011964,0.18279,0.57653,0.0090798,0.11299,0.696,0.840,1.020,2.153,0.724,1.545,9.975,5.643,0.667,9.975,0
0.90123,0.36743,0.063834,1.3344,0.16147,0.002043,0.43456,0.57542,0.027892,0.38009,4.093,2.040,4.280,0.052,1.529,0.642,1.840,0.845,0.807,4.280,0
0.64866,0.31926,0.14602,1.3539,0.32731,0.0087989,0.15842,0.49855,0.011004,0.23996,4.865,2.699,5.024,0.402,0.779,1.073,5.049,3.829,1.261,5.049,0
0.91527,0.22155,0.088748,1.293,0.37515,0.00027017,0.11705,0.35275,0.010504,0.18618,3.121,1.213,3.346,0.671,2.788,2.527,5.637,0.925,2.893,5.637,0
1.0366,0.076191,0.20075,1.1342,0.25861,0.0027087,0.33854,0.17452,0.019996,0.38594,5.398,3.137,5.531,0.716,3.370,3.268,2.814,3.970,2.988,5.531,0
1.0274,0.3973,0.11304,1.3432,0.10198,0.010278,0.43718,0.23239,0.025807,0.14021,8.020,5.401,8.058,2.418,0.114,2.552,7.018,2.577,3.220,8.058,0
0.69542,0.48455,0.15383,1.4264,0.079975,0.0080238,0.17376,0.17901,0.017533,0.24933,4.882,2.720,5.042,0.421,0.391,2.904,4.198,3.682,3.816,5.042,0
1.1087,0.05313,0.10355,1.4756,0.12208,0.0082007,0.38235,0.2374,0.022269,0.12054,7.761,5.155,7.806,2.168,3.430,3.185,7.865,1.845,3.216,7.865,0
1.0513,0.43448,0.1168,1.2686,0.32127,0.0035464,0.24998,0.46485,0.019446,0.36829,6.029,3.681,6.140,1.109,0.689,0.634,2.116,2.340,0.716,6.140,0
0.84623,0.056588,0.039848,1.1244,0.38496,0.0022631,0.42677,0.60393,0.024362,0.31056,3.996,1.944,4.183,0.134,3.523,3.505,3.434,0.405,0.462,4.183,0
1.1167,0.35418,0.21307,1.0139,0.11875,0.0024836,0.20036,0.52761,0.0052349,0.2174,5.264,3.010,5.400,0.582,1.870,0.839,5.140,3.101,1.961,5.400,0
0.39535,0.45708,0.14194,1.3934,0.28016,0.0013861,0.17924,0.30796,0.018296,0.10166,0.240,1.239,0.578,2.447,1.532,0.481,6.993,1.563,2.492,6.993,0
0.41221,0.41999,0.0473,1.494,0.32664,0.010573,0.43031,0.12059,0.015508,0.28292,3.005,1.131,3.241,0.711,0.635,3.356,4.067,1.170,4.012,4.067,0
1.0799,0.14514,0.18117,1.4665,0.091297,0.0089997,0.26994,0.63523,0.028974,0.27142,8.368,5.670,8.388,2.535,2.357,1.443,3.810,5.088,1.518,8.388,0
0.32504,0.27136,0.22872,1.2909,0.38445,0.0064578,0.27288,0.16545,0.023527,0.12822,0.979,0.610,1.288,1.990,1.641,0.358,7.085,4.948,2.358,7.085,0
0.54664,0.15735,0.14107,1.0173,0.091824,0.0098695,0.41931,0.14074,0.022683,0.16789,4.034,1.978,4.220,0.114,2.326,1.284,6.293,3.424,3.985,6.293,0
0.39606,0.40144,0.21727,1.3802,0.083813,0.0063402,0.27078,0.65798,0.018935,0.12287,1.466,0.183,1.760,1.673,0.965,1.022,7.499,3.683,1.784,7.499,0
0.96907,0.21548,0.18533,1.0442,0.28729,0.0094822,0.36166,0.58882,0.0043916,0.21176,7.503,4.911,7.548,2.013,1.789,0.426,6.286,4.740,0.873,7.548,0
0.85582,0.29686,0.079395,1.0915,0.35103,0.0022593,0.18258,0.46922,0.019536,0.35239,4.024,1.964,4.208,0.138,1.922,1.243,2.534,1.266,1.153,4.208,0
0.10405,0.26654,0.12036,1.3281,0.39769,0.00092754,0.24197,0.41065,0.021762,0.39677,1.791,3.017,1.390,3.775,2.293,1.903,2.123,1.946,0.848,3.775,0
0.47564,0.089631,0.18836,1.2196,0.23718,0.0076452,0.25798,0.6618,0.01556,0.29316,2.915,1.034,3.148,0.802,3.021,2.582,3.997,4.938,0.797,4.938,0
0.17112,0.14679,0.015639,1.5393,0.34392,0.0070702,0.24157,0.20389,0.0075739,0.2724,0.545,1.924,0.182,2.958,2.531,1.765,4.625,0.041,3.548,4.625,0
0.4535,0.37358,0.033139,1.4453,0.21917,0.0068869,0.37919,0.71215,0.011924,0.32622,2.465,0.662,2.719,1.045,0.553,1.317,3.361,0.457,0.845,3.361,0
0.80798,0.11492,0.23027,1.2704,0.1412,0.00061018,0.44727,0.18982,0.022877,0.38571,2.674,0.822,2.914,0.951,3.275,3.184,2.599,3.540,2.854,3.540,0
0.92,0.32542,0.15551,1.0017,0.29937,0.01093,0.43377,0.15054,0.0084321,0.12434,7.367,4.810,7.419,1.970,0.808,1.388,9.334,3.618,3.643,9.334,0
0.5073,0.25137,0.17452,1.0301,0.17289,0.0055488,0.3445,0.39501,0.01083,0.16035,2.372,0.562,2.622,1.148,2.065,0.947,6.884,3.086,1.978,6.884,0
0.67632,0.28794,0.20436,1.1676,0.39849,0.0018846,0.17643,0.2221,0.0068857,0.26467,2.580,0.736,2.821,1.027,2.124,1.491,4.165,3.546,2.704,4.165,0
0.89323,0.25694,0.1052,1.1439,0.37326,0.011435,0.19301,0.55236,0.013064,0.31943,7.935,5.279,7.964,2.244,0.865,0.872,3.871,3.432,0.582,7.964,0
0.81629,0.022459,0.033869,1.4515,0.14779,0.0053475,0.33484,0.042527,0.025532,0.10325,4.612,2.509,4.789,0.286,3.741,3.769,8.346,0.154,4.923,8.346,0
0.59612,0.43716,0.1445,1.0816,0.25774,0.0099077,0.14149,0.52095,0.02316,0.38349,4.905,2.711,5.054,0.399,0.775,3.067,2.498,4.674,1.344,5.054,0
0.70849,0.43046,0.0069576,1.0071,0.098358,0.0020721,0.3313,0.29919,0.0050665,0.12062,2.355,0.540,2.604,1.171,1.796,0.590,7.953,0.384,3.371,7.953,0
0.28293,0.033654,0.19637,1.0604,0.13257,0.0099171,0.30401,0.12218,0.01373,0.28689,1.231,0.418,1.523,1.866,3.531,3.405,4.231,5.617,3.514,5.617,0
0.58371,0.45306,0.13449,1.2292,0.25207,0.0052506,0.30809,0.33645,0.027914,0.29592,3.249,1.314,3.467,0.603,0.205,1.528,2.629,3.058,1.808,3.467,0
0.34847,0.053007,0.061447,1.3782,0.062844,0.00029834,0.43797,0.55986,0.026961,0.22445,0.344,1.755,0.010,2.832,3.649,3.688,4.608,0.412,1.319,4.608,0
0.14036,0.49113,0.1366,1.5069,0.11429,0.0059926,0.48087,0.65249,0.027957,0.27893,1.010,2.330,0.632,3.253,0.234,2.819,2.489,3.073,1.205,3.253,0
0.48415,0.34128,0.074261,1.248,0.074753,0.0064984,0.1367,0.71679,0.022201,0.1068,2.317,0.540,2.577,1.148,1.391,0.328,8.038,0.948,1.805,8.038,0
0.94959,0.38483,0.14151,1.2425,0.35767,0.0079786,0.1987,0.44073,0.027294,0.3213,7.355,4.801,7.411,1.911,0.067,1.807,2.799,4.108,0.865,7.411,0
1.0325,0.18098,0.077237,1.5733,0.26854,0.0026268,0.36213,0.59565,0.0066507,0.24585,5.122,2.934,5.277,0.589,2.743,2.241,4.851,0.988,0.768,5.277,0
0.26022,0.033989,0.032471,1.2874,0.26896,0.0021704,0.38125,0.16519,0.013452,0.25331,0.480,1.878,0.123,2.929,3.692,3.735,4.697,0.149,3.719,4.697,0
0.24828,0.39162,0.09438,1.0387,0.21401,0.010479,0.34347,0.78064,0.021278,0.16819,0.848,0.741,1.156,2.099,0.044,2.404,6.449,2.347,0.687,6.449,0
1.101,0.35381,0.094155,1.1515,0.138,0.0068805,0.33861,0.080807,0.021609,0.17827,7.429,4.861,7.482,1.950,0.989,0.774,5.589,1.798,4.382,7.482,0
0.38911,0.18332,0.14724,1.5561,0.32035,0.0089544,0.16856,0.58553,0.0069939,0.34748,2.342,0.563,2.602,1.137,1.943,0.799,3.717,4.199,0.924,4.199,0
0.16178,0.49995,0.23257,1.0348,0.051565,0.0016854,0.21807,0.79657,0.021678,0.38783,1.320,2.615,0.937,3.480,0.950,0.188,1.559,3.875,1.546,3.875,0
0.11488,0.40125,0.054114,1.1407,0.34011,0.010636,0.2769,0.25429,0.019487,0.21539,0.865,2.215,0.496,3.181,0.296,2.662,5.231,1.340,2.783,5.231,0
0.88489,0.13692,0.10713,1.1757,0.088025,0.0099544,0.20348,0.21339,0.016692,0.37249,7.213,4.672,7.272,1.812,2.351,1.457,3.115,3.139,3.716,7.272,0
0.4392,0.47775,0.089549,1.5018,0.3147,0.0076339,0.10395,0.38112,0.0047331,0.19588,2.393,0.612,2.654,1.097,0.141,2.557,6.443,1.774,3.220,6.443,0
0.4477,0.070483,0.014895,1.5241,0.17832,0.00563,0.18082,0.35181,0.0074459,0.17802,1.845,0.145,2.127,1.434,3.364,3.104,6.789,0.167,3.178,6.789,0
1.0021,0.41137,0.10011,1.1507,0.18719,0.0074502,0.3725,0.20131,0.026129,0.14593,6.989,4.498,7.062,1.735,0.453,1.634,6.253,1.986,3.316,7.062,0
0.11381,0.041242,0.07893,1.1584,0.3765,0.0010215,0.11557,0.28966,0.017905,0.2672,1.724,2.961,1.326,3.734,3.669,3.727,4.250,1.011,3.238,4.250,0
0.27627,0.32944,0.24975,1.5145,0.28818,0.0046818,0.32725,0.7657,0.0102,0.18107,0.094,1.365,0.437,2.542,1.513,0.161,5.994,4.676,0.022,5.994,0
0.59091,0.2176,0.086287,1.2835,0.17378,0.0080966,0.18894,0.46248,0.024321,0.24369,4.128,2.070,4.315,0.052,1.784,0.543,4.293,2.036,1.786,4.315,0
0.39048,0.35572,0.13079,1.4298,0.22831,0.0017967,0.16765,0.39043,0.013984,0.10292,0.270,1.212,0.607,2.426,2.051,1.129,7.921,1.331,2.290,7.921,0
0.24343,0.49919,0.1316,1.5668,0.2328,0.0057047,0.45398,0.58861,0.0070093,0.20995,0.045,1.485,0.303,2.619,0.110,2.346,5.235,2.447,1.056,5.235,0
0.22731,0.05251,0.049334,1.5316,0.051828,0.0048105,0.2485,8.6535e-05,0.013059,0.24439,0.363,1.765,0.006,2.839,3.508,3.378,4.879,0.564,4.929,4.929,0
0.76662,0.28373,0.18907,1.1937,0.32116,0.003001,0.1629,0.40918,0.0091674,0.22835,3.590,1.604,3.795,0.394,2.032,1.192,4.822,3.333,1.682,4.822,0
0.85282,0.46649,0.04263,1.2352,0.10027,0.00016777,0.40575,0.44838,0.02164,0.23556,2.518,0.692,2.764,1.052,1.684,0.923,3.051,0.144,1.445,3.051,0
0.27787,0.24024,0.15629,1.2592,0.08292,0.0018176,0.17295,0.34559,0.015444,0.15837,0.531,1.920,0.172,2.958,2.638,2.027,6.231,1.793,2.887,6.231,0
0.26383,0.09937,0.18687,1.5312,0.25718,0.0007913,0.46842,0.17388,0.018056,0.35501,0.708,2.069,0.341,3.067,3.338,3.265,3.027,2.911,3.137,3.338,0
0.62529,0.30635,0.063445,1.3615,0.15027,0.0097911,0.47043,0.040015,0.027177,0.13972,4.742,2.609,4.910,0.390,0.937,1.146,6.873,1.252,4.663,6.873,0
0.12847,0.21447,0.11317,1.2322,0.31625,0.0087777,0.32282,0.26122,0.026353,0.34848,0.806,2.164,0.439,3.143,1.572,0.358,2.890,3.380,2.428,3.380,0
0.60633,0.40104,0.217,1.1065,0.099774,0.0093602,0.37465,0.23081,0.013675,0.39532,4.662,2.505,4.821,0.255,0.172,2.449,2.811,6.452,3.296,6.452,0
0.90939,0.44653,0.12604,1.5751,0.10666,0.011569,0.21455,0.33765,0.022391,0.1019,7.325,4.808,7.394,1.932,0.302,3.233,9.350,2.642,2.788,9.350,0
0.87942,0.13081,0.15647,1.4075,0.27308,0.0058276,0.1037,0.31508,0.026221,0.19718,5.685,3.406,5.815,0.920,2.792,2.228,5.151,3.391,2.834,5.815,0
0.80765,0.41146,0.16901,1.5343,0.37582,0.0099354,0.16713,0.65578,0.013233,0.13258,6.408,4.027,6.513,1.367,0.005,2.455,8.294,4.008,0.238,8.294,0
0.13849,0.043241,0.22944,1.5792,0.08486,0.0065711,0.42297,0.47316,0.026393,0.37911,0.952,2.280,0.577,3.222,3.485,3.369,2.811,5.972,1.531,5.972,0
0.17829,0.42682,0.076071,1.3324,0.29642,0.0031558,0.30751,0.5577,0.0084341,0.17114,1.031,2.351,0.653,3.277,1.212,0.157,5.922,0.929,0.746,5.922,0
0.3844,0.46687,0.018491,1.1921,0.050988,0.0084776,0.31848,0.3153,0.01825,0.24212,2.040,0.287,2.306,1.344,0.282,2.785,4.414,0.048,3.111,4.414,0
1.1707,0.023109,0.058847,1.1812,0.34129,0.005396,0.16504,0.79088,0.0097344,0.3259,7.514,4.874,7.547,1.898,3.707,3.738,3.863,1.081,0.249,7.547,0
1.1682,0.28079,0.21978,1.4963,0.28732,0.0092444,0.42565,0.59838,0.0098185,0.27044,8.906,6.082,8.892,2.806,1.031,0.824,4.604,6.129,0.616,8.906,0
0.17395,0.33805,0.2161,1.4132,0.32419,0.0017114,0.37605,0.26424,0.025987,0.25953,1.202,2.500,0.819,3.387,1.799,1.052,3.146,3.787,2.032,3.787,0
0.51624,0.067131,0.24822,1.1399,0.23513,0.00078019,0.19252,0.113,0.020242,0.19859,0.994,0.613,1.297,2.001,3.556,3.554,5.382,3.515,2.551,5.382,0
1.1214,0.051192,0.0080963,1.228,0.25699,0.0035578,0.37693,0.29364,0.018494,0.18383,6.169,3.781,6.270,1.145,3.553,3.493,5.933,0.311,2.525,6.270,0
0.57753,0.062264,0.21007,1.0112,0.34256,0.010007,0.33078,0.52381,0.0046446,0.18913,4.434,2.308,4.601,0.107,3.259,2.905,6.786,5.485,0.718,6.786,0
0.92546,0.35819,0.10576,1.1236,0.36512,0.0047465,0.12359,0.15612,0.018635,0.2339,5.641,3.345,5.764,0.864,1.124,0.201,4.158,2.115,3.761,5.764,0
0.32355,0.24164,0.022042,1.4995,0.15817,0.0035167,0.27995,0.11873,0.01049,0.19977,0.235,1.246,0.572,2.455,2.324,1.460,5.554,0.066,4.423,5.554,0
0.10714,0.27803,0.13705,1.5773,0.19462,0.0050388,0.39991,0.08784,0.014736,0.22246,1.475,2.733,1.082,3.557,1.771,0.553,4.825,2.560,3.899,4.825,0
0.18226,0.33162,0.071167,1.164,0.24757,0.0010675,0.2731,0.65174,0.016883,0.13806,1.293,2.584,0.909,3.452,2.214,1.554,6.316,0.587,0.571,6.316,0
0.43774,0.026078,0.092953,1.4723,0.21737,0.01059,0.23776,0.60735,0.006284,0.37617,3.259,1.340,3.483,0.577,3.590,3.508,3.529,2.732,1.471,3.590,0
0.30604,0.36988,0.21177,1.553,0.056598,0.0047528,0.40043,0.011321,0.010482,0.24266,0.347,1.148,0.681,2.383,1.250,0.357,4.484,3.844,3.569,4.484,0
1.0615,0.18762,0.10408,1.2056,0.22637,0.0054036,0.30988,0.093278,0.02644,0.33904,6.956,4.464,7.029,1.679,2.277,1.524,2.873,2.337,4.124,7.029,0
0.19256,0.057029,0.091818,1.2253,0.24398,0.0028377,0.18863,0.38516,0.0077581,0.2857,0.920,2.262,0.549,3.216,3.525,3.468,4.402,1.381,2.384,4.402,0
0.50991,0.46084,0.073973,1.0305,0.39669,0.0095244,0.14674,0.18818,0.015724,0.2811,3.885,1.846,4.075,0.222,0.742,3.100,3.982,2.029,3.621,4.075,0
0.71367,0.14609,0.12889,1.01,0.26428,0.0046727,0.10862,0.70678,0.01289,0.16207,3.778,1.755,3.973,0.289,2.854,2.327,6.750,2.191,1.410,6.750,0
0.92069,0.22997,0.1324,1.5613,0.20935,0.0094972,0.17108,0.59306,0.021662,0.16315,7.168,4.670,7.242,1.828,1.618,0.088,6.442,3.152,1.183,7.242,0
0.97985,0.20641,0.20701,1.178,0.32232,0.011291,0.1653,0.62884,0.017062,0.31433,8.554,5.804,8.559,2.621,1.432,0.004,3.737,6.943,0.543,8.559,0
0.9477,0.16419,0.073083,1.3272,0.35827,0.00020017,0.36129,0.23492,0.023429,0.24695,3.361,1.418,3.578,0.521,3.039,2.904,3.945,0.779,2.627,3.945,0
1.1113,0.17244,0.10442,1.4061,0.20638,0.0029795,0.37739,0.38295,0.025685,0.13401,5.675,3.387,5.804,0.876,2.824,2.320,6.685,1.353,1.520,6.685,0
0.68533,0.21662,0.22122,1.1531,0.13765,0.00066424,0.2477,0.37952,0.022145,0.22563,1.896,0.153,2.164,1.449,2.800,2.464,4.229,2.969,1.817,4.229,0
0.84856,0.4714,0.14661,1.0838,0.099883,0.0036588,0.24591,0.54164,0.024206,0.10013,4.038,1.991,4.227,0.105,1.102,0.550,7.206,1.849,1.483,7.206,0
0.24937,0.32984,0.14911,1.0951,0.24017,0.005249,0.2624,0.63571,0.025205,0.35531,0.078,1.408,0.412,2.590,1.135,0.141,2.452,3.526,0.525,3.526,0
0.92056,0.27237,0.017772,1.4023,0.29981,0.004523,0.37204,0.31349,0.020713,0.19424,5.390,3.156,5.532,0.753,1.854,0.800,5.075,0.075,2.146,5.532,0
0.98549,0.4984,0.24552,1.3314,0.26682,0.0051222,0.17349,0.24952,0.025375,0.32594,6.313,3.927,6.414,1.288,0.151,2.003,2.246,5.922,2.418,6.414,0
1.1749,0.2331,0.2027,1.3035,0.23382,0.0086583,0.4225,0.49766,0.021076,0.25739,8.768,5.958,8.757,2.719,1.544,0.158,4.216,5.595,0.944,8.768,0
0.1575,0.13402,0.03894,1.5732,0.090571,0.0024452,0.2223,0.51732,0.0047523,0.17627,1.349,2.621,0.959,3.473,3.158,2.798,6.800,0.099,2.290,6.800,0
0.14981,0.48649,0.10331,1.4167,0.20438,0.0039282,0.4412,0.48555,0.01199,0.25309,1.167,2.469,0.785,3.364,0.517,1.301,3.692,1.714,1.258,3.692,0
0.95498,0.2542,0.056526,1.3928,0.27193,0.0050845,0.47734,0.031939,0.014105,0.25537,5.904,3.593,6.023,1.120,1.878,0.802,4.275,0.888,4.701,6.023,0
0.23941,0.29769,0.060252,1.418,0.2879,0.011334,0.12603,0.029013,0.0081241,0.20658,0.860,0.711,1.174,2.066,0.721,1.383,6.403,1.418,4.714,6.403,0
0.52491,0.31817,0.048509,1.1445,0.36058,0.010094,0.26397,0.40257,0.011681,0.36389,4.218,2.134,4.397,0.014,0.396,1.489,3.327,1.269,1.523,4.397,0
0.77423,0.40696,0.019068,1.0434,0.16673,0.0045996,0.47822,0.039679,0.013255,0.16921,4.104,2.036,4.286,0.045,1.135,0.532,5.936,0.094,4.989,5.936,0
0.97458,0.078745,0.20792,1.5964,0.31336,0.0069502,0.35207,0.054601,0.014607,0.19622,6.796,4.356,6.885,1.626,3.191,2.831,5.858,4.743,2.886,6.885,0
1.1791,0.30865,0.13834,1.429,0.24875,0.0057895,0.47656,0.53084,0.018167,0.36132,7.729,5.076,7.759,2.081,1.200,0.291,2.640,3.301,0.753,7.759,0
0.19183,0.23876,0.23552,1.3113,0.29672,0.0078408,0.15597,0.72787,0.0053436,0.18997,0.259,1.683,0.092,2.784,1.782,0.424,6.653,5.369,0.708,6.653,0
1.1638,0.35335,0.064835,1.5928,0.17541,0.011872,0.31421,0.46474,0.020738,0.16914,9.410,6.507,9.376,3.103,0.122,2.387,6.673,1.529,1.528,9.410,0
0.19899,0.49426,0.092539,1.0532,0.36455,0.0087431,0.40708,0.18346,0.025621,0.16863,0.024,1.450,0.361,2.618,0.680,3.287,5.532,2.257,3.138,5.532,0
0.36574,0.40451,0.086702,1.477,0.28317,0.0062317,0.32105,0.66958,0.0050353,0.2274,1.322,0.312,1.620,1.772,0.637,1.267,5.362,1.608,0.641,5.362,0
0.46467,0.13372,0.23457,1.4974,0.12352,0.0070309,0.39289,0.021801,0.0093545,0.23102,2.452,0.660,2.709,1.058,2.735,2.012,5.324,5.126,3.244,5.324,0
1.021,0.44428,0.15146,1.3961,0.088399,0.0020263,0.14949,0.61558,0.011978,0.17006,4.361,2.282,4.543,0.111,1.521,0.238,5.440,1.767,1.875,5.440,0
0.54656,0.090817,0.037316,1.1275,0.30071,0.0043994,0.39846,0.64846,0.018853,0.35222,2.668,0.810,2.905,0.971,3.168,2.923,3.132,0.478,0.130,3.168,0
0.48636,0.17012,0.057088,1.5736,0.19193,0.0065412,0.26534,0.35741,0.011914,0.28187,2.639,0.822,2.890,0.944,2.388,1.519,4.195,1.012,2.481,4.195,0
0.67745,0.35856,0.21942,1.0481,0.14851,0.004077,0.20059,0.74017,0.0107,0.25377,3.299,1.344,3.511,0.589,1.418,0.117,4.213,4.096,1.407,4.213,0
0.37166,0.29803,0.12705,1.5101,0.080835,0.0077865,0.39398,0.10611,0.021972,0.2954,1.810,0.108,2.090,1.462,1.064,0.606,3.463,3.157,4.104,4.104,0
0.40528,0.4755,0.10082,1.0062,0.18558,0.010824,0.20493,0.70685,0.0074341,0.20629,2.770,0.896,3.003,0.912,0.627,3.407,6.637,2.529,1.592,6.637,0
0.39022,0.17594,0.17215,1.2893,0.22083,0.0046472,0.49074,0.17829,0.016428,0.32508,1.257,0.383,1.552,1.820,2.497,1.842,3.336,3.709,3.381,3.709,0
0.1393,0.12581,0.17767,1.3121,0.19028,0.0027317,0.32675,0.66283,0.014677,0.24473,1.391,2.668,1.003,3.513,3.092,2.785,4.585,2.933,0.916,4.585,0
1.1755,0.020978,0.13916,1.3599,0.29463,0.01121,0.16868,0.023949,0.027812,0.17003,9.546,6.608,9.502,3.155,3.657,3.616,5.994,4.014,3.668,9.546,0
0.77509,0.15185,0.24909,1.0065,0.25947,0.0032636,0.37831,0.23192,0.010052,0.31216,3.793,1.760,3.984,0.288,2.843,2.436,3.752,4.886,2.628,4.886,0
0.96543,0.43986,0.050161,1.2623,0.27786,0.0013484,0.27833,0.10362,0.010465,0.3128,4.064,2.011,4.251,0.097,1.347,0.426,2.785,0.457,4.326,4.326,0
0.45679,0.31247,0.22331,1.0091,0.33952,0.0060132,0.22037,0.032398,0.012974,0.3047,2.315,0.505,2.564,1.196,1.220,0.111,3.581,5.528,2.699,5.528,0
0.38239,0.22853,0.080371,1.1028,0.15318,0.0044823,0.25886,0.071909,0.0090945,0.15783,0.939,0.661,1.244,2.038,2.375,1.473,7.027,1.014,4.603,7.027,0
0.59728,0.038462,0.036905,1.4545,0.32979,0.011681,0.42435,0.60589,0.022873,0.32306,5.438,3.192,5.576,0.793,3.397,3.190,3.468,0.967,0.152,5.576,0
0.63617,0.33831,0.029774,1.2205,0.38211,0.0044572,0.13567,0.25149,0.01252,0.22274,3.311,1.367,3.527,0.564,1.361,0.122,4.743,0.221,3.580,4.743,0
1.1223,0.44692,0.11595,1.2543,0.28233,0.010957,0.25541,0.37997,0.018892,0.24515,9.301,6.420,9.272,3.036,0.822,3.433,4.669,3.465,1.757,9.301,0
0.23539,0.33985,0.016056,1.1779,0.39413,0.0096337,0.10981,0.61638,0.029768,0.35401,0.741,0.832,1.053,2.165,0.113,1.744,2.610,0.126,1.595,2.610,1
0.91661,0.2245,0.12569,1.1378,0.27233,0.011186,0.3259,0.26963,0.02212,0.37608,8.104,5.424,8.126,2.376,1.175,0.326,2.890,4.299,2.531,8.126,0
0.17596,0.22049,0.044252,1.0541,0.24508,0.011695,0.36929,0.2082,0.016502,0.39939,0.172,1.329,0.502,2.535,1.187,0.335,2.936,1.265,3.360,3.360,0
0.90973,0.15983,0.17605,1.0724,0.089662,0.0079216,0.40847,0.2418,0.012734,0.37025,6.634,4.178,6.715,1.499,2.326,1.453,3.199,4.669,3.299,6.715,0
1.0756,0.42451,0.14431,1.3619,0.20917,0.0019253,0.49204,0.4353,0.017417,0.23163,4.972,2.799,5.128,0.515,1.390,0.254,3.654,2.122,1.072,5.128,0
0.50106,0.16373,0.16176,1.2826,0.36114,0.011612,0.35433,0.66782,0.015165,0.29291,4.325,2.243,4.505,0.088,1.898,0.694,4.127,5.396,0.182,5.396,0
0.85913,0.15896,0.10091,1.3245,0.12641,0.00585,0.21536,0.77723,0.029953,0.18648,5.393,3.154,5.533,0.739,2.596,1.874,5.203,1.902,1.090,5.533,0
1.1931,0.26033,0.080545,1.0258,0.25604,0.0078525,0.20301,0.7891,0.006447,0.39903,8.519,5.713,8.506,2.499,1.364,0.008,3.162,2.008,0.821,8.519,0
0.26434,0.46047,0.23917,1.3409,0.20867,0.006652,0.47012,0.65706,0.023582,0.34971,0.479,1.050,0.803,2.280,0.267,2.746,2.080,6.329,0.631,6.329,0
0.28638,0.086916,0.046211,1.291,0.31666,0.0050927,0.22113,0.78724,0.0096117,0.20371,0.312,1.192,0.642,2.423,3.225,2.932,5.898,0.577,0.154,5.898,0
0.9077,0.26996,0.19184,1.4429,0.21438,0.0093752,0.26948,0.64139,0.029653,0.34726,7.457,4.898,7.513,1.987,0.912,0.703,2.759,6.061,0.697,7.513,0
0.58987,0.33091,0.13795,1.2103,0.33109,0.008276,0.44575,0.06684,0.02663,0.19902,4.238,2.162,4.420,0.039,0.720,1.128,4.917,3.586,3.573,4.917,0
0.36679,0.091813,0.065013,1.1418,0.094064,7.1897e-05,0.16173,0.07402,0.018718,0.36205,0.237,1.677,0.109,2.786,3.451,3.436,2.959,0.546,4.680,4.680,0
0.92831,0.3551,0.004348,1.28,0.29702,0.004613,0.41752,0.69778,0.010714,0.15563,5.301,3.073,5.444,0.707,1.409,0.002,6.689,0.386,0.208,6.689,0
0.95262,0.16998,0.14752,1.4935,0.2378,0.0070474,0.39139,0.021315,0.0070622,0.33954,6.714,4.271,6.801,1.572,2.305,1.411,3.715,3.622,3.804,6.801,0
1.0417,0.033809,0.24725,1.3131,0.078019,0.0061214,0.4648,0.076058,0.0069708,0.16428,6.392,4.006,6.491,1.411,3.647,3.590,7.299,4.288,3.353,7.299,0
0.56069,0.10973,0.2014,1.2423,0.31388,0.011475,0.29242,0.13057,0.018602,0.35247,4.984,2.789,5.135,0.463,2.510,1.730,3.283,7.001,2.944,7.001,0
0.7392,0.32473,0.19287,1.0808,0.20585,0.0029381,0.24068,0.6948,0.012193,0.37768,3.406,1.435,3.614,0.524,1.689,0.766,2.591,3.681,0.898,3.681,0
0.7902,0.094938,0.18134,1.3088,0.23356,0.011392,0.25916,0.18943,0.029724,0.24453,7.017,4.522,7.090,1.717,2.735,2.056,4.317,5.896,3.160,7.090,0
1.0676,0.37838,0.24414,1.5049,0.25272,0.0067129,0.44282,0.74389,0.026993,0.35738,7.670,5.102,7.723,2.169,0.352,1.691,2.179,6.677,0.029,7.723,0
0.28558,0.3151,0.036372,1.1747,0.25883,0.0012156,0.1619,0.49326,0.025782,0.13515,0.525,1.916,0.166,2.956,2.225,1.593,5.923,0.101,1.665,5.923,0
1.1915,0.23316,0.026009,1.3109,0.30765,0.00020594,0.33094,0.11621,0.013636,0.271,4.413,2.220,4.562,0.030,2.704,2.431,3.740,0.046,4.179,4.562,0
1.1721,0.1703,0.21112,1.0927,0.065351,0.0054679,0.39957,0.78441,0.011666,0.20453,6.974,4.417,7.028,1.589,2.627,1.872,5.671,3.911,2.031,7.028,0
0.39444,0.43872,0.22243,1.0337,0.21332,0.0052152,0.45948,0.13021,0.027075,0.11813,1.295,0.354,1.587,1.806,0.771,1.081,6.621,4.053,2.807,6.621,0
0.91039,0.095736,0.1441,1.0628,0.19181,0.011939,0.39346,0.19249,0.020412,0.38414,8.185,5.496,8.202,2.453,2.660,1.977,2.962,5.058,3.380,8.202,0
0.43987,0.47037,0.011759,1.462,0.14276,0.0059433,0.28678,0.18768,0.010845,0.31298,2.008,0.273,2.279,1.348,0.082,2.001,3.312,0.174,3.940,3.940,0
0.78484,0.19406,0.1639,1.3587,0.20973,0.010807,0.26717,0.46985,0.0079086,0.19791,6.420,4.017,6.517,1.350,1.866,0.438,6.488,4.253,1.678,6.517,0
1.0548,0.208,0.10748,1.2348,0.14762,0.0092171,0.12411,0.084992,0.012035,0.10786,7.551,4.972,7.601,2.035,2.100,0.750,9.343,1.858,4.386,9.343,0
0.51791,0.12238,0.1879,1.2953,0.095743,0.0037484,0.39427,0.10501,0.0092218,0.38179,2.040,0.288,2.306,1.345,3.009,2.639,3.147,3.622,3.672,3.672,0
1.1228,0.11614,0.13825,1.4615,0.22431,0.010086,0.46537,0.38627,0.019064,0.35464,9.158,6.322,9.140,2.995,2.536,1.765,3.207,4.322,1.545,9.158,0
0.666,0.43779,0.098858,1.0765,0.094379,0.0070998,0.24135,0.064256,0.022186,0.30422,4.437,2.316,4.606,0.117,0.054,1.991,3.051,2.299,4.378,4.606,0
0.99166,0.02418,0.23329,1.3071,0.077481,0.004568,0.39312,0.061031,0.029008,0.24577,5.813,3.508,5.935,1.019,3.716,3.751,4.289,4.745,2.955,5.935,0
0.23509,0.028463,0.16682,1.4998,0.087473,0.0039584,0.40118,0.54362,0.021053,0.35068,0.363,1.770,0.008,2.846,3.686,3.710,3.193,3.312,1.540,3.710,0
0.8615,0.47415,0.13541,1.0152,0.13386,0.011733,0.29309,0.19579,0.023812,0.29278,7.607,5.000,7.648,2.052,1.250,4.037,3.670,4.410,3.497,7.648,0
0.15365,0.21865,0.2046,1.0523,0.18896,0.0038292,0.49899,0.30878,0.0040439,0.2665,1.143,2.461,0.766,3.364,2.396,1.639,4.668,3.723,2.560,4.668,0
0.75135,0.16722,0.066268,1.5225,0.26946,0.0043017,0.3365,0.48775,0.0095327,0.12506,3.787,1.804,3.995,0.229,2.783,2.149,8.287,0.695,1.097,8.287,0
0.72825,0.12201,0.16986,1.2009,0.34859,0.00797,0.46202,0.74832,0.017568,0.16575,5.222,3.000,5.365,0.679,2.756,2.098,6.537,4.036,0.601,6.537,0
0.76548,0.028095,0.022806,1.384,0.29908,0.00036147,0.21607,0.44591,0.017952,0.17464,2.261,0.484,2.521,1.198,3.766,3.862,6.226,0.127,1.512,6.226,0
0.56112,0.18142,0.18421,1.3521,0.20146,0.010425,0.32975,0.27183,0.019704,0.1035,4.176,2.129,4.367,0.004,2.143,0.856,8.948,4.005,2.693,8.948,0
0.93594,0.17317,0.053386,1.3375,0.18369,0.0016645,0.15158,0.42495,0.027457,0.13139,3.818,1.819,4.021,0.221,2.957,2.594,6.581,0.354,2.411,6.581,0
0.33751,0.31458,0.23719,1.4882,0.16181,0.0026728,0.19912,0.71707,0.022797,0.27019,0.242,1.244,0.578,2.456,1.839,0.908,3.292,4.233,0.894,4.233,0
0.43497,0.1117,0.0014562,1.2144,0.31964,0.0032541,0.233,0.027454,0.0062136,0.28302,1.245,0.397,1.539,1.846,3.124,2.849,4.424,0.444,5.136,5.136,0
0.9991,0.44245,0.042375,1.1263,0.29478,0.0091048,0.36962,0.27987,0.020525,0.16439,7.698,5.091,7.740,2.163,0.192,2.646,6.281,0.737,2.515,7.740,0
0.3228,0.44351,0.045513,1.1574,0.17046,0.00041154,0.13075,0.59179,0.020461,0.11879,0.518,1.911,0.160,2.952,1.891,1.103,6.107,0.109,2.043,6.107,0
0.87011,0.26286,0.13066,1.1952,0.12943,0.0070608,0.45743,0.034613,0.025271,0.2344,6.013,3.672,6.125,1.162,1.555,0.184,4.282,3.006,3.967,6.125,0
0.55645,0.31064,0.048245,1.0108,0.13073,0.0082696,0.21974,0.33584,0.0095652,0.34416,3.829,1.790,4.019,0.272,0.932,0.759,3.512,0.980,3.101,4.019,0
0.48139,0.055331,0.09529,1.148,0.32107,0.0029923,0.2204,0.10661,0.013358,0.39609,1.636,0.068,1.913,1.609,3.505,3.463,2.989,1.718,4.122,4.122,0
0.4726,0.45561,0.22727,1.128,0.37415,0.00064382,0.27532,0.078497,0.02803,0.29423,0.797,0.786,1.106,2.132,1.327,0.655,2.134,3.819,2.278,3.819,0
0.4468,0.18208,0.060543,1.2769,0.27938,0.0059626,0.27222,0.0078366,0.021559,0.16746,2.069,0.322,2.337,1.311,2.410,1.580,6.061,0.961,4.634,6.061,0
0.22508,0.22485,0.13647,1.413,0.20812,0.0049116,0.33457,0.11257,0.021408,0.39949,0.245,1.673,0.105,2.777,2.010,1.133,2.423,3.092,3.807,3.807,0
0.66358,0.15062,0.21661,1.1609,0.33095,0.0077669,0.34488,0.19049,0.024134,0.33315,4.865,2.685,5.019,0.388,2.353,1.583,3.150,6.291,2.613,6.291,0
0.52566,0.30151,0.22165,1.172,0.29075,0.00158,0.11896,0.71161,0.020699,0.2029,1.397,0.265,1.686,1.749,2.153,1.509,4.505,3.512,0.471,4.505,0
0.12582,0.10214,0.014032,1.5042,0.26155,0.0065045,0.2536,0.39795,0.020539,0.3987,1.083,2.397,0.704,3.311,2.912,2.469,2.724,0.054,1.834,3.311,0
0.71749,0.23937,0.19824,1.1728,0.23212,0.0048585,0.13082,0.15757,0.023571,0.23148,4.045,1.992,4.233,0.111,2.033,1.094,4.280,4.191,3.145,4.280,0
1.1571,0.10864,0.22532,1.3193,0.26472,0.0095778,0.41324,0.1192,0.014953,0.19609,8.842,6.031,8.830,2.771,2.775,2.076,5.927,5.939,2.844,8.842,0
1.1895,0.2016,0.19978,1.2124,0.23855,0.0011978,0.29416,0.57994,0.012262,0.24495,4.982,2.709,5.110,0.328,2.788,2.427,4.411,2.932,0.786,5.110,0
1.0813,0.19926,0.13887,1.116,0.29082,0.011164,0.46036,0.52851,0.0058936,0.3873,9.164,6.332,9.146,3.027,1.544,0.060,3.496,4.532,0.984,9.164,0
0.61621,0.45177,0.038643,1.1741,0.19144,0.011445,0.20423,0.63968,0.010976,0.26967,5.274,3.031,5.412,0.633,0.833,3.567,4.884,0.851,1.572,5.412,0
0.59436,0.37931,0.084538,1.4394,0.19685,0.00036736,0.25483,0.60511,0.0056048,0.29208,1.271,0.372,1.565,1.828,1.998,1.356,3.389,0.830,1.280,3.389,0
0.38278,0.3857,0.21548,1.1863,0.38326,0.0024278,0.45833,0.70454,0.02964,0.19565,0.628,0.924,0.945,2.203,1.385,0.383,3.989,3.984,1.028,3.989,0
1.0233,0.27398,0.19048,1.0905,0.30682,0.0060651,0.11317,0.28127,0.017515,0.37856,7.014,4.502,7.081,1.690,1.445,0.276,2.688,4.917,2.714,7.081,0
0.97358,0.26084,0.24394,1.2876,0.25797,0.010538,0.32784,0.50041,0.02322,0.23652,8.161,5.486,8.186,2.432,1.024,0.706,4.614,7.421,0.825,8.186,0
0.56282,0.17309,0.041934,1.1148,0.07859,0.0037843,0.42384,0.76693,0.024856,0.11843,2.191,0.413,2.450,1.247,2.816,2.225,7.387,0.231,1.438,7.387,0
0.78374,0.080609,0.04076,1.1723,0.15227,0.0091336,0.3479,0.10251,0.0059409,0.37559,6.071,3.704,6.176,1.124,3.035,2.578,3.529,0.828,4.514,6.176,0
1.0292,0.12599,0.21169,1.1976,0.24025,0.0022187,0.22715,0.68682,0.021092,0.11119,4.670,2.537,4.837,0.293,3.192,2.934,7.928,2.860,0.465,7.928,0
0.391,0.16874,0.2483,1.5954,0.32457,0.0029565,0.16977,0.16177,0.013037,0.248,0.781,0.771,1.101,2.105,2.748,2.272,4.497,4.614,2.430,4.614,0
0.8267,0.29698,0.23679,1.0457,0.32345,0.011753,0.44159,0.71255,0.020356,0.28366,7.467,4.897,7.516,2.035,0.407,2.019,3.928,8.024,0.214,8.024,0
0.21839,0.30226,0.07342,1.2038,0.22935,0.0033296,0.30252,0.53025,0.0097662,0.35925,0.600,1.988,0.241,3.015,1.771,0.830,2.935,1.156,1.153,3.015,0
0.88385,0.024949,0.099144,1.4853,0.38232,0.0032982,0.29768,0.18517,0.01244,0.31839,4.725,2.587,4.892,0.327,3.720,3.776,3.824,1.799,3.230,4.892,0
0.81522,0.03284,0.18369,1.2233,0.36602,0.011034,0.36619,0.6976,0.012999,0.36903,7.221,4.682,7.281,1.850,3.490,3.353,3.329,6.249,0.350,7.281,0
0.78589,0.086373,0.089805,1.2749,0.23421,0.0084379,0.27196,0.7421,0.028108,0.33581,6.112,3.751,6.220,1.160,2.965,2.519,3.114,2.478,0.431,6.220,0
0.16654,0.060679,0.10141,1.3027,0.2278,0.002325,0.40835,0.38909,0.023627,0.34946,1.176,2.483,0.796,3.378,3.496,3.455,3.048,1.670,1.328,3.496,0
0.94252,0.25064,0.20033,1.5327,0.21232,0.0092951,0.324,0.591,0.024627,0.3861,7.691,5.099,7.739,2.148,1.110,0.411,2.599,6.327,0.862,7.739,0
0.45913,0.43961,0.11565,1.5677,0.21097,0.0034144,0.44629,0.071452,0.026581,0.25168,1.495,0.157,1.789,1.649,0.816,0.683,3.023,2.019,3.988,3.988,0
1.1243,0.2093,0.01873,1.5709,0.27079,0.0028609,0.11279,0.3058,0.015967,0.17738,5.790,3.470,5.911,0.907,2.563,1.936,5.795,0.129,3.830,5.911,0
1.0776,0.44586,0.24086,1.5273,0.17004,0.0019844,0.38508,0.016035,0.018017,0.38188,5.131,2.935,5.283,0.582,1.082,0.042,1.868,4.300,2.774,5.283,0
0.15007,0.14181,0.15215,1.4687,0.37319,0.0057901,0.49165,0.70867,0.019926,0.27,0.902,2.237,0.528,3.174,2.643,2.041,4.018,3.609,0.766,4.018,0
0.22038,0.16806,0.22086,1.1478,0.13132,0.0010314,0.33372,0.13733,0.027943,0.22691,1.006,2.338,0.633,3.271,2.997,2.734,4.171,3.176,2.940,4.171,0
0.34964,0.44199,0.05613,1.4662,0.37994,0.0065106,0.37399,0.004737,0.019276,0.23124,1.337,0.299,1.634,1.761,0.061,1.956,4.174,1.058,4.618,4.618,0
0.57466,0.12533,0.0097997,1.5149,0.058191,0.0118,0.29528,0.68522,0.0080656,0.12363,4.472,2.385,4.653,0.188,2.651,1.614,9.101,0.238,2.607,9.101,0
0.56454,0.044867,0.099921,1.5759,0.25129,0.0018215,0.32927,0.0031844,0.011562,0.14978,1.598,0.071,1.888,1.597,3.656,3.665,7.357,1.066,4.255,7.357,0
0.83582,0.41032,0.055331,1.1395,0.14887,0.0075638,0.15673,0.47702,0.012221,0.29573,5.914,3.572,6.025,1.023,0.246,1.812,3.793,1.085,2.503,6.025,0
0.11011,0.16497,0.083862,1.3086,0.33523,0.00825,0.2557,0.21118,0.028971,0.17881,1.141,2.447,0.760,3.348,2.269,1.334,5.545,1.963,3.039,5.545,0
0.69613,0.4637,0.02523,1.1411,0.26297,0.010233,0.21017,0.77926,0.016714,0.12599,5.440,3.180,5.573,0.749,0.339,2.998,8.365,0.206,0.645,8.365,0
1.009,0.30576,0.20914,1.3446,0.24853,0.010565,0.11771,0.33961,0.011796,0.15607,8.035,5.381,8.066,2.326,0.886,1.176,7.594,5.196,2.627,8.066,0
1.0759,0.13477,0.057519,1.3728,0.31234,0.007511,0.23264,0.33274,0.0054753,0.29131,7.800,5.180,7.840,2.179,2.613,1.892,4.478,1.160,2.506,7.840,0
0.46438,0.40401,0.20885,1.5487,0.10466,9.466e-05,0.23791,0.76957,0.020427,0.32143,0.382,1.122,0.713,2.366,1.894,1.268,2.238,2.739,1.121,2.739,1
0.1813,0.13972,0.18186,1.3408,0.11192,0.011293,0.34709,0.078366,0.029383,0.27235,0.151,1.329,0.487,2.522,2.214,1.183,3.874,5.850,3.456,5.850,0
0.50094,0.43388,0.19641,1.4946,0.14151,0.0030932,0.11101,0.04153,0.0097869,0.14731,1.482,0.165,1.777,1.659,1.367,0.132,6.585,2.601,3.605,6.585,0
1.1741,0.39224,0.22257,1.2975,0.34842,0.0019662,0.19094,0.43926,0.0093867,0.18455,5.514,3.177,5.628,0.672,1.594,0.621,5.348,3.488,1.011,5.628,0
0.89025,0.14337,0.059507,1.0389,0.161,0.010863,0.13173,0.31961,0.02419,0.15318,7.275,4.727,7.333,1.855,2.378,1.366,6.710,1.295,3.380,7.333,0
0.36621,0.172,0.14143,1.2308,0.18969,0.0020213,0.37649,0.27156,0.018804,0.36479,0.346,1.170,0.672,2.412,2.804,2.446,2.771,2.368,2.626,2.804,1
0.27886,0.33213,0.16506,1.3058,0.20564,0.002388,0.24215,0.74449,0.011195,0.17871,0.359,1.770,0.005,2.847,1.962,1.009,5.676,2.309,0.856,5.676,0
0.10462,0.15326,0.028283,1.1967,0.28935,0.0033959,0.46277,0.24419,0.0054616,0.11238,1.660,2.901,1.263,3.687,2.976,2.519,9.184,0.013,3.027,9.184,0
0.86851,0.21228,0.030077,1.0572,0.053488,0.0034252,0.32421,0.39205,0.019044,0.223,4.260,2.168,4.436,0.014,2.515,1.821,4.633,0.105,2.447,4.633,0
1.0841,0.13752,0.15375,1.3764,0.12279,0.0074058,0.47595,0.48325,0.029755,0.20476,7.708,5.131,7.760,2.184,2.623,1.883,4.908,3.595,1.303,7.760,0
0.14753,0.15631,0.15295,1.4004,0.12329,0.002332,0.11099,0.17112,0.022448,0.13641,1.416,2.683,1.025,3.520,3.017,2.617,6.809,1.888,3.787,6.809,0
0.61937,0.42418,0.099563,1.2694,0.17168,0.0034092,0.18052,0.34167,0.0053706,0.24109,2.592,0.754,2.835,1.010,1.167,0.283,4.557,1.441,3.006,4.557,0
0.53224,0.079854,0.20605,1.536,0.32087,0.0064493,0.28107,0.13975,0.008678,0.36192,3.174,1.269,3.402,0.629,3.151,2.825,3.474,5.255,2.969,5.255,0
0.18849,0.42131,0.14473,1.5416,0.05364,0.00046073,0.25976,0.20738,0.026411,0.11747,1.400,2.663,1.007,3.501,2.028,1.173,5.861,1.211,3.475,5.861,0
0.93274,0.070231,0.11448,1.3077,0.17943,0.01051,0.48185,0.49409,0.0132,0.15034,7.373,4.852,7.437,2.027,3.180,2.719,7.434,2.581,1.598,7.437,0
0.4945,0.08014,0.15994,1.3351,0.28895,0.00047243,0.15466,0.26249,0.029181,0.32269,0.853,0.727,1.164,2.082,3.460,3.458,3.083,2.428,2.622,3.460,0
1.0429,0.19052,0.1659,1.5803,0.091095,0.0057303,0.3147,0.31405,0.026426,0.15536,6.495,4.109,6.599,1.440,2.420,1.502,6.135,3.005,2.519,6.599,0
0.76202,0.33668,0.013951,1.0768,0.17137,0.011481,0.25229,0.63506,0.015264,0.14819,6.316,3.915,6.412,1.272,0.541,1.745,7.773,0.068,1.563,7.773,0
0.94447,0.41368,0.027292,1.1814,0.26815,0.0068409,0.25691,0.75402,0.0072414,0.35324,6.600,4.154,6.684,1.441,0.246,1.656,3.290,0.308,0.640,6.684,0
0.10138,0.3376,3.7182e-05,1.0991,0.1925,0.0078108,0.40867,0.19199,0.0087481,0.1015,1.371,2.652,0.984,3.503,1.304,0.546,9.863,0.474,3.793,9.863,0
0.67935,0.39809,0.18519,1.0328,0.328,0.0088587,0.41376,0.56942,0.019008,0.13195,4.993,2.795,5.142,0.487,0.330,1.988,7.530,4.367,0.259,7.530,0
0.86703,0.31174,0.093115,1.0051,0.151,0.0045426,0.49035,0.28851,0.011899,0.28215,4.892,2.700,5.041,0.449,1.606,0.383,3.813,1.636,2.806,5.041,0
0.87915,0.34979,0.10984,1.3775,0.38178,0.002397,0.45718,0.56202,0.010428,0.32083,4.219,2.150,4.403,0.040,1.570,0.662,3.067,1.866,0.081,4.403,0
0.70098,0.12623,0.19886,1.4689,0.36194,0.0089165,0.22532,0.66124,0.028,0.37393,5.679,3.394,5.807,0.905,2.456,1.729,2.739,6.403,0.256,6.403,0
0.75747,0.072472,0.090714,1.4788,0.26739,0.0038685,0.19741,0.23304,0.01633,0.19442,3.855,1.853,4.058,0.200,3.388,3.216,5.733,1.387,3.238,5.733,0
1.0631,0.44515,0.17552,1.4569,0.33126,0.0017498,0.29366,0.73064,0.02152,0.2939,5.048,2.863,5.202,0.528,1.113,0.104,2.490,3.043,0.439,5.202,0
0.20475,0.44088,0.1291,1.2454,0.23805,0.00090702,0.21045,0.30976,0.020323,0.31574,1.104,2.421,0.726,3.333,1.430,0.627,2.263,1.854,2.439,3.333,0
0.22124,0.44986,0.24947,1.334,0.1695,0.0076846,0.20254,0.43099,0.013699,0.19516,0.048,1.416,0.389,2.585,0.096,2.232,5.688,5.654,1.788,5.688,0
0.19798,0.4543,0.24145,1.1643,0.3097,0.0047861,0.14588,0.66528,0.029351,0.32176,0.508,1.909,0.152,2.956,0.240,1.351,2.250,5.824,0.140,5.824,0
0.31455,0.25947,0.052056,1.1436,0.074332,0.011004,0.40032,0.38736,0.013871,0.26498,1.788,0.066,2.061,1.502,1.094,0.743,4.650,1.227,2.571,4.650,0
0.48218,0.34764,0.14966,1.1592,0.29678,0.0098871,0.47706,0.30522,0.0052032,0.35091,3.603,1.615,3.807,0.356,0.241,2.010,3.796,4.482,2.285,4.482,0
0.38935,0.22398,0.14746,1.3511,0.24952,0.0011716,0.34689,0.015744,0.01528,0.1395,0.160,1.316,0.498,2.508,2.747,2.311,6.816,1.708,3.691,6.816,0
0.93034,0.46141,0.088771,1.052,0.35591,0.006056,0.38298,0.79468,0.019222,0.25971,6.277,3.880,6.373,1.273,0.037,1.947,3.564,1.952,0.775,6.373,0
0.24143,0.14949,0.15192,1.2865,0.16482,0.009802,0.15497,0.038824,0.021867,0.21459,0.675,0.878,0.993,2.191,2.319,1.318,5.135,4.088,3.795,5.135,0
0.27092,0.061251,0.021718,1.5036,0.15523,0.0079859,0.14976,0.43484,0.026648,0.25649,0.748,0.804,1.067,2.131,3.282,2.997,4.171,0.167,2.586,4.171,0
1.0787,0.074174,0.24808,1.1863,0.071004,0.0063994,0.37845,0.05963,0.014633,0.28339,7.131,4.610,7.196,1.793,3.255,2.959,4.165,5.649,3.161,7.196,0
0.23271,0.45824,0.034378,1.5164,0.2573,0.0096,0.17018,0.78316,0.0048904,0.28128,0.532,0.992,0.858,2.272,0.577,3.181,4.869,0.587,1.098,4.869,0
0.14506,0.063521,0.18961,1.5984,0.15994,0.0035232,0.19369,0.37839,0.019884,0.36776,1.232,2.523,0.847,3.403,3.427,3.314,2.999,3.802,2.069,3.802,0
0.17748,0.071168,0.12333,1.3636,0.36319,0.0045172,0.44383,0.25255,0.026115,0.3314,0.752,2.113,0.386,3.102,3.306,3.137,3.162,2.760,2.223,3.306,0
0.5216,0.048312,0.069242,1.3268,0.064744,0.010879,0.4986,0.68761,0.027902,0.26225,4.260,2.199,4.447,0.228,3.326,3.046,4.097,1.886,1.823,4.447,0
0.56244,0.41923,0.085392,1.405,0.094214,0.0082265,0.16802,0.2334,0.028861,0.22173,3.860,1.853,4.061,0.203,0.022,2.227,4.219,1.943,3.566,4.219,0
0.73506,0.29826,0.019778,1.2597,0.10428,0.0053808,0.3419,0.018182,0.02331,0.3096,4.368,2.270,4.544,0.093,1.458,0.186,3.051,0.030,5.158,5.158,0
0.33334,0.040481,0.11556,1.38,0.22534,0.011093,0.23252,0.24126,0.0082582,0.29972,2.088,0.336,2.354,1.306,3.419,3.197,4.309,3.425,3.277,4.309,0
0.12361,0.06221,0.031651,1.5808,0.08404,0.00652,0.38425,0.0092372,0.010361,0.35215,1.157,2.458,0.775,3.355,3.334,3.091,3.521,0.365,5.075,5.075,0
0.73331,0.19639,0.16857,1.2534,0.38907,0.0080519,0.20722,0.32641,0.0057459,0.29845,5.435,3.173,5.568,0.737,1.958,0.867,4.351,4.548,2.020,5.568,0
0.7856,0.13657,0.23319,1.4474,0.19663,0.011387,0.35721,0.2756,0.017707,0.208,6.738,4.295,6.825,1.575,2.339,1.287,5.574,6.775,2.593,6.825,0
0.76339,0.04176,0.035591,1.1846,0.19819,0.0056269,0.38453,0.14588,0.020257,0.30217,4.732,2.575,4.892,0.318,3.542,3.468,3.732,0.460,3.945,4.892,0
0.73064,0.27504,0.15843,1.4549,0.35681,0.00023355,0.43185,0.65993,0.02646,0.27713,2.170,0.403,2.432,1.257,2.417,2.089,3.004,2.319,0.660,3.004,0
0.62751,0.11864,0.15714,1.2145,0.32335,0.0041867,0.39594,0.184,0.0069533,0.39653,3.191,1.258,3.409,0.647,2.965,2.611,3.143,3.382,3.262,3.409,0
0.16059,0.26,0.012815,1.4629,0.17121,0.001702,0.20569,0.25386,0.023135,0.10532,1.404,2.668,1.012,3.507,2.542,1.901,7.477,0.295,3.464,7.477,0
1.1584,0.15691,0.22703,1.0147,0.26995,0.0025664,0.14004,0.13917,0.020579,0.26636,5.918,3.522,6.015,0.920,2.870,2.516,3.893,4.199,2.753,6.015,0
0.12075,0.34752,0.11584,1.2738,0.29261,0.010521,0.46612,0.74548,0.0080327,0.16585,0.858,2.203,0.487,3.164,0.492,2.389,7.625,2.777,0.195,7.625,0
0.18929,0.40497,0.21389,1.4636,0.14572,0.0065545,0.10154,0.11373,0.011285,0.12682,0.550,1.923,0.185,2.953,0.920,1.127,8.086,3.620,3.467,8.086,0
0.41353,0.37224,0.070472,1.5497,0.10931,0.0089762,0.4261,0.79557,0.0042789,0.29858,2.459,0.667,2.716,1.001,0.347,2.304,4.414,1.548,2.013,4.414,0
0.62049,0.1309,0.15612,1.0058,0.29053,0.0041961,0.13117,0.29295,0.016791,0.33676,3.144,1.207,3.360,0.693,2.881,2.489,3.273,3.343,2.783,3.360,0
0.18259,0.44897,0.010351,1.1294,0.37918,0.0021105,0.10575,0.34229,0.022917,0.17441,1.087,2.407,0.710,3.322,1.146,0.074,4.516,0.276,3.651,4.516,0
1.0102,0.15665,0.15579,1.0343,0.15962,0.0093883,0.47212,0.53786,0.013765,0.10672,7.339,4.806,7.398,1.987,2.509,1.509,9.197,3.017,1.630,9.197,0
0.58032,0.31567,0.12451,1.2288,0.30204,0.0055634,0.31011,0.34272,0.0049188,0.12033,2.953,1.068,3.185,0.778,1.665,0.264,8.898,1.911,2.140,8.898,0
0.69872,0.038916,0.072039,1.4402,0.16905,0.007212,0.29222,0.75128,0.019899,0.30066,4.791,2.641,4.955,0.366,3.525,3.418,3.783,1.577,1.045,4.955,0
0.12671,0.029974,0.055994,1.197,0.18726,0.004914,0.14521,0.69222,0.021039,0.36308,1.240,2.541,0.859,3.423,3.652,3.658,3.086,0.971,1.142,3.658,0
0.29255,0.25431,0.03958,1.4516,0.16256,0.0097025,0.11324,0.25519,0.004313,0.12655,1.050,0.538,1.360,1.934,1.666,0.072,9.418,0.406,4.242,9.418,0
1.0821,0.14594,0.22362,1.4935,0.15241,0.01107,0.11209,0.64227,0.02879,0.26985,9.137,6.311,9.123,2.981,2.150,1.075,3.916,7.178,1.340,9.137,0
0.6031,0.090174,0.17254,1.1679,0.25533,0.01004,0.15541,0.40786,0.012779,0.19199,4.692,2.541,4.854,0.283,2.954,2.374,6.178,4.519,2.089,6.178,0
0.83792,0.036379,0.081127,1.2505,0.22517,0.010037,0.23907,0.0096997,0.013657,0.23075,6.776,4.311,6.856,1.559,3.505,3.348,5.203,2.032,4.490,6.856,0
0.83198,0.4228,0.21797,1.0663,0.13153,0.0076108,0.1957,0.018744,0.0061856,0.20266,5.645,3.341,5.766,0.853,0.455,1.738,6.183,4.682,3.497,6.183,0
0.20412,0.41251,0.1604,1.1562,0.066464,0.0010373,0.43803,0.089105,0.0080725,0.36318,1.133,2.451,0.756,3.357,1.691,0.836,2.497,2.183,3.974,3.974,0
1.0034,0.048377,0.20254,1.0709,0.35949,0.0033185,0.20759,0.068588,0.022152,0.34199,5.609,3.312,5.732,0.836,3.544,3.518,3.199,4.341,2.756,5.732,0
0.38157,0.18465,0.20327,1.188,0.12995,0.003642,0.32872,0.36298,0.0221,0.35889,0.906,0.691,1.211,2.061,2.540,1.964,2.756,4.130,1.938,4.130,0
0.76988,0.28313,0.11419,1.3773,0.19052,0.0075995,0.15374,0.67612,0.016093,0.37716,5.571,3.295,5.701,0.830,1.141,0.352,2.837,2.977,1.306,5.701,0
0.90227,0.36956,0.082282,1.5897,0.21111,0.0013211,0.18676,0.27807,0.0041248,0.27668,3.514,1.563,3.730,0.411,1.846,0.988,3.842,0.897,3.302,3.842,0
0.96122,0.06774,0.11803,1.5818,0.24226,0.0075024,0.1949,0.25632,0.028348,0.37375,7.222,4.706,7.290,1.850,3.191,2.897,2.782,3.254,2.852,7.290,0
0.60579,0.20523,0.087581,1.0078,0.20427,0.00012444,0.3238,0.56767,0.0073655,0.2462,1.226,0.433,1.514,1.886,2.933,2.703,4.588,0.826,1.181,4.588,0
1.0409,0.046503,0.15524,1.1706,0.3084,0.0048145,0.40454,0.060721,0.0091355,0.17757,6.224,3.846,6.327,1.268,3.559,3.479,6.690,2.830,3.572,6.690,0
0.11228,0.11198,0.052556,1.1218,0.37855,0.003476,0.11227,0.57346,0.029918,0.37749,1.486,2.756,1.097,3.583,3.033,2.782,2.567,0.858,1.654,3.583,0
0.87503,0.26956,0.10538,1.3052,0.21958,0.0040672,0.11492,0.33454,0.016171,0.13792,4.591,2.473,4.763,0.247,2.111,1.101,7.005,1.467,3.228,7.005,0
1.1987,0.25261,0.23864,1.3685,0.28875,0.008483,0.18431,0.78631,0.0092296,0.35691,8.834,5.989,8.812,2.701,1.318,0.134,3.436,6.854,0.392,8.834,0
1.1874,0.19703,0.015377,1.5115,0.17671,0.0059331,0.4841,0.49469,0.019947,0.24559,7.602,4.971,7.638,2.009,2.233,1.279,4.338,0.089,1.236,7.638,0
0.98742,0.22892,0.095827,1.0251,0.37814,0.0033594,0.12028,0.46171,0.014305,0.15611,5.253,3.013,5.391,0.623,2.381,1.702,6.531,1.451,2.099,6.531,0
0.1877,0.17907,0.19956,1.5406,0.30394,0.0039898,0.35992,0.23258,0.029632,0.18329,0.794,2.137,0.421,3.112,2.574,1.957,5.115,3.890,2.446,5.115,0
0.60898,0.30885,0.093795,1.5548,0.085161,0.0050721,0.13421,0.78132,0.017791,0.21781,3.112,1.222,3.344,0.657,1.587,0.204,4.703,1.534,1.763,4.703,0
0.46273,0.090322,0.21126,1.2304,0.34434,0.011367,0.27147,0.17614,0.0083881,0.1107,3.424,1.479,3.640,0.473,2.970,2.324,9.512,4.951,2.942,9.512,0
0.35877,0.4626,0.06446,1.4785,0.27541,0.011729,0.23406,0.62209,0.016853,0.2385,2.550,0.742,2.803,1.003,1.101,3.921,5.096,1.765,0.831,5.096,0
1.1309,0.41622,0.10532,1.0153,0.29221,0.0056645,0.1104,0.30334,0.022595,0.2275,7.414,4.815,7.458,1.871,0.547,1.132,4.064,2.220,3.177,7.458,0
0.82471,0.17119,0.19311,1.4631,0.21926,0.0090462,0.41822,0.090085,0.0085242,0.29471,6.398,4.004,6.498,1.385,2.128,1.030,4.318,5.279,3.380,6.498,0
0.15414,0.32251,0.12616,1.0181,0.087941,0.01111,0.40589,0.79691,0.005913,0.3445,0.283,1.722,0.062,2.825,0.416,1.987,3.963,3.755,2.269,3.963,0
0.51156,0.37242,0.12048,1.0608,0.35328,0.0014958,0.1378,0.11811,0.029677,0.30812,1.396,0.276,1.682,1.762,1.597,0.895,2.341,2.007,3.794,3.794,0
0.71926,0.24206,0.062629,1.19,0.39133,0.00017706,0.36734,0.072172,0.010531,0.31148,2.071,0.301,2.331,1.344,2.622,2.373,3.321,0.625,4.453,4.453,0
0.94648,0.45291,0.12427,1.0185,0.080324,0.0011835,0.42653,0.79563,0.019416,0.28594,3.658,1.650,3.856,0.353,1.456,0.503,2.663,1.616,1.335,3.856,0
0.37353,0.031544,0.1499,1.2601,0.31995,0.0037338,0.42948,0.72002,0.0085999,0.39787,0.901,0.692,1.208,2.043,3.663,3.686,3.198,3.102,0.157,3.686,0
0.69653,0.16953,0.17682,1.336,0.2886,0.011564,0.17592,0.065554,0.010163,0.26593,6.120,3.759,6.228,1.161,1.909,0.628,4.827,5.505,3.428,6.228,0
0.93097,0.24443,0.10885,1.1497,0.14218,0.0022516,0.15062,0.28483,0.0067761,0.11144,3.806,1.792,4.004,0.252,2.652,1.980,8.767,0.967,3.539,8.767,0
0.90376,0.47008,0.05816,1.05,0.24672,0.010678,0.29451,0.73531,0.010543,0.15725,7.259,4.709,7.316,1.843,0.478,3.261,7.914,1.176,0.829,7.914,0
1.1834,0.40236,0.085939,1.357,0.094825,0.0069363,0.25925,0.72439,0.0054118,0.28622,7.768,5.088,7.791,2.053,0.537,1.507,4.340,1.692,2.129,7.791,0
0.68993,0.34481,0.16833,1.2554,0.31981,0.0018502,0.44101,0.13199,0.014591,0.34099,2.669,0.817,2.909,0.959,1.725,0.955,2.646,2.948,3.288,3.288,0
0.41046,0.23702,0.090817,1.0051,0.1546,0.0006967,0.32884,0.30753,0.022538,0.10217,0.112,1.374,0.446,2.560,2.818,2.426,7.662,0.684,2.560,7.662,0
0.80559,0.094601,0.18713,1.3767,0.15895,0.00056763,0.30227,0.14851,0.019075,0.34152,2.611,0.776,2.856,0.990,3.396,3.343,3.134,2.685,3.355,3.396,0
0.10242,0.32506,0.047073,1.3274,0.37833,0.0054844,0.45492,0.067494,0.016262,0.17231,1.470,2.734,1.078,3.561,1.333,0.079,5.896,0.636,4.521,5.896,0
0.57042,0.4422,0.23707,1.2339,0.3184,0.0036689,0.20977,0.12501,0.0092478,0.12181,2.305,0.514,2.561,1.180,1.120,0.384,7.660,3.710,2.670,7.660,0
0.66131,0.079082,0.13408,1.1839,0.27861,0.0022228,0.33407,0.10096,0.020832,0.25508,2.589,0.747,2.831,1.016,3.398,3.302,4.249,2.201,3.735,4.249,0
1.0052,0.46618,0.12419,1.1232,0.30422,0.0023369,0.25402,0.62046,0.022242,0.30843,4.993,2.794,5.142,0.466,0.863,0.283,2.340,2.170,0.175,5.142,0
0.8222,0.22518,0.23178,1.4496,0.19442,0.010331,0.34576,0.61973,0.027542,0.25797,6.930,4.458,7.010,1.691,1.369,0.157,4.055,7.133,0.900,7.133,0
0.33647,0.15839,0.045477,1.2213,0.36437,0.011974,0.46041,0.5328,0.029254,0.23185,2.421,0.622,2.674,1.010,1.925,0.720,4.572,1.255,0.052,4.572,0
1.1902,0.088748,0.14504,1.5648,0.27809,0.0068297,0.18777,0.64423,0.025229,0.20684,8.125,5.403,8.138,2.289,3.083,2.676,5.082,3.361,0.476,8.138,0
0.46242,0.20986,0.18073,1.5936,0.17023,0.011823,0.23815,0.67643,0.026297,0.3316,3.943,1.935,4.145,0.136,1.266,0.308,3.215,6.271,1.153,6.271,0
0.14271,0.29531,0.19761,1.0649,0.081048,0.0083356,0.45531,0.25041,0.0058687,0.13486,0.849,2.203,0.481,3.172,1.542,0.243,8.724,3.595,3.461,8.724,0
0.82837,0.28588,0.017427,1.3542,0.05961,0.010557,0.41116,0.55955,0.027402,0.18442,6.748,4.305,6.835,1.610,0.938,1.120,5.620,0.056,1.857,6.835,0
0.93669,0.47712,0.16935,1.2355,0.15211,0.011003,0.31172,0.78687,0.0093358,0.21371,7.651,5.048,7.695,2.097,0.742,3.776,6.303,4.539,1.564,7.695,0
1.025,0.36795,0.24985,1.1947,0.12829,0.0049399,0.20404,0.42875,0.011628,0.12666,5.774,3.469,5.896,0.960,1.480,0.089,7.785,3.856,2.036,7.785,0
0.63559,0.21954,0.10277,1.0037,0.22288,0.0096906,0.16075,0.16799,0.0069866,0.21335,4.841,2.653,4.992,0.353,1.736,0.324,6.066,2.483,3.972,6.066,0
1.0624,0.40872,0.15072,1.5588,0.085185,0.0019585,0.19396,0.054201,0.0086929,0.16524,4.519,2.427,4.699,0.220,1.757,0.555,5.956,1.640,4.074,5.956,0
1.1267,0.49188,0.16477,1.0787,0.36467,0.011417,0.19477,0.61873,0.025585,0.28155,9.702,6.749,9.653,3.263,1.516,4.159,3.648,5.639,0.089,9.702,0
0.26234,0.4202,0.18271,1.3577,0.19533,0.011704,0.2393,0.34451,0.0089088,0.361,1.315,0.330,1.609,1.794,0.798,3.420,3.722,6.019,2.491,6.019,0
0.31227,0.11026,0.22313,1.5552,0.091958,0.0062555,0.31124,0.45793,0.012643,0.12109,0.597,0.921,0.926,2.209,3.087,2.551,8.433,3.517,2.032,8.433,0
1.1626,0.41558,0.024208,1.0293,0.11258,0.002722,0.17177,0.48146,0.02902,0.38645,5.990,3.579,6.082,0.961,1.102,0.008,1.704,0.057,2.082,6.082,0
0.89163,0.21909,0.11548,1.4552,0.18133,0.0039383,0.35484,0.30293,0.0083478,0.14195,4.529,2.430,4.707,0.221,2.505,1.674,7.600,1.474,2.756,7.600,0
1.0165,0.10807,0.17411,1.2384,0.17256,0.0099299,0.22485,0.76279,0.027621,0.35875,8.409,5.689,8.422,2.545,2.630,1.955,2.924,5.590,0.953,8.422,0
0.51885,0.24073,0.061913,1.1188,0.27925,0.0030374,0.39534,0.46634,0.029486,0.18554,1.876,0.144,2.147,1.447,2.289,1.604,4.834,0.802,0.469,4.834,0
0.13521,0.12313,0.061716,1.0248,0.2309,0.0075306,0.1181,0.51642,0.016258,0.26504,0.894,2.246,0.526,3.208,2.731,2.110,4.354,1.293,2.475,4.354,0
1.1637,0.09118,0.16254,1.1807,0.07178,0.0082154,0.46985,0.29423,0.026941,0.34303,8.551,5.779,8.549,2.591,2.949,2.477,3.067,4.522,2.642,8.551,0
1.1824,0.49904,0.20745,1.3015,0.19786,0.011741,0.49303,0.69262,0.0040761,0.31091,9.578,6.640,9.532,3.204,1.451,5.338,5.010,6.458,1.341,9.578,0
0.8484,0.04942,0.071732,1.3832,0.10372,0.0073113,0.11188,0.0014228,0.024032,0.10044,5.513,3.268,5.652,0.828,3.499,3.314,8.570,0.972,4.674,8.570,0
1.0802,0.14416,0.02959,1.3581,0.35393,0.0076992,0.14468,0.55474,0.018238,0.10636,7.645,5.065,7.696,2.106,2.645,1.862,8.664,0.215,1.328,8.664,0
0.81712,0.44046,0.018819,1.3135,0.11787,0.0058011,0.30063,0.30441,0.02511,0.24402,5.112,2.910,5.261,0.560,0.363,1.555,3.604,0.004,2.838,5.261,0
0.80363,0.41183,0.025691,1.1764,0.090761,0.010323,0.15518,0.60632,0.019128,0.33255,6.672,4.216,6.754,1.486,0.431,2.834,3.262,0.415,2.041,6.754,0
0.28519,0.059053,0.087896,1.4581,0.14988,0.0070234,0.32449,0.074648,0.028059,0.37573,0.785,0.780,1.100,2.118,3.310,3.090,2.781,2.175,4.375,4.375,0
0.33547,0.13429,0.087736,1.5947,0.15727,7.724e-05,0.4662,0.30188,0.027411,0.282,0.431,1.824,0.072,2.881,3.229,3.125,3.409,0.900,2.252,3.409,0
0.55099,0.26605,0.016368,1.5719,0.3498,0.0098578,0.47572,0.28617,0.006532,0.281,4.302,2.236,4.489,0.108,1.059,0.788,4.686,0.057,2.415,4.686,0
0.4423,0.46241,0.030889,1.4979,0.21258,0.00047361,0.46536,0.24258,0.026028,0.28669,0.425,1.086,0.754,2.337,1.428,0.643,2.196,0.048,2.822,2.822,1
0.33678,0.45509,0.09268,1.5231,0.26723,0.005618,0.48582,0.32517,0.025306,0.26012,0.992,0.593,1.303,1.968,0.109,1.994,3.085,1.937,1.778,3.085,0
0.41191,0.28858,0.1428,1.4794,0.27638,0.0047389,0.31672,0.55675,0.018129,0.28498,1.489,0.170,1.780,1.669,1.605,0.463,3.518,3.004,0.578,3.518,0
0.30348,0.22829,0.1826,1.0031,0.37338,0.0037915,0.33909,0.20973,0.018363,0.27946,0.300,1.219,0.625,2.454,2.199,1.498,3.672,3.855,2.716,3.855,0
0.78916,0.23488,0.065748,1.0204,0.082401,0.0055602,0.36407,0.25562,0.021717,0.36273,4.859,2.670,5.010,0.375,1.922,0.939,2.727,1.253,3.197,5.010,0
0.21683,0.33692,0.034213,1.4659,0.19117,0.0020502,0.32899,0.7104,0.01637,0.36592,0.835,2.182,0.464,3.152,1.756,0.907,2.389,0.210,0.786,3.152,0
0.69928,0.36808,0.054712,1.2722,0.30817,0.0005382,0.23339,0.57938,0.016143,0.38198,2.116,0.343,2.376,1.311,1.854,1.313,2.070,0.528,0.448,2.376,1
0.19391,0.41355,0.19911,1.4833,0.11103,0.0015063,0.26592,0.60853,0.0068862,0.36185,1.134,2.441,0.753,3.344,1.524,0.526,2.588,3.017,1.748,3.344,0
0.63033,0.32589,0.20534,1.2941,0.089684,3.7167e-05,0.28174,0.64008,0.013659,0.34949,1.307,0.350,1.597,1.816,2.321,1.865,2.528,2.634,1.525,2.634,1
0.40683,0.22765,0.11964,1.231,0.36616,0.0069313,0.19149,0.25737,0.0080742,0.38617,2.085,0.321,2.348,1.324,1.734,0.634,3.146,3.092,2.831,3.146,0
0.43378,0.31676,0.0071866,1.3958,0.14229,0.0084923,0.26344,0.3176,0.027305,0.22216,2.647,0.823,2.896,0.944,0.842,0.984,4.473,0.262,2.776,4.473,0
0.37429,0.24235,0.12158,1.119,0.14716,0.0002238,0.1761,0.78023,0.021867,0.22494,0.165,1.613,0.179,2.737,2.734,2.412,4.131,1.340,0.948,4.131,0
0.51065,0.13585,0.15957,1.0254,0.19997,0.0053642,0.10413,0.4605,0.023558,0.33102,2.627,0.774,2.866,0.998,2.743,2.233,3.139,3.708,2.403,3.708,0
0.42963,0.24325,0.14408,1.2026,0.19878,0.0052087,0.27276,0.45387,0.024993,0.27238,1.781,0.064,2.056,1.506,1.914,0.917,3.574,3.129,1.120,3.574,0
0.51542,0.46641,0.20228,1.3684,0.10363,0.0025506,0.18201,0.32564,0.0088,0.22096,1.491,0.173,1.780,1.673,1.175,0.270,4.444,2.945,2.908,4.444,0
0.20365,0.46534,0.15757,1.0546,0.28582,0.0045706,0.35627,0.67473,0.025418,0.37899,0.482,1.891,0.128,2.947,0.212,1.351,1.867,3.654,0.008,3.654,0
0.82766,0.24568,0.10434,1.1,0.11453,0.0092854,0.26104,0.76346,0.023922,0.39507,6.649,4.192,6.730,1.469,1.235,0.208,2.572,3.072,1.455,6.730,0
0.72554,0.43588,0.033527,1.2161,0.1762,0.0083205,0.37463,0.36042,0.025251,0.28842,5.439,3.179,5.572,0.758,0.275,2.564,3.213,0.572,2.047,5.572,0
0.20137,0.23871,0.10849,1.2069,0.30377,0.0011674,0.31482,0.73184,0.0094971,0.2257,1.107,2.424,0.729,3.334,2.585,2.148,4.814,1.387,0.026,4.814,0
0.25269,0.23371,0.17529,1.3126,0.11181,0.003266,0.26165,0.77861,0.018649,0.27635,0.355,1.769,0.002,2.848,2.314,1.561,3.660,3.087,1.303,3.660,0
0.77541,0.22962,0.20339,1.3572,0.15564,0.0024956,0.14657,0.76623,0.011542,0.37133,3.392,1.441,3.607,0.509,2.396,1.780,2.857,3.620,1.335,3.620,0
0.89747,0.34781,0.15829,1.5933,0.19313,0.0030311,0.42435,0.37519,0.0070807,0.28723,4.406,2.325,4.589,0.160,1.603,0.462,3.764,2.642,1.969,4.589,0
0.27974,0.40584,0.21655,1.2823,0.14441,0.0075657,0.44101,0.61601,0.025649,0.31141,0.802,0.773,1.114,2.093,0.093,2.205,2.749,5.835,1.158,5.835,0
0.89947,0.42391,0.094287,1.3001,0.15065,0.0067055,0.40837,0.697,0.0067832,0.26539,5.971,3.634,6.085,1.107,0.414,1.805,4.467,1.882,1.567,6.085,0
0.44579,0.26759,0.041661,1.1536,0.37927,0.0058804,0.49154,0.43071,0.020307,0.39215,2.263,0.471,2.518,1.193,1.474,0.277,2.433,0.757,0.390,2.518,1
0.37189,0.49424,0.19218,1.1344,0.38659,0.0068546,0.33642,0.70766,0.0095113,0.2856,1.665,0.042,1.942,1.588,0.389,2.583,3.871,4.910,0.549,4.910,0
0.44871,0.3538,0.15567,1.448,0.26983,0.0095237,0.46048,0.24382,0.028847,0.34384,3.269,1.353,3.493,0.540,0.017,2.170,2.626,4.955,2.510,4.955,0
0.4051,0.4582,0.13194,1.2525,0.19664,0.005493,0.20355,0.32777,0.016112,0.21362,1.528,0.147,1.814,1.658,0.411,1.520,4.616,2.566,2.593,4.616,0
0.43554,0.26375,0.13964,1.1542,0.24053,0.0016899,0.45962,0.64602,0.027273,0.27746,0.800,0.781,1.110,2.107,2.292,1.742,3.139,2.242,0.183,3.139,0
0.76801,0.14058,0.17401,1.0233,0.16988,0.0065586,0.13005,0.66137,0.029624,0.36755,5.235,2.990,5.371,0.602,2.569,1.955,2.676,4.586,1.042,5.371,0
0.75077,0.37941,0.054505,1.299,0.081164,0.005942,0.3358,0.44815,0.0086112,0.36496,4.614,2.477,4.779,0.239,0.773,0.950,3.042,0.921,2.262,4.779,0
0.17522,0.19646,0.088948,1.2602,0.17184,0.0034046,0.39195,0.22885,0.024722,0.39329,0.953,2.291,0.581,3.237,2.446,1.867,2.377,1.600,3.054,3.237,0
0.79876,0.25097,0.13115,1.5857,0.31621,5.7598e-05,0.24246,0.28773,0.016478,0.24106,2.355,0.573,2.615,1.130,2.633,2.332,3.993,1.608,2.350,3.993,0
0.59801,0.22455,0.1894,1.5185,0.3193,0.0059372,0.39151,0.19183,0.010979,0.38217,3.605,1.631,3.814,0.365,1.880,0.867,2.985,4.737,3.083,4.737,0
0.53013,0.22346,0.079743,1.3486,0.32035,0.004132,0.20975,0.4898,0.02352,0.29083,2.434,0.629,2.687,1.095,2.158,1.391,3.344,1.476,0.768,3.344,0
0.3823,0.47,0.18699,1.4682,0.10914,0.0018544,0.48446,0.24309,0.029068,0.23653,0.355,1.145,0.687,2.378,1.122,0.154,2.837,2.866,2.794,2.866,1
0.7547,0.41233,0.18779,1.4299,0.16484,0.0050194,0.41637,0.18291,0.0076468,0.37886,4.353,2.264,4.532,0.103,0.651,1.058,2.784,4.095,3.542,4.532,0
0.73947,0.12071,0.20373,1.4808,0.060091,0.010222,0.34169,0.30865,0.016758,0.36058,6.094,3.745,6.205,1.164,2.506,1.668,3.235,6.234,2.863,6.234,0
0.50041,0.14901,0.20266,1.3103,0.20426,0.00042387,0.48038,0.59768,0.019561,0.22262,0.746,0.817,1.061,2.133,3.154,2.991,4.608,2.669,0.630,4.608,0
0.18952,0.35831,0.12871,1.4207,0.086254,0.0057499,0.14071,0.75217,0.015755,0.27207,0.554,1.937,0.193,2.970,1.029,0.625,3.797,2.602,1.834,3.797,0
0.31203,0.15147,0.14633,1.2176,0.10079,0.0091652,0.48095,0.56853,0.0058494,0.38781,1.431,0.240,1.717,1.647,2.299,1.333,3.416,4.063,2.188,4.063,0
0.25234,0.1504,0.21561,1.0734,0.13508,0.0062295,0.14396,0.4122,0.0087254,0.33403,0.206,1.299,0.535,2.512,2.597,1.912,3.685,5.031,2.509,5.031,0
0.63428,0.18231,0.042125,1.2079,0.32478,0.00011413,0.16583,0.75692,0.01464,0.38172,1.551,0.146,1.830,1.671,2.938,2.792,2.667,0.267,0.225,2.938,1
0.45067,0.3981,0.078734,1.5517,0.18127,0.003966,0.19515,0.66513,0.024185,0.27538,1.586,0.081,1.876,1.601,0.973,0.461,3.030,1.305,0.944,3.030,0
0.78682,0.2125,0.066536,1.1519,0.2677,0.00090681,0.12942,0.39055,0.024918,0.33863,2.810,0.932,3.042,0.884,2.680,2.376,2.660,0.778,2.666,3.042,0
0.52521,0.28096,0.070136,1.353,0.36459,0.0093989,0.38471,0.65324,0.012328,0.31088,3.998,1.966,4.192,0.112,0.905,0.800,3.861,1.868,0.118,4.192,0
0.21563,0.34547,0.1476,1.3452,0.33338,0.0051424,0.25935,0.52876,0.029891,0.34775,0.264,1.691,0.086,2.791,0.942,0.375,2.310,3.597,0.143,3.597,0
0.87841,0.48481,0.1948,1.0333,0.38568,0.0031907,0.49466,0.75326,0.02324,0.35198,4.710,2.546,4.867,0.341,0.384,1.215,1.666,4.192,1.155,4.867,0
0.42432,0.36699,0.083457,1.53,0.18603,0.0056563,0.10482,0.24208,0.0088787,0.26384,1.750,0.058,2.033,1.502,0.985,0.696,4.308,1.501,4.005,4.308,0
0.76911,0.48442,0.067301,1.0435,0.29145,0.0029351,0.22644,0.76269,0.012114,0.23619,3.576,1.581,3.777,0.416,0.783,0.606,3.906,0.900,0.272,3.906,0
0.3162,0.41754,0.09844,1.3226,0.10237,0.0014861,0.13759,0.79454,0.014065,0.33641,0.230,1.663,0.118,2.771,1.506,0.533,2.465,1.272,1.598,2.771,1
0.80395,0.47488,0.13565,1.0847,0.25498,0.0074408,0.43684,0.60797,0.024573,0.226,5.741,3.430,5.861,0.968,0.316,2.816,3.949,3.343,0.474,5.861,0
0.62856,0.40778,0.059126,1.0789,0.13186,0.00093416,0.23097,0.58099,0.026261,0.33636,1.787,0.052,2.056,1.528,1.639,0.898,2.024,0.581,1.063,2.056,1
0.82624,0.26056,0.079405,1.5834,0.26488,0.0015456,0.47366,0.63914,0.021378,0.26062,3.321,1.401,3.545,0.500,2.335,1.768,3.555,0.998,0.172,3.555,0
0.25603,0.22516,0.056726,1.0597,0.1228,0.0056665,0.45328,0.57688,0.029992,0.39849,0.219,1.288,0.548,2.488,1.917,0.993,2.252,1.113,1.139,2.488,1
0.85739,0.24441,0.18161,1.4744,0.14461,0.0052249,0.36921,0.28588,0.024432,0.35635,5.318,3.091,5.462,0.701,1.835,0.808,2.641,4.211,2.495,5.462,0
0.44105,0.36141,0.030423,1.0508,0.057963,0.001614,0.36212,0.43743,0.011846,0.27521,0.669,0.900,0.981,2.218,1.915,1.044,3.520,0.035,2.209,3.520,0
0.81447,0.19627,0.14804,1.3894,0.39843,0.0066434,0.10591,0.62984,0.025905,0.2129,5.665,3.385,5.795,0.903,2.097,1.155,4.735,3.625,0.769,5.795,0
0.38521,0.25389,0.021803,1.5957,0.14138,0.0092726,0.16726,0.58979,0.027764,0.30289,2.380,0.602,2.641,1.102,1.165,0.426,3.310,0.249,1.458,3.310,0
0.43669,0.41011,0.072959,1.2627,0.23241,0.0010993,0.36467,0.35381,0.0080514,0.33597,0.574,0.973,0.893,2.266,1.598,0.783,2.740,0.826,2.130,2.740,1
0.33299,0.28203,0.20289,1.2822,0.21481,0.010062,0.36123,0.60197,0.0065049,0.3793,1.907,0.172,2.178,1.423,0.834,0.959,3.486,6.206,1.316,6.206,0
0.64069,0.24876,0.21023,1.5742,0.25236,0.0003063,0.37574,0.30016,0.011377,0.23192,1.520,0.146,1.810,1.656,2.657,2.292,4.457,2.732,2.173,4.457,0
0.7951,0.38621,0.13743,1.5025,0.26817,0.0067698,0.42452,0.21755,0.028188,0.3073,5.579,3.317,5.714,0.890,0.328,1.542,2.755,3.545,2.814,5.714,0
0.33327,0.25965,0.047099,1.2299,0.34705,0.010205,0.28593,0.68891,0.011733,0.26161,1.948,0.208,2.217,1.402,1.096,0.580,4.736,1.099,0.099,4.736,0
0.863,0.17591,0.073201,1.1005,0.23358,0.0068217,0.45648,0.4322,0.012469,0.31781,5.956,3.609,6.065,1.106,2.288,1.434,3.692,1.584,1.332,6.065,0
0.51719,0.20491,0.10711,1.2892,0.27027,0.0061423,0.30891,0.28399,0.021592,0.26711,2.917,1.042,3.151,0.793,2.094,1.154,3.909,2.404,2.428,3.909,0
0.36005,0.24788,0.16605,1.0132,0.25138,0.0038374,0.177,0.70243,0.0099029,0.3996,0.791,0.800,1.097,2.150,2.050,1.260,2.751,3.451,0.835,3.451,0
0.1702,0.41556,0.18497,1.5818,0.078622,0.0077317,0.16311,0.69621,0.024176,0.35804,0.456,1.847,0.096,2.901,0.070,2.193,2.477,5.029,1.674,5.029,0
0.16827,0.38441,0.19567,1.1724,0.1603,0.004786,0.35452,0.761,0.019065,0.22484,0.885,2.232,0.515,3.193,1.066,0.459,4.282,3.857,0.951,4.282,0
0.83905,0.46783,0.20344,1.4352,0.17146,0.0037749,0.49012,0.48851,0.01607,0.29707,4.428,2.334,4.606,0.195,0.580,1.201,2.779,3.953,1.256,4.606,0
0.63373,0.39964,0.0054868,1.4295,0.056391,0.007267,0.25102,0.30568,0.023892,0.38806,4.283,2.205,4.465,0.047,0.166,1.794,2.237,0.307,3.172,4.465,0
0.36087,0.38918,0.010827,1.1378,0.3724,0.009769,0.21512,0.44972,0.029873,0.33848,2.342,0.538,2.594,1.166,0.365,2.437,2.692,0.072,1.052,2.692,1
0.4144,0.34476,0.091773,1.4594,0.34048,0.00059751,0.20195,0.18473,0.014211,0.26937,0.297,1.199,0.630,2.424,2.019,1.465,3.363,1.119,3.462,3.462,0
0.28856,0.29906,0.18047,1.0951,0.21383,0.0012366,0.31064,0.54294,0.011885,0.35593,0.445,1.858,0.092,2.922,2.182,1.615,2.725,2.841,1.013,2.922,1
0.20073,0.44547,0.16233,1.0393,0.27194,0.01002,0.27,0.62921,0.010404,0.31348,0.247,1.264,0.575,2.487,0.624,3.062,3.967,4.874,0.827,4.874,0
0.78643,0.3265,0.066837,1.4373,0.22476,0.0087184,0.48112,0.61373,0.021296,0.21804,5.993,3.674,6.111,1.177,0.710,1.633,4.742,1.481,0.788,6.111,0
0.31676,0.33815,0.20899,1.5374,0.28858,0.0048883,0.43053,0.48912,0.022578,0.30039,0.645,0.894,0.968,2.190,1.141,0.224,3.019,4.801,0.482,4.801,0
0.67409,0.17045,0.18064,1.5596,0.097452,0.002809,0.24654,0.55318,0.015201,0.3187,2.798,0.947,3.039,0.861,2.770,2.278,3.382,3.090,1.653,3.382,0
0.87735,0.4177,0.093922,1.3755,0.24255,0.0010943,0.15309,0.75446,0.022192,0.34805,3.432,1.478,3.646,0.479,1.462,0.663,1.994,1.292,0.539,3.646,0
0.84862,0.19521,0.097087,1.2656,0.093447,0.0052849,0.11157,0.43014,0.024355,0.33572,5.205,2.982,5.349,0.606,2.270,1.458,2.948,1.999,3.045,5.349,0
0.74828,0.35813,0.097542,1.0015,0.31246,0.0086722,0.15188,0.3861,0.013239,0.31428,5.777,3.446,5.891,0.925,0.359,1.527,3.648,2.643,2.328,5.891,0
0.1782,0.14513,0.057157,1.1764,0.30457,0.0024689,0.38552,0.52495,0.019909,0.31227,1.053,2.380,0.678,3.304,2.926,2.618,3.335,0.753,0.385,3.335,0
0.37463,0.17726,0.019454,1.5418,0.21236,0.0040848,0.43786,0.31934,0.013817,0.35859,0.956,0.629,1.266,2.003,2.532,1.909,3.066,0.013,2.389,3.066,0
0.17958,0.39126,0.10351,1.1922,0.37983,0.0069789,0.14603,0.48505,0.010386,0.39776,0.397,1.814,0.045,2.887,0.258,1.503,2.740,2.681,1.457,2.887,1
0.24641,0.31306,0.17993,1.3525,0.31986,0.0023638,0.1276,0.56082,0.019977,0.36203,0.496,1.892,0.139,2.940,1.781,1.004,2.384,3.439,0.848,3.439,0
0.21314,0.25063,0.1945,1.5266,0.38561,0.0034687,0.37557,0.24535,0.02314,0.2704,0.595,1.968,0.231,2.991,2.035,1.252,3.507,4.038,2.168,4.038,0
0.1946,0.17862,0.12275,1.4089,0.21159,0.0017817,0.36983,0.18816,0.027693,0.26445,1.051,2.369,0.673,3.290,2.803,2.436,3.566,1.869,3.257,3.566,0
0.8283,0.17313,0.040368,1.3963,0.21911,0.0031714,0.29318,0.79549,0.02223,0.247,4.104,2.057,4.294,0.055,2.706,2.198,4.113,0.371,0.372,4.294,0
0.18453,0.49166,0.13604,1.421,0.2048,0.0022181,0.30912,0.55566,0.0093662,0.28829,1.088,2.402,0.709,3.315,0.895,0.448,3.092,2.084,1.184,3.315,0
0.60018,0.14529,0.020457,1.1332,0.3311,0.0067642,0.15036,0.67739,0.01883,0.26314,3.875,1.841,4.067,0.225,2.557,1.878,4.212,0.109,0.576,4.212,0
0.50259,0.12144,0.14767,1.1683,0.30498,0.0067241,0.25963,0.41247,0.012294,0.39323,3.002,1.100,3.228,0.759,2.739,2.196,3.019,3.858,1.376,3.858,0
0.48708,0.39484,0.082686,1.0767,0.30246,0.0070973,0.40926,0.59801,0.013009,0.38948,2.958,1.059,3.184,0.775,0.249,1.667,2.628,2.038,0.453,3.184,0
0.34036,0.23669,0.076526,1.2248,0.10529,0.0047354,0.32645,0.42683,0.01588,0.38812,0.790,0.789,1.101,2.132,2.016,1.097,2.666,1.409,1.987,2.666,1
0.86525,0.43807,0.18235,1.3928,0.055124,0.00726,0.4584,0.74204,0.022171,0.28241,6.032,3.698,6.147,1.185,0.002,2.692,3.070,4.446,1.866,6.147,0
0.36991,0.27766,0.1968,1.0164,0.31738,0.0028487,0.15247,0.75556,0.016086,0.36622,0.653,0.918,0.965,2.234,1.969,1.246,2.635,3.948,0.177,3.948,0
0.61598,0.42196,0.020694,1.2322,0.3861,0.0053759,0.28111,0.45685,0.010783,0.21868,3.470,1.504,3.680,0.465,0.588,1.110,4.897,0.034,0.876,4.897,0
0.8935,0.32464,0.16528,1.519,0.2922,0.0088052,0.42868,0.67786,0.012865,0.32445,7.032,4.548,7.107,1.792,0.574,1.535,3.495,4.726,0.264,7.107,0
0.76203,0.2024,0.18654,1.2344,0.39381,0.0088163,0.42647,0.26698,0.021701,0.31458,6.105,3.744,6.212,1.194,1.716,0.558,3.412,5.706,1.977,6.212,0
0.3581,0.26037,0.18111,1.1505,0.29207,0.0014022,0.37709,0.43622,0.010922,0.27786,0.109,1.377,0.443,2.565,2.392,1.883,3.783,2.852,0.861,3.783,0
0.68387,0.47444,0.0035537,1.444,0.15933,0.0056139,0.11051,0.5302,0.014023,0.38023,4.091,2.041,4.280,0.072,0.012,1.975,2.390,0.378,3.190,4.280,0
0.54631,0.39528,0.085712,1.4598,0.36384,0.007771,0.32419,0.29639,0.011585,0.21531,3.621,1.651,3.832,0.349,0.311,1.741,5.349,1.892,2.231,5.349,0
0.22212,0.37643,0.017268,1.4227,0.26236,0.0029964,0.17981,0.38349,0.018915,0.23891,0.642,2.012,0.277,3.025,1.381,0.225,3.784,0.118,2.446,3.784,0
0.89106,0.14431,0.11435,1.0449,0.18802,0.0070245,0.3997,0.48174,0.025134,0.23056,6.202,3.818,6.302,1.237,2.584,1.879,4.543,2.630,1.096,6.302,0
0.89484,0.46252,0.018837,1.1764,0.27124,0.0020633,0.18894,0.1907,0.021933,0.23308,4.015,1.967,4.203,0.128,1.072,0.065,3.334,0.110,3.811,4.203,0
0.64736,0.12109,0.0029817,1.1601,0.318,0.0022935,0.36367,0.36587,0.013888,0.35523,2.585,0.738,2.825,1.027,3.097,2.878,3.157,0.412,1.709,3.157,0
0.35203,0.17447,0.078289,1.4098,0.22165,0.0060999,0.3355,0.74475,0.02817,0.25632,1.257,0.372,1.555,1.817,2.352,1.549,3.888,1.622,0.371,3.888,0
0.31946,0.2259,0.047457,1.0387,0.16157,0.0010003,0.18485,0.28177,0.021606,0.34873,0.275,1.713,0.071,2.816,2.631,2.270,2.639,0.384,3.248,3.248,0
0.472,0.44824,0.20497,1.2243,0.18993,0.0036029,0.37295,0.40682,0.019922,0.22049,1.606,0.083,1.888,1.610,0.873,0.633,3.957,3.725,1.349,3.957,0
0.28513,0.49032,0.17977,1.4912,0.38594,0.0064843,0.17435,0.33169,0.0055367,0.33883,0.656,0.889,0.977,2.198,0.376,2.498,3.393,4.528,2.050,4.528,0
0.35034,0.23315,0.086984,1.5447,0.18751,0.0086674,0.26326,0.70067,0.018785,0.34774,1.838,0.132,2.117,1.449,1.453,0.054,3.125,2.308,1.080,3.125,0
0.8342,0.19941,0.14683,1.1796,0.2229,0.0085822,0.32563,0.46806,0.010624,0.25384,6.265,3.874,6.364,1.248,1.951,0.761,4.842,3.735,1.419,6.364,0
0.22605,0.36581,0.058319,1.121,0.15184,0.0084608,0.11913,0.32904,0.026281,0.24224,0.309,1.203,0.637,2.436,0.410,1.561,4.070,1.274,3.453,4.070,0
0.19987,0.16793,0.1616,1.1846,0.33177,0.0043532,0.27506,0.19437,0.027222,0.39853,0.542,1.938,0.185,2.978,2.510,1.975,2.378,3.797,2.934,3.797,0
0.29935,0.24841,0.1049,1.4841,0.1004,0.0057796,0.25391,0.28434,0.02219,0.37137,0.636,0.907,0.957,2.211,1.730,0.603,2.608,2.326,2.981,2.981,1
0.65304,0.23527,0.21274,1.2716,0.050601,0.0062686,0.4929,0.77989,0.010351,0.35873,3.959,1.922,4.150,0.050,1.873,0.562,3.184,4.937,2.227,4.937,0
0.74038,0.46952,0.17309,1.0441,0.30681,0.0013385,0.42024,0.54868,0.017734,0.29055,2.724,0.852,2.957,0.944,1.164,0.243,2.606,2.821,0.240,2.957,1
0.2043,0.44435,0.15144,1.0364,0.20002,0.0074507,0.23924,0.37954,0.012699,0.38321,0.074,1.541,0.265,2.691,0.161,2.216,2.731,4.019,2.148,4.019,0
0.37323,0.27222,0.19351,1.1775,0.35234,0.0090046,0.13523,0.51613,0.028834,0.33516,2.297,0.502,2.552,1.190,0.943,0.565,2.876,6.137,0.665,6.137,0
0.24585,0.18425,0.053939,1.2091,0.34009,0.0022872,0.12304,0.59555,0.0054655,0.24339,0.567,1.957,0.208,2.990,2.751,2.320,4.948,0.569,1.805,4.948,0
0.63793,0.12298,0.055846,1.3355,0.13103,0.0088367,0.27964,0.77458,0.011169,0.35538,4.758,2.602,4.919,0.331,2.604,1.858,3.462,1.274,1.662,4.919,0
0.66224,0.13247,0.087405,1.3015,0.35794,0.0096361,0.2332,0.56144,0.029878,0.28271,5.486,3.223,5.619,0.781,2.378,1.560,3.653,2.596,0.145,5.619,0
0.74759,0.33581,0.16059,1.4035,0.19358,0.0086157,0.28264,0.28568,0.0090791,0.26108,5.549,3.281,5.682,0.823,0.713,1.251,4.759,4.055,2.849,5.682,0
0.4775,0.41972,0.12063,1.2668,0.076156,0.0072385,0.2957,0.77637,0.013429,0.28401,2.703,0.856,2.945,0.926,0.280,1.833,3.842,2.715,1.975,3.842,0
0.46459,0.28666,0.18132,1.165,0.19416,0.0015505,0.10477,0.43562,0.015542,0.33152,0.934,0.667,1.238,2.044,2.202,1.597,2.860,2.917,2.526,2.917,1
0.24408,0.38466,0.084718,1.1109,0.14937,4.9699e-05,0.17575,0.43942,0.028752,0.35036,0.994,2.331,0.622,3.269,1.953,1.468,1.849,0.924,1.950,3.269,0
0.88377,0.42555,0.065298,1.1152,0.1278,0.0018397,0.29963,0.32218,0.019784,0.21315,3.625,1.632,3.827,0.372,1.501,0.430,3.954,0.640,2.651,3.954,0
0.77119,0.15648,0.19062,1.2215,0.26335,0.0085696,0.49518,0.26941,0.026447,0.32564,6.038,3.698,6.148,1.190,2.224,1.319,3.179,5.688,2.240,6.148,0
0.58114,0.22796,0.20324,1.5456,0.19919,0.008058,0.47582,0.3407,0.01814,0.22678,3.974,1.958,4.173,0.092,1.728,0.323,4.882,5.059,1.955,5.059,0
0.46019,0.45604,0.14518,1.159,0.34953,0.0022668,0.42399,0.38393,0.023259,0.29917,1.234,0.410,1.527,1.853,0.914,0.187,2.415,2.641,0.816,2.641,1
0.46206,0.34553,0.13335,1.319,0.085839,0.0079337,0.11569,0.42055,0.0092564,0.21886,2.636,0.805,2.882,0.963,0.915,1.050,5.577,2.839,3.243,5.577,0
0.86096,0.24245,0.17443,1.1197,0.27811,0.0070416,0.42703,0.72257,0.0074078,0.37517,6.073,3.705,6.177,1.160,1.637,0.442,3.274,4.549,0.325,6.177,0
0.16989,0.43989,0.048535,1.2205,0.082229,0.0062821,0.35905,0.4229,0.020085,0.35898,0.644,2.025,0.283,3.041,0.145,1.810,2.458,0.856,2.012,3.041,0
0.76177,0.37317,0.0032382,1.3038,0.13261,0.0068685,0.16483,0.54072,0.0092701,0.39722,5.130,2.915,5.276,0.552,0.561,1.241,2.826,0.381,2.371,5.276,0
0.30649,0.31536,0.20385,1.5783,0.10769,4.1425e-05,0.209,0.29926,0.026673,0.32126,0.632,2.000,0.267,3.014,2.322,1.883,2.362,2.717,2.500,3.014,0
0.61731,0.45316,0.16141,1.0245,0.33361,0.0034334,0.48543,0.63661,0.01166,0.24254,2.762,0.885,2.994,0.897,0.809,0.754,3.851,3.013,0.059,3.851,0
0.22667,0.48042,0.13213,1.1343,0.13018,0.0036667,0.16635,0.74129,0.027618,0.25844,0.483,1.887,0.128,2.939,0.571,1.002,2.877,2.396,1.086,2.939,1
0.67666,0.4103,0.15177,1.0626,0.1192,0.0093795,0.30576,0.79367,0.016706,0.28042,5.227,2.986,5.364,0.603,0.103,2.405,4.001,4.170,1.586,5.364,0
0.3323,0.4815,0.11299,1.3906,0.16775,0.0026678,0.20702,0.66583,0.016211,0.29744,0.197,1.289,0.532,2.493,0.800,0.608,2.702,1.783,1.160,2.702,1
0.22468,0.18561,0.035162,1.4994,0.24335,0.00503,0.37842,0.77261,0.013112,0.22682,0.307,1.717,0.048,2.804,2.453,1.670,5.001,0.327,0.409,5.001,0
0.43713,0.43889,0.08332,1.0993,0.21974,0.00095268,0.43419,0.41654,0.01279,0.35819,0.551,1.001,0.868,2.290,1.457,0.656,2.219,1.029,1.376,2.290,1
0.17369,0.28772,0.010583,1.441,0.28222,0.0010628,0.17555,0.49318,0.014246,0.2917,1.310,2.595,0.924,3.458,2.261,1.723,3.305,0.283,1.710,3.458,0
0.55204,0.18888,0.17797,1.3979,0.11477,0.010153,0.43714,0.25687,0.019841,0.22993,4.276,2.207,4.461,0.071,1.884,0.560,4.923,4.897,2.989,4.923,0
0.18224,0.41479,0.2051,1.3338,0.20899,0.0099893,0.49647,0.27641,0.009982,0.27083,0.047,1.502,0.296,2.635,0.286,3.103,4.602,5.811,2.680,5.811,0
0.73452,0.47847,0.089739,1.2791,0.22588,0.0035563,0.12455,0.33052,0.019999,0.28018,3.649,1.659,3.853,0.350,0.548,0.993,2.870,1.514,3.111,3.853,0
0.64588,0.23251,0.16954,1.3601,0.069361,0.0027527,0.34553,0.5004,0.020091,0.2864,2.570,0.741,2.816,1.014,2.395,1.705,3.435,2.807,1.649,3.435,0
0.39622,0.30358,0.020022,1.4716,0.23849,0.00022991,0.35604,0.4814,0.019513,0.36228,0.055,1.410,0.396,2.581,2.291,1.885,2.277,0.131,0.791,2.581,1
0.26721,0.28119,0.16785,1.2803,0.066541,0.0042226,0.44397,0.40722,0.015087,0.318,0.045,1.504,0.297,2.652,1.838,0.767,3.237,3.221,2.045,3.237,0
0.85334,0.42723,0.024269,1.457,0.39769,0.0035904,0.41708,0.51928,0.027419,0.25736,4.708,2.575,4.876,0.342,0.729,0.634,2.981,0.105,0.224,4.876,0
0.43194,0.17965,0.17495,1.0391,0.34905,0.0073765,0.37339,0.20996,0.010605,0.23009,2.367,0.555,2.617,1.155,2.252,1.332,5.240,4.305,2.912,5.240,0
0.30694,0.22536,0.060458,1.2471,0.21648,0.0045328,0.25955,0.33351,0.017004,0.2823,0.430,1.095,0.754,2.355,2.164,1.311,3.744,0.955,2.461,3.744,0
0.27947,0.46852,0.071615,1.3619,0.25987,0.009612,0.2374,0.4505,0.016328,0.27141,1.164,0.456,1.464,1.882,0.776,3.325,4.125,1.837,1.496,4.125,0
0.37765,0.25855,0.12813,1.5812,0.25542,0.0024294,0.13864,0.26305,0.0065365,0.24903,0.471,1.040,0.801,2.304,2.284,1.549,4.586,1.900,3.287,4.586,0
0.86386,0.39008,0.017148,1.4853,0.2203,0.0041802,0.36435,0.71158,0.011273,0.21307,4.688,2.561,4.858,0.316,1.169,0.329,4.891,0.120,0.789,4.891,0
0.83152,0.45503,0.1776,1.0761,0.092824,0.0046998,0.24836,0.29119,0.015368,0.21541,4.583,2.444,4.747,0.212,0.722,1.065,4.542,3.216,2.973,4.747,0
0.78156,0.42963,0.070597,1.0632,0.37874,0.0038613,0.32208,0.33651,0.0090264,0.32973,4.226,2.133,4.402,0.018,0.743,0.614,3.029,1.228,1.846,4.402,0
0.35454,0.18158,0.15057,1.1557,0.2733,0.0020727,0.23496,0.26053,0.029684,0.29469,0.309,1.204,0.636,2.437,2.723,2.353,3.128,2.656,2.489,3.128,0
0.36575,0.26418,0.0026131,1.2193,0.1626,0.0011444,0.3669,0.25357,0.0059058,0.22418,0.011,1.476,0.329,2.634,2.535,1.989,5.013,0.433,3.380,5.013,0
0.45714,0.12438,0.071753,1.2244,0.35904,0.0046398,0.31016,0.60688,0.023002,0.32542,1.975,0.230,2.243,1.387,2.867,2.466,3.207,1.413,0.118,3.207,0
0.67565,0.24344,0.13629,1.5494,0.11993,0.0046268,0.17144,0.44736,0.020175,0.24897,3.540,1.586,3.755,0.394,2.057,1.049,4.086,2.542,2.105,4.086,0
0.63447,0.32441,0.20866,1.3663,0.38446,0.0035103,0.14287,0.18682,0.016659,0.2805,3.012,1.119,3.242,0.741,1.527,0.505,3.444,4.324,2.724,4.324,0
0.38016,0.40223,0.013092,1.1936,0.23092,0.0079098,0.28393,0.77809,0.01004,0.35738,1.981,0.230,2.247,1.390,0.108,1.916,3.215,0.072,0.808,3.215,0
0.34861,0.41918,0.049795,1.0987,0.23644,0.0031905,0.16298,0.22298,0.025844,0.33784,0.547,1.003,0.864,2.293,0.945,0.263,2.178,0.672,3.573,3.573,0
0.77158,0.49081,0.15472,1.3704,0.13607,0.0068586,0.40856,0.20426,0.024276,0.37763,5.333,3.096,5.473,0.714,0.529,2.851,1.958,4.029,3.272,5.473,0
0.79963,0.33998,0.20788,1.5202,0.31896,0.010111,0.45306,0.63537,0.013301,0.36511,6.775,4.332,6.860,1.639,0.104,2.450,3.049,6.679,0.171,6.860,0
0.73145,0.31792,0.21636,1.2714,0.31228,0.0094509,0.33081,0.32724,0.0089795,0.3561,5.901,3.567,6.015,1.025,0.542,1.322,3.503,6.572,1.920,6.572,0
0.71612,0.36192,0.059647,1.5487,0.25923,0.0095999,0.45539,0.5182,0.0091951,0.25837,5.667,3.393,5.799,0.955,0.247,2.304,4.832,1.352,1.129,5.799,0
0.58014,0.47368,0.0017934,1.0354,0.25073,2.7851e-05,0.18906,0.39572,0.01904,0.32901,1.166,0.484,1.457,1.923,1.510,0.916,2.000,0.446,2.372,2.372,1
0.7829,0.28963,0.029402,1.3796,0.25635,0.0050158,0.38635,0.58051,0.0092181,0.31611,4.613,2.484,4.781,0.256,1.586,0.394,3.580,0.252,0.893,4.781,0
0.68087,0.31167,0.080497,1.4074,0.35685,0.0011171,0.41534,0.51278,0.017273,0.23092,2.243,0.466,2.503,1.213,2.116,1.532,4.010,0.978,0.131,4.010,0
0.32786,0.37249,0.055527,1.2451,0.26834,0.0073214,0.11532,0.64166,0.014302,0.31853,1.288,0.359,1.581,1.817,0.463,1.360,3.370,1.163,1.811,3.370,0
0.24532,0.33983,0.0021849,1.2783,0.36354,0.0059791,0.2685,0.50906,0.022513,0.25495,0.152,1.332,0.487,2.527,0.961,0.505,3.769,0.415,0.350,3.769,0
0.67818,0.49199,0.031059,1.1045,0.29404,0.00035227,0.4621,0.70474,0.025713,0.39262,1.931,0.175,2.195,1.432,1.210,0.533,1.271,0.097,0.311,2.195,1
0.32297,0.17774,0.087208,1.4458,0.075786,0.0094679,0.16951,0.45962,0.012556,0.3286,1.610,0.070,1.896,1.599,2.007,0.822,3.689,2.253,2.684,3.689,0
0.21834,0.16367,0.16591,1.2644,0.091226,0.0094057,0.33217,0.25185,0.018092,0.33468,0.364,1.152,0.691,2.397,2.131,1.085,3.393,4.793,3.171,4.793,0
0.4864,0.45463,0.16103,1.1792,0.12077,0.003712,0.24939,0.28231,0.02262,0.353,1.832,0.104,2.104,1.480,0.637,0.846,2.104,3.192,2.786,3.192,0
0.47332,0.37562,0.011726,1.1388,0.26092,0.0099056,0.38434,0.60523,0.020265,0.25334,3.509,1.540,3.717,0.418,0.025,2.314,4.286,0.084,0.690,4.286,0
0.4517,0.18114,0.04554,1.1571,0.3479,0.0021949,0.24564,0.57194,0.016641,0.21951,1.072,0.546,1.373,1.953,2.763,2.367,4.796,0.422,0.293,4.796,0
0.62704,0.25077,0.085632,1.3404,0.3815,0.0054071,0.16158,0.19607,0.010127,0.28956,3.636,1.650,3.841,0.358,1.799,0.749,3.976,1.751,3.498,3.976,0
0.22778,0.45355,0.11229,1.5468,0.10489,0.0084778,0.19344,0.44695,0.017015,0.33573,0.321,1.175,0.654,2.405,0.462,2.867,3.056,2.935,2.259,3.056,0
0.18129,0.26953,0.17135,1.0152,0.30533,0.0059744,0.22666,0.63013,0.02901,0.29514,0.512,1.917,0.158,2.966,1.518,0.390,3.133,4.322,0.131,4.322,0
0.60483,0.46492,0.042629,1.5528,0.2437,0.0088769,0.46095,0.30473,0.028121,0.33451,4.677,2.552,4.847,0.338,0.894,3.588,2.384,0.971,2.145,4.847,0
0.87489,0.1791,0.052391,1.5574,0.35949,0.0079161,0.31832,0.69922,0.017311,0.37087,6.716,4.277,6.804,1.547,2.025,1.042,2.984,1.223,0.273,6.804,0
0.19834,0.44629,0.11384,1.4917,0.15126,0.0076975,0.11634,0.19687,0.0051481,0.23944,0.218,1.641,0.134,2.749,0.102,2.271,5.352,2.396,4.053,5.352,0
0.57082,0.40055,0.18012,1.3381,0.12912,0.0026934,0.42882,0.29985,0.0052954,0.27026,1.985,0.237,2.252,1.384,1.445,0.197,3.991,2.806,2.843,3.991,0
0.60351,0.36542,0.11663,1.521,0.090275,0.0063259,0.22815,0.38191,0.014578,0.35342,3.633,1.656,3.842,0.349,0.738,1.009,2.889,2.615,2.588,3.842,0
0.24668,0.31518,0.20238,1.018,0.066934,0.0090166,0.43382,0.76865,0.028075,0.25017,0.643,0.922,0.957,2.207,0.787,1.274,3.929,5.544,1.701,5.544,0
0.31272,0.4525,0.03722,1.2343,0.25674,0.00066837,0.23777,0.49465,0.016599,0.22956,0.427,1.834,0.072,2.897,1.533,0.731,3.498,0.136,1.104,3.498,0
0.66484,0.22321,0.19011,1.5849,0.39787,0.0058752,0.20266,0.6431,0.026173,0.27171,4.219,2.165,4.408,0.025,1.885,0.896,3.600,4.783,0.390,4.783,0
0.54815,0.1424,0.010443,1.5559,0.26378,0.0071207,0.46516,0.32999,0.010431,0.29606,3.455,1.513,3.674,0.429,2.558,1.808,4.117,0.181,2.216,4.117,0
0.16708,0.34444,0.011447,1.0953,0.23321,0.0037963,0.21872,0.73253,0.0061138,0.31187,1.003,2.339,0.631,3.276,1.468,0.301,3.607,0.220,1.022,3.607,0
0.27447,0.22097,0.13051,1.1285,0.22095,0.0020248,0.47763,0.37042,0.019344,0.3633,0.360,1.784,0.010,2.861,2.489,2.009,2.643,2.192,1.525,2.861,1
0.22542,0.2228,0.028048,1.3217,0.31479,0.0029524,0.22831,0.30099,0.029328,0.38372,0.546,1.937,0.187,2.974,2.267,1.684,2.242,0.194,2.461,2.974,1
0.50088,0.42053,0.11678,1.1778,0.39204,0.001363,0.43751,0.36353,0.012723,0.36163,1.252,0.395,1.545,1.842,1.337,0.543,2.273,1.889,1.105,2.273,1
0.32231,0.49651,0.040131,1.2648,0.36565,0.00021357,0.14992,0.45309,0.013696,0.32672,0.408,1.819,0.055,2.888,1.256,0.589,2.131,0.233,1.947,2.888,1
0.25778,0.15483,0.076977,1.3495,0.18361,0.00080862,0.1518,0.48825,0.022886,0.27389,0.774,2.131,0.406,3.115,3.061,2.853,3.625,0.832,1.938,3.625,0
0.78858,0.47321,0.068989,1.4066,0.33811,0.0043206,0.46631,0.77054,0.015698,0.23067,4.398,2.309,4.577,0.165,0.388,1.614,3.764,1.111,0.606,4.577,0
0.2216,0.30853,0.15015,1.3406,0.3946,0.0062343,0.13154,0.61412,0.011038,0.34106,0.051,1.507,0.292,2.656,1.128,0.251,3.262,3.775,0.513,3.775,0
0.43919,0.24388,0.089182,1.1651,0.12886,0.0090653,0.10502,0.60238,0.0061632,0.24566,2.735,0.876,2.973,0.920,1.569,0.034,5.345,2.015,2.936,5.345,0
0.72694,0.34703,0.2191,1.5439,0.19176,0.0077158,0.33105,0.41786,0.026902,0.26859,5.250,3.041,5.399,0.659,0.586,1.255,3.535,5.855,1.176,5.855,0
0.3566,0.43678,0.079817,1.4566,0.086704,0.0047068,0.49493,0.3643,0.028097,0.30481,0.933,0.650,1.243,2.009,0.506,1.361,2.387,1.451,1.980,2.387,1
0.63082,0.1757,0.10542,1.5033,0.23787,0.0028338,0.14628,0.57156,0.016175,0.35181,2.645,0.811,2.890,0.963,2.677,2.203,2.989,1.800,1.303,2.989,1
0.32524,0.45648,0.048339,1.5416,0.31321,0.0073638,0.46328,0.6518,0.025542,0.28967,1.305,0.324,1.604,1.715,0.433,3.062,2.718,0.993,0.074,3.062,0
0.72026,0.3803,0.014593,1.0591,0.22831,0.0019618,0.40656,0.25785,0.029841,0.32689,2.913,1.015,3.139,0.825,1.490,0.637,2.179,0.172,2.694,3.139,0
0.60707,0.18513,0.094138,1.1308,0.26589,0.0097321,0.27063,0.3721,0.013946,0.36741,4.879,2.691,5.030,0.386,1.832,0.675,3.229,2.772,1.987,5.030,0
0.80358,0.35687,0.21247,1.0052,0.25198,0.0094808,0.10212,0.44483,0.018693,0.35371,6.547,4.099,6.630,1.395,0.154,1.807,3.011,6.594,2.118,6.630,0
0.18142,0.47768,0.1364,1.3415,0.17306,0.0084654,0.41744,0.36495,0.012095,0.32669,0.236,1.667,0.113,2.774,0.612,3.264,3.326,3.629,2.151,3.629,0
0.71675,0.25191,0.12374,1.4639,0.08392,0.0042049,0.2614,0.5072,0.020212,0.259,3.655,1.678,3.864,0.329,2.065,1.085,3.874,2.176,1.658,3.874,0
0.41863,0.4646,0.21329,1.3851,0.23711,0.0058299,0.41359,0.65652,0.024579,0.22973,1.824,0.115,2.102,1.437,0.109,2.037,3.689,4.866,0.405,4.866,0
0.67479,0.46156,0.032503,1.1027,0.24987,0.0023126,0.27832,0.67396,0.010959,0.35579,2.711,0.842,2.945,0.954,0.959,0.206,2.406,0.198,0.690,2.945,1
0.8077,0.23156,0.094335,1.5868,0.19933,2.2069e-05,0.48333,0.71651,0.019519,0.22757,2.269,0.500,2.532,1.165,2.786,2.494,4.178,0.910,0.429,4.178,0
0.61932,0.23133,0.13282,1.4755,0.17712,0.0082733,0.46697,0.67633,0.023096,0.38679,4.572,2.458,4.745,0.300,1.479,0.016,2.571,3.793,0.942,4.745,0
0.46139,0.42885,0.082568,1.3921,0.3376,0.010124,0.33737,0.31359,0.015996,0.30353,3.494,1.539,3.708,0.427,0.651,3.136,3.722,2.382,2.072,3.722,0
0.53423,0.35872,0.11336,1.1964,0.19693,0.0078918,0.3885,0.29774,0.020379,0.24988,3.543,1.568,3.751,0.415,0.579,1.328,4.161,2.768,2.476,4.161,0
0.78406,0.441,0.023837,1.1605,0.35574,0.0064448,0.28493,0.23722,0.023878,0.31289,5.397,3.137,5.530,0.714,0.031,1.872,2.754,0.233,2.895,5.530,0
0.48971,0.2692,0.20155,1.2141,0.071325,0.00029678,0.1982,0.57535,0.019713,0.35712,0.624,0.931,0.941,2.235,2.539,2.156,2.450,2.728,1.516,2.728,1
0.24312,0.35978,0.15307,1.3664,0.17407,0.0046112,0.25772,0.6712,0.0076922,0.36517,0.173,1.612,0.173,2.734,1.140,0.265,2.978,3.144,1.368,3.144,0
0.26205,0.19811,0.17343,1.3558,0.21979,0.0091967,0.1892,0.66345,0.020975,0.32206,0.909,0.677,1.218,2.045,1.755,0.530,3.382,5.156,0.941,5.156,0
0.78827,0.16136,0.09926,1.1218,0.35248,0.0068312,0.11554,0.41316,0.022537,0.25064,5.499,3.223,5.628,0.775,2.398,1.637,4.244,2.368,2.367,5.628,0
0.30301,0.4641,0.097674,1.5881,0.21764,0.0026006,0.16078,0.64239,0.019128,0.21432,0.083,1.518,0.266,2.654,0.980,0.408,3.861,1.357,0.959,3.861,0
0.51274,0.13023,0.18533,1.1713,0.058299,0.0025421,0.42747,0.78024,0.024774,0.22294,1.533,0.148,1.817,1.653,3.100,2.790,4.549,2.871,1.456,4.549,0
0.29414,0.35735,0.14046,1.0645,0.35428,6.9819e-05,0.43099,0.72052,0.021094,0.34432,0.615,2.006,0.257,3.031,2.016,1.632,2.206,2.031,0.747,3.031,0
0.30573,0.34347,0.030315,1.197,0.053702,0.0066978,0.30043,0.73124,0.028656,0.38375,0.923,0.675,1.229,2.049,0.763,0.833,2.199,0.414,1.636,2.199,1
0.45048,0.45093,0.045044,1.5307,0.39261,0.0053673,0.18011,0.29411,0.005338,0.33865,2.065,0.325,2.336,1.310,0.185,1.619,3.293,0.711,2.857,3.293,0
0.41027,0.19394,0.15924,1.486,0.050114,0.0045305,0.2568,0.78394,0.0098372,0.32628,1.291,0.342,1.589,1.796,2.439,1.652,3.570,3.022,2.165,3.570,0
0.72398,0.25736,0.032827,1.5969,0.33484,0.0017698,0.1473,0.37384,0.010691,0.34131,2.844,0.988,3.085,0.831,2.272,1.699,3.036,0.180,2.715,3.085,0
0.57646,0.2611,0.054842,1.498,0.32449,0.008707,0.1167,0.76169,0.0112,0.31839,4.270,2.198,4.454,0.042,1.205,0.338,3.775,1.270,0.980,4.454,0
0.33424,0.35014,0.029818,1.0319,0.22625,0.0015644,0.43654,0.37114,0.0153,0.3113,0.026,1.499,0.311,2.658,1.840,1.100,2.905,0.089,1.805,2.905,1
0.45112,0.15229,0.19323,1.0671,0.2058,0.0048532,0.24281,0.2155,0.006948,0.33196,1.834,0.097,2.103,1.492,2.700,2.134,3.734,4.123,3.285,4.123,0
0.49848,0.45163,0.16194,1.269,0.2797,0.00051992,0.30073,0.46866,0.010275,0.37409,0.855,0.731,1.164,2.089,1.449,0.736,2.097,2.385,0.870,2.385,1
0.89668,0.4041,0.03632,1.3472,0.31348,0.0013233,0.44652,0.54203,0.015535,0.34555,3.717,1.719,3.919,0.285,1.475,0.665,2.326,0.232,0.315,3.919,0
0.65875,0.29309,0.1744,1.1826,0.066298,0.0056009,0.32233,0.2285,0.019746,0.25133,3.740,1.731,3.939,0.300,1.581,0.263,4.061,3.603,3.330,4.061,0
0.30609,0.44921,0.19972,1.4932,0.2158,9.5667e-05,0.43915,0.51086,0.0060379,0.30004,0.630,2.001,0.265,3.017,1.690,0.994,2.971,2.575,1.146,3.017,0
0.55041,0.2013,0.060851,1.0592,0.29776,0.0016681,0.36643,0.58934,0.025776,0.27053,1.682,0.037,1.955,1.593,2.668,2.296,3.476,0.732,0.103,3.476,0
0.26116,0.48594,0.024609,1.1895,0.28093,0.0060849,0.41156,0.6515,0.018057,0.33703,0.341,1.176,0.667,2.413,0.251,2.427,2.479,0.220,0.326,2.479,1
0.88344,0.35928,0.082345,1.3566,0.20759,0.0091086,0.42053,0.24582,0.01143,0.26696,6.860,4.392,6.939,1.671,0.382,1.818,4.511,2.002,3.089,6.939,0
0.45396,0.21046,0.067022,1.2771,0.20728,0.009581,0.35423,0.31877,0.014885,0.2888,3.179,1.263,3.403,0.630,1.661,0.307,4.089,1.681,2.510,4.089,0
0.29167,0.42497,0.058527,1.3807,0.31422,0.0076513,0.34857,0.3756,0.013459,0.31975,0.963,0.630,1.271,2.010,0.090,2.197,3.357,1.298,1.623,3.357,0
0.69608,0.21801,0.11177,1.2436,0.33988,0.00054401,0.29665,0.56285,0.023941,0.35397,2.143,0.366,2.402,1.295,2.671,2.416,2.513,1.621,0.019,2.671,1
0.56569,0.40102,0.10795,1.0785,0.17473,0.0032414,0.16909,0.48224,0.02346,0.35984,2.348,0.531,2.595,1.180,1.085,0.101,2.135,1.967,1.687,2.595,1
0.39107,0.41174,0.16456,1.1501,0.059734,0.0040738,0.20077,0.25771,0.025883,0.23485,1.022,0.589,1.324,1.983,1.028,0.472,3.607,2.987,3.155,3.607,0
0.57043,0.46966,0.088727,1.038,0.11257,0.0010796,0.3779,0.59285,0.0086324,0.29071,1.393,0.289,1.676,1.780,1.436,0.452,3.069,0.971,1.666,3.069,0
0.22897,0.15933,0.17809,1.4003,0.2601,0.0098483,0.35109,0.65123,0.016803,0.22781,0.540,0.989,0.864,2.270,2.191,1.116,5.098,4.970,0.606,5.098,0
0.34226,0.32073,0.22024,1.4969,0.14554,0.0011262,0.11187,0.6867,0.026069,0.37253,0.081,1.527,0.264,2.667,2.024,1.396,2.013,3.594,1.048,3.594,0
0.39162,0.40903,0.08344,1.2457,0.30341,0.0039796,0.32354,0.32133,0.019318,0.30455,1.127,0.496,1.426,1.916,0.845,0.522,2.850,1.526,2.016,2.850,1
0.63487,0.28779,0.19821,1.5906,0.21204,0.0071516,0.21013,0.68153,0.025029,0.30827,4.311,2.242,4.496,0.079,1.158,0.328,3.136,5.253,0.739,5.253,0
0.28491,0.26192,0.073888,1.2784,0.057126,0.0012746,0.26686,0.58649,0.017356,0.23205,0.552,1.940,0.192,2.974,2.518,1.940,4.218,0.674,1.740,4.218,0
0.56257,0.49403,0.11603,1.1719,0.2293,0.0072528,0.23435,0.75186,0.021027,0.32318,3.704,1.696,3.903,0.330,0.557,2.763,2.766,2.960,0.612,3.903,0
0.49575,0.19198,0.13308,1.0276,0.25861,0.0073349,0.44556,0.1893,0.022726,0.37811,3.143,1.216,3.362,0.664,2.002,1.067,2.716,3.646,3.208,3.646,0
0.47172,0.37775,0.052085,1.4191,0.32399,0.0084891,0.48567,0.19538,0.018564,0.32766,3.202,1.295,3.428,0.576,0.066,2.162,3.057,1.225,3.163,3.428,0
0.60619,0.17096,0.096854,1.3411,0.19458,0.001413,0.40065,0.50586,0.018724,0.33106,1.863,0.132,2.134,1.462,2.887,2.584,3.061,1.331,0.974,3.061,0
0.70613,0.19704,0.16813,1.3974,0.23672,0.0088099,0.29691,0.42233,0.012199,0.2382,5.300,3.072,5.443,0.674,1.942,0.711,5.068,4.328,1.534,5.443,0
0.83728,0.44965,0.037348,1.3643,0.13989,0.0025725,0.31807,0.70165,0.016308,0.31493,3.816,1.806,4.015,0.241,1.021,0.277,2.595,0.271,1.202,4.015,0
0.82677,0.16694,0.096349,1.2566,0.064039,0.00047075,0.25032,0.72715,0.020296,0.34232,2.595,0.755,2.838,1.008,3.042,2.836,2.881,1.072,1.466,3.042,0
0.29026,0.37364,0.092574,1.5465,0.054195,0.0034263,0.18997,0.68223,0.016103,0.29935,0.025,1.474,0.320,2.625,1.363,0.043,3.101,1.401,1.886,3.101,0
0.50411,0.39728,0.051663,1.0359,0.33671,0.0042556,0.23284,0.78152,0.024645,0.21219,2.201,0.415,2.458,1.256,0.964,0.390,4.115,0.743,0.340,4.115,0
0.77991,0.12505,0.084163,1.0414,0.28656,0.00087216,0.47851,0.54729,0.0098763,0.32812,2.693,0.824,2.927,0.950,3.208,3.086,3.544,1.045,0.564,3.544,0
0.73191,0.29723,0.21132,1.4854,0.32237,0.0017476,0.38966,0.50433,0.021869,0.31279,2.914,1.042,3.150,0.792,2.016,1.363,2.774,3.790,0.186,3.790,0
0.62268,0.35491,0.13579,1.0652,0.18316,0.0095628,0.48366,0.48074,0.029283,0.39527,5.059,2.844,5.203,0.547,0.014,2.314,2.118,4.321,1.065,5.203,0
0.52454,0.12876,0.19233,1.0185,0.27613,0.0015948,0.47983,0.51632,0.029962,0.29996,1.488,0.200,1.769,1.703,3.108,2.931,3.199,3.374,0.198,3.374,0
0.82507,0.29136,0.14172,1.5513,0.3392,0.0091896,0.28841,0.37398,0.012087,0.36583,6.688,4.251,6.777,1.520,0.764,0.968,3.221,4.251,1.527,6.777,0
0.41303,0.39059,0.082988,1.2157,0.31641,0.0038624,0.2626,0.55437,0.0051893,0.3287,1.249,0.395,1.543,1.845,1.064,0.247,3.358,1.443,0.789,3.358,0
0.36798,0.22144,0.050483,1.1165,0.32339,0.002522,0.15567,0.59562,0.026375,0.2808,0.547,1.002,0.865,2.290,2.406,1.877,3.302,0.625,0.620,3.302,0
0.89472,0.42793,0.10862,1.3682,0.34342,0.0074888,0.42699,0.56525,0.015622,0.34001,6.644,4.209,6.732,1.543,0.160,2.423,2.849,2.855,0.200,6.732,0
0.37595,0.19974,0.0079168,1.3811,0.3299,0.0088235,0.39326,0.27181,0.0085234,0.26979,2.124,0.368,2.390,1.278,1.865,0.643,4.689,0.230,2.687,4.689,0
0.88938,0.36644,0.11053,1.2693,0.22127,0.0048421,0.19826,0.74372,0.0083706,0.28364,5.239,3.010,5.381,0.624,1.121,0.347,3.923,2.098,1.029,5.381,0
0.57724,0.4566,0.16372,1.366,0.26084,0.0038678,0.10456,0.74625,0.017993,0.26065,2.622,0.786,2.866,0.982,0.627,0.934,3.345,3.175,0.979,3.345,0
0.20101,0.29245,0.17481,1.2979,0.37135,0.0089667,0.29904,0.73959,0.021126,0.33478,0.151,1.334,0.486,2.530,0.773,0.868,3.113,5.398,0.620,5.398,0
0.89578,0.3993,0.14447,1.0823,0.18509,0.0039872,0.19713,0.26586,0.021155,0.33429,5.003,2.798,5.150,0.466,0.956,0.381,2.512,2.921,2.925,5.150,0
0.62364,0.128,0.00723,1.1984,0.34599,0.0068651,0.12194,0.20359,0.010071,0.36169,4.141,2.068,4.323,0.063,2.675,2.082,3.377,0.259,4.224,4.323,0
0.63154,0.29063,0.057376,1.5677,0.21354,0.0072083,0.36022,0.6876,0.019214,0.36912,4.307,2.235,4.491,0.076,1.098,0.396,2.736,1.250,0.766,4.491,0
0.62193,0.3767,0.088298,1.5825,0.17352,0.00079808,0.45591,0.26751,0.011617,0.25293,1.587,0.089,1.874,1.612,1.933,1.170,3.667,0.905,2.873,3.667,0
0.16607,0.40598,0.15574,1.1577,0.37082,0.00067844,0.20334,0.40261,0.02421,0.29139,1.382,2.665,0.996,3.515,1.611,1.000,2.481,2.445,1.071,3.515,0
0.56164,0.12702,0.19306,1.126,0.38546,0.0021565,0.16385,0.78463,0.012842,0.2156,1.909,0.162,2.175,1.446,3.108,2.877,5.228,3.306,0.377,5.228,0
0.69633,0.37743,0.16741,1.3984,0.14701,0.0096253,0.31026,0.3042,0.016677,0.38344,5.614,3.333,5.743,0.859,0.094,2.281,2.821,5.100,2.657,5.743,0
0.44262,0.3158,0.13679,1.2817,0.16538,0.008156,0.41102,0.62863,0.019337,0.27001,2.673,0.834,2.916,0.915,0.885,0.942,3.954,3.497,1.218,3.954,0
0.30115,0.41501,0.21988,1.5147,0.33436,0.0045938,0.34637,0.51043,0.029414,0.30383,0.465,1.051,0.793,2.315,0.542,0.958,2.493,5.178,0.052,5.178,0
0.63952,0.19085,0.12435,1.1992,0.26424,0.00078273,0.22293,0.64848,0.022319,0.2828,1.830,0.096,2.100,1.491,2.846,2.586,3.411,1.739,0.348,3.411,0
0.3459,0.33752,0.20978,1.1717,0.10539,0.0023231,0.39712,0.66207,0.020124,0.2956,0.214,1.285,0.545,2.496,1.802,0.892,2.993,3.533,1.290,3.533,0
0.5579,0.18526,0.077918,1.5592,0.18828,0.0086895,0.12968,0.35647,0.01241,0.26842,3.953,1.937,4.152,0.143,2.037,0.867,4.494,1.802,3.205,4.494,0
0.68438,0.43043,0.069141,1.3316,0.06122,0.0063908,0.19294,0.60215,0.024941,0.38569,4.400,2.299,4.575,0.113,0.115,1.798,2.080,1.475,1.690,4.575,0
0.75949,0.43916,0.20146,1.2583,0.085466,0.0034854,0.26613,0.30773,0.012772,0.23537,3.558,1.581,3.765,0.407,1.070,0.463,4.129,3.348,2.845,4.129,0
0.51827,0.12164,0.21585,1.09,0.30068,0.0057555,0.20041,0.38824,0.021416,0.3015,2.852,0.971,3.083,0.854,2.830,2.357,3.573,5.318,1.374,5.318,0
0.35722,0.17155,0.12718,1.5855,0.28066,0.0036176,0.26777,0.41413,0.012616,0.38749,0.709,0.839,1.029,2.160,2.599,2.061,2.856,2.504,1.413,2.856,1
0.51902,0.20895,0.17604,1.2112,0.13962,0.0048923,0.38786,0.47833,0.010938,0.32289,2.435,0.622,2.685,1.103,2.263,1.421,3.554,3.661,1.685,3.661,0
0.1778,0.46991,0.077476,1.3094,0.16697,0.0074524,0.36383,0.24889,0.024787,0.39005,0.368,1.783,0.015,2.860,0.525,2.758,2.024,1.933,2.966,2.966,1
0.49536,0.43963,0.12591,1.4443,0.28894,0.0037189,0.38879,0.69253,0.016632,0.39916,1.991,0.254,2.262,1.355,0.598,0.831,1.998,2.570,0.061,2.570,1
0.59246,0.20767,0.027714,1.123,0.33496,0.0069179,0.17863,0.42897,0.017771,0.23295,3.820,1.795,4.014,0.258,2.017,1.000,4.720,0.298,1.870,4.720,0
0.73039,0.28327,0.0096904,1.0773,0.28669,0.0060725,0.15555,0.46408,0.025142,0.29128,4.747,2.580,4.904,0.308,1.410,0.187,3.287,0.202,1.986,4.904,0
0.46584,0.43606,0.070966,1.394,0.34362,0.00095055,0.48758,0.69673,0.0065616,0.37148,0.797,0.774,1.111,2.077,1.384,0.537,2.319,0.853,0.312,2.319,1
0.74498,0.4869,0.14622,1.3617,0.12535,0.0023955,0.12009,0.52668,0.029501,0.39272,3.238,1.310,3.458,0.602,0.678,0.594,1.360,2.626,1.929,3.458,0
0.48437,0.3503,0.070382,1.176,0.069032,0.0029081,0.18959,0.72896,0.0088177,0.33245,1.442,0.232,1.727,1.726,1.651,0.563,3.113,0.908,2.028,3.113,0
0.59435,0.2106,0.11281,1.2322,0.079978,0.006774,0.12733,0.48594,0.0085391,0.2241,3.508,1.535,3.716,0.444,2.162,1.045,5.461,2.156,2.969,5.461,0
0.53862,0.44354,0.0088685,1.1998,0.2595,0.0075057,0.49704,0.32169,0.028886,0.36118,3.656,1.661,3.858,0.317,0.382,2.705,2.038,0.188,1.916,3.858,0
0.22722,0.15127,0.01363,1.0082,0.38769,0.00023139,0.20141,0.4615,0.012707,0.23217,1.050,2.381,0.676,3.308,3.128,3.019,4.730,0.247,1.323,4.730,0
0.39813,0.33172,0.18624,1.4298,0.23105,0.0072483,0.21935,0.35942,0.0178,0.26832,1.985,0.254,2.258,1.361,0.869,0.839,3.939,4.667,1.995,4.667,0
0.77738,0.20575,0.095611,1.4616,0.086016,0.010042,0.13303,0.45719,0.014411,0.23957,6.178,3.819,6.287,1.210,1.755,0.306,5.010,2.367,2.915,6.287,0
0.55175,0.16361,0.207,1.4686,0.38519,0.0026358,0.20777,0.67957,0.016134,0.38582,2.119,0.359,2.384,1.295,2.736,2.357,2.723,4.219,0.361,4.219,0
0.52246,0.18907,0.21969,1.4956,0.27838,0.009961,0.39627,0.41486,0.011359,0.31704,4.068,2.033,4.262,0.067,1.792,0.516,3.903,6.665,1.203,6.665,0
0.33999,0.17319,0.0082874,1.0354,0.25931,0.0024872,0.22505,0.36782,0.018773,0.21228,0.227,1.278,0.556,2.494,2.813,2.402,4.895,0.315,2.315,4.895,0
0.51432,0.36847,0.039079,1.4092,0.31024,0.0006536,0.2742,0.2904,0.020807,0.24461,1.008,0.587,1.315,1.975,1.895,1.280,3.355,0.200,2.479,3.355,0
0.85559,0.29354,0.2063,1.1808,0.26304,0.0041726,0.2675,0.67269,0.016311,0.21726,4.720,2.567,4.881,0.306,1.784,0.720,4.728,4.001,0.437,4.881,0
0.7077,0.49513,0.11104,1.1186,0.25525,0.0069242,0.42154,0.2654,0.005966,0.27588,4.681,2.525,4.841,0.286,0.245,2.648,4.274,2.483,2.829,4.841,0
0.56543,0.45208,0.0059315,1.5908,0.20773,0.00044309,0.24532,0.38656,0.011758,0.26901,1.157,0.460,1.459,1.888,1.585,0.774,3.075,0.380,2.336,3.075,0
0.80139,0.32849,0.025687,1.5073,0.36793,0.0018756,0.12291,0.7575,0.027994,0.3605,3.528,1.567,3.741,0.412,1.718,1.004,2.066,0.084,0.284,3.741,0
0.43739,0.45989,0.091155,1.0099,0.10634,0.0098425,0.30469,0.18449,0.01444,0.23024,2.941,1.043,3.168,0.803,0.434,3.043,5.184,2.233,3.848,5.184,0
0.27191,0.33356,0.18842,1.4488,0.33647,0.0089066,0.45723,0.60461,0.012539,0.23707,0.922,0.658,1.233,1.987,0.599,1.675,4.915,5.091,0.148,5.091,0
0.81032,0.29578,0.047955,1.2973,0.3742,0.0092747,0.49788,0.36583,0.014793,0.3954,6.666,4.240,6.754,1.584,0.659,1.269,2.765,1.221,1.264,6.754,0
0.79242,0.35346,0.10649,1.3391,0.20184,0.0063235,0.1509,0.52178,0.016562,0.29846,5.208,2.989,5.353,0.611,0.850,0.795,3.436,2.372,1.742,5.353,0
0.6434,0.29373,0.014244,1.4578,0.087533,0.0058721,0.39896,0.38243,0.028327,0.35574,3.898,1.882,4.096,0.178,1.324,0.001,2.466,0.082,2.036,4.096,0
0.50296,0.17375,0.063442,1.3855,0.088952,0.0041338,0.46978,0.42135,0.017533,0.24913,1.990,0.257,2.262,1.346,2.652,2.008,4.333,0.857,1.858,4.333,0
0.46445,0.12049,0.062716,1.4563,0.36991,0.0063611,0.44093,0.548,0.023713,0.33086,2.572,0.758,2.822,0.966,2.749,2.227,3.182,1.383,0.082,3.182,0
0.27066,0.29953,0.19756,1.0304,0.13835,0.0049941,0.31283,0.67219,0.0077135,0.31628,0.148,1.351,0.478,2.551,1.608,0.396,3.667,4.114,1.607,4.114,0
0.62557,0.20024,0.067508,1.2424,0.084762,0.0033567,0.13277,0.76392,0.01495,0.39628,2.729,0.866,2.965,0.931,2.478,1.861,2.645,1.003,1.773,2.965,1
0.32821,0.48261,0.11306,1.4149,0.37605,0.0068442,0.39358,0.28048,0.014973,0.35498,1.240,0.391,1.538,1.834,0.505,2.716,2.605,2.908,2.123,2.908,1
0.51514,0.23544,0.1942,1.4988,0.37394,0.0084291,0.29432,0.64149,0.010711,0.2812,3.585,1.624,3.799,0.364,1.517,0.140,4.320,5.380,0.109,5.380,0
0.89514,0.13712,0.19151,1.5551,0.19976,0.00036303,0.30502,0.56032,0.011326,0.38047,3.018,1.134,3.251,0.726,3.177,3.047,2.927,2.723,1.032,3.251,0
0.7876,0.43829,0.16845,1.1692,0.10161,0.0045807,0.17189,0.20694,0.0189,0.24704,4.313,2.219,4.490,0.053,0.740,0.950,3.722,3.210,3.524,4.490,0
0.77907,0.33194,0.04753,1.495,0.3973,0.00068619,0.32921,0.37437,0.021907,0.36477,2.754,0.904,2.995,0.895,1.956,1.465,2.111,0.446,1.116,2.995,1
0.8824,0.45798,0.058121,1.4261,0.29051,0.0096518,0.22462,0.49642,0.023016,0.32727,7.336,4.793,7.396,1.908,0.914,3.346,2.970,1.557,0.922,7.396,0
0.77258,0.48897,0.14033,1.1663,0.070347,0.0059827,0.14259,0.57346,0.0065133,0.37046,4.767,2.597,4.923,0.318,0.014,2.120,2.973,3.062,2.424,4.923,0
0.60537,0.37658,0.095266,1.2906,0.3767,0.00020521,0.35298,0.28761,0.017338,0.38623,1.474,0.208,1.757,1.714,1.843,1.390,1.939,1.270,2.040,2.040,1
0.39402,0.31206,0.025049,1.2652,0.15887,0.0025866,0.4674,0.61888,0.029053,0.33662,0.738,0.830,1.051,2.135,1.801,0.949,2.359,0.062,0.762,2.359,1
0.41716,0.40819,0.13367,1.4115,0.3545,0.0060953,0.3509,0.71091,0.0066184,0.26074,1.878,0.160,2.154,1.425,0.505,1.322,4.505,2.951,0.228,4.505,0
0.58228,0.21824,0.13624,1.5815,0.14352,0.0019537,0.20447,0.69766,0.013854,0.35017,1.881,0.160,2.156,1.436,2.544,2.012,2.943,2.107,1.300,2.943,1
0.47543,0.37423,0.068708,1.5985,0.22741,0.00091303,0.26895,0.21876,0.022613,0.3944,0.844,0.723,1.159,2.073,1.717,1.034,1.763,0.809,3.222,3.222,0
0.85624,0.44601,0.10174,1.1523,0.12109,0.0010514,0.10344,0.42798,0.016584,0.36819,3.140,1.214,3.360,0.679,1.421,0.543,1.971,1.324,3.272,3.360,0
0.53391,0.20873,0.051008,1.0467,0.1235,0.0080358,0.47452,0.34539,0.012462,0.31828,3.548,1.559,3.751,0.409,1.890,0.696,3.721,1.027,2.559,3.751,0
0.47984,0.39415,0.092988,1.3089,0.3289,0.0032249,0.48539,0.73333,0.022152,0.3705,1.727,0.025,2.005,1.460,1.015,0.308,1.932,1.738,0.556,2.005,1
0.46833,0.40371,0.060995,1.2948,0.34453,0.0053536,0.48148,0.43507,0.0092993,0.2879,2.200,0.428,2.461,1.222,0.638,1.145,3.694,1.084,0.773,3.694,0
0.24926,0.45421,0.16104,1.5878,0.14664,0.004052,0.35154,0.7028,0.0077921,0.30722,0.255,1.671,0.099,2.771,0.674,1.031,3.327,2.969,1.439,3.327,0
0.62036,0.31443,0.1573,1.534,0.37213,0.0061502,0.30456,0.28197,0.02146,0.27648,3.898,1.888,4.099,0.176,1.090,0.336,3.545,3.878,2.017,4.099,0
0.56837,0.42087,0.034922,1.1598,0.077061,0.0080882,0.3738,0.65766,0.026771,0.24457,3.879,1.851,4.072,0.207,0.050,2.248,3.852,0.535,1.629,4.072,0
0.34527,0.23943,0.092399,1.3746,0.13069,0.0025264,0.37502,0.71202,0.029146,0.25647,0.272,1.223,0.605,2.443,2.351,1.693,3.495,1.348,0.854,3.495,0
0.28972,0.12481,0.0766,1.2441,0.30614,0.0050875,0.36703,0.60055,0.02432,0.3882,0.474,1.060,0.796,2.331,2.811,2.378,2.629,1.638,0.141,2.811,1
0.8165,0.40934,0.12565,1.0782,0.27425,0.0092999,0.26929,0.46269,0.026013,0.23083,6.536,4.101,6.623,1.407,0.172,2.376,4.323,3.512,0.856,6.623,0
0.50772,0.28496,0.18296,1.3924,0.27178,0.006208,0.2759,0.66754,0.010847,0.25006,2.761,0.916,3.004,0.881,1.493,0.130,4.612,4.117,0.580,4.612,0
0.3516,0.2588,0.13352,1.3284,0.075614,0.0067561,0.39556,0.61853,0.027569,0.29729,1.381,0.272,1.673,1.735,1.552,0.255,3.226,3.190,1.538,3.226,0
0.43818,0.13221,0.073694,1.2909,0.11006,0.0043877,0.44847,0.72901,0.024972,0.26713,1.571,0.110,1.855,1.590,2.893,2.433,3.855,1.206,1.187,3.855,0
0.37807,0.17915,0.2213,1.0068,0.059536,0.0043313,0.2908,0.75954,0.0089221,0.34682,0.976,0.642,1.275,2.033,2.576,1.932,3.416,4.392,2.103,4.392,0
0.67095,0.19063,0.069615,1.4816,0.29091,0.0037574,0.21614,0.78578,0.023032,0.31743,3.372,1.434,3.591,0.508,2.443,1.829,3.106,1.185,0.007,3.591,0
0.63036,0.48719,0.089086,1.5367,0.23518,0.0022013,0.30332,0.59847,0.018191,0.3408,2.380,0.586,2.636,1.125,0.759,0.508,2.064,1.343,0.673,2.636,1
0.71309,0.11951,0.1213,1.4259,0.055452,0.0099474,0.43015,0.64933,0.006025,0.31121,5.600,3.323,5.730,0.884,2.616,1.781,4.271,3.197,2.556,5.730,0
0.80855,0.30288,0.083054,1.2935,0.078474,0.0094392,0.36351,0.29882,0.022451,0.25251,6.342,3.951,6.442,1.323,0.838,1.043,4.249,2.063,2.892,6.442,0
0.85181,0.27939,0.15385,1.2721,0.14163,0.009859,0.10705,0.48338,0.027456,0.21963,6.880,4.406,6.958,1.631,0.990,0.792,4.698,4.276,2.399,6.958,0
0.75813,0.15395,0.072847,1.3071,0.09822,0.0056315,0.15695,0.74285,0.022499,0.29438,4.619,2.488,4.787,0.251,2.601,1.932,3.567,1.366,1.533,4.787,0
0.3311,0.19499,0.13531,1.5137,0.10106,0.0040333,0.31555,0.19352,0.012928,0.32601,0.489,1.031,0.816,2.301,2.462,1.741,3.400,2.485,3.663,3.663,0
0.39435,0.12394,0.1775,1.4162,0.098447,0.0080431,0.2791,0.25147,0.0083757,0.26209,2.017,0.280,2.288,1.344,2.730,2.000,4.827,4.191,3.366,4.827,0
0.81877,0.14612,0.15523,1.4391,0.38117,0.0052784,0.289,0.56247,0.019321,0.263,5.146,2.945,5.296,0.586,2.657,2.081,4.121,3.540,0.051,5.296,0
0.18071,0.41517,0.15185,1.0769,0.12424,0.0048183,0.49583,0.66096,0.021385,0.31815,0.726,2.100,0.364,3.078,0.684,1.213,2.504,3.206,1.243,3.206,0
0.65629,0.2748,0.027288,1.1237,0.28044,0.00098959,0.34104,0.45292,0.016243,0.27874,2.010,0.246,2.271,1.385,2.365,1.899,3.445,0.015,0.960,3.445,0
0.67608,0.43396,0.11374,1.2022,0.30232,0.00049079,0.2844,0.76751,0.026157,0.39091,1.993,0.234,2.256,1.393,1.471,0.858,1.486,1.655,0.391,2.256,1
0.5147,0.26734,0.059373,1.2918,0.16687,0.00053611,0.11124,0.27684,0.006597,0.29155,0.854,0.728,1.164,2.085,2.548,2.110,3.731,0.452,4.009,4.009,0
0.27501,0.14551,0.077315,1.0662,0.26261,0.0023191,0.31936,0.47584,0.012655,0.35319,0.295,1.730,0.052,2.829,2.950,2.654,3.170,1.140,0.968,3.170,0
0.34173,0.48106,0.12911,1.368,0.37458,0.0069341,0.37965,0.39481,0.023166,0.31948,1.425,0.233,1.716,1.718,0.530,2.704,2.596,3.431,0.757,3.431,0
0.50488,0.25694,0.22065,1.1749,0.10589,0.0088837,0.34998,0.40551,0.029635,0.26646,3.563,1.587,3.770,0.396,1.279,0.234,3.725,6.226,1.606,6.226,0
0.8265,0.46303,0.059308,1.5422,0.091723,0.0005617,0.45501,0.36303,0.0099141,0.3105,2.586,0.765,2.835,0.983,1.552,0.639,2.650,0.432,2.448,2.835,1
0.16567,0.1719,0.065494,1.1338,0.073445,0.00042589,0.14914,0.7895,0.013413,0.31154,1.481,2.752,1.092,3.580,3.049,2.832,3.440,0.530,1.730,3.580,0
0.7006,0.47652,0.19613,1.0122,0.17699,0.0001672,0.15329,0.23274,0.020393,0.33364,1.836,0.090,2.102,1.504,1.497,0.834,1.925,2.744,3.051,3.051,0
0.26597,0.38226,0.15034,1.0966,0.2381,0.0024368,0.2214,0.18979,0.017075,0.39447,0.334,1.763,0.014,2.852,1.368,0.406,2.081,2.751,3.357,3.357,0
0.20681,0.33328,0.18569,1.2875,0.24465,0.0065208,0.18186,0.59704,0.019491,0.27718,0.203,1.639,0.145,2.753,0.968,0.599,3.647,4.542,0.861,4.542,0
0.51111,0.43719,0.0019585,1.2372,0.1756,0.0090813,0.25231,0.57021,0.010079,0.22013,3.514,1.548,3.725,0.428,0.101,2.558,5.623,0.418,1.680,5.623,0
0.73861,0.22464,0.17186,1.3269,0.29961,0.009385,0.38481,0.73747,0.017815,0.23574,5.874,3.556,5.993,1.042,1.557,0.144,4.825,4.811,0.031,5.993,0
0.25312,0.33055,0.18612,1.0077,0.2045,0.0040601,0.49634,0.66399,0.023296,0.34747,0.126,1.586,0.214,2.680,1.400,0.138,2.394,3.998,0.560,3.998,0
0.25541,0.3649,0.19716,1.2409,0.12309,3.1003e-05,0.18609,0.49582,0.009475,0.36295,0.965,2.303,0.593,3.246,2.126,1.615,2.468,2.546,1.744,3.246,0
0.58615,0.25201,0.13484,1.1933,0.13866,0.0012777,0.40477,0.62063,0.021599,0.37582,1.682,0.033,1.957,1.587,2.427,1.953,2.350,2.031,1.014,2.427,1
0.33584,0.41962,0.20389,1.3991,0.11214,0.0053241,0.41999,0.73698,0.011004,0.396,0.869,0.713,1.179,2.055,0.515,1.373,2.423,4.612,1.610,4.612,0
0.50606,0.4345,0.12711,1.1507,0.088457,0.010035,0.40525,0.33195,0.010255,0.35265,3.816,1.796,4.012,0.249,0.507,3.165,3.442,3.653,2.850,4.012,0
0.5637,0.38093,0.095504,1.0829,0.2767,0.010074,0.36286,0.52915,0.0065945,0.21742,4.341,2.234,4.514,0.058,0.188,2.162,6.149,2.387,1.128,6.149,0
0.16804,0.3967,0.0092835,1.2806,0.17758,0.0063092,0.25493,0.72861,0.019179,0.27265,0.673,2.045,0.309,3.053,0.549,1.265,3.593,0.227,1.062,3.593,0
0.62933,0.43257,0.048906,1.1582,0.32265,0.0093879,0.24608,0.21111,0.020355,0.2454,4.954,2.762,5.105,0.443,0.415,2.730,4.329,1.116,3.287,5.105,0
0.29526,0.45536,0.11771,1.0457,0.075927,0.003078,0.32045,0.23779,0.010449,0.33823,0.035,1.508,0.302,2.665,0.950,0.453,2.731,1.905,3.493,3.493,0
0.66854,0.28407,0.010156,1.2053,0.30636,0.00045921,0.31429,0.75508,0.0095219,0.34731,1.862,0.121,2.130,1.475,2.372,1.984,2.883,0.296,0.024,2.883,1
0.20414,0.39251,0.08548,1.0755,0.13895,0.0084337,0.45351,0.75846,0.0053439,0.29811,0.004,1.472,0.340,2.620,0.291,2.326,4.214,1.973,1.694,4.214,0
0.81367,0.34764,0.1927,1.0165,0.31856,0.0019667,0.37632,0.6593,0.0073039,0.28585,3.452,1.471,3.657,0.498,1.782,0.981,3.676,3.279,0.091,3.676,0
0.79456,0.34108,0.043504,1.5666,0.36515,0.005135,0.26488,0.47822,0.028744,0.31483,5.000,2.827,5.158,0.502,0.976,0.363,2.651,0.719,0.334,5.158,0
0.88136,0.18586,0.027492,1.3319,0.27054,0.0012238,0.23834,0.75994,0.015603,0.28167,3.477,1.516,3.689,0.452,2.830,2.514,3.714,0.025,0.273,3.714,0
0.27818,0.28555,0.0099522,1.0935,0.37012,0.0064374,0.40662,0.22804,0.0086869,0.35657,0.599,0.960,0.914,2.263,1.326,0.047,3.287,0.187,2.977,3.287,0
0.46268,0.22414,0.056191,1.1434,0.29535,0.0069203,0.3962,0.21058,0.011414,0.24738,2.547,0.715,2.792,1.032,1.904,0.784,4.772,1.048,3.229,4.772,0
0.34265,0.19749,0.14897,1.1509,0.17325,0.006385,0.48848,0.27142,0.027132,0.30563,1.245,0.400,1.538,1.837,2.111,1.185,3.232,3.654,2.511,3.654,0
0.78349,0.21446,0.18122,1.0933,0.056242,0.0013325,0.34644,0.65688,0.019358,0.25621,2.734,0.867,2.969,0.931,2.740,2.308,3.879,2.482,1.615,3.879,0
0.29717,0.19488,0.13091,1.5692,0.22001,0.0097862,0.28193,0.66013,0.0062266,0.24959,1.322,0.307,1.622,1.767,1.878,0.523,5.295,3.373,1.258,5.295,0
0.57834,0.26211,0.12623,1.3836,0.066053,0.0085562,0.3208,0.41437,0.017524,0.26427,4.054,2.011,4.245,0.091,1.364,0.228,4.246,3.108,2.247,4.246,0
0.60349,0.15626,0.18141,1.4527,0.27392,0.0087961,0.11319,0.549,0.011632,0.38296,4.564,2.444,4.735,0.216,2.211,1.271,3.163,5.360,1.662,5.360,0
0.448,0.42152,0.17365,1.0157,0.15524,0.0088865,0.12274,0.57368,0.014668,0.28569,2.905,1.011,3.133,0.828,0.105,2.353,3.960,4.714,1.931,4.714,0
0.73961,0.43925,0.055432,1.5425,0.31104,0.00012172,0.44134,0.44913,0.014,0.38124,2.123,0.365,2.388,1.285,1.561,0.968,1.855,0.484,0.618,2.388,1
0.31556,0.42435,0.09035,1.5173,0.051754,0.0016253,0.31309,0.42171,0.017986,0.33383,0.216,1.642,0.134,2.750,1.427,0.365,2.302,1.127,2.096,2.750,1
0.30051,0.48781,0.20769,1.3641,0.11853,0.0045231,0.22097,0.45783,0.022522,0.36796,0.382,1.132,0.710,2.379,0.152,1.622,1.961,4.565,1.498,4.565,0
0.42834,0.35352,0.026043,1.1173,0.23675,0.0029587,0.46832,0.43969,0.024167,0.30807,1.143,0.489,1.439,1.907,1.473,0.447,2.686,0.101,0.851,2.686,1
0.7845,0.4516,0.17259,1.5274,0.18072,0.0067349,0.12915,0.56286,0.020536,0.23291,5.237,3.029,5.386,0.649,0.065,2.091,4.136,3.949,1.530,5.386,0
0.4828,0.30998,0.04604,1.19,0.075431,0.010091,0.33127,0.64983,0.017371,0.26097,3.541,1.567,3.749,0.404,0.712,1.276,4.426,0.978,2.025,4.426,0
0.68464,0.22673,0.068895,1.2263,0.10872,0.0018821,0.3978,0.42865,0.024528,0.3236,2.526,0.695,2.771,1.053,2.509,1.997,2.823,0.845,1.495,2.823,1
0.56614,0.27553,0.12026,1.4697,0.22367,0.01008,0.13205,0.69873,0.012308,0.26156,4.447,2.351,4.625,0.153,0.986,0.844,4.702,3.303,1.366,4.702,0
0.1892,0.13349,0.13101,1.4346,0.29487,0.0027679,0.32679,0.21317,0.010172,0.36906,0.932,2.267,0.558,3.216,2.972,2.657,3.158,2.368,3.080,3.216,0
0.70582,0.20213,0.20714,1.2128,0.23996,0.0097417,0.36106,0.51395,0.005779,0.26355,5.564,3.280,5.691,0.822,1.808,0.475,5.052,5.697,1.356,5.697,0
0.59125,0.46586,0.020983,1.599,0.38825,0.0028401,0.4943,0.24817,0.0090345,0.22791,2.351,0.572,2.612,1.111,0.810,0.681,4.143,0.049,2.576,4.143,0
0.60609,0.49433,0.12794,1.0959,0.23973,0.0091706,0.48467,0.27056,0.0162,0.37114,4.705,2.543,4.863,0.324,1.069,3.936,2.591,3.793,2.587,4.863,0
0.2828,0.23707,0.16334,1.5271,0.24378,0.0093683,0.29581,0.5449,0.018765,0.33353,1.194,0.422,1.497,1.854,1.313,0.174,3.309,4.907,0.934,4.907,0
0.52355,0.20082,0.030738,1.1038,0.054018,0.0046005,0.20731,0.47219,0.020565,0.38602,2.423,0.603,2.671,1.122,2.315,1.572,2.594,0.280,2.280,2.671,1
0.43799,0.32791,0.14613,1.5279,0.15995,0.008724,0.15073,0.5529,0.019766,0.25796,2.754,0.920,3.001,0.872,0.675,1.261,4.177,3.825,1.579,4.177,0
0.54242,0.18352,0.044678,1.3546,0.24089,0.0021355,0.42629,0.70777,0.029293,0.29594,1.791,0.076,2.067,1.497,2.704,2.301,3.115,0.448,0.064,3.115,0
0.38052,0.46508,0.1559,1.2616,0.21744,0.0089986,0.34264,0.68878,0.028399,0.32365,2.316,0.525,2.572,1.159,0.807,3.321,2.630,4.688,0.575,4.688,0
0.80666,0.2745,0.18956,1.2867,0.36816,0.0010231,0.3114,0.32428,0.008966,0.36686,3.025,1.123,3.252,0.742,2.288,1.837,2.793,3.158,1.685,3.252,0
0.31118,0.25456,0.17425,1.5074,0.37729,0.0033538,0.17757,0.7253,0.026203,0.30106,0.282,1.210,0.616,2.432,1.995,1.229,2.993,3.649,0.440,3.649,0
0.43359,0.2801,0.015503,1.2736,0.34972,0.0092506,0.11208,0.69085,0.015026,0.35699,2.992,1.101,3.222,0.754,0.881,0.747,3.182,0.064,1.530,3.222,0
0.32422,0.25267,0.001025,1.1959,0.11908,0.0055745,0.28223,0.54971,0.02632,0.36367,0.869,0.722,1.176,2.083,1.728,0.661,2.537,0.445,1.327,2.537,1
0.33764,0.31931,0.07499,1.2963,0.084617,0.0087679,0.41725,0.31435,0.011698,0.38081,1.662,0.037,1.942,1.578,0.697,1.194,3.053,1.870,2.958,3.053,0
0.86176,0.49851,0.099545,1.2583,0.077712,0.0071557,0.41405,0.19794,0.016976,0.30549,5.956,3.619,6.070,1.099,0.404,2.918,3.083,2.249,3.661,6.070,0
0.41145,0.46709,0.11693,1.138,0.1625,0.010172,0.22891,0.60351,0.024661,0.21668,2.810,0.943,3.046,0.867,0.725,3.337,4.798,3.199,1.302,4.798,0
0.80807,0.20461,0.15539,1.1732,0.29254,0.0027707,0.30728,0.5056,0.021481,0.3678,3.927,1.886,4.117,0.191,2.463,1.952,2.612,3.025,0.472,4.117,0
0.28836,0.32351,0.012189,1.1057,0.35748,0.0061083,0.15208,0.58786,0.02043,0.26676,0.637,0.924,0.952,2.234,1.091,0.303,3.736,0.136,0.931,3.736,0
0.19945,0.21028,0.15287,1.0464,0.33164,0.0060532,0.19896,0.36391,0.027627,0.2328,0.325,1.753,0.024,2.843,2.062,1.155,4.231,3.656,1.596,4.231,0
0.75516,0.24097,0.075873,1.3824,0.16459,0.0098213,0.22044,0.47311,0.026508,0.24036,6.129,3.776,6.239,1.182,1.323,0.250,4.357,1.960,1.565,6.239,0
0.4137,0.43163,0.12309,1.109,0.10854,0.0083027,0.48622,0.1972,0.0076577,0.31212,2.340,0.534,2.591,1.152,0.043,2.593,3.864,3.039,3.721,3.864,0
0.25746,0.35299,0.13061,1.3819,0.25472,0.0044119,0.31754,0.57612,0.01273,0.24369,0.085,1.532,0.260,2.671,1.297,0.058,4.286,2.436,0.810,4.286,0
0.7897,0.3956,0.072601,1.114,0.26141,0.0048328,0.14595,0.25647,0.025632,0.39764,4.760,2.592,4.917,0.317,0.660,0.748,1.931,1.485,3.294,4.917,0
0.62385,0.49591,0.06965,1.2518,0.14874,0.0021423,0.11852,0.77659,0.027751,0.24484,2.236,0.450,2.493,1.229,0.881,0.411,2.787,0.846,1.139,2.787,1
0.20611,0.22821,0.11869,1.0259,0.067763,0.0056336,0.49722,0.54395,0.014664,0.24287,0.408,1.826,0.057,2.873,2.118,1.031,4.577,2.246,1.975,4.577,0
0.69271,0.16633,0.040676,1.0326,0.35029,0.00032626,0.21718,0.57429,0.014851,0.35481,1.995,0.226,2.255,1.405,3.006,2.872,2.944,0.261,0.346,3.006,0
0.88169,0.13878,0.033989,1.2863,0.29166,0.0035887,0.35412,0.61274,0.029765,0.37727,4.908,2.730,5.063,0.428,2.824,2.451,2.511,0.372,0.069,5.063,0
0.33801,0.33429,0.063304,1.4751,0.20048,0.0051736,0.35933,0.55228,0.017389,0.25174,0.839,0.728,1.154,2.077,1.268,0.164,4.012,1.029,1.085,4.012,0
0.83827,0.15963,0.071178,1.249,0.21036,0.001298,0.46656,0.42405,0.02127,0.26047,3.208,1.282,3.428,0.602,2.989,2.727,3.888,0.796,1.083,3.888,0
0.85052,0.43509,0.16802,1.3711,0.068295,0.0027304,0.22173,0.3421,0.017115,0.26399,3.863,1.849,4.062,0.207,1.188,0.167,3.283,2.655,2.693,4.062,0
0.58191,0.3612,0.21003,1.2564,0.14247,0.0038963,0.38263,0.75649,0.0096374,0.37289,2.616,0.770,2.857,0.998,1.283,0.016,2.741,4.218,1.304,4.218,0
0.23519,0.36913,0.051477,1.567,0.30409,0.0035143,0.32024,0.77354,0.023625,0.25586,0.415,1.809,0.056,2.872,1.230,0.013,3.356,0.681,0.303,3.356,0
0.25104,0.18872,0.13188,1.4603,0.21365,0.0033118,0.1897,0.49432,0.0092853,0.22898,0.383,1.786,0.026,2.856,2.644,2.033,5.061,2.082,1.594,5.061,0
0.62908,0.30822,0.1941,1.3652,0.30757,0.0010166,0.45884,0.33085,0.017443,0.34468,1.912,0.174,2.181,1.426,2.100,1.561,2.539,3.189,1.513,3.189,0
0.87904,0.31152,0.19808,1.5056,0.28793,0.006535,0.22411,0.59453,0.011225,0.33921,6.049,3.710,6.164,1.132,1.086,0.412,3.296,4.997,0.717,6.164,0
0.83575,0.35551,0.02868,1.0904,0.37857,0.0080534,0.30268,0.63032,0.018079,0.37067,6.443,4.018,6.532,1.344,0.344,1.398,2.746,0.480,0.099,6.532,0
0.62624,0.45775,0.17969,1.3845,0.35367,0.0014693,0.10607,0.28957,0.0079384,0.27826,2.050,0.296,2.316,1.341,1.197,0.205,3.296,2.887,2.797,3.296,0
0.32632,0.39064,0.2204,1.5061,0.16434,0.0093487,0.44446,0.42106,0.0089865,0.28091,1.603,0.070,1.891,1.580,0.063,2.476,4.435,5.974,1.830,5.974,0
0.52691,0.35709,0.058792,1.2137,0.38873,0.0007119,0.18346,0.77503,0.029174,0.21447,1.182,0.449,1.479,1.884,1.906,1.361,3.581,0.598,0.607,3.581,0
0.84008,0.37885,0.20568,1.1444,0.050866,0.0060835,0.18263,0.19905,0.020443,0.3508,5.414,3.150,5.546,0.721,0.701,0.980,2.631,4.889,3.493,5.546,0
0.46517,0.39864,0.085904,1.3783,0.27226,0.0082006,0.38193,0.29311,0.0052773,0.38641,2.973,1.089,3.205,0.756,0.038,2.096,3.256,2.187,2.612,3.256,0
0.44671,0.45745,0.18439,1.3731,0.20206,0.0055083,0.29533,0.40332,0.012522,0.28711,1.975,0.239,2.246,1.374,0.275,1.646,3.512,4.030,1.720,4.030,0
0.16486,0.42646,0.20857,1.0944,0.29017,0.0030565,0.23601,0.41889,0.0056861,0.23524,1.128,2.446,0.751,3.354,1.160,0.127,4.573,3.657,1.448,4.573,0
0.86654,0.20408,0.16287,1.3209,0.10896,0.0036256,0.42361,0.7682,0.02485,0.31296,4.567,2.445,4.737,0.244,2.419,1.749,3.071,3.123,1.109,4.737,0
0.29829,0.44275,0.031973,1.5144,0.31043,0.0097808,0.1666,0.59881,0.026082,0.21248,1.430,0.213,1.727,1.696,0.616,3.097,4.709,0.559,0.657,4.709,0
0.30514,0.23097,0.053208,1.4461,0.31158,0.0078757,0.48483,0.20586,0.027922,0.22034,1.149,0.460,1.453,1.870,1.636,0.321,4.521,1.103,2.974,4.521,0
0.26889,0.22935,0.0037833,1.3827,0.081812,0.0040048,0.49884,0.64624,0.0075958,0.25477,0.127,1.568,0.220,2.654,2.325,1.410,4.634,0.397,2.013,4.634,0
0.75457,0.49691,0.017736,1.2504,0.25393,0.0055277,0.23071,0.4168,0.013736,0.34086,4.657,2.513,4.821,0.263,0.140,2.095,2.707,0.002,1.974,4.821,0
0.19499,0.28834,0.15909,1.39,0.14822,0.0040218,0.15366,0.39134,0.0082788,0.29304,0.747,2.107,0.380,3.097,1.842,0.758,3.861,2.907,2.675,3.861,0
0.37513,0.2221,0.09053,1.2466,0.18646,0.0048027,0.19006,0.29532,0.028985,0.238,1.139,0.482,1.439,1.903,2.153,1.284,3.989,1.689,2.806,3.989,0
0.58943,0.13232,0.13893,1.2032,0.16527,0.0068129,0.33514,0.35496,0.01177,0.28889,3.655,1.656,3.856,0.357,2.709,2.060,4.159,3.198,2.328,4.159,0
0.64878,0.44654,0.077112,1.0726,0.1892,0.0095354,0.12364,0.74973,0.0073975,0.2326,4.923,2.727,5.072,0.409,0.249,2.758,5.646,1.771,1.751,5.646,0
0.17198,0.48399,0.065389,1.2291,0.11326,0.0051487,0.248,0.65571,0.0096248,0.31938,0.799,2.158,0.432,3.139,0.232,1.718,3.185,1.081,1.814,3.185,0
0.77275,0.39541,0.21301,1.5647,0.11871,0.0022434,0.39138,0.51583,0.0095715,0.35955,3.199,1.289,3.425,0.612,1.427,0.313,2.592,3.576,1.685,3.576,0
0.53277,0.38411,0.15854,1.0514,0.23409,0.0084475,0.13943,0.70818,0.0066239,0.35732,3.712,1.695,3.908,0.338,0.211,1.797,3.514,4.362,1.339,4.362,0
0.54953,0.37039,0.18458,1.3238,0.33465,0.0051194,0.41259,0.6337,0.012497,0.27307,2.869,0.997,3.104,0.824,0.944,0.572,3.838,4.093,0.010,4.093,0
0.20602,0.22689,0.20635,1.1873,0.13494,0.0082631,0.25451,0.58364,0.016374,0.29002,0.027,1.445,0.365,2.614,1.687,0.380,3.910,5.460,1.602,5.460,0
0.39953,0.4432,0.079644,1.3276,0.28393,0.0004159,0.13229,0.25919,0.013407,0.28348,0.120,1.359,0.456,2.546,1.575,0.872,2.844,0.860,3.444,3.444,0
0.798,0.28237,0.050118,1.2197,0.32132,0.010065,0.23141,0.22445,0.029976,0.34928,6.870,4.388,6.945,1.614,0.658,1.025,2.758,1.400,3.091,6.945,0
0.65534,0.36683,0.0046432,1.1697,0.26415,0.0040409,0.1746,0.78089,0.0094884,0.39288,3.313,1.360,3.526,0.576,1.141,0.101,2.588,0.362,0.786,3.526,0
0.36301,0.29162,0.18507,1.3944,0.33848,0.004873,0.25799,0.23892,0.0275,0.31183,1.138,0.478,1.440,1.898,1.464,0.355,2.841,4.398,2.422,4.398,0
0.38262,0.1685,0.086506,1.4364,0.13787,0.00079128,0.47753,0.38745,0.020153,0.24393,0.043,1.418,0.385,2.582,3.020,2.761,4.144,0.895,1.709,4.144,0
0.45251,0.20064,0.022187,1.2607,0.21444,0.01013,0.42464,0.45204,0.014862,0.34055,3.351,1.408,3.567,0.519,1.644,0.315,3.472,0.299,1.400,3.567,0
0.36674,0.40978,0.049388,1.0659,0.1314,0.0086569,0.14203,0.39586,0.026091,0.23419,1.964,0.214,2.230,1.401,0.037,2.141,4.197,1.004,2.902,4.197,0
0.34125,0.34593,0.0053758,1.5976,0.16591,0.0074163,0.13034,0.56677,0.018844,0.27477,1.395,0.243,1.692,1.718,0.717,1.124,3.782,0.321,2.361,3.782,0
0.89243,0.44999,0.058933,1.5676,0.34664,0.0013971,0.46706,0.21808,0.023529,0.21339,3.706,1.731,3.916,0.255,1.240,0.245,3.468,0.607,2.774,3.916,0
0.4662,0.21082,0.1766,1.4918,0.23053,0.00747,0.24795,0.19297,0.019683,0.23675,2.730,0.898,2.977,0.888,1.924,0.759,4.587,4.343,3.250,4.587,0
0.66599,0.4654,0.19591,1.3073,0.084172,0.0046348,0.37194,0.31555,0.02903,0.27942,3.541,1.570,3.750,0.411,0.386,1.390,2.695,4.103,2.317,4.103,0
0.58099,0.12229,0.1034,1.2544,0.12019,0.0036848,0.25751,0.5114,0.028064,0.28576,2.567,0.732,2.811,1.024,3.007,2.654,3.501,1.823,1.217,3.501,0
0.5043,0.32754,0.1664,1.5798,0.37486,0.0037658,0.1661,0.48671,0.014289,0.31732,2.084,0.346,2.356,1.291,1.421,0.320,3.096,3.463,0.791,3.463,0
0.42387,0.21147,0.072799,1.2928,0.15781,0.0042594,0.49562,0.25506,0.010424,0.3058,1.387,0.271,1.677,1.735,2.330,1.535,3.745,1.157,3.091,3.745,0
0.21073,0.29488,0.1875,1.1452,0.36589,0.0043698,0.41169,0.40435,0.009956,0.22268,0.508,1.907,0.151,2.955,1.719,0.649,5.007,3.769,0.835,5.007,0
0.34157,0.49898,0.17005,1.1465,0.16868,0.010201,0.41664,0.46223,0.017654,0.26367,2.011,0.257,2.276,1.353,1.067,4.068,4.167,4.936,1.525,4.936,0
0.61765,0.37818,0.1159,1.5917,0.29897,0.0018317,0.17655,0.37585,0.024417,0.28937,2.182,0.422,2.447,1.242,1.505,0.611,2.675,1.841,1.878,2.675,1
0.69735,0.47268,0.076234,1.3188,0.25829,0.0011939,0.18122,0.28547,0.019728,0.34063,2.383,0.576,2.634,1.138,1.132,0.200,1.964,0.970,2.914,2.914,1
0.7104,0.22185,0.20895,1.0819,0.065831,0.00087727,0.30249,0.49232,0.024345,0.26589,2.130,0.349,2.387,1.309,2.737,2.361,3.493,2.892,1.445,3.493,0
0.51168,0.45562,0.013254,1.3591,0.24773,0.0061336,0.48944,0.27217,0.02855,0.34347,2.943,1.069,3.178,0.748,0.143,2.282,2.035,0.088,2.448,3.178,0
0.68706,0.43732,0.040803,1.2331,0.28358,0.0018101,0.25505,0.38446,0.0094685,0.26022,2.524,0.694,2.769,1.055,1.311,0.267,3.618,0.285,2.015,3.618,0
0.72508,0.43244,0.17385,1.101,0.35077,0.0099541,0.46378,0.50363,0.010727,0.25782,5.941,3.598,6.052,1.096,0.481,3.274,4.731,5.088,0.510,6.052,0
0.3304,0.39806,0.19646,1.416,0.20575,0.0066691,0.39382,0.6636,0.013862,0.36972,1.162,0.458,1.462,1.875,0.334,1.618,2.715,5.021,0.922,5.021,0
0.31045,0.27257,0.12377,1.2327,0.39875,0.0082688,0.22398,0.31034,0.006681,0.38497,1.340,0.318,1.630,1.790,1.120,0.347,3.280,3.511,2.197,3.511,0
0.74002,0.2037,0.20971,1.2841,0.25184,0.0061512,0.33285,0.62265,0.017963,0.37401,4.844,2.673,5.001,0.382,2.045,1.129,2.828,5.372,0.576,5.372,0
0.61524,0.4726,0.031164,1.5152,0.32683,0.0088677,0.19031,0.69553,0.022786,0.37544,4.814,2.662,4.977,0.378,0.979,3.323,2.389,0.609,0.264,4.977,0
0.3286,0.33115,0.18291,1.0614,0.23224,0.0058132,0.31503,0.60324,0.023178,0.30485,0.976,0.636,1.277,2.025,1.087,0.303,3.077,4.411,0.647,4.411,0
0.55165,0.38771,0.19206,1.5609,0.19094,0.0081605,0.31616,0.72675,0.010655,0.32739,3.786,1.792,3.991,0.245,0.195,1.917,3.550,5.128,1.122,5.128,0
0.71824,0.35913,0.10871,1.5357,0.12745,0.0027266,0.10553,0.27368,0.021733,0.38113,3.165,1.258,3.392,0.635,1.455,0.403,2.073,1.832,3.656,3.656,0
0.83524,0.36992,0.1957,1.3342,0.19511,0.00081959,0.49875,0.34017,0.015838,0.36806,2.954,1.066,3.185,0.749,1.843,1.169,2.188,2.993,1.855,3.185,0
0.69812,0.20955,0.029669,1.1979,0.16047,0.0033359,0.4156,0.31182,0.028487,0.30697,3.316,1.369,3.531,0.557,2.401,1.774,3.004,0.192,2.335,3.531,0
0.68117,0.36619,0.052637,1.3462,0.16142,0.0032521,0.29052,0.41848,0.017396,0.2834,3.074,1.171,3.301,0.702,1.413,0.224,3.253,0.626,1.872,3.301,0
0.85661,0.29339,0.089561,1.0072,0.37054,0.003705,0.20307,0.7459,0.015289,0.29464,4.701,2.536,4.858,0.272,1.744,0.838,3.438,1.653,0.237,4.858,0
0.81297,0.12764,0.022331,1.2727,0.10723,0.0042321,0.44738,0.38578,0.025981,0.34695,4.510,2.392,4.680,0.211,2.903,2.491,2.898,0.065,1.886,4.680,0
0.36133,0.39174,0.18377,1.1835,0.29105,0.0032849,0.38237,0.44045,0.014172,0.33478,0.664,0.899,0.978,2.214,1.137,0.041,2.735,3.663,0.805,3.663,0
0.48345,0.44221,0.083913,1.1845,0.20622,0.0057316,0.32863,0.54676,0.014962,0.3412,2.446,0.629,2.695,1.096,0.252,1.569,2.791,1.751,1.154,2.791,1
0.82092,0.14507,0.099674,1.1998,0.34527,0.0075945,0.16763,0.59111,0.029116,0.26573,6.122,3.757,6.228,1.162,2.445,1.710,3.828,2.603,0.283,6.228,0
0.20912,0.38257,0.21595,1.1585,0.13538,0.0083452,0.37445,0.55835,0.0086024,0.38754,0.089,1.396,0.423,2.581,0.224,1.868,3.082,5.967,1.829,5.967,0
0.89705,0.41267,0.12327,1.5522,0.31312,0.0085597,0.37695,0.37004,0.01886,0.30207,7.033,4.548,7.109,1.771,0.223,2.485,3.376,3.430,1.400,7.109,0
0.70719,0.44865,0.032192,1.0566,0.37224,0.0065488,0.48654,0.26666,0.028631,0.34577,4.872,2.686,5.024,0.435,0.211,2.262,2.103,0.522,2.167,5.024,0
0.27021,0.27747,0.22074,1.3877,0.062454,0.0050045,0.40974,0.73944,0.018427,0.37951,0.166,1.318,0.501,2.514,1.655,0.503,2.570,4.919,1.773,4.919,0
0.68005,0.25012,0.13994,1.1841,0.2667,0.0074936,0.27812,0.64364,0.007514,0.27064,4.668,2.518,4.830,0.264,1.610,0.276,4.618,3.376,0.837,4.830,0
0.68348,0.46633,0.040425,1.4127,0.38951,1.1529e-05,0.35277,0.70916,0.028904,0.32691,1.844,0.119,2.117,1.470,1.386,0.850,1.664,0.256,0.927,2.117,1
0.75745,0.2713,0.030041,1.5802,0.17367,0.010216,0.13595,0.20258,0.025469,0.21243,6.223,3.870,6.335,1.254,1.004,0.831,4.980,0.476,4.072,6.335,0
0.38955,0.19675,0.026309,1.2694,0.29878,0.0017539,0.48341,0.58796,0.01086,0.36019,0.472,1.060,0.795,2.304,2.671,2.282,3.023,0.053,0.372,3.023,0
0.85706,0.44507,0.051171,1.0618,0.36282,0.0099219,0.47077,0.18867,0.0057998,0.34711,7.107,4.593,7.170,1.821,0.698,3.413,3.753,1.296,3.330,7.170,0
0.22407,0.21734,0.01548,1.0881,0.37181,0.0045072,0.41476,0.57223,0.022252,0.3906,0.276,1.713,0.070,2.815,2.103,1.376,2.465,0.057,0.144,2.815,1
0.31445,0.41134,0.21717,1.1433,0.30029,0.010001,0.38286,0.271,0.0077443,0.25433,1.635,0.066,1.914,1.605,0.200,2.676,5.153,6.194,2.479,6.194,0
0.67011,0.1262,0.11799,1.1298,0.10659,0.0070154,0.46138,0.33899,0.0069334,0.35762,4.369,2.258,4.541,0.104,2.739,2.115,3.573,2.738,2.742,4.541,0
0.66374,0.14965,0.1603,1.0411,0.35142,0.0053475,0.10966,0.53301,0.023379,0.26289,3.946,1.897,4.134,0.188,2.634,2.070,3.971,3.739,1.387,4.134,0
0.33101,0.46438,0.053069,1.2014,0.13329,0.0061896,0.3442,0.61153,0.0052466,0.25655,0.936,0.663,1.241,2.040,0.293,1.844,4.700,0.788,1.883,4.700,0
0.4575,0.16722,0.02478,1.5016,0.34574,0.0041254,0.47289,0.66753,0.02947,0.35944,1.848,0.140,2.126,1.380,2.531,1.993,2.600,0.172,0.512,2.600,1
0.34989,0.43151,0.016467,1.2173,0.28503,0.0012495,0.1856,0.68578,0.023386,0.26601,0.028,1.442,0.367,2.610,1.398,0.545,2.786,0.167,0.358,2.786,1
0.42877,0.12365,0.16222,1.2569,0.057644,0.0090766,0.14941,0.23943,0.022853,0.30247,2.761,0.905,3.000,0.893,2.586,1.825,3.618,4.520,3.474,4.520,0
0.25873,0.411,0.035522,1.5215,0.076787,0.0018598,0.28986,0.54634,0.011057,0.23063,0.640,2.006,0.274,3.018,1.619,0.472,4.146,0.093,1.915,4.146,0
0.81572,0.25667,0.020875,1.4904,0.24673,0.0035821,0.31565,0.41718,0.028038,0.27151,4.306,2.235,4.491,0.076,2.011,1.165,3.322,0.003,1.267,4.491,0
0.35256,0.28721,0.18356,1.2798,0.17869,0.0026833,0.13098,0.43486,0.0099269,0.24928,0.327,1.181,0.656,2.416,2.103,1.251,4.343,2.957,2.371,4.343,0
0.4026,0.48004,0.14971,1.4928,0.21281,0.0094728,0.29021,0.6743,0.007491,0.23767,2.472,0.676,2.729,1.052,0.610,3.357,5.530,3.807,1.225,5.530,0
0.51247,0.41781,0.079547,1.0242,0.11884,0.002536,0.40301,0.2472,0.01392,0.29905,1.576,0.124,1.854,1.651,1.308,0.143,3.024,1.069,3.236,3.236,0
0.27804,0.40871,0.085006,1.2762,0.14422,0.0092287,0.18661,0.72618,0.017742,0.27393,1.048,0.561,1.351,1.962,0.107,2.415,4.010,2.147,1.515,4.010,0
0.71227,0.35755,0.21234,1.5407,0.30701,0.0010369,0.28376,0.79656,0.0071779,0.23098,2.300,0.523,2.561,1.168,1.945,1.219,4.419,3.057,0.196,4.419,0
0.83402,0.19048,0.13345,1.126,0.28808,0.0047941,0.20796,0.78983,0.01604,0.21818,4.864,2.685,5.018,0.388,2.438,1.713,5.004,2.608,0.184,5.018,0
0.70472,0.47399,0.017905,1.0019,0.36891,0.0031452,0.42983,0.56222,0.011909,0.29365,3.343,1.378,3.552,0.559,0.655,0.719,3.054,0.073,0.089,3.552,0
0.28065,0.19556,0.033159,1.0633,0.11639,0.0027411,0.14042,0.20463,0.014396,0.26231,0.234,1.676,0.111,2.787,2.666,2.127,4.136,0.161,4.208,4.208,0
0.19519,0.47987,0.16443,1.2252,0.26999,0.0041877,0.47795,0.21187,0.0091066,0.25256,0.698,2.070,0.335,3.072,0.487,1.358,3.935,3.143,3.077,3.935,0
0.34375,0.38494,0.19671,1.4976,0.067182,9.9996e-05,0.2788,0.34311,0.026352,0.37472,0.377,1.783,0.021,2.855,1.949,1.381,1.706,2.662,2.191,2.855,1
0.84815,0.42278,0.052323,1.5011,0.26355,0.0092376,0.22622,0.57055,0.009558,0.31248,6.733,4.286,6.819,1.543,0.328,2.696,3.928,1.191,1.169,6.819,0
0.84725,0.19231,0.10932,1.4747,0.15618,0.00094497,0.27755,0.31,0.029714,0.34813,3.124,1.221,3.351,0.662,2.796,2.495,2.507,1.517,2.358,3.351,0
0.46293,0.27504,0.19188,1.139,0.31833,0.0040273,0.28408,0.44311,0.014485,0.35387,1.797,0.070,2.069,1.508,1.793,0.881,2.883,4.186,0.764,4.186,0
0.69237,0.20122,0.057951,1.5037,0.080116,0.0087801,0.25406,0.44849,0.028569,0.37001,5.352,3.120,5.494,0.710,1.727,0.511,2.659,1.443,1.884,5.494,0
0.65258,0.49785,0.099004,1.4022,0.096232,0.0085187,0.19379,0.22393,0.022427,0.36725,4.870,2.703,5.029,0.405,0.930,3.405,2.417,2.671,3.573,5.029,0
0.2997,0.4036,0.18001,1.1907,0.053534,0.0017255,0.20214,0.70586,0.026403,0.34585,0.274,1.706,0.074,2.805,1.488,0.538,2.015,2.893,1.424,2.893,1
0.29293,0.33864,0.10804,1.4121,0.34435,0.0083491,0.31086,0.38421,0.016077,0.30596,1.130,0.484,1.432,1.902,0.509,1.322,3.572,2.930,1.344,3.572,0
0.21211,0.26295,0.072254,1.2253,0.37269,0.001579,0.48807,0.69505,0.016454,0.2467,0.927,2.268,0.555,3.210,2.313,1.788,3.995,0.921,0.692,3.995,0
0.55915,0.32022,0.15619,1.0538,0.21811,0.008472,0.40443,0.33021,0.027428,0.29259,4.061,1.996,4.244,0.108,0.697,1.033,3.309,4.442,1.899,4.442,0
0.28004,0.29183,0.091881,1.072,0.10952,0.0048675,0.10728,0.62847,0.02951,0.21353,0.215,1.286,0.545,2.497,1.694,0.532,4.268,1.621,2.189,4.268,0
0.40839,0.29685,0.21792,1.2624,0.11139,0.0064508,0.13166,0.74736,0.023796,0.36466,1.925,0.188,2.195,1.416,1.221,0.167,2.567,5.555,1.436,5.555,0
0.32139,0.12845,0.1025,1.2725,0.14837,0.0061965,0.26562,0.59059,0.012652,0.37039,0.940,0.658,1.246,2.035,2.748,2.175,3.172,2.291,1.560,3.172,0
0.34449,0.24938,0.092171,1.4112,0.23842,0.00037385,0.3212,0.60102,0.029573,0.26479,0.257,1.680,0.094,2.780,2.580,2.245,3.184,1.083,0.287,3.184,0
0.65926,0.49699,0.1471,1.4034,0.098572,0.0088529,0.3376,0.51466,0.0097896,0.38542,4.938,2.758,5.093,0.444,0.880,3.564,2.964,4.066,2.092,5.093,0
0.71536,0.23848,0.11133,1.5588,0.17496,0.007925,0.34378,0.41588,0.023054,0.30087,5.219,3.013,5.368,0.639,1.531,0.175,3.437,2.857,1.538,5.368,0
0.54259,0.16115,0.1773,1.5645,0.37312,0.0049651,0.15794,0.60362,0.011527,0.25753,2.760,0.921,3.006,0.878,2.588,1.949,4.531,3.827,0.370,4.531,0
0.39491,0.14454,0.063075,1.2147,0.3304,0.0040697,0.27662,0.66817,0.022098,0.33934,1.220,0.419,1.515,1.861,2.757,2.319,3.034,1.111,0.063,3.034,0
0.32063,0.35464,0.0012654,1.5961,0.23439,0.0038244,0.16113,0.47116,0.027369,0.26785,0.412,1.091,0.744,2.340,1.267,0.025,3.119,0.443,1.998,3.119,0
0.33285,0.32047,0.19982,1.3352,0.32323,0.0066479,0.10062,0.26614,0.018073,0.39931,1.256,0.383,1.552,1.832,0.890,0.575,2.456,5.454,2.747,5.454,0
0.3477,0.14071,0.12658,1.132,0.22214,0.0046047,0.1494,0.3672,0.022387,0.34289,0.882,0.714,1.188,2.080,2.761,2.285,3.021,2.713,2.419,3.021,0
0.20664,0.24368,0.1056,1.483,0.27692,0.0043422,0.49455,0.35893,0.020422,0.36204,0.518,1.906,0.158,2.938,1.942,1.029,2.652,2.181,1.441,2.938,1
0.59058,0.49234,0.1153,1.4027,0.14308,0.004471,0.45954,0.50048,0.027864,0.33302,2.977,1.092,3.209,0.745,0.100,1.823,1.906,2.354,1.094,3.209,0
0.58901,0.21496,0.022434,1.3609,0.3751,0.0095363,0.45412,0.6376,0.018246,0.3416,4.748,2.600,4.911,0.388,1.487,0.069,3.260,0.321,0.279,4.911,0
0.66179,0.41333,0.13422,1.2592,0.18892,0.0037424,0.28839,0.71528,0.015492,0.22061,3.080,1.174,3.306,0.702,1.101,0.346,4.340,2.259,0.913,4.340,0
0.61562,0.37386,0.02304,1.3236,0.3032,0.006886,0.49608,0.37827,0.012486,0.27862,4.000,1.961,4.192,0.090,0.571,1.406,3.890,0.171,1.505,4.192,0
0.85595,0.17947,0.21475,1.0966,0.37118,0.0051306,0.21837,0.44776,0.022125,0.28435,5.387,3.126,5.519,0.703,2.391,1.720,3.636,5.146,0.467,5.519,0
0.87631,0.37872,0.057056,1.4452,0.33518,0.0074263,0.19169,0.20662,0.0077791,0.27603,6.319,3.936,6.422,1.292,0.451,1.474,4.380,1.140,3.550,6.422,0
0.22749,0.47343,0.15723,1.4846,0.15433,0.0027451,0.19636,0.389,0.016014,0.22834,0.684,2.045,0.316,3.047,0.949,0.522,3.790,2.434,2.224,3.790,0
0.2838,0.26437,0.20669,1.1473,0.23189,0.0090376,0.22012,0.33238,0.025522,0.3581,1.189,0.449,1.484,1.886,1.061,0.440,2.781,6.392,2.003,6.392,0
0.43441,0.16866,0.2072,1.0481,0.10837,0.0088331,0.26662,0.18671,0.024202,0.27676,2.773,0.903,3.008,0.903,2.167,1.168,3.868,5.753,3.296,5.753,0
0.4735,0.40973,0.15801,1.3578,0.062265,0.0066393,0.32824,0.67543,0.021072,0.22869,2.472,0.669,2.726,1.052,0.520,1.489,4.296,3.389,1.831,4.296,0
0.17223,0.30624,0.11958,1.0256,0.13477,0.003498,0.38394,0.70545,0.0097605,0.22578,1.034,2.367,0.661,3.296,1.919,0.884,4.873,1.825,1.461,4.873,0
0.43235,0.38575,0.11819,1.4587,0.20054,0.009061,0.32602,0.2275,0.022299,0.30522,2.862,1.005,3.102,0.812,0.037,2.208,3.311,3.327,3.081,3.327,0
0.41551,0.35236,0.1911,1.2035,0.31082,0.0076502,0.42552,0.52319,0.025858,0.2441,2.338,0.543,2.593,1.135,0.575,1.306,3.919,5.127,0.298,5.127,0
0.52632,0.25224,0.099408,1.021,0.26119,0.0049888,0.24381,0.57985,0.0060842,0.37485,2.611,0.756,2.849,1.018,1.872,0.901,3.201,2.047,1.085,3.201,0
0.68615,0.24602,0.092055,1.3402,0.12208,0.0021617,0.16099,0.42359,0.016523,0.33625,2.635,0.794,2.878,0.979,2.358,1.732,2.922,1.303,2.542,2.922,1
0.86878,0.26332,0.013364,1.453,0.20521,0.0054649,0.4331,0.3684,0.027943,0.27983,5.523,3.268,5.659,0.860,1.672,0.532,3.329,0.124,1.689,5.659,0
0.51954,0.30566,0.21661,1.3178,0.20339,0.0031039,0.25817,0.63881,0.0097294,0.28751,1.847,0.126,2.121,1.461,1.858,0.892,3.730,3.914,1.064,3.914,0
0.65408,0.40157,0.055656,1.5973,0.24538,0.0078989,0.15594,0.62298,0.010764,0.29091,4.623,2.506,4.796,0.268,0.151,1.984,3.985,1.133,1.299,4.796,0
0.40193,0.12944,0.051958,1.45,0.37944,0.010137,0.47734,0.57508,0.027074,0.25076,2.844,1.006,3.088,0.691,2.393,1.534,4.241,1.347,0.225,4.241,0
0.74955,0.24679,0.21073,1.4047,0.36177,0.00098257,0.16708,0.67074,0.018322,0.22661,2.603,0.775,2.850,0.987,2.505,2.090,4.262,3.289,0.092,4.262,0
0.44349,0.48745,0.13953,1.2104,0.3198,0.0055948,0.24892,0.58562,0.0075534,0.26139,1.991,0.243,2.258,1.378,0.066,1.908,4.220,2.987,0.629,4.220,0
0.20731,0.3414,0.13279,1.5731,0.15098,0.0095004,0.25569,0.78442,0.0081657,0.2551,0.164,1.306,0.504,2.500,0.547,1.619,5.063,3.350,1.602,5.063,0
0.85089,0.49131,0.12668,1.0969,0.31672,0.007464,0.20131,0.23503,0.0086709,0.25054,6.069,3.702,6.174,1.114,0.354,2.637,4.688,3.032,3.096,6.174,0
0.86068,0.46197,0.012337,1.3599,0.30048,0.010022,0.18527,0.71493,0.025994,0.29393,7.279,4.743,7.341,1.872,0.995,3.477,3.286,0.034,0.390,7.341,0
0.89966,0.30429,0.2052,1.2031,0.39801,0.0043999,0.1369,0.75338,0.0070664,0.29451,5.313,3.068,5.450,0.663,1.558,0.468,3.902,4.471,0.020,5.450,0
0.69031,0.30066,0.053601,1.2536,0.11739,0.0034389,0.16343,0.51867,0.010191,0.36702,3.195,1.265,3.414,0.641,1.801,0.808,2.860,0.683,2.335,3.414,0
0.78138,0.31296,0.15343,1.1641,0.21594,0.0054325,0.12022,0.39889,0.020813,0.28298,4.792,2.624,4.949,0.344,1.337,0.033,3.454,3.417,2.465,4.949,0
0.2632,0.24416,0.05402,1.1073,0.22145,0.0024581,0.40801,0.40779,0.013788,0.35927,0.372,1.795,0.022,2.875,2.296,1.685,2.841,0.656,1.538,2.875,1
0.31149,0.29862,0.028823,1.027,0.27576,0.00072541,0.31391,0.22032,0.011651,0.25606,0.406,1.826,0.056,2.899,2.322,1.846,3.912,0.013,3.308,3.912,0
0.68297,0.17174,0.2118,1.2781,0.31553,0.0047809,0.19435,0.2178,0.029912,0.21985,3.846,1.831,4.044,0.223,2.519,1.885,4.393,4.688,2.615,4.688,0
0.53941,0.44587,0.1729,1.0804,0.33449,0.0086529,0.40565,0.69277,0.011262,0.2822,3.876,1.843,4.067,0.202,0.363,2.935,4.024,4.817,0.092,4.817,0
0.43277,0.13694,0.017421,1.3656,0.091838,0.0055772,0.42591,0.2534,0.024308,0.39868,1.930,0.198,2.201,1.401,2.692,2.130,2.546,0.000,3.142,3.142,0
0.7631,0.13363,0.047658,1.0219,0.28916,0.0019457,0.37082,0.28065,0.0087467,0.34441,3.135,1.199,3.351,0.697,3.066,2.837,3.435,0.484,2.639,3.435,0
0.69147,0.13101,0.12,1.0039,0.17861,0.005385,0.45483,0.33499,0.0066649,0.22286,3.857,1.818,4.047,0.225,2.899,2.370,5.596,2.186,2.488,5.596,0
0.71875,0.42771,0.14181,1.3717,0.057737,0.0083132,0.40496,0.55968,0.0077297,0.2282,5.007,2.822,5.161,0.509,0.210,2.377,5.478,3.096,2.425,5.478,0
0.2119,0.34222,0.015608,1.3315,0.33725,0.0019186,0.2607,0.61582,0.0084209,0.28684,0.887,2.230,0.515,3.189,1.784,0.972,3.580,0.169,0.394,3.580,0
0.45928,0.30142,0.0027863,1.2098,0.35342,0.005192,0.38823,0.34978,0.017802,0.26171,2.096,0.334,2.360,1.307,1.441,0.239,3.895,0.404,1.649,3.895,0
0.4713,0.3294,0.027002,1.3791,0.11069,0.0052165,0.35727,0.51192,0.025931,0.30628,2.157,0.396,2.421,1.255,1.221,0.162,2.904,0.209,1.370,2.904,1
0.75295,0.13493,0.18558,1.0408,0.24748,0.0080258,0.4538,0.32623,0.022767,0.29644,5.608,3.311,5.730,0.882,2.535,1.824,3.648,5.162,1.841,5.730,0
0.79676,0.26362,0.21641,1.3059,0.36294,0.0059655,0.28786,0.61508,0.020238,0.21986,5.185,2.971,5.331,0.602,1.648,0.469,4.682,5.098,0.167,5.331,0
0.76733,0.40888,0.15336,1.3868,0.26965,0.0050017,0.15935,0.32022,0.0073142,0.2591,4.426,2.327,4.602,0.135,0.788,0.878,4.327,3.072,2.684,4.602,0
0.66146,0.48577,0.052541,1.3413,0.30259,0.0029728,0.13403,0.79849,0.026976,0.31691,3.003,1.109,3.232,0.748,0.496,0.863,2.060,0.726,0.269,3.232,0
0.35065,0.22608,0.21099,1.4185,0.39314,0.0010127,0.30942,0.22239,0.010578,0.33776,0.001,1.458,0.343,2.618,2.566,2.212,3.122,3.559,2.530,3.559,0
0.19219,0.39473,0.092437,1.2497,0.24485,0.0089571,0.13886,0.46007,0.0084653,0.24947,0.063,1.519,0.279,2.666,0.163,2.062,5.058,2.230,2.393,5.058,0
0.66913,0.28419,0.059853,1.1535,0.352,0.0044552,0.3652,0.36654,0.018471,0.26344,3.618,1.624,3.820,0.380,1.696,0.678,3.814,0.996,1.392,3.820,0
0.27911,0.34865,0.090047,1.374,0.20965,0.0034515,0.35068,0.66501,0.0085338,0.22126,0.121,1.562,0.226,2.693,1.606,0.399,4.912,1.273,1.005,4.912,0
0.87587,0.16469,0.12743,1.0875,0.1712,0.0049574,0.34939,0.66888,0.0069861,0.38716,5.214,2.973,5.351,0.592,2.573,1.946,3.178,2.666,1.371,5.351,0
0.21931,0.24985,0.16417,1.2118,0.12907,0.0050939,0.42356,0.45005,0.0097757,0.39567,0.314,1.741,0.036,2.833,1.877,0.854,2.855,3.586,1.810,3.586,0
0.50507,0.32184,0.19117,1.2958,0.18251,0.0089218,0.40779,0.7787,0.021816,0.38392,3.661,1.680,3.867,0.291,0.519,1.458,2.556,5.793,0.805,5.793,0
0.67146,0.20939,0.033281,1.5194,0.19759,0.0036909,0.13834,0.55511,0.023187,0.3349,3.291,1.366,3.513,0.557,2.327,1.633,2.874,0.300,1.886,3.513,0
0.34735,0.12982,0.1148,1.3629,0.15863,0.0020065,0.49751,0.53496,0.027652,0.24596,0.155,1.325,0.492,2.488,3.103,2.848,4.010,1.675,0.873,4.010,0
0.29116,0.34398,0.12197,1.1403,0.21923,0.0097175,0.18427,0.67821,0.011335,0.27653,1.302,0.352,1.593,1.815,0.417,1.641,4.457,3.355,1.257,4.457,0
0.30138,0.47815,0.08632,1.5148,0.2692,0.0087313,0.35744,0.66692,0.029605,0.28005,1.316,0.316,1.614,1.771,0.879,3.506,2.989,2.334,0.227,3.506,0
0.33011,0.39283,0.10746,1.2853,0.15832,0.0051415,0.35247,0.78077,0.0086838,0.37965,0.777,0.798,1.088,2.138,0.779,0.816,2.794,2.200,1.260,2.794,1
0.58788,0.1412,0.21922,1.5198,0.24234,0.0059457,0.21691,0.62721,0.0058595,0.33759,3.405,1.461,3.622,0.492,2.668,2.025,3.779,5.133,1.079,5.133,0
0.2237,0.16667,0.18725,1.4688,0.29309,0.0092024,0.16176,0.76662,0.0075877,0.25693,0.366,1.138,0.697,2.379,2.179,1.098,5.010,5.049,0.635,5.049,0
0.19915,0.36758,0.1793,1.4214,0.32749,0.0060185,0.12177,0.73668,0.026943,0.38426,0.301,1.721,0.051,2.812,0.554,0.986,2.117,4.769,0.226,4.769,0
0.59724,0.13334,0.1438,1.4945,0.20637,0.0065715,0.34898,0.41085,0.028964,0.34095,3.833,1.828,4.035,0.221,2.621,2.000,2.927,3.702,1.188,4.035,0
0.73593,0.20255,0.074257,1.4646,0.18912,0.0033233,0.19392,0.60503,0.012506,0.34503,3.527,1.563,3.739,0.416,2.461,1.823,3.161,1.139,1.302,3.739,0
0.6753,0.33723,0.014496,1.4148,0.055694,0.0021278,0.31365,0.2616,0.0073715,0.39357,2.473,0.657,2.723,1.079,1.835,0.914,2.581,0.202,3.614,3.614,0
0.40342,0.18972,0.13662,1.0428,0.37546,0.0029151,0.38613,0.28493,0.010713,0.26126,0.920,0.685,1.223,2.062,2.614,2.126,4.347,2.461,2.106,4.347,0
0.28429,0.30631,0.028594,1.5395,0.36158,0.0022485,0.39166,0.49011,0.028953,0.25755,0.216,1.638,0.136,2.746,1.856,1.097,3.217,0.131,0.008,3.217,0
0.65858,0.35443,0.054231,1.5632,0.31915,0.010094,0.33492,0.24068,0.023335,0.35433,5.591,3.325,5.725,0.861,0.094,2.206,2.847,1.508,2.782,5.725,0
0.21781,0.49476,0.11097,1.3277,0.279,0.0059132,0.11229,0.75374,0.023446,0.3496,0.139,1.584,0.206,2.713,0.353,2.323,2.206,2.656,0.747,2.713,1
0.83037,0.46171,0.21064,1.2675,0.38051,0.0041122,0.4467,0.52224,0.017101,0.22516,4.657,2.521,4.823,0.309,0.515,1.149,3.943,4.360,0.051,4.823,0
0.82121,0.48856,0.21577,1.3382,0.10125,0.0043915,0.29192,0.3207,0.015591,0.22666,4.411,2.316,4.588,0.129,0.510,1.376,4.118,3.950,2.587,4.588,0
0.20194,0.1529,0.11421,1.4676,0.14615,0.0070834,0.21143,0.7694,0.026191,0.31566,0.168,1.601,0.181,2.721,2.425,1.638,3.247,2.825,1.092,3.247,0
0.67747,0.45859,0.19256,1.4707,0.23077,0.0097459,0.35717,0.69823,0.0097501,0.39571,5.495,3.235,5.630,0.796,0.870,3.642,2.939,5.936,0.875,5.936,0
0.6524,0.45347,0.14227,1.2535,0.32767,0.0014176,0.4812,0.5048,0.0055702,0.23227,2.128,0.356,2.388,1.287,1.343,0.314,4.213,2.027,0.568,4.213,0
0.71934,0.48988,0.053335,1.4531,0.13059,0.0012942,0.42242,0.56733,0.019822,0.25723,2.401,0.604,2.656,1.109,1.187,0.055,2.832,0.424,1.209,2.832,1
0.86795,0.34334,0.097386,1.1184,0.20849,0.0010455,0.47666,0.52682,0.0084907,0.22379,3.126,1.203,3.347,0.662,2.109,1.422,4.579,1.080,1.156,4.579,0
0.36356,0.40272,0.12102,1.0033,0.38379,0.0047039,0.27607,0.53997,0.016272,0.3154,1.094,0.540,1.389,1.958,0.718,0.684,2.972,2.663,0.131,2.972,1
0.28198,0.3799,0.031355,1.3185,0.20537,0.0094959,0.32802,0.53237,0.0094496,0.28449,1.134,0.486,1.434,1.907,0.122,2.131,4.427,0.507,1.505,4.427,0
0.55313,0.1368,0.049331,1.5875,0.20676,0.0019736,0.34732,0.73488,0.022568,0.33448,1.769,0.067,2.050,1.502,3.022,2.752,3.013,0.511,0.443,3.022,0
0.84132,0.21389,0.16792,1.4757,0.31616,0.0019018,0.39752,0.7793,0.028866,0.32186,3.744,1.752,3.949,0.272,2.500,2.052,2.739,3.046,0.715,3.949,0
0.4948,0.25539,0.20646,1.3752,0.20308,0.0082915,0.20631,0.38312,0.012895,0.23139,3.185,1.277,3.411,0.618,1.490,0.020,5.101,5.134,2.073,5.134,0
0.50165,0.24494,0.036259,1.0147,0.38173,0.00021832,0.42959,0.19126,0.02015,0.27891,0.826,0.768,1.131,2.121,2.607,2.361,3.331,0.168,3.126,3.331,0
0.59155,0.40733,0.081324,1.2277,0.25013,0.0092922,0.44218,0.42428,0.016519,0.38086,4.624,2.483,4.788,0.266,0.343,2.743,2.691,2.304,1.249,4.788,0
0.81965,0.39617,0.20615,1.4583,0.27074,0.0060017,0.25916,0.4869,0.010545,0.22087,5.200,2.993,5.349,0.619,0.714,1.104,5.033,4.427,1.054,5.349,0
0.23554,0.47919,0.06002,1.2709,0.068393,0.010159,0.22862,0.50965,0.027644,0.29286,0.712,0.850,1.027,2.173,1.021,3.661,3.259,1.558,1.763,3.661,0
0.697,0.31964,0.11728,1.3778,0.12164,0.0099318,0.47328,0.72127,0.02438,0.21642,5.562,3.302,5.696,0.916,0.607,2.041,4.756,3.091,1.405,5.696,0
0.29238,0.25949,0.036598,1.2987,0.060393,0.0074807,0.48256,0.35658,0.013116,0.22589,0.785,0.784,1.098,2.106,1.646,0.102,5.126,0.445,2.718,5.126,0
0.71346,0.26826,0.073543,1.0622,0.31708,0.0046533,0.40602,0.71867,0.022745,0.2303,3.998,1.944,4.184,0.142,1.822,0.836,4.250,1.310,0.289,4.250,0
0.84074,0.41071,0.19961,1.3548,0.25773,0.0082842,0.49363,0.33832,0.012904,0.38457,6.436,4.045,6.533,1.443,0.171,2.563,2.703,5.763,1.852,6.533,0
0.58847,0.26512,0.15681,1.1568,0.18078,0.0045437,0.40876,0.18593,0.02684,0.36069,3.023,1.114,3.247,0.749,1.775,0.816,2.463,3.479,3.292,3.479,0
0.70725,0.16295,0.16928,1.5829,0.26943,0.0091032,0.47922,0.56833,0.0073864,0.33129,5.515,3.265,5.653,0.869,2.160,1.077,3.900,4.793,0.892,5.653,0
0.42906,0.17343,0.053761,1.1277,0.24524,0.0044471,0.21033,0.69382,0.023964,0.38228,1.631,0.073,1.908,1.612,2.491,1.910,2.569,0.917,0.535,2.569,1
0.65348,0.23358,0.11493,1.5091,0.30784,0.0017635,0.30483,0.42576,0.0090208,0.29779,2.329,0.542,2.587,1.158,2.467,1.945,3.688,1.715,1.183,3.688,0
0.77571,0.47598,0.11142,1.2632,0.15802,0.0033445,0.2199,0.50342,0.027481,0.25412,3.807,1.796,4.006,0.249,0.656,0.852,2.896,1.896,1.112,4.006,0
0.69093,0.32313,0.07027,1.1271,0.36958,0.0072944,0.24274,0.547,0.0063697,0.32311,4.824,2.644,4.977,0.351,0.908,0.673,3.831,1.604,0.604,4.977,0
0.21366,0.13662,0.21958,1.4087,0.24901,0.0069479,0.12154,0.40144,0.0055924,0.25272,0.118,1.559,0.229,2.691,2.683,1.977,5.106,5.077,2.333,5.106,0
0.54074,0.19663,0.15541,1.4889,0.21842,0.0034913,0.3496,0.56636,0.013323,0.28369,2.172,0.412,2.437,1.252,2.508,1.862,3.882,2.828,0.968,3.882,0
0.69365,0.36837,0.15889,1.305,0.062813,0.0085885,0.24472,0.20046,0.014555,0.21605,4.946,2.767,5.102,0.452,0.581,1.568,5.333,3.681,3.726,5.333,0
0.75763,0.35157,0.098701,1.2124,0.13214,0.0015267,0.23983,0.52793,0.019253,0.34244,2.813,0.938,3.046,0.877,1.832,1.057,2.419,1.355,1.330,3.046,0
0.48575,0.35962,0.15948,1.529,0.39918,0.0054019,0.22942,0.32925,0.01699,0.36243,2.491,0.689,2.746,1.044,0.781,0.665,2.601,3.931,1.670,3.931,0
0.49096,0.34828,0.18632,1.4632,0.29376,0.0054093,0.27083,0.56345,0.021515,0.33988,2.498,0.692,2.751,1.043,0.926,0.505,2.664,4.521,0.412,4.521,0
0.33934,0.13857,0.14196,1.0678,0.17748,0.0093064,0.49522,0.4718,0.020909,0.35276,1.874,0.136,2.142,1.377,2.373,1.520,3.130,4.238,1.322,4.238,0
0.73541,0.23266,0.15219,1.0282,0.39709,0.0086911,0.3907,0.7516,0.017404,0.23734,5.696,3.385,5.815,0.911,1.553,0.247,4.751,4.234,0.955,5.815,0
0.24331,0.21516,0.16844,1.0545,0.22517,0.0069112,0.28874,0.44233,0.0084055,0.29533,0.241,1.269,0.568,2.490,1.979,0.908,4.163,4.050,1.545,4.163,0
0.22321,0.49952,0.02637,1.5641,0.076365,0.0046188,0.24322,0.51338,0.029237,0.23154,0.392,1.788,0.033,2.854,0.218,1.739,3.260,0.115,1.475,3.260,0
0.52587,0.21087,0.096537,1.3803,0.16395,0.0017104,0.43636,0.40528,0.029719,0.28145,1.459,0.203,1.749,1.699,2.615,2.166,3.177,1.357,1.230,3.177,0
0.33709,0.30652,0.17871,1.5787,0.080562,0.0011919,0.22841,0.36705,0.011728,0.39409,0.160,1.592,0.189,2.714,2.159,1.499,2.379,2.629,2.544,2.714,1
0.7751,0.42213,0.024354,1.5952,0.23155,0.0077811,0.18848,0.45254,0.019188,0.30361,5.685,3.409,5.817,0.920,0.100,2.253,3.267,0.259,1.939,5.817,0
0.86997,0.13988,0.21261,1.4701,0.13291,0.0071881,0.11768,0.47175,0.028971,0.21738,6.081,3.744,6.196,1.164,2.605,1.863,4.661,5.118,1.933,6.196,0
0.35338,0.461,0.12598,1.3361,0.20605,0.0055901,0.46806,0.40835,0.012049,0.37891,1.142,0.481,1.441,1.890,0.087,1.971,2.421,2.842,1.543,2.842,1
0.2085,0.36513,0.0063523,1.4886,0.083722,0.0018531,0.19257,0.74232,0.029348,0.37664,0.934,2.267,0.560,3.214,1.609,0.720,1.811,0.347,1.191,3.214,0
0.41415,0.4354,0.19162,1.4433,0.099295,0.00069302,0.44142,0.65291,0.025727,0.26894,0.242,1.246,0.577,2.451,1.614,0.776,2.579,2.609,1.070,2.609,1
0.53069,0.23066,0.031742,1.0948,0.23573,0.0095609,0.20598,0.34781,0.013016,0.37209,4.069,2.003,4.252,0.112,1.394,0.009,3.194,0.618,2.711,4.252,0
0.24086,0.21143,0.202,1.2891,0.36842,0.0085257,0.15427,0.36931,0.010473,0.21277,0.475,1.051,0.800,2.320,1.841,0.594,5.706,5.231,1.792,5.706,0
0.32967,0.2632,0.18805,1.5191,0.10066,0.0026523,0.48735,0.34161,0.010685,0.26763,0.107,1.360,0.447,2.537,2.258,1.440,4.044,2.948,2.436,4.044,0
0.44859,0.15798,0.13583,1.0011,0.22911,0.0097393,0.28157,0.41911,0.026057,0.37263,3.304,1.349,3.516,0.583,2.089,1.135,2.797,4.324,1.352,4.324,0
0.38575,0.19872,0.017563,1.1528,0.11024,0.0017993,0.41563,0.3149,0.02086,0.23323,0.349,1.168,0.675,2.409,2.760,2.316,4.277,0.169,2.634,4.277,0
0.55714,0.21705,0.18887,1.2164,0.054661,0.0021038,0.34315,0.20738,0.024547,0.34912,1.780,0.054,2.052,1.522,2.540,2.021,2.623,3.174,3.341,3.341,0
0.56994,0.48891,0.14958,1.5944,0.16175,0.0071456,0.33038,0.23047,0.017433,0.3513,3.686,1.707,3.895,0.308,0.521,2.856,2.620,3.813,3.145,3.895,0
0.85796,0.18706,0.17788,1.1707,0.36712,0.0022057,0.40268,0.25192,0.029216,0.2143,3.972,1.931,4.162,0.146,2.689,2.291,4.343,3.182,2.098,4.343,0
0.8853,0.34643,0.095339,1.4199,0.29742,0.0076871,0.26155,0.73612,0.018453,0.38905,6.666,4.225,6.753,1.501,0.469,1.272,2.553,2.553,0.146,6.753,0
0.43291,0.14197,0.043351,1.0976,0.28011,0.0049002,0.44354,0.55741,0.013207,0.21553,1.664,0.041,1.942,1.568,2.811,2.283,5.315,0.524,0.666,5.315,0
0.38623,0.16608,0.096084,1.1553,0.21898,0.0069727,0.12108,0.5729,0.0051324,0.33716,1.774,0.051,2.047,1.523,2.378,1.544,3.850,2.183,2.275,3.850,0
0.71406,0.15535,0.10943,1.2042,0.30869,0.0030484,0.27488,0.43462,0.017541,0.2403,3.301,1.358,3.517,0.571,2.839,2.430,4.469,1.837,1.028,4.469,0
0.74941,0.17275,0.0076299,1.0206,0.26065,0.0023266,0.15721,0.77593,0.025376,0.32225,3.280,1.326,3.492,0.603,2.758,2.394,2.985,0.313,0.449,3.492,0
0.21024,0.48287,0.19178,1.5347,0.28378,0.0038556,0.32978,0.21494,0.0090837,0.23116,0.630,1.997,0.264,3.011,0.551,1.158,4.340,3.519,2.995,4.340,0
0.30906,0.32952,0.014047,1.2202,0.052039,0.0041507,0.28286,0.35336,0.016648,0.24206,0.279,1.225,0.609,2.449,1.616,0.349,4.158,0.183,2.909,4.158,0
0.72606,0.14238,0.00016182,1.1831,0.11657,0.0088592,0.43165,0.33446,0.018044,0.21388,5.385,3.133,5.520,0.747,2.503,1.622,5.299,0.468,2.647,5.520,0
0.501,0.32552,0.086131,1.5094,0.2538,0.0085115,0.27305,0.34721,0.0088689,0.34267,3.424,1.484,3.643,0.468,0.649,1.204,3.562,2.189,2.334,3.643,0
0.5559,0.21398,0.087812,1.147,0.29727,0.0040897,0.34099,0.78117,0.019236,0.29334,2.599,0.752,2.840,1.013,2.269,1.552,3.499,1.632,0.217,3.499,0
0.71245,0.1827,0.0090803,1.5509,0.30365,0.0028319,0.29294,0.55037,0.022406,0.32085,3.282,1.361,3.505,0.560,2.607,2.122,3.065,0.271,0.388,3.505,0
0.41466,0.26172,0.024876,1.4771,0.38144,0.0060099,0.22453,0.56947,0.0088242,0.29766,1.881,0.165,2.158,1.426,1.610,0.413,3.962,0.199,0.464,3.962,0
0.62,0.33674,0.088072,1.1116,0.095425,0.0066567,0.41096,0.52194,0.0066524,0.3762,3.837,1.803,4.028,0.251,0.985,0.663,3.185,1.898,2.136,4.028,0
0.49144,0.48419,0.16505,1.1448,0.20258,0.00905,0.47215,0.69182,0.027967,0.25994,3.510,1.552,3.722,0.305,0.901,4.046,3.228,4.722,0.644,4.722,0
0.75642,0.30397,0.1424,1.3554,0.12347,0.0049404,0.11653,0.75803,0.029661,0.34005,4.440,2.337,4.615,0.144,1.411,0.203,2.486,3.150,1.197,4.615,0
0.205,0.12192,0.01512,1.1666,0.35983,0.0025697,0.23547,0.39691,0.014265,0.26665,0.821,2.179,0.454,3.155,3.089,2.842,4.232,0.156,1.700,4.232,0
0.16464,0.29227,0.17021,1.4625,0.3425,0.0015217,0.43291,0.63748,0.027978,0.22558,1.303,2.586,0.916,3.450,2.125,1.519,3.751,2.781,0.479,3.751,0
0.62983,0.3388,0.13237,1.5893,0.39698,0.0029608,0.39113,0.52928,0.021949,0.33687,2.823,0.969,3.064,0.843,1.437,0.476,2.485,2.607,0.230,3.064,0
0.66506,0.31975,0.12164,1.4473,0.095176,0.0076776,0.37481,0.77781,0.021214,0.25523,4.567,2.456,4.740,0.247,0.962,0.808,4.066,2.856,1.579,4.740,0
0.82541,0.40661,0.015902,1.2966,0.067581,0.0062472,0.15741,0.43354,0.0073488,0.31928,5.229,3.000,5.371,0.615,0.590,1.328,3.624,0.073,3.263,5.371,0
0.2934,0.34621,0.1339,1.2753,0.38212,0.002631,0.21206,0.35024,0.023764,0.30223,0.034,1.494,0.308,2.648,1.508,0.615,2.748,2.528,1.571,2.748,1
0.24031,0.35531,0.19302,1.4475,0.18381,0.0084189,0.35221,0.63207,0.026798,0.23877,0.466,1.050,0.794,2.313,0.453,1.541,4.109,5.171,0.910,5.171,0
0.32612,0.31641,0.053474,1.4081,0.059934,6.6392e-05,0.17013,0.24646,0.023753,0.3511,0.510,1.901,0.151,2.945,2.333,1.889,2.196,0.354,3.689,3.689,0
0.67993,0.30467,0.2111,1.3034,0.23763,0.0074741,0.33379,0.64057,0.0063132,0.37496,4.726,2.571,4.887,0.306,1.027,0.555,3.309,5.603,0.987,5.603,0
0.59852,0.37594,0.086638,1.4789,0.31744,0.0039281,0.35658,0.43825,0.012368,0.3943,2.896,1.022,3.131,0.810,1.019,0.252,2.388,1.645,0.897,3.131,0
0.41585,0.20702,0.06711,1.0834,0.14112,0.0053594,0.11425,0.19868,0.026728,0.33072,1.712,0.004,1.986,1.562,2.156,1.320,2.912,1.291,4.081,4.081,0
0.4041,0.30796,0.10478,1.1092,0.14052,0.0021773,0.14322,0.1957,0.020832,0.28486,0.644,0.918,0.958,2.229,2.003,1.222,3.178,1.535,3.795,3.795,0
0.83659,0.15549,0.14592,1.1496,0.20415,0.0044334,0.37752,0.62829,0.028634,0.34751,4.875,2.694,5.028,0.403,2.646,2.128,2.772,3.202,0.567,5.028,0
0.18178,0.14742,0.15929,1.3912,0.099028,0.000527,0.39515,0.22558,0.010814,0.28249,1.374,2.652,0.986,3.501,3.167,2.977,4.004,1.921,3.367,4.004,0
0.17106,0.45768,0.18669,1.4271,0.181,0.0083691,0.43346,0.72458,0.0064535,0.26007,0.420,1.820,0.063,2.883,0.236,3.170,4.740,4.598,1.288,4.740,0
0.37971,0.18756,0.081598,1.0314,0.2651,0.0043679,0.19091,0.48548,0.0079061,0.23818,1.026,0.594,1.325,1.996,2.532,1.862,5.039,1.330,1.654,5.039,0
0.23884,0.48622,0.1707,1.1061,0.086924,0.0081703,0.38142,0.45849,0.020199,0.37537,0.438,1.097,0.759,2.362,0.682,3.150,2.364,4.742,1.790,4.742,0
0.62785,0.36018,0.10089,1.4401,0.19257,0.00018036,0.41875,0.33612,0.025792,0.38869,1.491,0.185,1.777,1.692,1.992,1.505,1.721,1.256,1.859,1.992,1
0.56092,0.36224,0.12966,1.0607,0.13618,0.0060609,0.4517,0.35558,0.0063866,0.39036,3.186,1.245,3.402,0.653,0.868,0.792,2.959,2.930,2.492,3.402,0
0.66717,0.23801,0.084469,1.4135,0.24014,0.0057241,0.29017,0.26491,0.021245,0.38526,4.114,2.060,4.302,0.058,1.780,0.751,2.544,1.882,2.757,4.302,0
0.77216,0.15047,0.16857,1.4609,0.12179,0.0034184,0.1852,0.46341,0.0091787,0.35453,3.743,1.747,3.947,0.284,2.839,2.372,3.328,3.075,2.119,3.947,0
0.81781,0.31401,0.039798,1.238,0.13336,0.0020139,0.33862,0.69454,0.00732,0.2885,3.313,1.368,3.529,0.564,2.057,1.236,3.738,0.236,1.522,3.738,0
0.65721,0.39752,0.045851,1.4317,0.16014,0.0049039,0.16577,0.49804,0.028219,0.28909,3.639,1.661,3.847,0.344,0.743,0.829,2.812,0.667,1.800,3.847,0
0.48032,0.20171,0.080954,1.5162,0.20379,0.00705,0.13569,0.22938,0.018742,0.39278,2.855,0.999,3.095,0.820,1.934,0.900,2.693,1.948,3.668,3.668,0
0.43658,0.1607,0.05136,1.5578,0.21453,0.0082886,0.17384,0.64381,0.010527,0.3431,2.667,0.842,2.915,0.933,2.254,1.296,3.570,1.095,1.392,3.570,0
0.68772,0.14422,0.12704,1.4249,0.125,0.0011371,0.13194,0.69331,0.01478,0.28542,2.130,0.368,2.394,1.286,3.111,2.877,3.818,1.636,1.513,3.818,0
0.49781,0.28139,0.046889,1.365,0.39289,0.0049172,0.43229,0.68941,0.029697,0.32803,2.492,0.685,2.744,1.026,1.497,0.445,2.639,0.821,0.880,2.744,1
0.30796,0.36958,0.11242,1.5789,0.26052,0.0089008,0.49938,0.57318,0.025947,0.32107,1.434,0.209,1.729,1.550,0.022,2.689,2.690,3.252,0.502,3.252,0
0.61356,0.23984,0.018519,1.349,0.29571,0.0026715,0.29863,0.38765,0.012057,0.23759,2.401,0.597,2.654,1.120,2.345,1.676,4.546,0.107,1.782,4.546,0
0.72756,0.39517,0.14979,1.2665,0.13349,0.0086065,0.27333,0.27837,0.0074528,0.39128,5.446,3.179,5.578,0.741,0.056,2.086,3.148,4.104,3.158,5.578,0
0.62496,0.2607,0.012042,1.5025,0.052505,0.004982,0.2913,0.34487,0.024613,0.22299,3.236,1.325,3.462,0.582,1.918,0.775,4.361,0.207,2.760,4.361,0
0.47281,0.29256,0.15277,1.1527,0.14813,0.0083834,0.11384,0.189,0.025485,0.35221,3.150,1.229,3.371,0.663,0.929,0.657,2.759,4.371,3.629,4.371,0
0.69306,0.15341,0.20042,1.2317,0.18774,0.0012536,0.30649,0.44584,0.017604,0.25218,2.261,0.469,2.516,1.217,3.047,2.797,4.186,2.960,1.154,4.186,0
0.29085,0.3922,0.0039402,1.5898,0.16893,0.0071091,0.21161,0.37917,0.028178,0.24243,0.796,0.757,1.115,2.094,0.365,1.602,3.746,0.363,2.414,3.746,0
0.52224,0.21845,0.029635,1.1476,0.21124,0.0066582,0.14891,0.23765,0.0096995,0.33744,3.071,1.158,3.294,0.719,1.936,0.876,3.538,0.351,3.885,3.885,0
0.899,0.27419,0.066246,1.1712,0.35271,0.0048827,0.33314,0.43881,0.025676,0.37503,5.680,3.378,5.802,0.891,1.580,0.586,2.373,1.352,0.542,5.802,0
0.89388,0.15668,0.1847,1.219,0.33537,0.003561,0.20691,0.26124,0.0064252,0.31496,4.818,2.648,4.975,0.361,2.762,2.303,3.893,3.677,2.622,4.975,0
0.31732,0.22786,0.013472,1.0605,0.074479,0.0050996,0.34792,0.20228,0.014237,0.36559,0.637,0.929,0.950,2.241,2.074,1.152,2.958,0.138,3.842,3.842,0
0.66283,0.21764,0.038897,1.0809,0.33602,0.0073168,0.39457,0.40621,0.015686,0.3535,4.659,2.503,4.819,0.260,1.783,0.710,3.138,0.732,1.144,4.819,0
0.49417,0.2292,0.20433,1.4705,0.35322,0.00834,0.26298,0.60878,0.012119,0.25805,3.312,1.392,3.536,0.533,1.618,0.279,4.628,5.522,0.184,5.522,0
0.70853,0.16628,0.13918,1.3728,0.18185,0.0011719,0.19646,0.59719,0.026745,0.36104,2.422,0.613,2.674,1.109,2.918,2.662,2.560,2.147,0.798,2.918,1
0.46116,0.22554,0.016968,1.3022,0.3415,0.00089539,0.23744,0.59491,0.0099964,0.34318,0.748,0.821,1.061,2.153,2.608,2.268,3.095,0.159,0.426,3.095,0
0.57329,0.11933,0.057516,1.0994,0.27145,0.0057662,0.4655,0.32267,0.019948,0.30341,3.314,1.361,3.527,0.556,2.857,2.388,3.606,1.085,1.984,3.606,0
0.40964,0.35662,0.022668,1.4592,0.25579,0.0015904,0.31962,0.53747,0.016439,0.37429,0.573,0.963,0.895,2.253,1.696,0.915,2.223,0.026,0.740,2.253,1
0.25854,0.48233,0.022544,1.2368,0.23276,0.0084501,0.27289,0.37694,0.027927,0.24775,0.722,0.842,1.037,2.167,0.679,3.064,3.671,0.228,1.916,3.671,0
0.19704,0.4594,0.095696,1.4999,0.15913,0.0090475,0.25247,0.33377,0.015177,0.33296,0.039,1.421,0.382,2.588,0.641,3.120,3.258,2.553,2.667,3.258,0
0.77013,0.32488,0.20913,1.0169,0.078184,0.0016207,0.31783,0.24931,0.021138,0.27924,2.854,0.964,3.083,0.864,2.052,1.313,3.154,3.189,3.004,3.189,0
0.79759,0.20607,0.17775,1.0468,0.28108,0.0006186,0.44635,0.74884,0.020595,0.36421,2.721,0.849,2.954,0.942,2.757,2.512,2.574,2.790,0.282,2.954,1
0.42303,0.23201,0.070026,1.0238,0.30896,0.0048633,0.44186,0.39934,0.026524,0.23849,1.660,0.050,1.936,1.591,2.049,1.187,4.051,1.283,0.928,4.051,0
0.76024,0.24295,0.061783,1.4519,0.38795,0.0093597,0.43619,0.2908,0.01706,0.34708,6.268,3.894,6.372,1.313,1.206,0.292,3.223,1.680,2.014,6.372,0
0.69526,0.28486,0.091373,1.4611,0.29289,0.0091607,0.3808,0.4445,0.0087483,0.23044,5.324,3.097,5.467,0.705,1.085,0.690,5.478,2.189,1.169,5.478,0
0.51621,0.36157,0.11545,1.099,0.1962,0.0026202,0.23502,0.49648,0.018385,0.28728,1.695,0.018,1.970,1.571,1.567,0.570,3.123,1.870,1.159,3.123,0
0.45947,0.27117,0.045732,1.552,0.19327,0.0092593,0.4659,0.2128,0.029018,0.29635,3.246,1.344,3.475,0.540,0.976,0.762,3.297,1.054,3.164,3.475,0
0.89402,0.324,0.015333,1.0051,0.07944,0.0026767,0.49837,0.34383,0.012682,0.24641,4.062,1.994,4.244,0.068,1.939,0.959,4.149,0.193,2.662,4.244,0
0.30864,0.2407,0.13496,1.0916,0.34236,0.001502,0.24667,0.68535,0.011926,0.33979,0.193,1.642,0.150,2.762,2.436,1.995,3.049,2.204,0.043,3.049,0
0.45509,0.21914,0.18099,1.5098,0.098021,0.0079715,0.368,0.63908,0.021793,0.3164,2.772,0.931,3.016,0.849,1.728,0.462,3.330,4.824,1.608,4.824,0
0.55453,0.46666,0.13143,1.2754,0.15389,0.010148,0.28931,0.39752,0.016836,0.27779,4.367,2.270,4.543,0.091,0.799,3.463,4.102,3.750,2.078,4.543,0
0.5613,0.289,0.054413,1.2684,0.16959,0.0068081,0.29791,0.41158,0.0057044,0.28335,3.363,1.412,3.578,0.534,1.419,0.061,4.440,0.933,2.298,4.440,0
0.57011,0.23741,0.20843,1.3552,0.22969,0.0094348,0.23883,0.48773,0.025235,0.39249,4.524,2.405,4.695,0.188,1.231,0.199,2.559,6.695,0.967,6.695,0
0.42699,0.19992,0.16061,1.0911,0.092514,0.0059896,0.1749,0.58744,0.017237,0.31402,1.916,0.171,2.183,1.435,2.200,1.292,3.464,3.621,1.772,3.621,0
0.50343,0.33525,0.051755,1.417,0.064212,0.0062181,0.16855,0.55721,0.014898,0.21691,2.574,0.760,2.825,0.990,1.243,0.429,4.995,0.709,2.243,4.995,0
0.78593,0.29427,0.068401,1.4012,0.36696,0.0031961,0.38958,0.45726,0.028448,0.27176,4.021,1.986,4.214,0.103,1.760,0.897,3.161,1.112,0.107,4.214,0
0.50935,0.39434,0.20443,1.0146,0.091336,0.0028924,0.40553,0.47749,0.0095939,0.37195,1.676,0.042,1.950,1.592,1.336,0.176,2.599,3.663,1.907,3.663,0
0.51988,0.44365,0.096644,1.0002,0.2244,0.0062626,0.29889,0.77177,0.029184,0.27188,3.003,1.096,3.228,0.762,0.119,1.725,3.058,2.205,0.324,3.228,0
0.65957,0.22301,0.21551,1.4044,0.18948,0.0032989,0.47636,0.49063,0.0283,0.39083,3.093,1.189,3.320,0.667,2.246,1.583,2.231,4.530,0.781,4.530,0
0.60871,0.41721,0.17245,1.2871,0.32613,0.0053426,0.26002,0.19762,0.014735,0.38259,3.512,1.538,3.720,0.442,0.400,1.217,2.425,4.186,3.042,4.186,0
0.85104,0.48967,0.017235,1.3204,0.39503,0.005682,0.44948,0.40481,0.028002,0.34549,5.715,3.420,5.840,0.974,0.379,2.396,1.908,0.031,0.536,5.840,0
0.69557,0.24918,0.1514,1.1214,0.22244,0.0032825,0.17359,0.75281,0.0072833,0.304,3.191,1.254,3.408,0.653,2.201,1.429,3.793,2.706,1.031,3.793,0
0.53823,0.46899,0.0060971,1.1223,0.39166,0.0056074,0.2573,0.32953,0.023314,0.33613,3.074,1.158,3.297,0.722,0.095,1.846,2.374,0.301,2.020,3.297,0
0.81845,0.16006,0.018075,1.0736,0.32532,0.0026111,0.47342,0.45428,0.018747,0.37718,3.935,1.887,4.123,0.161,2.790,2.442,2.725,0.067,0.495,4.123,0
0.55991,0.40342,0.0016233,1.4876,0.33893,0.0053165,0.45461,0.24616,0.0091691,0.3506,3.057,1.164,3.288,0.694,0.553,1.172,2.952,0.430,2.809,3.288,0
0.385,0.12963,0.13412,1.2651,0.19054,0.0091753,0.18794,0.2258,0.015656,0.34642,2.344,0.547,2.599,1.156,2.489,1.695,3.376,3.863,3.364,3.863,0
0.41,0.3332,0.21867,1.553,0.31129,0.0037443,0.21781,0.45818,0.021564,0.31308,1.233,0.387,1.535,1.827,1.385,0.266,2.828,4.675,0.598,4.675,0
0.2787,0.32476,0.1819,1.124,0.076698,0.001481,0.13353,0.20855,0.024617,0.29246,0.497,1.900,0.142,2.950,2.046,1.332,2.842,2.742,3.453,3.453,0
0.70523,0.20759,0.10751,1.1126,0.088754,0.00040953,0.44291,0.37167,0.0083564,0.29372,1.827,0.088,2.095,1.500,2.893,2.597,3.793,1.127,2.415,3.793,0
0.40733,0.23291,0.1079,1.1739,0.19208,0.0076334,0.48517,0.54406,0.025157,0.25486,2.196,0.425,2.456,1.164,1.686,0.313,3.981,2.640,0.978,3.981,0
0.32265,0.2033,0.094858,1.2229,0.28495,0.0091239,0.47158,0.73148,0.029464,0.27279,1.662,0.035,1.942,1.443,1.706,0.365,3.690,2.683,0.122,3.690,0
0.39986,0.34739,0.027435,1.3828,0.20991,0.0065634,0.20475,0.23445,0.01422,0.32877,1.843,0.126,2.118,1.458,0.822,0.832,3.215,0.289,3.572,3.572,0
0.36768,0.28391,0.0031094,1.4153,0.22808,0.0086346,0.21625,0.3334,0.023771,0.22544,1.979,0.250,2.252,1.361,1.094,0.574,4.620,0.380,2.673,4.620,0
0.74582,0.40032,0.20048,1.0107,0.20543,0.0062528,0.32142,0.72812,0.015164,0.30118,4.799,2.618,4.952,0.333,0.539,1.205,3.399,4.804,0.810,4.952,0
0.22567,0.26553,0.15881,1.3079,0.30011,0.0083258,0.12126,0.7222,0.022971,0.35285,0.354,1.159,0.681,2.401,1.137,0.309,2.861,4.689,0.583,4.689,0
0.61853,0.31917,0.21435,1.3689,0.38285,0.0024493,0.46744,0.41282,0.028318,0.24791,2.497,0.681,2.747,1.045,1.745,0.931,3.362,4.132,0.066,4.132,0
0.79098,0.14592,0.12923,1.451,0.061181,0.0035317,0.1858,0.29814,0.022717,0.39481,4.000,1.967,4.194,0.123,2.823,2.380,2.536,2.427,3.070,4.194,0
0.78091,0.22385,0.13159,1.2888,0.35117,0.0049283,0.21293,0.39289,0.01196,0.35206,4.697,2.549,4.860,0.290,2.042,1.184,3.160,2.948,1.548,4.860,0
0.78533,0.1943,0.18857,1.3595,0.083064,0.00058055,0.48412,0.26227,0.014591,0.3237,2.399,0.593,2.651,1.106,2.901,2.609,3.187,2.506,2.965,3.187,0
0.77663,0.4299,0.19587,1.5794,0.24159,0.0007762,0.35838,0.60712,0.013039,0.23109,2.517,0.712,2.771,1.028,1.630,0.782,3.740,2.654,0.611,3.740,0
0.7741,0.21746,0.075265,1.2305,0.29865,0.0076077,0.28129,0.75609,0.012999,0.36875,5.664,3.364,5.787,0.876,1.748,0.613,3.121,1.854,0.170,5.787,0
0.88588,0.17612,0.19441,1.406,0.093577,0.0042005,0.24973,0.25682,0.01923,0.28769,4.891,2.726,5.050,0.426,2.589,1.940,3.666,3.791,3.039,5.050,0
0.49454,0.38373,0.012882,1.104,0.18207,0.0075754,0.24136,0.45602,0.01322,0.34763,3.083,1.167,3.306,0.712,0.356,1.539,3.127,0.088,1.991,3.306,0
0.77617,0.46323,0.091649,1.2702,0.27309,0.0058628,0.2973,0.2,0.02778,0.34918,5.091,2.884,5.238,0.536,0.113,1.952,2.131,2.141,3.173,5.238,0
0.76405,0.26261,0.16177,1.1489,0.16105,0.0095947,0.42769,0.33538,0.02437,0.32025,6.209,3.827,6.310,1.253,1.067,0.565,3.239,4.887,2.113,6.310,0
0.71925,0.45076,0.16501,1.3535,0.062647,0.0068962,0.49087,0.58194,0.028673,0.36279,4.890,2.722,5.048,0.476,0.226,2.758,1.844,4.273,1.589,5.048,0
0.20891,0.20631,0.12972,1.224,0.3459,0.0036108,0.47965,0.34108,0.028997,0.3814,0.573,1.964,0.214,2.992,2.295,1.700,2.338,2.790,1.180,2.992,1
0.63826,0.21678,0.060728,1.5478,0.37622,0.00696,0.26045,0.21454,0.018853,0.32587,4.363,2.282,4.545,0.106,1.795,0.710,3.266,1.356,3.064,4.545,0
0.75026,0.12552,0.057724,1.4785,0.39184,0.0017885,0.36547,0.69433,0.0053035,0.27499,3.007,1.123,3.240,0.734,3.124,2.913,4.507,0.640,0.497,4.507,0
0.33193,0.43366,0.093344,1.5135,0.38018,0.0096396,0.39025,0.2011,0.0060081,0.35508,1.850,0.139,2.128,1.445,0.623,3.165,3.642,2.677,3.116,3.642,0
0.65494,0.47052,0.041549,1.3199,0.28228,0.0032455,0.19338,0.53064,0.021786,0.23799,2.966,1.080,3.197,0.768,0.686,0.761,3.379,0.418,0.925,3.379,0
0.33372,0.38172,0.2117,1.0692,0.066794,0.009985,0.10648,0.4086,0.026809,0.21573,1.833,0.103,2.104,1.481,0.106,2.167,4.763,5.838,2.691,5.838,0
0.5475,0.19151,0.060298,1.5862,0.081903,0.0050105,0.26319,0.49518,0.029728,0.27375,2.750,0.914,2.997,0.881,2.347,1.538,3.495,0.980,1.412,3.495,0
0.26133,0.17245,0.080635,1.2169,0.34416,0.0096128,0.14783,0.32482,0.013465,0.36787,1.007,0.603,1.310,1.997,1.956,0.887,3.243,2.343,2.744,3.243,0
0.65793,0.21981,0.036999,1.1885,0.13468,0.0043101,0.13247,0.66673,0.013507,0.24413,3.245,1.309,3.463,0.608,2.320,1.486,4.540,0.317,1.961,4.540,0
0.56304,0.49578,0.21155,1.571,0.38673,0.0048292,0.30961,0.77401,0.01972,0.29951,2.974,1.100,3.210,0.748,0.094,1.905,2.708,4.958,0.999,4.958,0
0.69182,0.15184,0.21425,1.0895,0.21884,0.00097113,0.14369,0.19033,0.020249,0.30605,2.198,0.405,2.452,1.270,3.052,2.857,3.327,3.359,2.997,3.359,0
0.7949,0.36572,0.038663,1.1004,0.10552,0.0097739,0.41829,0.2321,0.026335,0.23363,6.366,3.961,6.461,1.350,0.218,2.047,4.360,0.751,3.297,6.461,0
0.2694,0.43791,0.11071,1.3101,0.27208,0.0046728,0.40346,0.26966,0.018276,0.24058,0.101,1.374,0.439,2.556,0.596,1.087,3.828,2.120,2.487,3.828,0
0.68677,0.38646,0.084606,1.0065,0.074614,0.0026051,0.343,0.18551,0.0062011,0.38961,2.766,0.882,2.996,0.930,1.466,0.377,2.625,1.194,3.965,3.965,0
0.67354,0.32214,0.079144,1.2005,0.24554,0.00097415,0.16985,0.5925,0.017826,0.30467,2.099,0.326,2.359,1.324,2.093,1.518,2.897,0.950,0.875,2.897,1
0.5071,0.35988,0.064013,1.2658,0.36762,0.0052321,0.22982,0.52582,0.017226,0.26333,2.566,0.740,2.813,1.013,0.968,0.462,3.766,1.179,0.404,3.766,0
0.48221,0.41205,0.21372,1.5055,0.36906,0.0072816,0.14863,0.2124,0.029641,0.31059,3.042,1.162,3.277,0.699,0.078,1.992,2.689,6.113,2.560,6.113,0
0.45584,0.18804,0.020315,1.568,0.11298,0.0056851,0.11014,0.70318,0.017961,0.31004,2.107,0.366,2.378,1.276,2.304,1.434,3.475,0.041,2.423,3.475,0
0.27085,0.38184,0.12801,1.4938,0.15704,0.0050751,0.43105,0.7959,0.018935,0.24362,0.152,1.320,0.491,2.501,0.962,0.771,3.909,2.469,0.922,3.909,0
0.26369,0.29475,0.0093545,1.5177,0.39595,0.0017018,0.47505,0.67839,0.013574,0.33339,0.491,1.881,0.131,2.916,2.021,1.391,2.877,0.282,0.717,2.916,1
0.23342,0.17807,0.0086532,1.4985,0.2461,0.0060737,0.2437,0.76242,0.0087154,0.30569,0.016,1.468,0.328,2.623,2.351,1.506,3.984,0.247,0.779,3.984,0
0.38469,0.28297,0.099315,1.5259,0.2572,0.0044808,0.26192,0.79391,0.023281,0.25571,1.155,0.453,1.460,1.873,1.701,0.609,3.722,1.875,0.121,3.722,0
0.53499,0.32831,0.026561,1.0838,0.16733,0.00040373,0.21978,0.57626,0.013798,0.32652,0.991,0.626,1.291,2.023,2.221,1.729,2.774,0.040,1.296,2.774,1
0.46078,0.34798,0.17267,1.2994,0.19051,0.0031626,0.37388,0.7867,0.017577,0.35311,1.447,0.220,1.735,1.704,1.468,0.402,2.522,3.308,0.591,3.308,0
0.85256,0.15251,0.21847,1.5899,0.19392,0.0075831,0.34714,0.7451,0.026617,0.2129,6.132,3.796,6.248,1.216,2.448,1.591,4.841,5.417,0.630,6.248,0
0.60459,0.21296,0.12989,1.5302,0.10827,0.0049682,0.41585,0.74557,0.014776,0.30769,3.140,1.240,3.369,0.634,2.213,1.302,3.553,2.565,1.516,3.553,0
0.24137,0.41385,0.10571,1.5312,0.37386,0.0060124,0.17891,0.61071,0.0054038,0.36942,0.104,1.365,0.444,2.548,0.304,1.482,3.125,2.444,0.526,3.125,0
0.43544,0.18242,0.052716,1.1334,0.27499,0.001288,0.32376,0.67904,0.02229,0.22256,0.642,0.917,0.957,2.225,2.864,2.560,4.426,0.471,0.123,4.426,0
0.74361,0.21303,0.073972,1.4069,0.099712,0.0079942,0.3322,0.27417,0.0077608,0.30269,5.260,3.034,5.404,0.645,1.885,0.623,4.172,1.578,3.349,5.404,0
0.5666,0.31058,0.16045,1.2072,0.29596,0.0052586,0.45084,0.27919,0.015703,0.29029,3.066,1.156,3.291,0.708,1.366,0.087,3.561,3.602,2.254,3.602,0
0.84891,0.34697,0.21886,1.3041,0.37758,0.0094296,0.30758,0.61559,0.005522,0.32269,6.879,4.398,6.955,1.623,0.308,1.699,4.112,6.522,0.052,6.955,0
0.43018,0.15856,0.09027,1.3165,0.19865,0.0075609,0.17904,0.26841,0.022372,0.31772,2.455,0.647,2.707,1.080,2.332,1.490,3.355,2.233,3.126,3.355,0
0.5779,0.37479,0.023465,1.2272,0.097873,0.0073411,0.23665,0.4181,0.017845,0.31531,3.752,1.741,3.950,0.295,0.512,1.375,3.245,0.196,2.451,3.950,0
0.64785,0.28344,0.073401,1.578,0.3369,0.0063001,0.17763,0.48316,0.02184,0.31457,4.195,2.142,4.385,0.006,1.299,0.020,3.119,1.628,1.117,4.385,0
0.45013,0.30862,0.04607,1.3915,0.35061,0.0083665,0.21058,0.26099,0.027326,0.24218,2.924,1.057,3.161,0.776,0.794,0.893,4.063,0.979,2.807,4.063,0
0.60101,0.41065,0.0041838,1.5462,0.16298,0.0067927,0.19529,0.49146,0.018356,0.23182,3.723,1.743,3.932,0.281,0.409,1.627,4.382,0.365,1.977,4.382,0
0.60649,0.39952,0.081972,1.4651,0.258,0.0020994,0.2507,0.65071,0.0076135,0.3584,2.153,0.386,2.416,1.275,1.371,0.345,2.675,1.157,0.786,2.675,1
0.34476,0.29794,0.012148,1.4555,0.089421,0.0090697,0.35595,0.36828,0.025016,0.38699,1.880,0.161,2.155,1.429,0.718,1.035,2.511,0.061,2.363,2.511,1
0.61894,0.16502,0.12354,1.0037,0.16067,0.0099585,0.26378,0.42011,0.021576,0.37014,5.047,2.827,5.190,0.481,2.022,0.988,2.952,3.821,1.832,5.190,0
0.49015,0.41823,0.17831,1.4719,0.10442,0.0029921,0.21721,0.30136,0.00934,0.31678,1.522,0.144,1.811,1.652,1.177,0.181,3.073,3.022,3.004,3.073,0
0.87358,0.46063,0.016682,1.2234,0.096199,0.0025344,0.39363,0.63482,0.0092744,0.29291,3.909,1.876,4.101,0.191,1.095,0.261,3.219,0.162,1.789,4.101,0
0.22848,0.28035,0.18584,1.3931,0.2862,0.0094577,0.49687,0.47081,0.024239,0.34047,0.567,0.970,0.889,2.185,0.793,1.236,2.872,5.862,0.636,5.862,0
0.38432,0.47903,0.17329,1.2265,0.22341,0.0082429,0.27865,0.73398,0.029167,0.37569,2.209,0.429,2.467,1.242,0.831,3.081,2.089,5.181,0.449,5.181,0
0.24232,0.203,0.082084,1.3606,0.3021,0.0088714,0.46679,0.72169,0.0096662,0.31264,0.587,0.955,0.908,2.198,1.787,0.464,3.975,2.116,0.114,3.975,0
0.37941,0.47428,0.06367,1.3399,0.26639,0.00638,0.34245,0.65919,0.020214,0.27295,1.606,0.078,1.890,1.604,0.151,2.256,3.359,1.267,0.413,3.359,0
0.86558,0.17381,0.090848,1.3499,0.17128,0.0092045,0.11727,0.27853,0.011869,0.32635,6.800,4.333,6.880,1.573,2.059,0.952,3.734,2.391,3.685,6.880,0
0.8551,0.33419,0.021919,1.5386,0.15474,0.0068482,0.25335,0.54755,0.018982,0.37099,5.959,3.636,6.078,1.081,0.807,0.842,2.633,0.164,1.425,6.078,0
0.88331,0.19316,0.1268,1.4182,0.073098,0.0057041,0.33062,0.69117,0.0062737,0.38444,5.493,3.230,5.626,0.786,2.278,1.386,3.228,2.677,2.186,5.626,0
0.50952,0.11838,0.15098,1.0554,0.39957,0.003058,0.49981,0.40009,0.024011,0.25442,1.917,0.173,2.184,1.414,3.061,2.805,4.064,2.960,0.348,4.064,0
0.33643,0.45278,0.16979,1.1593,0.17238,0.0067516,0.40183,0.64327,0.024029,0.27017,1.230,0.411,1.524,1.842,0.010,2.221,3.247,4.142,0.961,4.142,0
0.56022,0.17294,0.015725,1.3255,0.35511,0.0081503,0.19728,0.58316,0.008344,0.27257,3.906,1.880,4.101,0.193,2.188,1.201,4.619,0.003,0.746,4.619,0
0.27408,0.13141,0.056918,1.0961,0.077577,0.0053948,0.34202,0.74064,0.020344,0.24066,0.241,1.264,0.570,2.482,2.858,2.323,4.509,0.853,1.655,4.509,0
0.6134,0.32515,0.09801,1.5702,0.28251,0.0044244,0.32546,0.6705,0.017635,0.32065,3.162,1.259,3.390,0.633,1.339,0.112,2.982,1.924,0.255,3.390,0
0.49045,0.47694,0.12577,1.5939,0.11082,0.0055349,0.16461,0.74649,0.02413,0.31043,2.424,0.640,2.684,1.075,0.008,2.000,2.566,2.720,1.377,2.720,1
0.89203,0.35063,0.17571,1.5294,0.15461,0.0084103,0.46319,0.72115,0.022808,0.36453,6.885,4.434,6.967,1.723,0.311,2.122,2.408,5.071,1.070,6.967,0
0.64222,0.2257,0.069222,1.3386,0.33711,0.00903,0.43807,0.23807,0.02736,0.31366,5.109,2.906,5.258,0.584,1.431,0.100,3.214,1.906,2.576,5.258,0
0.51132,0.45689,0.078408,1.1422,0.12956,0.0038288,0.13615,0.73797,0.02791,0.38208,2.130,0.357,2.390,1.297,0.525,0.941,1.720,1.406,1.159,2.390,1
0.67948,0.31458,0.013844,1.5414,0.38915,0.0055505,0.30852,0.2013,0.014834,0.38269,4.219,2.156,4.405,0.014,1.125,0.184,2.629,0.082,3.248,4.405,0
0.41213,0.35612,0.16345,1.3331,0.05433,0.010184,0.14842,0.7886,0.0089425,0.29555,2.744,0.894,2.985,0.901,0.288,1.994,4.387,4.497,2.467,4.497,0
0.53637,0.44235,0.068316,1.0776,0.30477,0.010002,0.12808,0.21382,0.019611,0.24656,4.227,2.141,4.406,0.009,0.589,3.009,4.443,1.799,3.719,4.443,0
0.80027,0.19329,0.15516,1.0611,0.22847,0.00279,0.14742,0.4021,0.014652,0.28495,3.723,1.707,3.919,0.325,2.623,2.115,3.786,2.713,2.227,3.919,0
0.33858,0.25324,0.17718,1.4541,0.25344,0.00047815,0.29179,0.47612,0.02096,0.36089,0.255,1.679,0.096,2.780,2.508,2.160,2.421,2.669,0.664,2.780,1
0.30473,0.14322,0.14544,1.137,0.35045,0.0041913,0.15392,0.5802,0.018018,0.33735,0.409,1.121,0.732,2.378,2.766,2.325,3.195,3.167,0.449,3.195,0
0.25052,0.24747,0.099975,1.4694,0.27542,0.0042926,0.35124,0.45332,0.019197,0.24269,0.153,1.586,0.196,2.708,2.026,1.098,4.193,1.811,0.806,4.193,0
0.3978,0.25894,0.13403,1.3066,0.13678,0.0061595,0.44813,0.44101,0.010371,0.32088,1.660,0.036,1.940,1.568,1.695,0.440,3.613,2.954,1.806,3.613,0
0.70416,0.40255,0.14928,1.5359,0.29674,0.0031331,0.1643,0.30392,0.027107,0.38057,3.409,1.467,3.627,0.484,0.947,0.228,1.809,3.052,2.331,3.627,0
0.81056,0.35214,0.19358,1.0778,0.3658,0.0075472,0.2029,0.6655,0.014527,0.34604,5.989,3.631,6.096,1.062,0.530,1.156,3.102,5.445,0.006,6.096,0
0.47092,0.44126,0.20401,1.0171,0.2132,0.0040988,0.15906,0.37623,0.010991,0.32939,1.807,0.071,2.076,1.512,0.710,0.790,2.944,4.200,2.257,4.200,0
0.84798,0.43702,0.080722,1.449,0.39813,0.0050417,0.22498,0.22497,0.017028,0.28806,5.295,3.071,5.440,0.674,0.343,1.321,3.187,1.629,2.953,5.440,0
0.51768,0.28462,0.15763,1.5367,0.39392,0.00746,0.38886,0.35993,0.011945,0.24435,3.312,1.397,3.538,0.527,1.230,0.284,4.761,3.956,1.219,4.761,0
0.83315,0.16313,0.13697,1.5822,0.070219,0.0080722,0.45546,0.58828,0.0091269,0.38674,6.085,3.746,6.199,1.213,2.265,1.292,3.210,3.526,2.237,6.199,0
0.50751,0.43561,0.03938,1.2812,0.28431,0.0029289,0.36082,0.36743,0.02235,0.3755,1.840,0.116,2.113,1.467,0.836,0.370,1.897,0.432,1.567,2.113,1
0.5597,0.37454,0.17398,1.3434,0.34212,0.00076128,0.34829,0.50625,0.019304,0.27344,1.382,0.279,1.672,1.762,1.802,1.179,2.995,2.671,0.159,2.995,1
0.84938,0.43781,0.11565,1.354,0.23343,0.005523,0.42781,0.35187,0.015393,0.35115,5.388,3.143,5.526,0.757,0.274,1.595,2.586,2.577,1.876,5.526,0
0.88785,0.17029,0.0025227,1.0073,0.092108,0.0054339,0.38448,0.39438,0.026688,0.38439,5.604,3.304,5.725,0.846,2.438,1.768,2.530,0.405,2.020,5.725,0
0.74523,0.47541,0.049557,1.2506,0.11617,0.0067014,0.25821,0.46168,0.0096904,0.35916,4.896,2.714,5.050,0.407,0.150,2.319,2.984,0.880,2.194,5.050,0
0.28989,0.43204,0.078073,1.1162,0.37105,0.0045636,0.35011,0.61643,0.026471,0.37639,0.389,1.140,0.712,2.393,0.399,1.034,1.927,1.645,0.346,2.393,1
0.41926,0.4796,0.092761,1.1248,0.31256,0.0022535,0.37121,0.58874,0.013643,0.34595,0.869,0.726,1.175,2.089,0.810,0.354,2.292,1.485,0.281,2.292,1
0.48826,0.19996,0.16385,1.4328,0.16328,0.0069994,0.35661,0.58617,0.021894,0.28786,2.848,0.992,3.089,0.815,2.038,0.995,3.657,4.053,1.174,4.053,0
0.63751,0.2134,0.18494,1.2102,0.31955,0.0051526,0.35344,0.18356,0.006019,0.23596,3.495,1.522,3.703,0.453,2.235,1.354,5.216,3.818,3.249,5.216,0
0.58177,0.45048,0.2013,1.5059,0.24962,0.0066207,0.46033,0.19077,0.022336,0.25089,3.620,1.652,3.832,0.325,0.023,2.288,3.566,4.905,2.988,4.905,0
0.17643,0.29108,0.10759,1.4201,0.21082,0.0085044,0.45119,0.20602,0.028925,0.24873,0.277,1.695,0.075,2.789,0.978,0.748,3.921,2.821,3.109,3.921,0
0.25813,0.22866,0.11792,1.0523,0.12402,0.0030657,0.14539,0.78935,0.023135,0.39822,0.288,1.725,0.058,2.825,2.292,1.657,2.304,2.146,1.223,2.825,1
0.42264,0.30578,0.044788,1.541,0.071781,0.0077426,0.4416,0.4766,0.0071403,0.21613,2.152,0.407,2.422,1.228,1.284,0.601,5.794,0.602,2.355,5.794,0
0.56066,0.43173,0.18341,1.2287,0.18863,0.0063948,0.44784,0.21131,0.029947,0.23721,3.360,1.413,3.576,0.514,0.221,1.828,3.517,4.373,2.965,4.373,0
0.31769,0.22714,0.12305,1.205,0.35172,0.0062387,0.27462,0.66956,0.015908,0.31924,0.979,0.627,1.282,2.014,1.849,0.829,3.412,3.001,0.083,3.412,0
0.23664,0.35428,0.19496,1.1111,0.25227,0.0077463,0.28032,0.32814,0.018412,0.39373,0.381,1.147,0.704,2.399,0.446,1.287,2.527,5.577,2.018,5.577,0
0.84658,0.33926,0.0057247,1.4097,0.24095,0.0072645,0.2722,0.33148,0.015223,0.32842,6.059,3.713,6.171,1.134,0.733,0.980,3.245,0.304,2.547,6.171,0
0.22,0.2817,0.039864,1.2913,0.1143,0.00081269,0.30023,0.69975,0.023593,0.3566,1.030,2.357,0.655,3.284,2.348,1.865,2.322,0.222,1.066,3.284,0
0.76622,0.29641,0.21413,1.5568,0.3339,0.0080608,0.3385,0.31778,0.016901,0.37745,5.847,3.541,5.970,1.018,0.858,0.739,2.805,6.311,1.717,6.311,0
0.21299,0.36063,0.1907,1.5203,0.29028,0.0067997,0.18459,0.61719,0.019656,0.29041,0.083,1.525,0.264,2.663,0.616,1.121,3.412,4.877,0.543,4.877,0
0.17313,0.17978,0.022696,1.0327,0.34885,0.0078158,0.41122,0.5741,0.010803,0.335,0.376,1.801,0.027,2.881,2.116,1.179,3.610,0.235,0.324,3.610,0
0.7666,0.12567,0.1261,1.4218,0.068831,0.0078239,0.43498,0.56972,0.024895,0.378,5.608,3.333,5.738,0.901,2.610,1.929,2.762,3.380,1.711,5.738,0
0.36669,0.34904,0.10461,1.4242,0.054539,0.0026626,0.41057,0.75013,0.023955,0.34796,0.476,1.047,0.802,2.309,1.596,0.567,2.298,1.653,1.509,2.309,1
0.43118,0.22362,0.218,1.3272,0.2944,0.001429,0.2052,0.55579,0.025238,0.30317,0.709,0.851,1.025,2.173,2.538,2.126,2.992,3.782,0.288,3.782,0
0.36458,0.37611,0.17769,1.2881,0.25162,0.0027653,0.48051,0.7145,0.018338,0.22811,0.494,1.036,0.817,2.265,1.469,0.277,3.929,3.041,0.157,3.929,0
0.57701,0.2249,0.075443,1.3028,0.27569,0.004503,0.45222,0.61944,0.013261,0.3644,2.905,1.021,3.136,0.798,2.104,1.280,2.966,1.413,0.460,3.136,0
0.62251,0.27615,0.096059,1.2295,0.051273,0.0012288,0.16539,0.19913,0.029401,0.31581,1.829,0.097,2.099,1.489,2.336,1.784,2.579,1.220,3.776,3.776,0
0.62755,0.34238,0.17579,1.3348,0.28173,0.0039976,0.13323,0.38848,0.013602,0.38722,3.122,1.208,3.346,0.680,1.281,0.116,2.480,3.781,2.156,3.781,0
0.80096,0.37065,0.05905,1.2405,0.14636,0.00049552,0.18827,0.6553,0.023076,0.36537,2.566,0.729,2.809,1.029,1.920,1.336,1.962,0.539,1.042,2.809,1
0.31249,0.45234,0.1643,1.0571,0.30297,0.0034567,0.43207,0.25254,0.029587,0.28523,0.311,1.208,0.636,2.442,0.652,0.711,2.486,3.373,2.279,3.373,0
0.2346,0.253,0.00068961,1.3951,0.10473,0.0074144,0.31584,0.65386,0.0072749,0.37227,0.209,1.281,0.543,2.489,1.536,0.155,3.324,0.452,2.029,3.324,0
0.57773,0.32701,0.21488,1.1376,0.15147,0.0098694,0.23353,0.48239,0.006482,0.39489,4.519,2.383,4.684,0.160,0.457,1.517,3.331,6.462,1.975,6.462,0
0.69453,0.44701,0.19098,1.0323,0.12577,0.0041967,0.33465,0.37189,0.021104,0.24376,3.515,1.530,3.719,0.452,0.756,0.837,3.594,3.654,1.972,3.719,0
0.69028,0.15893,0.18915,1.0729,0.39528,0.0071013,0.18048,0.31089,0.019634,0.28664,4.840,2.657,4.993,0.362,2.370,1.614,3.822,5.120,1.903,5.120,0
0.23471,0.26707,0.21943,1.2447,0.16841,0.0028809,0.11503,0.46957,0.02312,0.29875,0.543,1.935,0.185,2.973,2.096,1.324,3.082,4.101,1.901,4.101,0
0.77869,0.43211,0.094029,1.3968,0.060781,0.0016941,0.22766,0.46519,0.024835,0.21774,2.880,1.014,3.117,0.810,1.484,0.367,3.550,1.075,1.841,3.550,0
0.7424,0.42459,0.079936,1.2379,0.36989,0.0028222,0.29621,0.2302,0.016386,0.37998,3.541,1.560,3.747,0.427,0.921,0.205,2.105,1.375,2.819,3.747,0
0.79025,0.30766,0.1209,1.144,0.19744,0.010163,0.45679,0.50977,0.0085539,0.31914,6.476,4.054,6.565,1.426,0.646,1.560,3.980,3.477,1.559,6.565,0
0.81704,0.31802,0.1294,1.5592,0.14783,0.0045388,0.14817,0.55134,0.015143,0.29346,4.585,2.474,4.759,0.247,1.486,0.200,3.465,2.468,1.772,4.759,0
0.29579,0.44608,0.044499,1.1788,0.1093,0.0079059,0.42535,0.57818,0.019966,0.22718,0.961,0.639,1.267,2.004,0.031,2.566,4.415,0.743,1.640,4.415,0
0.17689,0.41857,0.179,1.4787,0.29178,0.0093389,0.40293,0.6547,0.029548,0.32035,0.117,1.556,0.231,2.688,0.566,3.150,2.611,5.642,0.040,5.642,0
0.62133,0.39987,0.17856,1.3262,0.215,0.00075039,0.1535,0.33429,0.025403,0.33727,1.711,0.000,1.987,1.559,1.665,0.981,2.021,2.741,2.285,2.741,1
0.60138,0.1267,0.1145,1.1725,0.21187,0.0059087,0.37891,0.23129,0.016551,0.27452,3.506,1.529,3.713,0.448,2.815,2.277,4.128,2.464,3.064,4.128,0
0.66694,0.30308,0.16718,1.1742,0.27879,0.0023678,0.37986,0.62645,0.0051634,0.27221,2.619,0.770,2.859,1.002,2.012,1.212,4.171,2.752,0.575,4.171,0
0.1858,0.42133,0.20097,1.0337,0.16563,0.0016379,0.39918,0.45809,0.020496,0.36931,1.128,2.449,0.752,3.358,1.370,0.461,1.965,3.410,1.124,3.410,0
0.60241,0.21535,0.021419,1.2744,0.27526,0.0078118,0.44224,0.28996,0.021231,0.35722,4.297,2.209,4.475,0.067,1.714,0.568,2.925,0.213,2.362,4.475,0
0.73669,0.18089,0.19833,1.5543,0.28029,0.0039523,0.19619,0.55366,0.011085,0.2138,3.744,1.762,3.952,0.266,2.609,1.963,5.337,3.621,0.864,5.337,0
0.81533,0.21907,0.20314,1.5617,0.17223,0.0077093,0.31944,0.56914,0.015475,0.36735,5.957,3.635,6.076,1.082,1.725,0.500,3.032,5.529,1.344,6.076,0
0.34958,0.22016,0.19374,1.136,0.082835,0.0012149,0.29702,0.58581,0.014107,0.37938,0.047,1.514,0.292,2.667,2.659,2.252,2.658,2.928,1.651,2.928,1
0.47257,0.45195,0.10113,1.3056,0.14267,0.00025153,0.16132,0.78254,0.0087802,0.25153,0.443,1.080,0.768,2.341,1.749,0.975,3.534,0.983,1.448,3.534,0
0.27642,0.31488,0.10607,1.4146,0.1294,0.0019295,0.39244,0.47101,0.022663,0.32526,0.405,1.809,0.049,2.876,1.952,1.171,2.594,1.562,1.250,2.876,1
0.81526,0.38981,0.038447,1.2282,0.13441,0.0097645,0.24148,0.54541,0.0071461,0.30666,6.458,4.036,6.549,1.355,0.026,2.297,4.289,0.735,2.048,6.549,0
0.59564,0.21641,0.1296,1.4378,0.38241,0.0065064,0.21192,0.59173,0.024498,0.29961,3.854,1.843,4.054,0.214,1.860,0.847,3.344,3.320,0.044,4.054,0
0.53296,0.37925,0.17735,1.4117,0.29991,0.007959,0.47484,0.60452,0.014355,0.3279,3.649,1.672,3.858,0.277,0.196,2.197,3.118,4.910,0.352,4.910,0
0.84993,0.28938,0.083751,1.0316,0.084448,0.0076727,0.11026,0.37091,0.0091381,0.33174,5.999,3.635,6.104,1.061,1.250,0.292,3.645,1.885,3.704,6.104,0
0.44172,0.34073,0.089298,1.3325,0.32355,0.0018377,0.49661,0.34833,0.010207,0.29276,0.883,0.701,1.192,2.053,1.803,0.992,3.383,1.265,1.591,3.383,0
0.55513,0.19908,0.077887,1.4369,0.31165,0.0075974,0.40107,0.77338,0.005394,0.21508,3.563,1.602,3.776,0.366,2.097,0.974,5.950,1.552,0.040,5.950,0
0.29861,0.24961,0.030649,1.5837,0.093376,0.0021163,0.17963,0.29466,0.026573,0.27319,0.218,1.638,0.134,2.744,2.351,1.690,3.277,0.099,3.321,3.321,0
0.38158,0.1808,0.050197,1.1871,0.22324,0.0033307,0.14579,0.49272,0.0081799,0.34462,0.803,0.780,1.113,2.127,2.628,2.093,3.413,0.625,2.346,3.413,0
0.26166,0.1937,0.1188,1.0997,0.33031,0.001031,0.24844,0.64492,0.026849,0.21481,0.662,2.042,0.301,3.054,2.808,2.525,4.337,1.685,0.152,4.337,0
0.31908,0.25637,0.13454,1.334,0.14746,0.0021066,0.10984,0.23486,0.0080526,0.34846,0.056,1.512,0.286,2.660,2.318,1.664,3.136,2.071,3.774,3.774,0
0.27586,0.32175,0.12074,1.1804,0.13728,0.0066851,0.23273,0.27597,0.022265,0.23507,0.530,1.010,0.850,2.292,1.147,0.426,4.275,2.643,2.980,4.275,0
0.71527,0.47617,0.046179,1.5183,0.0521,0.0078254,0.34464,0.52536,0.009432,0.26551,4.896,2.735,5.057,0.434,0.204,2.791,4.459,0.735,2.364,5.057,0
0.72648,0.48637,0.12466,1.1876,0.14761,0.00066023,0.41202,0.78806,0.021356,0.27366,2.171,0.389,2.428,1.276,1.365,0.482,2.507,1.566,0.714,2.507,1
0.50866,0.2998,0.14737,1.2897,0.13807,0.005474,0.12539,0.64658,0.020509,0.37323,2.614,0.779,2.859,0.985,1.368,0.100,2.533,3.390,1.487,3.390,0
0.67234,0.14798,0.10237,1.5336,0.10454,0.0036526,0.3395,0.39113,0.0054231,0.24729,3.000,1.121,3.235,0.734,2.912,2.399,5.044,1.457,2.514,5.044,0
0.80326,0.41164,0.16405,1.0445,0.12559,0.0055698,0.11608,0.62461,0.021337,0.21892,4.839,2.659,4.992,0.367,0.741,1.001,4.334,3.341,1.758,4.992,0
0.89776,0.34988,0.21511,1.351,0.056803,0.0023312,0.425,0.35443,0.012005,0.30643,3.951,1.921,4.145,0.143,1.774,0.763,3.180,3.432,2.465,4.145,0
0.78237,0.32422,0.038387,1.2183,0.053253,0.00044927,0.35972,0.52242,0.027342,0.3677,2.380,0.568,2.630,1.146,2.204,1.698,1.985,0.163,1.366,2.630,1
0.31315,0.48052,0.22119,1.5222,0.23008,0.0065192,0.44037,0.55864,0.019618,0.39937,0.983,0.607,1.292,1.970,0.443,2.781,1.885,5.886,0.777,5.886,0
0.21544,0.13971,0.14743,1.4666,0.27713,0.0062004,0.10626,0.48895,0.024738,0.2218,0.174,1.602,0.177,2.719,2.667,2.025,4.688,3.347,2.014,4.688,0
0.50862,0.19474,0.032303,1.2224,0.086225,0.002943,0.13049,0.2548,0.024469,0.31439,1.725,0.017,2.002,1.541,2.582,2.029,3.062,0.201,3.964,3.964,0
0.58411,0.1177,0.14455,1.4289,0.17213,0.0030875,0.22232,0.70217,0.026141,0.29613,2.390,0.591,2.645,1.122,3.073,2.778,3.416,2.629,0.786,3.416,0
0.73787,0.29691,0.1933,1.0522,0.34843,0.0022725,0.28081,0.42652,0.0068331,0.2711,3.119,1.190,3.338,0.702,2.031,1.307,4.090,3.388,0.963,4.090,0
0.57153,0.14636,0.081132,1.4627,0.10391,0.0095421,0.25174,0.22512,0.025165,0.37955,4.486,2.380,4.661,0.174,2.231,1.291,2.767,2.314,3.448,4.661,0
0.21515,0.23888,0.02928,1.022,0.36802,0.0013762,0.27244,0.66237,0.0069682,0.23357,0.950,2.295,0.580,3.244,2.537,2.102,4.832,0.059,0.028,4.832,0
0.65174,0.28182,0.12557,1.3946,0.23739,0.0038108,0.32591,0.47971,0.0068303,0.3039,3.101,1.195,3.327,0.686,1.876,0.879,3.783,2.267,1.289,3.783,0
0.40207,0.46814,0.19035,1.3858,0.11468,0.00074395,0.23587,0.34339,0.027397,0.377,0.229,1.264,0.562,2.475,1.306,0.460,1.428,2.884,2.125,2.884,1
0.85946,0.48252,0.21288,1.4242,0.2092,0.0009027,0.26737,0.56489,0.023676,0.29254,3.154,1.245,3.380,0.645,1.211,0.284,2.200,3.275,0.661,3.380,0
0.46789,0.35077,0.20959,1.1255,0.2532,0.0077542,0.13964,0.30324,0.011197,0.3502,2.889,1.002,3.119,0.832,0.576,1.196,3.260,5.726,2.636,5.726,0
0.25007,0.34653,0.015016,1.4954,0.37186,0.0098067,0.25891,0.4894,0.0090596,0.39455,0.888,0.690,1.200,2.054,0.099,1.939,3.153,0.061,0.854,3.153,0
0.59256,0.13748,0.17045,1.04,0.17678,0.0095543,0.21887,0.37051,0.017293,0.36633,4.655,2.495,4.813,0.241,2.371,1.530,3.134,5.186,2.232,5.186,0
0.16916,0.17146,0.039666,1.5672,0.28305,0.0057919,0.10529,0.33118,0.0073424,0.30912,0.731,2.086,0.362,3.078,2.426,1.642,4.002,0.546,3.763,4.002,0
0.24733,0.31107,0.14529,1.3154,0.23756,0.0079907,0.30924,0.46665,0.02939,0.39311,0.573,0.971,0.893,2.263,0.705,0.888,2.246,4.280,0.801,4.280,0
0.43849,0.20834,0.018205,1.1588,0.18247,0.0032598,0.21412,0.28682,0.025945,0.22706,1.248,0.394,1.542,1.841,2.482,1.853,4.239,0.095,3.071,4.239,0
0.74185,0.16049,0.034582,1.5397,0.070957,0.00019499,0.3556,0.72394,0.022632,0.30895,1.975,0.241,2.246,1.375,3.105,2.925,3.151,0.053,1.302,3.151,0
0.88493,0.35193,0.18688,1.526,0.37598,0.0089723,0.33148,0.62325,0.01296,0.24926,7.010,4.528,7.088,1.736,0.368,1.659,4.721,5.208,0.129,7.088,0
0.71485,0.34245,0.15078,1.3161,0.29306,0.0043829,0.23236,0.73531,0.020679,0.28453,3.923,1.894,4.117,0.179,1.255,0.010,3.257,3.173,0.070,4.117,0
0.75915,0.12838,0.16254,1.4535,0.16367,0.0034068,0.29854,0.32827,0.015932,0.32387,3.713,1.723,3.918,0.300,2.983,2.613,3.416,3.027,2.354,3.918,0
0.30081,0.4309,0.018928,1.2898,0.32873,0.0049462,0.48913,0.2773,0.014606,0.24811,0.473,1.054,0.797,2.318,0.553,1.260,3.876,0.012,2.381,3.876,0
0.62847,0.33144,0.13244,1.4234,0.32011,0.0045128,0.24509,0.3926,0.016785,0.24572,3.272,1.347,3.494,0.572,1.360,0.098,4.070,2.635,1.430,4.070,0
0.73395,0.33101,0.16622,1.4131,0.32052,0.0085446,0.34035,0.22157,0.012743,0.36076,5.674,3.385,5.801,0.901,0.516,1.301,3.153,4.843,2.855,5.801,0
0.89805,0.44491,0.066449,1.1645,0.15666,0.0092409,0.34808,0.52031,0.024299,0.23919,7.050,4.542,7.118,1.748,0.404,2.901,4.200,1.581,1.341,7.118,0
0.72893,0.36924,0.016756,1.5404,0.20361,0.0047571,0.11299,0.61198,0.014982,0.35976,4.131,2.083,4.321,0.039,0.960,0.498,2.644,0.055,2.503,4.321,0
0.63868,0.18844,0.087226,1.0851,0.12246,0.0017826,0.4324,0.46449,0.014815,0.39138,2.187,0.393,2.441,1.280,2.752,2.373,2.650,1.200,1.532,2.752,1
0.76943,0.37401,0.054991,1.0029,0.35521,0.0066353,0.47822,0.54448,0.0131,0.34217,5.287,3.034,5.421,0.685,0.536,1.351,2.973,1.146,0.245,5.421,0
0.42352,0.16404,0.0014258,1.0479,0.32426,0.0099739,0.30715,0.7161,0.027582,0.23999,3.028,1.122,3.253,0.734,2.070,1.036,4.382,0.428,0.109,4.382,0
0.75367,0.43361,0.21454,1.337,0.28698,0.0058639,0.38032,0.55152,0.0091546,0.30761,4.750,2.598,4.912,0.336,0.314,1.583,3.525,5.050,0.707,5.050,0
0.87387,0.31706,0.09465,1.1691,0.38433,0.0020285,0.27392,0.22003,0.018604,0.31067,4.027,1.973,4.213,0.128,1.843,1.141,2.893,1.536,2.859,4.213,0
0.18033,0.25171,0.0085091,1.4663,0.13377,0.0020659,0.47818,0.38869,0.023993,0.2922,1.135,2.441,0.754,3.342,2.331,1.694,3.113,0.310,1.736,3.342,0
0.23715,0.30714,0.18206,1.2548,0.2451,0.0070546,0.19404,0.63173,0.0075641,0.33816,0.210,1.286,0.542,2.497,1.107,0.429,3.575,4.598,1.116,4.598,0
0.49374,0.36722,0.064953,1.1942,0.22266,0.00030818,0.39204,0.66439,0.020537,0.23689,0.687,0.875,1.001,2.191,2.055,1.503,3.493,0.556,0.429,3.493,0
0.53684,0.39697,0.019495,1.1326,0.38071,0.0076295,0.11783,0.76422,0.023325,0.29353,3.667,1.666,3.868,0.352,0.104,1.764,3.234,0.143,0.527,3.868,0
0.43989,0.47205,0.15409,1.0139,0.12963,0.0039379,0.30233,0.60288,0.018593,0.31591,1.471,0.215,1.753,1.719,0.557,1.021,2.619,2.988,1.353,2.988,1
0.54021,0.37169,0.011949,1.3581,0.19221,0.009129,0.27523,0.29581,0.023429,0.22391,3.944,1.922,4.141,0.154,0.248,1.899,4.633,0.109,2.842,4.633,0
0.87091,0.16434,0.067953,1.3701,0.050887,0.0056618,0.49338,0.47911,0.023661,0.35791,5.514,3.258,5.647,0.876,2.477,1.754,2.837,1.305,1.751,5.647,0
0.65695,0.14356,0.020121,1.4873,0.31943,0.0032728,0.2405,0.73596,0.016887,0.25102,3.004,1.122,3.237,0.733,2.884,2.479,4.342,0.039,0.026,4.342,0
0.29789,0.45473,0.036765,1.0265,0.073683,0.0072266,0.12874,0.50213,0.021447,0.24801,0.864,0.732,1.170,2.095,0.037,2.131,3.928,0.515,2.864,3.928,0
0.36377,0.38876,0.048038,1.2493,0.25697,0.0028173,0.22926,0.73441,0.021773,0.37587,0.582,0.967,0.900,2.262,1.200,0.135,2.046,0.609,0.331,2.262,1
0.22357,0.48393,0.10062,1.5096,0.36854,0.0083593,0.45433,0.68727,0.01677,0.37154,0.330,1.170,0.662,2.374,0.991,3.899,2.311,2.849,0.484,3.899,0
0.44452,0.17563,0.14565,1.3567,0.12442,0.003316,0.23446,0.29425,0.023687,0.29667,1.320,0.322,1.615,1.784,2.665,2.129,3.352,2.630,2.727,3.352,0
0.76771,0.20315,0.16001,1.1704,0.39331,0.0030039,0.4578,0.71412,0.027245,0.37687,3.876,1.843,4.068,0.197,2.398,1.893,2.397,3.394,1.073,4.068,0
0.40915,0.14662,0.075202,1.4495,0.28123,0.0058873,0.17698,0.76187,0.0071964,0.30138,1.738,0.040,2.019,1.519,2.636,1.978,4.153,1.461,0.728,4.153,0
0.26789,0.11978,0.13932,1.3134,0.27437,0.0070411,0.30596,0.30532,0.015435,0.26876,0.548,0.989,0.870,2.274,2.780,2.191,4.313,3.379,2.277,4.313,0
0.79205,0.18445,0.064989,1.2313,0.21568,0.0058371,0.44427,0.79821,0.010304,0.36,5.023,2.823,5.172,0.524,2.301,1.489,3.275,1.259,0.630,5.172,0
0.48505,0.36109,0.18415,1.2704,0.33977,0.0096606,0.42844,0.66468,0.0084292,0.38417,3.644,1.664,3.850,0.292,0.039,2.381,3.134,5.749,0.006,5.749,0
0.86782,0.13935,0.049053,1.2593,0.34769,0.0024196,0.38917,0.30967,0.0079602,0.32714,4.104,2.044,4.290,0.069,2.975,2.681,3.656,0.560,2.142,4.290,0
0.33493,0.31493,0.17043,1.5289,0.15515,0.0029764,0.48169,0.21654,0.024459,0.32999,0.325,1.173,0.657,2.401,1.713,0.732,2.546,3.178,3.031,3.178,0
0.86345,0.41658,0.10414,1.5017,0.13686,0.0054963,0.29387,0.43275,0.017879,0.24844,5.293,3.075,5.439,0.682,0.632,1.203,3.904,1.979,1.793,5.439,0
0.35962,0.20929,0.10457,1.0431,0.1885,0.005305,0.39673,0.78608,0.016738,0.24837,1.085,0.543,1.382,1.945,2.241,1.374,4.387,2.029,0.756,4.387,0
0.61095,0.19859,0.13805,1.323,0.24189,5.0928e-06,0.40369,0.51503,0.008562,0.37985,1.290,0.364,1.581,1.827,2.898,2.709,2.862,1.781,0.930,2.898,1
0.36557,0.14036,0.072364,1.511,0.30326,0.0091498,0.46882,0.35714,0.013443,0.32455,2.132,0.383,2.400,1.254,2.365,1.484,3.693,1.895,1.673,3.693,0
0.68629,0.14696,0.095177,1.251,0.17792,0.0063525,0.33185,0.46804,0.020074,0.33057,4.410,2.303,4.583,0.115,2.563,1.890,3.266,2.157,1.292,4.583,0
0.23238,0.27872,0.11196,1.1768,0.39742,0.0023449,0.22315,0.43101,0.028051,0.24683,0.606,1.991,0.246,3.016,2.040,1.386,3.529,1.946,0.698,3.529,0
0.49813,0.29663,0.19953,1.384,0.12325,0.0048052,0.37907,0.3118,0.0058235,0.3483,2.192,0.423,2.454,1.240,1.621,0.391,3.383,4.111,2.790,4.111,0
0.50556,0.13311,0.12999,1.0295,0.077991,0.00058611,0.31771,0.23998,0.010105,0.27729,0.770,0.815,1.078,2.157,3.247,3.098,4.170,1.477,3.442,4.170,0
0.82252,0.27162,0.12897,1.0759,0.27952,0.00012729,0.12466,0.59316,0.011153,0.27117,2.494,0.658,2.737,1.087,2.550,2.229,3.737,1.603,1.466,3.737,0
0.52157,0.44031,0.12886,1.4335,0.30106,0.0036499,0.11262,0.48434,0.025589,0.27422,2.180,0.420,2.445,1.243,0.679,0.745,2.813,2.512,1.919,2.813,1
0.62557,0.36535,0.099723,1.0225,0.35721,0.0023817,0.39274,0.49407,0.02887,0.33026,2.555,0.706,2.795,1.054,1.430,0.583,2.252,1.771,0.013,2.795,1
0.25496,0.33267,0.043407,1.4326,0.057395,0.00056356,0.41363,0.2207,0.0061372,0.26414,0.921,2.255,0.547,3.206,2.301,1.648,3.966,0.136,3.768,3.966,0
0.44617,0.3044,0.15023,1.0562,0.19084,0.00028919,0.17723,0.55993,0.014688,0.23639,0.333,1.188,0.657,2.428,2.419,1.980,4.036,1.815,1.182,4.036,0
0.50611,0.47074,0.18525,1.2686,0.10164,0.0095169,0.17065,0.44057,0.024333,0.38006,3.810,1.799,4.009,0.247,0.947,3.411,2.392,5.725,2.036,5.725,0
0.61681,0.48494,0.060103,1.2588,0.11839,0.0049065,0.38569,0.76516,0.014137,0.30813,3.218,1.288,3.438,0.617,0.250,1.732,2.971,0.947,1.451,3.438,0
0.45439,0.36729,0.1277,1.4076,0.13956,0.0067129,0.46778,0.6267,0.014757,0.25312,2.337,0.560,2.596,1.071,0.779,1.339,4.144,2.762,1.470,4.144,0
0.51042,0.16988,0.16625,1.5864,0.36042,0.01021,0.47305,0.62352,0.020583,0.29409,4.111,2.086,4.309,0.072,1.919,0.686,3.808,5.278,0.232,5.278,0
0.27264,0.19111,0.075494,1.1289,0.094632,0.0099169,0.49213,0.30216,0.010667,0.22386,1.023,0.590,1.324,1.970,1.977,0.613,5.564,1.703,3.039,5.564,0
0.80943,0.30817,0.028431,1.3888,0.14392,0.00059342,0.46567,0.61761,0.006857,0.36129,2.577,0.746,2.822,1.000,2.287,1.754,2.818,0.011,1.433,2.822,1
0.52997,0.23921,0.091553,1.4223,0.14487,0.0075317,0.33605,0.45376,0.027011,0.2337,3.385,1.451,3.605,0.491,1.661,0.343,4.292,2.066,1.330,4.292,0
0.8787,0.26781,0.03862,1.2076,0.33557,0.0043598,0.42961,0.72984,0.011023,0.38733,5.174,2.949,5.316,0.610,1.775,0.838,2.779,0.510,0.293,5.316,0
0.82991,0.38118,0.18678,1.0857,0.060609,0.0063326,0.32538,0.64831,0.014829,0.21709,5.205,2.972,5.345,0.595,0.916,0.901,4.955,3.800,2.044,5.345,0
0.65538,0.37274,0.21009,1.5319,0.090558,0.0014978,0.27549,0.74138,0.010898,0.28034,2.044,0.300,2.313,1.332,1.827,0.896,3.404,2.987,1.635,3.404,0
0.82215,0.34745,0.15257,1.3232,0.13911,0.0059027,0.34145,0.6167,0.017647,0.35414,5.271,3.040,5.412,0.651,0.938,0.606,2.744,3.558,1.375,5.412,0
0.61001,0.37498,0.20682,1.3696,0.3581,0.0018847,0.3765,0.78409,0.02293,0.21261,2.138,0.374,2.401,1.279,1.583,0.707,3.929,3.528,0.980,3.929,0
0.6655,0.44134,0.045098,1.0271,0.10185,0.0022265,0.22332,0.30041,0.018482,0.31381,2.515,0.672,2.756,1.078,1.207,0.060,2.539,0.396,3.166,3.166,0
0.48048,0.43059,0.062056,1.2076,0.17796,0.0079797,0.27206,0.66793,0.023039,0.26592,3.049,1.149,3.276,0.716,0.090,2.257,3.653,1.363,1.067,3.653,0
0.70229,0.36281,0.051264,1.0181,0.3412,0.0087545,0.28575,0.73054,0.020403,0.35532,5.530,3.238,5.653,0.779,0.173,1.686,2.844,1.280,0.188,5.653,0
0.45608,0.30953,0.14323,1.1631,0.32178,0.0013103,0.39584,0.4607,0.0187,0.30927,0.859,0.732,1.166,2.091,2.059,1.482,2.877,2.298,0.430,2.877,1
0.8866,0.46835,0.16245,1.4382,0.11811,0.0073728,0.38407,0.22715,0.012023,0.37601,6.299,3.917,6.402,1.306,0.336,2.705,2.716,4.156,3.346,6.402,0
0.59303,0.18722,0.061096,1.531,0.16621,7.2139e-05,0.21478,0.38974,0.014015,0.21861,1.095,0.515,1.398,1.927,3.026,2.799,4.796,0.378,2.404,4.796,0
0.44753,0.23472,0.04535,1.1668,0.27378,0.0034433,0.45056,0.49094,0.026928,0.33317,1.496,0.185,1.780,1.681,2.161,1.469,2.715,0.605,0.465,2.715,1
0.41336,0.46336,0.12195,1.4038,0.34105,0.004558,0.40129,0.73092,0.015321,0.29502,1.480,0.183,1.770,1.664,0.313,1.452,3.020,2.531,0.441,3.020,0
0.79703,0.48334,0.11757,1.5005,0.32731,0.010231,0.4139,0.62684,0.021059,0.2469,6.733,4.295,6.822,1.602,1.153,4.264,4.126,3.449,0.068,6.822,0
0.63327,0.3344,0.11653,1.3905,0.069876,0.0095079,0.39289,0.71666,0.01558,0.32967,4.900,2.731,5.058,0.452,0.458,1.737,3.420,3.207,2.072,5.058,0
0.3933,0.41252,0.11021,1.4759,0.24139,0.0029466,0.46,0.70851,0.011604,0.38185,0.821,0.749,1.135,2.066,1.048,0.276,2.258,1.930,0.442,2.258,1
0.38846,0.36235,0.21095,1.1052,0.064905,0.00013763,0.44745,0.21532,0.011034,0.27901,0.141,1.595,0.201,2.725,2.218,1.653,3.339,2.514,3.453,3.453,0
0.32204,0.1568,0.19608,1.3395,0.31515,0.0032182,0.39237,0.21634,0.023902,0.29942,0.324,1.182,0.654,2.416,2.760,2.338,3.348,3.987,2.645,3.987,0
0.67311,0.30725,0.025526,1.4893,0.12041,0.0099364,0.42727,0.78322,0.015568,0.29651,5.395,3.160,5.537,0.818,0.660,1.649,3.856,0.353,1.614,5.537,0
0.76154,0.31768,0.07334,1.2599,0.38858,0.0073246,0.40639,0.5321,0.017893,0.37422,5.581,3.299,5.708,0.856,0.793,0.766,2.712,1.853,0.027,5.708,0
0.67793,0.42067,0.20546,1.166,0.06031,0.0093763,0.31657,0.43433,0.0056685,0.2447,5.016,2.811,5.163,0.475,0.068,2.419,5.527,5.053,2.545,5.527,0
0.80255,0.49882,0.13537,1.2903,0.38395,0.0068173,0.13805,0.79681,0.025583,0.24529,5.663,3.375,5.790,0.891,0.529,2.661,3.501,3.426,0.252,5.790,0
0.71008,0.42014,0.086681,1.0088,0.26946,0.0023601,0.26785,0.48608,0.028519,0.37869,3.082,1.154,3.300,0.729,1.093,0.105,1.720,1.452,0.546,3.300,0
0.86748,0.1697,0.21312,1.2046,0.078068,0.0065284,0.11245,0.28518,0.024763,0.29673,5.816,3.498,5.934,0.976,2.375,1.557,3.474,5.167,3.064,5.934,0
0.28893,0.21963,0.007715,1.5614,0.081519,0.0042402,0.41198,0.49381,0.012359,0.36846,0.161,1.314,0.499,2.508,2.233,1.386,2.962,0.296,1.923,2.962,1
0.25929,0.12773,0.064271,1.195,0.21711,0.0080034,0.31404,0.3918,0.029097,0.31033,0.685,0.878,0.999,2.197,2.580,1.906,3.294,1.564,1.589,3.294,0
0.75573,0.26671,0.19336,1.5158,0.39995,0.0075707,0.47954,0.34184,0.023369,0.33279,5.657,3.386,5.788,0.964,1.199,0.271,2.943,5.608,1.018,5.788,0
0.66942,0.43857,0.043878,1.2767,0.19571,0.002704,0.4401,0.57123,0.028663,0.23841,2.811,0.945,3.047,0.859,1.047,0.240,3.110,0.418,0.653,3.110,0
0.24263,0.30932,0.1368,1.558,0.30944,0.006051,0.35852,0.23179,0.018558,0.37459,0.145,1.328,0.484,2.519,1.096,0.286,2.596,3.415,2.727,3.415,0
0.87952,0.27294,0.058716,1.1919,0.33283,0.006588,0.17237,0.76683,0.012595,0.39362,6.158,3.781,6.260,1.173,1.366,0.115,2.799,1.273,0.277,6.260,0
0.83361,0.15841,0.1325,1.0017,0.29916,0.00055213,0.37152,0.71914,0.018874,0.383,2.910,1.006,3.135,0.837,3.025,2.882,2.613,1.974,0.215,3.135,0
0.61482,0.29032,0.15351,1.5806,0.15306,0.0099705,0.23406,0.48364,0.013771,0.23414,4.790,2.651,4.957,0.375,0.926,1.025,5.151,4.056,1.761,5.151,0
0.64166,0.25602,0.10166,1.5428,0.14956,0.0050513,0.43142,0.53679,0.025099,0.3536,3.596,1.629,3.807,0.354,1.760,0.701,2.607,2.140,1.127,3.807,0
0.19389,0.18178,0.097824,1.2339,0.36629,0.0042967,0.47651,0.26989,0.025189,0.25823,0.639,2.018,0.277,3.032,2.467,1.857,3.854,1.945,2.063,3.854,0
0.61263,0.31745,0.076771,1.436,0.16286,0.0099143,0.25532,0.52561,0.0068591,0.31716,4.806,2.649,4.968,0.364,0.601,1.435,4.165,1.962,1.893,4.968,0
0.47664,0.16094,0.10213,1.563,0.1584,0.0061638,0.42197,0.49294,0.011367,0.21844,2.339,0.569,2.603,1.117,2.576,1.772,5.401,1.879,1.622,5.401,0
0.63976,0.3136,0.069356,1.4131,0.33947,0.001515,0.19072,0.39778,0.026387,0.25042,2.204,0.432,2.465,1.238,1.986,1.339,3.333,0.874,1.631,3.333,0
0.43103,0.46803,0.030443,1.5652,0.32407,0.0089977,0.36826,0.18718,0.025692,0.37644,2.954,1.087,3.192,0.750,1.012,3.491,2.193,0.601,3.299,3.491,0
0.84331,0.27824,0.17108,1.2257,0.16642,0.00060266,0.47098,0.26765,0.017703,0.26724,2.793,0.925,3.028,0.867,2.462,2.008,3.506,2.279,2.641,3.506,0
0.68182,0.48541,0.21971,1.5696,0.22104,0.00016188,0.34595,0.63439,0.0077727,0.3071,1.688,0.006,1.970,1.556,1.465,0.686,2.650,2.949,0.802,2.949,1
0.51594,0.40761,0.095876,1.4045,0.12416,0.00086171,0.38323,0.77556,0.01353,0.27997,0.976,0.616,1.284,1.998,1.758,0.926,3.084,1.057,1.180,3.084,0
0.16635,0.38509,0.090992,1.0641,0.26446,0.010031,0.34695,0.58233,0.025394,0.37449,0.154,1.608,0.188,2.738,0.317,2.503,2.555,2.848,0.593,2.848,1
0.7294,0.16264,0.1055,1.5117,0.38304,0.00078409,0.3126,0.35068,0.022688,0.39066,2.504,0.689,2.754,1.052,2.933,2.751,2.430,1.598,1.301,2.933,1
0.40553,0.39607,0.17609,1.2268,0.12873,0.0084551,0.46355,0.65215,0.02545,0.34209,2.423,0.621,2.674,1.003,0.058,2.615,2.458,5.046,1.283,5.046,0
0.18647,0.21193,0.07063,1.2309,0.21784,0.005081,0.4292,0.3663,0.020997,0.3275,0.616,2.000,0.255,3.021,2.145,1.304,3.094,1.348,1.735,3.094,0
0.74336,0.34036,0.17241,1.5235,0.38027,0.0018957,0.16831,0.79985,0.022891,0.32557,3.122,1.222,3.350,0.662,1.669,0.904,2.476,3.170,0.589,3.350,0
0.42635,0.45897,0.061616,1.0682,0.34304,0.00025637,0.23955,0.55616,0.0085903,0.31521,0.288,1.228,0.614,2.459,1.509,0.888,2.672,0.589,0.519,2.672,1
0.40813,0.12286,0.063943,1.117,0.19503,0.0086302,0.29547,0.5166,0.021171,0.32233,2.492,0.665,2.738,1.074,2.604,1.912,3.425,1.579,1.217,3.425,0
0.72341,0.358,0.065117,1.1181,0.34742,0.0024631,0.28017,0.18316,0.011242,0.2146,3.079,1.163,3.301,0.716,1.655,0.713,4.703,0.804,3.468,4.703,0
0.19245,0.3188,0.068092,1.1066,0.078842,0.0003686,0.44574,0.20331,0.019939,0.23964,1.323,2.614,0.939,3.477,2.368,1.851,3.694,0.524,3.556,3.694,0
0.54514,0.3867,0.11711,1.0873,0.14077,0.0058968,0.23246,0.34136,0.026494,0.35647,3.113,1.188,3.333,0.701,0.589,1.018,2.328,2.744,2.394,3.333,0
0.84388,0.22218,0.05081,1.3334,0.11724,0.0033254,0.17327,0.79096,0.019287,0.35787,4.267,2.187,4.448,0.033,2.320,1.624,2.748,0.642,1.363,4.448,0
0.56906,0.31818,0.0069924,1.3937,0.23612,0.0092589,0.40326,0.22678,0.016956,0.39662,4.407,2.308,4.583,0.129,0.483,1.399,2.709,0.231,3.210,4.583,0
0.61788,0.44322,0.12018,1.0043,0.050318,0.0084082,0.4127,0.6746,0.0066874,0.25893,4.233,2.136,4.408,0.001,0.051,2.603,4.872,2.727,2.512,4.872,0
0.44371,0.34946,0.15812,1.4006,0.11171,0.0018924,0.10698,0.23981,0.02239,0.3069,0.855,0.721,1.167,2.075,1.778,0.898,2.684,2.481,3.495,3.495,0
0.87998,0.30108,0.071851,1.1032,0.20032,0.00073855,0.47103,0.70339,0.025824,0.27439,3.166,1.236,3.384,0.639,2.275,1.789,3.039,0.769,0.343,3.384,0
0.29364,0.12086,0.051877,1.3767,0.29379,0.00024897,0.41959,0.48408,0.024283,0.34982,0.598,1.980,0.237,3.004,3.250,3.187,2.821,0.446,0.349,3.250,0
0.46882,0.46368,0.10953,1.2801,0.37164,0.003818,0.15649,0.47284,0.020333,0.2984,1.807,0.089,2.082,1.487,0.448,1.020,2.686,2.176,1.180,2.686,1
0.72153,0.21986,0.12639,1.2776,0.097703,0.00092594,0.10803,0.41032,0.012831,0.26966,2.180,0.402,2.439,1.265,2.757,2.353,3.906,1.510,3.249,3.906,0
0.82054,0.27461,0.21382,1.2433,0.35212,0.0070673,0.15261,0.39037,0.018158,0.22696,5.781,3.471,5.901,0.958,1.405,0.036,4.731,5.372,1.488,5.901,0
0.88212,0.14312,0.034525,1.3634,0.12373,0.0043155,0.10242,0.60153,0.010863,0.27929,4.862,2.697,5.021,0.402,2.846,2.324,4.227,0.276,3.186,5.021,0
0.68519,0.18747,0.16131,1.5699,0.35873,0.0028471,0.23172,0.60921,0.029448,0.22609,3.099,1.211,3.332,0.664,2.590,2.088,4.135,3.004,0.229,4.135,0
0.19627,0.21776,0.01657,1.3181,0.28399,0.0092462,0.4094,0.21852,0.019586,0.32145,0.102,1.375,0.439,2.559,1.538,0.211,3.424,0.089,3.125,3.424,0
0.59756,0.19781,0.15268,1.0175,0.34022,0.0037699,0.14006,0.34881,0.0061015,0.36014,2.799,0.911,3.028,0.909,2.429,1.825,3.351,3.131,2.429,3.351,0
0.67291,0.20724,0.14274,1.3874,0.10285,0.0018279,0.30801,0.63251,0.0087908,0.25238,2.271,0.487,2.529,1.199,2.730,2.222,4.498,1.884,1.741,4.498,0
0.70147,0.28156,0.16301,1.5729,0.13575,0.0005082,0.1084,0.79781,0.0059527,0.32825,1.895,0.172,2.169,1.427,2.461,1.971,3.255,2.057,1.763,3.255,0
0.36711,0.38559,0.070487,1.0192,0.17828,0.0058024,0.49133,0.28113,0.018289,0.32988,1.334,0.333,1.621,1.794,0.690,1.051,2.816,1.406,2.679,2.816,1
0.17486,0.28353,0.20759,1.1783,0.38369,0.0061268,0.30799,0.24038,0.015339,0.27633,0.584,1.973,0.225,3.003,1.418,0.167,3.906,5.161,2.376,5.161,0
0.55812,0.24313,0.0047338,1.5394,0.25747,0.0015313,0.31861,0.7828,0.013975,0.32569,1.623,0.062,1.908,1.599,2.429,1.915,3.086,0.383,0.201,3.086,0
0.37838,0.20277,0.16572,1.2387,0.3297,0.0016455,0.13982,0.69042,0.019692,0.3068,0.377,1.142,0.703,2.390,2.640,2.260,3.210,2.840,0.254,3.210,0
0.72883,0.1226,0.10981,1.0114,0.33416,0.0044277,0.11486,0.70732,0.014121,0.30069,4.049,1.980,4.231,0.131,2.939,2.559,3.816,2.231,0.895,4.231,0
0.31507,0.46747,0.13302,1.0237,0.32851,0.00070357,0.4231,0.47676,0.02507,0.39648,0.308,1.744,0.038,2.839,1.229,0.543,1.407,2.101,0.168,2.839,1
0.65073,0.31622,0.19841,1.1579,0.17418,0.0040461,0.41648,0.52084,0.0079474,0.22145,3.055,1.144,3.279,0.725,1.750,0.576,5.122,3.479,1.501,5.122,0
0.47017,0.38812,0.16547,1.2284,0.25356,0.0021527,0.16235,0.33572,0.012133,0.24293,1.146,0.479,1.444,1.903,1.549,0.541,3.960,2.618,2.454,3.960,0
0.39205,0.24811,0.13757,1.2739,0.30857,0.0031123,0.22707,0.22429,0.016814,0.37368,0.909,0.684,1.216,2.054,2.109,1.407,2.623,2.693,2.953,2.953,1
0.61675,0.40857,0.082547,1.1884,0.14988,0.0093191,0.47719,0.78526,0.027539,0.31395,4.841,2.675,4.999,0.544,0.378,3.468,2.573,2.282,0.983,4.999,0
0.45496,0.29601,0.050441,1.0826,0.059124,0.0064025,0.3013,0.24966,0.0080329,0.3472,2.252,0.455,2.505,1.231,1.397,0.023,3.420,0.838,3.677,3.677,0
0.40146,0.16804,0.018471,1.1197,0.13561,0.0054484,0.31201,0.415,0.028806,0.34366,1.610,0.090,1.889,1.623,2.453,1.781,2.813,0.024,1.757,2.813,1
0.40127,0.17542,0.14665,1.3166,0.14009,0.0091002,0.46187,0.76231,0.014075,0.39665,2.505,0.697,2.754,0.912,2.002,0.896,2.962,4.275,1.419,4.275,0
0.68211,0.27642,0.16765,1.261,0.32814,0.0017765,0.2091,0.78612,0.0084791,0.36144,2.572,0.733,2.815,1.028,2.170,1.578,2.915,2.894,0.089,2.915,1
0.26443,0.44051,0.070728,1.2829,0.27353,0.0012577,0.32737,0.51017,0.025002,0.28418,0.598,1.981,0.237,3.006,1.319,0.441,2.460,0.861,0.456,3.006,0
0.87684,0.39398,0.0083917,1.3052,0.28553,0.006468,0.37581,0.22171,0.025499,0.26925,6.048,3.703,6.160,1.149,0.421,1.359,3.356,0.236,3.061,6.160,0
0.66252,0.27026,0.20882,1.3863,0.2236,0.0030686,0.12256,0.46908,0.024673,0.32464,2.986,1.098,3.217,0.755,1.986,1.186,2.740,4.139,1.601,4.139,0
0.46775,0.17492,0.0060509,1.034,0.3706,0.0087442,0.21439,0.62514,0.0097134,0.32495,3.197,1.259,3.414,0.650,2.073,1.077,3.828,0.279,0.442,3.828,0
0.19293,0.24551,0.14119,1.2261,0.23447,0.003552,0.25129,0.64568,0.027685,0.32121,0.767,2.130,0.401,3.118,2.081,1.320,2.788,2.828,0.437,3.118,0
0.55751,0.35469,0.037078,1.1995,0.061454,0.0025942,0.27024,0.20076,0.013877,0.29579,1.886,0.145,2.154,1.457,1.700,0.649,3.244,0.226,3.922,3.922,0
0.36204,0.42342,0.17827,1.4293,0.060871,0.0095289,0.48422,0.48032,0.023824,0.39771,2.176,0.418,2.440,1.170,0.594,3.388,2.132,5.492,1.864,5.492,0
0.50679,0.26874,0.17533,1.55,0.055857,0.002901,0.2196,0.27276,0.02543,0.30533,1.671,0.010,1.957,1.549,2.094,1.254,2.916,3.065,2.969,3.065,0
0.3397,0.37359,0.067608,1.3884,0.19423,0.0042179,0.24727,0.58686,0.028273,0.2299,0.652,0.893,0.972,2.199,1.139,0.238,3.680,1.056,0.820,3.680,0
0.5676,0.22037,0.10148,1.0705,0.36944,0.0057172,0.29656,0.72782,0.017317,0.33118,3.317,1.359,3.528,0.578,1.966,1.066,3.207,2.362,0.481,3.528,0
0.25296,0.30363,0.061734,1.5658,0.10328,0.0071072,0.20391,0.4738,0.015107,0.38649,0.385,1.120,0.716,2.366,1.058,0.522,2.736,1.303,2.205,2.736,1
0.35627,0.34162,0.065657,1.5451,0.1928,0.0018074,0.23105,0.77008,0.017591,0.3142,0.181,1.296,0.519,2.494,1.807,0.968,2.788,0.770,0.750,2.788,1
0.34822,0.29821,0.021876,1.3219,0.27746,0.0079479,0.47239,0.38709,0.0063986,0.39466,1.653,0.044,1.933,1.566,0.965,0.768,3.124,0.209,1.738,3.124,0
0.69842,0.16197,0.10382,1.3706,0.070587,0.0098294,0.24749,0.39712,0.0068041,0.26944,5.398,3.148,5.535,0.723,2.228,1.094,4.880,2.555,2.889,5.535,0
0.47415,0.26993,0.041371,1.3672,0.28196,0.00039674,0.34916,0.74928,0.025745,0.32396,0.670,0.883,0.988,2.196,2.429,2.076,2.550,0.262,0.252,2.550,1
0.72267,0.41642,0.18477,1.4384,0.21618,0.0098154,0.35871,0.44252,0.0070102,0.23864,5.687,3.401,5.815,0.918,0.138,2.713,5.569,4.876,1.629,5.815,0
0.757,0.38534,0.11058,1.4824,0.33801,0.0059248,0.44053,0.36268,0.02782,0.26255,4.947,2.781,5.107,0.503,0.543,1.182,3.257,2.562,1.095,5.107,0
0.39609,0.49841,0.21122,1.1498,0.20454,0.0028656,0.39098,0.408,0.0096171,0.3863,0.809,0.778,1.117,2.127,0.586,0.832,2.195,4.015,1.519,4.015,0
0.64828,0.19744,0.16515,1.4,0.35405,0.0030063,0.34459,0.76487,0.0095376,0.3402,2.886,1.011,3.120,0.819,2.500,1.954,3.332,3.195,0.577,3.332,0
0.39267,0.37211,0.15896,1.4349,0.074983,0.0086486,0.20956,0.62016,0.01288,0.25418,2.154,0.399,2.420,1.255,0.441,1.738,4.629,3.888,2.129,4.629,0
0.57211,0.47177,0.145,1.4878,0.16186,0.0080702,0.17288,0.4024,0.0093552,0.30514,3.894,1.878,4.093,0.189,0.402,2.842,3.852,3.635,2.518,4.093,0
0.56887,0.14219,0.011084,1.4104,0.31579,0.0043331,0.24593,0.68994,0.01384,0.28263,2.757,0.904,2.997,0.897,2.794,2.306,4.029,0.209,0.272,4.029,0
0.44956,0.14397,0.20736,1.2816,0.30772,0.0073918,0.20226,0.22076,0.0078719,0.22201,2.496,0.682,2.746,1.055,2.589,1.825,5.619,4.915,2.958,5.619,0
0.7117,0.17754,0.080187,1.4549,0.2442,0.0051605,0.44481,0.40962,0.024861,0.33045,4.243,2.177,4.428,0.054,2.382,1.671,3.007,1.643,1.075,4.428,0
0.61907,0.49087,0.050779,1.0983,0.24877,0.0059937,0.21481,0.24289,0.0081459,0.30177,3.672,1.663,3.870,0.359,0.060,2.101,3.626,0.852,3.414,3.870,0
0.46717,0.42251,0.11398,1.1513,0.11002,0.0064905,0.24445,0.77493,0.0083072,0.22736,2.316,0.518,2.569,1.179,0.589,1.433,5.162,2.187,1.865,5.162,0
0.7381,0.3378,0.10501,1.501,0.14015,0.002695,0.42673,0.73004,0.012212,0.28694,3.166,1.260,3.393,0.626,1.738,0.699,3.474,1.542,1.230,3.474,0
0.67154,0.2608,0.19432,1.4443,0.39343,0.0076833,0.44827,0.46762,0.019793,0.21685,4.802,2.657,4.967,0.412,1.406,0.049,4.917,5.062,0.131,5.062,0
0.89629,0.18989,0.15425,1.2833,0.21689,0.00034571,0.37017,0.68368,0.026996,0.23219,3.010,1.116,3.239,0.741,2.931,2.707,3.989,2.013,0.250,3.989,0
0.19722,0.33506,0.089806,1.3358,0.26574,0.0070072,0.30878,0.26282,0.011642,0.39396,0.217,1.652,0.131,2.764,0.769,0.848,2.783,2.190,2.838,2.838,1
0.87782,0.26621,0.060563,1.2789,0.13765,0.0099262,0.20989,0.2635,0.020727,0.2357,7.059,4.554,7.129,1.736,1.131,0.604,4.715,1.416,3.342,7.129,0
0.6806,0.48213,0.028125,1.4239,0.090642,0.0077524,0.27367,0.49055,0.013496,0.22127,4.588,2.470,4.760,0.242,0.184,2.690,5.043,0.246,2.059,5.043,0
0.2251,0.41617,0.01351,1.0813,0.213,0.001059,0.33563,0.4689,0.014318,0.25282,0.959,2.301,0.588,3.246,1.655,0.836,3.455,0.245,1.240,3.455,0
0.56712,0.13193,0.17473,1.4494,0.074295,0.0017963,0.45022,0.28352,0.025811,0.38396,1.752,0.042,2.029,1.523,3.077,2.836,2.520,2.900,2.603,3.077,0
0.74851,0.46277,0.14917,1.1322,0.36481,0.006295,0.18152,0.31903,0.0067697,0.23253,4.835,2.658,4.989,0.364,0.133,1.863,5.022,3.334,2.319,5.022,0
0.23094,0.29548,0.032976,1.239,0.168,0.0055111,0.36951,0.64756,0.01716,0.36545,0.105,1.559,0.238,2.697,1.414,0.163,2.734,0.401,1.155,2.734,1
0.6243,0.28887,0.023422,1.4398,0.18394,0.0054625,0.47693,0.23062,0.0054828,0.25406,3.404,1.460,3.621,0.466,1.655,0.300,4.813,0.062,3.406,4.813,0
0.23646,0.26459,0.012451,1.0786,0.26555,0.0054496,0.22545,0.24749,0.025437,0.36095,0.009,1.483,0.328,2.646,1.615,0.568,2.553,0.127,3.190,3.190,0
0.56678,0.25917,0.10373,1.3632,0.29792,0.010056,0.46985,0.70112,0.012153,0.23237,4.463,2.366,4.640,0.279,1.175,0.896,5.230,2.763,0.196,5.230,0
0.22132,0.48841,0.19282,1.4103,0.089351,0.0062239,0.37425,0.21916,0.019805,0.31259,0.121,1.563,0.226,2.694,0.171,2.403,2.782,4.519,3.283,4.519,0
0.2313,0.45984,0.14253,1.352,0.2725,0.0078866,0.43854,0.68311,0.01822,0.21943,0.258,1.234,0.592,2.436,0.267,2.987,4.538,3.490,0.290,4.538,0
0.18822,0.17688,0.11086,1.5627,0.32662,0.0021672,0.46171,0.61316,0.0094219,0.23528,1.060,2.371,0.680,3.288,2.797,2.377,4.866,1.609,0.115,4.866,0
0.35549,0.16545,0.20481,1.4323,0.2976,0.010047,0.49104,0.496,0.028147,0.39158,2.324,0.548,2.583,1.044,1.910,0.737,2.568,6.962,0.430,6.962,0
0.26567,0.43941,0.17176,1.3638,0.25603,0.0095852,0.27732,0.7387,0.012398,0.38704,1.028,0.577,1.333,1.974,0.674,3.064,2.962,5.297,0.584,5.297,0
0.18314,0.44083,0.21932,1.333,0.239,0.00084461,0.48613,0.30673,0.0081013,0.24505,1.300,2.588,0.914,3.454,1.586,0.702,3.777,3.064,2.189,3.777,0
0.52412,0.28592,0.20818,1.0377,0.28965,0.0037013,0.15876,0.59234,0.0081344,0.26734,2.128,0.348,2.386,1.311,1.894,0.958,4.242,4.040,0.903,4.242,0
0.2668,0.32666,0.11666,1.1819,0.21674,0.0032674,0.19665,0.75404,0.018522,0.28615,0.193,1.635,0.152,2.754,1.645,0.631,3.284,2.042,0.701,3.284,0
0.67001,0.47719,0.11936,1.3482,0.28449,0.0081176,0.47544,0.34913,0.023355,0.27093,4.947,2.771,5.103,0.504,0.654,3.307,3.292,3.175,1.529,5.103,0
0.71108,0.24205,0.15978,1.5749,0.072791,0.0073975,0.45292,0.23215,0.0077263,0.2592,4.707,2.579,4.877,0.355,1.767,0.351,4.820,3.491,3.529,4.877,0
0.52384,0.22652,0.10218,1.4679,0.20319,0.0020472,0.45134,0.28807,0.013666,0.37678,1.569,0.107,1.856,1.628,2.451,1.912,2.704,1.565,2.539,2.704,1
0.79944,0.33281,0.16939,1.5901,0.25489,0.0029219,0.3353,0.42712,0.026665,0.33215,3.924,1.912,4.124,0.158,1.539,0.562,2.401,3.303,0.764,4.124,0
0.18324,0.2582,0.10681,1.3143,0.069521,0.0030741,0.41518,0.68008,0.017084,0.39594,0.963,2.299,0.590,3.241,2.115,1.325,2.425,1.800,1.671,3.241,0
0.44207,0.47738,0.15071,1.0285,0.095109,0.0078428,0.27142,0.47026,0.011807,0.38032,2.583,0.734,2.822,1.031,0.434,2.712,2.823,3.949,2.030,3.949,0
0.42546,0.48357,0.15495,1.5028,0.18222,0.0040132,0.47258,0.65721,0.029966,0.31822,1.428,0.221,1.722,1.648,0.238,1.675,1.836,3.219,0.575,3.219,0
0.49624,0.33401,0.19263,1.1927,0.26598,0.0066122,0.23867,0.79711,0.022834,0.35889,2.926,1.040,3.157,0.800,0.827,0.681,2.585,5.136,0.108,5.136,0
0.59383,0.46181,0.172,1.0399,0.05236,0.0013207,0.24998,0.30276,0.012391,0.27578,1.592,0.117,1.868,1.654,1.453,0.399,3.124,2.297,3.047,3.124,0
0.59191,0.28524,0.20946,1.5286,0.20956,0.00028134,0.14419,0.25392,0.012673,0.2193,1.206,0.419,1.505,1.858,2.509,2.063,4.504,2.601,2.930,4.504,0
0.85907,0.1491,0.21711,1.1801,0.11305,0.0042471,0.15766,0.77575,0.022489,0.27013,4.745,2.588,4.905,0.320,2.787,2.273,3.858,4.338,1.322,4.905,0
0.5179,0.35323,0.11928,1.5129,0.13435,0.0024115,0.22424,0.48062,0.024441,0.22115,1.560,0.103,1.851,1.617,1.716,0.685,3.866,1.712,1.389,3.866,0
0.18535,0.27692,0.064362,1.0718,0.37028,0.0087576,0.15634,0.51309,0.022307,0.24864,0.101,1.560,0.240,2.701,1.082,0.450,4.260,1.599,1.090,4.260,0
0.248,0.47327,0.18707,1.5254,0.15186,0.0093515,0.12324,0.46114,0.0072517,0.33832,0.689,0.858,1.009,2.175,0.731,3.350,3.782,5.245,2.569,5.245,0
0.6095,0.17826,0.20017,1.2478,0.2069,0.0091822,0.21221,0.75533,0.0051978,0.33656,4.594,2.455,4.759,0.217,2.039,0.916,3.961,5.630,1.253,5.630,0
0.48683,0.31192,0.039062,1.5555,0.39088,0.0068403,0.15824,0.39323,0.014333,0.39736,2.937,1.071,3.175,0.767,0.902,0.581,2.640,0.727,2.164,3.175,0
0.22832,0.39829,0.18825,1.5726,0.088566,0.00011015,0.14347,0.59138,0.024902,0.3915,1.110,2.418,0.729,3.325,1.857,1.266,1.583,2.569,1.292,3.325,0
0.31591,0.44188,0.011289,1.1987,0.33576,0.0058085,0.32518,0.71904,0.012969,0.3504,0.861,0.729,1.169,2.090,0.156,1.622,2.801,0.160,0.091,2.801,1
0.48295,0.2774,0.084436,1.3374,0.28272,0.0027115,0.12544,0.50528,0.013712,0.22154,1.433,0.224,1.724,1.711,2.116,1.318,4.670,1.173,2.110,4.670,0
0.72443,0.49803,0.042286,1.2698,0.31784,0.0066909,0.4821,0.2598,0.010964,0.25302,4.810,2.649,4.970,0.414,0.321,2.824,4.135,0.665,2.642,4.970,0
0.36946,0.23077,0.10902,1.2968,0.24717,0.0070331,0.32264,0.31683,0.021168,0.24489,1.638,0.051,1.921,1.587,1.790,0.609,4.311,2.528,2.196,4.311,0
0.89027,0.23623,0.14317,1.5133,0.36204,0.0014708,0.11924,0.35241,0.022134,0.28983,3.813,1.814,4.016,0.230,2.438,1.984,3.201,2.357,2.332,4.016,0
0.18696,0.35269,0.041415,1.0843,0.23868,0.0041545,0.10161,0.27459,0.0054407,0.27507,0.781,2.148,0.417,3.135,1.391,0.121,4.206,0.442,4.156,4.206,0
0.20759,0.17115,0.036861,1.073,0.31474,0.0075098,0.38518,0.58494,0.025757,0.27302,0.003,1.476,0.334,2.639,2.222,1.360,3.794,0.656,0.194,3.794,0
0.83879,0.49341,0.21398,1.4673,0.065646,0.001243,0.40909,0.38522,0.011494,0.35993,3.053,1.159,3.283,0.707,1.157,0.024,2.091,3.163,2.189,3.283,0
0.5391,0.1945,0.048923,1.2127,0.085574,0.0013033,0.45706,0.75134,0.024112,0.24421,1.304,0.348,1.596,1.806,2.832,2.458,3.940,0.341,1.196,3.940,0
0.83664,0.42865,0.094768,1.432,0.18809,0.0097014,0.44878,0.6843,0.026464,0.31654,6.910,4.446,6.989,1.725,0.670,3.677,2.687,2.761,0.842,6.989,0
0.5826,0.14765,0.21781,1.0601,0.23555,0.0096879,0.44599,0.7276,0.013236,0.32801,4.582,2.441,4.745,0.293,2.277,1.350,3.684,6.562,0.628,6.562,0
0.84528,0.42317,0.22052,1.4009,0.23486,0.0024753,0.43077,0.45133,0.02882,0.23662,3.920,1.902,4.118,0.149,1.163,0.010,3.160,3.944,0.612,4.118,0
0.88811,0.34913,0.14079,1.4193,0.30718,0.0016522,0.39837,0.76466,0.020658,0.23624,3.786,1.788,3.989,0.244,1.800,1.011,3.680,2.167,0.453,3.989,0
0.66763,0.46712,0.025673,1.2056,0.23594,0.0081781,0.25463,0.47444,0.020869,0.3851,4.984,2.786,5.133,0.459,0.651,2.870,2.350,0.370,1.300,5.133,0
0.44099,0.12606,0.14413,1.2847,0.09262,0.0051144,0.29108,0.42951,0.023497,0.28389,1.807,0.092,2.083,1.483,2.879,2.390,3.706,2.983,1.758,3.706,0
0.17721,0.25286,0.13035,1.2945,0.10051,0.0047243,0.39799,0.50933,0.026207,0.25119,0.798,2.153,0.430,3.131,1.961,0.944,3.798,2.515,1.386,3.798,0
0.87462,0.22259,0.21733,1.2939,0.098752,0.0016706,0.21641,0.41011,0.02809,0.30055,3.603,1.622,3.810,0.374,2.568,2.087,2.964,3.542,1.671,3.810,0
0.21004,0.12891,0.21764,1.3252,0.10615,0.0010879,0.41776,0.43321,0.023413,0.37029,1.053,2.376,0.677,3.298,3.163,2.995,2.676,3.432,1.305,3.432,0
0.70812,0.39331,0.19852,1.2837,0.15685,0.0089908,0.24494,0.53325,0.018641,0.2176,5.328,3.090,5.468,0.686,0.186,2.060,5.034,5.110,1.493,5.468,0
0.76453,0.38487,0.19727,1.1056,0.38992,0.006412,0.31732,0.57742,0.0068769,0.33329,5.140,2.912,5.281,0.546,0.530,1.141,3.509,5.037,0.049,5.281,0
0.4706,0.3403,0.076826,1.487,0.15599,0.0049745,0.22156,0.5907,0.01005,0.25374,1.966,0.241,2.240,1.368,1.339,0.127,4.377,1.232,1.620,4.377,0
0.32664,0.29016,0.093116,1.3174,0.097285,0.0020785,0.28533,0.53126,0.010055,0.2554,0.057,1.511,0.286,2.658,2.219,1.429,4.168,1.119,1.845,4.168,0
0.18675,0.20558,0.14291,1.4407,0.1587,0.0098826,0.14238,0.74822,0.018224,0.24076,0.010,1.463,0.334,2.618,1.722,0.322,4.761,3.889,1.475,4.761,0
0.81244,0.36332,0.028304,1.2578,0.06999,0.00363,0.48829,0.36185,0.028504,0.24648,4.112,2.057,4.299,0.014,1.391,0.082,3.354,0.122,2.114,4.299,0
0.53705,0.26401,0.12234,1.0504,0.24668,0.0036811,0.37672,0.70978,0.02699,0.30029,2.318,0.510,2.569,1.190,1.952,1.129,3.003,2.399,0.142,3.003,0
0.52764,0.35109,0.13772,1.5474,0.29833,0.0068806,0.26997,0.59613,0.018949,0.24333,3.218,1.316,3.447,0.588,0.755,0.985,4.220,3.267,0.448,4.220,0
0.35166,0.23997,0.14999,1.5353,0.080701,0.0060448,0.33276,0.55642,0.0051669,0.25529,1.066,0.529,1.374,1.931,1.986,0.763,4.949,2.889,2.270,4.949,0
0.26254,0.13417,0.16538,1.4725,0.32464,0.010114,0.176,0.64425,0.019758,0.29227,1.086,0.517,1.391,1.924,2.346,1.445,3.882,5.155,0.409,5.155,0
0.74159,0.31992,0.00095089,1.0424,0.38332,0.0067229,0.30348,0.66852,0.028813,0.39124,5.258,3.010,5.394,0.617,0.840,0.533,2.187,0.448,0.457,5.394,0
0.86022,0.25492,0.061249,1.2143,0.259,0.0029888,0.45254,0.20813,0.024637,0.24171,4.281,2.197,4.460,0.071,2.167,1.433,3.871,0.823,3.083,4.460,0
0.7872,0.15175,0.19462,1.5547,0.35282,0.0023529,0.27435,0.53461,0.014422,0.27545,3.538,1.582,3.752,0.398,2.897,2.553,3.996,3.504,0.224,3.996,0
0.4005,0.25553,0.18311,1.0743,0.33313,0.006579,0.25213,0.35615,0.027561,0.34661,1.985,0.228,2.249,1.394,1.493,0.359,2.696,4.999,1.367,4.999,0
0.76589,0.47589,0.11892,1.0499,0.33661,0.0036584,0.35996,0.61459,0.024057,0.26034,4.022,1.962,4.207,0.137,0.488,0.959,2.990,2.306,0.132,4.207,0
0.75269,0.31135,0.13506,1.1953,0.091607,0.008783,0.30399,0.52115,0.019164,0.2343,5.606,3.320,5.733,0.849,0.935,0.903,4.694,3.346,1.838,5.733,0
0.54673,0.26912,0.096769,1.5941,0.3473,0.007289,0.35163,0.63725,0.0056278,0.28635,3.506,1.558,3.724,0.413,1.399,0.044,4.437,2.223,0.195,4.437,0
0.18583,0.2042,0.19549,1.1891,0.34378,0.0052406,0.24702,0.5484,0.0093304,0.2373,0.625,2.007,0.264,3.028,2.270,1.434,4.991,4.208,0.491,4.991,0
0.53453,0.15882,0.073118,1.5995,0.3928,0.0038919,0.2306,0.64714,0.017244,0.39836,2.451,0.654,2.707,1.075,2.624,2.133,2.647,1.381,0.204,2.707,1
0.35116,0.38018,0.06253,1.2479,0.14527,0.0060258,0.21908,0.7264,0.027292,0.3285,1.245,0.394,1.540,1.841,0.616,1.032,2.573,1.249,1.067,2.573,1
0.43403,0.46023,0.13715,1.3375,0.36921,0.0013854,0.20853,0.71273,0.010638,0.3596,0.730,0.834,1.045,2.162,1.104,0.184,2.248,2.248,0.181,2.248,1
0.85432,0.14699,0.21679,1.2634,0.1793,0.0077641,0.31341,0.25298,0.017191,0.34485,6.276,3.888,6.376,1.258,2.433,1.640,3.270,5.917,2.818,6.376,0
0.31174,0.12246,0.18999,1.5739,0.19528,0.0020809,0.17522,0.59379,0.013032,0.25955,0.132,1.563,0.218,2.690,3.153,2.898,4.383,2.976,1.189,4.383,0
0.44059,0.17232,0.0044059,1.0926,0.3549,0.0014536,0.19047,0.65438,0.008228,0.32946,0.784,0.801,1.093,2.146,2.864,2.587,3.501,0.391,0.442,3.501,0
0.66628,0.4585,0.078827,1.0023,0.25756,0.0066077,0.421,0.71833,0.015919,0.24442,4.277,2.177,4.451,0.039,0.072,2.184,4.060,1.629,0.376,4.451,0
0.583,0.36878,0.15671,1.0656,0.068184,0.0096725,0.19275,0.72473,0.020911,0.38154,4.571,2.426,4.734,0.193,0.032,2.056,2.677,4.750,1.928,4.750,0
0.83277,0.43415,0.20284,1.2118,0.21054,0.0021828,0.4869,0.51898,0.0062699,0.33373,3.603,1.612,3.806,0.353,1.225,0.021,2.863,3.438,1.217,3.806,0
0.88054,0.16932,0.023702,1.3122,0.24624,0.0056784,0.43454,0.71174,0.024481,0.29104,5.723,3.428,5.848,0.974,2.426,1.706,3.511,0.163,0.260,5.848,0
0.75235,0.47887,0.22029,1.1089,0.38904,0.001656,0.48304,0.61479,0.014155,0.33031,3.034,1.120,3.256,0.726,0.931,0.135,2.239,4.033,0.521,4.033,0
0.59672,0.28794,0.11997,1.1612,0.36533,0.0031687,0.46465,0.33853,0.028336,0.33804,2.675,0.817,2.912,0.956,1.783,0.989,2.470,2.410,1.185,2.912,1
0.45874,0.25388,0.050596,1.1464,0.38472,0.002019,0.18235,0.21397,0.022943,0.31344,1.164,0.471,1.459,1.902,2.237,1.704,2.898,0.616,3.310,3.310,0
0.36865,0.49275,0.029163,1.2574,0.1717,0.0082146,0.10562,0.68346,0.0098544,0.237,1.808,0.091,2.083,1.486,0.408,2.941,5.055,0.326,2.645,5.055,0
0.28575,0.1689,0.11317,1.2159,0.17902,0.0019087,0.44475,0.78767,0.026241,0.39754,0.290,1.720,0.058,2.811,2.814,2.489,2.327,1.855,0.390,2.814,1
0.5563,0.27191,0.011065,1.3557,0.16504,0.0087741,0.43975,0.48801,0.021635,0.34034,4.094,2.043,4.282,0.053,1.072,0.608,3.033,0.111,1.359,4.282,0
0.2734,0.14275,0.13442,1.1609,0.29264,0.0050621,0.27354,0.74674,0.023546,0.23782,0.243,1.259,0.573,2.476,2.739,2.207,4.383,2.853,0.057,4.383,0
0.57414,0.23328,0.009819,1.3419,0.063843,0.0089369,0.34139,0.29751,0.015362,0.30306,4.157,2.094,4.342,0.034,1.545,0.086,3.818,0.173,3.226,4.342,0
0.54338,0.32311,0.093248,1.5314,0.18671,0.0030381,0.12846,0.3847,0.022757,0.22937,2.011,0.279,2.284,1.344,1.748,0.712,3.950,1.382,2.800,3.950,0
0.58704,0.43522,0.076366,1.0474,0.39552,0.0020553,0.45804,0.66123,0.012333,0.37375,2.136,0.347,2.391,1.305,1.078,0.077,2.200,1.183,0.614,2.391,1
0.25971,0.47685,0.15503,1.3822,0.27796,0.0089419,0.15226,0.67883,0.029437,0.39203,0.905,0.681,1.215,2.048,1.063,3.382,2.015,4.908,0.475,4.908,0
0.60277,0.38284,0.098212,1.0472,0.36024,0.0047721,0.355,0.44513,0.010219,0.26774,3.182,1.243,3.398,0.663,0.961,0.450,4.008,1.935,0.724,4.008,0
0.23941,0.33905,0.075705,1.482,0.082654,0.0041166,0.38167,0.45516,0.026002,0.2216,0.338,1.744,0.018,2.823,1.489,0.181,4.033,1.109,1.494,4.033,0
0.55562,0.44805,0.21271,1.3299,0.14187,0.0058268,0.42485,0.38016,0.025885,0.35687,3.175,1.257,3.398,0.636,0.087,1.872,2.101,5.249,1.595,5.249,0
0.28775,0.48344,0.15646,1.2663,0.19552,0.0055196,0.13378,0.47947,0.011981,0.21271,0.382,1.133,0.709,2.380,0.277,1.768,4.891,3.046,2.153,4.891,0
0.83045,0.39868,0.143,1.4796,0.2422,0.0053773,0.44887,0.58277,0.010627,0.26824,5.070,2.883,5.224,0.580,0.746,1.115,3.932,2.955,0.875,5.224,0
0.81162,0.39921,0.1751,1.3172,0.070759,0.001982,0.23857,0.309,0.017666,0.35616,3.324,1.382,3.540,0.551,1.469,0.440,2.248,2.821,2.807,3.540,0
0.78321,0.19169,0.21817,1.2911,0.29812,0.010219,0.45016,0.35922,0.026861,0.3786,6.779,4.323,6.859,1.630,1.616,0.366,2.707,7.408,1.209,7.408,0
0.35787,0.31737,0.11464,1.1204,0.28567,0.0020011,0.14497,0.49737,0.019573,0.29125,0.295,1.219,0.621,2.450,1.909,1.179,3.091,1.835,1.502,3.091,0
0.5902,0.16679,0.22083,1.4901,0.14588,0.00089736,0.4396,0.26257,0.027606,0.21454,1.470,0.192,1.760,1.690,3.014,2.749,4.398,3.065,2.489,4.398,0
0.17466,0.1316,0.16996,1.0793,0.064855,0.0074052,0.46942,0.52806,0.010394,0.39514,0.456,1.869,0.103,2.921,2.639,1.967,3.093,4.333,2.206,4.333,0
0.57623,0.42589,0.1053,1.3848,0.35157,0.0024157,0.13105,0.62768,0.028269,0.38039,2.236,0.453,2.494,1.228,0.950,0.091,1.657,1.930,0.442,2.494,1
0.5794,0.24122,0.024096,1.2131,0.37271,0.0055397,0.34486,0.65763,0.0078607,0.28826,3.270,1.328,3.486,0.594,1.883,0.866,4.155,0.155,0.090,4.155,0
0.85852,0.18345,0.047733,1.5127,0.24207,0.0046777,0.12704,0.36469,0.007166,0.34254,5.022,2.839,5.177,0.505,2.442,1.723,3.539,0.675,3.284,5.177,0
0.34872,0.44946,0.044473,1.2931,0.12762,0.0091107,0.39642,0.64559,0.020696,0.3657,1.922,0.187,2.192,1.392,0.646,3.330,2.485,1.006,1.483,3.330,0
0.53755,0.25518,0.067969,1.3346,0.21773,0.0017283,0.34228,0.24849,0.013963,0.35088,1.553,0.131,1.837,1.654,2.335,1.774,2.826,0.840,3.014,3.014,0
0.32032,0.39083,0.058615,1.1517,0.28842,0.0096574,0.14704,0.54331,0.017694,0.33553,1.735,0.019,2.010,1.544,0.207,2.364,3.226,1.557,1.494,3.226,0
0.79412,0.30326,0.088399,1.2461,0.23506,0.0089291,0.17408,0.31606,0.023481,0.33793,6.313,3.918,6.412,1.276,0.718,0.991,2.983,2.474,2.719,6.412,0
0.81164,0.30679,0.019046,1.3463,0.37903,0.0013123,0.49047,0.25957,0.027162,0.34114,3.291,1.355,3.509,0.536,1.991,1.439,2.286,0.082,2.214,3.509,0
0.33176,0.35852,0.21858,1.008,0.3755,0.0023982,0.48393,0.23834,0.02119,0.3686,0.252,1.263,0.578,2.484,1.470,0.618,2.170,4.426,2.234,4.426,0
0.63886,0.31095,0.13593,1.3448,0.12589,0.0022332,0.33787,0.64529,0.018201,0.37233,2.391,0.583,2.642,1.133,1.908,1.097,2.369,2.240,1.242,2.642,1
0.44309,0.38894,0.21056,1.3248,0.096765,0.0070637,0.28066,0.44292,0.010489,0.24782,2.266,0.487,2.526,1.195,0.642,1.360,4.682,4.696,2.074,4.696,0
0.84566,0.30543,0.016143,1.5658,0.053132,0.0034114,0.31631,0.53607,0.015718,0.29716,4.179,2.129,4.369,0.001,1.820,0.737,3.326,0.146,1.919,4.369,0
0.58657,0.38929,0.14651,1.3776,0.21519,0.0052465,0.20111,0.40177,0.029361,0.27663,3.239,1.315,3.461,0.596,0.713,0.860,2.986,3.279,1.629,3.461,0
0.62706,0.48515,0.0067375,1.1132,0.20657,0.0018702,0.10892,0.43757,0.011987,0.25927,2.120,0.340,2.378,1.317,1.080,0.108,3.355,0.352,3.580,3.580,0
0.28074,0.24129,0.07267,1.2276,0.16309,0.0036316,0.37045,0.74709,0.02166,0.36397,0.021,1.450,0.359,2.617,2.118,1.344,2.592,1.211,0.828,2.617,1
0.59427,0.35597,0.10715,1.4739,0.32623,0.0041181,0.23578,0.29347,0.011111,0.21471,2.798,0.947,3.039,0.861,1.337,0.023,4.920,1.835,2.497,4.920,0
0.84402,0.16214,0.10103,1.3423,0.35772,0.0052877,0.10325,0.35827,0.025352,0.3538,5.442,3.187,5.577,0.754,2.465,1.845,2.808,2.347,2.855,5.577,0
0.72816,0.12817,0.16824,1.4265,0.14773,0.0064733,0.35325,0.27998,0.025867,0.29198,4.783,2.635,4.947,0.364,2.724,2.122,3.559,4.085,2.570,4.947,0
0.77822,0.39782,0.15171,1.2335,0.27778,0.00096418,0.16415,0.51709,0.02504,0.27774,2.763,0.899,2.999,0.904,1.644,0.930,2.672,2.303,0.810,2.999,1
0.21436,0.24829,0.017602,1.1854,0.24058,0.0065095,0.11818,0.78697,0.016024,0.36759,0.097,1.554,0.244,2.696,1.629,0.473,2.906,0.036,1.286,2.906,1
0.48873,0.32531,0.14346,1.1616,0.3948,0.0097905,0.48703,0.23649,0.027503,0.2393,3.760,1.758,3.961,0.239,0.395,1.669,4.170,4.389,2.310,4.389,0
0.27626,0.34457,0.12051,1.3196,0.36084,0.0074861,0.29408,0.67137,0.0067397,0.28699,0.732,0.831,1.047,2.160,0.719,1.037,4.314,2.981,0.014,4.314,0
0.60855,0.49624,0.16771,1.5952,0.13009,0.0085675,0.49067,0.34272,0.019959,0.28989,4.429,2.345,4.611,0.201,0.852,3.868,3.212,4.510,2.202,4.611,0
0.58555,0.13782,0.15817,1.103,0.11562,0.0083916,0.18695,0.44357,0.012987,0.21648,3.992,1.940,4.179,0.154,2.605,1.793,5.498,3.693,2.313,5.498,0
0.46537,0.32827,0.17892,1.4436,0.23375,0.0031526,0.10027,0.66318,0.020741,0.30786,1.493,0.170,1.783,1.671,1.594,0.577,2.894,3.430,1.419,3.430,0
0.89319,0.29866,0.13216,1.3115,0.14331,0.00020043,0.37178,0.58348,0.0063476,0.26409,2.736,0.880,2.975,0.915,2.486,2.025,4.026,1.426,1.515,4.026,0
0.27123,0.37242,0.19244,1.324,0.2464,0.0077901,0.26948,0.69136,0.007216,0.25342,0.674,0.880,0.992,2.195,0.558,1.426,4.911,4.701,0.868,4.911,0
0.54856,0.34953,0.21494,1.2181,0.29606,0.00061045,0.2108,0.65414,0.016502,0.33216,1.245,0.404,1.537,1.859,1.977,1.443,2.537,3.380,0.220,3.380,0
0.84502,0.4416,0.08584,1.0814,0.32144,0.0013699,0.16979,0.68457,0.022007,0.39786,3.479,1.498,3.684,0.477,1.200,0.381,1.623,1.284,0.191,3.684,0
0.18893,0.33173,0.10315,1.0674,0.20262,0.0071907,0.22585,0.75119,0.0056987,0.28474,0.338,1.766,0.011,2.855,1.009,0.664,4.426,2.293,1.264,4.426,0
0.51308,0.32131,0.041136,1.4248,0.34518,0.0038017,0.42565,0.40359,0.016616,0.32174,2.173,0.411,2.437,1.246,1.472,0.401,2.973,0.513,0.965,2.973,1
0.45646,0.44472,0.14797,1.4176,0.16354,0.0018641,0.39463,0.75794,0.01983,0.36259,0.984,0.611,1.291,1.988,1.143,0.060,1.945,2.421,0.729,2.421,1
0.23807,0.41843,0.047205,1.112,0.36425,0.0081854,0.26509,0.38932,0.028017,0.30043,0.499,1.043,0.819,2.321,0.235,2.236,2.975,1.088,1.294,2.975,1
0.65117,0.17707,0.1066,1.1575,0.12799,0.0098011,0.37407,0.50263,0.016724,0.27401,5.134,2.914,5.278,0.560,2.013,0.846,4.259,2.879,1.744,5.278,0
0.77326,0.24638,0.014129,1.3111,0.35647,0.0060904,0.41239,0.71741,0.019465,0.23591,5.060,2.865,5.211,0.547,1.759,0.640,4.447,0.096,0.491,5.211,0
0.81982,0.15325,0.0074806,1.0753,0.25436,0.0084423,0.16543,0.52362,0.016866,0.22637,6.149,3.771,6.251,1.166,2.396,1.517,5.054,0.255,1.756,6.251,0
0.45538,0.43013,0.12833,1.5333,0.30919,0.005073,0.30294,0.52404,0.010567,0.27193,1.962,0.240,2.238,1.368,0.521,1.220,3.833,2.628,0.707,3.833,0
0.2304,0.46083,0.078163,1.3955,0.062146,0.0083075,0.12992,0.61119,0.024103,0.27912,0.316,1.184,0.648,2.414,0.401,2.807,3.398,1.828,2.120,3.398,0
0.78798,0.21864,0.046951,1.4284,0.29922,0.0023398,0.28685,0.35763,0.019373,0.24157,3.482,1.528,3.696,0.439,2.491,1.940,4.140,0.459,1.847,4.140,0
0.40364,0.21212,0.071954,1.3669,0.17492,0.00019081,0.21568,0.51753,0.024538,0.34976,0.077,1.395,0.415,2.572,2.799,2.559,2.533,0.727,1.061,2.799,1
0.21243,0.18379,0.10028,1.5771,0.059037,0.0033061,0.14421,0.39645,0.0089528,0.34854,0.716,2.073,0.347,3.069,2.638,2.030,3.324,1.554,3.211,3.324,0
0.2813,0.36429,0.15457,1.0441,0.38296,0.00026669,0.18415,0.40446,0.025085,0.25701,0.659,2.043,0.299,3.058,1.961,1.520,3.010,2.285,1.140,3.058,0
0.17041,0.34876,0.026871,1.3721,0.18429,0.0070925,0.15452,0.31998,0.020184,0.26962,0.547,1.932,0.186,2.967,0.764,0.992,3.762,0.275,3.268,3.762,0
0.8288,0.25723,0.1832,1.2486,0.17041,0.0089162,0.25049,0.60952,0.0069697,0.35681,6.378,3.968,6.472,1.307,1.285,0.260,3.599,5.116,1.663,6.472,0
0.73225,0.18773,0.031458,1.3716,0.24116,0.0081927,0.25155,0.24422,0.0092262,0.22489,5.266,3.041,5.410,0.650,2.129,1.011,5.501,0.387,3.369,5.501,0
0.37356,0.34298,0.15558,1.2347,0.18966,0.0060053,0.30113,0.74315,0.024866,0.23436,1.412,0.248,1.702,1.732,1.048,0.495,4.039,3.461,0.695,4.039,0
0.31983,0.37575,0.093735,1.2303,0.11541,0.0072025,0.47391,0.47339,0.0083001,0.37277,1.116,0.509,1.415,1.895,0.519,1.580,3.027,2.160,2.002,3.027,0
0.25139,0.28631,0.18399,1.3608,0.37701,0.00028296,0.27925,0.61969,0.012164,0.21334,0.902,2.240,0.529,3.195,2.426,2.048,4.641,2.534,0.213,4.641,0
0.38747,0.12585,0.039469,1.1607,0.27731,0.0051834,0.31476,0.55007,0.0083261,0.21927,1.294,0.356,1.586,1.816,2.923,2.437,5.559,0.433,0.956,5.559,0
0.55006,0.23585,0.038253,1.0417,0.17603,0.007847,0.38719,0.31816,0.024395,0.23477,3.675,1.669,3.874,0.348,1.678,0.406,4.418,0.629,2.420,4.418,0
0.3467,0.49115,0.14258,1.2363,0.067904,0.0026267,0.40039,0.45929,0.007182,0.381,0.270,1.236,0.599,2.461,0.810,0.635,2.361,2.306,2.133,2.461,1
0.54294,0.43427,0.20688,1.1772,0.36444,0.005478,0.42062,0.73789,0.012549,0.29044,2.968,1.073,3.196,0.762,0.355,1.516,3.408,4.894,0.672,4.894,0
0.67203,0.34675,0.11502,1.2087,0.14694,0.0025565,0.34416,0.24125,0.017149,0.27738,2.698,0.841,2.936,0.947,1.709,0.723,3.344,1.761,3.128,3.344,0
0.23166,0.28606,0.17923,1.5926,0.38502,0.0025637,0.12837,0.32326,0.020626,0.29426,0.589,1.961,0.224,2.985,1.922,1.163,3.115,3.432,2.126,3.432,0
0.39055,0.29764,0.037563,1.2108,0.18538,0.0082561,0.1703,0.66607,0.029085,0.3462,2.252,0.466,2.509,1.215,0.864,0.721,2.682,0.757,1.018,2.682,1
0.40618,0.40145,0.071441,1.3222,0.17888,0.00052804,0.32012,0.60027,0.008155,0.29523,0.137,1.345,0.473,2.536,1.851,1.141,3.155,0.656,1.256,3.155,0
0.84179,0.39643,5.9542e-05,1.3976,0.39427,0.006344,0.288,0.20919,0.022911,0.30779,5.854,3.541,5.974,1.013,0.314,1.399,2.922,0.472,3.168,5.974,0
0.27688,0.18048,0.11617,1.1308,0.25449,0.0060347,0.10088,0.50749,0.026706,0.31549,0.509,1.033,0.829,2.313,2.275,1.499,3.148,2.783,2.338,3.148,0
0.89841,0.39329,0.034656,1.3205,0.051725,0.0044395,0.22723,0.37858,0.014205,0.28514,4.991,2.805,5.144,0.479,1.069,0.488,3.468,0.281,2.938,5.144,0
0.28713,0.14172,0.19786,1.3788,0.32708,0.007369,0.13903,0.59191,0.012352,0.28774,0.839,0.735,1.152,2.087,2.533,1.795,4.153,5.161,0.755,5.161,0
0.83784,0.30023,0.079001,1.3083,0.39355,0.0057276,0.24559,0.37319,0.0098826,0.36352,5.506,3.236,5.637,0.786,1.276,0.013,3.071,1.730,1.628,5.637,0
0.24704,0.43755,0.033728,1.4058,0.27661,0.0033989,0.48221,0.69736,0.0053832,0.2181,0.395,1.798,0.039,2.848,1.026,0.635,4.839,0.188,0.388,4.839,0
0.52703,0.29396,0.21145,1.1838,0.1138,0.00072821,0.16938,0.34584,0.02354,0.32001,1.064,0.555,1.364,1.964,2.325,1.830,2.616,3.096,2.348,3.096,0
0.29657,0.25792,0.15604,1.396,0.067367,0.0082086,0.36254,0.4136,0.0079805,0.22745,0.947,0.639,1.257,2.014,1.590,0.014,5.534,3.434,2.496,5.534,0
0.67715,0.43333,0.13125,1.3871,0.25105,0.00063606,0.19981,0.33756,0.011805,0.37836,1.970,0.224,2.238,1.394,1.515,0.783,2.058,1.848,2.372,2.372,1
0.64261,0.34309,0.10199,1.128,0.30572,0.0020937,0.16372,0.73271,0.020366,0.39678,2.504,0.667,2.747,1.080,1.645,0.874,2.030,1.731,0.238,2.747,1
0.82038,0.2274,0.019866,1.4251,0.21414,0.00062733,0.15145,0.55083,0.024953,0.25148,2.747,0.899,2.989,0.896,2.687,2.341,3.623,0.142,1.645,3.623,0
0.19032,0.16841,0.18418,1.1148,0.12694,0.0037354,0.29323,0.73039,0.0070525,0.38878,0.806,2.170,0.441,3.151,2.681,2.147,3.105,3.578,1.600,3.578,0
0.42941,0.26117,0.18837,1.286,0.36651,0.00046383,0.26223,0.72019,0.020018,0.30846,0.407,1.114,0.733,2.368,2.458,2.128,2.924,2.957,0.612,2.957,1
0.45234,0.48763,0.11517,1.0513,0.1816,0.0039595,0.31113,0.40103,0.015259,0.34971,1.614,0.092,1.891,1.629,0.388,1.215,2.388,2.203,1.832,2.388,1
0.35408,0.15607,0.20302,1.0886,0.07218,0.0059675,0.15983,0.79442,0.0078504,0.36925,1.170,0.471,1.464,1.906,2.572,1.875,3.350,4.621,2.166,4.621,0
0.24775,0.33005,0.080424,1.5249,0.12637,0.0032977,0.38001,0.18377,0.011582,0.34677,0.388,1.791,0.032,2.861,1.616,0.508,2.887,1.219,3.760,3.760,0
0.77362,0.17053,0.026121,1.5108,0.10223,0.0081014,0.21275,0.45016,0.013899,0.31094,5.622,3.349,5.754,0.873,2.219,1.200,3.779,0.287,2.459,5.754,0
0.47573,0.28711,0.13262,1.5871,0.24443,0.0078017,0.15469,0.65269,0.025264,0.31726,3.039,1.164,3.275,0.695,1.031,0.522,3.071,3.608,0.779,3.608,0
0.70046,0.14161,0.14074,1.4911,0.12664,0.0030265,0.33975,0.3073,0.0076263,0.3308,3.053,1.160,3.283,0.709,2.949,2.545,3.651,2.334,2.843,3.651,0
0.46178,0.27373,0.2174,1.3324,0.2133,0.0031348,0.30219,0.77776,0.02521,0.32486,1.476,0.192,1.764,1.690,1.956,1.140,2.719,4.345,0.280,4.345,0
0.57914,0.227,0.083199,1.5103,0.36259,0.0025502,0.13505,0.67692,0.02046,0.2394,2.205,0.439,2.468,1.230,2.378,1.784,4.111,1.253,0.305,4.111,0
0.74711,0.20527,0.17953,1.0699,0.13781,0.001344,0.36747,0.77068,0.011385,0.37737,2.637,0.777,2.873,1.002,2.720,2.346,2.825,2.774,1.151,2.873,1
0.80481,0.24704,0.018601,1.1909,0.32585,0.0069897,0.45993,0.3575,0.022037,0.39545,5.800,3.482,5.918,1.017,1.491,0.295,2.490,0.112,1.459,5.918,0
0.57471,0.32085,0.014358,1.1562,0.1827,0.0069515,0.35525,0.2277,0.0058375,0.38494,3.615,1.615,3.816,0.392,1.013,0.556,3.193,0.064,3.546,3.816,0
0.32077,0.21107,0.16654,1.4504,0.35003,0.0075419,0.28621,0.5424,0.025058,0.23828,1.273,0.355,1.572,1.803,1.843,0.715,4.314,4.393,0.136,4.393,0
0.49895,0.28051,0.17159,1.023,0.094905,0.0053139,0.14173,0.59428,0.027811,0.36963,2.488,0.655,2.732,1.085,1.556,0.439,2.383,4.005,1.407,4.005,0
0.44781,0.41531,0.051043,1.5886,0.345,0.0055029,0.37726,0.19657,0.0074261,0.38971,2.087,0.345,2.357,1.292,0.378,1.346,2.757,0.906,3.297,3.297,0
0.80217,0.1509,0.084288,1.195,0.27909,0.0013891,0.40739,0.59024,0.009794,0.30234,3.072,1.159,3.296,0.715,3.021,2.781,3.806,1.085,0.541,3.806,0
0.50363,0.46877,0.10442,1.1373,0.30734,0.0046474,0.11175,0.27025,0.027022,0.30591,2.391,0.580,2.641,1.134,0.209,1.411,2.439,2.225,3.241,3.241,0
0.84952,0.15997,0.20988,1.4973,0.088035,0.0048778,0.17308,0.26199,0.0070231,0.27107,4.797,2.650,4.962,0.370,2.696,2.018,4.565,3.992,3.355,4.962,0
0.47898,0.29631,0.17085,1.14,0.094165,0.0082321,0.20839,0.64928,0.020064,0.36657,3.119,1.201,3.341,0.685,0.964,0.647,2.809,4.748,1.725,4.748,0
0.17911,0.38073,0.056539,1.344,0.074809,0.0019607,0.4808,0.3274,0.0062977,0.37472,1.179,2.485,0.799,3.379,1.630,0.605,2.646,0.558,2.903,3.379,0
0.25397,0.14874,0.11785,1.1159,0.29939,0.0046597,0.23696,0.35413,0.02644,0.39245,0.038,1.441,0.374,2.614,2.649,2.160,2.490,2.685,1.739,2.685,1
0.77476,0.45272,0.17094,1.253,0.28771,0.0067302,0.27448,0.43712,0.015642,0.29662,5.293,3.055,5.432,0.656,0.062,2.087,3.371,4.284,1.062,5.432,0
0.8432,0.24465,0.046336,1.4865,0.34823,0.0027929,0.39525,0.72072,0.012261,0.21414,4.048,2.017,4.243,0.075,2.289,1.584,5.000,0.445,0.391,5.000,0
0.75651,0.16746,0.21545,1.1351,0.1094,0.0064795,0.26022,0.54341,0.018388,0.36379,4.974,2.774,5.123,0.449,2.376,1.594,2.979,5.383,1.633,5.383,0
0.88468,0.20617,0.012565,1.5331,0.16422,0.0061355,0.34864,0.43665,0.014443,0.29314,5.779,3.486,5.906,0.983,2.115,1.108,3.838,0.148,1.787,5.906,0
0.87537,0.19833,0.0055756,1.4543,0.08641,0.00163,0.35809,0.3609,0.028909,0.217,3.487,1.538,3.703,0.426,2.769,2.326,4.241,0.378,2.232,4.241,0
0.77792,0.13736,0.14863,1.4692,0.23891,0.010086,0.21858,0.20291,0.026129,0.32442,6.591,4.167,6.683,1.462,2.285,1.370,3.274,4.724,3.183,6.683,0
0.40655,0.3108,0.071572,1.1912,0.22565,0.0081085,0.38644,0.37259,0.023793,0.26614,2.327,0.531,2.582,1.163,0.889,0.787,3.816,1.695,1.706,3.816,0
0.74136,0.27781,0.12876,1.0404,0.25971,5.5621e-05,0.13136,0.21716,0.02718,0.26376,2.055,0.281,2.314,1.361,2.502,2.201,3.170,1.657,3.313,3.313,0
0.85158,0.42954,0.15653,1.4778,0.15214,0.0010753,0.33667,0.36319,0.015977,0.28196,3.093,1.197,3.323,0.678,1.547,0.625,2.873,2.148,2.031,3.323,0
0.64053,0.37111,0.17852,1.2742,0.19679,0.0022419,0.2174,0.76031,0.011821,0.21788,2.307,0.513,2.562,1.183,1.705,0.681,4.539,2.678,0.898,4.539,0
0.71143,0.15824,0.10831,1.3885,0.24435,0.0053915,0.33884,0.52003,0.01683,0.389,4.315,2.229,4.494,0.064,2.520,1.880,2.790,2.438,0.899,4.494,0
0.86451,0.28739,0.20261,1.4312,0.17968,0.0035757,0.23791,0.52426,0.029271,0.37695,4.679,2.544,4.846,0.295,1.735,0.811,2.149,4.310,0.854,4.846,0
0.57576,0.32337,0.11045,1.1974,0.39047,0.0058474,0.42008,0.62199,0.0089187,0.26688,3.344,1.392,3.557,0.538,1.187,0.229,4.335,2.426,0.252,4.335,0
0.27707,0.31383,0.1118,1.262,0.18053,0.0085739,0.19904,0.23333,0.014697,0.39895,0.972,0.631,1.277,2.016,0.699,1.037,2.759,3.118,3.393,3.393,0
0.87651,0.12463,0.0077745,1.5391,0.19008,0.0068342,0.26402,0.50268,0.029817,0.31164,6.199,3.843,6.309,1.234,2.695,2.091,3.226,0.244,1.023,6.309,0
0.88417,0.29565,0.019231,1.3583,0.13256,8.3867e-05,0.10422,0.56772,0.012223,0.30125,2.673,0.829,2.915,0.951,2.473,2.054,3.189,0.186,3.318,3.318,0
0.31871,0.13469,0.17624,1.524,0.30985,0.002373,0.39732,0.59353,0.019651,0.30888,0.076,1.387,0.418,2.562,2.995,2.708,3.398,3.225,0.071,3.398,0
0.28462,0.39463,0.034197,1.1026,0.12847,0.005919,0.28942,0.33895,0.0059783,0.39711,0.487,1.058,0.805,2.335,0.643,1.064,2.900,0.427,2.979,2.979,1
0.6889,0.21607,0.13008,1.5792,0.077168,0.0052219,0.48197,0.47724,0.01242,0.38794,3.907,1.895,4.107,0.139,2.114,1.146,2.854,2.733,1.977,4.107,0
0.66092,0.15371,0.029502,1.1252,0.32206,0.004467,0.36914,0.72207,0.0052845,0.34937,3.517,1.531,3.721,0.451,2.693,2.170,3.606,0.253,0.062,3.721,0
0.47737,0.18312,0.088518,1.2011,0.10315,0.00031335,0.32333,0.30924,0.021692,0.31766,0.558,0.988,0.877,2.277,2.976,2.761,3.029,0.935,2.648,3.029,0
0.46401,0.42682,0.098906,1.1636,0.25419,0.003714,0.18173,0.38788,0.021494,0.32887,1.692,0.017,1.969,1.569,0.781,0.575,2.435,1.861,2.048,2.435,1
0.6645,0.39588,0.074427,1.3192,0.37786,0.0062138,0.36893,0.53574,0.027715,0.37824,4.409,2.306,4.584,0.120,0.260,1.390,2.093,1.792,0.110,4.584,0
0.80513,0.26899,0.15713,1.574,0.26211,0.0081473,0.17839,0.66638,0.0068184,0.36467,6.030,3.694,6.146,1.118,1.214,0.325,3.455,4.263,1.043,6.146,0
0.77934,0.34069,0.10621,1.5999,0.29132,0.0028546,0.20665,0.46568,0.011146,0.31701,3.678,1.703,3.888,0.311,1.570,0.548,3.138,1.772,1.319,3.888,0
0.89603,0.13274,0.0096069,1.0923,0.33246,0.007166,0.25858,0.39524,0.016408,0.26177,6.417,3.998,6.508,1.331,2.649,2.006,4.372,0.197,1.712,6.508,0
0.37166,0.31263,0.04786,1.4838,0.10708,0.0076965,0.25584,0.71563,0.0237,0.3784,1.857,0.144,2.134,1.442,0.827,0.831,2.505,1.003,1.475,2.505,1
0.31481,0.3806,0.090714,1.4356,0.39233,0.0065813,0.12216,0.70644,0.029335,0.26493,1.048,0.551,1.355,1.948,0.407,1.294,3.284,2.190,0.106,3.284,0
0.18279,0.29976,0.064658,1.5605,0.28874,0.0041641,0.45271,0.49922,0.024599,0.27959,0.788,2.135,0.417,3.113,1.580,0.475,3.247,1.078,0.437,3.247,0
0.23588,0.13778,0.1888,1.343,0.23328,0.00083106,0.1196,0.46594,0.006898,0.30423,0.927,2.265,0.554,3.215,3.157,2.985,3.932,2.706,2.170,3.932,0
0.79287,0.41707,0.14819,1.3793,0.097176,0.0094913,0.12745,0.35076,0.012571,0.29822,6.213,3.840,6.317,1.221,0.206,2.635,3.989,4.028,3.217,6.317,0
0.38141,0.11789,0.077406,1.5839,0.079161,0.0024636,0.42419,0.59641,0.016249,0.26437,0.474,1.038,0.803,2.296,3.167,2.885,4.190,0.929,1.665,4.190,0
0.24188,0.33973,0.01803,1.1283,0.33628,0.00064359,0.17473,0.19163,0.02967,0.38189,0.839,2.197,0.473,3.171,1.946,1.483,1.790,0.125,3.720,3.720,0
0.69679,0.45706,0.0015377,1.5247,0.28717,0.007611,0.31234,0.31227,0.027032,0.34222,5.106,2.913,5.259,0.563,0.521,2.680,2.405,0.424,2.259,5.259,0
0.19894,0.22102,0.21356,1.328,0.23949,0.0081959,0.29826,0.76956,0.022841,0.33557,0.014,1.475,0.328,2.632,1.625,0.393,3.090,6.178,0.337,6.178,0
0.21641,0.34502,0.15236,1.0526,0.12525,0.0018172,0.26436,0.69302,0.0072302,0.36842,0.897,2.250,0.530,3.212,1.862,1.045,2.764,2.344,1.586,3.212,0
0.74894,0.24025,0.18983,1.1168,0.17967,0.008662,0.4925,0.40902,0.010743,0.24822,5.554,3.274,5.680,0.871,1.595,0.020,4.909,4.843,1.742,5.680,0
0.2963,0.4786,0.059719,1.5002,0.19841,0.0035282,0.28746,0.2983,0.022975,0.21796,0.076,1.384,0.418,2.557,0.637,0.983,3.691,0.757,2.613,3.691,0
0.24365,0.48194,0.20579,1.5043,0.38091,0.0044953,0.45458,0.51114,0.023596,0.28755,0.122,1.559,0.226,2.681,0.083,1.753,2.553,4.718,0.142,4.718,0
0.36899,0.28915,0.12255,1.1888,0.38623,0.0071611,0.34607,0.2688,0.025804,0.36487,1.817,0.090,2.089,1.490,1.056,0.296,2.553,3.421,2.103,3.421,0
0.74777,0.12682,0.0051524,1.4968,0.12614,0.0019378,0.38213,0.66062,0.012633,0.33415,2.902,1.032,3.138,0.800,3.125,2.872,3.387,0.377,1.403,3.387,0
0.19667,0.30484,0.059458,1.1485,0.38647,0.0095467,0.42276,0.71293,0.027664,0.39703,0.221,1.282,0.551,2.489,0.464,1.444,2.300,1.747,0.798,2.489,1
0.64874,0.15305,0.066096,1.1098,0.06189,0.0077854,0.32744,0.68052,0.024144,0.26913,4.480,2.356,4.648,0.152,2.433,1.597,3.955,1.410,1.790,4.648,0
0.5478,0.25844,0.20603,1.219,0.21023,0.0073866,0.22695,0.3165,0.016167,0.22968,3.469,1.504,3.680,0.465,1.575,0.198,4.856,4.956,2.374,4.956,0
0.59087,0.42706,0.20926,1.1019,0.12668,0.0073117,0.49848,0.25123,0.026534,0.25552,3.878,1.846,4.070,0.180,0.096,2.214,3.462,5.267,2.781,5.267,0
0.26763,0.19936,0.0065415,1.4811,0.16923,0.0096783,0.12894,0.43067,0.0080769,0.25503,0.945,0.637,1.256,2.011,1.848,0.482,5.060,0.277,3.330,5.060,0
0.63276,0.20656,0.19624,1.0852,0.11277,0.001161,0.36568,0.22599,0.014502,0.23442,1.772,0.042,2.043,1.534,2.816,2.428,4.488,2.627,3.231,4.488,0
0.24459,0.13834,0.13795,1.1479,0.14899,0.003599,0.13652,0.34641,0.006714,0.33684,0.355,1.779,0.005,2.862,2.924,2.510,3.663,2.469,3.138,3.663,0
0.52621,0.14343,0.095832,1.0584,0.2816,0.0070805,0.24176,0.5845,0.011708,0.30848,3.275,1.327,3.489,0.601,2.556,1.859,3.890,2.271,0.853,3.890,0
0.67064,0.43116,0.14878,1.107,0.12057,0.00081762,0.24626,0.44168,0.020261,0.37007,1.958,0.199,2.221,1.421,1.549,0.776,1.856,2.122,1.646,2.221,1
0.24487,0.25472,0.10397,1.3,0.24566,0.0033946,0.15497,0.33719,0.017757,0.36561,0.335,1.755,0.017,2.840,2.039,1.256,2.657,1.923,2.672,2.840,1
0.23202,0.15573,0.16694,1.4276,0.38985,0.0034796,0.48287,0.42485,0.018543,0.38925,0.396,1.802,0.040,2.863,2.699,2.270,2.668,3.618,0.229,3.618,0
0.69487,0.32277,0.19991,1.1924,0.27936,0.0063711,0.12488,0.63807,0.028154,0.27571,4.573,2.441,4.740,0.213,1.019,0.426,3.318,5.094,0.571,5.094,0
0.43479,0.2473,0.084009,1.314,0.36122,0.0039578,0.25991,0.63838,0.027824,0.31442,1.574,0.109,1.858,1.630,1.958,1.156,2.862,1.641,0.261,2.862,1
0.79896,0.18201,0.049925,1.4642,0.26209,0.0054159,0.20438,0.56404,0.0058993,0.22023,4.754,2.613,4.920,0.345,2.475,1.662,5.637,0.651,1.273,5.637,0
0.18737,0.37202,0.087894,1.5068,0.22758,0.0061177,0.20573,0.50466,0.019671,0.26292,0.491,1.878,0.131,2.924,0.739,0.975,3.728,1.814,1.214,3.728,0
0.34308,0.31228,0.20192,1.4332,0.22013,0.0033394,0.19764,0.62426,0.015808,0.38846,0.506,1.023,0.830,2.298,1.636,0.651,2.400,4.097,0.893,4.097,0
0.69969,0.19278,0.069429,1.3725,0.35444,0.0035487,0.39302,0.62524,0.028943,0.2355,3.512,1.550,3.724,0.421,2.473,1.889,4.018,1.130,0.383,4.018,0
0.86127,0.30755,0.0020003,1.2064,0.1726,0.0027028,0.48775,0.4849,0.020648,0.36318,4.135,2.068,4.319,0.012,1.824,0.949,2.389,0.430,1.114,4.319,0
0.89158,0.18037,0.11579,1.4137,0.29065,0.0050583,0.28311,0.67965,0.013132,0.29966,5.496,3.238,5.631,0.794,2.419,1.692,3.789,2.413,0.347,5.631,0
0.26053,0.17652,0.22011,1.5352,0.083314,0.0074428,0.10117,0.57903,0.020619,0.35099,0.534,0.992,0.859,2.271,2.175,1.203,3.040,5.824,2.141,5.824,0
0.80693,0.23501,0.12428,1.1679,0.13158,0.0034232,0.28642,0.62788,0.027535,0.38988,4.145,2.073,4.327,0.055,2.174,1.467,2.242,2.404,1.037,4.327,0
0.54902,0.39682,0.06354,1.4925,0.051407,0.0018192,0.30548,0.49989,0.029479,0.34335,1.627,0.060,1.910,1.597,1.466,0.476,1.950,0.735,1.390,1.950,1
0.18409,0.31698,0.053861,1.2953,0.22228,0.010099,0.11344,0.50781,0.0074335,0.24015,0.030,1.488,0.312,2.642,0.699,1.348,5.494,1.167,2.892,5.494,0
0.6205,0.44527,0.11259,1.2857,0.3338,0.0057062,0.23966,0.70389,0.01556,0.38662,3.753,1.743,3.951,0.294,0.081,1.680,2.335,2.687,0.017,3.951,0
0.3872,0.13175,0.19469,1.5236,0.23821,0.0016963,0.44969,0.40052,0.022987,0.39498,0.448,1.069,0.776,2.327,3.058,2.843,2.506,3.473,0.955,3.473,0
0.61623,0.49056,0.065915,1.403,0.19713,0.0069933,0.13469,0.34553,0.010454,0.25849,3.918,1.895,4.114,0.177,0.230,2.564,4.317,1.250,3.275,4.317,0
0.444,0.48164,0.025439,1.145,0.30186,0.00035574,0.37318,0.67599,0.015266,0.27269,0.418,1.111,0.741,2.370,1.395,0.677,2.755,0.045,0.026,2.755,1
0.56945,0.15439,0.22,1.1817,0.071371,0.0028693,0.2536,0.75868,0.023149,0.37782,2.176,0.390,2.432,1.279,2.841,2.447,2.616,4.154,1.437,4.154,0
0.2754,0.39737,0.074488,1.3807,0.276,0.00041438,0.17046,0.57113,0.017481,0.26455,0.722,2.085,0.355,3.080,1.815,1.189,3.074,0.765,0.864,3.080,0
0.29278,0.34378,0.062901,1.2501,0.35906,0.0047759,0.20935,0.29383,0.0061506,0.23387,0.337,1.174,0.665,2.413,1.304,0.037,4.988,0.986,2.732,4.988,0
0.79342,0.4079,0.1825,1.4833,0.25281,0.0015529,0.48969,0.19833,0.018715,0.3961,3.178,1.266,3.403,0.601,1.367,0.450,1.791,3.157,3.031,3.403,0
0.66396,0.32249,0.21202,1.053,0.37688,0.0075583,0.49914,0.3609,0.029418,0.37241,4.889,2.701,5.040,0.450,0.661,1.020,2.277,6.366,0.773,6.366,0
0.31377,0.13049,0.052913,1.3436,0.24973,0.0070051,0.16798,0.57965,0.01335,0.29619,1.039,0.566,1.344,1.964,2.677,2.027,3.987,1.013,1.272,3.987,0
0.25978,0.28245,0.046763,1.2618,0.22574,0.0009285,0.10788,0.4519,0.01945,0.31468,0.715,2.084,0.351,3.083,2.316,1.828,2.848,0.364,3.120,3.120,0
0.54914,0.23641,0.18764,1.4587,0.27477,0.0023092,0.18022,0.68658,0.015455,0.3918,1.909,0.178,2.181,1.427,2.311,1.732,2.511,3.509,0.469,3.509,0
0.56439,0.3022,0.1833,1.5885,0.11608,0.00018592,0.11117,0.20526,0.028134,0.25325,1.038,0.561,1.345,1.960,2.400,1.939,3.173,2.311,3.362,3.362,0
0.72176,0.28966,0.035764,1.3479,0.1862,0.00027624,0.44409,0.19507,0.029826,0.38289,2.070,0.308,2.333,1.330,2.346,1.973,1.910,0.151,3.316,3.316,0
0.74429,0.4367,0.15694,1.1304,0.19345,0.0063563,0.18636,0.22632,0.0058021,0.39741,4.815,2.635,4.969,0.344,0.183,1.725,2.900,3.785,3.431,4.969,0
0.3954,0.23019,0.081479,1.0247,0.067002,0.0078371,0.32445,0.76364,0.025294,0.36674,2.145,0.362,2.402,1.295,1.626,0.414,2.705,2.034,1.702,2.705,1
0.76099,0.16176,0.0068623,1.4517,0.15327,0.0046811,0.27771,0.40655,0.011089,0.31904,4.231,2.164,4.416,0.018,2.637,2.003,3.657,0.312,2.332,4.416,0
0.30539,0.30969,0.068196,1.2672,0.29832,0.00014844,0.46073,0.27402,0.0070851,0.30258,0.580,1.967,0.220,2.997,2.329,1.929,3.382,0.640,2.543,3.382,0
0.48144,0.43313,0.1891,1.4733,0.058667,0.0042659,0.2491,0.48453,0.015002,0.31881,1.869,0.155,2.146,1.433,0.757,0.907,2.867,3.671,1.958,3.671,0
0.57382,0.47153,0.11947,1.0025,0.20734,0.0088027,0.44269,0.74804,0.018504,0.27468,4.208,2.122,4.385,0.054,0.606,3.556,3.556,3.202,0.729,4.385,0
0.41081,0.3641,0.094585,1.1865,0.10421,0.0074217,0.29201,0.50114,0.017496,0.29685,2.130,0.360,2.391,1.293,0.619,1.237,3.526,2.172,1.771,3.526,0
0.40443,0.15075,0.068818,1.0372,0.18408,0.0015184,0.23216,0.74465,0.016541,0.22339,0.424,1.110,0.745,2.371,3.060,2.797,4.790,0.704,0.889,4.790,0
0.82486,0.33373,0.21684,1.4477,0.33752,0.0057733,0.49197,0.21438,0.012016,0.36298,5.393,3.156,5.533,0.799,0.987,0.546,2.865,5.415,2.713,5.533,0
0.2546,0.2079,0.028955,1.1862,0.24025,0.0071736,0.16246,0.695,0.02095,0.21522,0.404,1.118,0.729,2.371,2.020,0.944,4.952,0.312,0.913,4.952,0
0.75599,0.11822,0.1208,1.3158,0.11588,0.0011536,0.46783,0.36409,0.010185,0.29977,2.517,0.692,2.764,1.040,3.259,3.094,3.901,1.520,2.268,3.901,0
0.46915,0.47513,0.1938,1.0294,0.058439,0.007928,0.12641,0.73237,0.0069096,0.22909,2.693,0.831,2.929,0.958,0.014,2.468,5.497,4.291,2.440,5.497,0
0.18383,0.38151,0.1596,1.1456,0.32545,0.0093103,0.48273,0.42036,0.010317,0.30335,0.067,1.529,0.274,2.658,0.027,2.382,3.939,4.635,0.952,4.635,0
0.58466,0.43648,0.077604,1.5566,0.13741,0.0098228,0.43834,0.71073,0.027195,0.3054,4.676,2.556,4.848,0.385,0.742,3.844,2.792,2.149,1.203,4.848,0
0.79567,0.16574,0.035041,1.0878,0.35122,0.0073005,0.25696,0.49787,0.016755,0.32908,5.769,3.446,5.885,0.931,2.279,1.466,3.411,0.606,0.638,5.885,0
0.74471,0.44414,0.2103,1.2847,0.33277,0.0059597,0.47193,0.68025,0.010139,0.28022,4.739,2.588,4.901,0.365,0.195,2.072,3.636,4.975,0.154,4.975,0
0.70387,0.26464,0.14424,1.268,0.32378,0.0043501,0.26971,0.5647,0.022064,0.25142,3.828,1.812,4.026,0.239,1.858,0.906,3.884,2.977,0.237,4.026,0
0.8548,0.36453,0.026691,1.4419,0.16571,0.0037597,0.4198,0.61077,0.013087,0.22357,4.403,2.316,4.583,0.151,1.430,0.089,4.561,0.059,1.271,4.583,0
0.71758,0.30278,0.19737,1.281,0.16724,0.0051015,0.1529,0.59945,0.027081,0.39914,4.261,2.177,4.440,0.023,1.347,0.160,2.112,4.747,1.049,4.747,0
0.82708,0.32567,0.12037,1.4849,0.22068,0.0044177,0.21257,0.36891,0.0099341,0.34862,4.682,2.549,4.850,0.296,1.394,0.145,3.056,2.376,2.319,4.850,0
0.85295,0.49235,0.14433,1.4085,0.071635,0.0098646,0.25644,0.66988,0.015173,0.39634,6.935,4.450,7.010,1.659,1.140,3.822,2.737,4.333,2.095,7.010,0
0.85379,0.29883,0.18031,1.0536,0.28745,0.0056943,0.28729,0.72336,0.016263,0.31891,5.513,3.228,5.639,0.774,1.369,0.127,3.248,4.324,0.157,5.639,0
0.61135,0.3418,0.035567,1.302,0.15497,0.0072457,0.32177,0.61187,0.0060913,0.228,3.844,1.826,4.041,0.230,1.029,0.794,5.507,0.407,1.762,5.507,0
0.68939,0.4068,0.14538,1.0805,0.19794,0.0056697,0.46904,0.29177,0.02209,0.39222,4.246,2.152,4.422,0.031,0.440,1.295,2.056,3.520,2.344,4.422,0
0.41972,0.19008,0.10913,1.4623,0.073802,0.0077756,0.40144,0.42455,0.0096757,0.21663,2.154,0.403,2.421,1.246,2.217,1.076,5.647,2.188,2.336,5.647,0
0.44928,0.46936,0.17151,1.1292,0.19607,0.0083354,0.26718,0.78514,0.029914,0.23602,2.838,0.966,3.073,0.851,0.493,2.807,3.807,4.626,0.593,4.626,0
0.60526,0.3779,0.055109,1.5937,0.21634,0.0098429,0.37872,0.45144,0.0076833,0.36405,4.811,2.662,4.975,0.385,0.085,2.470,3.501,1.360,1.613,4.975,0
0.72579,0.15733,0.010902,1.1209,0.26751,0.00088107,0.32296,0.39972,0.02533,0.25025,2.381,0.565,2.629,1.150,3.031,2.834,3.891,0.281,1.406,3.891,0
0.86922,0.35003,0.10888,1.2558,0.33144,1.5584e-05,0.32315,0.51716,0.014877,0.30678,2.777,0.911,3.013,0.895,2.104,1.695,2.804,1.362,0.337,3.013,0
0.52026,0.3102,0.012626,1.1756,0.31381,0.0080194,0.27566,0.7922,0.021329,0.28175,3.556,1.577,3.763,0.408,0.864,0.758,3.671,0.079,0.149,3.763,0
0.18871,0.13069,0.072444,1.2395,0.24296,0.0093622,0.35885,0.57667,0.016931,0.34396,0.015,1.454,0.354,2.620,2.450,1.648,3.357,1.964,0.920,3.357,0
0.86581,0.32731,0.052839,1.4256,0.31703,0.004345,0.16042,0.3079,0.024042,0.25813,5.052,2.865,5.206,0.528,1.364,0.168,3.521,0.806,2.806,5.206,0
0.39505,0.49272,0.09229,1.011,0.15356,0.0010438,0.43766,0.39797,0.026784,0.2743,0.262,1.252,0.588,2.475,1.201,0.249,2.340,1.144,1.436,2.475,1
0.66818,0.15215,0.025955,1.1301,0.10263,0.0079381,0.11878,0.42319,0.024226,0.30796,4.772,2.605,4.929,0.328,2.387,1.558,3.437,0.313,3.313,4.929,0
0.61219,0.17011,0.18025,1.5536,0.23003,0.0017332,0.14698,0.68098,0.005731,0.25319,1.938,0.211,2.212,1.397,2.914,2.542,4.745,2.632,1.183,4.745,0
0.60416,0.3104,0.10777,1.3286,0.33586,0.0024263,0.1911,0.43381,0.005559,0.25966,2.258,0.471,2.515,1.215,1.927,1.092,4.325,1.647,1.634,4.325,0
0.386,0.30906,0.21831,1.4761,0.16129,0.0028124,0.42919,0.40037,0.029936,0.33165,0.732,0.824,1.050,2.146,1.760,0.865,2.390,4.232,1.117,4.232,0
0.86204,0.17469,0.16967,1.0362,0.39829,0.0023477,0.31715,0.60593,0.022077,0.39985,4.189,2.100,4.366,0.042,2.692,2.349,2.419,3.408,0.480,4.366,0
0.42741,0.43627,0.15614,1.5432,0.12598,0.0015826,0.2509,0.24764,0.0080085,0.38406,0.614,0.924,0.936,2.223,1.333,0.272,2.284,2.351,3.292,3.292,0
0.28936,0.47952,0.10184,1.597,0.22545,0.0039068,0.2226,0.62574,0.021315,0.25359,0.118,1.345,0.460,2.527,0.446,1.244,3.199,1.776,0.767,3.199,0
0.59971,0.38781,0.20171,1.5662,0.10498,0.0027186,0.22185,0.72411,0.017923,0.2162,2.182,0.426,2.449,1.236,1.510,0.267,4.211,3.112,1.422,4.211,0
0.7518,0.42388,0.00053573,1.293,0.31278,0.010007,0.36628,0.25247,0.024888,0.3314,6.388,3.986,6.485,1.346,0.691,3.109,2.882,0.455,2.736,6.485,0
0.6231,0.36466,0.13842,1.0286,0.27319,0.0053091,0.41854,0.49534,0.013263,0.26669,3.486,1.502,3.691,0.468,1.023,0.463,3.955,2.950,0.857,3.955,0
0.565,0.4094,0.044114,1.1699,0.31021,0.0062739,0.35463,0.76995,0.014089,0.30163,3.400,1.437,3.611,0.511,0.385,1.403,3.419,0.750,0.129,3.611,0
0.76063,0.31903,0.14489,1.0494,0.11235,0.0048467,0.14507,0.62386,0.026226,0.26952,4.325,2.221,4.498,0.050,1.441,0.198,3.380,2.965,1.362,4.498,0
0.36024,0.29447,0.001747,1.0883,0.17987,0.0068014,0.2949,0.56707,0.017194,0.30277,1.487,0.196,1.770,1.703,1.276,0.144,3.506,0.425,1.307,3.506,0
0.88856,0.14018,0.20072,1.4727,0.16788,0.0041423,0.13797,0.20378,0.023406,0.25452,4.957,2.789,5.116,0.475,2.849,2.365,4.071,3.972,3.219,5.116,0
0.78404,0.42504,0.15198,1.4275,0.11339,0.006419,0.38804,0.55245,0.021401,0.3889,5.225,3.008,5.371,0.642,0.135,1.855,2.153,3.782,1.488,5.371,0
0.41497,0.49749,0.18371,1.3255,0.069199,0.0093036,0.48007,0.68794,0.01786,0.37385,2.689,0.862,2.934,0.769,1.129,4.482,2.424,5.403,1.989,5.403,0
0.59471,0.42299,0.18899,1.4282,0.34324,0.0027824,0.14834,0.43915,0.014054,0.22439,2.346,0.556,2.603,1.147,1.125,0.106,4.127,3.335,1.371,4.127,0
0.73018,0.2391,0.21192,1.2402,0.30847,0.00088871,0.11066,0.64806,0.024001,0.39815,2.512,0.681,2.757,1.065,2.492,2.150,2.140,3.641,0.519,3.641,0
0.85783,0.34572,0.046554,1.3426,0.28319,0.00024562,0.13673,0.20185,0.024986,0.22325,2.785,0.927,3.024,0.877,2.128,1.642,3.592,0.283,3.841,3.841,0
0.53534,0.42818,0.13725,1.1349,0.32124,0.0061198,0.35362,0.53183,0.02721,0.29504,3.167,1.241,3.387,0.657,0.171,1.595,2.834,3.416,0.205,3.416,0
0.24103,0.19884,0.16263,1.3748,0.23414,0.0081261,0.41289,0.20021,0.015764,0.22753,0.396,1.115,0.725,2.363,1.996,0.832,5.035,4.025,3.219,5.035,0
0.73747,0.30091,0.1222,1.0384,0.063433,0.0025093,0.2363,0.55336,0.026695,0.27802,3.099,1.175,3.319,0.709,2.004,1.184,3.114,1.899,1.457,3.319,0
0.77058,0.35564,0.16746,1.0981,0.11711,0.00017194,0.22533,0.50837,0.028775,0.22508,2.127,0.349,2.385,1.307,2.188,1.669,3.416,2.034,1.076,3.416,0
0.3633,0.35163,0.20251,1.5379,0.29651,0.0067761,0.43995,0.49351,0.025672,0.38774,1.625,0.053,1.912,1.564,0.537,1.221,2.148,5.644,0.410,5.644,0
0.82273,0.17397,0.11541,1.4079,0.38757,0.00073509,0.27119,0.39487,0.015425,0.22645,2.927,1.052,3.162,0.785,2.942,2.720,4.640,1.548,1.077,4.640,0
0.42189,0.45623,0.10057,1.0196,0.24799,0.0032309,0.36061,0.72941,0.008644,0.30916,1.120,0.517,1.415,1.940,0.840,0.529,3.160,1.687,0.522,3.160,0
0.76691,0.31561,0.17878,1.386,0.14039,0.0028596,0.37524,0.79492,0.024262,0.39297,3.591,1.613,3.798,0.380,1.704,0.793,2.055,3.428,0.803,3.798,0
0.327,0.18673,0.17555,1.4997,0.1312,0.007218,0.27993,0.73307,0.0191,0.29439,1.202,0.416,1.504,1.849,2.145,1.132,3.710,4.351,1.366,4.351,0
0.71984,0.40207,0.07854,1.5867,0.32086,0.0064001,0.4302,0.32098,0.017035,0.37316,4.833,2.684,4.997,0.423,0.238,1.646,2.464,1.816,1.867,4.997,0
0.44477,0.29406,0.00056184,1.2113,0.37722,0.0097591,0.10767,0.53521,0.013625,0.36985,3.262,1.326,3.480,0.594,0.654,1.079,3.153,0.456,2.637,3.480,0
0.86629,0.2207,0.12529,1.2985,0.26705,0.0038782,0.11748,0.24092,0.0083929,0.30185,4.707,2.559,4.870,0.300,2.285,1.529,3.853,2.331,3.497,4.870,0
0.88738,0.31598,0.14164,1.4174,0.39416,0.00071181,0.19787,0.29624,0.017786,0.24744,3.337,1.403,3.557,0.530,2.131,1.635,3.642,2.075,2.138,3.642,0
0.39913,0.15116,0.0035066,1.3291,0.3118,0.0084372,0.19132,0.59906,0.018304,0.22351,2.293,0.513,2.552,1.174,2.386,1.502,5.036,0.369,0.726,5.036,0
0.42072,0.13291,0.050276,1.0309,0.089828,0.0090592,0.36314,0.72581,0.022542,0.36359,2.726,0.858,2.961,0.914,2.461,1.683,2.979,1.192,1.674,2.979,1
0.86703,0.16563,0.019363,1.0576,0.07513,0.00015099,0.26862,0.31287,0.015953,0.32348,2.601,0.748,2.839,1.021,3.101,2.936,3.215,0.179,3.104,3.215,0
0.45844,0.12449,0.15211,1.2981,0.16814,0.0024411,0.14444,0.38643,0.02384,0.39698,1.223,0.413,1.519,1.854,3.056,2.805,2.514,2.767,2.332,3.056,0
0.7501,0.29841,0.075931,1.1441,0.077439,0.0077201,0.24405,0.74016,0.014477,0.3987,5.347,3.089,5.480,0.674,1.045,0.521,2.733,1.802,1.967,5.480,0
0.70196,0.18462,0.1413,1.3615,0.090162,0.0050376,0.21449,0.42566,0.01713,0.32923,3.937,1.908,4.131,0.169,2.412,1.648,3.268,2.925,2.208,4.131,0
0.87336,0.3911,0.03482,1.0695,0.35998,0.0054244,0.37075,0.70941,0.02112,0.30996,5.651,3.348,5.772,0.876,0.630,0.874,2.919,0.484,0.482,5.772,0
0.55662,0.33635,0.16886,1.5755,0.072526,0.00762,0.12665,0.46972,0.013565,0.34143,3.622,1.653,3.834,0.350,0.759,1.083,3.230,4.260,2.676,4.260,0
0.42172,0.23759,0.059877,1.5993,0.11109,0.0016598,0.1432,0.46706,0.016878,0.3467,0.606,0.927,0.930,2.222,2.472,1.921,2.792,0.624,2.644,2.792,1
0.39885,0.4045,0.0057877,1.2468,0.23168,0.0086832,0.43371,0.33796,0.029803,0.36383,2.484,0.666,2.733,1.060,0.277,2.493,2.258,0.274,1.919,2.733,1
0.49733,0.27276,0.040022,1.0059,0.083226,0.0042112,0.15527,0.50188,0.025215,0.39619,2.107,0.327,2.364,1.325,1.804,0.868,2.218,0.505,2.296,2.364,1
0.42093,0.28692,0.10514,1.528,0.3872,0.007384,0.4791,0.52963,0.013375,0.23464,2.281,0.521,2.546,1.098,1.228,0.484,4.793,2.468,0.071,4.793,0
0.58341,0.44977,0.081785,1.3539,0.14563,0.0094148,0.20244,0.70032,0.0078176,0.26886,4.330,2.241,4.509,0.069,0.366,2.935,4.823,1.940,1.829,4.823,0
0.48742,0.28531,0.1484,1.2359,0.1331,0.00023676,0.40245,0.42929,0.018997,0.37562,0.623,0.931,0.940,2.235,2.436,2.052,2.270,1.960,1.361,2.436,1
0.55847,0.22175,0.16182,1.5985,0.39454,0.0090894,0.29762,0.67578,0.0083161,0.33204,4.249,2.187,4.437,0.040,1.513,0.140,3.811,4.760,0.341,4.760,0
0.23362,0.15417,0.14601,1.2373,0.3283,0.0071978,0.40984,0.31539,0.026492,0.25038,0.236,1.261,0.567,2.475,2.416,1.650,4.125,3.783,1.664,4.125,0
0.38348,0.4723,0.18216,1.1867,0.19782,0.0088282,0.43726,0.29546,0.023857,0.39971,2.318,0.519,2.571,1.172,0.892,3.460,2.035,5.579,2.283,5.579,0
0.43901,0.32148,0.20416,1.3983,0.39908,0.0011496,0.35682,0.75246,0.011473,0.39689,0.717,0.843,1.033,2.168,1.944,1.382,2.322,3.598,1.041,3.598,0
0.26286,0.24057,0.12409,1.246,0.2288,0.0021885,0.25008,0.3094,0.014708,0.25667,0.462,1.865,0.106,2.920,2.415,1.815,4.040,1.881,2.498,4.040,0
0.38792,0.24186,0.037996,1.2958,0.19164,0.0089353,0.39483,0.68413,0.0053236,0.29861,2.225,0.447,2.484,1.202,1.495,0.001,4.440,0.666,1.385,4.440,0
0.59615,0.25243,0.16671,1.4123,0.18455,0.0045185,0.4931,0.42261,0.0052638,0.39238,2.960,1.073,3.191,0.751,1.936,0.912,3.034,3.467,1.687,3.467,0
0.51867,0.38726,0.067703,1.5723,0.066194,0.00043113,0.18243,0.45892,0.029757,0.30879,0.872,0.697,1.187,2.054,1.884,1.209,2.161,0.613,2.063,2.161,1
0.83104,0.35891,0.12143,1.4334,0.33196,0.0060391,0.26093,0.51232,0.024799,0.34561,5.632,3.354,5.762,0.878,0.668,0.869,2.520,3.029,0.345,5.762,0
0.78203,0.24402,0.09064,1.4711,0.25317,0.0045881,0.43879,0.66167,0.015777,0.26866,4.428,2.337,4.607,0.173,2.008,1.047,3.956,1.649,0.457,4.607,0
0.46971,0.35653,0.11211,1.1016,0.11527,0.0013609,0.37921,0.79278,0.027731,0.22632,0.852,0.737,1.159,2.091,1.931,1.160,3.551,1.430,0.857,3.551,0
0.54126,0.17677,0.21623,1.4424,0.24843,0.0047507,0.3727,0.44548,0.018492,0.31025,2.680,0.843,2.925,0.938,2.467,1.788,3.425,4.821,0.916,4.821,0
0.83935,0.32898,0.041868,1.4961,0.20817,0.0097939,0.39857,0.77704,0.0098195,0.34356,6.831,4.369,6.913,1.643,0.412,1.840,3.583,0.915,0.937,6.913,0
0.30851,0.30264,0.038112,1.5442,0.12995,0.0091369,0.4071,0.33479,0.0084448,0.26992,1.325,0.306,1.624,1.765,0.935,1.014,4.719,0.633,2.806,4.719,0
0.2191,0.28578,0.073811,1.2235,0.21832,0.0094628,0.33769,0.74079,0.029854,0.28596,0.431,1.095,0.755,2.354,0.832,0.860,3.433,2.025,0.499,3.433,0
0.79817,0.4881,0.030197,1.4992,0.3387,0.0085397,0.40752,0.19243,0.029523,0.24857,6.268,3.903,6.376,1.315,0.911,3.522,3.406,0.497,3.149,6.376,0
0.44547,0.47033,0.12844,1.3244,0.21136,0.0029696,0.11452,0.38091,0.018985,0.36315,1.277,0.364,1.572,1.818,0.667,0.698,2.012,2.352,2.807,2.807,1
0.52822,0.25562,0.02497,1.2879,0.20289,0.0026861,0.27167,0.43786,0.020671,0.24718,1.795,0.080,2.071,1.495,2.240,1.517,3.919,0.023,1.585,3.919,0
0.30311,0.15589,0.11428,1.1049,0.093054,0.0039901,0.30319,0.67353,0.021036,0.22919,0.218,1.283,0.548,2.495,2.803,2.277,4.582,1.894,1.484,4.582,0
0.26907,0.27798,0.19939,1.1675,0.24587,0.0087,0.25634,0.44119,0.0093169,0.25936,0.835,0.750,1.144,2.105,1.208,0.417,4.801,5.261,1.469,5.261,0
0.8694,0.29209,0.048444,1.1658,0.1504,0.00083655,0.14026,0.24667,0.018513,0.38237,3.141,1.215,3.361,0.678,2.282,1.792,2.256,0.387,3.803,3.803,0
0.51641,0.48552,0.081448,1.5065,0.11772,0.0056525,0.25187,0.19753,0.017571,0.37332,2.713,0.878,2.959,0.909,0.111,2.136,2.252,1.662,3.705,3.705,0
0.19004,0.36314,0.2181,1.5328,0.087205,0.0016404,0.2158,0.54019,0.02321,0.22307,1.159,2.458,0.776,3.352,1.854,0.926,3.767,3.132,1.418,3.767,0
0.63559,0.47752,0.0094188,1.5077,0.35619,0.0034666,0.29364,0.40389,0.0079909,0.35262,2.978,1.096,3.212,0.756,0.452,1.046,2.653,0.255,1.508,3.212,0
0.70681,0.24689,0.21465,1.3105,0.17099,0.0062038,0.16743,0.23591,0.02079,0.22624,4.400,2.304,4.577,0.120,1.824,0.635,4.599,4.792,3.000,4.792,0
0.28601,0.1345,0.18545,1.3839,0.35085,0.0052499,0.43569,0.33275,0.019092,0.37269,0.461,1.064,0.786,2.327,2.716,2.214,2.882,4.577,1.397,4.577,0
0.60195,0.19264,0.18276,1.292,0.33888,0.0075257,0.33398,0.20796,0.02784,0.30216,4.244,2.166,4.425,0.018,1.963,0.975,3.305,5.169,2.712,5.169,0
0.63341,0.25038,0.074803,1.5842,0.15773,0.0078552,0.17375,0.58958,0.029535,0.31075,4.535,2.432,4.711,0.218,1.385,0.009,3.076,1.827,1.171,4.711,0
0.21778,0.27408,0.078672,1.3495,0.22651,0.002042,0.41071,0.21928,0.018006,0.22366,0.854,2.199,0.483,3.164,2.249,1.559,4.350,0.963,3.125,4.350,0
0.88295,0.41672,0.066341,1.1735,0.30525,0.0097142,0.3893,0.3698,0.0061872,0.28317,7.117,4.592,7.181,1.795,0.248,2.714,4.683,1.649,1.859,7.181,0
0.52511,0.19795,0.15779,1.0498,0.10342,0.00055417,0.2086,0.40705,0.029785,0.39021,1.028,0.593,1.326,1.996,2.831,2.590,2.177,2.283,1.837,2.831,1
0.22938,0.4756,0.21343,1.1229,0.2833,0.005049,0.20033,0.53814,0.020765,0.25678,0.195,1.639,0.150,2.758,0.204,1.577,3.397,4.778,0.630,4.778,0
0.87018,0.34516,0.033911,1.1104,0.34102,0.0068992,0.38694,0.72512,0.024815,0.25943,6.196,3.816,6.298,1.230,0.756,0.857,3.697,0.521,0.435,6.298,0
0.6493,0.1858,0.20779,1.4156,0.20074,0.00062006,0.25438,0.56794,0.01721,0.24199,1.708,0.006,1.988,1.549,2.938,2.669,4.234,2.833,0.895,4.234,0
0.51363,0.26017,0.14397,1.089,0.20388,0.0094882,0.38723,0.65857,0.015014,0.21853,3.709,1.708,3.909,0.304,1.313,0.306,5.368,3.748,1.066,5.368,0
0.78056,0.26276,0.06859,1.309,0.06376,0.0085271,0.21396,0.64211,0.00549,0.33242,5.714,3.410,5.836,0.907,1.368,0.220,3.939,1.505,2.459,5.836,0
0.49707,0.4472,0.11468,1.2409,0.32306,0.00086976,0.45216,0.37273,0.010143,0.33537,0.986,0.619,1.290,2.003,1.382,0.593,2.483,1.629,1.333,2.483,1
0.83197,0.21178,0.14583,1.0491,0.20172,0.0046316,0.13063,0.23305,0.026286,0.30407,4.873,2.686,5.024,0.385,2.217,1.452,3.165,3.137,3.260,5.024,0
0.24978,0.27912,0.091508,1.1244,0.24274,0.0047615,0.34042,0.6873,0.0097369,0.24098,0.096,1.554,0.245,2.695,1.814,0.712,4.735,1.599,0.724,4.735,0
0.25456,0.2664,0.16092,1.0711,0.15543,0.0019246,0.49776,0.18425,0.026421,0.21996,0.585,1.977,0.227,3.005,2.329,1.701,4.086,2.436,3.340,4.086,0
0.41265,0.14089,0.14334,1.3118,0.28536,0.0027241,0.15802,0.41548,0.0101,0.34373,0.925,0.668,1.232,2.041,2.939,2.606,3.388,2.578,1.972,3.388,0
0.49332,0.1869,0.085208,1.0901,0.27868,0.0021717,0.45071,0.67196,0.0052153,0.32609,1.371,0.298,1.658,1.763,2.725,2.311,3.695,1.222,0.415,3.695,0
0.48951,0.49551,0.041758,1.2677,0.30558,0.0078768,0.38257,0.35849,0.027887,0.29799,3.242,1.317,3.463,0.587,0.824,3.238,2.713,0.858,1.502,3.463,0
0.71793,0.21416,0.075101,1.1946,0.13708,0.0017581,0.37808,0.31243,0.0058683,0.24017,2.518,0.687,2.763,1.061,2.714,2.212,4.888,0.759,2.888,4.888,0
0.1908,0.25986,0.12685,1.0249,0.31069,0.0013303,0.31449,0.18846,0.01436,0.27566,1.131,2.451,0.755,3.359,2.395,1.921,3.650,1.899,3.252,3.650,0
0.68762,0.14968,0.0037525,1.5106,0.36736,0.010186,0.32066,0.70562,0.026119,0.22719,5.799,3.506,5.926,0.995,2.188,1.172,4.692,0.345,0.413,5.926,0
0.66654,0.41371,0.061445,1.1482,0.079661,0.00076565,0.46851,0.25047,0.0053768,0.27725,1.747,0.021,2.018,1.544,1.852,1.015,3.591,0.444,3.468,3.591,0
0.22228,0.35239,0.10274,1.0576,0.36675,0.0042616,0.13442,0.79896,0.015049,0.33268,0.362,1.788,0.013,2.871,1.177,0.004,2.913,2.111,0.127,2.913,1
0.5461,0.42668,0.11625,1.4764,0.19242,0.0065426,0.11704,0.38316,0.014391,0.32756,3.263,1.342,3.486,0.578,0.182,1.799,3.079,2.695,2.975,3.486,0
0.26979,0.42608,0.04362,1.179,0.35391,0.0022991,0.36771,0.23909,0.013292,0.28304,0.335,1.759,0.015,2.845,1.163,0.100,3.162,0.431,2.799,3.162,0
0.25172,0.36791,0.13846,1.5758,0.10009,0.0051063,0.39953,0.26005,0.028617,0.31318,0.015,1.437,0.360,2.597,0.906,0.635,2.620,2.987,2.817,2.987,1
0.85905,0.46685,0.025126,1.4898,0.28151,0.0086435,0.19475,0.4111,0.011785,0.36343,6.710,4.266,6.797,1.528,0.710,3.092,3.063,0.343,2.180,6.797,0
0.41826,0.16783,0.048621,1.1547,0.19723,0.0049493,0.2113,0.61929,0.021974,0.24499,1.566,0.122,1.848,1.644,2.576,1.926,4.268,0.689,1.013,4.268,0
0.6143,0.41464,0.13428,1.4468,0.16657,0.0084984,0.15013,0.68493,0.021535,0.38545,4.576,2.455,4.747,0.227,0.271,2.431,2.429,3.858,1.302,4.747,0
0.20955,0.32625,0.19902,1.5914,0.12471,0.0096181,0.31889,0.72345,0.020315,0.27807,0.260,1.222,0.597,2.438,0.506,1.545,3.915,5.682,1.484,5.682,0
0.74077,0.36038,0.13712,1.5964,0.3823,0.0085862,0.1138,0.41973,0.027172,0.313,5.887,3.580,6.010,1.042,0.121,1.802,2.978,4.104,1.905,6.010,0
0.80751,0.27303,0.085241,1.0941,0.081369,0.005644,0.42298,0.50653,0.028367,0.24118,4.959,2.767,5.109,0.474,1.688,0.490,3.916,1.618,1.468,5.109,0
0.65671,0.48462,0.067232,1.1634,0.22941,0.0099775,0.14669,0.39401,0.022957,0.2843,5.386,3.128,5.520,0.706,1.044,3.610,3.567,1.817,2.543,5.520,0
0.60069,0.27389,0.027847,1.2023,0.12701,0.0097246,0.32957,0.79046,0.021289,0.31667,4.743,2.585,4.902,0.324,0.969,0.730,3.403,0.463,1.413,4.902,0
0.20224,0.25342,0.20004,1.3303,0.26889,0.0036384,0.10004,0.27561,0.01589,0.38476,0.672,2.046,0.309,3.054,1.996,1.187,2.586,4.239,2.869,4.239,0
0.22007,0.36046,0.13477,1.2397,0.14203,0.0070264,0.16007,0.62111,0.023579,0.327,0.033,1.439,0.371,2.608,0.605,1.133,2.854,3.392,1.357,3.392,0
0.74306,0.29744,0.10008,1.0937,0.21207,0.009131,0.12638,0.24162,0.0078336,0.28899,5.715,3.399,5.833,0.893,0.957,0.805,4.432,2.572,3.721,5.833,0
0.87177,0.15457,0.21613,1.3147,0.20995,0.0028959,0.38534,0.30617,0.0054305,0.25681,4.134,2.075,4.321,0.044,2.905,2.477,4.808,3.639,2.461,4.808,0
0.486,0.20394,0.022082,1.5265,0.26173,0.0036448,0.23465,0.30821,0.013191,0.35762,1.835,0.127,2.113,1.453,2.375,1.708,3.022,0.038,2.774,3.022,0
0.60036,0.17639,0.12268,1.2206,0.22699,0.0062657,0.19572,0.29504,0.020483,0.25602,3.638,1.646,3.841,0.362,2.355,1.535,4.191,2.752,2.711,4.191,0
0.57988,0.4802,0.056259,1.4824,0.14084,0.0046624,0.45696,0.51987,0.023818,0.2245,2.837,0.982,3.077,0.820,0.359,1.681,3.600,0.778,1.237,3.600,0
0.28684,0.39025,0.13376,1.1469,0.26187,0.0080053,0.21344,0.35123,0.017949,0.32503,0.989,0.621,1.291,2.011,0.152,1.800,3.160,3.648,2.134,3.648,0
0.63227,0.42103,0.1689,1.537,0.39091,0.0003798,0.40593,0.52473,0.015228,0.21502,1.623,0.059,1.908,1.593,1.668,1.022,3.864,2.345,0.135,3.864,0
0.7309,0.35125,0.18386,1.1965,0.24728,0.0033623,0.33809,0.45653,0.028296,0.32734,3.641,1.646,3.843,0.363,1.352,0.296,2.405,3.789,0.623,3.843,0
0.44707,0.16488,0.044314,1.3136,0.25886,0.0085521,0.17255,0.60627,0.0071118,0.28736,2.811,0.950,3.049,0.862,2.248,1.256,4.484,0.850,1.339,4.484,0
0.63683,0.39887,0.13046,1.3447,0.117,0.0092112,0.27135,0.673,0.008886,0.36651,4.843,2.673,5.000,0.380,0.079,2.350,3.356,3.608,1.938,5.000,0
0.4454,0.15716,0.043101,1.3466,0.28956,0.0047641,0.22798,0.60575,0.018333,0.29181,1.825,0.110,2.101,1.469,2.627,2.044,3.704,0.602,0.579,3.704,0
0.52276,0.49755,0.097463,1.4859,0.39982,0.0033694,0.44306,0.68272,0.028792,0.38351,2.216,0.449,2.479,1.208,0.129,1.437,1.305,1.972,0.970,2.479,1
0.34618,0.48704,0.15785,1.4064,0.24818,0.0084811,0.45142,0.46491,0.018178,0.24975,1.705,0.013,1.988,1.509,0.681,3.460,4.044,4.165,1.010,4.165,0
0.48775,0.48983,0.15438,1.4303,0.21714,0.00045464,0.43584,0.75476,0.023272,0.31603,0.739,0.820,1.055,2.138,1.276,0.468,1.897,2.168,0.141,2.168,1
0.37676,0.47126,0.045413,1.2003,0.079375,0.0031152,0.38042,0.77737,0.025496,0.30245,0.686,0.877,1.001,2.194,0.752,0.703,2.370,0.481,1.310,2.370,1
0.67899,0.39265,0.10332,1.5035,0.071047,0.0039417,0.30013,0.44201,0.011312,0.28974,3.230,1.314,3.455,0.595,1.169,0.324,3.491,1.660,2.190,3.491,0
0.32176,0.41878,0.14695,1.2094,0.32799,0.0091819,0.13852,0.27228,0.0078897,0.2813,1.587,0.104,1.869,1.632,0.202,2.485,4.521,4.082,2.962,4.521,0
0.16526,0.37149,0.1703,1.3261,0.30969,0.0087039,0.30527,0.73702,0.029592,0.30933,0.345,1.760,0.008,2.842,0.055,1.899,2.942,5.157,0.248,5.157,0
0.66343,0.17797,0.22099,1.5766,0.30165,0.0015678,0.3968,0.46376,0.0056549,0.26568,2.259,0.488,2.522,1.194,2.854,2.495,4.494,3.473,0.850,4.494,0
0.2651,0.17417,0.15045,1.1409,0.27168,0.00064575,0.26659,0.44661,0.013342,0.36712,0.719,2.093,0.356,3.094,2.941,2.740,2.880,2.231,1.065,3.094,0
0.39384,0.27013,0.12178,1.5777,0.27507,0.0088933,0.41605,0.59661,0.0075187,0.22245,2.249,0.492,2.517,1.155,1.285,0.449,5.739,2.911,0.822,5.739,0
0.19779,0.4445,0.1409,1.1681,0.18007,0.0094445,0.31178,0.74423,0.0090551,0.2919,0.087,1.395,0.422,2.579,0.397,2.913,4.332,3.832,1.314,4.332,0
0.82809,0.42424,0.035738,1.1823,0.35867,0.0048592,0.26543,0.65608,0.022354,0.26477,5.031,2.830,5.180,0.494,0.537,1.014,3.294,0.444,0.138,5.180,0
0.61064,0.2313,0.15441,1.5653,0.10803,0.0016811,0.15947,0.2368,0.014325,0.3661,1.936,0.206,2.208,1.403,2.507,1.973,2.734,2.364,3.446,3.446,0
0.19826,0.42917,0.022976,1.1728,0.26322,0.0045895,0.30661,0.77194,0.025607,0.25985,0.572,1.962,0.213,2.994,0.611,0.939,3.192,0.091,0.060,3.192,0
0.51382,0.14374,0.10643,1.5523,0.38483,0.00085439,0.33173,0.53957,0.012923,0.3869,1.156,0.457,1.459,1.880,3.051,2.892,2.812,1.574,0.014,3.051,0
0.42501,0.42541,0.19865,1.3513,0.27273,0.0040618,0.44505,0.42845,0.0085113,0.23563,1.339,0.305,1.633,1.767,0.909,0.682,4.471,3.741,1.107,4.471,0
0.75421,0.16951,0.10821,1.3296,0.32067,0.0086791,0.44761,0.63963,0.0060671,0.33435,5.806,3.492,5.925,1.017,2.138,1.127,3.908,2.911,0.323,5.925,0
0.37585,0.49998,0.099849,1.4514,0.19478,0.0042805,0.28777,0.67169,0.0074583,0.34453,0.981,0.611,1.289,1.996,0.231,1.592,2.853,1.820,1.203,2.853,1
0.65813,0.27182,0.097894,1.2356,0.24777,0.0037513,0.18724,0.54034,0.0087071,0.34838,3.177,1.249,3.397,0.654,1.914,1.005,3.187,1.761,1.273,3.397,0
0.71591,0.28448,0.19089,1.0665,0.082188,0.0063157,0.19967,0.79132,0.0069996,0.3643,4.467,2.336,4.633,0.125,1.484,0.142,3.310,4.422,2.114,4.633,0
0.713,0.37095,0.1806,1.0629,0.2155,0.0045565,0.39874,0.63136,0.010788,0.35326,3.898,1.853,4.086,0.216,1.068,0.291,2.913,3.873,0.930,4.086,0
0.70927,0.37471,0.033386,1.1012,0.073245,0.0094178,0.362,0.20889,0.013543,0.27484,5.440,3.170,5.570,0.740,0.268,1.959,4.319,0.543,3.801,5.570,0
0.55077,0.45918,0.18745,1.2638,0.30422,0.0022319,0.38991,0.46727,0.0082389,0.29005,1.834,0.105,2.106,1.484,1.028,0.155,3.245,3.229,0.792,3.245,0
0.22654,0.48659,0.12344,1.1541,0.11413,0.0075207,0.46444,0.29158,0.0064648,0.23172,0.077,1.403,0.413,2.580,0.095,2.786,5.280,2.588,3.076,5.280,0
0.57239,0.4052,0.17125,1.0423,0.36658,0.0092642,0.119,0.26562,0.018578,0.35171,4.501,2.365,4.666,0.147,0.317,2.406,2.954,5.373,2.731,5.373,0
0.20339,0.25416,0.10242,1.0198,0.3137,0.003731,0.32433,0.2077,0.015734,0.30947,0.643,2.031,0.284,3.050,2.030,1.235,3.331,1.934,3.106,3.331,0
0.38196,0.13081,0.16021,1.3737,0.091047,0.0077348,0.10668,0.45568,0.018809,0.23266,1.841,0.129,2.119,1.452,2.679,1.939,4.822,3.737,2.841,4.822,0
0.81323,0.15753,0.10364,1.4559,0.20869,0.010239,0.29503,0.49962,0.028606,0.33011,6.945,4.467,7.023,1.680,2.036,0.976,3.131,3.233,1.009,7.023,0
0.40789,0.22239,0.13869,1.3678,0.089925,0.0090232,0.43539,0.19956,0.0099477,0.3828,2.503,0.688,2.753,1.044,1.581,0.189,3.218,3.843,3.694,3.843,0
0.29546,0.19588,0.13886,1.3786,0.13844,0.0065926,0.1713,0.42978,0.028704,0.27132,0.760,0.802,1.076,2.134,2.119,1.151,3.636,3.299,1.948,3.636,0
0.89086,0.27647,0.16663,1.2922,0.31543,0.009514,0.42805,0.52827,0.0053545,0.39042,7.242,4.709,7.302,1.898,0.927,0.846,3.388,5.056,0.784,7.302,0
0.30203,0.26785,0.0022371,1.1848,0.16088,0.0031438,0.44697,0.2233,0.0114,0.32415,0.059,1.420,0.395,2.595,2.085,1.260,3.284,0.426,3.447,3.447,0
0.36829,0.18127,0.11853,1.1395,0.38888,0.0034759,0.1412,0.27496,0.027448,0.37351,0.868,0.726,1.174,2.089,2.504,2.018,2.491,2.503,2.655,2.655,1
0.60759,0.2137,0.00041712,1.2712,0.38338,0.0029332,0.46281,0.56602,0.023636,0.3136,2.640,0.794,2.881,0.969,2.364,1.809,3.033,0.465,0.292,3.033,0
0.17258,0.29513,0.010365,1.4428,0.28594,0.0019337,0.3371,0.48633,0.02205,0.37912,1.173,2.476,0.791,3.371,1.973,1.305,2.206,0.255,0.568,3.371,0
0.73912,0.18953,0.056038,1.2095,0.084877,0.003922,0.47437,0.46349,0.01036,0.29335,3.657,1.660,3.858,0.325,2.564,1.893,3.944,0.703,1.987,3.944,0
0.42784,0.29273,0.10635,1.0084,0.087928,0.0096905,0.32476,0.40583,0.021251,0.35882,2.954,1.051,3.179,0.798,0.777,0.960,2.944,3.100,2.152,3.179,0
0.40593,0.34851,0.20563,1.4655,0.18654,0.0011787,0.17163,0.59825,0.026297,0.23453,0.357,1.144,0.688,2.382,1.947,1.214,3.436,3.056,0.803,3.436,0
0.7349,0.18621,0.11161,1.5242,0.099424,0.0044857,0.34534,0.4545,0.015213,0.39991,4.002,1.971,4.196,0.119,2.422,1.710,2.679,2.201,1.757,4.196,0
0.58819,0.16446,0.031804,1.3113,0.39677,0.0092195,0.28665,0.24388,0.026652,0.38916,4.742,2.587,4.903,0.320,2.002,1.042,2.620,0.694,2.676,4.903,0
0.82447,0.46464,0.020519,1.1098,0.32634,0.00067482,0.47273,0.68611,0.0073605,0.33326,2.878,0.986,3.107,0.828,1.365,0.584,2.559,0.107,0.099,3.107,0
0.66019,0.40391,0.10263,1.2555,0.25852,0.0065303,0.37255,0.21036,0.021929,0.35417,4.351,2.253,4.526,0.080,0.261,1.535,2.509,2.520,3.085,4.526,0
0.85227,0.35092,0.09446,1.5753,0.39145,0.010126,0.32904,0.5787,0.014109,0.39406,7.324,4.788,7.387,1.920,0.068,2.169,2.916,2.968,0.016,7.387,0
0.64011,0.46222,0.17685,1.4941,0.11155,0.0073582,0.4284,0.73366,0.016289,0.29696,4.271,2.205,4.457,0.093,0.217,2.915,3.187,4.350,1.570,4.457,0
0.54371,0.20161,0.071134,1.4563,0.35561,0.0075894,0.40094,0.63621,0.028472,0.35337,3.778,1.782,3.981,0.243,1.813,0.771,2.744,1.845,0.330,3.981,0
0.30259,0.21931,0.060879,1.3042,0.23304,0.0053342,0.24189,0.3442,0.016948,0.26629,0.557,0.982,0.878,2.269,2.111,1.177,4.048,1.034,2.387,4.048,0
0.39682,0.49025,0.19764,1.1268,0.37899,0.0044572,0.34752,0.4323,0.029226,0.28536,1.369,0.295,1.657,1.772,0.066,1.549,2.495,4.604,0.107,4.604,0
0.32585,0.33744,0.027091,1.4938,0.21947,0.0039255,0.23804,0.31084,0.020604,0.25362,0.452,1.061,0.781,2.321,1.445,0.226,3.679,0.127,2.726,3.679,0
0.28293,0.47636,0.0044357,1.2184,0.18572,0.008135,0.36482,0.27305,0.027859,0.21911,0.912,0.678,1.219,2.047,0.449,2.904,4.155,0.344,2.815,4.155,0
0.64113,0.22389,0.014808,1.5181,0.32252,0.0058903,0.11963,0.35804,0.027522,0.23989,3.944,1.929,4.143,0.146,1.933,0.922,4.056,0.076,3.196,4.143,0
0.19571,0.2301,0.0008719,1.5382,0.39879,0.0092244,0.41035,0.24196,0.015331,0.34609,0.104,1.363,0.445,2.545,1.358,0.044,3.311,0.443,2.677,3.311,0
0.80916,0.45601,0.023657,1.2298,0.33125,0.0069404,0.28503,0.45589,0.026105,0.2522,5.725,3.423,5.847,0.925,0.182,2.207,3.503,0.217,0.765,5.847,0
0.69136,0.40474,0.19927,1.1617,0.22607,0.0077256,0.44258,0.73468,0.018265,0.38336,5.006,2.805,5.154,0.523,0.001,2.353,2.317,5.627,0.517,5.627,0
0.49674,0.2558,0.10603,1.1192,0.36308,0.0022163,0.41331,0.67501,0.0056094,0.3217,1.464,0.216,1.748,1.709,2.254,1.659,3.562,1.720,0.266,3.562,0
0.80296,0.32111,0.067844,1.4635,0.26532,0.0052928,0.10053,0.43588,0.026246,0.22774,4.925,2.762,5.085,0.456,1.288,0.069,4.053,1.209,3.025,5.085,0
0.79035,0.41934,0.010031,1.4141,0.27093,0.0090093,0.33993,0.63144,0.0066448,0.32069,6.164,3.800,6.272,1.201,0.225,2.610,4.001,0.156,0.895,6.272,0
0.75161,0.38839,0.039617,1.3511,0.34481,0.0048344,0.31252,0.67316,0.0070347,0.34529,4.389,2.290,4.565,0.105,0.809,0.672,3.169,0.533,0.103,4.565,0
0.20252,0.4284,0.077771,1.084,0.37762,0.010167,0.19858,0.47538,0.011131,0.2932,0.309,1.208,0.635,2.444,0.551,2.917,4.220,2.201,1.115,4.220,0
0.37395,0.13606,0.15479,1.5827,0.38181,0.0052365,0.46262,0.53832,0.028379,0.38483,1.384,0.258,1.680,1.698,2.666,2.160,2.530,3.918,0.297,3.918,0
0.33893,0.37299,0.18169,1.4279,0.22187,0.0036927,0.40211,0.4918,0.028249,0.221,0.520,1.005,0.845,2.277,1.248,0.031,3.774,3.449,0.678,3.774,0
0.35493,0.22049,0.11825,1.4377,0.34194,0.0096061,0.45785,0.31485,0.019021,0.27882,2.125,0.374,2.392,1.263,1.483,0.035,4.022,3.455,1.781,4.022,0
0.43615,0.23247,0.22105,1.4699,0.28065,0.0097537,0.36154,0.534,0.022419,0.22468,3.039,1.162,3.274,0.684,1.416,0.101,4.839,6.375,0.601,6.375,0
0.5681,0.11985,0.18089,1.3831,0.21116,0.0050665,0.44914,0.29235,0.020044,0.30983,2.995,1.106,3.226,0.739,2.904,2.457,3.499,4.040,2.277,4.040,0
0.22054,0.44248,0.023146,1.1125,0.25051,0.0068744,0.17095,0.64873,0.011896,0.21595,0.043,1.507,0.297,2.660,0.243,1.825,5.143,0.122,1.158,5.143,0
0.52798,0.49719,0.19521,1.1265,0.24309,0.00080346,0.2962,0.48738,0.02144,0.25164,1.134,0.496,1.431,1.922,1.225,0.334,2.766,2.881,0.693,2.881,1
0.37014,0.41442,0.16565,1.0483,0.1542,0.0011857,0.404,0.29717,0.020557,0.39555,0.145,1.352,0.476,2.551,1.512,0.721,1.765,2.614,2.403,2.614,1
0.72485,0.27538,0.13558,1.2134,0.28694,0.0026459,0.38759,0.7918,0.029797,0.34169,3.319,1.371,3.533,0.560,1.983,1.284,2.404,2.578,0.477,3.533,0
0.21608,0.19193,0.19125,1.2793,0.085085,0.0003918,0.36453,0.30285,0.012286,0.24559,1.182,2.488,0.802,3.380,2.986,2.710,4.386,2.250,2.765,4.386,0
0.80457,0.12537,0.011816,1.1854,0.27111,0.010052,0.34671,0.65004,0.011455,0.33949,6.685,4.227,6.767,1.508,2.473,1.658,3.652,0.063,0.742,6.767,0
0.80207,0.25446,0.056396,1.3758,0.15409,0.0086033,0.16512,0.23533,0.027744,0.22024,6.076,3.733,6.189,1.152,1.389,0.128,4.584,1.187,3.583,6.189,0
0.76238,0.31656,0.11566,1.2383,0.20145,0.0076698,0.20752,0.79019,0.022159,0.27246,5.490,3.223,5.622,0.778,0.921,0.735,3.739,2.888,0.802,5.622,0
0.70875,0.36781,0.055752,1.075,0.31439,0.0026557,0.28331,0.38281,0.022018,0.25207,3.133,1.206,3.352,0.687,1.473,0.499,3.436,0.708,1.513,3.436,0
0.48093,0.44758,0.20178,1.4228,0.18333,0.0079749,0.13736,0.37986,0.025771,0.32323,3.120,1.222,3.349,0.657,0.401,2.616,2.722,5.673,2.166,5.673,0
0.48473,0.47082,0.17229,1.0559,0.36538,0.0014271,0.47019,0.70519,0.013781,0.27816,1.111,0.521,1.407,1.915,1.122,0.131,2.888,2.856,0.669,2.888,1
0.7534,0.14947,0.19535,1.3761,0.23147,0.00093874,0.10387,0.26476,0.019143,0.23982,2.499,0.684,2.749,1.055,3.087,2.877,4.324,2.816,2.959,4.324,0
0.81399,0.23172,0.0040762,1.1673,0.33015,0.0024029,0.48895,0.19002,0.016468,0.35057,3.781,1.762,3.977,0.242,2.341,1.796,2.839,0.387,3.287,3.977,0
0.32745,0.47473,0.018799,1.3917,0.22981,0.0064262,0.10942,0.45481,0.01218,0.30952,1.051,0.554,1.355,1.954,0.130,2.246,3.326,0.037,3.310,3.326,0
0.75133,0.17489,0.1615,1.4537,0.24894,0.0085108,0.36266,0.58138,0.014517,0.35553,5.763,3.464,5.887,0.965,2.059,1.025,3.267,4.609,0.859,5.887,0
0.64464,0.48676,0.071342,1.3502,0.31867,0.0024814,0.28473,0.69957,0.010598,0.33584,2.619,0.779,2.862,0.991,0.700,0.588,2.521,1.035,0.097,2.862,1
0.49261,0.38697,0.097267,1.4024,0.14124,0.0072767,0.43188,0.73547,0.029129,0.27614,2.996,1.126,3.231,0.680,0.334,1.882,3.077,2.319,0.983,3.231,0
0.65994,0.20719,0.16464,1.5487,0.35538,0.0096315,0.31538,0.41145,0.025621,0.30326,5.458,3.214,5.597,0.781,1.545,0.232,3.444,5.198,0.703,5.597,0
0.6884,0.33615,0.037737,1.4576,0.056589,0.0032138,0.26816,0.29901,0.01861,0.26624,3.011,1.127,3.244,0.730,1.682,0.536,3.528,0.265,3.180,3.528,0
0.36245,0.33026,0.040563,1.5845,0.30638,0.0071278,0.36677,0.32644,0.010901,0.32333,1.610,0.062,1.898,1.588,0.824,0.856,3.521,0.700,2.157,3.521,0
0.59637,0.15507,0.020804,1.1357,0.38259,0.0071369,0.4713,0.47006,0.026819,0.36414,4.128,2.056,4.310,0.038,2.339,1.617,2.760,0.197,0.104,4.310,0
0.86366,0.37833,0.012775,1.2437,0.37444,0.0012825,0.3578,0.60888,0.0071272,0.34496,3.506,1.531,3.713,0.446,1.647,0.925,2.808,0.226,0.002,3.713,0
0.54503,0.15262,0.12775,1.5703,0.069758,0.0081414,0.39057,0.3494,0.0079665,0.30161,3.590,1.627,3.803,0.366,2.426,1.489,4.215,3.021,2.851,4.215,0
0.24854,0.24901,0.086846,1.3364,0.39057,0.0049219,0.31693,0.28911,0.028725,0.37349,0.051,1.419,0.390,2.592,1.743,0.830,2.355,1.959,1.939,2.592,1
0.88705,0.33068,0.11366,1.183,0.18936,0.0031754,0.17845,0.63459,0.018029,0.24634,4.438,2.327,4.610,0.132,1.700,0.661,3.889,1.841,1.107,4.610,0
0.72305,0.27586,0.04281,1.0132,0.072244,0.0055825,0.20165,0.74864,0.021259,0.30435,4.304,2.198,4.476,0.029,1.650,0.468,3.266,0.609,1.698,4.476,0
0.58681,0.38268,0.1249,1.0861,0.34554,0.0028874,0.35496,0.24544,0.010329,0.3226,2.394,0.570,2.640,1.152,1.298,0.246,3.040,2.276,2.646,3.040,0
0.38398,0.45431,0.014629,1.1316,0.34806,0.0044874,0.38769,0.43852,0.025178,0.26148,1.215,0.426,1.509,1.865,0.402,1.174,3.087,0.107,0.550,3.087,0
0.37059,0.24654,0.19799,1.0586,0.18338,0.0092171,0.47881,0.2342,0.017868,0.28111,2.158,0.377,2.415,1.270,1.370,0.169,4.004,5.612,2.970,5.612,0
0.82941,0.47414,0.083803,1.5734,0.35607,0.00049683,0.32634,0.58199,0.02728,0.35443,2.930,1.060,3.167,0.779,1.192,0.481,1.499,1.102,0.258,3.167,0
0.24891,0.20109,0.17416,1.1797,0.083512,0.003944,0.47414,0.71762,0.0080176,0.33516,0.270,1.704,0.078,2.788,2.462,1.751,3.520,3.243,1.905,3.520,0
0.34712,0.41396,0.06409,1.1325,0.22854,0.00085531,0.16693,0.49761,0.016719,0.25791,0.136,1.588,0.207,2.720,1.682,0.924,3.230,0.614,1.734,3.230,0
0.45782,0.20676,0.083563,1.5911,0.12148,0.009427,0.24347,0.42753,0.011459,0.26851,3.082,1.202,3.317,0.668,1.774,0.372,4.591,1.999,2.371,4.591,0
0.84595,0.3931,0.14368,1.5637,0.21868,0.0052065,0.19925,0.39021,0.010834,0.3698,5.193,2.987,5.342,0.613,0.690,0.938,2.750,3.167,2.146,5.342,0
0.42566,0.11883,0.0030094,1.0668,0.15984,0.00050504,0.16877,0.27887,0.0082554,0.27966,0.253,1.258,0.580,2.480,3.310,3.206,4.260,0.427,3.745,4.260,0
0.54192,0.44059,0.036462,1.5112,0.22531,0.0087155,0.46237,0.27953,0.01175,0.37766,3.927,1.910,4.126,0.141,0.506,3.110,2.847,0.705,2.754,4.126,0
0.68226,0.22126,0.17704,1.1224,0.10282,0.0030946,0.44613,0.2841,0.022209,0.24518,2.962,1.064,3.189,0.776,2.445,1.775,4.030,3.014,2.647,4.030,0
0.63647,0.27037,0.1636,1.1418,0.094332,0.0041766,0.16451,0.53156,0.020993,0.24616,3.061,1.149,3.285,0.724,1.964,0.960,4.019,3.018,1.678,4.019,0
0.8446,0.49458,0.12729,1.1103,0.18712,0.00015442,0.48676,0.4508,0.024937,0.30493,2.626,0.773,2.865,0.978,1.397,0.678,1.914,1.614,0.853,2.865,1
0.59343,0.30036,0.16014,1.4394,0.39222,0.0090932,0.28241,0.79236,0.0075032,0.31575,4.561,2.442,4.732,0.220,0.774,0.994,4.038,4.649,0.787,4.732,0
0.46961,0.35518,0.15328,1.1201,0.28631,0.0040924,0.13491,0.2968,0.022107,0.23749,1.823,0.095,2.094,1.486,1.294,0.071,3.866,3.041,2.680,3.866,0
0.27399,0.26494,0.077172,1.3575,0.2936,0.0025843,0.47864,0.38142,0.02198,0.33898,0.231,1.662,0.118,2.764,2.080,1.388,2.670,1.219,1.136,2.764,1
0.48516,0.47136,0.10131,1.4015,0.38787,0.0096663,0.11586,0.30252,0.012252,0.38519,3.700,1.711,3.905,0.309,1.068,3.509,2.961,3.099,3.013,3.905,0
0.79295,0.34372,0.0089914,1.5403,0.17437,0.0069808,0.41017,0.62162,0.023853,0.37804,5.588,3.323,5.722,0.886,0.647,1.119,2.361,0.202,1.011,5.722,0
0.6448,0.23413,0.063086,1.0697,0.051092,0.00075596,0.14099,0.43315,0.025315,0.30968,1.726,0.000,1.997,1.566,2.667,2.290,2.874,0.566,2.858,2.874,1
0.86476,0.45021,0.096495,1.1139,0.095839,0.0017124,0.21527,0.47856,0.028423,0.28157,3.546,1.562,3.750,0.424,1.260,0.205,2.428,1.304,1.561,3.750,0
0.25061,0.33661,0.21699,1.1897,0.20795,0.0064292,0.17201,0.51369,0.023732,0.37525,0.300,1.212,0.628,2.443,0.845,0.655,2.403,5.715,1.041,5.715,0
0.69345,0.46759,0.0828,1.2597,0.089159,0.0079199,0.10224,0.52621,0.019071,0.33906,4.958,2.770,5.111,0.449,0.426,2.734,2.835,1.997,3.075,5.111,0
0.76985,0.13814,0.01302,1.2217,0.32909,0.0086092,0.44989,0.71943,0.020033,0.37778,6.082,3.723,6.189,1.188,2.392,1.624,2.910,0.028,0.263,6.189,0
0.887,0.1819,0.0050042,1.0455,0.28459,0.0064359,0.44077,0.28256,0.0063566,0.21714,5.833,3.501,5.946,1.018,2.382,1.519,5.755,0.352,2.727,5.946,0
0.82583,0.34127,0.041227,1.1235,0.062966,0.0048239,0.11691,0.38051,0.010557,0.22073,4.527,2.397,4.694,0.179,1.501,0.070,5.024,0.374,3.810,5.024,0
0.37533,0.40536,0.052224,1.1311,0.27764,0.010141,0.20407,0.23578,0.016494,0.32058,2.486,0.660,2.732,1.079,0.390,2.678,3.512,1.354,3.326,3.512,0
0.48125,0.32979,0.10042,1.087,0.11954,0.0082372,0.41787,0.30114,0.01619,0.34176,3.116,1.196,3.337,0.682,0.713,1.099,3.161,2.576,2.791,3.337,0
0.16769,0.40231,0.20655,1.4467,0.3563,0.0096947,0.29995,0.53557,0.014554,0.28137,0.232,1.656,0.120,2.762,0.285,2.585,4.119,6.219,0.343,6.219,0
0.57542,0.13523,0.13969,1.0297,0.11777,0.0025115,0.40008,0.56163,0.018666,0.27517,2.027,0.256,2.287,1.381,3.048,2.743,3.895,2.213,1.375,3.895,0
0.62179,0.29772,0.11909,1.0308,0.093801,0.0010082,0.15601,0.28132,0.024812,0.32399,1.743,0.012,2.013,1.559,2.261,1.723,2.557,1.602,3.221,3.221,0
0.76501,0.13387,0.14036,1.329,0.12102,0.0086277,0.48784,0.63297,0.013183,0.399,5.825,3.515,5.944,1.051,2.482,1.688,2.988,3.928,1.715,5.944,0
0.677,0.27096,0.16125,1.5717,0.1595,0.0077042,0.24096,0.74771,0.0081244,0.37914,4.741,2.601,4.907,0.333,1.284,0.230,3.215,4.193,1.496,4.907,0
0.59513,0.41585,0.20469,1.2428,0.26399,0.0014637,0.37763,0.57471,0.010525,0.28057,1.801,0.074,2.073,1.507,1.500,0.589,3.280,3.240,0.624,3.280,0
0.8898,0.38302,0.16477,1.5218,0.14277,0.0037892,0.17786,0.78834,0.016927,0.34195,4.810,2.662,4.974,0.381,1.112,0.242,2.602,3.210,1.234,4.974,0
0.73437,0.23052,0.064446,1.2996,0.25592,0.0016088,0.20615,0.24341,0.0076741,0.22528,2.658,0.814,2.900,0.963,2.595,2.090,5.001,0.630,3.368,5.001,0
0.58545,0.32745,0.062781,1.2082,0.33211,0.0069694,0.12433,0.51961,0.01328,0.39103,3.872,1.839,4.064,0.228,0.818,0.712,2.738,1.439,1.980,4.064,0
0.74619,0.4601,0.14845,1.1078,0.19372,0.0094792,0.34577,0.60021,0.026885,0.21835,5.920,3.583,6.033,1.044,0.575,3.168,4.482,4.093,0.952,6.033,0
0.49226,0.18851,0.21207,1.5123,0.37517,0.0083949,0.41303,0.48127,0.010514,0.3934,3.412,1.475,3.631,0.467,1.890,0.808,3.082,6.337,0.394,6.337,0
0.52116,0.14472,0.11637,1.2354,0.3583,0.0082499,0.21815,0.5372,0.0056213,0.21634,3.472,1.511,3.684,0.458,2.516,1.686,5.954,2.745,0.763,5.954,0
0.42607,0.25134,0.21759,1.3469,0.21242,0.0053409,0.35185,0.28,0.02564,0.24759,1.771,0.066,2.050,1.498,1.839,0.767,3.915,4.876,2.279,4.876,0
0.30009,0.40124,0.14994,1.5155,0.29567,0.0014772,0.14479,0.44576,0.013986,0.38311,0.280,1.699,0.072,2.794,1.431,0.576,2.102,2.481,1.723,2.794,1
0.48206,0.17527,0.14951,1.3816,0.054794,0.00378,0.37341,0.28845,0.01825,0.26758,1.699,0.005,1.980,1.541,2.672,2.058,3.980,2.584,2.932,3.980,0
0.42025,0.21547,0.021611,1.201,0.27036,0.001991,0.35047,0.39333,0.019277,0.36864,0.800,0.782,1.109,2.128,2.508,2.052,2.609,0.023,1.485,2.609,1
0.27298,0.16389,0.0457,1.5684,0.065551,0.0066014,0.25877,0.18508,0.015063,0.28283,0.448,1.062,0.778,2.320,2.457,1.599,4.047,0.690,4.012,4.047,0
0.73645,0.16911,0.0052965,1.3127,0.16466,0.0046239,0.44714,0.70409,0.0063749,0.36643,4.034,1.985,4.222,0.095,2.578,1.935,3.366,0.347,1.354,4.222,0
0.82892,0.49663,0.066937,1.5533,0.27995,0.00071851,0.37107,0.71255,0.011832,0.24345,2.836,0.984,3.078,0.831,1.252,0.309,3.310,0.621,0.139,3.310,0
0.5294,0.42893,0.1466,1.062,0.1021,0.0041049,0.33428,0.61785,0.023609,0.2894,2.292,0.490,2.544,1.204,0.815,0.683,2.851,2.824,1.361,2.851,1
0.85408,0.47101,0.13813,1.4892,0.08819,0.0073039,0.18368,0.42184,0.028583,0.31561,6.105,3.760,6.218,1.172,0.404,2.649,2.571,3.526,2.115,6.218,0
0.82391,0.37541,0.13522,1.0703,0.11364,0.0038446,0.30162,0.32667,0.015743,0.39887,4.365,2.251,4.535,0.068,1.168,0.082,2.244,2.640,2.617,4.535,0
0.4581,0.47836,0.030793,1.4546,0.056084,0.0014915,0.17951,0.54501,0.022913,0.34409,0.820,0.749,1.134,2.095,1.116,0.014,1.834,0.082,1.905,2.095,1
0.5727,0.15909,0.016234,1.4657,0.28978,0.0070606,0.49346,0.78187,0.0098049,0.24144,3.615,1.650,3.827,0.194,2.456,1.595,5.058,0.041,0.013,5.058,0
0.75836,0.2666,0.03747,1.4205,0.20825,0.0014234,0.28885,0.27777,0.025373,0.29482,2.831,0.969,3.069,0.847,2.313,1.765,2.946,0.228,2.754,3.069,0
0.30759,0.32983,0.09295,1.4499,0.073554,0.007859,0.10282,0.44419,0.009408,0.35213,1.095,0.514,1.399,1.924,0.807,1.027,3.375,2.177,3.546,3.546,0
0.60824,0.30496,0.099082,1.0227,0.17443,0.0043784,0.24303,0.31729,0.012785,0.37443,3.035,1.114,3.255,0.760,1.576,0.485,2.749,1.914,2.764,3.255,0
0.4007,0.12419,0.14215,1.188,0.23119,0.0018485,0.21777,0.50811,0.010251,0.21569,0.483,1.051,0.805,2.323,3.187,2.962,5.374,1.988,1.205,5.374,0
0.86004,0.41305,0.15152,1.3389,0.35741,0.0022074,0.38349,0.75059,0.014925,0.24128,3.926,1.901,4.121,0.168,1.288,0.241,3.722,2.539,0.697,4.121,0
0.34541,0.14139,0.0027646,1.4217,0.084069,0.00060871,0.2319,0.21606,0.011506,0.28923,0.284,1.704,0.068,2.798,3.189,3.003,3.897,0.430,3.959,3.959,0
0.38899,0.40837,0.0080823,1.4405,0.13046,0.0010844,0.13542,0.28671,0.0057646,0.33262,0.165,1.316,0.501,2.513,1.682,0.794,2.899,0.338,4.035,4.035,0
0.52114,0.19572,0.18597,1.56,0.37349,0.0038849,0.1974,0.44707,0.0062542,0.36184,2.256,0.489,2.520,1.193,2.392,1.738,3.322,3.943,1.002,3.943,0
0.17157,0.23609,0.035879,1.4267,0.3811,0.0046697,0.1924,0.69568,0.027147,0.38842,0.778,2.134,0.410,3.117,1.884,1.039,2.300,0.516,0.253,3.117,0
0.79116,0.21887,0.14893,1.0155,0.32517,0.0038354,0.30616,0.56409,0.013822,0.21215,4.148,2.068,4.327,0.064,2.353,1.643,5.130,2.755,0.374,5.130,0
0.8811,0.2771,0.12504,1.1745,0.39646,0.00013171,0.18652,0.79329,0.010278,0.35231,2.985,1.082,3.211,0.775,2.426,2.139,2.799,1.758,0.518,3.211,0
0.71679,0.41803,0.088557,1.0301,0.098941,0.0072124,0.17277,0.78727,0.026738,0.28377,4.913,2.719,5.062,0.408,0.185,1.784,3.175,2.040,1.445,5.062,0
0.25643,0.33954,0.045231,1.5084,0.2268,0.0073529,0.2571,0.48272,0.020133,0.29065,0.484,1.034,0.812,2.302,0.724,1.028,3.488,0.840,1.223,3.488,0
0.7209,0.11905,0.19018,1.5768,0.21422,0.0083753,0.14976,0.47568,0.0093893,0.25457,5.263,3.050,5.411,0.660,2.725,2.005,4.916,4.776,1.888,5.411,0
0.63618,0.41697,0.21439,1.3995,0.18489,0.0093958,0.13925,0.65953,0.015506,0.32481,4.971,2.789,5.126,0.466,0.332,2.675,3.420,6.301,1.406,6.301,0
0.72237,0.48078,0.047315,1.525,0.22424,0.0076041,0.32686,0.58432,0.014033,0.3124,5.137,2.939,5.288,0.581,0.494,2.891,3.329,0.909,1.079,5.288,0
0.31837,0.26232,0.21901,1.5433,0.23034,0.0064565,0.15052,0.32861,0.022639,0.34992,1.018,0.574,1.326,1.965,1.468,0.211,2.785,5.716,2.208,5.716,0
0.32889,0.19305,0.0042854,1.1411,0.095869,0.0081651,0.34346,0.36903,0.020707,0.36699,1.476,0.204,1.760,1.707,1.942,0.868,2.908,0.338,2.476,2.908,1
0.67433,0.25622,0.076388,1.508,0.28478,0.0088405,0.41434,0.50157,0.020521,0.24943,5.174,2.974,5.325,0.631,1.275,0.293,4.366,1.887,0.712,5.325,0
0.52913,0.13622,0.070872,1.1976,0.34176,0.00068625,0.40794,0.6627,0.015067,0.31512,1.167,0.467,1.463,1.901,3.142,3.016,3.436,0.821,0.268,3.436,0
0.2816,0.18485,0.014833,1.3213,0.17819,0.0087662,0.2337,0.25559,0.012604,0.35072,1.033,0.574,1.337,1.972,1.971,0.852,3.404,0.000,3.465,3.465,0
0.54043,0.28004,0.20083,1.1135,0.31451,0.0098879,0.2155,0.37709,0.0093734,0.22871,4.136,2.064,4.319,0.066,1.045,0.710,5.546,5.588,1.756,5.588,0
0.50168,0.25005,0.14784,1.5772,0.16234,0.0036687,0.1261,0.54255,0.029368,0.26186,1.938,0.224,2.216,1.376,2.076,1.209,3.440,2.777,1.596,3.440,0
0.64431,0.2243,0.12406,1.4054,0.23469,0.00017863,0.26265,0.76073,0.016335,0.35674,1.565,0.122,1.847,1.647,2.732,2.474,2.683,1.607,0.335,2.732,1
0.49184,0.49147,0.16727,1.1754,0.1536,0.0088472,0.30375,0.29267,0.02779,0.24237,3.401,1.450,3.615,0.496,0.758,3.291,3.842,4.569,2.510,4.569,0
0.47925,0.21691,0.21322,1.0799,0.071898,0.0089836,0.23539,0.53932,0.025525,0.22926,3.227,1.295,3.446,0.615,1.744,0.421,4.584,5.636,1.755,5.636,0
0.6437,0.20984,0.21536,1.3131,0.26857,0.0069051,0.36329,0.75922,0.0084554,0.25199,4.152,2.090,4.337,0.033,2.040,0.956,4.878,5.088,0.307,5.088,0
0.87152,0.24273,0.20142,1.0048,0.38839,0.0054889,0.42166,0.27619,0.006326,0.35477,5.608,3.303,5.728,0.858,1.843,0.875,3.422,4.904,2.106,5.728,0
0.51682,0.38863,0.084831,1.2763,0.080978,0.0070194,0.11407,0.66932,0.026633,0.23646,3.066,1.171,3.296,0.697,0.531,1.396,3.953,1.771,2.021,3.953,0
0.46007,0.39364,0.1406,1.2412,0.32217,0.0033773,0.29276,0.18247,0.0054617,0.38243,1.540,0.145,1.823,1.662,1.090,0.115,2.756,2.742,3.368,3.368,0
0.89033,0.36095,0.087568,1.0104,0.25547,0.0067868,0.41684,0.67015,0.012079,0.2556,6.084,3.712,6.187,1.160,0.814,0.965,4.391,1.872,0.615,6.187,0
0.18506,0.16155,0.13985,1.4868,0.29325,0.0072229,0.31181,0.7953,0.027711,0.29547,0.316,1.728,0.038,2.814,2.302,1.475,3.425,3.717,0.281,3.717,0
0.53208,0.29524,0.096284,1.1904,0.11671,0.0076595,0.29226,0.78748,0.010013,0.26203,3.337,1.389,3.552,0.548,1.266,0.356,4.606,2.088,1.757,4.606,0
0.28224,0.31869,0.021119,1.273,0.22061,0.0021321,0.16184,0.31628,0.0090045,0.33971,0.310,1.734,0.040,2.826,1.905,1.099,3.019,0.058,3.334,3.334,0
0.52069,0.18394,0.12135,1.3146,0.092244,0.0044974,0.29751,0.47472,0.026913,0.33283,2.389,0.590,2.643,1.122,2.446,1.765,2.891,2.451,1.413,2.891,1
0.59898,0.24519,0.15686,1.0598,0.11577,0.008594,0.49261,0.65498,0.011934,0.3242,4.305,2.203,4.478,0.112,1.479,0.248,3.602,4.188,1.784,4.478,0
0.53348,0.32913,0.15128,1.5141,0.26656,0.0076369,0.46414,0.31304,0.022563,0.22053,3.478,1.538,3.697,0.405,0.839,1.018,4.572,3.728,1.925,4.572,0
0.47498,0.40425,0.021292,1.1564,0.099591,0.0095912,0.42212,0.28725,0.028228,0.38934,3.521,1.547,3.728,0.420,0.398,2.752,2.203,0.283,2.822,3.728,0
0.34065,0.12323,0.19875,1.1958,0.22387,0.0025149,0.10934,0.60654,0.024744,0.27981,0.273,1.233,0.602,2.457,3.086,2.831,3.640,3.612,1.217,3.640,0
0.57517,0.1596,0.0073726,1.4417,0.23543,0.0043235,0.19495,0.39209,0.017469,0.32103,2.796,0.938,3.035,0.871,2.648,2.083,3.356,0.295,2.397,3.356,0
0.25709,0.15781,0.17352,1.3444,0.15271,0.003232,0.21312,0.76133,0.015246,0.38365,0.287,1.712,0.063,2.808,2.774,2.324,2.813,3.322,1.151,3.322,0
0.21458,0.25104,0.074836,1.1492,0.18597,0.0051665,0.31053,0.23622,0.0094009,0.3139,0.356,1.778,0.005,2.861,1.906,0.865,3.688,1.350,3.343,3.688,0
0.68282,0.35783,0.098547,1.1273,0.3427,0.00033102,0.25544,0.222,0.0085746,0.39809,1.926,0.171,2.190,1.443,1.968,1.508,2.290,1.301,3.073,3.073,0
0.2114,0.40489,0.011179,1.48,0.17525,0.0038741,0.10742,0.2897,0.025125,0.344,0.566,1.947,0.204,2.977,0.868,0.523,2.222,0.207,4.094,4.094,0
0.56416,0.44554,0.039186,1.3454,0.32913,0.0031848,0.19958,0.22128,0.0059285,0.3583,2.322,0.524,2.576,1.178,0.788,0.550,2.785,0.405,3.499,3.499,0
0.30946,0.33842,0.1308,1.2152,0.29707,0.0067481,0.1454,0.28327,0.015131,0.23976,0.931,0.664,1.238,2.039,0.956,0.665,4.527,3.018,2.897,4.527,0
0.35286,0.27855,0.14932,1.3934,0.31592,0.0064597,0.36594,0.71137,0.013392,0.36121,1.388,0.265,1.680,1.739,1.346,0.041,3.015,3.787,0.057,3.787,0
0.87427,0.33304,0.15244,1.5047,0.059301,0.0095753,0.24868,0.36233,0.0199,0.27456,6.908,4.439,6.989,1.658,0.505,1.587,3.991,4.166,2.630,6.989,0
0.19201,0.31837,0.064847,1.2364,0.36103,0.001131,0.22101,0.64281,0.011871,0.33412,1.140,2.454,0.762,3.358,2.026,1.463,2.848,0.774,0.118,3.358,0
0.8087,0.4504,0.20105,1.4482,0.34915,0.00057137,0.24027,0.41755,0.012941,0.29794,2.756,0.905,2.997,0.894,1.425,0.691,2.662,3.081,0.910,3.081,0
0.50206,0.2084,0.18083,1.331,0.33059,0.0069549,0.26837,0.22979,0.027093,0.26512,3.081,1.185,3.310,0.685,1.918,0.891,3.768,4.767,2.561,4.767,0
0.4167,0.19132,0.15381,1.3211,0.16751,0.010178,0.24109,0.62218,0.021529,0.31012,2.950,1.070,3.183,0.772,1.739,0.454,3.560,4.700,1.300,4.700,0
0.70302,0.25776,0.12451,1.0436,0.34156,0.0062874,0.2834,0.61006,0.013955,0.26235,4.540,2.400,4.704,0.176,1.663,0.502,4.265,2.887,0.226,4.704,0
0.643,0.35719,0.15869,1.4729,0.32507,0.0039715,0.17638,0.5411,0.011441,0.23516,3.135,1.234,3.363,0.653,1.322,0.039,4.446,2.989,0.737,4.446,0
0.8803,0.36367,0.12394,1.5624,0.20498,0.0093296,0.4343,0.49933,0.025286,0.37389,7.206,4.701,7.275,1.907,0.036,2.358,2.405,3.784,1.023,7.275,0
0.62649,0.37029,0.19057,1.5503,0.35296,0.0056126,0.26213,0.41213,0.028768,0.39112,3.863,1.854,4.064,0.204,0.574,0.914,1.971,5.024,0.627,5.024,0
0.79994,0.20504,0.081051,1.4366,0.29425,0.0011112,0.24428,0.69627,0.023073,0.246,2.952,1.075,3.187,0.767,2.724,2.376,3.880,0.988,0.038,3.880,0
0.78495,0.16021,0.20429,1.5539,0.39622,0.0052618,0.23657,0.58511,0.0075695,0.234,4.767,2.631,4.935,0.360,2.593,1.926,5.227,4.407,0.064,5.227,0
0.23422,0.1904,0.16874,1.193,0.36409,0.008733,0.20012,0.35223,0.013062,0.36027,0.518,1.024,0.838,2.306,1.867,0.778,3.279,5.053,1.787,5.053,0
0.36444,0.42038,0.10898,1.2527,0.15321,0.0072849,0.45861,0.77127,0.01088,0.38067,1.642,0.057,1.921,1.513,0.055,2.487,2.594,2.676,1.303,2.676,1
0.87257,0.4349,0.13174,1.4649,0.20219,0.0089693,0.48928,0.4741,0.0052365,0.31794,6.728,4.300,6.816,1.627,0.318,3.148,4.024,3.475,1.651,6.816,0
0.42126,0.25152,0.036723,1.5449,0.14659,0.0079564,0.31159,0.25826,0.012579,0.33385,2.388,0.603,2.647,1.105,1.446,0.005,3.481,0.610,3.303,3.481,0
0.47838,0.48313,0.21517,1.0568,0.080429,0.0051986,0.32761,0.73837,0.017505,0.25713,2.119,0.344,2.378,1.305,0.312,1.628,3.623,4.411,1.698,4.411,0
0.47628,0.20343,0.19393,1.1938,0.10702,0.0096835,0.45824,0.32316,0.023912,0.37978,3.531,1.559,3.740,0.399,1.623,0.317,2.750,6.054,2.358,6.054,0
0.16703,0.12119,0.0023985,1.4108,0.12215,0.0071158,0.25319,0.77936,0.0067575,0.36236,0.598,1.978,0.236,3.003,2.763,2.138,3.540,0.405,1.837,3.540,0
0.45346,0.39211,0.1886,1.5163,0.15635,0.0065677,0.17102,0.62136,0.027957,0.23911,2.357,0.581,2.619,1.117,0.503,1.375,3.754,4.455,1.116,4.455,0
0.22988,0.48932,0.066057,1.3064,0.22398,0.0022833,0.1918,0.56562,0.016849,0.37121,0.674,2.048,0.311,3.056,0.736,0.514,1.904,0.903,1.023,3.056,0
0.55266,0.3018,0.16488,1.1431,0.19816,0.010013,0.46116,0.34637,0.021364,0.29569,4.398,2.289,4.570,0.130,0.650,1.345,3.622,5.000,1.934,5.000,0
0.37096,0.23833,0.16702,1.2168,0.36236,0.00063493,0.46427,0.26381,0.0069227,0.38014,0.039,1.437,0.375,2.608,2.564,2.250,2.856,2.609,2.280,2.856,1
0.30189,0.29059,0.17548,1.1688,0.17947,0.008914,0.1793,0.65804,0.015815,0.38465,1.336,0.323,1.625,1.795,0.880,0.773,2.875,5.178,1.354,5.178,0
0.37136,0.32225,0.088818,1.5921,0.18695,0.003013,0.26385,0.54167,0.015859,0.30376,0.611,0.921,0.935,2.217,1.706,0.681,3.144,1.366,1.190,3.144,0
0.53599,0.19417,0.17945,1.44,0.22448,0.00051713,0.43673,0.65356,0.01597,0.36948,1.091,0.523,1.394,1.938,2.844,2.595,2.695,2.646,0.476,2.844,1
0.41771,0.27353,0.12336,1.0974,0.19029,0.00038564,0.21111,0.55762,0.025101,0.3479,0.249,1.260,0.577,2.481,2.451,2.094,2.362,1.658,0.818,2.481,1
0.45365,0.36666,0.069942,1.5621,0.31122,0.0055546,0.12083,0.74194,0.019422,0.33912,2.177,0.424,2.445,1.235,0.742,0.796,2.718,1.434,0.681,2.718,1
0.58381,0.24039,0.076077,1.3734,0.099964,0.0056257,0.38308,0.5635,0.015939,0.28872,3.195,1.276,3.418,0.625,1.933,0.829,3.749,1.382,1.723,3.749,0
0.21709,0.39374,0.15297,1.2017,0.33933,0.0040388,0.18465,0.27326,0.0057398,0.28407,0.495,1.896,0.139,2.946,1.042,0.318,3.923,3.013,2.710,3.923,0
0.52333,0.40554,0.13942,1.1642,0.19898,0.0080096,0.21328,0.71432,0.0065489,0.32008,3.441,1.474,3.651,0.491,0.177,1.921,3.895,3.541,1.352,3.895,0
0.50995,0.33233,0.14701,1.2869,0.13402,0.0079848,0.32106,0.53644,0.027589,0.2716,3.364,1.424,3.582,0.511,0.715,1.067,3.532,3.852,1.297,3.852,0
0.56339,0.38826,0.18218,1.0714,0.0572,0.0083295,0.20516,0.26711,0.0088439,0.25976,3.765,1.742,3.960,0.302,0.456,1.688,4.770,4.356,3.470,4.770,0
0.63519,0.3143,0.027981,1.5585,0.26263,0.0057867,0.44331,0.22363,0.025347,0.24052,3.798,1.809,4.005,0.213,1.234,0.208,3.917,0.251,2.978,4.005,0
0.68573,0.20545,0.1391,1.3623,0.26129,0.0033862,0.14145,0.56569,0.020777,0.38137,3.326,1.385,3.543,0.549,2.370,1.762,2.546,2.791,1.036,3.543,0
0.53148,0.24486,0.1051,1.4798,0.12234,0.0020863,0.22963,0.73912,0.0062183,0.23313,1.455,0.200,1.748,1.697,2.501,1.827,4.943,1.249,1.679,4.943,0
0.34396,0.38738,0.12443,1.2418,0.17287,0.0019955,0.25294,0.34743,0.016575,0.26742,0.115,1.366,0.451,2.554,1.582,0.593,3.321,1.823,2.331,3.321,0
0.30395,0.23818,0.04824,1.3062,0.3895,0.010109,0.10837,0.34472,0.015826,0.22532,1.569,0.109,1.855,1.629,1.326,0.223,5.200,1.111,3.252,5.200,0
0.68875,0.45296,0.087088,1.5802,0.11931,0.0066286,0.28056,0.53098,0.020755,0.23866,4.387,2.311,4.571,0.133,0.103,2.078,4.004,1.728,1.553,4.571,0
0.25371,0.41186,0.20933,1.3532,0.26469,0.0014588,0.21067,0.32591,0.028394,0.22887,0.655,2.026,0.291,3.036,1.478,0.587,3.226,3.387,1.800,3.387,0
0.64988,0.42468,0.10674,1.1083,0.31498,0.003915,0.25607,0.45993,0.014725,0.34427,3.267,1.318,3.480,0.608,0.746,0.620,2.603,2.107,0.936,3.480,0
0.19589,0.49361,0.046618,1.198,0.2602,0.0039756,0.49411,0.36157,0.0067224,0.28467,0.718,2.089,0.355,3.082,0.420,1.448,3.495,0.563,1.926,3.495,0
0.74269,0.42782,0.16317,1.4448,0.3961,7.9874e-06,0.37218,0.41953,0.0092329,0.35588,2.128,0.364,2.391,1.290,1.638,1.124,2.287,2.373,0.524,2.391,1
0.54139,0.14858,0.00023968,1.5341,0.086982,0.0063396,0.22211,0.42342,0.029747,0.26501,3.135,1.242,3.367,0.643,2.570,1.848,3.769,0.465,2.256,3.769,0
0.76886,0.46913,0.015944,1.4775,0.28289,0.0015374,0.45638,0.26423,0.022874,0.23338,2.956,1.082,3.191,0.746,1.126,0.038,3.119,0.180,2.518,3.191,0
0.46683,0.40712,0.1914,1.4388,0.25297,0.0054804,0.33418,0.32248,0.0076335,0.30831,2.172,0.411,2.437,1.248,0.622,1.113,3.616,4.253,2.212,4.253,0
0.79589,0.13509,0.085437,1.2063,0.26493,0.00352,0.1329,0.43166,0.023646,0.32579,4.164,2.092,4.347,0.039,2.895,2.529,3.129,1.531,2.258,4.347,0
0.34934,0.49498,0.13762,1.0542,0.20888,0.0040005,0.37607,0.33622,0.027378,0.29727,0.740,0.839,1.050,2.173,0.282,1.335,2.386,2.785,1.855,2.785,1
0.33471,0.12712,0.080896,1.1656,0.18549,0.0031189,0.23903,0.3751,0.024073,0.29023,0.365,1.156,0.690,2.401,3.015,2.698,3.535,1.272,2.079,3.535,0
0.72848,0.40505,0.056851,1.4779,0.37568,0.0041609,0.45758,0.62595,0.012802,0.2807,3.951,1.930,4.149,0.122,0.831,0.730,3.401,0.880,0.280,4.149,0
0.39698,0.32039,0.2003,1.2394,0.37817,0.0042849,0.12041,0.34974,0.024083,0.36886,1.337,0.318,1.628,1.787,1.316,0.243,2.315,4.742,1.879,4.742,0
0.37711,0.36393,0.16915,1.3921,0.34644,0.0090396,0.12561,0.77248,0.0081892,0.26223,2.186,0.422,2.450,1.241,0.305,1.779,4.826,4.630,0.523,4.826,0
0.1916,0.44901,0.19882,1.0215,0.30589,0.0023009,0.12514,0.51422,0.024511,0.38985,0.944,2.291,0.575,3.242,0.913,0.124,1.663,3.914,1.058,3.914,0
0.39014,0.40318,0.057564,1.255,0.176,0.004225,0.34773,0.6355,0.011214,0.2285,1.035,0.572,1.339,1.969,1.095,0.428,4.561,0.729,1.268,4.561,0
0.17919,0.30691,0.11401,1.0687,0.31299,0.0047435,0.29928,0.40302,0.018893,0.31214,0.720,2.095,0.358,3.096,1.450,0.327,3.120,2.437,1.216,3.120,0
0.6941,0.14847,0.1229,1.1395,0.29688,0.0043957,0.27647,0.78347,0.02871,0.30872,3.839,1.811,4.033,0.245,2.703,2.225,3.168,2.650,0.300,4.033,0
0.67503,0.22952,0.12109,1.4964,0.19642,0.00014286,0.30681,0.5178,0.020003,0.22828,1.622,0.063,1.906,1.596,2.780,2.479,4.165,1.338,0.910,4.165,0
0.2945,0.17842,0.043035,1.206,0.18116,0.009344,0.41881,0.68973,0.006238,0.32044,1.258,0.388,1.551,1.815,2.039,0.899,4.110,0.876,1.436,4.110,0
0.38951,0.1633,0.17635,1.2543,0.1638,0.008978,0.49555,0.67673,0.0082032,0.28857,2.250,0.480,2.509,1.024,2.245,1.130,4.424,4.673,1.481,4.673,0
0.87269,0.48928,0.19778,1.2334,0.3796,0.0071317,0.45911,0.50399,0.012863,0.21588,6.180,3.815,6.285,1.267,0.330,2.812,4.876,4.834,0.198,6.285,0
0.80595,0.25709,0.011514,1.5483,0.22483,0.0047272,0.40174,0.32374,0.028349,0.26561,4.734,2.604,4.903,0.359,1.836,0.814,3.470,0.190,2.088,4.903,0
0.80097,0.18016,0.14473,1.1065,0.2272,0.0087482,0.49235,0.23113,0.023456,0.23683,6.167,3.804,6.270,1.265,2.072,0.987,4.531,3.888,2.851,6.270,0
0.75889,0.37162,0.037787,1.4805,0.30152,0.0057929,0.23705,0.46291,0.013752,0.25771,4.762,2.621,4.928,0.351,0.820,0.827,4.093,0.490,1.304,4.928,0
0.2989,0.15023,0.0085418,1.2561,0.30992,0.00981,0.15883,0.41632,0.0060561,0.23167,1.379,0.277,1.670,1.756,2.330,1.329,5.661,0.213,2.596,5.661,0
0.19324,0.36365,0.14571,1.547,0.34054,0.0052965,0.32492,0.62042,0.0098611,0.32243,0.526,1.909,0.164,2.947,0.890,0.620,3.344,3.271,0.162,3.344,0
0.49951,0.37993,0.098369,1.2483,0.32286,0.0030341,0.16803,0.19555,0.013592,0.36824,1.793,0.073,2.067,1.502,1.223,0.141,2.458,1.768,3.486,3.486,0
0.69896,0.25926,0.055309,1.4195,0.11209,0.0070762,0.20804,0.55907,0.0086543,0.25632,4.536,2.423,4.709,0.204,1.657,0.239,4.768,0.920,2.042,4.768,0
0.76002,0.28295,0.11742,1.1245,0.37847,0.0028773,0.30426,0.69198,0.017937,0.34902,3.689,1.680,3.887,0.343,1.898,1.159,2.695,2.238,0.521,3.887,0
0.73555,0.24542,0.0864,1.0369,0.096668,0.00957,0.29087,0.33691,0.0061314,0.34893,5.736,3.409,5.850,0.898,1.370,0.169,3.789,2.246,3.079,5.850,0
0.54428,0.16112,0.10963,1.5603,0.24923,0.0078853,0.37943,0.76298,0.012448,0.25106,3.608,1.648,3.822,0.338,2.347,1.409,4.763,2.575,0.451,4.763,0
0.47459,0.49963,0.21225,1.397,0.33076,0.0019784,0.48875,0.5778,0.0052226,0.32256,1.181,0.442,1.481,1.839,0.789,0.549,2.744,3.708,0.238,3.708,0
0.24555,0.3899,0.10997,1.4165,0.30914,0.0081038,0.16656,0.36008,0.016001,0.30064,0.511,1.017,0.835,2.292,0.123,1.902,3.561,2.895,2.262,3.561,0
0.3763,0.44737,0.040285,1.4306,0.18286,0.0017427,0.34019,0.37461,0.029315,0.38768,0.373,1.137,0.702,2.381,1.076,0.062,1.461,0.347,1.724,2.381,1
0.76552,0.26969,0.057834,1.1075,0.063156,0.0072354,0.27635,0.55539,0.0088978,0.31664,5.151,2.921,5.291,0.552,1.506,0.084,3.826,1.084,2.284,5.291,0
0.71062,0.12381,0.021573,1.221,0.23929,0.0083992,0.33447,0.19474,0.013335,0.36266,5.355,3.103,5.490,0.689,2.603,1.913,3.287,0.219,3.591,5.490,0
0.27761,0.26582,0.021141,1.5891,0.14213,0.0019109,0.22913,0.65866,0.0056507,0.31987,0.446,1.838,0.086,2.894,2.315,1.623,3.524,0.096,1.664,3.524,0
0.71732,0.14735,0.15632,1.3011,0.15088,0.0091533,0.4898,0.75061,0.013557,0.30858,5.547,3.281,5.678,0.908,2.347,1.375,3.894,4.325,1.346,5.678,0
0.80648,0.13125,0.032681,1.4814,0.10682,0.0015763,0.29445,0.79303,0.015482,0.34539,3.094,1.195,3.323,0.682,3.124,2.891,3.143,0.118,1.334,3.323,0
0.20539,0.3052,0.20218,1.1859,0.3869,0.0057611,0.34189,0.37801,0.0067746,0.30653,0.317,1.743,0.033,2.834,1.317,0.019,3.886,4.853,1.143,4.853,0
0.656,0.23457,0.063849,1.1157,0.13654,0.0058393,0.41484,0.43632,0.012172,0.26359,3.816,1.790,4.010,0.254,1.999,0.926,4.356,1.078,1.832,4.356,0
0.17122,0.22996,0.089439,1.4951,0.35974,0.0049346,0.43479,0.71349,0.0057522,0.3903,0.788,2.140,0.418,3.121,1.980,1.071,3.100,1.849,0.375,3.121,0
0.55356,0.1865,0.10418,1.2451,0.33775,0.0038491,0.28702,0.2487,0.0072364,0.27856,2.447,0.628,2.696,1.104,2.534,1.925,4.318,1.876,2.819,4.318,0
0.61398,0.45128,0.14154,1.2949,0.10136,0.0080345,0.35953,0.77135,0.023979,0.29855,4.325,2.237,4.504,0.078,0.311,2.754,3.053,3.704,1.465,4.504,0
0.35861,0.2724,0.0068277,1.1083,0.36138,0.0076457,0.42605,0.31412,0.0064409,0.32933,1.710,0.007,1.984,1.563,1.297,0.114,3.826,0.268,2.164,3.826,0
0.83257,0.32776,0.081838,1.0822,0.25154,0.0035069,0.38582,0.51481,0.022455,0.32278,4.393,2.279,4.564,0.098,1.528,0.522,2.724,1.430,0.654,4.564,0
0.35349,0.118,0.10731,1.0344,0.31207,0.00099649,0.12359,0.60772,0.012761,0.22857,0.037,1.507,0.301,2.664,3.260,3.138,4.942,1.390,1.361,4.942,0
0.41629,0.20817,0.16077,1.2151,0.23695,0.0023909,0.33247,0.55457,0.028539,0.38164,0.909,0.687,1.215,2.057,2.480,2.003,2.296,3.047,0.445,3.047,0
0.22108,0.30196,0.12931,1.2474,0.34658,0.0075382,0.23134,0.63103,0.006701,0.33669,0.132,1.354,0.466,2.547,1.032,0.515,3.686,3.365,0.413,3.686,0
0.17996,0.17988,0.016921,1.3901,0.38732,0.0080205,0.46152,0.27111,0.023108,0.27839,0.262,1.685,0.089,2.781,2.050,1.061,3.816,0.066,2.193,3.816,0
0.45278,0.43296,0.11982,1.0518,0.30431,0.0032014,0.19313,0.42533,0.010295,0.26794,1.383,0.288,1.669,1.771,0.995,0.296,3.675,2.087,1.684,3.675,0
0.38307,0.29083,0.038765,1.0763,0.34625,0.0051242,0.14112,0.50309,0.016396,0.28651,1.357,0.308,1.645,1.785,1.531,0.404,3.616,0.535,1.771,3.616,0
0.70114,0.44779,0.18577,1.0453,0.05805,0.0061135,0.45619,0.71803,0.017903,0.2413,4.221,2.133,4.398,0.019,0.384,1.944,3.928,3.923,1.922,4.398,0
0.77773,0.20194,0.048799,1.5492,0.17643,0.0058006,0.42112,0.25874,0.0095458,0.35239,4.856,2.701,5.019,0.431,2.162,1.222,3.353,0.788,3.111,5.019,0
0.4632,0.15496,0.1864,1.1384,0.087698,0.0031548,0.32252,0.54827,0.0087633,0.30293,1.345,0.316,1.634,1.789,2.878,2.428,3.925,3.179,1.948,3.925,0
0.37876,0.49821,0.093745,1.0713,0.1282,0.0025768,0.39921,0.4725,0.0064152,0.29832,0.508,1.039,0.826,2.320,0.872,0.562,3.244,1.297,1.853,3.244,0
0.29197,0.13007,0.02664,1.0488,0.19263,0.0066787,0.36816,0.20937,0.0082665,0.23491,0.669,0.900,0.981,2.219,2.789,2.168,5.293,0.195,3.610,5.293,0
0.69799,0.21266,0.19509,1.0137,0.27831,0.0016041,0.1511,0.5785,0.012816,0.39421,2.590,0.733,2.827,1.037,2.593,2.207,2.632,3.421,0.827,3.421,0
0.87054,0.23219,0.16272,1.2492,0.058818,0.0030211,0.32196,0.62452,0.02597,0.3064,4.246,2.167,4.426,0.019,2.329,1.631,3.010,2.875,1.488,4.426,0
0.43165,0.37087,0.044845,1.1621,0.39936,0.0067445,0.29809,0.74401,0.027261,0.34155,2.382,0.573,2.632,1.139,0.412,1.193,2.519,0.929,0.858,2.632,1
0.23281,0.14296,0.18794,1.3006,0.3296,0.0099431,0.13713,0.24465,0.015401,0.36895,0.698,0.864,1.013,2.186,2.238,1.320,3.185,6.056,2.806,6.056,0
0.81901,0.2163,0.16687,1.1746,0.18023,0.00030031,0.18707,0.35582,0.022271,0.37717,2.588,0.743,2.829,1.021,2.762,2.515,2.378,2.379,2.178,2.829,1
0.81732,0.49925,0.080128,1.2426,0.24936,0.00057623,0.27048,0.31374,0.013157,0.32211,2.728,0.867,2.965,0.928,1.232,0.393,2.252,0.905,2.471,2.965,1
0.41792,0.37513,0.11031,1.5479,0.05278,0.00033365,0.30631,0.59961,0.016153,0.34331,0.129,1.341,0.469,2.528,2.012,1.360,2.326,1.218,1.711,2.528,1
0.21378,0.44384,0.20499,1.178,0.094008,0.001204,0.36171,0.34802,0.026043,0.21973,1.039,2.366,0.664,3.291,1.526,0.555,3.368,2.845,2.018,3.368,0
0.59911,0.32614,0.057286,1.3266,0.37796,0.0055455,0.34062,0.53855,0.0095906,0.33838,3.485,1.518,3.695,0.454,1.126,0.227,3.279,1.078,0.289,3.695,0
0.39093,0.2262,0.12549,1.0836,0.31766,0.0097299,0.16275,0.57061,0.026552,0.26276,2.603,0.760,2.845,1.005,1.423,0.045,3.973,3.774,0.562,3.973,0
0.21861,0.48815,0.05343,1.4455,0.31659,0.004144,0.23014,0.42783,0.019154,0.25182,0.462,1.855,0.103,2.908,0.292,1.406,3.345,0.770,1.386,3.345,0
0.57359,0.21476,0.1691,1.4169,0.10643,0.0038083,0.1362,0.31842,0.023309,0.3886,2.584,0.753,2.830,1.007,2.274,1.549,2.418,3.456,2.898,3.456,0
0.34341,0.33539,0.043999,1.5546,0.37293,0.0064656,0.28968,0.26898,0.027465,0.35248,1.357,0.282,1.654,1.751,0.729,0.776,2.449,0.869,2.399,2.449,1
0.41694,0.23962,0.042267,1.2642,0.1058,0.0076643,0.30153,0.65995,0.010233,0.22948,2.143,0.379,2.406,1.275,1.784,0.416,5.280,0.608,1.948,5.280,0
0.77448,0.27524,0.055226,1.3458,0.15239,0.00655,0.12694,0.54595,0.02089,0.31963,5.171,2.957,5.317,0.589,1.426,0.088,3.151,1.060,2.299,5.317,0
0.81624,0.41598,0.17191,1.3562,0.16904,0.007499,0.26634,0.21158,0.015629,0.2462,5.730,3.434,5.855,0.935,0.236,1.893,4.375,4.107,3.317,5.855,0
0.8123,0.21238,0.029093,1.3949,0.18757,0.0048094,0.46926,0.27506,0.010758,0.35147,4.721,2.578,4.886,0.359,2.203,1.352,3.237,0.238,2.897,4.886,0
0.38099,0.45403,0.17647,1.5636,0.14476,0.0075532,0.40688,0.77409,0.011558,0.36218,1.866,0.155,2.144,1.397,0.282,2.904,2.766,4.579,1.373,4.579,0
0.83476,0.1185,0.082125,1.4506,0.29199,0.0021212,0.35397,0.3065,0.01841,0.27334,3.699,1.714,3.905,0.304,3.142,2.922,3.946,1.159,2.138,3.946,0
0.56477,0.12007,0.14004,1.058,0.32577,0.0012601,0.37239,0.4401,0.0055515,0.24275,1.537,0.163,1.815,1.688,3.232,3.083,5.070,1.999,0.897,5.070,0
0.76469,0.48128,0.075594,1.0382,0.13938,0.0084232,0.39568,0.58413,0.0078125,0.23381,5.498,3.215,5.625,0.781,0.266,2.965,5.308,1.571,1.852,5.625,0
0.66052,0.1936,0.063339,1.0647,0.21521,0.0027373,0.40894,0.48008,0.0099741,0.26527,2.701,0.834,2.936,0.958,2.659,2.143,4.310,0.776,1.265,4.310,0
0.82367,0.16282,0.062173,1.0127,0.35696,0.0042755,0.43541,0.47774,0.019414,0.22458,4.666,2.510,4.825,0.284,2.668,2.138,4.729,0.996,0.307,4.825,0
0.23762,0.23422,0.019611,1.4742,0.29986,0.0071832,0.30997,0.70645,0.01157,0.26118,0.221,1.262,0.557,2.471,1.743,0.496,4.514,0.070,0.318,4.514,0
0.26636,0.38586,0.022838,1.1549,0.115,0.0014428,0.18393,0.67757,0.011675,0.38595,0.589,1.981,0.231,3.010,1.672,0.829,2.262,0.056,1.626,3.010,0
0.26035,0.43104,0.0048521,1.4017,0.16848,0.0083829,0.41815,0.44374,0.0055136,0.31103,0.657,0.893,0.976,2.198,0.096,2.583,4.078,0.331,1.970,4.078,0
0.4913,0.304,0.12208,1.3696,0.30668,0.0046871,0.27796,0.37651,0.021669,0.35003,2.285,0.504,2.544,1.183,1.411,0.278,2.615,2.698,1.440,2.698,1
0.33529,0.32878,0.0087589,1.2514,0.15013,0.0047903,0.2536,0.62925,0.021886,0.37302,0.788,0.788,1.099,2.131,1.260,0.001,2.378,0.249,1.205,2.378,1
0.23784,0.17219,0.019743,1.5051,0.15645,0.0051721,0.35781,0.79602,0.010482,0.29486,0.152,1.585,0.197,2.709,2.521,1.779,4.006,0.006,1.229,4.006,0
0.53772,0.44877,0.19703,1.0913,0.087336,0.0012682,0.42324,0.49884,0.027045,0.24189,1.298,0.359,1.588,1.824,1.456,0.484,2.967,2.829,1.264,2.967,1
0.64631,0.41032,0.18979,1.1628,0.22796,0.00048461,0.22373,0.63669,0.019403,0.29239,1.701,0.017,1.974,1.576,1.743,1.096,2.627,2.732,0.593,2.732,1
0.37225,0.15359,0.049895,1.3997,0.17031,0.0026144,0.11995,0.57709,0.019887,0.34514,0.541,0.993,0.864,2.276,2.864,2.486,2.976,0.570,2.294,2.976,1
0.27228,0.26814,0.01065,1.5226,0.30272,0.0064971,0.18756,0.70676,0.010023,0.34303,0.509,1.014,0.836,2.289,1.461,0.159,3.374,0.173,0.673,3.374,0
0.79637,0.14581,0.15984,1.0367,0.39109,0.0088616,0.4995,0.76579,0.021999,0.25467,6.335,3.944,6.430,1.366,2.356,1.470,4.309,4.658,1.129,6.430,0
0.55481,0.40183,0.062337,1.0534,0.062025,0.0035338,0.35215,0.76764,0.02913,0.31877,2.315,0.505,2.565,1.196,1.082,0.203,2.355,0.912,1.365,2.565,1
0.79166,0.22897,0.20356,1.3153,0.10755,0.0066007,0.44528,0.74348,0.024701,0.31981,5.321,3.085,5.461,0.723,1.816,0.683,3.105,5.085,1.307,5.461,0
0.70276,0.4729,0.19659,1.3516,0.1573,0.0063665,0.32393,0.70122,0.020945,0.24324,4.444,2.343,4.620,0.150,0.000,2.150,3.835,4.482,1.086,4.620,0
0.6312,0.39142,0.02394,1.0347,0.36488,0.0085336,0.12595,0.46635,0.020837,0.32016,4.816,2.634,4.969,0.342,0.021,1.972,3.130,0.328,2.277,4.969,0
0.53072,0.18607,0.042923,1.0092,0.36062,0.0068882,0.19878,0.56878,0.026417,0.32536,3.407,1.437,3.615,0.522,2.104,1.255,3.077,0.856,0.261,3.615,0
0.23002,0.26146,0.065536,1.5562,0.3048,0.0016006,0.47602,0.5153,0.024706,0.37604,0.772,2.124,0.402,3.103,2.228,1.698,2.227,0.876,0.202,3.103,0
0.46647,0.16532,0.10843,1.1218,0.19155,0.0014445,0.30773,0.40128,0.022794,0.30619,0.927,0.675,1.231,2.051,2.926,2.648,3.221,1.555,1.553,3.221,0
0.88921,0.46119,0.1904,1.2608,0.11793,0.0043061,0.32992,0.5009,0.01169,0.22233,4.818,2.656,4.977,0.373,0.753,1.018,4.541,3.352,1.765,4.977,0
0.5539,0.16742,0.11348,1.3424,0.12734,0.0079508,0.16021,0.30451,0.024559,0.30097,3.784,1.779,3.985,0.262,2.227,1.284,3.487,2.912,3.038,3.985,0
0.17755,0.43287,0.14104,1.5508,0.26793,0.0015581,0.4626,0.68546,0.027121,0.21904,1.221,2.511,0.836,3.392,1.332,0.296,3.314,2.102,0.104,3.392,0
0.32401,0.38339,0.036034,1.2749,0.23968,0.0024895,0.47048,0.26432,0.0055779,0.22204,0.047,1.423,0.386,2.592,1.588,0.463,4.872,0.179,2.926,4.872,0
0.53559,0.42942,0.18736,1.3031,0.090835,0.0030902,0.31988,0.65029,0.028524,0.3008,2.007,0.260,2.274,1.366,0.989,0.338,2.403,3.467,1.206,3.467,0
0.63193,0.29302,0.1759,1.5709,0.12834,0.0045774,0.18099,0.561,0.029192,0.34026,3.340,1.411,3.561,0.522,1.546,0.404,2.489,3.863,1.165,3.863,0
0.74659,0.13916,0.16961,1.0262,0.38416,0.0020372,0.42137,0.70867,0.026957,0.24973,3.184,1.246,3.400,0.654,3.005,2.769,3.946,3.079,0.961,3.946,0
0.31647,0.33216,0.098168,1.3708,0.35348,0.0012332,0.43121,0.28873,0.023484,0.38995,0.171,1.611,0.176,2.732,1.849,1.257,1.936,1.526,1.903,2.732,1
0.58767,0.31325,0.042519,1.38,0.068557,0.0014367,0.40237,0.58897,0.0063037,0.24755,1.546,0.137,1.830,1.656,2.248,1.477,4.405,0.176,2.074,4.405,0
0.53115,0.30607,0.14203,1.3504,0.18173,0.002381,0.31332,0.3916,0.013144,0.30745,1.699,0.002,1.979,1.557,1.958,1.118,3.228,2.297,1.859,3.228,0
0.6468,0.43876,0.091309,1.1117,0.22181,0.0019505,0.13771,0.63356,0.021506,0.35852,2.401,0.579,2.647,1.144,1.147,0.137,1.974,1.391,1.093,2.647,1
0.29735,0.42259,0.058086,1.3304,0.34863,0.0044065,0.35312,0.69848,0.017717,0.31174,0.369,1.144,0.697,2.389,0.611,0.876,2.838,0.984,0.326,2.838,1
0.55348,0.41994,0.18442,1.0095,0.3469,0.0014079,0.1571,0.63974,0.0079008,0.36035,1.608,0.107,1.882,1.650,1.399,0.590,2.543,3.153,0.442,3.153,0
0.61183,0.14658,0.2011,1.0062,0.25249,0.006179,0.43279,0.47504,0.028024,0.35564,3.851,1.811,4.040,0.238,2.545,1.939,2.791,5.278,0.628,5.278,0
0.5446,0.31341,0.14134,1.092,0.12482,0.0027584,0.33329,0.39859,0.028689,0.31118,1.984,0.225,2.247,1.400,1.808,0.938,2.637,2.493,1.592,2.637,1
0.58037,0.47224,0.054579,1.3648,0.08096,0.0057411,0.17806,0.54144,0.028468,0.32617,3.311,1.375,3.529,0.554,0.021,1.988,2.291,0.975,1.679,3.529,0
0.26386,0.40645,0.15741,1.3016,0.14973,0.0074032,0.45384,0.61391,0.012429,0.39579,0.578,0.968,0.897,2.237,0.120,2.205,2.507,4.126,1.492,4.126,0
0.78574,0.2792,0.028522,1.1354,0.22763,0.00010276,0.31904,0.38123,0.01844,0.30015,2.280,0.478,2.532,1.215,2.498,2.165,3.009,0.010,1.832,3.009,0
0.19097,0.36262,0.10587,1.3763,0.30797,0.006349,0.27957,0.7991,0.019477,0.28813,0.387,1.795,0.032,2.866,0.698,0.946,3.406,2.465,0.218,3.406,0
0.39239,0.2914,0.10975,1.2039,0.06512,0.0012099,0.27714,0.35373,0.021423,0.39189,0.274,1.234,0.603,2.459,2.232,1.659,2.125,1.502,2.480,2.480,1
0.4112,0.46355,0.040992,1.242,0.39657,0.0081827,0.36854,0.44861,0.025564,0.29774,2.509,0.689,2.757,1.046,0.652,2.926,2.957,0.879,0.271,2.957,1
0.3181,0.4539,0.037888,1.4522,0.37649,0.001676,0.4716,0.57246,0.017624,0.38939,0.055,1.507,0.289,2.641,0.987,0.032,1.707,0.325,0.231,2.641,1
0.83484,0.27063,0.11216,1.593,0.32696,0.0047187,0.2407,0.38166,0.019594,0.23342,4.940,2.782,5.103,0.473,1.766,0.683,4.312,2.187,1.518,5.103,0
0.64201,0.28647,0.20454,1.1407,0.12289,0.0078633,0.28211,0.60406,0.020287,0.22324,4.395,2.288,4.568,0.102,1.295,0.283,4.789,4.963,1.532,4.963,0
0.42452,0.33793,0.12757,1.3367,0.33095,0.0096433,0.13421,0.40987,0.028413,0.28327,3.004,1.119,3.236,0.734,0.237,1.712,3.454,3.921,1.856,3.921,0
0.88596,0.18827,0.14825,1.046,0.15288,0.00037149,0.4753,0.69014,0.010157,0.27417,2.844,0.955,3.073,0.850,2.979,2.745,4.038,1.795,1.114,4.038,0
0.47374,0.12737,0.11855,1.2351,0.13099,0.0089489,0.3942,0.34241,0.013926,0.2219,3.096,1.193,3.323,0.678,2.643,1.848,5.350,2.818,2.522,5.350,0
0.84271,0.40691,0.20823,1.0113,0.15753,0.0058585,0.18104,0.30687,0.019015,0.35622,5.425,3.150,5.554,0.715,0.496,1.181,2.564,5.044,2.618,5.554,0
0.72719,0.28073,0.079088,1.142,0.13236,0.0036094,0.47462,0.19373,0.029562,0.37186,3.670,1.667,3.869,0.321,1.819,0.928,2.215,1.391,3.375,3.869,0
0.365,0.38961,0.033079,1.4354,0.13546,0.0073312,0.18863,0.53903,0.014915,0.24583,1.577,0.095,1.864,1.615,0.503,1.530,4.444,0.399,1.896,4.444,0
0.18774,0.32372,0.074096,1.4573,0.36252,0.0022765,0.12931,0.52273,0.0113,0.27078,1.022,2.342,0.644,3.270,1.807,0.972,3.733,1.024,1.718,3.733,0
0.6102,0.12927,0.16584,1.4341,0.19833,0.0082991,0.29958,0.25853,0.014593,0.35164,4.418,2.320,4.595,0.129,2.556,1.812,3.335,4.603,2.879,4.603,0
0.49304,0.44171,0.1313,1.2511,0.39034,0.00091958,0.43334,0.46217,0.013366,0.3591,1.032,0.580,1.334,1.976,1.320,0.582,2.143,2.071,0.182,2.143,1
0.37894,0.18485,0.095067,1.5689,0.36778,0.0054551,0.14271,0.18777,0.015523,0.25869,1.374,0.262,1.672,1.733,2.330,1.536,4.294,1.957,3.557,4.294,0
0.7938,0.40074,0.12858,1.0276,0.36878,0.00402,0.45576,0.36131,0.0096554,0.34627,4.391,2.271,4.560,0.112,0.900,0.437,2.880,2.671,1.314,4.560,0
0.55891,0.18322,0.16399,1.3306,0.34766,0.003124,0.22746,0.61254,0.01437,0.30507,2.287,0.496,2.543,1.197,2.595,2.087,3.559,3.184,0.149,3.559,0
0.36625,0.26723,0.049231,1.4634,0.11047,0.0080479,0.36046,0.4464,0.018623,0.32301,1.829,0.120,2.107,1.456,1.280,0.246,3.322,0.999,1.810,3.322,0
0.82329,0.40003,0.18964,1.1129,0.30093,0.0025011,0.19544,0.61325,0.015866,0.39383,3.883,1.844,4.073,0.225,1.209,0.207,2.083,3.685,0.432,4.073,0
0.39845,0.33606,0.04962,1.0894,0.23266,0.007867,0.22065,0.78904,0.023213,0.30429,2.210,0.422,2.466,1.251,0.664,1.040,3.248,1.063,0.564,3.248,0
0.30989,0.24866,0.13161,1.5346,0.25622,0.005818,0.38119,0.58127,0.018676,0.27359,0.745,0.807,1.064,2.132,1.767,0.624,3.826,2.923,0.625,3.826,0
0.17346,0.17882,0.17314,1.4416,0.079863,0.0039103,0.4704,0.77299,0.024682,0.36666,0.925,2.261,0.552,3.207,2.541,1.933,2.635,3.519,1.351,3.519,0
0.76286,0.4485,0.11251,1.4232,0.074109,0.0071394,0.24019,0.70984,0.017266,0.27702,5.150,2.946,5.299,0.584,0.029,2.198,3.652,2.504,1.890,5.299,0
0.47808,0.29927,0.089944,1.4882,0.24862,0.0066258,0.2785,0.38542,0.0059492,0.29989,2.595,0.777,2.845,0.981,1.281,0.223,4.129,1.900,2.091,4.129,0
0.32514,0.49294,0.12648,1.3475,0.39526,0.0057681,0.14199,0.34439,0.019109,0.29118,0.960,0.633,1.267,2.013,0.267,2.207,3.003,3.004,2.176,3.004,0
0.81822,0.35279,0.11838,1.4552,0.30124,0.0081151,0.30083,0.69794,0.019264,0.27757,6.190,3.830,6.299,1.222,0.458,1.429,3.771,3.118,0.138,6.299,0
0.63726,0.21452,0.17459,1.5714,0.17572,0.010236,0.24226,0.40935,0.015304,0.39072,5.288,3.065,5.433,0.668,1.424,0.032,2.978,5.539,1.940,5.539,0
0.39725,0.20885,0.033626,1.0866,0.29452,0.0035404,0.3393,0.55916,0.029263,0.31624,1.095,0.533,1.392,1.949,2.338,1.732,2.894,0.337,0.221,2.894,1
0.38672,0.42225,0.20746,1.3076,0.20133,0.0079642,0.22273,0.51173,0.026316,0.26326,2.072,0.321,2.338,1.315,0.074,2.207,3.540,5.602,1.025,5.602,0
0.72971,0.44009,0.13785,1.5207,0.13207,0.0061665,0.43504,0.39381,0.0059212,0.22165,4.384,2.303,4.566,0.145,0.515,1.710,5.358,2.578,2.273,5.358,0
0.50795,0.3427,0.20799,1.1042,0.16217,0.006292,0.15961,0.61033,0.012269,0.30977,2.788,0.916,3.022,0.893,1.007,0.567,3.543,4.896,1.549,4.896,0
0.49994,0.30158,0.033757,1.2972,0.17728,8.7094e-05,0.44379,0.75961,0.019494,0.30197,0.647,0.906,0.964,2.208,2.399,2.003,2.862,0.060,0.548,2.862,1
0.70317,0.40093,0.13315,1.1362,0.35479,0.0099015,0.20374,0.34692,0.022702,0.34278,5.935,3.590,6.046,1.036,0.440,2.607,2.923,4.287,1.815,6.046,0
0.64724,0.41907,0.10296,1.1145,0.37468,0.0066733,0.49022,0.41399,0.017345,0.27216,4.280,2.186,4.456,0.068,0.190,1.854,3.577,2.465,0.599,4.456,0
0.355,0.4274,0.013725,1.3588,0.18737,0.0011122,0.12799,0.72288,0.011257,0.2652,0.050,1.503,0.293,2.651,1.582,0.668,3.373,0.245,1.701,3.373,0
0.27173,0.45105,0.062231,1.3772,0.36068,0.0071768,0.15409,0.68125,0.020715,0.38572,0.708,0.851,1.024,2.174,0.387,2.389,2.253,1.496,0.269,2.389,1
0.7329,0.38218,0.032056,1.0126,0.061715,0.0066659,0.39408,0.35288,0.021843,0.2855,4.770,2.596,4.925,0.330,0.648,1.156,3.377,0.388,2.563,4.925,0
0.25621,0.28259,0.023326,1.3489,0.29628,0.0032472,0.11324,0.34023,0.022683,0.26087,0.272,1.695,0.079,2.793,1.903,1.037,3.572,0.042,3.494,3.572,0
0.211,0.24162,0.1012,1.093,0.25025,0.0080826,0.13397,0.202,0.018958,0.33768,0.116,1.374,0.449,2.565,1.477,0.184,3.183,2.706,3.659,3.659,0
0.47693,0.48112,0.084953,1.0506,0.052858,0.0003188,0.12224,0.2544,0.020471,0.24885,0.493,1.049,0.812,2.325,1.612,0.788,2.897,0.761,3.888,3.888,0
0.20467,0.32686,0.1016,1.0551,0.055067,0.0042909,0.39989,0.55398,0.014618,0.29911,0.610,2.001,0.252,3.027,1.552,0.325,3.409,1.751,1.978,3.409,0
0.73176,0.47529,0.035243,1.0056,0.34429,0.0083562,0.36729,0.54957,0.019868,0.21366,5.487,3.207,5.614,0.769,0.470,2.886,4.766,0.585,0.298,5.614,0
0.28761,0.12331,0.12475,1.0648,0.26759,0.0081319,0.34392,0.2771,0.015093,0.37203,1.036,0.587,1.334,1.991,2.622,1.976,3.129,3.477,2.556,3.477,0
0.42247,0.49328,0.17116,1.5317,0.26858,0.0065037,0.16339,0.72698,0.019535,0.31755,2.102,0.359,2.372,1.283,0.433,2.585,2.770,4.314,0.539,4.314,0
0.49612,0.4991,0.15085,1.4309,0.24347,0.0028063,0.26478,0.63068,0.00649,0.2289,1.514,0.150,1.804,1.655,0.790,0.741,4.359,2.341,0.933,4.359,0
0.83145,0.25765,0.18179,1.4768,0.1437,0.0026413,0.12414,0.58703,0.022596,0.29203,3.841,1.837,4.043,0.214,2.202,1.459,3.182,3.169,1.473,4.043,0
0.70973,0.15693,0.029919,1.1022,0.25824,0.0021136,0.162,0.19209,0.015789,0.28207,2.839,0.954,3.069,0.870,2.918,2.597,3.833,0.117,3.950,3.950,0
0.65033,0.36969,0.010226,1.0288,0.30144,0.00593,0.10378,0.64119,0.027061,0.35157,4.107,2.030,4.287,0.093,0.650,0.833,2.388,0.177,2.224,4.287,0
0.54691,0.23395,0.15404,1.4341,0.21097,0.0029829,0.3814,0.26814,0.02011,0.39194,2.127,0.365,2.391,1.290,2.232,1.563,2.400,2.966,2.545,2.966,1
0.81479,0.37714,0.11908,1.1426,0.064618,0.0063118,0.33834,0.79785,0.021059,0.35442,5.337,3.085,5.472,0.677,0.651,1.049,2.597,2.750,1.752,5.472,0
0.56215,0.38422,0.0064536,1.2539,0.18517,0.0013519,0.28609,0.37784,0.02162,0.35777,1.586,0.112,1.865,1.644,1.629,0.840,2.085,0.351,2.097,2.097,1
0.84047,0.26517,0.032641,1.5688,0.16975,0.0032073,0.18549,0.75731,0.027239,0.29411,4.245,2.187,4.433,0.042,2.022,1.177,3.011,0.237,0.832,4.433,0
0.64558,0.40612,0.17281,1.5761,0.18463,0.00066108,0.21369,0.26066,0.0080987,0.37303,1.726,0.025,2.006,1.535,1.705,0.956,2.350,2.434,3.029,3.029,0
0.76852,0.46389,0.21872,1.0099,0.2267,0.0064112,0.36512,0.71596,0.016907,0.224,4.972,2.769,5.119,0.449,0.141,1.946,4.491,5.000,0.592,5.119,0
0.3294,0.41118,0.090147,1.2629,0.17279,0.00070006,0.12396,0.55813,0.014539,0.24993,0.335,1.754,0.017,2.838,1.785,1.016,3.447,0.953,2.223,3.447,0
0.86259,0.42365,0.040943,1.317,0.064449,0.0049124,0.19598,0.53763,0.018163,0.37075,5.091,2.887,5.240,0.537,0.589,1.086,2.326,0.535,1.973,5.240,0
0.49921,0.42574,0.16312,1.4427,0.24164,0.0030448,0.39802,0.30368,0.012042,0.33136,1.719,0.023,2.000,1.528,0.988,0.317,2.739,3.012,2.266,3.012,0
0.45165,0.41419,0.025886,1.0558,0.1702,0.007515,0.46389,0.18642,0.028241,0.38555,2.727,0.863,2.962,0.916,0.061,2.150,2.020,0.350,3.504,3.504,0
0.65139,0.30239,0.21042,1.1916,0.37366,0.0080776,0.30417,0.52986,0.024048,0.2558,4.820,2.651,4.977,0.366,0.913,0.668,3.961,5.956,0.024,5.956,0
0.30451,0.31258,0.19202,1.4619,0.19452,0.0091439,0.15847,0.50688,0.023233,0.29753,1.399,0.248,1.693,1.727,0.639,1.216,3.467,5.619,1.335,5.619,0
0.65382,0.27678,0.027646,1.086,0.22294,0.0057407,0.15665,0.27794,0.026582,0.24831,3.920,1.879,4.110,0.197,1.584,0.399,3.851,0.249,3.365,4.110,0
0.38827,0.35398,0.062538,1.0195,0.3914,0.0017181,0.43938,0.18546,0.014272,0.34192,0.505,1.044,0.822,2.325,1.681,0.973,2.627,0.832,3.173,3.173,0
0.43966,0.26567,0.0080505,1.2886,0.27283,0.0067807,0.35022,0.37898,0.021955,0.33873,2.387,0.586,2.641,1.123,1.406,0.136,2.937,0.233,1.651,2.937,1
0.8722,0.2099,0.088168,1.1532,0.076555,0.0082527,0.11821,0.42626,0.021749,0.27687,6.452,4.033,6.543,1.357,1.852,0.641,3.888,2.103,3.116,6.543,0
0.53987,0.45569,0.19531,1.3008,0.17539,0.0088971,0.40505,0.21359,0.0075326,0.39798,3.907,1.877,4.101,0.191,0.574,3.137,3.003,5.620,3.344,5.620,0
0.84765,0.38133,0.090955,1.5272,0.28819,0.00084889,0.24774,0.69364,0.014189,0.21497,3.011,1.133,3.246,0.722,1.853,1.119,4.183,1.011,0.269,4.183,0
0.6247,0.36612,0.043788,1.2745,0.26284,0.0022611,0.39004,0.35155,0.0058819,0.34476,2.331,0.528,2.583,1.177,1.575,0.625,3.021,0.406,2.115,3.021,0
0.71427,0.27959,0.043219,1.3691,0.32788,0.0082776,0.22347,0.64082,0.028575,0.36152,5.545,3.275,5.676,0.818,0.951,0.538,2.579,0.997,0.147,5.676,0
0.60939,0.1291,0.060341,1.1336,0.31821,0.0087883,0.41458,0.5758,0.028436,0.24548,4.646,2.501,4.809,0.272,2.530,1.797,4.237,1.479,0.150,4.809,0
0.65427,0.43037,0.098783,1.3865,0.25113,0.0024447,0.12067,0.21697,0.0074787,0.32781,2.593,0.760,2.838,1.003,1.139,0.050,2.945,1.512,3.780,3.780,0
0.70539,0.26189,0.19893,1.5497,0.16604,0.0052673,0.33059,0.76883,0.013724,0.33602,4.097,2.055,4.289,0.056,1.744,0.599,3.197,4.430,1.052,4.430,0
0.83745,0.33475,0.025253,1.146,0.24394,0.0053292,0.10274,0.60753,0.027879,0.37853,5.332,3.080,5.467,0.671,1.039,0.257,2.179,0.231,2.486,5.467,0
0.76371,0.17074,0.024507,1.0796,0.1389,0.0020104,0.10187,0.46554,0.0091182,0.27622,2.981,1.074,3.206,0.784,2.897,2.517,4.198,0.034,3.751,4.198,0
0.57878,0.12028,0.082272,1.4735,0.17654,0.0078094,0.35573,0.29954,0.021645,0.35938,4.024,1.988,4.217,0.107,2.663,2.016,3.015,2.070,2.562,4.217,0
0.17865,0.4656,0.1402,1.041,0.095544,0.0034937,0.32702,0.63284,0.013618,0.33711,0.947,2.293,0.577,3.242,0.744,0.754,2.599,2.515,1.681,3.242,0
0.4788,0.34192,0.16353,1.4719,0.32176,0.0035709,0.46861,0.21971,0.013169,0.39172,1.796,0.089,2.075,1.471,1.339,0.217,2.404,3.410,2.776,3.410,0
0.59786,0.38324,0.02022,1.5322,0.35837,0.0049569,0.29475,0.75638,0.021018,0.24309,3.242,1.330,3.468,0.580,0.825,0.687,3.801,0.031,0.514,3.801,0
0.36075,0.13902,0.03158,1.4668,0.10385,0.003099,0.18806,0.71704,0.0059872,0.33942,0.493,1.031,0.819,2.303,2.966,2.563,3.645,0.158,1.941,3.645,0
0.61288,0.16229,0.0062235,1.4051,0.38004,0.005566,0.33346,0.31971,0.015033,0.37659,3.664,1.675,3.869,0.338,2.445,1.787,2.949,0.298,2.015,3.869,0
0.35571,0.24178,0.11327,1.1365,0.32937,0.005934,0.45929,0.52731,0.019853,0.32137,1.312,0.345,1.602,1.781,1.759,0.707,3.191,2.696,0.271,3.191,0
0.26465,0.27978,0.031274,1.1812,0.14516,0.0054424,0.49803,0.49189,0.017685,0.25397,0.174,1.318,0.507,2.479,1.680,0.341,4.067,0.280,1.456,4.067,0
0.42706,0.22848,0.14477,1.3895,0.1098,0.009409,0.16881,0.18744,0.0072605,0.32643,2.764,0.913,3.005,0.887,1.538,0.045,3.976,3.919,3.904,3.976,0
0.84145,0.2685,0.061917,1.2832,0.23633,0.00082498,0.26444,0.70209,0.018803,0.2141,2.932,1.050,3.164,0.790,2.482,2.015,4.413,0.534,0.468,4.413,0
0.77109,0.23768,0.17687,1.504,0.20706,0.0050253,0.30821,0.19395,0.014462,0.24388,4.443,2.352,4.622,0.160,2.046,1.026,4.495,3.560,3.329,4.622,0
0.80986,0.216,0.11271,1.5575,0.065239,0.0082293,0.3837,0.68848,0.01567,0.38105,6.019,3.686,6.135,1.138,1.708,0.425,2.940,2.941,2.040,6.135,0
0.685,0.11912,0.11703,1.512,0.3619,0.0012014,0.2468,0.65092,0.01494,0.26266,2.324,0.540,2.583,1.157,3.203,3.056,4.216,1.689,0.125,4.216,0
0.31065,0.30122,0.12516,1.5363,0.12127,0.002798,0.33634,0.63396,0.021553,0.23146,0.009,1.441,0.354,2.599,1.971,1.023,4.020,1.882,1.234,4.020,0
0.28339,0.49371,0.069736,1.2854,0.15059,0.0027796,0.34516,0.79957,0.025909,0.2223,0.191,1.626,0.157,2.742,0.768,0.698,3.329,0.881,0.734,3.329,0
0.48388,0.24605,0.03615,1.5297,0.11982,0.0087384,0.10872,0.43143,0.028198,0.38827,3.392,1.459,3.613,0.484,1.249,0.197,2.459,0.744,3.302,3.613,0
0.1694,0.37854,0.072148,1.2758,0.33837,0.0098959,0.49962,0.54565,0.029248,0.32199,0.129,1.576,0.215,2.643,0.337,3.079,2.644,2.152,0.073,3.079,0
0.67875,0.13875,0.10314,1.3625,0.35675,0.0076232,0.37025,0.49848,0.013516,0.39345,4.935,2.754,5.090,0.446,2.474,1.760,2.976,2.789,0.453,5.090,0
0.22278,0.14829,0.19692,1.5851,0.3493,0.0044637,0.18764,0.39839,0.021826,0.28182,0.348,1.752,0.009,2.829,2.699,2.176,3.707,4.377,1.172,4.377,0
0.4305,0.18938,0.093581,1.068,0.32091,0.0044412,0.40437,0.2829,0.014744,0.30448,1.608,0.095,1.885,1.628,2.417,1.764,3.613,1.833,2.304,3.613,0
0.54564,0.24764,0.17914,1.4845,0.26897,0.0092828,0.17508,0.29222,0.02282,0.33008,4.205,2.145,4.392,0.006,1.190,0.321,3.174,5.497,2.442,5.497,0
0.64525,0.35629,0.0049488,1.5088,0.29538,0.003384,0.43889,0.31127,0.017282,0.23017,2.926,1.058,3.163,0.770,1.429,0.247,4.127,0.369,2.144,4.127,0
0.30742,0.15001,0.0011819,1.46,0.28997,0.0011773,0.23023,0.63579,0.027332,0.37179,0.272,1.694,0.079,2.791,2.985,2.782,2.504,0.450,0.204,2.985,1
0.36187,0.2004,0.10284,1.0686,0.14868,0.0035673,0.38679,0.71995,0.022673,0.2418,0.668,0.898,0.981,2.212,2.511,1.875,4.151,1.689,0.946,4.151,0
0.23303,0.23652,0.11003,1.0006,0.092966,0.0010272,0.23381,0.33946,0.018122,0.33234,0.911,2.263,0.543,3.221,2.610,2.200,2.881,1.415,2.704,3.221,0
0.17412,0.33822,0.064573,1.3085,0.25654,0.0052726,0.22571,0.55196,0.024411,0.3575,0.698,2.068,0.333,3.070,1.035,0.309,2.427,1.281,0.713,3.070,0
0.23872,0.30006,0.046429,1.0334,0.19592,0.0098337,0.17676,0.33984,0.02662,0.26655,0.722,0.854,1.033,2.184,0.719,1.074,3.859,1.091,2.773,3.859,0
0.73339,0.2759,0.2083,1.5809,0.094462,0.0009577,0.10147,0.33292,0.0082149,0.27047,2.227,0.461,2.491,1.213,2.470,1.886,3.950,2.697,3.242,3.950,0
0.29487,0.37331,0.079305,1.1702,0.31397,0.0093335,0.36879,0.76805,0.015127,0.21882,1.276,0.369,1.570,1.819,0.241,1.989,5.285,1.946,0.139,5.285,0
0.24,0.14784,0.12527,1.2521,0.053396,0.0040785,0.25268,0.23397,0.019382,0.31197,0.313,1.737,0.037,2.826,2.808,2.303,3.415,2.286,3.456,3.456,0
0.2082,0.47797,0.17066,1.5224,0.19961,0.0011356,0.36018,0.76725,0.021199,0.23779,1.078,2.388,0.698,3.301,1.254,0.219,3.064,2.408,0.384,3.301,0
0.41932,0.38381,0.13465,1.5747,0.39005,0.0077947,0.41922,0.22262,0.0065818,0.37628,2.435,0.643,2.693,1.072,0.151,1.889,3.188,3.686,2.757,3.686,0
0.40285,0.1972,0.16207,1.0004,0.1339,0.0089546,0.20096,0.49695,0.026558,0.2409,2.449,0.624,2.695,1.106,1.899,0.727,4.336,4.396,1.453,4.396,0
0.16875,0.13992,0.10078,1.2443,0.12008,0.0017395,0.45185,0.23363,0.026364,0.27328,1.267,2.562,0.884,3.436,3.067,2.808,3.607,1.376,3.042,3.607,0
0.51203,0.44795,0.086006,1.4907,0.072613,0.01007,0.2203,0.20529,0.026599,0.29156,3.957,1.942,4.157,0.134,0.752,3.327,3.345,2.385,3.682,4.157,0
0.81108,0.21332,0.13864,1.3024,0.19134,0.0059551,0.21672,0.4158,0.016686,0.26037,5.148,2.937,5.295,0.575,2.102,1.111,4.211,3.000,1.897,5.295,0
0.20273,0.25367,0.17665,1.3771,0.16945,0.0058517,0.29146,0.25612,0.02687,0.2588,0.360,1.770,0.005,2.846,1.740,0.582,3.723,4.040,2.722,4.040,0
0.83988,0.36207,0.14866,1.4182,0.22891,0.00098486,0.10903,0.71378,0.011099,0.36525,3.080,1.178,3.307,0.697,1.846,1.158,2.449,2.197,1.391,3.307,0
0.40868,0.41284,0.21393,1.2048,0.34278,0.0032882,0.18317,0.35268,0.017416,0.25078,1.067,0.549,1.368,1.955,1.036,0.212,3.589,4.206,1.622,4.206,0
0.20017,0.42626,0.018289,1.0908,0.2948,0.0056385,0.40413,0.64441,0.0071031,0.24307,0.432,1.845,0.080,2.911,0.577,1.269,4.713,0.026,0.515,4.713,0
0.72061,0.42168,0.11149,1.5556,0.2023,0.005195,0.18292,0.22918,0.022217,0.28916,4.239,2.180,4.427,0.035,0.500,1.233,3.002,2.313,3.285,4.427,0
0.6031,0.2882,0.044169,1.3988,0.29517,0.004551,0.18062,0.70005,0.016226,0.26466,3.086,1.185,3.314,0.691,1.669,0.562,3.894,0.579,0.529,3.894,0
0.83607,0.39189,0.20057,1.5981,0.085339,0.0047153,0.49177,0.56059,0.013698,0.21403,4.603,2.499,4.779,0.324,1.109,0.785,4.690,3.556,1.847,4.779,0
0.8775,0.38701,0.055946,1.2227,0.14607,0.0060283,0.32797,0.32154,0.029061,0.37163,5.859,3.534,5.975,1.006,0.504,1.135,2.126,1.116,2.396,5.975,0
0.52855,0.3226,0.13025,1.1415,0.36368,0.0038973,0.11462,0.53374,0.026939,0.29884,2.390,0.578,2.639,1.140,1.431,0.407,2.864,2.754,1.341,2.864,1
0.68982,0.27083,0.15842,1.2221,0.078884,0.00033913,0.36617,0.64733,0.021727,0.39981,1.820,0.086,2.089,1.499,2.494,2.117,2.075,2.139,1.310,2.494,1
0.35891,0.44684,0.074629,1.5966,0.13644,0.010195,0.38067,0.6012,0.017175,0.33048,2.242,0.482,2.507,1.172,0.807,3.701,3.201,2.044,1.607,3.701,0
0.39286,0.33556,0.19644,1.0142,0.33322,0.0086213,0.30198,0.32397,0.0061801,0.36605,2.327,0.513,2.575,1.193,0.555,1.226,3.490,5.708,2.005,5.708,0
0.33837,0.49538,0.13828,1.445,0.23212,0.0002646,0.2652,0.25431,0.012236,0.34881,0.342,1.755,0.011,2.836,1.320,0.548,2.006,1.821,2.879,2.879,1
0.60734,0.33085,0.18783,1.4934,0.055366,0.0091207,0.33017,0.37335,0.011295,0.27842,4.438,2.343,4.616,0.150,0.686,1.373,4.380,4.855,2.667,4.855,0
0.37261,0.12204,0.058426,1.0119,0.14318,0.0056955,0.14776,0.2499,0.013065,0.23126,1.255,0.399,1.545,1.852,2.926,2.422,5.062,0.896,3.804,5.062,0
0.82178,0.377,0.035397,1.3592,0.15226,0.00043586,0.20544,0.30512,0.011174,0.29891,2.552,0.725,2.798,1.027,1.993,1.346,3.021,0.080,3.217,3.217,0
0.46372,0.27323,0.027215,1.0188,0.28939,0.0090278,0.419,0.25015,0.016053,0.34646,3.239,1.296,3.454,0.613,1.040,0.513,3.241,0.445,2.838,3.454,0
0.73717,0.44292,0.11121,1.5167,0.056973,0.005423,0.18335,0.35518,0.019441,0.33185,4.355,2.274,4.537,0.101,0.346,1.547,2.625,2.278,2.908,4.537,0
0.84642,0.18284,0.056628,1.3881,0.24694,0.0060645,0.40053,0.79728,0.019553,0.39951,5.678,3.389,5.804,0.926,2.216,1.404,2.608,1.152,0.169,5.804,0
0.77689,0.13643,0.2059,1.0955,0.25713,0.0046939,0.36223,0.1928,0.014164,0.25236,4.401,2.287,4.572,0.100,2.847,2.365,4.534,4.289,3.048,4.572,0
0.86843,0.3089,0.04242,1.0746,0.39563,0.0098772,0.24951,0.4495,0.018931,0.26811,7.262,4.711,7.319,1.841,0.585,1.227,4.162,0.995,0.868,7.319,0
0.23986,0.36304,0.17503,1.284,0.36334,0.0067165,0.46488,0.74965,0.013474,0.3216,0.226,1.270,0.558,2.449,0.590,1.437,3.139,4.548,0.728,4.548,0
0.70013,0.19611,0.17366,1.1295,0.09644,0.0057105,0.42223,0.68191,0.024135,0.28625,4.202,2.122,4.382,0.004,2.255,1.396,3.547,3.889,1.411,4.382,0
0.4889,0.30989,0.061419,1.5213,0.11392,0.0010683,0.4493,0.50871,0.013673,0.27553,0.850,0.717,1.165,2.064,2.234,1.570,3.488,0.515,1.551,3.488,0
0.64956,0.40295,0.041978,1.0211,0.27457,0.0062538,0.24208,0.22837,0.025704,0.35135,4.192,2.102,4.368,0.042,0.332,1.327,2.389,0.761,3.191,4.368,0
0.26853,0.37905,0.12826,1.3046,0.28764,0.009322,0.2845,0.20489,0.022474,0.25733,1.002,0.598,1.308,1.987,0.031,2.102,4.045,3.646,3.102,4.045,0
0.32362,0.33495,0.032364,1.0636,0.34385,0.00077142,0.37824,0.53288,0.015439,0.31335,0.260,1.699,0.086,2.805,2.025,1.513,2.843,0.124,0.230,2.843,1
0.78949,0.23699,0.080249,1.0349,0.20112,0.002911,0.31857,0.29085,0.011065,0.22437,3.588,1.591,3.789,0.408,2.402,1.714,4.921,1.060,2.813,4.921,0
0.62093,0.45722,0.13653,1.5382,0.25066,0.001353,0.11081,0.7821,0.0079245,0.26245,1.871,0.152,2.146,1.441,1.321,0.273,3.518,1.872,1.161,3.518,0
0.70434,0.19244,0.17215,1.4921,0.2094,0.0013821,0.29259,0.52131,0.020931,0.35463,2.489,0.677,2.740,1.060,2.740,2.385,2.701,2.796,0.826,2.796,1
0.89265,0.37735,0.12243,1.5458,0.15162,0.0073485,0.2768,0.24482,0.02556,0.27695,6.408,4.021,6.510,1.363,0.415,1.516,3.377,3.000,3.035,6.510,0
0.72205,0.23571,0.0033815,1.517,0.26617,0.0099934,0.33683,0.61747,0.016351,0.21767,5.848,3.547,5.973,1.025,1.411,0.183,5.345,0.368,0.762,5.973,0
0.58511,0.49189,0.15111,1.115,0.050494,0.007762,0.20496,0.52374,0.016424,0.29384,3.883,1.846,4.074,0.223,0.411,2.817,3.499,3.701,2.100,4.074,0
0.53251,0.46606,0.10016,1.1177,0.17078,0.0078325,0.26911,0.32452,0.011511,0.21326,3.374,1.418,3.587,0.530,0.055,2.409,5.420,2.131,2.753,5.420,0
0.57117,0.28999,0.089389,1.3096,0.14993,0.0080951,0.20659,0.70452,0.017461,0.26805,3.912,1.885,4.107,0.187,1.146,0.491,4.112,2.093,1.432,4.112,0
0.66881,0.37961,0.1436,1.2773,0.27414,0.0037275,0.49382,0.79159,0.017558,0.23899,3.232,1.307,3.453,0.519,1.211,0.318,3.774,2.653,0.194,3.774,0
0.78015,0.38626,0.054285,1.5613,0.10775,0.0036725,0.19203,0.59508,0.026167,0.31845,4.002,1.978,4.199,0.110,1.098,0.245,2.464,0.743,1.321,4.199,0
0.26548,0.12635,0.034313,1.3525,0.17074,0.0049841,0.32855,0.36538,0.015387,0.34274,0.128,1.352,0.464,2.541,2.863,2.388,3.293,0.383,2.276,3.293,0
0.73316,0.20438,0.18926,1.074,0.33245,0.0034615,0.34332,0.65612,0.020882,0.35505,3.743,1.723,3.938,0.313,2.376,1.799,2.772,4.048,0.218,4.048,0
0.35924,0.27884,0.087493,1.3741,0.14401,0.009706,0.15513,0.39639,0.010931,0.32434,2.105,0.349,2.371,1.296,0.970,0.816,3.801,2.325,2.898,3.801,0
0.17551,0.45878,0.015241,1.5021,0.35932,0.008213,0.28552,0.76564,0.026767,0.30741,0.283,1.699,0.071,2.792,0.663,2.898,2.844,0.029,0.551,2.898,1
0.31374,0.45963,0.14724,1.5441,0.17374,0.0051796,0.10311,0.52758,0.023737,0.32959,0.659,0.883,0.980,2.191,0.166,1.670,2.381,3.287,2.272,3.287,0
0.17589,0.46057,0.093516,1.2572,0.26688,0.006172,0.22612,0.73989,0.021763,0.37085,0.555,1.946,0.196,2.982,0.140,2.035,2.214,2.222,0.337,2.982,1
0.35712,0.37,0.066696,1.181,0.096949,0.0074358,0.19452,0.5343,0.0092014,0.22562,1.459,0.213,1.745,1.711,0.800,1.164,5.333,1.184,2.216,5.333,0
0.32455,0.43476,0.097057,1.2214,0.075331,0.0042421,0.36977,0.25078,0.0057207,0.28606,0.432,1.096,0.756,2.357,0.906,0.762,3.876,1.540,3.522,3.876,0
0.84245,0.21576,0.024142,1.1554,0.1491,0.00989,0.19697,0.37745,0.018108,0.3283,6.884,4.394,6.957,1.614,1.536,0.151,3.451,0.348,2.755,6.957,0
0.74547,0.36883,0.15372,1.1625,0.06362,0.0011027,0.15127,0.55068,0.008857,0.24151,2.321,0.516,2.572,1.185,2.035,1.216,4.152,1.817,2.240,4.152,0
0.28646,0.34418,0.18264,1.4605,0.15955,0.0061812,0.29352,0.2062,0.019045,0.33963,0.584,0.952,0.906,2.244,0.891,0.702,2.849,4.429,3.262,4.429,0
0.80548,0.49612,0.074288,1.3673,0.20095,0.0021482,0.10138,0.68262,0.024253,0.32517,3.509,1.544,3.720,0.430,0.740,0.513,1.956,1.037,2.098,3.720,0
0.58956,0.13566,0.10695,1.0161,0.34075,0.0033738,0.3496,0.21227,0.017045,0.33529,2.635,0.773,2.871,1.007,2.906,2.567,3.241,2.043,2.947,3.241,0
0.40488,0.13537,0.11753,1.5925,0.15573,0.0082219,0.27187,0.6182,0.017118,0.25861,2.248,0.491,2.515,1.183,2.559,1.744,4.437,2.852,1.428,4.437,0
