year,regime,region,category,persons
1932,imperial_1897,WAW,pl,811684
1932,imperial_1897,WAW,uk,3017.64
1932,imperial_1897,WAW,be,1318.39
1932,imperial_1897,WAW,yi,344304
1932,imperial_1897,WAW,de,3515.69
1932,imperial_1897,WAW,ru,6386.84
1932,imperial_1897,WAW,other,1671.9
1932,imperial_1897,WAR,pl,2.23423e+06
1932,imperial_1897,WAR,uk,2718.92
1932,imperial_1897,WAR,be,316.154
1932,imperial_1897,WAR,yi,223078
1932,imperial_1897,WAR,de,48055.3
1932,imperial_1897,WAR,ru,7714.15
1932,imperial_1897,WAR,other,13116.9
1932,imperial_1897,LOD,pl,2.07887e+06
1932,imperial_1897,LOD,uk,789.603
1932,imperial_1897,LOD,be,1316.01
1932,imperial_1897,LOD,yi,377430
1932,imperial_1897,LOD,de,152657
1932,imperial_1897,LOD,ru,3158.41
1932,imperial_1897,LOD,other,17792.1
1932,imperial_1897,KIE,pl,2.59568e+06
1932,imperial_1897,KIE,yi,313532
1932,imperial_1897,KIE,de,11742.8
1932,imperial_1897,KIE,ru,2935.7
1932,imperial_1897,KIE,other,11807.1
1932,imperial_1897,LUB,pl,2.01717e+06
1932,imperial_1897,LUB,uk,123123
1932,imperial_1897,LUB,be,34977.3
1932,imperial_1897,LUB,yi,252408
1932,imperial_1897,LUB,de,17254.5
1932,imperial_1897,LUB,ru,17993.9
1932,imperial_1897,LUB,other,2000
1932,imperial_1897,BIA,pl,1.1141e+06
1932,imperial_1897,BIA,uk,22890.5
1932,imperial_1897,BIA,be,235686
1932,imperial_1897,BIA,yi,199563
1932,imperial_1897,BIA,de,8219.22
1932,imperial_1897,BIA,ru,47589.3
1932,imperial_1897,BIA,lt,13150.8
1932,imperial_1897,BIA,other,2643.84
1932,imperial_1897,WIL,pl,725463
1932,imperial_1897,WIL,uk,14507.7
1932,imperial_1897,WIL,be,306240
1932,imperial_1897,WIL,yi,109993
1932,imperial_1897,WIL,de,1276.02
1932,imperial_1897,WIL,ru,48632.8
1932,imperial_1897,WIL,lt,66352.9
1932,imperial_1897,WIL,other,3552.03
1932,imperial_1897,NOW,pl,481431
1932,imperial_1897,NOW,uk,21819.5
1932,imperial_1897,NOW,be,448281
1932,imperial_1897,NOW,yi,76326
1932,imperial_1897,NOW,ru,27232.1
1932,imperial_1897,NOW,lt,1057.15
1932,imperial_1897,NOW,other,1000
1932,imperial_1897,POL,pl,143818
1932,imperial_1897,POL,uk,449516
1932,imperial_1897,POL,be,402748
1932,imperial_1897,POL,yi,113194
1932,imperial_1897,POL,ru,21031.4
1932,imperial_1897,POL,other,1631.94
1932,imperial_1897,WOL,pl,344730
1932,imperial_1897,WOL,uk,1.42653e+06
1932,imperial_1897,WOL,be,2060.55
1932,imperial_1897,WOL,yi,206472
1932,imperial_1897,WOL,de,45882.6
1932,imperial_1897,WOL,ru,22941.3
1932,imperial_1897,WOL,cs,31283.6
1932,imperial_1897,WOL,other,5671.15
1932,imperial_1897,POZ,pl,1.90462e+06
1932,imperial_1897,POZ,yi,7583.4
1932,imperial_1897,POZ,de,193798
1932,imperial_1897,POZ,other,500
1932,imperial_1897,POM,pl,968584
1932,imperial_1897,POM,yi,3240.41
1932,imperial_1897,POM,de,105854
1932,imperial_1897,POM,other,2460.28
1932,imperial_1897,SLA,pl,1.17979e+06
1932,imperial_1897,SLA,yi,15022.3
1932,imperial_1897,SLA,de,97127
1932,imperial_1897,SLA,other,3090.05
1932,imperial_1897,KRA,pl,2.05314e+06
1932,imperial_1897,KRA,uk,73528.7
1932,imperial_1897,KRA,yi,152113
1932,imperial_1897,KRA,de,9191.09
1932,imperial_1897,KRA,other,9797.77
1932,imperial_1897,LWO,pl,1.60828e+06
1932,imperial_1897,LWO,uk,1.15476e+06
1932,imperial_1897,LWO,be,1793.73
1932,imperial_1897,LWO,yi,333892
1932,imperial_1897,LWO,de,12505.3
1932,imperial_1897,LWO,ru,717.493
1932,imperial_1897,LWO,other,14379
1932,imperial_1897,STA,pl,267966
1932,imperial_1897,STA,uk,1.05963e+06
1932,imperial_1897,STA,yi,127008
1932,imperial_1897,STA,de,17763.4
1932,imperial_1897,STA,other,7921.14
1932,imperial_1897,TAR,pl,680189
1932,imperial_1897,TAR,uk,802388
1932,imperial_1897,TAR,yi,112028
1932,imperial_1897,TAR,de,3200.81
1932,imperial_1897,TAR,other,2600.41
1932,imperial_1897,LT_KAU,pl,19875
1932,imperial_1897,LT_KAU,yi,39750
1932,imperial_1897,LT_KAU,de,7950
1932,imperial_1897,LT_KAU,ru,13250
1932,imperial_1897,LT_KAU,lt,179800
1932,imperial_1897,LT_KAU,other,4375
1932,imperial_1897,LT_LAU,pl,22725
1932,imperial_1897,LT_LAU,yi,35350
1932,imperial_1897,LT_LAU,de,2525
1932,imperial_1897,LT_LAU,ru,10100
1932,imperial_1897,LT_LAU,lt,431775
1932,imperial_1897,LT_LAU,lv,1010
1932,imperial_1897,LT_LAU,other,1515
1932,imperial_1897,LT_ZEM,pl,5700
1932,imperial_1897,LT_ZEM,yi,37050
1932,imperial_1897,LT_ZEM,de,5700
1932,imperial_1897,LT_ZEM,ru,5700
1932,imperial_1897,LT_ZEM,lt,507000
1932,imperial_1897,LT_ZEM,lv,6840
1932,imperial_1897,LT_ZEM,other,2010
1932,imperial_1897,LT_SUV,pl,9682
1932,imperial_1897,LT_SUV,be,2068
1932,imperial_1897,LT_SUV,yi,28200
1932,imperial_1897,LT_SUV,de,18800
1932,imperial_1897,LT_SUV,ru,4700
1932,imperial_1897,LT_SUV,lt,403600
1932,imperial_1897,LT_SUV,other,2950
1932,imperial_1897,LT_NEA,pl,19866
1932,imperial_1897,LT_NEA,be,3784
1932,imperial_1897,LT_NEA,yi,25800
1932,imperial_1897,LT_NEA,de,860
1932,imperial_1897,LT_NEA,ru,25800
1932,imperial_1897,LT_NEA,lt,344000
1932,imperial_1897,LT_NEA,lv,8600
1932,imperial_1897,LT_NEA,other,1290
1932,imperial_1897,LT_KLA,yi,3000
1932,imperial_1897,LT_KLA,de,66000
1932,imperial_1897,LT_KLA,ru,1500
1932,imperial_1897,LT_KLA,lt,78000
1932,imperial_1897,LT_KLA,other,1500
1932,latent,WAW,pl,828032
1932,latent,WAW,uk,1171.9
1932,latent,WAW,yi,331647
1932,latent,WAW,de,3515.69
1932,latent,WAW,ru,5859.49
1932,latent,WAW,rom,500
1932,latent,WAW,other,1171.9
1932,latent,WAR,pl,2.24548e+06
1932,latent,WAR,uk,2529.23
1932,latent,WAR,yi,212455
1932,latent,WAR,de,48055.3
1932,latent,WAR,ru,7587.68
1932,latent,WAR,rom,3000
1932,latent,WAR,other,10116.9
1932,latent,LOD,pl,2.09571e+06
1932,latent,LOD,yi,363217
1932,latent,LOD,de,152657
1932,latent,LOD,ru,2632.01
1932,latent,LOD,rom,2000
1932,latent,LOD,other,15792.1
1932,latent,KIE,pl,2.60096e+06
1932,latent,KIE,yi,308248
1932,latent,KIE,de,11742.8
1932,latent,KIE,ru,2935.7
1932,latent,KIE,rom,3000
1932,latent,KIE,other,8807.09
1932,latent,LUB,pl,2.09565e+06
1932,latent,LUB,uk,103527
1932,latent,LUB,be,2464.92
1932,latent,LUB,yi,239098
1932,latent,LUB,de,17254.5
1932,latent,LUB,ru,4929.85
1932,latent,LUB,rom,2000
1932,latent,BIA,pl,1.18092e+06
1932,latent,BIA,uk,3287.69
1932,latent,BIA,be,205481
1932,latent,BIA,yi,195617
1932,latent,BIA,de,8219.22
1932,latent,BIA,ru,34520.7
1932,latent,BIA,lt,13150.8
1932,latent,BIA,rom,1000
1932,latent,BIA,other,1643.84
1932,latent,WIL,pl,760782
1932,latent,WIL,be,289656
1932,latent,WIL,tut,5104.07
1932,latent,WIL,yi,108461
1932,latent,WIL,de,1276.02
1932,latent,WIL,ru,40832.5
1932,latent,WIL,lt,66352.9
1932,latent,WIL,rom,1000
1932,latent,WIL,kdr,420
1932,latent,WIL,other,2132.03
1932,latent,NOW,pl,552945
1932,latent,NOW,be,414402
1932,latent,NOW,yi,75057.4
1932,latent,NOW,ru,12685.8
1932,latent,NOW,lt,1057.15
1932,latent,NOW,rom,1000
1932,latent,POL,pl,163631
1932,latent,POL,uk,54333.1
1932,latent,POL,be,74708
1932,latent,POL,tut,707462
1932,latent,POL,yi,113194
1932,latent,POL,ru,16979.1
1932,latent,POL,rom,500
1932,latent,POL,other,1131.94
1932,latent,WOL,pl,344705
1932,latent,WOL,uk,1.42653e+06
1932,latent,WOL,be,2085.57
1932,latent,WOL,yi,206472
1932,latent,WOL,de,45882.6
1932,latent,WOL,ru,22941.3
1932,latent,WOL,cs,31283.6
1932,latent,WOL,rom,1500
1932,latent,WOL,kdr,50
1932,latent,WOL,other,4121.15
1932,latent,POZ,pl,1.90588e+06
1932,latent,POZ,yi,6319.5
1932,latent,POZ,de,193798
1932,latent,POZ,rom,500
1932,latent,POM,pl,768584
1932,latent,POM,yi,3240.41
1932,latent,POM,de,105854
1932,latent,POM,csb,200000
1932,latent,POM,rom,300
1932,latent,POM,other,2160.28
1932,latent,SLA,pl,1.18833e+06
1932,latent,SLA,yi,6475.14
1932,latent,SLA,de,97127
1932,latent,SLA,rom,500
1932,latent,SLA,other,2590.05
1932,latent,KRA,pl,2.09037e+06
1932,latent,KRA,yi,128675
1932,latent,KRA,de,9191.09
1932,latent,KRA,rue,59742.1
1932,latent,KRA,rom,6000
1932,latent,KRA,wym,1500
1932,latent,KRA,other,2297.77
1932,latent,LWO,pl,1.79889e+06
1932,latent,LWO,uk,1.00708e+06
1932,latent,LWO,yi,234475
1932,latent,LWO,de,12505.3
1932,latent,LWO,rue,59000
1932,latent,LWO,rom,5000
1932,latent,LWO,other,9378.99
1932,latent,STA,pl,329584
1932,latent,STA,uk,1.01844e+06
1932,latent,STA,yi,106581
1932,latent,STA,de,17763.4
1932,latent,STA,rom,2000
1932,latent,STA,kdr,110
1932,latent,STA,other,5811.14
1932,latent,TAR,pl,788000
1932,latent,TAR,uk,728185
1932,latent,TAR,yi,78419.9
1932,latent,TAR,de,3200.81
1932,latent,TAR,rom,1000
1932,latent,TAR,other,1600.41
1932,latent,LT_KAU,pl,19875
1932,latent,LT_KAU,yi,39750
1932,latent,LT_KAU,de,7950
1932,latent,LT_KAU,ru,13250
1932,latent,LT_KAU,lt,179800
1932,latent,LT_KAU,rom,930
1932,latent,LT_KAU,other,3445
1932,latent,LT_LAU,pl,22725
1932,latent,LT_LAU,yi,35350
1932,latent,LT_LAU,de,2525
1932,latent,LT_LAU,ru,10100
1932,latent,LT_LAU,lt,431775
1932,latent,LT_LAU,lv,1010
1932,latent,LT_LAU,kdr,100.5
1932,latent,LT_LAU,other,1414.5
1932,latent,LT_ZEM,pl,5700
1932,latent,LT_ZEM,yi,37050
1932,latent,LT_ZEM,de,5700
1932,latent,LT_ZEM,ru,5700
1932,latent,LT_ZEM,lt,507000
1932,latent,LT_ZEM,lv,6840
1932,latent,LT_ZEM,rom,300
1932,latent,LT_ZEM,other,1710
1932,latent,LT_SUV,pl,9400
1932,latent,LT_SUV,be,2350
1932,latent,LT_SUV,yi,28200
1932,latent,LT_SUV,de,18800
1932,latent,LT_SUV,ru,4700
1932,latent,LT_SUV,lt,403600
1932,latent,LT_SUV,rom,1540
1932,latent,LT_SUV,other,1410
1932,latent,LT_NEA,pl,19350
1932,latent,LT_NEA,be,4300
1932,latent,LT_NEA,yi,25800
1932,latent,LT_NEA,de,860
1932,latent,LT_NEA,ru,25800
1932,latent,LT_NEA,lt,344000
1932,latent,LT_NEA,lv,8600
1932,latent,LT_NEA,other,1290
1932,latent,LT_KLA,yi,3000
1932,latent,LT_KLA,de,66000
1932,latent,LT_KLA,ru,1500
1932,latent,LT_KLA,lt,78000
1932,latent,LT_KLA,other,1500
1932,lithuanian_1923,WAW,pl,828032
1932,lithuanian_1923,WAW,uk,1171.9
1932,lithuanian_1923,WAW,yi,331647
1932,lithuanian_1923,WAW,de,3515.69
1932,lithuanian_1923,WAW,ru,5859.49
1932,lithuanian_1923,WAW,rom,500
1932,lithuanian_1923,WAW,other,1171.9
1932,lithuanian_1923,WAR,pl,2.24548e+06
1932,lithuanian_1923,WAR,uk,2529.23
1932,lithuanian_1923,WAR,yi,212455
1932,lithuanian_1923,WAR,de,48055.3
1932,lithuanian_1923,WAR,ru,7587.68
1932,lithuanian_1923,WAR,rom,3000
1932,lithuanian_1923,WAR,other,10116.9
1932,lithuanian_1923,LOD,pl,2.09571e+06
1932,lithuanian_1923,LOD,yi,363217
1932,lithuanian_1923,LOD,de,152657
1932,lithuanian_1923,LOD,ru,2632.01
1932,lithuanian_1923,LOD,rom,2000
1932,lithuanian_1923,LOD,other,15792.1
1932,lithuanian_1923,KIE,pl,2.60096e+06
1932,lithuanian_1923,KIE,yi,308248
1932,lithuanian_1923,KIE,de,11742.8
1932,lithuanian_1923,KIE,ru,2935.7
1932,lithuanian_1923,KIE,rom,3000
1932,lithuanian_1923,KIE,other,8807.09
1932,lithuanian_1923,LUB,pl,2.09565e+06
1932,lithuanian_1923,LUB,uk,103527
1932,lithuanian_1923,LUB,be,2464.92
1932,lithuanian_1923,LUB,yi,239098
1932,lithuanian_1923,LUB,de,17254.5
1932,lithuanian_1923,LUB,ru,4929.85
1932,lithuanian_1923,LUB,rom,2000
1932,lithuanian_1923,BIA,pl,1.18092e+06
1932,lithuanian_1923,BIA,uk,3287.69
1932,lithuanian_1923,BIA,be,205481
1932,lithuanian_1923,BIA,yi,195617
1932,lithuanian_1923,BIA,de,8219.22
1932,lithuanian_1923,BIA,ru,34520.7
1932,lithuanian_1923,BIA,lt,13150.8
1932,lithuanian_1923,BIA,rom,1000
1932,lithuanian_1923,BIA,other,1643.84
1932,lithuanian_1923,WIL,pl,760782
1932,lithuanian_1923,WIL,be,289656
1932,lithuanian_1923,WIL,tut,5104.07
1932,lithuanian_1923,WIL,yi,108461
1932,lithuanian_1923,WIL,de,1276.02
1932,lithuanian_1923,WIL,ru,40832.5
1932,lithuanian_1923,WIL,lt,66352.9
1932,lithuanian_1923,WIL,rom,1000
1932,lithuanian_1923,WIL,kdr,420
1932,lithuanian_1923,WIL,other,2132.03
1932,lithuanian_1923,NOW,pl,552945
1932,lithuanian_1923,NOW,be,414402
1932,lithuanian_1923,NOW,yi,75057.4
1932,lithuanian_1923,NOW,ru,12685.8
1932,lithuanian_1923,NOW,lt,1057.15
1932,lithuanian_1923,NOW,rom,1000
1932,lithuanian_1923,POL,pl,163631
1932,lithuanian_1923,POL,uk,54333.1
1932,lithuanian_1923,POL,be,74708
1932,lithuanian_1923,POL,tut,707462
1932,lithuanian_1923,POL,yi,113194
1932,lithuanian_1923,POL,ru,16979.1
1932,lithuanian_1923,POL,rom,500
1932,lithuanian_1923,POL,other,1131.94
1932,lithuanian_1923,WOL,pl,344705
1932,lithuanian_1923,WOL,uk,1.42653e+06
1932,lithuanian_1923,WOL,be,2085.57
1932,lithuanian_1923,WOL,yi,206472
1932,lithuanian_1923,WOL,de,45882.6
1932,lithuanian_1923,WOL,ru,22941.3
1932,lithuanian_1923,WOL,cs,31283.6
1932,lithuanian_1923,WOL,rom,1500
1932,lithuanian_1923,WOL,kdr,50
1932,lithuanian_1923,WOL,other,4121.15
1932,lithuanian_1923,POZ,pl,1.90588e+06
1932,lithuanian_1923,POZ,yi,6319.5
1932,lithuanian_1923,POZ,de,193798
1932,lithuanian_1923,POZ,rom,500
1932,lithuanian_1923,POM,pl,768584
1932,lithuanian_1923,POM,yi,3240.41
1932,lithuanian_1923,POM,de,105854
1932,lithuanian_1923,POM,csb,200000
1932,lithuanian_1923,POM,rom,300
1932,lithuanian_1923,POM,other,2160.28
1932,lithuanian_1923,SLA,pl,1.18833e+06
1932,lithuanian_1923,SLA,yi,6475.14
1932,lithuanian_1923,SLA,de,97127
1932,lithuanian_1923,SLA,rom,500
1932,lithuanian_1923,SLA,other,2590.05
1932,lithuanian_1923,KRA,pl,2.09037e+06
1932,lithuanian_1923,KRA,yi,128675
1932,lithuanian_1923,KRA,de,9191.09
1932,lithuanian_1923,KRA,rue,59742.1
1932,lithuanian_1923,KRA,rom,6000
1932,lithuanian_1923,KRA,wym,1500
1932,lithuanian_1923,KRA,other,2297.77
1932,lithuanian_1923,LWO,pl,1.79889e+06
1932,lithuanian_1923,LWO,uk,1.00708e+06
1932,lithuanian_1923,LWO,yi,234475
1932,lithuanian_1923,LWO,de,12505.3
1932,lithuanian_1923,LWO,rue,59000
1932,lithuanian_1923,LWO,rom,5000
1932,lithuanian_1923,LWO,other,9378.99
1932,lithuanian_1923,STA,pl,329584
1932,lithuanian_1923,STA,uk,1.01844e+06
1932,lithuanian_1923,STA,yi,106581
1932,lithuanian_1923,STA,de,17763.4
1932,lithuanian_1923,STA,rom,2000
1932,lithuanian_1923,STA,kdr,110
1932,lithuanian_1923,STA,other,5811.14
1932,lithuanian_1923,TAR,pl,788000
1932,lithuanian_1923,TAR,uk,728185
1932,lithuanian_1923,TAR,yi,78419.9
1932,lithuanian_1923,TAR,de,3200.81
1932,lithuanian_1923,TAR,rom,1000
1932,lithuanian_1923,TAR,other,1600.41
1932,lithuanian_1923,LT_KAU,pl,8745
1932,lithuanian_1923,LT_KAU,yi,39750
1932,lithuanian_1923,LT_KAU,de,7950
1932,lithuanian_1923,LT_KAU,ru,13250
1932,lithuanian_1923,LT_KAU,lt,190930
1932,lithuanian_1923,LT_KAU,rom,930
1932,lithuanian_1923,LT_KAU,other,3445
1932,lithuanian_1923,LT_LAU,pl,9090
1932,lithuanian_1923,LT_LAU,yi,35350
1932,lithuanian_1923,LT_LAU,de,2525
1932,lithuanian_1923,LT_LAU,ru,10100
1932,lithuanian_1923,LT_LAU,lt,445410
1932,lithuanian_1923,LT_LAU,lv,1010
1932,lithuanian_1923,LT_LAU,kdr,100.5
1932,lithuanian_1923,LT_LAU,other,1414.5
1932,lithuanian_1923,LT_ZEM,pl,2280
1932,lithuanian_1923,LT_ZEM,yi,37050
1932,lithuanian_1923,LT_ZEM,de,5700
1932,lithuanian_1923,LT_ZEM,ru,5700
1932,lithuanian_1923,LT_ZEM,lt,510420
1932,lithuanian_1923,LT_ZEM,lv,6840
1932,lithuanian_1923,LT_ZEM,rom,300
1932,lithuanian_1923,LT_ZEM,other,1710
1932,lithuanian_1923,LT_SUV,pl,3760
1932,lithuanian_1923,LT_SUV,be,2350
1932,lithuanian_1923,LT_SUV,yi,28200
1932,lithuanian_1923,LT_SUV,de,18800
1932,lithuanian_1923,LT_SUV,ru,4700
1932,lithuanian_1923,LT_SUV,lt,409240
1932,lithuanian_1923,LT_SUV,rom,1540
1932,lithuanian_1923,LT_SUV,other,1410
1932,lithuanian_1923,LT_NEA,pl,7740
1932,lithuanian_1923,LT_NEA,be,4300
1932,lithuanian_1923,LT_NEA,yi,25800
1932,lithuanian_1923,LT_NEA,de,860
1932,lithuanian_1923,LT_NEA,ru,25800
1932,lithuanian_1923,LT_NEA,lt,355610
1932,lithuanian_1923,LT_NEA,lv,8600
1932,lithuanian_1923,LT_NEA,other,1290
1932,lithuanian_1923,LT_KLA,yi,3000
1932,lithuanian_1923,LT_KLA,de,66000
1932,lithuanian_1923,LT_KLA,ru,1500
1932,lithuanian_1923,LT_KLA,lt,78000
1932,lithuanian_1923,LT_KLA,other,1500
1932,modern_selfid,WAW,pl,864419
1932,modern_selfid,WAW,uk,1057.11
1932,modern_selfid,WAW,yi,296402
1932,modern_selfid,WAW,de,3149.87
1932,modern_selfid,WAW,ru,5306.94
1932,modern_selfid,WAW,rom,391.882
1932,modern_selfid,WAW,other,1171.9
1932,modern_selfid,WAR,pl,2.26955e+06
1932,modern_selfid,WAR,uk,2425.69
1932,modern_selfid,WAR,yi,192738
1932,modern_selfid,WAR,de,44791.7
1932,modern_selfid,WAR,ru,7093.73
1932,modern_selfid,WAR,rom,2512.64
1932,modern_selfid,WAR,other,10116.9
1932,modern_selfid,LOD,pl,2.14469e+06
1932,modern_selfid,LOD,yi,327627
1932,modern_selfid,LOD,de,139817
1932,modern_selfid,LOD,ru,2436.85
1932,modern_selfid,LOD,rom,1648.2
1932,modern_selfid,LOD,other,15792.1
1932,modern_selfid,KIE,pl,2.63097e+06
1932,modern_selfid,KIE,yi,279710
1932,modern_selfid,KIE,de,10948.5
1932,modern_selfid,KIE,ru,2745.31
1932,modern_selfid,KIE,rom,2514.67
1932,modern_selfid,KIE,other,8807.09
1932,modern_selfid,LUB,pl,2.12262e+06
1932,modern_selfid,LUB,uk,99967
1932,modern_selfid,LUB,be,2202.22
1932,modern_selfid,LUB,yi,217688
1932,modern_selfid,LUB,de,16130.9
1932,modern_selfid,LUB,ru,4624.98
1932,modern_selfid,LUB,rom,1684.99
1932,modern_selfid,BIA,pl,1.21843e+06
1932,modern_selfid,BIA,uk,3189.05
1932,modern_selfid,BIA,be,188846
1932,modern_selfid,BIA,yi,177752
1932,modern_selfid,BIA,de,7671.65
1932,modern_selfid,BIA,ru,32325.4
1932,modern_selfid,BIA,lt,13150.8
1932,modern_selfid,BIA,rom,839.836
1932,modern_selfid,BIA,other,1643.84
1932,modern_selfid,WIL,pl,799701
1932,modern_selfid,WIL,uk,1276.02
1932,modern_selfid,WIL,be,266335
1932,modern_selfid,WIL,tut,1276.02
1932,modern_selfid,WIL,yi,98393.7
1932,modern_selfid,WIL,de,1190.12
1932,modern_selfid,WIL,ru,38200.5
1932,modern_selfid,WIL,lt,66352.9
1932,modern_selfid,WIL,rom,838.413
1932,modern_selfid,WIL,kdr,321.494
1932,modern_selfid,WIL,other,2132.03
1932,modern_selfid,NOW,pl,591526
1932,modern_selfid,NOW,be,383179
1932,modern_selfid,NOW,yi,68613.7
1932,modern_selfid,NOW,ru,11926.4
1932,modern_selfid,NOW,lt,1057.15
1932,modern_selfid,NOW,rom,844.704
1932,modern_selfid,POL,pl,359283
1932,modern_selfid,POL,uk,229583
1932,modern_selfid,POL,be,245842
1932,modern_selfid,POL,tut,176865
1932,modern_selfid,POL,yi,102906
1932,modern_selfid,POL,ru,15906.9
1932,modern_selfid,POL,rom,420.706
1932,modern_selfid,POL,other,1131.94
1932,modern_selfid,WOL,pl,412077
1932,modern_selfid,WOL,uk,1.38473e+06
1932,modern_selfid,WOL,be,1919.76
1932,modern_selfid,WOL,yi,187938
1932,modern_selfid,WOL,de,42893.1
1932,modern_selfid,WOL,ru,21518.8
1932,modern_selfid,WOL,cs,29078.5
1932,modern_selfid,WOL,rom,1264.03
1932,modern_selfid,WOL,kdr,38.5135
1932,modern_selfid,WOL,other,4121.15
1932,modern_selfid,POZ,pl,1.92152e+06
1932,modern_selfid,POZ,yi,5629.67
1932,modern_selfid,POZ,de,178935
1932,modern_selfid,POZ,rom,412.139
1932,modern_selfid,POM,pl,821194
1932,modern_selfid,POM,yi,2889.52
1932,modern_selfid,POM,de,97831.3
1932,modern_selfid,POM,csb,155815
1932,modern_selfid,POM,rom,247.874
1932,modern_selfid,POM,other,2160.28
1932,modern_selfid,SLA,pl,1.19881e+06
1932,modern_selfid,SLA,yi,5768.84
1932,modern_selfid,SLA,de,87446.5
1932,modern_selfid,SLA,rom,412.161
1932,modern_selfid,SLA,other,2590.05
1932,modern_selfid,KRA,pl,2.11007e+06
1932,modern_selfid,KRA,yi,116637
1932,modern_selfid,KRA,de,8419.13
1932,modern_selfid,KRA,rue,54200.9
1932,modern_selfid,KRA,rom,4996.35
1932,modern_selfid,KRA,wym,1156.52
1932,modern_selfid,KRA,other,2297.77
1932,modern_selfid,LWO,pl,1.88016e+06
1932,modern_selfid,LWO,uk,954714
1932,modern_selfid,LWO,yi,212756
1932,modern_selfid,LWO,de,11554.1
1932,modern_selfid,LWO,rue,53593.1
1932,modern_selfid,LWO,rom,4173.59
1932,modern_selfid,LWO,other,9378.99
1932,modern_selfid,STA,pl,393909
1932,modern_selfid,STA,uk,965630
1932,modern_selfid,STA,yi,96761.6
1932,modern_selfid,STA,de,16417.7
1932,modern_selfid,STA,rom,1670.94
1932,modern_selfid,STA,kdr,83.9838
1932,modern_selfid,STA,other,5811.14
1932,modern_selfid,TAR,pl,833082
1932,modern_selfid,TAR,uk,690663
1932,modern_selfid,TAR,yi,71264.1
1932,modern_selfid,TAR,de,2960.28
1932,modern_selfid,TAR,rom,836.333
1932,modern_selfid,TAR,other,1600.41
1932,modern_selfid,LT_KAU,pl,19875
1932,modern_selfid,LT_KAU,yi,36803.5
1932,modern_selfid,LT_KAU,de,7399.54
1932,modern_selfid,LT_KAU,ru,12370.1
1932,modern_selfid,LT_KAU,lt,184335
1932,modern_selfid,LT_KAU,rom,772.321
1932,modern_selfid,LT_KAU,other,3445
1932,modern_selfid,LT_LAU,pl,22725
1932,modern_selfid,LT_LAU,yi,32954.9
1932,modern_selfid,LT_LAU,de,2358.79
1932,modern_selfid,LT_LAU,ru,9499.33
1932,modern_selfid,LT_LAU,lt,435038
1932,modern_selfid,LT_LAU,lv,930.471
1932,modern_selfid,LT_LAU,kdr,78.8327
1932,modern_selfid,LT_LAU,other,1414.5
1932,modern_selfid,LT_ZEM,pl,5700
1932,modern_selfid,LT_ZEM,yi,34529.2
1932,modern_selfid,LT_ZEM,de,5324.98
1932,modern_selfid,LT_ZEM,ru,5360.72
1932,modern_selfid,LT_ZEM,lt,510820
1932,modern_selfid,LT_ZEM,lv,6301.78
1932,modern_selfid,LT_ZEM,rom,252.916
1932,modern_selfid,LT_ZEM,other,1710
1932,modern_selfid,LT_SUV,pl,9400
1932,modern_selfid,LT_SUV,be,1985.68
1932,modern_selfid,LT_SUV,yi,26318.3
1932,modern_selfid,LT_SUV,de,17562.3
1932,modern_selfid,LT_SUV,ru,4421.47
1932,modern_selfid,LT_SUV,lt,407604
1932,modern_selfid,LT_SUV,rom,1298.54
1932,modern_selfid,LT_SUV,other,1410
1932,modern_selfid,LT_NEA,pl,19350
1932,modern_selfid,LT_NEA,be,3635.94
1932,modern_selfid,LT_NEA,yi,24113
1932,modern_selfid,LT_NEA,de,803.645
1932,modern_selfid,LT_NEA,ru,24283.3
1932,modern_selfid,LT_NEA,lt,348599
1932,modern_selfid,LT_NEA,lv,7925.22
1932,modern_selfid,LT_NEA,other,1290
1932,modern_selfid,LT_KLA,yi,2779.65
1932,modern_selfid,LT_KLA,de,61422.7
1932,modern_selfid,LT_KLA,ru,1403.18
1932,modern_selfid,LT_KLA,lt,82894.5
1932,modern_selfid,LT_KLA,other,1500
1932,polish_1931,WAW,pl,829405
1932,polish_1931,WAW,uk,861.994
1932,polish_1931,WAW,ruth,221.683
1932,polish_1931,WAW,yi,299312
1932,polish_1931,WAW,he,32335.6
1932,polish_1931,WAW,de,3242.04
1932,polish_1931,WAW,ru,5273.54
1932,polish_1931,WAW,other,1246.9
1932,polish_1931,WAR,pl,2.25246e+06
1932,polish_1931,WAR,uk,1879.64
1932,polish_1931,WAR,ruth,492.885
1932,polish_1931,WAR,yi,193844
1932,polish_1931,WAR,he,18611.1
1932,polish_1931,WAR,de,44546.3
1932,polish_1931,WAR,ru,6828.92
1932,polish_1931,WAR,other,10566.9
1932,polish_1931,LOD,pl,2.10915e+06
1932,polish_1931,LOD,yi,331400
1932,polish_1931,LOD,he,31817.8
1932,polish_1931,LOD,de,141180
1932,polish_1931,LOD,ru,2368.81
1932,polish_1931,LOD,other,16092.1
1932,polish_1931,KIE,pl,2.60466e+06
1932,polish_1931,KIE,yi,281246
1932,polish_1931,KIE,he,27002.5
1932,polish_1931,KIE,de,10886.5
1932,polish_1931,KIE,ru,2642.13
1932,polish_1931,KIE,other,9257.09
1932,polish_1931,LUB,pl,2.10706e+06
1932,polish_1931,LUB,uk,86101.9
1932,polish_1931,LUB,ruth,10613.1
1932,polish_1931,LUB,be,1279.17
1932,polish_1931,LUB,yi,218153
1932,polish_1931,LUB,he,20944.9
1932,polish_1931,LUB,de,16002.9
1932,polish_1931,LUB,ru,4470.5
1932,polish_1931,LUB,other,300
1932,polish_1931,BIA,pl,1.23061e+06
1932,polish_1931,BIA,uk,3024.67
1932,polish_1931,BIA,ruth,32.8769
1932,polish_1931,BIA,be,157815
1932,polish_1931,BIA,yi,178481
1932,polish_1931,BIA,he,17136.1
1932,polish_1931,BIA,de,7620.9
1932,polish_1931,BIA,ru,36139.8
1932,polish_1931,BIA,lt,11185.1
1932,polish_1931,BIA,other,1793.84
1932,polish_1931,WIL,pl,845670
1932,polish_1931,WIL,uk,204.163
1932,polish_1931,WIL,be,213503
1932,polish_1931,WIL,tut,4389.5
1932,polish_1931,WIL,yi,98960.2
1932,polish_1931,WIL,he,9501.22
1932,polish_1931,WIL,de,1182.93
1932,polish_1931,WIL,ru,43514.8
1932,polish_1931,WIL,lt,56388.9
1932,polish_1931,WIL,other,2702.03
1932,polish_1931,NOW,pl,627073
1932,polish_1931,NOW,be,331841
1932,polish_1931,NOW,yi,68482.4
1932,polish_1931,NOW,he,6575.03
1932,polish_1931,NOW,ru,22123.3
1932,polish_1931,NOW,lt,902.202
1932,polish_1931,NOW,other,150
1932,polish_1931,POL,pl,225017
1932,polish_1931,POL,uk,78284.9
1932,polish_1931,POL,ruth,543.331
1932,polish_1931,POL,be,88053.8
1932,polish_1931,POL,tut,608417
1932,polish_1931,POL,yi,103278
1932,polish_1931,POL,he,9915.79
1932,polish_1931,POL,ru,17221.6
1932,polish_1931,POL,other,1206.94
1932,polish_1931,WOL,pl,451887
1932,polish_1931,WOL,uk,1.31241e+06
1932,polish_1931,WOL,ruth,14265.3
1932,polish_1931,WOL,be,1603.8
1932,polish_1931,WOL,yi,188385
1932,polish_1931,WOL,he,18086.9
1932,polish_1931,WOL,de,42557.6
1932,polish_1931,WOL,ru,20698.4
1932,polish_1931,WOL,cs,31283.6
1932,polish_1931,WOL,other,4396.15
1932,polish_1931,POZ,pl,1.92162e+06
1932,polish_1931,POZ,yi,5618.04
1932,polish_1931,POZ,he,701.464
1932,polish_1931,POZ,de,178482
1932,polish_1931,POZ,other,75
1932,polish_1931,POM,pl,977173
1932,polish_1931,POM,yi,2880.73
1932,polish_1931,POM,he,359.686
1932,polish_1931,POM,de,97519.6
1932,polish_1931,POM,other,2205.28
1932,polish_1931,SLA,pl,1.21178e+06
1932,polish_1931,SLA,yi,5756.4
1932,polish_1931,SLA,he,718.74
1932,polish_1931,SLA,de,74110.4
1932,polish_1931,SLA,other,2665.05
1932,polish_1931,KRA,pl,2.10119e+06
1932,polish_1931,KRA,uk,5974.21
1932,polish_1931,KRA,ruth,50780.8
1932,polish_1931,KRA,yi,117867
1932,polish_1931,KRA,he,10808.7
1932,polish_1931,KRA,de,7952.48
1932,polish_1931,KRA,other,3197.77
1932,polish_1931,LWO,pl,1.86238e+06
1932,polish_1931,LWO,uk,577898
1932,polish_1931,LWO,ruth,430445
1932,polish_1931,LWO,yi,214779
1932,polish_1931,LWO,he,19695.9
1932,polish_1931,LWO,de,11002.8
1932,polish_1931,LWO,other,10129
1932,polish_1931,STA,pl,388659
1932,polish_1931,STA,uk,577321
1932,polish_1931,STA,ruth,385868
1932,polish_1931,STA,yi,97627.8
1932,polish_1931,STA,he,8952.76
1932,polish_1931,STA,de,15635.4
1932,polish_1931,STA,other,6221.14
1932,polish_1931,TAR,pl,828683
1932,polish_1931,TAR,uk,413609
1932,polish_1931,TAR,ruth,275127
1932,polish_1931,TAR,yi,71832.6
1932,polish_1931,TAR,he,6587.27
1932,polish_1931,TAR,de,2817.38
1932,polish_1931,TAR,other,1750.41
1932,polish_1931,LT_KAU,pl,67338
1932,polish_1931,LT_KAU,yi,34980
1932,polish_1931,LT_KAU,he,4770
1932,polish_1931,LT_KAU,de,7552.5
1932,polish_1931,LT_KAU,ru,11925
1932,polish_1931,LT_KAU,lt,134850
1932,polish_1931,LT_KAU,other,3584.5
1932,polish_1931,LT_LAU,pl,131805
1932,polish_1931,LT_LAU,yi,31108
1932,polish_1931,LT_LAU,he,4242
1932,polish_1931,LT_LAU,de,2398.75
1932,polish_1931,LT_LAU,ru,9090
1932,polish_1931,LT_LAU,lt,323831
1932,polish_1931,LT_LAU,lv,1010
1932,polish_1931,LT_LAU,other,1515
1932,polish_1931,LT_ZEM,pl,133560
1932,polish_1931,LT_ZEM,yi,32604
1932,polish_1931,LT_ZEM,he,4446
1932,polish_1931,LT_ZEM,de,5415
1932,polish_1931,LT_ZEM,ru,5130
1932,polish_1931,LT_ZEM,lt,380250
1932,polish_1931,LT_ZEM,lv,6840
1932,polish_1931,LT_ZEM,other,1755
1932,polish_1931,LT_SUV,pl,114907
1932,polish_1931,LT_SUV,be,462.121
1932,polish_1931,LT_SUV,yi,24816
1932,polish_1931,LT_SUV,he,3384
1932,polish_1931,LT_SUV,de,17860
1932,polish_1931,LT_SUV,ru,4230
1932,polish_1931,LT_SUV,lt,302700
1932,polish_1931,LT_SUV,other,1641
1932,polish_1931,LT_NEA,pl,111426
1932,polish_1931,LT_NEA,be,847.292
1932,polish_1931,LT_NEA,yi,22704
1932,polish_1931,LT_NEA,he,3096
1932,polish_1931,LT_NEA,de,817
1932,polish_1931,LT_NEA,ru,23220
1932,polish_1931,LT_NEA,lt,258000
1932,polish_1931,LT_NEA,lv,8600
1932,polish_1931,LT_NEA,other,1290
1932,polish_1931,LT_KLA,pl,23198.5
1932,polish_1931,LT_KLA,yi,2640
1932,polish_1931,LT_KLA,he,360
1932,polish_1931,LT_KLA,de,62451.5
1932,polish_1931,LT_KLA,ru,1350
1932,polish_1931,LT_KLA,lt,58500
1932,polish_1931,LT_KLA,other,1500
1939,imperial_1897,WAW,pl,937484
1939,imperial_1897,WAW,uk,21771.5
1939,imperial_1897,WAW,be,10552.9
1939,imperial_1897,WAW,yi,341438
1939,imperial_1897,WAW,de,6153.1
1939,imperial_1897,WAW,ru,7602.82
1939,imperial_1897,WAW,lt,1861.95
1939,imperial_1897,WAW,cs,221.33
1939,imperial_1897,WAW,lv,23.9562
1939,imperial_1897,WAW,other,2246.6
1939,imperial_1897,WAR,pl,2.42076e+06
1939,imperial_1897,WAR,uk,8253.05
1939,imperial_1897,WAR,be,3289.38
1939,imperial_1897,WAR,yi,223481
1939,imperial_1897,WAR,de,49206.9
1939,imperial_1897,WAR,ru,8669.38
1939,imperial_1897,WAR,lt,645.376
1939,imperial_1897,WAR,cs,81.5644
1939,imperial_1897,WAR,lv,8.90546
1939,imperial_1897,WAR,other,13375.7
1939,imperial_1897,LOD,pl,2.28574e+06
1939,imperial_1897,LOD,uk,10891
1939,imperial_1897,LOD,be,6923.42
1939,imperial_1897,LOD,yi,372656
1939,imperial_1897,LOD,de,149515
1939,imperial_1897,LOD,ru,4276.52
1939,imperial_1897,LOD,lt,1230.21
1939,imperial_1897,LOD,cs,155.688
1939,imperial_1897,LOD,lv,16.9881
1939,imperial_1897,LOD,other,17501.8
1939,imperial_1897,KIE,pl,2.84012e+06
1939,imperial_1897,KIE,uk,7875.5
1939,imperial_1897,KIE,be,3219.9
1939,imperial_1897,KIE,yi,315511
1939,imperial_1897,KIE,de,13486
1939,imperial_1897,KIE,ru,3731.75
1939,imperial_1897,KIE,lt,710.334
1939,imperial_1897,KIE,cs,100.312
1939,imperial_1897,KIE,lv,9.79887
1939,imperial_1897,KIE,other,12326.4
1939,imperial_1897,LUB,pl,2.19273e+06
1939,imperial_1897,LUB,uk,147018
1939,imperial_1897,LUB,be,41448.4
1939,imperial_1897,LUB,yi,252220
1939,imperial_1897,LUB,de,18154.2
1939,imperial_1897,LUB,ru,20126.6
1939,imperial_1897,LUB,lt,561.31
1939,imperial_1897,LUB,cs,161.515
1939,imperial_1897,LUB,lv,7.72524
1939,imperial_1897,LUB,other,2434.69
1939,imperial_1897,BIA,pl,1.22249e+06
1939,imperial_1897,BIA,uk,30323.7
1939,imperial_1897,BIA,be,257719
1939,imperial_1897,BIA,yi,198463
1939,imperial_1897,BIA,de,8805.98
1939,imperial_1897,BIA,ru,51813
1939,imperial_1897,BIA,lt,14843.2
1939,imperial_1897,BIA,cs,77.0689
1939,imperial_1897,BIA,lv,14.6846
1939,imperial_1897,BIA,other,2880.55
1939,imperial_1897,WIL,pl,785736
1939,imperial_1897,WIL,uk,18336.7
1939,imperial_1897,WIL,be,327133
1939,imperial_1897,WIL,yi,106449
1939,imperial_1897,WIL,de,1593.31
1939,imperial_1897,WIL,ru,51946.5
1939,imperial_1897,WIL,lt,70342.9
1939,imperial_1897,WIL,cs,34.548
1939,imperial_1897,WIL,lv,19.829
1939,imperial_1897,WIL,other,3618.55
1939,imperial_1897,NOW,pl,535560
1939,imperial_1897,NOW,uk,26807.5
1939,imperial_1897,NOW,be,481225
1939,imperial_1897,NOW,yi,75693.8
1939,imperial_1897,NOW,de,235.698
1939,imperial_1897,NOW,ru,30014.2
1939,imperial_1897,NOW,lt,1530.68
1939,imperial_1897,NOW,cs,43.1971
1939,imperial_1897,NOW,lv,6.3385
1939,imperial_1897,NOW,other,1115.57
1939,imperial_1897,POL,pl,205138
1939,imperial_1897,POL,uk,495529
1939,imperial_1897,POL,be,443372
1939,imperial_1897,POL,yi,109802
1939,imperial_1897,POL,de,335.283
1939,imperial_1897,POL,ru,24724.3
1939,imperial_1897,POL,lt,312.651
1939,imperial_1897,POL,cs,56.5475
1939,imperial_1897,POL,lv,4.2986
1939,imperial_1897,POL,other,1731.1
1939,imperial_1897,WOL,pl,411199
1939,imperial_1897,WOL,uk,1.56523e+06
1939,imperial_1897,WOL,be,4548.39
1939,imperial_1897,WOL,yi,199415
1939,imperial_1897,WOL,de,45794.9
1939,imperial_1897,WOL,ru,24837.3
1939,imperial_1897,WOL,lt,265.504
1939,imperial_1897,WOL,cs,32937.8
1939,imperial_1897,WOL,lv,3.69112
1939,imperial_1897,WOL,other,5828.81
1939,imperial_1897,POZ,pl,2.05951e+06
1939,imperial_1897,POZ,uk,6006.01
1939,imperial_1897,POZ,be,3215.08
1939,imperial_1897,POZ,yi,15477.4
1939,imperial_1897,POZ,de,191466
1939,imperial_1897,POZ,ru,615.14
1939,imperial_1897,POZ,lt,716.189
1939,imperial_1897,POZ,cs,90.6123
1939,imperial_1897,POZ,lv,9.88849
1939,imperial_1897,POZ,other,945.937
1939,imperial_1897,POM,pl,1.08581e+06
1939,imperial_1897,POM,uk,4197.96
1939,imperial_1897,POM,be,2313.15
1939,imperial_1897,POM,yi,9178.65
1939,imperial_1897,POM,de,106824
1939,imperial_1897,POM,ru,444.179
1939,imperial_1897,POM,lt,516.362
1939,imperial_1897,POM,cs,65.0885
1939,imperial_1897,POM,lv,7.10076
1939,imperial_1897,POM,other,2696.5
1939,imperial_1897,SLA,pl,1.31652e+06
1939,imperial_1897,SLA,uk,10209.1
1939,imperial_1897,SLA,be,3242.94
1939,imperial_1897,SLA,yi,25608.9
1939,imperial_1897,SLA,de,94702.6
1939,imperial_1897,SLA,ru,621.383
1939,imperial_1897,SLA,lt,671.903
1939,imperial_1897,SLA,cs,109.809
1939,imperial_1897,SLA,lv,9.25124
1939,imperial_1897,SLA,other,3506.28
1939,imperial_1897,KRA,pl,2.18955e+06
1939,imperial_1897,KRA,uk,86405.3
1939,imperial_1897,KRA,be,2491.74
1939,imperial_1897,KRA,yi,154700
1939,imperial_1897,KRA,de,10256.2
1939,imperial_1897,KRA,ru,463.241
1939,imperial_1897,KRA,lt,474.664
1939,imperial_1897,KRA,cs,90.8552
1939,imperial_1897,KRA,lv,6.53541
1939,imperial_1897,KRA,other,10073.6
1939,imperial_1897,LWO,pl,1.70196e+06
1939,imperial_1897,LWO,uk,1.25502e+06
1939,imperial_1897,LWO,be,4693.18
1939,imperial_1897,LWO,yi,326276
1939,imperial_1897,LWO,de,13162.6
1939,imperial_1897,LWO,ru,1321.14
1939,imperial_1897,LWO,lt,436.813
1939,imperial_1897,LWO,cs,250.132
1939,imperial_1897,LWO,lv,6.01725
1939,imperial_1897,LWO,other,14568.6
1939,imperial_1897,STA,pl,293158
1939,imperial_1897,STA,uk,1.12491e+06
1939,imperial_1897,STA,be,825.699
1939,imperial_1897,STA,yi,122175
1939,imperial_1897,STA,de,17321.7
1939,imperial_1897,STA,ru,165.152
1939,imperial_1897,STA,lt,129.486
1939,imperial_1897,STA,cs,74.254
1939,imperial_1897,STA,lv,1.786
1939,imperial_1897,STA,other,7803.02
1939,imperial_1897,TAR,pl,704023
1939,imperial_1897,TAR,uk,843312
1939,imperial_1897,TAR,be,827.675
1939,imperial_1897,TAR,yi,107004
1939,imperial_1897,TAR,de,3373.74
1939,imperial_1897,TAR,ru,167.132
1939,imperial_1897,TAR,lt,128.529
1939,imperial_1897,TAR,cs,73.7648
1939,imperial_1897,TAR,lv,1.77277
1939,imperial_1897,TAR,other,2673.64
1939,imperial_1897,LT_KAU,pl,21114.6
1939,imperial_1897,LT_KAU,uk,83.1347
1939,imperial_1897,LT_KAU,be,165.21
1939,imperial_1897,LT_KAU,yi,36758.8
1939,imperial_1897,LT_KAU,de,8268.17
1939,imperial_1897,LT_KAU,ru,13968.1
1939,imperial_1897,LT_KAU,lt,208288
1939,imperial_1897,LT_KAU,cs,1.51174
1939,imperial_1897,LT_KAU,lv,94.5718
1939,imperial_1897,LT_KAU,other,4360.35
1939,imperial_1897,LT_LAU,pl,24223.4
1939,imperial_1897,LT_LAU,uk,49.8912
1939,imperial_1897,LT_LAU,be,120.778
1939,imperial_1897,LT_LAU,yi,33406.5
1939,imperial_1897,LT_LAU,de,2915.65
1939,imperial_1897,LT_LAU,ru,11041.4
1939,imperial_1897,LT_LAU,lt,470938
1939,imperial_1897,LT_LAU,cs,0.922242
1939,imperial_1897,LT_LAU,lv,1168.02
1939,imperial_1897,LT_LAU,other,1605.73
1939,imperial_1897,LT_ZEM,pl,6510.9
1939,imperial_1897,LT_ZEM,uk,61.7585
1939,imperial_1897,LT_ZEM,be,136.022
1939,imperial_1897,LT_ZEM,yi,35095.4
1939,imperial_1897,LT_ZEM,de,6217.42
1939,imperial_1897,LT_ZEM,ru,6397.04
1939,imperial_1897,LT_ZEM,lt,551771
1939,imperial_1897,LT_ZEM,cs,1.15802
1939,imperial_1897,LT_ZEM,lv,7136.85
1939,imperial_1897,LT_ZEM,other,2129.04
1939,imperial_1897,LT_SUV,pl,10571.5
1939,imperial_1897,LT_SUV,uk,70.5948
1939,imperial_1897,LT_SUV,be,2163.92
1939,imperial_1897,LT_SUV,yi,26848.5
1939,imperial_1897,LT_SUV,de,18866.2
1939,imperial_1897,LT_SUV,ru,5201.57
1939,imperial_1897,LT_SUV,lt,436166
1939,imperial_1897,LT_SUV,cs,1.29539
1939,imperial_1897,LT_SUV,lv,67.2577
1939,imperial_1897,LT_SUV,other,3087.58
1939,imperial_1897,LT_NEA,pl,21023.7
1939,imperial_1897,LT_NEA,uk,39.7722
1939,imperial_1897,LT_NEA,be,3829.13
1939,imperial_1897,LT_NEA,yi,24374.1
1939,imperial_1897,LT_NEA,de,1090.25
1939,imperial_1897,LT_NEA,ru,27494.6
1939,imperial_1897,LT_NEA,lt,371650
1939,imperial_1897,LT_NEA,cs,0.728853
1939,imperial_1897,LT_NEA,lv,8877.39
1939,imperial_1897,LT_NEA,other,1347.72
1939,imperial_1897,LT_KLA,pl,196.608
1939,imperial_1897,LT_KLA,uk,23.553
1939,imperial_1897,LT_KLA,be,51.856
1939,imperial_1897,LT_KLA,yi,3208.39
1939,imperial_1897,LT_KLA,de,64407
1939,imperial_1897,LT_KLA,ru,1695.61
1939,imperial_1897,LT_KLA,lt,89777
1939,imperial_1897,LT_KLA,lv,54.6778
1939,imperial_1897,LT_KLA,other,1508.72
1939,latent,WAW,pl,975811
1939,latent,WAW,uk,16270.4
1939,latent,WAW,be,6602.83
1939,latent,WAW,tut,3687.01
1939,latent,WAW,yi,308490
1939,latent,WAW,de,6153.1
1939,latent,WAW,ru,6650.4
1939,latent,WAW,lt,1861.95
1939,latent,WAW,cs,221.33
1939,latent,WAW,lv,23.9562
1939,latent,WAW,csb,1029.81
1939,latent,WAW,rue,306.999
1939,latent,WAW,rom,770.402
1939,latent,WAW,kdr,4.96544
1939,latent,WAW,wym,5.50319
1939,latent,WAW,other,1465.73
1939,latent,WAR,pl,2.44301e+06
1939,latent,WAR,uk,6713.69
1939,latent,WAR,be,1988.49
1939,latent,WAR,tut,1193.45
1939,latent,WAR,yi,202130
1939,latent,WAR,de,49206.9
1939,latent,WAR,ru,8353.07
1939,latent,WAR,lt,645.376
1939,latent,WAR,cs,81.5644
1939,latent,WAR,lv,8.90546
1939,latent,WAR,csb,931.151
1939,latent,WAR,rue,127.478
1939,latent,WAR,rom,3263.22
1939,latent,WAR,kdr,1.84541
1939,latent,WAR,wym,2.52494
1939,latent,WAR,other,10108.1
1939,latent,LOD,pl,2.322e+06
1939,latent,LOD,uk,7546.81
1939,latent,LOD,be,3793.62
1939,latent,LOD,tut,2276.77
1939,latent,LOD,yi,340055
1939,latent,LOD,de,149515
1939,latent,LOD,ru,3413.76
1939,latent,LOD,lt,1230.21
1939,latent,LOD,cs,155.688
1939,latent,LOD,lv,16.9881
1939,latent,LOD,csb,1129.2
1939,latent,LOD,rue,268.261
1939,latent,LOD,rom,2290.01
1939,latent,LOD,kdr,3.53184
1939,latent,LOD,wym,5.68653
1939,latent,LOD,other,15202.6
1939,latent,KIE,pl,2.86242e+06
1939,latent,KIE,uk,6061.97
1939,latent,KIE,be,2185.94
1939,latent,KIE,tut,1309.68
1939,latent,KIE,yi,294103
1939,latent,KIE,de,13486
1939,latent,KIE,ru,3542.04
1939,latent,KIE,lt,710.334
1939,latent,KIE,cs,100.312
1939,latent,KIE,lv,9.79887
1939,latent,KIE,csb,569.866
1939,latent,KIE,rue,272.188
1939,latent,KIE,rom,3361.56
1939,latent,KIE,kdr,2.22987
1939,latent,KIE,wym,5.71161
1939,latent,KIE,other,8956.85
1939,latent,LUB,pl,2.28903e+06
1939,latent,LUB,uk,123642
1939,latent,LUB,be,4769.18
1939,latent,LUB,tut,1598.3
1939,latent,LUB,yi,228337
1939,latent,LUB,de,18154.2
1939,latent,LUB,ru,5673.64
1939,latent,LUB,lt,561.31
1939,latent,LUB,cs,161.515
1939,latent,LUB,lv,7.72524
1939,latent,LUB,csb,310.485
1939,latent,LUB,rue,182.788
1939,latent,LUB,rom,2243.96
1939,latent,LUB,kdr,2.00974
1939,latent,LUB,wym,2.5476
1939,latent,LUB,other,186.179
1939,latent,BIA,pl,1.30641e+06
1939,latent,BIA,uk,7116
1939,latent,BIA,be,222637
1939,latent,BIA,tut,1354.67
1939,latent,BIA,yi,185949
1939,latent,BIA,de,8805.98
1939,latent,BIA,ru,37025.7
1939,latent,BIA,lt,14843.2
1939,latent,BIA,cs,77.0689
1939,latent,BIA,lv,14.6846
1939,latent,BIA,csb,233.474
1939,latent,BIA,rue,80.0827
1939,latent,BIA,rom,1135.53
1939,latent,BIA,kdr,2.73209
1939,latent,BIA,wym,1.29298
1939,latent,BIA,other,1740.99
1939,latent,WIL,pl,830748
1939,latent,WIL,uk,1487.14
1939,latent,WIL,be,307240
1939,latent,WIL,tut,6028.84
1939,latent,WIL,yi,100964
1939,latent,WIL,de,1593.31
1939,latent,WIL,ru,43001.6
1939,latent,WIL,lt,70342.9
1939,latent,WIL,cs,34.548
1939,latent,WIL,lv,19.829
1939,latent,WIL,csb,99.0801
1939,latent,WIL,rue,33.8096
1939,latent,WIL,rom,1072.77
1939,latent,WIL,kdr,398.215
1939,latent,WIL,wym,0.554549
1939,latent,WIL,other,2147.02
1939,latent,NOW,pl,618626
1939,latent,NOW,uk,1809.85
1939,latent,NOW,be,442576
1939,latent,NOW,tut,639.502
1939,latent,NOW,yi,71887.4
1939,latent,NOW,de,235.698
1939,latent,NOW,ru,13664.2
1939,latent,NOW,lt,1530.68
1939,latent,NOW,cs,43.1971
1939,latent,NOW,lv,6.3385
1939,latent,NOW,csb,64.5526
1939,latent,NOW,rue,33.0989
1939,latent,NOW,rom,1066.28
1939,latent,NOW,kdr,1.20459
1939,latent,NOW,other,47.6288
1939,latent,POL,pl,241429
1939,latent,POL,uk,62987.1
1939,latent,POL,be,81778.8
1939,latent,POL,tut,768319
1939,latent,POL,yi,105701
1939,latent,POL,de,335.283
1939,latent,POL,ru,18197.4
1939,latent,POL,lt,312.651
1939,latent,POL,cs,56.5475
1939,latent,POL,lv,4.2986
1939,latent,POL,csb,101.379
1939,latent,POL,rue,52.2575
1939,latent,POL,rom,561.001
1939,latent,POL,kdr,0.937543
1939,latent,POL,wym,0.713572
1939,latent,POL,other,1168.45
1939,latent,WOL,pl,420279
1939,latent,WOL,uk,1.56388e+06
1939,latent,WOL,be,3420.69
1939,latent,WOL,tut,805.08
1939,latent,WOL,yi,192124
1939,latent,WOL,de,45794.9
1939,latent,WOL,ru,24515.6
1939,latent,WOL,lt,265.504
1939,latent,WOL,cs,32937.8
1939,latent,WOL,lv,3.69112
1939,latent,WOL,csb,97.301
1939,latent,WOL,rue,104.985
1939,latent,WOL,rom,1620.29
1939,latent,WOL,kdr,48.5942
1939,latent,WOL,wym,0.820654
1939,latent,WOL,other,4159.11
1939,latent,POZ,pl,2.06312e+06
1939,latent,POZ,uk,4509.14
1939,latent,POZ,be,2201.51
1939,latent,POZ,tut,1320.35
1939,latent,POZ,yi,11931.6
1939,latent,POZ,de,191466
1939,latent,POZ,ru,435.388
1939,latent,POZ,lt,716.189
1939,latent,POZ,cs,90.6123
1939,latent,POZ,lv,9.88849
1939,latent,POZ,csb,1134.43
1939,latent,POZ,rue,167.136
1939,latent,POZ,rom,677.664
1939,latent,POZ,kdr,2.07249
1939,latent,POZ,wym,3.53934
1939,latent,POZ,other,262.661
1939,latent,POM,pl,884529
1939,latent,POM,uk,3159.89
1939,latent,POM,be,1589.09
1939,latent,POM,tut,950.362
1939,latent,POM,yi,7602.85
1939,latent,POM,de,106824
1939,latent,POM,ru,316.985
1939,latent,POM,lt,516.362
1939,latent,POM,cs,65.0885
1939,latent,POM,lv,7.10076
1939,latent,POM,csb,203690
1939,latent,POM,rue,107.143
1939,latent,POM,rom,431.712
1939,latent,POM,kdr,1.47266
1939,latent,POM,wym,2.21354
1939,latent,POM,other,2261.1
1939,latent,SLA,pl,1.32905e+06
1939,latent,SLA,uk,7991.66
1939,latent,SLA,be,2184.7
1939,latent,SLA,tut,1370.64
1939,latent,SLA,yi,14153
1939,latent,SLA,de,94702.6
1939,latent,SLA,ru,433.119
1939,latent,SLA,lt,671.903
1939,latent,SLA,cs,109.809
1939,latent,SLA,lv,9.25124
1939,latent,SLA,csb,629.755
1939,latent,SLA,rue,395.398
1939,latent,SLA,rom,750.456
1939,latent,SLA,kdr,2.35348
1939,latent,SLA,wym,8.32174
1939,latent,SLA,other,2745.15
1939,latent,KRA,pl,2.23507e+06
1939,latent,KRA,uk,6621.65
1939,latent,KRA,be,1655.06
1939,latent,KRA,tut,1107.9
1939,latent,KRA,yi,124986
1939,latent,KRA,de,10256.2
1939,latent,KRA,ru,319.4
1939,latent,KRA,lt,474.664
1939,latent,KRA,cs,90.8552
1939,latent,KRA,lv,6.53541
1939,latent,KRA,csb,367.093
1939,latent,KRA,rue,63487
1939,latent,KRA,rom,6331.5
1939,latent,KRA,kdr,1.77628
1939,latent,KRA,wym,1302.92
1939,latent,KRA,other,2437.43
1939,latent,LWO,pl,1.90406e+06
1939,latent,LWO,uk,1.09592e+06
1939,latent,LWO,be,1824.58
1939,latent,LWO,tut,1362.23
1939,latent,LWO,yi,223504
1939,latent,LWO,de,13162.6
1939,latent,LWO,ru,409.992
1939,latent,LWO,lt,436.813
1939,latent,LWO,cs,250.132
1939,latent,LWO,lv,6.01725
1939,latent,LWO,csb,202.828
1939,latent,LWO,rue,61989.8
1939,latent,LWO,rom,5275.05
1939,latent,LWO,kdr,2.93847
1939,latent,LWO,wym,3.71203
1939,latent,LWO,other,9286.86
1939,latent,STA,pl,360348
1939,latent,STA,uk,1.08018e+06
1939,latent,STA,be,541.515
1939,latent,STA,tut,405.543
1939,latent,STA,yi,99433.5
1939,latent,STA,de,17321.7
1939,latent,STA,ru,121.84
1939,latent,STA,lt,129.486
1939,latent,STA,cs,74.254
1939,latent,STA,lv,1.786
1939,latent,STA,csb,60.2461
1939,latent,STA,rue,141.72
1939,latent,STA,rom,2063.1
1939,latent,STA,kdr,102.745
1939,latent,STA,wym,1.10261
1939,latent,STA,other,5636.08
1939,latent,TAR,pl,815341
1939,latent,TAR,uk,765200
1939,latent,TAR,be,537.389
1939,latent,TAR,tut,402.814
1939,latent,TAR,yi,73532.3
1939,latent,TAR,de,3373.74
1939,latent,TAR,ru,120.904
1939,latent,TAR,lt,128.529
1939,latent,TAR,cs,73.7648
1939,latent,TAR,lv,1.77277
1939,latent,TAR,csb,59.8617
1939,latent,TAR,rue,140.746
1939,latent,TAR,rom,1057.56
1939,latent,TAR,kdr,0.933994
1939,latent,TAR,wym,1.09776
1939,latent,TAR,other,1614.04
1939,latent,LT_KAU,pl,21154.4
1939,latent,LT_KAU,uk,62.6034
1939,latent,LT_KAU,be,154.599
1939,latent,LT_KAU,tut,24.7578
1939,latent,LT_KAU,yi,36722.3
1939,latent,LT_KAU,de,8268.17
1939,latent,LT_KAU,ru,13965.4
1939,latent,LT_KAU,lt,208288
1939,latent,LT_KAU,cs,1.51174
1939,latent,LT_KAU,lv,94.5718
1939,latent,LT_KAU,csb,4.37935
1939,latent,LT_KAU,rue,1.44399
1939,latent,LT_KAU,rom,980.63
1939,latent,LT_KAU,kdr,0.922622
1939,latent,LT_KAU,other,3378.77
1939,latent,LT_LAU,pl,24233.2
1939,latent,LT_LAU,uk,38.0655
1939,latent,LT_LAU,be,118.091
1939,latent,LT_LAU,tut,15.0892
1939,latent,LT_LAU,yi,33393.9
1939,latent,LT_LAU,de,2915.65
1939,latent,LT_LAU,ru,11040.2
1939,latent,LT_LAU,lt,470938
1939,latent,LT_LAU,cs,0.922242
1939,latent,LT_LAU,lv,1168.02
1939,latent,LT_LAU,csb,2.673
1939,latent,LT_LAU,rue,0.88077
1939,latent,LT_LAU,rom,27.0191
1939,latent,LT_LAU,kdr,97.9364
1939,latent,LT_LAU,other,1480.76
1939,latent,LT_ZEM,pl,6512.08
1939,latent,LT_ZEM,uk,47.8614
1939,latent,LT_ZEM,be,131.909
1939,latent,LT_ZEM,tut,18.9898
1939,latent,LT_ZEM,yi,35089.8
1939,latent,LT_ZEM,de,6217.42
1939,latent,LT_ZEM,ru,6395.94
1939,latent,LT_ZEM,lt,551771
1939,latent,LT_ZEM,cs,1.15802
1939,latent,LT_ZEM,lv,7136.85
1939,latent,LT_ZEM,csb,3.35551
1939,latent,LT_ZEM,rue,1.10714
1939,latent,LT_ZEM,rom,341.55
1939,latent,LT_ZEM,kdr,1.23469
1939,latent,LT_ZEM,other,1786.24
1939,latent,LT_SUV,pl,10299
1939,latent,LT_SUV,uk,54.4987
1939,latent,LT_SUV,be,2434.26
1939,latent,LT_SUV,tut,21.8912
1939,latent,LT_SUV,yi,26840.8
1939,latent,LT_SUV,de,18866.2
1939,latent,LT_SUV,ru,5200.33
1939,latent,LT_SUV,lt,436166
1939,latent,LT_SUV,cs,1.29539
1939,latent,LT_SUV,lv,67.2577
1939,latent,LT_SUV,csb,3.89491
1939,latent,LT_SUV,rue,1.29529
1939,latent,LT_SUV,rom,1619.93
1939,latent,LT_SUV,kdr,0.655097
1939,latent,LT_SUV,other,1466.97
1939,latent,LT_NEA,pl,20522.8
1939,latent,LT_NEA,uk,30.1485
1939,latent,LT_NEA,be,4334.94
1939,latent,LT_NEA,tut,11.9823
1939,latent,LT_NEA,yi,24365.1
1939,latent,LT_NEA,de,1090.25
1939,latent,LT_NEA,ru,27493.4
1939,latent,LT_NEA,lt,371650
1939,latent,LT_NEA,cs,0.728853
1939,latent,LT_NEA,lv,8877.39
1939,latent,LT_NEA,csb,2.11084
1939,latent,LT_NEA,rue,0.697569
1939,latent,LT_NEA,rom,16.1572
1939,latent,LT_NEA,kdr,0.821575
1939,latent,LT_NEA,other,1330.73
1939,latent,LT_KLA,pl,195.766
1939,latent,LT_KLA,uk,18.3856
1939,latent,LT_KLA,be,50.4623
1939,latent,LT_KLA,tut,7.24023
1939,latent,LT_KLA,yi,3207.09
1939,latent,LT_KLA,de,64407
1939,latent,LT_KLA,ru,1695.26
1939,latent,LT_KLA,lt,89777
1939,latent,LT_KLA,lv,54.6778
1939,latent,LT_KLA,csb,1.38837
1939,latent,LT_KLA,rom,13.3675
1939,latent,LT_KLA,other,1494.87
1939,lithuanian_1923,WAW,pl,975811
1939,lithuanian_1923,WAW,uk,16270.4
1939,lithuanian_1923,WAW,be,6602.83
1939,lithuanian_1923,WAW,tut,3687.01
1939,lithuanian_1923,WAW,yi,308490
1939,lithuanian_1923,WAW,de,6153.1
1939,lithuanian_1923,WAW,ru,6650.4
1939,lithuanian_1923,WAW,lt,1861.95
1939,lithuanian_1923,WAW,cs,221.33
1939,lithuanian_1923,WAW,lv,23.9562
1939,lithuanian_1923,WAW,csb,1029.81
1939,lithuanian_1923,WAW,rue,306.999
1939,lithuanian_1923,WAW,rom,770.402
1939,lithuanian_1923,WAW,kdr,4.96544
1939,lithuanian_1923,WAW,wym,5.50319
1939,lithuanian_1923,WAW,other,1465.73
1939,lithuanian_1923,WAR,pl,2.44301e+06
1939,lithuanian_1923,WAR,uk,6713.69
1939,lithuanian_1923,WAR,be,1988.49
1939,lithuanian_1923,WAR,tut,1193.45
1939,lithuanian_1923,WAR,yi,202130
1939,lithuanian_1923,WAR,de,49206.9
1939,lithuanian_1923,WAR,ru,8353.07
1939,lithuanian_1923,WAR,lt,645.376
1939,lithuanian_1923,WAR,cs,81.5644
1939,lithuanian_1923,WAR,lv,8.90546
1939,lithuanian_1923,WAR,csb,931.151
1939,lithuanian_1923,WAR,rue,127.478
1939,lithuanian_1923,WAR,rom,3263.22
1939,lithuanian_1923,WAR,kdr,1.84541
1939,lithuanian_1923,WAR,wym,2.52494
1939,lithuanian_1923,WAR,other,10108.1
1939,lithuanian_1923,LOD,pl,2.322e+06
1939,lithuanian_1923,LOD,uk,7546.81
1939,lithuanian_1923,LOD,be,3793.62
1939,lithuanian_1923,LOD,tut,2276.77
1939,lithuanian_1923,LOD,yi,340055
1939,lithuanian_1923,LOD,de,149515
1939,lithuanian_1923,LOD,ru,3413.76
1939,lithuanian_1923,LOD,lt,1230.21
1939,lithuanian_1923,LOD,cs,155.688
1939,lithuanian_1923,LOD,lv,16.9881
1939,lithuanian_1923,LOD,csb,1129.2
1939,lithuanian_1923,LOD,rue,268.261
1939,lithuanian_1923,LOD,rom,2290.01
1939,lithuanian_1923,LOD,kdr,3.53184
1939,lithuanian_1923,LOD,wym,5.68653
1939,lithuanian_1923,LOD,other,15202.6
1939,lithuanian_1923,KIE,pl,2.86242e+06
1939,lithuanian_1923,KIE,uk,6061.97
1939,lithuanian_1923,KIE,be,2185.94
1939,lithuanian_1923,KIE,tut,1309.68
1939,lithuanian_1923,KIE,yi,294103
1939,lithuanian_1923,KIE,de,13486
1939,lithuanian_1923,KIE,ru,3542.04
1939,lithuanian_1923,KIE,lt,710.334
1939,lithuanian_1923,KIE,cs,100.312
1939,lithuanian_1923,KIE,lv,9.79887
1939,lithuanian_1923,KIE,csb,569.866
1939,lithuanian_1923,KIE,rue,272.188
1939,lithuanian_1923,KIE,rom,3361.56
1939,lithuanian_1923,KIE,kdr,2.22987
1939,lithuanian_1923,KIE,wym,5.71161
1939,lithuanian_1923,KIE,other,8956.85
1939,lithuanian_1923,LUB,pl,2.28903e+06
1939,lithuanian_1923,LUB,uk,123642
1939,lithuanian_1923,LUB,be,4769.18
1939,lithuanian_1923,LUB,tut,1598.3
1939,lithuanian_1923,LUB,yi,228337
1939,lithuanian_1923,LUB,de,18154.2
1939,lithuanian_1923,LUB,ru,5673.64
1939,lithuanian_1923,LUB,lt,561.31
1939,lithuanian_1923,LUB,cs,161.515
1939,lithuanian_1923,LUB,lv,7.72524
1939,lithuanian_1923,LUB,csb,310.485
1939,lithuanian_1923,LUB,rue,182.788
1939,lithuanian_1923,LUB,rom,2243.96
1939,lithuanian_1923,LUB,kdr,2.00974
1939,lithuanian_1923,LUB,wym,2.5476
1939,lithuanian_1923,LUB,other,186.179
1939,lithuanian_1923,BIA,pl,1.30641e+06
1939,lithuanian_1923,BIA,uk,7116
1939,lithuanian_1923,BIA,be,222637
1939,lithuanian_1923,BIA,tut,1354.67
1939,lithuanian_1923,BIA,yi,185949
1939,lithuanian_1923,BIA,de,8805.98
1939,lithuanian_1923,BIA,ru,37025.7
1939,lithuanian_1923,BIA,lt,14843.2
1939,lithuanian_1923,BIA,cs,77.0689
1939,lithuanian_1923,BIA,lv,14.6846
1939,lithuanian_1923,BIA,csb,233.474
1939,lithuanian_1923,BIA,rue,80.0827
1939,lithuanian_1923,BIA,rom,1135.53
1939,lithuanian_1923,BIA,kdr,2.73209
1939,lithuanian_1923,BIA,wym,1.29298
1939,lithuanian_1923,BIA,other,1740.99
1939,lithuanian_1923,WIL,pl,830748
1939,lithuanian_1923,WIL,uk,1487.14
1939,lithuanian_1923,WIL,be,307240
1939,lithuanian_1923,WIL,tut,6028.84
1939,lithuanian_1923,WIL,yi,100964
1939,lithuanian_1923,WIL,de,1593.31
1939,lithuanian_1923,WIL,ru,43001.6
1939,lithuanian_1923,WIL,lt,70342.9
1939,lithuanian_1923,WIL,cs,34.548
1939,lithuanian_1923,WIL,lv,19.829
1939,lithuanian_1923,WIL,csb,99.0801
1939,lithuanian_1923,WIL,rue,33.8096
1939,lithuanian_1923,WIL,rom,1072.77
1939,lithuanian_1923,WIL,kdr,398.215
1939,lithuanian_1923,WIL,wym,0.554549
1939,lithuanian_1923,WIL,other,2147.02
1939,lithuanian_1923,NOW,pl,618626
1939,lithuanian_1923,NOW,uk,1809.85
1939,lithuanian_1923,NOW,be,442576
1939,lithuanian_1923,NOW,tut,639.502
1939,lithuanian_1923,NOW,yi,71887.4
1939,lithuanian_1923,NOW,de,235.698
1939,lithuanian_1923,NOW,ru,13664.2
1939,lithuanian_1923,NOW,lt,1530.68
1939,lithuanian_1923,NOW,cs,43.1971
1939,lithuanian_1923,NOW,lv,6.3385
1939,lithuanian_1923,NOW,csb,64.5526
1939,lithuanian_1923,NOW,rue,33.0989
1939,lithuanian_1923,NOW,rom,1066.28
1939,lithuanian_1923,NOW,kdr,1.20459
1939,lithuanian_1923,NOW,other,47.6288
1939,lithuanian_1923,POL,pl,241429
1939,lithuanian_1923,POL,uk,62987.1
1939,lithuanian_1923,POL,be,81778.8
1939,lithuanian_1923,POL,tut,768319
1939,lithuanian_1923,POL,yi,105701
1939,lithuanian_1923,POL,de,335.283
1939,lithuanian_1923,POL,ru,18197.4
1939,lithuanian_1923,POL,lt,312.651
1939,lithuanian_1923,POL,cs,56.5475
1939,lithuanian_1923,POL,lv,4.2986
1939,lithuanian_1923,POL,csb,101.379
1939,lithuanian_1923,POL,rue,52.2575
1939,lithuanian_1923,POL,rom,561.001
1939,lithuanian_1923,POL,kdr,0.937543
1939,lithuanian_1923,POL,wym,0.713572
1939,lithuanian_1923,POL,other,1168.45
1939,lithuanian_1923,WOL,pl,420279
1939,lithuanian_1923,WOL,uk,1.56388e+06
1939,lithuanian_1923,WOL,be,3420.69
1939,lithuanian_1923,WOL,tut,805.08
1939,lithuanian_1923,WOL,yi,192124
1939,lithuanian_1923,WOL,de,45794.9
1939,lithuanian_1923,WOL,ru,24515.6
1939,lithuanian_1923,WOL,lt,265.504
1939,lithuanian_1923,WOL,cs,32937.8
1939,lithuanian_1923,WOL,lv,3.69112
1939,lithuanian_1923,WOL,csb,97.301
1939,lithuanian_1923,WOL,rue,104.985
1939,lithuanian_1923,WOL,rom,1620.29
1939,lithuanian_1923,WOL,kdr,48.5942
1939,lithuanian_1923,WOL,wym,0.820654
1939,lithuanian_1923,WOL,other,4159.11
1939,lithuanian_1923,POZ,pl,2.06312e+06
1939,lithuanian_1923,POZ,uk,4509.14
1939,lithuanian_1923,POZ,be,2201.51
1939,lithuanian_1923,POZ,tut,1320.35
1939,lithuanian_1923,POZ,yi,11931.6
1939,lithuanian_1923,POZ,de,191466
1939,lithuanian_1923,POZ,ru,435.388
1939,lithuanian_1923,POZ,lt,716.189
1939,lithuanian_1923,POZ,cs,90.6123
1939,lithuanian_1923,POZ,lv,9.88849
1939,lithuanian_1923,POZ,csb,1134.43
1939,lithuanian_1923,POZ,rue,167.136
1939,lithuanian_1923,POZ,rom,677.664
1939,lithuanian_1923,POZ,kdr,2.07249
1939,lithuanian_1923,POZ,wym,3.53934
1939,lithuanian_1923,POZ,other,262.661
1939,lithuanian_1923,POM,pl,884529
1939,lithuanian_1923,POM,uk,3159.89
1939,lithuanian_1923,POM,be,1589.09
1939,lithuanian_1923,POM,tut,950.362
1939,lithuanian_1923,POM,yi,7602.85
1939,lithuanian_1923,POM,de,106824
1939,lithuanian_1923,POM,ru,316.985
1939,lithuanian_1923,POM,lt,516.362
1939,lithuanian_1923,POM,cs,65.0885
1939,lithuanian_1923,POM,lv,7.10076
1939,lithuanian_1923,POM,csb,203690
1939,lithuanian_1923,POM,rue,107.143
1939,lithuanian_1923,POM,rom,431.712
1939,lithuanian_1923,POM,kdr,1.47266
1939,lithuanian_1923,POM,wym,2.21354
1939,lithuanian_1923,POM,other,2261.1
1939,lithuanian_1923,SLA,pl,1.32905e+06
1939,lithuanian_1923,SLA,uk,7991.66
1939,lithuanian_1923,SLA,be,2184.7
1939,lithuanian_1923,SLA,tut,1370.64
1939,lithuanian_1923,SLA,yi,14153
1939,lithuanian_1923,SLA,de,94702.6
1939,lithuanian_1923,SLA,ru,433.119
1939,lithuanian_1923,SLA,lt,671.903
1939,lithuanian_1923,SLA,cs,109.809
1939,lithuanian_1923,SLA,lv,9.25124
1939,lithuanian_1923,SLA,csb,629.755
1939,lithuanian_1923,SLA,rue,395.398
1939,lithuanian_1923,SLA,rom,750.456
1939,lithuanian_1923,SLA,kdr,2.35348
1939,lithuanian_1923,SLA,wym,8.32174
1939,lithuanian_1923,SLA,other,2745.15
1939,lithuanian_1923,KRA,pl,2.23507e+06
1939,lithuanian_1923,KRA,uk,6621.65
1939,lithuanian_1923,KRA,be,1655.06
1939,lithuanian_1923,KRA,tut,1107.9
1939,lithuanian_1923,KRA,yi,124986
1939,lithuanian_1923,KRA,de,10256.2
1939,lithuanian_1923,KRA,ru,319.4
1939,lithuanian_1923,KRA,lt,474.664
1939,lithuanian_1923,KRA,cs,90.8552
1939,lithuanian_1923,KRA,lv,6.53541
1939,lithuanian_1923,KRA,csb,367.093
1939,lithuanian_1923,KRA,rue,63487
1939,lithuanian_1923,KRA,rom,6331.5
1939,lithuanian_1923,KRA,kdr,1.77628
1939,lithuanian_1923,KRA,wym,1302.92
1939,lithuanian_1923,KRA,other,2437.43
1939,lithuanian_1923,LWO,pl,1.90406e+06
1939,lithuanian_1923,LWO,uk,1.09592e+06
1939,lithuanian_1923,LWO,be,1824.58
1939,lithuanian_1923,LWO,tut,1362.23
1939,lithuanian_1923,LWO,yi,223504
1939,lithuanian_1923,LWO,de,13162.6
1939,lithuanian_1923,LWO,ru,409.992
1939,lithuanian_1923,LWO,lt,436.813
1939,lithuanian_1923,LWO,cs,250.132
1939,lithuanian_1923,LWO,lv,6.01725
1939,lithuanian_1923,LWO,csb,202.828
1939,lithuanian_1923,LWO,rue,61989.8
1939,lithuanian_1923,LWO,rom,5275.05
1939,lithuanian_1923,LWO,kdr,2.93847
1939,lithuanian_1923,LWO,wym,3.71203
1939,lithuanian_1923,LWO,other,9286.86
1939,lithuanian_1923,STA,pl,360348
1939,lithuanian_1923,STA,uk,1.08018e+06
1939,lithuanian_1923,STA,be,541.515
1939,lithuanian_1923,STA,tut,405.543
1939,lithuanian_1923,STA,yi,99433.5
1939,lithuanian_1923,STA,de,17321.7
1939,lithuanian_1923,STA,ru,121.84
1939,lithuanian_1923,STA,lt,129.486
1939,lithuanian_1923,STA,cs,74.254
1939,lithuanian_1923,STA,lv,1.786
1939,lithuanian_1923,STA,csb,60.2461
1939,lithuanian_1923,STA,rue,141.72
1939,lithuanian_1923,STA,rom,2063.1
1939,lithuanian_1923,STA,kdr,102.745
1939,lithuanian_1923,STA,wym,1.10261
1939,lithuanian_1923,STA,other,5636.08
1939,lithuanian_1923,TAR,pl,815341
1939,lithuanian_1923,TAR,uk,765200
1939,lithuanian_1923,TAR,be,537.389
1939,lithuanian_1923,TAR,tut,402.814
1939,lithuanian_1923,TAR,yi,73532.3
1939,lithuanian_1923,TAR,de,3373.74
1939,lithuanian_1923,TAR,ru,120.904
1939,lithuanian_1923,TAR,lt,128.529
1939,lithuanian_1923,TAR,cs,73.7648
1939,lithuanian_1923,TAR,lv,1.77277
1939,lithuanian_1923,TAR,csb,59.8617
1939,lithuanian_1923,TAR,rue,140.746
1939,lithuanian_1923,TAR,rom,1057.56
1939,lithuanian_1923,TAR,kdr,0.933994
1939,lithuanian_1923,TAR,wym,1.09776
1939,lithuanian_1923,TAR,other,1614.04
1939,lithuanian_1923,LT_KAU,pl,9314.27
1939,lithuanian_1923,LT_KAU,uk,62.6034
1939,lithuanian_1923,LT_KAU,be,154.599
1939,lithuanian_1923,LT_KAU,tut,24.7578
1939,lithuanian_1923,LT_KAU,yi,36722.3
1939,lithuanian_1923,LT_KAU,de,8268.17
1939,lithuanian_1923,LT_KAU,ru,13965.4
1939,lithuanian_1923,LT_KAU,lt,220128
1939,lithuanian_1923,LT_KAU,cs,1.51174
1939,lithuanian_1923,LT_KAU,lv,94.5718
1939,lithuanian_1923,LT_KAU,csb,4.37935
1939,lithuanian_1923,LT_KAU,rue,1.44399
1939,lithuanian_1923,LT_KAU,rom,980.63
1939,lithuanian_1923,LT_KAU,kdr,0.922622
1939,lithuanian_1923,LT_KAU,other,3378.77
1939,lithuanian_1923,LT_LAU,pl,9719.62
1939,lithuanian_1923,LT_LAU,uk,38.0655
1939,lithuanian_1923,LT_LAU,be,118.091
1939,lithuanian_1923,LT_LAU,tut,15.0892
1939,lithuanian_1923,LT_LAU,yi,33393.9
1939,lithuanian_1923,LT_LAU,de,2915.65
1939,lithuanian_1923,LT_LAU,ru,11040.2
1939,lithuanian_1923,LT_LAU,lt,485451
1939,lithuanian_1923,LT_LAU,cs,0.922242
1939,lithuanian_1923,LT_LAU,lv,1168.02
1939,lithuanian_1923,LT_LAU,csb,2.673
1939,lithuanian_1923,LT_LAU,rue,0.88077
1939,lithuanian_1923,LT_LAU,rom,27.0191
1939,lithuanian_1923,LT_LAU,kdr,97.9364
1939,lithuanian_1923,LT_LAU,other,1480.76
1939,lithuanian_1923,LT_ZEM,pl,2622.39
1939,lithuanian_1923,LT_ZEM,uk,47.8614
1939,lithuanian_1923,LT_ZEM,be,131.909
1939,lithuanian_1923,LT_ZEM,tut,18.9898
1939,lithuanian_1923,LT_ZEM,yi,35089.8
1939,lithuanian_1923,LT_ZEM,de,6217.42
1939,lithuanian_1923,LT_ZEM,ru,6395.94
1939,lithuanian_1923,LT_ZEM,lt,555661
1939,lithuanian_1923,LT_ZEM,cs,1.15802
1939,lithuanian_1923,LT_ZEM,lv,7136.85
1939,lithuanian_1923,LT_ZEM,csb,3.35551
1939,lithuanian_1923,LT_ZEM,rue,1.10714
1939,lithuanian_1923,LT_ZEM,rom,341.55
1939,lithuanian_1923,LT_ZEM,kdr,1.23469
1939,lithuanian_1923,LT_ZEM,other,1786.24
1939,lithuanian_1923,LT_SUV,pl,4141.73
1939,lithuanian_1923,LT_SUV,uk,54.4987
1939,lithuanian_1923,LT_SUV,be,2434.26
1939,lithuanian_1923,LT_SUV,tut,21.8912
1939,lithuanian_1923,LT_SUV,yi,26840.8
1939,lithuanian_1923,LT_SUV,de,18866.2
1939,lithuanian_1923,LT_SUV,ru,5200.33
1939,lithuanian_1923,LT_SUV,lt,442323
1939,lithuanian_1923,LT_SUV,cs,1.29539
1939,lithuanian_1923,LT_SUV,lv,67.2577
1939,lithuanian_1923,LT_SUV,csb,3.89491
1939,lithuanian_1923,LT_SUV,rue,1.29529
1939,lithuanian_1923,LT_SUV,rom,1619.93
1939,lithuanian_1923,LT_SUV,kdr,0.655097
1939,lithuanian_1923,LT_SUV,other,1466.97
1939,lithuanian_1923,LT_NEA,pl,8229.24
1939,lithuanian_1923,LT_NEA,uk,30.1485
1939,lithuanian_1923,LT_NEA,be,4334.94
1939,lithuanian_1923,LT_NEA,tut,11.9823
1939,lithuanian_1923,LT_NEA,yi,24365.1
1939,lithuanian_1923,LT_NEA,de,1090.25
1939,lithuanian_1923,LT_NEA,ru,27493.4
1939,lithuanian_1923,LT_NEA,lt,383944
1939,lithuanian_1923,LT_NEA,cs,0.728853
1939,lithuanian_1923,LT_NEA,lv,8877.39
1939,lithuanian_1923,LT_NEA,csb,2.11084
1939,lithuanian_1923,LT_NEA,rue,0.697569
1939,lithuanian_1923,LT_NEA,rom,16.1572
1939,lithuanian_1923,LT_NEA,kdr,0.821575
1939,lithuanian_1923,LT_NEA,other,1330.73
1939,lithuanian_1923,LT_KLA,pl,83.4917
1939,lithuanian_1923,LT_KLA,uk,18.3856
1939,lithuanian_1923,LT_KLA,be,50.4623
1939,lithuanian_1923,LT_KLA,tut,7.24023
1939,lithuanian_1923,LT_KLA,yi,3207.09
1939,lithuanian_1923,LT_KLA,de,64407
1939,lithuanian_1923,LT_KLA,ru,1695.26
1939,lithuanian_1923,LT_KLA,lt,89889.3
1939,lithuanian_1923,LT_KLA,lv,54.6778
1939,lithuanian_1923,LT_KLA,csb,1.38837
1939,lithuanian_1923,LT_KLA,rom,13.3675
1939,lithuanian_1923,LT_KLA,other,1494.87
1939,modern_selfid,WAW,pl,1.01466e+06
1939,modern_selfid,WAW,uk,16231.8
1939,modern_selfid,WAW,be,6750.8
1939,modern_selfid,WAW,tut,921.752
1939,modern_selfid,WAW,yi,273988
1939,modern_selfid,WAW,de,5553.87
1939,modern_selfid,WAW,ru,6000.99
1939,modern_selfid,WAW,lt,1861.95
1939,modern_selfid,WAW,cs,204.179
1939,modern_selfid,WAW,lv,23.6455
1939,modern_selfid,WAW,csb,793.916
1939,modern_selfid,WAW,rue,268.436
1939,modern_selfid,WAW,rom,617.484
1939,modern_selfid,WAW,kdr,3.81403
1939,modern_selfid,WAW,wym,4.09188
1939,modern_selfid,WAW,other,1465.73
1939,modern_selfid,WAR,pl,2.46879e+06
1939,modern_selfid,WAR,uk,6639.13
1939,modern_selfid,WAR,be,2061.01
1939,modern_selfid,WAR,tut,298.363
1939,modern_selfid,WAR,yi,182361
1939,modern_selfid,WAR,de,45500.1
1939,modern_selfid,WAR,ru,7723.13
1939,modern_selfid,WAR,lt,645.376
1939,modern_selfid,WAR,cs,75.4116
1939,modern_selfid,WAR,lv,8.79831
1939,modern_selfid,WAR,csb,723.332
1939,modern_selfid,WAR,rue,111.959
1939,modern_selfid,WAR,rom,2719.76
1939,modern_selfid,WAR,kdr,1.4271
1939,modern_selfid,WAR,wym,1.8833
1939,modern_selfid,WAR,other,10108.1
1939,modern_selfid,LOD,pl,2.37263e+06
1939,modern_selfid,LOD,uk,7704.02
1939,modern_selfid,LOD,be,3927.33
1939,modern_selfid,LOD,tut,569.191
1939,modern_selfid,LOD,yi,304997
1939,modern_selfid,LOD,de,136347
1939,modern_selfid,LOD,ru,3137.32
1939,modern_selfid,LOD,lt,1230.21
1939,modern_selfid,LOD,cs,143.838
1939,modern_selfid,LOD,lv,16.7804
1939,modern_selfid,LOD,csb,874.917
1939,modern_selfid,LOD,rue,235.222
1939,modern_selfid,LOD,rom,1883.06
1939,modern_selfid,LOD,kdr,2.72552
1939,modern_selfid,LOD,wym,4.2377
1939,modern_selfid,LOD,other,15202.6
1939,modern_selfid,KIE,pl,2.89391e+06
1939,modern_selfid,KIE,uk,6052.1
1939,modern_selfid,KIE,be,2266.46
1939,modern_selfid,KIE,tut,327.42
1939,modern_selfid,KIE,yi,265538
1939,modern_selfid,KIE,de,12459.1
1939,modern_selfid,KIE,ru,3278.87
1939,modern_selfid,KIE,lt,710.334
1939,modern_selfid,KIE,cs,92.7734
1939,modern_selfid,KIE,lv,9.6834
1939,modern_selfid,KIE,csb,443.003
1939,modern_selfid,KIE,rue,239.199
1939,modern_selfid,KIE,rom,2808.31
1939,modern_selfid,KIE,kdr,1.72391
1939,modern_selfid,KIE,wym,4.26386
1939,modern_selfid,KIE,other,8956.85
1939,modern_selfid,LUB,pl,2.31998e+06
1939,modern_selfid,LUB,uk,117594
1939,modern_selfid,LUB,be,4579.48
1939,modern_selfid,LUB,tut,399.574
1939,modern_selfid,LUB,yi,207002
1939,modern_selfid,LUB,de,16847.2
1939,modern_selfid,LUB,ru,5269.1
1939,modern_selfid,LUB,lt,561.31
1939,modern_selfid,LUB,cs,149.481
1939,modern_selfid,LUB,lv,7.63606
1939,modern_selfid,LUB,csb,241.792
1939,modern_selfid,LUB,rue,160.872
1939,modern_selfid,LUB,rom,1886.94
1939,modern_selfid,LUB,kdr,1.55528
1939,modern_selfid,LUB,wym,1.90408
1939,modern_selfid,LUB,other,186.179
1939,modern_selfid,BIA,pl,1.35412e+06
1939,modern_selfid,BIA,uk,7092.54
1939,modern_selfid,BIA,be,197222
1939,modern_selfid,BIA,tut,338.668
1939,modern_selfid,BIA,yi,168288
1939,modern_selfid,BIA,de,8159.39
1939,modern_selfid,BIA,ru,34325.2
1939,modern_selfid,BIA,lt,14843.2
1939,modern_selfid,BIA,cs,71.3178
1939,modern_selfid,BIA,lv,14.514
1939,modern_selfid,BIA,csb,181.767
1939,modern_selfid,BIA,rue,70.4563
1939,modern_selfid,BIA,rom,951.79
1939,modern_selfid,BIA,kdr,2.11921
1939,modern_selfid,BIA,wym,0.965771
1939,modern_selfid,BIA,other,1740.99
1939,modern_selfid,WIL,pl,881103
1939,modern_selfid,WIL,uk,2916.37
1939,modern_selfid,WIL,be,273159
1939,modern_selfid,WIL,tut,1507.21
1939,modern_selfid,WIL,yi,91319.8
1939,modern_selfid,WIL,de,1478.39
1939,modern_selfid,WIL,ru,39872.8
1939,modern_selfid,WIL,lt,70342.9
1939,modern_selfid,WIL,cs,31.9636
1939,modern_selfid,WIL,lv,19.6003
1939,modern_selfid,WIL,csb,77.0885
1939,modern_selfid,WIL,rue,29.7248
1939,modern_selfid,WIL,rom,899.125
1939,modern_selfid,WIL,kdr,306.826
1939,modern_selfid,WIL,other,2147.02
1939,modern_selfid,NOW,pl,673224
1939,modern_selfid,NOW,uk,1877.54
1939,modern_selfid,NOW,be,395851
1939,modern_selfid,NOW,tut,159.875
1939,modern_selfid,NOW,yi,65557.6
1939,modern_selfid,NOW,de,217.754
1939,modern_selfid,NOW,ru,12737.3
1939,modern_selfid,NOW,lt,1530.68
1939,modern_selfid,NOW,cs,40.0146
1939,modern_selfid,NOW,lv,6.27011
1939,modern_selfid,NOW,csb,50.3953
1939,modern_selfid,NOW,rue,29.1725
1939,modern_selfid,NOW,rom,901.506
1939,modern_selfid,NOW,kdr,0.936297
1939,modern_selfid,NOW,other,47.6288
1939,modern_selfid,POL,pl,455747
1939,modern_selfid,POL,uk,252274
1939,modern_selfid,POL,be,265443
1939,modern_selfid,POL,tut,192080
1939,modern_selfid,POL,yi,96056.3
1939,modern_selfid,POL,de,308.757
1939,modern_selfid,POL,ru,16957.7
1939,modern_selfid,POL,lt,312.651
1939,modern_selfid,POL,cs,52.4429
1939,modern_selfid,POL,lv,4.25704
1939,modern_selfid,POL,csb,79.3861
1939,modern_selfid,POL,rue,46.1861
1939,modern_selfid,POL,rom,475.185
1939,modern_selfid,POL,kdr,0.729862
1939,modern_selfid,POL,wym,0.535521
1939,modern_selfid,POL,other,1168.45
1939,modern_selfid,WOL,pl,514023
1939,modern_selfid,WOL,uk,1.49563e+06
1939,modern_selfid,WOL,be,3258.47
1939,modern_selfid,WOL,tut,201.27
1939,modern_selfid,WOL,yi,174766
1939,modern_selfid,WOL,de,42694.6
1939,modern_selfid,WOL,ru,22853.8
1939,modern_selfid,WOL,lt,265.504
1939,modern_selfid,WOL,cs,30623.5
1939,modern_selfid,WOL,lv,3.65531
1939,modern_selfid,WOL,csb,76.0859
1939,modern_selfid,WOL,rue,92.767
1939,modern_selfid,WOL,rom,1372.56
1939,modern_selfid,WOL,kdr,37.8869
1939,modern_selfid,WOL,wym,0.615556
1939,modern_selfid,WOL,other,4159.11
1939,modern_selfid,POZ,pl,2.0816e+06
1939,modern_selfid,POZ,uk,4590.04
1939,modern_selfid,POZ,be,2276.87
1939,modern_selfid,POZ,tut,330.087
1939,modern_selfid,POZ,yi,10613.9
1939,modern_selfid,POZ,de,175574
1939,modern_selfid,POZ,ru,403.943
1939,modern_selfid,POZ,lt,716.189
1939,modern_selfid,POZ,cs,83.6839
1939,modern_selfid,POZ,lv,9.76208
1939,modern_selfid,POZ,csb,878.426
1939,modern_selfid,POZ,rue,146.431
1939,modern_selfid,POZ,rom,556.949
1939,modern_selfid,POZ,kdr,1.59835
1939,modern_selfid,POZ,wym,2.6346
1939,modern_selfid,POZ,other,262.661
1939,modern_selfid,POM,pl,939472
1939,modern_selfid,POM,uk,3225.5
1939,modern_selfid,POM,be,1644.45
1939,modern_selfid,POM,tut,237.59
1939,modern_selfid,POM,yi,6773.77
1939,modern_selfid,POM,de,98098.7
1939,modern_selfid,POM,ru,294.281
1939,modern_selfid,POM,lt,516.362
1939,modern_selfid,POM,cs,60.1476
1939,modern_selfid,POM,lv,7.01232
1939,modern_selfid,POM,csb,159011
1939,modern_selfid,POM,rue,93.9825
1939,modern_selfid,POM,rom,356.31
1939,modern_selfid,POM,kdr,1.13755
1939,modern_selfid,POM,wym,1.64868
1939,modern_selfid,POM,other,2261.1
1939,modern_selfid,SLA,pl,1.34155e+06
1939,modern_selfid,SLA,uk,7867.15
1939,modern_selfid,SLA,be,2273.98
1939,modern_selfid,SLA,tut,342.661
1939,modern_selfid,SLA,yi,12599.4
1939,modern_selfid,SLA,de,85187.5
1939,modern_selfid,SLA,ru,401.674
1939,modern_selfid,SLA,lt,671.903
1939,modern_selfid,SLA,cs,101.373
1939,modern_selfid,SLA,lv,9.13282
1939,modern_selfid,SLA,csb,486.88
1939,modern_selfid,SLA,rue,346.181
1939,modern_selfid,SLA,rom,616.131
1939,modern_selfid,SLA,kdr,1.80956
1939,modern_selfid,SLA,wym,6.19298
1939,modern_selfid,SLA,other,2745.15
1939,modern_selfid,KRA,pl,2.25863e+06
1939,modern_selfid,KRA,uk,6514.11
1939,modern_selfid,KRA,be,1742.77
1939,modern_selfid,KRA,tut,276.976
1939,modern_selfid,KRA,yi,112566
1939,modern_selfid,KRA,de,9358.62
1939,modern_selfid,KRA,ru,296.479
1939,modern_selfid,KRA,lt,474.664
1939,modern_selfid,KRA,cs,83.9409
1939,modern_selfid,KRA,lv,6.45822
1939,modern_selfid,KRA,csb,284.523
1939,modern_selfid,KRA,rue,55625.4
1939,modern_selfid,KRA,rom,5238.56
1939,modern_selfid,KRA,kdr,1.36775
1939,modern_selfid,KRA,wym,982.848
1939,modern_selfid,KRA,other,2437.43
1939,modern_selfid,LWO,pl,2.00608e+06
1939,modern_selfid,LWO,uk,1.02605e+06
1939,modern_selfid,LWO,be,1958.89
1939,modern_selfid,LWO,tut,340.558
1939,modern_selfid,LWO,yi,201812
1939,modern_selfid,LWO,de,12098
1939,modern_selfid,LWO,ru,380.715
1939,modern_selfid,LWO,lt,436.813
1939,modern_selfid,LWO,cs,231.188
1939,modern_selfid,LWO,lv,5.94658
1939,modern_selfid,LWO,csb,157.267
1939,modern_selfid,LWO,rue,54470.3
1939,modern_selfid,LWO,rom,4380.46
1939,modern_selfid,LWO,kdr,2.25662
1939,modern_selfid,LWO,wym,2.77003
1939,modern_selfid,LWO,other,9286.86
1939,modern_selfid,STA,pl,438529
1939,modern_selfid,STA,uk,1.01346e+06
1939,modern_selfid,STA,be,582.857
1939,modern_selfid,STA,tut,101.386
1939,modern_selfid,STA,yi,90002.7
1939,modern_selfid,STA,de,15961.1
1939,modern_selfid,STA,ru,113.274
1939,modern_selfid,STA,lt,129.486
1939,modern_selfid,STA,cs,68.7069
1939,modern_selfid,STA,lv,1.76688
1939,modern_selfid,STA,csb,46.8465
1939,modern_selfid,STA,rue,124.73
1939,modern_selfid,STA,rom,1721.38
1939,modern_selfid,STA,kdr,78.8698
1939,modern_selfid,STA,wym,0.824584
1939,modern_selfid,STA,other,5636.08
1939,modern_selfid,TAR,pl,871149
1939,modern_selfid,TAR,uk,717118
1939,modern_selfid,TAR,be,577.881
1939,modern_selfid,TAR,tut,100.704
1939,modern_selfid,TAR,yi,66558.1
1939,modern_selfid,TAR,de,3105.37
1939,modern_selfid,TAR,ru,112.336
1939,modern_selfid,TAR,lt,128.529
1939,modern_selfid,TAR,cs,68.2202
1939,modern_selfid,TAR,lv,1.75272
1939,modern_selfid,TAR,csb,46.5031
1939,modern_selfid,TAR,rue,123.712
1939,modern_selfid,TAR,rom,880.635
1939,modern_selfid,TAR,kdr,0.717997
1939,modern_selfid,TAR,wym,0.820423
1939,modern_selfid,TAR,other,1614.04
1939,modern_selfid,LT_KAU,pl,21160.6
1939,modern_selfid,LT_KAU,uk,67.9304
1939,modern_selfid,LT_KAU,be,149.276
1939,modern_selfid,LT_KAU,tut,6.18946
1939,modern_selfid,LT_KAU,yi,33543.5
1939,modern_selfid,LT_KAU,de,7626.16
1939,modern_selfid,LT_KAU,ru,12879.9
1939,modern_selfid,LT_KAU,lt,213388
1939,modern_selfid,LT_KAU,cs,1.49302
1939,modern_selfid,LT_KAU,lv,86.563
1939,modern_selfid,LT_KAU,csb,4.25082
1939,modern_selfid,LT_KAU,rue,1.40515
1939,modern_selfid,LT_KAU,rom,807.563
1939,modern_selfid,LT_KAU,kdr,0.743984
1939,modern_selfid,LT_KAU,other,3378.77
1939,modern_selfid,LT_LAU,pl,24236.9
1939,modern_selfid,LT_LAU,uk,41.327
1939,modern_selfid,LT_LAU,be,110.767
1939,modern_selfid,LT_LAU,tut,3.7723
1939,modern_selfid,LT_LAU,yi,30707.3
1939,modern_selfid,LT_LAU,de,2699.14
1939,modern_selfid,LT_LAU,ru,10255.3
1939,modern_selfid,LT_LAU,lt,474760
1939,modern_selfid,LT_LAU,cs,0.911111
1939,modern_selfid,LT_LAU,lv,1070.75
1939,modern_selfid,LT_LAU,csb,2.59655
1939,modern_selfid,LT_LAU,rue,0.857685
1939,modern_selfid,LT_LAU,rom,22.7163
1939,modern_selfid,LT_LAU,kdr,76.6781
1939,modern_selfid,LT_LAU,other,1480.76
1939,modern_selfid,LT_ZEM,pl,6516.83
1939,modern_selfid,LT_ZEM,uk,51.9664
1939,modern_selfid,LT_ZEM,be,125.628
1939,modern_selfid,LT_ZEM,tut,4.74744
1939,modern_selfid,LT_ZEM,yi,32262.7
1939,modern_selfid,LT_ZEM,de,5757.49
1939,modern_selfid,LT_ZEM,ru,5942.18
1939,modern_selfid,LT_ZEM,lt,556171
1939,modern_selfid,LT_ZEM,cs,1.14404
1939,modern_selfid,LT_ZEM,lv,6545.33
1939,modern_selfid,LT_ZEM,csb,3.25953
1939,modern_selfid,LT_ZEM,rue,1.07809
1939,modern_selfid,LT_ZEM,rom,285.693
1939,modern_selfid,LT_ZEM,kdr,0.981291
1939,modern_selfid,LT_ZEM,other,1786.24
1939,modern_selfid,LT_SUV,pl,10304.5
1939,modern_selfid,LT_SUV,uk,59.2973
1939,modern_selfid,LT_SUV,be,2027.01
1939,modern_selfid,LT_SUV,tut,5.4728
1939,modern_selfid,LT_SUV,yi,24704.1
1939,modern_selfid,LT_SUV,de,17471.7
1939,modern_selfid,LT_SUV,ru,4830.05
1939,modern_selfid,LT_SUV,lt,440754
1939,modern_selfid,LT_SUV,cs,1.28089
1939,modern_selfid,LT_SUV,lv,61.5825
1939,modern_selfid,LT_SUV,csb,3.79274
1939,modern_selfid,LT_SUV,rue,1.2642
1939,modern_selfid,LT_SUV,rom,1352.99
1939,modern_selfid,LT_SUV,kdr,0.528892
1939,modern_selfid,LT_SUV,other,1466.97
1939,modern_selfid,LT_NEA,pl,20525.8
1939,modern_selfid,LT_NEA,uk,32.7522
1939,modern_selfid,LT_NEA,be,3601.4
1939,modern_selfid,LT_NEA,tut,2.99557
1939,modern_selfid,LT_NEA,yi,22468.8
1939,modern_selfid,LT_NEA,de,1010.03
1939,modern_selfid,LT_NEA,ru,25578.3
1939,modern_selfid,LT_NEA,lt,377011
1939,modern_selfid,LT_NEA,cs,0.720347
1939,modern_selfid,LT_NEA,lv,8147.57
1939,modern_selfid,LT_NEA,csb,2.05233
1939,modern_selfid,LT_NEA,rue,0.67985
1939,modern_selfid,LT_NEA,rom,13.6262
1939,modern_selfid,LT_NEA,kdr,0.652371
1939,modern_selfid,LT_NEA,other,1330.73
1939,modern_selfid,LT_KLA,pl,197.576
1939,modern_selfid,LT_KLA,uk,19.9456
1939,modern_selfid,LT_KLA,be,47.991
1939,modern_selfid,LT_KLA,tut,1.81006
1939,modern_selfid,LT_KLA,yi,2933.67
1939,modern_selfid,LT_KLA,de,59432.4
1939,modern_selfid,LT_KLA,ru,1565.97
1939,modern_selfid,LT_KLA,lt,95165.8
1939,modern_selfid,LT_KLA,lv,50.0337
1939,modern_selfid,LT_KLA,csb,1.34769
1939,modern_selfid,LT_KLA,rom,11.2127
1939,modern_selfid,LT_KLA,other,1494.87
1939,polish_1931,WAW,pl,981826
1939,polish_1931,WAW,uk,12585.9
1939,polish_1931,WAW,ruth,3037.22
1939,polish_1931,WAW,be,5006.67
1939,polish_1931,WAW,tut,3170.83
1939,polish_1931,WAW,yi,279513
1939,polish_1931,WAW,he,28977.2
1939,polish_1931,WAW,de,5599.36
1939,polish_1931,WAW,ru,6167.4
1939,polish_1931,WAW,lt,1640.2
1939,polish_1931,WAW,cs,221.33
1939,polish_1931,WAW,lv,23.9562
1939,polish_1931,WAW,other,1586.25
1939,polish_1931,WAR,pl,2.45223e+06
1939,polish_1931,WAR,uk,5134.8
1939,polish_1931,WAR,ruth,1308.28
1939,polish_1931,WAR,be,1516.78
1939,polish_1931,WAR,tut,1026.37
1939,polish_1931,WAR,yi,185149
1939,polish_1931,WAR,he,16981.4
1939,polish_1931,WAR,de,45594
1939,polish_1931,WAR,ru,7571.99
1939,polish_1931,WAR,lt,569.453
1939,polish_1931,WAR,cs,81.5644
1939,polish_1931,WAR,lv,8.90546
1939,polish_1931,WAR,other,10599.4
1939,polish_1931,LOD,pl,2.33834e+06
1939,polish_1931,LOD,uk,5885.11
1939,polish_1931,LOD,ruth,1511
1939,polish_1931,LOD,be,2889.51
1939,polish_1931,LOD,tut,1958.02
1939,polish_1931,LOD,yi,311432
1939,polish_1931,LOD,he,28623.8
1939,polish_1931,LOD,de,138280
1939,polish_1931,LOD,ru,3176.19
1939,polish_1931,LOD,lt,1084.91
1939,polish_1931,LOD,cs,155.688
1939,polish_1931,LOD,lv,16.9881
1939,polish_1931,LOD,other,15549.6
1939,polish_1931,KIE,pl,2.86834e+06
1939,polish_1931,KIE,uk,4474.69
1939,polish_1931,KIE,ruth,1507.45
1939,polish_1931,KIE,be,1668.05
1939,polish_1931,KIE,tut,1126.32
1939,polish_1931,KIE,yi,269390
1939,polish_1931,KIE,he,24713.3
1939,polish_1931,KIE,de,12425.3
1939,polish_1931,KIE,ru,3247.31
1939,polish_1931,KIE,lt,626.985
1939,polish_1931,KIE,cs,100.312
1939,polish_1931,KIE,lv,9.79887
1939,polish_1931,KIE,other,9463.32
1939,polish_1931,LUB,pl,2.30331e+06
1939,polish_1931,LUB,uk,102129
1939,polish_1931,LUB,ruth,13455.8
1939,polish_1931,LUB,be,3034.51
1939,polish_1931,LUB,tut,1374.53
1939,polish_1931,LUB,yi,209114
1939,polish_1931,LUB,he,19223.5
1939,polish_1931,LUB,de,16821.1
1939,polish_1931,LUB,ru,5208.7
1939,polish_1931,LUB,lt,495.603
1939,polish_1931,LUB,cs,161.515
1939,polish_1931,LUB,lv,7.72524
1939,polish_1931,LUB,other,524.782
1939,polish_1931,BIA,pl,1.36449e+06
1939,polish_1931,BIA,uk,6114.66
1939,polish_1931,BIA,ruth,647.688
1939,polish_1931,BIA,be,166744
1939,polish_1931,BIA,tut,1165.02
1939,polish_1931,BIA,yi,170280
1939,polish_1931,BIA,he,15668.8
1939,polish_1931,BIA,de,8153.8
1939,polish_1931,BIA,ru,39598.7
1939,polish_1931,BIA,lt,12561.3
1939,polish_1931,BIA,cs,77.0689
1939,polish_1931,BIA,lv,14.6846
1939,polish_1931,BIA,other,1914.05
1939,polish_1931,WIL,pl,925030
1939,polish_1931,WIL,uk,1412.12
1939,polish_1931,WIL,ruth,249.847
1939,polish_1931,WIL,be,221843
1939,polish_1931,WIL,tut,5184.8
1939,polish_1931,WIL,yi,92426.6
1939,polish_1931,WIL,he,8537.27
1939,polish_1931,WIL,de,1471.94
1939,polish_1931,WIL,ru,46852.9
1939,polish_1931,WIL,lt,59441.8
1939,polish_1931,WIL,cs,34.548
1939,polish_1931,WIL,lv,19.829
1939,polish_1931,WIL,other,2706.15
1939,polish_1931,NOW,pl,705080
1939,polish_1931,NOW,uk,1466.72
1939,polish_1931,NOW,ruth,280.181
1939,polish_1931,NOW,be,346086
1939,polish_1931,NOW,tut,549.972
1939,polish_1931,NOW,yi,65801.1
1939,polish_1931,NOW,he,6086.33
1939,polish_1931,NOW,de,213.144
1939,polish_1931,NOW,ru,25096.6
1939,polish_1931,NOW,lt,1313.44
1939,polish_1931,NOW,cs,43.1971
1939,polish_1931,NOW,lv,6.3385
1939,polish_1931,NOW,other,208.776
1939,polish_1931,POL,pl,309735
1939,polish_1931,POL,uk,88161.1
1939,polish_1931,POL,ruth,1215.77
1939,polish_1931,POL,be,94828
1939,polish_1931,POL,tut,660754
1939,polish_1931,POL,yi,96781
1939,polish_1931,POL,he,8919.96
1939,polish_1931,POL,de,302.187
1939,polish_1931,POL,ru,18718.1
1939,polish_1931,POL,lt,276.698
1939,polish_1931,POL,cs,56.5475
1939,polish_1931,POL,lv,4.2986
1939,polish_1931,POL,other,1253.54
1939,polish_1931,WOL,pl,537774
1939,polish_1931,WOL,uk,1.43551e+06
1939,polish_1931,WOL,ruth,19021.2
1939,polish_1931,WOL,be,2612.62
1939,polish_1931,WOL,tut,692.369
1939,polish_1931,WOL,yi,175915
1939,polish_1931,WOL,he,16208.9
1939,polish_1931,WOL,de,42544.3
1939,polish_1931,WOL,ru,22157.3
1939,polish_1931,WOL,lt,234.893
1939,polish_1931,WOL,cs,32937.8
1939,polish_1931,WOL,lv,3.69112
1939,polish_1931,WOL,other,4450.74
1939,polish_1931,POZ,pl,2.08096e+06
1939,polish_1931,POZ,uk,3489.72
1939,polish_1931,POZ,ruth,934.689
1939,polish_1931,POZ,be,1675.48
1939,polish_1931,POZ,tut,1135.5
1939,polish_1931,POZ,yi,10744.7
1939,polish_1931,POZ,he,1186.88
1939,polish_1931,POZ,de,176375
1939,polish_1931,POZ,ru,452.271
1939,polish_1931,POZ,lt,631.236
1939,polish_1931,POZ,cs,90.6123
1939,polish_1931,POZ,lv,9.88849
1939,polish_1931,POZ,other,366.383
1939,polish_1931,POM,pl,1.09771e+06
1939,polish_1931,POM,uk,2466.22
1939,polish_1931,POM,ruth,625.594
1939,polish_1931,POM,be,1210.59
1939,polish_1931,POM,tut,817.311
1939,polish_1931,POM,yi,6857.58
1939,polish_1931,POM,he,745.263
1939,polish_1931,POM,de,98440.7
1939,polish_1931,POM,ru,328.764
1939,polish_1931,POM,lt,455.38
1939,polish_1931,POM,cs,65.0885
1939,polish_1931,POM,lv,7.10076
1939,polish_1931,POM,other,2327.33
1939,polish_1931,SLA,pl,1.35342e+06
1939,polish_1931,SLA,uk,5693.02
1939,polish_1931,SLA,ruth,2215.71
1939,polish_1931,SLA,be,1667.24
1939,polish_1931,SLA,tut,1178.75
1939,polish_1931,SLA,yi,12766
1939,polish_1931,SLA,he,1386.98
1939,polish_1931,SLA,de,72855.3
1939,polish_1931,SLA,ru,449.976
1939,polish_1931,SLA,lt,592.095
1939,polish_1931,SLA,cs,109.809
1939,polish_1931,SLA,lv,9.25124
1939,polish_1931,SLA,other,2860.07
1939,polish_1931,KRA,pl,2.24764e+06
1939,polish_1931,KRA,uk,11011.8
1939,polish_1931,KRA,ruth,55543
1939,polish_1931,KRA,be,1270.82
1939,polish_1931,KRA,tut,952.798
1939,polish_1931,KRA,yi,114884
1939,polish_1931,KRA,he,10102
1939,polish_1931,KRA,de,8876.85
1939,polish_1931,KRA,ru,332.996
1939,polish_1931,KRA,lt,418.767
1939,polish_1931,KRA,cs,90.8552
1939,polish_1931,KRA,lv,6.53541
1939,polish_1931,KRA,other,3388.93
1939,polish_1931,LWO,pl,1.98005e+06
1939,polish_1931,LWO,uk,631375
1939,polish_1931,LWO,ruth,457425
1939,polish_1931,LWO,be,1414.97
1939,polish_1931,LWO,tut,1171.52
1939,polish_1931,LWO,yi,205392
1939,polish_1931,LWO,he,18111.6
1939,polish_1931,LWO,de,11610.4
1939,polish_1931,LWO,ru,419.386
1939,polish_1931,LWO,lt,385.334
1939,polish_1931,LWO,cs,250.132
1939,polish_1931,LWO,lv,6.01725
1939,polish_1931,LWO,other,10081.1
1939,polish_1931,STA,pl,428120
1939,polish_1931,STA,uk,611922
1939,polish_1931,STA,ruth,404651
1939,polish_1931,STA,be,420.873
1939,polish_1931,STA,tut,348.767
1939,polish_1931,STA,yi,91380.9
1939,polish_1931,STA,he,8052.59
1939,polish_1931,STA,de,15303.8
1939,polish_1931,STA,ru,124.511
1939,polish_1931,STA,lt,114.371
1939,polish_1931,STA,cs,74.254
1939,polish_1931,STA,lv,1.786
1939,polish_1931,STA,other,6048.29
1939,polish_1931,TAR,pl,862492
1939,polish_1931,TAR,uk,434390
1939,polish_1931,TAR,ruth,285344
1939,polish_1931,TAR,be,417.217
1939,polish_1931,TAR,tut,346.42
1939,polish_1931,TAR,yi,67570.9
1939,polish_1931,TAR,he,5961.42
1939,polish_1931,TAR,de,2978.47
1939,polish_1931,TAR,ru,123.61
1939,polish_1931,TAR,lt,113.447
1939,polish_1931,TAR,cs,73.7648
1939,polish_1931,TAR,lv,1.77277
1939,polish_1931,TAR,other,1773.61
1939,polish_1931,LT_KAU,pl,75940.6
1939,polish_1931,LT_KAU,uk,50.6364
1939,polish_1931,LT_KAU,ruth,10.7428
1939,polish_1931,LT_KAU,be,94.1759
1939,polish_1931,LT_KAU,tut,21.2917
1939,polish_1931,LT_KAU,yi,32324.4
1939,polish_1931,LT_KAU,he,4397.91
1939,polish_1931,LT_KAU,de,7852.87
1939,polish_1931,LT_KAU,ru,12571
1939,polish_1931,LT_KAU,lt,156216
1939,polish_1931,LT_KAU,cs,1.51174
1939,polish_1931,LT_KAU,lv,94.5718
1939,polish_1931,LT_KAU,other,3526.78
1939,polish_1931,LT_LAU,pl,143303
1939,polish_1931,LT_LAU,uk,30.7812
1939,polish_1931,LT_LAU,ruth,6.54731
1939,polish_1931,LT_LAU,be,61.8755
1939,polish_1931,LT_LAU,tut,12.9767
1939,polish_1931,LT_LAU,yi,29393.7
1939,polish_1931,LT_LAU,he,4000.12
1939,polish_1931,LT_LAU,de,2768.24
1939,polish_1931,LT_LAU,ru,9937.47
1939,polish_1931,LT_LAU,lt,353203
1939,polish_1931,LT_LAU,cs,0.922242
1939,polish_1931,LT_LAU,lv,1168.02
1939,polish_1931,LT_LAU,other,1582.75
1939,polish_1931,LT_ZEM,pl,145762
1939,polish_1931,LT_ZEM,uk,38.7009
1939,polish_1931,LT_ZEM,ruth,8.23429
1939,polish_1931,LT_ZEM,be,74.7694
1939,polish_1931,LT_ZEM,tut,16.3312
1939,polish_1931,LT_ZEM,yi,30887.3
1939,polish_1931,LT_ZEM,he,4202.54
1939,polish_1931,LT_ZEM,de,5904.12
1939,polish_1931,LT_ZEM,ru,5758
1939,polish_1931,LT_ZEM,lt,413828
1939,polish_1931,LT_ZEM,cs,1.15802
1939,polish_1931,LT_ZEM,lv,7136.85
1939,polish_1931,LT_ZEM,other,1838.7
1939,polish_1931,LT_SUV,pl,124125
1939,polish_1931,LT_SUV,uk,43.9283
1939,polish_1931,LT_SUV,ruth,9.586
1939,polish_1931,LT_SUV,be,498.664
1939,polish_1931,LT_SUV,tut,18.8264
1939,polish_1931,LT_SUV,yi,23627.8
1939,polish_1931,LT_SUV,he,3213.03
1939,polish_1931,LT_SUV,de,17921.5
1939,polish_1931,LT_SUV,ru,4681.99
1939,polish_1931,LT_SUV,lt,327124
1939,polish_1931,LT_SUV,cs,1.29539
1939,polish_1931,LT_SUV,lv,67.2577
1939,polish_1931,LT_SUV,other,1710.62
1939,polish_1931,LT_NEA,pl,119753
1939,polish_1931,LT_NEA,uk,24.3794
1939,polish_1931,LT_NEA,ruth,5.18886
1939,polish_1931,LT_NEA,be,839.212
1939,polish_1931,LT_NEA,tut,10.3048
1939,polish_1931,LT_NEA,yi,21446.8
1939,polish_1931,LT_NEA,he,2918.3
1939,polish_1931,LT_NEA,de,1034.84
1939,polish_1931,LT_NEA,ru,24745.2
1939,polish_1931,LT_NEA,lt,278737
1939,polish_1931,LT_NEA,cs,0.728853
1939,polish_1931,LT_NEA,lv,8877.39
1939,polish_1931,LT_NEA,other,1333.97
1939,polish_1931,LT_KLA,pl,26333.1
1939,polish_1931,LT_KLA,uk,14.8767
1939,polish_1931,LT_KLA,ruth,3.14778
1939,polish_1931,LT_KLA,be,28.5267
1939,polish_1931,LT_KLA,tut,6.22659
1939,polish_1931,LT_KLA,yi,2823.57
1939,polish_1931,LT_KLA,he,383.527
1939,polish_1931,LT_KLA,de,60919.3
1939,polish_1931,LT_KLA,ru,1526.36
1939,polish_1931,LT_KLA,lt,67332.8
1939,polish_1931,LT_KLA,lv,54.6778
1939,polish_1931,LT_KLA,other,1497.35
1950,imperial_1897,WAW,pl,1.13463e+06
1950,imperial_1897,WAW,uk,59450.8
1950,imperial_1897,WAW,be,26119
1950,imperial_1897,WAW,yi,333629
1950,imperial_1897,WAW,de,10596.4
1950,imperial_1897,WAW,ru,9723.41
1950,imperial_1897,WAW,lt,5455.53
1950,imperial_1897,WAW,cs,581.718
1950,imperial_1897,WAW,lv,69.7998
1950,imperial_1897,WAW,other,3195.53
1950,imperial_1897,WAR,pl,2.58631e+06
1950,imperial_1897,WAR,uk,19480.4
1950,imperial_1897,WAR,be,8694.39
1950,imperial_1897,WAR,yi,218307
1950,imperial_1897,WAR,de,50151.6
1950,imperial_1897,WAR,ru,10046.8
1950,imperial_1897,WAR,lt,1985.03
1950,imperial_1897,WAR,cs,228.388
1950,imperial_1897,WAR,lv,27.3904
1950,imperial_1897,WAR,other,13142.2
1950,imperial_1897,LOD,pl,2.51979e+06
1950,imperial_1897,LOD,uk,31033.1
1950,imperial_1897,LOD,be,16704.7
1950,imperial_1897,LOD,yi,360958
1950,imperial_1897,LOD,de,144260
1950,imperial_1897,LOD,ru,6238.5
1950,imperial_1897,LOD,lt,3693.6
1950,imperial_1897,LOD,cs,424.26
1950,imperial_1897,LOD,lv,50.9197
1950,imperial_1897,LOD,other,16548.3
1950,imperial_1897,KIE,pl,3.1037e+06
1950,imperial_1897,KIE,uk,23076.3
1950,imperial_1897,KIE,be,9490.56
1950,imperial_1897,KIE,yi,311588
1950,imperial_1897,KIE,de,16265.9
1950,imperial_1897,KIE,ru,5197.59
1950,imperial_1897,KIE,lt,2287.37
1950,imperial_1897,KIE,cs,285.891
1950,imperial_1897,KIE,lv,31.5166
1950,imperial_1897,KIE,other,12634
1950,imperial_1897,LUB,pl,2.3928e+06
1950,imperial_1897,LUB,uk,186526
1950,imperial_1897,LUB,be,51679.5
1950,imperial_1897,LUB,yi,246231
1950,imperial_1897,LUB,de,19577.2
1950,imperial_1897,LUB,ru,23288.4
1950,imperial_1897,LUB,lt,1767.53
1950,imperial_1897,LUB,cs,421.202
1950,imperial_1897,LUB,lv,24.2891
1950,imperial_1897,LUB,other,3050.26
1950,imperial_1897,BIA,pl,1.34048e+06
1950,imperial_1897,BIA,uk,43349.2
1950,imperial_1897,BIA,be,283496
1950,imperial_1897,BIA,yi,191247
1950,imperial_1897,BIA,de,9724.34
1950,imperial_1897,BIA,ru,57163.1
1950,imperial_1897,BIA,lt,16993.8
1950,imperial_1897,BIA,cs,204.205
1950,imperial_1897,BIA,lv,40.776
1950,imperial_1897,BIA,other,3125.37
1950,imperial_1897,WIL,pl,850443
1950,imperial_1897,WIL,uk,24988.2
1950,imperial_1897,WIL,be,346267
1950,imperial_1897,WIL,yi,99047
1950,imperial_1897,WIL,de,2144.95
1950,imperial_1897,WIL,ru,55588.8
1950,imperial_1897,WIL,lt,72747
1950,imperial_1897,WIL,cs,93.9144
1950,imperial_1897,WIL,lv,51.4748
1950,imperial_1897,WIL,other,3562.87
1950,imperial_1897,NOW,pl,609963
1950,imperial_1897,NOW,uk,35603.9
1950,imperial_1897,NOW,be,517912
1950,imperial_1897,NOW,yi,72503.4
1950,imperial_1897,NOW,de,664.525
1950,imperial_1897,NOW,ru,34050.3
1950,imperial_1897,NOW,lt,2321.94
1950,imperial_1897,NOW,cs,114.009
1950,imperial_1897,NOW,lv,17.8647
1950,imperial_1897,NOW,other,1245.75
1950,imperial_1897,POL,pl,322753
1950,imperial_1897,POL,uk,555971
1950,imperial_1897,POL,be,497386
1950,imperial_1897,POL,yi,101783
1950,imperial_1897,POL,de,946.059
1950,imperial_1897,POL,ru,31913.4
1950,imperial_1897,POL,lt,941.316
1950,imperial_1897,POL,cs,150.587
1950,imperial_1897,POL,lv,12.9924
1950,imperial_1897,POL,other,1829.45
1950,imperial_1897,WOL,pl,517132
1950,imperial_1897,WOL,uk,1.74503e+06
1950,imperial_1897,WOL,be,9379.75
1950,imperial_1897,WOL,yi,183417
1950,imperial_1897,WOL,de,45229.2
1950,imperial_1897,WOL,ru,27384.8
1950,imperial_1897,WOL,lt,827.855
1950,imperial_1897,WOL,cs,34306.3
1950,imperial_1897,WOL,lv,11.5768
1950,imperial_1897,WOL,other,5826.83
1950,imperial_1897,POZ,pl,2.21926e+06
1950,imperial_1897,POZ,uk,18451.1
1950,imperial_1897,POZ,be,9240.39
1950,imperial_1897,POZ,yi,28892.4
1950,imperial_1897,POZ,de,185975
1950,imperial_1897,POZ,ru,1846.2
1950,imperial_1897,POZ,lt,2255.12
1950,imperial_1897,POZ,cs,258.953
1950,imperial_1897,POZ,lv,30.9758
1950,imperial_1897,POZ,other,1652.09
1950,imperial_1897,POM,pl,1.23715e+06
1950,imperial_1897,POM,uk,13728.9
1950,imperial_1897,POM,be,6917.5
1950,imperial_1897,POM,yi,20049.8
1950,imperial_1897,POM,de,107197
1950,imperial_1897,POM,ru,1379.77
1950,imperial_1897,POM,lt,1686.68
1950,imperial_1897,POM,cs,192.744
1950,imperial_1897,POM,lv,23.061
1950,imperial_1897,POM,other,3037.39
1950,imperial_1897,SLA,pl,1.48984e+06
1950,imperial_1897,SLA,uk,29340.8
1950,imperial_1897,SLA,be,9419.31
1950,imperial_1897,SLA,yi,42588.6
1950,imperial_1897,SLA,de,91048.9
1950,imperial_1897,SLA,ru,1878.11
1950,imperial_1897,SLA,lt,2165.1
1950,imperial_1897,SLA,cs,308.207
1950,imperial_1897,SLA,lv,29.6352
1950,imperial_1897,SLA,other,4057.69
1950,imperial_1897,KRA,pl,2.28842e+06
1950,imperial_1897,KRA,uk,104740
1950,imperial_1897,KRA,be,7306.82
1950,imperial_1897,KRA,yi,154967
1950,imperial_1897,KRA,de,11886.8
1950,imperial_1897,KRA,ru,1427.37
1950,imperial_1897,KRA,lt,1573.89
1950,imperial_1897,KRA,cs,251.444
1950,imperial_1897,KRA,lv,21.7399
1950,imperial_1897,KRA,other,10007.6
1950,imperial_1897,LWO,pl,1.79757e+06
1950,imperial_1897,LWO,uk,1.36534e+06
1950,imperial_1897,LWO,be,10985.7
1950,imperial_1897,LWO,yi,311556
1950,imperial_1897,LWO,de,14498.9
1950,imperial_1897,LWO,ru,2629.62
1950,imperial_1897,LWO,lt,1595.37
1950,imperial_1897,LWO,cs,638.994
1950,imperial_1897,LWO,lv,22.0558
1950,imperial_1897,LWO,other,14299.8
1950,imperial_1897,STA,pl,324987
1950,imperial_1897,STA,uk,1.18012e+06
1950,imperial_1897,STA,be,2659.3
1950,imperial_1897,STA,yi,112761
1950,imperial_1897,STA,de,16672.4
1950,imperial_1897,STA,ru,536.302
1950,imperial_1897,STA,lt,472.586
1950,imperial_1897,STA,cs,190.001
1950,imperial_1897,STA,lv,6.56233
1950,imperial_1897,STA,other,7301.17
1950,imperial_1897,TAR,pl,712898
1950,imperial_1897,TAR,uk,873063
1950,imperial_1897,TAR,be,2631.21
1950,imperial_1897,TAR,yi,97734
1950,imperial_1897,TAR,de,3712.26
1950,imperial_1897,TAR,ru,536.143
1950,imperial_1897,TAR,lt,462.86
1950,imperial_1897,TAR,cs,187.59
1950,imperial_1897,TAR,lv,6.43239
1950,imperial_1897,TAR,other,2655.13
1950,imperial_1897,LT_KAU,pl,21978.2
1950,imperial_1897,LT_KAU,uk,251.44
1950,imperial_1897,LT_KAU,be,422.423
1950,imperial_1897,LT_KAU,yi,30824.7
1950,imperial_1897,LT_KAU,de,8652.17
1950,imperial_1897,LT_KAU,ru,14490.1
1950,imperial_1897,LT_KAU,lt,244671
1950,imperial_1897,LT_KAU,cs,4.44893
1950,imperial_1897,LT_KAU,lv,246.871
1950,imperial_1897,LT_KAU,other,4104.49
1950,imperial_1897,LT_LAU,pl,25108.7
1950,imperial_1897,LT_LAU,uk,156.094
1950,imperial_1897,LT_LAU,be,308.263
1950,imperial_1897,LT_LAU,yi,28691.6
1950,imperial_1897,LT_LAU,de,3479.43
1950,imperial_1897,LT_LAU,ru,12024.8
1950,imperial_1897,LT_LAU,lt,505162
1950,imperial_1897,LT_LAU,cs,2.81454
1950,imperial_1897,LT_LAU,lv,1351.01
1950,imperial_1897,LT_LAU,other,1648.55
1950,imperial_1897,LT_ZEM,pl,7462.62
1950,imperial_1897,LT_ZEM,uk,191.242
1950,imperial_1897,LT_ZEM,be,350.148
1950,imperial_1897,LT_ZEM,yi,30219.2
1950,imperial_1897,LT_ZEM,de,6881.59
1950,imperial_1897,LT_ZEM,ru,7234.84
1950,imperial_1897,LT_ZEM,lt,590646
1950,imperial_1897,LT_ZEM,cs,3.48755
1950,imperial_1897,LT_ZEM,lv,7207.65
1950,imperial_1897,LT_ZEM,other,2178.51
1950,imperial_1897,LT_SUV,pl,11441
1950,imperial_1897,LT_SUV,uk,230.867
1950,imperial_1897,LT_SUV,be,2192.52
1950,imperial_1897,LT_SUV,yi,23407.1
1950,imperial_1897,LT_SUV,de,18627.5
1950,imperial_1897,LT_SUV,ru,5781.79
1950,imperial_1897,LT_SUV,lt,462176
1950,imperial_1897,LT_SUV,cs,4.08311
1950,imperial_1897,LT_SUV,lv,178.2
1950,imperial_1897,LT_SUV,other,3090.14
1950,imperial_1897,LT_NEA,pl,21642.1
1950,imperial_1897,LT_NEA,uk,124.467
1950,imperial_1897,LT_NEA,be,3684.25
1950,imperial_1897,LT_NEA,yi,20985.4
1950,imperial_1897,LT_NEA,de,1455.37
1950,imperial_1897,LT_NEA,ru,28899.9
1950,imperial_1897,LT_NEA,lt,395057
1950,imperial_1897,LT_NEA,cs,2.22009
1950,imperial_1897,LT_NEA,lv,8851.32
1950,imperial_1897,LT_NEA,other,1361.3
1950,imperial_1897,LT_KLA,pl,540.866
1950,imperial_1897,LT_KLA,uk,75.5656
1950,imperial_1897,LT_KLA,be,137.763
1950,imperial_1897,LT_KLA,yi,3344.67
1950,imperial_1897,LT_KLA,de,61644
1950,imperial_1897,LT_KLA,ru,1961.17
1950,imperial_1897,LT_KLA,lt,106314
1950,imperial_1897,LT_KLA,cs,1.39279
1950,imperial_1897,LT_KLA,lv,142.383
1950,imperial_1897,LT_KLA,other,1456.37
1950,latent,WAW,pl,1.20431e+06
1950,latent,WAW,uk,47243.9
1950,latent,WAW,be,17345
1950,latent,WAW,tut,9429.82
1950,latent,WAW,yi,273784
1950,latent,WAW,de,10596.4
1950,latent,WAW,ru,7826.31
1950,latent,WAW,lt,5455.53
1950,latent,WAW,cs,581.718
1950,latent,WAW,lv,69.7998
1950,latent,WAW,csb,2704.91
1950,latent,WAW,rue,902.651
1950,latent,WAW,rom,1227.86
1950,latent,WAW,kdr,11.8929
1950,latent,WAW,wym,12.0334
1950,latent,WAW,other,1943.75
1950,latent,WAR,pl,2.62317e+06
1950,latent,WAR,uk,15292.4
1950,latent,WAR,be,5477.76
1950,latent,WAR,tut,3223.43
1950,latent,WAR,yi,183665
1950,latent,WAR,de,50151.6
1950,latent,WAR,ru,9313.72
1950,latent,WAR,lt,1985.03
1950,latent,WAR,cs,228.388
1950,latent,WAR,lv,27.3904
1950,latent,WAR,csb,2309.19
1950,latent,WAR,rue,381.048
1950,latent,WAR,rom,3493.39
1950,latent,WAR,kdr,4.69379
1950,latent,WAR,wym,5.44847
1950,latent,WAR,other,9638.68
1950,latent,LOD,pl,2.58359e+06
1950,latent,LOD,uk,22898.7
1950,latent,LOD,be,10195.3
1950,latent,LOD,tut,5982.87
1950,latent,LOD,yi,303752
1950,latent,LOD,de,144260
1950,latent,LOD,ru,4661.82
1950,latent,LOD,lt,3693.6
1950,latent,LOD,cs,424.26
1950,latent,LOD,lv,50.9197
1950,latent,LOD,csb,2884.12
1950,latent,LOD,rue,767.172
1950,latent,LOD,rom,2670.51
1950,latent,LOD,kdr,8.7614
1950,latent,LOD,wym,11.6269
1950,latent,LOD,other,13857.4
1950,latent,KIE,pl,3.14894e+06
1950,latent,KIE,uk,17763.3
1950,latent,KIE,be,6285.65
1950,latent,KIE,tut,3683.51
1950,latent,KIE,yi,269504
1950,latent,KIE,de,16265.9
1950,latent,KIE,ru,4548.1
1950,latent,KIE,lt,2287.37
1950,latent,KIE,cs,285.891
1950,latent,KIE,lv,31.5166
1950,latent,KIE,csb,1581.76
1950,latent,KIE,rue,748.609
1950,latent,KIE,rom,3782.54
1950,latent,KIE,kdr,5.74018
1950,latent,KIE,wym,11.7223
1950,latent,KIE,other,8833.99
1950,latent,LUB,pl,2.51318e+06
1950,latent,LUB,uk,156898
1950,latent,LUB,be,8720.97
1950,latent,LUB,tut,4284.67
1950,latent,LUB,yi,209202
1950,latent,LUB,de,19577.2
1950,latent,LUB,ru,6795.24
1950,latent,LUB,lt,1767.53
1950,latent,LUB,cs,421.202
1950,latent,LUB,lv,24.2891
1950,latent,LUB,csb,898.531
1950,latent,LUB,rue,540.617
1950,latent,LUB,rom,2551.32
1950,latent,LUB,kdr,5.08699
1950,latent,LUB,wym,5.68041
1950,latent,LUB,other,488.168
1950,latent,BIA,pl,1.44834e+06
1950,latent,BIA,uk,14376.1
1950,latent,BIA,be,240723
1950,latent,BIA,tut,3529.38
1950,latent,BIA,yi,168136
1950,latent,BIA,de,9724.34
1950,latent,BIA,ru,39730.3
1950,latent,BIA,lt,16993.8
1950,latent,BIA,cs,204.205
1950,latent,BIA,lv,40.776
1950,latent,BIA,csb,658.733
1950,latent,BIA,rue,242.974
1950,latent,BIA,rom,1296.69
1950,latent,BIA,kdr,6.23317
1950,latent,BIA,wym,3.06198
1950,latent,BIA,other,1819.39
1950,latent,WIL,pl,909780
1950,latent,WIL,uk,4435.67
1950,latent,WIL,be,320870
1950,latent,WIL,tut,7283.54
1950,latent,WIL,yi,88760.3
1950,latent,WIL,de,2144.95
1950,latent,WIL,ru,44808
1950,latent,WIL,lt,72747
1950,latent,WIL,cs,93.9144
1950,latent,WIL,lv,51.4748
1950,latent,WIL,csb,290.31
1950,latent,WIL,rue,106.171
1950,latent,WIL,rom,1127.76
1950,latent,WIL,kdr,352.902
1950,latent,WIL,wym,1.37956
1950,latent,WIL,other,2080.83
1950,latent,NOW,pl,710845
1950,latent,NOW,uk,5422.22
1950,latent,NOW,be,471478
1950,latent,NOW,tut,1727.52
1950,latent,NOW,yi,65446.4
1950,latent,NOW,de,664.525
1950,latent,NOW,ru,14817.6
1950,latent,NOW,lt,2321.94
1950,latent,NOW,cs,114.009
1950,latent,NOW,lv,17.8647
1950,latent,NOW,csb,193.901
1950,latent,NOW,rue,100.939
1950,latent,NOW,rom,1116.81
1950,latent,NOW,kdr,2.77646
1950,latent,NOW,wym,1.0996
1950,latent,NOW,other,125.061
1950,latent,POL,pl,393356
1950,latent,POL,uk,76287.5
1950,latent,POL,be,90086
1950,latent,POL,tut,837335
1950,latent,POL,yi,92760.4
1950,latent,POL,de,946.059
1950,latent,POL,ru,19524.7
1950,latent,POL,lt,941.316
1950,latent,POL,cs,150.587
1950,latent,POL,lv,12.9924
1950,latent,POL,csb,299.592
1950,latent,POL,rue,157.893
1950,latent,POL,rom,635.718
1950,latent,POL,kdr,2.30003
1950,latent,POL,wym,1.67949
1950,latent,POL,other,1189.75
1950,latent,WOL,pl,539088
1950,latent,WOL,uk,1.74096e+06
1950,latent,WOL,be,5660.71
1950,latent,WOL,tut,2217.94
1950,latent,WOL,yi,167556
1950,latent,WOL,de,45229.2
1950,latent,WOL,ru,26273.2
1950,latent,WOL,lt,827.855
1950,latent,WOL,cs,34306.3
1950,latent,WOL,lv,11.5768
1950,latent,WOL,csb,301.038
1950,latent,WOL,rue,280.516
1950,latent,WOL,rom,1725.2
1950,latent,WOL,kdr,45.1324
1950,latent,WOL,wym,1.95475
1950,latent,WOL,other,4054.55
1950,latent,POZ,pl,2.22919e+06
1950,latent,POZ,uk,13981.2
1950,latent,POZ,be,6171.85
1950,latent,POZ,tut,3614.35
1950,latent,POZ,yi,20185.2
1950,latent,POZ,de,185975
1950,latent,POZ,ru,1239.09
1950,latent,POZ,lt,2255.12
1950,latent,POZ,cs,258.953
1950,latent,POZ,lv,30.9758
1950,latent,POZ,csb,2823.38
1950,latent,POZ,rue,488.117
1950,latent,POZ,rom,964.203
1950,latent,POZ,kdr,5.36954
1950,latent,POZ,wym,7.5166
1950,latent,POZ,other,674.998
1950,latent,POM,pl,1.04449e+06
1950,latent,POM,uk,10475.3
1950,latent,POM,be,4644.69
1950,latent,POM,tut,2702.78
1950,latent,POM,yi,14592.7
1950,latent,POM,de,107197
1950,latent,POM,ru,934.44
1950,latent,POM,lt,1686.68
1950,latent,POM,cs,192.744
1950,latent,POM,lv,23.061
1950,latent,POM,csb,201043
1950,latent,POM,rue,335.465
1950,latent,POM,rom,660.863
1950,latent,POM,kdr,3.96758
1950,latent,POM,wym,5.01279
1950,latent,POM,other,2367.55
1950,latent,SLA,pl,1.5108e+06
1950,latent,SLA,uk,23121.6
1950,latent,SLA,be,6211
1950,latent,SLA,tut,3767.31
1950,latent,SLA,yi,25191
1950,latent,SLA,de,91048.9
1950,latent,SLA,ru,1242.8
1950,latent,SLA,lt,2165.1
1950,latent,SLA,cs,308.207
1950,latent,SLA,lv,29.6352
1950,latent,SLA,csb,1709.63
1950,latent,SLA,rue,1030.25
1950,latent,SLA,rom,1132.49
1950,latent,SLA,kdr,5.95228
1950,latent,SLA,wym,16.132
1950,latent,SLA,other,2903.11
1950,latent,KRA,pl,2.34529e+06
1950,latent,KRA,uk,18374.4
1950,latent,KRA,be,4757.31
1950,latent,KRA,tut,3055.03
1950,latent,KRA,yi,117176
1950,latent,KRA,de,11886.8
1950,latent,KRA,ru,935.035
1950,latent,KRA,lt,1573.89
1950,latent,KRA,cs,251.444
1950,latent,KRA,lv,21.7399
1950,latent,KRA,csb,1014.36
1950,latent,KRA,rue,66267.2
1950,latent,KRA,rom,6465.22
1950,latent,KRA,kdr,4.53137
1950,latent,KRA,wym,997.014
1950,latent,KRA,other,2540.85
1950,latent,LWO,pl,2.01261e+06
1950,latent,LWO,uk,1.19346e+06
1950,latent,LWO,be,5711.91
1950,latent,LWO,tut,4132.27
1950,latent,LWO,yi,206260
1950,latent,LWO,de,14498.9
1950,latent,LWO,ru,1238.48
1950,latent,LWO,lt,1595.37
1950,latent,LWO,cs,638.994
1950,latent,LWO,lv,22.0558
1950,latent,LWO,csb,735.065
1950,latent,LWO,rue,63936.1
1950,latent,LWO,rom,5473.08
1950,latent,LWO,kdr,7.16332
1950,latent,LWO,wym,7.96693
1950,latent,LWO,other,8811.59
1950,latent,STA,pl,398066
1950,latent,STA,uk,1.13103e+06
1950,latent,STA,be,1701.55
1950,latent,STA,tut,1244.74
1950,latent,STA,yi,88079.7
1950,latent,STA,de,16672.4
1950,latent,STA,ru,369.725
1950,latent,STA,lt,472.586
1950,latent,STA,cs,190.001
1950,latent,STA,lv,6.56233
1950,latent,STA,csb,219.176
1950,latent,STA,rue,352.633
1950,latent,STA,rom,2056.05
1950,latent,STA,kdr,89.3595
1950,latent,STA,wym,2.38246
1950,latent,STA,other,5153.38
1950,latent,TAR,pl,825993
1950,latent,TAR,uk,791598
1950,latent,TAR,be,1666.83
1950,latent,TAR,tut,1221.72
1950,latent,TAR,yi,65459.2
1950,latent,TAR,de,3712.26
1950,latent,TAR,ru,362.916
1950,latent,TAR,lt,462.86
1950,latent,TAR,cs,187.59
1950,latent,TAR,lv,6.43239
1950,latent,TAR,csb,214.984
1950,latent,TAR,rue,346.082
1950,latent,TAR,rom,1090.3
1950,latent,TAR,kdr,2.21331
1950,latent,TAR,wym,2.34635
1950,latent,TAR,other,1560.27
1950,latent,LT_KAU,pl,22080.4
1950,latent,LT_KAU,uk,192.158
1950,latent,LT_KAU,be,388.798
1950,latent,LT_KAU,tut,70.3162
1950,latent,LT_KAU,yi,30733.8
1950,latent,LT_KAU,de,8652.17
1950,latent,LT_KAU,ru,14482.6
1950,latent,LT_KAU,lt,244671
1950,latent,LT_KAU,cs,4.44893
1950,latent,LT_KAU,lv,246.871
1950,latent,LT_KAU,csb,14.0082
1950,latent,LT_KAU,rue,4.7945
1950,latent,LT_KAU,rom,996.011
1950,latent,LT_KAU,kdr,2.24254
1950,latent,LT_KAU,other,3106.16
1950,latent,LT_LAU,pl,25140
1950,latent,LT_LAU,uk,120.572
1950,latent,LT_LAU,be,295.533
1950,latent,LT_LAU,tut,44.4442
1950,latent,LT_LAU,yi,28655.9
1950,latent,LT_LAU,de,3479.43
1950,latent,LT_LAU,ru,12021.1
1950,latent,LT_LAU,lt,505162
1950,latent,LT_LAU,cs,2.81454
1950,latent,LT_LAU,lv,1351.01
1950,latent,LT_LAU,csb,8.88153
1950,latent,LT_LAU,rue,3.02916
1950,latent,LT_LAU,rom,69.28
1950,latent,LT_LAU,kdr,89.7325
1950,latent,LT_LAU,other,1489.49
1950,latent,LT_ZEM,pl,7472.72
1950,latent,LT_ZEM,uk,149.804
1950,latent,LT_ZEM,be,333.704
1950,latent,LT_ZEM,tut,55.336
1950,latent,LT_ZEM,yi,30200.2
1950,latent,LT_ZEM,de,6881.59
1950,latent,LT_ZEM,ru,7231.58
1950,latent,LT_ZEM,lt,590646
1950,latent,LT_ZEM,cs,3.48755
1950,latent,LT_ZEM,lv,7207.65
1950,latent,LT_ZEM,csb,11.0005
1950,latent,LT_ZEM,rue,3.76147
1950,latent,LT_ZEM,rom,383.269
1950,latent,LT_ZEM,kdr,2.90557
1950,latent,LT_ZEM,other,1792.27
1950,latent,LT_SUV,pl,11210
1950,latent,LT_SUV,uk,180.252
1950,latent,LT_SUV,be,2418.87
1950,latent,LT_SUV,tut,67.4774
1950,latent,LT_SUV,yi,23380.6
1950,latent,LT_SUV,de,18627.5
1950,latent,LT_SUV,ru,5778.02
1950,latent,LT_SUV,lt,462176
1950,latent,LT_SUV,cs,4.08311
1950,latent,LT_SUV,lv,178.2
1950,latent,LT_SUV,csb,13.3835
1950,latent,LT_SUV,rue,4.62437
1950,latent,LT_SUV,rom,1624.43
1950,latent,LT_SUV,kdr,1.61566
1950,latent,LT_SUV,other,1464.03
1950,latent,LT_NEA,pl,21199.8
1950,latent,LT_NEA,uk,95.5361
1950,latent,LT_NEA,be,4140.07
1950,latent,LT_NEA,tut,35.3931
1950,latent,LT_NEA,yi,20959.4
1950,latent,LT_NEA,de,1455.37
1950,latent,LT_NEA,ru,28896.5
1950,latent,LT_NEA,lt,395057
1950,latent,LT_NEA,cs,2.22009
1950,latent,LT_NEA,lv,8851.32
1950,latent,LT_NEA,csb,6.99947
1950,latent,LT_NEA,rue,2.40158
1950,latent,LT_NEA,rom,42.6641
1950,latent,LT_NEA,kdr,1.94072
1950,latent,LT_NEA,other,1316.66
1950,latent,LT_KLA,pl,540.956
1950,latent,LT_KLA,uk,59.7146
1950,latent,LT_KLA,be,131.868
1950,latent,LT_KLA,tut,21.6613
1950,latent,LT_KLA,yi,3339.67
1950,latent,LT_KLA,de,61644
1950,latent,LT_KLA,ru,1960.07
1950,latent,LT_KLA,lt,106314
1950,latent,LT_KLA,cs,1.39279
1950,latent,LT_KLA,lv,142.383
1950,latent,LT_KLA,csb,4.6045
1950,latent,LT_KLA,rue,1.49067
1950,latent,LT_KLA,rom,35.3523
1950,latent,LT_KLA,kdr,1.17251
1950,latent,LT_KLA,other,1419.82
1950,lithuanian_1923,WAW,pl,1.20431e+06
1950,lithuanian_1923,WAW,uk,47243.9
1950,lithuanian_1923,WAW,be,17345
1950,lithuanian_1923,WAW,tut,9429.82
1950,lithuanian_1923,WAW,yi,273784
1950,lithuanian_1923,WAW,de,10596.4
1950,lithuanian_1923,WAW,ru,7826.31
1950,lithuanian_1923,WAW,lt,5455.53
1950,lithuanian_1923,WAW,cs,581.718
1950,lithuanian_1923,WAW,lv,69.7998
1950,lithuanian_1923,WAW,csb,2704.91
1950,lithuanian_1923,WAW,rue,902.651
1950,lithuanian_1923,WAW,rom,1227.86
1950,lithuanian_1923,WAW,kdr,11.8929
1950,lithuanian_1923,WAW,wym,12.0334
1950,lithuanian_1923,WAW,other,1943.75
1950,lithuanian_1923,WAR,pl,2.62317e+06
1950,lithuanian_1923,WAR,uk,15292.4
1950,lithuanian_1923,WAR,be,5477.76
1950,lithuanian_1923,WAR,tut,3223.43
1950,lithuanian_1923,WAR,yi,183665
1950,lithuanian_1923,WAR,de,50151.6
1950,lithuanian_1923,WAR,ru,9313.72
1950,lithuanian_1923,WAR,lt,1985.03
1950,lithuanian_1923,WAR,cs,228.388
1950,lithuanian_1923,WAR,lv,27.3904
1950,lithuanian_1923,WAR,csb,2309.19
1950,lithuanian_1923,WAR,rue,381.048
1950,lithuanian_1923,WAR,rom,3493.39
1950,lithuanian_1923,WAR,kdr,4.69379
1950,lithuanian_1923,WAR,wym,5.44847
1950,lithuanian_1923,WAR,other,9638.68
1950,lithuanian_1923,LOD,pl,2.58359e+06
1950,lithuanian_1923,LOD,uk,22898.7
1950,lithuanian_1923,LOD,be,10195.3
1950,lithuanian_1923,LOD,tut,5982.87
1950,lithuanian_1923,LOD,yi,303752
1950,lithuanian_1923,LOD,de,144260
1950,lithuanian_1923,LOD,ru,4661.82
1950,lithuanian_1923,LOD,lt,3693.6
1950,lithuanian_1923,LOD,cs,424.26
1950,lithuanian_1923,LOD,lv,50.9197
1950,lithuanian_1923,LOD,csb,2884.12
1950,lithuanian_1923,LOD,rue,767.172
1950,lithuanian_1923,LOD,rom,2670.51
1950,lithuanian_1923,LOD,kdr,8.7614
1950,lithuanian_1923,LOD,wym,11.6269
1950,lithuanian_1923,LOD,other,13857.4
1950,lithuanian_1923,KIE,pl,3.14894e+06
1950,lithuanian_1923,KIE,uk,17763.3
1950,lithuanian_1923,KIE,be,6285.65
1950,lithuanian_1923,KIE,tut,3683.51
1950,lithuanian_1923,KIE,yi,269504
1950,lithuanian_1923,KIE,de,16265.9
1950,lithuanian_1923,KIE,ru,4548.1
1950,lithuanian_1923,KIE,lt,2287.37
1950,lithuanian_1923,KIE,cs,285.891
1950,lithuanian_1923,KIE,lv,31.5166
1950,lithuanian_1923,KIE,csb,1581.76
1950,lithuanian_1923,KIE,rue,748.609
1950,lithuanian_1923,KIE,rom,3782.54
1950,lithuanian_1923,KIE,kdr,5.74018
1950,lithuanian_1923,KIE,wym,11.7223
1950,lithuanian_1923,KIE,other,8833.99
1950,lithuanian_1923,LUB,pl,2.51318e+06
1950,lithuanian_1923,LUB,uk,156898
1950,lithuanian_1923,LUB,be,8720.97
1950,lithuanian_1923,LUB,tut,4284.67
1950,lithuanian_1923,LUB,yi,209202
1950,lithuanian_1923,LUB,de,19577.2
1950,lithuanian_1923,LUB,ru,6795.24
1950,lithuanian_1923,LUB,lt,1767.53
1950,lithuanian_1923,LUB,cs,421.202
1950,lithuanian_1923,LUB,lv,24.2891
1950,lithuanian_1923,LUB,csb,898.531
1950,lithuanian_1923,LUB,rue,540.617
1950,lithuanian_1923,LUB,rom,2551.32
1950,lithuanian_1923,LUB,kdr,5.08699
1950,lithuanian_1923,LUB,wym,5.68041
1950,lithuanian_1923,LUB,other,488.168
1950,lithuanian_1923,BIA,pl,1.44834e+06
1950,lithuanian_1923,BIA,uk,14376.1
1950,lithuanian_1923,BIA,be,240723
1950,lithuanian_1923,BIA,tut,3529.38
1950,lithuanian_1923,BIA,yi,168136
1950,lithuanian_1923,BIA,de,9724.34
1950,lithuanian_1923,BIA,ru,39730.3
1950,lithuanian_1923,BIA,lt,16993.8
1950,lithuanian_1923,BIA,cs,204.205
1950,lithuanian_1923,BIA,lv,40.776
1950,lithuanian_1923,BIA,csb,658.733
1950,lithuanian_1923,BIA,rue,242.974
1950,lithuanian_1923,BIA,rom,1296.69
1950,lithuanian_1923,BIA,kdr,6.23317
1950,lithuanian_1923,BIA,wym,3.06198
1950,lithuanian_1923,BIA,other,1819.39
1950,lithuanian_1923,WIL,pl,909780
1950,lithuanian_1923,WIL,uk,4435.67
1950,lithuanian_1923,WIL,be,320870
1950,lithuanian_1923,WIL,tut,7283.54
1950,lithuanian_1923,WIL,yi,88760.3
1950,lithuanian_1923,WIL,de,2144.95
1950,lithuanian_1923,WIL,ru,44808
1950,lithuanian_1923,WIL,lt,72747
1950,lithuanian_1923,WIL,cs,93.9144
1950,lithuanian_1923,WIL,lv,51.4748
1950,lithuanian_1923,WIL,csb,290.31
1950,lithuanian_1923,WIL,rue,106.171
1950,lithuanian_1923,WIL,rom,1127.76
1950,lithuanian_1923,WIL,kdr,352.902
1950,lithuanian_1923,WIL,wym,1.37956
1950,lithuanian_1923,WIL,other,2080.83
1950,lithuanian_1923,NOW,pl,710845
1950,lithuanian_1923,NOW,uk,5422.22
1950,lithuanian_1923,NOW,be,471478
1950,lithuanian_1923,NOW,tut,1727.52
1950,lithuanian_1923,NOW,yi,65446.4
1950,lithuanian_1923,NOW,de,664.525
1950,lithuanian_1923,NOW,ru,14817.6
1950,lithuanian_1923,NOW,lt,2321.94
1950,lithuanian_1923,NOW,cs,114.009
1950,lithuanian_1923,NOW,lv,17.8647
1950,lithuanian_1923,NOW,csb,193.901
1950,lithuanian_1923,NOW,rue,100.939
1950,lithuanian_1923,NOW,rom,1116.81
1950,lithuanian_1923,NOW,kdr,2.77646
1950,lithuanian_1923,NOW,wym,1.0996
1950,lithuanian_1923,NOW,other,125.061
1950,lithuanian_1923,POL,pl,393356
1950,lithuanian_1923,POL,uk,76287.5
1950,lithuanian_1923,POL,be,90086
1950,lithuanian_1923,POL,tut,837335
1950,lithuanian_1923,POL,yi,92760.4
1950,lithuanian_1923,POL,de,946.059
1950,lithuanian_1923,POL,ru,19524.7
1950,lithuanian_1923,POL,lt,941.316
1950,lithuanian_1923,POL,cs,150.587
1950,lithuanian_1923,POL,lv,12.9924
1950,lithuanian_1923,POL,csb,299.592
1950,lithuanian_1923,POL,rue,157.893
1950,lithuanian_1923,POL,rom,635.718
1950,lithuanian_1923,POL,kdr,2.30003
1950,lithuanian_1923,POL,wym,1.67949
1950,lithuanian_1923,POL,other,1189.75
1950,lithuanian_1923,WOL,pl,539088
1950,lithuanian_1923,WOL,uk,1.74096e+06
1950,lithuanian_1923,WOL,be,5660.71
1950,lithuanian_1923,WOL,tut,2217.94
1950,lithuanian_1923,WOL,yi,167556
1950,lithuanian_1923,WOL,de,45229.2
1950,lithuanian_1923,WOL,ru,26273.2
1950,lithuanian_1923,WOL,lt,827.855
1950,lithuanian_1923,WOL,cs,34306.3
1950,lithuanian_1923,WOL,lv,11.5768
1950,lithuanian_1923,WOL,csb,301.038
1950,lithuanian_1923,WOL,rue,280.516
1950,lithuanian_1923,WOL,rom,1725.2
1950,lithuanian_1923,WOL,kdr,45.1324
1950,lithuanian_1923,WOL,wym,1.95475
1950,lithuanian_1923,WOL,other,4054.55
1950,lithuanian_1923,POZ,pl,2.22919e+06
1950,lithuanian_1923,POZ,uk,13981.2
1950,lithuanian_1923,POZ,be,6171.85
1950,lithuanian_1923,POZ,tut,3614.35
1950,lithuanian_1923,POZ,yi,20185.2
1950,lithuanian_1923,POZ,de,185975
1950,lithuanian_1923,POZ,ru,1239.09
1950,lithuanian_1923,POZ,lt,2255.12
1950,lithuanian_1923,POZ,cs,258.953
1950,lithuanian_1923,POZ,lv,30.9758
1950,lithuanian_1923,POZ,csb,2823.38
1950,lithuanian_1923,POZ,rue,488.117
1950,lithuanian_1923,POZ,rom,964.203
1950,lithuanian_1923,POZ,kdr,5.36954
1950,lithuanian_1923,POZ,wym,7.5166
1950,lithuanian_1923,POZ,other,674.998
1950,lithuanian_1923,POM,pl,1.04449e+06
1950,lithuanian_1923,POM,uk,10475.3
1950,lithuanian_1923,POM,be,4644.69
1950,lithuanian_1923,POM,tut,2702.78
1950,lithuanian_1923,POM,yi,14592.7
1950,lithuanian_1923,POM,de,107197
1950,lithuanian_1923,POM,ru,934.44
1950,lithuanian_1923,POM,lt,1686.68
1950,lithuanian_1923,POM,cs,192.744
1950,lithuanian_1923,POM,lv,23.061
1950,lithuanian_1923,POM,csb,201043
1950,lithuanian_1923,POM,rue,335.465
1950,lithuanian_1923,POM,rom,660.863
1950,lithuanian_1923,POM,kdr,3.96758
1950,lithuanian_1923,POM,wym,5.01279
1950,lithuanian_1923,POM,other,2367.55
1950,lithuanian_1923,SLA,pl,1.5108e+06
1950,lithuanian_1923,SLA,uk,23121.6
1950,lithuanian_1923,SLA,be,6211
1950,lithuanian_1923,SLA,tut,3767.31
1950,lithuanian_1923,SLA,yi,25191
1950,lithuanian_1923,SLA,de,91048.9
1950,lithuanian_1923,SLA,ru,1242.8
1950,lithuanian_1923,SLA,lt,2165.1
1950,lithuanian_1923,SLA,cs,308.207
1950,lithuanian_1923,SLA,lv,29.6352
1950,lithuanian_1923,SLA,csb,1709.63
1950,lithuanian_1923,SLA,rue,1030.25
1950,lithuanian_1923,SLA,rom,1132.49
1950,lithuanian_1923,SLA,kdr,5.95228
1950,lithuanian_1923,SLA,wym,16.132
1950,lithuanian_1923,SLA,other,2903.11
1950,lithuanian_1923,KRA,pl,2.34529e+06
1950,lithuanian_1923,KRA,uk,18374.4
1950,lithuanian_1923,KRA,be,4757.31
1950,lithuanian_1923,KRA,tut,3055.03
1950,lithuanian_1923,KRA,yi,117176
1950,lithuanian_1923,KRA,de,11886.8
1950,lithuanian_1923,KRA,ru,935.035
1950,lithuanian_1923,KRA,lt,1573.89
1950,lithuanian_1923,KRA,cs,251.444
1950,lithuanian_1923,KRA,lv,21.7399
1950,lithuanian_1923,KRA,csb,1014.36
1950,lithuanian_1923,KRA,rue,66267.2
1950,lithuanian_1923,KRA,rom,6465.22
1950,lithuanian_1923,KRA,kdr,4.53137
1950,lithuanian_1923,KRA,wym,997.014
1950,lithuanian_1923,KRA,other,2540.85
1950,lithuanian_1923,LWO,pl,2.01261e+06
1950,lithuanian_1923,LWO,uk,1.19346e+06
1950,lithuanian_1923,LWO,be,5711.91
1950,lithuanian_1923,LWO,tut,4132.27
1950,lithuanian_1923,LWO,yi,206260
1950,lithuanian_1923,LWO,de,14498.9
1950,lithuanian_1923,LWO,ru,1238.48
1950,lithuanian_1923,LWO,lt,1595.37
1950,lithuanian_1923,LWO,cs,638.994
1950,lithuanian_1923,LWO,lv,22.0558
1950,lithuanian_1923,LWO,csb,735.065
1950,lithuanian_1923,LWO,rue,63936.1
1950,lithuanian_1923,LWO,rom,5473.08
1950,lithuanian_1923,LWO,kdr,7.16332
1950,lithuanian_1923,LWO,wym,7.96693
1950,lithuanian_1923,LWO,other,8811.59
1950,lithuanian_1923,STA,pl,398066
1950,lithuanian_1923,STA,uk,1.13103e+06
1950,lithuanian_1923,STA,be,1701.55
1950,lithuanian_1923,STA,tut,1244.74
1950,lithuanian_1923,STA,yi,88079.7
1950,lithuanian_1923,STA,de,16672.4
1950,lithuanian_1923,STA,ru,369.725
1950,lithuanian_1923,STA,lt,472.586
1950,lithuanian_1923,STA,cs,190.001
1950,lithuanian_1923,STA,lv,6.56233
1950,lithuanian_1923,STA,csb,219.176
1950,lithuanian_1923,STA,rue,352.633
1950,lithuanian_1923,STA,rom,2056.05
1950,lithuanian_1923,STA,kdr,89.3595
1950,lithuanian_1923,STA,wym,2.38246
1950,lithuanian_1923,STA,other,5153.38
1950,lithuanian_1923,TAR,pl,825993
1950,lithuanian_1923,TAR,uk,791598
1950,lithuanian_1923,TAR,be,1666.83
1950,lithuanian_1923,TAR,tut,1221.72
1950,lithuanian_1923,TAR,yi,65459.2
1950,lithuanian_1923,TAR,de,3712.26
1950,lithuanian_1923,TAR,ru,362.916
1950,lithuanian_1923,TAR,lt,462.86
1950,lithuanian_1923,TAR,cs,187.59
1950,lithuanian_1923,TAR,lv,6.43239
1950,lithuanian_1923,TAR,csb,214.984
1950,lithuanian_1923,TAR,rue,346.082
1950,lithuanian_1923,TAR,rom,1090.3
1950,lithuanian_1923,TAR,kdr,2.21331
1950,lithuanian_1923,TAR,wym,2.34635
1950,lithuanian_1923,TAR,other,1560.27
1950,lithuanian_1923,LT_KAU,pl,9734.43
1950,lithuanian_1923,LT_KAU,uk,192.158
1950,lithuanian_1923,LT_KAU,be,388.798
1950,lithuanian_1923,LT_KAU,tut,70.3162
1950,lithuanian_1923,LT_KAU,yi,30733.8
1950,lithuanian_1923,LT_KAU,de,8652.17
1950,lithuanian_1923,LT_KAU,ru,14482.6
1950,lithuanian_1923,LT_KAU,lt,257017
1950,lithuanian_1923,LT_KAU,cs,4.44893
1950,lithuanian_1923,LT_KAU,lv,246.871
1950,lithuanian_1923,LT_KAU,csb,14.0082
1950,lithuanian_1923,LT_KAU,rue,4.7945
1950,lithuanian_1923,LT_KAU,rom,996.011
1950,lithuanian_1923,LT_KAU,kdr,2.24254
1950,lithuanian_1923,LT_KAU,other,3106.16
1950,lithuanian_1923,LT_LAU,pl,10130.6
1950,lithuanian_1923,LT_LAU,uk,120.572
1950,lithuanian_1923,LT_LAU,be,295.533
1950,lithuanian_1923,LT_LAU,tut,44.4442
1950,lithuanian_1923,LT_LAU,yi,28655.9
1950,lithuanian_1923,LT_LAU,de,3479.43
1950,lithuanian_1923,LT_LAU,ru,12021.1
1950,lithuanian_1923,LT_LAU,lt,520171
1950,lithuanian_1923,LT_LAU,cs,2.81454
1950,lithuanian_1923,LT_LAU,lv,1351.01
1950,lithuanian_1923,LT_LAU,csb,8.88153
1950,lithuanian_1923,LT_LAU,rue,3.02916
1950,lithuanian_1923,LT_LAU,rom,69.28
1950,lithuanian_1923,LT_LAU,kdr,89.7325
1950,lithuanian_1923,LT_LAU,other,1489.49
1950,lithuanian_1923,LT_ZEM,pl,3042.59
1950,lithuanian_1923,LT_ZEM,uk,149.804
1950,lithuanian_1923,LT_ZEM,be,333.704
1950,lithuanian_1923,LT_ZEM,tut,55.336
1950,lithuanian_1923,LT_ZEM,yi,30200.2
1950,lithuanian_1923,LT_ZEM,de,6881.59
1950,lithuanian_1923,LT_ZEM,ru,7231.58
1950,lithuanian_1923,LT_ZEM,lt,595076
1950,lithuanian_1923,LT_ZEM,cs,3.48755
1950,lithuanian_1923,LT_ZEM,lv,7207.65
1950,lithuanian_1923,LT_ZEM,csb,11.0005
1950,lithuanian_1923,LT_ZEM,rue,3.76147
1950,lithuanian_1923,LT_ZEM,rom,383.269
1950,lithuanian_1923,LT_ZEM,kdr,2.90557
1950,lithuanian_1923,LT_ZEM,other,1792.27
1950,lithuanian_1923,LT_SUV,pl,4552.64
1950,lithuanian_1923,LT_SUV,uk,180.252
1950,lithuanian_1923,LT_SUV,be,2418.87
1950,lithuanian_1923,LT_SUV,tut,67.4774
1950,lithuanian_1923,LT_SUV,yi,23380.6
1950,lithuanian_1923,LT_SUV,de,18627.5
1950,lithuanian_1923,LT_SUV,ru,5778.02
1950,lithuanian_1923,LT_SUV,lt,468833
1950,lithuanian_1923,LT_SUV,cs,4.08311
1950,lithuanian_1923,LT_SUV,lv,178.2
1950,lithuanian_1923,LT_SUV,csb,13.3835
1950,lithuanian_1923,LT_SUV,rue,4.62437
1950,lithuanian_1923,LT_SUV,rom,1624.43
1950,lithuanian_1923,LT_SUV,kdr,1.61566
1950,lithuanian_1923,LT_SUV,other,1464.03
1950,lithuanian_1923,LT_NEA,pl,8538.05
1950,lithuanian_1923,LT_NEA,uk,95.5361
1950,lithuanian_1923,LT_NEA,be,4140.07
1950,lithuanian_1923,LT_NEA,tut,35.3931
1950,lithuanian_1923,LT_NEA,yi,20959.4
1950,lithuanian_1923,LT_NEA,de,1455.37
1950,lithuanian_1923,LT_NEA,ru,28896.5
1950,lithuanian_1923,LT_NEA,lt,407719
1950,lithuanian_1923,LT_NEA,cs,2.22009
1950,lithuanian_1923,LT_NEA,lv,8851.32
1950,lithuanian_1923,LT_NEA,csb,6.99947
1950,lithuanian_1923,LT_NEA,rue,2.40158
1950,lithuanian_1923,LT_NEA,rom,42.6641
1950,lithuanian_1923,LT_NEA,kdr,1.94072
1950,lithuanian_1923,LT_NEA,other,1316.66
1950,lithuanian_1923,LT_KLA,pl,232.994
1950,lithuanian_1923,LT_KLA,uk,59.7146
1950,lithuanian_1923,LT_KLA,be,131.868
1950,lithuanian_1923,LT_KLA,tut,21.6613
1950,lithuanian_1923,LT_KLA,yi,3339.67
1950,lithuanian_1923,LT_KLA,de,61644
1950,lithuanian_1923,LT_KLA,ru,1960.07
1950,lithuanian_1923,LT_KLA,lt,106622
1950,lithuanian_1923,LT_KLA,cs,1.39279
1950,lithuanian_1923,LT_KLA,lv,142.383
1950,lithuanian_1923,LT_KLA,csb,4.6045
1950,lithuanian_1923,LT_KLA,rue,1.49067
1950,lithuanian_1923,LT_KLA,rom,35.3523
1950,lithuanian_1923,LT_KLA,kdr,1.17251
1950,lithuanian_1923,LT_KLA,other,1419.82
1950,modern_selfid,WAW,pl,1.24762e+06
1950,modern_selfid,WAW,uk,45769
1950,modern_selfid,WAW,be,16749.1
1950,modern_selfid,WAW,tut,2357.46
1950,modern_selfid,WAW,yi,242622
1950,modern_selfid,WAW,de,9535.13
1950,modern_selfid,WAW,ru,7016.79
1950,modern_selfid,WAW,lt,5455.53
1950,modern_selfid,WAW,cs,528.768
1950,modern_selfid,WAW,lv,67.6167
1950,modern_selfid,WAW,csb,2052.14
1950,modern_selfid,WAW,rue,746.098
1950,modern_selfid,WAW,rom,973.4
1950,modern_selfid,WAW,kdr,9.07304
1950,modern_selfid,WAW,wym,8.83819
1950,modern_selfid,WAW,other,1943.75
1950,modern_selfid,WAR,pl,2.65114e+06
1950,modern_selfid,WAR,uk,14920.5
1950,modern_selfid,WAR,be,5385.93
1950,modern_selfid,WAR,tut,805.858
1950,modern_selfid,WAR,yi,165008
1950,modern_selfid,WAR,de,45820
1950,modern_selfid,WAR,ru,8489.8
1950,modern_selfid,WAR,lt,1985.03
1950,modern_selfid,WAR,cs,208.427
1950,modern_selfid,WAR,lv,26.5763
1950,modern_selfid,WAR,csb,1772.55
1950,modern_selfid,WAR,rue,317.486
1950,modern_selfid,WAR,rom,2839.62
1950,modern_selfid,WAR,kdr,3.61858
1950,modern_selfid,WAR,wym,4.02145
1950,modern_selfid,WAR,other,9638.68
1950,modern_selfid,LOD,pl,2.63634e+06
1950,modern_selfid,LOD,uk,22605.3
1950,modern_selfid,LOD,be,10003.5
1950,modern_selfid,LOD,tut,1495.72
1950,modern_selfid,LOD,yi,271514
1950,modern_selfid,LOD,de,130521
1950,modern_selfid,LOD,ru,4233.11
1950,modern_selfid,LOD,lt,3693.6
1950,modern_selfid,LOD,cs,386.731
1950,modern_selfid,LOD,lv,49.3832
1950,modern_selfid,LOD,csb,2206.33
1950,modern_selfid,LOD,rue,637.842
1950,modern_selfid,LOD,rom,2148.38
1950,modern_selfid,LOD,kdr,6.73425
1950,modern_selfid,LOD,wym,8.56542
1950,modern_selfid,LOD,other,13857.4
1950,modern_selfid,KIE,pl,3.18251e+06
1950,modern_selfid,KIE,uk,17308.1
1950,modern_selfid,KIE,be,6184.7
1950,modern_selfid,KIE,tut,920.878
1950,modern_selfid,KIE,yi,242295
1950,modern_selfid,KIE,de,14836.9
1950,modern_selfid,KIE,ru,4151.87
1950,modern_selfid,KIE,lt,2287.37
1950,modern_selfid,KIE,cs,261.071
1950,modern_selfid,KIE,lv,30.5997
1950,modern_selfid,KIE,csb,1216.88
1950,modern_selfid,KIE,rue,624.419
1950,modern_selfid,KIE,rom,3084.31
1950,modern_selfid,KIE,kdr,4.42819
1950,modern_selfid,KIE,wym,8.66051
1950,modern_selfid,KIE,other,8833.99
1950,modern_selfid,LUB,pl,2.55035e+06
1950,modern_selfid,LUB,uk,146713
1950,modern_selfid,LUB,be,8383.79
1950,modern_selfid,LUB,tut,1071.17
1950,modern_selfid,LUB,yi,188759
1950,modern_selfid,LUB,de,17947.6
1950,modern_selfid,LUB,ru,6221.49
1950,modern_selfid,LUB,lt,1767.53
1950,modern_selfid,LUB,cs,385.093
1950,modern_selfid,LUB,lv,23.5967
1950,modern_selfid,LUB,csb,693.886
1950,modern_selfid,LUB,rue,452.331
1950,modern_selfid,LUB,rom,2095.94
1950,modern_selfid,LUB,kdr,3.93152
1950,modern_selfid,LUB,wym,4.20786
1950,modern_selfid,LUB,other,488.168
1950,modern_selfid,BIA,pl,1.50835e+06
1950,modern_selfid,BIA,uk,14196.3
1950,modern_selfid,BIA,be,204801
1950,modern_selfid,BIA,tut,882.344
1950,modern_selfid,BIA,yi,151536
1950,modern_selfid,BIA,de,8903.95
1950,modern_selfid,BIA,ru,36331.8
1950,modern_selfid,BIA,lt,16993.8
1950,modern_selfid,BIA,cs,186.61
1950,modern_selfid,BIA,lv,39.5661
1950,modern_selfid,BIA,csb,507.813
1950,modern_selfid,BIA,rue,203.066
1950,modern_selfid,BIA,rom,1060.9
1950,modern_selfid,BIA,kdr,4.82071
1950,modern_selfid,BIA,wym,2.26692
1950,modern_selfid,BIA,other,1819.39
1950,modern_selfid,WIL,pl,973775
1950,modern_selfid,WIL,uk,5921.24
1950,modern_selfid,WIL,be,273992
1950,modern_selfid,WIL,tut,1820.88
1950,modern_selfid,WIL,yi,79989.4
1950,modern_selfid,WIL,de,1968.91
1950,modern_selfid,WIL,ru,40995.9
1950,modern_selfid,WIL,lt,72747
1950,modern_selfid,WIL,cs,85.8347
1950,modern_selfid,WIL,lv,49.9478
1950,modern_selfid,WIL,csb,223.833
1950,modern_selfid,WIL,rue,88.7064
1950,modern_selfid,WIL,rom,923.862
1950,modern_selfid,WIL,kdr,271.154
1950,modern_selfid,WIL,wym,1.02253
1950,modern_selfid,WIL,other,2080.83
1950,modern_selfid,NOW,pl,786445
1950,modern_selfid,NOW,uk,5454.77
1950,modern_selfid,NOW,be,404713
1950,modern_selfid,NOW,tut,431.881
1950,modern_selfid,NOW,yi,59388.6
1950,modern_selfid,NOW,de,607.751
1950,modern_selfid,NOW,ru,13625.2
1950,modern_selfid,NOW,lt,2321.94
1950,modern_selfid,NOW,cs,104.407
1950,modern_selfid,NOW,lv,17.3692
1950,modern_selfid,NOW,csb,150.283
1950,modern_selfid,NOW,rue,84.6784
1950,modern_selfid,NOW,rom,923.408
1950,modern_selfid,NOW,kdr,2.15576
1950,modern_selfid,NOW,wym,0.817741
1950,modern_selfid,NOW,other,125.061
1950,modern_selfid,POL,pl,630717
1950,modern_selfid,POL,uk,280740
1950,modern_selfid,POL,be,286869
1950,modern_selfid,POL,tut,209334
1950,modern_selfid,POL,yi,84015.4
1950,modern_selfid,POL,de,864.167
1950,modern_selfid,POL,ru,17969.2
1950,modern_selfid,POL,lt,941.316
1950,modern_selfid,POL,cs,138.217
1950,modern_selfid,POL,lv,12.6646
1950,modern_selfid,POL,csb,233.364
1950,modern_selfid,POL,rue,133.165
1950,modern_selfid,POL,rom,527.123
1950,modern_selfid,POL,kdr,1.79409
1950,modern_selfid,POL,wym,1.25293
1950,modern_selfid,POL,other,1189.75
1950,modern_selfid,WOL,pl,672914
1950,modern_selfid,WOL,uk,1.63332e+06
1950,modern_selfid,WOL,be,5376.61
1950,modern_selfid,WOL,tut,554.484
1950,modern_selfid,WOL,yi,151895
1950,modern_selfid,WOL,de,41775.1
1950,modern_selfid,WOL,ru,24187.3
1950,modern_selfid,WOL,lt,827.855
1950,modern_selfid,WOL,cs,31688.4
1950,modern_selfid,WOL,lv,11.2872
1950,modern_selfid,WOL,csb,234.031
1950,modern_selfid,WOL,rue,236.472
1950,modern_selfid,WOL,rom,1431.63
1950,modern_selfid,WOL,kdr,35.2145
1950,modern_selfid,WOL,wym,1.45652
1950,modern_selfid,WOL,other,4054.55
1950,modern_selfid,POZ,pl,2.25259e+06
1950,modern_selfid,POZ,uk,13780.5
1950,modern_selfid,POZ,be,6043.5
1950,modern_selfid,POZ,tut,903.588
1950,modern_selfid,POZ,yi,17975.9
1950,modern_selfid,POZ,de,168903
1950,modern_selfid,POZ,ru,1128.85
1950,modern_selfid,POZ,lt,2255.12
1950,modern_selfid,POZ,cs,235.873
1950,modern_selfid,POZ,lv,30.027
1950,modern_selfid,POZ,csb,2155.81
1950,modern_selfid,POZ,rue,405.055
1950,modern_selfid,POZ,rom,774.419
1950,modern_selfid,POZ,kdr,4.12202
1950,modern_selfid,POZ,wym,5.5318
1950,modern_selfid,POZ,other,674.998
1950,modern_selfid,POM,pl,1.10384e+06
1950,modern_selfid,POM,uk,10333.7
1950,modern_selfid,POM,be,4551.89
1950,modern_selfid,POM,tut,675.696
1950,modern_selfid,POM,yi,13016.8
1950,modern_selfid,POM,de,97484.9
1950,modern_selfid,POM,ru,852.228
1950,modern_selfid,POM,lt,1686.68
1950,modern_selfid,POM,cs,175.743
1950,modern_selfid,POM,lv,22.3712
1950,modern_selfid,POM,csb,155529
1950,modern_selfid,POM,rue,278.974
1950,modern_selfid,POM,rom,532.79
1950,modern_selfid,POM,kdr,3.05364
1950,modern_selfid,POM,wym,3.69492
1950,modern_selfid,POM,other,2367.55
1950,modern_selfid,SLA,pl,1.52782e+06
1950,modern_selfid,SLA,uk,22196.5
1950,modern_selfid,SLA,be,6109.77
1950,modern_selfid,SLA,tut,941.826
1950,modern_selfid,SLA,yi,22439.7
1950,modern_selfid,SLA,de,81581
1950,modern_selfid,SLA,ru,1131.41
1950,modern_selfid,SLA,lt,2165.1
1950,modern_selfid,SLA,cs,280.559
1950,modern_selfid,SLA,lv,28.7344
1950,modern_selfid,SLA,csb,1303.33
1950,modern_selfid,SLA,rue,853.801
1950,modern_selfid,SLA,rom,907.62
1950,modern_selfid,SLA,kdr,4.55684
1950,modern_selfid,SLA,wym,11.8578
1950,modern_selfid,SLA,other,2903.11
1950,modern_selfid,KRA,pl,2.3738e+06
1950,modern_selfid,KRA,uk,17671.8
1950,modern_selfid,KRA,be,4734.55
1950,modern_selfid,KRA,tut,763.758
1950,modern_selfid,KRA,yi,105084
1950,modern_selfid,KRA,de,10761.4
1950,modern_selfid,KRA,ru,852.635
1950,modern_selfid,KRA,lt,1573.89
1950,modern_selfid,KRA,cs,229.215
1950,modern_selfid,KRA,lv,21.1029
1950,modern_selfid,KRA,csb,776.841
1950,modern_selfid,KRA,rue,55828.2
1950,modern_selfid,KRA,rom,5223.06
1950,modern_selfid,KRA,kdr,3.47981
1950,modern_selfid,KRA,wym,742.58
1950,modern_selfid,KRA,other,2540.85
1950,modern_selfid,LWO,pl,2.14198e+06
1950,modern_selfid,LWO,uk,1.10045e+06
1950,modern_selfid,LWO,be,5813.1
1950,modern_selfid,LWO,tut,1033.07
1950,modern_selfid,LWO,yi,185475
1950,modern_selfid,LWO,de,13201
1950,modern_selfid,LWO,ru,1129.78
1950,modern_selfid,LWO,lt,1595.37
1950,modern_selfid,LWO,cs,582.85
1950,modern_selfid,LWO,lv,21.4631
1950,modern_selfid,LWO,csb,564.279
1950,modern_selfid,LWO,rue,54027.8
1950,modern_selfid,LWO,rom,4440.54
1950,modern_selfid,LWO,kdr,5.48828
1950,modern_selfid,LWO,wym,5.88005
1950,modern_selfid,LWO,other,8811.59
1950,modern_selfid,STA,pl,494498
1950,modern_selfid,STA,uk,1.04611e+06
1950,modern_selfid,STA,be,1740.95
1950,modern_selfid,STA,tut,311.186
1950,modern_selfid,STA,yi,79447.9
1950,modern_selfid,STA,de,15242.1
1950,modern_selfid,STA,ru,337.924
1950,modern_selfid,STA,lt,472.586
1950,modern_selfid,STA,cs,173.657
1950,modern_selfid,STA,lv,6.39773
1950,modern_selfid,STA,csb,168.926
1950,modern_selfid,STA,rue,295.022
1950,modern_selfid,STA,rom,1679.26
1950,modern_selfid,STA,kdr,68.4379
1950,modern_selfid,STA,wym,1.76422
1950,modern_selfid,STA,other,5153.38
1950,modern_selfid,TAR,pl,894758
1950,modern_selfid,TAR,uk,730851
1950,modern_selfid,TAR,be,1702.8
1950,modern_selfid,TAR,tut,305.431
1950,modern_selfid,TAR,yi,59007.6
1950,modern_selfid,TAR,de,3384.79
1950,modern_selfid,TAR,ru,331.353
1950,modern_selfid,TAR,lt,462.86
1950,modern_selfid,TAR,cs,171.292
1950,modern_selfid,TAR,lv,6.26418
1950,modern_selfid,TAR,csb,165.429
1950,modern_selfid,TAR,rue,288.835
1950,modern_selfid,TAR,rom,886.84
1950,modern_selfid,TAR,kdr,1.69908
1950,modern_selfid,TAR,wym,1.73527
1950,modern_selfid,TAR,other,1560.27
1950,modern_selfid,LT_KAU,pl,22098
1950,modern_selfid,LT_KAU,uk,203.147
1950,modern_selfid,LT_KAU,be,362.644
1950,modern_selfid,LT_KAU,tut,17.5791
1950,modern_selfid,LT_KAU,yi,27754.4
1950,modern_selfid,LT_KAU,de,7886.87
1950,modern_selfid,LT_KAU,ru,13165.7
1950,modern_selfid,LT_KAU,lt,250004
1950,modern_selfid,LT_KAU,cs,4.30586
1950,modern_selfid,LT_KAU,lv,223.303
1950,modern_selfid,LT_KAU,csb,13.0975
1950,modern_selfid,LT_KAU,rue,4.48288
1950,modern_selfid,LT_KAU,rom,800.392
1950,modern_selfid,LT_KAU,kdr,1.77649
1950,modern_selfid,LT_KAU,other,3106.16
1950,modern_selfid,LT_LAU,pl,25151.1
1950,modern_selfid,LT_LAU,uk,127.621
1950,modern_selfid,LT_LAU,be,269.062
1950,modern_selfid,LT_LAU,tut,11.111
1950,modern_selfid,LT_LAU,yi,26009.4
1950,modern_selfid,LT_LAU,de,3179.88
1950,modern_selfid,LT_LAU,ru,10993.7
1950,modern_selfid,LT_LAU,lt,509335
1950,modern_selfid,LT_LAU,cs,2.72575
1950,modern_selfid,LT_LAU,lv,1226.37
1950,modern_selfid,LT_LAU,csb,8.31443
1950,modern_selfid,LT_LAU,rue,2.83582
1950,modern_selfid,LT_LAU,rom,56.3059
1950,modern_selfid,LT_LAU,kdr,69.5697
1950,modern_selfid,LT_LAU,other,1489.49
1950,modern_selfid,LT_ZEM,pl,7486.56
1950,modern_selfid,LT_ZEM,uk,158.572
1950,modern_selfid,LT_ZEM,be,307.75
1950,modern_selfid,LT_ZEM,tut,13.834
1950,modern_selfid,LT_ZEM,yi,27405.7
1950,modern_selfid,LT_ZEM,de,6292.33
1950,modern_selfid,LT_ZEM,ru,6613.63
1950,modern_selfid,LT_ZEM,lt,595423
1950,modern_selfid,LT_ZEM,cs,3.37719
1950,modern_selfid,LT_ZEM,lv,6549.98
1950,modern_selfid,LT_ZEM,csb,10.2953
1950,modern_selfid,LT_ZEM,rue,3.52029
1950,modern_selfid,LT_ZEM,rom,311.895
1950,modern_selfid,LT_ZEM,kdr,2.27969
1950,modern_selfid,LT_ZEM,other,1792.27
1950,modern_selfid,LT_SUV,pl,11226.9
1950,modern_selfid,LT_SUV,uk,191.165
1950,modern_selfid,LT_SUV,be,1985.2
1950,modern_selfid,LT_SUV,tut,16.8694
1950,modern_selfid,LT_SUV,yi,21246.2
1950,modern_selfid,LT_SUV,de,17042.3
1950,modern_selfid,LT_SUV,ru,5282.38
1950,modern_selfid,LT_SUV,lt,467171
1950,modern_selfid,LT_SUV,cs,3.95668
1950,modern_selfid,LT_SUV,lv,161.272
1950,modern_selfid,LT_SUV,csb,12.5479
1950,modern_selfid,LT_SUV,rue,4.33406
1950,modern_selfid,LT_SUV,rom,1319.65
1950,modern_selfid,LT_SUV,kdr,1.28261
1950,modern_selfid,LT_SUV,other,1464.03
1950,modern_selfid,LT_NEA,pl,21208.7
1950,modern_selfid,LT_NEA,uk,101.235
1950,modern_selfid,LT_NEA,be,3364.98
1950,modern_selfid,LT_NEA,tut,8.84828
1950,modern_selfid,LT_NEA,yi,19071.6
1950,modern_selfid,LT_NEA,de,1331.13
1950,modern_selfid,LT_NEA,ru,26479.8
1950,modern_selfid,LT_NEA,lt,401080
1950,modern_selfid,LT_NEA,cs,2.15172
1950,modern_selfid,LT_NEA,lv,8052.9
1950,modern_selfid,LT_NEA,csb,6.56275
1950,modern_selfid,LT_NEA,rue,2.25159
1950,modern_selfid,LT_NEA,rom,34.8071
1950,modern_selfid,LT_NEA,kdr,1.5221
1950,modern_selfid,LT_NEA,other,1316.66
1950,modern_selfid,LT_KLA,pl,546.371
1950,modern_selfid,LT_KLA,uk,63.1403
1950,modern_selfid,LT_KLA,be,121.481
1950,modern_selfid,LT_KLA,tut,5.41532
1950,modern_selfid,LT_KLA,yi,3022.29
1950,modern_selfid,LT_KLA,de,56319
1950,modern_selfid,LT_KLA,ru,1784.47
1950,modern_selfid,LT_KLA,lt,112171
1950,modern_selfid,LT_KLA,cs,1.3491
1950,modern_selfid,LT_KLA,lv,128.745
1950,modern_selfid,LT_KLA,csb,4.30929
1950,modern_selfid,LT_KLA,rue,1.39666
1950,modern_selfid,LT_KLA,rom,28.6259
1950,modern_selfid,LT_KLA,kdr,0.917187
1950,modern_selfid,LT_KLA,other,1419.82
1950,polish_1931,WAW,pl,1.21907e+06
1950,polish_1931,WAW,uk,36040.6
1950,polish_1931,WAW,ruth,9115.61
1950,polish_1931,WAW,be,12646.6
1950,polish_1931,WAW,tut,8109.65
1950,polish_1931,WAW,yi,249914
1950,polish_1931,WAW,he,23870
1950,polish_1931,WAW,de,9565.1
1950,polish_1931,WAW,ru,7615.23
1950,polish_1931,WAW,lt,4710.32
1950,polish_1931,WAW,cs,581.718
1950,polish_1931,WAW,lv,69.7998
1950,polish_1931,WAW,other,2139.82
1950,polish_1931,WAR,pl,2.63612e+06
1950,polish_1931,WAR,uk,11665.1
1950,polish_1931,WAR,ruth,3058.26
1950,polish_1931,WAR,be,4029.3
1950,polish_1931,WAR,tut,2772.15
1950,polish_1931,WAR,yi,169412
1950,polish_1931,WAR,he,14253.7
1950,polish_1931,WAR,de,46354.9
1950,polish_1931,WAR,ru,8559.8
1950,polish_1931,WAR,lt,1718.97
1950,polish_1931,WAR,cs,228.388
1950,polish_1931,WAR,lv,27.3904
1950,polish_1931,WAR,other,10167.4
1950,polish_1931,LOD,pl,2.60535e+06
1950,polish_1931,LOD,uk,17574.6
1950,polish_1931,LOD,ruth,4697.65
1950,polish_1931,LOD,be,7483.93
1950,polish_1931,LOD,tut,5145.27
1950,polish_1931,LOD,yi,280056
1950,polish_1931,LOD,he,23695.6
1950,polish_1931,LOD,de,133238
1950,polish_1931,LOD,ru,4527.19
1950,polish_1931,LOD,lt,3195.58
1950,polish_1931,LOD,cs,424.26
1950,polish_1931,LOD,lv,50.9197
1950,polish_1931,LOD,other,14266.7
1950,polish_1931,KIE,pl,3.159e+06
1950,polish_1931,KIE,uk,13170.7
1950,polish_1931,KIE,ruth,4221.16
1950,polish_1931,KIE,be,4628.18
1950,polish_1931,KIE,tut,3167.82
1950,polish_1931,KIE,yi,248559
1950,polish_1931,KIE,he,20944.7
1950,polish_1931,KIE,de,14862.1
1950,polish_1931,KIE,ru,4296.13
1950,polish_1931,KIE,lt,1982.6
1950,polish_1931,KIE,cs,285.891
1950,polish_1931,KIE,lv,31.5166
1950,polish_1931,KIE,other,9407.11
1950,polish_1931,LUB,pl,2.5325e+06
1950,polish_1931,LUB,uk,128111
1950,polish_1931,LUB,ruth,18648.4
1950,polish_1931,LUB,be,5928.19
1950,polish_1931,LUB,tut,3684.82
1950,polish_1931,LUB,yi,192861
1950,polish_1931,LUB,he,16340.9
1950,polish_1931,LUB,de,18071.8
1950,polish_1931,LUB,ru,6365.74
1950,polish_1931,LUB,lt,1533.54
1950,polish_1931,LUB,cs,421.202
1950,polish_1931,LUB,lv,24.2891
1950,polish_1931,LUB,other,875.953
1950,polish_1931,BIA,pl,1.51609e+06
1950,polish_1931,BIA,uk,11836
1950,polish_1931,BIA,ruth,1913.09
1950,polish_1931,BIA,be,175859
1950,polish_1931,BIA,tut,3035.26
1950,polish_1931,BIA,yi,154972
1950,polish_1931,BIA,he,13164.1
1950,polish_1931,BIA,de,8967.24
1950,polish_1931,BIA,ru,43482.4
1950,polish_1931,BIA,lt,14237.6
1950,polish_1931,BIA,cs,204.205
1950,polish_1931,BIA,lv,40.776
1950,polish_1931,BIA,other,2020.12
1950,polish_1931,WIL,pl,1.01304e+06
1950,polish_1931,WIL,uk,3740.09
1950,polish_1931,WIL,ruth,780.138
1950,polish_1931,WIL,be,226833
1950,polish_1931,WIL,tut,6263.84
1950,polish_1931,WIL,yi,81740.6
1950,polish_1931,WIL,he,7019.62
1950,polish_1931,WIL,de,1969.8
1950,polish_1931,WIL,ru,50073.7
1950,polish_1931,WIL,lt,60721
1950,polish_1931,WIL,cs,93.9144
1950,polish_1931,WIL,lv,51.4748
1950,polish_1931,WIL,other,2602.89
1950,polish_1931,NOW,pl,812070
1950,polish_1931,NOW,uk,4332.18
1950,polish_1931,NOW,ruth,880.317
1950,polish_1931,NOW,be,358447
1950,polish_1931,NOW,tut,1485.67
1950,polish_1931,NOW,yi,60252.7
1950,polish_1931,NOW,he,5193.66
1950,polish_1931,NOW,de,600.389
1950,polish_1931,NOW,ru,28725.6
1950,polish_1931,NOW,lt,1981.55
1950,polish_1931,NOW,cs,114.009
1950,polish_1931,NOW,lv,17.8647
1950,polish_1931,NOW,other,295.36
1950,polish_1931,POL,pl,470485
1950,polish_1931,POL,uk,102041
1950,polish_1931,POL,ruth,2565.86
1950,polish_1931,POL,be,102121
1950,polish_1931,POL,tut,720108
1950,polish_1931,POL,yi,85473.9
1950,polish_1931,POL,he,7286.45
1950,polish_1931,POL,de,852.78
1950,polish_1931,POL,ru,20482.4
1950,polish_1931,POL,lt,820.105
1950,polish_1931,POL,cs,150.587
1950,polish_1931,POL,lv,12.9924
1950,polish_1931,POL,other,1287.41
1950,polish_1931,WOL,pl,670365
1950,polish_1931,WOL,uk,1.59295e+06
1950,polish_1931,WOL,ruth,26313.2
1950,polish_1931,WOL,be,4231.11
1950,polish_1931,WOL,tut,1907.43
1950,polish_1931,WOL,yi,154397
1950,polish_1931,WOL,he,13158.6
1950,polish_1931,WOL,de,41997.7
1950,polish_1931,WOL,ru,23824.6
1950,polish_1931,WOL,lt,721.104
1950,polish_1931,WOL,cs,34306.3
1950,polish_1931,WOL,lv,11.5768
1950,polish_1931,WOL,other,4358.46
1950,polish_1931,POZ,pl,2.25093e+06
1950,polish_1931,POZ,uk,10697.9
1950,polish_1931,POZ,ruth,2915.71
1950,polish_1931,POZ,be,4522.04
1950,polish_1931,POZ,tut,3108.34
1950,polish_1931,POZ,yi,18383.2
1950,polish_1931,POZ,he,1801.95
1950,polish_1931,POZ,de,171121
1950,polish_1931,POZ,ru,1316.75
1950,polish_1931,POZ,lt,1949.92
1950,polish_1931,POZ,cs,258.953
1950,polish_1931,POZ,lv,30.9758
1950,polish_1931,POZ,other,824.998
1950,polish_1931,POM,pl,1.25708e+06
1950,polish_1931,POM,uk,8038.38
1950,polish_1931,POM,ruth,2134.56
1950,polish_1931,POM,be,3408.7
1950,polish_1931,POM,tut,2324.39
1950,polish_1931,POM,yi,13306.2
1950,polish_1931,POM,he,1286.52
1950,polish_1931,POM,de,98642.6
1950,polish_1931,POM,ru,991.996
1950,polish_1931,POM,lt,1459.93
1950,polish_1931,POM,cs,192.744
1950,polish_1931,POM,lv,23.061
1950,polish_1931,POM,other,2470.65
1950,polish_1931,SLA,pl,1.53796e+06
1950,polish_1931,SLA,uk,16606.5
1950,polish_1931,SLA,ruth,6028.49
1950,polish_1931,SLA,be,4557.18
1950,polish_1931,SLA,tut,3239.88
1950,polish_1931,SLA,yi,22970.4
1950,polish_1931,SLA,he,2220.62
1950,polish_1931,SLA,de,70489
1950,polish_1931,SLA,ru,1322.08
1950,polish_1931,SLA,lt,1871.94
1950,polish_1931,SLA,cs,308.207
1950,polish_1931,SLA,lv,29.6352
1950,polish_1931,SLA,other,3078.94
1950,polish_1931,KRA,pl,2.36072e+06
1950,polish_1931,KRA,uk,19708.9
1950,polish_1931,KRA,ruth,60462.6
1950,polish_1931,KRA,be,3513.25
1950,polish_1931,KRA,tut,2627.33
1950,polish_1931,KRA,yi,108381
1950,polish_1931,KRA,he,8795.43
1950,polish_1931,KRA,de,10251.2
1950,polish_1931,KRA,ru,996.823
1950,polish_1931,KRA,lt,1362.84
1950,polish_1931,KRA,cs,251.444
1950,polish_1931,KRA,lv,21.7399
1950,polish_1931,KRA,other,3515.16
1950,polish_1931,LWO,pl,2.10496e+06
1950,polish_1931,LWO,uk,693316
1950,polish_1931,LWO,ruth,481008
1950,polish_1931,LWO,be,4263.41
1950,polish_1931,LWO,tut,3553.76
1950,polish_1931,LWO,yi,190653
1950,polish_1931,LWO,he,15606.4
1950,polish_1931,LWO,de,12789.7
1950,polish_1931,LWO,ru,1301.16
1950,polish_1931,LWO,lt,1384.76
1950,polish_1931,LWO,cs,638.994
1950,polish_1931,LWO,lv,22.0558
1950,polish_1931,LWO,other,9639.72
1950,polish_1931,STA,pl,476453
1950,polish_1931,STA,uk,641019
1950,polish_1931,STA,ruth,416534
1950,polish_1931,STA,be,1275
1950,polish_1931,STA,tut,1070.48
1950,polish_1931,STA,yi,81427
1950,polish_1931,STA,he,6652.74
1950,polish_1931,STA,de,14730.6
1950,polish_1931,STA,ru,387.815
1950,polish_1931,STA,lt,411.134
1950,polish_1931,STA,cs,190.001
1950,polish_1931,STA,lv,6.56233
1950,polish_1931,STA,other,5551.14
1950,polish_1931,TAR,pl,880550
1950,polish_1931,TAR,uk,450087
1950,polish_1931,TAR,ruth,289511
1950,polish_1931,TAR,be,1246.8
1950,polish_1931,TAR,tut,1050.68
1950,polish_1931,TAR,yi,60504.7
1950,polish_1931,TAR,he,4954.53
1950,polish_1931,TAR,de,3278.94
1950,polish_1931,TAR,ru,380.85
1950,polish_1931,TAR,lt,402.151
1950,polish_1931,TAR,cs,187.59
1950,polish_1931,TAR,lv,6.43239
1950,polish_1931,TAR,other,1726.03
1950,polish_1931,LT_KAU,pl,86161.5
1950,polish_1931,LT_KAU,uk,153.474
1950,polish_1931,LT_KAU,ruth,34.5195
1950,polish_1931,LT_KAU,be,234.878
1950,polish_1931,LT_KAU,tut,60.472
1950,polish_1931,LT_KAU,yi,27068.8
1950,polish_1931,LT_KAU,he,3664.99
1950,polish_1931,LT_KAU,de,8213.62
1950,polish_1931,LT_KAU,ru,13041.2
1950,polish_1931,LT_KAU,lt,183504
1950,polish_1931,LT_KAU,cs,4.44893
1950,polish_1931,LT_KAU,lv,246.871
1950,polish_1931,LT_KAU,other,3257.81
1950,polish_1931,LT_LAU,pl,153026
1950,polish_1931,LT_LAU,uk,96.2598
1950,polish_1931,LT_LAU,ruth,21.7491
1950,polish_1931,LT_LAU,be,156.574
1950,polish_1931,LT_LAU,tut,38.222
1950,polish_1931,LT_LAU,yi,25235.4
1950,polish_1931,LT_LAU,he,3420.51
1950,polish_1931,LT_LAU,de,3300.54
1950,polish_1931,LT_LAU,ru,10823.3
1950,polish_1931,LT_LAU,lt,378871
1950,polish_1931,LT_LAU,cs,2.81454
1950,polish_1931,LT_LAU,lv,1351.01
1950,polish_1931,LT_LAU,other,1589.62
1950,polish_1931,LT_ZEM,pl,156699
1950,polish_1931,LT_ZEM,uk,119.581
1950,polish_1931,LT_ZEM,ruth,27.0379
1950,polish_1931,LT_ZEM,be,189.078
1950,polish_1931,LT_ZEM,tut,47.589
1950,polish_1931,LT_ZEM,yi,26597.1
1950,polish_1931,LT_ZEM,he,3603.04
1950,polish_1931,LT_ZEM,de,6530.37
1950,polish_1931,LT_ZEM,ru,6513.81
1950,polish_1931,LT_ZEM,lt,442984
1950,polish_1931,LT_ZEM,cs,3.48755
1950,polish_1931,LT_ZEM,lv,7207.65
1950,polish_1931,LT_ZEM,other,1852.67
1950,polish_1931,LT_SUV,pl,131548
1950,polish_1931,LT_SUV,uk,143.312
1950,polish_1931,LT_SUV,ruth,33.3099
1950,polish_1931,LT_SUV,be,544.604
1950,polish_1931,LT_SUV,tut,58.0306
1950,polish_1931,LT_SUV,yi,20596
1950,polish_1931,LT_SUV,he,2784.57
1950,polish_1931,LT_SUV,de,17691.5
1950,polish_1931,LT_SUV,ru,5205.76
1950,polish_1931,LT_SUV,lt,346632
1950,polish_1931,LT_SUV,cs,4.08311
1950,polish_1931,LT_SUV,lv,178.2
1950,polish_1931,LT_SUV,other,1709.31
1950,polish_1931,LT_NEA,pl,126318
1950,polish_1931,LT_NEA,uk,76.2574
1950,polish_1931,LT_NEA,ruth,17.2706
1950,polish_1931,LT_NEA,be,800.733
1950,polish_1931,LT_NEA,tut,30.4381
1950,polish_1931,LT_NEA,yi,18458.2
1950,polish_1931,LT_NEA,he,2501.18
1950,polish_1931,LT_NEA,de,1379.78
1950,polish_1931,LT_NEA,ru,26010.6
1950,polish_1931,LT_NEA,lt,296293
1950,polish_1931,LT_NEA,cs,2.22009
1950,polish_1931,LT_NEA,lv,8851.32
1950,polish_1931,LT_NEA,other,1325
1950,polish_1931,LT_KLA,pl,30776.9
1950,polish_1931,LT_KLA,uk,47.7277
1950,polish_1931,LT_KLA,ruth,10.6936
1950,polish_1931,LT_KLA,be,74.493
1950,polish_1931,LT_KLA,tut,18.6287
1950,polish_1931,LT_KLA,yi,2942.94
1950,polish_1931,LT_KLA,he,396.725
1950,polish_1931,LT_KLA,de,58278.2
1950,polish_1931,LT_KLA,ru,1766.18
1950,polish_1931,LT_KLA,lt,79735.3
1950,polish_1931,LT_KLA,cs,1.39279
1950,polish_1931,LT_KLA,lv,142.383
1950,polish_1931,LT_KLA,other,1426.29
1960,imperial_1897,WAW,pl,1.33058e+06
1960,imperial_1897,WAW,uk,105230
1960,imperial_1897,WAW,be,43191.7
1960,imperial_1897,WAW,yi,331765
1960,imperial_1897,WAW,de,14995.7
1960,imperial_1897,WAW,ru,12603.6
1960,imperial_1897,WAW,lt,9747.69
1960,imperial_1897,WAW,cs,968.196
1960,imperial_1897,WAW,lv,123.893
1960,imperial_1897,WAW,other,4106.47
1960,imperial_1897,WAR,pl,2.73821e+06
1960,imperial_1897,WAR,uk,33581.4
1960,imperial_1897,WAR,be,15101.5
1960,imperial_1897,WAR,yi,217237
1960,imperial_1897,WAR,de,51197.6
1960,imperial_1897,WAR,ru,11831.8
1960,imperial_1897,WAR,lt,3664.97
1960,imperial_1897,WAR,cs,397.952
1960,imperial_1897,WAR,lv,50.0385
1960,imperial_1897,WAR,other,12882.1
1960,imperial_1897,LOD,pl,2.73403e+06
1960,imperial_1897,LOD,uk,55729.6
1960,imperial_1897,LOD,be,27803
1960,imperial_1897,LOD,yi,356200
1960,imperial_1897,LOD,de,140162
1960,imperial_1897,LOD,ru,8722.23
1960,imperial_1897,LOD,lt,6671.73
1960,imperial_1897,LOD,cs,720.429
1960,imperial_1897,LOD,lv,90.6361
1960,imperial_1897,LOD,other,15758.6
1960,imperial_1897,KIE,pl,3.39001e+06
1960,imperial_1897,KIE,uk,42506.8
1960,imperial_1897,KIE,be,17483.3
1960,imperial_1897,KIE,yi,315226
1960,imperial_1897,KIE,de,19064.9
1960,imperial_1897,KIE,ru,7277.85
1960,imperial_1897,KIE,lt,4401.73
1960,imperial_1897,KIE,cs,520.015
1960,imperial_1897,KIE,lv,59.3712
1960,imperial_1897,KIE,other,12998.7
1960,imperial_1897,LUB,pl,2.67572e+06
1960,imperial_1897,LUB,uk,238383
1960,imperial_1897,LUB,be,65628.9
1960,imperial_1897,LUB,yi,247115
1960,imperial_1897,LUB,de,21466.9
1960,imperial_1897,LUB,ru,28061
1960,imperial_1897,LUB,lt,3413.51
1960,imperial_1897,LUB,cs,698.69
1960,imperial_1897,LUB,lv,45.7409
1960,imperial_1897,LUB,other,3772.81
1960,imperial_1897,BIA,pl,1.47482e+06
1960,imperial_1897,BIA,uk,60028
1960,imperial_1897,BIA,be,314406
1960,imperial_1897,BIA,yi,189107
1960,imperial_1897,BIA,de,10784.7
1960,imperial_1897,BIA,ru,64657.2
1960,imperial_1897,BIA,lt,19310.7
1960,imperial_1897,BIA,cs,341.03
1960,imperial_1897,BIA,lv,68.0237
1960,imperial_1897,BIA,other,3386.32
1960,imperial_1897,WIL,pl,924890
1960,imperial_1897,WIL,uk,34129.7
1960,imperial_1897,WIL,be,370211
1960,imperial_1897,WIL,yi,95185.1
1960,imperial_1897,WIL,de,2783.3
1960,imperial_1897,WIL,ru,61077.1
1960,imperial_1897,WIL,lt,75029.8
1960,imperial_1897,WIL,cs,162.438
1960,imperial_1897,WIL,lv,80.4222
1960,imperial_1897,WIL,other,3544.57
1960,imperial_1897,NOW,pl,706223
1960,imperial_1897,NOW,uk,48309.8
1960,imperial_1897,NOW,be,573687
1960,imperial_1897,NOW,yi,71393.5
1960,imperial_1897,NOW,de,1140.79
1960,imperial_1897,NOW,ru,40664.5
1960,imperial_1897,NOW,lt,3217.02
1960,imperial_1897,NOW,cs,191.544
1960,imperial_1897,NOW,lv,29.9596
1960,imperial_1897,NOW,other,1418.96
1960,imperial_1897,POL,pl,475976
1960,imperial_1897,POL,uk,639128
1960,imperial_1897,POL,be,576059
1960,imperial_1897,POL,yi,97789.3
1960,imperial_1897,POL,de,1631.28
1960,imperial_1897,POL,ru,45644.8
1960,imperial_1897,POL,lt,1731.11
1960,imperial_1897,POL,cs,255.18
1960,imperial_1897,POL,lv,23.6303
1960,imperial_1897,POL,other,1992.05
1960,imperial_1897,WOL,pl,643106
1960,imperial_1897,WOL,uk,2.0202e+06
1960,imperial_1897,WOL,be,16374
1960,imperial_1897,WOL,yi,175149
1960,imperial_1897,WOL,de,46143.1
1960,imperial_1897,WOL,ru,31779.3
1960,imperial_1897,WOL,lt,1571.88
1960,imperial_1897,WOL,cs,36943.9
1960,imperial_1897,WOL,lv,21.5689
1960,imperial_1897,WOL,other,6004.53
1960,imperial_1897,POZ,pl,2.3481e+06
1960,imperial_1897,POZ,uk,34593.8
1960,imperial_1897,POZ,be,16592.2
1960,imperial_1897,POZ,yi,42414.6
1960,imperial_1897,POZ,de,180771
1960,imperial_1897,POZ,ru,3497.25
1960,imperial_1897,POZ,lt,4265.03
1960,imperial_1897,POZ,cs,460.219
1960,imperial_1897,POZ,lv,57.7328
1960,imperial_1897,POZ,other,2326.13
1960,imperial_1897,POM,pl,1.37638e+06
1960,imperial_1897,POM,uk,26634.8
1960,imperial_1897,POM,be,12731.1
1960,imperial_1897,POM,yi,31238.9
1960,imperial_1897,POM,de,107361
1960,imperial_1897,POM,ru,2669.36
1960,imperial_1897,POM,lt,3250.18
1960,imperial_1897,POM,cs,349.448
1960,imperial_1897,POM,lv,43.6354
1960,imperial_1897,POM,other,3371.46
1960,imperial_1897,SLA,pl,1.65553e+06
1960,imperial_1897,SLA,uk,53249
1960,imperial_1897,SLA,be,17461.1
1960,imperial_1897,SLA,yi,59457.2
1960,imperial_1897,SLA,de,88445.6
1960,imperial_1897,SLA,ru,3654.77
1960,imperial_1897,SLA,lt,4233
1960,imperial_1897,SLA,cs,558.609
1960,imperial_1897,SLA,lv,56.8692
1960,imperial_1897,SLA,other,4583.81
1960,imperial_1897,KRA,pl,2.36726e+06
1960,imperial_1897,KRA,uk,123989
1960,imperial_1897,KRA,be,13066.1
1960,imperial_1897,KRA,yi,156935
1960,imperial_1897,KRA,de,13495.8
1960,imperial_1897,KRA,ru,2718.98
1960,imperial_1897,KRA,lt,3023.76
1960,imperial_1897,KRA,cs,431.268
1960,imperial_1897,KRA,lv,41.3875
1960,imperial_1897,KRA,other,9966.15
1960,imperial_1897,LWO,pl,1.90347e+06
1960,imperial_1897,LWO,uk,1.47306e+06
1960,imperial_1897,LWO,be,19064.7
1960,imperial_1897,LWO,yi,304098
1960,imperial_1897,LWO,de,16192
1960,imperial_1897,LWO,ru,4463.13
1960,imperial_1897,LWO,lt,3258.44
1960,imperial_1897,LWO,cs,1028.91
1960,imperial_1897,LWO,lv,44.4261
1960,imperial_1897,LWO,other,14038.2
1960,imperial_1897,STA,pl,362289
1960,imperial_1897,STA,uk,1.23718e+06
1960,imperial_1897,STA,be,5060.88
1960,imperial_1897,STA,yi,107113
1960,imperial_1897,STA,de,16392.5
1960,imperial_1897,STA,ru,1066.54
1960,imperial_1897,STA,lt,969.715
1960,imperial_1897,STA,cs,307.891
1960,imperial_1897,STA,lv,13.2901
1960,imperial_1897,STA,other,6877.59
1960,imperial_1897,TAR,pl,725020
1960,imperial_1897,TAR,uk,900545
1960,imperial_1897,TAR,be,4948.52
1960,imperial_1897,TAR,yi,91863.7
1960,imperial_1897,TAR,de,4165.25
1960,imperial_1897,TAR,ru,1057.61
1960,imperial_1897,TAR,lt,937.208
1960,imperial_1897,TAR,cs,307.179
1960,imperial_1897,TAR,lv,12.9545
1960,imperial_1897,TAR,other,2640.39
1960,imperial_1897,LT_KAU,pl,22389.7
1960,imperial_1897,LT_KAU,uk,464.312
1960,imperial_1897,LT_KAU,be,662.746
1960,imperial_1897,LT_KAU,yi,25292.1
1960,imperial_1897,LT_KAU,de,8891.96
1960,imperial_1897,LT_KAU,ru,14758.1
1960,imperial_1897,LT_KAU,lt,275671
1960,imperial_1897,LT_KAU,cs,8.00812
1960,imperial_1897,LT_KAU,lv,380.803
1960,imperial_1897,LT_KAU,other,3786.67
1960,imperial_1897,LT_LAU,pl,25506.4
1960,imperial_1897,LT_LAU,uk,296.785
1960,imperial_1897,LT_LAU,be,482.364
1960,imperial_1897,LT_LAU,yi,23995.5
1960,imperial_1897,LT_LAU,de,3943.11
1960,imperial_1897,LT_LAU,ru,12875.5
1960,imperial_1897,LT_LAU,lt,529107
1960,imperial_1897,LT_LAU,cs,5.22296
1960,imperial_1897,LT_LAU,lv,1482.92
1960,imperial_1897,LT_LAU,other,1634.36
1960,imperial_1897,LT_ZEM,pl,8261.57
1960,imperial_1897,LT_ZEM,uk,359.981
1960,imperial_1897,LT_ZEM,be,551.134
1960,imperial_1897,LT_ZEM,yi,25345.6
1960,imperial_1897,LT_ZEM,de,7379.35
1960,imperial_1897,LT_ZEM,ru,7998.19
1960,imperial_1897,LT_ZEM,lt,617288
1960,imperial_1897,LT_ZEM,cs,6.40116
1960,imperial_1897,LT_ZEM,lv,7122
1960,imperial_1897,LT_ZEM,other,2159.28
1960,imperial_1897,LT_SUV,pl,12081
1960,imperial_1897,LT_SUV,uk,429.007
1960,imperial_1897,LT_SUV,be,2171.73
1960,imperial_1897,LT_SUV,yi,19763.3
1960,imperial_1897,LT_SUV,de,18352.9
1960,imperial_1897,LT_SUV,ru,6290.83
1960,imperial_1897,LT_SUV,lt,478548
1960,imperial_1897,LT_SUV,cs,7.39657
1960,imperial_1897,LT_SUV,lv,277.407
1960,imperial_1897,LT_SUV,other,3020.63
1960,imperial_1897,LT_NEA,pl,21964.1
1960,imperial_1897,LT_NEA,uk,238.529
1960,imperial_1897,LT_NEA,be,3487.34
1960,imperial_1897,LT_NEA,yi,17684.6
1960,imperial_1897,LT_NEA,de,1782.18
1960,imperial_1897,LT_NEA,ru,30208.7
1960,imperial_1897,LT_NEA,lt,413272
1960,imperial_1897,LT_NEA,cs,4.1581
1960,imperial_1897,LT_NEA,lv,8678.68
1960,imperial_1897,LT_NEA,other,1339.64
1960,imperial_1897,LT_KLA,pl,903.905
1960,imperial_1897,LT_KLA,uk,146.51
1960,imperial_1897,LT_KLA,be,223.223
1960,imperial_1897,LT_KLA,yi,3292.64
1960,imperial_1897,LT_KLA,de,58820.1
1960,imperial_1897,LT_KLA,ru,2187.06
1960,imperial_1897,LT_KLA,lt,121881
1960,imperial_1897,LT_KLA,cs,2.65776
1960,imperial_1897,LT_KLA,lv,223.018
1960,imperial_1897,LT_KLA,other,1373.01
1960,latent,WAW,pl,1.42783e+06
1960,latent,WAW,uk,85066.3
1960,latent,WAW,be,28190
1960,latent,WAW,tut,14857.1
1960,latent,WAW,yi,252439
1960,latent,WAW,de,14995.7
1960,latent,WAW,ru,9156.04
1960,latent,WAW,lt,9747.69
1960,latent,WAW,cs,968.196
1960,latent,WAW,lv,123.893
1960,latent,WAW,csb,4275.74
1960,latent,WAW,rue,1553.87
1960,latent,WAW,rom,1720.19
1960,latent,WAW,kdr,17.4411
1960,latent,WAW,wym,15.4568
1960,latent,WAW,other,2353.37
1960,latent,WAR,pl,2.78798e+06
1960,latent,WAR,uk,26097.1
1960,latent,WAR,be,9291.88
1960,latent,WAR,tut,5325.99
1960,latent,WAR,yi,172711
1960,latent,WAR,de,51197.6
1960,latent,WAR,ru,10426.9
1960,latent,WAR,lt,3664.97
1960,latent,WAR,cs,397.952
1960,latent,WAR,lv,50.0385
1960,latent,WAR,csb,3465.54
1960,latent,WAR,rue,668.254
1960,latent,WAR,rom,3760.54
1960,latent,WAR,kdr,7.08256
1960,latent,WAR,wym,7.1725
1960,latent,WAR,other,9107.27
1960,latent,LOD,pl,2.82085e+06
1960,latent,LOD,uk,41890.4
1960,latent,LOD,be,16901.4
1960,latent,LOD,tut,9633.45
1960,latent,LOD,yi,281436
1960,latent,LOD,de,140162
1960,latent,LOD,ru,6022.55
1960,latent,LOD,lt,6671.73
1960,latent,LOD,cs,720.429
1960,latent,LOD,lv,90.6361
1960,latent,LOD,csb,4451.56
1960,latent,LOD,rue,1300.27
1960,latent,LOD,rom,3089.22
1960,latent,LOD,kdr,13.0228
1960,latent,LOD,wym,14.6613
1960,latent,LOD,other,12641.7
1960,latent,KIE,pl,3.4556e+06
1960,latent,KIE,uk,32775.3
1960,latent,KIE,be,11118.2
1960,latent,KIE,tut,6330.36
1960,latent,KIE,yi,256967
1960,latent,KIE,de,19064.9
1960,latent,KIE,ru,5823.71
1960,latent,KIE,lt,4401.73
1960,latent,KIE,cs,520.015
1960,latent,KIE,lv,59.3712
1960,latent,KIE,csb,2636.91
1960,latent,KIE,rue,1249.73
1960,latent,KIE,rom,4291.73
1960,latent,KIE,kdr,8.88902
1960,latent,KIE,wym,14.6989
1960,latent,KIE,other,8683.38
1960,latent,LUB,pl,2.82391e+06
1960,latent,LUB,uk,200175
1960,latent,LUB,be,13242
1960,latent,LUB,tut,7058.61
1960,latent,LUB,yi,199731
1960,latent,LUB,de,21466.9
1960,latent,LUB,ru,8284.94
1960,latent,LUB,lt,3413.51
1960,latent,LUB,cs,698.69
1960,latent,LUB,lv,45.7409
1960,latent,LUB,csb,1566.32
1960,latent,LUB,rue,938.612
1960,latent,LUB,rom,2992.55
1960,latent,LUB,kdr,7.75436
1960,latent,LUB,wym,7.64335
1960,latent,LUB,other,764.861
1960,latent,BIA,pl,1.61061e+06
1960,latent,BIA,uk,23218.3
1960,latent,BIA,be,260665
1960,latent,BIA,tut,5663.13
1960,latent,BIA,yi,158035
1960,latent,BIA,de,10784.7
1960,latent,BIA,ru,43277.4
1960,latent,BIA,lt,19310.7
1960,latent,BIA,cs,341.03
1960,latent,BIA,lv,68.0237
1960,latent,BIA,csb,1123.4
1960,latent,BIA,rue,432.258
1960,latent,BIA,rom,1494.27
1960,latent,BIA,kdr,8.69601
1960,latent,BIA,wym,4.27061
1960,latent,BIA,other,1879.08
1960,latent,WIL,pl,1.00243e+06
1960,latent,WIL,uk,8265.47
1960,latent,WIL,be,336762
1960,latent,WIL,tut,8583.64
1960,latent,WIL,yi,81265.2
1960,latent,WIL,de,2783.3
1960,latent,WIL,ru,47466.4
1960,latent,WIL,lt,75029.8
1960,latent,WIL,cs,162.438
1960,latent,WIL,lv,80.4222
1960,latent,WIL,csb,521.851
1960,latent,WIL,rue,199.794
1960,latent,WIL,rom,1212.96
1960,latent,WIL,kdr,312.764
1960,latent,WIL,wym,2.04296
1960,latent,WIL,other,2016.8
1960,latent,NOW,pl,834235
1960,latent,NOW,uk,9867.13
1960,latent,NOW,be,514495
1960,latent,NOW,tut,2891.51
1960,latent,NOW,yi,61688.2
1960,latent,NOW,de,1140.79
1960,latent,NOW,ru,16568.9
1960,latent,NOW,lt,3217.02
1960,latent,NOW,cs,191.544
1960,latent,NOW,lv,29.9596
1960,latent,NOW,csb,350.59
1960,latent,NOW,rue,180.888
1960,latent,NOW,rom,1216.64
1960,latent,NOW,kdr,3.86587
1960,latent,NOW,wym,1.57021
1960,latent,NOW,other,196.884
1960,latent,POL,pl,607887
1960,latent,POL,uk,94848.7
1960,latent,POL,be,101640
1960,latent,POL,tut,922423
1960,latent,POL,yi,85259.1
1960,latent,POL,de,1631.28
1960,latent,POL,ru,21721.9
1960,latent,POL,lt,1731.11
1960,latent,POL,cs,255.18
1960,latent,POL,lv,23.6303
1960,latent,POL,csb,536.833
1960,latent,POL,rue,281.297
1960,latent,POL,rom,748.033
1960,latent,POL,kdr,3.42524
1960,latent,POL,wym,2.38168
1960,latent,POL,other,1238.21
1960,latent,WOL,pl,678982
1960,latent,WOL,uk,2.01217e+06
1960,latent,WOL,be,8255.01
1960,latent,WOL,tut,3794.85
1960,latent,WOL,yi,153193
1960,latent,WOL,de,46143.1
1960,latent,WOL,ru,29184.8
1960,latent,WOL,lt,1571.88
1960,latent,WOL,cs,36943.9
1960,latent,WOL,lv,21.5689
1960,latent,WOL,csb,563.315
1960,latent,WOL,rue,469.751
1960,latent,WOL,rom,1925.53
1960,latent,WOL,kdr,42.7888
1960,latent,WOL,wym,2.83228
1960,latent,WOL,other,4033.38
1960,latent,POZ,pl,2.36723e+06
1960,latent,POZ,uk,26352.5
1960,latent,POZ,be,10664.2
1960,latent,POZ,tut,6062.25
1960,latent,POZ,yi,27629.6
1960,latent,POZ,de,180771
1960,latent,POZ,ru,2170.85
1960,latent,POZ,lt,4265.03
1960,latent,POZ,cs,460.219
1960,latent,POZ,lv,57.7328
1960,latent,POZ,csb,4240.87
1960,latent,POZ,rue,849.533
1960,latent,POZ,rom,1280.86
1960,latent,POZ,kdr,8.30142
1960,latent,POZ,wym,9.77581
1960,latent,POZ,other,1027.2
1960,latent,POM,pl,1.19735e+06
1960,latent,POM,uk,20471.7
1960,latent,POM,be,8240.31
1960,latent,POM,tut,4643.76
1960,latent,POM,yi,21080.4
1960,latent,POM,de,107361
1960,latent,POM,ru,1673.29
1960,latent,POM,lt,3250.18
1960,latent,POM,cs,349.448
1960,latent,POM,lv,43.6354
1960,latent,POM,csb,195588
1960,latent,POM,rue,604.882
1960,latent,POM,rom,918.517
1960,latent,POM,kdr,6.26946
1960,latent,POM,wym,6.7506
1960,latent,POM,other,2439.93
1960,latent,SLA,pl,1.68773e+06
1960,latent,SLA,uk,42144.7
1960,latent,SLA,be,11084.8
1960,latent,SLA,tut,6541.23
1960,latent,SLA,yi,35193.3
1960,latent,SLA,de,88445.6
1960,latent,SLA,ru,2233.93
1960,latent,SLA,lt,4233
1960,latent,SLA,cs,558.609
1960,latent,SLA,lv,56.8692
1960,latent,SLA,csb,2780.38
1960,latent,SLA,rue,1646.71
1960,latent,SLA,rom,1539.39
1960,latent,SLA,kdr,9.15679
1960,latent,SLA,wym,19.3654
1960,latent,SLA,other,3015.9
1960,latent,KRA,pl,2.43463e+06
1960,latent,KRA,uk,31617.6
1960,latent,KRA,be,8206.01
1960,latent,KRA,tut,5045.13
1960,latent,KRA,yi,113160
1960,latent,KRA,de,13495.8
1960,latent,KRA,ru,1648.62
1960,latent,KRA,lt,3023.76
1960,latent,KRA,cs,431.268
1960,latent,KRA,lv,41.3875
1960,latent,KRA,csb,1663.43
1960,latent,KRA,rue,67998.1
1960,latent,KRA,rom,6605.8
1960,latent,KRA,kdr,6.81874
1960,latent,KRA,wym,766.795
1960,latent,KRA,other,2586.74
1960,latent,LWO,pl,2.13312e+06
1960,latent,LWO,uk,1.2876e+06
1960,latent,LWO,be,10349.2
1960,latent,LWO,tut,7199.55
1960,latent,LWO,yi,196892
1960,latent,LWO,de,16192
1960,latent,LWO,ru,2231.66
1960,latent,LWO,lt,3258.44
1960,latent,LWO,cs,1028.91
1960,latent,LWO,lv,44.4261
1960,latent,LWO,csb,1423.75
1960,latent,LWO,rue,65329.9
1960,latent,LWO,rom,5721.31
1960,latent,LWO,kdr,10.5378
1960,latent,LWO,wym,10.5103
1960,latent,LWO,other,8295.88
1960,latent,STA,pl,441873
1960,latent,STA,uk,1.18275e+06
1960,latent,STA,be,3114.51
1960,latent,STA,tut,2209.97
1960,latent,STA,yi,81105.1
1960,latent,STA,de,16392.5
1960,latent,STA,ru,673.535
1960,latent,STA,lt,969.715
1960,latent,STA,cs,307.891
1960,latent,STA,lv,13.2901
1960,latent,STA,csb,427.6
1960,latent,STA,rue,550.539
1960,latent,STA,rom,2086.88
1960,latent,STA,kdr,78.087
1960,latent,STA,wym,3.17277
1960,latent,STA,other,4709.45
1960,latent,TAR,pl,840725
1960,latent,TAR,uk,815352
1960,latent,TAR,be,3011.58
1960,latent,TAR,tut,2143.55
1960,latent,TAR,yi,60598.2
1960,latent,TAR,de,4165.25
1960,latent,TAR,ru,656.811
1960,latent,TAR,lt,937.208
1960,latent,TAR,cs,307.179
1960,latent,TAR,lv,12.9545
1960,latent,TAR,csb,413.894
1960,latent,TAR,rue,534.07
1960,latent,TAR,rom,1138.66
1960,latent,TAR,kdr,3.19118
1960,latent,TAR,wym,3.08566
1960,latent,TAR,other,1495.45
1960,latent,LT_KAU,pl,22553.9
1960,latent,LT_KAU,uk,357.906
1960,latent,LT_KAU,be,596.287
1960,latent,LT_KAU,tut,124.464
1960,latent,LT_KAU,yi,25154.2
1960,latent,LT_KAU,de,8891.96
1960,latent,LT_KAU,ru,14744.7
1960,latent,LT_KAU,lt,275671
1960,latent,LT_KAU,cs,8.00812
1960,latent,LT_KAU,lv,380.803
1960,latent,LT_KAU,csb,26.2439
1960,latent,LT_KAU,rue,9.25289
1960,latent,LT_KAU,rom,996.711
1960,latent,LT_KAU,kdr,3.20442
1960,latent,LT_KAU,other,2786.63
1960,latent,LT_LAU,pl,25566.8
1960,latent,LT_LAU,uk,230.682
1960,latent,LT_LAU,be,450.685
1960,latent,LT_LAU,tut,81.4305
1960,latent,LT_LAU,yi,23935.4
1960,latent,LT_LAU,de,3943.11
1960,latent,LT_LAU,ru,12868.5
1960,latent,LT_LAU,lt,529107
1960,latent,LT_LAU,cs,5.22296
1960,latent,LT_LAU,lv,1482.92
1960,latent,LT_LAU,csb,17.1267
1960,latent,LT_LAU,rue,6.00364
1960,latent,LT_LAU,rom,108.234
1960,latent,LT_LAU,kdr,80.856
1960,latent,LT_LAU,other,1445.19
1960,latent,LT_ZEM,pl,8289.74
1960,latent,LT_ZEM,uk,283.559
1960,latent,LT_ZEM,be,513.391
1960,latent,LT_ZEM,tut,100.339
1960,latent,LT_ZEM,yi,25309.1
1960,latent,LT_ZEM,de,7379.35
1960,latent,LT_ZEM,ru,7992.02
1960,latent,LT_ZEM,lt,617288
1960,latent,LT_ZEM,cs,6.40116
1960,latent,LT_ZEM,lv,7122
1960,latent,LT_ZEM,csb,20.9954
1960,latent,LT_ZEM,rue,7.38212
1960,latent,LT_ZEM,rom,418.72
1960,latent,LT_ZEM,kdr,4.05152
1960,latent,LT_ZEM,other,1736.41
1960,latent,LT_SUV,pl,11905.6
1960,latent,LT_SUV,uk,337.334
1960,latent,LT_SUV,be,2341.34
1960,latent,LT_SUV,tut,119.894
1960,latent,LT_SUV,yi,19714.5
1960,latent,LT_SUV,de,18352.9
1960,latent,LT_SUV,ru,6283.69
1960,latent,LT_SUV,lt,478548
1960,latent,LT_SUV,cs,7.39657
1960,latent,LT_SUV,lv,277.407
1960,latent,LT_SUV,csb,24.7729
1960,latent,LT_SUV,rue,8.86276
1960,latent,LT_SUV,rom,1610.18
1960,latent,LT_SUV,kdr,2.31791
1960,latent,LT_SUV,other,1408
1960,latent,LT_NEA,pl,21593.6
1960,latent,LT_NEA,uk,184.213
1960,latent,LT_NEA,be,3879.6
1960,latent,LT_NEA,tut,65.5225
1960,latent,LT_NEA,yi,17639.6
1960,latent,LT_NEA,de,1782.18
1960,latent,LT_NEA,ru,30202.3
1960,latent,LT_NEA,lt,413272
1960,latent,LT_NEA,cs,4.1581
1960,latent,LT_NEA,lv,8678.68
1960,latent,LT_NEA,csb,13.65
1960,latent,LT_NEA,rue,4.7972
1960,latent,LT_NEA,rom,68.9353
1960,latent,LT_NEA,kdr,2.73313
1960,latent,LT_NEA,other,1267.9
1960,latent,LT_KLA,pl,908.468
1960,latent,LT_KLA,uk,116.504
1960,latent,LT_KLA,be,209.186
1960,latent,LT_KLA,tut,40.1982
1960,latent,LT_KLA,yi,3282
1960,latent,LT_KLA,de,58820.1
1960,latent,LT_KLA,ru,2184.91
1960,latent,LT_KLA,lt,121881
1960,latent,LT_KLA,cs,2.65776
1960,latent,LT_KLA,lv,223.018
1960,latent,LT_KLA,csb,9.04857
1960,latent,LT_KLA,rue,3.03143
1960,latent,LT_KLA,rom,57.3664
1960,latent,LT_KLA,kdr,1.70774
1960,latent,LT_KLA,other,1313.9
1960,lithuanian_1923,WAW,pl,1.42783e+06
1960,lithuanian_1923,WAW,uk,85066.3
1960,lithuanian_1923,WAW,be,28190
1960,lithuanian_1923,WAW,tut,14857.1
1960,lithuanian_1923,WAW,yi,252439
1960,lithuanian_1923,WAW,de,14995.7
1960,lithuanian_1923,WAW,ru,9156.04
1960,lithuanian_1923,WAW,lt,9747.69
1960,lithuanian_1923,WAW,cs,968.196
1960,lithuanian_1923,WAW,lv,123.893
1960,lithuanian_1923,WAW,csb,4275.74
1960,lithuanian_1923,WAW,rue,1553.87
1960,lithuanian_1923,WAW,rom,1720.19
1960,lithuanian_1923,WAW,kdr,17.4411
1960,lithuanian_1923,WAW,wym,15.4568
1960,lithuanian_1923,WAW,other,2353.37
1960,lithuanian_1923,WAR,pl,2.78798e+06
1960,lithuanian_1923,WAR,uk,26097.1
1960,lithuanian_1923,WAR,be,9291.88
1960,lithuanian_1923,WAR,tut,5325.99
1960,lithuanian_1923,WAR,yi,172711
1960,lithuanian_1923,WAR,de,51197.6
1960,lithuanian_1923,WAR,ru,10426.9
1960,lithuanian_1923,WAR,lt,3664.97
1960,lithuanian_1923,WAR,cs,397.952
1960,lithuanian_1923,WAR,lv,50.0385
1960,lithuanian_1923,WAR,csb,3465.54
1960,lithuanian_1923,WAR,rue,668.254
1960,lithuanian_1923,WAR,rom,3760.54
1960,lithuanian_1923,WAR,kdr,7.08256
1960,lithuanian_1923,WAR,wym,7.1725
1960,lithuanian_1923,WAR,other,9107.27
1960,lithuanian_1923,LOD,pl,2.82085e+06
1960,lithuanian_1923,LOD,uk,41890.4
1960,lithuanian_1923,LOD,be,16901.4
1960,lithuanian_1923,LOD,tut,9633.45
1960,lithuanian_1923,LOD,yi,281436
1960,lithuanian_1923,LOD,de,140162
1960,lithuanian_1923,LOD,ru,6022.55
1960,lithuanian_1923,LOD,lt,6671.73
1960,lithuanian_1923,LOD,cs,720.429
1960,lithuanian_1923,LOD,lv,90.6361
1960,lithuanian_1923,LOD,csb,4451.56
1960,lithuanian_1923,LOD,rue,1300.27
1960,lithuanian_1923,LOD,rom,3089.22
1960,lithuanian_1923,LOD,kdr,13.0228
1960,lithuanian_1923,LOD,wym,14.6613
1960,lithuanian_1923,LOD,other,12641.7
1960,lithuanian_1923,KIE,pl,3.4556e+06
1960,lithuanian_1923,KIE,uk,32775.3
1960,lithuanian_1923,KIE,be,11118.2
1960,lithuanian_1923,KIE,tut,6330.36
1960,lithuanian_1923,KIE,yi,256967
1960,lithuanian_1923,KIE,de,19064.9
1960,lithuanian_1923,KIE,ru,5823.71
1960,lithuanian_1923,KIE,lt,4401.73
1960,lithuanian_1923,KIE,cs,520.015
1960,lithuanian_1923,KIE,lv,59.3712
1960,lithuanian_1923,KIE,csb,2636.91
1960,lithuanian_1923,KIE,rue,1249.73
1960,lithuanian_1923,KIE,rom,4291.73
1960,lithuanian_1923,KIE,kdr,8.88902
1960,lithuanian_1923,KIE,wym,14.6989
1960,lithuanian_1923,KIE,other,8683.38
1960,lithuanian_1923,LUB,pl,2.82391e+06
1960,lithuanian_1923,LUB,uk,200175
1960,lithuanian_1923,LUB,be,13242
1960,lithuanian_1923,LUB,tut,7058.61
1960,lithuanian_1923,LUB,yi,199731
1960,lithuanian_1923,LUB,de,21466.9
1960,lithuanian_1923,LUB,ru,8284.94
1960,lithuanian_1923,LUB,lt,3413.51
1960,lithuanian_1923,LUB,cs,698.69
1960,lithuanian_1923,LUB,lv,45.7409
1960,lithuanian_1923,LUB,csb,1566.32
1960,lithuanian_1923,LUB,rue,938.612
1960,lithuanian_1923,LUB,rom,2992.55
1960,lithuanian_1923,LUB,kdr,7.75436
1960,lithuanian_1923,LUB,wym,7.64335
1960,lithuanian_1923,LUB,other,764.861
1960,lithuanian_1923,BIA,pl,1.61061e+06
1960,lithuanian_1923,BIA,uk,23218.3
1960,lithuanian_1923,BIA,be,260665
1960,lithuanian_1923,BIA,tut,5663.13
1960,lithuanian_1923,BIA,yi,158035
1960,lithuanian_1923,BIA,de,10784.7
1960,lithuanian_1923,BIA,ru,43277.4
1960,lithuanian_1923,BIA,lt,19310.7
1960,lithuanian_1923,BIA,cs,341.03
1960,lithuanian_1923,BIA,lv,68.0237
1960,lithuanian_1923,BIA,csb,1123.4
1960,lithuanian_1923,BIA,rue,432.258
1960,lithuanian_1923,BIA,rom,1494.27
1960,lithuanian_1923,BIA,kdr,8.69601
1960,lithuanian_1923,BIA,wym,4.27061
1960,lithuanian_1923,BIA,other,1879.08
1960,lithuanian_1923,WIL,pl,1.00243e+06
1960,lithuanian_1923,WIL,uk,8265.47
1960,lithuanian_1923,WIL,be,336762
1960,lithuanian_1923,WIL,tut,8583.64
1960,lithuanian_1923,WIL,yi,81265.2
1960,lithuanian_1923,WIL,de,2783.3
1960,lithuanian_1923,WIL,ru,47466.4
1960,lithuanian_1923,WIL,lt,75029.8
1960,lithuanian_1923,WIL,cs,162.438
1960,lithuanian_1923,WIL,lv,80.4222
1960,lithuanian_1923,WIL,csb,521.851
1960,lithuanian_1923,WIL,rue,199.794
1960,lithuanian_1923,WIL,rom,1212.96
1960,lithuanian_1923,WIL,kdr,312.764
1960,lithuanian_1923,WIL,wym,2.04296
1960,lithuanian_1923,WIL,other,2016.8
1960,lithuanian_1923,NOW,pl,834235
1960,lithuanian_1923,NOW,uk,9867.13
1960,lithuanian_1923,NOW,be,514495
1960,lithuanian_1923,NOW,tut,2891.51
1960,lithuanian_1923,NOW,yi,61688.2
1960,lithuanian_1923,NOW,de,1140.79
1960,lithuanian_1923,NOW,ru,16568.9
1960,lithuanian_1923,NOW,lt,3217.02
1960,lithuanian_1923,NOW,cs,191.544
1960,lithuanian_1923,NOW,lv,29.9596
1960,lithuanian_1923,NOW,csb,350.59
1960,lithuanian_1923,NOW,rue,180.888
1960,lithuanian_1923,NOW,rom,1216.64
1960,lithuanian_1923,NOW,kdr,3.86587
1960,lithuanian_1923,NOW,wym,1.57021
1960,lithuanian_1923,NOW,other,196.884
1960,lithuanian_1923,POL,pl,607887
1960,lithuanian_1923,POL,uk,94848.7
1960,lithuanian_1923,POL,be,101640
1960,lithuanian_1923,POL,tut,922423
1960,lithuanian_1923,POL,yi,85259.1
1960,lithuanian_1923,POL,de,1631.28
1960,lithuanian_1923,POL,ru,21721.9
1960,lithuanian_1923,POL,lt,1731.11
1960,lithuanian_1923,POL,cs,255.18
1960,lithuanian_1923,POL,lv,23.6303
1960,lithuanian_1923,POL,csb,536.833
1960,lithuanian_1923,POL,rue,281.297
1960,lithuanian_1923,POL,rom,748.033
1960,lithuanian_1923,POL,kdr,3.42524
1960,lithuanian_1923,POL,wym,2.38168
1960,lithuanian_1923,POL,other,1238.21
1960,lithuanian_1923,WOL,pl,678982
1960,lithuanian_1923,WOL,uk,2.01217e+06
1960,lithuanian_1923,WOL,be,8255.01
1960,lithuanian_1923,WOL,tut,3794.85
1960,lithuanian_1923,WOL,yi,153193
1960,lithuanian_1923,WOL,de,46143.1
1960,lithuanian_1923,WOL,ru,29184.8
1960,lithuanian_1923,WOL,lt,1571.88
1960,lithuanian_1923,WOL,cs,36943.9
1960,lithuanian_1923,WOL,lv,21.5689
1960,lithuanian_1923,WOL,csb,563.315
1960,lithuanian_1923,WOL,rue,469.751
1960,lithuanian_1923,WOL,rom,1925.53
1960,lithuanian_1923,WOL,kdr,42.7888
1960,lithuanian_1923,WOL,wym,2.83228
1960,lithuanian_1923,WOL,other,4033.38
1960,lithuanian_1923,POZ,pl,2.36723e+06
1960,lithuanian_1923,POZ,uk,26352.5
1960,lithuanian_1923,POZ,be,10664.2
1960,lithuanian_1923,POZ,tut,6062.25
1960,lithuanian_1923,POZ,yi,27629.6
1960,lithuanian_1923,POZ,de,180771
1960,lithuanian_1923,POZ,ru,2170.85
1960,lithuanian_1923,POZ,lt,4265.03
1960,lithuanian_1923,POZ,cs,460.219
1960,lithuanian_1923,POZ,lv,57.7328
1960,lithuanian_1923,POZ,csb,4240.87
1960,lithuanian_1923,POZ,rue,849.533
1960,lithuanian_1923,POZ,rom,1280.86
1960,lithuanian_1923,POZ,kdr,8.30142
1960,lithuanian_1923,POZ,wym,9.77581
1960,lithuanian_1923,POZ,other,1027.2
1960,lithuanian_1923,POM,pl,1.19735e+06
1960,lithuanian_1923,POM,uk,20471.7
1960,lithuanian_1923,POM,be,8240.31
1960,lithuanian_1923,POM,tut,4643.76
1960,lithuanian_1923,POM,yi,21080.4
1960,lithuanian_1923,POM,de,107361
1960,lithuanian_1923,POM,ru,1673.29
1960,lithuanian_1923,POM,lt,3250.18
1960,lithuanian_1923,POM,cs,349.448
1960,lithuanian_1923,POM,lv,43.6354
1960,lithuanian_1923,POM,csb,195588
1960,lithuanian_1923,POM,rue,604.882
1960,lithuanian_1923,POM,rom,918.517
1960,lithuanian_1923,POM,kdr,6.26946
1960,lithuanian_1923,POM,wym,6.7506
1960,lithuanian_1923,POM,other,2439.93
1960,lithuanian_1923,SLA,pl,1.68773e+06
1960,lithuanian_1923,SLA,uk,42144.7
1960,lithuanian_1923,SLA,be,11084.8
1960,lithuanian_1923,SLA,tut,6541.23
1960,lithuanian_1923,SLA,yi,35193.3
1960,lithuanian_1923,SLA,de,88445.6
1960,lithuanian_1923,SLA,ru,2233.93
1960,lithuanian_1923,SLA,lt,4233
1960,lithuanian_1923,SLA,cs,558.609
1960,lithuanian_1923,SLA,lv,56.8692
1960,lithuanian_1923,SLA,csb,2780.38
1960,lithuanian_1923,SLA,rue,1646.71
1960,lithuanian_1923,SLA,rom,1539.39
1960,lithuanian_1923,SLA,kdr,9.15679
1960,lithuanian_1923,SLA,wym,19.3654
1960,lithuanian_1923,SLA,other,3015.9
1960,lithuanian_1923,KRA,pl,2.43463e+06
1960,lithuanian_1923,KRA,uk,31617.6
1960,lithuanian_1923,KRA,be,8206.01
1960,lithuanian_1923,KRA,tut,5045.13
1960,lithuanian_1923,KRA,yi,113160
1960,lithuanian_1923,KRA,de,13495.8
1960,lithuanian_1923,KRA,ru,1648.62
1960,lithuanian_1923,KRA,lt,3023.76
1960,lithuanian_1923,KRA,cs,431.268
1960,lithuanian_1923,KRA,lv,41.3875
1960,lithuanian_1923,KRA,csb,1663.43
1960,lithuanian_1923,KRA,rue,67998.1
1960,lithuanian_1923,KRA,rom,6605.8
1960,lithuanian_1923,KRA,kdr,6.81874
1960,lithuanian_1923,KRA,wym,766.795
1960,lithuanian_1923,KRA,other,2586.74
1960,lithuanian_1923,LWO,pl,2.13312e+06
1960,lithuanian_1923,LWO,uk,1.2876e+06
1960,lithuanian_1923,LWO,be,10349.2
1960,lithuanian_1923,LWO,tut,7199.55
1960,lithuanian_1923,LWO,yi,196892
1960,lithuanian_1923,LWO,de,16192
1960,lithuanian_1923,LWO,ru,2231.66
1960,lithuanian_1923,LWO,lt,3258.44
1960,lithuanian_1923,LWO,cs,1028.91
1960,lithuanian_1923,LWO,lv,44.4261
1960,lithuanian_1923,LWO,csb,1423.75
1960,lithuanian_1923,LWO,rue,65329.9
1960,lithuanian_1923,LWO,rom,5721.31
1960,lithuanian_1923,LWO,kdr,10.5378
1960,lithuanian_1923,LWO,wym,10.5103
1960,lithuanian_1923,LWO,other,8295.88
1960,lithuanian_1923,STA,pl,441873
1960,lithuanian_1923,STA,uk,1.18275e+06
1960,lithuanian_1923,STA,be,3114.51
1960,lithuanian_1923,STA,tut,2209.97
1960,lithuanian_1923,STA,yi,81105.1
1960,lithuanian_1923,STA,de,16392.5
1960,lithuanian_1923,STA,ru,673.535
1960,lithuanian_1923,STA,lt,969.715
1960,lithuanian_1923,STA,cs,307.891
1960,lithuanian_1923,STA,lv,13.2901
1960,lithuanian_1923,STA,csb,427.6
1960,lithuanian_1923,STA,rue,550.539
1960,lithuanian_1923,STA,rom,2086.88
1960,lithuanian_1923,STA,kdr,78.087
1960,lithuanian_1923,STA,wym,3.17277
1960,lithuanian_1923,STA,other,4709.45
1960,lithuanian_1923,TAR,pl,840725
1960,lithuanian_1923,TAR,uk,815352
1960,lithuanian_1923,TAR,be,3011.58
1960,lithuanian_1923,TAR,tut,2143.55
1960,lithuanian_1923,TAR,yi,60598.2
1960,lithuanian_1923,TAR,de,4165.25
1960,lithuanian_1923,TAR,ru,656.811
1960,lithuanian_1923,TAR,lt,937.208
1960,lithuanian_1923,TAR,cs,307.179
1960,lithuanian_1923,TAR,lv,12.9545
1960,lithuanian_1923,TAR,csb,413.894
1960,lithuanian_1923,TAR,rue,534.07
1960,lithuanian_1923,TAR,rom,1138.66
1960,lithuanian_1923,TAR,kdr,3.19118
1960,lithuanian_1923,TAR,wym,3.08566
1960,lithuanian_1923,TAR,other,1495.45
1960,lithuanian_1923,LT_KAU,pl,9961.42
1960,lithuanian_1923,LT_KAU,uk,357.906
1960,lithuanian_1923,LT_KAU,be,596.287
1960,lithuanian_1923,LT_KAU,tut,124.464
1960,lithuanian_1923,LT_KAU,yi,25154.2
1960,lithuanian_1923,LT_KAU,de,8891.96
1960,lithuanian_1923,LT_KAU,ru,14744.7
1960,lithuanian_1923,LT_KAU,lt,288263
1960,lithuanian_1923,LT_KAU,cs,8.00812
1960,lithuanian_1923,LT_KAU,lv,380.803
1960,lithuanian_1923,LT_KAU,csb,26.2439
1960,lithuanian_1923,LT_KAU,rue,9.25289
1960,lithuanian_1923,LT_KAU,rom,996.711
1960,lithuanian_1923,LT_KAU,kdr,3.20442
1960,lithuanian_1923,LT_KAU,other,2786.63
1960,lithuanian_1923,LT_LAU,pl,10355.9
1960,lithuanian_1923,LT_LAU,uk,230.682
1960,lithuanian_1923,LT_LAU,be,450.685
1960,lithuanian_1923,LT_LAU,tut,81.4305
1960,lithuanian_1923,LT_LAU,yi,23935.4
1960,lithuanian_1923,LT_LAU,de,3943.11
1960,lithuanian_1923,LT_LAU,ru,12868.5
1960,lithuanian_1923,LT_LAU,lt,544317
1960,lithuanian_1923,LT_LAU,cs,5.22296
1960,lithuanian_1923,LT_LAU,lv,1482.92
1960,lithuanian_1923,LT_LAU,csb,17.1267
1960,lithuanian_1923,LT_LAU,rue,6.00364
1960,lithuanian_1923,LT_LAU,rom,108.234
1960,lithuanian_1923,LT_LAU,kdr,80.856
1960,lithuanian_1923,LT_LAU,other,1445.19
1960,lithuanian_1923,LT_ZEM,pl,3413.81
1960,lithuanian_1923,LT_ZEM,uk,283.559
1960,lithuanian_1923,LT_ZEM,be,513.391
1960,lithuanian_1923,LT_ZEM,tut,100.339
1960,lithuanian_1923,LT_ZEM,yi,25309.1
1960,lithuanian_1923,LT_ZEM,de,7379.35
1960,lithuanian_1923,LT_ZEM,ru,7992.02
1960,lithuanian_1923,LT_ZEM,lt,622164
1960,lithuanian_1923,LT_ZEM,cs,6.40116
1960,lithuanian_1923,LT_ZEM,lv,7122
1960,lithuanian_1923,LT_ZEM,csb,20.9954
1960,lithuanian_1923,LT_ZEM,rue,7.38212
1960,lithuanian_1923,LT_ZEM,rom,418.72
1960,lithuanian_1923,LT_ZEM,kdr,4.05152
1960,lithuanian_1923,LT_ZEM,other,1736.41
1960,lithuanian_1923,LT_SUV,pl,4885.53
1960,lithuanian_1923,LT_SUV,uk,337.334
1960,lithuanian_1923,LT_SUV,be,2341.34
1960,lithuanian_1923,LT_SUV,tut,119.894
1960,lithuanian_1923,LT_SUV,yi,19714.5
1960,lithuanian_1923,LT_SUV,de,18352.9
1960,lithuanian_1923,LT_SUV,ru,6283.69
1960,lithuanian_1923,LT_SUV,lt,485568
1960,lithuanian_1923,LT_SUV,cs,7.39657
1960,lithuanian_1923,LT_SUV,lv,277.407
1960,lithuanian_1923,LT_SUV,csb,24.7729
1960,lithuanian_1923,LT_SUV,rue,8.86276
1960,lithuanian_1923,LT_SUV,rom,1610.18
1960,lithuanian_1923,LT_SUV,kdr,2.31791
1960,lithuanian_1923,LT_SUV,other,1408
1960,lithuanian_1923,LT_NEA,pl,8740.61
1960,lithuanian_1923,LT_NEA,uk,184.213
1960,lithuanian_1923,LT_NEA,be,3879.6
1960,lithuanian_1923,LT_NEA,tut,65.5225
1960,lithuanian_1923,LT_NEA,yi,17639.6
1960,lithuanian_1923,LT_NEA,de,1782.18
1960,lithuanian_1923,LT_NEA,ru,30202.3
1960,lithuanian_1923,LT_NEA,lt,426125
1960,lithuanian_1923,LT_NEA,cs,4.1581
1960,lithuanian_1923,LT_NEA,lv,8678.68
1960,lithuanian_1923,LT_NEA,csb,13.65
1960,lithuanian_1923,LT_NEA,rue,4.7972
1960,lithuanian_1923,LT_NEA,rom,68.9353
1960,lithuanian_1923,LT_NEA,kdr,2.73313
1960,lithuanian_1923,LT_NEA,other,1267.9
1960,lithuanian_1923,LT_KLA,pl,395.554
1960,lithuanian_1923,LT_KLA,uk,116.504
1960,lithuanian_1923,LT_KLA,be,209.186
1960,lithuanian_1923,LT_KLA,tut,40.1982
1960,lithuanian_1923,LT_KLA,yi,3282
1960,lithuanian_1923,LT_KLA,de,58820.1
1960,lithuanian_1923,LT_KLA,ru,2184.91
1960,lithuanian_1923,LT_KLA,lt,122394
1960,lithuanian_1923,LT_KLA,cs,2.65776
1960,lithuanian_1923,LT_KLA,lv,223.018
1960,lithuanian_1923,LT_KLA,csb,9.04857
1960,lithuanian_1923,LT_KLA,rue,3.03143
1960,lithuanian_1923,LT_KLA,rom,57.3664
1960,lithuanian_1923,LT_KLA,kdr,1.70774
1960,lithuanian_1923,LT_KLA,other,1313.9
1960,modern_selfid,WAW,pl,1.47763e+06
1960,modern_selfid,WAW,uk,80956.1
1960,modern_selfid,WAW,be,26398.3
1960,modern_selfid,WAW,tut,3714.28
1960,modern_selfid,WAW,yi,224006
1960,modern_selfid,WAW,de,13465.6
1960,modern_selfid,WAW,ru,8182.58
1960,modern_selfid,WAW,lt,9747.69
1960,modern_selfid,WAW,cs,876.275
1960,modern_selfid,WAW,lv,118.831
1960,modern_selfid,WAW,csb,3237.76
1960,modern_selfid,WAW,rue,1246.57
1960,modern_selfid,WAW,rom,1354.39
1960,modern_selfid,WAW,kdr,13.3813
1960,modern_selfid,WAW,wym,11.4211
1960,modern_selfid,WAW,other,2353.37
1960,modern_selfid,WAR,pl,2.81813e+06
1960,modern_selfid,WAR,uk,25128.6
1960,modern_selfid,WAR,be,8867.47
1960,modern_selfid,WAR,tut,1331.5
1960,modern_selfid,WAR,yi,155312
1960,modern_selfid,WAR,de,46518.6
1960,modern_selfid,WAR,ru,9449.97
1960,modern_selfid,WAR,lt,3664.97
1960,modern_selfid,WAR,cs,361.665
1960,modern_selfid,WAR,lv,48.0487
1960,modern_selfid,WAR,csb,2654.24
1960,modern_selfid,WAR,rue,540.052
1960,modern_selfid,WAR,rom,3033.54
1960,modern_selfid,WAR,kdr,5.47301
1960,modern_selfid,WAR,wym,5.33148
1960,modern_selfid,WAR,other,9107.27
1960,modern_selfid,LOD,pl,2.87646e+06
1960,modern_selfid,LOD,uk,40531.3
1960,modern_selfid,LOD,be,16081.6
1960,modern_selfid,LOD,tut,2408.36
1960,modern_selfid,LOD,yi,251704
1960,modern_selfid,LOD,de,126281
1960,modern_selfid,LOD,ru,5435.87
1960,modern_selfid,LOD,lt,6671.73
1960,modern_selfid,LOD,cs,653.828
1960,modern_selfid,LOD,lv,86.9676
1960,modern_selfid,LOD,csb,3398.92
1960,modern_selfid,LOD,rue,1047.4
1960,modern_selfid,LOD,rom,2464.53
1960,modern_selfid,LOD,kdr,10.0425
1960,modern_selfid,LOD,wym,10.8715
1960,modern_selfid,LOD,other,12641.7
1960,modern_selfid,KIE,pl,3.49191e+06
1960,modern_selfid,KIE,uk,31458.6
1960,modern_selfid,KIE,be,10617.5
1960,modern_selfid,KIE,tut,1582.59
1960,modern_selfid,KIE,yi,231264
1960,modern_selfid,KIE,de,17283.3
1960,modern_selfid,KIE,ru,5287.33
1960,modern_selfid,KIE,lt,4401.73
1960,modern_selfid,KIE,cs,472.994
1960,modern_selfid,KIE,lv,57.0322
1960,modern_selfid,KIE,csb,2025.5
1960,modern_selfid,KIE,rue,1010.99
1960,modern_selfid,KIE,rom,3474.38
1960,modern_selfid,KIE,kdr,6.87698
1960,modern_selfid,KIE,wym,10.933
1960,modern_selfid,KIE,other,8683.38
1960,modern_selfid,LUB,pl,2.86726e+06
1960,modern_selfid,LUB,uk,185899
1960,modern_selfid,LUB,be,12588.6
1960,modern_selfid,LUB,tut,1764.65
1960,modern_selfid,LUB,yi,180376
1960,modern_selfid,LUB,de,19577
1960,modern_selfid,LUB,ru,7550.5
1960,modern_selfid,LUB,lt,3413.51
1960,modern_selfid,LUB,cs,636.384
1960,modern_selfid,LUB,lv,43.9867
1960,modern_selfid,LUB,csb,1210.63
1960,modern_selfid,LUB,rue,762.706
1960,modern_selfid,LUB,rom,2449.82
1960,modern_selfid,LUB,kdr,6.0158
1960,modern_selfid,LUB,wym,5.71201
1960,modern_selfid,LUB,other,764.861
1960,modern_selfid,BIA,pl,1.67922e+06
1960,modern_selfid,BIA,uk,22654
1960,modern_selfid,BIA,be,217844
1960,modern_selfid,BIA,tut,1415.78
1960,modern_selfid,BIA,yi,142569
1960,modern_selfid,BIA,de,9818.47
1960,modern_selfid,BIA,ru,39389.5
1960,modern_selfid,BIA,lt,19310.7
1960,modern_selfid,BIA,cs,310.343
1960,modern_selfid,BIA,lv,65.2898
1960,modern_selfid,BIA,csb,865.292
1960,modern_selfid,BIA,rue,350.485
1960,modern_selfid,BIA,rom,1214.01
1960,modern_selfid,BIA,kdr,6.73698
1960,modern_selfid,BIA,wym,3.18607
1960,modern_selfid,BIA,other,1879.08
1960,modern_selfid,WIL,pl,1.07508e+06
1960,modern_selfid,WIL,uk,9692.91
1960,modern_selfid,WIL,be,282120
1960,modern_selfid,WIL,tut,2145.91
1960,modern_selfid,WIL,yi,73249.1
1960,modern_selfid,WIL,de,2539.16
1960,modern_selfid,WIL,ru,43205.9
1960,modern_selfid,WIL,lt,75029.8
1960,modern_selfid,WIL,cs,147.848
1960,modern_selfid,WIL,lv,77.1568
1960,modern_selfid,WIL,csb,401.779
1960,modern_selfid,WIL,rue,162.043
1960,modern_selfid,WIL,rom,986.51
1960,modern_selfid,WIL,kdr,240.762
1960,modern_selfid,WIL,wym,1.52518
1960,modern_selfid,WIL,other,2016.8
1960,modern_selfid,NOW,pl,924503
1960,modern_selfid,NOW,uk,9752.06
1960,modern_selfid,NOW,be,434061
1960,modern_selfid,NOW,tut,722.877
1960,modern_selfid,NOW,yi,55985.2
1960,modern_selfid,NOW,de,1037.58
1960,modern_selfid,NOW,ru,15170.6
1960,modern_selfid,NOW,lt,3217.02
1960,modern_selfid,NOW,cs,174.755
1960,modern_selfid,NOW,lv,28.8216
1960,modern_selfid,NOW,csb,271.775
1960,modern_selfid,NOW,rue,147.326
1960,modern_selfid,NOW,rom,1002.22
1960,modern_selfid,NOW,kdr,3.00631
1960,modern_selfid,NOW,wym,1.17779
1960,modern_selfid,NOW,other,196.884
1960,modern_selfid,POL,pl,871294
1960,modern_selfid,POL,uk,318574
1960,modern_selfid,POL,be,316527
1960,modern_selfid,POL,tut,230606
1960,modern_selfid,POL,yi,77327.8
1960,modern_selfid,POL,de,1483.44
1960,modern_selfid,POL,ru,19921.7
1960,modern_selfid,POL,lt,1731.11
1960,modern_selfid,POL,cs,233.356
1960,modern_selfid,POL,lv,22.8119
1960,modern_selfid,POL,csb,418.385
1960,modern_selfid,POL,rue,230.419
1960,modern_selfid,POL,rom,617.705
1960,modern_selfid,POL,kdr,2.68336
1960,modern_selfid,POL,wym,1.79491
1960,modern_selfid,POL,other,1238.21
1960,modern_selfid,WOL,pl,845281
1960,modern_selfid,WOL,uk,1.8728e+06
1960,modern_selfid,WOL,be,7793.35
1960,modern_selfid,WOL,tut,948.712
1960,modern_selfid,WOL,yi,139050
1960,modern_selfid,WOL,de,42471.8
1960,modern_selfid,WOL,ru,26766.7
1960,modern_selfid,WOL,lt,1571.88
1960,modern_selfid,WOL,cs,34104.3
1960,modern_selfid,WOL,lv,20.8309
1960,modern_selfid,WOL,csb,438.425
1960,modern_selfid,WOL,rue,384.648
1960,modern_selfid,WOL,rom,1594.11
1960,modern_selfid,WOL,kdr,33.6439
1960,modern_selfid,WOL,wym,2.13134
1960,modern_selfid,WOL,other,4033.38
1960,modern_selfid,POZ,pl,2.39527e+06
1960,modern_selfid,POZ,uk,25483.6
1960,modern_selfid,POZ,be,10126.6
1960,modern_selfid,POZ,tut,1515.56
1960,modern_selfid,POZ,yi,24687.8
1960,modern_selfid,POZ,de,163324
1960,modern_selfid,POZ,ru,1962.23
1960,modern_selfid,POZ,lt,4265.03
1960,modern_selfid,POZ,cs,417.435
1960,modern_selfid,POZ,lv,55.4042
1960,modern_selfid,POZ,csb,3230.27
1960,modern_selfid,POZ,rue,683.594
1960,modern_selfid,POZ,rom,1018.45
1960,modern_selfid,POZ,kdr,6.3948
1960,modern_selfid,POZ,wym,7.2408
1960,modern_selfid,POZ,other,1027.2
1960,modern_selfid,POM,pl,1.25947e+06
1960,modern_selfid,POM,uk,19802.1
1960,modern_selfid,POM,be,7830.04
1960,modern_selfid,POM,tut,1160.94
1960,modern_selfid,POM,yi,18865.1
1960,modern_selfid,POM,de,97131.8
1960,modern_selfid,POM,ru,1514.25
1960,modern_selfid,POM,lt,3250.18
1960,modern_selfid,POM,cs,317.247
1960,modern_selfid,POM,lv,41.897
1960,modern_selfid,POM,csb,150978
1960,modern_selfid,POM,rue,487.907
1960,modern_selfid,POM,rom,732.463
1960,modern_selfid,POM,kdr,4.84223
1960,modern_selfid,POM,wym,5.00731
1960,modern_selfid,POM,other,2439.93
1960,modern_selfid,SLA,pl,1.71003e+06
1960,modern_selfid,SLA,uk,39916.2
1960,modern_selfid,SLA,be,10577.4
1960,modern_selfid,SLA,tut,1635.31
1960,modern_selfid,SLA,yi,31448.6
1960,modern_selfid,SLA,de,79113
1960,modern_selfid,SLA,ru,2017.95
1960,modern_selfid,SLA,lt,4233
1960,modern_selfid,SLA,cs,506.576
1960,modern_selfid,SLA,lv,54.6042
1960,modern_selfid,SLA,csb,2117.84
1960,modern_selfid,SLA,rue,1323.73
1960,modern_selfid,SLA,rom,1221.77
1960,modern_selfid,SLA,kdr,7.03182
1960,modern_selfid,SLA,wym,14.3207
1960,modern_selfid,SLA,other,3015.9
1960,modern_selfid,KRA,pl,2.46734e+06
1960,modern_selfid,KRA,uk,30008.2
1960,modern_selfid,KRA,be,7903.28
1960,modern_selfid,KRA,tut,1261.28
1960,modern_selfid,KRA,yi,101533
1960,modern_selfid,KRA,de,12175.4
1960,modern_selfid,KRA,ru,1491.78
1960,modern_selfid,KRA,lt,3023.76
1960,modern_selfid,KRA,cs,391.51
1960,modern_selfid,KRA,lv,39.7637
1960,modern_selfid,KRA,csb,1272.15
1960,modern_selfid,KRA,rue,56029.6
1960,modern_selfid,KRA,rom,5289.65
1960,modern_selfid,KRA,kdr,5.24904
1960,modern_selfid,KRA,wym,572.65
1960,modern_selfid,KRA,other,2586.74
1960,modern_selfid,LWO,pl,2.2836e+06
1960,modern_selfid,LWO,uk,1.17724e+06
1960,modern_selfid,LWO,be,10193.3
1960,modern_selfid,LWO,tut,1799.89
1960,modern_selfid,LWO,yi,177008
1960,modern_selfid,LWO,de,14667.2
1960,modern_selfid,LWO,ru,2019.72
1960,modern_selfid,LWO,lt,3258.44
1960,modern_selfid,LWO,cs,934.368
1960,modern_selfid,LWO,lv,42.8036
1960,modern_selfid,LWO,csb,1092.21
1960,modern_selfid,LWO,rue,53947.6
1960,modern_selfid,LWO,rom,4593.62
1960,modern_selfid,LWO,kdr,8.10477
1960,modern_selfid,LWO,wym,7.80682
1960,modern_selfid,LWO,other,8295.88
1960,modern_selfid,STA,pl,550902
1960,modern_selfid,STA,uk,1.08552e+06
1960,modern_selfid,STA,be,3091.97
1960,modern_selfid,STA,tut,552.493
1960,modern_selfid,STA,yi,73161.4
1960,modern_selfid,STA,de,14923.6
1960,modern_selfid,STA,ru,611.079
1960,modern_selfid,STA,lt,969.715
1960,modern_selfid,STA,cs,280.268
1960,modern_selfid,STA,lv,12.8345
1960,modern_selfid,STA,csb,329.509
1960,modern_selfid,STA,rue,447.03
1960,modern_selfid,STA,rom,1690.15
1960,modern_selfid,STA,kdr,59.8591
1960,modern_selfid,STA,wym,2.36525
1960,modern_selfid,STA,other,4709.45
1960,modern_selfid,TAR,pl,918077
1960,modern_selfid,TAR,uk,746514
1960,modern_selfid,TAR,be,2985.38
1960,modern_selfid,TAR,tut,535.889
1960,modern_selfid,TAR,yi,54613.8
1960,modern_selfid,TAR,de,3779.22
1960,modern_selfid,TAR,ru,595.247
1960,modern_selfid,TAR,lt,937.208
1960,modern_selfid,TAR,cs,279.407
1960,modern_selfid,TAR,lv,12.4967
1960,modern_selfid,TAR,csb,318.42
1960,modern_selfid,TAR,rue,432.503
1960,modern_selfid,TAR,rom,916.915
1960,modern_selfid,TAR,kdr,2.4578
1960,modern_selfid,TAR,wym,2.29644
1960,modern_selfid,TAR,other,1495.45
1960,modern_selfid,LT_KAU,pl,22585.1
1960,modern_selfid,LT_KAU,uk,373.37
1960,modern_selfid,LT_KAU,be,550.299
1960,modern_selfid,LT_KAU,tut,31.1159
1960,modern_selfid,LT_KAU,yi,22543.8
1960,modern_selfid,LT_KAU,de,8048.08
1960,modern_selfid,LT_KAU,ru,13297.1
1960,modern_selfid,LT_KAU,lt,280912
1960,modern_selfid,LT_KAU,cs,7.67842
1960,modern_selfid,LT_KAU,lv,342.466
1960,modern_selfid,LT_KAU,csb,24.0484
1960,modern_selfid,LT_KAU,rue,8.4726
1960,modern_selfid,LT_KAU,rom,792.31
1960,modern_selfid,LT_KAU,kdr,2.5165
1960,modern_selfid,LT_KAU,other,2786.63
1960,modern_selfid,LT_LAU,pl,25587.1
1960,modern_selfid,LT_LAU,uk,241.123
1960,modern_selfid,LT_LAU,be,407.638
1960,modern_selfid,LT_LAU,tut,20.3576
1960,modern_selfid,LT_LAU,yi,21547.3
1960,modern_selfid,LT_LAU,de,3578.17
1960,modern_selfid,LT_LAU,ru,11679.6
1960,modern_selfid,LT_LAU,lt,533307
1960,modern_selfid,LT_LAU,cs,5.01136
1960,modern_selfid,LT_LAU,lv,1339.38
1960,modern_selfid,LT_LAU,csb,15.7102
1960,modern_selfid,LT_LAU,rue,5.50444
1960,modern_selfid,LT_LAU,rom,86.7079
1960,modern_selfid,LT_LAU,kdr,62.4684
1960,modern_selfid,LT_LAU,other,1445.19
1960,modern_selfid,LT_ZEM,pl,8314.83
1960,modern_selfid,LT_ZEM,uk,296.373
1960,modern_selfid,LT_ZEM,be,469.359
1960,modern_selfid,LT_ZEM,tut,25.0847
1960,modern_selfid,LT_ZEM,yi,22784.3
1960,modern_selfid,LT_ZEM,de,6701.35
1960,modern_selfid,LT_ZEM,ru,7252.15
1960,modern_selfid,LT_ZEM,lt,622076
1960,modern_selfid,LT_ZEM,cs,6.14074
1960,modern_selfid,LT_ZEM,lv,6442.91
1960,modern_selfid,LT_ZEM,csb,19.2519
1960,modern_selfid,LT_ZEM,rue,6.76467
1960,modern_selfid,LT_ZEM,rom,337.02
1960,modern_selfid,LT_ZEM,kdr,3.15904
1960,modern_selfid,LT_ZEM,other,1736.41
1960,modern_selfid,LT_SUV,pl,11935.6
1960,modern_selfid,LT_SUV,uk,352.827
1960,modern_selfid,LT_SUV,be,1922.88
1960,modern_selfid,LT_SUV,tut,29.9736
1960,modern_selfid,LT_SUV,yi,17769
1960,modern_selfid,LT_SUV,de,16688.5
1960,modern_selfid,LT_SUV,ru,5699.08
1960,modern_selfid,LT_SUV,lt,483552
1960,modern_selfid,LT_SUV,cs,7.09886
1960,modern_selfid,LT_SUV,lv,249.739
1960,modern_selfid,LT_SUV,csb,22.7236
1960,modern_selfid,LT_SUV,rue,8.12343
1960,modern_selfid,LT_SUV,rom,1294.52
1960,modern_selfid,LT_SUV,kdr,1.82396
1960,modern_selfid,LT_SUV,other,1408
1960,modern_selfid,LT_NEA,pl,21610
1960,modern_selfid,LT_NEA,uk,192.827
1960,modern_selfid,LT_NEA,be,3131.83
1960,modern_selfid,LT_NEA,tut,16.3806
1960,modern_selfid,LT_NEA,yi,15917.8
1960,modern_selfid,LT_NEA,de,1617.87
1960,modern_selfid,LT_NEA,ru,27480.3
1960,modern_selfid,LT_NEA,lt,419486
1960,modern_selfid,LT_NEA,cs,3.99375
1960,modern_selfid,LT_NEA,lv,7861.06
1960,modern_selfid,LT_NEA,csb,12.5498
1960,modern_selfid,LT_NEA,rue,4.40578
1960,modern_selfid,LT_NEA,rom,55.4606
1960,modern_selfid,LT_NEA,kdr,2.13114
1960,modern_selfid,LT_NEA,other,1267.9
1960,modern_selfid,LT_KLA,pl,918.517
1960,modern_selfid,LT_KLA,uk,121.624
1960,modern_selfid,LT_KLA,be,191.153
1960,modern_selfid,LT_KLA,tut,10.0496
1960,modern_selfid,LT_KLA,yi,2947.9
1960,modern_selfid,LT_KLA,de,53399.1
1960,modern_selfid,LT_KLA,ru,1971.03
1960,modern_selfid,LT_KLA,lt,127918
1960,modern_selfid,LT_KLA,cs,2.55181
1960,modern_selfid,LT_KLA,lv,200.79
1960,modern_selfid,LT_KLA,csb,8.31396
1960,modern_selfid,LT_KLA,rue,2.78499
1960,modern_selfid,LT_KLA,rom,45.9033
1960,modern_selfid,LT_KLA,kdr,1.33037
1960,modern_selfid,LT_KLA,other,1313.9
1960,polish_1931,WAW,pl,1.45202e+06
1960,polish_1931,WAW,uk,64773.6
1960,polish_1931,WAW,ruth,16207.3
1960,polish_1931,WAW,be,20267
1960,polish_1931,WAW,tut,12777.1
1960,polish_1931,WAW,yi,232230
1960,polish_1931,WAW,he,20209.4
1960,polish_1931,WAW,de,13510.7
1960,polish_1931,WAW,ru,9250.14
1960,polish_1931,WAW,lt,8342.77
1960,polish_1931,WAW,cs,968.196
1960,polish_1931,WAW,lv,123.893
1960,polish_1931,WAW,other,2628.84
1960,polish_1931,WAR,pl,2.80481e+06
1960,polish_1931,WAR,uk,19931.9
1960,polish_1931,WAR,ruth,5147.43
1960,polish_1931,WAR,be,6738.37
1960,polish_1931,WAR,tut,4580.35
1960,polish_1931,WAR,yi,160464
1960,polish_1931,WAR,he,12246.8
1960,polish_1931,WAR,de,47250.6
1960,polish_1931,WAR,ru,9711.66
1960,polish_1931,WAR,lt,3145.29
1960,polish_1931,WAR,cs,397.952
1960,polish_1931,WAR,lv,50.0385
1960,polish_1931,WAR,other,9678.43
1960,polish_1931,LOD,pl,2.84844e+06
1960,polish_1931,LOD,uk,32058.5
1960,polish_1931,LOD,ruth,8438.73
1960,polish_1931,LOD,be,12223.7
1960,polish_1931,LOD,tut,8284.77
1960,polish_1931,LOD,yi,261249
1960,polish_1931,LOD,he,20186.9
1960,polish_1931,LOD,de,129341
1960,polish_1931,LOD,ru,6018.59
1960,polish_1931,LOD,lt,5718.94
1960,polish_1931,LOD,cs,720.429
1960,polish_1931,LOD,lv,90.6361
1960,polish_1931,LOD,other,13118.1
1960,polish_1931,KIE,pl,3.47053e+06
1960,polish_1931,KIE,uk,24572.7
1960,polish_1931,KIE,ruth,7292.17
1960,polish_1931,KIE,be,8073.35
1960,polish_1931,KIE,tut,5444.11
1960,polish_1931,KIE,yi,238704
1960,polish_1931,KIE,he,18263
1960,polish_1931,KIE,de,17341.5
1960,polish_1931,KIE,ru,5631.53
1960,polish_1931,KIE,lt,3780.97
1960,polish_1931,KIE,cs,520.015
1960,polish_1931,KIE,lv,59.3712
1960,polish_1931,KIE,other,9336.03
1960,polish_1931,LUB,pl,2.84941e+06
1960,polish_1931,LUB,uk,162446
1960,polish_1931,LUB,ruth,24879.3
1960,polish_1931,LUB,be,9213.91
1960,polish_1931,LUB,tut,6070.41
1960,polish_1931,LUB,yi,185441
1960,polish_1931,LUB,he,14289.9
1960,polish_1931,LUB,de,19762
1960,polish_1931,LUB,ru,7887.09
1960,polish_1931,LUB,lt,2937.6
1960,polish_1931,LUB,cs,698.69
1960,polish_1931,LUB,lv,45.7409
1960,polish_1931,LUB,other,1221.5
1960,polish_1931,BIA,pl,1.68617e+06
1960,polish_1931,BIA,uk,18815
1960,polish_1931,BIA,ruth,3391.28
1960,polish_1931,BIA,be,189212
1960,polish_1931,BIA,tut,4870.29
1960,polish_1931,BIA,yi,146668
1960,polish_1931,BIA,he,11367
1960,polish_1931,BIA,de,9915.56
1960,polish_1931,BIA,ru,47842.9
1960,polish_1931,BIA,lt,16136.9
1960,polish_1931,BIA,cs,341.03
1960,polish_1931,BIA,lv,68.0237
1960,polish_1931,BIA,other,2111.92
1960,polish_1931,WIL,pl,1.11156e+06
1960,polish_1931,WIL,uk,6751.86
1960,polish_1931,WIL,ruth,1457.95
1960,polish_1931,WIL,be,237375
1960,polish_1931,WIL,tut,7381.93
1960,polish_1931,WIL,yi,75315.5
1960,polish_1931,WIL,he,5949.76
1960,polish_1931,WIL,de,2546.14
1960,polish_1931,WIL,ru,53680.6
1960,polish_1931,WIL,lt,62324.6
1960,polish_1931,WIL,cs,162.438
1960,polish_1931,WIL,lv,80.4222
1960,polish_1931,WIL,other,2511.51
1960,polish_1931,NOW,pl,948287
1960,polish_1931,NOW,uk,7867.48
1960,polish_1931,NOW,ruth,1587.93
1960,polish_1931,NOW,be,387417
1960,polish_1931,NOW,tut,2486.7
1960,polish_1931,NOW,yi,57162.3
1960,polish_1931,NOW,he,4525.88
1960,polish_1931,NOW,de,1030.24
1960,polish_1931,NOW,ru,32567.9
1960,polish_1931,NOW,lt,2738.66
1960,polish_1931,NOW,cs,191.544
1960,polish_1931,NOW,lv,29.9596
1960,polish_1931,NOW,other,383.245
1960,polish_1931,POL,pl,695171
1960,polish_1931,POL,uk,121214
1960,polish_1931,POL,ruth,4149.7
1960,polish_1931,POL,be,113551
1960,polish_1931,POL,tut,793284
1960,polish_1931,POL,yi,79102.3
1960,polish_1931,POL,he,6156.8
1960,polish_1931,POL,de,1470.74
1960,polish_1931,POL,ru,23003
1960,polish_1931,POL,lt,1496.24
1960,polish_1931,POL,cs,255.18
1960,polish_1931,POL,lv,23.6303
1960,polish_1931,POL,other,1353.84
1960,polish_1931,WOL,pl,831220
1960,polish_1931,WOL,uk,1.83662e+06
1960,polish_1931,WOL,ruth,34807.4
1960,polish_1931,WOL,be,6113.38
1960,polish_1931,WOL,tut,3263.57
1960,polish_1931,WOL,yi,142141
1960,polish_1931,WOL,he,11051.9
1960,polish_1931,WOL,de,42842.4
1960,polish_1931,WOL,ru,26547.8
1960,polish_1931,WOL,lt,1358.81
1960,polish_1931,WOL,cs,36943.9
1960,polish_1931,WOL,lv,21.5689
1960,polish_1931,WOL,other,4365
1960,polish_1931,POZ,pl,2.39306e+06
1960,polish_1931,POZ,uk,20149.8
1960,polish_1931,POZ,ruth,5354.09
1960,polish_1931,POZ,be,7697.48
1960,polish_1931,POZ,tut,5213.53
1960,polish_1931,POZ,yi,25398.1
1960,polish_1931,POZ,he,2231.49
1960,polish_1931,POZ,de,166248
1960,polish_1931,POZ,ru,2332.51
1960,polish_1931,POZ,lt,3655.33
1960,polish_1931,POZ,cs,460.219
1960,polish_1931,POZ,lv,57.7328
1960,polish_1931,POZ,other,1227.63
1960,polish_1931,POM,pl,1.40695e+06
1960,polish_1931,POM,uk,15676.5
1960,polish_1931,POM,ruth,4086.05
1960,polish_1931,POM,be,5959.36
1960,polish_1931,POM,tut,3993.63
1960,polish_1931,POM,yi,19396.1
1960,polish_1931,POM,he,1684.3
1960,polish_1931,POM,de,98718.7
1960,polish_1931,POM,ru,1797.34
1960,polish_1931,POM,lt,2787.95
1960,polish_1931,POM,cs,349.448
1960,polish_1931,POM,lv,43.6354
1960,polish_1931,POM,other,2583.97
1960,polish_1931,SLA,pl,1.71841e+06
1960,polish_1931,SLA,uk,30748.9
1960,polish_1931,SLA,ruth,10163.9
1960,polish_1931,SLA,be,8010.7
1960,polish_1931,SLA,tut,5625.46
1960,polish_1931,SLA,yi,32378.5
1960,polish_1931,SLA,he,2814.75
1960,polish_1931,SLA,de,69173.2
1960,polish_1931,SLA,ru,2405.47
1960,polish_1931,SLA,lt,3629.85
1960,polish_1931,SLA,cs,558.609
1960,polish_1931,SLA,lv,56.8692
1960,polish_1931,SLA,other,3255.96
1960,polish_1931,KRA,pl,2.45325e+06
1960,polish_1931,KRA,uk,29630.4
1960,polish_1931,KRA,ruth,64499.2
1960,polish_1931,KRA,be,5963.99
1960,polish_1931,KRA,tut,4338.81
1960,polish_1931,KRA,yi,105332
1960,polish_1931,KRA,he,7828.03
1960,polish_1931,KRA,de,11661.1
1960,polish_1931,KRA,ru,1774.77
1960,polish_1931,KRA,lt,2595.15
1960,polish_1931,KRA,cs,431.268
1960,polish_1931,KRA,lv,41.3875
1960,polish_1931,KRA,other,3584.43
1960,polish_1931,LWO,pl,2.23937e+06
1960,polish_1931,LWO,uk,756752
1960,polish_1931,LWO,ruth,502186
1960,polish_1931,LWO,be,7594.09
1960,polish_1931,LWO,tut,6191.62
1960,polish_1931,LWO,yi,183105
1960,polish_1931,LWO,he,13787.4
1960,polish_1931,LWO,de,14310.9
1960,polish_1931,LWO,ru,2375.91
1960,polish_1931,LWO,lt,2804.58
1960,polish_1931,LWO,cs,1028.91
1960,polish_1931,LWO,lv,44.4261
1960,polish_1931,LWO,other,9164.61
1960,polish_1931,STA,pl,528302
1960,polish_1931,STA,uk,673034
1960,polish_1931,STA,ruth,429153
1960,polish_1931,STA,be,2297.77
1960,polish_1931,STA,tut,1900.58
1960,polish_1931,STA,yi,75442.1
1960,polish_1931,STA,he,5662.98
1960,polish_1931,STA,de,14501.5
1960,polish_1931,STA,ru,715.595
1960,polish_1931,STA,lt,837.041
1960,polish_1931,STA,cs,307.891
1960,polish_1931,STA,lv,13.2901
1960,polish_1931,STA,other,5100.57
1960,polish_1931,TAR,pl,900588
1960,polish_1931,TAR,uk,466314
1960,polish_1931,TAR,ruth,292752
1960,polish_1931,TAR,be,2217.9
1960,polish_1931,TAR,tut,1843.46
1960,polish_1931,TAR,yi,56351.7
1960,polish_1931,TAR,he,4246.52
1960,polish_1931,TAR,de,3688.56
1960,polish_1931,TAR,ru,697.479
1960,polish_1931,TAR,lt,807.814
1960,polish_1931,TAR,cs,307.179
1960,polish_1931,TAR,lv,12.9545
1960,polish_1931,TAR,other,1669.44
1960,polish_1931,LT_KAU,pl,94526.3
1960,polish_1931,LT_KAU,uk,284.875
1960,polish_1931,LT_KAU,ruth,64.6743
1960,polish_1931,LT_KAU,be,367.179
1960,polish_1931,LT_KAU,tut,107.039
1960,polish_1931,LT_KAU,yi,22174
1960,polish_1931,LT_KAU,he,2980.11
1960,polish_1931,LT_KAU,de,8437.23
1960,polish_1931,LT_KAU,ru,13282.4
1960,polish_1931,LT_KAU,lt,206753
1960,polish_1931,LT_KAU,cs,8.00812
1960,polish_1931,LT_KAU,lv,380.803
1960,polish_1931,LT_KAU,other,2939.34
1960,polish_1931,LT_LAU,pl,159662
1960,polish_1931,LT_LAU,uk,183.682
1960,polish_1931,LT_LAU,ruth,41.7256
1960,polish_1931,LT_LAU,be,248.69
1960,polish_1931,LT_LAU,tut,70.0302
1960,polish_1931,LT_LAU,yi,21093
1960,polish_1931,LT_LAU,he,2842.43
1960,polish_1931,LT_LAU,de,3737.77
1960,polish_1931,LT_LAU,ru,11589.5
1960,polish_1931,LT_LAU,lt,396830
1960,polish_1931,LT_LAU,cs,5.22296
1960,polish_1931,LT_LAU,lv,1482.92
1960,polish_1931,LT_LAU,other,1542.28
1960,polish_1931,LT_ZEM,pl,164401
1960,polish_1931,LT_ZEM,uk,225.685
1960,polish_1931,LT_ZEM,ruth,51.3957
1960,polish_1931,LT_ZEM,be,299.308
1960,polish_1931,LT_ZEM,tut,86.2915
1960,polish_1931,LT_ZEM,yi,22306.4
1960,polish_1931,LT_ZEM,he,3002.7
1960,polish_1931,LT_ZEM,de,6998.73
1960,polish_1931,LT_ZEM,ru,7202.48
1960,polish_1931,LT_ZEM,lt,462966
1960,polish_1931,LT_ZEM,cs,6.40116
1960,polish_1931,LT_ZEM,lv,7122
1960,polish_1931,LT_ZEM,other,1803.27
1960,polish_1931,LT_SUV,pl,136255
1960,polish_1931,LT_SUV,uk,267.676
1960,polish_1931,LT_SUV,ruth,62.1096
1960,polish_1931,LT_SUV,be,599.429
1960,polish_1931,LT_SUV,tut,103.109
1960,polish_1931,LT_SUV,yi,17383.3
1960,polish_1931,LT_SUV,he,2331.17
1960,polish_1931,LT_SUV,de,17427.2
1960,polish_1931,LT_SUV,ru,5665.17
1960,polish_1931,LT_SUV,lt,358911
1960,polish_1931,LT_SUV,cs,7.39657
1960,polish_1931,LT_SUV,lv,277.407
1960,polish_1931,LT_SUV,other,1651.85
1960,polish_1931,LT_NEA,pl,131198
1960,polish_1931,LT_NEA,uk,146.659
1960,polish_1931,LT_NEA,ruth,33.3939
1960,polish_1931,LT_NEA,be,791.062
1960,polish_1931,LT_NEA,tut,56.3494
1960,polish_1931,LT_NEA,yi,15545.7
1960,polish_1931,LT_NEA,he,2093.85
1960,polish_1931,LT_NEA,de,1688.19
1960,polish_1931,LT_NEA,ru,27188.9
1960,polish_1931,LT_NEA,lt,309954
1960,polish_1931,LT_NEA,cs,4.1581
1960,polish_1931,LT_NEA,lv,8678.68
1960,polish_1931,LT_NEA,other,1280.98
1960,polish_1931,LT_KLA,pl,34974.7
1960,polish_1931,LT_KLA,uk,92.7704
1960,polish_1931,LT_KLA,ruth,21.0499
1960,polish_1931,LT_KLA,be,121.354
1960,polish_1931,LT_KLA,tut,34.5705
1960,polish_1931,LT_KLA,yi,2895.7
1960,polish_1931,LT_KLA,he,386.3
1960,polish_1931,LT_KLA,de,55595.6
1960,polish_1931,LT_KLA,ru,1970.3
1960,polish_1931,LT_KLA,lt,91410.5
1960,polish_1931,LT_KLA,cs,2.65776
1960,polish_1931,LT_KLA,lv,223.018
1960,polish_1931,LT_KLA,other,1324.21
1970,imperial_1897,WAW,pl,1.5131e+06
1970,imperial_1897,WAW,uk,154461
1970,imperial_1897,WAW,be,60581.9
1970,imperial_1897,WAW,yi,327481
1970,imperial_1897,WAW,de,18623.3
1970,imperial_1897,WAW,ru,15893.9
1970,imperial_1897,WAW,lt,14252.7
1970,imperial_1897,WAW,cs,1345
1970,imperial_1897,WAW,lv,175.026
1970,imperial_1897,WAW,other,5015.45
1970,imperial_1897,WAR,pl,2.77886e+06
1970,imperial_1897,WAR,uk,48485.2
1970,imperial_1897,WAR,be,21794
1970,imperial_1897,WAR,yi,212894
1970,imperial_1897,WAR,de,49938.5
1970,imperial_1897,WAR,ru,13454.2
1970,imperial_1897,WAR,lt,5384.17
1970,imperial_1897,WAR,cs,563.378
1970,imperial_1897,WAR,lv,71.1311
1970,imperial_1897,WAR,other,12130.9
1970,imperial_1897,LOD,pl,2.85433e+06
1970,imperial_1897,LOD,uk,81958.2
1970,imperial_1897,LOD,be,39035.2
1970,imperial_1897,LOD,yi,347512
1970,imperial_1897,LOD,de,132040
1970,imperial_1897,LOD,ru,11366
1970,imperial_1897,LOD,lt,9722.63
1970,imperial_1897,LOD,cs,1004.65
1970,imperial_1897,LOD,lv,127.667
1970,imperial_1897,LOD,other,14681.7
1970,imperial_1897,KIE,pl,3.54009e+06
1970,imperial_1897,KIE,uk,64157.4
1970,imperial_1897,KIE,be,26323.9
1970,imperial_1897,KIE,yi,313875
1970,imperial_1897,KIE,de,20841.1
1970,imperial_1897,KIE,ru,9604.3
1970,imperial_1897,KIE,lt,6617.2
1970,imperial_1897,KIE,cs,756.041
1970,imperial_1897,KIE,lv,86.5242
1970,imperial_1897,KIE,other,12811.4
1970,imperial_1897,LUB,pl,2.90661e+06
1970,imperial_1897,LUB,uk,290251
1970,imperial_1897,LUB,be,80439.2
1970,imperial_1897,LUB,yi,244288
1970,imperial_1897,LUB,de,22384.6
1970,imperial_1897,LUB,ru,33094
1970,imperial_1897,LUB,lt,5283.27
1970,imperial_1897,LUB,cs,970.94
1970,imperial_1897,LUB,lv,67.8333
1970,imperial_1897,LUB,other,4412.5
1970,imperial_1897,BIA,pl,1.55292e+06
1970,imperial_1897,BIA,uk,77228
1970,imperial_1897,BIA,be,334383
1970,imperial_1897,BIA,yi,184314
1970,imperial_1897,BIA,de,11391.3
1970,imperial_1897,BIA,ru,70577.9
1970,imperial_1897,BIA,lt,20849.8
1970,imperial_1897,BIA,cs,472.02
1970,imperial_1897,BIA,lv,92.3167
1970,imperial_1897,BIA,other,3520.9
1970,imperial_1897,WIL,pl,954173
1970,imperial_1897,WIL,uk,43659.6
1970,imperial_1897,WIL,be,379283
1970,imperial_1897,WIL,yi,90779.2
1970,imperial_1897,WIL,de,3303.27
1970,imperial_1897,WIL,ru,64770
1970,imperial_1897,WIL,lt,73608.9
1970,imperial_1897,WIL,cs,231.5
1970,imperial_1897,WIL,lv,102.06
1970,imperial_1897,WIL,other,3408.2
1970,imperial_1897,NOW,pl,777295
1970,imperial_1897,NOW,uk,62631.7
1970,imperial_1897,NOW,be,618481
1970,imperial_1897,NOW,yi,69646.1
1970,imperial_1897,NOW,de,1612.63
1970,imperial_1897,NOW,ru,47656.3
1970,imperial_1897,NOW,lt,4063.9
1970,imperial_1897,NOW,cs,268.912
1970,imperial_1897,NOW,lv,40.8944
1970,imperial_1897,NOW,other,1568.17
1970,imperial_1897,POL,pl,618515
1970,imperial_1897,POL,uk,713397
1970,imperial_1897,POL,be,649268
1970,imperial_1897,POL,yi,93519
1970,imperial_1897,POL,de,2316.56
1970,imperial_1897,POL,ru,62673.3
1970,imperial_1897,POL,lt,2639.99
1970,imperial_1897,POL,cs,364.032
1970,imperial_1897,POL,lv,34.6975
1970,imperial_1897,POL,other,2140.7
1970,imperial_1897,WOL,pl,744051
1970,imperial_1897,WOL,uk,2.29254e+06
1970,imperial_1897,WOL,be,25252
1970,imperial_1897,WOL,yi,166894
1970,imperial_1897,WOL,de,45274.8
1970,imperial_1897,WOL,ru,36510.2
1970,imperial_1897,WOL,lt,2515.71
1970,imperial_1897,WOL,cs,38732.1
1970,imperial_1897,WOL,lv,33.0013
1970,imperial_1897,WOL,other,6097.23
1970,imperial_1897,POZ,pl,2.39487e+06
1970,imperial_1897,POZ,uk,52248.5
1970,imperial_1897,POZ,be,24386.5
1970,imperial_1897,POZ,yi,55167.5
1970,imperial_1897,POZ,de,170658
1970,imperial_1897,POZ,ru,5421.12
1970,imperial_1897,POZ,lt,6355.55
1970,imperial_1897,POZ,cs,659.22
1970,imperial_1897,POZ,lv,83.9789
1970,imperial_1897,POZ,other,2921.65
1970,imperial_1897,POM,pl,1.46687e+06
1970,imperial_1897,POM,uk,41170.7
1970,imperial_1897,POM,be,19044.4
1970,imperial_1897,POM,yi,41832.2
1970,imperial_1897,POM,de,103776
1970,imperial_1897,POM,ru,4194.83
1970,imperial_1897,POM,lt,4935.23
1970,imperial_1897,POM,cs,509.021
1970,imperial_1897,POM,lv,64.1476
1970,imperial_1897,POM,other,3613.62
1970,imperial_1897,SLA,pl,1.78011e+06
1970,imperial_1897,SLA,uk,79524.5
1970,imperial_1897,SLA,be,26328.7
1970,imperial_1897,SLA,yi,75086
1970,imperial_1897,SLA,de,83573.6
1970,imperial_1897,SLA,ru,5781.7
1970,imperial_1897,SLA,lt,6510.06
1970,imperial_1897,SLA,cs,810.908
1970,imperial_1897,SLA,lv,84.3323
1970,imperial_1897,SLA,other,5031.18
1970,imperial_1897,KRA,pl,2.37526e+06
1970,imperial_1897,KRA,uk,140618
1970,imperial_1897,KRA,be,19185.3
1970,imperial_1897,KRA,yi,156844
1970,imperial_1897,KRA,de,14435.7
1970,imperial_1897,KRA,ru,4225.97
1970,imperial_1897,KRA,lt,4524.37
1970,imperial_1897,KRA,cs,607.01
1970,imperial_1897,KRA,lv,60.1988
1970,imperial_1897,KRA,other,9629.26
1970,imperial_1897,LWO,pl,1.97077e+06
1970,imperial_1897,LWO,uk,1.52646e+06
1970,imperial_1897,LWO,be,27541.4
1970,imperial_1897,LWO,yi,293620
1970,imperial_1897,LWO,de,17294.7
1970,imperial_1897,LWO,ru,6583.37
1970,imperial_1897,LWO,lt,5136.67
1970,imperial_1897,LWO,cs,1384.69
1970,imperial_1897,LWO,lv,67.7235
1970,imperial_1897,LWO,other,13420.1
1970,imperial_1897,STA,pl,393356
1970,imperial_1897,STA,uk,1.24912e+06
1970,imperial_1897,STA,be,7805.8
1970,imperial_1897,STA,yi,101320
1970,imperial_1897,STA,de,15664.9
1970,imperial_1897,STA,ru,1736.93
1970,imperial_1897,STA,lt,1562.83
1970,imperial_1897,STA,cs,424.105
1970,imperial_1897,STA,lv,20.8195
1970,imperial_1897,STA,other,6294.83
1970,imperial_1897,TAR,pl,719822
1970,imperial_1897,TAR,uk,897409
1970,imperial_1897,TAR,be,7449.69
1970,imperial_1897,TAR,yi,85960.6
1970,imperial_1897,TAR,de,4484.8
1970,imperial_1897,TAR,ru,1683.29
1970,imperial_1897,TAR,lt,1480.18
1970,imperial_1897,TAR,cs,424.032
1970,imperial_1897,TAR,lv,19.8569
1970,imperial_1897,TAR,other,2564.09
1970,imperial_1897,LT_KAU,pl,22232.5
1970,imperial_1897,LT_KAU,uk,733.95
1970,imperial_1897,LT_KAU,be,876.366
1970,imperial_1897,LT_KAU,yi,20157.7
1970,imperial_1897,LT_KAU,de,8788.58
1970,imperial_1897,LT_KAU,ru,14407.9
1970,imperial_1897,LT_KAU,lt,296438
1970,imperial_1897,LT_KAU,cs,12.3193
1970,imperial_1897,LT_KAU,lv,486.01
1970,imperial_1897,LT_KAU,other,3384.11
1970,imperial_1897,LT_LAU,pl,24918.3
1970,imperial_1897,LT_LAU,uk,469.946
1970,imperial_1897,LT_LAU,be,630.012
1970,imperial_1897,LT_LAU,yi,19337.7
1970,imperial_1897,LT_LAU,de,4164.99
1970,imperial_1897,LT_LAU,ru,13091
1970,imperial_1897,LT_LAU,lt,529924
1970,imperial_1897,LT_LAU,cs,8.03128
1970,imperial_1897,LT_LAU,lv,1524.84
1970,imperial_1897,LT_LAU,other,1545.33
1970,imperial_1897,LT_ZEM,pl,8750.79
1970,imperial_1897,LT_ZEM,uk,565.396
1970,imperial_1897,LT_ZEM,be,722.707
1970,imperial_1897,LT_ZEM,yi,20507.5
1970,imperial_1897,LT_ZEM,de,7485.86
1970,imperial_1897,LT_ZEM,ru,8339.89
1970,imperial_1897,LT_ZEM,lt,617679
1970,imperial_1897,LT_ZEM,cs,9.77441
1970,imperial_1897,LT_ZEM,lv,6757.23
1970,imperial_1897,LT_ZEM,other,2043.2
1970,imperial_1897,LT_SUV,pl,12407.6
1970,imperial_1897,LT_SUV,uk,679.004
1970,imperial_1897,LT_SUV,be,2091.73
1970,imperial_1897,LT_SUV,yi,16108.3
1970,imperial_1897,LT_SUV,de,17484.3
1970,imperial_1897,LT_SUV,ru,6516.3
1970,imperial_1897,LT_SUV,lt,479074
1970,imperial_1897,LT_SUV,cs,11.3759
1970,imperial_1897,LT_SUV,lv,360.211
1970,imperial_1897,LT_SUV,other,2849.4
1970,imperial_1897,LT_NEA,pl,21421.9
1970,imperial_1897,LT_NEA,uk,372.03
1970,imperial_1897,LT_NEA,be,3161.46
1970,imperial_1897,LT_NEA,yi,14425
1970,imperial_1897,LT_NEA,de,1987.01
1970,imperial_1897,LT_NEA,ru,30119.8
1970,imperial_1897,LT_NEA,lt,414356
1970,imperial_1897,LT_NEA,cs,6.33212
1970,imperial_1897,LT_NEA,lv,8163.2
1970,imperial_1897,LT_NEA,other,1262.42
1970,imperial_1897,LT_KLA,pl,1288.09
1970,imperial_1897,LT_KLA,uk,246.979
1970,imperial_1897,LT_KLA,be,306.355
1970,imperial_1897,LT_KLA,yi,3070.55
1970,imperial_1897,LT_KLA,de,54403.8
1970,imperial_1897,LT_KLA,ru,2330.34
1970,imperial_1897,LT_KLA,lt,133397
1970,imperial_1897,LT_KLA,cs,4.35447
1970,imperial_1897,LT_KLA,lv,284.153
1970,imperial_1897,LT_KLA,other,1251.02
1970,latent,WAW,pl,1.63625e+06
1970,latent,WAW,uk,125595
1970,latent,WAW,be,38174.6
1970,latent,WAW,tut,19668.9
1970,latent,WAW,yi,233822
1970,latent,WAW,de,18623.3
1970,latent,WAW,ru,10329.7
1970,latent,WAW,lt,14252.7
1970,latent,WAW,cs,1345
1970,latent,WAW,lv,175.026
1970,latent,WAW,csb,5501.13
1970,latent,WAW,rue,2171.98
1970,latent,WAW,rom,2233.88
1970,latent,WAW,kdr,20.9071
1970,latent,WAW,wym,15.2119
1970,latent,WAW,other,2745.45
1970,latent,WAR,pl,2.84023e+06
1970,latent,WAR,uk,37388.4
1970,latent,WAR,be,12873.1
1970,latent,WAR,tut,7245.94
1970,latent,WAR,yi,161436
1970,latent,WAR,de,49938.5
1970,latent,WAR,ru,11142.5
1970,latent,WAR,lt,5384.17
1970,latent,WAR,cs,563.378
1970,latent,WAR,lv,71.1311
1970,latent,WAR,csb,4240.65
1970,latent,WAR,rue,935.749
1970,latent,WAR,rom,3898.37
1970,latent,WAR,kdr,8.56302
1970,latent,WAR,wym,7.13328
1970,latent,WAR,other,8216.81
1970,latent,LOD,pl,2.96177e+06
1970,latent,LOD,uk,62015.7
1970,latent,LOD,be,23034.3
1970,latent,LOD,tut,12859
1970,latent,LOD,yi,259959
1970,latent,LOD,de,132040
1970,latent,LOD,ru,7193.83
1970,latent,LOD,lt,9722.63
1970,latent,LOD,cs,1004.65
1970,latent,LOD,lv,127.667
1970,latent,LOD,csb,5579.19
1970,latent,LOD,rue,1787.2
1970,latent,LOD,rom,3458.45
1970,latent,LOD,kdr,15.652
1970,latent,LOD,wym,14.2525
1970,latent,LOD,other,11193.3
1970,latent,KIE,pl,3.62459e+06
1970,latent,KIE,uk,49370.2
1970,latent,KIE,be,15921.2
1970,latent,KIE,tut,8903.88
1970,latent,KIE,yi,243103
1970,latent,KIE,de,20841.1
1970,latent,KIE,ru,6987.54
1970,latent,KIE,lt,6617.2
1970,latent,KIE,cs,756.041
1970,latent,KIE,lv,86.5242
1970,latent,KIE,csb,3465.63
1970,latent,KIE,rue,1715.2
1970,latent,KIE,rom,4655.75
1970,latent,KIE,kdr,10.9541
1970,latent,KIE,wym,14.2186
1970,latent,KIE,other,8130.52
1970,latent,LUB,pl,3.08168e+06
1970,latent,LUB,uk,242868
1970,latent,LUB,be,17847.6
1970,latent,LUB,tut,9808.1
1970,latent,LUB,yi,189283
1970,latent,LUB,de,22384.6
1970,latent,LUB,ru,9726.72
1970,latent,LUB,lt,5283.27
1970,latent,LUB,cs,970.94
1970,latent,LUB,lv,67.8333
1970,latent,LUB,csb,2147.59
1970,latent,LUB,rue,1315.7
1970,latent,LUB,rom,3411.96
1970,latent,LUB,kdr,9.51207
1970,latent,LUB,wym,7.79514
1970,latent,LUB,other,983.236
1970,latent,BIA,pl,1.71469e+06
1970,latent,BIA,uk,32668.1
1970,latent,BIA,be,269743
1970,latent,BIA,tut,7549.16
1970,latent,BIA,yi,147369
1970,latent,BIA,de,11391.3
1970,latent,BIA,ru,45279.9
1970,latent,BIA,lt,20849.8
1970,latent,BIA,cs,472.02
1970,latent,BIA,lv,92.3167
1970,latent,BIA,csb,1504.13
1970,latent,BIA,rue,621.067
1970,latent,BIA,rom,1657.01
1970,latent,BIA,kdr,10.0412
1970,latent,BIA,wym,4.40107
1970,latent,BIA,other,1849.45
1970,latent,WIL,pl,1.04934e+06
1970,latent,WIL,uk,12609.4
1970,latent,WIL,be,337726
1970,latent,WIL,tut,9524
1970,latent,WIL,yi,74117.5
1970,latent,WIL,de,3303.27
1970,latent,WIL,ru,48322.1
1970,latent,WIL,lt,73608.9
1970,latent,WIL,cs,231.5
1970,latent,WIL,lv,102.06
1970,latent,WIL,csb,724.591
1970,latent,WIL,rue,298.421
1970,latent,WIL,rom,1264.39
1970,latent,WIL,kdr,266.093
1970,latent,WIL,wym,2.18763
1970,latent,WIL,other,1875.54
1970,latent,NOW,pl,935486
1970,latent,NOW,uk,14882.9
1970,latent,NOW,be,544779
1970,latent,NOW,tut,4024.68
1970,latent,NOW,yi,57720
1970,latent,NOW,de,1612.63
1970,latent,NOW,ru,18037.9
1970,latent,NOW,lt,4063.9
1970,latent,NOW,cs,268.912
1970,latent,NOW,lv,40.8944
1970,latent,NOW,csb,508.498
1970,latent,NOW,rue,270.855
1970,latent,NOW,rom,1302.56
1970,latent,NOW,kdr,4.50884
1970,latent,NOW,wym,1.71622
1970,latent,NOW,other,259.384
1970,latent,POL,pl,828726
1970,latent,POL,uk,114413
1970,latent,POL,be,111406
1970,latent,POL,tut,979684
1970,latent,POL,yi,78261
1970,latent,POL,de,2316.56
1970,latent,POL,ru,23686
1970,latent,POL,lt,2639.99
1970,latent,POL,cs,364.032
1970,latent,POL,lv,34.6975
1970,latent,POL,csb,776.91
1970,latent,POL,rue,420.797
1970,latent,POL,rom,877.467
1970,latent,POL,kdr,4.22726
1970,latent,POL,wym,2.6096
1970,latent,POL,other,1256.39
1970,latent,WOL,pl,796018
1970,latent,WOL,uk,2.27923e+06
1970,latent,WOL,be,11026.5
1970,latent,WOL,tut,5472.31
1970,latent,WOL,yi,140189
1970,latent,WOL,de,45274.8
1970,latent,WOL,ru,31770.1
1970,latent,WOL,lt,2515.71
1970,latent,WOL,cs,38732.1
1970,latent,WOL,lv,33.0013
1970,latent,WOL,csb,850.057
1970,latent,WOL,rue,691.362
1970,latent,WOL,rom,2155.51
1970,latent,WOL,kdr,39.1305
1970,latent,WOL,wym,3.16327
1970,latent,WOL,other,3899.43
1970,latent,POZ,pl,2.42615e+06
1970,latent,POZ,uk,39804.3
1970,latent,POZ,be,14951.9
1970,latent,POZ,tut,8315.93
1970,latent,POZ,yi,33348.7
1970,latent,POZ,de,170658
1970,latent,POZ,ru,3087.83
1970,latent,POZ,lt,6355.55
1970,latent,POZ,cs,659.22
1970,latent,POZ,lv,83.9789
1970,latent,POZ,csb,5240.52
1970,latent,POZ,rue,1195.4
1970,latent,POZ,rom,1587.77
1970,latent,POZ,kdr,10.2235
1970,latent,POZ,wym,9.75003
1970,latent,POZ,other,1313.9
1970,latent,POM,pl,1.31262e+06
1970,latent,POM,uk,31677.4
1970,latent,POM,be,11780.3
1970,latent,POM,tut,6503.24
1970,latent,POM,yi,26218.3
1970,latent,POM,de,103776
1970,latent,POM,ru,2415.71
1970,latent,POM,lt,4935.23
1970,latent,POM,cs,509.021
1970,latent,POM,lv,64.1476
1970,latent,POM,csb,181024
1970,latent,POM,rue,874.599
1970,latent,POM,rom,1177
1970,latent,POM,kdr,7.82193
1970,latent,POM,wym,6.9204
1970,latent,POM,other,2421.88
1970,latent,SLA,pl,1.82657e+06
1970,latent,SLA,uk,62988.3
1970,latent,SLA,be,15958.4
1970,latent,SLA,tut,9246.47
1970,latent,SLA,yi,42962.8
1970,latent,SLA,de,83573.6
1970,latent,SLA,ru,3238.18
1970,latent,SLA,lt,6510.06
1970,latent,SLA,cs,810.908
1970,latent,SLA,lv,84.3323
1970,latent,SLA,csb,3675.7
1970,latent,SLA,rue,2195.71
1970,latent,SLA,rom,1945.05
1970,latent,SLA,kdr,11.3316
1970,latent,SLA,wym,18.4071
1970,latent,SLA,other,3056.39
1970,latent,KRA,pl,2.45259e+06
1970,latent,KRA,uk,45461
1970,latent,KRA,be,11495.4
1970,latent,KRA,tut,6901.01
1970,latent,KRA,yi,108417
1970,latent,KRA,de,14435.7
1970,latent,KRA,ru,2350.35
1970,latent,KRA,lt,4524.37
1970,latent,KRA,cs,607.01
1970,latent,KRA,lv,60.1988
1970,latent,KRA,csb,2187.88
1970,latent,KRA,rue,66728
1970,latent,KRA,rom,6535.5
1970,latent,KRA,kdr,8.2666
1970,latent,KRA,wym,567.814
1970,latent,KRA,other,2517.69
1970,latent,LWO,pl,2.21178e+06
1970,latent,LWO,uk,1.33332e+06
1970,latent,LWO,be,14791.2
1970,latent,LWO,tut,9930.86
1970,latent,LWO,yi,185954
1970,latent,LWO,de,17294.7
1970,latent,LWO,ru,3219.3
1970,latent,LWO,lt,5136.67
1970,latent,LWO,cs,1384.69
1970,latent,LWO,lv,67.7235
1970,latent,LWO,csb,2021.7
1970,latent,LWO,rue,63951.6
1970,latent,LWO,rom,5844.68
1970,latent,LWO,kdr,12.6421
1970,latent,LWO,wym,10.5556
1970,latent,LWO,other,7552.25
1970,latent,STA,pl,478248
1970,latent,STA,uk,1.19053e+06
1970,latent,STA,be,4586.38
1970,latent,STA,tut,3157.74
1970,latent,STA,yi,74466
1970,latent,STA,de,15664.9
1970,latent,STA,ru,1001.86
1970,latent,STA,lt,1562.83
1970,latent,STA,cs,424.105
1970,latent,STA,lv,20.8195
1970,latent,STA,csb,620.205
1970,latent,STA,rue,734.372
1970,latent,STA,rom,2072.69
1970,latent,STA,kdr,66.0641
1970,latent,STA,wym,3.25357
1970,latent,STA,other,4152.83
1970,latent,TAR,pl,835938
1970,latent,TAR,uk,810914
1970,latent,TAR,be,4326.48
1970,latent,TAR,tut,2995.18
1970,latent,TAR,yi,55904.3
1970,latent,TAR,de,4484.8
1970,latent,TAR,ru,958.24
1970,latent,TAR,lt,1480.18
1970,latent,TAR,cs,424.032
1970,latent,TAR,lv,19.8569
1970,latent,TAR,csb,589.182
1970,latent,TAR,rue,699.504
1970,latent,TAR,rom,1170.02
1970,latent,TAR,kdr,3.78437
1970,latent,TAR,wym,3.11663
1970,latent,TAR,other,1387.18
1970,latent,LT_KAU,pl,22473.2
1970,latent,LT_KAU,uk,571.211
1970,latent,LT_KAU,be,765.718
1970,latent,LT_KAU,tut,185.903
1970,latent,LT_KAU,yi,19971
1970,latent,LT_KAU,de,8788.58
1970,latent,LT_KAU,ru,14386.8
1970,latent,LT_KAU,lt,296438
1970,latent,LT_KAU,cs,12.3193
1970,latent,LT_KAU,lv,486.01
1970,latent,LT_KAU,csb,39.7033
1970,latent,LT_KAU,rue,14.8034
1970,latent,LT_KAU,rom,971.476
1970,latent,LT_KAU,kdr,3.74773
1970,latent,LT_KAU,other,2408.73
1970,latent,LT_LAU,pl,25020.7
1970,latent,LT_LAU,uk,367.948
1970,latent,LT_LAU,be,570.963
1970,latent,LT_LAU,tut,122.48
1970,latent,LT_LAU,yi,19249.9
1970,latent,LT_LAU,de,4164.99
1970,latent,LT_LAU,ru,13079.5
1970,latent,LT_LAU,lt,529924
1970,latent,LT_LAU,cs,8.03128
1970,latent,LT_LAU,lv,1524.84
1970,latent,LT_LAU,csb,25.7511
1970,latent,LT_LAU,rue,9.59378
1970,latent,LT_LAU,rom,141.101
1970,latent,LT_LAU,kdr,69.9969
1970,latent,LT_LAU,other,1334.13
1970,latent,LT_ZEM,pl,8812.31
1970,latent,LT_ZEM,uk,448.612
1970,latent,LT_ZEM,be,655.39
1970,latent,LT_ZEM,tut,149.569
1970,latent,LT_ZEM,yi,20447.5
1970,latent,LT_ZEM,de,7485.86
1970,latent,LT_ZEM,ru,8329.72
1970,latent,LT_ZEM,lt,617679
1970,latent,LT_ZEM,cs,9.77441
1970,latent,LT_ZEM,lv,6757.23
1970,latent,LT_ZEM,csb,31.4133
1970,latent,LT_ZEM,rue,11.7262
1970,latent,LT_ZEM,rom,438.727
1970,latent,LT_ZEM,kdr,4.58575
1970,latent,LT_ZEM,other,1599.76
1970,latent,LT_SUV,pl,12312.2
1970,latent,LT_SUV,uk,538.372
1970,latent,LT_SUV,be,2188.84
1970,latent,LT_SUV,tut,178.576
1970,latent,LT_SUV,yi,16029.5
1970,latent,LT_SUV,de,17484.3
1970,latent,LT_SUV,ru,6504.25
1970,latent,LT_SUV,lt,479074
1970,latent,LT_SUV,cs,11.3759
1970,latent,LT_SUV,lv,360.211
1970,latent,LT_SUV,csb,37.0238
1970,latent,LT_SUV,rue,14.1562
1970,latent,LT_SUV,rom,1552.47
1970,latent,LT_SUV,kdr,2.75672
1970,latent,LT_SUV,other,1294.02
1970,latent,LT_NEA,pl,21148
1970,latent,LT_NEA,uk,289.18
1970,latent,LT_NEA,be,3469.69
1970,latent,LT_NEA,tut,97.5647
1970,latent,LT_NEA,yi,14358.5
1970,latent,LT_NEA,de,1987.01
1970,latent,LT_NEA,ru,30109.5
1970,latent,LT_NEA,lt,414356
1970,latent,LT_NEA,cs,6.33212
1970,latent,LT_NEA,lv,8163.2
1970,latent,LT_NEA,csb,20.3643
1970,latent,LT_NEA,rue,7.52649
1970,latent,LT_NEA,rom,92.5258
1970,latent,LT_NEA,kdr,3.124
1970,latent,LT_NEA,other,1166.69
1970,latent,LT_KLA,pl,1304.14
1970,latent,LT_KLA,uk,198.023
1970,latent,LT_KLA,be,279.055
1970,latent,LT_KLA,tut,63.9025
1970,latent,LT_KLA,yi,3050.31
1970,latent,LT_KLA,de,54403.8
1970,latent,LT_KLA,ru,2326.53
1970,latent,LT_KLA,lt,133397
1970,latent,LT_KLA,cs,4.35447
1970,latent,LT_KLA,lv,284.153
1970,latent,LT_KLA,csb,15.1841
1970,latent,LT_KLA,rue,5.16817
1970,latent,LT_KLA,rom,78.6128
1970,latent,LT_KLA,kdr,2.01052
1970,latent,LT_KLA,other,1170.35
1970,lithuanian_1923,WAW,pl,1.63625e+06
1970,lithuanian_1923,WAW,uk,125595
1970,lithuanian_1923,WAW,be,38174.6
1970,lithuanian_1923,WAW,tut,19668.9
1970,lithuanian_1923,WAW,yi,233822
1970,lithuanian_1923,WAW,de,18623.3
1970,lithuanian_1923,WAW,ru,10329.7
1970,lithuanian_1923,WAW,lt,14252.7
1970,lithuanian_1923,WAW,cs,1345
1970,lithuanian_1923,WAW,lv,175.026
1970,lithuanian_1923,WAW,csb,5501.13
1970,lithuanian_1923,WAW,rue,2171.98
1970,lithuanian_1923,WAW,rom,2233.88
1970,lithuanian_1923,WAW,kdr,20.9071
1970,lithuanian_1923,WAW,wym,15.2119
1970,lithuanian_1923,WAW,other,2745.45
1970,lithuanian_1923,WAR,pl,2.84023e+06
1970,lithuanian_1923,WAR,uk,37388.4
1970,lithuanian_1923,WAR,be,12873.1
1970,lithuanian_1923,WAR,tut,7245.94
1970,lithuanian_1923,WAR,yi,161436
1970,lithuanian_1923,WAR,de,49938.5
1970,lithuanian_1923,WAR,ru,11142.5
1970,lithuanian_1923,WAR,lt,5384.17
1970,lithuanian_1923,WAR,cs,563.378
1970,lithuanian_1923,WAR,lv,71.1311
1970,lithuanian_1923,WAR,csb,4240.65
1970,lithuanian_1923,WAR,rue,935.749
1970,lithuanian_1923,WAR,rom,3898.37
1970,lithuanian_1923,WAR,kdr,8.56302
1970,lithuanian_1923,WAR,wym,7.13328
1970,lithuanian_1923,WAR,other,8216.81
1970,lithuanian_1923,LOD,pl,2.96177e+06
1970,lithuanian_1923,LOD,uk,62015.7
1970,lithuanian_1923,LOD,be,23034.3
1970,lithuanian_1923,LOD,tut,12859
1970,lithuanian_1923,LOD,yi,259959
1970,lithuanian_1923,LOD,de,132040
1970,lithuanian_1923,LOD,ru,7193.83
1970,lithuanian_1923,LOD,lt,9722.63
1970,lithuanian_1923,LOD,cs,1004.65
1970,lithuanian_1923,LOD,lv,127.667
1970,lithuanian_1923,LOD,csb,5579.19
1970,lithuanian_1923,LOD,rue,1787.2
1970,lithuanian_1923,LOD,rom,3458.45
1970,lithuanian_1923,LOD,kdr,15.652
1970,lithuanian_1923,LOD,wym,14.2525
1970,lithuanian_1923,LOD,other,11193.3
1970,lithuanian_1923,KIE,pl,3.62459e+06
1970,lithuanian_1923,KIE,uk,49370.2
1970,lithuanian_1923,KIE,be,15921.2
1970,lithuanian_1923,KIE,tut,8903.88
1970,lithuanian_1923,KIE,yi,243103
1970,lithuanian_1923,KIE,de,20841.1
1970,lithuanian_1923,KIE,ru,6987.54
1970,lithuanian_1923,KIE,lt,6617.2
1970,lithuanian_1923,KIE,cs,756.041
1970,lithuanian_1923,KIE,lv,86.5242
1970,lithuanian_1923,KIE,csb,3465.63
1970,lithuanian_1923,KIE,rue,1715.2
1970,lithuanian_1923,KIE,rom,4655.75
1970,lithuanian_1923,KIE,kdr,10.9541
1970,lithuanian_1923,KIE,wym,14.2186
1970,lithuanian_1923,KIE,other,8130.52
1970,lithuanian_1923,LUB,pl,3.08168e+06
1970,lithuanian_1923,LUB,uk,242868
1970,lithuanian_1923,LUB,be,17847.6
1970,lithuanian_1923,LUB,tut,9808.1
1970,lithuanian_1923,LUB,yi,189283
1970,lithuanian_1923,LUB,de,22384.6
1970,lithuanian_1923,LUB,ru,9726.72
1970,lithuanian_1923,LUB,lt,5283.27
1970,lithuanian_1923,LUB,cs,970.94
1970,lithuanian_1923,LUB,lv,67.8333
1970,lithuanian_1923,LUB,csb,2147.59
1970,lithuanian_1923,LUB,rue,1315.7
1970,lithuanian_1923,LUB,rom,3411.96
1970,lithuanian_1923,LUB,kdr,9.51207
1970,lithuanian_1923,LUB,wym,7.79514
1970,lithuanian_1923,LUB,other,983.236
1970,lithuanian_1923,BIA,pl,1.71469e+06
1970,lithuanian_1923,BIA,uk,32668.1
1970,lithuanian_1923,BIA,be,269743
1970,lithuanian_1923,BIA,tut,7549.16
1970,lithuanian_1923,BIA,yi,147369
1970,lithuanian_1923,BIA,de,11391.3
1970,lithuanian_1923,BIA,ru,45279.9
1970,lithuanian_1923,BIA,lt,20849.8
1970,lithuanian_1923,BIA,cs,472.02
1970,lithuanian_1923,BIA,lv,92.3167
1970,lithuanian_1923,BIA,csb,1504.13
1970,lithuanian_1923,BIA,rue,621.067
1970,lithuanian_1923,BIA,rom,1657.01
1970,lithuanian_1923,BIA,kdr,10.0412
1970,lithuanian_1923,BIA,wym,4.40107
1970,lithuanian_1923,BIA,other,1849.45
1970,lithuanian_1923,WIL,pl,1.04934e+06
1970,lithuanian_1923,WIL,uk,12609.4
1970,lithuanian_1923,WIL,be,337726
1970,lithuanian_1923,WIL,tut,9524
1970,lithuanian_1923,WIL,yi,74117.5
1970,lithuanian_1923,WIL,de,3303.27
1970,lithuanian_1923,WIL,ru,48322.1
1970,lithuanian_1923,WIL,lt,73608.9
1970,lithuanian_1923,WIL,cs,231.5
1970,lithuanian_1923,WIL,lv,102.06
1970,lithuanian_1923,WIL,csb,724.591
1970,lithuanian_1923,WIL,rue,298.421
1970,lithuanian_1923,WIL,rom,1264.39
1970,lithuanian_1923,WIL,kdr,266.093
1970,lithuanian_1923,WIL,wym,2.18763
1970,lithuanian_1923,WIL,other,1875.54
1970,lithuanian_1923,NOW,pl,935486
1970,lithuanian_1923,NOW,uk,14882.9
1970,lithuanian_1923,NOW,be,544779
1970,lithuanian_1923,NOW,tut,4024.68
1970,lithuanian_1923,NOW,yi,57720
1970,lithuanian_1923,NOW,de,1612.63
1970,lithuanian_1923,NOW,ru,18037.9
1970,lithuanian_1923,NOW,lt,4063.9
1970,lithuanian_1923,NOW,cs,268.912
1970,lithuanian_1923,NOW,lv,40.8944
1970,lithuanian_1923,NOW,csb,508.498
1970,lithuanian_1923,NOW,rue,270.855
1970,lithuanian_1923,NOW,rom,1302.56
1970,lithuanian_1923,NOW,kdr,4.50884
1970,lithuanian_1923,NOW,wym,1.71622
1970,lithuanian_1923,NOW,other,259.384
1970,lithuanian_1923,POL,pl,828726
1970,lithuanian_1923,POL,uk,114413
1970,lithuanian_1923,POL,be,111406
1970,lithuanian_1923,POL,tut,979684
1970,lithuanian_1923,POL,yi,78261
1970,lithuanian_1923,POL,de,2316.56
1970,lithuanian_1923,POL,ru,23686
1970,lithuanian_1923,POL,lt,2639.99
1970,lithuanian_1923,POL,cs,364.032
1970,lithuanian_1923,POL,lv,34.6975
1970,lithuanian_1923,POL,csb,776.91
1970,lithuanian_1923,POL,rue,420.797
1970,lithuanian_1923,POL,rom,877.467
1970,lithuanian_1923,POL,kdr,4.22726
1970,lithuanian_1923,POL,wym,2.6096
1970,lithuanian_1923,POL,other,1256.39
1970,lithuanian_1923,WOL,pl,796018
1970,lithuanian_1923,WOL,uk,2.27923e+06
1970,lithuanian_1923,WOL,be,11026.5
1970,lithuanian_1923,WOL,tut,5472.31
1970,lithuanian_1923,WOL,yi,140189
1970,lithuanian_1923,WOL,de,45274.8
1970,lithuanian_1923,WOL,ru,31770.1
1970,lithuanian_1923,WOL,lt,2515.71
1970,lithuanian_1923,WOL,cs,38732.1
1970,lithuanian_1923,WOL,lv,33.0013
1970,lithuanian_1923,WOL,csb,850.057
1970,lithuanian_1923,WOL,rue,691.362
1970,lithuanian_1923,WOL,rom,2155.51
1970,lithuanian_1923,WOL,kdr,39.1305
1970,lithuanian_1923,WOL,wym,3.16327
1970,lithuanian_1923,WOL,other,3899.43
1970,lithuanian_1923,POZ,pl,2.42615e+06
1970,lithuanian_1923,POZ,uk,39804.3
1970,lithuanian_1923,POZ,be,14951.9
1970,lithuanian_1923,POZ,tut,8315.93
1970,lithuanian_1923,POZ,yi,33348.7
1970,lithuanian_1923,POZ,de,170658
1970,lithuanian_1923,POZ,ru,3087.83
1970,lithuanian_1923,POZ,lt,6355.55
1970,lithuanian_1923,POZ,cs,659.22
1970,lithuanian_1923,POZ,lv,83.9789
1970,lithuanian_1923,POZ,csb,5240.52
1970,lithuanian_1923,POZ,rue,1195.4
1970,lithuanian_1923,POZ,rom,1587.77
1970,lithuanian_1923,POZ,kdr,10.2235
1970,lithuanian_1923,POZ,wym,9.75003
1970,lithuanian_1923,POZ,other,1313.9
1970,lithuanian_1923,POM,pl,1.31262e+06
1970,lithuanian_1923,POM,uk,31677.4
1970,lithuanian_1923,POM,be,11780.3
1970,lithuanian_1923,POM,tut,6503.24
1970,lithuanian_1923,POM,yi,26218.3
1970,lithuanian_1923,POM,de,103776
1970,lithuanian_1923,POM,ru,2415.71
1970,lithuanian_1923,POM,lt,4935.23
1970,lithuanian_1923,POM,cs,509.021
1970,lithuanian_1923,POM,lv,64.1476
1970,lithuanian_1923,POM,csb,181024
1970,lithuanian_1923,POM,rue,874.599
1970,lithuanian_1923,POM,rom,1177
1970,lithuanian_1923,POM,kdr,7.82193
1970,lithuanian_1923,POM,wym,6.9204
1970,lithuanian_1923,POM,other,2421.88
1970,lithuanian_1923,SLA,pl,1.82657e+06
1970,lithuanian_1923,SLA,uk,62988.3
1970,lithuanian_1923,SLA,be,15958.4
1970,lithuanian_1923,SLA,tut,9246.47
1970,lithuanian_1923,SLA,yi,42962.8
1970,lithuanian_1923,SLA,de,83573.6
1970,lithuanian_1923,SLA,ru,3238.18
1970,lithuanian_1923,SLA,lt,6510.06
1970,lithuanian_1923,SLA,cs,810.908
1970,lithuanian_1923,SLA,lv,84.3323
1970,lithuanian_1923,SLA,csb,3675.7
1970,lithuanian_1923,SLA,rue,2195.71
1970,lithuanian_1923,SLA,rom,1945.05
1970,lithuanian_1923,SLA,kdr,11.3316
1970,lithuanian_1923,SLA,wym,18.4071
1970,lithuanian_1923,SLA,other,3056.39
1970,lithuanian_1923,KRA,pl,2.45259e+06
1970,lithuanian_1923,KRA,uk,45461
1970,lithuanian_1923,KRA,be,11495.4
1970,lithuanian_1923,KRA,tut,6901.01
1970,lithuanian_1923,KRA,yi,108417
1970,lithuanian_1923,KRA,de,14435.7
1970,lithuanian_1923,KRA,ru,2350.35
1970,lithuanian_1923,KRA,lt,4524.37
1970,lithuanian_1923,KRA,cs,607.01
1970,lithuanian_1923,KRA,lv,60.1988
1970,lithuanian_1923,KRA,csb,2187.88
1970,lithuanian_1923,KRA,rue,66728
1970,lithuanian_1923,KRA,rom,6535.5
1970,lithuanian_1923,KRA,kdr,8.2666
1970,lithuanian_1923,KRA,wym,567.814
1970,lithuanian_1923,KRA,other,2517.69
1970,lithuanian_1923,LWO,pl,2.21178e+06
1970,lithuanian_1923,LWO,uk,1.33332e+06
1970,lithuanian_1923,LWO,be,14791.2
1970,lithuanian_1923,LWO,tut,9930.86
1970,lithuanian_1923,LWO,yi,185954
1970,lithuanian_1923,LWO,de,17294.7
1970,lithuanian_1923,LWO,ru,3219.3
1970,lithuanian_1923,LWO,lt,5136.67
1970,lithuanian_1923,LWO,cs,1384.69
1970,lithuanian_1923,LWO,lv,67.7235
1970,lithuanian_1923,LWO,csb,2021.7
1970,lithuanian_1923,LWO,rue,63951.6
1970,lithuanian_1923,LWO,rom,5844.68
1970,lithuanian_1923,LWO,kdr,12.6421
1970,lithuanian_1923,LWO,wym,10.5556
1970,lithuanian_1923,LWO,other,7552.25
1970,lithuanian_1923,STA,pl,478248
1970,lithuanian_1923,STA,uk,1.19053e+06
1970,lithuanian_1923,STA,be,4586.38
1970,lithuanian_1923,STA,tut,3157.74
1970,lithuanian_1923,STA,yi,74466
1970,lithuanian_1923,STA,de,15664.9
1970,lithuanian_1923,STA,ru,1001.86
1970,lithuanian_1923,STA,lt,1562.83
1970,lithuanian_1923,STA,cs,424.105
1970,lithuanian_1923,STA,lv,20.8195
1970,lithuanian_1923,STA,csb,620.205
1970,lithuanian_1923,STA,rue,734.372
1970,lithuanian_1923,STA,rom,2072.69
1970,lithuanian_1923,STA,kdr,66.0641
1970,lithuanian_1923,STA,wym,3.25357
1970,lithuanian_1923,STA,other,4152.83
1970,lithuanian_1923,TAR,pl,835938
1970,lithuanian_1923,TAR,uk,810914
1970,lithuanian_1923,TAR,be,4326.48
1970,lithuanian_1923,TAR,tut,2995.18
1970,lithuanian_1923,TAR,yi,55904.3
1970,lithuanian_1923,TAR,de,4484.8
1970,lithuanian_1923,TAR,ru,958.24
1970,lithuanian_1923,TAR,lt,1480.18
1970,lithuanian_1923,TAR,cs,424.032
1970,lithuanian_1923,TAR,lv,19.8569
1970,lithuanian_1923,TAR,csb,589.182
1970,lithuanian_1923,TAR,rue,699.504
1970,lithuanian_1923,TAR,rom,1170.02
1970,lithuanian_1923,TAR,kdr,3.78437
1970,lithuanian_1923,TAR,wym,3.11663
1970,lithuanian_1923,TAR,other,1387.18
1970,lithuanian_1923,LT_KAU,pl,9961.98
1970,lithuanian_1923,LT_KAU,uk,571.211
1970,lithuanian_1923,LT_KAU,be,765.718
1970,lithuanian_1923,LT_KAU,tut,185.903
1970,lithuanian_1923,LT_KAU,yi,19971
1970,lithuanian_1923,LT_KAU,de,8788.58
1970,lithuanian_1923,LT_KAU,ru,14386.8
1970,lithuanian_1923,LT_KAU,lt,308949
1970,lithuanian_1923,LT_KAU,cs,12.3193
1970,lithuanian_1923,LT_KAU,lv,486.01
1970,lithuanian_1923,LT_KAU,csb,39.7033
1970,lithuanian_1923,LT_KAU,rue,14.8034
1970,lithuanian_1923,LT_KAU,rom,971.476
1970,lithuanian_1923,LT_KAU,kdr,3.74773
1970,lithuanian_1923,LT_KAU,other,2408.73
1970,lithuanian_1923,LT_LAU,pl,10202.3
1970,lithuanian_1923,LT_LAU,uk,367.948
1970,lithuanian_1923,LT_LAU,be,570.963
1970,lithuanian_1923,LT_LAU,tut,122.48
1970,lithuanian_1923,LT_LAU,yi,19249.9
1970,lithuanian_1923,LT_LAU,de,4164.99
1970,lithuanian_1923,LT_LAU,ru,13079.5
1970,lithuanian_1923,LT_LAU,lt,544743
1970,lithuanian_1923,LT_LAU,cs,8.03128
1970,lithuanian_1923,LT_LAU,lv,1524.84
1970,lithuanian_1923,LT_LAU,csb,25.7511
1970,lithuanian_1923,LT_LAU,rue,9.59378
1970,lithuanian_1923,LT_LAU,rom,141.101
1970,lithuanian_1923,LT_LAU,kdr,69.9969
1970,lithuanian_1923,LT_LAU,other,1334.13
1970,lithuanian_1923,LT_ZEM,pl,3679.72
1970,lithuanian_1923,LT_ZEM,uk,448.612
1970,lithuanian_1923,LT_ZEM,be,655.39
1970,lithuanian_1923,LT_ZEM,tut,149.569
1970,lithuanian_1923,LT_ZEM,yi,20447.5
1970,lithuanian_1923,LT_ZEM,de,7485.86
1970,lithuanian_1923,LT_ZEM,ru,8329.72
1970,lithuanian_1923,LT_ZEM,lt,622812
1970,lithuanian_1923,LT_ZEM,cs,9.77441
1970,lithuanian_1923,LT_ZEM,lv,6757.23
1970,lithuanian_1923,LT_ZEM,csb,31.4133
1970,lithuanian_1923,LT_ZEM,rue,11.7262
1970,lithuanian_1923,LT_ZEM,rom,438.727
1970,lithuanian_1923,LT_ZEM,kdr,4.58575
1970,lithuanian_1923,LT_ZEM,other,1599.76
1970,lithuanian_1923,LT_SUV,pl,5120.2
1970,lithuanian_1923,LT_SUV,uk,538.372
1970,lithuanian_1923,LT_SUV,be,2188.84
1970,lithuanian_1923,LT_SUV,tut,178.576
1970,lithuanian_1923,LT_SUV,yi,16029.5
1970,lithuanian_1923,LT_SUV,de,17484.3
1970,lithuanian_1923,LT_SUV,ru,6504.25
1970,lithuanian_1923,LT_SUV,lt,486266
1970,lithuanian_1923,LT_SUV,cs,11.3759
1970,lithuanian_1923,LT_SUV,lv,360.211
1970,lithuanian_1923,LT_SUV,csb,37.0238
1970,lithuanian_1923,LT_SUV,rue,14.1562
1970,lithuanian_1923,LT_SUV,rom,1552.47
1970,lithuanian_1923,LT_SUV,kdr,2.75672
1970,lithuanian_1923,LT_SUV,other,1294.02
1970,lithuanian_1923,LT_NEA,pl,8615.12
1970,lithuanian_1923,LT_NEA,uk,289.18
1970,lithuanian_1923,LT_NEA,be,3469.69
1970,lithuanian_1923,LT_NEA,tut,97.5647
1970,lithuanian_1923,LT_NEA,yi,14358.5
1970,lithuanian_1923,LT_NEA,de,1987.01
1970,lithuanian_1923,LT_NEA,ru,30109.5
1970,lithuanian_1923,LT_NEA,lt,426889
1970,lithuanian_1923,LT_NEA,cs,6.33212
1970,lithuanian_1923,LT_NEA,lv,8163.2
1970,lithuanian_1923,LT_NEA,csb,20.3643
1970,lithuanian_1923,LT_NEA,rue,7.52649
1970,lithuanian_1923,LT_NEA,rom,92.5258
1970,lithuanian_1923,LT_NEA,kdr,3.124
1970,lithuanian_1923,LT_NEA,other,1166.69
1970,lithuanian_1923,LT_KLA,pl,577.606
1970,lithuanian_1923,LT_KLA,uk,198.023
1970,lithuanian_1923,LT_KLA,be,279.055
1970,lithuanian_1923,LT_KLA,tut,63.9025
1970,lithuanian_1923,LT_KLA,yi,3050.31
1970,lithuanian_1923,LT_KLA,de,54403.8
1970,lithuanian_1923,LT_KLA,ru,2326.53
1970,lithuanian_1923,LT_KLA,lt,134124
1970,lithuanian_1923,LT_KLA,cs,4.35447
1970,lithuanian_1923,LT_KLA,lv,284.153
1970,lithuanian_1923,LT_KLA,csb,15.1841
1970,lithuanian_1923,LT_KLA,rue,5.16817
1970,lithuanian_1923,LT_KLA,rom,78.6128
1970,lithuanian_1923,LT_KLA,kdr,2.01052
1970,lithuanian_1923,LT_KLA,other,1170.35
1970,modern_selfid,WAW,pl,1.69429e+06
1970,modern_selfid,WAW,uk,117762
1970,modern_selfid,WAW,be,34850
1970,modern_selfid,WAW,tut,4917.23
1970,modern_selfid,WAW,yi,207316
1970,modern_selfid,WAW,de,16642.7
1970,modern_selfid,WAW,ru,9178.12
1970,modern_selfid,WAW,lt,14252.7
1970,modern_selfid,WAW,cs,1210.06
1970,modern_selfid,WAW,lv,165.964
1970,modern_selfid,WAW,csb,4130.17
1970,modern_selfid,WAW,rue,1700.57
1970,modern_selfid,WAW,rom,1743.74
1970,modern_selfid,WAW,kdr,15.9333
1970,modern_selfid,WAW,wym,11.1779
1970,modern_selfid,WAW,other,2745.45
1970,modern_selfid,WAR,pl,2.87336e+06
1970,modern_selfid,WAR,uk,35512.3
1970,modern_selfid,WAR,be,11975.6
1970,modern_selfid,WAR,tut,1811.49
1970,modern_selfid,WAR,yi,144736
1970,modern_selfid,WAR,de,44960
1970,modern_selfid,WAR,ru,9995.27
1970,modern_selfid,WAR,lt,5384.17
1970,modern_selfid,WAR,cs,508.515
1970,modern_selfid,WAR,lv,67.4852
1970,modern_selfid,WAR,csb,3209.39
1970,modern_selfid,WAR,rue,736.666
1970,modern_selfid,WAR,rom,3087.73
1970,modern_selfid,WAR,kdr,6.55823
1970,modern_selfid,WAR,wym,5.25612
1970,modern_selfid,WAR,other,8216.81
1970,modern_selfid,LOD,pl,3.02136e+06
1970,modern_selfid,LOD,uk,59020.8
1970,modern_selfid,LOD,be,21350.8
1970,modern_selfid,LOD,tut,3214.75
1970,modern_selfid,LOD,yi,231935
1970,modern_selfid,LOD,de,118152
1970,modern_selfid,LOD,ru,6434.27
1970,modern_selfid,LOD,lt,9722.63
1970,modern_selfid,LOD,cs,905.877
1970,modern_selfid,LOD,lv,121.07
1970,modern_selfid,LOD,csb,4217.07
1970,modern_selfid,LOD,rue,1403.7
1970,modern_selfid,LOD,rom,2721.48
1970,modern_selfid,LOD,kdr,11.9758
1970,modern_selfid,LOD,wym,10.4897
1970,modern_selfid,LOD,other,11193.3
1970,modern_selfid,KIE,pl,3.66503e+06
1970,modern_selfid,KIE,uk,46750.1
1970,modern_selfid,KIE,be,14828.3
1970,modern_selfid,KIE,tut,2225.97
1970,modern_selfid,KIE,yi,218108
1970,modern_selfid,KIE,de,18731.2
1970,modern_selfid,KIE,ru,6283.06
1970,modern_selfid,KIE,lt,6617.2
1970,modern_selfid,KIE,cs,682.898
1970,modern_selfid,KIE,lv,82.1396
1970,modern_selfid,KIE,csb,2626.8
1970,modern_selfid,KIE,rue,1352.85
1970,modern_selfid,KIE,rom,3698.21
1970,modern_selfid,KIE,kdr,8.39619
1970,modern_selfid,KIE,wym,10.4779
1970,modern_selfid,KIE,other,8130.52
1970,modern_selfid,LUB,pl,3.13335e+06
1970,modern_selfid,LUB,uk,223326
1970,modern_selfid,LUB,be,16681.3
1970,modern_selfid,LUB,tut,2452.02
1970,modern_selfid,LUB,yi,170326
1970,modern_selfid,LUB,de,20221.5
1970,modern_selfid,LUB,ru,8787.26
1970,modern_selfid,LUB,lt,5283.27
1970,modern_selfid,LUB,cs,879.036
1970,modern_selfid,LUB,lv,64.5124
1970,modern_selfid,LUB,csb,1641.12
1970,modern_selfid,LUB,rue,1041.41
1970,modern_selfid,LUB,rom,2750.33
1970,modern_selfid,LUB,kdr,7.30873
1970,modern_selfid,LUB,wym,5.77303
1970,modern_selfid,LUB,other,983.236
1970,modern_selfid,BIA,pl,1.79317e+06
1970,modern_selfid,BIA,uk,31420.6
1970,modern_selfid,BIA,be,219543
1970,modern_selfid,BIA,tut,1887.29
1970,modern_selfid,BIA,yi,132468
1970,modern_selfid,BIA,de,10278.8
1970,modern_selfid,BIA,ru,40803.4
1970,modern_selfid,BIA,lt,20849.8
1970,modern_selfid,BIA,cs,426.653
1970,modern_selfid,BIA,lv,87.6329
1970,modern_selfid,BIA,csb,1143.32
1970,modern_selfid,BIA,rue,490.67
1970,modern_selfid,BIA,rom,1321.43
1970,modern_selfid,BIA,kdr,7.70951
1970,modern_selfid,BIA,wym,3.25098
1970,modern_selfid,BIA,other,1849.45
1970,modern_selfid,WIL,pl,1.13126e+06
1970,modern_selfid,WIL,uk,13766.6
1970,modern_selfid,WIL,be,275037
1970,modern_selfid,WIL,tut,2381
1970,modern_selfid,WIL,yi,66568.5
1970,modern_selfid,WIL,de,2986.8
1970,modern_selfid,WIL,ru,43533.3
1970,modern_selfid,WIL,lt,73608.9
1970,modern_selfid,WIL,cs,209.266
1970,modern_selfid,WIL,lv,96.7542
1970,modern_selfid,WIL,csb,550.442
1970,modern_selfid,WIL,rue,235.737
1970,modern_selfid,WIL,rom,1008.43
1970,modern_selfid,WIL,kdr,202.339
1970,modern_selfid,WIL,wym,1.61644
1970,modern_selfid,WIL,other,1875.54
1970,modern_selfid,NOW,pl,1.04386e+06
1970,modern_selfid,NOW,uk,14478.9
1970,modern_selfid,NOW,be,447686
1970,modern_selfid,NOW,tut,1006.17
1970,modern_selfid,NOW,yi,52145.2
1970,modern_selfid,NOW,de,1456.18
1970,modern_selfid,NOW,ru,16361.7
1970,modern_selfid,NOW,lt,4063.9
1970,modern_selfid,NOW,cs,243.761
1970,modern_selfid,NOW,lv,38.9099
1970,modern_selfid,NOW,csb,389.394
1970,modern_selfid,NOW,rue,215.142
1970,modern_selfid,NOW,rom,1054.18
1970,modern_selfid,NOW,kdr,3.47352
1970,modern_selfid,NOW,wym,1.27385
1970,modern_selfid,NOW,other,259.384
1970,modern_selfid,POL,pl,1.11333e+06
1970,modern_selfid,POL,uk,349774
1970,modern_selfid,POL,be,336616
1970,modern_selfid,POL,tut,244921
1970,modern_selfid,POL,yi,70693.3
1970,modern_selfid,POL,de,2092.31
1970,modern_selfid,POL,ru,21532.2
1970,modern_selfid,POL,lt,2639.99
1970,modern_selfid,POL,cs,330.836
1970,modern_selfid,POL,lv,33.1385
1970,modern_selfid,POL,csb,598.595
1970,modern_selfid,POL,rue,336.361
1970,modern_selfid,POL,rom,713.779
1970,modern_selfid,POL,kdr,3.28327
1970,modern_selfid,POL,wym,1.94722
1970,modern_selfid,POL,other,1256.39
1970,modern_selfid,WOL,pl,1.00742e+06
1970,modern_selfid,WOL,uk,2.09699e+06
1970,modern_selfid,WOL,be,10265.9
1970,modern_selfid,WOL,tut,1368.08
1970,modern_selfid,WOL,yi,126741
1970,modern_selfid,WOL,de,41271
1970,modern_selfid,WOL,ru,28876.5
1970,modern_selfid,WOL,lt,2515.71
1970,modern_selfid,WOL,cs,35521.9
1970,modern_selfid,WOL,lv,31.5568
1970,modern_selfid,WOL,csb,654.478
1970,modern_selfid,WOL,rue,552.954
1970,modern_selfid,WOL,rom,1758.83
1970,modern_selfid,WOL,kdr,30.4101
1970,modern_selfid,WOL,wym,2.35867
1970,modern_selfid,WOL,other,3899.43
1970,modern_selfid,POZ,pl,2.45887e+06
1970,modern_selfid,POZ,uk,37891.9
1970,modern_selfid,POZ,be,13839.2
1970,modern_selfid,POZ,tut,2078.98
1970,modern_selfid,POZ,yi,29782.3
1970,modern_selfid,POZ,de,153053
1970,modern_selfid,POZ,ru,2766.47
1970,modern_selfid,POZ,lt,6355.55
1970,modern_selfid,POZ,cs,593.996
1970,modern_selfid,POZ,lv,79.6734
1970,modern_selfid,POZ,csb,3947.68
1970,modern_selfid,POZ,rue,938.461
1970,modern_selfid,POZ,rom,1244.9
1970,modern_selfid,POZ,kdr,7.81599
1970,modern_selfid,POZ,wym,7.16616
1970,modern_selfid,POZ,other,1313.9
1970,modern_selfid,POM,pl,1.37748e+06
1970,modern_selfid,POM,uk,30148.3
1970,modern_selfid,POM,be,10905.7
1970,modern_selfid,POM,tut,1625.81
1970,modern_selfid,POM,yi,23445.8
1970,modern_selfid,POM,de,93161.5
1970,modern_selfid,POM,ru,2165.93
1970,modern_selfid,POM,lt,4935.23
1970,modern_selfid,POM,cs,458.984
1970,modern_selfid,POM,lv,60.889
1970,modern_selfid,POM,csb,137585
1970,modern_selfid,POM,rue,687.722
1970,modern_selfid,POM,rom,925.026
1970,modern_selfid,POM,kdr,5.98625
1970,modern_selfid,POM,wym,5.09142
1970,modern_selfid,POM,other,2421.88
1970,modern_selfid,SLA,pl,1.8547e+06
1970,modern_selfid,SLA,uk,58921
1970,modern_selfid,SLA,be,14850.8
1970,modern_selfid,SLA,tut,2311.62
1970,modern_selfid,SLA,yi,38366.6
1970,modern_selfid,SLA,de,74377.3
1970,modern_selfid,SLA,ru,2899.14
1970,modern_selfid,SLA,lt,6510.06
1970,modern_selfid,SLA,cs,730.686
1970,modern_selfid,SLA,lv,80.0448
1970,modern_selfid,SLA,csb,2772.83
1970,modern_selfid,SLA,rue,1721.4
1970,modern_selfid,SLA,rom,1524.91
1970,modern_selfid,SLA,kdr,8.64047
1970,modern_selfid,SLA,wym,13.5172
1970,modern_selfid,SLA,other,3056.39
1970,modern_selfid,KRA,pl,2.48987e+06
1970,modern_selfid,KRA,uk,42625.4
1970,modern_selfid,KRA,be,10781.4
1970,modern_selfid,KRA,tut,1725.25
1970,modern_selfid,KRA,yi,97012.5
1970,modern_selfid,KRA,de,12932.3
1970,modern_selfid,KRA,ru,2107.02
1970,modern_selfid,KRA,lt,4524.37
1970,modern_selfid,KRA,cs,547.337
1970,modern_selfid,KRA,lv,57.1367
1970,modern_selfid,KRA,csb,1653.5
1970,modern_selfid,KRA,rue,53458.6
1970,modern_selfid,KRA,rom,5144.14
1970,modern_selfid,KRA,kdr,6.31555
1970,modern_selfid,KRA,wym,417.949
1970,modern_selfid,KRA,other,2517.69
1970,modern_selfid,LWO,pl,2.3831e+06
1970,modern_selfid,LWO,uk,1.20596e+06
1970,modern_selfid,LWO,be,14151.6
1970,modern_selfid,LWO,tut,2482.71
1970,modern_selfid,LWO,yi,166650
1970,modern_selfid,LWO,de,15547.7
1970,modern_selfid,LWO,ru,2886.39
1970,modern_selfid,LWO,lt,5136.67
1970,modern_selfid,LWO,cs,1249.46
1970,modern_selfid,LWO,lv,64.5057
1970,modern_selfid,LWO,csb,1533.07
1970,modern_selfid,LWO,rue,51327
1970,modern_selfid,LWO,rom,4617.15
1970,modern_selfid,LWO,kdr,9.65643
1970,modern_selfid,LWO,wym,7.77881
1970,modern_selfid,LWO,other,7552.25
1970,modern_selfid,STA,pl,600822
1970,modern_selfid,STA,uk,1.08041e+06
1970,modern_selfid,STA,be,4428.53
1970,modern_selfid,STA,tut,789.435
1970,modern_selfid,STA,yi,66940.4
1970,modern_selfid,STA,de,14144.5
1970,modern_selfid,STA,ru,900.788
1970,modern_selfid,STA,lt,1562.83
1970,modern_selfid,STA,cs,383.602
1970,modern_selfid,STA,lv,19.8963
1970,modern_selfid,STA,csb,471.716
1970,modern_selfid,STA,rue,581.487
1970,modern_selfid,STA,rom,1648.03
1970,modern_selfid,STA,kdr,50.1195
1970,modern_selfid,STA,wym,2.40344
1970,modern_selfid,STA,other,4152.83
1970,modern_selfid,TAR,pl,921764
1970,modern_selfid,TAR,uk,734312
1970,modern_selfid,TAR,be,4170.5
1970,modern_selfid,TAR,tut,748.795
1970,modern_selfid,TAR,yi,50203.6
1970,modern_selfid,TAR,de,4037.46
1970,modern_selfid,TAR,ru,860.193
1970,modern_selfid,TAR,lt,1480.18
1970,modern_selfid,TAR,cs,383.218
1970,modern_selfid,TAR,lv,18.9417
1970,modern_selfid,TAR,csb,447.688
1970,modern_selfid,TAR,rue,552.586
1970,modern_selfid,TAR,rom,926.369
1970,modern_selfid,TAR,kdr,2.89165
1970,modern_selfid,TAR,wym,2.29883
1970,modern_selfid,TAR,other,1387.18
1970,modern_selfid,LT_KAU,pl,22519.7
1970,modern_selfid,LT_KAU,uk,587.804
1970,modern_selfid,LT_KAU,be,701.036
1970,modern_selfid,LT_KAU,tut,46.4757
1970,modern_selfid,LT_KAU,yi,17773
1970,modern_selfid,LT_KAU,de,7891.92
1970,modern_selfid,LT_KAU,ru,12847.5
1970,modern_selfid,LT_KAU,lt,301481
1970,modern_selfid,LT_KAU,cs,11.7105
1970,modern_selfid,LT_KAU,lv,434.585
1970,modern_selfid,LT_KAU,csb,35.6367
1970,modern_selfid,LT_KAU,rue,13.2953
1970,modern_selfid,LT_KAU,rom,761.714
1970,modern_selfid,LT_KAU,kdr,2.90434
1970,modern_selfid,LT_KAU,other,2408.73
1970,modern_selfid,LT_LAU,pl,25051.3
1970,modern_selfid,LT_LAU,uk,379.371
1970,modern_selfid,LT_LAU,be,513.17
1970,modern_selfid,LT_LAU,tut,30.62
1970,modern_selfid,LT_LAU,yi,17181.2
1970,modern_selfid,LT_LAU,de,3747.85
1970,modern_selfid,LT_LAU,ru,11743.2
1970,modern_selfid,LT_LAU,lt,534062
1970,modern_selfid,LT_LAU,cs,7.63329
1970,modern_selfid,LT_LAU,lv,1367.4
1970,modern_selfid,LT_LAU,csb,23.0869
1970,modern_selfid,LT_LAU,rue,8.61659
1970,modern_selfid,LT_LAU,rom,111.511
1970,modern_selfid,LT_LAU,kdr,53.3489
1970,modern_selfid,LT_LAU,other,1334.13
1970,modern_selfid,LT_ZEM,pl,8849.7
1970,modern_selfid,LT_ZEM,uk,462.454
1970,modern_selfid,LT_ZEM,be,594.193
1970,modern_selfid,LT_ZEM,tut,37.3922
1970,modern_selfid,LT_ZEM,yi,18253
1970,modern_selfid,LT_ZEM,de,6738.47
1970,modern_selfid,LT_ZEM,ru,7475.9
1970,modern_selfid,LT_ZEM,lt,622384
1970,modern_selfid,LT_ZEM,cs,9.28817
1970,modern_selfid,LT_ZEM,lv,6067.66
1970,modern_selfid,LT_ZEM,csb,28.1518
1970,modern_selfid,LT_ZEM,rue,10.526
1970,modern_selfid,LT_ZEM,rom,347.159
1970,modern_selfid,LT_ZEM,kdr,3.52984
1970,modern_selfid,LT_ZEM,other,1599.76
1970,modern_selfid,LT_SUV,pl,12356.8
1970,modern_selfid,LT_SUV,uk,555.068
1970,modern_selfid,LT_SUV,be,1791.62
1970,modern_selfid,LT_SUV,tut,44.6439
1970,modern_selfid,LT_SUV,yi,14328.4
1970,modern_selfid,LT_SUV,de,15758.8
1970,modern_selfid,LT_SUV,ru,5835.8
1970,modern_selfid,LT_SUV,lt,484009
1970,modern_selfid,LT_SUV,cs,10.8194
1970,modern_selfid,LT_SUV,lv,322.298
1970,modern_selfid,LT_SUV,csb,33.2354
1970,modern_selfid,LT_SUV,rue,12.7228
1970,modern_selfid,LT_SUV,rom,1226.87
1970,modern_selfid,LT_SUV,kdr,2.13993
1970,modern_selfid,LT_SUV,other,1294.02
1970,modern_selfid,LT_NEA,pl,21172.4
1970,modern_selfid,LT_NEA,uk,298.476
1970,modern_selfid,LT_NEA,be,2758.36
1970,modern_selfid,LT_NEA,tut,24.3912
1970,modern_selfid,LT_NEA,yi,12843.5
1970,modern_selfid,LT_NEA,de,1788.4
1970,modern_selfid,LT_NEA,ru,27092.6
1970,modern_selfid,LT_NEA,lt,420685
1970,modern_selfid,LT_NEA,cs,6.02037
1970,modern_selfid,LT_NEA,lv,7338.68
1970,modern_selfid,LT_NEA,csb,18.2734
1970,modern_selfid,LT_NEA,rue,6.75845
1970,modern_selfid,LT_NEA,rom,73.4857
1970,modern_selfid,LT_NEA,kdr,2.40649
1970,modern_selfid,LT_NEA,other,1166.69
1970,modern_selfid,LT_KLA,pl,1320.12
1970,modern_selfid,LT_KLA,uk,204.217
1970,modern_selfid,LT_KLA,be,253.847
1970,modern_selfid,LT_KLA,tut,15.9756
1970,modern_selfid,LT_KLA,yi,2722.13
1970,modern_selfid,LT_KLA,de,48980.8
1970,modern_selfid,LT_KLA,ru,2079.14
1970,modern_selfid,LT_KLA,lt,139496
1970,modern_selfid,LT_KLA,cs,4.14842
1970,modern_selfid,LT_KLA,lv,254.172
1970,modern_selfid,LT_KLA,csb,13.7291
1970,modern_selfid,LT_KLA,rue,4.66986
1970,modern_selfid,LT_KLA,rom,62.1163
1970,modern_selfid,LT_KLA,kdr,1.54796
1970,modern_selfid,LT_KLA,other,1170.35
1970,polish_1931,WAW,pl,1.66966e+06
1970,polish_1931,WAW,uk,95923.6
1970,polish_1931,WAW,ruth,23217.1
1970,polish_1931,WAW,be,27174.2
1970,polish_1931,WAW,tut,16915.3
1970,polish_1931,WAW,yi,216735
1970,polish_1931,WAW,he,17087.8
1970,polish_1931,WAW,de,16752.9
1970,polish_1931,WAW,ru,10758
1970,polish_1931,WAW,lt,12080.5
1970,polish_1931,WAW,cs,1345
1970,polish_1931,WAW,lv,175.026
1970,polish_1931,WAW,other,3101.44
1970,polish_1931,WAR,pl,2.86037e+06
1970,polish_1931,WAR,uk,28690.2
1970,polish_1931,WAR,ruth,7129.54
1970,polish_1931,WAR,be,9237.68
1970,polish_1931,WAR,tut,6231.51
1970,polish_1931,WAR,yi,150970
1970,polish_1931,WAR,he,10465.1
1970,polish_1931,WAR,de,45955.5
1970,polish_1931,WAR,ru,10514.6
1970,polish_1931,WAR,lt,4569.54
1970,polish_1931,WAR,cs,563.378
1970,polish_1931,WAR,lv,71.1311
1970,polish_1931,WAR,other,8810.13
1970,polish_1931,LOD,pl,2.99456e+06
1970,polish_1931,LOD,uk,47556.7
1970,polish_1931,LOD,ruth,12093.8
1970,polish_1931,LOD,be,16474.6
1970,polish_1931,LOD,tut,11058.8
1970,polish_1931,LOD,yi,242842
1970,polish_1931,LOD,he,17116.9
1970,polish_1931,LOD,de,121621
1970,polish_1931,LOD,ru,7348.33
1970,polish_1931,LOD,lt,8245.67
1970,polish_1931,LOD,cs,1004.65
1970,polish_1931,LOD,lv,127.667
1970,polish_1931,LOD,other,11727.8
1970,polish_1931,KIE,pl,3.64418e+06
1970,polish_1931,KIE,uk,37355.7
1970,polish_1931,KIE,ruth,10364.2
1970,polish_1931,KIE,be,11448.8
1970,polish_1931,KIE,tut,7657.34
1970,polish_1931,KIE,yi,227308
1970,polish_1931,KIE,he,15794.4
1970,polish_1931,KIE,de,18867.8
1970,polish_1931,KIE,ru,6887.47
1970,polish_1931,KIE,lt,5617.44
1970,polish_1931,KIE,cs,756.041
1970,polish_1931,KIE,lv,86.5242
1970,polish_1931,KIE,other,8839.84
1970,polish_1931,LUB,pl,3.11348e+06
1970,polish_1931,LUB,uk,196777
1970,polish_1931,LUB,ruth,30356.5
1970,polish_1931,LUB,be,12524.8
1970,polish_1931,LUB,tut,8434.97
1970,polish_1931,LUB,yi,176896
1970,polish_1931,LUB,he,12387
1970,polish_1931,LUB,de,20512.1
1970,polish_1931,LUB,ru,9389.7
1970,polish_1931,LUB,lt,4499.88
1970,polish_1931,LUB,cs,970.94
1970,polish_1931,LUB,lv,67.8333
1970,polish_1931,LUB,other,1504.54
1970,polish_1931,BIA,pl,1.79638e+06
1970,polish_1931,BIA,uk,26282.7
1970,polish_1931,BIA,ruth,4906.45
1970,polish_1931,BIA,be,193274
1970,polish_1931,BIA,tut,6492.28
1970,polish_1931,BIA,yi,137646
1970,polish_1931,BIA,he,9723.02
1970,polish_1931,BIA,de,10429.8
1970,polish_1931,BIA,ru,50662.3
1970,polish_1931,BIA,lt,17275
1970,polish_1931,BIA,cs,472.02
1970,polish_1931,BIA,lv,92.3167
1970,polish_1931,BIA,other,2108.04
1970,polish_1931,WIL,pl,1.16149e+06
1970,polish_1931,WIL,uk,10168.4
1970,polish_1931,WIL,ruth,2185.19
1970,polish_1931,WIL,be,235597
1970,polish_1931,WIL,tut,8190.64
1970,polish_1931,WIL,yi,69109.1
1970,polish_1931,WIL,he,5008.49
1970,polish_1931,WIL,de,3009.04
1970,polish_1931,WIL,ru,55426.6
1970,polish_1931,WIL,lt,60470.3
1970,polish_1931,WIL,cs,231.5
1970,polish_1931,WIL,lv,102.06
1970,polish_1931,WIL,other,2331.29
1970,polish_1931,NOW,pl,1.06224e+06
1970,polish_1931,NOW,uk,11867.2
1970,polish_1931,NOW,ruth,2356.27
1970,polish_1931,NOW,be,403749
1970,polish_1931,NOW,tut,3461.22
1970,polish_1931,NOW,yi,53818.2
1970,polish_1931,NOW,he,3901.73
1970,polish_1931,NOW,de,1453.14
1970,polish_1931,NOW,ru,36215.7
1970,polish_1931,NOW,lt,3430.82
1970,polish_1931,NOW,cs,268.912
1970,polish_1931,NOW,lv,40.8944
1970,polish_1931,NOW,other,459.277
1970,polish_1931,POL,pl,924809
1970,polish_1931,POL,uk,140074
1970,polish_1931,POL,ruth,5852.7
1970,polish_1931,POL,be,121845
1970,polish_1931,POL,tut,842528
1970,polish_1931,POL,yi,73077.8
1970,polish_1931,POL,he,5183.15
1970,polish_1931,POL,de,2084.6
1970,polish_1931,POL,ru,25363
1970,polish_1931,POL,lt,2259.97
1970,polish_1931,POL,cs,364.032
1970,polish_1931,POL,lv,34.6975
1970,polish_1931,POL,other,1392.24
1970,polish_1931,WOL,pl,969199
1970,polish_1931,WOL,uk,2.07551e+06
1970,polish_1931,WOL,ruth,44110.3
1970,polish_1931,WOL,be,8080.72
1970,polish_1931,WOL,tut,4706.19
1970,polish_1931,WOL,yi,130920
1970,polish_1931,WOL,he,9269.1
1970,polish_1931,WOL,de,41923
1970,polish_1931,WOL,ru,28996.6
1970,polish_1931,WOL,lt,2155.53
1970,polish_1931,WOL,cs,38732.1
1970,polish_1931,WOL,lv,33.0013
1970,polish_1931,WOL,other,4261.88
1970,polish_1931,POZ,pl,2.4555e+06
1970,polish_1931,POZ,uk,30554.1
1970,polish_1931,POZ,ruth,7779.73
1970,polish_1931,POZ,be,10681.9
1970,polish_1931,POZ,tut,7151.7
1970,polish_1931,POZ,yi,30915.8
1970,polish_1931,POZ,he,2432.97
1970,polish_1931,POZ,de,156724
1970,polish_1931,POZ,ru,3347.11
1970,polish_1931,POZ,lt,5387.05
1970,polish_1931,POZ,cs,659.22
1970,polish_1931,POZ,lv,83.9789
1970,polish_1931,POZ,other,1562.29
1970,polish_1931,POM,pl,1.51011e+06
1970,polish_1931,POM,uk,24334.5
1970,polish_1931,POM,ruth,6100.33
1970,polish_1931,POM,be,8427.11
1970,polish_1931,POM,tut,5592.79
1970,polish_1931,POM,yi,24326.1
1970,polish_1931,POM,he,1892.17
1970,polish_1931,POM,de,95241
1970,polish_1931,POM,ru,2620.59
1970,polish_1931,POM,lt,4187.37
1970,polish_1931,POM,cs,509.021
1970,polish_1931,POM,lv,64.1476
1970,polish_1931,POM,other,2606.25
1970,polish_1931,SLA,pl,1.86089e+06
1970,polish_1931,SLA,uk,46494.5
1970,polish_1931,SLA,ruth,14251.3
1970,polish_1931,SLA,be,11411.6
1970,polish_1931,SLA,tut,7951.96
1970,polish_1931,SLA,yi,39852.8
1970,polish_1931,SLA,he,3110.03
1970,polish_1931,SLA,de,65582.1
1970,polish_1931,SLA,ru,3522.33
1970,polish_1931,SLA,lt,5523.25
1970,polish_1931,SLA,cs,810.908
1970,polish_1931,SLA,lv,84.3323
1970,polish_1931,SLA,other,3359.48
1970,polish_1931,KRA,pl,2.47401e+06
1970,polish_1931,KRA,uk,39892.1
1970,polish_1931,KRA,ruth,65853.7
1970,polish_1931,KRA,be,8260.04
1970,polish_1931,KRA,tut,5934.87
1970,polish_1931,KRA,yi,101507
1970,polish_1931,KRA,he,6909.86
1970,polish_1931,KRA,de,12451.4
1970,polish_1931,KRA,ru,2551.98
1970,polish_1931,KRA,lt,3838.69
1970,polish_1931,KRA,cs,607.01
1970,polish_1931,KRA,lv,60.1988
1970,polish_1931,KRA,other,3506.28
1970,polish_1931,LWO,pl,2.32958e+06
1970,polish_1931,LWO,uk,792599
1970,polish_1931,LWO,ruth,501884
1970,polish_1931,LWO,be,10708.7
1970,polish_1931,LWO,tut,8540.54
1970,polish_1931,LWO,yi,173932
1970,polish_1931,LWO,he,12022.4
1970,polish_1931,LWO,de,15271.7
1970,polish_1931,LWO,ru,3459.79
1970,polish_1931,LWO,lt,4374.65
1970,polish_1931,LWO,cs,1384.69
1970,polish_1931,LWO,lv,67.7235
1970,polish_1931,LWO,other,8441.59
1970,polish_1931,STA,pl,571529
1970,polish_1931,STA,uk,680113
1970,polish_1931,STA,ruth,423940
1970,polish_1931,STA,be,3341.17
1970,polish_1931,STA,tut,2715.66
1970,polish_1931,STA,yi,69666
1970,polish_1931,STA,he,4800.04
1970,polish_1931,STA,de,13819.1
1970,polish_1931,STA,ru,1074.32
1970,polish_1931,STA,lt,1335.47
1970,polish_1931,STA,cs,424.105
1970,polish_1931,STA,lv,20.8195
1970,polish_1931,STA,other,4529.79
1970,polish_1931,TAR,pl,899944
1970,polish_1931,TAR,uk,466773
1970,polish_1931,TAR,ruth,284688
1970,polish_1931,TAR,be,3143.9
1970,polish_1931,TAR,tut,2575.85
1970,polish_1931,TAR,yi,52283.9
1970,polish_1931,TAR,he,3620.4
1970,polish_1931,TAR,de,3969.28
1970,polish_1931,TAR,ru,1026.27
1970,polish_1931,TAR,lt,1262.82
1970,polish_1931,TAR,cs,424.032
1970,polish_1931,TAR,lv,19.8569
1970,polish_1931,TAR,other,1566.46
1970,polish_1931,LT_KAU,pl,99661.6
1970,polish_1931,LT_KAU,uk,454.534
1970,polish_1931,LT_KAU,ruth,101.87
1970,polish_1931,LT_KAU,be,482.752
1970,polish_1931,LT_KAU,tut,159.876
1970,polish_1931,LT_KAU,yi,17629.9
1970,polish_1931,LT_KAU,he,2341.09
1970,polish_1931,LT_KAU,de,8334.91
1970,polish_1931,LT_KAU,ru,12965.9
1970,polish_1931,LT_KAU,lt,222329
1970,polish_1931,LT_KAU,cs,12.3193
1970,polish_1931,LT_KAU,lv,486.01
1970,polish_1931,LT_KAU,other,2558.2
1970,polish_1931,LT_LAU,pl,159442
1970,polish_1931,LT_LAU,uk,293.104
1970,polish_1931,LT_LAU,ruth,65.4651
1970,polish_1931,LT_LAU,be,328.658
1970,polish_1931,LT_LAU,tut,105.333
1970,polish_1931,LT_LAU,yi,16982.2
1970,polish_1931,LT_LAU,he,2267.72
1970,polish_1931,LT_LAU,de,3945.66
1970,polish_1931,LT_LAU,ru,11783.3
1970,polish_1931,LT_LAU,lt,397443
1970,polish_1931,LT_LAU,cs,8.03128
1970,polish_1931,LT_LAU,lv,1524.84
1970,polish_1931,LT_LAU,other,1425.29
1970,polish_1931,LT_ZEM,pl,165150
1970,polish_1931,LT_ZEM,uk,357.025
1970,polish_1931,LT_ZEM,ruth,80.1836
1970,polish_1931,LT_ZEM,be,394.153
1970,polish_1931,LT_ZEM,tut,128.629
1970,polish_1931,LT_ZEM,yi,18042.6
1970,polish_1931,LT_ZEM,he,2404.91
1970,polish_1931,LT_ZEM,de,7096.03
1970,polish_1931,LT_ZEM,ru,7511.02
1970,polish_1931,LT_ZEM,lt,463259
1970,polish_1931,LT_ZEM,cs,9.77441
1970,polish_1931,LT_ZEM,lv,6757.23
1970,polish_1931,LT_ZEM,other,1670.16
1970,polish_1931,LT_SUV,pl,136565
1970,polish_1931,LT_SUV,uk,427.123
1970,polish_1931,LT_SUV,ruth,97.7274
1970,polish_1931,LT_SUV,be,635.348
1970,polish_1931,LT_SUV,tut,153.575
1970,polish_1931,LT_SUV,yi,14155.4
1970,polish_1931,LT_SUV,he,1874.13
1970,polish_1931,LT_SUV,de,16598.3
1970,polish_1931,LT_SUV,ru,5868.5
1970,polish_1931,LT_SUV,lt,359306
1970,polish_1931,LT_SUV,cs,11.3759
1970,polish_1931,LT_SUV,lv,360.211
1970,polish_1931,LT_SUV,other,1529.65
1970,polish_1931,LT_NEA,pl,130701
1970,polish_1931,LT_NEA,uk,230.412
1970,polish_1931,LT_NEA,ruth,51.43
1970,polish_1931,LT_NEA,be,739.927
1970,polish_1931,LT_NEA,tut,83.9056
1970,polish_1931,LT_NEA,yi,12667.8
1970,polish_1931,LT_NEA,he,1690.68
1970,polish_1931,LT_NEA,de,1880.81
1970,polish_1931,LT_NEA,ru,27108.8
1970,polish_1931,LT_NEA,lt,310767
1970,polish_1931,LT_NEA,cs,6.33212
1970,polish_1931,LT_NEA,lv,8163.2
1970,polish_1931,LT_NEA,other,1183.69
1970,polish_1931,LT_KLA,pl,38092.6
1970,polish_1931,LT_KLA,uk,157.754
1970,polish_1931,LT_KLA,ruth,35.2398
1970,polish_1931,LT_KLA,be,167.538
1970,polish_1931,LT_KLA,tut,54.9562
1970,polish_1931,LT_KLA,yi,2696.43
1970,polish_1931,LT_KLA,he,353.878
1970,polish_1931,LT_KLA,de,51404
1970,polish_1931,LT_KLA,ru,2099.83
1970,polish_1931,LT_KLA,lt,100048
1970,polish_1931,LT_KLA,cs,4.35447
1970,polish_1931,LT_KLA,lv,284.153
1970,polish_1931,LT_KLA,other,1184.15
1980,imperial_1897,WAW,pl,1.67663e+06
1980,imperial_1897,WAW,uk,202909
1980,imperial_1897,WAW,be,77227.8
1980,imperial_1897,WAW,yi,324088
1980,imperial_1897,WAW,de,21419.7
1980,imperial_1897,WAW,ru,19636.6
1980,imperial_1897,WAW,lt,18401.2
1980,imperial_1897,WAW,cs,1682.81
1980,imperial_1897,WAW,lv,216.949
1980,imperial_1897,WAW,other,5725.44
1980,imperial_1897,WAR,pl,2.76903e+06
1980,imperial_1897,WAR,uk,62704.5
1980,imperial_1897,WAR,be,28043.5
1980,imperial_1897,WAR,yi,209154
1980,imperial_1897,WAR,de,47924
1980,imperial_1897,WAR,ru,14947.9
1980,imperial_1897,WAR,lt,6914.19
1980,imperial_1897,WAR,cs,707.355
1980,imperial_1897,WAR,lv,88.5831
1980,imperial_1897,WAR,other,11232.5
1980,imperial_1897,LOD,pl,2.92711e+06
1980,imperial_1897,LOD,uk,107138
1980,imperial_1897,LOD,be,49409.6
1980,imperial_1897,LOD,yi,339175
1980,imperial_1897,LOD,de,122893
1980,imperial_1897,LOD,ru,14080.5
1980,imperial_1897,LOD,lt,12452.5
1980,imperial_1897,LOD,cs,1252.2
1980,imperial_1897,LOD,lv,157.953
1980,imperial_1897,LOD,other,13560.8
1980,imperial_1897,KIE,pl,3.60081e+06
1980,imperial_1897,KIE,uk,85330.6
1980,imperial_1897,KIE,be,34991.5
1980,imperial_1897,KIE,yi,312523
1980,imperial_1897,KIE,de,21978.3
1980,imperial_1897,KIE,ru,12059.5
1980,imperial_1897,KIE,lt,8603.31
1980,imperial_1897,KIE,cs,964.883
1980,imperial_1897,KIE,lv,109.933
1980,imperial_1897,KIE,other,12310.6
1980,imperial_1897,LUB,pl,3.08411e+06
1980,imperial_1897,LUB,uk,340318
1980,imperial_1897,LUB,be,95894.8
1980,imperial_1897,LUB,yi,241929
1980,imperial_1897,LUB,de,22889
1980,imperial_1897,LUB,ru,38499.2
1980,imperial_1897,LUB,lt,7221.01
1980,imperial_1897,LUB,cs,1210.52
1980,imperial_1897,LUB,lv,89.5618
1980,imperial_1897,LUB,other,4909.8
1980,imperial_1897,BIA,pl,1.60648e+06
1980,imperial_1897,BIA,uk,94411.6
1980,imperial_1897,BIA,be,346477
1980,imperial_1897,BIA,yi,180693
1980,imperial_1897,BIA,de,11803
1980,imperial_1897,BIA,ru,75494.7
1980,imperial_1897,BIA,lt,21821
1980,imperial_1897,BIA,cs,593.794
1980,imperial_1897,BIA,lv,111.385
1980,imperial_1897,BIA,other,3582.62
1980,imperial_1897,WIL,pl,970039
1980,imperial_1897,WIL,uk,53403.6
1980,imperial_1897,WIL,be,378835
1980,imperial_1897,WIL,yi,87351.3
1980,imperial_1897,WIL,de,3738.96
1980,imperial_1897,WIL,ru,67406.6
1980,imperial_1897,WIL,lt,70792.9
1980,imperial_1897,WIL,cs,301.945
1980,imperial_1897,WIL,lv,116.525
1980,imperial_1897,WIL,other,3240.71
1980,imperial_1897,NOW,pl,845925
1980,imperial_1897,NOW,uk,79292.5
1980,imperial_1897,NOW,be,659013
1980,imperial_1897,NOW,yi,69199.5
1980,imperial_1897,NOW,de,2108.14
1980,imperial_1897,NOW,ru,55578.7
1980,imperial_1897,NOW,lt,4888.76
1980,imperial_1897,NOW,cs,353.671
1980,imperial_1897,NOW,lv,50.6198
1980,imperial_1897,NOW,other,1707.39
1980,imperial_1897,POL,pl,780208
1980,imperial_1897,POL,uk,776839
1980,imperial_1897,POL,be,715721
1980,imperial_1897,POL,yi,91508.7
1980,imperial_1897,POL,de,3008.72
1980,imperial_1897,POL,ru,83552.2
1980,imperial_1897,POL,lt,3645.67
1980,imperial_1897,POL,cs,481.283
1980,imperial_1897,POL,lv,45.6593
1980,imperial_1897,POL,other,2299.16
1980,imperial_1897,WOL,pl,847278
1980,imperial_1897,WOL,uk,2.56733e+06
1980,imperial_1897,WOL,be,36104.2
1980,imperial_1897,WOL,yi,161749
1980,imperial_1897,WOL,de,43919.6
1980,imperial_1897,WOL,ru,41858.3
1980,imperial_1897,WOL,lt,3620.38
1980,imperial_1897,WOL,cs,40102
1980,imperial_1897,WOL,lv,45.3437
1980,imperial_1897,WOL,other,6172.64
1980,imperial_1897,POZ,pl,2.41026e+06
1980,imperial_1897,POZ,uk,69780.1
1980,imperial_1897,POZ,be,31861.9
1980,imperial_1897,POZ,yi,66719.6
1980,imperial_1897,POZ,de,158706
1980,imperial_1897,POZ,ru,7481.31
1980,imperial_1897,POZ,lt,8295.13
1980,imperial_1897,POZ,cs,837.706
1980,imperial_1897,POZ,lv,105.722
1980,imperial_1897,POZ,other,3382.92
1980,imperial_1897,POM,pl,1.53546e+06
1980,imperial_1897,POM,uk,55949.9
1980,imperial_1897,POM,be,25241.1
1980,imperial_1897,POM,yi,51480.9
1980,imperial_1897,POM,de,98666.6
1980,imperial_1897,POM,ru,5859.97
1980,imperial_1897,POM,lt,6565.75
1980,imperial_1897,POM,cs,656.447
1980,imperial_1897,POM,lv,81.9358
1980,imperial_1897,POM,other,3774.98
1980,imperial_1897,SLA,pl,1.86869e+06
1980,imperial_1897,SLA,uk,105622
1980,imperial_1897,SLA,be,35174.5
1980,imperial_1897,SLA,yi,88681.9
1980,imperial_1897,SLA,de,78004.4
1980,imperial_1897,SLA,ru,8158.19
1980,imperial_1897,SLA,lt,8674.17
1980,imperial_1897,SLA,cs,1041.74
1980,imperial_1897,SLA,lv,108.267
1980,imperial_1897,SLA,other,5322.6
1980,imperial_1897,KRA,pl,2.35439e+06
1980,imperial_1897,KRA,uk,155149
1980,imperial_1897,KRA,be,24987
1980,imperial_1897,KRA,yi,156311
1980,imperial_1897,KRA,de,14994.5
1980,imperial_1897,KRA,ru,5839.37
1980,imperial_1897,KRA,lt,5886.28
1980,imperial_1897,KRA,cs,768.133
1980,imperial_1897,KRA,lv,76.1614
1980,imperial_1897,KRA,other,9196.23
1980,imperial_1897,LWO,pl,2.0165e+06
1980,imperial_1897,LWO,uk,1.5555e+06
1980,imperial_1897,LWO,be,36117.6
1980,imperial_1897,LWO,yi,283408
1980,imperial_1897,LWO,de,18052.8
1980,imperial_1897,LWO,ru,8977.12
1980,imperial_1897,LWO,lt,7070.33
1980,imperial_1897,LWO,cs,1705.73
1980,imperial_1897,LWO,lv,90.3686
1980,imperial_1897,LWO,other,12673.3
1980,imperial_1897,STA,pl,424307
1980,imperial_1897,STA,uk,1.24695e+06
1980,imperial_1897,STA,be,10772.3
1980,imperial_1897,STA,yi,97035.7
1980,imperial_1897,STA,de,14886
1980,imperial_1897,STA,ru,2542.84
1980,imperial_1897,STA,lt,2224.76
1980,imperial_1897,STA,cs,538.858
1980,imperial_1897,STA,lv,28.5291
1980,imperial_1897,STA,other,5729.16
1980,imperial_1897,TAR,pl,715699
1980,imperial_1897,TAR,uk,886694
1980,imperial_1897,TAR,be,10240.9
1980,imperial_1897,TAR,yi,81581.7
1980,imperial_1897,TAR,de,4760.56
1980,imperial_1897,TAR,ru,2456.45
1980,imperial_1897,TAR,lt,2092.89
1980,imperial_1897,TAR,cs,541.176
1980,imperial_1897,TAR,lv,27.0443
1980,imperial_1897,TAR,other,2483.1
1980,imperial_1897,LT_KAU,pl,21782.9
1980,imperial_1897,LT_KAU,uk,1012.68
1980,imperial_1897,LT_KAU,be,1037.83
1980,imperial_1897,LT_KAU,yi,15592.1
1980,imperial_1897,LT_KAU,de,8455.64
1980,imperial_1897,LT_KAU,ru,13781.9
1980,imperial_1897,LT_KAU,lt,308918
1980,imperial_1897,LT_KAU,cs,16.6081
1980,imperial_1897,LT_KAU,lv,553.781
1980,imperial_1897,LT_KAU,other,2972.12
1980,imperial_1897,LT_LAU,pl,24299.2
1980,imperial_1897,LT_LAU,uk,686.564
1980,imperial_1897,LT_LAU,be,760.572
1980,imperial_1897,LT_LAU,yi,15196.5
1980,imperial_1897,LT_LAU,de,4227.6
1980,imperial_1897,LT_LAU,ru,13014.5
1980,imperial_1897,LT_LAU,lt,525928
1980,imperial_1897,LT_LAU,cs,11.519
1980,imperial_1897,LT_LAU,lv,1507.88
1980,imperial_1897,LT_LAU,other,1428.97
1980,imperial_1897,LT_ZEM,pl,9140.09
1980,imperial_1897,LT_ZEM,uk,800.598
1980,imperial_1897,LT_ZEM,be,858.932
1980,imperial_1897,LT_ZEM,yi,16151.8
1980,imperial_1897,LT_ZEM,de,7355.66
1980,imperial_1897,LT_ZEM,ru,8444.07
1980,imperial_1897,LT_ZEM,lt,610084
1980,imperial_1897,LT_ZEM,cs,13.5278
1980,imperial_1897,LT_ZEM,lv,6277.91
1980,imperial_1897,LT_ZEM,other,1889.67
1980,imperial_1897,LT_SUV,pl,12573.4
1980,imperial_1897,LT_SUV,uk,933.865
1980,imperial_1897,LT_SUV,be,1982.72
1980,imperial_1897,LT_SUV,yi,12769.1
1980,imperial_1897,LT_SUV,de,16459
1980,imperial_1897,LT_SUV,ru,6572.1
1980,imperial_1897,LT_SUV,lt,473392
1980,imperial_1897,LT_SUV,cs,15.2934
1980,imperial_1897,LT_SUV,lv,419.312
1980,imperial_1897,LT_SUV,other,2643.67
1980,imperial_1897,LT_NEA,pl,20778.3
1980,imperial_1897,LT_NEA,uk,527.915
1980,imperial_1897,LT_NEA,be,2820.69
1980,imperial_1897,LT_NEA,yi,11464.1
1980,imperial_1897,LT_NEA,de,2106.41
1980,imperial_1897,LT_NEA,ru,29507.2
1980,imperial_1897,LT_NEA,lt,411577
1980,imperial_1897,LT_NEA,cs,8.86988
1980,imperial_1897,LT_NEA,lv,7561.69
1980,imperial_1897,LT_NEA,other,1166.99
1980,imperial_1897,LT_KLA,pl,1753.5
1980,imperial_1897,LT_KLA,uk,394.146
1980,imperial_1897,LT_KLA,be,395.227
1980,imperial_1897,LT_KLA,yi,2770.23
1980,imperial_1897,LT_KLA,de,49644
1980,imperial_1897,LT_KLA,ru,2421.58
1980,imperial_1897,LT_KLA,lt,142678
1980,imperial_1897,LT_KLA,cs,6.78318
1980,imperial_1897,LT_KLA,lv,325.001
1980,imperial_1897,LT_KLA,other,1120.05
1980,latent,WAW,pl,1.82587e+06
1980,latent,WAW,uk,165291
1980,latent,WAW,be,46575.5
1980,latent,WAW,tut,23054.8
1980,latent,WAW,yi,219227
1980,latent,WAW,de,21419.7
1980,latent,WAW,ru,11377.5
1980,latent,WAW,lt,18401.2
1980,latent,WAW,cs,1682.81
1980,latent,WAW,lv,216.949
1980,latent,WAW,csb,6399.18
1980,latent,WAW,rue,2693.49
1980,latent,WAW,rom,2713.73
1980,latent,WAW,kdr,22.6458
1980,latent,WAW,wym,13.6165
1980,latent,WAW,other,2975.45
1980,latent,WAR,pl,2.84122e+06
1980,latent,WAR,uk,48049.1
1980,latent,WAR,be,15802.1
1980,latent,WAR,tut,8624.06
1980,latent,WAR,yi,152779
1980,latent,WAR,de,47924
1980,latent,WAR,ru,11553.4
1980,latent,WAR,lt,6914.19
1980,latent,WAR,cs,707.355
1980,latent,WAR,lv,88.5831
1980,latent,WAR,csb,4693.64
1980,latent,WAR,rue,1161.89
1980,latent,WAR,rom,3963.54
1980,latent,WAR,kdr,9.32844
1980,latent,WAR,wym,6.40608
1980,latent,WAR,other,7253.25
1980,latent,LOD,pl,3.05326e+06
1980,latent,LOD,uk,81266
1980,latent,LOD,be,28003.2
1980,latent,LOD,tut,15101.6
1980,latent,LOD,yi,242625
1980,latent,LOD,de,122893
1980,latent,LOD,ru,8145.24
1980,latent,LOD,lt,12452.5
1980,latent,LOD,cs,1252.2
1980,latent,LOD,lv,157.953
1980,latent,LOD,csb,6321.07
1980,latent,LOD,rue,2187.43
1980,latent,LOD,rom,3768.27
1980,latent,LOD,kdr,16.9593
1980,latent,LOD,wym,12.6175
1980,latent,LOD,other,9762.96
1980,latent,KIE,pl,3.70288e+06
1980,latent,KIE,uk,65430.5
1980,latent,KIE,be,20051.6
1980,latent,KIE,tut,10891.5
1980,latent,KIE,yi,232337
1980,latent,KIE,de,21978.3
1980,latent,KIE,ru,7981.3
1980,latent,KIE,lt,8603.31
1980,latent,KIE,cs,964.883
1980,latent,KIE,lv,109.933
1980,latent,KIE,csb,4041.99
1980,latent,KIE,rue,2094.59
1980,latent,KIE,rom,4882.45
1980,latent,KIE,kdr,12.1145
1980,latent,KIE,wym,12.4718
1980,latent,KIE,other,7403.59
1980,latent,LUB,pl,3.28634e+06
1980,latent,LUB,uk,283344
1980,latent,LUB,be,22219.8
1980,latent,LUB,tut,12155.1
1980,latent,LUB,yi,181311
1980,latent,LUB,de,22889
1980,latent,LUB,ru,11121.9
1980,latent,LUB,lt,7221.01
1980,latent,LUB,cs,1210.52
1980,latent,LUB,lv,89.5618
1980,latent,LUB,csb,2616.63
1980,latent,LUB,rue,1641.57
1980,latent,LUB,rom,3759.14
1980,latent,LUB,kdr,10.6266
1980,latent,LUB,wym,7.15987
1980,latent,LUB,other,1132.88
1980,latent,BIA,pl,1.79321e+06
1980,latent,BIA,uk,42307.4
1980,latent,BIA,be,271134
1980,latent,BIA,tut,8929.48
1980,latent,BIA,yi,139091
1980,latent,BIA,de,11803
1980,latent,BIA,ru,46279.3
1980,latent,BIA,lt,21821
1980,latent,BIA,cs,593.794
1980,latent,BIA,lv,111.385
1980,latent,BIA,csb,1805.02
1980,latent,BIA,rue,797.75
1980,latent,BIA,rom,1796.03
1980,latent,BIA,kdr,10.5839
1980,latent,BIA,wym,4.07175
1980,latent,BIA,other,1771.93
1980,latent,WIL,pl,1.08249e+06
1980,latent,WIL,uk,17339.3
1980,latent,WIL,be,329295
1980,latent,WIL,tut,10006.6
1980,latent,WIL,yi,68521.4
1980,latent,WIL,de,3738.96
1980,latent,WIL,ru,48099.7
1980,latent,WIL,lt,70792.9
1980,latent,WIL,cs,301.945
1980,latent,WIL,lv,116.525
1980,latent,WIL,csb,893.135
1980,latent,WIL,rue,393.762
1980,latent,WIL,rom,1304.34
1980,latent,WIL,kdr,222.995
1980,latent,WIL,wym,2.0815
1980,latent,WIL,other,1711.29
1980,latent,NOW,pl,1.03937e+06
1980,latent,NOW,uk,20725.8
1980,latent,NOW,be,568323
1980,latent,NOW,tut,5032.37
1980,latent,NOW,yi,55076.7
1980,latent,NOW,de,2108.14
1980,latent,NOW,ru,19442.8
1980,latent,NOW,lt,4888.76
1980,latent,NOW,cs,353.671
1980,latent,NOW,lv,50.6198
1980,latent,NOW,csb,672.646
1980,latent,NOW,rue,369.554
1980,latent,NOW,rom,1386.03
1980,latent,NOW,kdr,4.88921
1980,latent,NOW,wym,1.70343
1980,latent,NOW,other,314.771
1980,latent,POL,pl,1.08855e+06
1980,latent,POL,uk,135497
1980,latent,POL,be,119627
1980,latent,POL,tut,1.00346e+06
1980,latent,POL,yi,73526.8
1980,latent,POL,de,3008.72
1980,latent,POL,ru,25563.5
1980,latent,POL,lt,3645.67
1980,latent,POL,cs,481.283
1980,latent,POL,lv,45.6593
1980,latent,POL,csb,1020.75
1980,latent,POL,rue,576.438
1980,latent,POL,rom,1030.12
1980,latent,POL,kdr,4.84133
1980,latent,POL,wym,2.58763
1980,latent,POL,other,1261.61
1980,latent,WOL,pl,918847
1980,latent,WOL,uk,2.54739e+06
1980,latent,WOL,be,13904.9
1980,latent,WOL,tut,7034.84
1980,latent,WOL,yi,130853
1980,latent,WOL,de,43919.6
1980,latent,WOL,ru,34206.6
1980,latent,WOL,lt,3620.38
1980,latent,WOL,cs,40102
1980,latent,WOL,lv,45.3437
1980,latent,WOL,csb,1141.76
1980,latent,WOL,rue,937.715
1980,latent,WOL,rom,2412.52
1980,latent,WOL,kdr,35.419
1980,latent,WOL,wym,3.19378
1980,latent,WOL,other,3721.51
1980,latent,POZ,pl,2.45487e+06
1980,latent,POZ,uk,53082.9
1980,latent,POZ,be,18579.5
1980,latent,POZ,tut,9984.02
1980,latent,POZ,yi,38312.1
1980,latent,POZ,de,158706
1980,latent,POZ,ru,3905.05
1980,latent,POZ,lt,8295.13
1980,latent,POZ,cs,837.706
1980,latent,POZ,lv,105.722
1980,latent,POZ,csb,5869.29
1980,latent,POZ,rue,1501.9
1980,latent,POZ,rom,1867.94
1980,latent,POZ,kdr,11.2666
1980,latent,POZ,wym,8.85085
1980,latent,POZ,other,1494.86
1980,latent,POM,pl,1.40808e+06
1980,latent,POM,uk,43018.7
1980,latent,POM,be,14873.2
1980,latent,POM,tut,7944.18
1980,latent,POM,yi,30707.5
1980,latent,POM,de,98666.6
1980,latent,POM,ru,3094.7
1980,latent,POM,lt,6565.75
1980,latent,POM,cs,656.447
1980,latent,POM,lv,81.9358
1980,latent,POM,csb,165152
1980,latent,POM,rue,1114.03
1980,latent,POM,rom,1417.96
1980,latent,POM,kdr,8.73803
1980,latent,POM,wym,6.36795
1980,latent,POM,other,2341.92
1980,latent,SLA,pl,1.9303e+06
1980,latent,SLA,uk,83608.9
1980,latent,SLA,be,20263
1980,latent,SLA,tut,11370.5
1980,latent,SLA,yi,49646.4
1980,latent,SLA,de,78004.4
1980,latent,SLA,ru,4174.78
1980,latent,SLA,lt,8674.17
1980,latent,SLA,cs,1041.74
1980,latent,SLA,lv,108.267
1980,latent,SLA,csb,4329.42
1980,latent,SLA,rue,2633.81
1980,latent,SLA,rom,2297.59
1980,latent,SLA,kdr,12.5804
1980,latent,SLA,wym,16.0307
1980,latent,SLA,other,2996.4
1980,latent,KRA,pl,2.44118e+06
1980,latent,KRA,uk,58543.1
1980,latent,KRA,be,14216.8
1980,latent,KRA,tut,8275.27
1980,latent,KRA,yi,104585
1980,latent,KRA,de,14994.5
1980,latent,KRA,ru,2976.09
1980,latent,KRA,lt,5886.28
1980,latent,KRA,cs,768.133
1980,latent,KRA,lv,76.1614
1980,latent,KRA,csb,2564.27
1980,latent,KRA,rue,64338.8
1980,latent,KRA,rom,6394.91
1980,latent,KRA,kdr,9.03787
1980,latent,KRA,wym,409.302
1980,latent,KRA,other,2382.98
1980,latent,LWO,pl,2.26752e+06
1980,latent,LWO,uk,1.35691e+06
1980,latent,LWO,be,18807.9
1980,latent,LWO,tut,12067.8
1980,latent,LWO,yi,177038
1980,latent,LWO,de,18052.8
1980,latent,LWO,ru,4168.31
1980,latent,LWO,lt,7070.33
1980,latent,LWO,cs,1705.73
1980,latent,LWO,lv,90.3686
1980,latent,LWO,csb,2502.81
1980,latent,LWO,rue,61492.2
1980,latent,LWO,rom,5900.68
1980,latent,LWO,kdr,13.8631
1980,latent,LWO,wym,9.52777
1980,latent,LWO,other,6749.21
1980,latent,STA,pl,514869
1980,latent,STA,uk,1.18422e+06
1980,latent,STA,be,6021.02
1980,latent,STA,tut,3974.33
1980,latent,STA,yi,69508
1980,latent,STA,de,14886
1980,latent,STA,ru,1339.8
1980,latent,STA,lt,2224.76
1980,latent,STA,cs,538.858
1980,latent,STA,lv,28.5291
1980,latent,STA,csb,790.885
1980,latent,STA,rue,886.951
1980,latent,STA,rom,2058.69
1980,latent,STA,kdr,55.2738
1980,latent,STA,wym,3.00774
1980,latent,STA,other,3612.19
1980,latent,TAR,pl,832627
1980,latent,TAR,uk,799310
1980,latent,TAR,be,5651.88
1980,latent,TAR,tut,3740.34
1980,latent,TAR,yi,52485.1
1980,latent,TAR,de,4760.56
1980,latent,TAR,ru,1277.23
1980,latent,TAR,lt,2092.89
1980,latent,TAR,cs,541.176
1980,latent,TAR,lv,27.0443
1980,latent,TAR,csb,745.921
1980,latent,TAR,rue,834.774
1980,latent,TAR,rom,1205.16
1980,latent,TAR,kdr,4.16757
1980,latent,TAR,wym,2.85931
1980,latent,TAR,other,1270.92
1980,latent,LT_KAU,pl,22102.2
1980,latent,LT_KAU,uk,796.864
1980,latent,LT_KAU,be,882.223
1980,latent,LT_KAU,tut,237.225
1980,latent,LT_KAU,yi,15364.8
1980,latent,LT_KAU,de,8455.64
1980,latent,LT_KAU,ru,13752
1980,latent,LT_KAU,lt,308918
1980,latent,LT_KAU,cs,16.6081
1980,latent,LT_KAU,lv,553.781
1980,latent,LT_KAU,csb,51.7626
1980,latent,LT_KAU,rue,20.3944
1980,latent,LT_KAU,rom,933.274
1980,latent,LT_KAU,kdr,3.9611
1980,latent,LT_KAU,other,2034.73
1980,latent,LT_LAU,pl,24457.7
1980,latent,LT_LAU,uk,543.611
1980,latent,LT_LAU,be,667.118
1980,latent,LT_LAU,tut,164.603
1980,latent,LT_LAU,yi,15077.9
1980,latent,LT_LAU,de,4227.6
1980,latent,LT_LAU,ru,12996.9
1980,latent,LT_LAU,lt,525928
1980,latent,LT_LAU,cs,11.519
1980,latent,LT_LAU,lv,1507.88
1980,latent,LT_LAU,csb,35.506
1980,latent,LT_LAU,rue,13.9959
1980,latent,LT_LAU,rom,171.25
1980,latent,LT_LAU,kdr,59.5518
1980,latent,LT_LAU,other,1198.06
1980,latent,LT_ZEM,pl,9245.7
1980,latent,LT_ZEM,uk,642.347
1980,latent,LT_ZEM,be,758.191
1980,latent,LT_ZEM,tut,195.219
1980,latent,LT_ZEM,yi,16066.7
1980,latent,LT_ZEM,de,7355.66
1980,latent,LT_ZEM,ru,8428.78
1980,latent,LT_ZEM,lt,610084
1980,latent,LT_ZEM,cs,13.5278
1980,latent,LT_ZEM,lv,6277.91
1980,latent,LT_ZEM,csb,41.9865
1980,latent,LT_ZEM,rue,16.6378
1980,latent,LT_ZEM,rom,451.61
1980,latent,LT_ZEM,kdr,4.6966
1980,latent,LT_ZEM,other,1433.24
1980,latent,LT_SUV,pl,12565
1980,latent,LT_SUV,uk,748.14
1980,latent,LT_SUV,be,2008.93
1980,latent,LT_SUV,tut,226.28
1980,latent,LT_SUV,yi,12661.4
1980,latent,LT_SUV,de,16459
1980,latent,LT_SUV,ru,6554.08
1980,latent,LT_SUV,lt,473392
1980,latent,LT_SUV,cs,15.2934
1980,latent,LT_SUV,lv,419.312
1980,latent,LT_SUV,csb,47.921
1980,latent,LT_SUV,rue,19.4751
1980,latent,LT_SUV,rom,1482.58
1980,latent,LT_SUV,kdr,2.95304
1980,latent,LT_SUV,other,1157.99
1980,latent,LT_NEA,pl,20608.6
1980,latent,LT_NEA,uk,415.091
1980,latent,LT_NEA,be,3042.02
1980,latent,LT_NEA,tut,127.613
1980,latent,LT_NEA,yi,11375.3
1980,latent,LT_NEA,de,2106.41
1980,latent,LT_NEA,ru,29491.8
1980,latent,LT_NEA,lt,411577
1980,latent,LT_NEA,cs,8.86988
1980,latent,LT_NEA,lv,7561.69
1980,latent,LT_NEA,csb,27.1169
1980,latent,LT_NEA,rue,10.5661
1980,latent,LT_NEA,rom,113.684
1980,latent,LT_NEA,kdr,3.23375
1980,latent,LT_NEA,other,1049.99
1980,latent,LT_KLA,pl,1790.25
1980,latent,LT_KLA,uk,319.47
1980,latent,LT_KLA,be,348.259
1980,latent,LT_KLA,tut,93.6085
1980,latent,LT_KLA,yi,2735.8
1980,latent,LT_KLA,de,49644
1980,latent,LT_KLA,ru,2415.01
1980,latent,LT_KLA,lt,142678
1980,latent,LT_KLA,cs,6.78318
1980,latent,LT_KLA,lv,325.001
1980,latent,LT_KLA,csb,23.9986
1980,latent,LT_KLA,rue,8.28954
1980,latent,LT_KLA,rom,100.089
1980,latent,LT_KLA,kdr,2.13838
1980,latent,LT_KLA,other,1017.76
1980,lithuanian_1923,WAW,pl,1.82587e+06
1980,lithuanian_1923,WAW,uk,165291
1980,lithuanian_1923,WAW,be,46575.5
1980,lithuanian_1923,WAW,tut,23054.8
1980,lithuanian_1923,WAW,yi,219227
1980,lithuanian_1923,WAW,de,21419.7
1980,lithuanian_1923,WAW,ru,11377.5
1980,lithuanian_1923,WAW,lt,18401.2
1980,lithuanian_1923,WAW,cs,1682.81
1980,lithuanian_1923,WAW,lv,216.949
1980,lithuanian_1923,WAW,csb,6399.18
1980,lithuanian_1923,WAW,rue,2693.49
1980,lithuanian_1923,WAW,rom,2713.73
1980,lithuanian_1923,WAW,kdr,22.6458
1980,lithuanian_1923,WAW,wym,13.6165
1980,lithuanian_1923,WAW,other,2975.45
1980,lithuanian_1923,WAR,pl,2.84122e+06
1980,lithuanian_1923,WAR,uk,48049.1
1980,lithuanian_1923,WAR,be,15802.1
1980,lithuanian_1923,WAR,tut,8624.06
1980,lithuanian_1923,WAR,yi,152779
1980,lithuanian_1923,WAR,de,47924
1980,lithuanian_1923,WAR,ru,11553.4
1980,lithuanian_1923,WAR,lt,6914.19
1980,lithuanian_1923,WAR,cs,707.355
1980,lithuanian_1923,WAR,lv,88.5831
1980,lithuanian_1923,WAR,csb,4693.64
1980,lithuanian_1923,WAR,rue,1161.89
1980,lithuanian_1923,WAR,rom,3963.54
1980,lithuanian_1923,WAR,kdr,9.32844
1980,lithuanian_1923,WAR,wym,6.40608
1980,lithuanian_1923,WAR,other,7253.25
1980,lithuanian_1923,LOD,pl,3.05326e+06
1980,lithuanian_1923,LOD,uk,81266
1980,lithuanian_1923,LOD,be,28003.2
1980,lithuanian_1923,LOD,tut,15101.6
1980,lithuanian_1923,LOD,yi,242625
1980,lithuanian_1923,LOD,de,122893
1980,lithuanian_1923,LOD,ru,8145.24
1980,lithuanian_1923,LOD,lt,12452.5
1980,lithuanian_1923,LOD,cs,1252.2
1980,lithuanian_1923,LOD,lv,157.953
1980,lithuanian_1923,LOD,csb,6321.07
1980,lithuanian_1923,LOD,rue,2187.43
1980,lithuanian_1923,LOD,rom,3768.27
1980,lithuanian_1923,LOD,kdr,16.9593
1980,lithuanian_1923,LOD,wym,12.6175
1980,lithuanian_1923,LOD,other,9762.96
1980,lithuanian_1923,KIE,pl,3.70288e+06
1980,lithuanian_1923,KIE,uk,65430.5
1980,lithuanian_1923,KIE,be,20051.6
1980,lithuanian_1923,KIE,tut,10891.5
1980,lithuanian_1923,KIE,yi,232337
1980,lithuanian_1923,KIE,de,21978.3
1980,lithuanian_1923,KIE,ru,7981.3
1980,lithuanian_1923,KIE,lt,8603.31
1980,lithuanian_1923,KIE,cs,964.883
1980,lithuanian_1923,KIE,lv,109.933
1980,lithuanian_1923,KIE,csb,4041.99
1980,lithuanian_1923,KIE,rue,2094.59
1980,lithuanian_1923,KIE,rom,4882.45
1980,lithuanian_1923,KIE,kdr,12.1145
1980,lithuanian_1923,KIE,wym,12.4718
1980,lithuanian_1923,KIE,other,7403.59
1980,lithuanian_1923,LUB,pl,3.28634e+06
1980,lithuanian_1923,LUB,uk,283344
1980,lithuanian_1923,LUB,be,22219.8
1980,lithuanian_1923,LUB,tut,12155.1
1980,lithuanian_1923,LUB,yi,181311
1980,lithuanian_1923,LUB,de,22889
1980,lithuanian_1923,LUB,ru,11121.9
1980,lithuanian_1923,LUB,lt,7221.01
1980,lithuanian_1923,LUB,cs,1210.52
1980,lithuanian_1923,LUB,lv,89.5618
1980,lithuanian_1923,LUB,csb,2616.63
1980,lithuanian_1923,LUB,rue,1641.57
1980,lithuanian_1923,LUB,rom,3759.14
1980,lithuanian_1923,LUB,kdr,10.6266
1980,lithuanian_1923,LUB,wym,7.15987
1980,lithuanian_1923,LUB,other,1132.88
1980,lithuanian_1923,BIA,pl,1.79321e+06
1980,lithuanian_1923,BIA,uk,42307.4
1980,lithuanian_1923,BIA,be,271134
1980,lithuanian_1923,BIA,tut,8929.48
1980,lithuanian_1923,BIA,yi,139091
1980,lithuanian_1923,BIA,de,11803
1980,lithuanian_1923,BIA,ru,46279.3
1980,lithuanian_1923,BIA,lt,21821
1980,lithuanian_1923,BIA,cs,593.794
1980,lithuanian_1923,BIA,lv,111.385
1980,lithuanian_1923,BIA,csb,1805.02
1980,lithuanian_1923,BIA,rue,797.75
1980,lithuanian_1923,BIA,rom,1796.03
1980,lithuanian_1923,BIA,kdr,10.5839
1980,lithuanian_1923,BIA,wym,4.07175
1980,lithuanian_1923,BIA,other,1771.93
1980,lithuanian_1923,WIL,pl,1.08249e+06
1980,lithuanian_1923,WIL,uk,17339.3
1980,lithuanian_1923,WIL,be,329295
1980,lithuanian_1923,WIL,tut,10006.6
1980,lithuanian_1923,WIL,yi,68521.4
1980,lithuanian_1923,WIL,de,3738.96
1980,lithuanian_1923,WIL,ru,48099.7
1980,lithuanian_1923,WIL,lt,70792.9
1980,lithuanian_1923,WIL,cs,301.945
1980,lithuanian_1923,WIL,lv,116.525
1980,lithuanian_1923,WIL,csb,893.135
1980,lithuanian_1923,WIL,rue,393.762
1980,lithuanian_1923,WIL,rom,1304.34
1980,lithuanian_1923,WIL,kdr,222.995
1980,lithuanian_1923,WIL,wym,2.0815
1980,lithuanian_1923,WIL,other,1711.29
1980,lithuanian_1923,NOW,pl,1.03937e+06
1980,lithuanian_1923,NOW,uk,20725.8
1980,lithuanian_1923,NOW,be,568323
1980,lithuanian_1923,NOW,tut,5032.37
1980,lithuanian_1923,NOW,yi,55076.7
1980,lithuanian_1923,NOW,de,2108.14
1980,lithuanian_1923,NOW,ru,19442.8
1980,lithuanian_1923,NOW,lt,4888.76
1980,lithuanian_1923,NOW,cs,353.671
1980,lithuanian_1923,NOW,lv,50.6198
1980,lithuanian_1923,NOW,csb,672.646
1980,lithuanian_1923,NOW,rue,369.554
1980,lithuanian_1923,NOW,rom,1386.03
1980,lithuanian_1923,NOW,kdr,4.88921
1980,lithuanian_1923,NOW,wym,1.70343
1980,lithuanian_1923,NOW,other,314.771
1980,lithuanian_1923,POL,pl,1.08855e+06
1980,lithuanian_1923,POL,uk,135497
1980,lithuanian_1923,POL,be,119627
1980,lithuanian_1923,POL,tut,1.00346e+06
1980,lithuanian_1923,POL,yi,73526.8
1980,lithuanian_1923,POL,de,3008.72
1980,lithuanian_1923,POL,ru,25563.5
1980,lithuanian_1923,POL,lt,3645.67
1980,lithuanian_1923,POL,cs,481.283
1980,lithuanian_1923,POL,lv,45.6593
1980,lithuanian_1923,POL,csb,1020.75
1980,lithuanian_1923,POL,rue,576.438
1980,lithuanian_1923,POL,rom,1030.12
1980,lithuanian_1923,POL,kdr,4.84133
1980,lithuanian_1923,POL,wym,2.58763
1980,lithuanian_1923,POL,other,1261.61
1980,lithuanian_1923,WOL,pl,918847
1980,lithuanian_1923,WOL,uk,2.54739e+06
1980,lithuanian_1923,WOL,be,13904.9
1980,lithuanian_1923,WOL,tut,7034.84
1980,lithuanian_1923,WOL,yi,130853
1980,lithuanian_1923,WOL,de,43919.6
1980,lithuanian_1923,WOL,ru,34206.6
1980,lithuanian_1923,WOL,lt,3620.38
1980,lithuanian_1923,WOL,cs,40102
1980,lithuanian_1923,WOL,lv,45.3437
1980,lithuanian_1923,WOL,csb,1141.76
1980,lithuanian_1923,WOL,rue,937.715
1980,lithuanian_1923,WOL,rom,2412.52
1980,lithuanian_1923,WOL,kdr,35.419
1980,lithuanian_1923,WOL,wym,3.19378
1980,lithuanian_1923,WOL,other,3721.51
1980,lithuanian_1923,POZ,pl,2.45487e+06
1980,lithuanian_1923,POZ,uk,53082.9
1980,lithuanian_1923,POZ,be,18579.5
1980,lithuanian_1923,POZ,tut,9984.02
1980,lithuanian_1923,POZ,yi,38312.1
1980,lithuanian_1923,POZ,de,158706
1980,lithuanian_1923,POZ,ru,3905.05
1980,lithuanian_1923,POZ,lt,8295.13
1980,lithuanian_1923,POZ,cs,837.706
1980,lithuanian_1923,POZ,lv,105.722
1980,lithuanian_1923,POZ,csb,5869.29
1980,lithuanian_1923,POZ,rue,1501.9
1980,lithuanian_1923,POZ,rom,1867.94
1980,lithuanian_1923,POZ,kdr,11.2666
1980,lithuanian_1923,POZ,wym,8.85085
1980,lithuanian_1923,POZ,other,1494.86
1980,lithuanian_1923,POM,pl,1.40808e+06
1980,lithuanian_1923,POM,uk,43018.7
1980,lithuanian_1923,POM,be,14873.2
1980,lithuanian_1923,POM,tut,7944.18
1980,lithuanian_1923,POM,yi,30707.5
1980,lithuanian_1923,POM,de,98666.6
1980,lithuanian_1923,POM,ru,3094.7
1980,lithuanian_1923,POM,lt,6565.75
1980,lithuanian_1923,POM,cs,656.447
1980,lithuanian_1923,POM,lv,81.9358
1980,lithuanian_1923,POM,csb,165152
1980,lithuanian_1923,POM,rue,1114.03
1980,lithuanian_1923,POM,rom,1417.96
1980,lithuanian_1923,POM,kdr,8.73803
1980,lithuanian_1923,POM,wym,6.36795
1980,lithuanian_1923,POM,other,2341.92
1980,lithuanian_1923,SLA,pl,1.9303e+06
1980,lithuanian_1923,SLA,uk,83608.9
1980,lithuanian_1923,SLA,be,20263
1980,lithuanian_1923,SLA,tut,11370.5
1980,lithuanian_1923,SLA,yi,49646.4
1980,lithuanian_1923,SLA,de,78004.4
1980,lithuanian_1923,SLA,ru,4174.78
1980,lithuanian_1923,SLA,lt,8674.17
1980,lithuanian_1923,SLA,cs,1041.74
1980,lithuanian_1923,SLA,lv,108.267
1980,lithuanian_1923,SLA,csb,4329.42
1980,lithuanian_1923,SLA,rue,2633.81
1980,lithuanian_1923,SLA,rom,2297.59
1980,lithuanian_1923,SLA,kdr,12.5804
1980,lithuanian_1923,SLA,wym,16.0307
1980,lithuanian_1923,SLA,other,2996.4
1980,lithuanian_1923,KRA,pl,2.44118e+06
1980,lithuanian_1923,KRA,uk,58543.1
1980,lithuanian_1923,KRA,be,14216.8
1980,lithuanian_1923,KRA,tut,8275.27
1980,lithuanian_1923,KRA,yi,104585
1980,lithuanian_1923,KRA,de,14994.5
1980,lithuanian_1923,KRA,ru,2976.09
1980,lithuanian_1923,KRA,lt,5886.28
1980,lithuanian_1923,KRA,cs,768.133
1980,lithuanian_1923,KRA,lv,76.1614
1980,lithuanian_1923,KRA,csb,2564.27
1980,lithuanian_1923,KRA,rue,64338.8
1980,lithuanian_1923,KRA,rom,6394.91
1980,lithuanian_1923,KRA,kdr,9.03787
1980,lithuanian_1923,KRA,wym,409.302
1980,lithuanian_1923,KRA,other,2382.98
1980,lithuanian_1923,LWO,pl,2.26752e+06
1980,lithuanian_1923,LWO,uk,1.35691e+06
1980,lithuanian_1923,LWO,be,18807.9
1980,lithuanian_1923,LWO,tut,12067.8
1980,lithuanian_1923,LWO,yi,177038
1980,lithuanian_1923,LWO,de,18052.8
1980,lithuanian_1923,LWO,ru,4168.31
1980,lithuanian_1923,LWO,lt,7070.33
1980,lithuanian_1923,LWO,cs,1705.73
1980,lithuanian_1923,LWO,lv,90.3686
1980,lithuanian_1923,LWO,csb,2502.81
1980,lithuanian_1923,LWO,rue,61492.2
1980,lithuanian_1923,LWO,rom,5900.68
1980,lithuanian_1923,LWO,kdr,13.8631
1980,lithuanian_1923,LWO,wym,9.52777
1980,lithuanian_1923,LWO,other,6749.21
1980,lithuanian_1923,STA,pl,514869
1980,lithuanian_1923,STA,uk,1.18422e+06
1980,lithuanian_1923,STA,be,6021.02
1980,lithuanian_1923,STA,tut,3974.33
1980,lithuanian_1923,STA,yi,69508
1980,lithuanian_1923,STA,de,14886
1980,lithuanian_1923,STA,ru,1339.8
1980,lithuanian_1923,STA,lt,2224.76
1980,lithuanian_1923,STA,cs,538.858
1980,lithuanian_1923,STA,lv,28.5291
1980,lithuanian_1923,STA,csb,790.885
1980,lithuanian_1923,STA,rue,886.951
1980,lithuanian_1923,STA,rom,2058.69
1980,lithuanian_1923,STA,kdr,55.2738
1980,lithuanian_1923,STA,wym,3.00774
1980,lithuanian_1923,STA,other,3612.19
1980,lithuanian_1923,TAR,pl,832627
1980,lithuanian_1923,TAR,uk,799310
1980,lithuanian_1923,TAR,be,5651.88
1980,lithuanian_1923,TAR,tut,3740.34
1980,lithuanian_1923,TAR,yi,52485.1
1980,lithuanian_1923,TAR,de,4760.56
1980,lithuanian_1923,TAR,ru,1277.23
1980,lithuanian_1923,TAR,lt,2092.89
1980,lithuanian_1923,TAR,cs,541.176
1980,lithuanian_1923,TAR,lv,27.0443
1980,lithuanian_1923,TAR,csb,745.921
1980,lithuanian_1923,TAR,rue,834.774
1980,lithuanian_1923,TAR,rom,1205.16
1980,lithuanian_1923,TAR,kdr,4.16757
1980,lithuanian_1923,TAR,wym,2.85931
1980,lithuanian_1923,TAR,other,1270.92
1980,lithuanian_1923,LT_KAU,pl,9843.49
1980,lithuanian_1923,LT_KAU,uk,796.864
1980,lithuanian_1923,LT_KAU,be,882.223
1980,lithuanian_1923,LT_KAU,tut,237.225
1980,lithuanian_1923,LT_KAU,yi,15364.8
1980,lithuanian_1923,LT_KAU,de,8455.64
1980,lithuanian_1923,LT_KAU,ru,13752
1980,lithuanian_1923,LT_KAU,lt,321177
1980,lithuanian_1923,LT_KAU,cs,16.6081
1980,lithuanian_1923,LT_KAU,lv,553.781
1980,lithuanian_1923,LT_KAU,csb,51.7626
1980,lithuanian_1923,LT_KAU,rue,20.3944
1980,lithuanian_1923,LT_KAU,rom,933.274
1980,lithuanian_1923,LT_KAU,kdr,3.9611
1980,lithuanian_1923,LT_KAU,other,2034.73
1980,lithuanian_1923,LT_LAU,pl,10056.1
1980,lithuanian_1923,LT_LAU,uk,543.611
1980,lithuanian_1923,LT_LAU,be,667.118
1980,lithuanian_1923,LT_LAU,tut,164.603
1980,lithuanian_1923,LT_LAU,yi,15077.9
1980,lithuanian_1923,LT_LAU,de,4227.6
1980,lithuanian_1923,LT_LAU,ru,12996.9
1980,lithuanian_1923,LT_LAU,lt,540330
1980,lithuanian_1923,LT_LAU,cs,11.519
1980,lithuanian_1923,LT_LAU,lv,1507.88
1980,lithuanian_1923,LT_LAU,csb,35.506
1980,lithuanian_1923,LT_LAU,rue,13.9959
1980,lithuanian_1923,LT_LAU,rom,171.25
1980,lithuanian_1923,LT_LAU,kdr,59.5518
1980,lithuanian_1923,LT_LAU,other,1198.06
1980,lithuanian_1923,LT_ZEM,pl,3918.84
1980,lithuanian_1923,LT_ZEM,uk,642.347
1980,lithuanian_1923,LT_ZEM,be,758.191
1980,lithuanian_1923,LT_ZEM,tut,195.219
1980,lithuanian_1923,LT_ZEM,yi,16066.7
1980,lithuanian_1923,LT_ZEM,de,7355.66
1980,lithuanian_1923,LT_ZEM,ru,8428.78
1980,lithuanian_1923,LT_ZEM,lt,615411
1980,lithuanian_1923,LT_ZEM,cs,13.5278
1980,lithuanian_1923,LT_ZEM,lv,6277.91
1980,lithuanian_1923,LT_ZEM,csb,41.9865
1980,lithuanian_1923,LT_ZEM,rue,16.6378
1980,lithuanian_1923,LT_ZEM,rom,451.61
1980,lithuanian_1923,LT_ZEM,kdr,4.6966
1980,lithuanian_1923,LT_ZEM,other,1433.24
1980,lithuanian_1923,LT_SUV,pl,5297.9
1980,lithuanian_1923,LT_SUV,uk,748.14
1980,lithuanian_1923,LT_SUV,be,2008.93
1980,lithuanian_1923,LT_SUV,tut,226.28
1980,lithuanian_1923,LT_SUV,yi,12661.4
1980,lithuanian_1923,LT_SUV,de,16459
1980,lithuanian_1923,LT_SUV,ru,6554.08
1980,lithuanian_1923,LT_SUV,lt,480659
1980,lithuanian_1923,LT_SUV,cs,15.2934
1980,lithuanian_1923,LT_SUV,lv,419.312
1980,lithuanian_1923,LT_SUV,csb,47.921
1980,lithuanian_1923,LT_SUV,rue,19.4751
1980,lithuanian_1923,LT_SUV,rom,1482.58
1980,lithuanian_1923,LT_SUV,kdr,2.95304
1980,lithuanian_1923,LT_SUV,other,1157.99
1980,lithuanian_1923,LT_NEA,pl,8459.89
1980,lithuanian_1923,LT_NEA,uk,415.091
1980,lithuanian_1923,LT_NEA,be,3042.02
1980,lithuanian_1923,LT_NEA,tut,127.613
1980,lithuanian_1923,LT_NEA,yi,11375.3
1980,lithuanian_1923,LT_NEA,de,2106.41
1980,lithuanian_1923,LT_NEA,ru,29491.8
1980,lithuanian_1923,LT_NEA,lt,423726
1980,lithuanian_1923,LT_NEA,cs,8.86988
1980,lithuanian_1923,LT_NEA,lv,7561.69
1980,lithuanian_1923,LT_NEA,csb,27.1169
1980,lithuanian_1923,LT_NEA,rue,10.5661
1980,lithuanian_1923,LT_NEA,rom,113.684
1980,lithuanian_1923,LT_NEA,kdr,3.23375
1980,lithuanian_1923,LT_NEA,other,1049.99
1980,lithuanian_1923,LT_KLA,pl,808.594
1980,lithuanian_1923,LT_KLA,uk,319.47
1980,lithuanian_1923,LT_KLA,be,348.259
1980,lithuanian_1923,LT_KLA,tut,93.6085
1980,lithuanian_1923,LT_KLA,yi,2735.8
1980,lithuanian_1923,LT_KLA,de,49644
1980,lithuanian_1923,LT_KLA,ru,2415.01
1980,lithuanian_1923,LT_KLA,lt,143659
1980,lithuanian_1923,LT_KLA,cs,6.78318
1980,lithuanian_1923,LT_KLA,lv,325.001
1980,lithuanian_1923,LT_KLA,csb,23.9986
1980,lithuanian_1923,LT_KLA,rue,8.28954
1980,lithuanian_1923,LT_KLA,rom,100.089
1980,lithuanian_1923,LT_KLA,kdr,2.13838
1980,lithuanian_1923,LT_KLA,other,1017.76
1980,modern_selfid,WAW,pl,1.89125e+06
1980,modern_selfid,WAW,uk,153251
1980,modern_selfid,WAW,be,41699
1980,modern_selfid,WAW,tut,5763.71
1980,modern_selfid,WAW,yi,194725
1980,modern_selfid,WAW,de,19085.8
1980,modern_selfid,WAW,ru,10080.9
1980,modern_selfid,WAW,lt,18401.2
1980,modern_selfid,WAW,cs,1506.82
1980,modern_selfid,WAW,lv,203.829
1980,modern_selfid,WAW,csb,4790.46
1980,modern_selfid,WAW,rue,2074.7
1980,modern_selfid,WAW,rom,2102.19
1980,modern_selfid,WAW,kdr,17.2023
1980,modern_selfid,WAW,wym,10.0145
1980,modern_selfid,WAW,other,2975.45
1980,modern_selfid,WAR,pl,2.87646e+06
1980,modern_selfid,WAR,uk,45118.1
1980,modern_selfid,WAR,be,14397.4
1980,modern_selfid,WAR,tut,2156.01
1980,modern_selfid,WAR,yi,136970
1980,modern_selfid,WAR,de,42919.2
1980,modern_selfid,WAR,ru,10292.8
1980,modern_selfid,WAR,lt,6914.19
1980,modern_selfid,WAR,cs,634.716
1980,modern_selfid,WAR,lv,83.2729
1980,modern_selfid,WAR,csb,3531.58
1980,modern_selfid,WAR,rue,899.576
1980,modern_selfid,WAR,rom,3099.37
1980,modern_selfid,WAR,kdr,7.12084
1980,modern_selfid,WAR,wym,4.71785
1980,modern_selfid,WAR,other,7253.25
1980,modern_selfid,LOD,pl,3.11535e+06
1980,modern_selfid,LOD,uk,76353.7
1980,modern_selfid,LOD,be,25426.2
1980,modern_selfid,LOD,tut,3775.4
1980,modern_selfid,LOD,yi,216615
1980,modern_selfid,LOD,de,109576
1980,modern_selfid,LOD,ru,7243.79
1980,modern_selfid,LOD,lt,12452.5
1980,modern_selfid,LOD,cs,1122.98
1980,modern_selfid,LOD,lv,148.395
1980,modern_selfid,LOD,csb,4756.61
1980,modern_selfid,LOD,rue,1690.64
1980,modern_selfid,LOD,rom,2935.3
1980,modern_selfid,LOD,kdr,12.932
1980,modern_selfid,LOD,wym,9.28665
1980,modern_selfid,LOD,other,9762.96
1980,modern_selfid,KIE,pl,3.74668e+06
1980,modern_selfid,KIE,uk,61274.5
1980,modern_selfid,KIE,be,18303.9
1980,modern_selfid,KIE,tut,2722.88
1980,modern_selfid,KIE,yi,208423
1980,modern_selfid,KIE,de,19660.7
1980,modern_selfid,KIE,ru,7128.83
1980,modern_selfid,KIE,lt,8603.31
1980,modern_selfid,KIE,cs,866.307
1980,modern_selfid,KIE,lv,103.406
1980,modern_selfid,KIE,csb,3043.62
1980,modern_selfid,KIE,rue,1624.16
1980,modern_selfid,KIE,rom,3821.63
1980,modern_selfid,KIE,kdr,9.25451
1980,modern_selfid,KIE,wym,9.18154
1980,modern_selfid,KIE,other,7403.59
1980,modern_selfid,LUB,pl,3.34563e+06
1980,modern_selfid,LUB,uk,258593
1980,modern_selfid,LUB,be,20438
1980,modern_selfid,LUB,tut,3038.77
1980,modern_selfid,LUB,yi,163034
1980,modern_selfid,LUB,de,20562.5
1980,modern_selfid,LUB,ru,9985.55
1980,modern_selfid,LUB,lt,7221.01
1980,modern_selfid,LUB,cs,1089.63
1980,modern_selfid,LUB,lv,84.4876
1980,modern_selfid,LUB,csb,1986.82
1980,modern_selfid,LUB,rue,1277.33
1980,modern_selfid,LUB,rom,2985.19
1980,modern_selfid,LUB,kdr,8.13982
1980,modern_selfid,LUB,wym,5.29504
1980,modern_selfid,LUB,other,1132.88
1980,modern_selfid,BIA,pl,1.87808e+06
1980,modern_selfid,BIA,uk,40155.7
1980,modern_selfid,BIA,be,216390
1980,modern_selfid,BIA,tut,2232.37
1980,modern_selfid,BIA,yi,124965
1980,modern_selfid,BIA,de,10595.9
1980,modern_selfid,BIA,ru,41405.8
1980,modern_selfid,BIA,lt,21821
1980,modern_selfid,BIA,cs,533.69
1980,modern_selfid,BIA,lv,104.788
1980,modern_selfid,BIA,csb,1364.98
1980,modern_selfid,BIA,rue,619.72
1980,modern_selfid,BIA,rom,1412.87
1980,modern_selfid,BIA,kdr,8.09174
1980,modern_selfid,BIA,wym,3.00585
1980,modern_selfid,BIA,other,1771.93
1980,modern_selfid,WIL,pl,1.16914e+06
1980,modern_selfid,WIL,uk,18032.4
1980,modern_selfid,WIL,be,262600
1980,modern_selfid,WIL,tut,2501.64
1980,modern_selfid,WIL,yi,61509.7
1980,modern_selfid,WIL,de,3363.05
1980,modern_selfid,WIL,ru,43014.5
1980,modern_selfid,WIL,lt,70792.9
1980,modern_selfid,WIL,cs,271.465
1980,modern_selfid,WIL,lv,109.455
1980,modern_selfid,WIL,csb,675.154
1980,modern_selfid,WIL,rue,305.73
1980,modern_selfid,WIL,rom,1026.34
1980,modern_selfid,WIL,kdr,169.11
1980,modern_selfid,WIL,wym,1.53702
1980,modern_selfid,WIL,other,1711.29
1980,modern_selfid,NOW,pl,1.16226e+06
1980,modern_selfid,NOW,uk,19877.6
1980,modern_selfid,NOW,be,458142
1980,modern_selfid,NOW,tut,1258.09
1980,modern_selfid,NOW,yi,49679.2
1980,modern_selfid,NOW,de,1895.22
1980,modern_selfid,NOW,ru,17520.6
1980,modern_selfid,NOW,lt,4888.76
1980,modern_selfid,NOW,cs,318.849
1980,modern_selfid,NOW,lv,47.7675
1980,modern_selfid,NOW,csb,512.015
1980,modern_selfid,NOW,rue,288.607
1980,modern_selfid,NOW,rom,1104.41
1980,modern_selfid,NOW,kdr,3.75228
1980,modern_selfid,NOW,wym,1.26285
1980,modern_selfid,NOW,other,314.771
1980,modern_selfid,POL,pl,1.38575e+06
1980,modern_selfid,POL,uk,373880
1980,modern_selfid,POL,be,347242
1980,modern_selfid,POL,tut,250866
1980,modern_selfid,POL,yi,66337.5
1980,modern_selfid,POL,de,2705.09
1980,modern_selfid,POL,ru,23077.1
1980,modern_selfid,POL,lt,3645.67
1980,modern_selfid,POL,cs,434.927
1980,modern_selfid,POL,lv,43.242
1980,modern_selfid,POL,csb,782.163
1980,modern_selfid,POL,rue,453.484
1980,modern_selfid,POL,rom,826.482
1980,modern_selfid,POL,kdr,3.74666
1980,modern_selfid,POL,wym,1.92747
1980,modern_selfid,POL,other,1261.61
1980,modern_selfid,WOL,pl,1.17484e+06
1980,modern_selfid,WOL,uk,2.32246e+06
1980,modern_selfid,WOL,be,12759.3
1980,modern_selfid,WOL,tut,1758.71
1980,modern_selfid,WOL,yi,118165
1980,modern_selfid,WOL,de,39764.3
1980,modern_selfid,WOL,ru,30879.6
1980,modern_selfid,WOL,lt,3620.38
1980,modern_selfid,WOL,cs,36580.3
1980,modern_selfid,WOL,lv,43.0373
1980,modern_selfid,WOL,csb,874.976
1980,modern_selfid,WOL,rue,738.344
1980,modern_selfid,WOL,rom,1943.25
1980,modern_selfid,WOL,kdr,27.4042
1980,modern_selfid,WOL,wym,2.38028
1980,modern_selfid,WOL,other,3721.51
1980,modern_selfid,POZ,pl,2.4911e+06
1980,modern_selfid,POZ,uk,49907.4
1980,modern_selfid,POZ,be,16852.9
1980,modern_selfid,POZ,tut,2496.01
1980,modern_selfid,POZ,yi,34258.4
1980,modern_selfid,POZ,de,141670
1980,modern_selfid,POZ,ru,3477.46
1980,modern_selfid,POZ,lt,8295.13
1980,modern_selfid,POZ,cs,750.851
1980,modern_selfid,POZ,lv,99.3289
1980,modern_selfid,POZ,csb,4404.32
1980,modern_selfid,POZ,rue,1161.11
1980,modern_selfid,POZ,rom,1450.8
1980,modern_selfid,POZ,kdr,8.57778
1980,modern_selfid,POZ,wym,6.5075
1980,modern_selfid,POZ,other,1494.86
1980,modern_selfid,POM,pl,1.47289e+06
1980,modern_selfid,POM,uk,40436
1980,modern_selfid,POM,be,13495.5
1980,modern_selfid,POM,tut,1986.04
1980,modern_selfid,POM,yi,27492.7
1980,modern_selfid,POM,de,88150.1
1980,modern_selfid,POM,ru,2757.84
1980,modern_selfid,POM,lt,6565.75
1980,modern_selfid,POM,cs,588.829
1980,modern_selfid,POM,lv,77.0589
1980,modern_selfid,POM,csb,124974
1980,modern_selfid,POM,rue,862.545
1980,modern_selfid,POM,rom,1104.08
1980,modern_selfid,POM,kdr,6.66472
1980,modern_selfid,POM,wym,4.68612
1980,modern_selfid,POM,other,2341.92
1980,modern_selfid,SLA,pl,1.96352e+06
1980,modern_selfid,SLA,uk,77464.6
1980,modern_selfid,SLA,be,18495.3
1980,modern_selfid,SLA,tut,2842.62
1980,modern_selfid,SLA,yi,44381.5
1980,modern_selfid,SLA,de,69258.6
1980,modern_selfid,SLA,ru,3716.65
1980,modern_selfid,SLA,lt,8674.17
1980,modern_selfid,SLA,cs,933.756
1980,modern_selfid,SLA,lv,101.795
1980,modern_selfid,SLA,csb,3251.34
1980,modern_selfid,SLA,rue,2032.5
1980,modern_selfid,SLA,rom,1782.31
1980,modern_selfid,SLA,kdr,9.56259
1980,modern_selfid,SLA,wym,11.7705
1980,modern_selfid,SLA,other,2996.4
1980,modern_selfid,KRA,pl,2.48166e+06
1980,modern_selfid,KRA,uk,54346.9
1980,modern_selfid,KRA,be,13062.7
1980,modern_selfid,KRA,tut,2068.82
1980,modern_selfid,KRA,yi,93604.2
1980,modern_selfid,KRA,de,13383.5
1980,modern_selfid,KRA,ru,2650.84
1980,modern_selfid,KRA,lt,5886.28
1980,modern_selfid,KRA,cs,688.831
1980,modern_selfid,KRA,lv,71.6031
1980,modern_selfid,KRA,csb,1928.4
1980,modern_selfid,KRA,rue,50575.8
1980,modern_selfid,KRA,rom,4978.46
1980,modern_selfid,KRA,kdr,6.88587
1980,modern_selfid,KRA,wym,300.735
1980,modern_selfid,KRA,other,2382.98
1980,modern_selfid,LWO,pl,2.45222e+06
1980,modern_selfid,LWO,uk,1.21842e+06
1980,modern_selfid,LWO,be,17586.4
1980,modern_selfid,LWO,tut,3016.95
1980,modern_selfid,LWO,yi,158637
1980,modern_selfid,LWO,de,16159.2
1980,modern_selfid,LWO,ru,3714.32
1980,modern_selfid,LWO,lt,7070.33
1980,modern_selfid,LWO,cs,1530.93
1980,modern_selfid,LWO,lv,85.331
1980,modern_selfid,LWO,csb,1888.44
1980,modern_selfid,LWO,rue,48396.4
1980,modern_selfid,LWO,rom,4607.62
1980,modern_selfid,LWO,kdr,10.5689
1980,modern_selfid,LWO,wym,7.02117
1980,modern_selfid,LWO,other,6749.21
1980,modern_selfid,STA,pl,645673
1980,modern_selfid,STA,uk,1.06633e+06
1980,modern_selfid,STA,be,5680.8
1980,modern_selfid,STA,tut,993.582
1980,modern_selfid,STA,yi,62463.5
1980,modern_selfid,STA,de,13373.8
1980,modern_selfid,STA,ru,1196.9
1980,modern_selfid,STA,lt,2224.76
1980,modern_selfid,STA,cs,484.817
1980,modern_selfid,STA,lv,27.0383
1980,modern_selfid,STA,csb,599.039
1980,modern_selfid,STA,rue,690.458
1980,modern_selfid,STA,rom,1617.73
1980,modern_selfid,STA,kdr,41.8913
1980,modern_selfid,STA,wym,2.22215
1980,modern_selfid,STA,other,3612.19
1980,modern_selfid,TAR,pl,923390
1980,modern_selfid,TAR,uk,718367
1980,modern_selfid,TAR,be,5326.94
1980,modern_selfid,TAR,tut,935.085
1980,modern_selfid,TAR,yi,47114.8
1980,modern_selfid,TAR,de,4266.16
1980,modern_selfid,TAR,ru,1140
1980,modern_selfid,TAR,lt,2092.89
1980,modern_selfid,TAR,cs,486.571
1980,modern_selfid,TAR,lv,25.588
1980,modern_selfid,TAR,csb,564.282
1980,modern_selfid,TAR,rue,647.862
1980,modern_selfid,TAR,rom,943.405
1980,modern_selfid,TAR,kdr,3.17909
1980,modern_selfid,TAR,wym,2.10907
1980,modern_selfid,TAR,other,1270.92
1980,modern_selfid,LT_KAU,pl,22161.5
1980,modern_selfid,LT_KAU,uk,808.66
1980,modern_selfid,LT_KAU,be,803.092
1980,modern_selfid,LT_KAU,tut,59.3063
1980,modern_selfid,LT_KAU,yi,13618.3
1980,modern_selfid,LT_KAU,de,7553.17
1980,modern_selfid,LT_KAU,ru,12206.2
1980,modern_selfid,LT_KAU,lt,313579
1980,modern_selfid,LT_KAU,cs,15.6714
1980,modern_selfid,LT_KAU,lv,492.874
1980,modern_selfid,LT_KAU,csb,45.727
1980,modern_selfid,LT_KAU,rue,18.019
1980,modern_selfid,LT_KAU,rom,724.816
1980,modern_selfid,LT_KAU,kdr,3.0491
1980,modern_selfid,LT_KAU,other,2034.73
1980,modern_selfid,LT_LAU,pl,24498.8
1980,modern_selfid,LT_LAU,uk,553.494
1980,modern_selfid,LT_LAU,be,600.183
1980,modern_selfid,LT_LAU,tut,41.1508
1980,modern_selfid,LT_LAU,yi,13388.4
1980,modern_selfid,LT_LAU,de,3784.1
1980,modern_selfid,LT_LAU,ru,11589.9
1980,modern_selfid,LT_LAU,lt,529827
1980,modern_selfid,LT_LAU,cs,10.8924
1980,modern_selfid,LT_LAU,lv,1345.67
1980,modern_selfid,LT_LAU,csb,31.4937
1980,modern_selfid,LT_LAU,rue,12.4214
1980,modern_selfid,LT_LAU,rom,134.474
1980,modern_selfid,LT_LAU,kdr,45.1627
1980,modern_selfid,LT_LAU,other,1198.06
1980,modern_selfid,LT_ZEM,pl,9294.51
1980,modern_selfid,LT_ZEM,uk,653.349
1980,modern_selfid,LT_ZEM,be,685.278
1980,modern_selfid,LT_ZEM,tut,48.8048
1980,modern_selfid,LT_ZEM,yi,14269.7
1980,modern_selfid,LT_ZEM,de,6584.68
1980,modern_selfid,LT_ZEM,ru,7512.45
1980,modern_selfid,LT_ZEM,lt,614503
1980,modern_selfid,LT_ZEM,cs,12.7722
1980,modern_selfid,LT_ZEM,lv,5609.91
1980,modern_selfid,LT_ZEM,csb,37.1228
1980,modern_selfid,LT_ZEM,rue,14.726
1980,modern_selfid,LT_ZEM,rom,353.476
1980,modern_selfid,LT_ZEM,kdr,3.59315
1980,modern_selfid,LT_ZEM,other,1433.24
1980,modern_selfid,LT_SUV,pl,12621.6
1980,modern_selfid,LT_SUV,uk,760.179
1980,modern_selfid,LT_SUV,be,1652.62
1980,modern_selfid,LT_SUV,tut,56.57
1980,modern_selfid,LT_SUV,yi,11263.1
1980,modern_selfid,LT_SUV,de,14754.6
1980,modern_selfid,LT_SUV,ru,5840.88
1980,modern_selfid,LT_SUV,lt,478044
1980,modern_selfid,LT_SUV,cs,14.4373
1980,modern_selfid,LT_SUV,lv,373.698
1980,modern_selfid,LT_SUV,csb,42.3597
1980,modern_selfid,LT_SUV,rue,17.2086
1980,modern_selfid,LT_SUV,rom,1158.81
1980,modern_selfid,LT_SUV,kdr,2.27657
1980,modern_selfid,LT_SUV,other,1157.99
1980,modern_selfid,LT_NEA,pl,20640.5
1980,modern_selfid,LT_NEA,uk,422.876
1980,modern_selfid,LT_NEA,be,2407.36
1980,modern_selfid,LT_NEA,tut,31.9032
1980,modern_selfid,LT_NEA,yi,10118.7
1980,modern_selfid,LT_NEA,de,1886.67
1980,modern_selfid,LT_NEA,ru,26352.4
1980,modern_selfid,LT_NEA,lt,417708
1980,modern_selfid,LT_NEA,cs,8.38405
1980,modern_selfid,LT_NEA,lv,6767.19
1980,modern_selfid,LT_NEA,csb,23.9887
1980,modern_selfid,LT_NEA,rue,9.35579
1980,modern_selfid,LT_NEA,rom,89.4201
1980,modern_selfid,LT_NEA,kdr,2.47791
1980,modern_selfid,LT_NEA,other,1049.99
1980,modern_selfid,LT_KLA,pl,1813.65
1980,modern_selfid,LT_KLA,uk,325.893
1980,modern_selfid,LT_KLA,be,318.457
1980,modern_selfid,LT_KLA,tut,23.4021
1980,modern_selfid,LT_KLA,yi,2434.97
1980,modern_selfid,LT_KLA,de,44452.7
1980,modern_selfid,LT_KLA,ru,2145.83
1980,modern_selfid,LT_KLA,lt,148571
1980,modern_selfid,LT_KLA,cs,6.43714
1980,modern_selfid,LT_KLA,lv,289.354
1980,modern_selfid,LT_KLA,csb,21.5869
1980,modern_selfid,LT_KLA,rue,7.43197
1980,modern_selfid,LT_KLA,rom,78.5194
1980,modern_selfid,LT_KLA,kdr,1.63663
1980,modern_selfid,LT_KLA,other,1017.76
1980,polish_1931,WAW,pl,1.86736e+06
1980,polish_1931,WAW,uk,126930
1980,polish_1931,WAW,ruth,29420.8
1980,polish_1931,WAW,be,33026.7
1980,polish_1931,WAW,tut,19827.2
1980,polish_1931,WAW,yi,204778
1980,polish_1931,WAW,he,14449.4
1980,polish_1931,WAW,de,19258.7
1980,polish_1931,WAW,ru,12100.5
1980,polish_1931,WAW,lt,15470.9
1980,polish_1931,WAW,cs,1682.81
1980,polish_1931,WAW,lv,216.949
1980,polish_1931,WAW,other,3405.16
1980,polish_1931,WAR,pl,2.86385e+06
1980,polish_1931,WAR,uk,37046.5
1980,polish_1931,WAR,ruth,8865.1
1980,polish_1931,WAR,be,11270
1980,polish_1931,WAR,tut,7416.69
1980,polish_1931,WAR,yi,143779
1980,polish_1931,WAR,he,8999.11
1980,polish_1931,WAR,de,44022.9
1980,polish_1931,WAR,ru,11024.7
1980,polish_1931,WAR,lt,5814.34
1980,polish_1931,WAR,cs,707.355
1980,polish_1931,WAR,lv,88.5831
1980,polish_1931,WAR,other,7857.11
1980,polish_1931,LOD,pl,3.0901e+06
1980,polish_1931,LOD,uk,62549.9
1980,polish_1931,LOD,ruth,15311.9
1980,polish_1931,LOD,be,19912.8
1980,polish_1931,LOD,tut,12987.4
1980,polish_1931,LOD,yi,228073
1980,polish_1931,LOD,he,14551.9
1980,polish_1931,LOD,de,113074
1980,polish_1931,LOD,ru,8443.57
1980,polish_1931,LOD,lt,10465.4
1980,polish_1931,LOD,cs,1252.2
1980,polish_1931,LOD,lv,157.953
1980,polish_1931,LOD,other,10345.2
1980,polish_1931,KIE,pl,3.72639e+06
1980,polish_1931,KIE,uk,49912.3
1980,polish_1931,KIE,ruth,13048.4
1980,polish_1931,KIE,be,14342.8
1980,polish_1931,KIE,tut,9366.71
1980,polish_1931,KIE,yi,218618
1980,polish_1931,KIE,he,13718.7
1980,polish_1931,KIE,de,19850.2
1980,polish_1931,KIE,ru,7974.4
1980,polish_1931,KIE,lt,7233.04
1980,polish_1931,KIE,cs,964.883
1980,polish_1931,KIE,lv,109.933
1980,polish_1931,KIE,other,8148.07
1980,polish_1931,LUB,pl,3.32394e+06
1980,polish_1931,LUB,uk,229877
1980,polish_1931,LUB,ruth,34956.1
1980,polish_1931,LUB,be,15675.6
1980,polish_1931,LUB,tut,10453.4
1980,polish_1931,LUB,yi,170521
1980,polish_1931,LUB,he,10789.7
1980,polish_1931,LUB,de,20900.3
1980,polish_1931,LUB,ru,10851.3
1980,polish_1931,LUB,lt,6097.66
1980,polish_1931,LUB,cs,1210.52
1980,polish_1931,LUB,lv,89.5618
1980,polish_1931,LUB,other,1707.37
1980,polish_1931,BIA,pl,1.87804e+06
1980,polish_1931,BIA,uk,33888.4
1980,polish_1931,BIA,ruth,6419.35
1980,polish_1931,BIA,be,192688
1980,polish_1931,BIA,tut,7679.36
1980,polish_1931,BIA,yi,130734
1980,polish_1931,BIA,he,8357.09
1980,polish_1931,BIA,de,10778
1980,polish_1931,BIA,ru,52160.5
1980,polish_1931,BIA,lt,17968.5
1980,polish_1931,BIA,cs,593.794
1980,polish_1931,BIA,lv,111.385
1980,polish_1931,BIA,other,2051.92
1980,polish_1931,WIL,pl,1.19353e+06
1980,polish_1931,WIL,uk,13896.7
1980,polish_1931,WIL,ruth,2932.61
1980,polish_1931,WIL,be,228436
1980,polish_1931,WIL,tut,8605.66
1980,polish_1931,WIL,yi,64285
1980,polish_1931,WIL,he,4236.46
1980,polish_1931,WIL,de,3397.63
1980,polish_1931,WIL,ru,55649.2
1980,polish_1931,WIL,lt,57707.2
1980,polish_1931,WIL,cs,301.945
1980,polish_1931,WIL,lv,116.525
1980,polish_1931,WIL,other,2129.94
1980,polish_1931,NOW,pl,1.1759e+06
1980,polish_1931,NOW,uk,16551.3
1980,polish_1931,NOW,ruth,3205.23
1980,polish_1931,NOW,be,416781
1980,polish_1931,NOW,tut,4327.84
1980,polish_1931,NOW,yi,51671.7
1980,polish_1931,NOW,he,3404.99
1980,polish_1931,NOW,de,1897.55
1980,polish_1931,NOW,ru,39343.4
1980,polish_1931,NOW,lt,4100.04
1980,polish_1931,NOW,cs,353.671
1980,polish_1931,NOW,lv,50.6198
1980,polish_1931,NOW,other,527.564
1980,polish_1931,POL,pl,1.19111e+06
1980,polish_1931,POL,uk,158824
1980,polish_1931,POL,ruth,7742.51
1980,polish_1931,POL,be,127804
1980,polish_1931,POL,tut,862979
1980,polish_1931,POL,yi,69098.3
1980,polish_1931,POL,he,4428.46
1980,polish_1931,POL,de,2703.94
1980,polish_1931,POL,ru,27575.3
1980,polish_1931,POL,lt,3096.14
1980,polish_1931,POL,cs,481.283
1980,polish_1931,POL,lv,45.6593
1980,polish_1931,POL,other,1420.97
1980,polish_1931,WOL,pl,1.11314e+06
1980,polish_1931,WOL,uk,2.31468e+06
1980,polish_1931,WOL,ruth,54114.3
1980,polish_1931,WOL,be,10119.6
1980,polish_1931,WOL,tut,6049.96
1980,polish_1931,WOL,yi,122976
1980,polish_1931,WOL,he,7877.46
1980,polish_1931,WOL,de,40555.9
1980,polish_1931,WOL,ru,31320.9
1980,polish_1931,WOL,lt,3079.13
1980,polish_1931,WOL,cs,40102
1980,polish_1931,WOL,lv,45.3437
1980,polish_1931,WOL,other,4118.81
1980,polish_1931,POZ,pl,2.48678e+06
1980,polish_1931,POZ,uk,40920.5
1980,polish_1931,POZ,ruth,10015.5
1980,polish_1931,POZ,be,13204.1
1980,polish_1931,POZ,tut,8586.26
1980,polish_1931,POZ,yi,35796.9
1980,polish_1931,POZ,he,2515.2
1980,polish_1931,POZ,de,145663
1980,polish_1931,POZ,ru,4253.44
1980,polish_1931,POZ,lt,6970.95
1980,polish_1931,POZ,cs,837.706
1980,polish_1931,POZ,lv,105.722
1980,polish_1931,POZ,other,1786.32
1980,polish_1931,POM,pl,1.59176e+06
1980,polish_1931,POM,uk,33178.8
1980,polish_1931,POM,ruth,8002.97
1980,polish_1931,POM,be,10583
1980,polish_1931,POM,tut,6831.99
1980,polish_1931,POM,yi,28711.3
1980,polish_1931,POM,he,1996.17
1980,polish_1931,POM,de,90464.9
1980,polish_1931,POM,ru,3375.41
1980,polish_1931,POM,lt,5525.65
1980,polish_1931,POM,cs,656.447
1980,polish_1931,POM,lv,81.9358
1980,polish_1931,POM,other,2563.35
1980,polish_1931,SLA,pl,1.96733e+06
1980,polish_1931,SLA,uk,62379.7
1980,polish_1931,SLA,ruth,17857.9
1980,polish_1931,SLA,be,14421.2
1980,polish_1931,SLA,tut,9778.6
1980,polish_1931,SLA,yi,46406.1
1980,polish_1931,SLA,he,3240.29
1980,polish_1931,SLA,de,61706.8
1980,polish_1931,SLA,ru,4564.06
1980,polish_1931,SLA,lt,7293.53
1980,polish_1931,SLA,cs,1041.74
1980,polish_1931,SLA,lv,108.267
1980,polish_1931,SLA,other,3353.62
1980,polish_1931,KRA,pl,2.46483e+06
1980,polish_1931,KRA,uk,49717.2
1980,polish_1931,KRA,ruth,65852
1980,polish_1931,KRA,be,10152.4
1980,polish_1931,KRA,tut,7116.73
1980,polish_1931,KRA,yi,98487.9
1980,polish_1931,KRA,he,6097.03
1980,polish_1931,KRA,de,12957.2
1980,polish_1931,KRA,ru,3244.44
1980,polish_1931,KRA,lt,4948.37
1980,polish_1931,KRA,cs,768.133
1980,polish_1931,KRA,lv,76.1614
1980,polish_1931,KRA,other,3351.26
1980,polish_1931,LWO,pl,2.39284e+06
1980,polish_1931,LWO,uk,817220
1980,polish_1931,LWO,ruth,493236
1980,polish_1931,LWO,be,13517.6
1980,polish_1931,LWO,tut,10378.3
1980,polish_1931,LWO,yi,166553
1980,polish_1931,LWO,he,10485
1980,polish_1931,LWO,de,15956.7
1980,polish_1931,LWO,ru,4499.77
1980,polish_1931,LWO,lt,5970.53
1980,polish_1931,LWO,cs,1705.73
1980,polish_1931,LWO,lv,90.3686
1980,polish_1931,LWO,other,7648.17
1980,polish_1931,STA,pl,612024
1980,polish_1931,STA,uk,680818
1980,polish_1931,STA,ruth,413895
1980,polish_1931,STA,be,4352.1
1980,polish_1931,STA,tut,3417.92
1980,polish_1931,STA,yi,65399.6
1980,polish_1931,STA,he,4108.33
1980,polish_1931,STA,de,13126
1980,polish_1931,STA,ru,1443.51
1980,polish_1931,STA,lt,1887
1980,polish_1931,STA,cs,538.858
1980,polish_1931,STA,lv,28.5291
1980,polish_1931,STA,other,3976.27
1980,polish_1931,TAR,pl,898882
1980,polish_1931,TAR,uk,464517
1980,polish_1931,TAR,ruth,274010
1980,polish_1931,TAR,be,4079.2
1980,polish_1931,TAR,tut,3216.69
1980,polish_1931,TAR,yi,49366.1
1980,polish_1931,TAR,he,3119.07
1980,polish_1931,TAR,de,4218.44
1980,polish_1931,TAR,ru,1373.3
1980,polish_1931,TAR,lt,1772.36
1980,polish_1931,TAR,cs,541.176
1980,polish_1931,TAR,lv,27.0443
1980,polish_1931,TAR,other,1455.86
1980,polish_1931,LT_KAU,pl,102360
1980,polish_1931,LT_KAU,uk,633.689
1980,polish_1931,LT_KAU,ruth,140.285
1980,polish_1931,LT_KAU,be,568.664
1980,polish_1931,LT_KAU,tut,204.014
1980,polish_1931,LT_KAU,yi,13593.3
1980,polish_1931,LT_KAU,he,1771.44
1980,polish_1931,LT_KAU,de,8015.31
1980,polish_1931,LT_KAU,ru,12399.4
1980,polish_1931,LT_KAU,lt,231689
1980,polish_1931,LT_KAU,cs,16.6081
1980,polish_1931,LT_KAU,lv,553.781
1980,polish_1931,LT_KAU,other,2178.68
1980,polish_1931,LT_LAU,pl,157947
1980,polish_1931,LT_LAU,uk,433.072
1980,polish_1931,LT_LAU,ruth,95.289
1980,polish_1931,LT_LAU,be,402.503
1980,polish_1931,LT_LAU,tut,141.559
1980,polish_1931,LT_LAU,yi,13324.4
1980,polish_1931,LT_LAU,he,1753.48
1980,polish_1931,LT_LAU,de,4003.08
1980,polish_1931,LT_LAU,ru,11712.7
1980,polish_1931,LT_LAU,lt,394446
1980,polish_1931,LT_LAU,cs,11.519
1980,polish_1931,LT_LAU,lv,1507.88
1980,polish_1931,LT_LAU,other,1283.3
1980,polish_1931,LT_ZEM,pl,163752
1980,polish_1931,LT_ZEM,uk,510.845
1980,polish_1931,LT_ZEM,ruth,113.501
1980,polish_1931,LT_ZEM,be,471.376
1980,polish_1931,LT_ZEM,tut,167.888
1980,polish_1931,LT_ZEM,yi,14202.5
1980,polish_1931,LT_ZEM,he,1864.21
1980,polish_1931,LT_ZEM,de,6969.7
1980,polish_1931,LT_ZEM,ru,7604.39
1980,polish_1931,LT_ZEM,lt,457563
1980,polish_1931,LT_ZEM,cs,13.5278
1980,polish_1931,LT_ZEM,lv,6277.91
1980,polish_1931,LT_ZEM,other,1505.68
1980,polish_1931,LT_SUV,pl,135111
1980,polish_1931,LT_SUV,uk,592.881
1980,polish_1931,LT_SUV,ruth,134.32
1980,polish_1931,LT_SUV,be,665.09
1980,polish_1931,LT_SUV,tut,194.601
1980,polish_1931,LT_SUV,yi,11206
1980,polish_1931,LT_SUV,he,1455.38
1980,polish_1931,LT_SUV,de,15621
1980,polish_1931,LT_SUV,ru,5917.71
1980,polish_1931,LT_SUV,lt,355044
1980,polish_1931,LT_SUV,cs,15.2934
1980,polish_1931,LT_SUV,lv,419.312
1980,polish_1931,LT_SUV,other,1383.33
1980,polish_1931,LT_NEA,pl,129053
1980,polish_1931,LT_NEA,uk,331.287
1980,polish_1931,LT_NEA,ruth,72.021
1980,polish_1931,LT_NEA,be,705.273
1980,polish_1931,LT_NEA,tut,109.747
1980,polish_1931,LT_NEA,yi,10052.4
1980,polish_1931,LT_NEA,he,1322.9
1980,polish_1931,LT_NEA,de,1992.74
1980,polish_1931,LT_NEA,ru,26556.1
1980,polish_1931,LT_NEA,lt,308683
1980,polish_1931,LT_NEA,cs,8.86988
1980,polish_1931,LT_NEA,lv,7561.69
1980,polish_1931,LT_NEA,other,1070.28
1980,polish_1931,LT_KLA,pl,40708.8
1980,polish_1931,LT_KLA,uk,254.502
1980,polish_1931,LT_KLA,ruth,56.1844
1980,polish_1931,LT_KLA,be,218.724
1980,polish_1931,LT_KLA,tut,80.5033
1980,polish_1931,LT_KLA,yi,2426.19
1980,polish_1931,LT_KLA,he,309.618
1980,polish_1931,LT_KLA,de,46897
1980,polish_1931,LT_KLA,ru,2181.77
1980,polish_1931,LT_KLA,lt,107008
1980,polish_1931,LT_KLA,cs,6.78318
1980,polish_1931,LT_KLA,lv,325.001
1980,polish_1931,LT_KLA,other,1034.91
1990,imperial_1897,WAW,pl,1.79545e+06
1990,imperial_1897,WAW,uk,252231
1990,imperial_1897,WAW,be,93220.7
1990,imperial_1897,WAW,yi,317677
1990,imperial_1897,WAW,de,23100.2
1990,imperial_1897,WAW,ru,23838.2
1990,imperial_1897,WAW,lt,21984.5
1990,imperial_1897,WAW,cs,1985.39
1990,imperial_1897,WAW,lv,248.477
1990,imperial_1897,WAW,other,6180.69
1990,imperial_1897,WAR,pl,2.72997e+06
1990,imperial_1897,WAR,uk,77319.9
1990,imperial_1897,WAR,be,34235.1
1990,imperial_1897,WAR,yi,205639
1990,imperial_1897,WAR,de,44911.2
1990,imperial_1897,WAR,ru,16505.7
1990,imperial_1897,WAR,lt,8336.97
1990,imperial_1897,WAR,cs,842.709
1990,imperial_1897,WAR,lv,101.906
1990,imperial_1897,WAR,other,10318.5
1990,imperial_1897,LOD,pl,2.93826e+06
1990,imperial_1897,LOD,uk,132512
1990,imperial_1897,LOD,be,59599.8
1990,imperial_1897,LOD,yi,329710
1990,imperial_1897,LOD,de,111966
1990,imperial_1897,LOD,ru,17031.5
1990,imperial_1897,LOD,lt,14870.3
1990,imperial_1897,LOD,cs,1476.87
1990,imperial_1897,LOD,lv,181.35
1990,imperial_1897,LOD,other,12374.5
1990,imperial_1897,KIE,pl,3.6065e+06
1990,imperial_1897,KIE,uk,106702
1990,imperial_1897,KIE,be,43564.5
1990,imperial_1897,KIE,yi,311002
1990,imperial_1897,KIE,de,22295.7
1990,imperial_1897,KIE,ru,14687.5
1990,imperial_1897,KIE,lt,10438.8
1990,imperial_1897,KIE,cs,1161.27
1990,imperial_1897,KIE,lv,129.078
1990,imperial_1897,KIE,other,11679.8
1990,imperial_1897,LUB,pl,3.21602e+06
1990,imperial_1897,LUB,uk,393011
1990,imperial_1897,LUB,be,113288
1990,imperial_1897,LUB,yi,240581
1990,imperial_1897,LUB,de,22820.9
1990,imperial_1897,LUB,ru,44990.9
1990,imperial_1897,LUB,lt,8966.13
1990,imperial_1897,LUB,cs,1422.17
1990,imperial_1897,LUB,lv,107.075
1990,imperial_1897,LUB,other,5277.78
1990,imperial_1897,BIA,pl,1.64268e+06
1990,imperial_1897,BIA,uk,112060
1990,imperial_1897,BIA,be,353655
1990,imperial_1897,BIA,yi,178165
1990,imperial_1897,BIA,de,11962.8
1990,imperial_1897,BIA,ru,79948
1990,imperial_1897,BIA,lt,22287.2
1990,imperial_1897,BIA,cs,714.58
1990,imperial_1897,BIA,lv,124.459
1990,imperial_1897,BIA,other,3593.33
1990,imperial_1897,WIL,pl,980603
1990,imperial_1897,WIL,uk,63696.1
1990,imperial_1897,WIL,be,372871
1990,imperial_1897,WIL,yi,84627.3
1990,imperial_1897,WIL,de,4064.46
1990,imperial_1897,WIL,ru,69332.1
1990,imperial_1897,WIL,lt,67419.6
1990,imperial_1897,WIL,cs,384.211
1990,imperial_1897,WIL,lv,124.407
1990,imperial_1897,WIL,other,3072.45
1990,imperial_1897,NOW,pl,915219
1990,imperial_1897,NOW,uk,99577
1990,imperial_1897,NOW,be,705953
1990,imperial_1897,NOW,yi,69772.1
1990,imperial_1897,NOW,de,2542.91
1990,imperial_1897,NOW,ru,65406.5
1990,imperial_1897,NOW,lt,5675.42
1990,imperial_1897,NOW,cs,450.746
1990,imperial_1897,NOW,lv,58.8484
1990,imperial_1897,NOW,other,1831.09
1990,imperial_1897,POL,pl,975272
1990,imperial_1897,POL,uk,849698
1990,imperial_1897,POL,be,794675
1990,imperial_1897,POL,yi,91235.8
1990,imperial_1897,POL,de,3625.89
1990,imperial_1897,POL,ru,110498
1990,imperial_1897,POL,lt,4722.56
1990,imperial_1897,POL,cs,609.075
1990,imperial_1897,POL,lv,55.7947
1990,imperial_1897,POL,other,2477.73
1990,imperial_1897,WOL,pl,961371
1990,imperial_1897,WOL,uk,2.89345e+06
1990,imperial_1897,WOL,be,49740.8
1990,imperial_1897,WOL,yi,159245
1990,imperial_1897,WOL,de,42183.5
1990,imperial_1897,WOL,ru,48694.5
1990,imperial_1897,WOL,lt,4920.29
1990,imperial_1897,WOL,cs,41746
1990,imperial_1897,WOL,lv,58.5168
1990,imperial_1897,WOL,other,6280.72
1990,imperial_1897,POZ,pl,2.3765e+06
1990,imperial_1897,POZ,uk,87725.3
1990,imperial_1897,POZ,be,39233.9
1990,imperial_1897,POZ,yi,76402.7
1990,imperial_1897,POZ,de,144445
1990,imperial_1897,POZ,ru,9717.52
1990,imperial_1897,POZ,lt,10093.5
1990,imperial_1897,POZ,cs,1004.4
1990,imperial_1897,POZ,lv,123.12
1990,imperial_1897,POZ,other,3691.74
1990,imperial_1897,POM,pl,1.5704e+06
1990,imperial_1897,POM,uk,71304.1
1990,imperial_1897,POM,be,31621.6
1990,imperial_1897,POM,yi,60124.1
1990,imperial_1897,POM,de,91644.1
1990,imperial_1897,POM,ru,7734.41
1990,imperial_1897,POM,lt,8203.28
1990,imperial_1897,POM,cs,797.762
1990,imperial_1897,POM,lv,97.7116
1990,imperial_1897,POM,other,3839.54
1990,imperial_1897,SLA,pl,1.91458e+06
1990,imperial_1897,SLA,uk,131365
1990,imperial_1897,SLA,be,43781.4
1990,imperial_1897,SLA,yi,100011
1990,imperial_1897,SLA,de,71298.9
1990,imperial_1897,SLA,ru,10731.4
1990,imperial_1897,SLA,lt,10752.6
1990,imperial_1897,SLA,cs,1254.78
1990,imperial_1897,SLA,lv,128.284
1990,imperial_1897,SLA,other,5448.3
1990,imperial_1897,KRA,pl,2.30583e+06
1990,imperial_1897,KRA,uk,167800
1990,imperial_1897,KRA,be,30596.8
1990,imperial_1897,KRA,yi,155208
1990,imperial_1897,KRA,de,15012
1990,imperial_1897,KRA,ru,7598.1
1990,imperial_1897,KRA,lt,7185.68
1990,imperial_1897,KRA,cs,912.142
1990,imperial_1897,KRA,lv,89.0474
1990,imperial_1897,KRA,other,8724.54
1990,imperial_1897,LWO,pl,2.0262e+06
1990,imperial_1897,LWO,uk,1.5566e+06
1990,imperial_1897,LWO,be,44544.2
1990,imperial_1897,LWO,yi,273033
1990,imperial_1897,LWO,de,18215.1
1990,imperial_1897,LWO,ru,11569.1
1990,imperial_1897,LWO,lt,8799.59
1990,imperial_1897,LWO,cs,1954.15
1990,imperial_1897,LWO,lv,108.392
1990,imperial_1897,LWO,other,11796.7
1990,imperial_1897,STA,pl,450497
1990,imperial_1897,STA,uk,1.23048e+06
1990,imperial_1897,STA,be,13836.1
1990,imperial_1897,STA,yi,93642.4
1990,imperial_1897,STA,de,13976.7
1990,imperial_1897,STA,ru,3456.46
1990,imperial_1897,STA,lt,2856.67
1990,imperial_1897,STA,cs,635.875
1990,imperial_1897,STA,lv,35.1493
1990,imperial_1897,STA,other,5179.69
1990,imperial_1897,TAR,pl,705914
1990,imperial_1897,TAR,uk,866520
1990,imperial_1897,TAR,be,13230.2
1990,imperial_1897,TAR,yi,77977.6
1990,imperial_1897,TAR,de,4904.84
1990,imperial_1897,TAR,ru,3350.56
1990,imperial_1897,TAR,lt,2678.51
1990,imperial_1897,TAR,cs,643.784
1990,imperial_1897,TAR,lv,33.2842
1990,imperial_1897,TAR,other,2380.79
1990,imperial_1897,LT_KAU,pl,20913.3
1990,imperial_1897,LT_KAU,uk,1307.32
1990,imperial_1897,LT_KAU,be,1160.59
1990,imperial_1897,LT_KAU,yi,11659
1990,imperial_1897,LT_KAU,de,7870.17
1990,imperial_1897,LT_KAU,ru,12933.4
1990,imperial_1897,LT_KAU,lt,310276
1990,imperial_1897,LT_KAU,cs,21.1194
1990,imperial_1897,LT_KAU,lv,579.678
1990,imperial_1897,LT_KAU,other,2546.57
1990,imperial_1897,LT_LAU,pl,23417.6
1990,imperial_1897,LT_LAU,uk,938.27
1990,imperial_1897,LT_LAU,be,871.071
1990,imperial_1897,LT_LAU,yi,11563.1
1990,imperial_1897,LT_LAU,de,4127.36
1990,imperial_1897,LT_LAU,ru,12635.8
1990,imperial_1897,LT_LAU,lt,512062
1990,imperial_1897,LT_LAU,cs,15.709
1990,imperial_1897,LT_LAU,lv,1436
1990,imperial_1897,LT_LAU,other,1283.73
1990,imperial_1897,LT_ZEM,pl,9392.24
1990,imperial_1897,LT_ZEM,uk,1061.37
1990,imperial_1897,LT_ZEM,be,963.225
1990,imperial_1897,LT_ZEM,yi,12312.9
1990,imperial_1897,LT_ZEM,de,6967.68
1990,imperial_1897,LT_ZEM,ru,8312.91
1990,imperial_1897,LT_ZEM,lt,593259
1990,imperial_1897,LT_ZEM,cs,17.8012
1990,imperial_1897,LT_ZEM,lv,5671.89
1990,imperial_1897,LT_ZEM,other,1705.62
1990,imperial_1897,LT_SUV,pl,12529.6
1990,imperial_1897,LT_SUV,uk,1191.77
1990,imperial_1897,LT_SUV,be,1854.3
1990,imperial_1897,LT_SUV,yi,9841.86
1990,imperial_1897,LT_SUV,de,15150.8
1990,imperial_1897,LT_SUV,ru,6448.08
1990,imperial_1897,LT_SUV,lt,459075
1990,imperial_1897,LT_SUV,cs,19.2389
1990,imperial_1897,LT_SUV,lv,447.208
1990,imperial_1897,LT_SUV,other,2408.31
1990,imperial_1897,LT_NEA,pl,19928.2
1990,imperial_1897,LT_NEA,uk,715.897
1990,imperial_1897,LT_NEA,be,2484.29
1990,imperial_1897,LT_NEA,yi,8853.84
1990,imperial_1897,LT_NEA,de,2127.18
1990,imperial_1897,LT_NEA,ru,28405
1990,imperial_1897,LT_NEA,lt,402212
1990,imperial_1897,LT_NEA,cs,12.1124
1990,imperial_1897,LT_NEA,lv,6841
1990,imperial_1897,LT_NEA,other,1050.1
1990,imperial_1897,LT_KLA,pl,2229.86
1990,imperial_1897,LT_KLA,uk,572.714
1990,imperial_1897,LT_KLA,be,477.824
1990,imperial_1897,LT_KLA,yi,2403.58
1990,imperial_1897,LT_KLA,de,44504.1
1990,imperial_1897,LT_KLA,ru,2438.57
1990,imperial_1897,LT_KLA,lt,148216
1990,imperial_1897,LT_KLA,cs,9.67913
1990,imperial_1897,LT_KLA,lv,345.064
1990,imperial_1897,LT_KLA,other,976.59
1990,latent,WAW,pl,1.96985e+06
1990,latent,WAW,uk,205644
1990,latent,WAW,be,53239.7
1990,latent,WAW,tut,25250.4
1990,latent,WAW,yi,206239
1990,latent,WAW,de,23100.2
1990,latent,WAW,ru,12248.7
1990,latent,WAW,lt,21984.5
1990,latent,WAW,cs,1985.39
1990,latent,WAW,lv,248.477
1990,latent,WAW,csb,6839.93
1990,latent,WAW,rue,3103.9
1990,latent,WAW,rom,3137.63
1990,latent,WAW,kdr,22.7074
1990,latent,WAW,wym,11.3073
1990,latent,WAW,other,3009.04
1990,latent,WAR,pl,2.81266e+06
1990,latent,WAR,uk,58963.6
1990,latent,WAR,be,18211.3
1990,latent,WAR,tut,9628.85
1990,latent,WAR,yi,146270
1990,latent,WAR,de,44911.2
1990,latent,WAR,ru,11780.2
1990,latent,WAR,lt,8336.97
1990,latent,WAR,cs,842.709
1990,latent,WAR,lv,101.906
1990,latent,WAR,csb,4818.23
1990,latent,WAR,rue,1342.94
1990,latent,WAR,rom,4030.28
1990,latent,WAR,kdr,9.40875
1990,latent,WAR,wym,5.31119
1990,latent,WAR,other,6273.49
1990,latent,LOD,pl,3.08144e+06
1990,latent,LOD,uk,100664
1990,latent,LOD,be,32065.9
1990,latent,LOD,tut,16700.7
1990,latent,LOD,yi,228239
1990,latent,LOD,de,111966
1990,latent,LOD,ru,8935.55
1990,latent,LOD,lt,14870.3
1990,latent,LOD,cs,1476.87
1990,latent,LOD,lv,181.35
1990,latent,LOD,csb,6593.17
1990,latent,LOD,rue,2475.17
1990,latent,LOD,rom,4024.72
1990,latent,LOD,kdr,17.0143
1990,latent,LOD,wym,10.3327
1990,latent,LOD,other,8322.39
1990,latent,KIE,pl,3.72521e+06
1990,latent,KIE,uk,81641.9
1990,latent,KIE,be,23487.5
1990,latent,KIE,tut,12310.6
1990,latent,KIE,yi,224288
1990,latent,KIE,de,22295.7
1990,latent,KIE,ru,8810.65
1990,latent,KIE,lt,10438.8
1990,latent,KIE,cs,1161.27
1990,latent,KIE,lv,129.078
1990,latent,KIE,csb,4333.16
1990,latent,KIE,rue,2367.69
1990,latent,KIE,rom,5072.39
1990,latent,KIE,kdr,12.3943
1990,latent,KIE,wym,10.1118
1990,latent,KIE,other,6584.91
1990,latent,LUB,pl,3.44903e+06
1990,latent,LUB,uk,325289
1990,latent,LUB,be,26143.7
1990,latent,LUB,tut,14039.1
1990,latent,LUB,yi,176006
1990,latent,LUB,de,22820.9
1990,latent,LUB,ru,12571.1
1990,latent,LUB,lt,8966.13
1990,latent,LUB,cs,1422.17
1990,latent,LUB,lv,107.075
1990,latent,LUB,csb,2928.77
1990,latent,LUB,rue,1890.03
1990,latent,LUB,rom,4061.79
1990,latent,LUB,kdr,10.8514
1990,latent,LUB,wym,6.05282
1990,latent,LUB,other,1199.09
1990,latent,BIA,pl,1.85413e+06
1990,latent,BIA,uk,52332.3
1990,latent,BIA,be,267277
1990,latent,BIA,tut,9966.06
1990,latent,BIA,yi,133227
1990,latent,BIA,de,11962.8
1990,latent,BIA,ru,46620.7
1990,latent,BIA,lt,22287.2
1990,latent,BIA,cs,714.58
1990,latent,BIA,lv,124.459
1990,latent,BIA,csb,2006.6
1990,latent,BIA,rue,943.781
1990,latent,BIA,rom,1928.21
1990,latent,BIA,kdr,10.3654
1990,latent,BIA,wym,3.47439
1990,latent,BIA,other,1651.28
1990,latent,WIL,pl,1.1098e+06
1990,latent,WIL,uk,22743.6
1990,latent,WIL,be,315459
1990,latent,WIL,tut,10189.9
1990,latent,WIL,yi,64304.9
1990,latent,WIL,de,4064.46
1990,latent,WIL,ru,47141.4
1990,latent,WIL,lt,67419.6
1990,latent,WIL,cs,384.211
1990,latent,WIL,lv,124.407
1990,latent,WIL,csb,1017.99
1990,latent,WIL,rue,475.134
1990,latent,WIL,rom,1353.92
1990,latent,WIL,kdr,182.821
1990,latent,WIL,wym,1.81946
1990,latent,WIL,other,1533.89
1990,latent,NOW,pl,1.15223e+06
1990,latent,NOW,uk,27702.8
1990,latent,NOW,be,594089
1990,latent,NOW,tut,5905.74
1990,latent,NOW,yi,53667
1990,latent,NOW,de,2542.91
1990,latent,NOW,ru,21062.5
1990,latent,NOW,lt,5675.42
1990,latent,NOW,cs,450.746
1990,latent,NOW,lv,58.8484
1990,latent,NOW,csb,813.437
1990,latent,NOW,rue,458.566
1990,latent,NOW,rom,1470.76
1990,latent,NOW,kdr,4.99041
1990,latent,NOW,wym,1.53417
1990,latent,NOW,other,353.801
1990,latent,POL,pl,1.40937e+06
1990,latent,POL,uk,160778
1990,latent,POL,be,129064
1990,latent,POL,tut,1.02141e+06
1990,latent,POL,yi,70845.1
1990,latent,POL,de,3625.89
1990,latent,POL,ru,27946.3
1990,latent,POL,lt,4722.56
1990,latent,POL,cs,609.075
1990,latent,POL,lv,55.7947
1990,latent,POL,csb,1238.08
1990,latent,POL,rue,725.74
1990,latent,POL,rom,1215.53
1990,latent,POL,kdr,5.17947
1990,latent,POL,wym,2.34819
1990,latent,POL,other,1254.67
1990,latent,WOL,pl,1.05695e+06
1990,latent,WOL,uk,2.86535e+06
1990,latent,WOL,be,17089.8
1990,latent,WOL,tut,8468.71
1990,latent,WOL,yi,124961
1990,latent,WOL,de,42183.5
1990,latent,WOL,ru,37118.4
1990,latent,WOL,lt,4920.29
1990,latent,WOL,cs,41746
1990,latent,WOL,lv,58.5168
1990,latent,WOL,csb,1402.39
1990,latent,WOL,rue,1163.03
1990,latent,WOL,rom,2725.25
1990,latent,WOL,kdr,31.5592
1990,latent,WOL,wym,2.93941
1990,latent,WOL,other,3520.97
1990,latent,POZ,pl,2.43511e+06
1990,latent,POZ,uk,66687.7
1990,latent,POZ,be,21587.7
1990,latent,POZ,tut,11229.3
1990,latent,POZ,yi,42554.8
1990,latent,POZ,de,144445
1990,latent,POZ,ru,4620.53
1990,latent,POZ,lt,10093.5
1990,latent,POZ,cs,1004.4
1990,latent,POZ,lv,123.12
1990,latent,POZ,csb,6058.39
1990,latent,POZ,rue,1732.23
1990,latent,POZ,rom,2117.02
1990,latent,POZ,kdr,11.4687
1990,latent,POZ,wym,7.37636
1990,latent,POZ,other,1555.87
1990,latent,POM,pl,1.47258e+06
1990,latent,POM,uk,54800.6
1990,latent,POM,be,17631.2
1990,latent,POM,tut,9074.4
1990,latent,POM,yi,34747.3
1990,latent,POM,de,91644.1
1990,latent,POM,ru,3723.22
1990,latent,POM,lt,8203.28
1990,latent,POM,cs,797.762
1990,latent,POM,lv,97.7116
1990,latent,POM,csb,147338
1990,latent,POM,rue,1296.72
1990,latent,POM,rom,1639.88
1990,latent,POM,kdr,9.01826
1990,latent,POM,wym,5.38562
1990,latent,POM,other,2185.26
1990,latent,SLA,pl,1.99183e+06
1990,latent,SLA,uk,104006
1990,latent,SLA,be,23844.9
1990,latent,SLA,tut,12881.8
1990,latent,SLA,yi,55296
1990,latent,SLA,de,71298.9
1990,latent,SLA,ru,5009.6
1990,latent,SLA,lt,10752.6
1990,latent,SLA,cs,1254.78
1990,latent,SLA,lv,128.284
1990,latent,SLA,csb,4665.82
1990,latent,SLA,rue,2930.38
1990,latent,SLA,rom,2604.07
1990,latent,SLA,kdr,12.891
1990,latent,SLA,wym,12.9602
1990,latent,SLA,other,2818.37
1990,latent,KRA,pl,2.40177e+06
1990,latent,KRA,uk,70946
1990,latent,KRA,be,16406
1990,latent,KRA,tut,9177.36
1990,latent,KRA,yi,101436
1990,latent,KRA,de,15012
1990,latent,KRA,ru,3529.67
1990,latent,KRA,lt,7185.68
1990,latent,KRA,cs,912.142
1990,latent,KRA,lv,89.0474
1990,latent,KRA,csb,2766.62
1990,latent,KRA,rue,61002.3
1990,latent,KRA,rom,6249.32
1990,latent,KRA,kdr,9.10405
1990,latent,KRA,wym,283.911
1990,latent,KRA,other,2182.21
1990,latent,LWO,pl,2.2856e+06
1990,latent,LWO,uk,1.35529e+06
1990,latent,LWO,be,22129.6
1990,latent,LWO,tut,13606.9
1990,latent,LWO,yi,169449
1990,latent,LWO,de,18215.1
1990,latent,LWO,ru,4995.09
1990,latent,LWO,lt,8799.59
1990,latent,LWO,cs,1954.15
1990,latent,LWO,lv,108.392
1990,latent,LWO,csb,2833.61
1990,latent,LWO,rue,58036.7
1990,latent,LWO,rom,5896.3
1990,latent,LWO,kdr,13.9934
1990,latent,LWO,wym,7.89292
1990,latent,LWO,other,5878.53
1990,latent,STA,pl,546736
1990,latent,STA,uk,1.16396e+06
1990,latent,STA,be,7288.37
1990,latent,STA,tut,4626.17
1990,latent,STA,yi,65733.7
1990,latent,STA,de,13976.7
1990,latent,STA,ru,1651.63
1990,latent,STA,lt,2856.67
1990,latent,STA,cs,635.875
1990,latent,STA,lv,35.1493
1990,latent,STA,csb,922.371
1990,latent,STA,rue,993.23
1990,latent,STA,rom,2046.8
1990,latent,STA,kdr,45.2155
1990,latent,STA,wym,2.54994
1990,latent,STA,other,3085.12
1990,latent,TAR,pl,823539
1990,latent,TAR,uk,778935
1990,latent,TAR,be,6901.76
1990,latent,TAR,tut,4328.1
1990,latent,TAR,yi,49921.5
1990,latent,TAR,de,4904.84
1990,latent,TAR,ru,1580.74
1990,latent,TAR,lt,2678.51
1990,latent,TAR,cs,643.784
1990,latent,TAR,lv,33.2842
1990,latent,TAR,csb,862.396
1990,latent,TAR,rue,924.981
1990,latent,TAR,rom,1237.19
1990,latent,TAR,kdr,4.24422
1990,latent,TAR,wym,2.39789
1990,latent,TAR,other,1136.96
1990,latent,LT_KAU,pl,21316.9
1990,latent,LT_KAU,uk,1040.92
1990,latent,LT_KAU,be,956.821
1990,latent,LT_KAU,tut,279.814
1990,latent,LT_KAU,yi,11399.3
1990,latent,LT_KAU,de,7870.17
1990,latent,LT_KAU,ru,12892.8
1990,latent,LT_KAU,lt,310276
1990,latent,LT_KAU,cs,21.1194
1990,latent,LT_KAU,lv,579.678
1990,latent,LT_KAU,csb,61.6282
1990,latent,LT_KAU,rue,25.4438
1990,latent,LT_KAU,rom,882.201
1990,latent,LT_KAU,kdr,3.82498
1990,latent,LT_KAU,other,1660.4
1990,latent,LT_LAU,pl,23643.8
1990,latent,LT_LAU,uk,752.335
1990,latent,LT_LAU,be,737.511
1990,latent,LT_LAU,tut,204.096
1990,latent,LT_LAU,yi,11414.7
1990,latent,LT_LAU,de,4127.36
1990,latent,LT_LAU,ru,12610.1
1990,latent,LT_LAU,lt,512062
1990,latent,LT_LAU,cs,15.709
1990,latent,LT_LAU,lv,1436
1990,latent,LT_LAU,csb,44.8824
1990,latent,LT_LAU,rue,18.4636
1990,latent,LT_LAU,rom,194.274
1990,latent,LT_LAU,kdr,49.3036
1990,latent,LT_LAU,other,1040.05
1990,latent,LT_ZEM,pl,9551.77
1990,latent,LT_ZEM,uk,862.373
1990,latent,LT_ZEM,be,825.987
1990,latent,LT_ZEM,tut,235.072
1990,latent,LT_ZEM,yi,12203.2
1990,latent,LT_ZEM,de,6967.68
1990,latent,LT_ZEM,ru,8291.04
1990,latent,LT_ZEM,lt,593259
1990,latent,LT_ZEM,cs,17.8012
1990,latent,LT_ZEM,lv,5671.89
1990,latent,LT_ZEM,csb,51.6698
1990,latent,LT_ZEM,rue,21.4958
1990,latent,LT_ZEM,rom,458.381
1990,latent,LT_ZEM,kdr,4.45397
1990,latent,LT_ZEM,other,1242.66
1990,latent,LT_SUV,pl,12613.9
1990,latent,LT_SUV,uk,964.556
1990,latent,LT_SUV,be,1811.29
1990,latent,LT_SUV,tut,264.636
1990,latent,LT_SUV,yi,9707.19
1990,latent,LT_SUV,de,15150.8
1990,latent,LT_SUV,ru,6422.73
1990,latent,LT_SUV,lt,459075
1990,latent,LT_SUV,cs,19.2389
1990,latent,LT_SUV,lv,447.208
1990,latent,LT_SUV,csb,57.0378
1990,latent,LT_SUV,rue,24.2696
1990,latent,LT_SUV,rom,1407.25
1990,latent,LT_SUV,kdr,2.88507
1990,latent,LT_SUV,other,998.042
1990,latent,LT_NEA,pl,19869.4
1990,latent,LT_NEA,uk,570.888
1990,latent,LT_NEA,be,2616.46
1990,latent,LT_NEA,tut,156.834
1990,latent,LT_NEA,yi,8743.3
1990,latent,LT_NEA,de,2127.18
1990,latent,LT_NEA,ru,28383.2
1990,latent,LT_NEA,lt,402212
1990,latent,LT_NEA,cs,12.1124
1990,latent,LT_NEA,lv,6841
1990,latent,LT_NEA,csb,33.6011
1990,latent,LT_NEA,rue,13.6169
1990,latent,LT_NEA,rom,131.354
1990,latent,LT_NEA,kdr,3.08606
1990,latent,LT_NEA,other,915.576
1990,latent,LT_KLA,pl,2296.92
1990,latent,LT_KLA,uk,469.006
1990,latent,LT_KLA,be,406.594
1990,latent,LT_KLA,tut,124.36
1990,latent,LT_KLA,yi,2352.86
1990,latent,LT_KLA,de,44504.1
1990,latent,LT_KLA,ru,2428.01
1990,latent,LT_KLA,lt,148216
1990,latent,LT_KLA,cs,9.67913
1990,latent,LT_KLA,lv,345.064
1990,latent,LT_KLA,csb,33.0294
1990,latent,LT_KLA,rue,11.7742
1990,latent,LT_KLA,rom,118.084
1990,latent,LT_KLA,kdr,2.09779
1990,latent,LT_KLA,other,856.345
1990,lithuanian_1923,WAW,pl,1.96985e+06
1990,lithuanian_1923,WAW,uk,205644
1990,lithuanian_1923,WAW,be,53239.7
1990,lithuanian_1923,WAW,tut,25250.4
1990,lithuanian_1923,WAW,yi,206239
1990,lithuanian_1923,WAW,de,23100.2
1990,lithuanian_1923,WAW,ru,12248.7
1990,lithuanian_1923,WAW,lt,21984.5
1990,lithuanian_1923,WAW,cs,1985.39
1990,lithuanian_1923,WAW,lv,248.477
1990,lithuanian_1923,WAW,csb,6839.93
1990,lithuanian_1923,WAW,rue,3103.9
1990,lithuanian_1923,WAW,rom,3137.63
1990,lithuanian_1923,WAW,kdr,22.7074
1990,lithuanian_1923,WAW,wym,11.3073
1990,lithuanian_1923,WAW,other,3009.04
1990,lithuanian_1923,WAR,pl,2.81266e+06
1990,lithuanian_1923,WAR,uk,58963.6
1990,lithuanian_1923,WAR,be,18211.3
1990,lithuanian_1923,WAR,tut,9628.85
1990,lithuanian_1923,WAR,yi,146270
1990,lithuanian_1923,WAR,de,44911.2
1990,lithuanian_1923,WAR,ru,11780.2
1990,lithuanian_1923,WAR,lt,8336.97
1990,lithuanian_1923,WAR,cs,842.709
1990,lithuanian_1923,WAR,lv,101.906
1990,lithuanian_1923,WAR,csb,4818.23
1990,lithuanian_1923,WAR,rue,1342.94
1990,lithuanian_1923,WAR,rom,4030.28
1990,lithuanian_1923,WAR,kdr,9.40875
1990,lithuanian_1923,WAR,wym,5.31119
1990,lithuanian_1923,WAR,other,6273.49
1990,lithuanian_1923,LOD,pl,3.08144e+06
1990,lithuanian_1923,LOD,uk,100664
1990,lithuanian_1923,LOD,be,32065.9
1990,lithuanian_1923,LOD,tut,16700.7
1990,lithuanian_1923,LOD,yi,228239
1990,lithuanian_1923,LOD,de,111966
1990,lithuanian_1923,LOD,ru,8935.55
1990,lithuanian_1923,LOD,lt,14870.3
1990,lithuanian_1923,LOD,cs,1476.87
1990,lithuanian_1923,LOD,lv,181.35
1990,lithuanian_1923,LOD,csb,6593.17
1990,lithuanian_1923,LOD,rue,2475.17
1990,lithuanian_1923,LOD,rom,4024.72
1990,lithuanian_1923,LOD,kdr,17.0143
1990,lithuanian_1923,LOD,wym,10.3327
1990,lithuanian_1923,LOD,other,8322.39
1990,lithuanian_1923,KIE,pl,3.72521e+06
1990,lithuanian_1923,KIE,uk,81641.9
1990,lithuanian_1923,KIE,be,23487.5
1990,lithuanian_1923,KIE,tut,12310.6
1990,lithuanian_1923,KIE,yi,224288
1990,lithuanian_1923,KIE,de,22295.7
1990,lithuanian_1923,KIE,ru,8810.65
1990,lithuanian_1923,KIE,lt,10438.8
1990,lithuanian_1923,KIE,cs,1161.27
1990,lithuanian_1923,KIE,lv,129.078
1990,lithuanian_1923,KIE,csb,4333.16
1990,lithuanian_1923,KIE,rue,2367.69
1990,lithuanian_1923,KIE,rom,5072.39
1990,lithuanian_1923,KIE,kdr,12.3943
1990,lithuanian_1923,KIE,wym,10.1118
1990,lithuanian_1923,KIE,other,6584.91
1990,lithuanian_1923,LUB,pl,3.44903e+06
1990,lithuanian_1923,LUB,uk,325289
1990,lithuanian_1923,LUB,be,26143.7
1990,lithuanian_1923,LUB,tut,14039.1
1990,lithuanian_1923,LUB,yi,176006
1990,lithuanian_1923,LUB,de,22820.9
1990,lithuanian_1923,LUB,ru,12571.1
1990,lithuanian_1923,LUB,lt,8966.13
1990,lithuanian_1923,LUB,cs,1422.17
1990,lithuanian_1923,LUB,lv,107.075
1990,lithuanian_1923,LUB,csb,2928.77
1990,lithuanian_1923,LUB,rue,1890.03
1990,lithuanian_1923,LUB,rom,4061.79
1990,lithuanian_1923,LUB,kdr,10.8514
1990,lithuanian_1923,LUB,wym,6.05282
1990,lithuanian_1923,LUB,other,1199.09
1990,lithuanian_1923,BIA,pl,1.85413e+06
1990,lithuanian_1923,BIA,uk,52332.3
1990,lithuanian_1923,BIA,be,267277
1990,lithuanian_1923,BIA,tut,9966.06
1990,lithuanian_1923,BIA,yi,133227
1990,lithuanian_1923,BIA,de,11962.8
1990,lithuanian_1923,BIA,ru,46620.7
1990,lithuanian_1923,BIA,lt,22287.2
1990,lithuanian_1923,BIA,cs,714.58
1990,lithuanian_1923,BIA,lv,124.459
1990,lithuanian_1923,BIA,csb,2006.6
1990,lithuanian_1923,BIA,rue,943.781
1990,lithuanian_1923,BIA,rom,1928.21
1990,lithuanian_1923,BIA,kdr,10.3654
1990,lithuanian_1923,BIA,wym,3.47439
1990,lithuanian_1923,BIA,other,1651.28
1990,lithuanian_1923,WIL,pl,1.1098e+06
1990,lithuanian_1923,WIL,uk,22743.6
1990,lithuanian_1923,WIL,be,315459
1990,lithuanian_1923,WIL,tut,10189.9
1990,lithuanian_1923,WIL,yi,64304.9
1990,lithuanian_1923,WIL,de,4064.46
1990,lithuanian_1923,WIL,ru,47141.4
1990,lithuanian_1923,WIL,lt,67419.6
1990,lithuanian_1923,WIL,cs,384.211
1990,lithuanian_1923,WIL,lv,124.407
1990,lithuanian_1923,WIL,csb,1017.99
1990,lithuanian_1923,WIL,rue,475.134
1990,lithuanian_1923,WIL,rom,1353.92
1990,lithuanian_1923,WIL,kdr,182.821
1990,lithuanian_1923,WIL,wym,1.81946
1990,lithuanian_1923,WIL,other,1533.89
1990,lithuanian_1923,NOW,pl,1.15223e+06
1990,lithuanian_1923,NOW,uk,27702.8
1990,lithuanian_1923,NOW,be,594089
1990,lithuanian_1923,NOW,tut,5905.74
1990,lithuanian_1923,NOW,yi,53667
1990,lithuanian_1923,NOW,de,2542.91
1990,lithuanian_1923,NOW,ru,21062.5
1990,lithuanian_1923,NOW,lt,5675.42
1990,lithuanian_1923,NOW,cs,450.746
1990,lithuanian_1923,NOW,lv,58.8484
1990,lithuanian_1923,NOW,csb,813.437
1990,lithuanian_1923,NOW,rue,458.566
1990,lithuanian_1923,NOW,rom,1470.76
1990,lithuanian_1923,NOW,kdr,4.99041
1990,lithuanian_1923,NOW,wym,1.53417
1990,lithuanian_1923,NOW,other,353.801
1990,lithuanian_1923,POL,pl,1.40937e+06
1990,lithuanian_1923,POL,uk,160778
1990,lithuanian_1923,POL,be,129064
1990,lithuanian_1923,POL,tut,1.02141e+06
1990,lithuanian_1923,POL,yi,70845.1
1990,lithuanian_1923,POL,de,3625.89
1990,lithuanian_1923,POL,ru,27946.3
1990,lithuanian_1923,POL,lt,4722.56
1990,lithuanian_1923,POL,cs,609.075
1990,lithuanian_1923,POL,lv,55.7947
1990,lithuanian_1923,POL,csb,1238.08
1990,lithuanian_1923,POL,rue,725.74
1990,lithuanian_1923,POL,rom,1215.53
1990,lithuanian_1923,POL,kdr,5.17947
1990,lithuanian_1923,POL,wym,2.34819
1990,lithuanian_1923,POL,other,1254.67
1990,lithuanian_1923,WOL,pl,1.05695e+06
1990,lithuanian_1923,WOL,uk,2.86535e+06
1990,lithuanian_1923,WOL,be,17089.8
1990,lithuanian_1923,WOL,tut,8468.71
1990,lithuanian_1923,WOL,yi,124961
1990,lithuanian_1923,WOL,de,42183.5
1990,lithuanian_1923,WOL,ru,37118.4
1990,lithuanian_1923,WOL,lt,4920.29
1990,lithuanian_1923,WOL,cs,41746
1990,lithuanian_1923,WOL,lv,58.5168
1990,lithuanian_1923,WOL,csb,1402.39
1990,lithuanian_1923,WOL,rue,1163.03
1990,lithuanian_1923,WOL,rom,2725.25
1990,lithuanian_1923,WOL,kdr,31.5592
1990,lithuanian_1923,WOL,wym,2.93941
1990,lithuanian_1923,WOL,other,3520.97
1990,lithuanian_1923,POZ,pl,2.43511e+06
1990,lithuanian_1923,POZ,uk,66687.7
1990,lithuanian_1923,POZ,be,21587.7
1990,lithuanian_1923,POZ,tut,11229.3
1990,lithuanian_1923,POZ,yi,42554.8
1990,lithuanian_1923,POZ,de,144445
1990,lithuanian_1923,POZ,ru,4620.53
1990,lithuanian_1923,POZ,lt,10093.5
1990,lithuanian_1923,POZ,cs,1004.4
1990,lithuanian_1923,POZ,lv,123.12
1990,lithuanian_1923,POZ,csb,6058.39
1990,lithuanian_1923,POZ,rue,1732.23
1990,lithuanian_1923,POZ,rom,2117.02
1990,lithuanian_1923,POZ,kdr,11.4687
1990,lithuanian_1923,POZ,wym,7.37636
1990,lithuanian_1923,POZ,other,1555.87
1990,lithuanian_1923,POM,pl,1.47258e+06
1990,lithuanian_1923,POM,uk,54800.6
1990,lithuanian_1923,POM,be,17631.2
1990,lithuanian_1923,POM,tut,9074.4
1990,lithuanian_1923,POM,yi,34747.3
1990,lithuanian_1923,POM,de,91644.1
1990,lithuanian_1923,POM,ru,3723.22
1990,lithuanian_1923,POM,lt,8203.28
1990,lithuanian_1923,POM,cs,797.762
1990,lithuanian_1923,POM,lv,97.7116
1990,lithuanian_1923,POM,csb,147338
1990,lithuanian_1923,POM,rue,1296.72
1990,lithuanian_1923,POM,rom,1639.88
1990,lithuanian_1923,POM,kdr,9.01826
1990,lithuanian_1923,POM,wym,5.38562
1990,lithuanian_1923,POM,other,2185.26
1990,lithuanian_1923,SLA,pl,1.99183e+06
1990,lithuanian_1923,SLA,uk,104006
1990,lithuanian_1923,SLA,be,23844.9
1990,lithuanian_1923,SLA,tut,12881.8
1990,lithuanian_1923,SLA,yi,55296
1990,lithuanian_1923,SLA,de,71298.9
1990,lithuanian_1923,SLA,ru,5009.6
1990,lithuanian_1923,SLA,lt,10752.6
1990,lithuanian_1923,SLA,cs,1254.78
1990,lithuanian_1923,SLA,lv,128.284
1990,lithuanian_1923,SLA,csb,4665.82
1990,lithuanian_1923,SLA,rue,2930.38
1990,lithuanian_1923,SLA,rom,2604.07
1990,lithuanian_1923,SLA,kdr,12.891
1990,lithuanian_1923,SLA,wym,12.9602
1990,lithuanian_1923,SLA,other,2818.37
1990,lithuanian_1923,KRA,pl,2.40177e+06
1990,lithuanian_1923,KRA,uk,70946
1990,lithuanian_1923,KRA,be,16406
1990,lithuanian_1923,KRA,tut,9177.36
1990,lithuanian_1923,KRA,yi,101436
1990,lithuanian_1923,KRA,de,15012
1990,lithuanian_1923,KRA,ru,3529.67
1990,lithuanian_1923,KRA,lt,7185.68
1990,lithuanian_1923,KRA,cs,912.142
1990,lithuanian_1923,KRA,lv,89.0474
1990,lithuanian_1923,KRA,csb,2766.62
1990,lithuanian_1923,KRA,rue,61002.3
1990,lithuanian_1923,KRA,rom,6249.32
1990,lithuanian_1923,KRA,kdr,9.10405
1990,lithuanian_1923,KRA,wym,283.911
1990,lithuanian_1923,KRA,other,2182.21
1990,lithuanian_1923,LWO,pl,2.2856e+06
1990,lithuanian_1923,LWO,uk,1.35529e+06
1990,lithuanian_1923,LWO,be,22129.6
1990,lithuanian_1923,LWO,tut,13606.9
1990,lithuanian_1923,LWO,yi,169449
1990,lithuanian_1923,LWO,de,18215.1
1990,lithuanian_1923,LWO,ru,4995.09
1990,lithuanian_1923,LWO,lt,8799.59
1990,lithuanian_1923,LWO,cs,1954.15
1990,lithuanian_1923,LWO,lv,108.392
1990,lithuanian_1923,LWO,csb,2833.61
1990,lithuanian_1923,LWO,rue,58036.7
1990,lithuanian_1923,LWO,rom,5896.3
1990,lithuanian_1923,LWO,kdr,13.9934
1990,lithuanian_1923,LWO,wym,7.89292
1990,lithuanian_1923,LWO,other,5878.53
1990,lithuanian_1923,STA,pl,546736
1990,lithuanian_1923,STA,uk,1.16396e+06
1990,lithuanian_1923,STA,be,7288.37
1990,lithuanian_1923,STA,tut,4626.17
1990,lithuanian_1923,STA,yi,65733.7
1990,lithuanian_1923,STA,de,13976.7
1990,lithuanian_1923,STA,ru,1651.63
1990,lithuanian_1923,STA,lt,2856.67
1990,lithuanian_1923,STA,cs,635.875
1990,lithuanian_1923,STA,lv,35.1493
1990,lithuanian_1923,STA,csb,922.371
1990,lithuanian_1923,STA,rue,993.23
1990,lithuanian_1923,STA,rom,2046.8
1990,lithuanian_1923,STA,kdr,45.2155
1990,lithuanian_1923,STA,wym,2.54994
1990,lithuanian_1923,STA,other,3085.12
1990,lithuanian_1923,TAR,pl,823539
1990,lithuanian_1923,TAR,uk,778935
1990,lithuanian_1923,TAR,be,6901.76
1990,lithuanian_1923,TAR,tut,4328.1
1990,lithuanian_1923,TAR,yi,49921.5
1990,lithuanian_1923,TAR,de,4904.84
1990,lithuanian_1923,TAR,ru,1580.74
1990,lithuanian_1923,TAR,lt,2678.51
1990,lithuanian_1923,TAR,cs,643.784
1990,lithuanian_1923,TAR,lv,33.2842
1990,lithuanian_1923,TAR,csb,862.396
1990,lithuanian_1923,TAR,rue,924.981
1990,lithuanian_1923,TAR,rom,1237.19
1990,lithuanian_1923,TAR,kdr,4.24422
1990,lithuanian_1923,TAR,wym,2.39789
1990,lithuanian_1923,TAR,other,1136.96
1990,lithuanian_1923,LT_KAU,pl,9558.97
1990,lithuanian_1923,LT_KAU,uk,1040.92
1990,lithuanian_1923,LT_KAU,be,956.821
1990,lithuanian_1923,LT_KAU,tut,279.814
1990,lithuanian_1923,LT_KAU,yi,11399.3
1990,lithuanian_1923,LT_KAU,de,7870.17
1990,lithuanian_1923,LT_KAU,ru,12892.8
1990,lithuanian_1923,LT_KAU,lt,322033
1990,lithuanian_1923,LT_KAU,cs,21.1194
1990,lithuanian_1923,LT_KAU,lv,579.678
1990,lithuanian_1923,LT_KAU,csb,61.6282
1990,lithuanian_1923,LT_KAU,rue,25.4438
1990,lithuanian_1923,LT_KAU,rom,882.201
1990,lithuanian_1923,LT_KAU,kdr,3.82498
1990,lithuanian_1923,LT_KAU,other,1660.4
1990,lithuanian_1923,LT_LAU,pl,9820.16
1990,lithuanian_1923,LT_LAU,uk,752.335
1990,lithuanian_1923,LT_LAU,be,737.511
1990,lithuanian_1923,LT_LAU,tut,204.096
1990,lithuanian_1923,LT_LAU,yi,11414.7
1990,lithuanian_1923,LT_LAU,de,4127.36
1990,lithuanian_1923,LT_LAU,ru,12610.1
1990,lithuanian_1923,LT_LAU,lt,525885
1990,lithuanian_1923,LT_LAU,cs,15.709
1990,lithuanian_1923,LT_LAU,lv,1436
1990,lithuanian_1923,LT_LAU,csb,44.8824
1990,lithuanian_1923,LT_LAU,rue,18.4636
1990,lithuanian_1923,LT_LAU,rom,194.274
1990,lithuanian_1923,LT_LAU,kdr,49.3036
1990,lithuanian_1923,LT_LAU,other,1040.05
1990,lithuanian_1923,LT_ZEM,pl,4114.37
1990,lithuanian_1923,LT_ZEM,uk,862.373
1990,lithuanian_1923,LT_ZEM,be,825.987
1990,lithuanian_1923,LT_ZEM,tut,235.072
1990,lithuanian_1923,LT_ZEM,yi,12203.2
1990,lithuanian_1923,LT_ZEM,de,6967.68
1990,lithuanian_1923,LT_ZEM,ru,8291.04
1990,lithuanian_1923,LT_ZEM,lt,598697
1990,lithuanian_1923,LT_ZEM,cs,17.8012
1990,lithuanian_1923,LT_ZEM,lv,5671.89
1990,lithuanian_1923,LT_ZEM,csb,51.6698
1990,lithuanian_1923,LT_ZEM,rue,21.4958
1990,lithuanian_1923,LT_ZEM,rom,458.381
1990,lithuanian_1923,LT_ZEM,kdr,4.45397
1990,lithuanian_1923,LT_ZEM,other,1242.66
1990,lithuanian_1923,LT_SUV,pl,5398.77
1990,lithuanian_1923,LT_SUV,uk,964.556
1990,lithuanian_1923,LT_SUV,be,1811.29
1990,lithuanian_1923,LT_SUV,tut,264.636
1990,lithuanian_1923,LT_SUV,yi,9707.19
1990,lithuanian_1923,LT_SUV,de,15150.8
1990,lithuanian_1923,LT_SUV,ru,6422.73
1990,lithuanian_1923,LT_SUV,lt,466290
1990,lithuanian_1923,LT_SUV,cs,19.2389
1990,lithuanian_1923,LT_SUV,lv,447.208
1990,lithuanian_1923,LT_SUV,csb,57.0378
1990,lithuanian_1923,LT_SUV,rue,24.2696
1990,lithuanian_1923,LT_SUV,rom,1407.25
1990,lithuanian_1923,LT_SUV,kdr,2.88507
1990,lithuanian_1923,LT_SUV,other,998.042
1990,lithuanian_1923,LT_NEA,pl,8233.23
1990,lithuanian_1923,LT_NEA,uk,570.888
1990,lithuanian_1923,LT_NEA,be,2616.46
1990,lithuanian_1923,LT_NEA,tut,156.834
1990,lithuanian_1923,LT_NEA,yi,8743.3
1990,lithuanian_1923,LT_NEA,de,2127.18
1990,lithuanian_1923,LT_NEA,ru,28383.2
1990,lithuanian_1923,LT_NEA,lt,413849
1990,lithuanian_1923,LT_NEA,cs,12.1124
1990,lithuanian_1923,LT_NEA,lv,6841
1990,lithuanian_1923,LT_NEA,csb,33.6011
1990,lithuanian_1923,LT_NEA,rue,13.6169
1990,lithuanian_1923,LT_NEA,rom,131.354
1990,lithuanian_1923,LT_NEA,kdr,3.08606
1990,lithuanian_1923,LT_NEA,other,915.576
1990,lithuanian_1923,LT_KLA,pl,1057.9
1990,lithuanian_1923,LT_KLA,uk,469.006
1990,lithuanian_1923,LT_KLA,be,406.594
1990,lithuanian_1923,LT_KLA,tut,124.36
1990,lithuanian_1923,LT_KLA,yi,2352.86
1990,lithuanian_1923,LT_KLA,de,44504.1
1990,lithuanian_1923,LT_KLA,ru,2428.01
1990,lithuanian_1923,LT_KLA,lt,149455
1990,lithuanian_1923,LT_KLA,cs,9.67913
1990,lithuanian_1923,LT_KLA,lv,345.064
1990,lithuanian_1923,LT_KLA,csb,33.0294
1990,lithuanian_1923,LT_KLA,rue,11.7742
1990,lithuanian_1923,LT_KLA,rom,118.084
1990,lithuanian_1923,LT_KLA,kdr,2.09779
1990,lithuanian_1923,LT_KLA,other,856.345
1990,modern_selfid,WAW,pl,2.04153e+06
1990,modern_selfid,WAW,uk,189165
1990,modern_selfid,WAW,be,47004.7
1990,modern_selfid,WAW,tut,6312.59
1990,modern_selfid,WAW,yi,183616
1990,modern_selfid,WAW,de,20539.1
1990,modern_selfid,WAW,ru,10834.1
1990,modern_selfid,WAW,lt,21984.5
1990,modern_selfid,WAW,cs,1772.98
1990,modern_selfid,WAW,lv,231.788
1990,modern_selfid,WAW,csb,5101.09
1990,modern_selfid,WAW,rue,2368.39
1990,modern_selfid,WAW,rom,2417.02
1990,modern_selfid,WAW,kdr,17.2193
1990,modern_selfid,WAW,wym,8.33011
1990,modern_selfid,WAW,other,3009.04
1990,modern_selfid,WAR,pl,2.84945e+06
1990,modern_selfid,WAR,uk,54911.2
1990,modern_selfid,WAR,be,16368.5
1990,modern_selfid,WAR,tut,2407.21
1990,modern_selfid,WAR,yi,131288
1990,modern_selfid,WAR,de,40053.6
1990,modern_selfid,WAR,ru,10452
1990,modern_selfid,WAR,lt,8336.97
1990,modern_selfid,WAR,cs,754.156
1990,modern_selfid,WAR,lv,95.0926
1990,modern_selfid,WAR,csb,3615.65
1990,modern_selfid,WAR,rue,1029.59
1990,modern_selfid,WAR,rom,3135.32
1990,modern_selfid,WAR,kdr,7.1624
1990,modern_selfid,WAR,wym,3.91918
1990,modern_selfid,WAR,other,6273.49
1990,modern_selfid,LOD,pl,3.14517e+06
1990,modern_selfid,LOD,uk,93708.5
1990,modern_selfid,LOD,be,28718.9
1990,modern_selfid,LOD,tut,4175.18
1990,modern_selfid,LOD,yi,204093
1990,modern_selfid,LOD,de,99543.5
1990,modern_selfid,LOD,ru,7921.41
1990,modern_selfid,LOD,lt,14870.3
1990,modern_selfid,LOD,cs,1320.67
1990,modern_selfid,LOD,lv,169.14
1990,modern_selfid,LOD,csb,4941.13
1990,modern_selfid,LOD,rue,1891.64
1990,modern_selfid,LOD,rom,3115.75
1990,modern_selfid,LOD,kdr,12.9423
1990,modern_selfid,LOD,wym,7.61706
1990,modern_selfid,LOD,other,8322.39
1990,modern_selfid,KIE,pl,3.77179e+06
1990,modern_selfid,KIE,uk,75808.7
1990,modern_selfid,KIE,be,21126.3
1990,modern_selfid,KIE,tut,3077.66
1990,modern_selfid,KIE,yi,201429
1990,modern_selfid,KIE,de,19880.4
1990,modern_selfid,KIE,ru,7836.11
1990,modern_selfid,KIE,lt,10438.8
1990,modern_selfid,KIE,cs,1039.51
1990,modern_selfid,KIE,lv,120.538
1990,modern_selfid,KIE,csb,3250.54
1990,modern_selfid,KIE,rue,1814.51
1990,modern_selfid,KIE,rom,3945.18
1990,modern_selfid,KIE,kdr,9.44884
1990,modern_selfid,KIE,wym,7.45514
1990,modern_selfid,KIE,other,6584.91
1990,modern_selfid,LUB,pl,3.51501e+06
1990,modern_selfid,LUB,uk,295682
1990,modern_selfid,LUB,be,23792.3
1990,modern_selfid,LUB,tut,3509.77
1990,modern_selfid,LUB,yi,158398
1990,modern_selfid,LUB,de,20418.2
1990,modern_selfid,LUB,ru,11256.7
1990,modern_selfid,LUB,lt,8966.13
1990,modern_selfid,LUB,cs,1276.26
1990,modern_selfid,LUB,lv,100.257
1990,modern_selfid,LUB,csb,2212.55
1990,modern_selfid,LUB,rue,1454.51
1990,modern_selfid,LUB,rom,3198.22
1990,modern_selfid,LUB,kdr,8.28446
1990,modern_selfid,LUB,wym,4.48199
1990,modern_selfid,LUB,other,1199.09
1990,modern_selfid,BIA,pl,1.94245e+06
1990,modern_selfid,BIA,uk,49190.2
1990,modern_selfid,BIA,be,210583
1990,modern_selfid,BIA,tut,2491.51
1990,modern_selfid,BIA,yi,119797
1990,modern_selfid,BIA,de,10702.9
1990,modern_selfid,BIA,ru,41521.4
1990,modern_selfid,BIA,lt,22287.2
1990,modern_selfid,BIA,cs,640.471
1990,modern_selfid,BIA,lv,116.209
1990,modern_selfid,BIA,csb,1511.55
1990,modern_selfid,BIA,rue,725.393
1990,modern_selfid,BIA,rom,1506.36
1990,modern_selfid,BIA,kdr,7.90781
1990,modern_selfid,BIA,wym,2.56892
1990,modern_selfid,BIA,other,1651.28
1990,modern_selfid,WIL,pl,1.19781e+06
1990,modern_selfid,WIL,uk,22832.9
1990,modern_selfid,WIL,be,247904
1990,modern_selfid,WIL,tut,2547.46
1990,modern_selfid,WIL,yi,57766.3
1990,modern_selfid,WIL,de,3642.93
1990,modern_selfid,WIL,ru,41945.7
1990,modern_selfid,WIL,lt,67419.6
1990,modern_selfid,WIL,cs,344.623
1990,modern_selfid,WIL,lv,115.978
1990,modern_selfid,WIL,csb,767.417
1990,modern_selfid,WIL,rue,364.982
1990,modern_selfid,WIL,rom,1058.91
1990,modern_selfid,WIL,kdr,138.494
1990,modern_selfid,WIL,wym,1.34577
1990,modern_selfid,WIL,other,1533.89
1990,modern_selfid,NOW,pl,1.28656e+06
1990,modern_selfid,NOW,uk,26266.4
1990,modern_selfid,NOW,be,473945
1990,modern_selfid,NOW,tut,1476.44
1990,modern_selfid,NOW,yi,48416.9
1990,modern_selfid,NOW,de,2277.79
1990,modern_selfid,NOW,ru,18921.4
1990,modern_selfid,NOW,lt,5675.42
1990,modern_selfid,NOW,cs,405.274
1990,modern_selfid,NOW,lv,55.1682
1990,modern_selfid,NOW,csb,615.961
1990,modern_selfid,NOW,rue,353.604
1990,modern_selfid,NOW,rom,1160.76
1990,modern_selfid,NOW,kdr,3.82087
1990,modern_selfid,NOW,wym,1.13862
1990,modern_selfid,NOW,other,353.801
1990,modern_selfid,POL,pl,1.71712e+06
1990,modern_selfid,POL,uk,400676
1990,modern_selfid,POL,be,358293
1990,modern_selfid,POL,tut,255353
1990,modern_selfid,POL,yi,63951.2
1990,modern_selfid,POL,de,3249.59
1990,modern_selfid,POL,ru,25161.7
1990,modern_selfid,POL,lt,4722.56
1990,modern_selfid,POL,cs,548.968
1990,modern_selfid,POL,lv,52.485
1990,modern_selfid,POL,csb,945.735
1990,modern_selfid,POL,rue,564.799
1990,modern_selfid,POL,rom,969.954
1990,modern_selfid,POL,kdr,3.99882
1990,modern_selfid,POL,wym,1.75423
1990,modern_selfid,POL,other,1254.67
1990,modern_selfid,WOL,pl,1.35449e+06
1990,modern_selfid,WOL,uk,2.60058e+06
1990,modern_selfid,WOL,be,15493.9
1990,modern_selfid,WOL,tut,2117.18
1990,modern_selfid,WOL,yi,112899
1990,modern_selfid,WOL,de,38016.3
1990,modern_selfid,WOL,ru,33408.1
1990,modern_selfid,WOL,lt,4920.29
1990,modern_selfid,WOL,cs,37991.3
1990,modern_selfid,WOL,lv,55.2288
1990,modern_selfid,WOL,csb,1071
1990,modern_selfid,WOL,rue,906.176
1990,modern_selfid,WOL,rom,2183.68
1990,modern_selfid,WOL,kdr,24.3563
1990,modern_selfid,WOL,wym,2.19717
1990,modern_selfid,WOL,other,3520.97
1990,modern_selfid,POZ,pl,2.47385e+06
1990,modern_selfid,POZ,uk,62109.5
1990,modern_selfid,POZ,be,19311.3
1990,modern_selfid,POZ,tut,2807.32
1990,modern_selfid,POZ,yi,38118
1990,modern_selfid,POZ,de,128472
1990,modern_selfid,POZ,ru,4099.34
1990,modern_selfid,POZ,lt,10093.5
1990,modern_selfid,POZ,cs,897.697
1990,modern_selfid,POZ,lv,114.839
1990,modern_selfid,POZ,csb,4530.2
1990,modern_selfid,POZ,rue,1324.04
1990,modern_selfid,POZ,rom,1635.62
1990,modern_selfid,POZ,kdr,8.71144
1990,modern_selfid,POZ,wym,5.43163
1990,modern_selfid,POZ,other,1555.87
1990,modern_selfid,POM,pl,1.53621e+06
1990,modern_selfid,POM,uk,51024.5
1990,modern_selfid,POM,be,15772.5
1990,modern_selfid,POM,tut,2268.6
1990,modern_selfid,POM,yi,31163.1
1990,modern_selfid,POM,de,81572.2
1990,modern_selfid,POM,ru,3306.45
1990,modern_selfid,POM,lt,8203.28
1990,modern_selfid,POM,cs,713.556
1990,modern_selfid,POM,lv,91.2934
1990,modern_selfid,POM,csb,110989
1990,modern_selfid,POM,rue,991.161
1990,modern_selfid,POM,rom,1269.82
1990,modern_selfid,POM,kdr,6.86033
1990,modern_selfid,POM,wym,3.96915
1990,modern_selfid,POM,other,2185.26
1990,modern_selfid,SLA,pl,2.02932e+06
1990,modern_selfid,SLA,uk,95651
1990,modern_selfid,SLA,be,21436.1
1990,modern_selfid,SLA,tut,3220.46
1990,modern_selfid,SLA,yi,49509.5
1990,modern_selfid,SLA,de,63198.6
1990,modern_selfid,SLA,ru,4442.5
1990,modern_selfid,SLA,lt,10752.6
1990,modern_selfid,SLA,cs,1121.37
1990,modern_selfid,SLA,lv,119.751
1990,modern_selfid,SLA,csb,3491.8
1990,modern_selfid,SLA,rue,2237.39
1990,modern_selfid,SLA,rom,2010.4
1990,modern_selfid,SLA,kdr,9.77594
1990,modern_selfid,SLA,wym,9.53008
1990,modern_selfid,SLA,other,2818.37
1990,modern_selfid,KRA,pl,2.44436e+06
1990,modern_selfid,KRA,uk,65396.4
1990,modern_selfid,KRA,be,14852.4
1990,modern_selfid,KRA,tut,2294.34
1990,modern_selfid,KRA,yi,90894.4
1990,modern_selfid,KRA,de,13365
1990,modern_selfid,KRA,ru,3133.34
1990,modern_selfid,KRA,lt,7185.68
1990,modern_selfid,KRA,cs,815.858
1990,modern_selfid,KRA,lv,83.1153
1990,modern_selfid,KRA,csb,2075.82
1990,modern_selfid,KRA,rue,47262.8
1990,modern_selfid,KRA,rom,4838.55
1990,modern_selfid,KRA,kdr,6.91772
1990,modern_selfid,KRA,wym,208.81
1990,modern_selfid,KRA,other,2182.21
1990,modern_selfid,LWO,pl,2.47756e+06
1990,modern_selfid,LWO,uk,1.21062e+06
1990,modern_selfid,LWO,be,20356.5
1990,modern_selfid,LWO,tut,3401.71
1990,modern_selfid,LWO,yi,151968
1990,modern_selfid,LWO,de,16248.5
1990,modern_selfid,LWO,ru,4434.04
1990,modern_selfid,LWO,lt,8799.59
1990,modern_selfid,LWO,cs,1748.04
1990,modern_selfid,LWO,lv,101.547
1990,modern_selfid,LWO,csb,2128.92
1990,modern_selfid,LWO,rue,44981.5
1990,modern_selfid,LWO,rom,4568.34
1990,modern_selfid,LWO,kdr,10.655
1990,modern_selfid,LWO,wym,5.82567
1990,modern_selfid,LWO,other,5878.53
1990,modern_selfid,STA,pl,681745
1990,modern_selfid,STA,uk,1.0422e+06
1990,modern_selfid,STA,be,6765.37
1990,modern_selfid,STA,tut,1156.54
1990,modern_selfid,STA,yi,59112.6
1990,modern_selfid,STA,de,12508.1
1990,modern_selfid,STA,ru,1469.53
1990,modern_selfid,STA,lt,2856.67
1990,modern_selfid,STA,cs,570.192
1990,modern_selfid,STA,lv,33.0644
1990,modern_selfid,STA,csb,695.697
1990,modern_selfid,STA,rue,764.455
1990,modern_selfid,STA,rom,1596.04
1990,modern_selfid,STA,kdr,34.2495
1990,modern_selfid,STA,wym,1.88737
1990,modern_selfid,STA,other,3085.12
1990,modern_selfid,TAR,pl,916562
1990,modern_selfid,TAR,uk,696220
1990,modern_selfid,TAR,be,6388.47
1990,modern_selfid,TAR,tut,1082.03
1990,modern_selfid,TAR,yi,44844.8
1990,modern_selfid,TAR,de,4380.67
1990,modern_selfid,TAR,ru,1405.75
1990,modern_selfid,TAR,lt,2678.51
1990,modern_selfid,TAR,cs,577.015
1990,modern_selfid,TAR,lv,31.2676
1990,modern_selfid,TAR,csb,649.711
1990,modern_selfid,TAR,rue,710.013
1990,modern_selfid,TAR,rom,961.378
1990,modern_selfid,TAR,kdr,3.23327
1990,modern_selfid,TAR,wym,1.77173
1990,modern_selfid,TAR,other,1136.96
1990,modern_selfid,LT_KAU,pl,21386.8
1990,modern_selfid,LT_KAU,uk,1043.99
1990,modern_selfid,LT_KAU,be,870.3
1990,modern_selfid,LT_KAU,tut,69.9534
1990,modern_selfid,LT_KAU,yi,10077.6
1990,modern_selfid,LT_KAU,de,7002.92
1990,modern_selfid,LT_KAU,ru,11399.3
1990,modern_selfid,LT_KAU,lt,314462
1990,modern_selfid,LT_KAU,cs,19.8439
1990,modern_selfid,LT_KAU,lv,514.356
1990,modern_selfid,LT_KAU,csb,53.6938
1990,modern_selfid,LT_KAU,rue,22.1553
1990,modern_selfid,LT_KAU,rom,680.382
1990,modern_selfid,LT_KAU,kdr,2.9258
1990,modern_selfid,LT_KAU,other,1660.4
1990,modern_selfid,LT_LAU,pl,23694.8
1990,modern_selfid,LT_LAU,uk,757.08
1990,modern_selfid,LT_LAU,be,666.292
1990,modern_selfid,LT_LAU,tut,51.0241
1990,modern_selfid,LT_LAU,yi,10097.4
1990,modern_selfid,LT_LAU,de,3680.37
1990,modern_selfid,LT_LAU,ru,11189.5
1990,modern_selfid,LT_LAU,lt,515637
1990,modern_selfid,LT_LAU,cs,14.807
1990,modern_selfid,LT_LAU,lv,1277.19
1990,modern_selfid,LT_LAU,csb,39.3449
1990,modern_selfid,LT_LAU,rue,16.1773
1990,modern_selfid,LT_LAU,rom,151.793
1990,modern_selfid,LT_LAU,kdr,37.2475
1990,modern_selfid,LT_LAU,other,1040.05
1990,modern_selfid,LT_ZEM,pl,9610.54
1990,modern_selfid,LT_ZEM,uk,866.622
1990,modern_selfid,LT_ZEM,be,747.423
1990,modern_selfid,LT_ZEM,tut,58.7679
1990,modern_selfid,LT_ZEM,yi,10798.3
1990,modern_selfid,LT_ZEM,de,6209.52
1990,modern_selfid,LT_ZEM,ru,7353.45
1990,modern_selfid,LT_ZEM,lt,597288
1990,modern_selfid,LT_ZEM,cs,16.7473
1990,modern_selfid,LT_ZEM,lv,5048.19
1990,modern_selfid,LT_ZEM,csb,45.1496
1990,modern_selfid,LT_ZEM,rue,18.7753
1990,modern_selfid,LT_ZEM,rom,356.891
1990,modern_selfid,LT_ZEM,kdr,3.39281
1990,modern_selfid,LT_ZEM,other,1242.66
1990,modern_selfid,LT_SUV,pl,12680.1
1990,modern_selfid,LT_SUV,uk,968.119
1990,modern_selfid,LT_SUV,be,1502.59
1990,modern_selfid,LT_SUV,tut,66.159
1990,modern_selfid,LT_SUV,yi,8607.05
1990,modern_selfid,LT_SUV,de,13523.6
1990,modern_selfid,LT_SUV,ru,5696.06
1990,modern_selfid,LT_SUV,lt,463344
1990,modern_selfid,LT_SUV,cs,18.0753
1990,modern_selfid,LT_SUV,lv,397.438
1990,modern_selfid,LT_SUV,csb,49.7476
1990,modern_selfid,LT_SUV,rue,21.1193
1990,modern_selfid,LT_SUV,rom,1091.93
1990,modern_selfid,LT_SUV,kdr,2.21078
1990,modern_selfid,LT_SUV,other,998.042
1990,modern_selfid,LT_NEA,pl,19908.6
1990,modern_selfid,LT_NEA,uk,574.937
1990,modern_selfid,LT_NEA,be,2072.07
1990,modern_selfid,LT_NEA,tut,39.2084
1990,modern_selfid,LT_NEA,yi,7746.18
1990,modern_selfid,LT_NEA,de,1898.18
1990,modern_selfid,LT_NEA,ru,25233.4
1990,modern_selfid,LT_NEA,lt,407985
1990,modern_selfid,LT_NEA,cs,11.4193
1990,modern_selfid,LT_NEA,lv,6099.17
1990,modern_selfid,LT_NEA,csb,29.3845
1990,modern_selfid,LT_NEA,rue,11.9097
1990,modern_selfid,LT_NEA,rom,102.923
1990,modern_selfid,LT_NEA,kdr,2.35387
1990,modern_selfid,LT_NEA,other,915.576
1990,modern_selfid,LT_KLA,pl,2328.01
1990,modern_selfid,LT_KLA,uk,473.324
1990,modern_selfid,LT_KLA,be,374.23
1990,modern_selfid,LT_KLA,tut,31.0899
1990,modern_selfid,LT_KLA,yi,2093.06
1990,modern_selfid,LT_KLA,de,39683.9
1990,modern_selfid,LT_KLA,ru,2148.55
1990,modern_selfid,LT_KLA,lt,153736
1990,modern_selfid,LT_KLA,cs,9.15329
1990,modern_selfid,LT_KLA,lv,306.347
1990,modern_selfid,LT_KLA,csb,29.3702
1990,modern_selfid,LT_KLA,rue,10.4397
1990,modern_selfid,LT_KLA,rom,92.4053
1990,modern_selfid,LT_KLA,kdr,1.59918
1990,modern_selfid,LT_KLA,other,856.345
1990,polish_1931,WAW,pl,2.01804e+06
1990,polish_1931,WAW,uk,159214
1990,polish_1931,WAW,ruth,34850.7
1990,polish_1931,WAW,be,37777.8
1990,polish_1931,WAW,tut,21715.3
1990,polish_1931,WAW,yi,194113
1990,polish_1931,WAW,he,12125.8
1990,polish_1931,WAW,de,20763.7
1990,polish_1931,WAW,ru,13212
1990,polish_1931,WAW,lt,18365.6
1990,polish_1931,WAW,cs,1985.39
1990,polish_1931,WAW,lv,248.477
1990,polish_1931,WAW,other,3502.4
1990,polish_1931,WAR,pl,2.83711e+06
1990,polish_1931,WAR,uk,45783.3
1990,polish_1931,WAR,ruth,10410.1
1990,polish_1931,WAR,be,12984.8
1990,polish_1931,WAR,tut,8280.81
1990,polish_1931,WAR,yi,138477
1990,polish_1931,WAR,he,7792.59
1990,polish_1931,WAR,de,41198.4
1990,polish_1931,WAR,ru,11346.3
1990,polish_1931,WAR,lt,6972.39
1990,polish_1931,WAR,cs,842.709
1990,polish_1931,WAR,lv,101.906
1990,polish_1931,WAR,other,6887.44
1990,polish_1931,LOD,pl,3.1212e+06
1990,polish_1931,LOD,uk,78074.5
1990,polish_1931,LOD,ruth,18012.3
1990,polish_1931,LOD,be,22801.9
1990,polish_1931,LOD,tut,14362.6
1990,polish_1931,LOD,yi,215854
1990,polish_1931,LOD,he,12385.3
1990,polish_1931,LOD,de,102922
1990,polish_1931,LOD,ru,9354.12
1990,polish_1931,LOD,lt,12417.1
1990,polish_1931,LOD,cs,1476.87
1990,polish_1931,LOD,lv,181.35
1990,polish_1931,LOD,other,8943.11
1990,polish_1931,KIE,pl,3.7519e+06
1990,polish_1931,KIE,uk,62904.8
1990,polish_1931,KIE,ruth,15322
1990,polish_1931,KIE,be,16786
1990,polish_1931,KIE,tut,10587.1
1990,polish_1931,KIE,yi,212308
1990,polish_1931,KIE,he,11979.7
1990,polish_1931,KIE,de,20113.7
1990,polish_1931,KIE,ru,8886.18
1990,polish_1931,KIE,lt,8723.81
1990,polish_1931,KIE,cs,1161.27
1990,polish_1931,KIE,lv,129.078
1990,polish_1931,KIE,other,7358.17
1990,polish_1931,LUB,pl,3.49196e+06
1990,polish_1931,LUB,uk,265325
1990,polish_1931,LUB,ruth,38548.9
1990,polish_1931,LUB,be,18584
1990,polish_1931,LUB,tut,12073.6
1990,polish_1931,LUB,yi,166519
1990,polish_1931,LUB,he,9487.41
1990,polish_1931,LUB,de,20781
1990,polish_1931,LUB,ru,12342.1
1990,polish_1931,LUB,lt,7519.67
1990,polish_1931,LUB,cs,1422.17
1990,polish_1931,LUB,lv,107.075
1990,polish_1931,LUB,other,1819.21
1990,polish_1931,BIA,pl,1.93972e+06
1990,polish_1931,BIA,uk,42004.9
1990,polish_1931,BIA,ruth,7740.45
1990,polish_1931,BIA,be,189255
1990,polish_1931,BIA,tut,8570.81
1990,polish_1931,BIA,yi,125970
1990,polish_1931,BIA,he,7256.39
1990,polish_1931,BIA,de,10904.2
1990,polish_1931,BIA,ru,52704
1990,polish_1931,BIA,lt,18273.1
1990,polish_1931,BIA,cs,714.58
1990,polish_1931,BIA,lv,124.459
1990,polish_1931,BIA,other,1950.88
1990,polish_1931,WIL,pl,1.21716e+06
1990,polish_1931,WIL,uk,18288.8
1990,polish_1931,WIL,ruth,3618.5
1990,polish_1931,WIL,be,218465
1990,polish_1931,WIL,tut,8763.27
1990,polish_1931,WIL,yi,60691.8
1990,polish_1931,WIL,he,3613.09
1990,polish_1931,WIL,de,3687.73
1990,polish_1931,WIL,ru,54786.5
1990,polish_1931,WIL,lt,54688.5
1990,polish_1931,WIL,cs,384.211
1990,polish_1931,WIL,lv,124.407
1990,polish_1931,WIL,other,1919.8
1990,polish_1931,NOW,pl,1.29693e+06
1990,polish_1931,NOW,uk,22294
1990,polish_1931,NOW,ruth,4031.06
1990,polish_1931,NOW,be,433960
1990,polish_1931,NOW,tut,5078.94
1990,polish_1931,NOW,yi,50651
1990,polish_1931,NOW,he,3016.03
1990,polish_1931,NOW,de,2287.22
1990,polish_1931,NOW,ru,42411
1990,polish_1931,NOW,lt,4738.02
1990,polish_1931,NOW,cs,450.746
1990,polish_1931,NOW,lv,58.8484
1990,polish_1931,NOW,other,579.405
1990,polish_1931,POL,pl,1.51812e+06
1990,polish_1931,POL,uk,181214
1990,polish_1931,POL,ruth,9650.44
1990,polish_1931,POL,be,135066
1990,polish_1931,POL,tut,878416
1990,polish_1931,POL,yi,66985.3
1990,polish_1931,POL,he,3859.81
1990,polish_1931,POL,de,3255.69
1990,polish_1931,POL,ru,30204.4
1990,polish_1931,POL,lt,3987.81
1990,polish_1931,POL,cs,609.075
1990,polish_1931,POL,lv,55.7947
1990,polish_1931,POL,other,1442.18
1990,polish_1931,WOL,pl,1.27595e+06
1990,polish_1931,WOL,uk,2.60019e+06
1990,polish_1931,WOL,ruth,64024.3
1990,polish_1931,WOL,be,12418.4
1990,polish_1931,WOL,tut,7283.09
1990,polish_1931,WOL,yi,118139
1990,polish_1931,WOL,he,6821.16
1990,polish_1931,WOL,de,38846.7
1990,polish_1931,WOL,ru,34083.9
1990,polish_1931,WOL,lt,4163.71
1990,polish_1931,WOL,cs,41746
1990,polish_1931,WOL,lv,58.5168
1990,polish_1931,WOL,other,3961.31
1990,polish_1931,POZ,pl,2.46864e+06
1990,polish_1931,POZ,uk,51772.2
1990,polish_1931,POZ,ruth,11979.9
1990,polish_1931,POZ,be,15334.8
1990,polish_1931,POZ,tut,9657.18
1990,polish_1931,POZ,yi,40052.7
1990,polish_1931,POZ,he,2502.05
1990,polish_1931,POZ,de,132508
1990,polish_1931,POZ,ru,5043.47
1990,polish_1931,POZ,lt,8431.8
1990,polish_1931,POZ,cs,1004.4
1990,polish_1931,POZ,lv,123.12
1990,polish_1931,POZ,other,1884.89
1990,polish_1931,POM,pl,1.64019e+06
1990,polish_1931,POM,uk,42593.9
1990,polish_1931,POM,ruth,9670.25
1990,polish_1931,POM,be,12541.9
1990,polish_1931,POM,tut,7803.98
1990,polish_1931,POM,yi,32718.6
1990,polish_1931,POM,he,2028.69
1990,polish_1931,POM,de,83952.9
1990,polish_1931,POM,ru,4071.66
1990,polish_1931,POM,lt,6867.43
1990,polish_1931,POM,cs,797.762
1990,polish_1931,POM,lv,97.7116
1990,polish_1931,POM,other,2440.26
1990,polish_1931,SLA,pl,2.0307e+06
1990,polish_1931,SLA,uk,78555.2
1990,polish_1931,SLA,ruth,20826.9
1990,polish_1931,SLA,be,16949.7
1990,polish_1931,SLA,tut,11078.4
1990,polish_1931,SLA,yi,52050.3
1990,polish_1931,SLA,he,3245.71
1990,polish_1931,SLA,de,56865.5
1990,polish_1931,SLA,ru,5487.73
1990,polish_1931,SLA,lt,8987.87
1990,polish_1931,SLA,cs,1254.78
1990,polish_1931,SLA,lv,128.284
1990,polish_1931,SLA,other,3221.87
1990,polish_1931,KRA,pl,2.42706e+06
1990,polish_1931,KRA,uk,59267
1990,polish_1931,KRA,ruth,64598.3
1990,polish_1931,KRA,be,11706.9
1990,polish_1931,KRA,tut,7892.53
1990,polish_1931,KRA,yi,96048.6
1990,polish_1931,KRA,he,5387.06
1990,polish_1931,KRA,de,13001.9
1990,polish_1931,KRA,ru,3849.04
1990,polish_1931,KRA,lt,6008.08
1990,polish_1931,KRA,cs,912.142
1990,polish_1931,KRA,lv,89.0474
1990,polish_1931,KRA,other,3128.71
1990,polish_1931,LWO,pl,2.41472e+06
1990,polish_1931,LWO,uk,827717
1990,polish_1931,LWO,ruth,475606
1990,polish_1931,LWO,be,15874.6
1990,polish_1931,LWO,tut,11701.9
1990,polish_1931,LWO,yi,160294
1990,polish_1931,LWO,he,9154.87
1990,polish_1931,LWO,de,16116.6
1990,polish_1931,LWO,ru,5402.9
1990,polish_1931,LWO,lt,7378.78
1990,polish_1931,LWO,cs,1954.15
1990,polish_1931,LWO,lv,108.392
1990,polish_1931,LWO,other,6776.97
1990,polish_1931,STA,pl,645386
1990,polish_1931,STA,uk,674407
1990,polish_1931,STA,ruth,399210
1990,polish_1931,STA,be,5256.08
1990,polish_1931,STA,tut,3978.51
1990,polish_1931,STA,yi,62187.1
1990,polish_1931,STA,he,3546.58
1990,polish_1931,STA,de,12324.6
1990,polish_1931,STA,ru,1783.31
1990,polish_1931,STA,lt,2407.07
1990,polish_1931,STA,cs,635.875
1990,polish_1931,STA,lv,35.1493
1990,polish_1931,STA,other,3437.36
1990,polish_1931,TAR,pl,890456
1990,polish_1931,TAR,uk,458035
1990,polish_1931,TAR,ruth,260214
1990,polish_1931,TAR,be,4971.95
1990,polish_1931,TAR,tut,3722.17
1990,polish_1931,TAR,yi,47213
1990,polish_1931,TAR,he,2708.51
1990,polish_1931,TAR,de,4351.87
1990,polish_1931,TAR,ru,1704.22
1990,polish_1931,TAR,lt,2253.54
1990,polish_1931,TAR,cs,643.784
1990,polish_1931,TAR,lv,33.2842
1990,polish_1931,TAR,other,1326.78
1990,polish_1931,LT_KAU,pl,101794
1990,polish_1931,LT_KAU,uk,832.392
1990,polish_1931,LT_KAU,ruth,174.812
1990,polish_1931,LT_KAU,be,634.428
1990,polish_1931,LT_KAU,tut,240.64
1990,polish_1931,LT_KAU,yi,10120.3
1990,polish_1931,LT_KAU,he,1279.06
1990,polish_1931,LT_KAU,de,7456.95
1990,polish_1931,LT_KAU,ru,11630
1990,polish_1931,LT_KAU,lt,232707
1990,polish_1931,LT_KAU,cs,21.1194
1990,polish_1931,LT_KAU,lv,579.678
1990,polish_1931,LT_KAU,other,1796.56
1990,polish_1931,LT_LAU,pl,153674
1990,polish_1931,LT_LAU,uk,603.167
1990,polish_1931,LT_LAU,ruth,125.251
1990,polish_1931,LT_LAU,be,466.753
1990,polish_1931,LT_LAU,tut,175.523
1990,polish_1931,LT_LAU,yi,10115.1
1990,polish_1931,LT_LAU,he,1299.64
1990,polish_1931,LT_LAU,de,3906.4
1990,polish_1931,LT_LAU,ru,11368
1990,polish_1931,LT_LAU,lt,384046
1990,polish_1931,LT_LAU,cs,15.709
1990,polish_1931,LT_LAU,lv,1436
1990,polish_1931,LT_LAU,other,1118.5
1990,polish_1931,LT_ZEM,pl,159858
1990,polish_1931,LT_ZEM,uk,689.034
1990,polish_1931,LT_ZEM,ruth,146.161
1990,polish_1931,LT_ZEM,be,532.486
1990,polish_1931,LT_ZEM,tut,202.162
1990,polish_1931,LT_ZEM,yi,10817.9
1990,polish_1931,LT_ZEM,he,1385.33
1990,polish_1931,LT_ZEM,de,6599.57
1990,polish_1931,LT_ZEM,ru,7483.99
1990,polish_1931,LT_ZEM,lt,444944
1990,polish_1931,LT_ZEM,cs,17.8012
1990,polish_1931,LT_ZEM,lv,5671.89
1990,polish_1931,LT_ZEM,other,1315.87
1990,polish_1931,LT_SUV,pl,131253
1990,polish_1931,LT_SUV,uk,767.366
1990,polish_1931,LT_SUV,ruth,166.891
1990,polish_1931,LT_SUV,be,680.597
1990,polish_1931,LT_SUV,tut,227.587
1990,polish_1931,LT_SUV,yi,8620.68
1990,polish_1931,LT_SUV,he,1086.5
1990,polish_1931,LT_SUV,de,14375.9
1990,polish_1931,LT_SUV,ru,5803.01
1990,polish_1931,LT_SUV,lt,344306
1990,polish_1931,LT_SUV,cs,19.2389
1990,polish_1931,LT_SUV,lv,447.208
1990,polish_1931,LT_SUV,other,1212.01
1990,polish_1931,LT_NEA,pl,125500
1990,polish_1931,LT_NEA,uk,459.388
1990,polish_1931,LT_NEA,ruth,92.9444
1990,polish_1931,LT_NEA,be,675.823
1990,polish_1931,LT_NEA,tut,134.877
1990,polish_1931,LT_NEA,yi,7746.63
1990,polish_1931,LT_NEA,he,996.666
1990,polish_1931,LT_NEA,de,2011.37
1990,polish_1931,LT_NEA,ru,25561.1
1990,polish_1931,LT_NEA,lt,301659
1990,polish_1931,LT_NEA,cs,12.1124
1990,polish_1931,LT_NEA,lv,6841
1990,polish_1931,LT_NEA,other,938.366
1990,polish_1931,LT_KLA,pl,42369.9
1990,polish_1931,LT_KLA,uk,375.251
1990,polish_1931,LT_KLA,ruth,79.4224
1990,polish_1931,LT_KLA,be,266.621
1990,polish_1931,LT_KLA,tut,106.949
1990,polish_1931,LT_KLA,yi,2096.91
1990,polish_1931,LT_KLA,he,255.945
1990,polish_1931,LT_KLA,de,42034.2
1990,polish_1931,LT_KLA,ru,2195.78
1990,polish_1931,LT_KLA,lt,111162
1990,polish_1931,LT_KLA,cs,9.67913
1990,polish_1931,LT_KLA,lv,345.064
1990,polish_1931,LT_KLA,other,876.155
2000,imperial_1897,WAW,pl,1.86854e+06
2000,imperial_1897,WAW,uk,295732
2000,imperial_1897,WAW,be,106596
2000,imperial_1897,WAW,yi,311014
2000,imperial_1897,WAW,de,23658.8
2000,imperial_1897,WAW,ru,27901.7
2000,imperial_1897,WAW,lt,24603.1
2000,imperial_1897,WAW,cs,2211.1
2000,imperial_1897,WAW,lv,267.271
2000,imperial_1897,WAW,other,6716.67
2000,imperial_1897,WAR,pl,2.62825e+06
2000,imperial_1897,WAR,uk,89616.8
2000,imperial_1897,WAR,be,39264.8
2000,imperial_1897,WAR,yi,201365
2000,imperial_1897,WAR,de,41252.6
2000,imperial_1897,WAR,ru,17734.7
2000,imperial_1897,WAR,lt,9353.27
2000,imperial_1897,WAR,cs,940.147
2000,imperial_1897,WAR,lv,109.846
2000,imperial_1897,WAR,other,9382.92
2000,imperial_1897,LOD,pl,2.87182e+06
2000,imperial_1897,LOD,uk,154109
2000,imperial_1897,LOD,be,67976.1
2000,imperial_1897,LOD,yi,319581
2000,imperial_1897,LOD,de,100324
2000,imperial_1897,LOD,ru,19746.4
2000,imperial_1897,LOD,lt,16485.9
2000,imperial_1897,LOD,cs,1631.62
2000,imperial_1897,LOD,lv,194.319
2000,imperial_1897,LOD,other,11263
2000,imperial_1897,KIE,pl,3.52084e+06
2000,imperial_1897,KIE,uk,124985
2000,imperial_1897,KIE,be,50800.8
2000,imperial_1897,KIE,yi,307397
2000,imperial_1897,KIE,de,21834.7
2000,imperial_1897,KIE,ru,17065.2
2000,imperial_1897,KIE,lt,11770.2
2000,imperial_1897,KIE,cs,1307.51
2000,imperial_1897,KIE,lv,141.431
2000,imperial_1897,KIE,other,10957.7
2000,imperial_1897,LUB,pl,3.24714e+06
2000,imperial_1897,LUB,uk,435154
2000,imperial_1897,LUB,be,128150
2000,imperial_1897,LUB,yi,237598
2000,imperial_1897,LUB,de,22008.5
2000,imperial_1897,LUB,ru,50674.9
2000,imperial_1897,LUB,lt,10306.5
2000,imperial_1897,LUB,cs,1578.16
2000,imperial_1897,LUB,lv,118.656
2000,imperial_1897,LUB,other,5519.86
2000,imperial_1897,BIA,pl,1.63607e+06
2000,imperial_1897,BIA,uk,127134
2000,imperial_1897,BIA,be,350513
2000,imperial_1897,BIA,yi,174953
2000,imperial_1897,BIA,de,11710.3
2000,imperial_1897,BIA,ru,82222.4
2000,imperial_1897,BIA,lt,22061.2
2000,imperial_1897,BIA,cs,812.263
2000,imperial_1897,BIA,lv,130.722
2000,imperial_1897,BIA,other,3562.15
2000,imperial_1897,WIL,pl,970028
2000,imperial_1897,WIL,uk,72647.2
2000,imperial_1897,WIL,be,358638
2000,imperial_1897,WIL,yi,82314.3
2000,imperial_1897,WIL,de,4188.42
2000,imperial_1897,WIL,ru,69704.9
2000,imperial_1897,WIL,lt,62817.6
2000,imperial_1897,WIL,cs,451.214
2000,imperial_1897,WIL,lv,125.487
2000,imperial_1897,WIL,other,2901.03
2000,imperial_1897,NOW,pl,964540
2000,imperial_1897,NOW,uk,118697
2000,imperial_1897,NOW,be,733976
2000,imperial_1897,NOW,yi,70095.4
2000,imperial_1897,NOW,de,2845.2
2000,imperial_1897,NOW,ru,74203.9
2000,imperial_1897,NOW,lt,6281.11
2000,imperial_1897,NOW,cs,534.59
2000,imperial_1897,NOW,lv,64.4488
2000,imperial_1897,NOW,other,1927.75
2000,imperial_1897,POL,pl,1.15754e+06
2000,imperial_1897,POL,uk,903702
2000,imperial_1897,POL,be,857045
2000,imperial_1897,POL,yi,91363.6
2000,imperial_1897,POL,de,4089.48
2000,imperial_1897,POL,ru,137382
2000,imperial_1897,POL,lt,5721.69
2000,imperial_1897,POL,cs,727.604
2000,imperial_1897,POL,lv,64.4303
2000,imperial_1897,POL,other,2629.75
2000,imperial_1897,WOL,pl,1.05581e+06
2000,imperial_1897,WOL,uk,3.17021e+06
2000,imperial_1897,WOL,be,64187.7
2000,imperial_1897,WOL,yi,157372
2000,imperial_1897,WOL,de,39600.5
2000,imperial_1897,WOL,ru,55339.6
2000,imperial_1897,WOL,lt,6145.27
2000,imperial_1897,WOL,cs,42274.8
2000,imperial_1897,WOL,lv,69.5286
2000,imperial_1897,WOL,other,6321.15
2000,imperial_1897,POZ,pl,2.28896e+06
2000,imperial_1897,POZ,uk,103119
2000,imperial_1897,POZ,be,45337.5
2000,imperial_1897,POZ,yi,83627.1
2000,imperial_1897,POZ,de,128933
2000,imperial_1897,POZ,ru,11805.5
2000,imperial_1897,POZ,lt,11338.9
2000,imperial_1897,POZ,cs,1122.04
2000,imperial_1897,POZ,lv,133.074
2000,imperial_1897,POZ,other,3941.98
2000,imperial_1897,POM,pl,1.55821e+06
2000,imperial_1897,POM,uk,84928.8
2000,imperial_1897,POM,be,37197.5
2000,imperial_1897,POM,yi,66827.3
2000,imperial_1897,POM,de,83547.8
2000,imperial_1897,POM,ru,9554.21
2000,imperial_1897,POM,lt,9402.58
2000,imperial_1897,POM,cs,903.061
2000,imperial_1897,POM,lv,108.003
2000,imperial_1897,POM,other,3867.19
2000,imperial_1897,SLA,pl,1.91244e+06
2000,imperial_1897,SLA,uk,153467
2000,imperial_1897,SLA,be,51062.5
2000,imperial_1897,SLA,yi,108895
2000,imperial_1897,SLA,de,64005.9
2000,imperial_1897,SLA,ru,13171.6
2000,imperial_1897,SLA,lt,12317.8
2000,imperial_1897,SLA,cs,1412.53
2000,imperial_1897,SLA,lv,141.097
2000,imperial_1897,SLA,other,5567.95
2000,imperial_1897,KRA,pl,2.21641e+06
2000,imperial_1897,KRA,uk,176158
2000,imperial_1897,KRA,be,35394.9
2000,imperial_1897,KRA,yi,153341
2000,imperial_1897,KRA,de,14524.2
2000,imperial_1897,KRA,ru,9293.34
2000,imperial_1897,KRA,lt,8136.95
2000,imperial_1897,KRA,cs,1015.7
2000,imperial_1897,KRA,lv,96.8488
2000,imperial_1897,KRA,other,8231.14
2000,imperial_1897,LWO,pl,1.99777e+06
2000,imperial_1897,LWO,uk,1.51655e+06
2000,imperial_1897,LWO,be,51625.1
2000,imperial_1897,LWO,yi,263255
2000,imperial_1897,LWO,de,17800
2000,imperial_1897,LWO,ru,14007.4
2000,imperial_1897,LWO,lt,10144
2000,imperial_1897,LWO,cs,2110.22
2000,imperial_1897,LWO,lv,120.684
2000,imperial_1897,LWO,other,10939.8
2000,imperial_1897,STA,pl,464838
2000,imperial_1897,STA,uk,1.18594e+06
2000,imperial_1897,STA,be,16649
2000,imperial_1897,STA,yi,90389.6
2000,imperial_1897,STA,de,12895
2000,imperial_1897,STA,ru,4389.55
2000,imperial_1897,STA,lt,3364.01
2000,imperial_1897,STA,cs,704.568
2000,imperial_1897,STA,lv,40.0008
2000,imperial_1897,STA,other,4655.68
2000,imperial_1897,TAR,pl,687990
2000,imperial_1897,TAR,uk,830002
2000,imperial_1897,TAR,be,15985.8
2000,imperial_1897,TAR,yi,74863.7
2000,imperial_1897,TAR,de,4866.77
2000,imperial_1897,TAR,ru,4258.96
2000,imperial_1897,TAR,lt,3165.89
2000,imperial_1897,TAR,cs,718.993
2000,imperial_1897,TAR,lv,37.638
2000,imperial_1897,TAR,other,2283.89
2000,imperial_1897,LT_KAU,pl,19800.4
2000,imperial_1897,LT_KAU,uk,1561.7
2000,imperial_1897,LT_KAU,be,1227.31
2000,imperial_1897,LT_KAU,yi,8599.28
2000,imperial_1897,LT_KAU,de,7166.95
2000,imperial_1897,LT_KAU,ru,11857.4
2000,imperial_1897,LT_KAU,lt,304506
2000,imperial_1897,LT_KAU,cs,24.7739
2000,imperial_1897,LT_KAU,lv,573.973
2000,imperial_1897,LT_KAU,other,2170.33
2000,imperial_1897,LT_LAU,pl,22176
2000,imperial_1897,LT_LAU,uk,1164.57
2000,imperial_1897,LT_LAU,be,938.841
2000,imperial_1897,LT_LAU,yi,8682.9
2000,imperial_1897,LT_LAU,de,3883.61
2000,imperial_1897,LT_LAU,ru,11937.9
2000,imperial_1897,LT_LAU,lt,488731
2000,imperial_1897,LT_LAU,cs,19.2303
2000,imperial_1897,LT_LAU,lv,1320.35
2000,imperial_1897,LT_LAU,other,1138.76
2000,imperial_1897,LT_ZEM,pl,9358.42
2000,imperial_1897,LT_ZEM,uk,1292.24
2000,imperial_1897,LT_ZEM,be,1019.44
2000,imperial_1897,LT_ZEM,yi,9237.36
2000,imperial_1897,LT_ZEM,de,6439.24
2000,imperial_1897,LT_ZEM,ru,7917.79
2000,imperial_1897,LT_ZEM,lt,563392
2000,imperial_1897,LT_ZEM,cs,21.3241
2000,imperial_1897,LT_ZEM,lv,5031.35
2000,imperial_1897,LT_ZEM,other,1516.96
2000,imperial_1897,LT_SUV,pl,12147.1
2000,imperial_1897,LT_SUV,uk,1418.63
2000,imperial_1897,LT_SUV,be,1708.39
2000,imperial_1897,LT_SUV,yi,7491.57
2000,imperial_1897,LT_SUV,de,13710.9
2000,imperial_1897,LT_SUV,ru,6147.04
2000,imperial_1897,LT_SUV,lt,434143
2000,imperial_1897,LT_SUV,cs,22.4607
2000,imperial_1897,LT_SUV,lv,448.934
2000,imperial_1897,LT_SUV,other,2157.66
2000,imperial_1897,LT_NEA,pl,18726
2000,imperial_1897,LT_NEA,uk,890.624
2000,imperial_1897,LT_NEA,be,2156.64
2000,imperial_1897,LT_NEA,yi,6738.09
2000,imperial_1897,LT_NEA,de,2060.52
2000,imperial_1897,LT_NEA,ru,26733.2
2000,imperial_1897,LT_NEA,lt,384152
2000,imperial_1897,LT_NEA,cs,14.912
2000,imperial_1897,LT_NEA,lv,6069.68
2000,imperial_1897,LT_NEA,other,929.83
2000,imperial_1897,LT_KLA,pl,2590.45
2000,imperial_1897,LT_KLA,uk,744.264
2000,imperial_1897,LT_KLA,be,537.113
2000,imperial_1897,LT_KLA,yi,2037.68
2000,imperial_1897,LT_KLA,de,39567.9
2000,imperial_1897,LT_KLA,ru,2379.92
2000,imperial_1897,LT_KLA,lt,149160
2000,imperial_1897,LT_KLA,cs,12.2866
2000,imperial_1897,LT_KLA,lv,347.171
2000,imperial_1897,LT_KLA,other,845.856
2000,latent,WAW,pl,2.06651e+06
2000,latent,WAW,uk,241020
2000,latent,WAW,be,57339
2000,latent,WAW,tut,26145.7
2000,latent,WAW,yi,195806
2000,latent,WAW,de,23658.8
2000,latent,WAW,ru,12777.1
2000,latent,WAW,lt,24603.1
2000,latent,WAW,cs,2211.1
2000,latent,WAW,lv,267.271
2000,latent,WAW,csb,6839.54
2000,latent,WAW,rue,3347.41
2000,latent,WAW,rom,3473.75
2000,latent,WAW,kdr,21.4557
2000,latent,WAW,wym,8.77816
2000,latent,WAW,other,3212.68
2000,latent,WAR,pl,2.72022e+06
2000,latent,WAR,uk,68019.5
2000,latent,WAR,be,19635.6
2000,latent,WAR,tut,10082.3
2000,latent,WAR,yi,140518
2000,latent,WAR,de,41252.6
2000,latent,WAR,ru,11653.3
2000,latent,WAR,lt,9353.27
2000,latent,WAR,cs,940.147
2000,latent,WAR,lv,109.846
2000,latent,WAR,csb,4652.93
2000,latent,WAR,rue,1448.4
2000,latent,WAR,rom,4006.95
2000,latent,WAR,kdr,8.87678
2000,latent,WAR,wym,4.07519
2000,latent,WAR,other,5363.02
2000,latent,LOD,pl,3.02984e+06
2000,latent,LOD,uk,117070
2000,latent,LOD,be,34489.1
2000,latent,LOD,tut,17359.9
2000,latent,LOD,yi,216036
2000,latent,LOD,de,100324
2000,latent,LOD,ru,9396.41
2000,latent,LOD,lt,16485.9
2000,latent,LOD,cs,1631.62
2000,latent,LOD,lv,194.319
2000,latent,LOD,csb,6427.56
2000,latent,LOD,rue,2618.28
2000,latent,LOD,rom,4161.01
2000,latent,LOD,kdr,15.9947
2000,latent,LOD,wym,7.84898
2000,latent,LOD,other,7078.13
2000,latent,KIE,pl,3.65408e+06
2000,latent,KIE,uk,95354.6
2000,latent,KIE,be,25653.3
2000,latent,KIE,tut,13021.4
2000,latent,KIE,yi,216845
2000,latent,KIE,de,21834.7
2000,latent,KIE,ru,9293.2
2000,latent,KIE,lt,11770.2
2000,latent,KIE,cs,1307.51
2000,latent,KIE,lv,141.431
2000,latent,KIE,csb,4339.95
2000,latent,KIE,rue,2504.34
2000,latent,KIE,rom,5134.34
2000,latent,KIE,kdr,11.8124
2000,latent,KIE,wym,7.62024
2000,latent,KIE,other,5803.97
2000,latent,LUB,pl,3.50691e+06
2000,latent,LUB,uk,358154
2000,latent,LUB,be,28881.8
2000,latent,LUB,tut,15141.1
2000,latent,LUB,yi,170957
2000,latent,LUB,de,22008.5
2000,latent,LUB,ru,13614.2
2000,latent,LUB,lt,10306.5
2000,latent,LUB,cs,1578.16
2000,latent,LUB,lv,118.656
2000,latent,LUB,csb,3034.72
2000,latent,LUB,rue,2028.46
2000,latent,LUB,rom,4242.16
2000,latent,LUB,kdr,10.3641
2000,latent,LUB,wym,4.72884
2000,latent,LUB,other,1262.61
2000,latent,BIA,pl,1.86697e+06
2000,latent,BIA,uk,61373.8
2000,latent,BIA,be,255336
2000,latent,BIA,tut,10513.8
2000,latent,BIA,yi,128016
2000,latent,BIA,de,11710.3
2000,latent,BIA,ru,45582.8
2000,latent,BIA,lt,22061.2
2000,latent,BIA,cs,812.263
2000,latent,BIA,lv,130.722
2000,latent,BIA,csb,2067.85
2000,latent,BIA,rue,1037.35
2000,latent,BIA,rom,2011.58
2000,latent,BIA,kdr,9.56274
2000,latent,BIA,wym,2.72573
2000,latent,BIA,other,1538.28
2000,latent,WIL,pl,1.11303e+06
2000,latent,WIL,uk,27789.4
2000,latent,WIL,be,294803
2000,latent,WIL,tut,10029
2000,latent,WIL,yi,60949.8
2000,latent,WIL,de,4188.42
2000,latent,WIL,ru,45127.7
2000,latent,WIL,lt,62817.6
2000,latent,WIL,cs,451.214
2000,latent,WIL,lv,125.487
2000,latent,WIL,csb,1071.88
2000,latent,WIL,rue,531.506
2000,latent,WIL,rom,1378.61
2000,latent,WIL,kdr,147.191
2000,latent,WIL,wym,1.45659
2000,latent,WIL,other,1373.77
2000,latent,NOW,pl,1.24248e+06
2000,latent,NOW,uk,34386.5
2000,latent,NOW,be,602186
2000,latent,NOW,tut,6502.87
2000,latent,NOW,yi,52426.1
2000,latent,NOW,de,2845.2
2000,latent,NOW,ru,22104.8
2000,latent,NOW,lt,6281.11
2000,latent,NOW,cs,534.59
2000,latent,NOW,lv,64.4488
2000,latent,NOW,csb,900.06
2000,latent,NOW,rue,524.638
2000,latent,NOW,rom,1528.17
2000,latent,NOW,kdr,4.78024
2000,latent,NOW,wym,1.26169
2000,latent,NOW,other,393.545
2000,latent,POL,pl,1.71966e+06
2000,latent,POL,uk,184105
2000,latent,POL,be,135105
2000,latent,POL,tut,1.00727e+06
2000,latent,POL,yi,68892.2
2000,latent,POL,de,4089.48
2000,latent,POL,ru,29769.7
2000,latent,POL,lt,5721.69
2000,latent,POL,cs,727.604
2000,latent,POL,lv,64.4303
2000,latent,POL,csb,1378.89
2000,latent,POL,rue,849.608
2000,latent,POL,rom,1383.57
2000,latent,POL,kdr,5.19937
2000,latent,POL,wym,1.9536
2000,latent,POL,other,1239.03
2000,latent,WOL,pl,1.17763e+06
2000,latent,WOL,uk,3.13337e+06
2000,latent,WOL,be,19818.9
2000,latent,WOL,tut,9599.43
2000,latent,WOL,yi,120321
2000,latent,WOL,de,39600.5
2000,latent,WOL,ru,39281
2000,latent,WOL,lt,6145.27
2000,latent,WOL,cs,42274.8
2000,latent,WOL,lv,69.5286
2000,latent,WOL,csb,1577.39
2000,latent,WOL,rue,1336.38
2000,latent,WOL,rom,2991.14
2000,latent,WOL,kdr,27.478
2000,latent,WOL,wym,2.46496
2000,latent,WOL,other,3300.07
2000,latent,POZ,pl,2.36082e+06
2000,latent,POZ,uk,78272.7
2000,latent,POZ,be,23434.9
2000,latent,POZ,tut,11809.2
2000,latent,POZ,yi,45674
2000,latent,POZ,de,128933
2000,latent,POZ,ru,5115.35
2000,latent,POZ,lt,11338.9
2000,latent,POZ,cs,1122.04
2000,latent,POZ,lv,133.074
2000,latent,POZ,csb,5855.66
2000,latent,POZ,rue,1859.62
2000,latent,POZ,rom,2287.97
2000,latent,POZ,kdr,10.903
2000,latent,POZ,wym,5.6888
2000,latent,POZ,other,1637.41
2000,latent,POM,pl,1.49064e+06
2000,latent,POM,uk,65178.9
2000,latent,POM,be,19546
2000,latent,POM,tut,9688.33
2000,latent,POM,yi,37934.5
2000,latent,POM,de,83547.8
2000,latent,POM,ru,4192.39
2000,latent,POM,lt,9402.58
2000,latent,POM,cs,903.061
2000,latent,POM,lv,108.003
2000,latent,POM,csb,128130
2000,latent,POM,rue,1404.55
2000,latent,POM,rom,1799.75
2000,latent,POM,kdr,8.69009
2000,latent,POM,wym,4.21426
2000,latent,POM,other,2054.54
2000,latent,SLA,pl,2.00484e+06
2000,latent,SLA,uk,121442
2000,latent,SLA,be,26179.1
2000,latent,SLA,tut,13645.9
2000,latent,SLA,yi,59554.1
2000,latent,SLA,de,64005.9
2000,latent,SLA,ru,5613.07
2000,latent,SLA,lt,12317.8
2000,latent,SLA,cs,1412.53
2000,latent,SLA,lv,141.097
2000,latent,SLA,csb,4700.21
2000,latent,SLA,rue,3067.99
2000,latent,SLA,rom,2825.11
2000,latent,SLA,kdr,12.3517
2000,latent,SLA,wym,9.79402
2000,latent,SLA,other,2720.7
2000,latent,KRA,pl,2.32058e+06
2000,latent,KRA,uk,81190.1
2000,latent,KRA,be,17785.3
2000,latent,KRA,tut,9566.54
2000,latent,KRA,yi,98428.4
2000,latent,KRA,de,14524.2
2000,latent,KRA,ru,3931.27
2000,latent,KRA,lt,8136.95
2000,latent,KRA,cs,1015.7
2000,latent,KRA,lv,96.8488
2000,latent,KRA,csb,2786.44
2000,latent,KRA,rue,56328.1
2000,latent,KRA,rom,6032.54
2000,latent,KRA,kdr,8.56514
2000,latent,KRA,wym,189.73
2000,latent,KRA,other,2000.3
2000,latent,LWO,pl,2.26252e+06
2000,latent,LWO,uk,1.31744e+06
2000,latent,LWO,be,24276.7
2000,latent,LWO,tut,14303.5
2000,latent,LWO,yi,162797
2000,latent,LWO,de,17800
2000,latent,LWO,ru,5589.28
2000,latent,LWO,lt,10144
2000,latent,LWO,cs,2110.22
2000,latent,LWO,lv,120.684
2000,latent,LWO,csb,2957.92
2000,latent,LWO,rue,53318.2
2000,latent,LWO,rom,5810.95
2000,latent,LWO,kdr,13.2306
2000,latent,LWO,wym,6.05779
2000,latent,LWO,other,5109.59
2000,latent,STA,pl,565270
2000,latent,STA,uk,1.11723e+06
2000,latent,STA,be,8220.67
2000,latent,STA,tut,5006.38
2000,latent,STA,yi,62549.6
2000,latent,STA,de,12895
2000,latent,STA,ru,1901.85
2000,latent,STA,lt,3364.01
2000,latent,STA,cs,704.568
2000,latent,STA,lv,40.0008
2000,latent,STA,csb,982.917
2000,latent,STA,rue,1041.78
2000,latent,STA,rom,2002.4
2000,latent,STA,kdr,36.3012
2000,latent,STA,wym,1.99174
2000,latent,STA,other,2614.99
2000,latent,TAR,pl,805298
2000,latent,TAR,uk,743821
2000,latent,TAR,be,7837.4
2000,latent,TAR,tut,4673.09
2000,latent,TAR,yi,47766
2000,latent,TAR,de,4866.77
2000,latent,TAR,ru,1824.11
2000,latent,TAR,lt,3165.89
2000,latent,TAR,cs,718.993
2000,latent,TAR,lv,37.638
2000,latent,TAR,csb,917.142
2000,latent,TAR,rue,964.245
2000,latent,TAR,rom,1256.86
2000,latent,TAR,kdr,4.04636
2000,latent,TAR,wym,1.85654
2000,latent,TAR,other,1021.13
2000,latent,LT_KAU,pl,20284.2
2000,latent,LT_KAU,uk,1255.83
2000,latent,LT_KAU,be,980.796
2000,latent,LT_KAU,tut,306.654
2000,latent,LT_KAU,yi,8317.25
2000,latent,LT_KAU,de,7166.95
2000,latent,LT_KAU,ru,11805.9
2000,latent,LT_KAU,lt,304506
2000,latent,LT_KAU,cs,24.7739
2000,latent,LT_KAU,lv,573.973
2000,latent,LT_KAU,csb,66.644
2000,latent,LT_KAU,rue,28.8349
2000,latent,LT_KAU,rom,830.494
2000,latent,LT_KAU,kdr,3.46223
2000,latent,LT_KAU,other,1336.25
2000,latent,LT_LAU,pl,22471.2
2000,latent,LT_LAU,uk,942.816
2000,latent,LT_LAU,be,767.753
2000,latent,LT_LAU,tut,232.276
2000,latent,LT_LAU,yi,8510.47
2000,latent,LT_LAU,de,3883.61
2000,latent,LT_LAU,ru,11903.6
2000,latent,LT_LAU,lt,488731
2000,latent,LT_LAU,cs,19.2303
2000,latent,LT_LAU,lv,1320.35
2000,latent,LT_LAU,csb,50.4017
2000,latent,LT_LAU,rue,21.7269
2000,latent,LT_LAU,rom,209.599
2000,latent,LT_LAU,kdr,39.9205
2000,latent,LT_LAU,other,889.156
2000,latent,LT_ZEM,pl,9574.98
2000,latent,LT_ZEM,uk,1060.81
2000,latent,LT_ZEM,be,849.314
2000,latent,LT_ZEM,tut,261.85
2000,latent,LT_ZEM,yi,9107.39
2000,latent,LT_ZEM,de,6439.24
2000,latent,LT_ZEM,ru,7888.91
2000,latent,LT_ZEM,lt,563392
2000,latent,LT_ZEM,cs,21.3241
2000,latent,LT_ZEM,lv,5031.35
2000,latent,LT_ZEM,csb,56.9581
2000,latent,LT_ZEM,rue,25.0475
2000,latent,LT_ZEM,rom,453.354
2000,latent,LT_ZEM,kdr,3.97861
2000,latent,LT_ZEM,other,1059.53
2000,latent,LT_SUV,pl,12322.5
2000,latent,LT_SUV,uk,1159.02
2000,latent,LT_SUV,be,1604.04
2000,latent,LT_SUV,tut,288.861
2000,latent,LT_SUV,yi,7335.59
2000,latent,LT_SUV,de,13710.9
2000,latent,LT_SUV,ru,6113.81
2000,latent,LT_SUV,lt,434143
2000,latent,LT_SUV,cs,22.4607
2000,latent,LT_SUV,lv,448.934
2000,latent,LT_SUV,csb,61.3224
2000,latent,LT_SUV,rue,27.5887
2000,latent,LT_SUV,rom,1309.36
2000,latent,LT_SUV,kdr,2.63712
2000,latent,LT_SUV,other,845.556
2000,latent,LT_NEA,pl,18773.7
2000,latent,LT_NEA,uk,718.026
2000,latent,LT_NEA,be,2206.73
2000,latent,LT_NEA,tut,178.339
2000,latent,LT_NEA,yi,6610.16
2000,latent,LT_NEA,de,2060.52
2000,latent,LT_NEA,ru,26704.4
2000,latent,LT_NEA,lt,384152
2000,latent,LT_NEA,cs,14.912
2000,latent,LT_NEA,lv,6069.68
2000,latent,LT_NEA,csb,37.3897
2000,latent,LT_NEA,rue,15.8897
2000,latent,LT_NEA,rom,143.682
2000,latent,LT_NEA,kdr,2.77341
2000,latent,LT_NEA,other,783.308
2000,latent,LT_KLA,pl,2693.34
2000,latent,LT_KLA,uk,615.235
2000,latent,LT_KLA,be,442.361
2000,latent,LT_KLA,tut,148.394
2000,latent,LT_KLA,yi,1972.28
2000,latent,LT_KLA,de,39567.9
2000,latent,LT_KLA,ru,2364.76
2000,latent,LT_KLA,lt,149160
2000,latent,LT_KLA,cs,12.2866
2000,latent,LT_KLA,lv,347.171
2000,latent,LT_KLA,csb,38.5616
2000,latent,LT_KLA,rue,14.496
2000,latent,LT_KLA,rom,130.528
2000,latent,LT_KLA,kdr,1.92935
2000,latent,LT_KLA,other,713.341
2000,lithuanian_1923,WAW,pl,2.06651e+06
2000,lithuanian_1923,WAW,uk,241020
2000,lithuanian_1923,WAW,be,57339
2000,lithuanian_1923,WAW,tut,26145.7
2000,lithuanian_1923,WAW,yi,195806
2000,lithuanian_1923,WAW,de,23658.8
2000,lithuanian_1923,WAW,ru,12777.1
2000,lithuanian_1923,WAW,lt,24603.1
2000,lithuanian_1923,WAW,cs,2211.1
2000,lithuanian_1923,WAW,lv,267.271
2000,lithuanian_1923,WAW,csb,6839.54
2000,lithuanian_1923,WAW,rue,3347.41
2000,lithuanian_1923,WAW,rom,3473.75
2000,lithuanian_1923,WAW,kdr,21.4557
2000,lithuanian_1923,WAW,wym,8.77816
2000,lithuanian_1923,WAW,other,3212.68
2000,lithuanian_1923,WAR,pl,2.72022e+06
2000,lithuanian_1923,WAR,uk,68019.5
2000,lithuanian_1923,WAR,be,19635.6
2000,lithuanian_1923,WAR,tut,10082.3
2000,lithuanian_1923,WAR,yi,140518
2000,lithuanian_1923,WAR,de,41252.6
2000,lithuanian_1923,WAR,ru,11653.3
2000,lithuanian_1923,WAR,lt,9353.27
2000,lithuanian_1923,WAR,cs,940.147
2000,lithuanian_1923,WAR,lv,109.846
2000,lithuanian_1923,WAR,csb,4652.93
2000,lithuanian_1923,WAR,rue,1448.4
2000,lithuanian_1923,WAR,rom,4006.95
2000,lithuanian_1923,WAR,kdr,8.87678
2000,lithuanian_1923,WAR,wym,4.07519
2000,lithuanian_1923,WAR,other,5363.02
2000,lithuanian_1923,LOD,pl,3.02984e+06
2000,lithuanian_1923,LOD,uk,117070
2000,lithuanian_1923,LOD,be,34489.1
2000,lithuanian_1923,LOD,tut,17359.9
2000,lithuanian_1923,LOD,yi,216036
2000,lithuanian_1923,LOD,de,100324
2000,lithuanian_1923,LOD,ru,9396.41
2000,lithuanian_1923,LOD,lt,16485.9
2000,lithuanian_1923,LOD,cs,1631.62
2000,lithuanian_1923,LOD,lv,194.319
2000,lithuanian_1923,LOD,csb,6427.56
2000,lithuanian_1923,LOD,rue,2618.28
2000,lithuanian_1923,LOD,rom,4161.01
2000,lithuanian_1923,LOD,kdr,15.9947
2000,lithuanian_1923,LOD,wym,7.84898
2000,lithuanian_1923,LOD,other,7078.13
2000,lithuanian_1923,KIE,pl,3.65408e+06
2000,lithuanian_1923,KIE,uk,95354.6
2000,lithuanian_1923,KIE,be,25653.3
2000,lithuanian_1923,KIE,tut,13021.4
2000,lithuanian_1923,KIE,yi,216845
2000,lithuanian_1923,KIE,de,21834.7
2000,lithuanian_1923,KIE,ru,9293.2
2000,lithuanian_1923,KIE,lt,11770.2
2000,lithuanian_1923,KIE,cs,1307.51
2000,lithuanian_1923,KIE,lv,141.431
2000,lithuanian_1923,KIE,csb,4339.95
2000,lithuanian_1923,KIE,rue,2504.34
2000,lithuanian_1923,KIE,rom,5134.34
2000,lithuanian_1923,KIE,kdr,11.8124
2000,lithuanian_1923,KIE,wym,7.62024
2000,lithuanian_1923,KIE,other,5803.97
2000,lithuanian_1923,LUB,pl,3.50691e+06
2000,lithuanian_1923,LUB,uk,358154
2000,lithuanian_1923,LUB,be,28881.8
2000,lithuanian_1923,LUB,tut,15141.1
2000,lithuanian_1923,LUB,yi,170957
2000,lithuanian_1923,LUB,de,22008.5
2000,lithuanian_1923,LUB,ru,13614.2
2000,lithuanian_1923,LUB,lt,10306.5
2000,lithuanian_1923,LUB,cs,1578.16
2000,lithuanian_1923,LUB,lv,118.656
2000,lithuanian_1923,LUB,csb,3034.72
2000,lithuanian_1923,LUB,rue,2028.46
2000,lithuanian_1923,LUB,rom,4242.16
2000,lithuanian_1923,LUB,kdr,10.3641
2000,lithuanian_1923,LUB,wym,4.72884
2000,lithuanian_1923,LUB,other,1262.61
2000,lithuanian_1923,BIA,pl,1.86697e+06
2000,lithuanian_1923,BIA,uk,61373.8
2000,lithuanian_1923,BIA,be,255336
2000,lithuanian_1923,BIA,tut,10513.8
2000,lithuanian_1923,BIA,yi,128016
2000,lithuanian_1923,BIA,de,11710.3
2000,lithuanian_1923,BIA,ru,45582.8
2000,lithuanian_1923,BIA,lt,22061.2
2000,lithuanian_1923,BIA,cs,812.263
2000,lithuanian_1923,BIA,lv,130.722
2000,lithuanian_1923,BIA,csb,2067.85
2000,lithuanian_1923,BIA,rue,1037.35
2000,lithuanian_1923,BIA,rom,2011.58
2000,lithuanian_1923,BIA,kdr,9.56274
2000,lithuanian_1923,BIA,wym,2.72573
2000,lithuanian_1923,BIA,other,1538.28
2000,lithuanian_1923,WIL,pl,1.11303e+06
2000,lithuanian_1923,WIL,uk,27789.4
2000,lithuanian_1923,WIL,be,294803
2000,lithuanian_1923,WIL,tut,10029
2000,lithuanian_1923,WIL,yi,60949.8
2000,lithuanian_1923,WIL,de,4188.42
2000,lithuanian_1923,WIL,ru,45127.7
2000,lithuanian_1923,WIL,lt,62817.6
2000,lithuanian_1923,WIL,cs,451.214
2000,lithuanian_1923,WIL,lv,125.487
2000,lithuanian_1923,WIL,csb,1071.88
2000,lithuanian_1923,WIL,rue,531.506
2000,lithuanian_1923,WIL,rom,1378.61
2000,lithuanian_1923,WIL,kdr,147.191
2000,lithuanian_1923,WIL,wym,1.45659
2000,lithuanian_1923,WIL,other,1373.77
2000,lithuanian_1923,NOW,pl,1.24248e+06
2000,lithuanian_1923,NOW,uk,34386.5
2000,lithuanian_1923,NOW,be,602186
2000,lithuanian_1923,NOW,tut,6502.87
2000,lithuanian_1923,NOW,yi,52426.1
2000,lithuanian_1923,NOW,de,2845.2
2000,lithuanian_1923,NOW,ru,22104.8
2000,lithuanian_1923,NOW,lt,6281.11
2000,lithuanian_1923,NOW,cs,534.59
2000,lithuanian_1923,NOW,lv,64.4488
2000,lithuanian_1923,NOW,csb,900.06
2000,lithuanian_1923,NOW,rue,524.638
2000,lithuanian_1923,NOW,rom,1528.17
2000,lithuanian_1923,NOW,kdr,4.78024
2000,lithuanian_1923,NOW,wym,1.26169
2000,lithuanian_1923,NOW,other,393.545
2000,lithuanian_1923,POL,pl,1.71966e+06
2000,lithuanian_1923,POL,uk,184105
2000,lithuanian_1923,POL,be,135105
2000,lithuanian_1923,POL,tut,1.00727e+06
2000,lithuanian_1923,POL,yi,68892.2
2000,lithuanian_1923,POL,de,4089.48
2000,lithuanian_1923,POL,ru,29769.7
2000,lithuanian_1923,POL,lt,5721.69
2000,lithuanian_1923,POL,cs,727.604
2000,lithuanian_1923,POL,lv,64.4303
2000,lithuanian_1923,POL,csb,1378.89
2000,lithuanian_1923,POL,rue,849.608
2000,lithuanian_1923,POL,rom,1383.57
2000,lithuanian_1923,POL,kdr,5.19937
2000,lithuanian_1923,POL,wym,1.9536
2000,lithuanian_1923,POL,other,1239.03
2000,lithuanian_1923,WOL,pl,1.17763e+06
2000,lithuanian_1923,WOL,uk,3.13337e+06
2000,lithuanian_1923,WOL,be,19818.9
2000,lithuanian_1923,WOL,tut,9599.43
2000,lithuanian_1923,WOL,yi,120321
2000,lithuanian_1923,WOL,de,39600.5
2000,lithuanian_1923,WOL,ru,39281
2000,lithuanian_1923,WOL,lt,6145.27
2000,lithuanian_1923,WOL,cs,42274.8
2000,lithuanian_1923,WOL,lv,69.5286
2000,lithuanian_1923,WOL,csb,1577.39
2000,lithuanian_1923,WOL,rue,1336.38
2000,lithuanian_1923,WOL,rom,2991.14
2000,lithuanian_1923,WOL,kdr,27.478
2000,lithuanian_1923,WOL,wym,2.46496
2000,lithuanian_1923,WOL,other,3300.07
2000,lithuanian_1923,POZ,pl,2.36082e+06
2000,lithuanian_1923,POZ,uk,78272.7
2000,lithuanian_1923,POZ,be,23434.9
2000,lithuanian_1923,POZ,tut,11809.2
2000,lithuanian_1923,POZ,yi,45674
2000,lithuanian_1923,POZ,de,128933
2000,lithuanian_1923,POZ,ru,5115.35
2000,lithuanian_1923,POZ,lt,11338.9
2000,lithuanian_1923,POZ,cs,1122.04
2000,lithuanian_1923,POZ,lv,133.074
2000,lithuanian_1923,POZ,csb,5855.66
2000,lithuanian_1923,POZ,rue,1859.62
2000,lithuanian_1923,POZ,rom,2287.97
2000,lithuanian_1923,POZ,kdr,10.903
2000,lithuanian_1923,POZ,wym,5.6888
2000,lithuanian_1923,POZ,other,1637.41
2000,lithuanian_1923,POM,pl,1.49064e+06
2000,lithuanian_1923,POM,uk,65178.9
2000,lithuanian_1923,POM,be,19546
2000,lithuanian_1923,POM,tut,9688.33
2000,lithuanian_1923,POM,yi,37934.5
2000,lithuanian_1923,POM,de,83547.8
2000,lithuanian_1923,POM,ru,4192.39
2000,lithuanian_1923,POM,lt,9402.58
2000,lithuanian_1923,POM,cs,903.061
2000,lithuanian_1923,POM,lv,108.003
2000,lithuanian_1923,POM,csb,128130
2000,lithuanian_1923,POM,rue,1404.55
2000,lithuanian_1923,POM,rom,1799.75
2000,lithuanian_1923,POM,kdr,8.69009
2000,lithuanian_1923,POM,wym,4.21426
2000,lithuanian_1923,POM,other,2054.54
2000,lithuanian_1923,SLA,pl,2.00484e+06
2000,lithuanian_1923,SLA,uk,121442
2000,lithuanian_1923,SLA,be,26179.1
2000,lithuanian_1923,SLA,tut,13645.9
2000,lithuanian_1923,SLA,yi,59554.1
2000,lithuanian_1923,SLA,de,64005.9
2000,lithuanian_1923,SLA,ru,5613.07
2000,lithuanian_1923,SLA,lt,12317.8
2000,lithuanian_1923,SLA,cs,1412.53
2000,lithuanian_1923,SLA,lv,141.097
2000,lithuanian_1923,SLA,csb,4700.21
2000,lithuanian_1923,SLA,rue,3067.99
2000,lithuanian_1923,SLA,rom,2825.11
2000,lithuanian_1923,SLA,kdr,12.3517
2000,lithuanian_1923,SLA,wym,9.79402
2000,lithuanian_1923,SLA,other,2720.7
2000,lithuanian_1923,KRA,pl,2.32058e+06
2000,lithuanian_1923,KRA,uk,81190.1
2000,lithuanian_1923,KRA,be,17785.3
2000,lithuanian_1923,KRA,tut,9566.54
2000,lithuanian_1923,KRA,yi,98428.4
2000,lithuanian_1923,KRA,de,14524.2
2000,lithuanian_1923,KRA,ru,3931.27
2000,lithuanian_1923,KRA,lt,8136.95
2000,lithuanian_1923,KRA,cs,1015.7
2000,lithuanian_1923,KRA,lv,96.8488
2000,lithuanian_1923,KRA,csb,2786.44
2000,lithuanian_1923,KRA,rue,56328.1
2000,lithuanian_1923,KRA,rom,6032.54
2000,lithuanian_1923,KRA,kdr,8.56514
2000,lithuanian_1923,KRA,wym,189.73
2000,lithuanian_1923,KRA,other,2000.3
2000,lithuanian_1923,LWO,pl,2.26252e+06
2000,lithuanian_1923,LWO,uk,1.31744e+06
2000,lithuanian_1923,LWO,be,24276.7
2000,lithuanian_1923,LWO,tut,14303.5
2000,lithuanian_1923,LWO,yi,162797
2000,lithuanian_1923,LWO,de,17800
2000,lithuanian_1923,LWO,ru,5589.28
2000,lithuanian_1923,LWO,lt,10144
2000,lithuanian_1923,LWO,cs,2110.22
2000,lithuanian_1923,LWO,lv,120.684
2000,lithuanian_1923,LWO,csb,2957.92
2000,lithuanian_1923,LWO,rue,53318.2
2000,lithuanian_1923,LWO,rom,5810.95
2000,lithuanian_1923,LWO,kdr,13.2306
2000,lithuanian_1923,LWO,wym,6.05779
2000,lithuanian_1923,LWO,other,5109.59
2000,lithuanian_1923,STA,pl,565270
2000,lithuanian_1923,STA,uk,1.11723e+06
2000,lithuanian_1923,STA,be,8220.67
2000,lithuanian_1923,STA,tut,5006.38
2000,lithuanian_1923,STA,yi,62549.6
2000,lithuanian_1923,STA,de,12895
2000,lithuanian_1923,STA,ru,1901.85
2000,lithuanian_1923,STA,lt,3364.01
2000,lithuanian_1923,STA,cs,704.568
2000,lithuanian_1923,STA,lv,40.0008
2000,lithuanian_1923,STA,csb,982.917
2000,lithuanian_1923,STA,rue,1041.78
2000,lithuanian_1923,STA,rom,2002.4
2000,lithuanian_1923,STA,kdr,36.3012
2000,lithuanian_1923,STA,wym,1.99174
2000,lithuanian_1923,STA,other,2614.99
2000,lithuanian_1923,TAR,pl,805298
2000,lithuanian_1923,TAR,uk,743821
2000,lithuanian_1923,TAR,be,7837.4
2000,lithuanian_1923,TAR,tut,4673.09
2000,lithuanian_1923,TAR,yi,47766
2000,lithuanian_1923,TAR,de,4866.77
2000,lithuanian_1923,TAR,ru,1824.11
2000,lithuanian_1923,TAR,lt,3165.89
2000,lithuanian_1923,TAR,cs,718.993
2000,lithuanian_1923,TAR,lv,37.638
2000,lithuanian_1923,TAR,csb,917.142
2000,lithuanian_1923,TAR,rue,964.245
2000,lithuanian_1923,TAR,rom,1256.86
2000,lithuanian_1923,TAR,kdr,4.04636
2000,lithuanian_1923,TAR,wym,1.85654
2000,lithuanian_1923,TAR,other,1021.13
2000,lithuanian_1923,LT_KAU,pl,9168.86
2000,lithuanian_1923,LT_KAU,uk,1255.83
2000,lithuanian_1923,LT_KAU,be,980.796
2000,lithuanian_1923,LT_KAU,tut,306.654
2000,lithuanian_1923,LT_KAU,yi,8317.25
2000,lithuanian_1923,LT_KAU,de,7166.95
2000,lithuanian_1923,LT_KAU,ru,11805.9
2000,lithuanian_1923,LT_KAU,lt,315621
2000,lithuanian_1923,LT_KAU,cs,24.7739
2000,lithuanian_1923,LT_KAU,lv,573.973
2000,lithuanian_1923,LT_KAU,csb,66.644
2000,lithuanian_1923,LT_KAU,rue,28.8349
2000,lithuanian_1923,LT_KAU,rom,830.494
2000,lithuanian_1923,LT_KAU,kdr,3.46223
2000,lithuanian_1923,LT_KAU,other,1336.25
2000,lithuanian_1923,LT_LAU,pl,9435.48
2000,lithuanian_1923,LT_LAU,uk,942.816
2000,lithuanian_1923,LT_LAU,be,767.753
2000,lithuanian_1923,LT_LAU,tut,232.276
2000,lithuanian_1923,LT_LAU,yi,8510.47
2000,lithuanian_1923,LT_LAU,de,3883.61
2000,lithuanian_1923,LT_LAU,ru,11903.6
2000,lithuanian_1923,LT_LAU,lt,501767
2000,lithuanian_1923,LT_LAU,cs,19.2303
2000,lithuanian_1923,LT_LAU,lv,1320.35
2000,lithuanian_1923,LT_LAU,csb,50.4017
2000,lithuanian_1923,LT_LAU,rue,21.7269
2000,lithuanian_1923,LT_LAU,rom,209.599
2000,lithuanian_1923,LT_LAU,kdr,39.9205
2000,lithuanian_1923,LT_LAU,other,889.156
2000,lithuanian_1923,LT_ZEM,pl,4193.03
2000,lithuanian_1923,LT_ZEM,uk,1060.81
2000,lithuanian_1923,LT_ZEM,be,849.314
2000,lithuanian_1923,LT_ZEM,tut,261.85
2000,lithuanian_1923,LT_ZEM,yi,9107.39
2000,lithuanian_1923,LT_ZEM,de,6439.24
2000,lithuanian_1923,LT_ZEM,ru,7888.91
2000,lithuanian_1923,LT_ZEM,lt,568774
2000,lithuanian_1923,LT_ZEM,cs,21.3241
2000,lithuanian_1923,LT_ZEM,lv,5031.35
2000,lithuanian_1923,LT_ZEM,csb,56.9581
2000,lithuanian_1923,LT_ZEM,rue,25.0475
2000,lithuanian_1923,LT_ZEM,rom,453.354
2000,lithuanian_1923,LT_ZEM,kdr,3.97861
2000,lithuanian_1923,LT_ZEM,other,1059.53
2000,lithuanian_1923,LT_SUV,pl,5358.32
2000,lithuanian_1923,LT_SUV,uk,1159.02
2000,lithuanian_1923,LT_SUV,be,1604.04
2000,lithuanian_1923,LT_SUV,tut,288.861
2000,lithuanian_1923,LT_SUV,yi,7335.59
2000,lithuanian_1923,LT_SUV,de,13710.9
2000,lithuanian_1923,LT_SUV,ru,6113.81
2000,lithuanian_1923,LT_SUV,lt,441107
2000,lithuanian_1923,LT_SUV,cs,22.4607
2000,lithuanian_1923,LT_SUV,lv,448.934
2000,lithuanian_1923,LT_SUV,csb,61.3224
2000,lithuanian_1923,LT_SUV,rue,27.5887
2000,lithuanian_1923,LT_SUV,rom,1309.36
2000,lithuanian_1923,LT_SUV,kdr,2.63712
2000,lithuanian_1923,LT_SUV,other,845.556
2000,lithuanian_1923,LT_NEA,pl,7860.68
2000,lithuanian_1923,LT_NEA,uk,718.026
2000,lithuanian_1923,LT_NEA,be,2206.73
2000,lithuanian_1923,LT_NEA,tut,178.339
2000,lithuanian_1923,LT_NEA,yi,6610.16
2000,lithuanian_1923,LT_NEA,de,2060.52
2000,lithuanian_1923,LT_NEA,ru,26704.4
2000,lithuanian_1923,LT_NEA,lt,395065
2000,lithuanian_1923,LT_NEA,cs,14.912
2000,lithuanian_1923,LT_NEA,lv,6069.68
2000,lithuanian_1923,LT_NEA,csb,37.3897
2000,lithuanian_1923,LT_NEA,rue,15.8897
2000,lithuanian_1923,LT_NEA,rom,143.682
2000,lithuanian_1923,LT_NEA,kdr,2.77341
2000,lithuanian_1923,LT_NEA,other,783.308
2000,lithuanian_1923,LT_KLA,pl,1264.21
2000,lithuanian_1923,LT_KLA,uk,615.235
2000,lithuanian_1923,LT_KLA,be,442.361
2000,lithuanian_1923,LT_KLA,tut,148.394
2000,lithuanian_1923,LT_KLA,yi,1972.28
2000,lithuanian_1923,LT_KLA,de,39567.9
2000,lithuanian_1923,LT_KLA,ru,2364.76
2000,lithuanian_1923,LT_KLA,lt,150590
2000,lithuanian_1923,LT_KLA,cs,12.2866
2000,lithuanian_1923,LT_KLA,lv,347.171
2000,lithuanian_1923,LT_KLA,csb,38.5616
2000,lithuanian_1923,LT_KLA,rue,14.496
2000,lithuanian_1923,LT_KLA,rom,130.528
2000,lithuanian_1923,LT_KLA,kdr,1.92935
2000,lithuanian_1923,LT_KLA,other,713.341
2000,modern_selfid,WAW,pl,2.14343e+06
2000,modern_selfid,WAW,uk,220065
2000,modern_selfid,WAW,be,49943.5
2000,modern_selfid,WAW,tut,6536.42
2000,modern_selfid,WAW,yi,174663
2000,modern_selfid,WAW,de,20996.7
2000,modern_selfid,WAW,ru,11272.9
2000,modern_selfid,WAW,lt,24603.1
2000,modern_selfid,WAW,cs,1968.79
2000,modern_selfid,WAW,lv,247.751
2000,modern_selfid,WAW,csb,5084.4
2000,modern_selfid,WAW,rue,2532.75
2000,modern_selfid,WAW,rom,2662.91
2000,modern_selfid,WAW,kdr,16.2325
2000,modern_selfid,WAW,wym,6.47677
2000,modern_selfid,WAW,other,3212.68
2000,modern_selfid,WAR,pl,2.75809e+06
2000,modern_selfid,WAR,uk,62820.2
2000,modern_selfid,WAR,be,17405.8
2000,modern_selfid,WAR,tut,2520.57
2000,modern_selfid,WAR,yi,126139
2000,modern_selfid,WAR,de,36676.3
2000,modern_selfid,WAR,ru,10289.6
2000,modern_selfid,WAR,lt,9353.27
2000,modern_selfid,WAR,cs,838.414
2000,modern_selfid,WAR,lv,101.862
2000,modern_selfid,WAR,csb,3476.68
2000,modern_selfid,WAR,rue,1100.49
2000,modern_selfid,WAR,rom,3087.25
2000,modern_selfid,WAR,kdr,6.73796
2000,modern_selfid,WAR,wym,3.00969
2000,modern_selfid,WAR,other,5363.02
2000,modern_selfid,LOD,pl,3.09441e+06
2000,modern_selfid,LOD,uk,108062
2000,modern_selfid,LOD,be,30482.8
2000,modern_selfid,LOD,tut,4339.97
2000,modern_selfid,LOD,yi,193362
2000,modern_selfid,LOD,de,88987.9
2000,modern_selfid,LOD,ru,8300.36
2000,modern_selfid,LOD,lt,16485.9
2000,modern_selfid,LOD,cs,1454.2
2000,modern_selfid,LOD,lv,180.019
2000,modern_selfid,LOD,csb,4794.75
2000,modern_selfid,LOD,rue,1982.17
2000,modern_selfid,LOD,rom,3195.96
2000,modern_selfid,LOD,kdr,12.1354
2000,modern_selfid,LOD,wym,5.79184
2000,modern_selfid,LOD,other,7078.13
2000,modern_selfid,KIE,pl,3.7029e+06
2000,modern_selfid,KIE,uk,87834.4
2000,modern_selfid,KIE,be,22750.6
2000,modern_selfid,KIE,tut,3255.36
2000,modern_selfid,KIE,yi,194733
2000,modern_selfid,KIE,de,19418.8
2000,modern_selfid,KIE,ru,8225.07
2000,modern_selfid,KIE,lt,11770.2
2000,modern_selfid,KIE,cs,1166.37
2000,modern_selfid,KIE,lv,131.213
2000,modern_selfid,KIE,csb,3241.43
2000,modern_selfid,KIE,rue,1900.84
2000,modern_selfid,KIE,rom,3955.91
2000,modern_selfid,KIE,kdr,8.97395
2000,modern_selfid,KIE,wym,5.6241
2000,modern_selfid,KIE,other,5803.97
2000,modern_selfid,LUB,pl,3.57915e+06
2000,modern_selfid,LUB,uk,323649
2000,modern_selfid,LUB,be,25934.4
2000,modern_selfid,LUB,tut,3785.28
2000,modern_selfid,LUB,yi,153765
2000,modern_selfid,LUB,de,19609.7
2000,modern_selfid,LUB,ru,12126.4
2000,modern_selfid,LUB,lt,10306.5
2000,modern_selfid,LUB,cs,1411.04
2000,modern_selfid,LUB,lv,110.343
2000,modern_selfid,LUB,csb,2279.38
2000,modern_selfid,LUB,rue,1543.86
2000,modern_selfid,LUB,rom,3302.22
2000,modern_selfid,LUB,kdr,7.88555
2000,modern_selfid,LUB,wym,3.5004
2000,modern_selfid,LUB,other,1262.61
2000,modern_selfid,BIA,pl,1.95673e+06
2000,modern_selfid,BIA,uk,57143.7
2000,modern_selfid,BIA,be,198431
2000,modern_selfid,BIA,tut,2628.45
2000,modern_selfid,BIA,yi,115072
2000,modern_selfid,BIA,de,10439.8
2000,modern_selfid,BIA,ru,40370.9
2000,modern_selfid,BIA,lt,22061.2
2000,modern_selfid,BIA,cs,725.499
2000,modern_selfid,BIA,lv,121.198
2000,modern_selfid,BIA,csb,1549.65
2000,modern_selfid,BIA,rue,789.33
2000,modern_selfid,BIA,rom,1555.89
2000,modern_selfid,BIA,kdr,7.27025
2000,modern_selfid,BIA,wym,2.01592
2000,modern_selfid,BIA,other,1538.28
2000,modern_selfid,WIL,pl,1.20025e+06
2000,modern_selfid,WIL,uk,27188.3
2000,modern_selfid,WIL,be,228351
2000,modern_selfid,WIL,tut,2507.26
2000,modern_selfid,WIL,yi,54742.4
2000,modern_selfid,WIL,de,3739.28
2000,modern_selfid,WIL,ru,39935.9
2000,modern_selfid,WIL,lt,62817.6
2000,modern_selfid,WIL,cs,403.268
2000,modern_selfid,WIL,lv,116.136
2000,modern_selfid,WIL,csb,804.123
2000,modern_selfid,WIL,rue,404.556
2000,modern_selfid,WIL,rom,1067.4
2000,modern_selfid,WIL,kdr,111.233
2000,modern_selfid,WIL,wym,1.07738
2000,modern_selfid,WIL,other,1373.77
2000,modern_selfid,NOW,pl,1.38724e+06
2000,modern_selfid,NOW,uk,32259.6
2000,modern_selfid,NOW,be,473026
2000,modern_selfid,NOW,tut,1625.72
2000,modern_selfid,NOW,yi,47242.5
2000,modern_selfid,NOW,de,2541.23
2000,modern_selfid,NOW,ru,19740.7
2000,modern_selfid,NOW,lt,6281.11
2000,modern_selfid,NOW,cs,478.952
2000,modern_selfid,NOW,lv,60.0727
2000,modern_selfid,NOW,csb,678.026
2000,modern_selfid,NOW,rue,400.51
2000,modern_selfid,NOW,rom,1192.81
2000,modern_selfid,NOW,kdr,3.64707
2000,modern_selfid,NOW,wym,0.935765
2000,modern_selfid,NOW,other,393.545
2000,modern_selfid,POL,pl,2.03032e+06
2000,modern_selfid,POL,uk,417228
2000,modern_selfid,POL,be,357994
2000,modern_selfid,POL,tut,251817
2000,modern_selfid,POL,yi,62120.9
2000,modern_selfid,POL,de,3654.77
2000,modern_selfid,POL,ru,26657.5
2000,modern_selfid,POL,lt,5721.69
2000,modern_selfid,POL,cs,653.293
2000,modern_selfid,POL,lv,60.2663
2000,modern_selfid,POL,csb,1045.95
2000,modern_selfid,POL,rue,654.772
2000,modern_selfid,POL,rom,1090.9
2000,modern_selfid,POL,kdr,3.99462
2000,modern_selfid,POL,wym,1.45666
2000,modern_selfid,POL,other,1239.03
2000,modern_selfid,WOL,pl,1.51925e+06
2000,modern_selfid,WOL,uk,2.82627e+06
2000,modern_selfid,WOL,be,17733.5
2000,modern_selfid,WOL,tut,2399.86
2000,modern_selfid,WOL,yi,108597
2000,modern_selfid,WOL,de,35504.1
2000,modern_selfid,WOL,ru,35165.2
2000,modern_selfid,WOL,lt,6145.27
2000,modern_selfid,WOL,cs,38285.5
2000,modern_selfid,WOL,lv,65.2403
2000,modern_selfid,WOL,csb,1197.86
2000,modern_selfid,WOL,rue,1030.22
2000,modern_selfid,WOL,rom,2369.01
2000,modern_selfid,WOL,kdr,21.0938
2000,modern_selfid,WOL,wym,1.84023
2000,modern_selfid,WOL,other,3300.07
2000,modern_selfid,POZ,pl,2.40094e+06
2000,modern_selfid,POZ,uk,72283.3
2000,modern_selfid,POZ,be,20692.8
2000,modern_selfid,POZ,tut,2952.29
2000,modern_selfid,POZ,yi,40935.7
2000,modern_selfid,POZ,de,114355
2000,modern_selfid,POZ,ru,4521.22
2000,modern_selfid,POZ,lt,11338.9
2000,modern_selfid,POZ,cs,999.491
2000,modern_selfid,POZ,lv,123.29
2000,modern_selfid,POZ,csb,4360.12
2000,modern_selfid,POZ,rue,1408.28
2000,modern_selfid,POZ,rom,1755.35
2000,modern_selfid,POZ,kdr,8.26184
2000,modern_selfid,POZ,wym,4.19279
2000,modern_selfid,POZ,other,1637.41
2000,modern_selfid,POM,pl,1.55196e+06
2000,modern_selfid,POM,uk,60178.6
2000,modern_selfid,POM,be,17247.6
2000,modern_selfid,POM,tut,2422.08
2000,modern_selfid,POM,yi,34034.9
2000,modern_selfid,POM,de,74170.7
2000,modern_selfid,POM,ru,3709.25
2000,modern_selfid,POM,lt,9402.58
2000,modern_selfid,POM,cs,804.966
2000,modern_selfid,POM,lv,100.272
2000,modern_selfid,POM,csb,96003.5
2000,modern_selfid,POM,rue,1063.04
2000,modern_selfid,POM,rom,1382.64
2000,modern_selfid,POM,kdr,6.5936
2000,modern_selfid,POM,wym,3.10758
2000,modern_selfid,POM,other,2054.54
2000,modern_selfid,SLA,pl,2.04553e+06
2000,modern_selfid,SLA,uk,110919
2000,modern_selfid,SLA,be,23210.8
2000,modern_selfid,SLA,tut,3411.46
2000,modern_selfid,SLA,yi,53355
2000,modern_selfid,SLA,de,56666.2
2000,modern_selfid,SLA,ru,4958.54
2000,modern_selfid,SLA,lt,12317.8
2000,modern_selfid,SLA,cs,1258.16
2000,modern_selfid,SLA,lv,130.873
2000,modern_selfid,SLA,csb,3502.83
2000,modern_selfid,SLA,rue,2321.37
2000,modern_selfid,SLA,rom,2166.73
2000,modern_selfid,SLA,kdr,9.34606
2000,modern_selfid,SLA,wym,7.2118
2000,modern_selfid,SLA,other,2720.7
2000,modern_selfid,KRA,pl,2.36434e+06
2000,modern_selfid,KRA,uk,74338.8
2000,modern_selfid,KRA,be,15878.6
2000,modern_selfid,KRA,tut,2391.63
2000,modern_selfid,KRA,yi,88239.2
2000,modern_selfid,KRA,de,12901.2
2000,modern_selfid,KRA,ru,3477.56
2000,modern_selfid,KRA,lt,8136.95
2000,modern_selfid,KRA,cs,905.73
2000,modern_selfid,KRA,lv,89.7931
2000,modern_selfid,KRA,csb,2082.97
2000,modern_selfid,KRA,rue,43032
2000,modern_selfid,KRA,rom,4637.1
2000,modern_selfid,KRA,kdr,6.49046
2000,modern_selfid,KRA,wym,139.738
2000,modern_selfid,KRA,other,2000.3
2000,modern_selfid,LWO,pl,2.4563e+06
2000,modern_selfid,LWO,uk,1.17096e+06
2000,modern_selfid,LWO,be,21981.2
2000,modern_selfid,LWO,tut,3575.88
2000,modern_selfid,LWO,yi,146041
2000,modern_selfid,LWO,de,15839.5
2000,modern_selfid,LWO,ru,4941.29
2000,modern_selfid,LWO,lt,10144
2000,modern_selfid,LWO,cs,1881.64
2000,modern_selfid,LWO,lv,112.3
2000,modern_selfid,LWO,csb,2214.28
2000,modern_selfid,LWO,rue,40735.2
2000,modern_selfid,LWO,rom,4470.98
2000,modern_selfid,LWO,kdr,10.0566
2000,modern_selfid,LWO,wym,4.47711
2000,modern_selfid,LWO,other,5109.59
2000,modern_selfid,STA,pl,701300
2000,modern_selfid,STA,uk,994616
2000,modern_selfid,STA,be,7514.95
2000,modern_selfid,STA,tut,1251.6
2000,modern_selfid,STA,yi,56243.1
2000,modern_selfid,STA,de,11500.9
2000,modern_selfid,STA,ru,1685.76
2000,modern_selfid,STA,lt,3364.01
2000,modern_selfid,STA,cs,629.593
2000,modern_selfid,STA,lv,37.3769
2000,modern_selfid,STA,csb,737.462
2000,modern_selfid,STA,rue,792.974
2000,modern_selfid,STA,rom,1545.29
2000,modern_selfid,STA,kdr,27.4709
2000,modern_selfid,STA,wym,1.4754
2000,modern_selfid,STA,other,2614.99
2000,modern_selfid,TAR,pl,898366
2000,modern_selfid,TAR,uk,661387
2000,modern_selfid,TAR,be,7134.08
2000,modern_selfid,TAR,tut,1168.27
2000,modern_selfid,TAR,yi,42908.7
2000,modern_selfid,TAR,de,4333.35
2000,modern_selfid,TAR,ru,1615.94
2000,modern_selfid,TAR,lt,3165.89
2000,modern_selfid,TAR,cs,642.367
2000,modern_selfid,TAR,lv,35.1149
2000,modern_selfid,TAR,csb,688.481
2000,modern_selfid,TAR,rue,732.895
2000,modern_selfid,TAR,rom,970.172
2000,modern_selfid,TAR,kdr,3.07533
2000,modern_selfid,TAR,wym,1.37332
2000,modern_selfid,TAR,other,1021.13
2000,modern_selfid,LT_KAU,pl,20360.9
2000,modern_selfid,LT_KAU,uk,1244.61
2000,modern_selfid,LT_KAU,be,889.127
2000,modern_selfid,LT_KAU,tut,76.6635
2000,modern_selfid,LT_KAU,yi,7347.25
2000,modern_selfid,LT_KAU,de,6361.19
2000,modern_selfid,LT_KAU,ru,10397.6
2000,modern_selfid,LT_KAU,lt,308220
2000,modern_selfid,LT_KAU,cs,23.1554
2000,modern_selfid,LT_KAU,lv,508.241
2000,modern_selfid,LT_KAU,csb,57.2235
2000,modern_selfid,LT_KAU,rue,24.7073
2000,modern_selfid,LT_KAU,rom,638.162
2000,modern_selfid,LT_KAU,kdr,2.63621
2000,modern_selfid,LT_KAU,other,1336.25
2000,modern_selfid,LT_LAU,pl,22529.3
2000,modern_selfid,LT_LAU,uk,937.516
2000,modern_selfid,LT_LAU,be,693.993
2000,modern_selfid,LT_LAU,tut,58.069
2000,modern_selfid,LT_LAU,yi,7514.52
2000,modern_selfid,LT_LAU,de,3452.27
2000,modern_selfid,LT_LAU,ru,10514.3
2000,modern_selfid,LT_LAU,lt,491960
2000,modern_selfid,LT_LAU,cs,18.0251
2000,modern_selfid,LT_LAU,lv,1170.9
2000,modern_selfid,LT_LAU,csb,43.5133
2000,modern_selfid,LT_LAU,rue,18.7359
2000,modern_selfid,LT_LAU,rom,163.086
2000,modern_selfid,LT_LAU,kdr,30.0768
2000,modern_selfid,LT_LAU,other,889.156
2000,modern_selfid,LT_ZEM,pl,9640.44
2000,modern_selfid,LT_ZEM,uk,1053.24
2000,modern_selfid,LT_ZEM,be,767.685
2000,modern_selfid,LT_ZEM,tut,65.4625
2000,modern_selfid,LT_ZEM,yi,8042.62
2000,modern_selfid,LT_ZEM,de,5722.48
2000,modern_selfid,LT_ZEM,ru,6963.22
2000,modern_selfid,LT_ZEM,lt,567001
2000,modern_selfid,LT_ZEM,cs,19.9526
2000,modern_selfid,LT_ZEM,lv,4466.59
2000,modern_selfid,LT_ZEM,csb,49.0037
2000,modern_selfid,LT_ZEM,rue,21.5254
2000,modern_selfid,LT_ZEM,rom,350.294
2000,modern_selfid,LT_ZEM,kdr,3.01872
2000,modern_selfid,LT_ZEM,other,1059.53
2000,modern_selfid,LT_SUV,pl,12394.7
2000,modern_selfid,LT_SUV,uk,1149.83
2000,modern_selfid,LT_SUV,be,1341.89
2000,modern_selfid,LT_SUV,tut,72.2152
2000,modern_selfid,LT_SUV,yi,6493.01
2000,modern_selfid,LT_SUV,de,12200.1
2000,modern_selfid,LT_SUV,ru,5399.01
2000,modern_selfid,LT_SUV,lt,437995
2000,modern_selfid,LT_SUV,cs,20.9923
2000,modern_selfid,LT_SUV,lv,398.052
2000,modern_selfid,LT_SUV,csb,52.6723
2000,modern_selfid,LT_SUV,rue,23.6349
2000,modern_selfid,LT_SUV,rom,1006.37
2000,modern_selfid,LT_SUV,kdr,2.01132
2000,modern_selfid,LT_SUV,other,845.556
2000,modern_selfid,LT_NEA,pl,18818.3
2000,modern_selfid,LT_NEA,uk,714.677
2000,modern_selfid,LT_NEA,be,1752.6
2000,modern_selfid,LT_NEA,tut,44.5848
2000,modern_selfid,LT_NEA,yi,5842.28
2000,modern_selfid,LT_NEA,de,1833.49
2000,modern_selfid,LT_NEA,ru,23628.1
2000,modern_selfid,LT_NEA,lt,389484
2000,modern_selfid,LT_NEA,cs,13.9854
2000,modern_selfid,LT_NEA,lv,5396.03
2000,modern_selfid,LT_NEA,csb,32.2144
2000,modern_selfid,LT_NEA,rue,13.6918
2000,modern_selfid,LT_NEA,rom,112.09
2000,modern_selfid,LT_NEA,kdr,2.10715
2000,modern_selfid,LT_NEA,other,783.308
2000,modern_selfid,LT_KLA,pl,2730.44
2000,modern_selfid,LT_KLA,uk,613.624
2000,modern_selfid,LT_KLA,be,407.662
2000,modern_selfid,LT_KLA,tut,37.0986
2000,modern_selfid,LT_KLA,yi,1756.02
2000,modern_selfid,LT_KLA,de,35195.6
2000,modern_selfid,LT_KLA,ru,2085.82
2000,modern_selfid,LT_KLA,lt,154215
2000,modern_selfid,LT_KLA,cs,11.5533
2000,modern_selfid,LT_KLA,lv,307.671
2000,modern_selfid,LT_KLA,csb,33.6849
2000,modern_selfid,LT_KLA,rue,12.6413
2000,modern_selfid,LT_KLA,rom,101.667
2000,modern_selfid,LT_KLA,kdr,1.46544
2000,modern_selfid,LT_KLA,other,713.341
2000,polish_1931,WAW,pl,2.11945e+06
2000,polish_1931,WAW,uk,188278
2000,polish_1931,WAW,ruth,38688.2
2000,polish_1931,WAW,be,40671
2000,polish_1931,WAW,tut,22485.3
2000,polish_1931,WAW,yi,185554
2000,polish_1931,WAW,he,10252.5
2000,polish_1931,WAW,de,21269.9
2000,polish_1931,WAW,ru,13919.8
2000,polish_1931,WAW,lt,20438.3
2000,polish_1931,WAW,cs,2211.1
2000,polish_1931,WAW,lv,267.271
2000,polish_1931,WAW,other,3755.2
2000,polish_1931,WAR,pl,2.74554e+06
2000,polish_1931,WAR,uk,53206.1
2000,polish_1931,WAR,ruth,11453.2
2000,polish_1931,WAR,be,13977.1
2000,polish_1931,WAR,tut,8670.76
2000,polish_1931,WAR,yi,133709
2000,polish_1931,WAR,he,6808.9
2000,polish_1931,WAR,de,37794.5
2000,polish_1931,WAR,ru,11314.2
2000,polish_1931,WAR,lt,7774.57
2000,polish_1931,WAR,cs,940.147
2000,polish_1931,WAR,lv,109.846
2000,polish_1931,WAR,other,5972.94
2000,polish_1931,LOD,pl,3.071e+06
2000,polish_1931,LOD,uk,91605.3
2000,polish_1931,LOD,ruth,19768.1
2000,polish_1931,LOD,be,24514.8
2000,polish_1931,LOD,tut,14929.5
2000,polish_1931,LOD,yi,205403
2000,polish_1931,LOD,he,10633.5
2000,polish_1931,LOD,de,92153.7
2000,polish_1931,LOD,ru,9906.64
2000,polish_1931,LOD,lt,13678
2000,polish_1931,LOD,cs,1631.62
2000,polish_1931,LOD,lv,194.319
2000,polish_1931,LOD,other,7718.27
2000,polish_1931,KIE,pl,3.68279e+06
2000,polish_1931,KIE,uk,74219.9
2000,polish_1931,KIE,ruth,16807.9
2000,polish_1931,KIE,be,18302.9
2000,polish_1931,KIE,tut,11198.4
2000,polish_1931,KIE,yi,206311
2000,polish_1931,KIE,he,10534.9
2000,polish_1931,KIE,de,19686.8
2000,polish_1931,KIE,ru,9439.75
2000,polish_1931,KIE,lt,9777.17
2000,polish_1931,KIE,cs,1307.51
2000,polish_1931,KIE,lv,141.431
2000,polish_1931,KIE,other,6585.93
2000,polish_1931,LUB,pl,3.55374e+06
2000,polish_1931,LUB,uk,293930
2000,polish_1931,LUB,ruth,40410
2000,polish_1931,LUB,be,20579.6
2000,polish_1931,LUB,tut,13021.4
2000,polish_1931,LUB,yi,162557
2000,polish_1931,LUB,he,8399.89
2000,polish_1931,LUB,de,19989.4
2000,polish_1931,LUB,ru,13430.7
2000,polish_1931,LUB,lt,8588.52
2000,polish_1931,LUB,cs,1578.16
2000,polish_1931,LUB,lv,118.656
2000,polish_1931,LUB,other,1909.3
2000,polish_1931,BIA,pl,1.95095e+06
2000,polish_1931,BIA,uk,49485
2000,polish_1931,BIA,ruth,8714.82
2000,polish_1931,BIA,be,179857
2000,polish_1931,BIA,tut,9041.86
2000,polish_1931,BIA,yi,121663
2000,polish_1931,BIA,he,6352.71
2000,polish_1931,BIA,de,10657
2000,polish_1931,BIA,ru,51656.9
2000,polish_1931,BIA,lt,17999.8
2000,polish_1931,BIA,cs,812.263
2000,polish_1931,BIA,lv,130.722
2000,polish_1931,BIA,other,1849.58
2000,polish_1931,WIL,pl,1.21463e+06
2000,polish_1931,WIL,uk,22460.1
2000,polish_1931,WIL,ruth,4155.39
2000,polish_1931,WIL,be,203607
2000,polish_1931,WIL,tut,8624.98
2000,polish_1931,WIL,yi,57827.2
2000,polish_1931,WIL,he,3122.55
2000,polish_1931,WIL,de,3794.54
2000,polish_1931,WIL,ru,52622.7
2000,polish_1931,WIL,lt,50667.8
2000,polish_1931,WIL,cs,451.214
2000,polish_1931,WIL,lv,125.487
2000,polish_1931,WIL,other,1727.75
2000,polish_1931,NOW,pl,1.39274e+06
2000,polish_1931,NOW,uk,27906
2000,polish_1931,NOW,ruth,4683.24
2000,polish_1931,NOW,be,436302
2000,polish_1931,NOW,tut,5592.47
2000,polish_1931,NOW,yi,49734.5
2000,polish_1931,NOW,he,2691.56
2000,polish_1931,NOW,de,2557.72
2000,polish_1931,NOW,ru,44511.5
2000,polish_1931,NOW,lt,5220.12
2000,polish_1931,NOW,cs,534.59
2000,polish_1931,NOW,lv,64.4488
2000,polish_1931,NOW,other,627.55
2000,polish_1931,POL,pl,1.83196e+06
2000,polish_1931,POL,uk,200746
2000,polish_1931,POL,ruth,11284
2000,polish_1931,POL,be,138157
2000,polish_1931,POL,tut,866251
2000,polish_1931,POL,yi,65471.5
2000,polish_1931,POL,he,3420.65
2000,polish_1931,POL,de,3667.94
2000,polish_1931,POL,ru,32258.7
2000,polish_1931,POL,lt,4802.58
2000,polish_1931,POL,cs,727.604
2000,polish_1931,POL,lv,64.4303
2000,polish_1931,POL,other,1451.76
2000,polish_1931,WOL,pl,1.41748e+06
2000,polish_1931,WOL,uk,2.84118e+06
2000,polish_1931,WOL,ruth,71940.5
2000,polish_1931,WOL,be,14363.6
2000,polish_1931,WOL,tut,8255.51
2000,polish_1931,WOL,yi,114321
2000,polish_1931,WOL,he,5999.68
2000,polish_1931,WOL,de,36336.2
2000,polish_1931,WOL,ru,36162.4
2000,polish_1931,WOL,lt,5171.41
2000,polish_1931,WOL,cs,42274.8
2000,polish_1931,WOL,lv,69.5286
2000,polish_1931,WOL,other,3776.22
2000,polish_1931,POZ,pl,2.39478e+06
2000,polish_1931,POZ,uk,61265.3
2000,polish_1931,POZ,ruth,13312.4
2000,polish_1931,POZ,be,16637.7
2000,polish_1931,POZ,tut,10155.9
2000,polish_1931,POZ,yi,43258.5
2000,polish_1931,POZ,he,2415.46
2000,polish_1931,POZ,de,118240
2000,polish_1931,POZ,ru,5590.81
2000,polish_1931,POZ,lt,9411.43
2000,polish_1931,POZ,cs,1122.04
2000,polish_1931,POZ,lv,133.074
2000,polish_1931,POZ,other,1991.51
2000,polish_1931,POM,pl,1.64017e+06
2000,polish_1931,POM,uk,51118.6
2000,polish_1931,POM,ruth,10842.2
2000,polish_1931,POM,be,13896.2
2000,polish_1931,POM,tut,8331.96
2000,polish_1931,POM,yi,35935.7
2000,polish_1931,POM,he,1998.79
2000,polish_1931,POM,de,76489.5
2000,polish_1931,POM,ru,4594.03
2000,polish_1931,POM,lt,7821.07
2000,polish_1931,POM,cs,903.061
2000,polish_1931,POM,lv,108.003
2000,polish_1931,POM,other,2333.19
2000,polish_1931,SLA,pl,2.04447e+06
2000,polish_1931,SLA,uk,92817.9
2000,polish_1931,SLA,ruth,22793.4
2000,polish_1931,SLA,be,18588.1
2000,polish_1931,SLA,tut,11735.4
2000,polish_1931,SLA,yi,56396.5
2000,polish_1931,SLA,he,3157.53
2000,polish_1931,SLA,de,51425.7
2000,polish_1931,SLA,ru,6156.01
2000,polish_1931,SLA,lt,10232.7
2000,polish_1931,SLA,cs,1412.53
2000,polish_1931,SLA,lv,141.097
2000,polish_1931,SLA,other,3156.82
2000,polish_1931,KRA,pl,2.34671e+06
2000,polish_1931,KRA,uk,67295.8
2000,polish_1931,KRA,ruth,61581.1
2000,polish_1931,KRA,be,12682.3
2000,polish_1931,KRA,tut,8227.22
2000,polish_1931,KRA,yi,93651.3
2000,polish_1931,KRA,he,4777.08
2000,polish_1931,KRA,de,12604
2000,polish_1931,KRA,ru,4286.17
2000,polish_1931,KRA,lt,6762.8
2000,polish_1931,KRA,cs,1015.7
2000,polish_1931,KRA,lv,96.8488
2000,polish_1931,KRA,other,2913.74
2000,polish_1931,LWO,pl,2.39135e+06
2000,polish_1931,LWO,uk,815951
2000,polish_1931,LWO,ruth,446042
2000,polish_1931,LWO,be,17376.6
2000,polish_1931,LWO,tut,12301
2000,polish_1931,LWO,yi,154753
2000,polish_1931,LWO,he,8043.98
2000,polish_1931,LWO,de,15767.3
2000,polish_1931,LWO,ru,6053.36
2000,polish_1931,LWO,lt,8454.44
2000,polish_1931,LWO,cs,2110.22
2000,polish_1931,LWO,lv,120.684
2000,polish_1931,LWO,other,5994.47
2000,polish_1931,STA,pl,662918
2000,polish_1931,STA,uk,652811
2000,polish_1931,STA,ruth,375425
2000,polish_1931,STA,be,5917.75
2000,polish_1931,STA,tut,4305.49
2000,polish_1931,STA,yi,59461
2000,polish_1931,STA,he,3088.61
2000,polish_1931,STA,de,11367.8
2000,polish_1931,STA,ru,2055.56
2000,polish_1931,STA,lt,2816.03
2000,polish_1931,STA,cs,704.568
2000,polish_1931,STA,lv,40.0008
2000,polish_1931,STA,other,2951.65
2000,polish_1931,TAR,pl,871210
2000,polish_1931,TAR,uk,442991
2000,polish_1931,TAR,ruth,241643
2000,polish_1931,TAR,be,5634.92
2000,polish_1931,TAR,tut,4018.86
2000,polish_1931,TAR,yi,45391.7
2000,polish_1931,TAR,he,2374.27
2000,polish_1931,TAR,de,4321.73
2000,polish_1931,TAR,ru,1970.14
2000,polish_1931,TAR,lt,2648.18
2000,polish_1931,TAR,cs,718.993
2000,polish_1931,TAR,lv,37.638
2000,polish_1931,TAR,other,1213.71
2000,polish_1931,LT_KAU,pl,99146.9
2000,polish_1931,LT_KAU,uk,1011.47
2000,polish_1931,LT_KAU,ruth,198.935
2000,polish_1931,LT_KAU,be,664.873
2000,polish_1931,LT_KAU,tut,263.722
2000,polish_1931,LT_KAU,yi,7422.18
2000,polish_1931,LT_KAU,he,895.069
2000,polish_1931,LT_KAU,de,6787.88
2000,polish_1931,LT_KAU,ru,10654.6
2000,polish_1931,LT_KAU,lt,228379
2000,polish_1931,LT_KAU,cs,24.7739
2000,polish_1931,LT_KAU,lv,573.973
2000,polish_1931,LT_KAU,other,1464.29
2000,polish_1931,LT_LAU,pl,146613
2000,polish_1931,LT_LAU,uk,761.557
2000,polish_1931,LT_LAU,ruth,147.684
2000,polish_1931,LT_LAU,be,503.671
2000,polish_1931,LT_LAU,tut,199.757
2000,polish_1931,LT_LAU,yi,7571.95
2000,polish_1931,LT_LAU,he,938.521
2000,polish_1931,LT_LAU,de,3674.12
2000,polish_1931,LT_LAU,ru,10734.8
2000,polish_1931,LT_LAU,lt,366548
2000,polish_1931,LT_LAU,cs,19.2303
2000,polish_1931,LT_LAU,lv,1320.35
2000,polish_1931,LT_LAU,other,960.517
2000,polish_1931,LT_ZEM,pl,152357
2000,polish_1931,LT_ZEM,uk,852.824
2000,polish_1931,LT_ZEM,ruth,170.647
2000,polish_1931,LT_ZEM,be,563.545
2000,polish_1931,LT_ZEM,tut,225.191
2000,polish_1931,LT_ZEM,yi,8107.09
2000,polish_1931,LT_ZEM,he,1000.3
2000,polish_1931,LT_ZEM,de,6096.97
2000,polish_1931,LT_ZEM,ru,7124.59
2000,polish_1931,LT_ZEM,lt,422544
2000,polish_1931,LT_ZEM,cs,21.3241
2000,polish_1931,LT_ZEM,lv,5031.35
2000,polish_1931,LT_ZEM,other,1131.51
2000,polish_1931,LT_SUV,pl,124361
2000,polish_1931,LT_SUV,uk,928.062
2000,polish_1931,LT_SUV,ruth,190.284
2000,polish_1931,LT_SUV,be,674.758
2000,polish_1931,LT_SUV,tut,248.42
2000,polish_1931,LT_SUV,yi,6546.06
2000,polish_1931,LT_SUV,he,789.531
2000,polish_1931,LT_SUV,de,13006.8
2000,polish_1931,LT_SUV,ru,5527.44
2000,polish_1931,LT_SUV,lt,325607
2000,polish_1931,LT_SUV,cs,22.4607
2000,polish_1931,LT_SUV,lv,448.934
2000,polish_1931,LT_SUV,other,1044.6
2000,polish_1931,LT_NEA,pl,119372
2000,polish_1931,LT_NEA,uk,582.653
2000,polish_1931,LT_NEA,ruth,109.172
2000,polish_1931,LT_NEA,be,637.882
2000,polish_1931,LT_NEA,tut,153.372
2000,polish_1931,LT_NEA,yi,5878.77
2000,polish_1931,LT_NEA,he,731.398
2000,polish_1931,LT_NEA,de,1947.43
2000,polish_1931,LT_NEA,ru,24052.4
2000,polish_1931,LT_NEA,lt,288114
2000,polish_1931,LT_NEA,cs,14.912
2000,polish_1931,LT_NEA,lv,6069.68
2000,polish_1931,LT_NEA,other,807.633
2000,polish_1931,LT_KLA,pl,42755.5
2000,polish_1931,LT_KLA,uk,495.882
2000,polish_1931,LT_KLA,ruth,98.1358
2000,polish_1931,LT_KLA,be,299.407
2000,polish_1931,LT_KLA,tut,127.619
2000,polish_1931,LT_KLA,yi,1769.34
2000,polish_1931,LT_KLA,he,202.932
2000,polish_1931,LT_KLA,de,37368.8
2000,polish_1931,LT_KLA,ru,2140.8
2000,polish_1931,LT_KLA,lt,111870
2000,polish_1931,LT_KLA,cs,12.2866
2000,polish_1931,LT_KLA,lv,347.171
2000,polish_1931,LT_KLA,other,734.849
2010,imperial_1897,WAW,pl,1.92174e+06
2010,imperial_1897,WAW,uk,335639
2010,imperial_1897,WAW,be,118376
2010,imperial_1897,WAW,yi,309711
2010,imperial_1897,WAW,de,23671.9
2010,imperial_1897,WAW,ru,32020
2010,imperial_1897,WAW,lt,26563.2
2010,imperial_1897,WAW,cs,2383.77
2010,imperial_1897,WAW,lv,278.353
2010,imperial_1897,WAW,other,7696.26
2010,imperial_1897,WAR,pl,2.51066e+06
2010,imperial_1897,WAR,uk,100857
2010,imperial_1897,WAR,be,43883.2
2010,imperial_1897,WAR,yi,199704
2010,imperial_1897,WAR,de,37497.7
2010,imperial_1897,WAR,ru,18968.5
2010,imperial_1897,WAR,lt,10098.9
2010,imperial_1897,WAR,cs,1013.47
2010,imperial_1897,WAR,lv,113.891
2010,imperial_1897,WAR,other,8638.11
2010,imperial_1897,LOD,pl,2.78511e+06
2010,imperial_1897,LOD,uk,173564
2010,imperial_1897,LOD,be,75142.2
2010,imperial_1897,LOD,yi,313545
2010,imperial_1897,LOD,de,89480.9
2010,imperial_1897,LOD,ru,22355
2010,imperial_1897,LOD,lt,17610.1
2010,imperial_1897,LOD,cs,1739.23
2010,imperial_1897,LOD,lv,200.119
2010,imperial_1897,LOD,other,10537
2010,imperial_1897,KIE,pl,3.39605e+06
2010,imperial_1897,KIE,uk,140997
2010,imperial_1897,KIE,be,57075.3
2010,imperial_1897,KIE,yi,306683
2010,imperial_1897,KIE,de,20897.8
2010,imperial_1897,KIE,ru,19309.9
2010,imperial_1897,KIE,lt,12748.6
2010,imperial_1897,KIE,cs,1414.72
2010,imperial_1897,KIE,lv,147.735
2010,imperial_1897,KIE,other,10405.2
2010,imperial_1897,LUB,pl,3.23434e+06
2010,imperial_1897,LUB,uk,469561
2010,imperial_1897,LUB,be,140884
2010,imperial_1897,LUB,yi,237370
2010,imperial_1897,LUB,de,20911.7
2010,imperial_1897,LUB,ru,55671
2010,imperial_1897,LUB,lt,11367
2010,imperial_1897,LUB,cs,1695.77
2010,imperial_1897,LUB,lv,126.231
2010,imperial_1897,LUB,other,5816.89
2010,imperial_1897,BIA,pl,1.61031e+06
2010,imperial_1897,BIA,uk,140691
2010,imperial_1897,BIA,be,342649
2010,imperial_1897,BIA,yi,174097
2010,imperial_1897,BIA,de,11251.9
2010,imperial_1897,BIA,ru,83506.2
2010,imperial_1897,BIA,lt,21521.9
2010,imperial_1897,BIA,cs,892.88
2010,imperial_1897,BIA,lv,132.605
2010,imperial_1897,BIA,other,3589.87
2010,imperial_1897,WIL,pl,952912
2010,imperial_1897,WIL,uk,81134.7
2010,imperial_1897,WIL,be,342146
2010,imperial_1897,WIL,yi,81581.9
2010,imperial_1897,WIL,de,4206.72
2010,imperial_1897,WIL,ru,69687.1
2010,imperial_1897,WIL,lt,57964.5
2010,imperial_1897,WIL,cs,506.936
2010,imperial_1897,WIL,lv,123.391
2010,imperial_1897,WIL,other,2792.92
2010,imperial_1897,NOW,pl,1.00303e+06
2010,imperial_1897,NOW,uk,136485
2010,imperial_1897,NOW,be,743827
2010,imperial_1897,NOW,yi,71267.5
2010,imperial_1897,NOW,de,3063.32
2010,imperial_1897,NOW,ru,81786.1
2010,imperial_1897,NOW,lt,6786.77
2010,imperial_1897,NOW,cs,607.796
2010,imperial_1897,NOW,lv,68.3653
2010,imperial_1897,NOW,other,2053.08
2010,imperial_1897,POL,pl,1.33081e+06
2010,imperial_1897,POL,uk,937852
2010,imperial_1897,POL,be,900808
2010,imperial_1897,POL,yi,93330.4
2010,imperial_1897,POL,de,4443.9
2010,imperial_1897,POL,ru,163545
2010,imperial_1897,POL,lt,6655.18
2010,imperial_1897,POL,cs,843.53
2010,imperial_1897,POL,lv,71.3928
2010,imperial_1897,POL,other,2832.6
2010,imperial_1897,WOL,pl,1.13746e+06
2010,imperial_1897,WOL,uk,3.39008e+06
2010,imperial_1897,WOL,be,79381.5
2010,imperial_1897,WOL,yi,158088
2010,imperial_1897,WOL,de,36745
2010,imperial_1897,WOL,ru,61729.1
2010,imperial_1897,WOL,lt,7303.47
2010,imperial_1897,WOL,cs,41859.7
2010,imperial_1897,WOL,lv,79.0553
2010,imperial_1897,WOL,other,6420.55
2010,imperial_1897,POZ,pl,2.19552e+06
2010,imperial_1897,POZ,uk,116907
2010,imperial_1897,POZ,be,50584.7
2010,imperial_1897,POZ,yi,90537.4
2010,imperial_1897,POZ,de,114630
2010,imperial_1897,POZ,ru,13813.4
2010,imperial_1897,POZ,lt,12258.7
2010,imperial_1897,POZ,cs,1206.8
2010,imperial_1897,POZ,lv,138.295
2010,imperial_1897,POZ,other,4331.72
2010,imperial_1897,POM,pl,1.53404e+06
2010,imperial_1897,POM,uk,97894
2010,imperial_1897,POM,be,42273.8
2010,imperial_1897,POM,yi,73149.6
2010,imperial_1897,POM,de,75796.3
2010,imperial_1897,POM,ru,11394.9
2010,imperial_1897,POM,lt,10337.6
2010,imperial_1897,POM,cs,984.999
2010,imperial_1897,POM,lv,114.497
2010,imperial_1897,POM,other,4023.51
2010,imperial_1897,SLA,pl,1.89487e+06
2010,imperial_1897,SLA,uk,173755
2010,imperial_1897,SLA,be,57747.8
2010,imperial_1897,SLA,yi,117312
2010,imperial_1897,SLA,de,57199.2
2010,imperial_1897,SLA,ru,15655.4
2010,imperial_1897,SLA,lt,13560.1
2010,imperial_1897,SLA,cs,1534.63
2010,imperial_1897,SLA,lv,149.192
2010,imperial_1897,SLA,other,5924.6
2010,imperial_1897,KRA,pl,2.1177e+06
2010,imperial_1897,KRA,uk,183002
2010,imperial_1897,KRA,be,39732.9
2010,imperial_1897,KRA,yi,153513
2010,imperial_1897,KRA,de,13817.6
2010,imperial_1897,KRA,ru,10994.4
2010,imperial_1897,KRA,lt,8853.69
2010,imperial_1897,KRA,cs,1091.66
2010,imperial_1897,KRA,lv,101.045
2010,imperial_1897,KRA,other,7869.48
2010,imperial_1897,LWO,pl,1.96152e+06
2010,imperial_1897,LWO,uk,1.47081e+06
2010,imperial_1897,LWO,be,58169.2
2010,imperial_1897,LWO,yi,257820
2010,imperial_1897,LWO,de,17076.7
2010,imperial_1897,LWO,ru,16515.1
2010,imperial_1897,LWO,lt,11214.6
2010,imperial_1897,LWO,cs,2213.67
2010,imperial_1897,LWO,lv,128.04
2010,imperial_1897,LWO,other,10353
2010,imperial_1897,STA,pl,475397
2010,imperial_1897,STA,uk,1.13431e+06
2010,imperial_1897,STA,be,19315
2010,imperial_1897,STA,yi,89001
2010,imperial_1897,STA,de,11792.1
2010,imperial_1897,STA,ru,5360.5
2010,imperial_1897,STA,lt,3784.51
2010,imperial_1897,STA,cs,755.701
2010,imperial_1897,STA,lv,43.2981
2010,imperial_1897,STA,other,4256.55
2010,imperial_1897,TAR,pl,668789
2010,imperial_1897,TAR,uk,793797
2010,imperial_1897,TAR,be,18587.1
2010,imperial_1897,TAR,yi,73350.4
2010,imperial_1897,TAR,de,4754.2
2010,imperial_1897,TAR,ru,5197.5
2010,imperial_1897,TAR,lt,3573.59
2010,imperial_1897,TAR,cs,772.264
2010,imperial_1897,TAR,lv,40.8727
2010,imperial_1897,TAR,other,2239.64
2010,imperial_1897,LT_KAU,pl,18692.1
2010,imperial_1897,LT_KAU,uk,1791.35
2010,imperial_1897,LT_KAU,be,1256.99
2010,imperial_1897,LT_KAU,yi,6432.91
2010,imperial_1897,LT_KAU,de,6471.49
2010,imperial_1897,LT_KAU,ru,10769.6
2010,imperial_1897,LT_KAU,lt,295985
2010,imperial_1897,LT_KAU,cs,27.6846
2010,imperial_1897,LT_KAU,lv,551.395
2010,imperial_1897,LT_KAU,other,1884.35
2010,imperial_1897,LT_LAU,pl,20887.1
2010,imperial_1897,LT_LAU,uk,1368.64
2010,imperial_1897,LT_LAU,be,974.528
2010,imperial_1897,LT_LAU,yi,6570.66
2010,imperial_1897,LT_LAU,de,3605.36
2010,imperial_1897,LT_LAU,ru,11067.8
2010,imperial_1897,LT_LAU,lt,463325
2010,imperial_1897,LT_LAU,cs,22.1184
2010,imperial_1897,LT_LAU,lv,1197.8
2010,imperial_1897,LT_LAU,other,1026.52
2010,imperial_1897,LT_ZEM,pl,9172.16
2010,imperial_1897,LT_ZEM,uk,1505.37
2010,imperial_1897,LT_ZEM,be,1046.38
2010,imperial_1897,LT_ZEM,yi,6996.1
2010,imperial_1897,LT_ZEM,de,5874.94
2010,imperial_1897,LT_ZEM,ru,7420.72
2010,imperial_1897,LT_ZEM,lt,528744
2010,imperial_1897,LT_ZEM,cs,24.1801
2010,imperial_1897,LT_ZEM,lv,4429.25
2010,imperial_1897,LT_ZEM,other,1363.58
2010,imperial_1897,LT_SUV,pl,11667.7
2010,imperial_1897,LT_SUV,uk,1622.87
2010,imperial_1897,LT_SUV,be,1565.9
2010,imperial_1897,LT_SUV,yi,5762.12
2010,imperial_1897,LT_SUV,de,12298.4
2010,imperial_1897,LT_SUV,ru,5749.87
2010,imperial_1897,LT_SUV,lt,407755
2010,imperial_1897,LT_SUV,cs,25.0468
2010,imperial_1897,LT_SUV,lv,436.252
2010,imperial_1897,LT_SUV,other,1942.26
2010,imperial_1897,LT_NEA,pl,17498.4
2010,imperial_1897,LT_NEA,uk,1060.93
2010,imperial_1897,LT_NEA,be,1874.22
2010,imperial_1897,LT_NEA,yi,5179.96
2010,imperial_1897,LT_NEA,de,1958.74
2010,imperial_1897,LT_NEA,ru,24857
2010,imperial_1897,LT_NEA,lt,364081
2010,imperial_1897,LT_NEA,cs,17.3264
2010,imperial_1897,LT_NEA,lv,5342.64
2010,imperial_1897,LT_NEA,other,833.662
2010,imperial_1897,LT_KLA,pl,2874.83
2010,imperial_1897,LT_KLA,uk,917.875
2010,imperial_1897,LT_KLA,be,582.032
2010,imperial_1897,LT_KLA,yi,1745.7
2010,imperial_1897,LT_KLA,de,35045.2
2010,imperial_1897,LT_KLA,ru,2296.15
2010,imperial_1897,LT_KLA,lt,147893
2010,imperial_1897,LT_KLA,cs,14.6222
2010,imperial_1897,LT_KLA,lv,338.412
2010,imperial_1897,LT_KLA,other,751.298
2010,latent,WAW,pl,2.14421e+06
2010,latent,WAW,uk,273248
2010,latent,WAW,be,59685
2010,latent,WAW,tut,26124.4
2010,latent,WAW,yi,191010
2010,latent,WAW,de,23671.9
2010,latent,WAW,ru,13135.8
2010,latent,WAW,lt,26563.2
2010,latent,WAW,cs,2383.77
2010,latent,WAW,lv,278.353
2010,latent,WAW,csb,6598.43
2010,latent,WAW,rue,3480.04
2010,latent,WAW,rom,3749.24
2010,latent,WAW,kdr,19.6433
2010,latent,WAW,wym,6.34035
2010,latent,WAW,other,3921.03
2010,latent,WAR,pl,2.61218e+06
2010,latent,WAR,uk,76189.4
2010,latent,WAR,be,20493.8
2010,latent,WAR,tut,10145.8
2010,latent,WAR,yi,137803
2010,latent,WAR,de,37497.7
2010,latent,WAR,ru,11400.3
2010,latent,WAR,lt,10098.9
2010,latent,WAR,cs,1013.47
2010,latent,WAR,lv,113.891
2010,latent,WAR,csb,4353.88
2010,latent,WAR,rue,1500.31
2010,latent,WAR,rom,3947.41
2010,latent,WAR,kdr,8.07975
2010,latent,WAR,wym,2.89027
2010,latent,WAR,other,4679.73
2010,latent,LOD,pl,2.95756e+06
2010,latent,LOD,uk,131740
2010,latent,LOD,be,35751
2010,latent,LOD,tut,17314.9
2010,latent,LOD,yi,208959
2010,latent,LOD,de,89480.9
2010,latent,LOD,ru,9646.33
2010,latent,LOD,lt,17610.1
2010,latent,LOD,cs,1739.23
2010,latent,LOD,lv,200.119
2010,latent,LOD,csb,6056.83
2010,latent,LOD,rue,2681.29
2010,latent,LOD,rom,4244.07
2010,latent,LOD,kdr,14.5007
2010,latent,LOD,wym,5.51453
2010,latent,LOD,other,6272.94
2010,latent,KIE,pl,3.54294e+06
2010,latent,KIE,uk,107236
2010,latent,KIE,be,26884.8
2010,latent,KIE,tut,13156.3
2010,latent,KIE,yi,213606
2010,latent,KIE,de,20897.8
2010,latent,KIE,ru,9552.1
2010,latent,KIE,lt,12748.6
2010,latent,KIE,cs,1414.72
2010,latent,KIE,lv,147.735
2010,latent,KIE,csb,4184.22
2010,latent,KIE,rue,2550.47
2010,latent,KIE,rom,5117.38
2010,latent,KIE,kdr,10.878
2010,latent,KIE,wym,5.32205
2010,latent,KIE,other,5271.62
2010,latent,LUB,pl,3.51877e+06
2010,latent,LUB,uk,384434
2010,latent,LUB,be,30681.1
2010,latent,LUB,tut,15565.5
2010,latent,LUB,yi,168934
2010,latent,LUB,de,20911.7
2010,latent,LUB,ru,14324
2010,latent,LUB,lt,11367
2010,latent,LUB,cs,1695.77
2010,latent,LUB,lv,126.231
2010,latent,LUB,csb,3017.47
2010,latent,LUB,rue,2097.93
2010,latent,LUB,rom,4358.07
2010,latent,LUB,kdr,9.56762
2010,latent,LUB,wym,3.41796
2010,latent,LUB,other,1445.83
2010,latent,BIA,pl,1.8583e+06
2010,latent,BIA,uk,69798.8
2010,latent,BIA,be,239860
2010,latent,BIA,tut,10627.3
2010,latent,BIA,yi,125585
2010,latent,BIA,de,11251.9
2010,latent,BIA,ru,43939.3
2010,latent,BIA,lt,21521.9
2010,latent,BIA,cs,892.88
2010,latent,BIA,lv,132.605
2010,latent,BIA,csb,2046.53
2010,latent,BIA,rue,1093.23
2010,latent,BIA,rom,2064.55
2010,latent,BIA,kdr,8.55261
2010,latent,BIA,wym,1.97802
2010,latent,BIA,other,1514.78
2010,latent,WIL,pl,1.10902e+06
2010,latent,WIL,uk,32717.1
2010,latent,WIL,be,272371
2010,latent,WIL,tut,9622.15
2010,latent,WIL,yi,59239.4
2010,latent,WIL,de,4206.72
2010,latent,WIL,ru,42843.8
2010,latent,WIL,lt,57964.5
2010,latent,WIL,cs,506.936
2010,latent,WIL,lv,123.391
2010,latent,WIL,csb,1079.88
2010,latent,WIL,rue,570.076
2010,latent,WIL,rom,1389.69
2010,latent,WIL,kdr,117.393
2010,latent,WIL,wym,1.0752
2010,latent,WIL,other,1284.77
2010,latent,NOW,pl,1.31846e+06
2010,latent,NOW,uk,40890
2010,latent,NOW,be,593919
2010,latent,NOW,tut,6832.08
2010,latent,NOW,yi,52166.6
2010,latent,NOW,de,3063.32
2010,latent,NOW,ru,22598.7
2010,latent,NOW,lt,6786.77
2010,latent,NOW,cs,607.796
2010,latent,NOW,lv,68.3653
2010,latent,NOW,csb,949.47
2010,latent,NOW,rue,576.542
2010,latent,NOW,rom,1569.35
2010,latent,NOW,kdr,4.4405
2010,latent,NOW,wym,0.964438
2010,latent,NOW,other,478.318
2010,latent,POL,pl,2.02057e+06
2010,latent,POL,uk,205823
2010,latent,POL,be,137682
2010,latent,POL,tut,960251
2010,latent,POL,yi,68580.2
2010,latent,POL,de,4443.9
2010,latent,POL,ru,31015.6
2010,latent,POL,lt,6655.18
2010,latent,POL,cs,843.53
2010,latent,POL,lv,71.3928
2010,latent,POL,csb,1468.5
2010,latent,POL,rue,955.599
2010,latent,POL,rom,1538.63
2010,latent,POL,kdr,5.05331
2010,latent,POL,wym,1.5082
2010,latent,POL,other,1287.41
2010,latent,WOL,pl,1.28816e+06
2010,latent,WOL,uk,3.34384e+06
2010,latent,WOL,be,22106.3
2010,latent,WOL,tut,10454.6
2010,latent,WOL,yi,118349
2010,latent,WOL,de,36745
2010,latent,WOL,ru,40664.9
2010,latent,WOL,lt,7303.47
2010,latent,WOL,cs,41859.7
2010,latent,WOL,lv,79.0553
2010,latent,WOL,csb,1690.62
2010,latent,WOL,rue,1474.71
2010,latent,WOL,rom,3203.66
2010,latent,WOL,kdr,23.723
2010,latent,WOL,wym,1.91687
2010,latent,WOL,other,3191.25
2010,latent,POZ,pl,2.28059e+06
2010,latent,POZ,uk,88575.5
2010,latent,POZ,be,24460.9
2010,latent,POZ,tut,11889.4
2010,latent,POZ,yi,48983.1
2010,latent,POZ,de,114630
2010,latent,POZ,ru,5456.14
2010,latent,POZ,lt,12258.7
2010,latent,POZ,cs,1206.8
2010,latent,POZ,lv,138.295
2010,latent,POZ,csb,5482.75
2010,latent,POZ,rue,1921.77
2010,latent,POZ,rom,2420.46
2010,latent,POZ,kdr,10.0232
2010,latent,POZ,wym,4.06634
2010,latent,POZ,other,1897.17
2010,latent,POM,pl,1.49527e+06
2010,latent,POM,uk,74990.4
2010,latent,POM,be,20813.9
2010,latent,POM,tut,9890.89
2010,latent,POM,yi,41270
2010,latent,POM,de,75796.3
2010,latent,POM,ru,4551.23
2010,latent,POM,lt,10337.6
2010,latent,POM,cs,984.999
2010,latent,POM,lv,114.497
2010,latent,POM,csb,110493
2010,latent,POM,rue,1471.18
2010,latent,POM,rom,1929.56
2010,latent,POM,kdr,8.07364
2010,latent,POM,wym,3.06565
2010,latent,POM,other,2082.81
2010,latent,SLA,pl,2.00254e+06
2010,latent,SLA,uk,137372
2010,latent,SLA,be,27708.2
2010,latent,SLA,tut,13863.5
2010,latent,SLA,yi,64105.5
2010,latent,SLA,de,57199.2
2010,latent,SLA,ru,6080.42
2010,latent,SLA,lt,13560.1
2010,latent,SLA,cs,1534.63
2010,latent,SLA,lv,149.192
2010,latent,SLA,csb,4573.38
2010,latent,SLA,rue,3105.26
2010,latent,SLA,rom,3003.15
2010,latent,SLA,kdr,11.4082
2010,latent,SLA,wym,6.88914
2010,latent,SLA,other,2903.15
2010,latent,KRA,pl,2.2306e+06
2010,latent,KRA,uk,90303.6
2010,latent,KRA,be,18605
2010,latent,KRA,tut,9576.22
2010,latent,KRA,yi,97399.1
2010,latent,KRA,de,13817.6
2010,latent,KRA,ru,4231.95
2010,latent,KRA,lt,8853.69
2010,latent,KRA,cs,1091.66
2010,latent,KRA,lv,101.045
2010,latent,KRA,csb,2705.44
2010,latent,KRA,rue,51530.1
2010,latent,KRA,rom,5791.98
2010,latent,KRA,kdr,7.8123
2010,latent,KRA,wym,119.79
2010,latent,KRA,other,1949.9
2010,latent,LWO,pl,2.23313e+06
2010,latent,LWO,uk,1.27445e+06
2010,latent,LWO,be,25637.5
2010,latent,LWO,tut,14389.3
2010,latent,LWO,yi,159577
2010,latent,LWO,de,17076.7
2010,latent,LWO,ru,6045.43
2010,latent,LWO,lt,11214.6
2010,latent,LWO,cs,2213.67
2010,latent,LWO,lv,128.04
2010,latent,LWO,csb,2953.89
2010,latent,LWO,rue,48659.4
2010,latent,LWO,rom,5709.59
2010,latent,LWO,kdr,12.0278
2010,latent,LWO,wym,4.30071
2010,latent,LWO,other,4627.08
2010,latent,STA,pl,580325
2010,latent,STA,uk,1.06384e+06
2010,latent,STA,be,8889.98
2010,latent,STA,tut,5173.49
2010,latent,STA,yi,60993.2
2010,latent,STA,de,11792.1
2010,latent,STA,ru,2105.99
2010,latent,STA,lt,3784.51
2010,latent,STA,cs,755.701
2010,latent,STA,lv,43.2981
2010,latent,STA,csb,998.617
2010,latent,STA,rue,1060.74
2010,latent,STA,rom,1955.82
2010,latent,STA,kdr,28.9493
2010,latent,STA,wym,1.43666
2010,latent,STA,other,2270.34
2010,latent,TAR,pl,786771
2010,latent,TAR,uk,708937
2010,latent,TAR,be,8502.94
2010,latent,TAR,tut,4833.86
2010,latent,TAR,yi,46754.2
2010,latent,TAR,de,4754.2
2010,latent,TAR,ru,2018.92
2010,latent,TAR,lt,3573.59
2010,latent,TAR,cs,772.264
2010,latent,TAR,lv,40.8727
2010,latent,TAR,csb,927.941
2010,latent,TAR,rue,975.578
2010,latent,TAR,rom,1266.84
2010,latent,TAR,kdr,3.71894
2010,latent,TAR,wym,1.32885
2010,latent,TAR,other,967.744
2010,latent,LT_KAU,pl,19254.5
2010,latent,LT_KAU,uk,1455.55
2010,latent,LT_KAU,be,973.569
2010,latent,LT_KAU,tut,318.406
2010,latent,LT_KAU,yi,6134.65
2010,latent,LT_KAU,de,6471.49
2010,latent,LT_KAU,ru,10706.8
2010,latent,LT_KAU,lt,295985
2010,latent,LT_KAU,cs,27.6846
2010,latent,LT_KAU,lv,551.395
2010,latent,LT_KAU,csb,68.3924
2010,latent,LT_KAU,rue,31.1133
2010,latent,LT_KAU,rom,781.087
2010,latent,LT_KAU,kdr,3.03563
2010,latent,LT_KAU,other,1100.14
2010,latent,LT_LAU,pl,21251.2
2010,latent,LT_LAU,uk,1118.95
2010,latent,LT_LAU,be,770.616
2010,latent,LT_LAU,tut,247.644
2010,latent,LT_LAU,yi,6378.55
2010,latent,LT_LAU,de,3605.36
2010,latent,LT_LAU,ru,11024.5
2010,latent,LT_LAU,lt,463325
2010,latent,LT_LAU,cs,22.1184
2010,latent,LT_LAU,lv,1197.8
2010,latent,LT_LAU,csb,53.2657
2010,latent,LT_LAU,rue,24.0352
2010,latent,LT_LAU,rom,220.14
2010,latent,LT_LAU,kdr,31.9802
2010,latent,LT_LAU,other,774.333
2010,latent,LT_ZEM,pl,9448.59
2010,latent,LT_ZEM,uk,1249.13
2010,latent,LT_ZEM,be,847.372
2010,latent,LT_ZEM,tut,275.761
2010,latent,LT_ZEM,yi,6848.95
2010,latent,LT_ZEM,de,5874.94
2010,latent,LT_ZEM,ru,7384.21
2010,latent,LT_ZEM,lt,528744
2010,latent,LT_ZEM,cs,24.1801
2010,latent,LT_ZEM,lv,4429.25
2010,latent,LT_ZEM,csb,59.1849
2010,latent,LT_ZEM,rue,27.514
2010,latent,LT_ZEM,rom,440.732
2010,latent,LT_ZEM,kdr,3.45076
2010,latent,LT_ZEM,other,919.316
2010,latent,LT_SUV,pl,11929.9
2010,latent,LT_SUV,uk,1339.6
2010,latent,LT_SUV,be,1410.88
2010,latent,LT_SUV,tut,298.43
2010,latent,LT_SUV,yi,5588.84
2010,latent,LT_SUV,de,12298.4
2010,latent,LT_SUV,ru,5708.41
2010,latent,LT_SUV,lt,407755
2010,latent,LT_SUV,cs,25.0468
2010,latent,LT_SUV,lv,436.252
2010,latent,LT_SUV,csb,62.4571
2010,latent,LT_SUV,rue,29.9506
2010,latent,LT_SUV,rom,1211.85
2010,latent,LT_SUV,kdr,2.33321
2010,latent,LT_SUV,other,727.99
2010,latent,LT_NEA,pl,17646.7
2010,latent,LT_NEA,uk,864.642
2010,latent,LT_NEA,be,1852.51
2010,latent,LT_NEA,tut,192.107
2010,latent,LT_NEA,yi,5037.31
2010,latent,LT_NEA,de,1958.74
2010,latent,LT_NEA,ru,24820.4
2010,latent,LT_NEA,lt,364081
2010,latent,LT_NEA,cs,17.3264
2010,latent,LT_NEA,lv,5342.64
2010,latent,LT_NEA,csb,39.2276
2010,latent,LT_NEA,rue,17.6033
2010,latent,LT_NEA,rom,151.79
2010,latent,LT_NEA,kdr,2.41583
2010,latent,LT_NEA,other,679.403
2010,latent,LT_KLA,pl,3019.05
2010,latent,LT_KLA,uk,766.973
2010,latent,LT_KLA,be,464.923
2010,latent,LT_KLA,tut,165.077
2010,latent,LT_KLA,yi,1666.5
2010,latent,LT_KLA,de,35045.2
2010,latent,LT_KLA,ru,2275.64
2010,latent,LT_KLA,lt,147893
2010,latent,LT_KLA,cs,14.6222
2010,latent,LT_KLA,lv,338.412
2010,latent,LT_KLA,csb,41.7196
2010,latent,LT_KLA,rue,16.6973
2010,latent,LT_KLA,rom,138.969
2010,latent,LT_KLA,kdr,1.7166
2010,latent,LT_KLA,other,610.565
2010,lithuanian_1923,WAW,pl,2.14421e+06
2010,lithuanian_1923,WAW,uk,273248
2010,lithuanian_1923,WAW,be,59685
2010,lithuanian_1923,WAW,tut,26124.4
2010,lithuanian_1923,WAW,yi,191010
2010,lithuanian_1923,WAW,de,23671.9
2010,lithuanian_1923,WAW,ru,13135.8
2010,lithuanian_1923,WAW,lt,26563.2
2010,lithuanian_1923,WAW,cs,2383.77
2010,lithuanian_1923,WAW,lv,278.353
2010,lithuanian_1923,WAW,csb,6598.43
2010,lithuanian_1923,WAW,rue,3480.04
2010,lithuanian_1923,WAW,rom,3749.24
2010,lithuanian_1923,WAW,kdr,19.6433
2010,lithuanian_1923,WAW,wym,6.34035
2010,lithuanian_1923,WAW,other,3921.03
2010,lithuanian_1923,WAR,pl,2.61218e+06
2010,lithuanian_1923,WAR,uk,76189.4
2010,lithuanian_1923,WAR,be,20493.8
2010,lithuanian_1923,WAR,tut,10145.8
2010,lithuanian_1923,WAR,yi,137803
2010,lithuanian_1923,WAR,de,37497.7
2010,lithuanian_1923,WAR,ru,11400.3
2010,lithuanian_1923,WAR,lt,10098.9
2010,lithuanian_1923,WAR,cs,1013.47
2010,lithuanian_1923,WAR,lv,113.891
2010,lithuanian_1923,WAR,csb,4353.88
2010,lithuanian_1923,WAR,rue,1500.31
2010,lithuanian_1923,WAR,rom,3947.41
2010,lithuanian_1923,WAR,kdr,8.07975
2010,lithuanian_1923,WAR,wym,2.89027
2010,lithuanian_1923,WAR,other,4679.73
2010,lithuanian_1923,LOD,pl,2.95756e+06
2010,lithuanian_1923,LOD,uk,131740
2010,lithuanian_1923,LOD,be,35751
2010,lithuanian_1923,LOD,tut,17314.9
2010,lithuanian_1923,LOD,yi,208959
2010,lithuanian_1923,LOD,de,89480.9
2010,lithuanian_1923,LOD,ru,9646.33
2010,lithuanian_1923,LOD,lt,17610.1
2010,lithuanian_1923,LOD,cs,1739.23
2010,lithuanian_1923,LOD,lv,200.119
2010,lithuanian_1923,LOD,csb,6056.83
2010,lithuanian_1923,LOD,rue,2681.29
2010,lithuanian_1923,LOD,rom,4244.07
2010,lithuanian_1923,LOD,kdr,14.5007
2010,lithuanian_1923,LOD,wym,5.51453
2010,lithuanian_1923,LOD,other,6272.94
2010,lithuanian_1923,KIE,pl,3.54294e+06
2010,lithuanian_1923,KIE,uk,107236
2010,lithuanian_1923,KIE,be,26884.8
2010,lithuanian_1923,KIE,tut,13156.3
2010,lithuanian_1923,KIE,yi,213606
2010,lithuanian_1923,KIE,de,20897.8
2010,lithuanian_1923,KIE,ru,9552.1
2010,lithuanian_1923,KIE,lt,12748.6
2010,lithuanian_1923,KIE,cs,1414.72
2010,lithuanian_1923,KIE,lv,147.735
2010,lithuanian_1923,KIE,csb,4184.22
2010,lithuanian_1923,KIE,rue,2550.47
2010,lithuanian_1923,KIE,rom,5117.38
2010,lithuanian_1923,KIE,kdr,10.878
2010,lithuanian_1923,KIE,wym,5.32205
2010,lithuanian_1923,KIE,other,5271.62
2010,lithuanian_1923,LUB,pl,3.51877e+06
2010,lithuanian_1923,LUB,uk,384434
2010,lithuanian_1923,LUB,be,30681.1
2010,lithuanian_1923,LUB,tut,15565.5
2010,lithuanian_1923,LUB,yi,168934
2010,lithuanian_1923,LUB,de,20911.7
2010,lithuanian_1923,LUB,ru,14324
2010,lithuanian_1923,LUB,lt,11367
2010,lithuanian_1923,LUB,cs,1695.77
2010,lithuanian_1923,LUB,lv,126.231
2010,lithuanian_1923,LUB,csb,3017.47
2010,lithuanian_1923,LUB,rue,2097.93
2010,lithuanian_1923,LUB,rom,4358.07
2010,lithuanian_1923,LUB,kdr,9.56762
2010,lithuanian_1923,LUB,wym,3.41796
2010,lithuanian_1923,LUB,other,1445.83
2010,lithuanian_1923,BIA,pl,1.8583e+06
2010,lithuanian_1923,BIA,uk,69798.8
2010,lithuanian_1923,BIA,be,239860
2010,lithuanian_1923,BIA,tut,10627.3
2010,lithuanian_1923,BIA,yi,125585
2010,lithuanian_1923,BIA,de,11251.9
2010,lithuanian_1923,BIA,ru,43939.3
2010,lithuanian_1923,BIA,lt,21521.9
2010,lithuanian_1923,BIA,cs,892.88
2010,lithuanian_1923,BIA,lv,132.605
2010,lithuanian_1923,BIA,csb,2046.53
2010,lithuanian_1923,BIA,rue,1093.23
2010,lithuanian_1923,BIA,rom,2064.55
2010,lithuanian_1923,BIA,kdr,8.55261
2010,lithuanian_1923,BIA,wym,1.97802
2010,lithuanian_1923,BIA,other,1514.78
2010,lithuanian_1923,WIL,pl,1.10902e+06
2010,lithuanian_1923,WIL,uk,32717.1
2010,lithuanian_1923,WIL,be,272371
2010,lithuanian_1923,WIL,tut,9622.15
2010,lithuanian_1923,WIL,yi,59239.4
2010,lithuanian_1923,WIL,de,4206.72
2010,lithuanian_1923,WIL,ru,42843.8
2010,lithuanian_1923,WIL,lt,57964.5
2010,lithuanian_1923,WIL,cs,506.936
2010,lithuanian_1923,WIL,lv,123.391
2010,lithuanian_1923,WIL,csb,1079.88
2010,lithuanian_1923,WIL,rue,570.076
2010,lithuanian_1923,WIL,rom,1389.69
2010,lithuanian_1923,WIL,kdr,117.393
2010,lithuanian_1923,WIL,wym,1.0752
2010,lithuanian_1923,WIL,other,1284.77
2010,lithuanian_1923,NOW,pl,1.31846e+06
2010,lithuanian_1923,NOW,uk,40890
2010,lithuanian_1923,NOW,be,593919
2010,lithuanian_1923,NOW,tut,6832.08
2010,lithuanian_1923,NOW,yi,52166.6
2010,lithuanian_1923,NOW,de,3063.32
2010,lithuanian_1923,NOW,ru,22598.7
2010,lithuanian_1923,NOW,lt,6786.77
2010,lithuanian_1923,NOW,cs,607.796
2010,lithuanian_1923,NOW,lv,68.3653
2010,lithuanian_1923,NOW,csb,949.47
2010,lithuanian_1923,NOW,rue,576.542
2010,lithuanian_1923,NOW,rom,1569.35
2010,lithuanian_1923,NOW,kdr,4.4405
2010,lithuanian_1923,NOW,wym,0.964438
2010,lithuanian_1923,NOW,other,478.318
2010,lithuanian_1923,POL,pl,2.02057e+06
2010,lithuanian_1923,POL,uk,205823
2010,lithuanian_1923,POL,be,137682
2010,lithuanian_1923,POL,tut,960251
2010,lithuanian_1923,POL,yi,68580.2
2010,lithuanian_1923,POL,de,4443.9
2010,lithuanian_1923,POL,ru,31015.6
2010,lithuanian_1923,POL,lt,6655.18
2010,lithuanian_1923,POL,cs,843.53
2010,lithuanian_1923,POL,lv,71.3928
2010,lithuanian_1923,POL,csb,1468.5
2010,lithuanian_1923,POL,rue,955.599
2010,lithuanian_1923,POL,rom,1538.63
2010,lithuanian_1923,POL,kdr,5.05331
2010,lithuanian_1923,POL,wym,1.5082
2010,lithuanian_1923,POL,other,1287.41
2010,lithuanian_1923,WOL,pl,1.28816e+06
2010,lithuanian_1923,WOL,uk,3.34384e+06
2010,lithuanian_1923,WOL,be,22106.3
2010,lithuanian_1923,WOL,tut,10454.6
2010,lithuanian_1923,WOL,yi,118349
2010,lithuanian_1923,WOL,de,36745
2010,lithuanian_1923,WOL,ru,40664.9
2010,lithuanian_1923,WOL,lt,7303.47
2010,lithuanian_1923,WOL,cs,41859.7
2010,lithuanian_1923,WOL,lv,79.0553
2010,lithuanian_1923,WOL,csb,1690.62
2010,lithuanian_1923,WOL,rue,1474.71
2010,lithuanian_1923,WOL,rom,3203.66
2010,lithuanian_1923,WOL,kdr,23.723
2010,lithuanian_1923,WOL,wym,1.91687
2010,lithuanian_1923,WOL,other,3191.25
2010,lithuanian_1923,POZ,pl,2.28059e+06
2010,lithuanian_1923,POZ,uk,88575.5
2010,lithuanian_1923,POZ,be,24460.9
2010,lithuanian_1923,POZ,tut,11889.4
2010,lithuanian_1923,POZ,yi,48983.1
2010,lithuanian_1923,POZ,de,114630
2010,lithuanian_1923,POZ,ru,5456.14
2010,lithuanian_1923,POZ,lt,12258.7
2010,lithuanian_1923,POZ,cs,1206.8
2010,lithuanian_1923,POZ,lv,138.295
2010,lithuanian_1923,POZ,csb,5482.75
2010,lithuanian_1923,POZ,rue,1921.77
2010,lithuanian_1923,POZ,rom,2420.46
2010,lithuanian_1923,POZ,kdr,10.0232
2010,lithuanian_1923,POZ,wym,4.06634
2010,lithuanian_1923,POZ,other,1897.17
2010,lithuanian_1923,POM,pl,1.49527e+06
2010,lithuanian_1923,POM,uk,74990.4
2010,lithuanian_1923,POM,be,20813.9
2010,lithuanian_1923,POM,tut,9890.89
2010,lithuanian_1923,POM,yi,41270
2010,lithuanian_1923,POM,de,75796.3
2010,lithuanian_1923,POM,ru,4551.23
2010,lithuanian_1923,POM,lt,10337.6
2010,lithuanian_1923,POM,cs,984.999
2010,lithuanian_1923,POM,lv,114.497
2010,lithuanian_1923,POM,csb,110493
2010,lithuanian_1923,POM,rue,1471.18
2010,lithuanian_1923,POM,rom,1929.56
2010,lithuanian_1923,POM,kdr,8.07364
2010,lithuanian_1923,POM,wym,3.06565
2010,lithuanian_1923,POM,other,2082.81
2010,lithuanian_1923,SLA,pl,2.00254e+06
2010,lithuanian_1923,SLA,uk,137372
2010,lithuanian_1923,SLA,be,27708.2
2010,lithuanian_1923,SLA,tut,13863.5
2010,lithuanian_1923,SLA,yi,64105.5
2010,lithuanian_1923,SLA,de,57199.2
2010,lithuanian_1923,SLA,ru,6080.42
2010,lithuanian_1923,SLA,lt,13560.1
2010,lithuanian_1923,SLA,cs,1534.63
2010,lithuanian_1923,SLA,lv,149.192
2010,lithuanian_1923,SLA,csb,4573.38
2010,lithuanian_1923,SLA,rue,3105.26
2010,lithuanian_1923,SLA,rom,3003.15
2010,lithuanian_1923,SLA,kdr,11.4082
2010,lithuanian_1923,SLA,wym,6.88914
2010,lithuanian_1923,SLA,other,2903.15
2010,lithuanian_1923,KRA,pl,2.2306e+06
2010,lithuanian_1923,KRA,uk,90303.6
2010,lithuanian_1923,KRA,be,18605
2010,lithuanian_1923,KRA,tut,9576.22
2010,lithuanian_1923,KRA,yi,97399.1
2010,lithuanian_1923,KRA,de,13817.6
2010,lithuanian_1923,KRA,ru,4231.95
2010,lithuanian_1923,KRA,lt,8853.69
2010,lithuanian_1923,KRA,cs,1091.66
2010,lithuanian_1923,KRA,lv,101.045
2010,lithuanian_1923,KRA,csb,2705.44
2010,lithuanian_1923,KRA,rue,51530.1
2010,lithuanian_1923,KRA,rom,5791.98
2010,lithuanian_1923,KRA,kdr,7.8123
2010,lithuanian_1923,KRA,wym,119.79
2010,lithuanian_1923,KRA,other,1949.9
2010,lithuanian_1923,LWO,pl,2.23313e+06
2010,lithuanian_1923,LWO,uk,1.27445e+06
2010,lithuanian_1923,LWO,be,25637.5
2010,lithuanian_1923,LWO,tut,14389.3
2010,lithuanian_1923,LWO,yi,159577
2010,lithuanian_1923,LWO,de,17076.7
2010,lithuanian_1923,LWO,ru,6045.43
2010,lithuanian_1923,LWO,lt,11214.6
2010,lithuanian_1923,LWO,cs,2213.67
2010,lithuanian_1923,LWO,lv,128.04
2010,lithuanian_1923,LWO,csb,2953.89
2010,lithuanian_1923,LWO,rue,48659.4
2010,lithuanian_1923,LWO,rom,5709.59
2010,lithuanian_1923,LWO,kdr,12.0278
2010,lithuanian_1923,LWO,wym,4.30071
2010,lithuanian_1923,LWO,other,4627.08
2010,lithuanian_1923,STA,pl,580325
2010,lithuanian_1923,STA,uk,1.06384e+06
2010,lithuanian_1923,STA,be,8889.98
2010,lithuanian_1923,STA,tut,5173.49
2010,lithuanian_1923,STA,yi,60993.2
2010,lithuanian_1923,STA,de,11792.1
2010,lithuanian_1923,STA,ru,2105.99
2010,lithuanian_1923,STA,lt,3784.51
2010,lithuanian_1923,STA,cs,755.701
2010,lithuanian_1923,STA,lv,43.2981
2010,lithuanian_1923,STA,csb,998.617
2010,lithuanian_1923,STA,rue,1060.74
2010,lithuanian_1923,STA,rom,1955.82
2010,lithuanian_1923,STA,kdr,28.9493
2010,lithuanian_1923,STA,wym,1.43666
2010,lithuanian_1923,STA,other,2270.34
2010,lithuanian_1923,TAR,pl,786771
2010,lithuanian_1923,TAR,uk,708937
2010,lithuanian_1923,TAR,be,8502.94
2010,lithuanian_1923,TAR,tut,4833.86
2010,lithuanian_1923,TAR,yi,46754.2
2010,lithuanian_1923,TAR,de,4754.2
2010,lithuanian_1923,TAR,ru,2018.92
2010,lithuanian_1923,TAR,lt,3573.59
2010,lithuanian_1923,TAR,cs,772.264
2010,lithuanian_1923,TAR,lv,40.8727
2010,lithuanian_1923,TAR,csb,927.941
2010,lithuanian_1923,TAR,rue,975.578
2010,lithuanian_1923,TAR,rom,1266.84
2010,lithuanian_1923,TAR,kdr,3.71894
2010,lithuanian_1923,TAR,wym,1.32885
2010,lithuanian_1923,TAR,other,967.744
2010,lithuanian_1923,LT_KAU,pl,8785.58
2010,lithuanian_1923,LT_KAU,uk,1455.55
2010,lithuanian_1923,LT_KAU,be,973.569
2010,lithuanian_1923,LT_KAU,tut,318.406
2010,lithuanian_1923,LT_KAU,yi,6134.65
2010,lithuanian_1923,LT_KAU,de,6471.49
2010,lithuanian_1923,LT_KAU,ru,10706.8
2010,lithuanian_1923,LT_KAU,lt,306454
2010,lithuanian_1923,LT_KAU,cs,27.6846
2010,lithuanian_1923,LT_KAU,lv,551.395
2010,lithuanian_1923,LT_KAU,csb,68.3924
2010,lithuanian_1923,LT_KAU,rue,31.1133
2010,lithuanian_1923,LT_KAU,rom,781.087
2010,lithuanian_1923,LT_KAU,kdr,3.03563
2010,lithuanian_1923,LT_KAU,other,1100.14
2010,lithuanian_1923,LT_LAU,pl,9027.86
2010,lithuanian_1923,LT_LAU,uk,1118.95
2010,lithuanian_1923,LT_LAU,be,770.616
2010,lithuanian_1923,LT_LAU,tut,247.644
2010,lithuanian_1923,LT_LAU,yi,6378.55
2010,lithuanian_1923,LT_LAU,de,3605.36
2010,lithuanian_1923,LT_LAU,ru,11024.5
2010,lithuanian_1923,LT_LAU,lt,475548
2010,lithuanian_1923,LT_LAU,cs,22.1184
2010,lithuanian_1923,LT_LAU,lv,1197.8
2010,lithuanian_1923,LT_LAU,csb,53.2657
2010,lithuanian_1923,LT_LAU,rue,24.0352
2010,lithuanian_1923,LT_LAU,rom,220.14
2010,lithuanian_1923,LT_LAU,kdr,31.9802
2010,lithuanian_1923,LT_LAU,other,774.333
2010,lithuanian_1923,LT_ZEM,pl,4210.91
2010,lithuanian_1923,LT_ZEM,uk,1249.13
2010,lithuanian_1923,LT_ZEM,be,847.372
2010,lithuanian_1923,LT_ZEM,tut,275.761
2010,lithuanian_1923,LT_ZEM,yi,6848.95
2010,lithuanian_1923,LT_ZEM,de,5874.94
2010,lithuanian_1923,LT_ZEM,ru,7384.21
2010,lithuanian_1923,LT_ZEM,lt,533982
2010,lithuanian_1923,LT_ZEM,cs,24.1801
2010,lithuanian_1923,LT_ZEM,lv,4429.25
2010,lithuanian_1923,LT_ZEM,csb,59.1849
2010,lithuanian_1923,LT_ZEM,rue,27.514
2010,lithuanian_1923,LT_ZEM,rom,440.732
2010,lithuanian_1923,LT_ZEM,kdr,3.45076
2010,lithuanian_1923,LT_ZEM,other,919.316
2010,lithuanian_1923,LT_SUV,pl,5274.09
2010,lithuanian_1923,LT_SUV,uk,1339.6
2010,lithuanian_1923,LT_SUV,be,1410.88
2010,lithuanian_1923,LT_SUV,tut,298.43
2010,lithuanian_1923,LT_SUV,yi,5588.84
2010,lithuanian_1923,LT_SUV,de,12298.4
2010,lithuanian_1923,LT_SUV,ru,5708.41
2010,lithuanian_1923,LT_SUV,lt,414411
2010,lithuanian_1923,LT_SUV,cs,25.0468
2010,lithuanian_1923,LT_SUV,lv,436.252
2010,lithuanian_1923,LT_SUV,csb,62.4571
2010,lithuanian_1923,LT_SUV,rue,29.9506
2010,lithuanian_1923,LT_SUV,rom,1211.85
2010,lithuanian_1923,LT_SUV,kdr,2.33321
2010,lithuanian_1923,LT_SUV,other,727.99
2010,lithuanian_1923,LT_NEA,pl,7476.19
2010,lithuanian_1923,LT_NEA,uk,864.642
2010,lithuanian_1923,LT_NEA,be,1852.51
2010,lithuanian_1923,LT_NEA,tut,192.107
2010,lithuanian_1923,LT_NEA,yi,5037.31
2010,lithuanian_1923,LT_NEA,de,1958.74
2010,lithuanian_1923,LT_NEA,ru,24820.4
2010,lithuanian_1923,LT_NEA,lt,374251
2010,lithuanian_1923,LT_NEA,cs,17.3264
2010,lithuanian_1923,LT_NEA,lv,5342.64
2010,lithuanian_1923,LT_NEA,csb,39.2276
2010,lithuanian_1923,LT_NEA,rue,17.6033
2010,lithuanian_1923,LT_NEA,rom,151.79
2010,lithuanian_1923,LT_NEA,kdr,2.41583
2010,lithuanian_1923,LT_NEA,other,679.403
2010,lithuanian_1923,LT_KLA,pl,1445.39
2010,lithuanian_1923,LT_KLA,uk,766.973
2010,lithuanian_1923,LT_KLA,be,464.923
2010,lithuanian_1923,LT_KLA,tut,165.077
2010,lithuanian_1923,LT_KLA,yi,1666.5
2010,lithuanian_1923,LT_KLA,de,35045.2
2010,lithuanian_1923,LT_KLA,ru,2275.64
2010,lithuanian_1923,LT_KLA,lt,149466
2010,lithuanian_1923,LT_KLA,cs,14.6222
2010,lithuanian_1923,LT_KLA,lv,338.412
2010,lithuanian_1923,LT_KLA,csb,41.7196
2010,lithuanian_1923,LT_KLA,rue,16.6973
2010,lithuanian_1923,LT_KLA,rom,138.969
2010,lithuanian_1923,LT_KLA,kdr,1.7166
2010,lithuanian_1923,LT_KLA,other,610.565
2010,modern_selfid,WAW,pl,2.22514e+06
2010,modern_selfid,WAW,uk,248157
2010,modern_selfid,WAW,be,51465.4
2010,modern_selfid,WAW,tut,6531.1
2010,modern_selfid,WAW,yi,170935
2010,modern_selfid,WAW,de,21003.6
2010,modern_selfid,WAW,ru,11573.5
2010,modern_selfid,WAW,lt,26563.2
2010,modern_selfid,WAW,cs,2119.51
2010,modern_selfid,WAW,lv,256.894
2010,modern_selfid,WAW,csb,4903.3
2010,modern_selfid,WAW,rue,2621.62
2010,modern_selfid,WAW,rom,2867.03
2010,modern_selfid,WAW,kdr,14.8707
2010,modern_selfid,WAW,wym,4.69751
2010,modern_selfid,WAW,other,3921.03
2010,modern_selfid,WAR,pl,2.65041e+06
2010,modern_selfid,WAR,uk,69961.6
2010,modern_selfid,WAR,be,18002.8
2010,modern_selfid,WAR,tut,2536.44
2010,modern_selfid,WAR,yi,123951
2010,modern_selfid,WAR,de,33306.4
2010,modern_selfid,WAR,ru,10047.7
2010,modern_selfid,WAR,lt,10098.9
2010,modern_selfid,WAR,cs,902.517
2010,modern_selfid,WAR,lv,105.115
2010,modern_selfid,WAR,csb,3250.99
2010,modern_selfid,WAR,rue,1134.25
2010,modern_selfid,WAR,rom,3030.8
2010,modern_selfid,WAR,kdr,6.13142
2010,modern_selfid,WAR,wym,2.14293
2010,modern_selfid,WAR,other,4679.73
2010,modern_selfid,LOD,pl,3.02202e+06
2010,modern_selfid,LOD,uk,120858
2010,modern_selfid,LOD,be,31278.6
2010,modern_selfid,LOD,tut,4328.73
2010,modern_selfid,LOD,yi,187522
2010,modern_selfid,LOD,de,79340.3
2010,modern_selfid,LOD,ru,8504.67
2010,modern_selfid,LOD,lt,17610.1
2010,modern_selfid,LOD,cs,1547.74
2010,modern_selfid,LOD,lv,184.468
2010,modern_selfid,LOD,csb,4516.42
2010,modern_selfid,LOD,rue,2023.73
2010,modern_selfid,LOD,rom,3252.17
2010,modern_selfid,LOD,kdr,10.9928
2010,modern_selfid,LOD,wym,4.08624
2010,modern_selfid,LOD,other,6272.94
2010,modern_selfid,KIE,pl,3.59309e+06
2010,modern_selfid,KIE,uk,98177.9
2010,modern_selfid,KIE,be,23592.6
2010,modern_selfid,KIE,tut,3289.07
2010,modern_selfid,KIE,yi,192182
2010,modern_selfid,KIE,de,18566
2010,modern_selfid,KIE,ru,8432.73
2010,modern_selfid,KIE,lt,12748.6
2010,modern_selfid,KIE,cs,1259.69
2010,modern_selfid,KIE,lv,136.335
2010,modern_selfid,KIE,csb,3121.97
2010,modern_selfid,KIE,rue,1924.93
2010,modern_selfid,KIE,rom,3924.56
2010,modern_selfid,KIE,kdr,8.26053
2010,modern_selfid,KIE,wym,3.94382
2010,modern_selfid,KIE,other,5271.62
2010,modern_selfid,LUB,pl,3.59531e+06
2010,modern_selfid,LUB,uk,346099
2010,modern_selfid,LUB,be,27258.6
2010,modern_selfid,LUB,tut,3891.38
2010,modern_selfid,LUB,yi,152181
2010,modern_selfid,LUB,de,18608.2
2010,modern_selfid,LUB,ru,12716.7
2010,modern_selfid,LUB,lt,11367
2010,modern_selfid,LUB,cs,1513.33
2010,modern_selfid,LUB,lv,116.837
2010,modern_selfid,LUB,csb,2262.92
2010,modern_selfid,LUB,rue,1588.47
2010,modern_selfid,LUB,rom,3374.93
2010,modern_selfid,LUB,kdr,7.27118
2010,modern_selfid,LUB,wym,2.53902
2010,modern_selfid,LUB,other,1445.83
2010,modern_selfid,BIA,pl,1.94643e+06
2010,modern_selfid,BIA,uk,64514.4
2010,modern_selfid,BIA,be,185222
2010,modern_selfid,BIA,tut,2656.84
2010,modern_selfid,BIA,yi,113077
2010,modern_selfid,BIA,de,10017
2010,modern_selfid,BIA,ru,38813.4
2010,modern_selfid,BIA,lt,21521.9
2010,modern_selfid,BIA,cs,796.167
2010,modern_selfid,BIA,lv,122.323
2010,modern_selfid,BIA,csb,1532.23
2010,modern_selfid,BIA,rue,827.919
2010,modern_selfid,BIA,rom,1589.45
2010,modern_selfid,BIA,kdr,6.49669
2010,modern_selfid,BIA,wym,1.46832
2010,modern_selfid,BIA,other,1514.78
2010,modern_selfid,WIL,pl,1.1925e+06
2010,modern_selfid,WIL,uk,31416.5
2010,modern_selfid,WIL,be,209635
2010,modern_selfid,WIL,tut,2405.54
2010,modern_selfid,WIL,yi,53299.5
2010,modern_selfid,WIL,de,3750.96
2010,modern_selfid,WIL,ru,37831
2010,modern_selfid,WIL,lt,57964.5
2010,modern_selfid,WIL,cs,452.389
2010,modern_selfid,WIL,lv,113.677
2010,modern_selfid,WIL,csb,809.547
2010,modern_selfid,WIL,rue,432.065
2010,modern_selfid,WIL,rom,1071.19
2010,modern_selfid,WIL,kdr,88.7676
2010,modern_selfid,WIL,wym,0.798035
2010,modern_selfid,WIL,other,1284.77
2010,modern_selfid,NOW,pl,1.46734e+06
2010,modern_selfid,NOW,uk,38039.6
2010,modern_selfid,NOW,be,461746
2010,modern_selfid,NOW,tut,1708.02
2010,modern_selfid,NOW,yi,47059
2010,modern_selfid,NOW,de,2733.04
2010,modern_selfid,NOW,ru,20100.4
2010,modern_selfid,NOW,lt,6786.77
2010,modern_selfid,NOW,cs,543.365
2010,modern_selfid,NOW,lv,63.4619
2010,modern_selfid,NOW,csb,713.967
2010,modern_selfid,NOW,rue,438.334
2010,modern_selfid,NOW,rom,1217.28
2010,modern_selfid,NOW,kdr,3.3846
2010,modern_selfid,NOW,wym,0.71757
2010,modern_selfid,NOW,other,478.318
2010,modern_selfid,POL,pl,2.32429e+06
2010,modern_selfid,POL,uk,424290
2010,modern_selfid,POL,be,347190
2010,modern_selfid,POL,tut,240063
2010,modern_selfid,POL,yi,61905.7
2010,modern_selfid,POL,de,3965.6
2010,modern_selfid,POL,ru,27670.2
2010,modern_selfid,POL,lt,6655.18
2010,modern_selfid,POL,cs,755.786
2010,modern_selfid,POL,lv,66.4756
2010,modern_selfid,POL,csb,1111.24
2010,modern_selfid,POL,rue,733.114
2010,modern_selfid,POL,rom,1204.67
2010,modern_selfid,POL,kdr,3.87596
2010,modern_selfid,POL,wym,1.12697
2010,modern_selfid,POL,other,1287.41
2010,modern_selfid,WOL,pl,1.66399e+06
2010,modern_selfid,WOL,uk,3.0036e+06
2010,modern_selfid,WOL,be,19585.3
2010,modern_selfid,WOL,tut,2613.65
2010,modern_selfid,WOL,yi,106934
2010,modern_selfid,WOL,de,32862.8
2010,modern_selfid,WOL,ru,36267.1
2010,modern_selfid,WOL,lt,7303.47
2010,modern_selfid,WOL,cs,37784.6
2010,modern_selfid,WOL,lv,73.8748
2010,modern_selfid,WOL,csb,1280.43
2010,modern_selfid,WOL,rue,1130.81
2010,modern_selfid,WOL,rom,2516.3
2010,modern_selfid,WOL,kdr,18.1831
2010,modern_selfid,WOL,wym,1.4349
2010,modern_selfid,WOL,other,3191.25
2010,modern_selfid,POZ,pl,2.32107e+06
2010,modern_selfid,POZ,uk,81289
2010,modern_selfid,POZ,be,21389.1
2010,modern_selfid,POZ,tut,2972.34
2010,modern_selfid,POZ,yi,44002.7
2010,modern_selfid,POZ,de,101633
2010,modern_selfid,POZ,ru,4812.09
2010,modern_selfid,POZ,lt,12258.7
2010,modern_selfid,POZ,cs,1073.43
2010,modern_selfid,POZ,lv,127.519
2010,modern_selfid,POZ,csb,4082.47
2010,modern_selfid,POZ,rue,1449.82
2010,modern_selfid,POZ,rom,1853.93
2010,modern_selfid,POZ,kdr,7.59595
2010,modern_selfid,POZ,wym,3.00897
2010,modern_selfid,POZ,other,1897.17
2010,modern_selfid,POM,pl,1.55335e+06
2010,modern_selfid,POM,uk,68842.3
2010,modern_selfid,POM,be,18188.5
2010,modern_selfid,POM,tut,2472.72
2010,modern_selfid,POM,yi,37107.1
2010,modern_selfid,POM,de,67257
2010,modern_selfid,POM,ru,4019.98
2010,modern_selfid,POM,lt,10337.6
2010,modern_selfid,POM,cs,876.837
2010,modern_selfid,POM,lv,105.797
2010,modern_selfid,POM,csb,82769.7
2010,modern_selfid,POM,rue,1110.71
2010,modern_selfid,POM,rom,1479.43
2010,modern_selfid,POM,kdr,6.12474
2010,modern_selfid,POM,wym,2.26923
2010,modern_selfid,POM,other,2082.81
2010,modern_selfid,SLA,pl,2.04542e+06
2010,modern_selfid,SLA,uk,124887
2010,modern_selfid,SLA,be,24329.5
2010,modern_selfid,SLA,tut,3465.88
2010,modern_selfid,SLA,yi,57563.1
2010,modern_selfid,SLA,de,50655.1
2010,modern_selfid,SLA,ru,5363.02
2010,modern_selfid,SLA,lt,13560.1
2010,modern_selfid,SLA,cs,1365.18
2010,modern_selfid,SLA,lv,137.735
2010,modern_selfid,SLA,csb,3407.68
2010,modern_selfid,SLA,rue,2338.41
2010,modern_selfid,SLA,rom,2299.23
2010,modern_selfid,SLA,kdr,8.63471
2010,modern_selfid,SLA,wym,5.09423
2010,modern_selfid,SLA,other,2903.15
2010,modern_selfid,KRA,pl,2.2745e+06
2010,modern_selfid,KRA,uk,82284.2
2010,modern_selfid,KRA,be,16431.5
2010,modern_selfid,KRA,tut,2394.06
2010,modern_selfid,KRA,yi,87512.4
2010,modern_selfid,KRA,de,12268.5
2010,modern_selfid,KRA,ru,3736.36
2010,modern_selfid,KRA,lt,8853.69
2010,modern_selfid,KRA,cs,972.04
2010,modern_selfid,KRA,lv,93.2311
2010,modern_selfid,KRA,csb,2021.37
2010,modern_selfid,KRA,rue,39128.5
2010,modern_selfid,KRA,rom,4439.9
2010,modern_selfid,KRA,kdr,5.92366
2010,modern_selfid,KRA,wym,88.6458
2010,modern_selfid,KRA,other,1949.9
2010,modern_selfid,LWO,pl,2.42293e+06
2010,modern_selfid,LWO,uk,1.13086e+06
2010,modern_selfid,LWO,be,22956.6
2010,modern_selfid,LWO,tut,3597.33
2010,modern_selfid,LWO,yi,143454
2010,modern_selfid,LWO,de,15184.5
2010,modern_selfid,LWO,ru,5337.33
2010,modern_selfid,LWO,lt,11214.6
2010,modern_selfid,LWO,cs,1971.62
2010,modern_selfid,LWO,lv,118.512
2010,modern_selfid,LWO,csb,2211.4
2010,modern_selfid,LWO,rue,36968.7
2010,modern_selfid,LWO,rom,4385.13
2010,modern_selfid,LWO,kdr,9.13451
2010,modern_selfid,LWO,wym,3.1924
2010,modern_selfid,LWO,other,4627.08
2010,modern_selfid,STA,pl,712790
2010,modern_selfid,STA,uk,944744
2010,modern_selfid,STA,be,8030.45
2010,modern_selfid,STA,tut,1293.37
2010,modern_selfid,STA,yi,54944.1
2010,modern_selfid,STA,de,10503.1
2010,modern_selfid,STA,ru,1862.75
2010,modern_selfid,STA,lt,3784.51
2010,modern_selfid,STA,cs,674.242
2010,modern_selfid,STA,lv,40.2457
2010,modern_selfid,STA,csb,749.026
2010,modern_selfid,STA,rue,804.001
2010,modern_selfid,STA,rom,1505.19
2010,modern_selfid,STA,kdr,21.9437
2010,modern_selfid,STA,wym,1.06872
2010,modern_selfid,STA,other,2270.34
2010,modern_selfid,TAR,pl,877227
2010,modern_selfid,TAR,uk,629243
2010,modern_selfid,TAR,be,7645.71
2010,modern_selfid,TAR,tut,1208.47
2010,modern_selfid,TAR,yi,42081.8
2010,modern_selfid,TAR,de,4230.93
2010,modern_selfid,TAR,ru,1784.76
2010,modern_selfid,TAR,lt,3573.59
2010,modern_selfid,TAR,cs,688.768
2010,modern_selfid,TAR,lv,37.9667
2010,modern_selfid,TAR,csb,695.729
2010,modern_selfid,TAR,rue,738.472
2010,modern_selfid,TAR,rom,974.355
2010,modern_selfid,TAR,kdr,2.8257
2010,modern_selfid,TAR,wym,0.986982
2010,modern_selfid,TAR,other,967.744
2010,modern_selfid,LT_KAU,pl,19334.1
2010,modern_selfid,LT_KAU,uk,1428.18
2010,modern_selfid,LT_KAU,be,881.031
2010,modern_selfid,LT_KAU,tut,79.6016
2010,modern_selfid,LT_KAU,yi,5430.81
2010,modern_selfid,LT_KAU,de,5739.21
2010,modern_selfid,LT_KAU,ru,9414.31
2010,modern_selfid,LT_KAU,lt,299255
2010,modern_selfid,LT_KAU,cs,25.7797
2010,modern_selfid,LT_KAU,lv,487.876
2010,modern_selfid,LT_KAU,csb,58.0319
2010,modern_selfid,LT_KAU,rue,26.3488
2010,modern_selfid,LT_KAU,rom,599.668
2010,modern_selfid,LT_KAU,kdr,2.3074
2010,modern_selfid,LT_KAU,other,1100.14
2010,modern_selfid,LT_LAU,pl,21313.1
2010,modern_selfid,LT_LAU,uk,1101.19
2010,modern_selfid,LT_LAU,be,696.894
2010,modern_selfid,LT_LAU,tut,61.9111
2010,modern_selfid,LT_LAU,yi,5638.07
2010,modern_selfid,LT_LAU,de,3202.3
2010,modern_selfid,LT_LAU,ru,9712.17
2010,modern_selfid,LT_LAU,lt,466202
2010,modern_selfid,LT_LAU,cs,20.6462
2010,modern_selfid,LT_LAU,lv,1061.39
2010,modern_selfid,LT_LAU,csb,45.4305
2010,modern_selfid,LT_LAU,rue,20.4642
2010,modern_selfid,LT_LAU,rom,171.042
2010,modern_selfid,LT_LAU,kdr,24.1182
2010,modern_selfid,LT_LAU,other,774.333
2010,modern_selfid,LT_ZEM,pl,9517.53
2010,modern_selfid,LT_ZEM,uk,1227.79
2010,modern_selfid,LT_ZEM,be,766.44
2010,modern_selfid,LT_ZEM,tut,68.9402
2010,modern_selfid,LT_ZEM,yi,6055.08
2010,modern_selfid,LT_ZEM,de,5215.64
2010,modern_selfid,LT_ZEM,ru,6505.08
2010,modern_selfid,LT_ZEM,lt,531934
2010,modern_selfid,LT_ZEM,cs,22.5403
2010,modern_selfid,LT_ZEM,lv,3928.47
2010,modern_selfid,LT_ZEM,csb,50.3164
2010,modern_selfid,LT_ZEM,rue,23.3423
2010,modern_selfid,LT_ZEM,rom,339.413
2010,modern_selfid,LT_ZEM,kdr,2.61675
2010,modern_selfid,LT_ZEM,other,919.316
2010,modern_selfid,LT_SUV,pl,12004.5
2010,modern_selfid,LT_SUV,uk,1315.47
2010,modern_selfid,LT_SUV,be,1193.37
2010,modern_selfid,LT_SUV,tut,74.6076
2010,modern_selfid,LT_SUV,yi,4953.82
2010,modern_selfid,LT_SUV,de,10932.7
2010,modern_selfid,LT_SUV,ru,5029.59
2010,modern_selfid,LT_SUV,lt,411174
2010,modern_selfid,LT_SUV,cs,23.33
2010,modern_selfid,LT_SUV,lv,386.638
2010,modern_selfid,LT_SUV,csb,53.0341
2010,modern_selfid,LT_SUV,rue,25.3632
2010,modern_selfid,LT_SUV,rom,929.521
2010,modern_selfid,LT_SUV,kdr,1.77761
2010,modern_selfid,LT_SUV,other,727.99
2010,modern_selfid,LT_NEA,pl,17694.7
2010,modern_selfid,LT_NEA,uk,852.143
2010,modern_selfid,LT_NEA,be,1484.88
2010,modern_selfid,LT_NEA,tut,48.0268
2010,modern_selfid,LT_NEA,yi,4455
2010,modern_selfid,LT_NEA,de,1741.6
2010,modern_selfid,LT_NEA,ru,21911.3
2010,modern_selfid,LT_NEA,lt,368907
2010,modern_selfid,LT_NEA,cs,16.1878
2010,modern_selfid,LT_NEA,lv,4745.37
2010,modern_selfid,LT_NEA,csb,33.3909
2010,modern_selfid,LT_NEA,rue,15.0042
2010,modern_selfid,LT_NEA,rom,118.046
2010,modern_selfid,LT_NEA,kdr,1.83299
2010,modern_selfid,LT_NEA,other,679.403
2010,modern_selfid,LT_KLA,pl,3060.32
2010,modern_selfid,LT_KLA,uk,757.246
2010,modern_selfid,LT_KLA,be,429.033
2010,modern_selfid,LT_KLA,tut,41.2691
2010,modern_selfid,LT_KLA,yi,1489.12
2010,modern_selfid,LT_KLA,de,31136.4
2010,modern_selfid,LT_KLA,ru,2005.39
2010,modern_selfid,LT_KLA,lt,152457
2010,modern_selfid,LT_KLA,cs,13.6949
2010,modern_selfid,LT_KLA,lv,299.654
2010,modern_selfid,LT_KLA,csb,35.9397
2010,modern_selfid,LT_KLA,rue,14.3764
2010,modern_selfid,LT_KLA,rom,107.925
2010,modern_selfid,LT_KLA,kdr,1.30279
2010,modern_selfid,LT_KLA,other,610.565
2010,polish_1931,WAW,pl,2.20047e+06
2010,polish_1931,WAW,uk,215428
2010,polish_1931,WAW,ruth,41455.6
2010,polish_1931,WAW,be,42400.3
2010,polish_1931,WAW,tut,22467
2010,polish_1931,WAW,yi,182062
2010,polish_1931,WAW,he,8947.91
2010,polish_1931,WAW,de,21305.6
2010,polish_1931,WAW,ru,14387.1
2010,polish_1931,WAW,lt,21989.8
2010,polish_1931,WAW,cs,2383.77
2010,polish_1931,WAW,lv,278.353
2010,polish_1931,WAW,other,4503.06
2010,polish_1931,WAR,pl,2.63778e+06
2010,polish_1931,WAR,uk,60123.1
2010,polish_1931,WAR,ruth,12136.3
2010,polish_1931,WAR,be,14621.7
2010,polish_1931,WAR,tut,8725.36
2010,polish_1931,WAR,yi,131680
2010,polish_1931,WAR,he,6122.99
2010,polish_1931,WAR,de,34337.8
2010,polish_1931,WAR,ru,11136.7
2010,polish_1931,WAR,lt,8362.42
2010,polish_1931,WAR,cs,1013.47
2010,polish_1931,WAR,lv,113.891
2010,polish_1931,WAR,other,5279.92
2010,polish_1931,LOD,pl,2.99915e+06
2010,polish_1931,LOD,uk,103988
2010,polish_1931,LOD,ruth,21016
2010,polish_1931,LOD,be,25453
2010,polish_1931,LOD,tut,14890.8
2010,polish_1931,LOD,yi,199576
2010,polish_1931,LOD,he,9383.58
2010,polish_1931,LOD,de,82194
2010,polish_1931,LOD,ru,10212.1
2010,polish_1931,LOD,lt,14555.8
2010,polish_1931,LOD,cs,1739.23
2010,polish_1931,LOD,lv,200.119
2010,polish_1931,LOD,other,6924.06
2010,polish_1931,KIE,pl,3.5728e+06
2010,polish_1931,KIE,uk,84309
2010,polish_1931,KIE,ruth,17742.8
2010,polish_1931,KIE,be,19196.2
2010,polish_1931,KIE,tut,11314.4
2010,polish_1931,KIE,yi,204091
2010,polish_1931,KIE,he,9515.46
2010,polish_1931,KIE,de,18846.6
2010,polish_1931,KIE,ru,9746.04
2010,polish_1931,KIE,lt,10549.1
2010,polish_1931,KIE,cs,1414.72
2010,polish_1931,KIE,lv,147.735
2010,polish_1931,KIE,other,6050.11
2010,polish_1931,LUB,pl,3.56826e+06
2010,polish_1931,LUB,uk,317370
2010,polish_1931,LUB,ruth,41355.9
2010,polish_1931,LUB,be,21931.2
2010,polish_1931,LUB,tut,13386.3
2010,polish_1931,LUB,yi,161315
2010,polish_1931,LUB,he,7619.61
2010,polish_1931,LUB,de,18967.5
2010,polish_1931,LUB,ru,14173.7
2010,polish_1931,LUB,lt,9435.88
2010,polish_1931,LUB,cs,1695.77
2010,polish_1931,LUB,lv,126.231
2010,polish_1931,LUB,other,2109.11
2010,polish_1931,BIA,pl,1.93862e+06
2010,polish_1931,BIA,uk,56608.4
2010,polish_1931,BIA,ruth,9440.81
2010,polish_1931,BIA,be,168904
2010,polish_1931,BIA,tut,9139.51
2010,polish_1931,BIA,yi,119861
2010,polish_1931,BIA,he,5724.05
2010,polish_1931,BIA,de,10233
2010,polish_1931,BIA,ru,49731
2010,polish_1931,BIA,lt,17523.7
2010,polish_1931,BIA,cs,892.88
2010,polish_1931,BIA,lv,132.605
2010,polish_1931,BIA,other,1833.02
2010,polish_1931,WIL,pl,1.20316e+06
2010,polish_1931,WIL,uk,26610
2010,polish_1931,WIL,ruth,4585.71
2010,polish_1931,WIL,be,188608
2010,polish_1931,WIL,tut,8275.05
2010,polish_1931,WIL,yi,56454.6
2010,polish_1931,WIL,he,2784.83
2010,polish_1931,WIL,de,3809.4
2010,polish_1931,WIL,ru,49899.3
2010,polish_1931,WIL,lt,46632.6
2010,polish_1931,WIL,cs,506.936
2010,polish_1931,WIL,lv,123.391
2010,polish_1931,WIL,other,1610.61
2010,polish_1931,NOW,pl,1.46912e+06
2010,polish_1931,NOW,uk,33431.8
2010,polish_1931,NOW,ruth,5241.05
2010,polish_1931,NOW,be,428183
2010,polish_1931,NOW,tut,5875.59
2010,polish_1931,NOW,yi,49704.7
2010,polish_1931,NOW,he,2461.93
2010,polish_1931,NOW,de,2754.34
2010,polish_1931,NOW,ru,45186.1
2010,polish_1931,NOW,lt,5626.68
2010,polish_1931,NOW,cs,607.796
2010,polish_1931,NOW,lv,68.3653
2010,polish_1931,NOW,other,718.162
2010,polish_1931,POL,pl,2.13311e+06
2010,polish_1931,POL,uk,217623
2010,polish_1931,POL,ruth,12762.1
2010,polish_1931,POL,be,137699
2010,polish_1931,POL,tut,825816
2010,polish_1931,POL,yi,65451.8
2010,polish_1931,POL,he,3128.42
2010,polish_1931,POL,de,3985.37
2010,polish_1931,POL,ru,33610.2
2010,polish_1931,POL,lt,5566.32
2010,polish_1931,POL,cs,843.53
2010,polish_1931,POL,lv,71.3928
2010,polish_1931,POL,other,1523.26
2010,polish_1931,WOL,pl,1.54429e+06
2010,polish_1931,WOL,uk,3.03023e+06
2010,polish_1931,WOL,ruth,78378.3
2010,polish_1931,WOL,be,16012.9
2010,polish_1931,WOL,tut,8990.96
2010,polish_1931,WOL,yi,112920
2010,polish_1931,WOL,he,5428.23
2010,polish_1931,WOL,de,33617.1
2010,polish_1931,WOL,ru,37520.8
2010,polish_1931,WOL,lt,6123.12
2010,polish_1931,WOL,cs,41859.7
2010,polish_1931,WOL,lv,79.0553
2010,polish_1931,WOL,other,3695.52
2010,polish_1931,POZ,pl,2.31428e+06
2010,polish_1931,POZ,uk,69919.3
2010,polish_1931,POZ,ruth,14246.7
2010,polish_1931,POZ,be,17394.5
2010,polish_1931,POZ,tut,10224.8
2010,polish_1931,POZ,yi,46637.6
2010,polish_1931,POZ,he,2345.48
2010,polish_1931,POZ,de,105164
2010,polish_1931,POZ,ru,5959.23
2010,polish_1931,POZ,lt,10137.7
2010,polish_1931,POZ,cs,1206.8
2010,polish_1931,POZ,lv,138.295
2010,polish_1931,POZ,other,2270.26
2010,polish_1931,POM,pl,1.62784e+06
2010,polish_1931,POM,uk,59344
2010,polish_1931,POM,ruth,11767.8
2010,polish_1931,POM,be,14829.5
2010,polish_1931,POM,tut,8506.16
2010,polish_1931,POM,yi,39297.9
2010,polish_1931,POM,he,1972.05
2010,polish_1931,POM,de,69410.1
2010,polish_1931,POM,ru,4984.6
2010,polish_1931,POM,lt,8567.39
2010,polish_1931,POM,cs,984.999
2010,polish_1931,POM,lv,114.497
2010,polish_1931,POM,other,2380.32
2010,polish_1931,SLA,pl,2.04229e+06
2010,polish_1931,SLA,uk,106274
2010,polish_1931,SLA,ruth,24100.1
2010,polish_1931,SLA,be,19714.9
2010,polish_1931,SLA,tut,11922.6
2010,polish_1931,SLA,yi,61022.3
2010,polish_1931,SLA,he,3083.17
2010,polish_1931,SLA,de,46370.8
2010,polish_1931,SLA,ru,6659.71
2010,polish_1931,SLA,lt,11223.9
2010,polish_1931,SLA,cs,1534.63
2010,polish_1931,SLA,lv,149.192
2010,polish_1931,SLA,other,3365.04
2010,polish_1931,KRA,pl,2.25703e+06
2010,polish_1931,KRA,uk,74627
2010,polish_1931,KRA,ruth,58117.7
2010,polish_1931,KRA,be,13287.3
2010,polish_1931,KRA,tut,8235.55
2010,polish_1931,KRA,yi,93051.2
2010,polish_1931,KRA,he,4347.92
2010,polish_1931,KRA,de,12028.1
2010,polish_1931,KRA,ru,4604.74
2010,polish_1931,KRA,lt,7330.17
2010,polish_1931,KRA,cs,1091.66
2010,polish_1931,KRA,lv,101.045
2010,polish_1931,KRA,other,2826.51
2010,polish_1931,LWO,pl,2.35895e+06
2010,polish_1931,LWO,uk,801451
2010,polish_1931,LWO,ruth,416249
2010,polish_1931,LWO,be,18382
2010,polish_1931,LWO,tut,12374.8
2010,polish_1931,LWO,yi,152328
2010,polish_1931,LWO,he,7249.12
2010,polish_1931,LWO,de,15155.5
2010,polish_1931,LWO,ru,6537.36
2010,polish_1931,LWO,lt,9311.33
2010,polish_1931,LWO,cs,2213.67
2010,polish_1931,LWO,lv,128.04
2010,polish_1931,LWO,other,5495.54
2010,polish_1931,STA,pl,674575
2010,polish_1931,STA,uk,628098
2010,polish_1931,STA,ruth,350268
2010,polish_1931,STA,be,6404.54
2010,polish_1931,STA,tut,4449.2
2010,polish_1931,STA,yi,58216.6
2010,polish_1931,STA,he,2776.59
2010,polish_1931,STA,de,10408.6
2010,polish_1931,STA,ru,2273.79
2010,polish_1931,STA,lt,3156.19
2010,polish_1931,STA,cs,755.701
2010,polish_1931,STA,lv,43.2981
2010,polish_1931,STA,other,2592.66
2010,polish_1931,TAR,pl,850394
2010,polish_1931,TAR,uk,428202
2010,polish_1931,TAR,ruth,224116
2010,polish_1931,TAR,be,6117.44
2010,polish_1931,TAR,tut,4157.12
2010,polish_1931,TAR,yi,44611.1
2010,polish_1931,TAR,he,2143.1
2010,polish_1931,TAR,de,4229.02
2010,polish_1931,TAR,ru,2179.63
2010,polish_1931,TAR,lt,2977.74
2010,polish_1931,TAR,cs,772.264
2010,polish_1931,TAR,lv,40.8727
2010,polish_1931,TAR,other,1161.49
2010,polish_1931,LT_KAU,pl,95800.6
2010,polish_1931,LT_KAU,uk,1181.08
2010,polish_1931,LT_KAU,ruth,216.819
2010,polish_1931,LT_KAU,be,673.778
2010,polish_1931,LT_KAU,tut,273.829
2010,polish_1931,LT_KAU,yi,5514.54
2010,polish_1931,LT_KAU,he,620.107
2010,polish_1931,LT_KAU,de,6127.05
2010,polish_1931,LT_KAU,ru,9666.85
2010,polish_1931,LT_KAU,lt,221989
2010,polish_1931,LT_KAU,cs,27.6846
2010,polish_1931,LT_KAU,lv,551.395
2010,polish_1931,LT_KAU,other,1220.34
2010,polish_1931,LT_LAU,pl,138950
2010,polish_1931,LT_LAU,uk,910.572
2010,polish_1931,LT_LAU,ruth,164.626
2010,polish_1931,LT_LAU,be,520.768
2010,polish_1931,LT_LAU,tut,212.974
2010,polish_1931,LT_LAU,yi,5707.7
2010,polish_1931,LT_LAU,he,670.854
2010,polish_1931,LT_LAU,de,3409.67
2010,polish_1931,LT_LAU,ru,9945.29
2010,polish_1931,LT_LAU,lt,347493
2010,polish_1931,LT_LAU,cs,22.1184
2010,polish_1931,LT_LAU,lv,1197.8
2010,polish_1931,LT_LAU,other,839.334
2010,polish_1931,LT_ZEM,pl,143479
2010,polish_1931,LT_ZEM,uk,1011.8
2010,polish_1931,LT_ZEM,ruth,188.903
2010,polish_1931,LT_ZEM,be,577.805
2010,polish_1931,LT_ZEM,tut,237.154
2010,polish_1931,LT_ZEM,yi,6132.36
2010,polish_1931,LT_ZEM,he,716.597
2010,polish_1931,LT_ZEM,de,5561.2
2010,polish_1931,LT_ZEM,ru,6671.85
2010,polish_1931,LT_ZEM,lt,396558
2010,polish_1931,LT_ZEM,cs,24.1801
2010,polish_1931,LT_ZEM,lv,4429.25
2010,polish_1931,LT_ZEM,other,988.876
2010,polish_1931,LT_SUV,pl,117016
2010,polish_1931,LT_SUV,uk,1079.64
2010,polish_1931,LT_SUV,ruth,208.467
2010,polish_1931,LT_SUV,be,657.949
2010,polish_1931,LT_SUV,tut,256.65
2010,polish_1931,LT_SUV,yi,5020.35
2010,polish_1931,LT_SUV,he,568.49
2010,polish_1931,LT_SUV,de,11664.5
2010,polish_1931,LT_SUV,ru,5163.94
2010,polish_1931,LT_SUV,lt,305816
2010,polish_1931,LT_SUV,cs,25.0468
2010,polish_1931,LT_SUV,lv,436.252
2010,polish_1931,LT_SUV,other,912.101
2010,polish_1931,LT_NEA,pl,112732
2010,polish_1931,LT_NEA,uk,707.721
2010,polish_1931,LT_NEA,ruth,122.251
2010,polish_1931,LT_NEA,be,605.573
2010,polish_1931,LT_NEA,tut,165.212
2010,polish_1931,LT_NEA,yi,4503.61
2010,polish_1931,LT_NEA,he,533.703
2010,polish_1931,LT_NEA,de,1850.54
2010,polish_1931,LT_NEA,ru,22358.3
2010,polish_1931,LT_NEA,lt,273061
2010,polish_1931,LT_NEA,cs,17.3264
2010,polish_1931,LT_NEA,lv,5342.64
2010,polish_1931,LT_NEA,other,704.588
2010,polish_1931,LT_KLA,pl,42523.4
2010,polish_1931,LT_KLA,uk,623.451
2010,polish_1931,LT_KLA,ruth,114.14
2010,polish_1931,LT_KLA,be,323.467
2010,polish_1931,LT_KLA,tut,141.966
2010,polish_1931,LT_KLA,yi,1507.8
2010,polish_1931,LT_KLA,he,158.696
2010,polish_1931,LT_KLA,de,33098.1
2010,polish_1931,LT_KLA,ru,2062.08
2010,polish_1931,LT_KLA,lt,110920
2010,polish_1931,LT_KLA,cs,14.6222
2010,polish_1931,LT_KLA,lv,338.412
2010,polish_1931,LT_KLA,other,633.127
2020,imperial_1897,WAW,pl,1.95057e+06
2020,imperial_1897,WAW,uk,371423
2020,imperial_1897,WAW,be,128698
2020,imperial_1897,WAW,yi,309889
2020,imperial_1897,WAW,de,23000.5
2020,imperial_1897,WAW,ru,36154.8
2020,imperial_1897,WAW,lt,27880.7
2020,imperial_1897,WAW,cs,2505.55
2020,imperial_1897,WAW,lv,279.354
2020,imperial_1897,WAW,other,8969.44
2020,imperial_1897,WAR,pl,2.365e+06
2020,imperial_1897,WAR,uk,111055
2020,imperial_1897,WAR,be,47948.9
2020,imperial_1897,WAR,yi,198687
2020,imperial_1897,WAR,de,33491.6
2020,imperial_1897,WAR,ru,20075.1
2020,imperial_1897,WAR,lt,10569.2
2020,imperial_1897,WAR,cs,1062.05
2020,imperial_1897,WAR,lv,114.292
2020,imperial_1897,WAR,other,8033.83
2020,imperial_1897,LOD,pl,2.67038e+06
2020,imperial_1897,LOD,uk,190930
2020,imperial_1897,LOD,be,81295.4
2020,imperial_1897,LOD,yi,309791
2020,imperial_1897,LOD,de,78808.4
2020,imperial_1897,LOD,ru,24875.8
2020,imperial_1897,LOD,lt,18285
2020,imperial_1897,LOD,cs,1805.22
2020,imperial_1897,LOD,lv,199.655
2020,imperial_1897,LOD,other,10116.9
2020,imperial_1897,KIE,pl,3.23098e+06
2020,imperial_1897,KIE,uk,155416
2020,imperial_1897,KIE,be,62750.4
2020,imperial_1897,KIE,yi,306498
2020,imperial_1897,KIE,de,19583.3
2020,imperial_1897,KIE,ru,21490.3
2020,imperial_1897,KIE,lt,13407.4
2020,imperial_1897,KIE,cs,1489.58
2020,imperial_1897,KIE,lv,149.088
2020,imperial_1897,KIE,other,9994.96
2020,imperial_1897,LUB,pl,3.16448e+06
2020,imperial_1897,LUB,uk,495888
2020,imperial_1897,LUB,be,151467
2020,imperial_1897,LUB,yi,237432
2020,imperial_1897,LUB,de,19504.9
2020,imperial_1897,LUB,ru,59900.5
2020,imperial_1897,LUB,lt,12184.4
2020,imperial_1897,LUB,cs,1778.77
2020,imperial_1897,LUB,lv,129.787
2020,imperial_1897,LUB,other,6143.84
2020,imperial_1897,BIA,pl,1.56234e+06
2020,imperial_1897,BIA,uk,152280
2020,imperial_1897,BIA,be,328717
2020,imperial_1897,BIA,yi,173868
2020,imperial_1897,BIA,de,10598.8
2020,imperial_1897,BIA,ru,83275.6
2020,imperial_1897,BIA,lt,20668.2
2020,imperial_1897,BIA,cs,954.368
2020,imperial_1897,BIA,lv,130.606
2020,imperial_1897,BIA,other,3671.08
2020,imperial_1897,WIL,pl,923917
2020,imperial_1897,WIL,uk,88338.8
2020,imperial_1897,WIL,be,320081
2020,imperial_1897,WIL,yi,81139.9
2020,imperial_1897,WIL,de,4120.96
2020,imperial_1897,WIL,ru,68315.7
2020,imperial_1897,WIL,lt,52692.5
2020,imperial_1897,WIL,cs,552.384
2020,imperial_1897,WIL,lv,118.238
2020,imperial_1897,WIL,other,2734.88
2020,imperial_1897,NOW,pl,1.02137e+06
2020,imperial_1897,NOW,uk,151797
2020,imperial_1897,NOW,be,732620
2020,imperial_1897,NOW,yi,72630.3
2020,imperial_1897,NOW,de,3191
2020,imperial_1897,NOW,ru,87355
2020,imperial_1897,NOW,lt,7162.02
2020,imperial_1897,NOW,cs,669.275
2020,imperial_1897,NOW,lv,70.3929
2020,imperial_1897,NOW,other,2193.47
2020,imperial_1897,POL,pl,1.48698e+06
2020,imperial_1897,POL,uk,956334
2020,imperial_1897,POL,be,929317
2020,imperial_1897,POL,yi,95862.1
2020,imperial_1897,POL,de,4694.56
2020,imperial_1897,POL,ru,188668
2020,imperial_1897,POL,lt,7463.62
2020,imperial_1897,POL,cs,952.164
2020,imperial_1897,POL,lv,76.6947
2020,imperial_1897,POL,other,3072.57
2020,imperial_1897,WOL,pl,1.19902e+06
2020,imperial_1897,WOL,uk,3.5335e+06
2020,imperial_1897,WOL,be,94866.8
2020,imperial_1897,WOL,yi,159456
2020,imperial_1897,WOL,de,33500.2
2020,imperial_1897,WOL,ru,67513.7
2020,imperial_1897,WOL,lt,8355.06
2020,imperial_1897,WOL,cs,40386.6
2020,imperial_1897,WOL,lv,86.8378
2020,imperial_1897,WOL,other,6554.32
2020,imperial_1897,POZ,pl,2.08378e+06
2020,imperial_1897,POZ,uk,129168
2020,imperial_1897,POZ,be,55113
2020,imperial_1897,POZ,yi,96744.3
2020,imperial_1897,POZ,de,100880
2020,imperial_1897,POZ,ru,15749.4
2020,imperial_1897,POZ,lt,12861.2
2020,imperial_1897,POZ,cs,1262.35
2020,imperial_1897,POZ,lv,139.188
2020,imperial_1897,POZ,other,4819.22
2020,imperial_1897,POM,pl,1.48811e+06
2020,imperial_1897,POM,uk,109721
2020,imperial_1897,POM,be,46792.3
2020,imperial_1897,POM,yi,79155.9
2020,imperial_1897,POM,de,67508.1
2020,imperial_1897,POM,ru,13203.5
2020,imperial_1897,POM,lt,10997.1
2020,imperial_1897,POM,cs,1043.09
2020,imperial_1897,POM,lv,116.729
2020,imperial_1897,POM,other,4269.63
2020,imperial_1897,SLA,pl,1.85528e+06
2020,imperial_1897,SLA,uk,192233
2020,imperial_1897,SLA,be,63774
2020,imperial_1897,SLA,yi,125056
2020,imperial_1897,SLA,de,50643.8
2020,imperial_1897,SLA,ru,18128.5
2020,imperial_1897,SLA,lt,14451.3
2020,imperial_1897,SLA,cs,1621.29
2020,imperial_1897,SLA,lv,153.094
2020,imperial_1897,SLA,other,6452.33
2020,imperial_1897,KRA,pl,2.00227e+06
2020,imperial_1897,KRA,uk,188262
2020,imperial_1897,KRA,be,43684.2
2020,imperial_1897,KRA,yi,153768
2020,imperial_1897,KRA,de,12918.5
2020,imperial_1897,KRA,ru,12706.2
2020,imperial_1897,KRA,lt,9357.03
2020,imperial_1897,KRA,cs,1142.99
2020,imperial_1897,KRA,lv,102.058
2020,imperial_1897,KRA,other,7604.38
2020,imperial_1897,LWO,pl,1.89749e+06
2020,imperial_1897,LWO,uk,1.40964e+06
2020,imperial_1897,LWO,be,64253.1
2020,imperial_1897,LWO,yi,253360
2020,imperial_1897,LWO,de,16067.4
2020,imperial_1897,LWO,ru,19066.7
2020,imperial_1897,LWO,lt,11937.8
2020,imperial_1897,LWO,cs,2261.4
2020,imperial_1897,LWO,lv,131.101
2020,imperial_1897,LWO,other,9913.97
2020,imperial_1897,STA,pl,479882
2020,imperial_1897,STA,uk,1.07208e+06
2020,imperial_1897,STA,be,21788.7
2020,imperial_1897,STA,yi,88184.1
2020,imperial_1897,STA,de,10616.8
2020,imperial_1897,STA,ru,6343.31
2020,imperial_1897,STA,lt,4115.16
2020,imperial_1897,STA,cs,788.364
2020,imperial_1897,STA,lv,45.0785
2020,imperial_1897,STA,other,3944.9
2020,imperial_1897,TAR,pl,641057
2020,imperial_1897,TAR,uk,752098
2020,imperial_1897,TAR,be,21063.6
2020,imperial_1897,TAR,yi,72344.8
2020,imperial_1897,TAR,de,4551.11
2020,imperial_1897,TAR,ru,6166.88
2020,imperial_1897,TAR,lt,3873.5
2020,imperial_1897,TAR,cs,802.698
2020,imperial_1897,TAR,lv,42.7963
2020,imperial_1897,TAR,other,2224.64
2020,imperial_1897,LT_KAU,pl,17461
2020,imperial_1897,LT_KAU,uk,1996.78
2020,imperial_1897,LT_KAU,be,1257.19
2020,imperial_1897,LT_KAU,yi,4935.57
2020,imperial_1897,LT_KAU,de,5762.84
2020,imperial_1897,LT_KAU,ru,9640.65
2020,imperial_1897,LT_KAU,lt,283288
2020,imperial_1897,LT_KAU,cs,29.887
2020,imperial_1897,LT_KAU,lv,514.83
2020,imperial_1897,LT_KAU,other,1656.02
2020,imperial_1897,LT_LAU,pl,19307.1
2020,imperial_1897,LT_LAU,uk,1554.72
2020,imperial_1897,LT_LAU,be,986.379
2020,imperial_1897,LT_LAU,yi,5059.96
2020,imperial_1897,LT_LAU,de,3289.16
2020,imperial_1897,LT_LAU,ru,10073.1
2020,imperial_1897,LT_LAU,lt,430424
2020,imperial_1897,LT_LAU,cs,24.3545
2020,imperial_1897,LT_LAU,lv,1065.45
2020,imperial_1897,LT_LAU,other,934.878
2020,imperial_1897,LT_ZEM,pl,8827.35
2020,imperial_1897,LT_ZEM,uk,1694.4
2020,imperial_1897,LT_ZEM,be,1045.35
2020,imperial_1897,LT_ZEM,yi,5395.81
2020,imperial_1897,LT_ZEM,de,5263.58
2020,imperial_1897,LT_ZEM,ru,6794.45
2020,imperial_1897,LT_ZEM,lt,487644
2020,imperial_1897,LT_ZEM,cs,26.3651
2020,imperial_1897,LT_ZEM,lv,3825.05
2020,imperial_1897,LT_ZEM,other,1234.31
2020,imperial_1897,LT_SUV,pl,11003.2
2020,imperial_1897,LT_SUV,uk,1795.2
2020,imperial_1897,LT_SUV,be,1424.4
2020,imperial_1897,LT_SUV,yi,4514.53
2020,imperial_1897,LT_SUV,de,10911.3
2020,imperial_1897,LT_SUV,ru,5267.35
2020,imperial_1897,LT_SUV,lt,375956
2020,imperial_1897,LT_SUV,cs,26.9071
2020,imperial_1897,LT_SUV,lv,413.918
2020,imperial_1897,LT_SUV,other,1741.28
2020,imperial_1897,LT_NEA,pl,16110.7
2020,imperial_1897,LT_NEA,uk,1218.56
2020,imperial_1897,LT_NEA,be,1622.18
2020,imperial_1897,LT_NEA,yi,4024.78
2020,imperial_1897,LT_NEA,de,1831.15
2020,imperial_1897,LT_NEA,ru,22614.4
2020,imperial_1897,LT_NEA,lt,339522
2020,imperial_1897,LT_NEA,cs,19.275
2020,imperial_1897,LT_NEA,lv,4632.35
2020,imperial_1897,LT_NEA,other,755.757
2020,imperial_1897,LT_KLA,pl,3087.53
2020,imperial_1897,LT_KLA,uk,1079.84
2020,imperial_1897,LT_KLA,be,609.503
2020,imperial_1897,LT_KLA,yi,1521.49
2020,imperial_1897,LT_KLA,de,30637.5
2020,imperial_1897,LT_KLA,ru,2172.51
2020,imperial_1897,LT_KLA,lt,144436
2020,imperial_1897,LT_KLA,cs,16.5565
2020,imperial_1897,LT_KLA,lv,319.281
2020,imperial_1897,LT_KLA,other,684.53
2020,latent,WAW,pl,2.19669e+06
2020,latent,WAW,uk,301903
2020,latent,WAW,be,60382.6
2020,latent,WAW,tut,25372
2020,latent,WAW,yi,189424
2020,latent,WAW,de,23000.5
2020,latent,WAW,ru,13304.1
2020,latent,WAW,lt,27880.7
2020,latent,WAW,cs,2505.55
2020,latent,WAW,lv,279.354
2020,latent,WAW,csb,6169.08
2020,latent,WAW,rue,3491.32
2020,latent,WAW,rom,3977.72
2020,latent,WAW,kdr,17.3895
2020,latent,WAW,wym,4.25525
2020,latent,WAW,other,4970.08
2020,latent,WAR,pl,2.47573e+06
2020,latent,WAR,uk,83496.7
2020,latent,WAR,be,20759.9
2020,latent,WAR,tut,9884.27
2020,latent,WAR,yi,136481
2020,latent,WAR,de,33491.6
2020,latent,WAR,ru,10946.6
2020,latent,WAR,lt,10569.2
2020,latent,WAR,cs,1062.05
2020,latent,WAR,lv,114.292
2020,latent,WAR,csb,3958.69
2020,latent,WAR,rue,1508.97
2020,latent,WAR,rom,3844.17
2020,latent,WAR,kdr,7.14573
2020,latent,WAR,wym,1.91708
2020,latent,WAR,other,4180.59
2020,latent,LOD,pl,2.8566e+06
2020,latent,LOD,uk,144730
2020,latent,LOD,be,35974.8
2020,latent,LOD,tut,16722.7
2020,latent,LOD,yi,205336
2020,latent,LOD,de,78808.4
2020,latent,LOD,ru,9700.55
2020,latent,LOD,lt,18285
2020,latent,LOD,cs,1805.22
2020,latent,LOD,lv,199.655
2020,latent,LOD,csb,5546.29
2020,latent,LOD,rue,2664.18
2020,latent,LOD,rom,4276.27
2020,latent,LOD,kdr,12.7633
2020,latent,LOD,wym,3.61996
2020,latent,LOD,other,5824.21
2020,latent,KIE,pl,3.39083e+06
2020,latent,KIE,uk,117820
2020,latent,KIE,be,27367.2
2020,latent,KIE,tut,12867.4
2020,latent,KIE,yi,212221
2020,latent,KIE,de,19583.3
2020,latent,KIE,ru,9611.6
2020,latent,KIE,lt,13407.4
2020,latent,KIE,cs,1489.58
2020,latent,KIE,lv,149.088
2020,latent,KIE,csb,3904.79
2020,latent,KIE,rue,2516.3
2020,latent,KIE,rom,5051.66
2020,latent,KIE,kdr,9.69563
2020,latent,KIE,wym,3.45613
2020,latent,KIE,other,4930.15
2020,latent,LUB,pl,3.47044e+06
2020,latent,LUB,uk,403895
2020,latent,LUB,be,31660.6
2020,latent,LUB,tut,15467.4
2020,latent,LUB,yi,167992
2020,latent,LUB,de,19504.9
2020,latent,LUB,ru,14706.6
2020,latent,LUB,lt,12184.4
2020,latent,LUB,cs,1778.77
2020,latent,LUB,lv,129.787
2020,latent,LUB,csb,2903.28
2020,latent,LUB,rue,2105.49
2020,latent,LUB,rom,4399.63
2020,latent,LUB,kdr,8.57411
2020,latent,LUB,wym,2.31684
2020,latent,LUB,other,1733.32
2020,latent,BIA,pl,1.82331e+06
2020,latent,BIA,uk,77613.7
2020,latent,BIA,be,220251
2020,latent,BIA,tut,10399.5
2020,latent,BIA,yi,124358
2020,latent,BIA,de,10598.8
2020,latent,BIA,ru,41481.1
2020,latent,BIA,lt,20668.2
2020,latent,BIA,cs,954.368
2020,latent,BIA,lv,130.606
2020,latent,BIA,csb,1954.63
2020,latent,BIA,rue,1112.02
2020,latent,BIA,rom,2091.8
2020,latent,BIA,kdr,7.48372
2020,latent,BIA,wym,1.3452
2020,latent,BIA,other,1570.45
2020,latent,WIL,pl,1.08959e+06
2020,latent,WIL,uk,37466.5
2020,latent,WIL,be,246083
2020,latent,WIL,tut,9007.94
2020,latent,WIL,yi,58182.2
2020,latent,WIL,de,4120.96
2020,latent,WIL,ru,39830.5
2020,latent,WIL,lt,52692.5
2020,latent,WIL,cs,552.384
2020,latent,WIL,lv,118.238
2020,latent,WIL,csb,1049.07
2020,latent,WIL,rue,588.569
2020,latent,WIL,rom,1387.89
2020,latent,WIL,kdr,92.3684
2020,latent,WIL,wym,0.745446
2020,latent,WIL,other,1253.89
2020,latent,NOW,pl,1.36723e+06
2020,latent,NOW,uk,47144.1
2020,latent,NOW,be,568141
2020,latent,NOW,tut,6918.1
2020,latent,NOW,yi,52319.8
2020,latent,NOW,de,3191
2020,latent,NOW,ru,22447
2020,latent,NOW,lt,7162.02
2020,latent,NOW,cs,669.275
2020,latent,NOW,lv,70.3929
2020,latent,NOW,csb,959.252
2020,latent,NOW,rue,610.433
2020,latent,NOW,rom,1582.88
2020,latent,NOW,kdr,4.03568
2020,latent,NOW,wym,0.693874
2020,latent,NOW,other,605.861
2020,latent,POL,pl,2.30157e+06
2020,latent,POL,uk,226110
2020,latent,POL,be,137281
2020,latent,POL,tut,888899
2020,latent,POL,yi,69011.1
2020,latent,POL,de,4694.56
2020,latent,POL,ru,31751.7
2020,latent,POL,lt,7463.62
2020,latent,POL,cs,952.164
2020,latent,POL,lv,76.6947
2020,latent,POL,csb,1501.02
2020,latent,POL,rue,1032.5
2020,latent,POL,rom,1666.99
2020,latent,POL,kdr,4.77218
2020,latent,POL,wym,1.10385
2020,latent,POL,other,1399.7
2020,latent,WOL,pl,1.38003e+06
2020,latent,WOL,uk,3.47759e+06
2020,latent,WOL,be,23922.4
2020,latent,WOL,tut,10995.5
2020,latent,WOL,yi,117424
2020,latent,WOL,de,33500.2
2020,latent,WOL,ru,41083.2
2020,latent,WOL,lt,8355.06
2020,latent,WOL,cs,40386.6
2020,latent,WOL,lv,86.8378
2020,latent,WOL,csb,1735.34
2020,latent,WOL,rue,1570.81
2020,latent,WOL,rom,3349.19
2020,latent,WOL,kdr,20.167
2020,latent,WOL,wym,1.40519
2020,latent,WOL,other,3183.55
2020,latent,POZ,pl,2.1814e+06
2020,latent,POZ,uk,97664.8
2020,latent,POZ,be,24768.9
2020,latent,POZ,tut,11596.8
2020,latent,POZ,yi,52548.5
2020,latent,POZ,de,100880
2020,latent,POZ,ru,5659.14
2020,latent,POZ,lt,12861.2
2020,latent,POZ,cs,1262.35
2020,latent,POZ,lv,139.188
2020,latent,POZ,csb,4992.22
2020,latent,POZ,rue,1921
2020,latent,POZ,rom,2516.21
2020,latent,POZ,kdr,8.91966
2020,latent,POZ,wym,2.71727
2020,latent,POZ,other,2291.38
2020,latent,POM,pl,1.47747e+06
2020,latent,POM,uk,83878.7
2020,latent,POM,be,21458.8
2020,latent,POM,tut,9780.72
2020,latent,POM,yi,44765.4
2020,latent,POM,de,67508.1
2020,latent,POM,ru,4796.68
2020,latent,POM,lt,10997.1
2020,latent,POM,cs,1043.09
2020,latent,POM,lv,116.729
2020,latent,POM,csb,93345.3
2020,latent,POM,rue,1486.61
2020,latent,POM,rom,2029.98
2020,latent,POM,kdr,7.25354
2020,latent,POM,wym,2.07474
2020,latent,POM,other,2230.32
2020,latent,SLA,pl,1.97787e+06
2020,latent,SLA,uk,151823
2020,latent,SLA,be,28448.6
2020,latent,SLA,tut,13635.1
2020,latent,SLA,yi,68929.9
2020,latent,SLA,de,50643.8
2020,latent,SLA,ru,6406.28
2020,latent,SLA,lt,14451.3
2020,latent,SLA,cs,1621.29
2020,latent,SLA,lv,153.094
2020,latent,SLA,csb,4298.71
2020,latent,SLA,rue,3055.21
2020,latent,SLA,rom,3139.75
2020,latent,SLA,kdr,10.2329
2020,latent,SLA,wym,4.47016
2020,latent,SLA,other,3297.88
2020,latent,KRA,pl,2.12333e+06
2020,latent,KRA,uk,98474.1
2020,latent,KRA,be,18909.5
2020,latent,KRA,tut,9278.86
2020,latent,KRA,yi,97292.3
2020,latent,KRA,de,12918.5
2020,latent,KRA,ru,4437.29
2020,latent,KRA,lt,9357.03
2020,latent,KRA,cs,1142.99
2020,latent,KRA,lv,102.058
2020,latent,KRA,csb,2543.82
2020,latent,KRA,rue,46424.3
2020,latent,KRA,rom,5518.12
2020,latent,KRA,kdr,6.92949
2020,latent,KRA,wym,71.2432
2020,latent,KRA,other,2008.09
2020,latent,LWO,pl,2.17485e+06
2020,latent,LWO,uk,1.21817e+06
2020,latent,LWO,be,26311.1
2020,latent,LWO,tut,14022.5
2020,latent,LWO,yi,157609
2020,latent,LWO,de,16067.4
2020,latent,LWO,ru,6374.32
2020,latent,LWO,lt,11937.8
2020,latent,LWO,cs,2261.4
2020,latent,LWO,lv,131.101
2020,latent,LWO,csb,2829.91
2020,latent,LWO,rue,43643.6
2020,latent,LWO,rom,5530.11
2020,latent,LWO,kdr,10.6422
2020,latent,LWO,wym,2.84839
2020,latent,LWO,other,4370.37
2020,latent,STA,pl,588766
2020,latent,STA,uk,1.00066e+06
2020,latent,STA,be,9288.43
2020,latent,STA,tut,5157.49
2020,latent,STA,yi,60110.8
2020,latent,STA,de,10616.8
2020,latent,STA,ru,2258.04
2020,latent,STA,lt,4115.16
2020,latent,STA,cs,788.364
2020,latent,STA,lv,45.0785
2020,latent,STA,csb,977.234
2020,latent,STA,rue,1053.07
2020,latent,STA,rom,1896.1
2020,latent,STA,kdr,22.795
2020,latent,STA,wym,0.975367
2020,latent,STA,other,2025.03
2020,latent,TAR,pl,759421
2020,latent,TAR,uk,669242
2020,latent,TAR,be,8925.45
2020,latent,TAR,tut,4828.79
2020,latent,TAR,yi,46285.2
2020,latent,TAR,de,4551.11
2020,latent,TAR,ru,2167.97
2020,latent,TAR,lt,3873.5
2020,latent,TAR,cs,802.698
2020,latent,TAR,lv,42.7963
2020,latent,TAR,csb,897.415
2020,latent,TAR,rue,962.032
2020,latent,TAR,rom,1256.91
2020,latent,TAR,kdr,3.32266
2020,latent,TAR,wym,0.888097
2020,latent,TAR,other,963.511
2020,latent,LT_KAU,pl,18098.6
2020,latent,LT_KAU,uk,1639.26
2020,latent,LT_KAU,be,941.862
2020,latent,LT_KAU,tut,317.626
2020,latent,LT_KAU,yi,4627.88
2020,latent,LT_KAU,de,5762.84
2020,latent,LT_KAU,ru,9566.39
2020,latent,LT_KAU,lt,283288
2020,latent,LT_KAU,cs,29.887
2020,latent,LT_KAU,lv,514.83
2020,latent,LT_KAU,csb,67.2511
2020,latent,LT_KAU,rue,32.3172
2020,latent,LT_KAU,rom,728.228
2020,latent,LT_KAU,kdr,2.58656
2020,latent,LT_KAU,other,925.141
2020,latent,LT_LAU,pl,19739.9
2020,latent,LT_LAU,uk,1283.59
2020,latent,LT_LAU,be,753.031
2020,latent,LT_LAU,tut,252.598
2020,latent,LT_LAU,yi,4853.22
2020,latent,LT_LAU,de,3289.16
2020,latent,LT_LAU,ru,10020.3
2020,latent,LT_LAU,lt,430424
2020,latent,LT_LAU,cs,24.3545
2020,latent,LT_LAU,lv,1065.45
2020,latent,LT_LAU,csb,53.2449
2020,latent,LT_LAU,rue,25.3668
2020,latent,LT_LAU,rom,223.87
2020,latent,LT_LAU,kdr,25.1405
2020,latent,LT_LAU,other,685.816
2020,latent,LT_ZEM,pl,9163.9
2020,latent,LT_ZEM,uk,1420.86
2020,latent,LT_ZEM,be,821.934
2020,latent,LT_ZEM,tut,277.975
2020,latent,LT_ZEM,yi,5235.27
2020,latent,LT_ZEM,de,5263.58
2020,latent,LT_ZEM,ru,6749.99
2020,latent,LT_ZEM,lt,487644
2020,latent,LT_ZEM,cs,26.3651
2020,latent,LT_ZEM,lv,3825.05
2020,latent,LT_ZEM,csb,58.5452
2020,latent,LT_ZEM,rue,28.8916
2020,latent,LT_ZEM,rom,421.446
2020,latent,LT_ZEM,kdr,2.91516
2020,latent,LT_ZEM,other,809.894
2020,latent,LT_SUV,pl,11348.7
2020,latent,LT_SUV,uk,1496.37
2020,latent,LT_SUV,be,1227.01
2020,latent,LT_SUV,tut,296.025
2020,latent,LT_SUV,yi,4327.58
2020,latent,LT_SUV,de,10911.3
2020,latent,LT_SUV,ru,5217.3
2020,latent,LT_SUV,lt,375956
2020,latent,LT_SUV,cs,26.9071
2020,latent,LT_SUV,lv,413.918
2020,latent,LT_SUV,csb,60.6938
2020,latent,LT_SUV,rue,31.0208
2020,latent,LT_SUV,rom,1103.38
2020,latent,LT_SUV,kdr,2.00446
2020,latent,LT_SUV,other,635.837
2020,latent,LT_NEA,pl,16352.2
2020,latent,LT_NEA,uk,1003.64
2020,latent,LT_NEA,be,1538.63
2020,latent,LT_NEA,tut,197.712
2020,latent,LT_NEA,yi,3870.81
2020,latent,LT_NEA,de,1831.15
2020,latent,LT_NEA,ru,22569.7
2020,latent,LT_NEA,lt,339522
2020,latent,LT_NEA,cs,19.275
2020,latent,LT_NEA,lv,4632.35
2020,latent,LT_NEA,csb,39.2226
2020,latent,LT_NEA,rue,18.6336
2020,latent,LT_NEA,rom,156.016
2020,latent,LT_NEA,kdr,2.05339
2020,latent,LT_NEA,other,597.65
2020,latent,LT_KLA,pl,3275.68
2020,latent,LT_KLA,uk,911.537
2020,latent,LT_KLA,be,472.275
2020,latent,LT_KLA,tut,173.941
2020,latent,LT_KLA,yi,1430.34
2020,latent,LT_KLA,de,30637.5
2020,latent,LT_KLA,ru,2146.18
2020,latent,LT_KLA,lt,144436
2020,latent,LT_KLA,cs,16.5565
2020,latent,LT_KLA,lv,319.281
2020,latent,LT_KLA,csb,42.7106
2020,latent,LT_KLA,rue,18.2059
2020,latent,LT_KLA,rom,144.647
2020,latent,LT_KLA,kdr,1.48407
2020,latent,LT_KLA,other,538.362
2020,lithuanian_1923,WAW,pl,2.19669e+06
2020,lithuanian_1923,WAW,uk,301903
2020,lithuanian_1923,WAW,be,60382.6
2020,lithuanian_1923,WAW,tut,25372
2020,lithuanian_1923,WAW,yi,189424
2020,lithuanian_1923,WAW,de,23000.5
2020,lithuanian_1923,WAW,ru,13304.1
2020,lithuanian_1923,WAW,lt,27880.7
2020,lithuanian_1923,WAW,cs,2505.55
2020,lithuanian_1923,WAW,lv,279.354
2020,lithuanian_1923,WAW,csb,6169.08
2020,lithuanian_1923,WAW,rue,3491.32
2020,lithuanian_1923,WAW,rom,3977.72
2020,lithuanian_1923,WAW,kdr,17.3895
2020,lithuanian_1923,WAW,wym,4.25525
2020,lithuanian_1923,WAW,other,4970.08
2020,lithuanian_1923,WAR,pl,2.47573e+06
2020,lithuanian_1923,WAR,uk,83496.7
2020,lithuanian_1923,WAR,be,20759.9
2020,lithuanian_1923,WAR,tut,9884.27
2020,lithuanian_1923,WAR,yi,136481
2020,lithuanian_1923,WAR,de,33491.6
2020,lithuanian_1923,WAR,ru,10946.6
2020,lithuanian_1923,WAR,lt,10569.2
2020,lithuanian_1923,WAR,cs,1062.05
2020,lithuanian_1923,WAR,lv,114.292
2020,lithuanian_1923,WAR,csb,3958.69
2020,lithuanian_1923,WAR,rue,1508.97
2020,lithuanian_1923,WAR,rom,3844.17
2020,lithuanian_1923,WAR,kdr,7.14573
2020,lithuanian_1923,WAR,wym,1.91708
2020,lithuanian_1923,WAR,other,4180.59
2020,lithuanian_1923,LOD,pl,2.8566e+06
2020,lithuanian_1923,LOD,uk,144730
2020,lithuanian_1923,LOD,be,35974.8
2020,lithuanian_1923,LOD,tut,16722.7
2020,lithuanian_1923,LOD,yi,205336
2020,lithuanian_1923,LOD,de,78808.4
2020,lithuanian_1923,LOD,ru,9700.55
2020,lithuanian_1923,LOD,lt,18285
2020,lithuanian_1923,LOD,cs,1805.22
2020,lithuanian_1923,LOD,lv,199.655
2020,lithuanian_1923,LOD,csb,5546.29
2020,lithuanian_1923,LOD,rue,2664.18
2020,lithuanian_1923,LOD,rom,4276.27
2020,lithuanian_1923,LOD,kdr,12.7633
2020,lithuanian_1923,LOD,wym,3.61996
2020,lithuanian_1923,LOD,other,5824.21
2020,lithuanian_1923,KIE,pl,3.39083e+06
2020,lithuanian_1923,KIE,uk,117820
2020,lithuanian_1923,KIE,be,27367.2
2020,lithuanian_1923,KIE,tut,12867.4
2020,lithuanian_1923,KIE,yi,212221
2020,lithuanian_1923,KIE,de,19583.3
2020,lithuanian_1923,KIE,ru,9611.6
2020,lithuanian_1923,KIE,lt,13407.4
2020,lithuanian_1923,KIE,cs,1489.58
2020,lithuanian_1923,KIE,lv,149.088
2020,lithuanian_1923,KIE,csb,3904.79
2020,lithuanian_1923,KIE,rue,2516.3
2020,lithuanian_1923,KIE,rom,5051.66
2020,lithuanian_1923,KIE,kdr,9.69563
2020,lithuanian_1923,KIE,wym,3.45613
2020,lithuanian_1923,KIE,other,4930.15
2020,lithuanian_1923,LUB,pl,3.47044e+06
2020,lithuanian_1923,LUB,uk,403895
2020,lithuanian_1923,LUB,be,31660.6
2020,lithuanian_1923,LUB,tut,15467.4
2020,lithuanian_1923,LUB,yi,167992
2020,lithuanian_1923,LUB,de,19504.9
2020,lithuanian_1923,LUB,ru,14706.6
2020,lithuanian_1923,LUB,lt,12184.4
2020,lithuanian_1923,LUB,cs,1778.77
2020,lithuanian_1923,LUB,lv,129.787
2020,lithuanian_1923,LUB,csb,2903.28
2020,lithuanian_1923,LUB,rue,2105.49
2020,lithuanian_1923,LUB,rom,4399.63
2020,lithuanian_1923,LUB,kdr,8.57411
2020,lithuanian_1923,LUB,wym,2.31684
2020,lithuanian_1923,LUB,other,1733.32
2020,lithuanian_1923,BIA,pl,1.82331e+06
2020,lithuanian_1923,BIA,uk,77613.7
2020,lithuanian_1923,BIA,be,220251
2020,lithuanian_1923,BIA,tut,10399.5
2020,lithuanian_1923,BIA,yi,124358
2020,lithuanian_1923,BIA,de,10598.8
2020,lithuanian_1923,BIA,ru,41481.1
2020,lithuanian_1923,BIA,lt,20668.2
2020,lithuanian_1923,BIA,cs,954.368
2020,lithuanian_1923,BIA,lv,130.606
2020,lithuanian_1923,BIA,csb,1954.63
2020,lithuanian_1923,BIA,rue,1112.02
2020,lithuanian_1923,BIA,rom,2091.8
2020,lithuanian_1923,BIA,kdr,7.48372
2020,lithuanian_1923,BIA,wym,1.3452
2020,lithuanian_1923,BIA,other,1570.45
2020,lithuanian_1923,WIL,pl,1.08959e+06
2020,lithuanian_1923,WIL,uk,37466.5
2020,lithuanian_1923,WIL,be,246083
2020,lithuanian_1923,WIL,tut,9007.94
2020,lithuanian_1923,WIL,yi,58182.2
2020,lithuanian_1923,WIL,de,4120.96
2020,lithuanian_1923,WIL,ru,39830.5
2020,lithuanian_1923,WIL,lt,52692.5
2020,lithuanian_1923,WIL,cs,552.384
2020,lithuanian_1923,WIL,lv,118.238
2020,lithuanian_1923,WIL,csb,1049.07
2020,lithuanian_1923,WIL,rue,588.569
2020,lithuanian_1923,WIL,rom,1387.89
2020,lithuanian_1923,WIL,kdr,92.3684
2020,lithuanian_1923,WIL,wym,0.745446
2020,lithuanian_1923,WIL,other,1253.89
2020,lithuanian_1923,NOW,pl,1.36723e+06
2020,lithuanian_1923,NOW,uk,47144.1
2020,lithuanian_1923,NOW,be,568141
2020,lithuanian_1923,NOW,tut,6918.1
2020,lithuanian_1923,NOW,yi,52319.8
2020,lithuanian_1923,NOW,de,3191
2020,lithuanian_1923,NOW,ru,22447
2020,lithuanian_1923,NOW,lt,7162.02
2020,lithuanian_1923,NOW,cs,669.275
2020,lithuanian_1923,NOW,lv,70.3929
2020,lithuanian_1923,NOW,csb,959.252
2020,lithuanian_1923,NOW,rue,610.433
2020,lithuanian_1923,NOW,rom,1582.88
2020,lithuanian_1923,NOW,kdr,4.03568
2020,lithuanian_1923,NOW,wym,0.693874
2020,lithuanian_1923,NOW,other,605.861
2020,lithuanian_1923,POL,pl,2.30157e+06
2020,lithuanian_1923,POL,uk,226110
2020,lithuanian_1923,POL,be,137281
2020,lithuanian_1923,POL,tut,888899
2020,lithuanian_1923,POL,yi,69011.1
2020,lithuanian_1923,POL,de,4694.56
2020,lithuanian_1923,POL,ru,31751.7
2020,lithuanian_1923,POL,lt,7463.62
2020,lithuanian_1923,POL,cs,952.164
2020,lithuanian_1923,POL,lv,76.6947
2020,lithuanian_1923,POL,csb,1501.02
2020,lithuanian_1923,POL,rue,1032.5
2020,lithuanian_1923,POL,rom,1666.99
2020,lithuanian_1923,POL,kdr,4.77218
2020,lithuanian_1923,POL,wym,1.10385
2020,lithuanian_1923,POL,other,1399.7
2020,lithuanian_1923,WOL,pl,1.38003e+06
2020,lithuanian_1923,WOL,uk,3.47759e+06
2020,lithuanian_1923,WOL,be,23922.4
2020,lithuanian_1923,WOL,tut,10995.5
2020,lithuanian_1923,WOL,yi,117424
2020,lithuanian_1923,WOL,de,33500.2
2020,lithuanian_1923,WOL,ru,41083.2
2020,lithuanian_1923,WOL,lt,8355.06
2020,lithuanian_1923,WOL,cs,40386.6
2020,lithuanian_1923,WOL,lv,86.8378
2020,lithuanian_1923,WOL,csb,1735.34
2020,lithuanian_1923,WOL,rue,1570.81
2020,lithuanian_1923,WOL,rom,3349.19
2020,lithuanian_1923,WOL,kdr,20.167
2020,lithuanian_1923,WOL,wym,1.40519
2020,lithuanian_1923,WOL,other,3183.55
2020,lithuanian_1923,POZ,pl,2.1814e+06
2020,lithuanian_1923,POZ,uk,97664.8
2020,lithuanian_1923,POZ,be,24768.9
2020,lithuanian_1923,POZ,tut,11596.8
2020,lithuanian_1923,POZ,yi,52548.5
2020,lithuanian_1923,POZ,de,100880
2020,lithuanian_1923,POZ,ru,5659.14
2020,lithuanian_1923,POZ,lt,12861.2
2020,lithuanian_1923,POZ,cs,1262.35
2020,lithuanian_1923,POZ,lv,139.188
2020,lithuanian_1923,POZ,csb,4992.22
2020,lithuanian_1923,POZ,rue,1921
2020,lithuanian_1923,POZ,rom,2516.21
2020,lithuanian_1923,POZ,kdr,8.91966
2020,lithuanian_1923,POZ,wym,2.71727
2020,lithuanian_1923,POZ,other,2291.38
2020,lithuanian_1923,POM,pl,1.47747e+06
2020,lithuanian_1923,POM,uk,83878.7
2020,lithuanian_1923,POM,be,21458.8
2020,lithuanian_1923,POM,tut,9780.72
2020,lithuanian_1923,POM,yi,44765.4
2020,lithuanian_1923,POM,de,67508.1
2020,lithuanian_1923,POM,ru,4796.68
2020,lithuanian_1923,POM,lt,10997.1
2020,lithuanian_1923,POM,cs,1043.09
2020,lithuanian_1923,POM,lv,116.729
2020,lithuanian_1923,POM,csb,93345.3
2020,lithuanian_1923,POM,rue,1486.61
2020,lithuanian_1923,POM,rom,2029.98
2020,lithuanian_1923,POM,kdr,7.25354
2020,lithuanian_1923,POM,wym,2.07474
2020,lithuanian_1923,POM,other,2230.32
2020,lithuanian_1923,SLA,pl,1.97787e+06
2020,lithuanian_1923,SLA,uk,151823
2020,lithuanian_1923,SLA,be,28448.6
2020,lithuanian_1923,SLA,tut,13635.1
2020,lithuanian_1923,SLA,yi,68929.9
2020,lithuanian_1923,SLA,de,50643.8
2020,lithuanian_1923,SLA,ru,6406.28
2020,lithuanian_1923,SLA,lt,14451.3
2020,lithuanian_1923,SLA,cs,1621.29
2020,lithuanian_1923,SLA,lv,153.094
2020,lithuanian_1923,SLA,csb,4298.71
2020,lithuanian_1923,SLA,rue,3055.21
2020,lithuanian_1923,SLA,rom,3139.75
2020,lithuanian_1923,SLA,kdr,10.2329
2020,lithuanian_1923,SLA,wym,4.47016
2020,lithuanian_1923,SLA,other,3297.88
2020,lithuanian_1923,KRA,pl,2.12333e+06
2020,lithuanian_1923,KRA,uk,98474.1
2020,lithuanian_1923,KRA,be,18909.5
2020,lithuanian_1923,KRA,tut,9278.86
2020,lithuanian_1923,KRA,yi,97292.3
2020,lithuanian_1923,KRA,de,12918.5
2020,lithuanian_1923,KRA,ru,4437.29
2020,lithuanian_1923,KRA,lt,9357.03
2020,lithuanian_1923,KRA,cs,1142.99
2020,lithuanian_1923,KRA,lv,102.058
2020,lithuanian_1923,KRA,csb,2543.82
2020,lithuanian_1923,KRA,rue,46424.3
2020,lithuanian_1923,KRA,rom,5518.12
2020,lithuanian_1923,KRA,kdr,6.92949
2020,lithuanian_1923,KRA,wym,71.2432
2020,lithuanian_1923,KRA,other,2008.09
2020,lithuanian_1923,LWO,pl,2.17485e+06
2020,lithuanian_1923,LWO,uk,1.21817e+06
2020,lithuanian_1923,LWO,be,26311.1
2020,lithuanian_1923,LWO,tut,14022.5
2020,lithuanian_1923,LWO,yi,157609
2020,lithuanian_1923,LWO,de,16067.4
2020,lithuanian_1923,LWO,ru,6374.32
2020,lithuanian_1923,LWO,lt,11937.8
2020,lithuanian_1923,LWO,cs,2261.4
2020,lithuanian_1923,LWO,lv,131.101
2020,lithuanian_1923,LWO,csb,2829.91
2020,lithuanian_1923,LWO,rue,43643.6
2020,lithuanian_1923,LWO,rom,5530.11
2020,lithuanian_1923,LWO,kdr,10.6422
2020,lithuanian_1923,LWO,wym,2.84839
2020,lithuanian_1923,LWO,other,4370.37
2020,lithuanian_1923,STA,pl,588766
2020,lithuanian_1923,STA,uk,1.00066e+06
2020,lithuanian_1923,STA,be,9288.43
2020,lithuanian_1923,STA,tut,5157.49
2020,lithuanian_1923,STA,yi,60110.8
2020,lithuanian_1923,STA,de,10616.8
2020,lithuanian_1923,STA,ru,2258.04
2020,lithuanian_1923,STA,lt,4115.16
2020,lithuanian_1923,STA,cs,788.364
2020,lithuanian_1923,STA,lv,45.0785
2020,lithuanian_1923,STA,csb,977.234
2020,lithuanian_1923,STA,rue,1053.07
2020,lithuanian_1923,STA,rom,1896.1
2020,lithuanian_1923,STA,kdr,22.795
2020,lithuanian_1923,STA,wym,0.975367
2020,lithuanian_1923,STA,other,2025.03
2020,lithuanian_1923,TAR,pl,759421
2020,lithuanian_1923,TAR,uk,669242
2020,lithuanian_1923,TAR,be,8925.45
2020,lithuanian_1923,TAR,tut,4828.79
2020,lithuanian_1923,TAR,yi,46285.2
2020,lithuanian_1923,TAR,de,4551.11
2020,lithuanian_1923,TAR,ru,2167.97
2020,lithuanian_1923,TAR,lt,3873.5
2020,lithuanian_1923,TAR,cs,802.698
2020,lithuanian_1923,TAR,lv,42.7963
2020,lithuanian_1923,TAR,csb,897.415
2020,lithuanian_1923,TAR,rue,962.032
2020,lithuanian_1923,TAR,rom,1256.91
2020,lithuanian_1923,TAR,kdr,3.32266
2020,lithuanian_1923,TAR,wym,0.888097
2020,lithuanian_1923,TAR,other,963.511
2020,lithuanian_1923,LT_KAU,pl,8351.28
2020,lithuanian_1923,LT_KAU,uk,1639.26
2020,lithuanian_1923,LT_KAU,be,941.862
2020,lithuanian_1923,LT_KAU,tut,317.626
2020,lithuanian_1923,LT_KAU,yi,4627.88
2020,lithuanian_1923,LT_KAU,de,5762.84
2020,lithuanian_1923,LT_KAU,ru,9566.39
2020,lithuanian_1923,LT_KAU,lt,293036
2020,lithuanian_1923,LT_KAU,cs,29.887
2020,lithuanian_1923,LT_KAU,lv,514.83
2020,lithuanian_1923,LT_KAU,csb,67.2511
2020,lithuanian_1923,LT_KAU,rue,32.3172
2020,lithuanian_1923,LT_KAU,rom,728.228
2020,lithuanian_1923,LT_KAU,kdr,2.58656
2020,lithuanian_1923,LT_KAU,other,925.141
2020,lithuanian_1923,LT_LAU,pl,8499.96
2020,lithuanian_1923,LT_LAU,uk,1283.59
2020,lithuanian_1923,LT_LAU,be,753.031
2020,lithuanian_1923,LT_LAU,tut,252.598
2020,lithuanian_1923,LT_LAU,yi,4853.22
2020,lithuanian_1923,LT_LAU,de,3289.16
2020,lithuanian_1923,LT_LAU,ru,10020.3
2020,lithuanian_1923,LT_LAU,lt,441664
2020,lithuanian_1923,LT_LAU,cs,24.3545
2020,lithuanian_1923,LT_LAU,lv,1065.45
2020,lithuanian_1923,LT_LAU,csb,53.2449
2020,lithuanian_1923,LT_LAU,rue,25.3668
2020,lithuanian_1923,LT_LAU,rom,223.87
2020,lithuanian_1923,LT_LAU,kdr,25.1405
2020,lithuanian_1923,LT_LAU,other,685.816
2020,lithuanian_1923,LT_ZEM,pl,4162.2
2020,lithuanian_1923,LT_ZEM,uk,1420.86
2020,lithuanian_1923,LT_ZEM,be,821.934
2020,lithuanian_1923,LT_ZEM,tut,277.975
2020,lithuanian_1923,LT_ZEM,yi,5235.27
2020,lithuanian_1923,LT_ZEM,de,5263.58
2020,lithuanian_1923,LT_ZEM,ru,6749.99
2020,lithuanian_1923,LT_ZEM,lt,492646
2020,lithuanian_1923,LT_ZEM,cs,26.3651
2020,lithuanian_1923,LT_ZEM,lv,3825.05
2020,lithuanian_1923,LT_ZEM,csb,58.5452
2020,lithuanian_1923,LT_ZEM,rue,28.8916
2020,lithuanian_1923,LT_ZEM,rom,421.446
2020,lithuanian_1923,LT_ZEM,kdr,2.91516
2020,lithuanian_1923,LT_ZEM,other,809.894
2020,lithuanian_1923,LT_SUV,pl,5111.18
2020,lithuanian_1923,LT_SUV,uk,1496.37
2020,lithuanian_1923,LT_SUV,be,1227.01
2020,lithuanian_1923,LT_SUV,tut,296.025
2020,lithuanian_1923,LT_SUV,yi,4327.58
2020,lithuanian_1923,LT_SUV,de,10911.3
2020,lithuanian_1923,LT_SUV,ru,5217.3
2020,lithuanian_1923,LT_SUV,lt,382193
2020,lithuanian_1923,LT_SUV,cs,26.9071
2020,lithuanian_1923,LT_SUV,lv,413.918
2020,lithuanian_1923,LT_SUV,csb,60.6938
2020,lithuanian_1923,LT_SUV,rue,31.0208
2020,lithuanian_1923,LT_SUV,rom,1103.38
2020,lithuanian_1923,LT_SUV,kdr,2.00446
2020,lithuanian_1923,LT_SUV,other,635.837
2020,lithuanian_1923,LT_NEA,pl,7022.09
2020,lithuanian_1923,LT_NEA,uk,1003.64
2020,lithuanian_1923,LT_NEA,be,1538.63
2020,lithuanian_1923,LT_NEA,tut,197.712
2020,lithuanian_1923,LT_NEA,yi,3870.81
2020,lithuanian_1923,LT_NEA,de,1831.15
2020,lithuanian_1923,LT_NEA,ru,22569.7
2020,lithuanian_1923,LT_NEA,lt,348852
2020,lithuanian_1923,LT_NEA,cs,19.275
2020,lithuanian_1923,LT_NEA,lv,4632.35
2020,lithuanian_1923,LT_NEA,csb,39.2226
2020,lithuanian_1923,LT_NEA,rue,18.6336
2020,lithuanian_1923,LT_NEA,rom,156.016
2020,lithuanian_1923,LT_NEA,kdr,2.05339
2020,lithuanian_1923,LT_NEA,other,597.65
2020,lithuanian_1923,LT_KLA,pl,1599.15
2020,lithuanian_1923,LT_KLA,uk,911.537
2020,lithuanian_1923,LT_KLA,be,472.275
2020,lithuanian_1923,LT_KLA,tut,173.941
2020,lithuanian_1923,LT_KLA,yi,1430.34
2020,lithuanian_1923,LT_KLA,de,30637.5
2020,lithuanian_1923,LT_KLA,ru,2146.18
2020,lithuanian_1923,LT_KLA,lt,146113
2020,lithuanian_1923,LT_KLA,cs,16.5565
2020,lithuanian_1923,LT_KLA,lv,319.281
2020,lithuanian_1923,LT_KLA,csb,42.7106
2020,lithuanian_1923,LT_KLA,rue,18.2059
2020,lithuanian_1923,LT_KLA,rom,144.647
2020,lithuanian_1923,LT_KLA,kdr,1.48407
2020,lithuanian_1923,LT_KLA,other,538.362
2020,modern_selfid,WAW,pl,2.28056e+06
2020,modern_selfid,WAW,uk,273151
2020,modern_selfid,WAW,be,51705.8
2020,modern_selfid,WAW,tut,6342.99
2020,modern_selfid,WAW,yi,169888
2020,modern_selfid,WAW,de,20405.8
2020,modern_selfid,WAW,ru,11715
2020,modern_selfid,WAW,lt,27880.7
2020,modern_selfid,WAW,cs,2227.14
2020,modern_selfid,WAW,lv,256.811
2020,modern_selfid,WAW,csb,4584.42
2020,modern_selfid,WAW,rue,2624.25
2020,modern_selfid,WAW,rom,3041.78
2020,modern_selfid,WAW,kdr,13.1634
2020,modern_selfid,WAW,wym,3.16648
2020,modern_selfid,WAW,other,4970.08
2020,modern_selfid,WAR,pl,2.51401e+06
2020,modern_selfid,WAR,uk,76334.5
2020,modern_selfid,WAR,be,18102.3
2020,modern_selfid,WAR,tut,2471.07
2020,modern_selfid,WAR,yi,122905
2020,modern_selfid,WAR,de,29728.8
2020,modern_selfid,WAR,ru,9635.35
2020,modern_selfid,WAR,lt,10569.2
2020,modern_selfid,WAR,cs,945.276
2020,modern_selfid,WAR,lv,105.068
2020,modern_selfid,WAR,csb,2953.81
2020,modern_selfid,WAR,rue,1140.24
2020,modern_selfid,WAR,rom,2947.09
2020,modern_selfid,WAR,kdr,5.41769
2020,modern_selfid,WAR,wym,1.42693
2020,modern_selfid,WAR,other,4180.59
2020,modern_selfid,LOD,pl,2.92061e+06
2020,modern_selfid,LOD,uk,132149
2020,modern_selfid,LOD,be,31248.9
2020,modern_selfid,LOD,tut,4180.69
2020,modern_selfid,LOD,yi,184568
2020,modern_selfid,LOD,de,69865.7
2020,modern_selfid,LOD,ru,8546.18
2020,modern_selfid,LOD,lt,18285
2020,modern_selfid,LOD,cs,1605.85
2020,modern_selfid,LOD,lv,183.3
2020,modern_selfid,LOD,csb,4134.02
2020,modern_selfid,LOD,rue,2007.33
2020,modern_selfid,LOD,rom,3274.29
2020,modern_selfid,LOD,kdr,9.67757
2020,modern_selfid,LOD,wym,2.6935
2020,modern_selfid,LOD,other,5824.21
2020,modern_selfid,KIE,pl,3.4418e+06
2020,modern_selfid,KIE,uk,107408
2020,modern_selfid,KIE,be,23838.4
2020,modern_selfid,KIE,tut,3216.84
2020,modern_selfid,KIE,yi,191140
2020,modern_selfid,KIE,de,17392.5
2020,modern_selfid,KIE,ru,8473.48
2020,modern_selfid,KIE,lt,13407.4
2020,modern_selfid,KIE,cs,1325.93
2020,modern_selfid,KIE,lv,137.022
2020,modern_selfid,KIE,csb,2914.32
2020,modern_selfid,KIE,rue,1894.81
2020,modern_selfid,KIE,rom,3874.15
2020,modern_selfid,KIE,kdr,7.35423
2020,modern_selfid,KIE,wym,2.57201
2020,modern_selfid,KIE,other,4930.15
2020,modern_selfid,LUB,pl,3.54983e+06
2020,modern_selfid,LUB,uk,362681
2020,modern_selfid,LUB,be,27896.9
2020,modern_selfid,LUB,tut,3866.85
2020,modern_selfid,LUB,yi,151473
2020,modern_selfid,LUB,de,17343
2020,modern_selfid,LUB,ru,13027.1
2020,modern_selfid,LUB,lt,12184.4
2020,modern_selfid,LUB,cs,1586.53
2020,modern_selfid,LUB,lv,119.651
2020,modern_selfid,LUB,csb,2176.66
2020,modern_selfid,LUB,rue,1590.35
2020,modern_selfid,LUB,rom,3396.17
2020,modern_selfid,LUB,kdr,6.50954
2020,modern_selfid,LUB,wym,1.7277
2020,modern_selfid,LUB,other,1733.32
2020,modern_selfid,BIA,pl,1.90799e+06
2020,modern_selfid,BIA,uk,71335
2020,modern_selfid,BIA,be,169379
2020,modern_selfid,BIA,tut,2599.87
2020,modern_selfid,BIA,yi,112081
2020,modern_selfid,BIA,de,9429.46
2020,modern_selfid,BIA,ru,36566.5
2020,modern_selfid,BIA,lt,20668.2
2020,modern_selfid,BIA,cs,850.607
2020,modern_selfid,BIA,lv,120.014
2020,modern_selfid,BIA,csb,1462.21
2020,modern_selfid,BIA,rue,839.971
2020,modern_selfid,BIA,rom,1608.06
2020,modern_selfid,BIA,kdr,5.68065
2020,modern_selfid,BIA,wym,1.00226
2020,modern_selfid,BIA,other,1570.45
2020,modern_selfid,WIL,pl,1.16782e+06
2020,modern_selfid,WIL,uk,35446.6
2020,modern_selfid,WIL,be,188414
2020,modern_selfid,WIL,tut,2251.98
2020,modern_selfid,WIL,yi,52405.7
2020,modern_selfid,WIL,de,3670.94
2020,modern_selfid,WIL,ru,35088.3
2020,modern_selfid,WIL,lt,52692.5
2020,modern_selfid,WIL,cs,492.619
2020,modern_selfid,WIL,lv,108.499
2020,modern_selfid,WIL,csb,785.912
2020,modern_selfid,WIL,rue,445.082
2020,modern_selfid,WIL,rom,1068.05
2020,modern_selfid,WIL,kdr,69.7939
2020,modern_selfid,WIL,wym,0.555178
2020,modern_selfid,WIL,other,1253.89
2020,modern_selfid,NOW,pl,1.5147e+06
2020,modern_selfid,NOW,uk,43551.8
2020,modern_selfid,NOW,be,438266
2020,modern_selfid,NOW,tut,1729.52
2020,modern_selfid,NOW,yi,47227
2020,modern_selfid,NOW,de,2844.38
2020,modern_selfid,NOW,ru,19900.1
2020,modern_selfid,NOW,lt,7162.02
2020,modern_selfid,NOW,cs,597.615
2020,modern_selfid,NOW,lv,65.1036
2020,modern_selfid,NOW,csb,720.012
2020,modern_selfid,NOW,rue,462.629
2020,modern_selfid,NOW,rom,1221.42
2020,modern_selfid,NOW,kdr,3.07479
2020,modern_selfid,NOW,wym,0.517845
2020,modern_selfid,NOW,other,605.861
2020,modern_selfid,POL,pl,2.59081e+06
2020,modern_selfid,POL,uk,424187
2020,modern_selfid,POL,be,328412
2020,modern_selfid,POL,tut,222225
2020,modern_selfid,POL,yi,62324.9
2020,modern_selfid,POL,de,4187.04
2020,modern_selfid,POL,ru,28263.6
2020,modern_selfid,POL,lt,7463.62
2020,modern_selfid,POL,cs,852.284
2020,modern_selfid,POL,lv,71.1716
2020,modern_selfid,POL,csb,1131.83
2020,modern_selfid,POL,rue,788.326
2020,modern_selfid,POL,rom,1297
2020,modern_selfid,POL,kdr,3.65268
2020,modern_selfid,POL,wym,0.826525
2020,modern_selfid,POL,other,1399.7
2020,modern_selfid,WOL,pl,1.7792e+06
2020,modern_selfid,WOL,uk,3.11452e+06
2020,modern_selfid,WOL,be,21039.5
2020,modern_selfid,WOL,tut,2748.88
2020,modern_selfid,WOL,yi,106158
2020,modern_selfid,WOL,de,29908.8
2020,modern_selfid,WOL,ru,36538.5
2020,modern_selfid,WOL,lt,8355.06
2020,modern_selfid,WOL,cs,36360.7
2020,modern_selfid,WOL,lv,80.8575
2020,modern_selfid,WOL,csb,1310.76
2020,modern_selfid,WOL,rue,1200.42
2020,modern_selfid,WOL,rom,2615.1
2020,modern_selfid,WOL,kdr,15.4245
2020,modern_selfid,WOL,wym,1.05485
2020,modern_selfid,WOL,other,3183.55
2020,modern_selfid,POZ,pl,2.22174e+06
2020,modern_selfid,POZ,uk,89192.9
2020,modern_selfid,POZ,be,21500.1
2020,modern_selfid,POZ,tut,2899.2
2020,modern_selfid,POZ,yi,47277.6
2020,modern_selfid,POZ,de,89425.5
2020,modern_selfid,POZ,ru,4984.93
2020,modern_selfid,POZ,lt,12861.2
2020,modern_selfid,POZ,cs,1122.21
2020,modern_selfid,POZ,lv,127.813
2020,modern_selfid,POZ,csb,3715.54
2020,modern_selfid,POZ,rue,1446.44
2020,modern_selfid,POZ,rom,1925.74
2020,modern_selfid,POZ,kdr,6.7583
2020,modern_selfid,POZ,wym,2.0186
2020,modern_selfid,POZ,other,2291.38
2020,modern_selfid,POM,pl,1.53206e+06
2020,modern_selfid,POM,uk,76625.8
2020,modern_selfid,POM,be,18604.7
2020,modern_selfid,POM,tut,2445.18
2020,modern_selfid,POM,yi,40309.1
2020,modern_selfid,POM,de,59878.7
2020,modern_selfid,POM,ru,4231.15
2020,modern_selfid,POM,lt,10997.1
2020,modern_selfid,POM,cs,928.084
2020,modern_selfid,POM,lv,107.398
2020,modern_selfid,POM,csb,69822.9
2020,modern_selfid,POM,rue,1120.01
2020,modern_selfid,POM,rom,1555.83
2020,modern_selfid,POM,kdr,5.50112
2020,modern_selfid,POM,wym,1.54175
2020,modern_selfid,POM,other,2230.32
2020,modern_selfid,SLA,pl,2.02229e+06
2020,modern_selfid,SLA,uk,137540
2020,modern_selfid,SLA,be,24784.8
2020,modern_selfid,SLA,tut,3408.78
2020,modern_selfid,SLA,yi,61992.2
2020,modern_selfid,SLA,de,44883
2020,modern_selfid,SLA,ru,5644.8
2020,modern_selfid,SLA,lt,14451.3
2020,modern_selfid,SLA,cs,1441.84
2020,modern_selfid,SLA,lv,140.824
2020,modern_selfid,SLA,csb,3203.22
2020,modern_selfid,SLA,rue,2296.74
2020,modern_selfid,SLA,rom,2404.21
2020,modern_selfid,SLA,kdr,7.74523
2020,modern_selfid,SLA,wym,3.32045
2020,modern_selfid,SLA,other,3297.88
2020,modern_selfid,KRA,pl,2.16674e+06
2020,modern_selfid,KRA,uk,89426.6
2020,modern_selfid,KRA,be,16567.2
2020,modern_selfid,KRA,tut,2319.72
2020,modern_selfid,KRA,yi,87536.1
2020,modern_selfid,KRA,de,11470.9
2020,modern_selfid,KRA,ru,3915.11
2020,modern_selfid,KRA,lt,9357.03
2020,modern_selfid,KRA,cs,1017.56
2020,modern_selfid,KRA,lv,93.7965
2020,modern_selfid,KRA,csb,1900.89
2020,modern_selfid,KRA,rue,35171.3
2020,modern_selfid,KRA,rom,4226.92
2020,modern_selfid,KRA,kdr,5.25275
2020,modern_selfid,KRA,wym,52.9449
2020,modern_selfid,KRA,other,2008.09
2020,modern_selfid,LWO,pl,2.35755e+06
2020,modern_selfid,LWO,uk,1.08009e+06
2020,modern_selfid,LWO,be,23345.1
2020,modern_selfid,LWO,tut,3505.63
2020,modern_selfid,LWO,yi,141876
2020,modern_selfid,LWO,de,14280.7
2020,modern_selfid,LWO,ru,5624.17
2020,modern_selfid,LWO,lt,11937.8
2020,modern_selfid,LWO,cs,2013.09
2020,modern_selfid,LWO,lv,120.816
2020,modern_selfid,LWO,csb,2115.76
2020,modern_selfid,LWO,rue,33053.4
2020,modern_selfid,LWO,rom,4236.33
2020,modern_selfid,LWO,kdr,8.07597
2020,modern_selfid,LWO,wym,2.12286
2020,modern_selfid,LWO,other,4370.37
2020,modern_selfid,STA,pl,715167
2020,modern_selfid,STA,uk,887483
2020,modern_selfid,STA,be,8309.41
2020,modern_selfid,STA,tut,1289.37
2020,modern_selfid,STA,yi,54206
2020,modern_selfid,STA,de,9448.13
2020,modern_selfid,STA,ru,1994.63
2020,modern_selfid,STA,lt,4115.16
2020,modern_selfid,STA,cs,702.924
2020,modern_selfid,STA,lv,41.7192
2020,modern_selfid,STA,csb,732.558
2020,modern_selfid,STA,rue,797.139
2020,modern_selfid,STA,rom,1456.47
2020,modern_selfid,STA,kdr,17.2749
2020,modern_selfid,STA,wym,0.728424
2020,modern_selfid,STA,other,2025.03
2020,modern_selfid,TAR,pl,845955
2020,modern_selfid,TAR,uk,593482
2020,modern_selfid,TAR,be,7950.93
2020,modern_selfid,TAR,tut,1207.2
2020,modern_selfid,TAR,yi,41706.9
2020,modern_selfid,TAR,de,4049.91
2020,modern_selfid,TAR,ru,1914.78
2020,modern_selfid,TAR,lt,3873.5
2020,modern_selfid,TAR,cs,715.382
2020,modern_selfid,TAR,lv,39.6021
2020,modern_selfid,TAR,csb,671.849
2020,modern_selfid,TAR,rue,727.227
2020,modern_selfid,TAR,rom,964.209
2020,modern_selfid,TAR,kdr,2.52422
2020,modern_selfid,TAR,wym,0.662149
2020,modern_selfid,TAR,other,963.511
2020,modern_selfid,LT_KAU,pl,18178
2020,modern_selfid,LT_KAU,uk,1593.95
2020,modern_selfid,LT_KAU,be,851.538
2020,modern_selfid,LT_KAU,tut,79.4065
2020,modern_selfid,LT_KAU,yi,4114.47
2020,modern_selfid,LT_KAU,de,5111.41
2020,modern_selfid,LT_KAU,ru,8407.06
2020,modern_selfid,LT_KAU,lt,286155
2020,modern_selfid,LT_KAU,cs,27.7541
2020,modern_selfid,LT_KAU,lv,455.544
2020,modern_selfid,LT_KAU,csb,56.4096
2020,modern_selfid,LT_KAU,rue,27.0775
2020,modern_selfid,LT_KAU,rom,558.8
2020,modern_selfid,LT_KAU,kdr,1.96289
2020,modern_selfid,LT_KAU,other,925.141
2020,modern_selfid,LT_LAU,pl,19803.1
2020,modern_selfid,LT_LAU,uk,1251.85
2020,modern_selfid,LT_LAU,be,681.944
2020,modern_selfid,LT_LAU,tut,63.1496
2020,modern_selfid,LT_LAU,yi,4303.04
2020,modern_selfid,LT_LAU,de,2920.52
2020,modern_selfid,LT_LAU,ru,8820.09
2020,modern_selfid,LT_LAU,lt,432965
2020,modern_selfid,LT_LAU,cs,22.6625
2020,modern_selfid,LT_LAU,lv,943.768
2020,modern_selfid,LT_LAU,csb,44.849
2020,modern_selfid,LT_LAU,rue,21.3573
2020,modern_selfid,LT_LAU,rom,173.564
2020,modern_selfid,LT_LAU,kdr,18.9575
2020,modern_selfid,LT_LAU,other,685.816
2020,modern_selfid,LT_ZEM,pl,9233.39
2020,modern_selfid,LT_ZEM,uk,1383.71
2020,modern_selfid,LT_ZEM,be,743.659
2020,modern_selfid,LT_ZEM,tut,69.4938
2020,modern_selfid,LT_ZEM,yi,4642.3
2020,modern_selfid,LT_ZEM,de,4670.52
2020,modern_selfid,LT_ZEM,ru,5938.26
2020,modern_selfid,LT_ZEM,lt,490445
2020,modern_selfid,LT_ZEM,cs,24.5099
2020,modern_selfid,LT_ZEM,lv,3390.47
2020,modern_selfid,LT_ZEM,csb,49.2316
2020,modern_selfid,LT_ZEM,rue,24.2427
2020,modern_selfid,LT_ZEM,rom,324.353
2020,modern_selfid,LT_ZEM,kdr,2.20922
2020,modern_selfid,LT_ZEM,other,809.894
2020,modern_selfid,LT_SUV,pl,11422.7
2020,modern_selfid,LT_SUV,uk,1455.68
2020,modern_selfid,LT_SUV,be,1050.29
2020,modern_selfid,LT_SUV,tut,74.0062
2020,modern_selfid,LT_SUV,yi,3849.24
2020,modern_selfid,LT_SUV,de,9695.78
2020,modern_selfid,LT_SUV,ru,4592.17
2020,modern_selfid,LT_SUV,lt,378963
2020,modern_selfid,LT_SUV,cs,24.9959
2020,modern_selfid,LT_SUV,lv,366.85
2020,modern_selfid,LT_SUV,csb,50.9552
2020,modern_selfid,LT_SUV,rue,25.9476
2020,modern_selfid,LT_SUV,rom,844.917
2020,modern_selfid,LT_SUV,kdr,1.52485
2020,modern_selfid,LT_SUV,other,635.837
2020,modern_selfid,LT_NEA,pl,16401.6
2020,modern_selfid,LT_NEA,uk,980.008
2020,modern_selfid,LT_NEA,be,1247.23
2020,modern_selfid,LT_NEA,tut,49.428
2020,modern_selfid,LT_NEA,yi,3432.74
2020,modern_selfid,LT_NEA,de,1628
2020,modern_selfid,LT_NEA,ru,19894.7
2020,modern_selfid,LT_NEA,lt,343818
2020,modern_selfid,LT_NEA,cs,17.9544
2020,modern_selfid,LT_NEA,lv,4112.57
2020,modern_selfid,LT_NEA,csb,33.0135
2020,modern_selfid,LT_NEA,rue,15.7202
2020,modern_selfid,LT_NEA,rom,121.22
2020,modern_selfid,LT_NEA,kdr,1.55732
2020,modern_selfid,LT_NEA,other,597.65
2020,modern_selfid,LT_KLA,pl,3319.17
2020,modern_selfid,LT_KLA,uk,891.092
2020,modern_selfid,LT_KLA,be,435.563
2020,modern_selfid,LT_KLA,tut,43.4853
2020,modern_selfid,LT_KLA,yi,1284.33
2020,modern_selfid,LT_KLA,de,27207.4
2020,modern_selfid,LT_KLA,ru,1889.81
2020,modern_selfid,LT_KLA,lt,148492
2020,modern_selfid,LT_KLA,cs,15.4548
2020,modern_selfid,LT_KLA,lv,282.614
2020,modern_selfid,LT_KLA,csb,36.3458
2020,modern_selfid,LT_KLA,rue,15.4831
2020,modern_selfid,LT_KLA,rom,112.44
2020,modern_selfid,LT_KLA,kdr,1.12616
2020,modern_selfid,LT_KLA,other,538.362
2020,polish_1931,WAW,pl,2.25497e+06
2020,polish_1931,WAW,uk,240459
2020,polish_1931,WAW,ruth,42948.9
2020,polish_1931,WAW,be,43032.6
2020,polish_1931,WAW,tut,21819.9
2020,polish_1931,WAW,yi,181365
2020,polish_1931,WAW,he,8059.42
2020,polish_1931,WAW,de,20720.6
2020,polish_1931,WAW,ru,14597
2020,polish_1931,WAW,lt,23025
2020,polish_1931,WAW,cs,2505.55
2020,polish_1931,WAW,lv,279.354
2020,polish_1931,WAW,other,5584.13
2020,polish_1931,WAR,pl,2.50109e+06
2020,polish_1931,WAR,uk,66488.8
2020,polish_1931,WAR,ruth,12545.7
2020,polish_1931,WAR,be,14856.9
2020,polish_1931,WAR,tut,8500.48
2020,polish_1931,WAR,yi,130826
2020,polish_1931,WAR,he,5655.44
2020,polish_1931,WAR,de,30657
2020,polish_1931,WAR,ru,10749.8
2020,polish_1931,WAR,lt,8726.48
2020,polish_1931,WAR,cs,1062.05
2020,polish_1931,WAR,lv,114.292
2020,polish_1931,WAR,other,4764.36
2020,polish_1931,LOD,pl,2.89784e+06
2020,polish_1931,LOD,uk,115296
2020,polish_1931,LOD,ruth,21704.9
2020,polish_1931,LOD,be,25699.1
2020,polish_1931,LOD,tut,14381.6
2020,polish_1931,LOD,yi,196787
2020,polish_1931,LOD,he,8548.08
2020,polish_1931,LOD,de,72388.1
2020,polish_1931,LOD,ru,10286.9
2020,polish_1931,LOD,lt,15071.6
2020,polish_1931,LOD,cs,1805.22
2020,polish_1931,LOD,lv,199.655
2020,polish_1931,LOD,other,6478.42
2020,polish_1931,KIE,pl,3.42115e+06
2020,polish_1931,KIE,uk,93638.9
2020,polish_1931,KIE,ruth,18175.2
2020,polish_1931,KIE,be,19598.6
2020,polish_1931,KIE,tut,11065.9
2020,polish_1931,KIE,yi,203409
2020,polish_1931,KIE,he,8812.1
2020,polish_1931,KIE,de,17670.3
2020,polish_1931,KIE,ru,9833.26
2020,polish_1931,KIE,lt,11068.1
2020,polish_1931,KIE,cs,1489.58
2020,polish_1931,KIE,lv,149.088
2020,polish_1931,KIE,other,5697.59
2020,polish_1931,LUB,pl,3.52148e+06
2020,polish_1931,LUB,uk,335454
2020,polish_1931,LUB,ruth,41306.6
2020,polish_1931,LUB,be,22721.4
2020,polish_1931,LUB,tut,13302
2020,polish_1931,LUB,yi,160936
2020,polish_1931,LUB,he,7056.1
2020,polish_1931,LUB,de,17673
2020,polish_1931,LUB,ru,14580.1
2020,polish_1931,LUB,lt,10090.7
2020,polish_1931,LUB,cs,1778.77
2020,polish_1931,LUB,lv,129.787
2020,polish_1931,LUB,other,2401.84
2020,polish_1931,BIA,pl,1.89845e+06
2020,polish_1931,BIA,uk,63400.8
2020,polish_1931,BIA,ruth,9895.96
2020,polish_1931,BIA,be,155205
2020,polish_1931,BIA,tut,8943.55
2020,polish_1931,BIA,yi,119075
2020,polish_1931,BIA,he,5282.78
2020,polish_1931,BIA,de,9634.65
2020,polish_1931,BIA,ru,46821.8
2020,polish_1931,BIA,lt,16814.8
2020,polish_1931,BIA,cs,954.368
2020,polish_1931,BIA,lv,130.606
2020,polish_1931,BIA,other,1891.71
2020,polish_1931,WIL,pl,1.17508e+06
2020,polish_1931,WIL,uk,30703
2020,polish_1931,WIL,ruth,4886.72
2020,polish_1931,WIL,be,170838
2020,polish_1931,WIL,tut,7746.82
2020,polish_1931,WIL,yi,55640.1
2020,polish_1931,WIL,he,2542.08
2020,polish_1931,WIL,de,3730.49
2020,polish_1931,WIL,ru,46284.4
2020,polish_1931,WIL,lt,42338
2020,polish_1931,WIL,cs,552.384
2020,polish_1931,WIL,lv,118.238
2020,polish_1931,WIL,other,1554.44
2020,polish_1931,NOW,pl,1.51337e+06
2020,polish_1931,NOW,uk,38835
2020,polish_1931,NOW,ruth,5666.71
2020,polish_1931,NOW,be,408137
2020,polish_1931,NOW,tut,5949.57
2020,polish_1931,NOW,yi,50022.9
2020,polish_1931,NOW,he,2296.89
2020,polish_1931,NOW,de,2870.01
2020,polish_1931,NOW,ru,44388.7
2020,polish_1931,NOW,lt,5927.59
2020,polish_1931,NOW,cs,669.275
2020,polish_1931,NOW,lv,70.3929
2020,polish_1931,NOW,other,847.329
2020,polish_1931,POL,pl,2.41171e+06
2020,polish_1931,POL,uk,232482
2020,polish_1931,POL,ruth,13926
2020,polish_1931,POL,be,134386
2020,polish_1931,POL,tut,764454
2020,polish_1931,POL,yi,66077.6
2020,polish_1931,POL,he,2933.55
2020,polish_1931,POL,de,4210.4
2020,polish_1931,POL,ru,34336.3
2020,polish_1931,POL,lt,6223.04
2020,polish_1931,POL,cs,952.164
2020,polish_1931,POL,lv,76.6947
2020,polish_1931,POL,other,1654.52
2020,polish_1931,WOL,pl,1.64648e+06
2020,polish_1931,WOL,uk,3.14995e+06
2020,polish_1931,WOL,ruth,82850.3
2020,polish_1931,WOL,be,17351.2
2020,polish_1931,WOL,tut,9456.14
2020,polish_1931,WOL,yi,112407
2020,polish_1931,WOL,he,5016.83
2020,polish_1931,WOL,de,30566.9
2020,polish_1931,WOL,ru,37987
2020,polish_1931,WOL,lt,6985.68
2020,polish_1931,WOL,cs,40386.6
2020,polish_1931,WOL,lv,86.8378
2020,polish_1931,WOL,other,3706.1
2020,polish_1931,POZ,pl,2.21432e+06
2020,polish_1931,POZ,uk,77803.9
2020,polish_1931,POZ,ruth,14769.1
2020,polish_1931,POZ,be,17665
2020,polish_1931,POZ,tut,9973.26
2020,polish_1931,POZ,yi,50236.3
2020,polish_1931,POZ,he,2312.19
2020,polish_1931,POZ,de,92587.7
2020,polish_1931,POZ,ru,6167.66
2020,polish_1931,POZ,lt,10605.2
2020,polish_1931,POZ,cs,1262.35
2020,polish_1931,POZ,lv,139.188
2020,polish_1931,POZ,other,2677.73
2020,polish_1931,POM,pl,1.59319e+06
2020,polish_1931,POM,uk,67014.9
2020,polish_1931,POM,ruth,12339.9
2020,polish_1931,POM,be,15332.1
2020,polish_1931,POM,tut,8411.42
2020,polish_1931,POM,yi,42795.9
2020,polish_1931,POM,he,1969.48
2020,polish_1931,POM,de,61831.3
2020,polish_1931,POM,ru,5244.14
2020,polish_1931,POM,lt,9088.57
2020,polish_1931,POM,cs,1043.09
2020,polish_1931,POM,lv,116.729
2020,polish_1931,POM,other,2542.07
2020,polish_1931,SLA,pl,2.01721e+06
2020,polish_1931,SLA,uk,118909
2020,polish_1931,SLA,ruth,24799.3
2020,polish_1931,SLA,be,20305.2
2020,polish_1931,SLA,tut,11726.2
2020,polish_1931,SLA,yi,65883.6
2020,polish_1931,SLA,he,3046.27
2020,polish_1931,SLA,de,41430.7
2020,polish_1931,SLA,ru,6998.23
2020,polish_1931,SLA,lt,11929.8
2020,polish_1931,SLA,cs,1621.29
2020,polish_1931,SLA,lv,153.094
2020,polish_1931,SLA,other,3779.07
2020,polish_1931,KRA,pl,2.14962e+06
2020,polish_1931,KRA,uk,81382.2
2020,polish_1931,KRA,ruth,54079.7
2020,polish_1931,KRA,be,13550.9
2020,polish_1931,KRA,tut,7979.82
2020,polish_1931,KRA,yi,93239.4
2020,polish_1931,KRA,he,4052.81
2020,polish_1931,KRA,de,11280.5
2020,polish_1931,KRA,ru,4810.48
2020,polish_1931,KRA,lt,7727.04
2020,polish_1931,KRA,cs,1142.99
2020,polish_1931,KRA,lv,102.058
2020,polish_1931,KRA,other,2842.74
2020,polish_1931,LWO,pl,2.2956e+06
2020,polish_1931,LWO,uk,778924
2020,polish_1931,LWO,ruth,382372
2020,polish_1931,LWO,be,18921.2
2020,polish_1931,LWO,tut,12059.4
2020,polish_1931,LWO,yi,150935
2020,polish_1931,LWO,he,6673.59
2020,polish_1931,LWO,de,14283
2020,polish_1931,LWO,ru,6873.02
2020,polish_1931,LWO,lt,9877.59
2020,polish_1931,LWO,cs,2261.4
2020,polish_1931,LWO,lv,131.101
2020,polish_1931,LWO,other,5210.53
2020,polish_1931,STA,pl,678083
2020,polish_1931,STA,uk,597742
2020,polish_1931,STA,ruth,322310
2020,polish_1931,STA,be,6704.63
2020,polish_1931,STA,tut,4435.44
2020,polish_1931,STA,yi,57552.3
2020,polish_1931,STA,he,2558.55
2020,polish_1931,STA,de,9380.7
2020,polish_1931,STA,ru,2432.2
2020,polish_1931,STA,lt,3421.82
2020,polish_1931,STA,cs,788.364
2020,polish_1931,STA,lv,45.0785
2020,polish_1931,STA,other,2332.24
2020,polish_1931,TAR,pl,819928
2020,polish_1931,TAR,uk,410441
2020,polish_1931,TAR,ruth,205371
2020,polish_1931,TAR,be,6437.72
2020,polish_1931,TAR,tut,4152.76
2020,polish_1931,TAR,yi,44304.1
2020,polish_1931,TAR,he,1981.16
2020,polish_1931,TAR,de,4055.6
2020,polish_1931,TAR,ru,2335.79
2020,polish_1931,TAR,lt,3217.72
2020,polish_1931,TAR,cs,802.698
2020,polish_1931,TAR,lv,42.7963
2020,polish_1931,TAR,other,1155.37
2020,polish_1931,LT_KAU,pl,91265.7
2020,polish_1931,LT_KAU,uk,1340.6
2020,polish_1931,LT_KAU,ruth,228.309
2020,polish_1931,LT_KAU,be,664.396
2020,polish_1931,LT_KAU,tut,273.158
2020,polish_1931,LT_KAU,yi,4199.97
2020,polish_1931,LT_KAU,he,427.904
2020,polish_1931,LT_KAU,de,5454.28
2020,polish_1931,LT_KAU,ru,8640.84
2020,polish_1931,LT_KAU,lt,212466
2020,polish_1931,LT_KAU,cs,29.887
2020,polish_1931,LT_KAU,lv,514.83
2020,polish_1931,LT_KAU,other,1036.96
2020,polish_1931,LT_LAU,pl,129093
2020,polish_1931,LT_LAU,uk,1053.27
2020,polish_1931,LT_LAU,ruth,175.752
2020,polish_1931,LT_LAU,be,522.927
2020,polish_1931,LT_LAU,tut,217.235
2020,polish_1931,LT_LAU,yi,4375.9
2020,polish_1931,LT_LAU,he,477.321
2020,polish_1931,LT_LAU,de,3109.62
2020,polish_1931,LT_LAU,ru,9042.22
2020,polish_1931,LT_LAU,lt,322818
2020,polish_1931,LT_LAU,cs,24.3545
2020,polish_1931,LT_LAU,lv,1065.45
2020,polish_1931,LT_LAU,other,744.537
2020,polish_1931,LT_ZEM,pl,132798
2020,polish_1931,LT_ZEM,uk,1160.24
2020,polish_1931,LT_ZEM,ruth,200.698
2020,polish_1931,LT_ZEM,be,573.986
2020,polish_1931,LT_ZEM,tut,239.059
2020,polish_1931,LT_ZEM,yi,4723.41
2020,polish_1931,LT_ZEM,he,511.86
2020,polish_1931,LT_ZEM,de,4981.33
2020,polish_1931,LT_ZEM,ru,6101.59
2020,polish_1931,LT_ZEM,lt,365733
2020,polish_1931,LT_ZEM,cs,26.3651
2020,polish_1931,LT_ZEM,lv,3825.05
2020,polish_1931,LT_ZEM,other,876.026
2020,polish_1931,LT_SUV,pl,108128
2020,polish_1931,LT_SUV,uk,1215.23
2020,polish_1931,LT_SUV,ruth,218.49
2020,polish_1931,LT_SUV,be,629.847
2020,polish_1931,LT_SUV,tut,254.581
2020,polish_1931,LT_SUV,yi,3920.4
2020,polish_1931,LT_SUV,he,407.179
2020,polish_1931,LT_SUV,de,10347.2
2020,polish_1931,LT_SUV,ru,4722.31
2020,polish_1931,LT_SUV,lt,281967
2020,polish_1931,LT_SUV,cs,26.9071
2020,polish_1931,LT_SUV,lv,413.918
2020,polish_1931,LT_SUV,other,803.348
2020,polish_1931,LT_NEA,pl,104802
2020,polish_1931,LT_NEA,uk,828.765
2020,polish_1931,LT_NEA,ruth,131.177
2020,polish_1931,LT_NEA,be,568.658
2020,polish_1931,LT_NEA,tut,170.032
2020,polish_1931,LT_NEA,yi,3485.1
2020,polish_1931,LT_NEA,he,385.711
2020,polish_1931,LT_NEA,de,1729.46
2020,polish_1931,LT_NEA,ru,20333.5
2020,polish_1931,LT_NEA,lt,254641
2020,polish_1931,LT_NEA,cs,19.275
2020,polish_1931,LT_NEA,lv,4632.35
2020,polish_1931,LT_NEA,other,623.105
2020,polish_1931,LT_KLA,pl,41668.5
2020,polish_1931,LT_KLA,uk,747.173
2020,polish_1931,LT_KLA,ruth,126.164
2020,polish_1931,LT_KLA,be,335.824
2020,polish_1931,LT_KLA,tut,149.59
2020,polish_1931,LT_KLA,yi,1307.29
2020,polish_1931,LT_KLA,he,123.05
2020,polish_1931,LT_KLA,de,28936.3
2020,polish_1931,LT_KLA,ru,1946.57
2020,polish_1931,LT_KLA,lt,108327
2020,polish_1931,LT_KLA,cs,16.5565
2020,polish_1931,LT_KLA,lv,319.281
2020,polish_1931,LT_KLA,other,561.544
2032,imperial_1897,WAW,pl,1.93561e+06
2032,imperial_1897,WAW,uk,404219
2032,imperial_1897,WAW,be,137233
2032,imperial_1897,WAW,yi,311825
2032,imperial_1897,WAW,de,21645.9
2032,imperial_1897,WAW,ru,40405.8
2032,imperial_1897,WAW,lt,28435.2
2032,imperial_1897,WAW,cs,2551.81
2032,imperial_1897,WAW,lv,271.604
2032,imperial_1897,WAW,other,11989.9
2032,imperial_1897,WAR,pl,2.14297e+06
2032,imperial_1897,WAR,uk,120124
2032,imperial_1897,WAR,be,51422.7
2032,imperial_1897,WAR,yi,197525
2032,imperial_1897,WAR,de,28683
2032,imperial_1897,WAR,ru,21027.3
2032,imperial_1897,WAR,lt,10704.4
2032,imperial_1897,WAR,cs,1073.96
2032,imperial_1897,WAR,lv,110.578
2032,imperial_1897,WAR,other,7734.69
2032,imperial_1897,LOD,pl,2.49035e+06
2032,imperial_1897,LOD,uk,206855
2032,imperial_1897,LOD,be,86556
2032,imperial_1897,LOD,yi,307216
2032,imperial_1897,LOD,de,67105.8
2032,imperial_1897,LOD,ru,27448.3
2032,imperial_1897,LOD,lt,18484.7
2032,imperial_1897,LOD,cs,1816.5
2032,imperial_1897,LOD,lv,193.7
2032,imperial_1897,LOD,other,10517.6
2032,imperial_1897,KIE,pl,2.96372e+06
2032,imperial_1897,KIE,uk,168594
2032,imperial_1897,KIE,be,67751.6
2032,imperial_1897,KIE,yi,305655
2032,imperial_1897,KIE,de,17698.6
2032,imperial_1897,KIE,ru,23638.1
2032,imperial_1897,KIE,lt,13710.7
2032,imperial_1897,KIE,cs,1515.49
2032,imperial_1897,KIE,lv,145.305
2032,imperial_1897,KIE,other,10071.5
2032,imperial_1897,LUB,pl,3.00876e+06
2032,imperial_1897,LUB,uk,511672
2032,imperial_1897,LUB,be,159121
2032,imperial_1897,LUB,yi,237266
2032,imperial_1897,LUB,de,17549
2032,imperial_1897,LUB,ru,63093.1
2032,imperial_1897,LUB,lt,12751.5
2032,imperial_1897,LUB,cs,1810.47
2032,imperial_1897,LUB,lv,129.292
2032,imperial_1897,LUB,other,6961.34
2032,imperial_1897,BIA,pl,1.4726e+06
2032,imperial_1897,BIA,uk,161561
2032,imperial_1897,BIA,be,304142
2032,imperial_1897,BIA,yi,173404
2032,imperial_1897,BIA,de,9628.35
2032,imperial_1897,BIA,ru,80607.6
2032,imperial_1897,BIA,lt,19290
2032,imperial_1897,BIA,cs,988.249
2032,imperial_1897,BIA,lv,124.124
2032,imperial_1897,BIA,other,4049.61
2032,imperial_1897,WIL,pl,868043
2032,imperial_1897,WIL,uk,94079
2032,imperial_1897,WIL,be,287209
2032,imperial_1897,WIL,yi,80833.1
2032,imperial_1897,WIL,de,3902.11
2032,imperial_1897,WIL,ru,64784.4
2032,imperial_1897,WIL,lt,45837.3
2032,imperial_1897,WIL,cs,580.538
2032,imperial_1897,WIL,lv,109.215
2032,imperial_1897,WIL,other,2847.56
2032,imperial_1897,NOW,pl,1.01609e+06
2032,imperial_1897,NOW,uk,165636
2032,imperial_1897,NOW,be,696936
2032,imperial_1897,NOW,yi,74113.9
2032,imperial_1897,NOW,de,3222.27
2032,imperial_1897,NOW,ru,91151
2032,imperial_1897,NOW,lt,7385.5
2032,imperial_1897,NOW,cs,715.811
2032,imperial_1897,NOW,lv,70.284
2032,imperial_1897,NOW,other,2538.45
2032,imperial_1897,POL,pl,1.61135e+06
2032,imperial_1897,POL,uk,941280
2032,imperial_1897,POL,be,923489
2032,imperial_1897,POL,yi,99036.7
2032,imperial_1897,POL,de,4828.56
2032,imperial_1897,POL,ru,208957
2032,imperial_1897,POL,lt,8218.66
2032,imperial_1897,POL,cs,1043.44
2032,imperial_1897,POL,lv,80.2899
2032,imperial_1897,POL,other,3676.82
2032,imperial_1897,WOL,pl,1.23987e+06
2032,imperial_1897,WOL,uk,3.56683e+06
2032,imperial_1897,WOL,be,111008
2032,imperial_1897,WOL,yi,161088
2032,imperial_1897,WOL,de,29229.8
2032,imperial_1897,WOL,ru,72472.5
2032,imperial_1897,WOL,lt,9346.15
2032,imperial_1897,WOL,cs,37372.3
2032,imperial_1897,WOL,lv,92.5567
2032,imperial_1897,WOL,other,7180.66
2032,imperial_1897,POZ,pl,1.91597e+06
2032,imperial_1897,POZ,uk,140429
2032,imperial_1897,POZ,be,58791.5
2032,imperial_1897,POZ,yi,103031
2032,imperial_1897,POZ,de,84935.7
2032,imperial_1897,POZ,ru,17669.8
2032,imperial_1897,POZ,lt,13054.2
2032,imperial_1897,POZ,cs,1272.77
2032,imperial_1897,POZ,lv,134.243
2032,imperial_1897,POZ,other,5937.59
2032,imperial_1897,POM,pl,1.40192e+06
2032,imperial_1897,POM,uk,120873
2032,imperial_1897,POM,be,50745.9
2032,imperial_1897,POM,yi,85442.7
2032,imperial_1897,POM,de,57523.7
2032,imperial_1897,POM,ru,15064.5
2032,imperial_1897,POM,lt,11357.6
2032,imperial_1897,POM,cs,1067.38
2032,imperial_1897,POM,lv,114.345
2032,imperial_1897,POM,other,5010.14
2032,imperial_1897,SLA,pl,1.78321e+06
2032,imperial_1897,SLA,uk,209685
2032,imperial_1897,SLA,be,69448.4
2032,imperial_1897,SLA,yi,133467
2032,imperial_1897,SLA,de,43378.7
2032,imperial_1897,SLA,ru,20818.4
2032,imperial_1897,SLA,lt,15072.4
2032,imperial_1897,SLA,cs,1663.06
2032,imperial_1897,SLA,lv,151.967
2032,imperial_1897,SLA,other,7953.62
2032,imperial_1897,KRA,pl,1.83164e+06
2032,imperial_1897,KRA,uk,190140
2032,imperial_1897,KRA,be,47021.5
2032,imperial_1897,KRA,yi,154017
2032,imperial_1897,KRA,de,11655.1
2032,imperial_1897,KRA,ru,14419.7
2032,imperial_1897,KRA,lt,9584.57
2032,imperial_1897,KRA,cs,1153.66
2032,imperial_1897,KRA,lv,99.4753
2032,imperial_1897,KRA,other,7627.55
2032,imperial_1897,LWO,pl,1.78831e+06
2032,imperial_1897,LWO,uk,1.30847e+06
2032,imperial_1897,LWO,be,69530.2
2032,imperial_1897,LWO,yi,248921
2032,imperial_1897,LWO,de,14585.4
2032,imperial_1897,LWO,ru,21647.4
2032,imperial_1897,LWO,lt,12344.4
2032,imperial_1897,LWO,cs,2229.69
2032,imperial_1897,LWO,lv,129.319
2032,imperial_1897,LWO,other,10034
2032,imperial_1897,STA,pl,474169
2032,imperial_1897,STA,uk,980753
2032,imperial_1897,STA,be,24124.5
2032,imperial_1897,STA,yi,87432
2032,imperial_1897,STA,de,9216.55
2032,imperial_1897,STA,ru,7397.39
2032,imperial_1897,STA,lt,4357.45
2032,imperial_1897,STA,cs,796.406
2032,imperial_1897,STA,lv,45.3515
2032,imperial_1897,STA,other,3821.83
2032,imperial_1897,TAR,pl,601992
2032,imperial_1897,TAR,uk,691258
2032,imperial_1897,TAR,be,23341.7
2032,imperial_1897,TAR,yi,71383.9
2032,imperial_1897,TAR,de,4220.16
2032,imperial_1897,TAR,ru,7176.33
2032,imperial_1897,TAR,lt,4105.26
2032,imperial_1897,TAR,cs,807.095
2032,imperial_1897,TAR,lv,43.2888
2032,imperial_1897,TAR,other,2377.49
2032,imperial_1897,LT_KAU,pl,15745.4
2032,imperial_1897,LT_KAU,uk,2195.45
2032,imperial_1897,LT_KAU,be,1217.43
2032,imperial_1897,LT_KAU,yi,3817.34
2032,imperial_1897,LT_KAU,de,4936.34
2032,imperial_1897,LT_KAU,ru,8279.93
2032,imperial_1897,LT_KAU,lt,261696
2032,imperial_1897,LT_KAU,cs,31.025
2032,imperial_1897,LT_KAU,lv,459.043
2032,imperial_1897,LT_KAU,other,1499.09
2032,imperial_1897,LT_LAU,pl,17165.2
2032,imperial_1897,LT_LAU,uk,1729.88
2032,imperial_1897,LT_LAU,be,961.014
2032,imperial_1897,LT_LAU,yi,3860.09
2032,imperial_1897,LT_LAU,de,2899.86
2032,imperial_1897,LT_LAU,ru,8737.06
2032,imperial_1897,LT_LAU,lt,384745
2032,imperial_1897,LT_LAU,cs,25.6802
2032,imperial_1897,LT_LAU,lv,908.644
2032,imperial_1897,LT_LAU,other,900.772
2032,imperial_1897,LT_ZEM,pl,8246.26
2032,imperial_1897,LT_ZEM,uk,1880.23
2032,imperial_1897,LT_ZEM,be,1008.5
2032,imperial_1897,LT_ZEM,yi,4105.6
2032,imperial_1897,LT_ZEM,de,4516.66
2032,imperial_1897,LT_ZEM,ru,5951.14
2032,imperial_1897,LT_ZEM,lt,433837
2032,imperial_1897,LT_ZEM,cs,27.6727
2032,imperial_1897,LT_ZEM,lv,3132.94
2032,imperial_1897,LT_ZEM,other,1161.31
2032,imperial_1897,LT_SUV,pl,10052.2
2032,imperial_1897,LT_SUV,uk,1961.32
2032,imperial_1897,LT_SUV,be,1266.62
2032,imperial_1897,LT_SUV,yi,3523.64
2032,imperial_1897,LT_SUV,de,9262.42
2032,imperial_1897,LT_SUV,ru,4642.59
2032,imperial_1897,LT_SUV,lt,334260
2032,imperial_1897,LT_SUV,cs,27.9098
2032,imperial_1897,LT_SUV,lv,373.82
2032,imperial_1897,LT_SUV,other,1566.15
2032,imperial_1897,LT_NEA,pl,14224.7
2032,imperial_1897,LT_NEA,uk,1376.53
2032,imperial_1897,LT_NEA,be,1359.66
2032,imperial_1897,LT_NEA,yi,3076.47
2032,imperial_1897,LT_NEA,de,1646.73
2032,imperial_1897,LT_NEA,ru,19674.5
2032,imperial_1897,LT_NEA,lt,304036
2032,imperial_1897,LT_NEA,cs,20.5183
2032,imperial_1897,LT_NEA,lv,3817.63
2032,imperial_1897,LT_NEA,other,715.801
2032,imperial_1897,LT_KLA,pl,3205.87
2032,imperial_1897,LT_KLA,uk,1246.22
2032,imperial_1897,LT_KLA,be,615.309
2032,imperial_1897,LT_KLA,yi,1343.06
2032,imperial_1897,LT_KLA,de,25841
2032,imperial_1897,LT_KLA,ru,1982.68
2032,imperial_1897,LT_KLA,lt,137051
2032,imperial_1897,LT_KLA,cs,17.9212
2032,imperial_1897,LT_KLA,lv,288.847
2032,imperial_1897,LT_KLA,other,671.848
2032,latent,WAW,pl,2.20552e+06
2032,latent,WAW,uk,327898
2032,latent,WAW,be,58716.9
2032,latent,WAW,tut,23420
2032,latent,WAW,yi,191743
2032,latent,WAW,de,21645.9
2032,latent,WAW,ru,13145.7
2032,latent,WAW,lt,28435.2
2032,latent,WAW,cs,2551.81
2032,latent,WAW,lv,271.604
2032,latent,WAW,csb,5472.9
2032,latent,WAW,rue,3372.96
2032,latent,WAW,rom,4143.87
2032,latent,WAW,kdr,14.5809
2032,latent,WAW,wym,2.5954
2032,latent,WAW,other,7828.86
2032,latent,WAR,pl,2.26281e+06
2032,latent,WAR,uk,89858.2
2032,latent,WAR,be,20208.9
2032,latent,WAR,tut,9119.4
2032,latent,WAR,yi,136047
2032,latent,WAR,de,28683
2032,latent,WAR,ru,10158.7
2032,latent,WAR,lt,10704.4
2032,latent,WAR,cs,1073.96
2032,latent,WAR,lv,110.578
2032,latent,WAR,csb,3406.26
2032,latent,WAR,rue,1454.45
2032,latent,WAR,rom,3626.59
2032,latent,WAR,kdr,5.97477
2032,latent,WAR,wym,1.17997
2032,latent,WAR,other,4100.94
2032,latent,LOD,pl,2.69043e+06
2032,latent,LOD,uk,156529
2032,latent,LOD,be,34881.4
2032,latent,LOD,tut,15344.2
2032,latent,LOD,yi,204369
2032,latent,LOD,de,67105.8
2032,latent,LOD,ru,9496.78
2032,latent,LOD,lt,18484.7
2032,latent,LOD,cs,1816.5
2032,latent,LOD,lv,193.7
2032,latent,LOD,csb,4836.39
2032,latent,LOD,rue,2540.52
2032,latent,LOD,rom,4222.13
2032,latent,LOD,kdr,10.6793
2032,latent,LOD,wym,2.20951
2032,latent,LOD,other,6282.6
2032,latent,KIE,pl,3.13604e+06
2032,latent,KIE,uk,127318
2032,latent,KIE,be,26808.8
2032,latent,KIE,tut,11946.1
2032,latent,KIE,yi,212006
2032,latent,KIE,de,17698.6
2032,latent,KIE,ru,9379.39
2032,latent,KIE,lt,13710.7
2032,latent,KIE,cs,1515.49
2032,latent,KIE,lv,145.305
2032,latent,KIE,csb,3462.72
2032,latent,KIE,rue,2391.78
2032,latent,KIE,rom,4855.26
2032,latent,KIE,kdr,8.16535
2032,latent,KIE,wym,2.08324
2032,latent,KIE,other,5205.95
2032,latent,LUB,pl,3.33219e+06
2032,latent,LUB,uk,414343
2032,latent,LUB,be,31469.8
2032,latent,LUB,tut,14611.6
2032,latent,LUB,yi,167974
2032,latent,LUB,de,17549
2032,latent,LUB,ru,14620.1
2032,latent,LUB,lt,12751.5
2032,latent,LUB,cs,1810.47
2032,latent,LUB,lv,129.292
2032,latent,LUB,csb,2671.41
2032,latent,LUB,rue,2037.74
2032,latent,LUB,rom,4350.28
2032,latent,LUB,kdr,7.28711
2032,latent,LUB,wym,1.47823
2032,latent,LUB,other,2602.3
2032,latent,BIA,pl,1.74086e+06
2032,latent,BIA,uk,84931.5
2032,latent,BIA,be,192673
2032,latent,BIA,tut,9685.66
2032,latent,BIA,yi,123726
2032,latent,BIA,de,9628.35
2032,latent,BIA,ru,37565
2032,latent,BIA,lt,19290
2032,latent,BIA,cs,988.249
2032,latent,BIA,lv,124.124
2032,latent,BIA,csb,1780.89
2032,latent,BIA,rue,1091.78
2032,latent,BIA,rom,2083.61
2032,latent,BIA,kdr,6.18815
2032,latent,BIA,wym,0.854701
2032,latent,BIA,other,1958.96
2032,latent,WIL,pl,1.03922e+06
2032,latent,WIL,uk,42115.1
2032,latent,WIL,be,211028
2032,latent,WIL,tut,7992.73
2032,latent,WIL,yi,57646
2032,latent,WIL,de,3902.11
2032,latent,WIL,ru,35394.5
2032,latent,WIL,lt,45837.3
2032,latent,WIL,cs,580.538
2032,latent,WIL,lv,109.215
2032,latent,WIL,csb,969.365
2032,latent,WIL,rue,585.011
2032,latent,WIL,rom,1353.04
2032,latent,WIL,kdr,68.3136
2032,latent,WIL,other,1425.73
2032,latent,NOW,pl,1.38713e+06
2032,latent,NOW,uk,53652.1
2032,latent,NOW,be,520583
2032,latent,NOW,tut,6675.37
2032,latent,NOW,yi,52798.2
2032,latent,NOW,de,3222.27
2032,latent,NOW,ru,21544.6
2032,latent,NOW,lt,7385.5
2032,latent,NOW,cs,715.811
2032,latent,NOW,lv,70.284
2032,latent,NOW,csb,923.15
2032,latent,NOW,rue,623.169
2032,latent,NOW,rom,1567.12
2032,latent,NOW,kdr,3.48127
2032,latent,NOW,other,967.382
2032,latent,POL,pl,2.53291e+06
2032,latent,POL,uk,241759
2032,latent,POL,be,130791
2032,latent,POL,tut,774773
2032,latent,POL,yi,70072.2
2032,latent,POL,de,4828.56
2032,latent,POL,ru,31257
2032,latent,POL,lt,8218.66
2032,latent,POL,cs,1043.44
2032,latent,POL,lv,80.2899
2032,latent,POL,csb,1471.04
2032,latent,POL,rue,1078.89
2032,latent,POL,rom,1779.85
2032,latent,POL,kdr,4.31027
2032,latent,POL,wym,0.760948
2032,latent,POL,other,1891.9
2032,latent,WOL,pl,1.45427e+06
2032,latent,WOL,uk,3.50059e+06
2032,latent,WOL,be,24991.4
2032,latent,WOL,tut,11008.3
2032,latent,WOL,yi,117068
2032,latent,WOL,de,29229.8
2032,latent,WOL,ru,40021.2
2032,latent,WOL,lt,9346.15
2032,latent,WOL,cs,37372.3
2032,latent,WOL,lv,92.5567
2032,latent,WOL,csb,1705.12
2032,latent,WOL,rue,1613.66
2032,latent,WOL,rom,3427.32
2032,latent,WOL,kdr,16.1785
2032,latent,WOL,wym,0.964184
2032,latent,WOL,other,3736.2
2032,latent,POZ,pl,2.02628e+06
2032,latent,POZ,uk,105950
2032,latent,POZ,be,24075.1
2032,latent,POZ,tut,10719.2
2032,latent,POZ,yi,57038.7
2032,latent,POZ,de,84935.7
2032,latent,POZ,ru,5682.01
2032,latent,POZ,lt,13054.2
2032,latent,POZ,cs,1272.77
2032,latent,POZ,lv,134.243
2032,latent,POZ,csb,4296.33
2032,latent,POZ,rue,1853.76
2032,latent,POZ,rom,2554.71
2032,latent,POZ,kdr,7.52083
2032,latent,POZ,wym,1.66101
2032,latent,POZ,other,3373.7
2032,latent,POM,pl,1.42163e+06
2032,latent,POM,uk,92194.3
2032,latent,POM,be,21268.7
2032,latent,POM,tut,9187.34
2032,latent,POM,yi,49076.4
2032,latent,POM,de,57523.7
2032,latent,POM,ru,4900.99
2032,latent,POM,lt,11357.6
2032,latent,POM,cs,1067.38
2032,latent,POM,lv,114.345
2032,latent,POM,csb,74346
2032,latent,POM,rue,1443.78
2032,latent,POM,rom,2097.94
2032,latent,POM,kdr,6.18321
2032,latent,POM,wym,1.28272
2032,latent,POM,other,2904.73
2032,latent,SLA,pl,1.92203e+06
2032,latent,SLA,uk,165374
2032,latent,SLA,be,28188.6
2032,latent,SLA,tut,12760.6
2032,latent,SLA,yi,74956.2
2032,latent,SLA,de,43378.7
2032,latent,SLA,ru,6575.1
2032,latent,SLA,lt,15072.4
2032,latent,SLA,cs,1663.06
2032,latent,SLA,lv,151.967
2032,latent,SLA,csb,3860.51
2032,latent,SLA,rue,2885.28
2032,latent,SLA,rom,3250.03
2032,latent,SLA,kdr,8.73583
2032,latent,SLA,wym,2.65868
2032,latent,SLA,other,4692.2
2032,latent,KRA,pl,1.95991e+06
2032,latent,KRA,uk,105332
2032,latent,KRA,be,18445.8
2032,latent,KRA,tut,8522.53
2032,latent,KRA,yi,98341.3
2032,latent,KRA,de,11655.1
2032,latent,KRA,ru,4501.07
2032,latent,KRA,lt,9584.57
2032,latent,KRA,cs,1153.66
2032,latent,KRA,lv,99.4753
2032,latent,KRA,csb,2272.57
2032,latent,KRA,rue,39911.3
2032,latent,KRA,rom,5102.99
2032,latent,KRA,kdr,5.82514
2032,latent,KRA,wym,39.6285
2032,latent,KRA,other,2479.11
2032,latent,LWO,pl,2.06758e+06
2032,latent,LWO,uk,1.12706e+06
2032,latent,LWO,be,25920.1
2032,latent,LWO,tut,12961.1
2032,latent,LWO,yi,157007
2032,latent,LWO,de,14585.4
2032,latent,LWO,ru,6505.73
2032,latent,LWO,lt,12344.4
2032,latent,LWO,cs,2229.69
2032,latent,LWO,lv,129.319
2032,latent,LWO,csb,2575.29
2032,latent,LWO,rue,37270.7
2032,latent,LWO,rom,5241.82
2032,latent,LWO,kdr,8.93405
2032,latent,LWO,wym,1.74352
2032,latent,LWO,other,4781.53
2032,latent,STA,pl,585773
2032,latent,STA,uk,909996
2032,latent,STA,be,9330.94
2032,latent,STA,tut,4879.43
2032,latent,STA,yi,59630
2032,latent,STA,de,9216.55
2032,latent,STA,ru,2347.61
2032,latent,STA,lt,4357.45
2032,latent,STA,cs,796.406
2032,latent,STA,lv,45.3515
2032,latent,STA,csb,911.034
2032,latent,STA,rue,1007.53
2032,latent,STA,rom,1801.86
2032,latent,STA,kdr,16.877
2032,latent,STA,wym,0.617836
2032,latent,STA,other,2002.48
2032,latent,TAR,pl,719092
2032,latent,TAR,uk,612317
2032,latent,TAR,be,8993.87
2032,latent,TAR,tut,4577.01
2032,latent,TAR,yi,46178.1
2032,latent,TAR,de,4220.16
2032,latent,TAR,ru,2250.88
2032,latent,TAR,lt,4105.26
2032,latent,TAR,cs,807.095
2032,latent,TAR,lv,43.2888
2032,latent,TAR,csb,829.297
2032,latent,TAR,rue,913.452
2032,latent,TAR,rom,1231.02
2032,latent,TAR,kdr,2.80275
2032,latent,TAR,wym,0.558418
2032,latent,TAR,other,1143.11
2032,latent,LT_KAU,pl,16459.7
2032,latent,LT_KAU,uk,1826.07
2032,latent,LT_KAU,be,874.597
2032,latent,LT_KAU,tut,300.399
2032,latent,LT_KAU,yi,3507.34
2032,latent,LT_KAU,de,4936.34
2032,latent,LT_KAU,ru,8193.07
2032,latent,LT_KAU,lt,261696
2032,latent,LT_KAU,cs,31.025
2032,latent,LT_KAU,lv,459.043
2032,latent,LT_KAU,csb,62.4204
2032,latent,LT_KAU,rue,32.0051
2032,latent,LT_KAU,rom,656.15
2032,latent,LT_KAU,kdr,2.07516
2032,latent,LT_KAU,other,840.822
2032,latent,LT_LAU,pl,17667.3
2032,latent,LT_LAU,uk,1446.16
2032,latent,LT_LAU,be,703.234
2032,latent,LT_LAU,tut,243.008
2032,latent,LT_LAU,yi,3643.57
2032,latent,LT_LAU,de,2899.86
2032,latent,LT_LAU,ru,8674.12
2032,latent,LT_LAU,lt,384745
2032,latent,LT_LAU,cs,25.6802
2032,latent,LT_LAU,lv,908.644
2032,latent,LT_LAU,csb,50.2705
2032,latent,LT_LAU,rue,25.532
2032,latent,LT_LAU,rom,221.488
2032,latent,LT_LAU,kdr,18.5856
2032,latent,LT_LAU,other,660.664
2032,latent,LT_ZEM,pl,8648.17
2032,latent,LT_ZEM,uk,1597.8
2032,latent,LT_ZEM,be,764.801
2032,latent,LT_ZEM,tut,265.189
2032,latent,LT_ZEM,yi,3934.16
2032,latent,LT_ZEM,de,4516.66
2032,latent,LT_ZEM,ru,5897.74
2032,latent,LT_ZEM,lt,433837
2032,latent,LT_ZEM,cs,27.6727
2032,latent,LT_ZEM,lv,3132.94
2032,latent,LT_ZEM,csb,54.8548
2032,latent,LT_ZEM,rue,29.0273
2032,latent,LT_ZEM,rom,392.33
2032,latent,LT_ZEM,kdr,2.31757
2032,latent,LT_ZEM,other,766.62
2032,latent,LT_SUV,pl,10484.7
2032,latent,LT_SUV,uk,1654.79
2032,latent,LT_SUV,be,1031.74
2032,latent,LT_SUV,tut,279.062
2032,latent,LT_SUV,yi,3326.98
2032,latent,LT_SUV,de,9262.42
2032,latent,LT_SUV,ru,4582.54
2032,latent,LT_SUV,lt,334260
2032,latent,LT_SUV,cs,27.9098
2032,latent,LT_SUV,lv,373.82
2032,latent,LT_SUV,csb,55.9276
2032,latent,LT_SUV,rue,30.7058
2032,latent,LT_SUV,rom,969.439
2032,latent,LT_SUV,kdr,1.61187
2032,latent,LT_SUV,other,595.056
2032,latent,LT_NEA,pl,14559
2032,latent,LT_NEA,uk,1149.01
2032,latent,LT_NEA,be,1219.69
2032,latent,LT_NEA,tut,192.286
2032,latent,LT_NEA,yi,2915.11
2032,latent,LT_NEA,de,1646.73
2032,latent,LT_NEA,ru,19621
2032,latent,LT_NEA,lt,304036
2032,latent,LT_NEA,cs,20.5183
2032,latent,LT_NEA,lv,3817.63
2032,latent,LT_NEA,csb,36.9726
2032,latent,LT_NEA,rue,18.8628
2032,latent,LT_NEA,rom,154.921
2032,latent,LT_NEA,kdr,1.63927
2032,latent,LT_NEA,other,559.215
2032,latent,LT_KLA,pl,3444.15
2032,latent,LT_KLA,uk,1065.65
2032,latent,LT_KLA,be,459.906
2032,latent,LT_KLA,tut,172.613
2032,latent,LT_KLA,yi,1241.29
2032,latent,LT_KLA,de,25841
2032,latent,LT_KLA,ru,1949.54
2032,latent,LT_KLA,lt,137051
2032,latent,LT_KLA,cs,17.9212
2032,latent,LT_KLA,lv,288.847
2032,latent,LT_KLA,csb,41.1158
2032,latent,LT_KLA,rue,18.883
2032,latent,LT_KLA,rom,146.245
2032,latent,LT_KLA,kdr,1.21576
2032,latent,LT_KLA,other,524.362
2032,lithuanian_1923,WAW,pl,2.20552e+06
2032,lithuanian_1923,WAW,uk,327898
2032,lithuanian_1923,WAW,be,58716.9
2032,lithuanian_1923,WAW,tut,23420
2032,lithuanian_1923,WAW,yi,191743
2032,lithuanian_1923,WAW,de,21645.9
2032,lithuanian_1923,WAW,ru,13145.7
2032,lithuanian_1923,WAW,lt,28435.2
2032,lithuanian_1923,WAW,cs,2551.81
2032,lithuanian_1923,WAW,lv,271.604
2032,lithuanian_1923,WAW,csb,5472.9
2032,lithuanian_1923,WAW,rue,3372.96
2032,lithuanian_1923,WAW,rom,4143.87
2032,lithuanian_1923,WAW,kdr,14.5809
2032,lithuanian_1923,WAW,wym,2.5954
2032,lithuanian_1923,WAW,other,7828.86
2032,lithuanian_1923,WAR,pl,2.26281e+06
2032,lithuanian_1923,WAR,uk,89858.2
2032,lithuanian_1923,WAR,be,20208.9
2032,lithuanian_1923,WAR,tut,9119.4
2032,lithuanian_1923,WAR,yi,136047
2032,lithuanian_1923,WAR,de,28683
2032,lithuanian_1923,WAR,ru,10158.7
2032,lithuanian_1923,WAR,lt,10704.4
2032,lithuanian_1923,WAR,cs,1073.96
2032,lithuanian_1923,WAR,lv,110.578
2032,lithuanian_1923,WAR,csb,3406.26
2032,lithuanian_1923,WAR,rue,1454.45
2032,lithuanian_1923,WAR,rom,3626.59
2032,lithuanian_1923,WAR,kdr,5.97477
2032,lithuanian_1923,WAR,wym,1.17997
2032,lithuanian_1923,WAR,other,4100.94
2032,lithuanian_1923,LOD,pl,2.69043e+06
2032,lithuanian_1923,LOD,uk,156529
2032,lithuanian_1923,LOD,be,34881.4
2032,lithuanian_1923,LOD,tut,15344.2
2032,lithuanian_1923,LOD,yi,204369
2032,lithuanian_1923,LOD,de,67105.8
2032,lithuanian_1923,LOD,ru,9496.78
2032,lithuanian_1923,LOD,lt,18484.7
2032,lithuanian_1923,LOD,cs,1816.5
2032,lithuanian_1923,LOD,lv,193.7
2032,lithuanian_1923,LOD,csb,4836.39
2032,lithuanian_1923,LOD,rue,2540.52
2032,lithuanian_1923,LOD,rom,4222.13
2032,lithuanian_1923,LOD,kdr,10.6793
2032,lithuanian_1923,LOD,wym,2.20951
2032,lithuanian_1923,LOD,other,6282.6
2032,lithuanian_1923,KIE,pl,3.13604e+06
2032,lithuanian_1923,KIE,uk,127318
2032,lithuanian_1923,KIE,be,26808.8
2032,lithuanian_1923,KIE,tut,11946.1
2032,lithuanian_1923,KIE,yi,212006
2032,lithuanian_1923,KIE,de,17698.6
2032,lithuanian_1923,KIE,ru,9379.39
2032,lithuanian_1923,KIE,lt,13710.7
2032,lithuanian_1923,KIE,cs,1515.49
2032,lithuanian_1923,KIE,lv,145.305
2032,lithuanian_1923,KIE,csb,3462.72
2032,lithuanian_1923,KIE,rue,2391.78
2032,lithuanian_1923,KIE,rom,4855.26
2032,lithuanian_1923,KIE,kdr,8.16535
2032,lithuanian_1923,KIE,wym,2.08324
2032,lithuanian_1923,KIE,other,5205.95
2032,lithuanian_1923,LUB,pl,3.33219e+06
2032,lithuanian_1923,LUB,uk,414343
2032,lithuanian_1923,LUB,be,31469.8
2032,lithuanian_1923,LUB,tut,14611.6
2032,lithuanian_1923,LUB,yi,167974
2032,lithuanian_1923,LUB,de,17549
2032,lithuanian_1923,LUB,ru,14620.1
2032,lithuanian_1923,LUB,lt,12751.5
2032,lithuanian_1923,LUB,cs,1810.47
2032,lithuanian_1923,LUB,lv,129.292
2032,lithuanian_1923,LUB,csb,2671.41
2032,lithuanian_1923,LUB,rue,2037.74
2032,lithuanian_1923,LUB,rom,4350.28
2032,lithuanian_1923,LUB,kdr,7.28711
2032,lithuanian_1923,LUB,wym,1.47823
2032,lithuanian_1923,LUB,other,2602.3
2032,lithuanian_1923,BIA,pl,1.74086e+06
2032,lithuanian_1923,BIA,uk,84931.5
2032,lithuanian_1923,BIA,be,192673
2032,lithuanian_1923,BIA,tut,9685.66
2032,lithuanian_1923,BIA,yi,123726
2032,lithuanian_1923,BIA,de,9628.35
2032,lithuanian_1923,BIA,ru,37565
2032,lithuanian_1923,BIA,lt,19290
2032,lithuanian_1923,BIA,cs,988.249
2032,lithuanian_1923,BIA,lv,124.124
2032,lithuanian_1923,BIA,csb,1780.89
2032,lithuanian_1923,BIA,rue,1091.78
2032,lithuanian_1923,BIA,rom,2083.61
2032,lithuanian_1923,BIA,kdr,6.18815
2032,lithuanian_1923,BIA,wym,0.854701
2032,lithuanian_1923,BIA,other,1958.96
2032,lithuanian_1923,WIL,pl,1.03922e+06
2032,lithuanian_1923,WIL,uk,42115.1
2032,lithuanian_1923,WIL,be,211028
2032,lithuanian_1923,WIL,tut,7992.73
2032,lithuanian_1923,WIL,yi,57646
2032,lithuanian_1923,WIL,de,3902.11
2032,lithuanian_1923,WIL,ru,35394.5
2032,lithuanian_1923,WIL,lt,45837.3
2032,lithuanian_1923,WIL,cs,580.538
2032,lithuanian_1923,WIL,lv,109.215
2032,lithuanian_1923,WIL,csb,969.365
2032,lithuanian_1923,WIL,rue,585.011
2032,lithuanian_1923,WIL,rom,1353.04
2032,lithuanian_1923,WIL,kdr,68.3136
2032,lithuanian_1923,WIL,other,1425.73
2032,lithuanian_1923,NOW,pl,1.38713e+06
2032,lithuanian_1923,NOW,uk,53652.1
2032,lithuanian_1923,NOW,be,520583
2032,lithuanian_1923,NOW,tut,6675.37
2032,lithuanian_1923,NOW,yi,52798.2
2032,lithuanian_1923,NOW,de,3222.27
2032,lithuanian_1923,NOW,ru,21544.6
2032,lithuanian_1923,NOW,lt,7385.5
2032,lithuanian_1923,NOW,cs,715.811
2032,lithuanian_1923,NOW,lv,70.284
2032,lithuanian_1923,NOW,csb,923.15
2032,lithuanian_1923,NOW,rue,623.169
2032,lithuanian_1923,NOW,rom,1567.12
2032,lithuanian_1923,NOW,kdr,3.48127
2032,lithuanian_1923,NOW,other,967.382
2032,lithuanian_1923,POL,pl,2.53291e+06
2032,lithuanian_1923,POL,uk,241759
2032,lithuanian_1923,POL,be,130791
2032,lithuanian_1923,POL,tut,774773
2032,lithuanian_1923,POL,yi,70072.2
2032,lithuanian_1923,POL,de,4828.56
2032,lithuanian_1923,POL,ru,31257
2032,lithuanian_1923,POL,lt,8218.66
2032,lithuanian_1923,POL,cs,1043.44
2032,lithuanian_1923,POL,lv,80.2899
2032,lithuanian_1923,POL,csb,1471.04
2032,lithuanian_1923,POL,rue,1078.89
2032,lithuanian_1923,POL,rom,1779.85
2032,lithuanian_1923,POL,kdr,4.31027
2032,lithuanian_1923,POL,wym,0.760948
2032,lithuanian_1923,POL,other,1891.9
2032,lithuanian_1923,WOL,pl,1.45427e+06
2032,lithuanian_1923,WOL,uk,3.50059e+06
2032,lithuanian_1923,WOL,be,24991.4
2032,lithuanian_1923,WOL,tut,11008.3
2032,lithuanian_1923,WOL,yi,117068
2032,lithuanian_1923,WOL,de,29229.8
2032,lithuanian_1923,WOL,ru,40021.2
2032,lithuanian_1923,WOL,lt,9346.15
2032,lithuanian_1923,WOL,cs,37372.3
2032,lithuanian_1923,WOL,lv,92.5567
2032,lithuanian_1923,WOL,csb,1705.12
2032,lithuanian_1923,WOL,rue,1613.66
2032,lithuanian_1923,WOL,rom,3427.32
2032,lithuanian_1923,WOL,kdr,16.1785
2032,lithuanian_1923,WOL,wym,0.964184
2032,lithuanian_1923,WOL,other,3736.2
2032,lithuanian_1923,POZ,pl,2.02628e+06
2032,lithuanian_1923,POZ,uk,105950
2032,lithuanian_1923,POZ,be,24075.1
2032,lithuanian_1923,POZ,tut,10719.2
2032,lithuanian_1923,POZ,yi,57038.7
2032,lithuanian_1923,POZ,de,84935.7
2032,lithuanian_1923,POZ,ru,5682.01
2032,lithuanian_1923,POZ,lt,13054.2
2032,lithuanian_1923,POZ,cs,1272.77
2032,lithuanian_1923,POZ,lv,134.243
2032,lithuanian_1923,POZ,csb,4296.33
2032,lithuanian_1923,POZ,rue,1853.76
2032,lithuanian_1923,POZ,rom,2554.71
2032,lithuanian_1923,POZ,kdr,7.52083
2032,lithuanian_1923,POZ,wym,1.66101
2032,lithuanian_1923,POZ,other,3373.7
2032,lithuanian_1923,POM,pl,1.42163e+06
2032,lithuanian_1923,POM,uk,92194.3
2032,lithuanian_1923,POM,be,21268.7
2032,lithuanian_1923,POM,tut,9187.34
2032,lithuanian_1923,POM,yi,49076.4
2032,lithuanian_1923,POM,de,57523.7
2032,lithuanian_1923,POM,ru,4900.99
2032,lithuanian_1923,POM,lt,11357.6
2032,lithuanian_1923,POM,cs,1067.38
2032,lithuanian_1923,POM,lv,114.345
2032,lithuanian_1923,POM,csb,74346
2032,lithuanian_1923,POM,rue,1443.78
2032,lithuanian_1923,POM,rom,2097.94
2032,lithuanian_1923,POM,kdr,6.18321
2032,lithuanian_1923,POM,wym,1.28272
2032,lithuanian_1923,POM,other,2904.73
2032,lithuanian_1923,SLA,pl,1.92203e+06
2032,lithuanian_1923,SLA,uk,165374
2032,lithuanian_1923,SLA,be,28188.6
2032,lithuanian_1923,SLA,tut,12760.6
2032,lithuanian_1923,SLA,yi,74956.2
2032,lithuanian_1923,SLA,de,43378.7
2032,lithuanian_1923,SLA,ru,6575.1
2032,lithuanian_1923,SLA,lt,15072.4
2032,lithuanian_1923,SLA,cs,1663.06
2032,lithuanian_1923,SLA,lv,151.967
2032,lithuanian_1923,SLA,csb,3860.51
2032,lithuanian_1923,SLA,rue,2885.28
2032,lithuanian_1923,SLA,rom,3250.03
2032,lithuanian_1923,SLA,kdr,8.73583
2032,lithuanian_1923,SLA,wym,2.65868
2032,lithuanian_1923,SLA,other,4692.2
2032,lithuanian_1923,KRA,pl,1.95991e+06
2032,lithuanian_1923,KRA,uk,105332
2032,lithuanian_1923,KRA,be,18445.8
2032,lithuanian_1923,KRA,tut,8522.53
2032,lithuanian_1923,KRA,yi,98341.3
2032,lithuanian_1923,KRA,de,11655.1
2032,lithuanian_1923,KRA,ru,4501.07
2032,lithuanian_1923,KRA,lt,9584.57
2032,lithuanian_1923,KRA,cs,1153.66
2032,lithuanian_1923,KRA,lv,99.4753
2032,lithuanian_1923,KRA,csb,2272.57
2032,lithuanian_1923,KRA,rue,39911.3
2032,lithuanian_1923,KRA,rom,5102.99
2032,lithuanian_1923,KRA,kdr,5.82514
2032,lithuanian_1923,KRA,wym,39.6285
2032,lithuanian_1923,KRA,other,2479.11
2032,lithuanian_1923,LWO,pl,2.06758e+06
2032,lithuanian_1923,LWO,uk,1.12706e+06
2032,lithuanian_1923,LWO,be,25920.1
2032,lithuanian_1923,LWO,tut,12961.1
2032,lithuanian_1923,LWO,yi,157007
2032,lithuanian_1923,LWO,de,14585.4
2032,lithuanian_1923,LWO,ru,6505.73
2032,lithuanian_1923,LWO,lt,12344.4
2032,lithuanian_1923,LWO,cs,2229.69
2032,lithuanian_1923,LWO,lv,129.319
2032,lithuanian_1923,LWO,csb,2575.29
2032,lithuanian_1923,LWO,rue,37270.7
2032,lithuanian_1923,LWO,rom,5241.82
2032,lithuanian_1923,LWO,kdr,8.93405
2032,lithuanian_1923,LWO,wym,1.74352
2032,lithuanian_1923,LWO,other,4781.53
2032,lithuanian_1923,STA,pl,585773
2032,lithuanian_1923,STA,uk,909996
2032,lithuanian_1923,STA,be,9330.94
2032,lithuanian_1923,STA,tut,4879.43
2032,lithuanian_1923,STA,yi,59630
2032,lithuanian_1923,STA,de,9216.55
2032,lithuanian_1923,STA,ru,2347.61
2032,lithuanian_1923,STA,lt,4357.45
2032,lithuanian_1923,STA,cs,796.406
2032,lithuanian_1923,STA,lv,45.3515
2032,lithuanian_1923,STA,csb,911.034
2032,lithuanian_1923,STA,rue,1007.53
2032,lithuanian_1923,STA,rom,1801.86
2032,lithuanian_1923,STA,kdr,16.877
2032,lithuanian_1923,STA,wym,0.617836
2032,lithuanian_1923,STA,other,2002.48
2032,lithuanian_1923,TAR,pl,719092
2032,lithuanian_1923,TAR,uk,612317
2032,lithuanian_1923,TAR,be,8993.87
2032,lithuanian_1923,TAR,tut,4577.01
2032,lithuanian_1923,TAR,yi,46178.1
2032,lithuanian_1923,TAR,de,4220.16
2032,lithuanian_1923,TAR,ru,2250.88
2032,lithuanian_1923,TAR,lt,4105.26
2032,lithuanian_1923,TAR,cs,807.095
2032,lithuanian_1923,TAR,lv,43.2888
2032,lithuanian_1923,TAR,csb,829.297
2032,lithuanian_1923,TAR,rue,913.452
2032,lithuanian_1923,TAR,rom,1231.02
2032,lithuanian_1923,TAR,kdr,2.80275
2032,lithuanian_1923,TAR,wym,0.558418
2032,lithuanian_1923,TAR,other,1143.11
2032,lithuanian_1923,LT_KAU,pl,7720.38
2032,lithuanian_1923,LT_KAU,uk,1826.07
2032,lithuanian_1923,LT_KAU,be,874.597
2032,lithuanian_1923,LT_KAU,tut,300.399
2032,lithuanian_1923,LT_KAU,yi,3507.34
2032,lithuanian_1923,LT_KAU,de,4936.34
2032,lithuanian_1923,LT_KAU,ru,8193.07
2032,lithuanian_1923,LT_KAU,lt,270435
2032,lithuanian_1923,LT_KAU,cs,31.025
2032,lithuanian_1923,LT_KAU,lv,459.043
2032,lithuanian_1923,LT_KAU,csb,62.4204
2032,lithuanian_1923,LT_KAU,rue,32.0051
2032,lithuanian_1923,LT_KAU,rom,656.15
2032,lithuanian_1923,LT_KAU,kdr,2.07516
2032,lithuanian_1923,LT_KAU,other,840.822
2032,lithuanian_1923,LT_LAU,pl,7744.16
2032,lithuanian_1923,LT_LAU,uk,1446.16
2032,lithuanian_1923,LT_LAU,be,703.234
2032,lithuanian_1923,LT_LAU,tut,243.008
2032,lithuanian_1923,LT_LAU,yi,3643.57
2032,lithuanian_1923,LT_LAU,de,2899.86
2032,lithuanian_1923,LT_LAU,ru,8674.12
2032,lithuanian_1923,LT_LAU,lt,394668
2032,lithuanian_1923,LT_LAU,cs,25.6802
2032,lithuanian_1923,LT_LAU,lv,908.644
2032,lithuanian_1923,LT_LAU,csb,50.2705
2032,lithuanian_1923,LT_LAU,rue,25.532
2032,lithuanian_1923,LT_LAU,rom,221.488
2032,lithuanian_1923,LT_LAU,kdr,18.5856
2032,lithuanian_1923,LT_LAU,other,660.664
2032,lithuanian_1923,LT_ZEM,pl,4022.9
2032,lithuanian_1923,LT_ZEM,uk,1597.8
2032,lithuanian_1923,LT_ZEM,be,764.801
2032,lithuanian_1923,LT_ZEM,tut,265.189
2032,lithuanian_1923,LT_ZEM,yi,3934.16
2032,lithuanian_1923,LT_ZEM,de,4516.66
2032,lithuanian_1923,LT_ZEM,ru,5897.74
2032,lithuanian_1923,LT_ZEM,lt,438463
2032,lithuanian_1923,LT_ZEM,cs,27.6727
2032,lithuanian_1923,LT_ZEM,lv,3132.94
2032,lithuanian_1923,LT_ZEM,csb,54.8548
2032,lithuanian_1923,LT_ZEM,rue,29.0273
2032,lithuanian_1923,LT_ZEM,rom,392.33
2032,lithuanian_1923,LT_ZEM,kdr,2.31757
2032,lithuanian_1923,LT_ZEM,other,766.62
2032,lithuanian_1923,LT_SUV,pl,4837.43
2032,lithuanian_1923,LT_SUV,uk,1654.79
2032,lithuanian_1923,LT_SUV,be,1031.74
2032,lithuanian_1923,LT_SUV,tut,279.062
2032,lithuanian_1923,LT_SUV,yi,3326.98
2032,lithuanian_1923,LT_SUV,de,9262.42
2032,lithuanian_1923,LT_SUV,ru,4582.54
2032,lithuanian_1923,LT_SUV,lt,339907
2032,lithuanian_1923,LT_SUV,cs,27.9098
2032,lithuanian_1923,LT_SUV,lv,373.82
2032,lithuanian_1923,LT_SUV,csb,55.9276
2032,lithuanian_1923,LT_SUV,rue,30.7058
2032,lithuanian_1923,LT_SUV,rom,969.439
2032,lithuanian_1923,LT_SUV,kdr,1.61187
2032,lithuanian_1923,LT_SUV,other,595.056
2032,lithuanian_1923,LT_NEA,pl,6367.62
2032,lithuanian_1923,LT_NEA,uk,1149.01
2032,lithuanian_1923,LT_NEA,be,1219.69
2032,lithuanian_1923,LT_NEA,tut,192.286
2032,lithuanian_1923,LT_NEA,yi,2915.11
2032,lithuanian_1923,LT_NEA,de,1646.73
2032,lithuanian_1923,LT_NEA,ru,19621
2032,lithuanian_1923,LT_NEA,lt,312227
2032,lithuanian_1923,LT_NEA,cs,20.5183
2032,lithuanian_1923,LT_NEA,lv,3817.63
2032,lithuanian_1923,LT_NEA,csb,36.9726
2032,lithuanian_1923,LT_NEA,rue,18.8628
2032,lithuanian_1923,LT_NEA,rom,154.921
2032,lithuanian_1923,LT_NEA,kdr,1.63927
2032,lithuanian_1923,LT_NEA,other,559.215
2032,lithuanian_1923,LT_KLA,pl,1721.57
2032,lithuanian_1923,LT_KLA,uk,1065.65
2032,lithuanian_1923,LT_KLA,be,459.906
2032,lithuanian_1923,LT_KLA,tut,172.613
2032,lithuanian_1923,LT_KLA,yi,1241.29
2032,lithuanian_1923,LT_KLA,de,25841
2032,lithuanian_1923,LT_KLA,ru,1949.54
2032,lithuanian_1923,LT_KLA,lt,138774
2032,lithuanian_1923,LT_KLA,cs,17.9212
2032,lithuanian_1923,LT_KLA,lv,288.847
2032,lithuanian_1923,LT_KLA,csb,41.1158
2032,lithuanian_1923,LT_KLA,rue,18.883
2032,lithuanian_1923,LT_KLA,rom,146.245
2032,lithuanian_1923,LT_KLA,kdr,1.21576
2032,lithuanian_1923,LT_KLA,other,524.362
2032,modern_selfid,WAW,pl,2.29166e+06
2032,modern_selfid,WAW,uk,295343
2032,modern_selfid,WAW,be,49826.8
2032,modern_selfid,WAW,tut,5855.01
2032,modern_selfid,WAW,yi,172198
2032,modern_selfid,WAW,de,19196.9
2032,modern_selfid,WAW,ru,11559.5
2032,modern_selfid,WAW,lt,28435.2
2032,modern_selfid,WAW,cs,2265.73
2032,modern_selfid,WAW,lv,248.727
2032,modern_selfid,WAW,csb,4061.62
2032,modern_selfid,WAW,rue,2529.89
2032,modern_selfid,WAW,rom,3160.67
2032,modern_selfid,WAW,kdr,11.0154
2032,modern_selfid,WAW,wym,1.936
2032,modern_selfid,WAW,other,7828.86
2032,modern_selfid,WAR,pl,2.30077e+06
2032,modern_selfid,WAR,uk,81689.7
2032,modern_selfid,WAR,be,17451.6
2032,modern_selfid,WAR,tut,2279.85
2032,modern_selfid,WAR,yi,122557
2032,modern_selfid,WAR,de,25435.6
2032,modern_selfid,WAR,ru,8928.8
2032,modern_selfid,WAR,lt,10704.4
2032,modern_selfid,WAR,cs,954.546
2032,modern_selfid,WAR,lv,101.211
2032,modern_selfid,WAR,csb,2535.09
2032,modern_selfid,WAR,rue,1095.82
2032,modern_selfid,WAR,rom,2767.22
2032,modern_selfid,WAR,kdr,4.52125
2032,modern_selfid,WAR,wym,0.879419
2032,modern_selfid,WAR,other,4100.94
2032,modern_selfid,LOD,pl,2.75356e+06
2032,modern_selfid,LOD,uk,142138
2032,modern_selfid,LOD,be,30014
2032,modern_selfid,LOD,tut,3836.06
2032,modern_selfid,LOD,yi,183844
2032,modern_selfid,LOD,de,59497.9
2032,modern_selfid,LOD,ru,8356.43
2032,modern_selfid,LOD,lt,18484.7
2032,modern_selfid,LOD,cs,1614.13
2032,modern_selfid,LOD,lv,177.179
2032,modern_selfid,LOD,csb,3598.1
2032,modern_selfid,LOD,rue,1910.03
2032,modern_selfid,LOD,rom,3223.82
2032,modern_selfid,LOD,kdr,8.08624
2032,modern_selfid,LOD,wym,1.64674
2032,modern_selfid,LOD,other,6282.6
2032,modern_selfid,KIE,pl,3.1875e+06
2032,modern_selfid,KIE,uk,115461
2032,modern_selfid,KIE,be,23114.3
2032,modern_selfid,KIE,tut,2986.53
2032,modern_selfid,KIE,yi,190981
2032,modern_selfid,KIE,de,15705.3
2032,modern_selfid,KIE,ru,8252.58
2032,modern_selfid,KIE,lt,13710.7
2032,modern_selfid,KIE,cs,1347.24
2032,modern_selfid,KIE,lv,132.949
2032,modern_selfid,KIE,csb,2580.34
2032,modern_selfid,KIE,rue,1797.84
2032,modern_selfid,KIE,rom,3711.16
2032,modern_selfid,KIE,kdr,6.18314
2032,modern_selfid,KIE,wym,1.55287
2032,modern_selfid,KIE,other,5205.95
2032,modern_selfid,LUB,pl,3.41339e+06
2032,modern_selfid,LUB,uk,370754
2032,modern_selfid,LUB,be,27415.8
2032,modern_selfid,LUB,tut,3652.9
2032,modern_selfid,LUB,yi,151444
2032,modern_selfid,LUB,de,15585.1
2032,modern_selfid,LUB,ru,12909.4
2032,modern_selfid,LUB,lt,12751.5
2032,modern_selfid,LUB,cs,1612.15
2032,modern_selfid,LUB,lv,118.695
2032,modern_selfid,LUB,csb,1997.73
2032,modern_selfid,LUB,rue,1535.49
2032,modern_selfid,LUB,rom,3342.99
2032,modern_selfid,LUB,kdr,5.52144
2032,modern_selfid,LUB,wym,1.10337
2032,modern_selfid,LUB,other,2602.3
2032,modern_selfid,BIA,pl,1.81995e+06
2032,modern_selfid,BIA,uk,77522.6
2032,modern_selfid,BIA,be,147406
2032,modern_selfid,BIA,tut,2421.42
2032,modern_selfid,BIA,yi,111520
2032,modern_selfid,BIA,de,8554.55
2032,modern_selfid,BIA,ru,33022.2
2032,modern_selfid,BIA,lt,19290
2032,modern_selfid,BIA,cs,879.518
2032,modern_selfid,BIA,lv,113.568
2032,modern_selfid,BIA,csb,1329.91
2032,modern_selfid,BIA,rue,822.477
2032,modern_selfid,BIA,rom,1597.35
2032,modern_selfid,BIA,kdr,4.68703
2032,modern_selfid,BIA,wym,0.637595
2032,modern_selfid,BIA,other,1958.96
2032,modern_selfid,WIL,pl,1.10953e+06
2032,modern_selfid,WIL,uk,39257.1
2032,modern_selfid,WIL,be,160788
2032,modern_selfid,WIL,tut,1998.18
2032,modern_selfid,WIL,yi,51938.7
2032,modern_selfid,WIL,de,3472.41
2032,modern_selfid,WIL,ru,31107.2
2032,modern_selfid,WIL,lt,45837.3
2032,modern_selfid,WIL,cs,516.815
2032,modern_selfid,WIL,lv,99.8513
2032,modern_selfid,WIL,csb,724.138
2032,modern_selfid,WIL,rue,441.184
2032,modern_selfid,WIL,rom,1036.45
2032,modern_selfid,WIL,kdr,51.4756
2032,modern_selfid,WIL,other,1425.73
2032,modern_selfid,NOW,pl,1.52764e+06
2032,modern_selfid,NOW,uk,49189.6
2032,modern_selfid,NOW,be,398387
2032,modern_selfid,NOW,tut,1668.84
2032,modern_selfid,NOW,yi,47646.5
2032,modern_selfid,NOW,de,2870.32
2032,modern_selfid,NOW,ru,19034.6
2032,modern_selfid,NOW,lt,7385.5
2032,modern_selfid,NOW,cs,638.083
2032,modern_selfid,NOW,lv,64.7735
2032,modern_selfid,NOW,csb,691.1
2032,modern_selfid,NOW,rue,470.767
2032,modern_selfid,NOW,rom,1204.42
2032,modern_selfid,NOW,kdr,2.64536
2032,modern_selfid,NOW,other,967.382
2032,modern_selfid,POL,pl,2.79617e+06
2032,modern_selfid,POL,uk,408683
2032,modern_selfid,POL,be,293750
2032,modern_selfid,POL,tut,193693
2032,modern_selfid,POL,yi,63250.8
2032,modern_selfid,POL,de,4302.3
2032,modern_selfid,POL,ru,27686.8
2032,modern_selfid,POL,lt,8218.66
2032,modern_selfid,POL,cs,931.707
2032,modern_selfid,POL,lv,74.2165
2032,modern_selfid,POL,csb,1105.02
2032,modern_selfid,POL,rue,819.732
2032,modern_selfid,POL,rom,1376
2032,modern_selfid,POL,kdr,3.28698
2032,modern_selfid,POL,wym,0.569504
2032,modern_selfid,POL,other,1891.9
2032,modern_selfid,WOL,pl,1.86901e+06
2032,modern_selfid,WOL,uk,3.12182e+06
2032,modern_selfid,WOL,be,21744.5
2032,modern_selfid,WOL,tut,2752.07
2032,modern_selfid,WOL,yi,105794
2032,modern_selfid,WOL,de,26041.3
2032,modern_selfid,WOL,ru,35450.1
2032,modern_selfid,WOL,lt,9346.15
2032,modern_selfid,WOL,cs,33523.5
2032,modern_selfid,WOL,lv,85.8217
2032,modern_selfid,WOL,csb,1283.79
2032,modern_selfid,WOL,rue,1227.64
2032,modern_selfid,WOL,rom,2656.83
2032,modern_selfid,WOL,kdr,12.3134
2032,modern_selfid,WOL,wym,0.724078
2032,modern_selfid,WOL,other,3736.2
2032,modern_selfid,POZ,pl,2.06581e+06
2032,modern_selfid,POZ,uk,96208.3
2032,modern_selfid,POZ,be,20700
2032,modern_selfid,POZ,tut,2679.8
2032,modern_selfid,POZ,yi,51349.4
2032,modern_selfid,POZ,de,75257.9
2032,modern_selfid,POZ,ru,4996.35
2032,modern_selfid,POZ,lt,13054.2
2032,modern_selfid,POZ,cs,1129.96
2032,modern_selfid,POZ,lv,122.716
2032,modern_selfid,POZ,csb,3192.05
2032,modern_selfid,POZ,rue,1393.31
2032,modern_selfid,POZ,rom,1949.67
2032,modern_selfid,POZ,kdr,5.6921
2032,modern_selfid,POZ,wym,1.23615
2032,modern_selfid,POZ,other,3373.7
2032,modern_selfid,POM,pl,1.47179e+06
2032,modern_selfid,POM,uk,83739.9
2032,modern_selfid,POM,be,18253.7
2032,modern_selfid,POM,tut,2296.84
2032,modern_selfid,POM,yi,44215.1
2032,modern_selfid,POM,de,50991.9
2032,modern_selfid,POM,ru,4314.82
2032,modern_selfid,POM,lt,11357.6
2032,modern_selfid,POM,cs,948.525
2032,modern_selfid,POM,lv,104.717
2032,modern_selfid,POM,csb,55509.7
2032,modern_selfid,POM,rue,1085.44
2032,modern_selfid,POM,rom,1605.31
2032,modern_selfid,POM,kdr,4.68374
2032,modern_selfid,POM,wym,0.954962
2032,modern_selfid,POM,other,2904.73
2032,modern_selfid,SLA,pl,1.96752e+06
2032,modern_selfid,SLA,uk,149201
2032,modern_selfid,SLA,be,24324.4
2032,modern_selfid,SLA,tut,3190.16
2032,modern_selfid,SLA,yi,67466.3
2032,modern_selfid,SLA,de,38447.4
2032,modern_selfid,SLA,ru,5786.75
2032,modern_selfid,SLA,lt,15072.4
2032,modern_selfid,SLA,cs,1477.77
2032,modern_selfid,SLA,lv,139.173
2032,modern_selfid,SLA,csb,2874.77
2032,modern_selfid,SLA,rue,2163.53
2032,modern_selfid,SLA,rom,2487.42
2032,modern_selfid,SLA,kdr,6.60423
2032,modern_selfid,SLA,wym,1.97972
2032,modern_selfid,SLA,other,4692.2
2032,modern_selfid,KRA,pl,2.00231e+06
2032,modern_selfid,KRA,uk,95192.5
2032,modern_selfid,KRA,be,15978.1
2032,modern_selfid,KRA,tut,2130.63
2032,modern_selfid,KRA,yi,88531
2032,modern_selfid,KRA,de,10340.4
2032,modern_selfid,KRA,ru,3963.58
2032,modern_selfid,KRA,lt,9584.57
2032,modern_selfid,KRA,cs,1025.42
2032,modern_selfid,KRA,lv,91.0116
2032,modern_selfid,KRA,csb,1693.29
2032,modern_selfid,KRA,rue,30115.4
2032,modern_selfid,KRA,rom,3893.18
2032,modern_selfid,KRA,kdr,4.4079
2032,modern_selfid,KRA,wym,29.4968
2032,modern_selfid,KRA,other,2479.11
2032,modern_selfid,LWO,pl,2.23896e+06
2032,modern_selfid,LWO,uk,997885
2032,modern_selfid,LWO,be,22720.3
2032,modern_selfid,LWO,tut,3240.28
2032,modern_selfid,LWO,yi,141429
2032,modern_selfid,LWO,de,12954.7
2032,modern_selfid,LWO,ru,5729.95
2032,modern_selfid,LWO,lt,12344.4
2032,modern_selfid,LWO,cs,1982.5
2032,modern_selfid,LWO,lv,118.621
2032,modern_selfid,LWO,csb,1922.14
2032,modern_selfid,LWO,rue,28120.3
2032,modern_selfid,LWO,rom,4007.51
2032,modern_selfid,LWO,kdr,6.76743
2032,modern_selfid,LWO,wym,1.3017
2032,modern_selfid,LWO,other,4781.53
2032,modern_selfid,STA,pl,702902
2032,modern_selfid,STA,uk,805743
2032,modern_selfid,STA,be,8245.48
2032,modern_selfid,STA,tut,1219.86
2032,modern_selfid,STA,yi,53791.9
2032,modern_selfid,STA,de,8194.71
2032,modern_selfid,STA,ru,2069.75
2032,modern_selfid,STA,lt,4357.45
2032,modern_selfid,STA,cs,709.143
2032,modern_selfid,STA,lv,41.7803
2032,modern_selfid,STA,csb,681.664
2032,modern_selfid,STA,rue,760.841
2032,modern_selfid,STA,rom,1380.38
2032,modern_selfid,STA,kdr,12.7643
2032,modern_selfid,STA,other,2002.48
2032,modern_selfid,TAR,pl,799826
2032,modern_selfid,TAR,uk,542194
2032,modern_selfid,TAR,be,7911.78
2032,modern_selfid,TAR,tut,1144.25
2032,modern_selfid,TAR,yi,41630.4
2032,modern_selfid,TAR,de,3752.74
2032,modern_selfid,TAR,ru,1983.78
2032,modern_selfid,TAR,lt,4105.26
2032,modern_selfid,TAR,cs,718.298
2032,modern_selfid,TAR,lv,39.8742
2032,modern_selfid,TAR,csb,619.998
2032,modern_selfid,TAR,rue,689.134
2032,modern_selfid,TAR,rom,943.149
2032,modern_selfid,TAR,kdr,2.12437
2032,modern_selfid,TAR,other,1143.11
2032,modern_selfid,LT_KAU,pl,16534.8
2032,modern_selfid,LT_KAU,uk,1757.78
2032,modern_selfid,LT_KAU,be,788.363
2032,modern_selfid,LT_KAU,tut,75.0998
2032,modern_selfid,LT_KAU,yi,3137.02
2032,modern_selfid,LT_KAU,de,4377.66
2032,modern_selfid,LT_KAU,ru,7195.55
2032,modern_selfid,LT_KAU,lt,264153
2032,modern_selfid,LT_KAU,cs,28.7
2032,modern_selfid,LT_KAU,lv,406.073
2032,modern_selfid,LT_KAU,csb,51.6776
2032,modern_selfid,LT_KAU,rue,26.4796
2032,modern_selfid,LT_KAU,rom,502.295
2032,modern_selfid,LT_KAU,kdr,1.57217
2032,modern_selfid,LT_KAU,other,840.822
2032,modern_selfid,LT_LAU,pl,17728.1
2032,modern_selfid,LT_LAU,uk,1395.56
2032,modern_selfid,LT_LAU,be,635.341
2032,modern_selfid,LT_LAU,tut,60.7521
2032,modern_selfid,LT_LAU,yi,3246.18
2032,modern_selfid,LT_LAU,de,2573.86
2032,modern_selfid,LT_LAU,ru,7621.12
2032,modern_selfid,LT_LAU,lt,386935
2032,modern_selfid,LT_LAU,cs,23.7932
2032,modern_selfid,LT_LAU,lv,804.433
2032,modern_selfid,LT_LAU,csb,41.8012
2032,modern_selfid,LT_LAU,rue,21.2256
2032,modern_selfid,LT_LAU,rom,171.475
2032,modern_selfid,LT_LAU,kdr,13.9963
2032,modern_selfid,LT_LAU,other,660.664
2032,modern_selfid,LT_ZEM,pl,8714.47
2032,modern_selfid,LT_ZEM,uk,1540.15
2032,modern_selfid,LT_ZEM,be,690.802
2032,modern_selfid,LT_ZEM,tut,66.2973
2032,modern_selfid,LT_ZEM,yi,3505.4
2032,modern_selfid,LT_ZEM,de,4005.93
2032,modern_selfid,LT_ZEM,ru,5183.06
2032,modern_selfid,LT_ZEM,lt,436221
2032,modern_selfid,LT_ZEM,cs,25.6297
2032,modern_selfid,LT_ZEM,lv,2775.1
2032,modern_selfid,LT_ZEM,csb,45.5689
2032,modern_selfid,LT_ZEM,rue,24.04
2032,modern_selfid,LT_ZEM,rom,301.731
2032,modern_selfid,LT_ZEM,kdr,1.75302
2032,modern_selfid,LT_ZEM,other,766.62
2032,modern_selfid,LT_SUV,pl,10554.4
2032,modern_selfid,LT_SUV,uk,1593.95
2032,modern_selfid,LT_SUV,be,893.6
2032,modern_selfid,LT_SUV,tut,69.7656
2032,modern_selfid,LT_SUV,yi,2973.96
2032,modern_selfid,LT_SUV,de,8224.19
2032,modern_selfid,LT_SUV,ru,4030.66
2032,modern_selfid,LT_SUV,lt,336830
2032,modern_selfid,LT_SUV,cs,25.8385
2032,modern_selfid,LT_SUV,lv,331.075
2032,modern_selfid,LT_SUV,csb,46.392
2032,modern_selfid,LT_SUV,rue,25.3659
2032,modern_selfid,LT_SUV,rom,740.948
2032,modern_selfid,LT_SUV,kdr,1.22337
2032,modern_selfid,LT_SUV,other,595.056
2032,modern_selfid,LT_NEA,pl,14607
2032,modern_selfid,LT_NEA,uk,1110.01
2032,modern_selfid,LT_NEA,be,1001.23
2032,modern_selfid,LT_NEA,tut,48.0715
2032,modern_selfid,LT_NEA,yi,2596.09
2032,modern_selfid,LT_NEA,de,1463.27
2032,modern_selfid,LT_NEA,ru,17268.7
2032,modern_selfid,LT_NEA,lt,307722
2032,modern_selfid,LT_NEA,cs,19.0279
2032,modern_selfid,LT_NEA,lv,3386.33
2032,modern_selfid,LT_NEA,csb,30.7157
2032,modern_selfid,LT_NEA,rue,15.7191
2032,modern_selfid,LT_NEA,rom,119.977
2032,modern_selfid,LT_NEA,kdr,1.24008
2032,modern_selfid,LT_NEA,other,559.215
2032,modern_selfid,LT_KLA,pl,3487.3
2032,modern_selfid,LT_KLA,uk,1030.23
2032,modern_selfid,LT_KLA,be,422.499
2032,modern_selfid,LT_KLA,tut,43.1532
2032,modern_selfid,LT_KLA,yi,1120.8
2032,modern_selfid,LT_KLA,de,22944.2
2032,modern_selfid,LT_KLA,ru,1715.33
2032,modern_selfid,LT_KLA,lt,140540
2032,modern_selfid,LT_KLA,cs,16.6487
2032,modern_selfid,LT_KLA,lv,255.566
2032,modern_selfid,LT_KLA,csb,34.4795
2032,modern_selfid,LT_KLA,rue,15.8205
2032,modern_selfid,LT_KLA,rom,113.384
2032,modern_selfid,LT_KLA,kdr,0.921751
2032,modern_selfid,LT_KLA,other,524.362
2032,polish_1931,WAW,pl,2.26439e+06
2032,polish_1931,WAW,uk,264178
2032,polish_1931,WAW,ruth,43153.4
2032,polish_1931,WAW,be,41938.2
2032,polish_1931,WAW,tut,20141.2
2032,polish_1931,WAW,yi,184178
2032,polish_1931,WAW,he,7565.01
2032,polish_1931,WAW,de,19521.2
2032,polish_1931,WAW,ru,14414.2
2032,polish_1931,WAW,lt,23416.2
2032,polish_1931,WAW,cs,2551.81
2032,polish_1931,WAW,lv,271.604
2032,polish_1931,WAW,other,8465.02
2032,polish_1931,WAR,pl,2.28723e+06
2032,polish_1931,WAR,uk,72331.5
2032,polish_1931,WAR,ruth,12518.3
2032,polish_1931,WAR,be,14494.7
2032,polish_1931,WAR,tut,7842.68
2032,polish_1931,WAR,yi,130717
2032,polish_1931,WAR,he,5329.59
2032,polish_1931,WAR,de,26243.1
2032,polish_1931,WAR,ru,10027.6
2032,polish_1931,WAR,lt,8806.72
2032,polish_1931,WAR,cs,1073.96
2032,polish_1931,WAR,lv,110.578
2032,polish_1931,WAR,other,4650.91
2032,polish_1931,LOD,pl,2.73039e+06
2032,polish_1931,LOD,uk,126089
2032,polish_1931,LOD,ruth,21685.2
2032,polish_1931,LOD,be,24980.1
2032,polish_1931,LOD,tut,13196
2032,polish_1931,LOD,yi,196357
2032,polish_1931,LOD,he,8011.51
2032,polish_1931,LOD,de,61636.8
2032,polish_1931,LOD,ru,10073.9
2032,polish_1931,LOD,lt,15188.5
2032,polish_1931,LOD,cs,1816.5
2032,polish_1931,LOD,lv,193.7
2032,polish_1931,LOD,other,6926.6
2032,polish_1931,KIE,pl,3.16603e+06
2032,polish_1931,KIE,uk,102397
2032,polish_1931,KIE,ruth,18079.9
2032,polish_1931,KIE,be,19230.2
2032,polish_1931,KIE,tut,10273.7
2032,polish_1931,KIE,yi,203702
2032,polish_1931,KIE,he,8303.68
2032,polish_1931,KIE,de,15976.5
2032,polish_1931,KIE,ru,9615.63
2032,polish_1931,KIE,lt,11283.9
2032,polish_1931,KIE,cs,1515.49
2032,polish_1931,KIE,lv,145.305
2032,polish_1931,KIE,other,5942.41
2032,polish_1931,LUB,pl,3.38346e+06
2032,polish_1931,LUB,uk,346390
2032,polish_1931,LUB,ruth,39972.5
2032,polish_1931,LUB,be,22625.7
2032,polish_1931,LUB,tut,12566
2032,polish_1931,LUB,yi,161329
2032,polish_1931,LUB,he,6644.6
2032,polish_1931,LUB,de,15878.7
2032,polish_1931,LUB,ru,14518.1
2032,polish_1931,LUB,lt,10525.6
2032,polish_1931,LUB,cs,1810.47
2032,polish_1931,LUB,lv,129.292
2032,polish_1931,LUB,other,3262.13
2032,polish_1931,BIA,pl,1.8085e+06
2032,polish_1931,BIA,uk,69948.7
2032,polish_1931,BIA,ruth,10084.2
2032,polish_1931,BIA,be,135748
2032,polish_1931,BIA,tut,8329.67
2032,polish_1931,BIA,yi,118779
2032,polish_1931,BIA,he,4946.45
2032,polish_1931,BIA,de,8747.03
2032,polish_1931,BIA,ru,42243.4
2032,polish_1931,BIA,lt,15679
2032,polish_1931,BIA,cs,988.249
2032,polish_1931,BIA,lv,124.124
2032,polish_1931,BIA,other,2277.69
2032,polish_1931,WIL,pl,1.11332e+06
2032,polish_1931,WIL,uk,34802.1
2032,polish_1931,WIL,ruth,5053.23
2032,polish_1931,WIL,be,146895
2032,polish_1931,WIL,tut,6873.75
2032,polish_1931,WIL,yi,55287.6
2032,polish_1931,WIL,he,2358.35
2032,polish_1931,WIL,de,3530.5
2032,polish_1931,WIL,ru,40962.7
2032,polish_1931,WIL,lt,36759.2
2032,polish_1931,WIL,cs,580.538
2032,polish_1931,WIL,lv,109.215
2032,polish_1931,WIL,other,1697
2032,polish_1931,NOW,pl,1.52328e+06
2032,polish_1931,NOW,uk,44581.9
2032,polish_1931,NOW,ruth,5954.62
2032,polish_1931,NOW,be,372580
2032,polish_1931,NOW,tut,5740.82
2032,polish_1931,NOW,yi,50631.7
2032,polish_1931,NOW,he,2166.51
2032,polish_1931,NOW,de,2899.24
2032,polish_1931,NOW,ru,41937.9
2032,polish_1931,NOW,lt,6100.32
2032,polish_1931,NOW,cs,715.811
2032,polish_1931,NOW,lv,70.284
2032,polish_1931,NOW,other,1205.93
2032,polish_1931,POL,pl,2.63638e+06
2032,polish_1931,POL,uk,241623
2032,polish_1931,POL,ruth,14758.8
2032,polish_1931,POL,be,124630
2032,polish_1931,POL,tut,666305
2032,polish_1931,POL,yi,67274.8
2032,polish_1931,POL,he,2797.45
2032,polish_1931,POL,de,4331.14
2032,polish_1931,POL,ru,33746.1
2032,polish_1931,POL,lt,6830.51
2032,polish_1931,POL,cs,1043.44
2032,polish_1931,POL,lv,80.2899
2032,polish_1931,POL,other,2163.19
2032,polish_1931,WOL,pl,1.72265e+06
2032,polish_1931,WOL,uk,3.16924e+06
2032,polish_1931,WOL,ruth,84749
2032,polish_1931,WOL,be,18116.4
2032,polish_1931,WOL,tut,9467.11
2032,polish_1931,WOL,yi,112377
2032,polish_1931,WOL,he,4691.94
2032,polish_1931,WOL,de,26582
2032,polish_1931,WOL,ru,37094.4
2032,polish_1931,WOL,lt,7788.61
2032,polish_1931,WOL,cs,37372.3
2032,polish_1931,WOL,lv,92.5567
2032,polish_1931,WOL,other,4266.47
2032,polish_1931,POZ,pl,2.05755e+06
2032,polish_1931,POZ,uk,85253.5
2032,polish_1931,POZ,ruth,14904.6
2032,polish_1931,POZ,be,17207.4
2032,polish_1931,POZ,tut,9218.52
2032,polish_1931,POZ,yi,54704
2032,polish_1931,POZ,he,2334.76
2032,polish_1931,POZ,de,77984
2032,polish_1931,POZ,ru,6171.76
2032,polish_1931,POZ,lt,10726.9
2032,polish_1931,POZ,cs,1272.77
2032,polish_1931,POZ,lv,134.243
2032,polish_1931,POZ,other,3764.42
2032,polish_1931,POM,pl,1.51812e+06
2032,polish_1931,POM,uk,74463.2
2032,polish_1931,POM,ruth,12537.8
2032,polish_1931,POM,be,15224.6
2032,polish_1931,POM,tut,7901.11
2032,polish_1931,POM,yi,47066.1
2032,polish_1931,POM,he,2010.3
2032,polish_1931,POM,de,52697.6
2032,polish_1931,POM,ru,5342.57
2032,polish_1931,POM,lt,9356.28
2032,polish_1931,POM,cs,1067.38
2032,polish_1931,POM,lv,114.345
2032,polish_1931,POM,other,3225.61
2032,polish_1931,SLA,pl,1.9603e+06
2032,polish_1931,SLA,uk,131389
2032,polish_1931,SLA,ruth,24691.5
2032,polish_1931,SLA,be,20175.1
2032,polish_1931,SLA,tut,10974.1
2032,polish_1931,SLA,yi,71879.4
2032,polish_1931,SLA,he,3076.72
2032,polish_1931,SLA,de,35800.3
2032,polish_1931,SLA,ru,7152.54
2032,polish_1931,SLA,lt,12407.6
2032,polish_1931,SLA,cs,1663.06
2032,polish_1931,SLA,lv,151.967
2032,polish_1931,SLA,other,5188.44
2032,polish_1931,KRA,pl,1.98539e+06
2032,polish_1931,KRA,uk,87195.3
2032,polish_1931,KRA,ruth,48416
2032,polish_1931,KRA,be,13236.8
2032,polish_1931,KRA,tut,7329.38
2032,polish_1931,KRA,yi,94471.7
2032,polish_1931,KRA,he,3869.68
2032,polish_1931,KRA,de,10207.8
2032,polish_1931,KRA,ru,4858.54
2032,polish_1931,KRA,lt,7883.98
2032,polish_1931,KRA,cs,1153.66
2032,polish_1931,KRA,lv,99.4753
2032,polish_1931,KRA,other,3250.38
2032,polish_1931,LWO,pl,2.17974e+06
2032,polish_1931,LWO,uk,735365
2032,polish_1931,LWO,ruth,336185
2032,polish_1931,LWO,be,18665
2032,polish_1931,LWO,tut,11146.6
2032,polish_1931,LWO,yi,150749
2032,polish_1931,LWO,he,6258.16
2032,polish_1931,LWO,de,12988.4
2032,polish_1931,LWO,ru,6988.74
2032,polish_1931,LWO,lt,10178.7
2032,polish_1931,LWO,cs,2229.69
2032,polish_1931,LWO,lv,129.319
2032,polish_1931,LWO,other,5576.73
2032,polish_1931,STA,pl,667647
2032,polish_1931,STA,uk,551706
2032,polish_1931,STA,ruth,284778
2032,polish_1931,STA,be,6740.68
2032,polish_1931,STA,tut,4196.31
2032,polish_1931,STA,yi,57234.5
2032,polish_1931,STA,he,2395.45
2032,polish_1931,STA,de,8153.31
2032,polish_1931,STA,ru,2519.99
2032,polish_1931,STA,lt,3610.45
2032,polish_1931,STA,cs,796.406
2032,polish_1931,STA,lv,45.3515
2032,polish_1931,STA,other,2289.63
2032,polish_1931,TAR,pl,774914
2032,polish_1931,TAR,uk,382504
2032,polish_1931,TAR,ruth,180914
2032,polish_1931,TAR,be,6490.41
2032,polish_1931,TAR,tut,3936.23
2032,polish_1931,TAR,yi,44316.3
2032,polish_1931,TAR,he,1861.77
2032,polish_1931,TAR,de,3767.23
2032,polish_1931,TAR,ru,2418.72
2032,polish_1931,TAR,lt,3400.2
2032,polish_1931,TAR,cs,807.095
2032,polish_1931,TAR,lv,43.2888
2032,polish_1931,TAR,other,1330.57
2032,polish_1931,LT_KAU,pl,83965.1
2032,polish_1931,LT_KAU,uk,1509.81
2032,polish_1931,LT_KAU,ruth,230.578
2032,polish_1931,LT_KAU,be,628.169
2032,polish_1931,LT_KAU,tut,258.343
2032,polish_1931,LT_KAU,yi,3224.96
2032,polish_1931,LT_KAU,he,282.377
2032,polish_1931,LT_KAU,de,4670.32
2032,polish_1931,LT_KAU,ru,7403.98
2032,polish_1931,LT_KAU,lt,196272
2032,polish_1931,LT_KAU,cs,31.025
2032,polish_1931,LT_KAU,lv,459.043
2032,polish_1931,LT_KAU,other,941.32
2032,polish_1931,LT_LAU,pl,115425
2032,polish_1931,LT_LAU,uk,1199.04
2032,polish_1931,LT_LAU,ruth,179.975
2032,polish_1931,LT_LAU,be,499.74
2032,polish_1931,LT_LAU,tut,208.987
2032,polish_1931,LT_LAU,yi,3321.34
2032,polish_1931,LT_LAU,he,322.235
2032,polish_1931,LT_LAU,de,2740.7
2032,polish_1931,LT_LAU,ru,7830.41
2032,polish_1931,LT_LAU,lt,288559
2032,polish_1931,LT_LAU,cs,25.6802
2032,polish_1931,LT_LAU,lv,908.644
2032,polish_1931,LT_LAU,other,712.473
2032,polish_1931,LT_ZEM,pl,118662
2032,polish_1931,LT_ZEM,uk,1318.81
2032,polish_1931,LT_ZEM,ruth,205.153
2032,polish_1931,LT_ZEM,be,545.903
2032,polish_1931,LT_ZEM,tut,228.063
2032,polish_1931,LT_ZEM,yi,3589.02
2032,polish_1931,LT_ZEM,he,345.137
2032,polish_1931,LT_ZEM,de,4273.28
2032,polish_1931,LT_ZEM,ru,5333.99
2032,polish_1931,LT_ZEM,lt,325378
2032,polish_1931,LT_ZEM,cs,27.6727
2032,polish_1931,LT_ZEM,lv,3132.94
2032,polish_1931,LT_ZEM,other,827.787
2032,polish_1931,LT_SUV,pl,96436.7
2032,polish_1931,LT_SUV,uk,1358.7
2032,polish_1931,LT_SUV,ruth,220.182
2032,polish_1931,LT_SUV,be,583.141
2032,polish_1931,LT_SUV,tut,239.994
2032,polish_1931,LT_SUV,yi,3049.48
2032,polish_1931,LT_SUV,he,277.496
2032,polish_1931,LT_SUV,de,8781.81
2032,polish_1931,LT_SUV,ru,4150.37
2032,polish_1931,LT_SUV,lt,250695
2032,polish_1931,LT_SUV,cs,27.9098
2032,polish_1931,LT_SUV,lv,373.82
2032,polish_1931,LT_SUV,other,742.084
2032,polish_1931,LT_NEA,pl,93575.1
2032,polish_1931,LT_NEA,uk,959.075
2032,polish_1931,LT_NEA,ruth,135.364
2032,polish_1931,LT_NEA,be,514.96
2032,polish_1931,LT_NEA,tut,165.366
2032,polish_1931,LT_NEA,yi,2651.74
2032,polish_1931,LT_NEA,he,263.371
2032,polish_1931,LT_NEA,de,1554.75
2032,polish_1931,LT_NEA,ru,17679.6
2032,polish_1931,LT_NEA,lt,228027
2032,polish_1931,LT_NEA,cs,20.5183
2032,polish_1931,LT_NEA,lv,3817.63
2032,polish_1931,LT_NEA,other,584.092
2032,polish_1931,LT_KLA,pl,39704.2
2032,polish_1931,LT_KLA,uk,882.963
2032,polish_1931,LT_KLA,ruth,133.499
2032,polish_1931,LT_KLA,be,333.164
2032,polish_1931,LT_KLA,tut,148.447
2032,polish_1931,LT_KLA,yi,1148.84
2032,polish_1931,LT_KLA,he,92.4487
2032,polish_1931,LT_KLA,de,24407.8
2032,polish_1931,LT_KLA,ru,1770.01
2032,polish_1931,LT_KLA,lt,102789
2032,polish_1931,LT_KLA,cs,17.9212
2032,polish_1931,LT_KLA,lv,288.847
2032,polish_1931,LT_KLA,other,547.514
