year,region,community,language,rural,urban,bilingual
1935,WAW,RC,pl,9915.26,800245,810160
1935,WAW,RC,be,65.2362,255.181,163.238
1935,WAW,RC,pls,14.7782,57.9568,33.438
1935,WAW,RC,de,55.6558,551.444,461
1935,WAW,RC,lt,144.573,571.226,145.452
1935,WAW,RC,csb,88.4232,347.406,330.94
1935,WAW,RC,cs,11.8452,46.5269,30.8071
1935,WAW,RC,rom,24.5166,586.869,421.421
1935,WAW,RC,wym,0.489336,1.91183,1.95419
1935,WAW,RC,oth,27.2204,661.15,495.15
1935,WAW,GC,pl,85.2838,2104.02,2189.3
1935,WAW,GC,uk,497.807,2540.36,1411.49
1935,WAW,GC,rue,23.4149,92.498,42.9044
1935,WAW,OR,pl,299.94,6590,6889.94
1935,WAW,OR,uk,659.528,3179.55,1189.36
1935,WAW,OR,be,479.725,1888.31,729.478
1935,WAW,OR,pls,294.534,1160.02,326.46
1935,WAW,OR,ru,87.4972,6109.77,3965.53
1935,WAW,OR,rue,0.96247,3.81121,1.55604
1935,WAW,OR,cs,5.35524,21.1327,11.844
1935,WAW,JW,pl,349.02,35654.3,36003.4
1935,WAW,JW,yi,1676.45,234283,189078
1935,WAW,JW,de,0.266471,4.65525,1.91507
1935,WAW,JW,ru,0.0571926,4.05696,1.65749
1935,WAW,JW,lt,0.261075,0.983032,0.0581724
1935,WAW,JH,pl,0.301931,27.657,27.9589
1935,WAW,JH,yi,688.905,84968.9,44193.7
1935,WAW,PR,pl,115.64,26485.3,26600.9
1935,WAW,PR,de,198.891,3807.31,2611.39
1935,WAW,PR,lt,1.40857,5.57939,0.227396
1935,WAW,PR,cs,1.71139,6.75425,3.90866
1935,WAW,PR,lv,1.94884,7.73195,0.326875
1935,WAW,OT,pl,52.1088,7767.06,7819.17
1935,WAW,OT,kdr,0.442064,1.74828,1.69667
1935,WAW,OT,oth,9.93256,600.015,440.872
1935,WAR,RC,pl,1.88869e+06,402037,2.29073e+06
1935,WAR,RC,be,21.7283,75.3202,49.1036
1935,WAR,RC,pls,5.23956,18.1806,10.6652
1935,WAR,RC,de,4070.87,867.669,3188.54
1935,WAR,RC,lt,54.2091,189.052,48.7687
1935,WAR,RC,csb,90.2036,312.527,302.786
1935,WAR,RC,cs,4.65596,16.1631,10.8866
1935,WAR,RC,rom,2577.75,550.724,1705.57
1935,WAR,RC,wym,0.263967,0.921276,0.961281
1935,WAR,RC,oth,6367.32,2497.74,4737.66
1935,WAR,GC,pl,42.897,137.367,180.264
1935,WAR,GC,uk,1389.37,595.751,772.929
1935,WAR,GC,rue,11.0111,38.4558,18.0745
1935,WAR,OR,pl,1273.74,731.253,2005
1935,WAR,OR,uk,1444.02,768.449,586.718
1935,WAR,OR,be,160.611,559.531,218.94
1935,WAR,OR,pls,104.408,363.808,103.675
1935,WAR,OR,ru,6025.44,1904.34,3697.3
1935,WAR,OR,rue,0.379479,1.32466,0.547174
1935,WAR,OR,cs,2.10819,7.34846,4.17954
1935,WAR,JW,pl,4354.26,21498,25852.3
1935,WAR,JW,yi,25146.2,104634,96532.9
1935,WAR,JW,de,3.3156,12.9313,5.10884
1935,WAR,JW,ru,0.1595,1.11953,0.409175
1935,WAR,JH,pl,19.8437,19.3705,39.2142
1935,WAR,JH,yi,23153.5,55301.4,35020.9
1935,WAR,PR,pl,15134.8,3420.19,18555
1935,WAR,PR,de,36527.8,7131.67,19836.8
1935,WAR,PR,lt,0.527287,1.84531,0.0750473
1935,WAR,PR,cs,0.672507,2.34548,1.37989
1935,WAR,PR,lv,0.774337,2.70936,0.111155
1935,WAR,OT,pl,1118.97,334.95,1453.92
1935,WAR,OT,kdr,0.175414,0.612107,0.60495
1935,WAR,OT,oth,906.338,365.609,685.957
1935,LOD,RC,pl,1.30312e+06,772050,2.07517e+06
1935,LOD,RC,be,42.0569,145.826,95.2895
1935,LOD,RC,pls,10.1401,35.1534,20.6983
1935,LOD,RC,de,7136.13,8130.93,10792.2
1935,LOD,RC,lt,104.88,364.926,94.6897
1935,LOD,RC,csb,107.726,373.094,362.902
1935,LOD,RC,cs,9.00894,31.2445,21.1204
1935,LOD,RC,rom,1323.3,807.599,1251.69
1935,LOD,RC,wym,0.610816,2.13385,2.22767
1935,LOD,RC,oth,6763.82,7476.34,8644.65
1935,LOD,GC,pl,76.7789,268.897,345.676
1935,LOD,GC,uk,291.81,1017.25,522.229
1935,LOD,GC,rue,23.9144,83.3253,39.3792
1935,LOD,OR,pl,3712.22,2881.96,6594.18
1935,LOD,OR,uk,382.433,1333.64,436.387
1935,LOD,OR,be,310.804,1080.35,424.997
1935,LOD,OR,pls,202.018,702.715,201.234
1935,LOD,OR,ru,1511.93,1450.15,1529.22
1935,LOD,OR,rue,0.743437,2.58766,1.07532
1935,LOD,OR,cs,4.07858,14.1857,8.10817
1935,LOD,JW,pl,2696.34,34679.8,37376.2
1935,LOD,JW,yi,17883.1,202730,171514
1935,LOD,JW,de,7.26482,192.57,74.2215
1935,LOD,JW,ru,0.0607895,0.59876,0.22764
1935,LOD,JW,lt,0.165571,0.61297,0.0291594
1935,LOD,JH,pl,14.8973,37.6258,52.523
1935,LOD,JH,yi,17297.7,115597,64523.9
1935,LOD,PR,pl,49319,28977,78296
1935,LOD,PR,de,63843.8,72057.6,75540.6
1935,LOD,PR,lt,1.0201,3.56351,0.146642
1935,LOD,PR,cs,1.30132,4.534,2.67693
1935,LOD,PR,lv,1.49794,5.23156,0.216917
1935,LOD,OT,pl,914.231,703.978,1618.21
1935,LOD,OT,kdr,0.339987,1.18531,1.17524
1935,LOD,OT,oth,618.313,705.912,806.127
1935,KIE,RC,pl,2.2228e+06,475021,2.69782e+06
1935,KIE,RC,be,23.6193,81.7816,53.27
1935,KIE,RC,pls,5.68719,19.7169,11.5499
1935,KIE,RC,de,1040,358.978,911.794
1935,KIE,RC,lt,58.8355,204.979,52.7249
1935,KIE,RC,csb,52.9948,183.506,177.672
1935,KIE,RC,cs,5.72028,19.8402,13.3487
1935,KIE,RC,rom,2595.93,572.342,1712.94
1935,KIE,RC,wym,0.612513,2.13503,2.22593
1935,KIE,RC,oth,5303.27,2101.96,3930.85
1935,KIE,GC,pl,77.0344,270.537,347.571
1935,KIE,GC,uk,290.902,1015.48,517.527
1935,KIE,GC,rue,24.0327,83.8409,39.3337
1935,KIE,OR,pl,169.228,546.703,715.931
1935,KIE,OR,uk,242.111,845.547,274.302
1935,KIE,OR,be,174.301,606.589,236.798
1935,KIE,OR,pls,113.221,394.042,111.958
1935,KIE,OR,ru,2364.2,826.92,1474.77
1935,KIE,OR,rue,0.746546,2.60313,1.07276
1935,KIE,OR,cs,2.58972,9.01757,5.12149
1935,KIE,JW,pl,3264.83,17658.6,20923.4
1935,KIE,JW,yi,36451.1,152118,139569
1935,KIE,JW,de,0.732775,2.78511,1.09167
1935,KIE,JH,pl,27.9162,27.3206,55.2368
1935,KIE,JH,yi,33603.1,80339.5,50544.5
1935,KIE,PR,pl,163.912,394.802,558.713
1935,KIE,PR,de,9034.05,2057.02,5038.81
1935,KIE,PR,lt,0.572157,1.99989,0.0798948
1935,KIE,PR,cs,0.826122,2.87839,1.69134
1935,KIE,PR,lv,0.840345,2.93707,0.118436
1935,KIE,OT,pl,1305.47,397.075,1702.54
1935,KIE,OT,kdr,0.210105,0.73244,0.725953
1935,KIE,OT,oth,1056.13,429.246,796.013
1935,LUB,RC,pl,1.72272e+06,269549,1.99227e+06
1935,LUB,RC,be,1212.8,110.954,658.015
1935,LUB,RC,pls,7.10243,24.5574,14.3448
1935,LUB,RC,de,1567.28,253.801,1144.28
1935,LUB,RC,lt,47.5323,165.116,42.4401
1935,LUB,RC,csb,28.7117,99.1549,95.8369
1935,LUB,RC,cs,9.6072,33.2292,22.2996
1935,LUB,RC,rom,1846.81,266.405,1107.19
1935,LUB,RC,wym,0.262727,0.9116,0.950197
1935,LUB,RC,oth,12.3649,42.605,32.5047
1935,LUB,GC,pl,148.687,274.765,423.452
1935,LUB,GC,uk,26350.2,2436.16,10703.8
1935,LUB,GC,rue,15.7154,54.6832,25.5502
1935,LUB,OR,pl,121314,15503.3,136818
1935,LUB,OR,uk,78651.6,4689.19,21625.9
1935,LUB,OR,be,1422.89,679.713,636.462
1935,LUB,OR,pls,142.024,493.03,139.535
1935,LUB,OR,ru,4337.88,914.109,2317.23
1935,LUB,OR,rue,0.784605,2.72823,1.12112
1935,LUB,OR,cs,4.36148,15.1485,8.58422
1935,LUB,JW,pl,7691.35,22600.2,30291.5
1935,LUB,JW,yi,41405.7,105126,105103
1935,LUB,JW,de,1.50353,2.60362,1.18406
1935,LUB,JW,ru,0.164701,0.52133,0.203957
1935,LUB,JH,pl,27.6093,16.826,44.4352
1935,LUB,JH,yi,36062.7,52218.7,37145.9
1935,LUB,PR,pl,19312.6,3062,22374.6
1935,LUB,PR,de,14002.7,1824.39,6846.57
1935,LUB,PR,lt,0.461127,1.60696,0.0625937
1935,LUB,PR,cs,1.38999,4.82931,2.83163
1935,LUB,PR,lv,0.677096,2.35945,0.0927306
1935,LUB,OT,pl,2234.23,456.692,2690.92
1935,LUB,OT,kdr,0.194721,0.677116,0.67143
1935,LUB,OT,oth,5.48188,19.2736,12.8732
1935,BIA,RC,pl,880266,198066,1.07833e+06
1935,BIA,RC,be,19806.8,907.813,10365.8
1935,BIA,RC,pls,6.024,20.8912,12.1977
1935,BIA,RC,de,723.855,153.787,559.957
1935,BIA,RC,ru,1.58973,0.131849,0.353187
1935,BIA,RC,lt,12309.5,1567.5,5818.09
1935,BIA,RC,csb,21.5776,74.7516,72.2087
1935,BIA,RC,cs,4.50096,15.6168,10.476
1935,BIA,RC,rom,890.222,171.93,566.276
1935,BIA,RC,wym,0.122577,0.426078,0.444473
1935,BIA,RC,oth,632.023,223.74,444.595
1935,BIA,GC,pl,28.7757,101.164,129.939
1935,BIA,GC,uk,121.663,424.974,215.994
1935,BIA,GC,rue,6.56552,22.9299,10.7166
1935,BIA,OR,pl,118244,20074.8,138319
1935,BIA,OR,uk,3460.19,830.915,1122.99
1935,BIA,OR,be,184364,8261.34,59291.7
1935,BIA,OR,pls,120.513,419.49,118.698
1935,BIA,OR,ru,28579.3,7092.17,16131
1935,BIA,OR,rue,0.301919,1.05333,0.432669
1935,BIA,OR,cs,2.04111,7.11087,4.02774
1935,BIA,JW,pl,2438.98,10673.4,13112.3
1935,BIA,JW,yi,27166.1,92567.3,87128.5
1935,BIA,JW,de,0.715126,1.56154,0.669364
1935,BIA,JW,ru,2.21051,8.18564,3.17318
1935,BIA,JW,lt,1.03065,1.66868,0.577407
1935,BIA,JH,pl,17.4816,14.692,32.1736
1935,BIA,JH,yi,24462.6,47559.3,31184.9
1935,BIA,PR,pl,3540.07,899.503,4439.57
1935,BIA,PR,de,6451.98,1141.63,3362.04
1935,BIA,PR,lt,1.04643,3.53568,0.146464
1935,BIA,PR,cs,0.650527,2.2676,1.32907
1935,BIA,PR,lv,1.32836,4.64415,0.182558
1935,BIA,OT,pl,3485.01,826.868,4311.88
1935,BIA,OT,kdr,0.270916,0.944447,0.928079
1935,BIA,OT,oth,623.687,209.729,433.781
1935,WIL,RC,pl,527844,168301,696145
1935,WIL,RC,be,41735.1,1725.85,21612.8
1935,WIL,RC,pls,103.129,11.814,52.5605
1935,WIL,RC,de,114.528,37.2692,98.0736
1935,WIL,RC,ru,5.21641,0.397037,1.17955
1935,WIL,RC,lt,61251.3,7019.61,28910.1
1935,WIL,RC,csb,9.07557,31.3812,30.3598
1935,WIL,RC,cs,2.01083,6.96315,4.67742
1935,WIL,RC,rom,871.415,165.332,554.248
1935,WIL,RC,oth,951.757,332.523,668.417
1935,WIL,GC,pl,11.7948,41.2231,53.0178
1935,WIL,GC,uk,49.5251,172.35,87.8899
1935,WIL,GC,rue,2.75875,9.60237,4.49987
1935,WIL,OR,pl,70366.9,12735,83101.8
1935,WIL,OR,uk,83.9899,292.273,94.4869
1935,WIL,OR,be,243863,10721.7,77386.3
1935,WIL,OR,pls,5075.51,316.56,1250.04
1935,WIL,OR,ru,33154.6,8712.04,19008.6
1935,WIL,OR,lt,2.76008,0.431347,0.637591
1935,WIL,OR,rue,0.126875,0.440922,0.181618
1935,WIL,OR,cs,0.911239,3.16504,1.79757
1935,WIL,JW,pl,971.907,4622.59,5594.5
1935,WIL,JW,yi,14157.9,51756.3,48391.4
1935,WIL,JW,ru,2.04538,7.69413,3.26479
1935,WIL,JW,lt,6.53513,8.43607,4.17034
1935,WIL,JH,pl,8.45168,6.98082,15.4325
1935,WIL,JH,yi,12821.8,26587.3,17381.8
1935,WIL,PR,pl,2091.6,713.53,2805.13
1935,WIL,PR,de,1007.34,251.626,552.445
1935,WIL,PR,lt,2.06371,6.91491,0.282349
1935,WIL,PR,cs,0.290539,1.0106,0.593209
1935,WIL,PR,lv,1.85901,6.47688,0.2497
1935,WIL,OT,pl,3950.44,1278.29,5228.73
1935,WIL,OT,kdr,243.637,167.652,315.598
1935,WIL,OT,oth,634.863,224.574,448.652
1935,NOW,RC,pl,359645,58219.7,417864
1935,NOW,RC,be,20394,490.804,10092.7
1935,NOW,RC,pls,2.81205,9.7312,5.65007
1935,NOW,RC,de,4.32931,14.9877,13.442
1935,NOW,RC,ru,0.630971,0.032326,0.127981
1935,NOW,RC,lt,1068.82,184.281,468.369
1935,NOW,RC,csb,5.83734,20.1825,19.4336
1935,NOW,RC,cs,2.54481,8.80968,5.88528
1935,NOW,RC,rom,954.784,79.6259,528.541
1935,NOW,RC,oth,2.78424,9.60791,7.2195
1935,NOW,GC,pl,12.6196,44.2164,56.836
1935,NOW,GC,uk,55.3812,193.033,97.6999
1935,NOW,GC,rue,2.7714,9.65492,4.48706
1935,NOW,OR,pl,142808,10689.4,153498
1935,NOW,OR,uk,105.482,367.702,117.599
1935,NOW,OR,be,398281,8393.64,117774
1935,NOW,OR,pls,56.3652,196.034,54.8321
1935,NOW,OR,ru,11810.2,1323.07,5536.05
1935,NOW,OR,rue,0.140664,0.489732,0.19998
1935,NOW,OR,cs,1.15482,4.01661,2.26593
1935,NOW,JW,pl,1381.53,2661.71,4043.24
1935,NOW,JW,yi,18738.9,27517.6,31663.5
1935,NOW,JW,ru,0.810325,1.03142,0.52345
1935,NOW,JH,pl,9.0327,3.26936,12.3021
1935,NOW,JH,yi,15056.4,12529.7,10819.5
1935,NOW,PR,pl,2812.19,477.833,3290.02
1935,NOW,PR,de,17.6563,61.4365,36.0507
1935,NOW,PR,lt,0.398374,1.38855,0.0500939
1935,NOW,PR,cs,0.368108,1.28003,0.747331
1935,NOW,PR,lv,0.575213,2.00485,0.0730875
1935,NOW,OT,pl,2795.79,464.206,3260
1935,NOW,OT,kdr,0.119673,0.416345,0.408327
1935,NOW,OT,oth,1.72926,6.03893,3.30308
1935,POL,RC,pl,83701.2,41981.8,125683
1935,POL,RC,be,3610.23,203.796,1821.64
1935,POL,RC,pls,13992.9,366.73,6261.55
1935,POL,RC,de,6.63712,22.9364,20.6368
1935,POL,RC,ru,0.556578,0.0427006,0.103057
1935,POL,RC,lt,26.6773,92.5786,23.2584
1935,POL,RC,csb,9.24725,31.9102,30.6247
1935,POL,RC,cs,3.32375,11.4861,7.64015
1935,POL,RC,rom,438.47,89.657,271.001
1935,POL,RC,oth,426.435,154.51,290.288
1935,POL,GC,pl,17.4866,61.5091,78.9957
1935,POL,GC,uk,130.107,452.755,227.413
1935,POL,GC,rue,4.39737,15.297,7.05202
1935,POL,OR,pl,43472.5,7435.76,50908.2
1935,POL,OR,uk,54230.3,3299.49,13929
1935,POL,OR,be,70777.6,3337.11,21156.1
1935,POL,OR,pls,702320,18403,153840
1935,POL,OR,ru,13906.5,3635.55,7581.75
1935,POL,OR,rue,0.22328,0.775724,0.313887
1935,POL,OR,cs,1.51001,5.24024,2.94002
1935,POL,JW,pl,499.79,2670.31,3170.1
1935,POL,JW,yi,14932.2,53902.2,48964.4
1935,POL,JW,ru,2.27151,4.50747,1.84177
1935,POL,JH,pl,8.90563,6.9307,15.8363
1935,POL,JH,yi,13518.1,27770.6,17343.8
1935,POL,PR,pl,6081.42,3166.99,9248.41
1935,POL,PR,de,24.6209,85.4601,53.7503
1935,POL,PR,lt,0.25907,0.90126,0.0294409
1935,POL,PR,cs,0.481143,1.66923,0.969657
1935,POL,PR,lv,0.380112,1.32231,0.0436166
1935,POL,OT,pl,4165.65,2163.92,6329.57
1935,POL,OT,oth,421.281,146.924,285.865
1935,WOL,RC,pl,243576,82839.4,326415
1935,WOL,RC,uk,62.0174,1.22815,11.5934
1935,WOL,RC,be,213.144,45.7241,125.128
1935,WOL,RC,pls,3.52541,12.1843,7.04545
1935,WOL,RC,de,4068.12,527.637,2816.25
1935,WOL,RC,lt,22.4922,78.0691,19.5948
1935,WOL,RC,csb,8.72279,30.1183,28.9494
1935,WOL,RC,cs,16901.6,647.201,8723.63
1935,WOL,RC,rom,1358.01,202.134,797.038
1935,WOL,RC,oth,1663.56,447.373,1032.54
1935,WOL,GC,pl,45.226,161.17,206.396
1935,WOL,GC,uk,815.698,2835.94,1425.9
1935,WOL,GC,rue,8.94696,31.1035,14.3501
1935,WOL,OR,pl,765.372,531.717,1297.09
1935,WOL,OR,uk,1.42888e+06,56092.9,356633
1935,WOL,OR,be,1978.06,407.078,685.759
1935,WOL,OR,pls,70.5947,245.19,67.8584
1935,WOL,OR,ru,19677.9,3986.23,10119.9
1935,WOL,OR,rue,0.58729,2.04182,0.827711
1935,WOL,OR,cs,10916.6,423.765,4788.66
1935,WOL,JW,pl,1051.02,4591.97,5642.99
1935,WOL,JW,yi,33024.7,92316.7,88439.9
1935,WOL,JW,de,14.03,10.6826,6.28836
1935,WOL,JW,ru,2.89812,4.2187,1.94965
1935,WOL,JH,pl,18.2053,11.382,29.5873
1935,WOL,JH,yi,29123.7,46084.4,31027.3
1935,WOL,PR,pl,8471.95,2869.57,11341.5
1935,WOL,PR,de,36663.1,4593.32,17256.8
1935,WOL,PR,lt,0.218825,0.76169,0.0250904
1935,WOL,PR,cs,3074.12,118.959,1386.05
1935,WOL,PR,lv,0.321401,1.11863,0.0371241
1935,WOL,OT,pl,23853.1,7918.07,31771.2
1935,WOL,OT,kdr,32.2841,17.1692,36.7782
1935,WOL,OT,oth,1609.93,425.777,1006.47
1935,POZ,RC,pl,1.22153e+06,705484,1.92701e+06
1935,POZ,RC,be,23.9626,83.3976,54.5721
1935,POZ,RC,pls,5.78061,20.1153,11.865
1935,POZ,RC,de,15336.5,7869.77,15823.8
1935,POZ,RC,lt,59.7954,209.062,54.5577
1935,POZ,RC,csb,109.583,380.799,370.232
1935,POZ,RC,cs,5.13926,17.8911,12.101
1935,POZ,RC,rom,342.16,233.082,339.495
1935,POZ,RC,wym,0.37258,1.30541,1.36356
1935,POZ,RC,oth,19.1882,66.5494,52.1925
1935,POZ,GC,pl,47.4603,167.189,214.65
1935,POZ,GC,uk,177.598,622.067,319.752
1935,POZ,GC,rue,14.5872,51.0641,24.1806
1935,POZ,OR,pl,150.32,531.156,681.475
1935,POZ,OR,uk,217.987,763.758,251.001
1935,POZ,OR,be,177.074,617.997,244.023
1935,POZ,OR,pls,115.091,401.855,115.865
1935,POZ,OR,ru,39.311,137.246,80.6461
1935,POZ,OR,rue,0.45356,1.58603,0.660858
1935,POZ,OR,cs,2.32617,8.12248,4.64584
1935,POZ,JW,pl,403.251,3073.33,3476.58
1935,POZ,JW,yi,877.469,6436.25,5719.04
1935,POZ,JW,de,0.909957,9.19252,3.99344
1935,POZ,JH,pl,0.35623,2.6196,2.97583
1935,POZ,JH,yi,268.823,1205,709.372
1935,POZ,PR,pl,26522.7,15490,42012.7
1935,POZ,PR,de,112449,57365.1,86397.1
1935,POZ,PR,lt,0.581483,2.04053,0.0886542
1935,POZ,PR,cs,0.74218,2.59544,1.53394
1935,POZ,PR,lv,0.854063,2.99613,0.131247
1935,POZ,OT,pl,4136.64,2411.96,6548.6
1935,POZ,OT,kdr,0.195577,0.684004,0.678243
1935,POZ,OT,oth,5.5287,21.3201,13.2104
1935,POM,RC,pl,506709,291113,797822
1935,POM,RC,be,16.9354,58.8198,38.4433
1935,POM,RC,pls,4.08345,14.1905,8.35019
1935,POM,RC,de,8522.65,4297.94,8613.38
1935,POM,RC,lt,42.2744,147.609,38.3203
1935,POM,RC,csb,169630,32532.6,147043
1935,POM,RC,cs,3.62688,12.6093,8.50909
1935,POM,RC,rom,210.347,143.875,205.797
1935,POM,RC,wym,0.221917,0.776623,0.811357
1935,POM,RC,oth,1051.58,1135.57,1315.41
1935,POM,GC,pl,30.1418,106.048,136.19
1935,POM,GC,uk,116.256,406.615,208.38
1935,POM,GC,rue,8.9795,31.4023,14.8244
1935,POM,OR,pl,104.203,368.183,472.386
1935,POM,OR,uk,154.259,539.856,176.735
1935,POM,OR,be,125.171,436.469,171.729
1935,POM,OR,pls,81.2797,283.464,81.4434
1935,POM,OR,ru,28.105,98.0334,57.4645
1935,POM,OR,rue,0.295515,1.03236,0.428542
1935,POM,OR,cs,1.64158,5.72713,3.26578
1935,POM,JW,pl,166.027,743.96,909.988
1935,POM,JW,yi,552.316,3630.58,3257.2
1935,POM,JW,de,0.637327,6.5709,2.59932
1935,POM,JH,pl,0.237253,1.59635,1.83361
1935,POM,JH,yi,176.467,749.157,441.626
1935,POM,PR,pl,12929.3,7422.14,20351.4
1935,POM,PR,de,62410.9,31178.7,46898.6
1935,POM,PR,lt,0.432792,1.51689,0.0648166
1935,POM,PR,cs,0.523562,1.82885,1.07839
1935,POM,PR,lv,0.602805,2.11217,0.0908432
1935,POM,OT,pl,23.2465,81.4735,104.72
1935,POM,OT,kdr,0.136628,0.477348,0.472298
1935,POM,OT,oth,4.02539,14.9035,9.52457
1935,SLA,RC,pl,760436,407658,1.16809e+06
1935,SLA,RC,be,23.1321,80.8387,52.8989
1935,SLA,RC,pls,6.00655,20.9914,12.3902
1935,SLA,RC,de,39573.5,31649.2,50244.4
1935,SLA,RC,lt,55.4004,194.754,50.8896
1935,SLA,RC,csb,57.184,199.807,194.509
1935,SLA,RC,cs,6.28467,21.9722,14.8719
1935,SLA,RC,rom,360.689,245.863,359.542
1935,SLA,RC,wym,0.908041,3.18645,3.32697
1935,SLA,RC,oth,668.694,700.056,831.37
1935,SLA,GC,pl,115.132,408.319,523.451
1935,SLA,GC,uk,432.085,1521.8,782.46
1935,SLA,GC,rue,35.5238,125.019,59.2212
1935,SLA,OR,pl,157.206,559.664,716.87
1935,SLA,OR,uk,268.149,944.844,310.595
1935,SLA,OR,be,174.972,613.938,242.194
1935,SLA,OR,pls,119.431,419.153,120.866
1935,SLA,OR,ru,38.9035,136.586,80.3133
1935,SLA,OR,rue,1.10219,3.87591,1.61562
1935,SLA,OR,cs,2.84215,9.97533,5.70872
1935,SLA,JW,pl,1573.73,14461.6,16035.3
1935,SLA,JW,yi,1074.64,6990.31,6314.74
1935,SLA,JW,de,0.679093,10.7555,4.6668
1935,SLA,JH,pl,0.442479,3.0552,3.49767
1935,SLA,JH,yi,344.087,1438.48,856.863
1935,SLA,PR,pl,39659,20183.8,59842.8
1935,SLA,PR,de,13461.2,11436.4,13495
1935,SLA,PR,lt,0.538298,1.89826,0.0823865
1935,SLA,PR,cs,0.907701,3.1874,1.88487
1935,SLA,PR,lv,0.790386,2.78648,0.122163
1935,SLA,OT,pl,4404.83,2338.72,6743.55
1935,SLA,OT,kdr,0.22216,0.780033,0.779117
1935,SLA,OT,oth,649.057,644.639,789.57
1935,KRA,RC,pl,1.60381e+06,487123,2.09093e+06
1935,KRA,RC,be,15.9707,55.4295,36.2301
1935,KRA,RC,pls,4.72383,16.3984,9.65544
1935,KRA,RC,de,3632.89,1077.13,3118.75
1935,KRA,RC,lt,35.7801,124.84,32.3355
1935,KRA,RC,csb,33.1046,114.917,111.691
1935,KRA,RC,cs,5.19004,18.0232,12.1764
1935,KRA,RC,rom,4764.87,1409.2,3483.43
1935,KRA,RC,wym,1203.54,210.237,1102.02
1935,KRA,RC,oth,1470.11,865.307,1316.91
1935,KRA,GC,pl,18553.7,5678.06,24231.8
1935,KRA,GC,uk,370.979,1295.43,664.876
1935,KRA,GC,rue,59424.3,2123.99,22235.5
1935,KRA,OR,pl,115.289,406.136,521.425
1935,KRA,OR,uk,219.082,765.014,250.733
1935,KRA,OR,be,126.905,441.999,173.37
1935,KRA,OR,pls,94.0629,327.557,94.0906
1935,KRA,OR,ru,27.3021,95.1258,55.777
1935,KRA,OR,rue,1.2422,4.32854,1.79626
1935,KRA,OR,cs,2.3492,8.18274,4.6753
1935,KRA,JW,pl,5856.82,37786.6,43643.4
1935,KRA,JW,yi,10787,63633.2,56777
1935,KRA,JW,de,0.253532,1.51999,0.599101
1935,KRA,JH,pl,10.1727,22.3588,32.5315
1935,KRA,JH,yi,11871.5,40885.7,24672.4
1935,KRA,PR,pl,99.3698,284.893,384.262
1935,KRA,PR,de,3687.33,1247.83,2362.18
1935,KRA,PR,lt,0.347425,1.21623,0.0483345
1935,KRA,PR,cs,0.749623,2.61481,1.54362
1935,KRA,PR,lv,0.510232,1.78609,0.0717134
1935,KRA,OT,pl,30.5686,106.942,137.511
1935,KRA,OT,kdr,0.159538,0.556991,0.557287
1935,KRA,OT,oth,5.82693,20.9141,14.4754
1935,LWO,RC,pl,1.13041e+06,377515,1.50793e+06
1935,LWO,RC,be,18.0074,62.4217,40.7333
1935,LWO,RC,pls,6.06462,21.0768,12.3739
1935,LWO,RC,de,3121.26,697.044,2507.5
1935,LWO,RC,lt,36.5863,127.631,33.1178
1935,LWO,RC,csb,18.2698,63.4385,61.6071
1935,LWO,RC,cs,15.0573,52.3376,35.2822
1935,LWO,RC,rom,4201.53,943.511,2857.98
1935,LWO,RC,wym,0.397272,1.38174,1.44201
1935,LWO,RC,oth,4394.25,1856.02,3393.8
1935,LWO,GC,pl,124308,27413.1,151721
1935,LWO,GC,uk,971412,63534.3,401196
1935,LWO,GC,rue,54804.9,1539.07,20122.6
1935,LWO,OR,pl,6195.67,1754.55,7950.22
1935,LWO,OR,uk,6829.26,6061.49,3364.12
1935,LWO,OR,be,150.98,526.274,204.965
1935,LWO,OR,pls,120.931,421.499,120.181
1935,LWO,OR,ru,37.8357,131.925,76.8325
1935,LWO,OR,rue,4003.21,109.461,1306.56
1935,LWO,OR,cs,6.82875,23.8096,13.5781
1935,LWO,JW,pl,29677.2,138983,168661
1935,LWO,JW,yi,24843.9,110013,101441
1935,LWO,JW,de,0.607057,1.70558,0.767209
1935,LWO,JH,pl,19.2322,19.5607,38.7929
1935,LWO,JH,yi,26936.5,68246.3,43501
1935,LWO,PR,pl,7762.79,2667.21,10430
1935,LWO,PR,de,7304.11,1669.27,4141.3
1935,LWO,PR,lt,0.354283,1.24037,0.0491389
1935,LWO,PR,cs,2.17793,7.6048,4.47927
1935,LWO,PR,lv,0.520695,1.82294,0.0728995
1935,LWO,OT,pl,2475.39,982.343,3457.73
1935,LWO,OT,kdr,0.289306,1.01062,1.02014
1935,LWO,OT,oth,2183.58,928.796,1705.94
1935,STA,RC,pl,159602,74520.9,234123
1935,STA,RC,be,5.30012,18.3128,11.9078
1935,STA,RC,pls,1.78346,6.19252,3.61348
1935,STA,RC,de,4363.65,888.647,3394.67
1935,STA,RC,lt,10.7575,37.4959,9.60522
1935,STA,RC,csb,5.37615,18.6511,18.044
1935,STA,RC,cs,4.42956,15.3827,10.3212
1935,STA,RC,rom,1658.17,379.927,1113.15
1935,STA,RC,wym,0.11729,0.405692,0.422987
1935,STA,RC,oth,2566.64,1101.93,1957.17
1935,STA,GC,pl,57956.9,13108.6,71065.5
1935,STA,GC,uk,981168,61576.7,393684
1935,STA,GC,rue,12.4335,43.397,20.2478
1935,STA,OR,pl,36.2763,126.573,162.85
1935,STA,OR,uk,2616.09,2369.26,1270.12
1935,STA,OR,be,44.4008,154.67,59.6783
1935,STA,OR,pls,35.5892,124.007,34.9007
1935,STA,OR,ru,11.1313,38.7889,22.452
1935,STA,OR,rue,0.816724,2.84804,1.16962
1935,STA,OR,cs,2.00907,7.00056,3.97013
1935,STA,JW,pl,6151.14,29803.4,35954.6
1935,STA,JW,yi,10939.3,49768.7,45021.8
1935,STA,JW,de,1.36415,4.04523,1.75458
1935,STA,JH,pl,7.69218,7.87412,15.5663
1935,STA,JH,yi,11925.8,30967.9,19240.9
1935,STA,PR,pl,61.6606,83.8901,145.551
1935,STA,PR,de,10217.2,2105.76,5569.49
1935,STA,PR,cs,0.640805,2.23512,1.30987
1935,STA,PR,lv,0.153197,0.535765,0.0195685
1935,STA,OT,pl,1584.43,748.238,2332.67
1935,STA,OT,kdr,57.4598,49.5504,83.0161
1935,STA,OT,oth,1454.26,626.089,1121.65
1935,TAR,RC,pl,486559,124641,611199
1935,TAR,RC,be,5.28905,18.3051,11.9241
1935,TAR,RC,pls,1.77915,6.18921,3.61947
1935,TAR,RC,de,817.177,160.321,636.869
1935,TAR,RC,lt,10.7271,37.4626,9.65962
1935,TAR,RC,csb,5.36312,18.6419,18.0496
1935,TAR,RC,cs,4.41916,15.3757,10.3321
1935,TAR,RC,rom,858.565,171.685,564.847
1935,TAR,RC,wym,0.117184,0.405695,0.423172
1935,TAR,RC,oth,594.062,220.032,430.818
1935,TAR,GC,pl,107314,19287.4,126602
1935,TAR,GC,uk,703080,37241.7,282036
1935,TAR,GC,rue,12.3978,43.3712,20.3061
1935,TAR,OR,pl,40.4544,135.662,176.117
1935,TAR,OR,uk,4082.76,2071.17,1595.13
1935,TAR,OR,be,44.2749,154.538,59.8928
1935,TAR,OR,pls,35.5023,123.953,35.109
1935,TAR,OR,ru,11.1,38.7578,22.4928
1935,TAR,OR,rue,0.814278,2.84538,1.17357
1935,TAR,OR,cs,2.00375,6.99568,3.97676
1935,TAR,JW,pl,11657.2,44504.1,56161.4
1935,TAR,JW,yi,9658.94,35151.8,33124.9
1935,TAR,JH,pl,6.4908,5.58517,12.076
1935,TAR,JH,yi,10269.9,21332.7,14059.8
1935,TAR,PR,pl,2091.34,572.38,2663.72
1935,TAR,PR,de,1914.27,384.228,1040.23
1935,TAR,PR,cs,0.639288,2.23373,1.31189
1935,TAR,PR,lv,0.152787,0.535294,0.0205905
1935,TAR,OT,pl,4518.56,1159.82,5678.38
1935,TAR,OT,oth,587.599,209.349,425.124
1935,LT_KAU,RC,pl,10481.7,8652.54,9963.16
1935,LT_KAU,RC,be,6.11596,21.2295,12.0342
1935,LT_KAU,RC,de,1.26722,4.42202,2.21011
1935,LT_KAU,RC,lt,124144,65841.5,189986
1935,LT_KAU,RC,csb,0.378819,1.32427,0.0666766
1935,LT_KAU,RC,rom,527.37,430.758,551.213
1935,LT_KAU,RC,oth,0.207625,0.725197,0.0361038
1935,LT_KAU,GC,pl,0.203145,0.711568,0.0300823
1935,LT_KAU,GC,uk,2.03477,7.12678,0.3206
1935,LT_KAU,GC,rue,0.114033,0.399529,0.0183225
1935,LT_KAU,OR,pl,2.59177,8.6017,0.907695
1935,LT_KAU,OR,uk,3.45236,12.163,0.566471
1935,LT_KAU,OR,be,8.71472,30.4817,1.52244
1935,LT_KAU,OR,pls,2.12437,7.43698,0.371442
1935,LT_KAU,OR,ru,6128.36,7469.92,6520.06
1935,LT_KAU,OR,lt,26.4287,60.4335,86.8622
1935,LT_KAU,JW,pl,1.67544,25.1544,8.84156
1935,LT_KAU,JW,yi,2209.39,36317.1,20662.4
1935,LT_KAU,JW,de,0.179884,4.08607,1.63649
1935,LT_KAU,JW,ru,0.165293,8.10626,3.21286
1935,LT_KAU,JW,lt,34.3318,888.843,923.175
1935,LT_KAU,JH,yi,7.0654,35.0544,0.751403
1935,LT_KAU,PR,pl,0.636165,1.6947,0.317456
1935,LT_KAU,PR,de,4591.18,3500.65,3948.86
1935,LT_KAU,PR,lt,947.741,564.679,1512.42
1935,LT_KAU,PR,lv,8.80237,30.7988,21.9787
1935,LT_KAU,OT,pl,735.962,594.362,680.129
1935,LT_KAU,OT,lt,20.4729,58.3873,78.8602
1935,LT_KAU,OT,oth,1316.44,2110.91,1849.75
1935,LT_LAU,RC,pl,21217.4,2233.89,11606.7
1935,LT_LAU,RC,be,6.08796,21.1023,13.1863
1935,LT_LAU,RC,de,0.975613,3.40006,1.92575
1935,LT_LAU,RC,lt,418545,30824.8,449370
1935,LT_LAU,RC,csb,0.227532,0.794637,0.0388454
1935,LT_LAU,RC,rom,2.5791,8.94809,6.16263
1935,LT_LAU,GC,uk,1.22122,4.27494,0.186843
1935,LT_LAU,OR,pl,1.44582,3.70675,0.27951
1935,LT_LAU,OR,uk,2.0721,7.26659,0.328943
1935,LT_LAU,OR,be,5.23404,18.2954,0.886345
1935,LT_LAU,OR,pls,1.27483,4.46135,0.21611
1935,LT_LAU,OR,ru,9114.93,1423.29,4568.25
1935,LT_LAU,OR,lt,38.1707,11.9451,50.1159
1935,LT_LAU,JW,pl,2.1856,6.39764,2.26649
1935,LT_LAU,JW,yi,11420.4,23203.8,17097.7
1935,LT_LAU,JW,ru,0.284644,1.30273,0.559525
1935,LT_LAU,JW,lt,152.252,504.237,656.489
1935,LT_LAU,JH,yi,10.7175,24.1446,0.501067
1935,LT_LAU,PR,pl,0.27319,0.609194,0.0595142
1935,LT_LAU,PR,de,2345.9,347.149,1251.57
1935,LT_LAU,PR,lt,52.4982,132.139,184.637
1935,LT_LAU,PR,lv,996.493,85.1236,581.031
1935,LT_LAU,OT,pl,0.747347,2.13719,1.21201
1935,LT_LAU,OT,lt,13.7509,6.06236,19.8132
1935,LT_LAU,OT,kdr,72.6164,27.0724,71.3216
1935,LT_LAU,OT,oth,1201.37,247.366,708.082
1935,LT_ZEM,RC,pl,5327.86,726.969,2970.06
1935,LT_ZEM,RC,be,5.97395,20.7123,12.385
1935,LT_ZEM,RC,de,1.45783,5.08004,2.92158
1935,LT_ZEM,RC,lt,484190,37155.6,521346
1935,LT_ZEM,RC,csb,0.287425,1.00374,0.0489771
1935,LT_ZEM,RC,rom,281.283,38.6381,170.199
1935,LT_ZEM,RC,oth,0.138186,0.482161,0.0232974
1935,LT_ZEM,GC,uk,1.54353,5.40374,0.236108
1935,LT_ZEM,OR,pl,0.998718,3.39105,0.154093
1935,LT_ZEM,OR,uk,2.61943,9.18151,0.414991
1935,LT_ZEM,OR,be,6.61596,23.1203,1.11799
1935,LT_ZEM,OR,pls,1.61215,5.64044,0.272611
1935,LT_ZEM,OR,ru,5113.2,902.114,2605.4
1935,LT_ZEM,OR,lt,21.9682,7.93844,29.9066
1935,LT_ZEM,JW,pl,0.705217,2.53043,0.456172
1935,LT_ZEM,JW,yi,11373.5,24950.1,17978.4
1935,LT_ZEM,JW,de,0.191435,0.656897,0.29076
1935,LT_ZEM,JW,ru,0.120072,0.668046,0.275192
1935,LT_ZEM,JW,lt,152.016,552.43,704.446
1935,LT_ZEM,JH,yi,11.7259,28.4622,0.6221
1935,LT_ZEM,PR,pl,0.187498,0.559912,0.0338504
1935,LT_ZEM,PR,de,5233,694.841,2745.46
1935,LT_ZEM,PR,lt,5566.56,509.889,6076.44
1935,LT_ZEM,PR,lv,6662.01,334.115,3743.95
1935,LT_ZEM,OT,pl,0.584546,1.96807,1.09873
1935,LT_ZEM,OT,lt,15.8166,7.30268,23.1193
1935,LT_ZEM,OT,kdr,0.120278,0.420651,0.370906
1935,LT_ZEM,OT,oth,1434.87,314.919,854.773
1935,LT_SUV,RC,pl,8941.8,845.146,4838.22
1935,LT_SUV,RC,be,2306.44,57.84,1286.11
1935,LT_SUV,RC,de,0.932872,3.25324,1.6225
1935,LT_SUV,RC,lt,394882,23371.9,418253
1935,LT_SUV,RC,csb,0.265513,0.927566,0.0459083
1935,LT_SUV,RC,rom,1463.36,120.689,845.338
1935,LT_SUV,RC,oth,0.127557,0.445252,0.0218061
1935,LT_SUV,GC,uk,1.4272,4.99875,0.221132
1935,LT_SUV,OR,pl,1.06686,3.49733,0.170969
1935,LT_SUV,OR,uk,2.42145,8.48755,0.389207
1935,LT_SUV,OR,be,6.48287,22.6686,1.11241
1935,LT_SUV,OR,pls,1.49077,5.21882,0.256175
1935,LT_SUV,OR,ru,4348.37,578.692,2136.14
1935,LT_SUV,OR,lt,19.0154,5.213,24.2284
1935,LT_SUV,JW,pl,1.03296,3.02941,0.724977
1935,LT_SUV,JW,yi,10500.5,17170.3,13514.5
1935,LT_SUV,JW,de,0.904137,1.86147,0.94277
1935,LT_SUV,JW,ru,0.115215,0.448782,0.19835
1935,LT_SUV,JW,lt,141.819,381.355,523.174
1935,LT_SUV,JH,yi,10.6998,23.6329,0.587604
1935,LT_SUV,PR,pl,0.321515,0.597465,0.0751661
1935,LT_SUV,PR,de,17473.6,1379.28,8727.2
1935,LT_SUV,PR,lt,66.8796,81.418,148.298
1935,LT_SUV,PR,lv,6.17701,21.6036,15.3902
1935,LT_SUV,OT,pl,0.730074,2.37919,1.38099
1935,LT_SUV,OT,lt,13.8819,4.9078,18.7897
1935,LT_SUV,OT,oth,1233.97,205.519,702.748
1935,LT_NEA,RC,pl,18615.3,1311.77,9767.08
1935,LT_NEA,RC,be,4231.22,80.3779,2321.07
1935,LT_NEA,RC,de,0.561,1.95351,1.04364
1935,LT_NEA,RC,ru,0.817588,0.0433705,0.197289
1935,LT_NEA,RC,lt,330977,16897.1,347874
1935,LT_NEA,RC,csb,0.180474,0.629645,0.0296169
1935,LT_NEA,RC,rom,1.52783,5.29374,3.59005
1935,LT_NEA,GC,uk,0.969606,3.39236,0.14277
1935,LT_NEA,OR,pl,1.79128,2.98861,0.371084
1935,LT_NEA,OR,uk,1.64531,5.76063,0.250956
1935,LT_NEA,OR,be,4.62799,16.1649,0.753674
1935,LT_NEA,OR,pls,1.01307,3.54332,0.165114
1935,LT_NEA,OR,ru,24291.2,2323.3,11331.3
1935,LT_NEA,OR,lt,87.3603,16.4121,103.772
1935,LT_NEA,JW,pl,2.01702,3.95997,1.46002
1935,LT_NEA,JW,yi,10986.9,14270.2,12038.1
1935,LT_NEA,JW,ru,1.12441,2.88896,1.37575
1935,LT_NEA,JW,lt,138.45,294.495,432.945
1935,LT_NEA,JH,yi,9.69741,17.408,0.386585
1935,LT_NEA,PR,pl,0.170797,0.467566,0.0309743
1935,LT_NEA,PR,de,829.705,127.41,441.876
1935,LT_NEA,PR,lt,8494.04,407.157,8901.2
1935,LT_NEA,PR,lv,8491.35,265.569,4658.07
1935,LT_NEA,OT,pl,0.515494,1.32773,0.719677
1935,LT_NEA,OT,lt,12.2603,3.43131,15.6916
1935,LT_NEA,OT,oth,1158.64,153.808,630.207
1935,LT_KLA,RC,pl,17.1761,60.2747,28.4826
1935,LT_KLA,RC,be,2.26157,7.88032,4.731
1935,LT_KLA,RC,de,932.86,552.656,736.511
1935,LT_KLA,RC,lt,33371.5,11550.9,44922.4
1935,LT_KLA,RC,csb,0.119032,0.417814,0.0210407
1935,LT_KLA,RC,rom,1.25867,4.39683,3.04025
1935,LT_KLA,GC,uk,0.583777,2.05272,0.0915672
1935,LT_KLA,OR,pl,0.312053,1.09669,0.0476476
1935,LT_KLA,OR,uk,0.99107,3.51939,0.162884
1935,LT_KLA,OR,be,2.50067,8.78011,0.437072
1935,LT_KLA,OR,pls,0.609268,2.14076,0.106667
1935,LT_KLA,OR,ru,934.569,652.388,745.945
1935,LT_KLA,OR,lt,4.01385,5.73363,9.74749
1935,LT_KLA,JW,pl,0.155749,0.550992,0.028416
1935,LT_KLA,JW,yi,328.529,2766.03,1648.58
1935,LT_KLA,JW,de,1.10881,30.1683,12.0618
1935,LT_KLA,JW,lt,4.9466,56.2564,61.203
1935,LT_KLA,JH,yi,1.18386,4.68882,0.129722
1935,LT_KLA,PR,de,40017.1,23831.2,31136.7
1935,LT_KLA,PR,lt,30073.6,8103.85,38177.5
1935,LT_KLA,PR,lv,5.10492,17.9237,12.7966
1935,LT_KLA,OT,pl,0.18141,0.636322,0.355652
1935,LT_KLA,OT,lt,8.74256,16.0392,24.7818
1935,LT_KLA,OT,oth,800.575,702.045,796.13
1940,WAW,RC,pl,21376.8,867083,888460
1940,WAW,RC,uk,0.158049,0.751654,0.189627
1940,WAW,RC,be,130.835,720.966,478.135
1940,WAW,RC,pls,29.5781,164.82,99.6137
1940,WAW,RC,de,111.652,928.709,768.998
1940,WAW,RC,lt,319.494,1807.57,513.704
1940,WAW,RC,csb,178.954,999.757,904.694
1940,WAW,RC,cs,23.8612,132.946,86.1639
1940,WAW,RC,rom,51.2872,758.967,534.309
1940,WAW,RC,wym,0.962605,5.23428,5.3571
1940,WAW,RC,oth,53.0941,798.928,622.441
1940,WAW,GC,pl,191.475,2895.04,3086.52
1940,WAW,GC,uk,1151.26,7082.18,3889.32
1940,WAW,GC,rue,51.0618,290.982,148.385
1940,WAW,OR,pl,671.043,9557.57,10228.6
1940,WAW,OR,uk,1492.41,9000.96,3681.83
1940,WAW,OR,be,1010.16,5711.35,2601.9
1940,WAW,OR,pls,605.089,3420.46,1286.08
1940,WAW,OR,ru,176.827,6569.21,4418.92
1940,WAW,OR,rue,2.02247,11.6049,5.40582
1940,WAW,OR,cs,11.0017,62.3188,35.0417
1940,WAW,JW,pl,924.259,58296.3,59220.6
1940,WAW,JW,yi,3048.92,211851,179234
1940,WAW,JW,de,1.10028,15.2654,6.54818
1940,WAW,JW,ru,0.226405,10.0928,4.31228
1940,WAW,JW,lt,1.30124,6.71563,0.723919
1940,WAW,JH,pl,1.61089,78.8326,80.4435
1940,WAW,JH,yi,1402.69,88817.3,49633.6
1940,WAW,PR,pl,250.123,27117.1,27367.2
1940,WAW,PR,de,400.688,5081.46,3466.55
1940,WAW,PR,lt,3.15014,17.9926,1.97278
1940,WAW,PR,cs,3.44838,19.5313,11.3968
1940,WAW,PR,lv,4.09469,23.5786,2.74933
1940,WAW,OT,pl,109.877,8019.94,8129.82
1940,WAW,OT,kdr,0.834505,4.78809,4.35837
1940,WAW,OT,oth,19.5953,637.044,468.272
1940,WAR,RC,pl,1.92991e+06,470813,2.40072e+06
1940,WAR,RC,be,59.1048,196.687,140.56
1940,WAR,RC,pls,14.6149,48.7944,31.5485
1940,WAR,RC,de,4032.58,1114.08,3334.16
1940,WAR,RC,lt,169.245,572.904,171.768
1940,WAR,RC,csb,245.383,815.215,790.631
1940,WAR,RC,cs,13.4049,44.8266,31.0885
1940,WAR,RC,rom,2637.19,652.701,1843.86
1940,WAR,RC,wym,0.642991,2.18055,2.41666
1940,WAR,RC,oth,6332.4,2478.51,5138.67
1940,WAR,GC,pl,130.321,417.767,548.087
1940,WAR,GC,uk,1727.16,1656.45,1487.52
1940,WAR,GC,rue,32.3846,110.222,59.7388
1940,WAR,OR,pl,1676.94,1799.98,3476.92
1940,WAR,OR,uk,1880.15,2120.39,1335.81
1940,WAR,OR,be,465.578,1568.86,758.754
1940,WAR,OR,pls,299.639,1010.15,403.051
1940,WAR,OR,ru,6241.4,2203.25,4327.64
1940,WAR,OR,rue,1.1569,3.91964,1.93369
1940,WAR,OR,cs,6.23119,21.0439,12.5822
1940,WAR,JW,pl,6010.43,31700.6,37711
1940,WAR,JW,yi,24637.9,94506,92385.5
1940,WAR,JW,de,7.96813,31.423,13.3581
1940,WAR,JW,ru,0.432016,2.78535,1.115
1940,WAR,JW,lt,0.537608,2.09943,0.188344
1940,WAR,JH,pl,53.5173,53.6224,107.14
1940,WAR,JH,yi,24018.8,57322.2,39412.4
1940,WAR,PR,pl,15770.5,4399.95,20170.5
1940,WAR,PR,de,35869.8,8272.62,21833.8
1940,WAR,PR,lt,1.65554,5.69426,0.642701
1940,WAR,PR,cs,1.9295,6.56933,4.09821
1940,WAR,PR,lv,2.33696,8.02633,0.952907
1940,WAR,OT,pl,1206.9,558.347,1765.25
1940,WAR,OT,kdr,0.47842,1.62818,1.59091
1940,WAR,OT,oth,895.721,379.083,746.445
1940,LOD,RC,pl,1.34231e+06,854689,2.197e+06
1940,LOD,RC,be,112.251,376.815,270.465
1940,LOD,RC,pls,27.742,93.1875,60.7274
1940,LOD,RC,de,7069.56,8180.71,10768.8
1940,LOD,RC,lt,320.803,1090.14,331.012
1940,LOD,RC,csb,296.655,992.673,970.595
1940,LOD,RC,cs,25.4229,85.5195,59.7732
1940,LOD,RC,rom,1378.72,947.598,1387.1
1940,LOD,RC,wym,1.42971,4.8969,5.43133
1940,LOD,RC,oth,6697.24,7066.66,8940.73
1940,LOD,GC,pl,230.233,798.884,1029.12
1940,LOD,GC,uk,865.325,2960.07,1693.15
1940,LOD,GC,rue,67.8772,231.669,127.045
1940,LOD,OR,pl,4357.4,4813.53,9170.93
1940,LOD,OR,uk,1117.12,3807.1,1606.04
1940,LOD,OR,be,883.75,2984.87,1460.94
1940,LOD,OR,pls,568.511,1923.04,775.401
1940,LOD,OR,ru,1662.4,1860.21,1926.1
1940,LOD,OR,rue,2.21007,7.49429,3.74727
1940,LOD,OR,cs,11.8148,39.9917,24.1909
1940,LOD,JW,pl,4430.1,53737.7,58167.8
1940,LOD,JW,yi,18780.8,181919,162105
1940,LOD,JW,de,18.116,427.476,173.163
1940,LOD,JW,ru,0.244836,1.88771,0.772312
1940,LOD,JW,lt,1.02341,3.97044,0.360482
1940,LOD,JH,pl,41.7454,103.374,145.12
1940,LOD,JH,yi,18417.3,117467,70863.2
1940,LOD,PR,pl,50206.6,31310.8,81517.4
1940,LOD,PR,de,62524.4,70834.9,77377.1
1940,LOD,PR,lt,3.1419,10.8523,1.24655
1940,LOD,PR,cs,3.66448,12.5394,7.87987
1940,LOD,PR,lv,4.43379,15.2865,1.84408
1940,LOD,OT,pl,1031.98,1093.81,2125.79
1940,LOD,OT,kdr,0.909363,3.11211,3.06108
1940,LOD,OT,oth,618.293,715.265,855.77
1940,KIE,RC,pl,2.28176e+06,564959,2.84672e+06
1940,KIE,RC,be,65.3934,217.128,154.685
1940,KIE,RC,pls,16.1753,53.8889,34.6868
1940,KIE,RC,de,1107.58,656.262,1159.17
1940,KIE,RC,lt,187.427,632.565,188.054
1940,KIE,RC,csb,151.762,503.525,486.981
1940,KIE,RC,cs,16.5332,55.1352,38.1112
1940,KIE,RC,rom,2687.33,716.532,1883.99
1940,KIE,RC,wym,1.44966,4.90858,5.42717
1940,KIE,RC,oth,5316.25,2140.51,4311.28
1940,KIE,GC,pl,233.519,806.638,1040.16
1940,KIE,GC,uk,872.581,2965.76,1669.23
1940,KIE,GC,rue,69.2288,234.743,126.677
1940,KIE,OR,pl,525.566,1701.34,2226.91
1940,KIE,OR,uk,727.67,2469.29,1020.86
1940,KIE,OR,be,514.58,1729.68,831.305
1940,KIE,OR,pls,330.603,1111.45,440.334
1940,KIE,OR,ru,2512.6,1114.52,1829.12
1940,KIE,OR,rue,2.23882,7.55721,3.70661
1940,KIE,OR,cs,7.6819,25.8686,15.396
1940,KIE,JW,pl,5831.62,33117.9,38949.5
1940,KIE,JW,yi,35740.8,137756,133654
1940,KIE,JW,de,2.05462,8.98826,3.75643
1940,KIE,JW,ru,0.2256,1.27948,0.505518
1940,KIE,JW,lt,0.595267,2.34644,0.214715
1940,KIE,JH,pl,75.5673,76.1839,151.751
1940,KIE,JH,yi,34923.1,83421.6,56862.6
1940,KIE,PR,pl,451.92,1125.76,1577.68
1940,KIE,PR,de,9063.66,2894.3,5926.55
1940,KIE,PR,lt,1.83056,6.28319,0.693994
1940,KIE,PR,cs,2.3768,8.07992,5.02136
1940,KIE,PR,lv,2.58484,8.86288,1.0304
1940,KIE,OT,pl,1420.37,676.38,2096.75
1940,KIE,OT,kdr,0.580071,1.97035,1.92712
1940,KIE,OT,oth,1050.67,453.746,874.367
1940,LUB,RC,pl,1.76921e+06,326251,2.09546e+06
1940,LUB,RC,uk,0.14497,0.495669,0.131181
1940,LUB,RC,be,1213.54,249.234,800.663
1940,LUB,RC,pls,19.5406,64.2261,41.098
1940,LUB,RC,de,1577.38,404.293,1240.99
1940,LUB,RC,lt,149.105,496.202,146.708
1940,LUB,RC,csb,83.7487,274.577,264.415
1940,LUB,RC,cs,26.5747,87.4174,60.0321
1940,LUB,RC,rom,1905.83,367.072,1215.94
1940,LUB,RC,wym,0.660521,2.20169,2.43323
1940,LUB,RC,oth,34.4711,112.064,89.9275
1940,LUB,GC,pl,419.803,808.891,1228.69
1940,LUB,GC,uk,28076.9,5775.97,14388.9
1940,LUB,GC,rue,46.3195,155.214,83.1268
1940,LUB,OR,pl,127328,18993.8,146322
1940,LUB,OR,uk,82910.8,9718.33,31356.1
1940,LUB,OR,be,1807.89,1839.31,1356.14
1940,LUB,OR,pls,404.885,1346.41,529.987
1940,LUB,OR,ru,4553.01,1219.07,2797.65
1940,LUB,OR,rue,2.30686,7.70152,3.75352
1940,LUB,OR,cs,12.4506,41.4751,24.5259
1940,LUB,JW,pl,10024.8,31833.5,41858.3
1940,LUB,JW,yi,39984.8,95179.3,100432
1940,LUB,JW,de,3.59362,7.48067,3.52814
1940,LUB,JW,ru,0.441934,1.52092,0.642749
1940,LUB,JW,lt,0.465867,1.83763,0.170572
1940,LUB,JH,pl,73.497,46.9394,120.436
1940,LUB,JH,yi,37193.3,54223.4,41879.6
1940,LUB,PR,pl,19879.3,3799.27,23678.6
1940,LUB,PR,de,13843.8,2438.58,7676.55
1940,LUB,PR,lt,1.45309,4.91961,0.534404
1940,LUB,PR,cs,3.83751,12.8754,7.96443
1940,LUB,PR,lv,2.05102,6.93631,0.792887
1940,LUB,OT,pl,2329.56,717.606,3047.17
1940,LUB,OT,kdr,0.525361,1.76248,1.72191
1940,LUB,OT,oth,15.1213,51.1102,35.6371
1940,BIA,RC,pl,904869,233849,1.13872e+06
1940,BIA,RC,be,19299.2,1483.62,11424.1
1940,BIA,RC,pls,16.3603,54.4514,34.7932
1940,BIA,RC,de,729.946,242.495,620.568
1940,BIA,RC,ru,3.78319,0.474655,0.99848
1940,BIA,RC,lt,12626.1,2414.91,6607.42
1940,BIA,RC,csb,62.2713,206.805,198.815
1940,BIA,RC,cs,12.6035,42.0142,28.8159
1940,BIA,RC,rom,916.438,235.475,626.587
1940,BIA,RC,wym,0.336681,1.12934,1.24844
1940,BIA,RC,oth,641.154,264.349,513.317
1940,BIA,GC,pl,88.0129,304.568,392.581
1940,BIA,GC,uk,366.076,1245.33,696.269
1940,BIA,GC,rue,20.2991,68.9862,36.9141
1940,BIA,OR,pl,125859,24254.6,150114
1940,BIA,OR,uk,3947.57,2152.86,2030.18
1940,BIA,OR,be,189562,14290.7,78353.2
1940,BIA,OR,pls,339.952,1141.59,448.98
1940,BIA,OR,ru,29457.1,7822.71,18480.3
1940,BIA,OR,lt,0.507635,0.259728,0.138028
1940,BIA,OR,rue,0.905531,3.06001,1.48896
1940,BIA,OR,cs,5.89091,19.8428,11.7226
1940,BIA,JW,pl,3939.37,18600.6,22539.9
1940,BIA,JW,yi,26353.6,83799.7,82832.4
1940,BIA,JW,de,1.74816,4.62484,2.06196
1940,BIA,JW,ru,5.17404,18.8021,8.02539
1940,BIA,JW,lt,3.02719,6.76796,1.93008
1940,BIA,JH,pl,46.5803,40.5189,87.0992
1940,BIA,JH,yi,25152.1,49055.8,34799.1
1940,BIA,PR,pl,3709.14,1253.37,4962.51
1940,BIA,PR,de,6373.37,1535.46,3798.29
1940,BIA,PR,lt,3.11948,10.4043,1.1575
1940,BIA,PR,cs,1.81635,6.17237,3.81246
1940,BIA,PR,lv,3.82523,13.0996,1.50685
1940,BIA,OT,pl,3564.62,1033.32,4597.94
1940,BIA,OT,kdr,0.703443,2.38358,2.3055
1940,BIA,OT,oth,618.221,227.792,474.998
1940,WIL,RC,pl,544305,185374,729679
1940,WIL,RC,be,40388.6,2641.72,23283.3
1940,WIL,RC,pls,106.077,29.0054,67.7859
1940,WIL,RC,de,121.099,72.8727,125.477
1940,WIL,RC,ru,12.035,1.33516,3.20676
1940,WIL,RC,lt,61679.8,8974.08,31602.3
1940,WIL,RC,csb,26.4676,88.0442,84.8056
1940,WIL,RC,cs,5.66243,18.8988,12.9759
1940,WIL,RC,rom,876.864,202.629,587.234
1940,WIL,RC,wym,0.145826,0.48558,0.536327
1940,WIL,RC,oth,942.213,345.004,722.223
1940,WIL,GC,pl,36.2346,124.609,160.843
1940,WIL,GC,uk,148.811,505.382,284.502
1940,WIL,GC,rue,8.59704,29.1912,15.7083
1940,WIL,OR,pl,75373.8,15580.5,90954.3
1940,WIL,OR,uk,243.995,824.527,339.458
1940,WIL,OR,be,247906,18111.7,100148
1940,WIL,OR,pls,5257.4,759.178,1935.42
1940,WIL,OR,ru,33772.2,9409.97,21334.2
1940,WIL,OR,lt,6.88041,1.44705,1.85048
1940,WIL,OR,rue,0.383662,1.29139,0.633242
1940,WIL,OR,cs,2.64042,8.87638,5.27289
1940,WIL,JW,pl,1631.25,8275.89,9907.14
1940,WIL,JW,yi,13626.9,46393.1,45053.1
1940,WIL,JW,de,0.222284,0.82596,0.336601
1940,WIL,JW,ru,4.64595,17.4296,8.02983
1940,WIL,JW,lt,16.037,24.8485,11.5067
1940,WIL,JH,pl,22.2309,19.0828,41.3137
1940,WIL,JH,yi,13019.3,26796.6,18922.1
1940,WIL,PR,pl,2131.09,863.948,2995.04
1940,WIL,PR,de,1019.3,425.423,673.135
1940,WIL,PR,lt,5.88254,19.46,2.14982
1940,WIL,PR,cs,0.815703,2.77374,1.71532
1940,WIL,PR,lv,5.13949,17.5513,2.00945
1940,WIL,OT,pl,3966.84,1403.06,5369.9
1940,WIL,OT,lt,0.486817,0.314137,0.155757
1940,WIL,OT,kdr,234.187,160.345,302.577
1940,WIL,OT,oth,622.311,235.217,477.213
1940,NOW,RC,pl,378030,69568.9,447599
1940,NOW,RC,be,20009.8,919.125,10914.3
1940,NOW,RC,pls,7.7442,25.4629,16.04
1940,NOW,RC,de,12.3668,40.7561,35.5844
1940,NOW,RC,ru,1.46112,0.135726,0.351355
1940,NOW,RC,lt,1150.06,442.574,583.448
1940,NOW,RC,csb,17.4711,57.3669,54.6863
1940,NOW,RC,cs,7.11454,23.4172,15.8706
1940,NOW,RC,rom,962.237,109.994,557.061
1940,NOW,RC,wym,0.121873,0.395868,0.436596
1940,NOW,RC,oth,7.90417,25.7573,20.2231
1940,NOW,GC,pl,38.8075,132.261,171.068
1940,NOW,GC,uk,170.449,572.949,317.41
1940,NOW,GC,rue,8.41565,28.2399,14.9466
1940,NOW,OR,pl,152013,13867.4,165880
1940,NOW,OR,uk,311.425,1044.67,420.322
1940,NOW,OR,be,408844,15993.6,152487
1940,NOW,OR,pls,162.007,539.546,207.511
1940,NOW,OR,ru,12166.4,1607.57,6352.68
1940,NOW,OR,rue,0.425849,1.42236,0.683983
1940,NOW,OR,cs,3.33351,11.1085,6.48805
1940,NOW,JW,pl,2155.86,4685.38,6841.25
1940,NOW,JW,yi,17857.9,25125.4,30091.4
1940,NOW,JW,de,0.0838769,0.416568,0.16049
1940,NOW,JW,ru,1.8231,2.55543,1.37851
1940,NOW,JW,lt,0.454901,1.52857,0.191769
1940,NOW,JH,pl,23.8749,9.26773,33.1426
1940,NOW,JH,yi,15339.4,13013.7,12100.8
1940,NOW,PR,pl,2861.41,597.594,3459
1940,NOW,PR,de,49.8536,167.675,102.866
1940,NOW,PR,lt,1.20808,4.07801,0.414595
1940,NOW,PR,cs,1.02795,3.44633,2.10705
1940,NOW,PR,lv,1.67151,5.63641,0.604658
1940,NOW,OT,pl,2814.84,551.78,3366.62
1940,NOW,OT,kdr,0.313142,1.04841,1.00857
1940,NOW,OT,oth,4.80038,16.064,9.41126
1940,POL,RC,pl,109002,51744.5,160746
1940,POL,RC,be,3555.87,353.895,2000.58
1940,POL,RC,pls,13958.2,614.12,6857.61
1940,POL,RC,de,18.9184,62.0831,53.8357
1940,POL,RC,ru,1.12425,0.159133,0.256289
1940,POL,RC,lt,83.0834,275.515,76.5455
1940,POL,RC,csb,27.4956,89.8479,84.6852
1940,POL,RC,cs,9.34698,30.6339,20.4524
1940,POL,RC,rom,448.432,119.987,291.589
1940,POL,RC,wym,0.190404,0.615558,0.675739
1940,POL,RC,oth,431.398,171.838,320.815
1940,POL,GC,pl,54.5658,188.01,242.576
1940,POL,GC,uk,394.05,1320.48,715.506
1940,POL,GC,rue,13.3025,44.5237,23.0397
1940,POL,OR,pl,58363.4,10728.9,69092.3
1940,POL,OR,uk,56791.6,5658.05,19102.7
1940,POL,OR,be,73095.1,5632.38,27394.2
1940,POL,OR,pls,728586,32481.8,223060
1940,POL,OR,ru,14385.6,3933.6,8461.52
1940,POL,OR,rue,0.672511,2.24247,1.05127
1940,POL,OR,cs,4.38222,14.5721,8.35062
1940,POL,JW,pl,1249.1,6379.1,7628.2
1940,POL,JW,yi,14482.5,48134.1,45289.4
1940,POL,JW,de,0.120074,0.66051,0.258294
1940,POL,JW,ru,4.41257,10.6237,4.61631
1940,POL,JW,lt,0.259175,1.05159,0.101787
1940,POL,JH,pl,22.9724,18.853,41.8254
1940,POL,JH,yi,13825.8,28093.1,18660.3
1940,POL,PR,pl,6192.74,3283.55,9476.29
1940,POL,PR,de,70.182,233.811,150.086
1940,POL,PR,lt,0.815541,2.7299,0.248932
1940,POL,PR,cs,1.35465,4.49988,2.7113
1940,POL,PR,lv,1.14842,3.83992,0.369691
1940,POL,OT,pl,4216.2,2216.86,6433.07
1940,POL,OT,kdr,0.246391,0.819541,0.784158
1940,POL,OT,oth,417.216,151.596,302.585
1940,WOL,RC,pl,272285,96723.4,369008
1940,WOL,RC,uk,150.321,6.38211,32.0789
1940,WOL,RC,be,227.497,111.057,176.794
1940,WOL,RC,pls,9.80194,32.1771,20.0179
1940,WOL,RC,de,3984.28,619.111,2745.83
1940,WOL,RC,lt,70.6524,234.666,65.786
1940,WOL,RC,csb,26.4211,86.6197,82.0501
1940,WOL,RC,cs,16988.7,947.712,8957.18
1940,WOL,RC,rom,1377.31,254.663,837.444
1940,WOL,RC,wym,0.218291,0.708424,0.778443
1940,WOL,RC,oth,1665.3,471.135,1114.69
1940,WOL,GC,pl,134.724,478.078,612.802
1940,WOL,GC,uk,2378.28,7949.09,4318.6
1940,WOL,GC,rue,26.1745,87.4142,45.4062
1940,WOL,OR,pl,2216.87,1524.14,3741.01
1940,WOL,OR,uk,1.48299e+06,87293.6,477377
1940,WOL,OR,be,2216.52,1061.23,1148.96
1940,WOL,OR,pls,204.287,680.313,255.247
1940,WOL,OR,ru,20287.1,4390.99,11348
1940,WOL,OR,rue,1.7128,5.71636,2.69464
1940,WOL,OR,cs,11251.4,647.258,5187.33
1940,WOL,JW,pl,2575.52,10966.4,13542
1940,WOL,JW,yi,31542.2,82170.1,81591.9
1940,WOL,JW,de,27.9063,25.7438,15.2705
1940,WOL,JW,ru,5.98648,10.0231,4.92546
1940,WOL,JW,lt,0.221421,0.871792,0.0778401
1940,WOL,JH,pl,47.2508,30.9875,78.2383
1940,WOL,JH,yi,29671.7,46528.3,33452.2
1940,WOL,PR,pl,8871.21,3167.41,12038.6
1940,WOL,PR,de,35940.3,5163.3,18152.6
1940,WOL,PR,lt,0.697912,2.34733,0.215142
1940,WOL,PR,cs,3090.29,176.339,1477.94
1940,WOL,PR,lv,0.986273,3.31288,0.319364
1940,WOL,OT,pl,24076.3,8131.99,32208.3
1940,WOL,OT,kdr,31.4538,16.8815,35.5389
1940,WOL,OT,oth,1589.14,431.023,1063.43
1940,POZ,RC,pl,1.24932e+06,770788,2.02011e+06
1940,POZ,RC,be,64.8352,219.912,158.443
1940,POZ,RC,pls,16.0321,54.4636,35.6451
1940,POZ,RC,de,14981.2,8060.73,15806.4
1940,POZ,RC,lt,185.408,639.121,196.201
1940,POZ,RC,csb,294.806,997.467,975.452
1940,POZ,RC,cs,14.7235,50.0951,35.1063
1940,POZ,RC,rom,372.795,330.046,419.82
1940,POZ,RC,wym,0.888946,3.06244,3.40419
1940,POZ,RC,oth,51.6436,173.527,144.403
1940,POZ,GC,pl,143.158,505.171,648.329
1940,POZ,GC,uk,529.26,1835.18,1052.12
1940,POZ,GC,rue,41.9186,145.024,79.7908
1940,POZ,OR,pl,462.858,1643.84,2106.7
1940,POZ,OR,uk,643.538,2224.92,944.855
1940,POZ,OR,be,509.393,1743,858.209
1940,POZ,OR,pls,327.698,1121.66,456.839
1940,POZ,OR,ru,113.395,388.493,246.059
1940,POZ,OR,rue,1.35773,4.67091,2.34494
1940,POZ,OR,cs,6.83262,23.4243,14.2023
1940,POZ,JW,pl,991.426,5578.19,6569.61
1940,POZ,JW,yi,1558.85,8075.73,7820.27
1940,POZ,JW,de,4.13208,28.0705,12.4339
1940,POZ,JW,lt,0.598941,2.1407,0.13557
1940,POZ,JH,pl,2.22747,13.2413,15.4688
1940,POZ,JH,yi,623.135,2426.39,1531.45
1940,POZ,PR,pl,27307.3,17310.1,44617.4
1940,POZ,PR,de,109669,58288.3,91221.4
1940,POZ,PR,lt,1.81568,6.35511,0.758336
1940,POZ,PR,cs,2.121,7.33823,4.62602
1940,POZ,PR,lv,2.56363,8.95581,1.1231
1940,POZ,OT,pl,4199.79,2665.68,6865.46
1940,POZ,OT,kdr,0.531374,1.83604,1.80638
1940,POZ,OT,oth,15.2565,59.6461,38.0773
1940,POM,RC,pl,534837,337528,872365
1940,POM,RC,be,47.2977,158.798,114.063
1940,POM,RC,pls,11.6796,39.3258,25.5779
1940,POM,RC,de,8462.87,4525.76,8746.16
1940,POM,RC,lt,135.268,461.666,139.962
1940,POM,RC,csb,169393,34374.3,149709
1940,POM,RC,cs,10.6947,36.0645,25.1296
1940,POM,RC,rom,236.021,215.32,264.212
1940,POM,RC,wym,0.563638,1.92752,2.14147
1940,POM,RC,oth,1070.64,1148.67,1436.81
1940,POM,GC,pl,94.8476,331.422,426.27
1940,POM,GC,uk,362.391,1245.62,709.237
1940,POM,GC,rue,27.2491,93.4688,51.0416
1940,POM,OR,pl,331.089,1166.4,1497.49
1940,POM,OR,uk,471.532,1616.48,679.652
1940,POM,OR,be,371.92,1262.41,616.015
1940,POM,OR,pls,238.524,809.427,326.837
1940,POM,OR,ru,83.4538,283.508,178.207
1940,POM,OR,rue,0.921614,3.14462,1.56402
1940,POM,OR,cs,4.96206,16.8773,10.153
1940,POM,JW,pl,587.347,2522.52,3109.87
1940,POM,JW,yi,1076.01,5035.27,4936.93
1940,POM,JW,de,3.11216,21.3275,8.60195
1940,POM,JW,lt,0.434815,1.55713,0.0984878
1940,POM,JH,pl,1.58473,8.87238,10.4571
1940,POM,JH,yi,442.99,1665.24,1043.8
1940,POM,PR,pl,13524.7,8526.9,22051.6
1940,POM,PR,de,61599.2,32277.8,50199.3
1940,POM,PR,lt,1.37447,4.77427,0.557441
1940,POM,PR,cs,1.53575,5.27773,3.30832
1940,POM,PR,lv,1.85925,6.4463,0.787955
1940,POM,OT,pl,68.1226,235.929,304.052
1940,POM,OT,kdr,0.381495,1.30853,1.28189
1940,POM,OT,oth,11.4224,42.1902,27.8863
1940,SLA,RC,pl,782801,471810,1.25461e+06
1940,SLA,RC,be,63.2014,214.755,155.133
1940,SLA,RC,pls,16.6294,56.6407,37.2387
1940,SLA,RC,de,38187.9,30241.6,48711
1940,SLA,RC,lt,173.432,601.625,185.248
1940,SLA,RC,csb,164.533,559.41,549.608
1940,SLA,RC,cs,17.7568,60.5676,42.6518
1940,SLA,RC,rom,401.485,384.151,471.512
1940,SLA,RC,wym,2.08271,7.13322,7.94808
1940,SLA,RC,oth,693.631,783.043,965.852
1940,SLA,GC,pl,331.997,1182.3,1514.3
1940,SLA,GC,uk,1265.15,4411.23,2538.73
1940,SLA,GC,rue,98.1217,341.142,188.521
1940,SLA,OR,pl,479.555,1724.25,2203.8
1940,SLA,OR,uk,800.604,2787.34,1187.25
1940,SLA,OR,be,504.513,1736.37,857.361
1940,SLA,OR,pls,338.378,1164.05,475.655
1940,SLA,OR,ru,112.221,387.058,246.257
1940,SLA,OR,rue,3.1552,10.9305,5.51289
1940,SLA,OR,cs,8.21603,28.3124,17.2448
1940,SLA,JW,pl,2405.35,17504,19909.4
1940,SLA,JW,yi,1970.65,9313.84,9166.5
1940,SLA,JW,de,3.18613,32.8546,14.0845
1940,SLA,JW,lt,0.569178,2.03869,0.134705
1940,SLA,JH,pl,2.8096,16.3933,19.2029
1940,SLA,JH,yi,818.625,3081.45,1960.53
1940,SLA,PR,pl,40016.6,21262,61278.6
1940,SLA,PR,de,13452.8,12431.9,14802.7
1940,SLA,PR,lt,1.70142,5.96383,0.710132
1940,SLA,PR,cs,2.56504,8.87064,5.61722
1940,SLA,PR,lv,2.39904,8.39699,1.05379
1940,SLA,OT,pl,4479.43,2641.83,7121.27
1940,SLA,OT,kdr,0.602942,2.08315,2.07115
1940,SLA,OT,oth,642.105,644.286,837.861
1940,KRA,RC,pl,1.61948e+06,550203,2.16968e+06
1940,KRA,RC,be,47.2006,158.523,113.79
1940,KRA,RC,pls,13.5955,45.7622,29.7902
1940,KRA,RC,de,3578.55,1305.51,3256.42
1940,KRA,RC,lt,125.234,427.278,128.427
1940,KRA,RC,csb,97.1378,325.941,318.02
1940,KRA,RC,cs,14.868,50.0705,34.9752
1940,KRA,RC,rom,4820.57,1536.92,3691.78
1940,KRA,RC,wym,1075.59,199.412,1057
1940,KRA,RC,oth,1472.54,906.987,1455.06
1940,KRA,GC,pl,19422.9,6723.59,26146.5
1940,KRA,GC,uk,1074.47,3679.19,2105.52
1940,KRA,GC,rue,60306.1,3548.96,27152.2
1940,KRA,OR,pl,376.299,1318.08,1694.38
1940,KRA,OR,uk,658.075,2247.76,949.866
1940,KRA,OR,be,390.509,1323.97,646.248
1940,KRA,OR,pls,278.124,942.488,380.951
1940,KRA,OR,ru,84.3668,286.241,180.405
1940,KRA,OR,rue,3.57872,12.1386,6.0504
1940,KRA,OR,cs,6.90188,23.4116,14.1541
1940,KRA,JW,pl,6815.41,43986.4,50801.8
1940,KRA,JW,yi,11154.2,58414.3,55281.3
1940,KRA,JW,de,0.844589,4.87173,2.04176
1940,KRA,JW,lt,0.41627,1.55005,0.116786
1940,KRA,JH,pl,28.2541,73.8104,102.064
1940,KRA,JH,yi,12468.3,42307.3,27767
1940,KRA,PR,pl,279.458,818.601,1098.06
1940,KRA,PR,de,3725.89,1790.83,2868.41
1940,KRA,PR,lt,1.22429,4.23741,0.469719
1940,KRA,PR,cs,2.14164,7.33505,4.61062
1940,KRA,PR,lv,1.72714,5.97259,0.697584
1940,KRA,OT,pl,88.8766,306.931,395.808
1940,KRA,OT,kdr,0.460371,1.57784,1.56208
1940,KRA,OT,oth,16.1667,57.1038,40.927
1940,LWO,RC,pl,1.13515e+06,424026,1.55918e+06
1940,LWO,RC,uk,0.560151,1.5549,0.439264
1940,LWO,RC,be,48.7864,163.547,117.065
1940,LWO,RC,pls,16.5638,55.9827,36.1982
1940,LWO,RC,de,3043.13,877.865,2579.24
1940,LWO,RC,lt,114.395,391.212,117.475
1940,LWO,RC,csb,54.0287,182.363,177.432
1940,LWO,RC,cs,40.2616,136.089,94.4703
1940,LWO,RC,rom,4210.9,1087.88,3021.4
1940,LWO,RC,wym,0.947263,3.19662,3.5416
1940,LWO,RC,oth,4323.72,1870.02,3629.94
1940,LWO,GC,pl,128153,31631.5,159784
1940,LWO,GC,uk,984064,96488.7,475453
1940,LWO,GC,rue,55177.2,2847.52,24295.3
1940,LWO,OR,pl,6583.77,2841.18,9424.95
1940,LWO,OR,uk,9840.81,16095.6,8535.91
1940,LWO,OR,be,430.262,1464.69,707.549
1940,LWO,OR,pls,340.274,1157.28,462.564
1940,LWO,OR,ru,107.127,365.003,228.842
1940,LWO,OR,rue,4056.48,201.022,1645.05
1940,LWO,OR,cs,18.8026,64.0483,38.5327
1940,LWO,JW,pl,30029.1,141612,171641
1940,LWO,JW,yi,24463.6,100228,96560.1
1940,LWO,JW,de,1.57323,5.12108,2.35101
1940,LWO,JW,ru,0.102963,0.423309,0.165366
1940,LWO,JW,lt,0.369194,1.38786,0.108433
1940,LWO,JH,pl,51.5791,54.3678,105.947
1940,LWO,JH,yi,27559.3,69550.7,47954.6
1940,LWO,PR,pl,7893.66,3169.81,11063.5
1940,LWO,PR,de,7149.48,2180.57,4649.06
1940,LWO,PR,lt,1.11545,3.87001,0.42294
1940,LWO,PR,cs,5.82832,20.0354,12.5192
1940,LWO,PR,lv,1.57833,5.47147,0.629675
1940,LWO,OT,pl,2594.44,1371.35,3965.79
1940,LWO,OT,kdr,0.751099,2.58135,2.57697
1940,LWO,OT,oth,2126.31,937.488,1807.06
1940,STA,RC,pl,162571,85352.3,247924
1940,STA,RC,uk,0.275097,0.678775,0.196725
1940,STA,RC,be,14.6146,48.2467,34.2497
1940,STA,RC,pls,4.95038,16.5703,10.5588
1940,STA,RC,de,4187.55,937.183,3282.34
1940,STA,RC,lt,34.1912,115.756,33.7237
1940,STA,RC,csb,16.1804,54.0925,52.1681
1940,STA,RC,cs,12.0451,40.3153,27.6383
1940,STA,RC,rom,1644.54,421.023,1149.42
1940,STA,RC,wym,0.286373,0.945902,1.04563
1940,STA,RC,oth,2514.63,1072.69,2046.09
1940,STA,GC,pl,59677.7,14751.1,74428.8
1940,STA,GC,uk,992254,84280.4,455152
1940,STA,GC,rue,34.5682,117.527,62.8335
1940,STA,OR,pl,112.302,397.62,509.922
1940,STA,OR,uk,3820.51,6324.54,3228.85
1940,STA,OR,be,128.718,434.335,205.587
1940,STA,OR,pls,102.045,344.485,134.145
1940,STA,OR,ru,32.0858,108.35,66.8995
1940,STA,OR,rue,2.27703,7.69741,3.7551
1940,STA,OR,cs,5.63188,19.0146,11.2674
1940,STA,JW,pl,6515.09,31731.2,38246.3
1940,STA,JW,yi,10644.5,44582.3,41860.3
1940,STA,JW,de,2.9843,9.31624,4.26964
1940,STA,JW,lt,0.110019,0.414828,0.0325597
1940,STA,JH,pl,20.2704,21.2982,41.5686
1940,STA,JH,yi,12101.9,31022.5,20708.1
1940,STA,PR,pl,158.485,231.705,390.189
1940,STA,PR,de,9840.81,2279.5,5841.38
1940,STA,PR,lt,0.33358,1.14704,0.114679
1940,STA,PR,cs,1.74305,5.93923,3.66217
1940,STA,PR,lv,0.472129,1.62186,0.170773
1940,STA,OT,pl,1618.44,866.901,2485.34
1940,STA,OT,kdr,54.8789,46.7258,78.9002
1940,STA,OT,oth,1407.72,606.2,1159.64
1940,TAR,RC,pl,483630,139023,622653
1940,TAR,RC,uk,0.190418,0.529576,0.149357
1940,TAR,RC,be,14.4283,47.964,34.2119
1940,TAR,RC,pls,4.88214,16.4713,10.5551
1940,TAR,RC,de,789.633,214.164,653.418
1940,TAR,RC,lt,33.6748,114.961,34.0427
1940,TAR,RC,csb,15.9573,53.7744,51.9632
1940,TAR,RC,cs,11.881,40.0866,27.6015
1940,TAR,RC,rom,847.357,214.822,597.602
1940,TAR,RC,wym,0.283917,0.941667,1.04225
1940,TAR,RC,oth,584.67,243.808,473.603
1940,TAR,GC,pl,108436,21571.8,130008
1940,TAR,GC,uk,703470,54852,327140
1940,TAR,GC,rue,34.0388,116.814,62.975
1940,TAR,OR,pl,122.746,419.906,542.652
1940,TAR,OR,uk,5070.35,5427.14,3429.07
1940,TAR,OR,be,126.725,431.119,206.189
1940,TAR,OR,pls,100.582,342.336,135.105
1940,TAR,OR,ru,31.5892,107.573,66.8937
1940,TAR,OR,rue,2.24021,7.63979,3.7662
1940,TAR,OR,cs,5.54761,18.8839,11.2673
1940,TAR,JW,pl,11552.8,44030.9,55583.6
1940,TAR,JW,yi,9331.23,31607.1,31039.8
1940,TAR,JW,de,0.270243,0.989066,0.441227
1940,TAR,JW,lt,0.108977,0.400992,0.0290959
1940,TAR,JH,pl,17.1602,17.9272,35.0874
1940,TAR,JH,yi,10352.3,21479.5,15292.8
1940,TAR,PR,pl,2105.12,711.092,2816.21
1940,TAR,PR,de,1860.73,532.48,1168.93
1940,TAR,PR,lt,0.328962,1.13799,0.12007
1940,TAR,PR,cs,1.72114,5.89976,3.66048
1940,TAR,PR,lv,0.465725,1.6098,0.178753
1940,TAR,OT,pl,4450.84,1284.7,5735.54
1940,TAR,OT,kdr,0.238941,0.81798,0.814071
1940,TAR,OT,oth,567.393,216.467,449.91
1940,LT_KAU,RC,pl,10727.8,9121.48,10912.7
1940,LT_KAU,RC,be,15.7536,52.7987,33.2856
1940,LT_KAU,RC,pls,0.304382,1.04503,0.162581
1940,LT_KAU,RC,de,3.4826,11.8952,6.30501
1940,LT_KAU,RC,lt,128999,78210.3,207209
1940,LT_KAU,RC,csb,1.1539,3.96125,0.569739
1940,LT_KAU,RC,cs,0.246683,0.847765,0.105245
1940,LT_KAU,RC,rom,538.378,445.61,584.273
1940,LT_KAU,RC,oth,0.596147,2.03916,0.294103
1940,LT_KAU,GC,pl,0.620746,2.14833,0.257348
1940,LT_KAU,GC,uk,6.17329,21.3527,2.74257
1940,LT_KAU,GC,rue,0.364016,1.25976,0.16668
1940,LT_KAU,OR,pl,7.2671,23.7779,4.28566
1940,LT_KAU,OR,uk,10.1147,35.1546,4.96361
1940,LT_KAU,OR,be,24.3003,83.4516,12.6792
1940,LT_KAU,OR,pls,6.12891,21.1015,3.2604
1940,LT_KAU,OR,ru,6310.62,7701.66,7400.55
1940,LT_KAU,OR,lt,70.5082,164.579,235.087
1940,LT_KAU,JW,pl,5.26371,63.6877,24.013
1940,LT_KAU,JW,yi,2346.14,33764.5,21231.1
1940,LT_KAU,JW,de,0.564226,10.0386,4.4002
1940,LT_KAU,JW,ru,0.465545,18.598,8.10095
1940,LT_KAU,JW,lt,105.209,2304.71,2409.92
1940,LT_KAU,JH,yi,19.7129,91.2606,6.75032
1940,LT_KAU,PR,pl,1.73519,4.74562,1.16282
1940,LT_KAU,PR,de,4555.13,3724.99,4355.4
1940,LT_KAU,PR,lt,1030.53,802.932,1833.46
1940,LT_KAU,PR,lv,24.3163,83.9705,61.6533
1940,LT_KAU,OT,pl,732.299,589.025,729.76
1940,LT_KAU,OT,lt,52.8769,152.962,205.839
1940,LT_KAU,OT,kdr,0.235482,0.813662,0.680985
1940,LT_KAU,OT,oth,1306.94,2051.57,1984.76
1940,LT_LAU,RC,pl,21607.9,2719.01,12809.2
1940,LT_LAU,RC,be,15.9704,52.696,36.0262
1940,LT_LAU,RC,pls,0.188437,0.63755,0.0969572
1940,LT_LAU,RC,de,2.71042,9.11128,5.38314
1940,LT_LAU,RC,lt,428131,44622.9,472754
1940,LT_LAU,RC,csb,0.715163,2.41901,0.340469
1940,LT_LAU,RC,cs,0.152802,0.517529,0.0628404
1940,LT_LAU,RC,rom,7.16014,23.729,16.5134
1940,LT_LAU,RC,oth,0.324148,1.09226,0.154065
1940,LT_LAU,GC,pl,0.324682,1.10757,0.130464
1940,LT_LAU,GC,uk,3.81728,13.016,1.6354
1940,LT_LAU,GC,rue,0.225298,0.768784,0.099504
1940,LT_LAU,OR,pl,4.13979,10.6163,1.691
1940,LT_LAU,OR,uk,6.25385,21.3194,2.94716
1940,LT_LAU,OR,be,15.0498,50.9342,7.55783
1940,LT_LAU,OR,pls,3.78758,12.8679,1.94113
1940,LT_LAU,OR,ru,9418.89,1723.7,5397.95
1940,LT_LAU,OR,lt,102.405,37.5215,139.926
1940,LT_LAU,JW,pl,6.07925,18.002,6.79088
1940,LT_LAU,JW,yi,11039.5,21898,18038.9
1940,LT_LAU,JW,de,0.310277,1.25352,0.593696
1940,LT_LAU,JW,ru,0.745024,3.30979,1.57121
1940,LT_LAU,JW,lt,401.222,1358.09,1759.31
1940,LT_LAU,JH,yi,27.0188,63.1002,4.70849
1940,LT_LAU,PR,pl,0.775059,1.81797,0.314761
1940,LT_LAU,PR,de,2360.7,594.3,1488.23
1940,LT_LAU,PR,lt,145.891,373.863,519.754
1940,LT_LAU,PR,lv,1019.97,167.2,666.041
1940,LT_LAU,OT,pl,2.01922,5.66531,3.42663
1940,LT_LAU,OT,lt,35.9613,18.7751,54.7364
1940,LT_LAU,OT,kdr,70.9943,26.3681,70.8339
1940,LT_LAU,OT,oth,1199.41,284.823,805.108
1940,LT_ZEM,RC,pl,5501.79,1076.91,3393
1940,LT_ZEM,RC,be,15.7427,51.9773,34.1749
1940,LT_ZEM,RC,pls,0.236386,0.799343,0.12152
1940,LT_ZEM,RC,de,3.99407,13.4162,8.02928
1940,LT_ZEM,RC,lt,495745,52207.4,547953
1940,LT_ZEM,RC,csb,0.896878,3.03198,0.427004
1940,LT_ZEM,RC,cs,0.191619,0.648646,0.0788105
1940,LT_ZEM,RC,rom,289.492,56.6324,190.725
1940,LT_ZEM,RC,oth,0.408994,1.37731,0.194481
1940,LT_ZEM,GC,pl,0.308766,1.05384,0.124428
1940,LT_ZEM,GC,uk,4.7948,16.3545,2.05754
1940,LT_ZEM,GC,rue,0.282801,0.965312,0.12507
1940,LT_ZEM,OR,pl,2.95793,9.79257,1.27433
1940,LT_ZEM,OR,uk,7.85737,26.7618,3.69987
1940,LT_ZEM,OR,be,18.9053,63.9462,9.48893
1940,LT_ZEM,OR,pls,4.76425,16.1774,2.43974
1940,LT_ZEM,OR,ru,5317.49,1160.51,3131.27
1940,LT_ZEM,OR,lt,59.4848,26.6364,86.1213
1940,LT_ZEM,JW,pl,2.30199,8.55035,1.87532
1940,LT_ZEM,JW,yi,11020.3,23591.7,18987.8
1940,LT_ZEM,JW,de,0.591417,2.36664,1.11647
1940,LT_ZEM,JW,ru,0.338694,1.83277,0.836222
1940,LT_ZEM,JW,lt,401.281,1475.55,1876.83
1940,LT_ZEM,JH,yi,29.7724,74.2733,5.70686
1940,LT_ZEM,PR,pl,0.554161,1.6699,0.229866
1940,LT_ZEM,PR,de,5212.53,1051.11,3142.4
1940,LT_ZEM,PR,lt,5798.87,845.946,6644.82
1940,LT_ZEM,PR,lv,6701.52,456.917,3997.41
1940,LT_ZEM,OT,pl,1.60482,5.25019,3.1209
1940,LT_ZEM,OT,lt,41.3483,22.37,63.7184
1940,LT_ZEM,OT,kdr,0.317939,1.08158,0.960059
1940,LT_ZEM,OT,oth,1433.14,356.694,970.044
1940,LT_SUV,RC,pl,9142.21,1220.92,5407.8
1940,LT_SUV,RC,be,2256.82,98.2372,1387.83
1940,LT_SUV,RC,pls,0.274008,0.933246,0.131811
1940,LT_SUV,RC,de,2.82207,9.54027,4.73654
1940,LT_SUV,RC,lt,403046,34611.3,437657
1940,LT_SUV,RC,csb,1.05216,3.58281,0.467144
1940,LT_SUV,RC,cs,0.216136,0.736512,0.0835744
1940,LT_SUV,RC,rom,1480.05,144.639,902.912
1940,LT_SUV,RC,oth,0.45575,1.54551,0.204874
1940,LT_SUV,GC,pl,0.405371,1.39275,0.151284
1940,LT_SUV,GC,uk,5.65092,19.4037,2.25047
1940,LT_SUV,GC,rue,0.334729,1.14998,0.137784
1940,LT_SUV,OR,pl,3.41554,11.0429,1.42364
1940,LT_SUV,OR,uk,8.92095,30.5362,3.94657
1940,LT_SUV,OR,be,19.3054,65.5583,9.63868
1940,LT_SUV,OR,pls,5.55691,18.9893,2.65908
1940,LT_SUV,OR,ru,4493.39,765.227,2551.83
1940,LT_SUV,OR,lt,52.4211,18.5688,70.9899
1940,LT_SUV,JW,pl,3.60207,11.5571,2.78169
1940,LT_SUV,JW,yi,10121.7,16369.4,14364.5
1940,LT_SUV,JW,de,2.34266,5.18074,2.78688
1940,LT_SUV,JW,ru,0.325645,1.31532,0.629097
1940,LT_SUV,JW,lt,381.354,1077.17,1458.53
1940,LT_SUV,JH,yi,29.4589,71.0606,5.79867
1940,LT_SUV,PR,pl,1.02207,2.19228,0.38992
1940,LT_SUV,PR,de,17115.8,1724.37,9444.61
1940,LT_SUV,PR,lt,182.014,238.576,420.589
1940,LT_SUV,PR,lv,17.4908,59.7297,43.7833
1940,LT_SUV,OT,pl,2.03992,6.49446,3.90164
1940,LT_SUV,OT,lt,37.0628,16.1018,53.1646
1940,LT_SUV,OT,kdr,0.169158,0.577523,0.481995
1940,LT_SUV,OT,oth,1227.34,241.334,797.298
1940,LT_NEA,RC,pl,18896,1694.7,10710.8
1940,LT_NEA,RC,be,4141.39,128.104,2481.63
1940,LT_NEA,RC,pls,0.14904,0.502658,0.0742672
1940,LT_NEA,RC,de,1.5868,5.32099,2.97627
1940,LT_NEA,RC,ru,2.00526,0.139748,0.55704
1940,LT_NEA,RC,lt,337489,26292.7,363781
1940,LT_NEA,RC,csb,0.5656,1.90695,0.260842
1940,LT_NEA,RC,cs,0.120825,0.407934,0.0480073
1940,LT_NEA,RC,rom,4.3034,14.2098,9.7345
1940,LT_NEA,RC,oth,0.256889,0.862735,0.118306
1940,LT_NEA,GC,pl,0.256717,0.87393,0.0998597
1940,LT_NEA,GC,uk,3.02882,10.306,1.25715
1940,LT_NEA,GC,rue,0.178635,0.608315,0.0764874
1940,LT_NEA,OR,pl,4.97198,8.55982,1.76827
1940,LT_NEA,OR,uk,4.96614,16.8535,2.26252
1940,LT_NEA,OR,be,13.2784,44.7845,6.46064
1940,LT_NEA,OR,pls,3.01486,10.214,1.4967
1940,LT_NEA,OR,ru,24979.7,2675.52,13126.8
1940,LT_NEA,OR,lt,232.437,49.3324,281.769
1940,LT_NEA,JW,pl,5.47869,11.6676,4.51151
1940,LT_NEA,JW,yi,10512.6,13522.1,12744.6
1940,LT_NEA,JW,de,0.132561,0.538812,0.251818
1940,LT_NEA,JW,ru,2.776,6.78064,3.59508
1940,LT_NEA,JW,lt,358.247,802.689,1160.94
1940,LT_NEA,JH,yi,23.9089,45.6406,3.59055
1940,LT_NEA,PR,pl,0.498252,1.39303,0.197389
1940,LT_NEA,PR,de,848.736,266.427,556.448
1940,LT_NEA,PR,lt,8676.52,611.387,9287.91
1940,LT_NEA,PR,lv,8511.78,379.396,4923.22
1940,LT_NEA,OT,pl,1.39971,3.56764,2.07615
1940,LT_NEA,OT,lt,31.8369,10.8997,42.7365
1940,LT_NEA,OT,kdr,0.212189,0.719036,0.640874
1940,LT_NEA,OT,oth,1151.39,180.268,709.067
1940,LT_KLA,RC,pl,48.1652,167.119,84.8604
1940,LT_KLA,RC,be,5.93575,20.1089,13.3114
1940,LT_KLA,RC,de,910.212,544.934,771.697
1940,LT_KLA,RC,lt,35051,17132.5,52183.5
1940,LT_KLA,RC,csb,0.363426,1.26176,0.180505
1940,LT_KLA,RC,rom,3.46171,11.8591,8.30088
1940,LT_KLA,RC,oth,0.171977,0.595594,0.0845068
1940,LT_KLA,GC,uk,1.80253,6.2973,0.793909
1940,LT_KLA,OR,pl,0.923044,3.21707,0.412563
1940,LT_KLA,OR,uk,2.95535,10.4318,1.44886
1940,LT_KLA,OR,be,7.08936,24.6054,3.69031
1940,LT_KLA,OR,pls,1.78552,6.20951,0.947841
1940,LT_KLA,OR,ru,971.714,748.278,890.903
1940,LT_KLA,OR,lt,10.9669,17.4544,28.4212
1940,LT_KLA,JW,pl,0.566465,2.02425,0.227068
1940,LT_KLA,JW,yi,399.369,2812.45,1858.62
1940,LT_KLA,JW,de,3.43718,75.9085,31.4371
1940,LT_KLA,JW,lt,20.3585,183.12,203.479
1940,LT_KLA,JH,yi,3.52333,13.5604,1.1561
1940,LT_KLA,PR,pl,0.154812,0.543465,0.0656549
1940,LT_KLA,PR,de,38968.1,23654.1,32701.3
1940,LT_KLA,PR,lt,30202.7,8646.88,38849.6
1940,LT_KLA,PR,lv,13.972,48.5599,35.7327
1940,LT_KLA,OT,pl,0.499238,1.73341,1.0332
1940,LT_KLA,OT,lt,22.6751,43.2667,65.9418
1940,LT_KLA,OT,kdr,0.121016,0.420785,0.375868
1940,LT_KLA,OT,oth,791.342,698.551,864.671
1945,WAW,RC,pl,29593.7,934333,963926
1945,WAW,RC,uk,0.315518,1.74711,0.864113
1945,WAW,RC,be,170.41,1156.32,823.071
1945,WAW,RC,pls,38.7443,268.197,178.852
1945,WAW,RC,de,150.336,1324.75,1095.78
1945,WAW,RC,lt,453.449,3188.5,1072.77
1945,WAW,RC,csb,242.763,1685.18,1524.76
1945,WAW,RC,cs,32.2026,221.411,150.116
1945,WAW,RC,rom,70.7931,941.729,679.603
1945,WAW,RC,wym,1.2169,8.08751,8.25078
1945,WAW,RC,oth,69.7755,934.111,747.823
1945,WAW,GC,pl,283.173,3868.25,4151.42
1945,WAW,GC,uk,1732.6,12633.1,7565.93
1945,WAW,GC,rue,72.8012,517.53,301.511
1945,WAW,OR,pl,963.246,13114.9,14078.1
1945,WAW,OR,uk,2103.76,15448.4,7610.9
1945,WAW,OR,be,1370.76,9694.97,5291.64
1945,WAW,OR,pls,809.945,5716.19,2757.52
1945,WAW,OR,ru,237.652,7019.29,4894.16
1945,WAW,OR,lt,0.123848,0.709048,0.158311
1945,WAW,OR,rue,2.91328,20.7316,11.3358
1945,WAW,OR,cs,15.1062,106.545,64.4864
1945,WAW,JW,pl,1446.9,78314.1,79761.1
1945,WAW,JW,yi,3692.37,190223,164631
1945,WAW,JW,de,1.97882,27.9447,15.0236
1945,WAW,JW,ru,0.39953,15.125,8.59855
1945,WAW,JW,lt,2.80681,17.321,4.13236
1945,WAW,JH,pl,3.43919,136.727,140.166
1945,WAW,JH,yi,1885.68,92697.2,54795.4
1945,WAW,PR,pl,347.126,27694.9,28042.1
1945,WAW,PR,de,539.775,6456.73,4476.55
1945,WAW,PR,lt,4.6669,33.1216,5.76404
1945,WAW,PR,cs,4.64282,32.8122,20.4989
1945,WAW,PR,lv,5.76005,41.5153,7.67784
1945,WAW,OT,pl,149.67,8233.95,8383.62
1945,WAW,OT,lt,0.0916696,0.521119,0.0987202
1945,WAW,OT,kdr,1.07025,7.72532,6.92899
1945,WAW,OT,oth,26.0895,684.774,492.196
1945,WAR,RC,pl,1.92379e+06,544758,2.46854e+06
1945,WAR,RC,uk,0.113496,0.40161,0.210809
1945,WAR,RC,be,96.0412,310.063,245.097
1945,WAR,RC,pls,24.1032,78.3987,57.5506
1945,WAR,RC,de,3950.54,1369.93,3525.64
1945,WAR,RC,lt,300.83,997.905,363.949
1945,WAR,RC,csb,400.684,1293.73,1291.44
1945,WAR,RC,cs,22.7279,74.2002,55.2275
1945,WAR,RC,rom,2627.91,762.511,2025.33
1945,WAR,RC,wym,0.972166,3.21171,3.66554
1945,WAR,RC,oth,6154.5,2469.01,5386.83
1945,WAR,GC,pl,236.753,761.408,998.161
1945,WAR,GC,uk,2107.67,2943.89,2510.73
1945,WAR,GC,rue,56.7801,190.174,121.04
1945,WAR,OR,pl,2115.9,3060.68,5176.57
1945,WAR,OR,uk,2341.21,3599.24,2449.6
1945,WAR,OR,be,797.894,2618.13,1563.27
1945,WAR,OR,pls,508.023,1665.27,880.533
1945,WAR,OR,ru,6338.12,2522.56,4949.33
1945,WAR,OR,rue,2.10452,6.9651,4.14961
1945,WAR,OR,cs,10.8387,35.7469,23.596
1945,WAR,JW,pl,7487.38,40396.9,47884.2
1945,WAR,JW,yi,23571.5,84547,85823.3
1945,WAR,JW,de,11.7875,47.2886,26.9047
1945,WAR,JW,ru,0.695463,4.22301,2.44767
1945,WAR,JW,lt,1.35048,5.34308,1.19695
1945,WAR,JH,pl,88.9826,91.0583,180.041
1945,WAR,JH,yi,24516.2,59142.5,43523.7
1945,WAR,PR,pl,16038.8,5463.42,21502.2
1945,WAR,PR,de,34750.4,9557.14,23780.1
1945,WAR,PR,lt,3.02947,10.3667,1.9281
1945,WAR,PR,cs,3.25032,10.9537,7.50842
1945,WAR,PR,lv,4.11334,14.0382,2.7581
1945,WAR,OT,pl,1269.75,790.197,2059.95
1945,WAR,OT,kdr,0.777701,2.61274,2.57996
1945,WAR,OT,oth,865.37,395.698,786.244
1945,LOD,RC,pl,1.35185e+06,937725,2.28958e+06
1945,LOD,RC,uk,0.211211,0.752818,0.397995
1945,LOD,RC,be,179.623,589.312,467.495
1945,LOD,RC,pls,45.0374,148.451,109.79
1945,LOD,RC,de,6929.41,8264.15,10865.4
1945,LOD,RC,lt,560.854,1883.19,695.09
1945,LOD,RC,csb,486.74,1595.64,1605.29
1945,LOD,RC,cs,42.391,140.205,105.213
1945,LOD,RC,rom,1402.71,1091.02,1563.74
1945,LOD,RC,wym,2.10398,7.06256,8.0661
1945,LOD,RC,oth,6487.14,6666.43,8977.57
1945,LOD,GC,pl,413.502,1436.89,1850.4
1945,LOD,GC,uk,1555.69,5283,3440.75
1945,LOD,GC,rue,116.092,392.492,252.536
1945,LOD,OR,pl,5021.93,7069.9,12091.8
1945,LOD,OR,uk,1926.43,6475.56,3470.43
1945,LOD,OR,be,1490.02,4934.79,2978.77
1945,LOD,OR,pls,947.328,3137.33,1673.39
1945,LOD,OR,ru,1790.53,2276.94,2373.96
1945,LOD,OR,lt,0.116556,0.414247,0.0939274
1945,LOD,OR,rue,3.93761,13.1377,7.92391
1945,LOD,OR,cs,20.1947,67.204,44.9074
1945,LOD,JW,pl,6189.13,70913.7,77102.8
1945,LOD,JW,yi,19088.4,161845,148881
1945,LOD,JW,de,27.279,593.764,305.956
1945,LOD,JW,ru,0.477464,3.34278,1.93414
1945,LOD,JW,lt,2.538,10.0597,2.29845
1945,LOD,JH,pl,71.466,174.07,245.536
1945,LOD,JH,yi,19310.7,119010,76582.1
1945,LOD,PR,pl,50004.3,33710.7,83715.1
1945,LOD,PR,de,60487.1,70147.7,79393.3
1945,LOD,PR,lt,5.66319,19.6126,3.69663
1945,LOD,PR,cs,6.08227,20.7309,14.3
1945,LOD,PR,lv,7.68411,26.5207,5.27217
1945,LOD,OT,pl,1132.85,1488.1,2620.94
1945,LOD,OT,kdr,1.45657,4.94394,4.91839
1945,LOD,OT,oth,606.187,728.25,886.541
1945,KIE,RC,pl,2.288e+06,665902,2.9539e+06
1945,KIE,RC,uk,0.139652,0.495547,0.258448
1945,KIE,RC,be,108.319,348.312,274.155
1945,KIE,RC,pls,27.2315,88.1568,64.3382
1945,KIE,RC,de,1167.55,952.257,1425.61
1945,KIE,RC,lt,340.658,1122.28,404.839
1945,KIE,RC,csb,259.731,835.694,830.26
1945,KIE,RC,cs,28.2919,91.8375,68.0543
1945,KIE,RC,rom,2714.89,872.977,2112.68
1945,KIE,RC,wym,2.15324,7.10508,8.08716
1945,KIE,RC,oth,5214.95,2193.06,4585.53
1945,KIE,GC,pl,404.222,1383.08,1787.3
1945,KIE,GC,uk,1500.16,5010.46,3209.99
1945,KIE,GC,rue,117.574,391.417,247.884
1945,KIE,OR,pl,962.195,3104.7,4066.89
1945,KIE,OR,uk,1290.91,4275.81,2246.11
1945,KIE,OR,be,899.634,2936.58,1740.42
1945,KIE,OR,pls,571.091,1862.05,976.851
1945,KIE,OR,ru,2623.95,1430.02,2224.15
1945,KIE,OR,rue,3.82992,12.5452,7.42436
1945,KIE,OR,cs,13.4843,44.2167,29.0083
1945,KIE,JW,pl,8156.1,46680.7,54836.8
1945,KIE,JW,yi,34230.8,123750,124673
1945,KIE,JW,de,3.41717,16.2566,8.86526
1945,KIE,JW,ru,0.406025,2.24328,1.28842
1945,KIE,JW,lt,1.5266,6.1127,1.35754
1945,KIE,JH,pl,125.678,130.24,255.917
1945,KIE,JH,yi,35645.4,86311,62926.7
1945,KIE,PR,pl,749.114,1916.32,2665.43
1945,KIE,PR,de,8989,3810.5,6893.85
1945,KIE,PR,lt,3.415,11.6566,2.12215
1945,KIE,PR,cs,4.03057,13.5657,9.25135
1945,KIE,PR,lv,4.63791,15.8,3.04102
1945,KIE,OT,pl,1506.09,971.722,2477.81
1945,KIE,OT,kdr,0.947307,3.17635,3.13348
1945,KIE,OT,oth,1020.78,483.021,931.206
1945,LUB,RC,pl,1.77636e+06,394049,2.17041e+06
1945,LUB,RC,uk,0.32965,1.12687,0.578937
1945,LUB,RC,be,1192.28,385.397,933.567
1945,LUB,RC,pls,32.2339,101.87,73.9585
1945,LUB,RC,de,1575.82,567.945,1369.99
1945,LUB,RC,lt,270.165,867.71,310.61
1945,LUB,RC,csb,146.985,462.849,457.467
1945,LUB,RC,cs,44.1112,139.735,102.854
1945,LUB,RC,rom,1922,480.84,1368.79
1945,LUB,RC,wym,1.02213,3.29542,3.74873
1945,LUB,RC,oth,58.0506,180.436,154.672
1945,LUB,GC,pl,729.084,1447.28,2176.36
1945,LUB,GC,uk,29436.7,9851.53,18816.5
1945,LUB,GC,rue,82.0034,266.862,167.684
1945,LUB,OR,pl,131094,23604.6,154698
1945,LUB,OR,uk,85736.6,15639.1,41473.3
1945,LUB,OR,be,2205.33,3054.31,2358.25
1945,LUB,OR,pls,689.93,2208.16,1151.96
1945,LUB,OR,ru,4690.47,1559.85,3316.72
1945,LUB,OR,rue,4.11921,13.2801,7.81215
1945,LUB,OR,cs,21.2724,68.4714,44.6007
1945,LUB,JW,pl,11983.3,39917.1,51900.4
1945,LUB,JW,yi,37702,85636.2,94008.6
1945,LUB,JW,de,5.34252,12.8253,7.86254
1945,LUB,JW,ru,0.709978,2.58178,1.5629
1945,LUB,JW,lt,1.18639,4.73566,1.03967
1945,LUB,JH,pl,121.344,81.134,202.478
1945,LUB,JH,yi,37664.1,56316.8,46528
1945,LUB,PR,pl,19979.3,4699.33,24678.6
1945,LUB,PR,de,13505.7,3166.63,8574.35
1945,LUB,PR,lt,2.69688,9.01121,1.61378
1945,LUB,PR,cs,6.31124,20.8094,14.1252
1945,LUB,PR,lv,3.65998,12.2029,2.31181
1945,LUB,OT,pl,2375.4,995.037,3370.44
1945,LUB,OT,kdr,0.857073,2.81428,2.77529
1945,LUB,OT,oth,25.1265,83.3985,61.7163
1945,BIA,RC,pl,908180,273082,1.18126e+06
1945,BIA,RC,be,18386.4,2086,12127.3
1945,BIA,RC,pls,26.4394,85.3604,61.8841
1945,BIA,RC,de,730.163,336.998,696.259
1945,BIA,RC,ru,5.58045,0.93271,2.56489
1945,BIA,RC,lt,12653.3,3333.81,7461.95
1945,BIA,RC,csb,107.373,345.666,340.975
1945,BIA,RC,cs,20.9647,67.9361,49.9172
1945,BIA,RC,rom,920.044,302.783,708.052
1945,BIA,RC,wym,0.534478,1.73767,1.97533
1945,BIA,RC,oth,636.651,305.402,574.75
1945,BIA,GC,pl,159.962,546.984,706.945
1945,BIA,GC,uk,663.275,2214.72,1409.4
1945,BIA,GC,rue,36.2608,120.715,75.7102
1945,BIA,OR,pl,131504,29399.8,160904
1945,BIA,OR,uk,4411.92,3575.25,3245.12
1945,BIA,OR,be,190897,21413.2,95908.2
1945,BIA,OR,pls,570.033,1851.61,965.361
1945,BIA,OR,ru,29772.7,8651.65,20779.5
1945,BIA,OR,lt,0.846278,0.592983,0.406226
1945,BIA,OR,rue,1.62518,5.33401,3.13038
1945,BIA,OR,cs,10.0969,33.0484,21.5073
1945,BIA,JW,pl,5251.28,25411,30662.2
1945,BIA,JW,yi,24946.4,75139.6,76981.3
1945,BIA,JW,de,2.64029,8.04472,4.66254
1945,BIA,JW,ru,7.44696,26.8179,16.5161
1945,BIA,JW,lt,5.33568,14.3385,5.45304
1945,BIA,JH,pl,76.7122,68.7621,145.474
1945,BIA,JH,yi,25402.2,50398.3,38236
1945,BIA,PR,pl,3797.22,1643.54,5440.76
1945,BIA,PR,de,6219,1973.34,4269.85
1945,BIA,PR,lt,5.47661,18.1871,3.35188
1945,BIA,PR,cs,3.00027,10.0721,6.8252
1945,BIA,PR,lv,6.47378,21.9637,4.22812
1945,BIA,OT,pl,3559.33,1249.54,4808.88
1945,BIA,OT,kdr,1.09559,3.65051,3.56727
1945,BIA,OT,oth,598.714,247.686,506.261
1945,WIL,RC,pl,547150,205486,752636
1945,WIL,RC,be,38092.5,3716.19,24375.5
1945,WIL,RC,pls,106.492,46.08,84.3146
1945,WIL,RC,de,127.286,111.472,157.946
1945,WIL,RC,ru,17.2193,2.6397,7.90417
1945,WIL,RC,lt,60420.5,11305.1,34420.4
1945,WIL,RC,csb,46.0682,149.891,147.696
1945,WIL,RC,cs,9.46672,30.9796,22.7015
1945,WIL,RC,rom,857.705,244.897,636.879
1945,WIL,RC,wym,0.236092,0.76403,0.866772
1945,WIL,RC,oth,909.546,362.213,764.748
1945,WIL,GC,pl,66.2074,227.044,293.252
1945,WIL,GC,uk,269.655,907.259,579.376
1945,WIL,GC,rue,15.4724,51.9558,32.6619
1945,WIL,OR,pl,79046.5,19296,98342.5
1945,WIL,OR,uk,421.054,1397.02,729.188
1945,WIL,OR,be,246116,27338,121139
1945,WIL,OR,pls,5321.18,1247.09,2631.6
1945,WIL,OR,ru,33629.7,10298.6,23621.9
1945,WIL,OR,lt,10.6573,2.90432,4.5396
1945,WIL,OR,rue,0.69405,2.28812,1.34954
1945,WIL,OR,cs,4.54211,14.9612,9.75961
1945,WIL,JW,pl,2204.34,11365.3,13569.6
1945,WIL,JW,yi,12792.4,41291.7,41294.5
1945,WIL,JW,de,0.410963,1.71387,0.910657
1945,WIL,JW,ru,6.51304,24.6284,15.6203
1945,WIL,JW,lt,24.3108,44.5897,25.2683
1945,WIL,JH,pl,36.1194,32.214,68.3334
1945,WIL,JH,yi,12960.5,27002.1,20349.6
1945,WIL,PR,pl,2121.42,1037.62,3159.04
1945,WIL,PR,de,1020.94,614.247,819.114
1945,WIL,PR,lt,9.93811,32.9209,6.02797
1945,WIL,PR,cs,1.35625,4.5854,3.10058
1945,WIL,PR,lv,8.3927,28.5565,5.48825
1945,WIL,OT,pl,3883.16,1544.35,5427.51
1945,WIL,OT,lt,0.76987,0.67996,0.412623
1945,WIL,OT,kdr,220.212,153.659,289.277
1945,WIL,OT,oth,594.986,248.794,498.013
1945,NOW,RC,pl,389966,82632.8,472599
1945,NOW,RC,be,19230.1,1389.53,11578.4
1945,NOW,RC,pls,12.7333,40.1817,28.6594
1945,NOW,RC,de,21.5434,68.2683,60.4971
1945,NOW,RC,ru,2.11705,0.284185,0.897925
1945,NOW,RC,lt,1217.11,715.069,735.328
1945,NOW,RC,csb,31.3423,98.7637,96.4191
1945,NOW,RC,cs,11.8896,37.6251,27.2321
1945,NOW,RC,rom,948.275,143.912,604.148
1945,NOW,RC,wym,0.197566,0.61298,0.69648
1945,NOW,RC,oth,13.466,41.9215,35.1793
1945,NOW,GC,pl,71.6543,238.569,310.223
1945,NOW,GC,uk,316.454,1034.09,650.785
1945,NOW,GC,rue,15.2292,49.5763,30.723
1945,NOW,OR,pl,159292,18097.3,177389
1945,NOW,OR,uk,546.418,1770.03,904.221
1945,NOW,OR,be,411921,25666.4,185514
1945,NOW,OR,pls,277.51,887.496,452.323
1945,NOW,OR,ru,12315.1,1941.93,7214.01
1945,NOW,OR,rue,0.775702,2.49496,1.44514
1945,NOW,OR,cs,5.74463,18.443,11.8234
1945,NOW,JW,pl,2817.96,6487.35,9305.31
1945,NOW,JW,yi,16645.6,22790.7,28295.4
1945,NOW,JW,de,0.187835,0.96458,0.494226
1945,NOW,JW,ru,2.55164,3.87371,2.93735
1945,NOW,JW,lt,1.01556,3.70802,0.882063
1945,NOW,JH,pl,39.192,16.2087,55.4007
1945,NOW,JH,yi,15357.7,13515.1,13390.1
1945,NOW,PR,pl,2849.75,735.956,3585.7
1945,NOW,PR,de,85.2847,281.528,186.913
1945,NOW,PR,lt,2.15974,7.16406,1.21669
1945,NOW,PR,cs,1.70451,5.59798,3.74503
1945,NOW,PR,lv,2.86634,9.48708,1.71379
1945,NOW,OT,pl,2773.15,647.081,3420.23
1945,NOW,OT,kdr,0.493467,1.60994,1.56284
1945,NOW,OT,oth,7.98258,26.0429,16.6283
1945,POL,RC,pl,135184,62933.1,198117
1945,POL,RC,uk,0.12845,0.413494,0.20399
1945,POL,RC,be,3426.16,508.406,2166.41
1945,POL,RC,pls,13603.2,927.619,7457.63
1945,POL,RC,de,32.956,103.55,90.6304
1945,POL,RC,ru,1.46659,0.301319,0.663698
1945,POL,RC,lt,149.459,475.348,157.775
1945,POL,RC,csb,49.1565,153.47,147.613
1945,POL,RC,cs,15.7373,49.3932,35.0228
1945,POL,RC,rom,448.196,152.541,326.48
1945,POL,RC,wym,0.306122,0.94308,1.06506
1945,POL,RC,oth,427.784,190.678,352.205
1945,POL,GC,pl,102.33,343.541,445.871
1945,POL,GC,uk,725.261,2350.47,1439.63
1945,POL,GC,rue,24.0764,77.7869,46.9088
1945,POL,OR,pl,75320.5,15583.5,90904
1945,POL,OR,uk,58287.6,8512.08,24805.6
1945,POL,OR,be,73933.1,8423.79,33911.4
1945,POL,OR,pls,740495,51757.8,290268
1945,POL,OR,ru,14582.6,4292.13,9484.73
1945,POL,OR,rue,1.22091,3.92318,2.20061
1945,POL,OR,cs,7.59903,24.3632,15.1971
1945,POL,JW,pl,1920.58,9521.42,11442
1945,POL,JW,yi,13688.3,42522.5,41504.2
1945,POL,JW,de,0.267321,1.56459,0.787116
1945,POL,JW,ru,5.51752,15.1176,9.39575
1945,POL,JW,lt,0.654757,2.69825,0.567147
1945,POL,JH,pl,37.1185,31.8205,68.939
1945,POL,JH,yi,13862.8,28345.4,20090.8
1945,POL,PR,pl,6179.92,3410.61,9590.53
1945,POL,PR,de,121.351,392.187,269.002
1945,POL,PR,lt,1.51791,4.93372,0.759835
1945,POL,PR,cs,2.27448,7.31914,4.80848
1945,POL,PR,lv,2.0525,6.65649,1.08969
1945,POL,OT,pl,4178.02,2266.05,6444.07
1945,POL,OT,kdr,0.402641,1.29361,1.2447
1945,POL,OT,oth,404.856,157.954,318.006
1945,WOL,RC,pl,298325,112215,410540
1945,WOL,RC,uk,225.246,15.9033,81.0271
1945,WOL,RC,be,238.574,173.229,233.414
1945,WOL,RC,pls,16.2962,51.2568,35.9587
1945,WOL,RC,de,3859.43,732.109,2760.1
1945,WOL,RC,lt,128.689,410.877,137.463
1945,WOL,RC,csb,47.9033,150.429,145.531
1945,WOL,RC,cs,16720.4,1339.37,9336.85
1945,WOL,RC,rom,1364.39,311.228,910.844
1945,WOL,RC,wym,0.350747,1.08821,1.23023
1945,WOL,RC,oth,1632.78,499.622,1191.81
1945,WOL,GC,pl,231.847,809.094,1040.94
1945,WOL,GC,uk,4032.56,13003.7,7974.62
1945,WOL,GC,rue,44.5533,143.434,86.7739
1945,WOL,OR,pl,4020.43,2738.54,6758.97
1945,WOL,OR,uk,1.50896e+06,129496,601480
1945,WOL,OR,be,2438.19,1752.05,1761.04
1945,WOL,OR,pls,352.808,1128.95,559.108
1945,WOL,OR,ru,20512.9,4895.89,12722.5
1945,WOL,OR,rue,2.87938,9.21888,5.20059
1945,WOL,OR,cs,11371.7,948.663,5702.78
1945,WOL,JW,pl,3878.93,16286.7,20165.7
1945,WOL,JW,yi,29399.5,72368.4,74541.2
1945,WOL,JW,de,35.4317,38.687,30.1163
1945,WOL,JW,ru,7.80386,14.6051,10.1745
1945,WOL,JW,lt,0.568079,2.26859,0.465124
1945,WOL,JH,pl,76.3733,52.3714,128.745
1945,WOL,JH,yi,29611.7,46883.1,35983.8
1945,WOL,PR,pl,9071.13,3510.06,12581.2
1945,WOL,PR,de,34743.1,5946.93,19357
1945,WOL,PR,lt,1.30991,4.3123,0.663257
1945,WOL,PR,cs,3034.82,251.662,1585.43
1945,WOL,PR,lv,1.78099,5.84848,0.952246
1945,WOL,OT,pl,23767.4,8396.06,32163.4
1945,WOL,OT,kdr,30.0927,16.63,34.4699
1945,WOL,OT,oth,1534.33,442.154,1111.15
1945,POZ,RC,pl,1.25021e+06,837135,2.08734e+06
1945,POZ,RC,uk,0.124962,0.446665,0.239212
1945,POZ,RC,be,104.896,350.064,278.783
1945,POZ,RC,pls,26.2931,88.3476,65.6128
1945,POZ,RC,de,14477.5,8315.83,15924.2
1945,POZ,RC,lt,327.276,1125.18,419.698
1945,POZ,RC,csb,476.299,1592.43,1603.02
1945,POZ,RC,cs,24.8317,83.7298,63.041
1945,POZ,RC,rom,396.756,431.155,520.225
1945,POZ,RC,wym,1.32841,4.49354,5.14009
1945,POZ,RC,oth,82.849,273.912,242.734
1945,POZ,GC,pl,253.617,905.175,1158.79
1945,POZ,GC,uk,936.528,3250.78,2123.63
1945,POZ,GC,rue,71.6772,247.815,160.009
1945,POZ,OR,pl,829.586,2987.05,3816.63
1945,POZ,OR,uk,1115.63,3843,2072.01
1945,POZ,OR,be,865.025,2930.96,1778.74
1945,POZ,OR,pls,550.136,1859.83,1000.7
1945,POZ,OR,ru,192.383,653.975,461.55
1945,POZ,OR,rue,2.38466,8.15274,4.9379
1945,POZ,OR,cs,11.7859,40.1068,26.8802
1945,POZ,JW,pl,1694.17,8541.62,10235.8
1945,POZ,JW,yi,2151.72,9405.15,9501.48
1945,POZ,JW,de,8.06455,47.8387,26.4827
1945,POZ,JW,ru,0.226135,0.81671,0.537302
1945,POZ,JW,lt,1.51104,5.43206,1.14793
1945,POZ,JH,pl,5.40865,30.5089,35.9176
1945,POZ,JH,yi,1017.36,3786.72,2551
1945,POZ,PR,pl,27545,19154.4,46699.4
1945,POZ,PR,de,105785,59711.4,95534.4
1945,POZ,PR,lt,3.31253,11.6653,2.26059
1945,POZ,PR,cs,3.56562,12.333,8.55715
1945,POZ,PR,lv,4.49814,15.787,3.22624
1945,POZ,OT,pl,4177.02,2931.13,7108.15
1945,POZ,OT,kdr,0.859597,2.96739,2.95135
1945,POZ,OT,oth,24.9652,100.95,66.8605
1945,POM,RC,pl,552223,385191,937414
1945,POM,RC,be,78.6631,257.685,204.678
1945,POM,RC,pls,19.6733,64.9598,47.9451
1945,POM,RC,de,8321.33,4777.13,8980.58
1945,POM,RC,lt,245.427,826.952,304.294
1945,POM,RC,csb,166133,36530.6,152090
1945,POM,RC,cs,18.5003,61.3007,45.8781
1945,POM,RC,rom,259.037,291.85,339.809
1945,POM,RC,wym,0.874295,2.91831,3.33601
1945,POM,RC,oth,1069.16,1158.97,1517.18
1945,POM,GC,pl,176.812,618.717,795.528
1945,POM,GC,uk,678.701,2316.92,1502.94
1945,POM,GC,rue,48.6467,165.355,105.981
1945,POM,OR,pl,610.425,2155.31,2765.74
1945,POM,OR,uk,843.658,2854.49,1524.04
1945,POM,OR,be,650.105,2165.47,1302.69
1945,POM,OR,pls,411.446,1366.74,729.591
1945,POM,OR,ru,145.345,485.21,339.724
1945,POM,OR,rue,1.70693,5.73455,3.4413
1945,POM,OR,cs,8.78493,29.3974,19.5348
1945,POM,JW,pl,1116.56,4737.9,5854.45
1945,POM,JW,yi,1559.87,6272.52,6402.35
1945,POM,JW,de,6.2067,37.1322,19.2279
1945,POM,JW,ru,0.168162,0.613443,0.399527
1945,POM,JW,lt,1.1222,4.04392,0.84249
1945,POM,JH,pl,3.97786,21.2513,25.2292
1945,POM,JH,yi,755.249,2732.4,1822.04
1945,POM,PR,pl,13858.2,9673.74,23531.9
1945,POM,PR,de,60134.4,33637.2,53418.6
1945,POM,PR,lt,2.55341,8.88853,1.682
1945,POM,PR,cs,2.63826,9.03087,6.2223
1945,POM,PR,lv,3.33566,11.571,2.3054
1945,POM,OT,pl,116.826,404.276,521.102
1945,POM,OT,kdr,0.633191,2.15569,2.13477
1945,POM,OT,oth,19.1812,72.0733,49.6992
1945,SLA,RC,pl,795834,531860,1.32769e+06
1945,SLA,RC,uk,0.16266,0.580068,0.31023
1945,SLA,RC,be,103.682,343.901,275.287
1945,SLA,RC,pls,27.424,91.679,68.5918
1945,SLA,RC,de,36773.3,28840.4,47466.8
1945,SLA,RC,lt,310.727,1068.69,400.098
1945,SLA,RC,csb,277.701,926.423,939.014
1945,SLA,RC,cs,29.8146,100.02,75.9387
1945,SLA,RC,rom,437.805,518.791,604.841
1945,SLA,RC,wym,3.02579,10.0572,11.5789
1945,SLA,RC,oth,709.093,852.31,1074.35
1945,SLA,GC,pl,552.903,1980.19,2533.1
1945,SLA,GC,uk,2134.76,7392.55,4863.71
1945,SLA,GC,rue,161.376,556.212,361.945
1945,SLA,OR,pl,858.751,3121.78,3980.53
1945,SLA,OR,uk,1406.83,4858.37,2631.85
1945,SLA,OR,be,863.129,2926.64,1785.94
1945,SLA,OR,pls,568.953,1922.59,1039.96
1945,SLA,OR,ru,191.459,652.166,463.759
1945,SLA,OR,rue,5.17275,17.7108,10.816
1945,SLA,OR,cs,14.0734,47.8846,32.3507
1945,SLA,JW,pl,3339.54,20895.3,24234.8
1945,SLA,JW,yi,2766.61,11177.4,11474.4
1945,SLA,JW,de,6.37616,54.4878,28.9246
1945,SLA,JW,ru,0.231165,0.843171,0.552263
1945,SLA,JW,lt,1.464,5.25028,1.12171
1945,SLA,JH,pl,6.88104,38.166,45.047
1945,SLA,JH,yi,1345.87,4876,3315.61
1945,SLA,PR,pl,39989,22154.9,62143.9
1945,SLA,PR,de,13436.3,13399.8,16130.7
1945,SLA,PR,lt,3.16186,11.0405,2.13119
1945,SLA,PR,cs,4.30889,14.7408,10.3013
1945,SLA,PR,lv,4.28373,14.9174,3.04645
1945,SLA,OT,pl,4510.19,2920.6,7430.79
1945,SLA,OT,kdr,0.974316,3.32519,3.35088
1945,SLA,OT,oth,628.354,643.643,858.722
1945,KRA,RC,pl,1.59617e+06,615109,2.21128e+06
1945,KRA,RC,uk,0.128632,0.459399,0.24319
1945,KRA,RC,be,78.381,257.015,203.968
1945,KRA,RC,pls,22.5361,74.4441,54.9753
1945,KRA,RC,de,3487.76,1534.71,3419.94
1945,KRA,RC,lt,229.232,772.329,282.288
1945,KRA,RC,csb,165.343,543.811,545.279
1945,KRA,RC,cs,24.9704,82.6777,62.0077
1945,KRA,RC,rom,4753.74,1667.53,3952.25
1945,KRA,RC,wym,944.441,189.574,966.769
1945,KRA,RC,oth,1442.8,943.534,1551.34
1945,KRA,GC,pl,19927.3,7841.41,27768.7
1945,KRA,GC,uk,1783.55,6045.67,3946.26
1945,KRA,GC,rue,59933.4,5239.69,31499.1
1945,KRA,OR,pl,688.022,2413.51,3101.54
1945,KRA,OR,uk,1152.22,3881.9,2083.31
1945,KRA,OR,be,678.113,2254.99,1357.9
1945,KRA,OR,pls,473.569,1570.89,839.895
1945,KRA,OR,ru,146.689,488.83,343.268
1945,KRA,OR,rue,5.87923,19.5617,11.7619
1945,KRA,OR,cs,11.8888,39.6558,26.4879
1945,KRA,JW,pl,7669.74,49386.1,57055.8
1945,KRA,JW,yi,11196.2,52959.8,52062
1945,KRA,JW,de,1.54245,8.7573,4.81678
1945,KRA,JW,ru,0.174559,0.718934,0.447077
1945,KRA,JW,lt,1.07304,4.04698,0.871036
1945,KRA,JH,pl,48.1004,144.267,192.367
1945,KRA,JH,yi,12914.8,43530.1,30516
1945,KRA,PR,pl,463.375,1381.9,1845.27
1945,KRA,PR,de,3730.27,2354.99,3411
1945,KRA,PR,lt,2.31416,7.99802,1.47313
1945,KRA,PR,cs,3.58248,12.1957,8.43031
1945,KRA,PR,lv,3.14177,10.8404,2.11013
1945,KRA,OT,pl,148.505,512.043,660.548
1945,KRA,OT,kdr,0.748264,2.54307,2.53952
1945,KRA,OT,oth,25.935,91.814,68.888
1945,LWO,RC,pl,1.113e+06,481675,1.59468e+06
1945,LWO,RC,uk,1.25066,3.55559,1.89454
1945,LWO,RC,be,84.3089,279.026,219.75
1945,LWO,RC,pls,28.5889,95.8798,69.8385
1945,LWO,RC,de,2934.78,1090.02,2698.26
1945,LWO,RC,lt,218.92,747.327,265.229
1945,LWO,RC,csb,102.325,342.959,341.352
1945,LWO,RC,cs,64.7715,216.982,161.272
1945,LWO,RC,rom,4117.19,1266.39,3247.98
1945,LWO,RC,wym,1.42623,4.72717,5.38593
1945,LWO,RC,oth,4155.26,1912.86,3784.68
1945,LWO,GC,pl,128936,37072.4,166008
1945,LWO,GC,uk,972432,138405,544724
1945,LWO,GC,rue,54173.2,4679.09,28002.4
1945,LWO,OR,pl,6924.94,4367.44,11292.4
1945,LWO,OR,uk,12872.9,26717.3,16254.7
1945,LWO,OR,be,773.614,2619.36,1553.66
1945,LWO,OR,pls,603.377,2035.7,1068.9
1945,LWO,OR,ru,187.551,636.152,443.567
1945,LWO,OR,rue,4014.63,331.86,1950.72
1945,LWO,OR,cs,31.0323,105.11,69.638
1945,LWO,JW,pl,29818.6,143580,173398
1945,LWO,JW,yi,23561.3,90922.4,90271.1
1945,LWO,JW,de,2.53847,9.25706,5.40459
1945,LWO,JW,ru,0.228669,0.977972,0.593685
1945,LWO,JW,lt,1.05094,4.00452,0.80535
1945,LWO,JH,pl,86.2127,111.764,197.976
1945,LWO,JH,yi,27799.9,71078.4,52041.9
1945,LWO,PR,pl,7862.14,3808.87,11671
1945,LWO,PR,de,6926.2,2813.03,5229.22
1945,LWO,PR,lt,2.21348,7.74264,1.31791
1945,LWO,PR,cs,9.36025,32.2568,22.0941
1945,LWO,PR,lv,3.00511,10.4963,1.89303
1945,LWO,OT,pl,2655.63,1782.31,4437.94
1945,LWO,OT,kdr,1.18953,4.08927,4.10817
1945,LWO,OT,oth,2021.6,960.078,1863.12
1945,STA,RC,pl,162290,97054.3,259344
1945,STA,RC,uk,0.619677,1.56698,0.815365
1945,STA,RC,be,25.5014,82.1355,64.2051
1945,STA,RC,pls,8.62307,28.3249,20.3335
1945,STA,RC,de,3974.15,1009.11,3233.04
1945,STA,RC,lt,66.0344,220.512,75.7412
1945,STA,RC,csb,30.959,101.646,100.317
1945,STA,RC,cs,19.5699,64.1321,46.9828
1945,STA,RC,rom,1593.64,466.499,1210.35
1945,STA,RC,wym,0.437272,1.3988,1.59289
1945,STA,RC,oth,2410.47,1050.84,2096.11
1945,STA,GC,pl,60210.5,16709.9,76920.4
1945,STA,GC,uk,981665,112675,513628
1945,STA,GC,rue,55.9658,187.616,117.218
1945,STA,OR,pl,215.893,772.056,987.949
1945,STA,OR,uk,5064.06,10441.7,6155.72
1945,STA,OR,be,234.271,776.155,451.695
1945,STA,OR,pls,183.594,607.646,311.618
1945,STA,OR,ru,56.9175,188.74,129.553
1945,STA,OR,rue,3.65848,12.0932,7.09899
1945,STA,OR,cs,9.41845,31.1822,20.3057
1945,STA,JW,pl,6735.19,33029.1,39764.3
1945,STA,JW,yi,10136.1,39616.8,38352.4
1945,STA,JW,de,4.13877,13.5221,8.04391
1945,STA,JW,lt,0.314935,1.19413,0.232647
1945,STA,JH,pl,33.4528,35.9474,69.4002
1945,STA,JH,yi,12101.5,31064.2,22036.1
1945,STA,PR,pl,256.575,399.581,656.155
1945,STA,PR,de,9379.28,2527.08,6145.39
1945,STA,PR,lt,0.668602,2.29479,0.362218
1945,STA,PR,cs,2.82768,9.55486,6.44348
1945,STA,PR,lv,0.908283,3.11181,0.520792
1945,STA,OT,pl,1619.62,985.555,2605.17
1945,STA,OT,kdr,51.4738,43.9921,74.6835
1945,STA,OT,oth,1333.62,590.506,1173.06
1945,TAR,RC,pl,470073,155591,625664
1945,TAR,RC,uk,0.425876,1.21238,0.632933
1945,TAR,RC,be,24.9314,81.2669,63.865
1945,TAR,RC,pls,8.41816,28.0299,20.2437
1945,TAR,RC,de,755.756,271.845,681.517
1945,TAR,RC,lt,64.331,217.955,76.2592
1945,TAR,RC,csb,30.2199,100.587,99.4543
1945,TAR,RC,cs,19.1037,63.5084,46.7782
1945,TAR,RC,rom,817.232,259.225,641.684
1945,TAR,RC,wym,0.430246,1.38704,1.58136
1945,TAR,RC,oth,562.885,266.942,507.485
1945,TAR,GC,pl,107376,24388.1,131764
1945,TAR,GC,uk,689341,76386,367798
1945,TAR,GC,rue,54.5413,185.651,117.09
1945,TAR,OR,pl,231.807,805.938,1037.74
1945,TAR,OR,uk,6036.33,8932.08,6054.66
1945,TAR,OR,be,228.014,766.707,450.79
1945,TAR,OR,pls,178.999,601.242,312.279
1945,TAR,OR,ru,55.3871,186.534,129.036
1945,TAR,OR,rue,3.55325,11.9496,7.09488
1945,TAR,OR,cs,9.17077,30.833,20.2444
1945,TAR,JW,pl,11258,43246.4,54504.4
1945,TAR,JW,yi,8829.65,28146.4,28578.9
1945,TAR,JW,de,0.469746,1.88026,1.08235
1945,TAR,JW,lt,0.310026,1.1473,0.221722
1945,TAR,JH,pl,28.4292,40.096,68.5252
1945,TAR,JH,yi,10298.9,21620.5,16377.5
1945,TAR,PR,pl,2082.27,876.922,2959.19
1945,TAR,PR,de,1795.73,703.649,1317.64
1945,TAR,PR,lt,0.653408,2.26285,0.374173
1945,TAR,PR,cs,2.76796,9.44106,6.41758
1945,TAR,PR,lv,0.888028,3.07085,0.538135
1945,TAR,OT,pl,4292.96,1425.09,5718.04
1945,TAR,OT,kdr,0.375309,1.27631,1.27807
1945,TAR,OT,oth,535.859,224.309,463.919
1945,LT_KAU,RC,pl,10742.7,9516.26,11800.4
1945,LT_KAU,RC,be,24.7358,81.0095,57.1425
1945,LT_KAU,RC,pls,0.510246,1.73552,0.44791
1945,LT_KAU,RC,de,5.78798,19.5511,11.299
1945,LT_KAU,RC,lt,131155,90406,221561
1945,LT_KAU,RC,csb,2.07888,7.07058,1.58343
1945,LT_KAU,RC,cs,0.426862,1.45478,0.306228
1945,LT_KAU,RC,rom,536.076,455.873,624.026
1945,LT_KAU,RC,oth,1.0126,3.42521,0.774337
1945,LT_KAU,GC,pl,1.13059,3.90388,0.776291
1945,LT_KAU,GC,uk,11.2702,38.8724,8.04771
1945,LT_KAU,GC,rue,0.66917,2.30743,0.496488
1945,LT_KAU,OR,pl,12.2152,39.6767,11.5983
1945,LT_KAU,OR,uk,17.5386,60.6233,14.4524
1945,LT_KAU,OR,be,40.286,136.883,34.8532
1945,LT_KAU,OR,pls,10.4647,35.6653,9.16468
1945,LT_KAU,OR,ru,6375.02,7866.31,8177.43
1945,LT_KAU,OR,lt,116.755,278.619,395.373
1945,LT_KAU,OR,cs,0.19761,0.674757,0.142301
1945,LT_KAU,JW,pl,9.51913,100.643,48.8311
1945,LT_KAU,JW,yi,2420.04,30969.6,20872.6
1945,LT_KAU,JW,de,1.02839,15.659,8.60921
1945,LT_KAU,JW,ru,0.782814,26.8481,15.2826
1945,LT_KAU,JW,lt,191.31,3738.69,3930
1945,LT_KAU,JH,yi,33.087,147.701,26.2575
1945,LT_KAU,PR,pl,2.87649,8.06352,2.82296
1945,LT_KAU,PR,de,4475.7,3958.6,4753.88
1945,LT_KAU,PR,lt,1099.13,1062.84,2161.97
1945,LT_KAU,PR,lv,39.8272,137.284,106.977
1945,LT_KAU,OT,pl,712.976,578.168,764.165
1945,LT_KAU,OT,lt,84.6549,247.915,332.57
1945,LT_KAU,OT,kdr,0.37408,1.28546,1.11722
1945,LT_KAU,OT,oth,1269.33,1970.66,2051.67
1945,LT_LAU,RC,pl,21540.1,3199.88,13953.7
1945,LT_LAU,RC,be,25.1902,80.2696,60.7471
1945,LT_LAU,RC,pls,0.323807,1.07329,0.272813
1945,LT_LAU,RC,de,4.53154,14.8813,9.47783
1945,LT_LAU,RC,lt,428547,58665.3,487213
1945,LT_LAU,RC,csb,1.32226,4.38188,0.967361
1945,LT_LAU,RC,cs,0.271174,0.900942,0.186643
1945,LT_LAU,RC,rom,11.8495,38.207,29.0326
1945,LT_LAU,RC,oth,0.568603,1.87295,0.416711
1945,LT_LAU,GC,pl,0.607795,2.04435,0.401085
1945,LT_LAU,GC,uk,7.14438,24.01,4.89326
1945,LT_LAU,GC,rue,0.424883,1.42785,0.302559
1945,LT_LAU,OR,pl,7.11393,18.1697,4.9608
1945,LT_LAU,OR,uk,11.1187,37.2027,8.7453
1945,LT_LAU,OR,be,25.597,84.63,21.2084
1945,LT_LAU,OR,pls,6.63458,22.0579,5.57448
1945,LT_LAU,OR,ru,9563.63,2019.17,6193.88
1945,LT_LAU,OR,lt,170.83,70.3334,241.163
1945,LT_LAU,OR,cs,0.125511,0.41752,0.0865359
1945,LT_LAU,JW,pl,10.3535,30.5496,15.3063
1945,LT_LAU,JW,yi,10468.4,20345.2,18185.2
1945,LT_LAU,JW,de,0.595239,2.62592,1.55331
1945,LT_LAU,JW,ru,1.20614,5.13418,3.26661
1945,LT_LAU,JW,lt,662.508,2250.83,2913.33
1945,LT_LAU,JH,yi,42.3643,102.022,20.7924
1945,LT_LAU,PR,pl,1.32699,3.2141,0.872021
1945,LT_LAU,PR,de,2357.2,841.214,1742.4
1945,LT_LAU,PR,lt,242.821,630.112,872.932
1945,LT_LAU,PR,lv,1024.95,246.975,753.016
1945,LT_LAU,OT,pl,3.26504,9.02596,6.07691
1945,LT_LAU,OT,lt,58.3985,34.4465,92.845
1945,LT_LAU,OT,kdr,68.2601,25.4972,69.7073
1945,LT_LAU,OT,oth,1173.67,317.97,882.156
1945,LT_ZEM,RC,pl,5563.52,1430.17,3836.15
1945,LT_ZEM,RC,be,24.9961,79.7656,58.3344
1945,LT_ZEM,RC,pls,0.403868,1.33763,0.340563
1945,LT_ZEM,RC,de,6.5968,21.6377,13.9416
1945,LT_ZEM,RC,lt,496600,67820.5,564421
1945,LT_ZEM,RC,csb,1.64823,5.45745,1.20801
1945,LT_ZEM,RC,cs,0.338023,1.12216,0.232892
1945,LT_ZEM,RC,rom,290.987,74.3054,215.831
1945,LT_ZEM,RC,oth,0.712958,2.34616,0.523723
1945,LT_ZEM,GC,pl,0.580895,1.95443,0.383878
1945,LT_ZEM,GC,uk,8.92848,30.0034,6.13219
1945,LT_ZEM,GC,rue,0.530464,1.78249,0.378755
1945,LT_ZEM,OR,pl,5.17536,16.8473,3.89963
1945,LT_ZEM,OR,uk,13.8934,46.4365,10.9362
1945,LT_ZEM,OR,be,31.9786,105.661,26.5317
1945,LT_ZEM,OR,pls,8.30479,27.5959,6.9883
1945,LT_ZEM,OR,ru,5430.5,1420.33,3656.82
1945,LT_ZEM,OR,lt,99.8568,51.9656,151.822
1945,LT_ZEM,OR,cs,0.15667,0.520866,0.10816
1945,LT_ZEM,JW,pl,4.2918,16.2314,5.4084
1945,LT_ZEM,JW,yi,10464.1,21970.7,19174.4
1945,LT_ZEM,JW,de,1.07419,4.60616,2.72521
1945,LT_ZEM,JW,ru,0.574269,3.01161,1.84234
1945,LT_ZEM,JW,lt,662.315,2436.99,3099.31
1945,LT_ZEM,JH,yi,46.8459,120,23.9283
1945,LT_ZEM,PR,pl,0.972319,2.95815,0.664779
1945,LT_ZEM,PR,de,5144.62,1405.04,3553.3
1945,LT_ZEM,PR,lt,5924.63,1205.63,7130.25
1945,LT_ZEM,PR,lv,6613.48,586.393,4234.61
1945,LT_ZEM,OT,pl,2.61249,8.39945,5.48645
1945,LT_ZEM,OT,lt,67.1465,40.8171,107.964
1945,LT_ZEM,OT,kdr,0.502017,1.67944,1.53392
1945,LT_ZEM,OT,oth,1402.87,393.944,1061.6
1945,LT_SUV,RC,pl,9149.63,1606.06,5975.2
1945,LT_SUV,RC,be,2162.31,136.534,1448.46
1945,LT_SUV,RC,pls,0.481667,1.61097,0.393646
1945,LT_SUV,RC,de,4.83379,16.026,8.66332
1945,LT_SUV,RC,lt,402376,46323.6,448699
1945,LT_SUV,RC,csb,1.98991,6.65281,1.40763
1945,LT_SUV,RC,cs,0.391237,1.31089,0.26175
1945,LT_SUV,RC,rom,1460.55,168.129,972.007
1945,LT_SUV,RC,oth,0.815721,2.71089,0.579213
1945,LT_SUV,GC,pl,0.788271,2.67599,0.502304
1945,LT_SUV,GC,uk,10.8957,36.9467,7.20974
1945,LT_SUV,GC,rue,0.647158,2.1938,0.446965
1945,LT_SUV,OR,pl,6.04726,19.3195,4.46724
1945,LT_SUV,OR,uk,16.2611,54.7109,12.4136
1945,LT_SUV,OR,be,32.7881,109.055,27.2116
1945,LT_SUV,OR,pls,10.014,33.5506,8.15614
1945,LT_SUV,OR,ru,4562.31,954.748,2957.33
1945,LT_SUV,OR,lt,88.2345,37.4172,125.652
1945,LT_SUV,OR,cs,0.182122,0.610398,0.122095
1945,LT_SUV,JW,pl,6.64113,22.0821,7.7406
1945,LT_SUV,JW,yi,9572.34,15369.7,14567
1945,LT_SUV,JW,de,3.77282,8.62302,5.82386
1945,LT_SUV,JW,ru,0.548445,2.21766,1.40633
1945,LT_SUV,JW,lt,632.102,1822.12,2454.22
1945,LT_SUV,JH,yi,47.3571,118.526,23.0799
1945,LT_SUV,PR,pl,1.78017,4.00742,1.10832
1945,LT_SUV,PR,de,16617.8,2080.72,10125.3
1945,LT_SUV,PR,lt,300.507,413.56,714.067
1945,LT_SUV,PR,lv,29.0684,98.1012,76.5155
1945,LT_SUV,OT,pl,3.30648,10.3708,6.81725
1945,LT_SUV,OT,lt,60.4777,30.3802,90.8579
1945,LT_SUV,OT,kdr,0.272725,0.917986,0.795697
1945,LT_SUV,OT,oth,1196.8,273.666,870.769
1945,LT_NEA,RC,pl,18803.2,2077.84,11628
1945,LT_NEA,RC,be,3976.53,173.912,2578.86
1945,LT_NEA,RC,pls,0.255905,0.84317,0.209765
1945,LT_NEA,RC,de,2.69902,8.82054,5.33847
1945,LT_NEA,RC,ru,3.05095,0.250118,1.3439
1945,LT_NEA,RC,lt,337252,35939.7,373192
1945,LT_NEA,RC,csb,1.0451,3.44226,0.743347
1945,LT_NEA,RC,cs,0.214254,0.707637,0.143045
1945,LT_NEA,RC,rom,7.22614,23.1446,17.3221
1945,LT_NEA,RC,oth,0.450066,1.4731,0.320754
1945,LT_NEA,GC,pl,0.482062,1.61528,0.309109
1945,LT_NEA,GC,uk,5.67395,18.9949,3.78083
1945,LT_NEA,GC,rue,0.336997,1.12817,0.233712
1945,LT_NEA,OR,pl,8.39335,14.6641,5.00279
1945,LT_NEA,OR,uk,8.83057,29.3487,6.74942
1945,LT_NEA,OR,be,22.5397,74.1154,18.1997
1945,LT_NEA,OR,pls,5.28826,17.5041,4.33076
1945,LT_NEA,OR,ru,25235.5,3028.25,14811.9
1945,LT_NEA,OR,lt,384.758,89.9729,474.731
1945,LT_NEA,JW,pl,9.18756,20.323,10.4355
1945,LT_NEA,JW,yi,9873.25,12628.1,12914
1945,LT_NEA,JW,de,0.272,1.21675,0.711573
1945,LT_NEA,JW,ru,4.3154,9.84423,7.13776
1945,LT_NEA,JW,lt,583.999,1338.07,1922.07
1945,LT_NEA,JH,yi,36.9616,73.8831,15.5877
1945,LT_NEA,PR,pl,0.868941,2.46255,0.567011
1945,LT_NEA,PR,de,863.85,407.626,686.224
1945,LT_NEA,PR,lt,8714.83,834.117,9548.95
1945,LT_NEA,PR,lv,8389.17,497.176,5175.07
1945,LT_NEA,OT,pl,2.28303,5.75459,3.76893
1945,LT_NEA,OT,lt,51.5372,20.3718,71.909
1945,LT_NEA,OT,kdr,0.336098,1.11664,1.02351
1945,LT_NEA,OT,oth,1122.88,204.529,771.509
1945,LT_KLA,RC,pl,80.6311,279.287,158.208
1945,LT_KLA,RC,be,9.44739,31.4695,23.0903
1945,LT_KLA,RC,pls,0.153405,0.531005,0.134277
1945,LT_KLA,RC,de,880.064,538.53,800.793
1945,LT_KLA,RC,lt,36163.5,22939.6,59103.2
1945,LT_KLA,RC,csb,0.663977,2.29921,0.506291
1945,LT_KLA,RC,cs,0.128588,0.445841,0.0917745
1945,LT_KLA,RC,rom,5.71561,19.4671,14.8406
1945,LT_KLA,RC,oth,0.299246,1.03222,0.227367
1945,LT_KLA,GC,pl,0.187928,0.657754,0.127288
1945,LT_KLA,GC,uk,3.36381,11.7628,2.37235
1945,LT_KLA,GC,rue,0.20039,0.700428,0.146936
1945,LT_KLA,OR,pl,1.62015,5.65037,1.27733
1945,LT_KLA,OR,uk,5.21997,18.4837,4.29741
1945,LT_KLA,OR,be,11.9577,41.3823,10.3156
1945,LT_KLA,OR,pls,3.10061,10.7538,2.70515
1945,LT_KLA,OR,ru,993.871,844.197,1034.8
1945,LT_KLA,OR,lt,18.6034,32.2066,50.81
1945,LT_KLA,JW,pl,1.12578,4.05231,0.969297
1945,LT_KLA,JW,yi,459.611,2815.93,2005.15
1945,LT_KLA,JW,de,6.19159,115.167,59.4205
1945,LT_KLA,JW,ru,0.083689,0.588768,0.355389
1945,LT_KLA,JW,lt,43.2561,341.794,385.05
1945,LT_KLA,JH,yi,6.2535,23.5637,4.10212
1945,LT_KLA,PR,pl,0.278245,0.978609,0.196024
1945,LT_KLA,PR,de,37719.8,23543.1,33993.2
1945,LT_KLA,PR,lt,29884.9,9192.45,39077.3
1945,LT_KLA,PR,lv,22.82,79.0359,61.9394
1945,LT_KLA,OT,pl,0.82018,2.84144,1.85097
1945,LT_KLA,OT,lt,36.8436,72.0727,108.916
1945,LT_KLA,OT,kdr,0.192778,0.66785,0.613498
1945,LT_KLA,OT,oth,769.094,688.829,904.752
1950,WAW,RC,pl,36472.4,1.0062e+06,1.04267e+06
1950,WAW,RC,uk,0.503838,3.06493,1.99988
1950,WAW,RC,be,198.02,1569.64,1177.61
1950,WAW,RC,pls,45.4459,370.673,265.863
1950,WAW,RC,de,181.996,1749.15,1439.81
1950,WAW,RC,ru,0.073112,0.512468,0.354242
1950,WAW,RC,lt,583.687,4772.51,1793.64
1950,WAW,RC,csb,295.044,2409.87,2175.9
1950,WAW,RC,cs,39.1905,315.269,221.715
1950,WAW,RC,rom,87.6481,1140.21,848.193
1950,WAW,RC,wym,1.37282,10.6605,10.6506
1950,WAW,RC,oth,81.9299,1068.73,872.196
1950,WAW,GC,pl,373.913,5079.73,5453.64
1950,WAW,GC,uk,2325.25,19394.8,12588.8
1950,WAW,GC,rue,92.7078,774.701,502.374
1950,WAW,OR,pl,1262.01,17708.9,18970.9
1950,WAW,OR,uk,2671.17,22849.2,12958.1
1950,WAW,OR,be,1667.37,13909.9,8666.88
1950,WAW,OR,pls,970.098,8043.61,4618.79
1950,WAW,OR,ru,288.458,7517.15,5383.52
1950,WAW,OR,lt,0.227079,1.40774,0.436407
1950,WAW,OR,rue,3.78488,31.4579,19.471
1950,WAW,OR,cs,18.7675,155.804,100.257
1950,WAW,JW,pl,1952.16,97569.5,99521.7
1950,WAW,JW,yi,3986.95,169974,148130
1950,WAW,JW,de,2.85606,42.2766,25.8236
1950,WAW,JW,ru,0.566651,19.5523,12.967
1950,WAW,JW,lt,4.91793,33.5651,10.4916
1950,WAW,JH,pl,6.02132,215.3,221.321
1950,WAW,JH,yi,2285.49,97537.6,59616.5
1950,WAW,PR,pl,427.194,28387.4,28814.6
1950,WAW,PR,de,650.776,7969.39,5609.81
1950,WAW,PR,lt,6.29791,51.7377,11.4421
1950,WAW,PR,cs,5.61835,47.0687,31.0313
1950,WAW,PR,lv,7.37324,62.4265,14.5536
1950,WAW,OT,pl,182.341,8481.67,8664.01
1950,WAW,OT,lt,0.16404,1.00934,0.277135
1950,WAW,OT,kdr,1.23531,10.6576,9.39942
1950,WAW,OT,oth,31.2248,761.862,517.574
1950,WAR,RC,pl,1.90118e+06,630129,2.53131e+06
1950,WAR,RC,uk,0.198207,0.704597,0.494947
1950,WAR,RC,be,133.281,421.205,359.598
1950,WAR,RC,pls,33.9277,108.695,87.8958
1950,WAR,RC,de,3867.92,1651.28,3686.31
1950,WAR,RC,lt,453.683,1496.46,623.581
1950,WAR,RC,csb,552.812,1756.38,1788.81
1950,WAR,RC,cs,32.9362,106.332,83.7238
1950,WAR,RC,rom,2602.38,891.001,2179.21
1950,WAR,RC,wym,1.28636,4.1621,4.75673
1950,WAR,RC,oth,5910.65,2482.7,5444.58
1950,WAR,GC,pl,365.71,1191.78,1557.49
1950,WAR,GC,uk,2562.53,4538.39,3896.56
1950,WAR,GC,rue,84.6762,282.488,204.52
1950,WAR,OR,pl,2646.67,4683.8,7330.47
1950,WAR,OR,uk,2866.21,5324.35,3954.62
1950,WAR,OR,be,1163.7,3759.58,2632.72
1950,WAR,OR,pls,731.94,2348.87,1524.86
1950,WAR,OR,ru,6406.49,2900.55,5488.79
1950,WAR,OR,lt,0.125286,0.446534,0.142121
1950,WAR,OR,rue,3.24966,10.6345,7.35409
1950,WAR,OR,cs,16.1151,52.5625,37.6957
1950,WAR,JW,pl,8936.05,48510.6,57446.6
1950,WAR,JW,yi,22236.1,74916.9,77526.5
1950,WAR,JW,de,15.208,61.9002,41.8168
1950,WAR,JW,ru,0.955366,5.53132,3.90916
1950,WAR,JW,lt,2.59734,10.3492,3.1704
1950,WAR,JH,pl,131.383,157.641,289.024
1950,WAR,JH,yi,24997.9,61514.4,46858.2
1950,WAR,PR,pl,16189,6679.29,22868.3
1950,WAR,PR,de,33500.8,11054.5,25149.1
1950,WAR,PR,lt,4.70432,16.2426,3.95046
1950,WAR,PR,cs,4.66877,15.7731,11.6557
1950,WAR,PR,lv,6.17047,21.2199,5.42707
1950,WAR,OT,pl,1327.22,1041.99,2369.21
1950,WAR,OT,kdr,1.07764,3.61615,3.58405
1950,WAR,OT,oth,825.968,419.359,801.47
1950,LOD,RC,pl,1.35179e+06,1.02891e+06,2.38071e+06
1950,LOD,RC,uk,0.364061,1.30663,0.924896
1950,LOD,RC,be,245.372,792.945,677.969
1950,LOD,RC,pls,62.394,203.756,165.671
1950,LOD,RC,de,6788.29,8415.49,10887.6
1950,LOD,RC,lt,831.848,2796.79,1177.4
1950,LOD,RC,csb,678.423,2205.7,2259.29
1950,LOD,RC,cs,60.3796,198.611,157.531
1950,LOD,RC,rom,1420.87,1249.64,1740.42
1950,LOD,RC,wym,2.70209,8.92486,10.2051
1950,LOD,RC,oth,6213.48,6300.22,8761.21
1950,LOD,GC,pl,629.555,2223.18,2852.74
1950,LOD,GC,uk,2381.46,8125.23,5865.14
1950,LOD,GC,rue,168.934,572.472,417.295
1950,LOD,OR,pl,5806.48,9960.31,15766.8
1950,LOD,OR,uk,2841.33,9549.04,6061.61
1950,LOD,OR,be,2137.53,7019.47,4947.27
1950,LOD,OR,pls,1340.21,4376.52,2850.6
1950,LOD,OR,ru,1920.11,2735.77,2854.47
1950,LOD,OR,lt,0.229343,0.81752,0.2644
1950,LOD,OR,rue,5.95702,19.809,13.8027
1950,LOD,OR,cs,29.4845,97.6967,70.746
1950,LOD,JW,pl,8017.28,86941.3,94958.5
1950,LOD,JW,yi,19067.9,142966,133716
1950,LOD,JW,de,35.682,716.635,432.778
1950,LOD,JW,ru,0.729222,4.85806,3.38199
1950,LOD,JW,lt,4.80879,19.3291,6.0373
1950,LOD,JH,pl,108.137,276.457,384.595
1950,LOD,JH,yi,20280.3,121437,81202.3
1950,LOD,PR,pl,49507.2,36273.1,85780.3
1950,LOD,PR,de,58373.9,69929.6,80270.3
1950,LOD,PR,lt,8.66784,30.3402,7.48422
1950,LOD,PR,cs,8.61441,29.4743,21.9179
1950,LOD,PR,lv,11.3575,39.5622,10.2433
1950,LOD,OT,pl,1231.19,1905.55,3136.74
1950,LOD,OT,lt,0.168536,0.605446,0.176024
1950,LOD,OT,kdr,1.98953,6.77187,6.75714
1950,LOD,OT,oth,588.829,754.882,900.062
1950,KIE,RC,pl,2.27703e+06,785932,3.06296e+06
1950,KIE,RC,uk,0.246651,0.88001,0.613371
1950,KIE,RC,be,153.485,483.27,410.736
1950,KIE,RC,pls,39.1718,124.816,100.368
1950,KIE,RC,de,1230.04,1260.71,1693.81
1950,KIE,RC,lt,526.323,1720.69,708.021
1950,KIE,RC,csb,379.593,1202.17,1216.27
1950,KIE,RC,cs,41.446,132.891,104.153
1950,KIE,RC,rom,2728.36,1054.18,2327.42
1950,KIE,RC,wym,2.76888,8.95338,10.2058
1950,KIE,RC,oth,5059.22,2272.25,4714.96
1950,KIE,GC,pl,586.194,2020.77,2606.96
1950,KIE,GC,uk,2164.49,7208.49,5150.45
1950,KIE,GC,rue,168.159,557.179,401.735
1950,KIE,OR,pl,1522.39,4972.56,6494.95
1950,KIE,OR,uk,1961.41,6427.8,4022.75
1950,KIE,OR,be,1342.92,4305.97,2995.35
1950,KIE,OR,pls,840.775,2678.75,1727.48
1950,KIE,OR,ru,2739.73,1804.28,2639.12
1950,KIE,OR,lt,0.144428,0.509574,0.157439
1950,KIE,OR,rue,5.51586,17.7549,12.232
1950,KIE,OR,cs,20.3042,65.6878,46.8052
1950,KIE,JW,pl,10444.6,59311.8,69756.4
1950,KIE,JW,yi,32351,110533,113368
1950,KIE,JW,de,4.81831,24.1647,15.477
1950,KIE,JW,ru,0.602858,3.26834,2.28763
1950,KIE,JW,lt,3.00736,12.1249,3.65277
1950,KIE,JH,pl,186.06,196.941,383
1950,KIE,JH,yi,36353.1,90267.1,68026.3
1950,KIE,PR,pl,1061.45,2790.53,3851.98
1950,KIE,PR,de,8891.79,4854.38,7817.62
1950,KIE,PR,lt,5.41487,18.6682,4.43961
1950,KIE,PR,cs,5.83542,19.7267,14.5036
1950,KIE,PR,lv,7.10185,24.4147,6.1121
1950,KIE,OT,pl,1587.68,1299.3,2886.98
1950,KIE,OT,kdr,1.31816,4.42202,4.37329
1950,KIE,OT,oth,980.014,522.504,960.567
1950,LUB,RC,pl,1.77481e+06,478903,2.25371e+06
1950,LUB,RC,uk,0.565135,1.94624,1.34047
1950,LUB,RC,be,1161.61,525.889,1049.57
1950,LUB,RC,pls,45.4661,139.814,112.057
1950,LUB,RC,de,1583.81,758.7,1507.54
1950,LUB,RC,lt,418.429,1317.99,538.354
1950,LUB,RC,csb,220.98,677.551,682.152
1950,LUB,RC,cs,62.3766,192.764,150.435
1950,LUB,RC,rom,1935.61,615.708,1517.94
1950,LUB,RC,wym,1.37178,4.30863,4.9085
1950,LUB,RC,oth,83.2466,250.58,227.074
1950,LUB,GC,pl,1096.66,2222.38,3319.04
1950,LUB,GC,uk,30834.6,14778.4,23766.9
1950,LUB,GC,rue,122.533,392.258,280.877
1950,LUB,OR,pl,134975,29956.6,164932
1950,LUB,OR,uk,88519.1,22763.5,51270.8
1950,LUB,OR,be,2642.92,4390.55,3644.92
1950,LUB,OR,pls,999.451,3099.94,1993.14
1950,LUB,OR,ru,4823.94,1966.46,3822.23
1950,LUB,OR,lt,0.113241,0.396971,0.121056
1950,LUB,OR,rue,6.2273,19.5981,13.4091
1950,LUB,OR,cs,30.9367,97.4036,69.0891
1950,LUB,JW,pl,13878.2,47534.2,61412.4
1950,LUB,JW,yi,35073.8,76757.7,85868.5
1950,LUB,JW,de,6.97084,18.5212,13.2273
1950,LUB,JW,ru,0.976095,3.6577,2.68468
1950,LUB,JW,lt,2.32757,9.31755,2.77063
1950,LUB,JH,pl,178.608,125.468,304.076
1950,LUB,JH,yi,38038.1,59331.9,50415.4
1950,LUB,PR,pl,19965.2,5826.24,25791.5
1950,LUB,PR,de,13160,4049.2,9343
1950,LUB,PR,lt,4.27349,14.3119,3.35514
1950,LUB,PR,cs,8.8048,28.9159,21.203
1950,LUB,PR,lv,5.59843,18.6907,4.61631
1950,LUB,OT,pl,2407.04,1303.54,3710.59
1950,LUB,OT,kdr,1.19322,3.89377,3.85155
1950,LUB,OT,oth,35.4557,118.885,90.8651
1950,BIA,RC,pl,903736,319716,1.22345e+06
1950,BIA,RC,uk,0.180472,0.642224,0.447945
1950,BIA,RC,be,17250.7,2719.1,12343
1950,BIA,RC,pls,36.4051,115.362,92.2923
1950,BIA,RC,de,732.667,444.386,775.716
1950,BIA,RC,ru,7.28336,1.52882,4.44737
1950,BIA,RC,lt,12559.9,4363.16,8197.29
1950,BIA,RC,csb,158.137,500.595,503.064
1950,BIA,RC,cs,29.5739,94.3775,73.4968
1950,BIA,RC,rom,918.455,378.235,785.976
1950,BIA,RC,wym,0.73278,2.3292,2.65021
1950,BIA,RC,oth,625.754,349.415,622.593
1950,BIA,GC,pl,240.653,825.691,1066.34
1950,BIA,GC,uk,994.874,3302.64,2341.42
1950,BIA,GC,rue,54.0741,178.668,127.695
1950,BIA,OR,pl,137901,36426.3,174328
1950,BIA,OR,uk,4910.48,5167.3,4739.11
1950,BIA,OR,be,190857,29895.7,110336
1950,BIA,OR,pls,811.385,2566.22,1646.92
1950,BIA,OR,ru,29962.5,9716.27,22627.1
1950,BIA,OR,lt,1.25594,1.0926,0.824345
1950,BIA,OR,rue,2.42455,7.80685,5.32998
1950,BIA,OR,cs,14.6928,47.2817,33.4969
1950,BIA,JW,pl,6521.3,31781.3,38302.6
1950,BIA,JW,yi,23260.3,66962.4,69703.7
1950,BIA,JW,de,3.48058,11.7633,7.91015
1950,BIA,JW,ru,9.39974,33.3503,25.0033
1950,BIA,JW,lt,8.08172,24.3894,10.7875
1950,BIA,JH,pl,112.781,102.931,215.712
1950,BIA,JH,yi,25598.7,52314.6,40959.5
1950,BIA,PR,pl,3861.52,2096.57,5958.09
1950,BIA,PR,de,6048.4,2483.64,4685.67
1950,BIA,PR,lt,8.08398,27.078,6.64932
1950,BIA,PR,cs,4.19181,14.0874,10.3055
1950,BIA,PR,lv,9.24503,31.5309,8.0659
1950,BIA,OT,pl,3524.17,1492.89,5017.07
1950,BIA,OT,lt,0.203504,0.552774,0.186752
1950,BIA,OT,kdr,1.44266,4.79052,4.70823
1950,BIA,OT,oth,572.379,271.837,522.015
1950,WIL,RC,pl,544942,230616,775558
1950,WIL,RC,be,35378.2,4893.42,24516.2
1950,WIL,RC,pls,105.961,63.8121,100.63
1950,WIL,RC,de,134.893,155.917,194.777
1950,WIL,RC,ru,21.8252,4.3821,13.3541
1950,WIL,RC,lt,58515.9,14046.6,36443.9
1950,WIL,RC,csb,68.6546,221.656,221.592
1950,WIL,RC,cs,13.4427,43.7083,33.7976
1950,WIL,RC,rom,833.517,294.24,679.652
1950,WIL,RC,wym,0.330279,1.04929,1.19012
1950,WIL,RC,oth,867.692,385.391,785.36
1950,WIL,GC,pl,100.353,348.32,448.672
1950,WIL,GC,uk,405.77,1369.56,969.521
1950,WIL,GC,rue,23.3093,78.4053,55.8872
1950,WIL,OR,pl,83364.8,24443.3,107808
1950,WIL,OR,uk,618.007,2041.98,1265.75
1950,WIL,OR,be,242180,38419.2,137817
1950,WIL,OR,pls,5327.42,1786.34,3305.89
1950,WIL,OR,ru,33272.4,11470.8,25377.7
1950,WIL,OR,lt,14.7102,4.97934,8.15944
1950,WIL,OR,rue,1.044,3.41237,2.32796
1950,WIL,OR,cs,6.63738,21.7121,15.3366
1950,WIL,JW,pl,2758.44,14278.1,17036.5
1950,WIL,JW,yi,11842.1,36566.9,37070.6
1950,WIL,JW,de,0.624238,2.79464,1.73887
1950,WIL,JW,ru,8.02494,30.5035,23.0108
1950,WIL,JW,lt,32.4107,68.3307,42.6167
1950,WIL,JH,pl,52.3603,55.7444,108.105
1950,WIL,JH,yi,12856.7,27494.5,21401.5
1950,WIL,PR,pl,2096.32,1244.77,3341.09
1950,WIL,PR,de,1023.17,827.552,977.054
1950,WIL,PR,lt,14.168,47.5892,11.598
1950,WIL,PR,cs,1.91059,6.50348,4.7306
1950,WIL,PR,lv,11.598,39.8768,10.1804
1950,WIL,OT,pl,3766.52,1713.74,5480.27
1950,WIL,OT,lt,1.07083,1.17693,0.782337
1950,WIL,OT,kdr,204.616,148.286,272.492
1950,WIL,OT,oth,561.369,266.375,504.296
1950,NOW,RC,pl,400121,98967.2,499088
1950,NOW,RC,be,18296.2,1920.06,11838.3
1950,NOW,RC,pls,17.8976,54.7884,43.1902
1950,NOW,RC,de,32.1615,99.0593,88.941
1950,NOW,RC,ru,2.72281,0.484676,1.56055
1950,NOW,RC,lt,1285.63,1013.03,904.878
1950,NOW,RC,csb,47.7705,146.131,145.393
1950,NOW,RC,cs,16.9251,52.0955,39.9741
1950,NOW,RC,rom,932.982,183.831,644.685
1950,NOW,RC,wym,0.275759,0.823842,0.939534
1950,NOW,RC,oth,19.364,58.2082,51.7616
1950,NOW,GC,pl,109.331,359.824,469.155
1950,NOW,GC,uk,483.47,1550.57,1087.74
1950,NOW,GC,rue,22.9386,73.1742,51.7358
1950,NOW,OR,pl,168131,24196.3,192327
1950,NOW,OR,uk,813.962,2573.76,1574.28
1950,NOW,OR,be,413141,38121.2,212151
1950,NOW,OR,pls,404.568,1250.27,787.125
1950,NOW,OR,ru,12438.2,2367.99,7942.68
1950,NOW,OR,rue,1.17104,3.65513,2.46622
1950,NOW,OR,cs,8.42831,26.3491,18.3971
1950,NOW,JW,pl,3451.57,8225.44,11677
1950,NOW,JW,yi,15298.5,20593.4,25971.2
1950,NOW,JW,de,0.313184,1.6383,0.998108
1950,NOW,JW,ru,3.13789,5.05821,4.59948
1950,NOW,JW,lt,1.79456,6.79986,2.13422
1950,NOW,JH,pl,57.4234,27.32,84.7434
1950,NOW,JH,yi,15328.5,14226,14414.1
1950,NOW,PR,pl,2822.68,904.163,3726.85
1950,NOW,PR,de,124.168,407.184,288.554
1950,NOW,PR,lt,3.24962,10.7397,2.44427
1950,NOW,PR,cs,2.39846,7.81294,5.64554
1950,NOW,PR,lv,4.16055,13.7042,3.3034
1950,NOW,OT,pl,2711.77,759.929,3471.7
1950,NOW,OT,kdr,0.657865,2.11859,2.06899
1950,NOW,OT,oth,11.1775,36.3114,24.6092
1950,POL,RC,pl,161080,76476.2,237557
1950,POL,RC,uk,0.218267,0.713424,0.475718
1950,POL,RC,be,3265.45,667.453,2265.37
1950,POL,RC,pls,13135.6,1307.1,7819.86
1950,POL,RC,de,49.1883,149.216,132.318
1950,POL,RC,ru,1.71226,0.463912,1.1122
1950,POL,RC,lt,226.469,697.996,266.865
1950,POL,RC,csb,74.6991,224.893,220.759
1950,POL,RC,cs,22.5422,68.4496,51.4773
1950,POL,RC,rom,447.288,188.43,361.984
1950,POL,RC,wym,0.424715,1.25477,1.42185
1950,POL,RC,oth,421.431,211.789,376.48
1950,POL,GC,pl,158.687,522.625,681.313
1950,POL,GC,uk,1102.38,3476.99,2379.29
1950,POL,GC,rue,36.3181,114.025,78.6847
1950,POL,OR,pl,100114,23773.4,123887
1950,POL,OR,uk,59709.4,11997.8,30159
1950,POL,OR,be,74367,11786,39568.8
1950,POL,OR,pls,746533,76359.4,347268
1950,POL,OR,ru,14732.4,4765.65,10354.8
1950,POL,OR,rue,1.83594,5.71437,3.74319
1950,POL,OR,cs,11.1995,34.9333,23.7263
1950,POL,JW,pl,2567.81,12369.4,14937.3
1950,POL,JW,yi,12743.9,37296.6,37123.2
1950,POL,JW,de,0.442623,2.66245,1.57207
1950,POL,JW,ru,6.15626,18.309,13.9678
1950,POL,JW,lt,1.24251,5.12612,1.46544
1950,POL,JH,pl,53.6691,47.25,100.919
1950,POL,JH,yi,13849.2,28870.7,21176.7
1950,POL,PR,pl,6135.91,3596.48,9732.39
1950,POL,PR,de,178.347,566.202,412.055
1950,POL,PR,lt,2.37452,7.60356,1.58886
1950,POL,PR,cs,3.23595,10.2266,7.26175
1950,POL,PR,lv,3.09885,9.8936,2.18566
1950,POL,OT,pl,4119.46,2341.21,6460.67
1950,POL,OT,kdr,0.556317,1.74372,1.68648
1950,POL,OT,oth,389.587,166.943,325.047
1950,WOL,RC,pl,323063,131618,454682
1950,WOL,RC,uk,297.168,31.2287,144.103
1950,WOL,RC,be,248.462,234.249,291.072
1950,WOL,RC,pls,23.1715,70.6678,54.8005
1950,WOL,RC,de,3742.03,880.207,2772.66
1950,WOL,RC,lt,197.804,615.283,235.634
1950,WOL,RC,csb,74.3845,226.654,223.359
1950,WOL,RC,cs,16352.6,1846.99,9608.44
1950,WOL,RC,rom,1347.61,377.588,978.541
1950,WOL,RC,wym,0.489032,1.46572,1.66076
1950,WOL,RC,oth,1587.36,538.274,1237.26
1950,WOL,GC,pl,334.793,1159.47,1494.26
1950,WOL,GC,uk,5734.92,18054,12377.6
1950,WOL,GC,rue,63.7668,200.102,138.511
1950,WOL,OR,pl,6643.5,4472.11,11115.6
1950,WOL,OR,uk,1.53047e+06,186372,708804
1950,WOL,OR,be,2670.91,2507.09,2504.21
1950,WOL,OR,pls,518.546,1605.55,984.858
1950,WOL,OR,ru,20657.1,5588.52,13890.4
1950,WOL,OR,rue,4.05835,12.5892,8.30128
1950,WOL,OR,cs,11450.7,1353.13,6177.98
1950,WOL,JW,pl,5119.59,21126.9,26246.5
1950,WOL,JW,yi,26991.9,63362.3,66552
1950,WOL,JW,de,40.167,50.3067,45.5214
1950,WOL,JW,ru,9.03368,18.3053,15.4284
1950,WOL,JW,lt,1.09628,4.4085,1.24025
1950,WOL,JH,pl,110.736,78.3553,189.091
1950,WOL,JH,yi,29399,47802.5,37854.3
1950,WOL,PR,pl,9243.17,3967.92,13211.1
1950,WOL,PR,de,33488.2,7028.31,20208.9
1950,WOL,PR,lt,2.06644,6.76422,1.39973
1950,WOL,PR,cs,2953.72,349.1,1666.37
1950,WOL,PR,lv,2.71603,8.86075,1.93051
1950,WOL,OT,pl,23302.2,8847.77,32150
1950,WOL,OT,kdr,28.5447,16.5877,33.0598
1950,WOL,OT,oth,1465.1,463.822,1126.08
1950,POZ,RC,pl,1.23976e+06,910979,2.15074e+06
1950,POZ,RC,uk,0.221315,0.797266,0.566925
1950,POZ,RC,be,146.433,484.259,414.947
1950,POZ,RC,pls,37.1759,124.645,101.475
1950,POZ,RC,de,13945.7,8664.7,15875.9
1950,POZ,RC,lt,495.973,1720.6,725.968
1950,POZ,RC,csb,650.454,2172.93,2225.24
1950,POZ,RC,cs,36.1609,122.134,96.9483
1950,POZ,RC,rom,420.079,544.124,632.614
1950,POZ,RC,wym,1.73397,5.78263,6.616
1950,POZ,RC,oth,113.587,373.506,347.13
1950,POZ,GC,pl,387.994,1417.41,1805.4
1950,POZ,GC,uk,1441.51,5060.91,3663.58
1950,POZ,GC,rue,105.134,366.874,268.147
1950,POZ,OR,pl,1289.08,4781.99,6071.07
1950,POZ,OR,uk,1672.5,5805.23,3697.83
1950,POZ,OR,be,1263.3,4277.86,3024.85
1950,POZ,OR,pls,792.684,2659.85,1743.33
1950,POZ,OR,ru,280.435,956.75,733.735
1950,POZ,OR,lt,0.140354,0.503075,0.162326
1950,POZ,OR,rue,3.63105,12.4779,8.72466
1950,POZ,OR,cs,17.5554,59.9435,43.459
1950,POZ,JW,pl,2486.69,11958.7,14445.4
1950,POZ,JW,yi,2695.5,10597.8,10895.3
1950,POZ,JW,de,12.3317,68.0888,44.2951
1950,POZ,JW,ru,0.365361,1.33369,1.08312
1950,POZ,JW,lt,2.96398,10.7408,3.18515
1950,POZ,JH,pl,10.1264,56.3907,66.517
1950,POZ,JH,yi,1477.04,5414.89,3833.49
1950,POZ,PR,pl,27632.9,21075.3,48708.3
1950,POZ,PR,de,101719,61564.5,97889.7
1950,POZ,PR,lt,5.20495,18.5158,4.61886
1950,POZ,PR,cs,5.17619,17.9835,13.4578
1950,POZ,PR,lv,6.82148,24.1543,6.32492
1950,POZ,OT,pl,4127,3227.19,7354.19
1950,POZ,OT,kdr,1.19987,4.16966,4.15838
1950,POZ,OT,oth,35.1218,152.783,100.279
1950,POM,RC,pl,565956,437904,1.00386e+06
1950,POM,RC,uk,0.169494,0.606876,0.428651
1950,POM,RC,be,112.048,361.064,309.347
1950,POM,RC,pls,28.3555,92.7623,75.2492
1950,POM,RC,de,8175.53,5079.01,9129.63
1950,POM,RC,lt,379.013,1278.29,534.065
1950,POM,RC,csb,161872,39170.7,151712
1950,POM,RC,cs,27.4237,90.372,71.44
1950,POM,RC,rom,282.886,377.977,426.91
1950,POM,RC,wym,1.174,3.83879,4.39289
1950,POM,RC,oth,1057.77,1173.51,1560.59
1950,POM,GC,pl,279.832,992.73,1272.56
1950,POM,GC,uk,1085.29,3717.26,2676.56
1950,POM,GC,rue,73.5549,250.223,182.052
1950,POM,OR,pl,967.733,3485.61,4453.34
1950,POM,OR,uk,1294.79,4377.2,2771.76
1950,POM,OR,be,969.578,3202,2252.3
1950,POM,OR,pls,604.582,1977.08,1291.59
1950,POM,OR,ru,215.909,717.085,547.17
1950,POM,OR,rue,2.68872,8.99814,6.25241
1950,POM,OR,cs,13.3284,44.3992,31.9881
1950,POM,JW,pl,1723.25,7324.06,9047.3
1950,POM,JW,yi,2018.14,7412.32,7682.02
1950,POM,JW,de,9.5861,53.3183,33.3092
1950,POM,JW,ru,0.27482,1.0158,0.815425
1950,POM,JW,lt,2.22737,8.08545,2.37227
1950,POM,JH,pl,7.61091,40.229,47.8399
1950,POM,JH,yi,1129.3,4032.99,2824.49
1950,POM,PR,pl,14139.4,10910.9,25050.3
1950,POM,PR,de,58599.4,35280,55583.3
1950,POM,PR,lt,4.03734,14.1847,3.48365
1950,POM,PR,cs,3.88454,13.3361,9.90769
1950,POM,PR,lv,5.12943,17.9316,4.59856
1950,POM,OT,pl,169.496,593.263,762.76
1950,POM,OT,kdr,0.898492,3.06909,3.04649
1950,POM,OT,oth,27.4194,108.849,75.1619
1950,SLA,RC,pl,806719,594460,1.40118e+06
1950,SLA,RC,uk,0.294177,1.05432,0.746064
1950,SLA,RC,be,147.758,479.522,413.921
1950,SLA,RC,pls,39.5259,130.134,106.9
1950,SLA,RC,de,35475,27600,45744.9
1950,SLA,RC,lt,480.547,1647.29,697.821
1950,SLA,RC,csb,398.391,1311.24,1354.33
1950,SLA,RC,cs,43.653,144.793,116.17
1950,SLA,RC,rom,474.635,657.859,749.579
1950,SLA,RC,wym,3.81932,12.3127,14.2475
1950,SLA,RC,oth,720.176,916.682,1161.79
1950,SLA,GC,pl,780.251,2826.31,3606.56
1950,SLA,GC,uk,3044.76,10514.4,7697.27
1950,SLA,GC,rue,225.52,773.103,570.883
1950,SLA,OR,pl,1347.85,5005.31,6353.17
1950,SLA,OR,uk,2149.79,7411.29,4748.33
1950,SLA,OR,be,1282.08,4301.64,3062.94
1950,SLA,OR,pls,832.587,2765.06,1822.83
1950,SLA,OR,ru,282.91,957.906,741.321
1950,SLA,OR,lt,0.136329,0.483058,0.15584
1950,SLA,OR,rue,7.18086,24.4455,17.2775
1950,SLA,OR,cs,21.0202,71.0672,52.026
1950,SLA,JW,pl,4341.67,24570.9,28912.6
1950,SLA,JW,yi,3504.4,12772.1,13360.6
1950,SLA,JW,de,9.9174,74.7461,47.2523
1950,SLA,JW,ru,0.379924,1.39665,1.12615
1950,SLA,JW,lt,2.92318,10.4974,3.13704
1950,SLA,JH,pl,12.9802,70.3402,83.3205
1950,SLA,JH,yi,1958.89,6955.64,4981.55
1950,SLA,PR,pl,39880.3,23027.9,62908.1
1950,SLA,PR,de,13465.5,14423.8,17327.5
1950,SLA,PR,lt,5.0739,17.6784,4.37977
1950,SLA,PR,cs,6.30334,21.37,16.1209
1950,SLA,PR,lv,6.6308,23.0044,6.00525
1950,SLA,OT,pl,4537.33,3214.61,7751.93
1950,SLA,OT,kdr,1.35725,4.59503,4.65147
1950,SLA,OT,oth,611.789,654.464,860.96
1950,KRA,RC,pl,1.55751e+06,686825,2.24433e+06
1950,KRA,RC,uk,0.223746,0.805955,0.569528
1950,KRA,RC,be,110.471,356.836,305.349
1950,KRA,RC,pls,31.7936,104.147,84.4973
1950,KRA,RC,de,3390.78,1776.52,3544.7
1950,KRA,RC,lt,353.468,1192.85,495.108
1950,KRA,RC,csb,237.787,776.57,791.721
1950,KRA,RC,cs,35.7263,117.708,93.2445
1950,KRA,RC,rom,4648.21,1817.01,4140.54
1950,KRA,RC,wym,815.055,181.96,848.115
1950,KRA,RC,oth,1396.34,980.9,1602.5
1950,KRA,GC,pl,20355,9111.06,29466
1950,KRA,GC,uk,2473.94,8407.18,6102.14
1950,KRA,GC,rue,59016.9,7215.43,34778.3
1950,KRA,OR,pl,1075.5,3847.8,4923.31
1950,KRA,OR,uk,1716.63,5775.62,3672.78
1950,KRA,OR,be,998.53,3291.47,2316.37
1950,KRA,OR,pls,684.092,2235,1460.78
1950,KRA,OR,ru,216.334,717.078,548.336
1950,KRA,OR,rue,8.09505,26.7561,18.6119
1950,KRA,OR,cs,17.467,57.9732,41.9665
1950,KRA,JW,pl,8482.9,54190.9,62673.8
1950,KRA,JW,yi,11050.4,47617.9,47813.1
1950,KRA,JW,de,2.29883,12.8965,8.42068
1950,KRA,JW,ru,0.281679,1.18894,0.90534
1950,KRA,JW,lt,2.1186,8.05162,2.4033
1950,KRA,JH,pl,72.2851,238.84,311.125
1950,KRA,JH,yi,13392.4,45115.4,32801
1950,KRA,PR,pl,651.682,1992.93,2644.62
1950,KRA,PR,de,3728.55,2975.78,3949.99
1950,KRA,PR,lt,3.68921,12.916,3.08517
1950,KRA,PR,cs,5.09941,17.4701,12.9852
1950,KRA,PR,lv,4.84,16.8999,4.24695
1950,KRA,OT,pl,208.886,727.429,936.315
1950,KRA,OT,kdr,1.02847,3.5029,3.50521
1950,KRA,OT,oth,35.1683,128.438,97.7878
1950,LWO,RC,pl,1.08055e+06,552675,1.63322e+06
1950,LWO,RC,uk,2.11057,6.23738,4.38193
1950,LWO,RC,be,123.309,406.185,343.566
1950,LWO,RC,pls,41.8796,140.747,112.079
1950,LWO,RC,de,2824.81,1342.11,2816.63
1950,LWO,RC,lt,352.028,1214.99,482.682
1950,LWO,RC,csb,168.191,566.874,569.288
1950,LWO,RC,cs,88.9738,299.279,234.476
1950,LWO,RC,rom,3991.61,1481.48,3441.83
1950,LWO,RC,wym,1.85992,6.10701,6.95628
1950,LWO,RC,oth,3938.45,1982.71,3838.58
1950,LWO,GC,pl,128848,43796.1,172644
1950,LWO,GC,uk,951209,187596,600604
1950,LWO,GC,rue,52596.9,6901.28,30832.9
1950,LWO,OR,pl,7359.56,6551.8,13911.4
1950,LWO,OR,uk,16078.8,38566.1,26363.5
1950,LWO,OR,be,1177.73,4004.68,2762.67
1950,LWO,OR,pls,904.678,3044.97,1947.16
1950,LWO,OR,ru,279.807,956.46,723.352
1950,LWO,OR,rue,3943.13,494.805,2194.91
1950,LWO,OR,cs,43.7582,149.295,106.868
1950,LWO,JW,pl,29502,145651,175153
1950,LWO,JW,yi,22457.8,82193.3,83059.2
1950,LWO,JW,de,3.5629,14.0845,9.51788
1950,LWO,JW,ru,0.377069,1.66906,1.2371
1950,LWO,JW,lt,2.19327,8.46473,2.35767
1950,LWO,JH,pl,127.993,213.695,341.689
1950,LWO,JH,yi,28046.9,73561.8,55503.1
1950,LWO,PR,pl,7785.06,4627.31,12412.4
1950,LWO,PR,de,6706.17,3608.18,5826.64
1950,LWO,PR,lt,3.68887,13.1705,2.86728
1950,LWO,PR,cs,12.8221,44.8664,32.9495
1950,LWO,PR,lv,4.83323,17.2225,3.95135
1950,LWO,OT,pl,2697.04,2227.12,4924.16
1950,LWO,OT,kdr,1.60035,5.56297,5.58347
1950,LWO,OT,oth,1893.98,996.457,1868.03
1950,STA,RC,pl,160920,110980,271900
1950,STA,RC,uk,1.05301,2.78173,1.90385
1950,STA,RC,be,37.6295,119.196,100.369
1950,STA,RC,pls,12.7389,41.4647,32.6428
1950,STA,RC,de,3760.38,1112.77,3167.68
1950,STA,RC,lt,107.066,357.079,137.565
1950,STA,RC,csb,51.384,167.792,167.501
1950,STA,RC,cs,27.1205,88.1303,68.1864
1950,STA,RC,rom,1533.91,522.141,1255.99
1950,STA,RC,wym,0.577216,1.80524,2.0608
1950,STA,RC,oth,2281.9,1042.89,2085.51
1950,STA,GC,pl,60452.2,19220,79672.2
1950,STA,GC,uk,961981,147676,558204
1950,STA,GC,rue,76.2237,255.288,181.032
1950,STA,OR,pl,357.043,1308.72,1665.77
1950,STA,OR,uk,6402.74,14967.4,10006
1950,STA,OR,be,360.625,1184.1,805.585
1950,STA,OR,pls,279.213,911.327,572.489
1950,STA,OR,ru,85.9405,283.118,211.616
1950,STA,OR,rue,4.94195,16.1789,11.0041
1950,STA,OR,cs,13.4398,44.1699,31.1686
1950,STA,JW,pl,6909.6,34118.3,41027.9
1950,STA,JW,yi,9534.99,35024.5,34527.8
1950,STA,JW,de,5.08415,17.1689,12.0517
1950,STA,JW,ru,0.113441,0.503911,0.367439
1950,STA,JW,lt,0.660403,2.51912,0.679333
1950,STA,JH,pl,49.2875,57.8334,107.121
1950,STA,JH,yi,12094.1,31426.2,23017.6
1950,STA,PR,pl,365.211,600.318,965.529
1950,STA,PR,de,8907.96,2869.04,6355.27
1950,STA,PR,lt,1.12399,3.88916,0.795442
1950,STA,PR,cs,3.90686,13.2335,9.60591
1950,STA,PR,lv,1.4742,5.08813,1.09734
1950,STA,OT,pl,1610.4,1117.16,2727.56
1950,STA,OT,kdr,47.733,41.6264,69.7386
1950,STA,OT,oth,1246.02,582.578,1152.21
1950,TAR,RC,pl,452083,175914,627997
1950,TAR,RC,uk,0.725574,2.14665,1.47466
1950,TAR,RC,be,36.4621,117.406,99.3105
1950,TAR,RC,pls,12.3224,40.8622,32.3212
1950,TAR,RC,de,722.186,338.006,709.074
1950,TAR,RC,lt,103.29,351.353,137.779
1950,TAR,RC,csb,49.6849,165.299,165.184
1950,TAR,RC,cs,26.3769,87.4662,67.9706
1950,TAR,RC,rom,782.139,308.162,678.202
1950,TAR,RC,wym,0.563572,1.78278,2.03695
1950,TAR,RC,oth,535.074,291.845,528.324
1950,TAR,GC,pl,105627,28017.8,133645
1950,TAR,GC,uk,669458,102193,397565
1950,TAR,GC,rue,73.7129,251.686,179.889
1950,TAR,OR,pl,377.937,1354.33,1732.27
1950,TAR,OR,uk,7076.13,12867.3,9448.41
1950,TAR,OR,be,347.572,1165.39,798.878
1950,TAR,OR,pls,269.732,898.807,569.935
1950,TAR,OR,ru,82.9415,279.353,210.051
1950,TAR,OR,rue,4.74613,15.9371,10.9348
1950,TAR,OR,cs,13.0315,43.7936,31.1093
1950,TAR,JW,pl,10908.5,42766.9,53675.4
1950,TAR,JW,yi,8257.74,24972.8,25827.7
1950,TAR,JW,de,0.696944,2.96925,1.97962
1950,TAR,JW,ru,0.111309,0.461865,0.345747
1950,TAR,JW,lt,0.646736,2.41807,0.651705
1950,TAR,JH,pl,41.8803,74.1627,116.043
1950,TAR,JH,yi,10235.8,21992.8,17183.2
1950,TAR,PR,pl,2049.59,1083.89,3133.48
1950,TAR,PR,de,1734.37,914.025,1472.04
1950,TAR,PR,lt,1.09035,3.81924,0.812087
1950,TAR,PR,cs,3.81863,13.1028,9.57252
1950,TAR,PR,lv,1.43087,5.00151,1.12134
1950,TAR,OT,pl,4101.21,1591.78,5692.99
1950,TAR,OT,kdr,0.501371,1.71194,1.7141
1950,TAR,OT,oth,498.947,234.402,464.024
1950,LT_KAU,RC,pl,10657.4,9919.25,12424.8
1950,LT_KAU,RC,be,33.0412,106.479,81.5154
1950,LT_KAU,RC,pls,0.72843,2.47592,0.820579
1950,LT_KAU,RC,de,8.1741,27.5746,17.005
1950,LT_KAU,RC,lt,132183,103367,235550
1950,LT_KAU,RC,csb,3.18162,10.8265,3.03553
1950,LT_KAU,RC,cs,0.624469,2.12955,0.589852
1950,LT_KAU,RC,rom,529.454,466.557,652.064
1950,LT_KAU,RC,oth,1.45281,4.90722,1.42004
1950,LT_KAU,GC,pl,1.70273,5.92684,1.57247
1950,LT_KAU,GC,uk,17.0585,59.2659,16.0185
1950,LT_KAU,GC,rue,1.02741,3.56617,0.994088
1950,LT_KAU,OR,pl,17.6389,57.264,21.5891
1950,LT_KAU,OR,uk,25.8268,89.9913,27.9083
1950,LT_KAU,OR,be,56.6765,192.601,64.2592
1950,LT_KAU,OR,pls,15.2382,51.8737,17.1353
1950,LT_KAU,OR,ru,6400.98,8046.62,8756.83
1950,LT_KAU,OR,lt,172.452,415.486,587.938
1950,LT_KAU,OR,cs,0.293942,1.00587,0.280594
1950,LT_KAU,JW,pl,14.258,137.053,75.8077
1950,LT_KAU,JW,yi,2441.26,28036.2,19808.1
1950,LT_KAU,JW,de,1.56788,21.2623,13.1933
1950,LT_KAU,JW,ru,1.12812,33.6363,21.9356
1950,LT_KAU,JW,lt,297.421,5250.5,5547.93
1950,LT_KAU,JH,yi,47.559,208.732,54.7249
1950,LT_KAU,PR,pl,4.11951,11.719,5.00248
1950,LT_KAU,PR,de,4386.95,4206.64,5071.77
1950,LT_KAU,PR,lt,1167.21,1348.32,2515.54
1950,LT_KAU,PR,lv,55.3412,191.53,157.12
1950,LT_KAU,OT,pl,687.224,566.628,775.846
1950,LT_KAU,OT,lt,120.168,349.388,469.557
1950,LT_KAU,OT,kdr,0.504394,1.73814,1.5535
1950,LT_KAU,OT,oth,1218.17,1881.64,2051.04
1950,LT_LAU,RC,pl,21253.6,3762.02,14720.4
1950,LT_LAU,RC,be,33.676,104.632,85.441
1950,LT_LAU,RC,pls,0.472236,1.55228,0.509264
1950,LT_LAU,RC,de,6.41113,20.8333,14.0621
1950,LT_LAU,RC,lt,424554,74668.7,499222
1950,LT_LAU,RC,csb,2.06955,6.81198,1.89033
1950,LT_LAU,RC,cs,0.405447,1.33781,0.366293
1950,LT_LAU,RC,rom,16.5379,52.7421,43.2472
1950,LT_LAU,RC,oth,0.839473,2.73964,0.782882
1950,LT_LAU,GC,pl,0.937925,3.14876,0.826348
1950,LT_LAU,GC,uk,11.0446,37.023,9.90212
1950,LT_LAU,GC,rue,0.666979,2.23505,0.61673
1950,LT_LAU,OR,pl,10.5105,26.8011,9.70074
1950,LT_LAU,OR,uk,16.7336,55.7609,17.1728
1950,LT_LAU,OR,be,36.814,120.411,39.8311
1950,LT_LAU,OR,pls,9.8891,32.5306,10.6393
1950,LT_LAU,OR,ru,9653.82,2358.63,6844.15
1950,LT_LAU,OR,lt,253.713,116.025,369.738
1950,LT_LAU,OR,cs,0.191035,0.630477,0.17386
1950,LT_LAU,JW,pl,15.1391,44.0253,25.6792
1950,LT_LAU,JW,yi,9768.18,18685.5,17599.3
1950,LT_LAU,JW,de,0.93166,4.30505,2.88974
1950,LT_LAU,JW,ru,1.69623,6.8415,5.07587
1950,LT_LAU,JW,lt,961.478,3219.75,4181.23
1950,LT_LAU,JH,yi,58.345,143.945,44.5113
1950,LT_LAU,PR,pl,1.9499,4.84763,1.68234
1950,LT_LAU,PR,de,2348.82,1098.13,1980
1950,LT_LAU,PR,lt,344.596,905.494,1250.09
1950,LT_LAU,PR,lv,1021.69,329.318,830.94
1950,LT_LAU,OT,pl,4.48207,12.2153,8.96043
1950,LT_LAU,OT,lt,83.8149,54.2385,138.053
1950,LT_LAU,OT,kdr,64.9743,24.7582,67.2094
1950,LT_LAU,OT,oth,1135.07,350.842,928.576
1950,LT_ZEM,RC,pl,5572.8,1810.76,4209.79
1950,LT_ZEM,RC,be,33.6366,104.759,82.963
1950,LT_ZEM,RC,pls,0.585925,1.92404,0.633325
1950,LT_ZEM,RC,de,9.22785,29.9349,20.4416
1950,LT_ZEM,RC,lt,492417,85791,578208
1950,LT_ZEM,RC,csb,2.56569,8.43486,2.3507
1950,LT_ZEM,RC,cs,0.502655,1.65685,0.455072
1950,LT_ZEM,RC,rom,290.247,93.0224,237.914
1950,LT_ZEM,RC,oth,1.04666,3.41124,0.979697
1950,LT_ZEM,GC,pl,0.899484,3.02003,0.793741
1950,LT_ZEM,GC,uk,13.7377,46.0356,12.3693
1950,LT_ZEM,GC,rue,0.828479,2.77529,0.769366
1950,LT_ZEM,OR,pl,7.69056,24.9081,7.79348
1950,LT_ZEM,OR,uk,20.8102,69.208,21.3996
1950,LT_ZEM,OR,be,45.7761,149.532,49.6637
1950,LT_ZEM,OR,pls,12.3251,40.5009,13.3059
1950,LT_ZEM,OR,ru,5516.66,1709.82,4116.64
1950,LT_ZEM,OR,lt,149.232,88.205,237.437
1950,LT_ZEM,OR,cs,0.237236,0.782004,0.216433
1950,LT_ZEM,JW,pl,6.55852,25.0377,10.4774
1950,LT_ZEM,JW,yi,9775.23,20191.9,18579.5
1950,LT_ZEM,JW,de,1.62731,7.19507,4.86198
1950,LT_ZEM,JW,ru,0.829899,4.17165,2.984
1950,LT_ZEM,JW,lt,960.869,3457.58,4418.45
1950,LT_ZEM,JH,yi,64.5334,168.563,50.6763
1950,LT_ZEM,PR,pl,1.44685,4.46254,1.31309
1950,LT_ZEM,PR,de,5059.28,1774.32,3903.07
1950,LT_ZEM,PR,lt,6011.42,1609.59,7621.02
1950,LT_ZEM,PR,lv,6466.52,741.122,4384.42
1950,LT_ZEM,OT,pl,3.57493,11.4044,8.04949
1950,LT_ZEM,OT,lt,96.3595,64.2428,160.602
1950,LT_ZEM,OT,kdr,0.671805,2.23376,2.08627
1950,LT_ZEM,OT,oth,1356.3,431.517,1115.81
1950,LT_SUV,RC,pl,9067.11,2028.5,6402.54
1950,LT_SUV,RC,be,2041.04,176.79,1450.89
1950,LT_SUV,RC,pls,0.699674,2.32213,0.745582
1950,LT_SUV,RC,de,6.95034,22.865,13.2247
1950,LT_SUV,RC,lt,397569,59683.7,457253
1950,LT_SUV,RC,csb,3.09605,10.2875,2.78555
1950,LT_SUV,RC,cs,0.582657,1.94046,0.520059
1950,LT_SUV,RC,rom,1428.91,195.523,1015.93
1950,LT_SUV,RC,oth,1.20063,3.95675,1.09837
1950,LT_SUV,GC,pl,1.22315,4.14601,1.06358
1950,LT_SUV,GC,uk,16.8244,56.9221,14.8952
1950,LT_SUV,GC,rue,1.01154,3.41996,0.926375
1950,LT_SUV,OR,pl,9.00994,28.7005,9.00514
1950,LT_SUV,OR,uk,24.4905,82.0003,24.8076
1950,LT_SUV,OR,be,46.8237,154.217,50.909
1950,LT_SUV,OR,pls,14.9375,49.5182,15.8894
1950,LT_SUV,OR,ru,4608.06,1165.74,3301.75
1950,LT_SUV,OR,lt,132.022,65.1661,197.188
1950,LT_SUV,OR,cs,0.276725,0.920436,0.249021
1950,LT_SUV,JW,pl,10.0261,33.8708,14.7868
1950,LT_SUV,JW,yi,8908.38,14237.8,14180.3
1950,LT_SUV,JW,de,5.3404,12.2267,9.41369
1950,LT_SUV,JW,ru,0.78882,3.1199,2.31096
1950,LT_SUV,JW,lt,919.168,2629.19,3548.36
1950,LT_SUV,JH,yi,65.871,168.538,48.6307
1950,LT_SUV,PR,pl,2.62353,6.08834,2.15112
1950,LT_SUV,PR,de,16087.4,2492.73,10545.5
1950,LT_SUV,PR,lt,430.731,610.596,1041.33
1950,LT_SUV,PR,lv,40.8009,137.399,112.853
1950,LT_SUV,OT,pl,4.5005,13.988,9.92244
1950,LT_SUV,OT,lt,87.1119,48.8502,135.962
1950,LT_SUV,OT,kdr,0.37163,1.24403,1.11019
1950,LT_SUV,OT,oth,1153.31,305.555,912.711
1950,LT_NEA,RC,pl,18564.5,2538.47,12247.2
1950,LT_NEA,RC,be,3772.87,229.397,2578.89
1950,LT_NEA,RC,pls,0.374611,1.2198,0.392583
1950,LT_NEA,RC,de,3.89769,12.5637,8.07294
1950,LT_NEA,RC,ru,4.09835,0.395398,2.28281
1950,LT_NEA,RC,lt,334377,47279.7,381657
1950,LT_NEA,RC,csb,1.6431,5.35636,1.45573
1950,LT_NEA,RC,cs,0.321561,1.05113,0.281501
1950,LT_NEA,RC,rom,10.2669,32.3972,26.1902
1950,LT_NEA,RC,oth,0.666838,2.15444,0.603386
1950,LT_NEA,GC,pl,0.748194,2.49857,0.641017
1950,LT_NEA,GC,uk,8.80671,29.3632,7.68694
1950,LT_NEA,GC,rue,0.530988,1.76995,0.478468
1950,LT_NEA,OR,pl,12.365,21.7357,9.62979
1950,LT_NEA,OR,uk,13.34,44.0184,13.3084
1950,LT_NEA,OR,be,32.4656,105.338,34.2644
1950,LT_NEA,OR,pls,7.91903,25.8797,8.31637
1950,LT_NEA,OR,ru,25378.7,3494.86,16097.7
1950,LT_NEA,OR,lt,569.025,146.731,715.756
1950,LT_NEA,OR,cs,0.152034,0.498045,0.134457
1950,LT_NEA,JW,pl,13.3264,29.8543,17.8868
1950,LT_NEA,JW,yi,9133.71,11670.7,12552
1950,LT_NEA,JW,de,0.443346,2.07706,1.38869
1950,LT_NEA,JW,ru,5.9135,12.4543,10.7451
1950,LT_NEA,JW,lt,840.824,1925.72,2766.54
1950,LT_NEA,JH,yi,50.458,104.467,33.3109
1950,LT_NEA,PR,pl,1.29338,3.73336,1.11907
1950,LT_NEA,PR,de,878.66,557.726,818.785
1950,LT_NEA,PR,lt,8699.58,1111.77,9811.36
1950,LT_NEA,PR,lv,8202.72,648.606,5322.81
1950,LT_NEA,OT,pl,3.17676,7.90306,5.67543
1950,LT_NEA,OT,lt,73.9386,32.8071,106.746
1950,LT_NEA,OT,kdr,0.452462,1.48826,1.39539
1950,LT_NEA,OT,oth,1083.14,230.7,807.007
1950,LT_KLA,RC,pl,114.658,398.611,244.938
1950,LT_KLA,RC,be,12.8279,42.1415,33.3248
1950,LT_KLA,RC,pls,0.224958,0.779241,0.251391
1950,LT_KLA,RC,de,847.811,534.037,810.119
1950,LT_KLA,RC,lt,37049.8,29180.1,66229.9
1950,LT_KLA,RC,csb,1.03029,3.5742,0.984012
1950,LT_KLA,RC,cs,0.193392,0.671749,0.18093
1950,LT_KLA,RC,rom,8.02221,27.3301,22.4215
1950,LT_KLA,RC,oth,0.441505,1.52366,0.426653
1950,LT_KLA,GC,pl,0.29469,1.03952,0.265046
1950,LT_KLA,GC,uk,5.2213,18.3934,4.80683
1950,LT_KLA,GC,rue,0.31603,1.11213,0.299859
1950,LT_KLA,OR,pl,2.42965,8.54464,2.57408
1950,LT_KLA,OR,uk,7.8611,28.2339,8.4561
1950,LT_KLA,OR,be,17.183,59.716,19.3521
1950,LT_KLA,OR,pls,4.61302,16.0441,5.14173
1950,LT_KLA,OR,ru,1011.27,947.752,1170
1950,LT_KLA,OR,lt,27.8728,51.6647,79.5375
1950,LT_KLA,JW,pl,1.792,6.51854,2.18101
1950,LT_KLA,JW,yi,509.336,2785.5,2107.03
1950,LT_KLA,JW,de,9.52642,150.869,90.0407
1950,LT_KLA,JW,ru,0.135202,0.870781,0.627015
1950,LT_KLA,JW,lt,73.8938,535.568,609.462
1950,LT_KLA,JH,yi,9.47675,35.3504,8.79863
1950,LT_KLA,PR,pl,0.424473,1.5079,0.394108
1950,LT_KLA,PR,de,36458.9,23642.9,34600
1950,LT_KLA,PR,lt,29391.9,9845.78,39237.7
1950,LT_KLA,PR,lv,31.785,110.598,90.9192
1950,LT_KLA,OT,pl,1.13956,3.96708,2.76586
1950,LT_KLA,OT,lt,52.6552,104.318,156.973
1950,LT_KLA,OT,kdr,0.261975,0.910535,0.851076
1950,LT_KLA,OT,oth,740.149,677.703,918.053
1955,WAW,RC,pl,42937.3,1.08431e+06,1.12725e+06
1955,WAW,RC,uk,0.754399,4.97234,3.53797
1955,WAW,RC,be,219.599,1956.62,1511.98
1955,WAW,RC,pls,51.4986,475.368,353.908
1955,WAW,RC,de,210.102,2192.52,1780.94
1955,WAW,RC,ru,0.102956,0.7863,0.586983
1955,WAW,RC,lt,724.036,6612.65,2634.88
1955,WAW,RC,csb,342.592,3167.16,2827.16
1955,WAW,RC,cs,45.931,417.3,296.146
1955,WAW,RC,rom,103.983,1359.38,1026.25
1955,WAW,RC,wym,1.4605,12.838,12.5116
1955,WAW,RC,oth,91.3758,1199.02,991.242
1955,WAW,GC,pl,461.97,6552.3,7014.27
1955,WAW,GC,uk,2885.84,27164.1,18462.5
1955,WAW,GC,rue,111.695,1061.86,733.285
1955,WAW,OR,pl,1630.42,24045.7,25676.1
1955,WAW,OR,uk,3284.91,31734.9,19436.7
1955,WAW,OR,be,1956.88,18508.7,12436.4
1955,WAW,OR,pls,1123.12,10454.8,6696.78
1955,WAW,OR,ru,338.348,8110.24,5898.92
1955,WAW,OR,lt,0.389775,2.56375,0.857598
1955,WAW,OR,rue,4.63043,43.6946,29.0915
1955,WAW,OR,cs,22.5531,212.932,140.319
1955,WAW,JW,pl,2440.42,114775,117215
1955,WAW,JW,yi,4074.02,152320,133062
1955,WAW,JW,de,3.73738,57.08,37.3576
1955,WAW,JW,ru,0.730453,23.1109,16.5082
1955,WAW,JW,lt,7.79414,56.8922,19.6446
1955,WAW,JH,pl,9.72584,346.818,356.544
1955,WAW,JH,yi,2661.06,103411,64409.9
1955,WAW,PR,pl,503.096,29217.4,29720.5
1955,WAW,PR,de,751.251,9612.53,6801.51
1955,WAW,PR,lt,8.19252,74.5065,19.0037
1955,WAW,PR,cs,6.53614,62.7202,42.2195
1955,WAW,PR,lv,9.0846,86.8899,23.117
1955,WAW,OT,pl,212.534,8775.61,8988.14
1955,WAW,OT,lt,0.270441,1.77034,0.538246
1955,WAW,OT,kdr,1.35746,13.507,11.6034
1955,WAW,OT,oth,35.5018,828.373,549.018
1955,WAR,RC,pl,1.89356e+06,714052,2.60761e+06
1955,WAR,RC,uk,0.322451,1.14533,0.890762
1955,WAR,RC,be,171.976,528.711,474.054
1955,WAR,RC,pls,44.8512,140.811,120.244
1955,WAR,RC,de,3837.47,1927.21,3821.89
1955,WAR,RC,lt,637.679,2087.62,937.644
1955,WAR,RC,csb,707.411,2208.65,2261.57
1955,WAR,RC,cs,44.7607,142.351,114.724
1955,WAR,RC,rom,2605.19,1022.54,2298.83
1955,WAR,RC,wym,1.58152,4.98021,5.64762
1955,WAR,RC,oth,5703.59,2481.56,5413.58
1955,WAR,GC,pl,518.037,1707.44,2225.48
1955,WAR,GC,uk,3102.7,6363.59,5526.47
1955,WAR,GC,rue,116.508,386.315,303.092
1955,WAR,OR,pl,3363.6,6889.52,10253.1
1955,WAR,OR,uk,3531.62,7406.05,5788.59
1955,WAR,OR,be,1589.48,5034.88,3881.25
1955,WAR,OR,pls,986.812,3075.86,2282.18
1955,WAR,OR,ru,6560.93,3305.92,5978.45
1955,WAR,OR,lt,0.232034,0.822964,0.287794
1955,WAR,OR,rue,4.61015,14.877,11.2877
1955,WAR,OR,cs,22.5435,72.4465,54.1559
1955,WAR,JW,pl,10408.2,55675.3,66083.6
1955,WAR,JW,yi,21048.4,66344.3,69688.1
1955,WAR,JW,de,18.3091,74.1216,54.6762
1955,WAR,JW,ru,1.22145,6.65487,5.16574
1955,WAR,JW,lt,4.46266,17.6252,6.12942
1955,WAR,JH,pl,183.187,266.358,449.545
1955,WAR,JH,yi,25967.7,64517.6,49805.8
1955,WAR,PR,pl,16424.7,7927.13,24351.8
1955,WAR,PR,de,32540,12485.9,26164.8
1955,WAR,PR,lt,6.75065,23.4812,6.73395
1955,WAR,PR,cs,6.25986,21.1359,16.2335
1955,WAR,PR,lv,8.59587,29.7183,8.88405
1955,WAR,OT,pl,1394.54,1305.81,2700.36
1955,WAR,OT,lt,0.16216,0.577642,0.186109
1955,WAR,OT,kdr,1.37658,4.60291,4.52417
1955,WAR,OT,oth,790.185,439.628,805.529
1955,LOD,RC,pl,1.36747e+06,1.11347e+06,2.48094e+06
1955,LOD,RC,uk,0.586623,2.09781,1.64491
1955,LOD,RC,be,313.013,983.892,883.75
1955,LOD,RC,pls,81.4981,260.588,223.963
1955,LOD,RC,de,6754.66,8549.21,10876.4
1955,LOD,RC,ru,0.117923,0.418434,0.354081
1955,LOD,RC,lt,1154.19,3850.81,1751.29
1955,LOD,RC,csb,880.532,2815.58,2899.49
1955,LOD,RC,cs,80.9467,262.056,213.143
1955,LOD,RC,rom,1461.14,1410.94,1905.66
1955,LOD,RC,wym,3.24287,10.4097,11.8318
1955,LOD,RC,oth,6001.65,5924.96,8470.49
1955,LOD,GC,pl,882.52,3134.81,4017.33
1955,LOD,GC,uk,3339.02,11317.3,8735.46
1955,LOD,GC,rue,228.189,766.663,606.49
1955,LOD,OR,pl,6907.55,13792.7,20700.2
1955,LOD,OR,uk,3967.7,13203.5,9243.02
1955,LOD,OR,be,2882.75,9289.31,7201.5
1955,LOD,OR,pls,1781.07,5655.03,4201.5
1955,LOD,OR,ru,2091.54,3232.18,3356.86
1955,LOD,OR,lt,0.417518,1.47936,0.52695
1955,LOD,OR,rue,8.31764,27.3263,20.8735
1955,LOD,OR,cs,40.6354,132.755,100.232
1955,LOD,JW,pl,9955.8,100603,110559
1955,LOD,JW,yi,19047.1,126485,119971
1955,LOD,JW,de,43.3447,793.037,525.456
1955,LOD,JW,ru,1.02103,6.34952,4.85582
1955,LOD,JW,lt,8.16125,32.5308,11.5625
1955,LOD,JH,pl,154.25,438.208,592.458
1955,LOD,JH,yi,21767,124780,85397.8
1955,LOD,PR,pl,49476.9,38420.5,87897.5
1955,LOD,PR,de,57012.5,69516.8,80638.8
1955,LOD,PR,lt,12.3138,43.1904,12.619
1955,LOD,PR,cs,11.4373,38.9014,30.1497
1955,LOD,PR,lv,15.6547,54.5266,16.5795
1955,LOD,OT,pl,1345.26,2334.35,3679.61
1955,LOD,OT,lt,0.294406,1.05374,0.347118
1955,LOD,OT,kdr,2.51797,8.52582,8.43802
1955,LOD,OT,oth,576.582,774.653,909.088
1955,KIE,RC,pl,2.29365e+06,908375,3.20202e+06
1955,KIE,RC,uk,0.413049,1.47355,1.13375
1955,KIE,RC,be,202.506,619.858,553.364
1955,KIE,RC,pls,53.0024,165.222,140.393
1955,KIE,RC,de,1313.24,1571.3,1953.17
1955,KIE,RC,lt,758.837,2454.55,1088.45
1955,KIE,RC,csb,515.214,1601.03,1625.09
1955,KIE,RC,cs,57.6984,181.99,145.814
1955,KIE,RC,rom,2784.64,1246.18,2517.87
1955,KIE,RC,wym,3.31021,10.4036,11.7752
1955,KIE,RC,oth,4950.56,2340.45,4778.05
1955,KIE,GC,pl,799.031,2775.75,3574.78
1955,KIE,GC,uk,2931.63,9721.09,7436.13
1955,KIE,GC,rue,224.261,737.801,577.467
1955,KIE,OR,pl,2313.77,7610.17,9923.94
1955,KIE,OR,uk,2849.58,9181.67,6346.26
1955,KIE,OR,be,1883.47,5886.48,4514.04
1955,KIE,OR,pls,1161.21,3576.74,2640.84
1955,KIE,OR,ru,2922.42,2231.61,3077.45
1955,KIE,OR,lt,0.274445,0.961338,0.327009
1955,KIE,OR,rue,7.52408,23.7282,18.0049
1955,KIE,OR,cs,29.2066,92.6014,68.7301
1955,KIE,JW,pl,12757.9,70878.8,83636.6
1955,KIE,JW,yi,30705.3,98888.2,102693
1955,KIE,JW,de,6.33221,32.2386,22.5348
1955,KIE,JW,ru,0.830657,4.33932,3.33234
1955,KIE,JW,lt,5.2797,21.1304,7.2292
1955,KIE,JH,pl,260.674,314.841,575.515
1955,KIE,JH,yi,37823.4,95410,72685
1955,KIE,PR,pl,1393.15,3734.86,5128
1955,KIE,PR,de,8889.93,5925.87,8712.97
1955,KIE,PR,lt,7.92622,27.4548,7.73803
1955,KIE,PR,cs,7.978,26.9312,20.6333
1955,KIE,PR,lv,10.092,34.7946,10.2333
1955,KIE,OT,pl,1690.13,1656.48,3346.61
1955,KIE,OT,lt,0.191562,0.683227,0.214848
1955,KIE,OT,kdr,1.70194,5.69513,5.5817
1955,KIE,OT,oth,946.286,558.873,978.582
1955,LUB,RC,pl,1.80584e+06,569132,2.37497e+06
1955,LUB,RC,uk,0.900025,3.11437,2.37493
1955,LUB,RC,be,1148.62,659.817,1156.19
1955,LUB,RC,pls,60.4509,179.525,152.252
1955,LUB,RC,de,1634.59,965.493,1651.04
1955,LUB,RC,lt,608.521,1870.66,823.222
1955,LUB,RC,csb,309.635,919.051,928.482
1955,LUB,RC,cs,83.2298,249.362,199.736
1955,LUB,RC,rom,1993.57,761.347,1654.44
1955,LUB,RC,wym,1.71249,5.18625,5.86312
1955,LUB,RC,oth,110.75,320.785,301.253
1955,LUB,GC,pl,1537.8,3136.51,4674.31
1955,LUB,GC,uk,32872.7,20177.4,29033.9
1955,LUB,GC,rue,168.995,530.257,412.65
1955,LUB,OR,pl,142414,37434.4,179848
1955,LUB,OR,uk,93501.9,30757.8,61066.3
1955,LUB,OR,be,3191.59,5885.83,5131.67
1955,LUB,OR,pls,1357.18,4037.5,2977.92
1955,LUB,OR,ru,5073.65,2419.2,4325.14
1955,LUB,OR,lt,0.215847,0.749123,0.251553
1955,LUB,OR,rue,8.71183,26.5835,20.0238
1955,LUB,OR,cs,42.5524,130.131,96.559
1955,LUB,JW,pl,15783.2,54586.1,70369.3
1955,LUB,JW,yi,32779.5,68911.8,78012.6
1955,LUB,JW,de,8.53044,24.2549,18.6561
1955,LUB,JW,ru,1.25068,4.714,3.78287
1955,LUB,JW,lt,4.0791,16.1649,5.44996
1955,LUB,JH,pl,249.457,209.419,458.876
1955,LUB,JH,yi,39195.7,63206.9,53896.9
1955,LUB,PR,pl,20127.4,7018.08,27145.4
1955,LUB,PR,de,12981.8,4967.69,10035.1
1955,LUB,PR,lt,6.26449,20.9982,5.82471
1955,LUB,PR,cs,11.4767,37.4356,28.6557
1955,LUB,PR,lv,7.96557,26.5562,7.69285
1955,LUB,OT,pl,2469.42,1631.41,4100.82
1955,LUB,OT,lt,0.149365,0.521699,0.160219
1955,LUB,OT,kdr,1.53577,4.96666,4.8678
1955,LUB,OT,oth,46.1958,153.676,120.678
1955,BIA,RC,pl,909043,369438,1.27848e+06
1955,BIA,RC,uk,0.286063,1.01984,0.78862
1955,BIA,RC,be,16253.6,3232.12,12315
1955,BIA,RC,pls,47.1571,146.119,123.513
1955,BIA,RC,de,749.519,561.275,858.152
1955,BIA,RC,ru,8.93896,2.24328,6.14737
1955,BIA,RC,lt,12600.1,5451.71,8842.79
1955,BIA,RC,csb,216.948,674.638,679.803
1955,BIA,RC,cs,39.2851,123.192,98.3482
1955,BIA,RC,rom,930.606,460.485,856.876
1955,BIA,RC,wym,0.931567,2.88007,3.24866
1955,BIA,RC,oth,620.35,393.31,663.571
1955,BIA,GC,pl,336.984,1161.31,1498.29
1955,BIA,GC,uk,1383.11,4561.57,3460.47
1955,BIA,GC,rue,74.9892,245.665,190.719
1955,BIA,OR,pl,147855,44871.6,192726
1955,BIA,OR,uk,5566.86,7029.49,6464.14
1955,BIA,OR,be,193183,38307.4,122693
1955,BIA,OR,pls,1081.89,3305.6,2428.4
1955,BIA,OR,ru,30614.1,10831.7,24183.8
1955,BIA,OR,lt,1.78387,1.84794,1.34502
1955,BIA,OR,rue,3.38642,10.6756,8.02808
1955,BIA,OR,cs,20.1966,63.6271,47.1164
1955,BIA,JW,pl,7791.45,37462.8,45254.2
1955,BIA,JW,yi,21764.7,59866.4,62874.3
1955,BIA,JW,de,4.32182,15.5115,11.2451
1955,BIA,JW,ru,11.0632,37.9724,31.2622
1955,BIA,JW,lt,11.4878,37.0937,17.2466
1955,BIA,JH,pl,157.133,147.222,304.355
1955,BIA,JH,yi,26278.4,54936.2,43343
1955,BIA,PR,pl,3954.39,2586.82,6541.21
1955,BIA,PR,de,5940.44,3015.69,5074.77
1955,BIA,PR,lt,11.0405,37.2146,10.8937
1955,BIA,PR,cs,5.48103,18.3771,14.0304
1955,BIA,PR,lv,12.2715,41.9496,12.7045
1955,BIA,OT,pl,3516.12,1744.52,5260.63
1955,BIA,OT,lt,0.32,0.925002,0.340666
1955,BIA,OT,kdr,1.76137,5.82281,5.69072
1955,BIA,OT,oth,549.466,294.363,530.678
1955,WIL,RC,pl,548375,257619,805995
1955,WIL,RC,uk,0.125515,0.449469,0.345207
1955,WIL,RC,be,32985.4,5826.85,24157.4
1955,WIL,RC,pls,106.804,82.4093,116.828
1955,WIL,RC,de,146.401,206.833,235.9
1955,WIL,RC,ru,26.0721,6.42924,18.0515
1955,WIL,RC,lt,57146.7,16722.5,37850.9
1955,WIL,RC,csb,95.9833,306.511,306.583
1955,WIL,RC,cs,18.0222,57.9634,45.8467
1955,WIL,RC,rom,821.373,346.625,714.363
1955,WIL,RC,wym,0.430714,1.33626,1.50113
1955,WIL,RC,oth,833.862,408.618,795.987
1955,WIL,GC,pl,142.778,500.204,642.982
1955,WIL,GC,uk,571.127,1926.86,1455.71
1955,WIL,GC,rue,32.9394,110.556,85.3824
1955,WIL,OR,pl,90128.8,30805.4,120934
1955,WIL,OR,uk,861.651,2822.05,1929.68
1955,WIL,OR,be,241251,49351.9,151619
1955,WIL,OR,pls,5387.32,2348.96,3974.83
1955,WIL,OR,ru,33406.5,12689.3,26796.2
1955,WIL,OR,lt,19.3636,7.77829,12.0554
1955,WIL,OR,rue,1.48182,4.7886,3.58351
1955,WIL,OR,cs,9.18943,29.7023,21.8351
1955,WIL,JW,pl,3315.6,16844.8,20160.4
1955,WIL,JW,yi,11009.5,32466.5,33245
1955,WIL,JW,de,0.887508,4.05055,2.75107
1955,WIL,JW,ru,9.24146,34.5186,28.3838
1955,WIL,JW,lt,40.6445,94.3717,60.4857
1955,WIL,JH,pl,71.9965,94.6601,166.657
1955,WIL,JH,yi,12991.1,28315,22302.9
1955,WIL,PR,pl,2087.8,1475.96,3563.76
1955,WIL,PR,de,1039.85,1061.84,1149.1
1955,WIL,PR,lt,18.6137,63.3092,18.4623
1955,WIL,PR,cs,2.52498,8.63075,6.52536
1955,WIL,PR,lv,14.8359,51.4495,15.6027
1955,WIL,OT,pl,3673.04,1892.08,5565.12
1955,WIL,OT,lt,1.40404,1.84925,1.19967
1955,WIL,OT,kdr,190.65,143.331,255.079
1955,WIL,OT,oth,530.748,282.914,503.812
1955,NOW,RC,pl,416111,117678,533789
1955,NOW,RC,uk,0.164687,0.578699,0.437962
1955,NOW,RC,be,17554.4,2403.7,11877.3
1955,NOW,RC,pls,23.6652,70.025,58.3916
1955,NOW,RC,de,44.8709,134.168,120.299
1955,NOW,RC,ru,3.32142,0.739707,2.15714
1955,NOW,RC,lt,1380.33,1339.75,1083.88
1955,NOW,RC,csb,67.7879,201.149,200.93
1955,NOW,RC,cs,22.7017,67.8134,53.3889
1955,NOW,RC,rom,934.641,227.503,676.62
1955,NOW,RC,wym,0.35621,1.01959,1.15558
1955,NOW,RC,oth,25.8461,74.9155,69.1117
1955,NOW,GC,pl,154.537,504.346,658.883
1955,NOW,GC,uk,679.354,2141.85,1610.7
1955,NOW,GC,rue,31.9965,100.192,77.1264
1955,NOW,OR,pl,182305,32015.3,214321
1955,NOW,OR,uk,1144.64,3524.94,2392.65
1955,NOW,OR,be,420745,51520.1,234740
1955,NOW,OR,pls,552.703,1641.72,1184.31
1955,NOW,OR,ru,12788.6,2846.54,8585.77
1955,NOW,OR,lt,0.192066,0.55794,0.211567
1955,NOW,OR,rue,1.64967,4.99387,3.71916
1955,NOW,OR,cs,11.6855,35.4793,25.9102
1955,NOW,JW,pl,4068.43,9853.11,13921.5
1955,NOW,JW,yi,14091.9,18628.3,23674.1
1955,NOW,JW,de,0.474914,2.42711,1.63428
1955,NOW,JW,ru,3.60753,6.03067,5.93197
1955,NOW,JW,lt,2.86131,10.9296,3.85978
1955,NOW,JH,pl,79.7705,49.4083,129.179
1955,NOW,JH,yi,15557.7,15186.5,15295.5
1955,NOW,PR,pl,2814.08,1093.98,3908.06
1955,NOW,PR,de,167.507,547.163,403.535
1955,NOW,PR,lt,4.48201,14.8112,4.0514
1955,NOW,PR,cs,3.15228,10.2009,7.6833
1955,NOW,PR,lv,5.56951,18.2969,5.24893
1955,NOW,OT,pl,2675.77,882.121,3557.89
1955,NOW,OT,kdr,0.808764,2.57215,2.49878
1955,NOW,OT,oth,14.4619,46.4412,32.8642
1955,POL,RC,pl,190358,92856.9,283215
1955,POL,RC,uk,0.344939,1.14254,0.850143
1955,POL,RC,be,3150.79,811.912,2324.73
1955,POL,RC,pls,12863.5,1672.89,8020.73
1955,POL,RC,de,68.8666,200.91,178.215
1955,POL,RC,ru,1.92148,0.64925,1.4537
1955,POL,RC,lt,321.469,958.173,398.274
1955,POL,RC,csb,106.1,307.071,303.347
1955,POL,RC,cs,30.4979,89.2689,69.0033
1955,POL,RC,rom,457.169,228.599,395.254
1955,POL,RC,wym,0.54864,1.54093,1.73544
1955,POL,RC,oth,422.027,234.527,397.395
1955,POL,GC,pl,228.978,737.826,966.804
1955,POL,GC,uk,1550.11,4745.76,3496.41
1955,POL,GC,rue,50.9734,155.137,117.126
1955,POL,OR,pl,137558,36725.8,174284
1955,POL,OR,uk,62581.7,15999.2,35312
1955,POL,OR,be,76195.4,15384.5,44609.9
1955,POL,OR,pls,762614,101715,397541
1955,POL,OR,ru,15199.3,5315.2,11112
1955,POL,OR,lt,0.118593,0.437073,0.145501
1955,POL,OR,rue,2.58042,7.75345,5.63867
1955,POL,OR,cs,15.6179,47.1665,33.6062
1955,POL,JW,pl,3208.53,14806.4,18014.9
1955,POL,JW,yi,11914.9,32866.5,33056.2
1955,POL,JW,de,0.668169,3.87359,2.54275
1955,POL,JW,ru,6.53833,20.0504,16.8866
1955,POL,JW,lt,2.11393,8.53825,2.77345
1955,POL,JH,pl,74.1191,67.1587,141.278
1955,POL,JH,yi,14105.9,29866.5,22074.6
1955,POL,PR,pl,6170.34,3825.67,9996.01
1955,POL,PR,de,243.804,760.353,573.93
1955,POL,PR,lt,3.43404,10.8563,2.74026
1955,POL,PR,cs,4.31284,13.3758,9.92112
1955,POL,PR,lv,4.35079,13.6777,3.61305
1955,POL,OT,pl,4132.21,2437.23,6569.44
1955,POL,OT,kdr,0.714502,2.17642,2.0938
1955,POL,OT,oth,380.099,176.843,328.482
1955,WOL,RC,pl,354129,154940,509069
1955,WOL,RC,uk,374.582,53.0894,205.85
1955,WOL,RC,be,262.448,293.316,347.451
1955,WOL,RC,pls,31.108,91.5351,75.1507
1955,WOL,RC,de,3715.12,1045.76,2785.74
1955,WOL,RC,lt,284.199,858.99,355.901
1955,WOL,RC,csb,107.782,317.344,313.817
1955,WOL,RC,cs,16266.8,2371.14,9785.91
1955,WOL,RC,rom,1360.91,451.562,1035.55
1955,WOL,RC,wym,0.634763,1.82374,2.05028
1955,WOL,RC,oth,1565.62,580.856,1267.37
1955,WOL,GC,pl,456.944,1567.69,2024.64
1955,WOL,GC,uk,7678.18,23590.5,17397
1955,WOL,GC,rue,85.9878,262.806,198.865
1955,WOL,OR,pl,10447.2,7045.21,17492.4
1955,WOL,OR,uk,1.58389e+06,250636,805530
1955,WOL,OR,be,2979.43,3352.86,3342.34
1955,WOL,OR,pls,714.914,2130.8,1502.99
1955,WOL,OR,ru,21204.2,6391.63,14917.4
1955,WOL,OR,rue,5.40988,16.2837,11.9032
1955,WOL,OR,cs,11759.4,1801.65,6608.44
1955,WOL,JW,pl,6323.35,25274.1,31597.4
1955,WOL,JW,yi,24874.3,55725.4,59154.8
1955,WOL,JW,de,43.3034,59.3675,57.0978
1955,WOL,JW,ru,9.9055,20.8032,19.1201
1955,WOL,JW,lt,1.8853,7.49826,2.40704
1955,WOL,JH,pl,153.285,112.748,266.032
1955,WOL,JH,yi,29726.3,49550.8,39381.9
1955,WOL,PR,pl,9538.73,4510.95,14049.7
1955,WOL,PR,de,32703.4,8201.87,20830.6
1955,WOL,PR,lt,2.99948,9.77732,2.43535
1955,WOL,PR,cs,2899.34,449.046,1723.77
1955,WOL,PR,lv,3.83317,12.4231,3.22477
1955,WOL,OT,pl,23157.1,9380.27,32537.4
1955,WOL,OT,kdr,27.3922,16.6425,31.5879
1955,WOL,OT,oth,1412.26,487.276,1125.15
1955,POZ,RC,pl,1.23729e+06,979799,2.21709e+06
1955,POZ,RC,uk,0.366105,1.31643,1.03182
1955,POZ,RC,be,190.823,617.967,554.575
1955,POZ,RC,pls,49.5642,164.092,140.527
1955,POZ,RC,de,13569,8945.02,15753.4
1955,POZ,RC,lt,703.224,2442.61,1102.58
1955,POZ,RC,csb,826.577,2740.72,2814.03
1955,POZ,RC,cs,49.5373,166.114,134.52
1955,POZ,RC,rom,449.924,667.864,748.956
1955,POZ,RC,wym,2.11088,6.87179,7.80223
1955,POZ,RC,oth,144.563,468.887,448.653
1955,POZ,GC,pl,548.692,2035.67,2584.36
1955,POZ,GC,uk,2040.69,7178.68,5532.39
1955,POZ,GC,rue,143.323,500.09,395.048
1955,POZ,OR,pl,1914.58,7272.1,9186.68
1955,POZ,OR,uk,2371.74,8221.85,5754.21
1955,POZ,OR,be,1733.05,5808.34,4502.21
1955,POZ,OR,pls,1073.01,3523.3,2626.47
1955,POZ,OR,ru,383.385,1302.4,1044.09
1955,POZ,OR,lt,0.262864,0.939794,0.330854
1955,POZ,OR,rue,5.12011,17.5479,13.4081
1955,POZ,OR,cs,24.6445,83.7082,63.0597
1955,POZ,JW,pl,3388.17,15705.2,19093.3
1955,POZ,JW,yi,3181.72,11535.4,11956.6
1955,POZ,JW,de,16.872,87.1792,62.582
1955,POZ,JW,ru,0.537912,1.95512,1.71227
1955,POZ,JW,lt,5.18631,18.7463,6.34545
1955,POZ,JH,pl,17.2224,94.1021,111.325
1955,POZ,JH,yi,2031.69,7334.99,5317.51
1955,POZ,PR,pl,27896.1,22768.1,50664.2
1955,POZ,PR,de,98670.5,62722.5,99308.9
1955,POZ,PR,lt,7.59496,27.0499,7.89841
1955,POZ,PR,cs,7.04577,24.3438,18.9545
1955,POZ,PR,lv,9.65156,34.1542,10.379
1955,POZ,OT,pl,4108.17,3505.64,7613.8
1955,POZ,OT,lt,0.186137,0.666908,0.216992
1955,POZ,OT,kdr,1.55242,5.37736,5.31585
1955,POZ,OT,oth,45.8093,200.446,135.909
1955,POM,RC,pl,584134,490173,1.07431e+06
1955,POM,RC,uk,0.28491,1.0175,0.793125
1955,POM,RC,be,148.42,465.606,419.048
1955,POM,RC,pls,38.3929,123.298,105.57
1955,POM,RC,de,8124.06,5339.24,9230.96
1955,POM,RC,lt,545.242,1828.46,821.211
1955,POM,RC,csb,158899,40591.9,149978
1955,POM,RC,cs,38.1067,123.9,100.23
1955,POM,RC,rom,312.041,472.685,519.104
1955,POM,RC,wym,1.46278,4.64072,5.27815
1955,POM,RC,oth,1052.35,1183.37,1591.37
1955,POM,GC,pl,405.237,1450.75,1855.99
1955,POM,GC,uk,1578.69,5388.49,4136.76
1955,POM,GC,rue,102.566,346.947,273.435
1955,POM,OR,pl,1463.72,5351.42,6815.14
1955,POM,OR,uk,1875.52,6286.05,4384.6
1955,POM,OR,be,1355.15,4399.12,3400.74
1955,POM,OR,pls,832.595,2645.8,1972.77
1955,POM,OR,ru,300.175,985.06,787.572
1955,POM,OR,lt,0.201193,0.711761,0.247836
1955,POM,OR,rue,3.88769,12.8719,9.8011
1955,POM,OR,cs,19.0272,62.5974,46.9445
1955,POM,JW,pl,2422.42,10188.7,12611.1
1955,POM,JW,yi,2439.29,8342.48,8704.75
1955,POM,JW,de,13.2224,68.5104,48.0299
1955,POM,JW,ru,0.409054,1.50594,1.30514
1955,POM,JW,lt,3.94159,14.243,4.78219
1955,POM,JH,pl,13.1696,68.3755,81.5452
1955,POM,JH,yi,1589.26,5588.44,4006.87
1955,POM,PR,pl,14539.1,12046.3,26585.3
1955,POM,PR,de,57688.4,36495.2,57216.9
1955,POM,PR,lt,5.91135,20.7425,6.0081
1955,POM,PR,cs,5.34903,18.2132,14.1097
1955,POM,PR,lv,7.33754,25.5633,7.65286
1955,POM,OT,pl,228.243,803.327,1031.57
1955,POM,OT,lt,0.142048,0.505413,0.162365
1955,POM,OT,kdr,1.17699,4.00596,3.93731
1955,POM,OT,oth,36.1679,144.297,102.398
1955,SLA,RC,pl,819140,660380,1.47952e+06
1955,SLA,RC,uk,0.503127,1.80404,1.39937
1955,SLA,RC,be,196.695,622.263,562.785
1955,SLA,RC,pls,54.0243,174.55,150.87
1955,SLA,RC,de,34364.9,26446.2,43968.9
1955,SLA,RC,lt,694.882,2369.51,1072.68
1955,SLA,RC,csb,529.68,1719.15,1781.29
1955,SLA,RC,cs,60.6262,198.463,162.439
1955,SLA,RC,rom,516.568,809.267,898.465
1955,SLA,RC,wym,4.46181,13.9372,16.0615
1955,SLA,RC,oth,731.203,979.172,1240.81
1955,SLA,GC,pl,1035.69,3791.5,4827.19
1955,SLA,GC,uk,4070.6,14007.2,10949.7
1955,SLA,GC,rue,293.679,999.97,799.158
1955,SLA,OR,pl,2035.12,7721.41,9756.53
1955,SLA,OR,uk,3127.17,10749.8,7557.05
1955,SLA,OR,be,1795.22,5948.13,4639.45
1955,SLA,OR,pls,1152.71,3739.79,2799.19
1955,SLA,OR,ru,393.067,1322.46,1068.53
1955,SLA,OR,lt,0.259817,0.919672,0.321737
1955,SLA,OR,rue,9.41429,31.886,24.6522
1955,SLA,OR,cs,29.8555,100.242,76.1071
1955,SLA,JW,pl,5464.44,28629.1,34093.5
1955,SLA,JW,yi,4167.74,14088.8,14851.9
1955,SLA,JW,de,13.7485,92.8662,65.2736
1955,SLA,JW,ru,0.571181,2.09196,1.81598
1955,SLA,JW,lt,5.21596,18.6712,6.33536
1955,SLA,JH,pl,22.1048,117.042,139.147
1955,SLA,JH,yi,2696.07,9433.29,6921.54
1955,SLA,PR,pl,39766.1,23887.7,63653.8
1955,SLA,PR,de,13559.8,15533.9,18504.3
1955,SLA,PR,lt,7.54749,26.2655,7.56966
1955,SLA,PR,cs,8.71113,29.2616,22.9102
1955,SLA,PR,lv,9.55688,33.0413,9.955
1955,SLA,OT,pl,4574.45,3508.49,8082.94
1955,SLA,OT,lt,0.18637,0.664582,0.217903
1955,SLA,OT,kdr,1.75749,5.88022,5.91723
1955,SLA,OT,oth,595.882,662.349,862.224
1955,KRA,RC,pl,1.53153e+06,752957,2.28448e+06
1955,KRA,RC,uk,0.362436,1.30544,1.01967
1955,KRA,RC,be,144.64,455.711,409.142
1955,KRA,RC,pls,42.0589,135.402,115.858
1955,KRA,RC,de,3338.75,1999.73,3646.53
1955,KRA,RC,lt,507.517,1705.14,760.409
1955,KRA,RC,csb,317.807,1025.23,1047.93
1955,KRA,RC,cs,48.009,156.236,126.612
1955,KRA,RC,rom,4592.04,1951.15,4265.4
1955,KRA,RC,wym,708.052,169.815,738.331
1955,KRA,RC,oth,1359.68,1010.87,1634.79
1955,KRA,GC,pl,21001.5,10420.2,31421.6
1955,KRA,GC,uk,3220,10937.8,8482.02
1955,KRA,GC,rue,58493,8904.95,37374.1
1955,KRA,OR,pl,1601.05,5824.54,7425.59
1955,KRA,OR,uk,2407.91,8046.66,5633.35
1955,KRA,OR,be,1373.95,4459.24,3446.87
1955,KRA,OR,pls,922.17,2934.89,2186.8
1955,KRA,OR,ru,298.116,977.954,782.774
1955,KRA,OR,lt,0.189941,0.670812,0.231543
1955,KRA,OR,rue,10.5332,34.5172,26.3058
1955,KRA,OR,cs,24.1399,79.2571,59.7136
1955,KRA,JW,pl,9364.93,58479.4,67844.3
1955,KRA,JW,yi,10906.2,42914.9,43774.3
1955,KRA,JW,de,3.16439,17.1347,12.2891
1955,KRA,JW,ru,0.413383,1.73965,1.43629
1955,KRA,JW,lt,3.72817,14.1015,4.79341
1955,KRA,JH,pl,101.906,354.01,455.916
1955,KRA,JH,yi,14142.4,47111.2,34943.4
1955,KRA,PR,pl,848.471,2645.72,3494.19
1955,KRA,PR,de,3766.68,3614.3,4485.89
1955,KRA,PR,lt,5.42511,19.1268,5.37465
1955,KRA,PR,cs,6.78257,23.2318,17.9263
1955,KRA,PR,lv,6.91079,24.2625,7.10936
1955,KRA,OT,pl,273.509,953.989,1227.5
1955,KRA,OT,lt,0.134053,0.476078,0.151908
1955,KRA,OT,kdr,1.31125,4.44048,4.41427
1955,KRA,OT,oth,44.398,162.002,126.471
1955,LWO,RC,pl,1.05811e+06,622916,1.68103e+06
1955,LWO,RC,uk,3.2873,10.0723,7.74215
1955,LWO,RC,be,165.287,535.355,474.189
1955,LWO,RC,pls,56.7567,189.02,158.446
1955,LWO,RC,de,2758.23,1592.85,2933.31
1955,LWO,RC,lt,519.703,1797.63,763.838
1955,LWO,RC,csb,246.959,828.563,829.725
1955,LWO,RC,cs,115.072,385.336,308.48
1955,LWO,RC,rom,3911.5,1686.6,3596.85
1955,LWO,RC,wym,2.2561,7.27011,8.21217
1955,LWO,RC,oth,3753.1,2031.09,3847.81
1955,LWO,GC,pl,130170,50445.1,180616
1955,LWO,GC,uk,938652,233136,648306
1955,LWO,GC,rue,51471.6,8856.38,33119.2
1955,LWO,OR,pl,8061.89,9526.85,17588.7
1955,LWO,OR,uk,19888.1,52130.3,38143.6
1955,LWO,OR,be,1657.17,5595.89,4233.95
1955,LWO,OR,pls,1251.56,4141.9,3016.48
1955,LWO,OR,ru,388.168,1324.48,1046.06
1955,LWO,OR,lt,0.201328,0.723695,0.235426
1955,LWO,OR,rue,3915.74,640.432,2401.26
1955,LWO,OR,cs,58.2735,198.466,147.664
1955,LWO,JW,pl,29503.1,147270,176773
1955,LWO,JW,yi,21528.4,74383.1,76240.2
1955,LWO,JW,de,4.6813,19.1796,14.0859
1955,LWO,JW,ru,0.558123,2.4762,2.00209
1955,LWO,JW,lt,3.98058,15.3322,4.94238
1955,LWO,JH,pl,178.447,355.559,534.007
1955,LWO,JH,yi,28836.7,76737.6,58787.3
1955,LWO,PR,pl,7774.32,5472.75,13247.1
1955,LWO,PR,de,6576.84,4426.36,6432.68
1955,LWO,PR,lt,5.58803,20.1231,5.18293
1955,LWO,PR,cs,16.4699,57.8985,44.158
1955,LWO,PR,lv,7.10718,25.5227,6.8556
1955,LWO,OT,pl,2761.45,2673.21,5434.67
1955,LWO,OT,lt,0.142929,0.519789,0.156556
1955,LWO,OT,kdr,2.00008,6.97293,6.92725
1955,LWO,OT,oth,1781.79,1018.6,1852.49
1955,STA,RC,pl,161276,126168,287444
1955,STA,RC,uk,1.64021,4.53464,3.39763
1955,STA,RC,be,50.8284,156.969,138.614
1955,STA,RC,pls,17.3911,55.7061,46.188
1955,STA,RC,de,3604.3,1214.29,3100.21
1955,STA,RC,lt,159.175,528.058,217.467
1955,STA,RC,csb,76.0937,245.541,244.47
1955,STA,RC,cs,35.341,113.414,89.6933
1955,STA,RC,rom,1493.34,577.952,1286.52
1955,STA,RC,wym,0.70771,2.15141,2.43897
1955,STA,RC,oth,2171.83,1033.35,2051.49
1955,STA,GC,pl,61401.1,21870.4,83271.5
1955,STA,GC,uk,950605,180903,594505
1955,STA,GC,rue,97.5766,325.873,250.473
1955,STA,OR,pl,554.316,2073.08,2627.4
1955,STA,OR,uk,8002.49,20168.4,14503
1955,STA,OR,be,512.199,1656.08,1238.42
1955,STA,OR,pls,391.188,1247.5,894.287
1955,STA,OR,ru,120.451,392.311,306.771
1955,STA,OR,rue,6.30365,20.4261,15.243
1955,STA,OR,cs,18.0789,58.7364,43.1456
1955,STA,JW,pl,7120.41,35055.8,42176.2
1955,STA,JW,yi,9004.99,31023.7,31027.8
1955,STA,JW,de,5.88463,20.1102,15.3945
1955,STA,JW,ru,0.16839,0.746061,0.595092
1955,STA,JW,lt,1.20258,4.56608,1.42419
1955,STA,JH,pl,68.2906,97.9591,166.25
1955,STA,JH,yi,12304,32090.9,23872.8
1955,STA,PR,pl,479.993,824.221,1304.21
1955,STA,PR,de,8523.67,3206.15,6519.83
1955,STA,PR,lt,1.711,5.94466,1.44685
1955,STA,PR,cs,5.04413,17.0573,12.8842
1955,STA,PR,lv,2.17989,7.5433,1.91499
1955,STA,OT,pl,1613.33,1251.09,2864.42
1955,STA,OT,kdr,44.4669,39.4128,64.8994
1955,STA,OT,oth,1167.52,572.921,1119.4
1955,TAR,RC,pl,437725,195884,633609
1955,TAR,RC,uk,1.14384,3.51137,2.63825
1955,TAR,RC,be,48.8089,153.695,136.293
1955,TAR,RC,pls,16.6647,54.574,45.4393
1955,TAR,RC,de,699.378,404.693,736.159
1955,TAR,RC,lt,152.056,516.176,216.451
1955,TAR,RC,csb,72.8426,240.376,239.634
1955,TAR,RC,cs,34.3797,113.051,89.7118
1955,TAR,RC,rom,756.279,356.572,707.164
1955,TAR,RC,wym,0.68514,2.11273,2.39786
1955,TAR,RC,oth,511.183,314.064,542.561
1955,TAR,GC,pl,104662,31498.6,136160
1955,TAR,GC,uk,653899,125846,420961
1955,TAR,GC,rue,93.6151,319.381,247.388
1955,TAR,OR,pl,578.242,2127.48,2705.73
1955,TAR,OR,uk,8359.34,17455,13420.4
1955,TAR,OR,be,488.757,1622.36,1219.81
1955,TAR,OR,pls,374.488,1225.3,884.237
1955,TAR,OR,ru,115.384,386.475,303.528
1955,TAR,OR,rue,5.99077,20.0403,15.0464
1955,TAR,OR,cs,17.5282,58.5787,43.2226
1955,TAR,JW,pl,10655.8,42213.8,52869.6
1955,TAR,JW,yi,7758.8,22214.5,23297.6
1955,TAR,JW,de,0.960287,4.1537,3.01855
1955,TAR,JW,ru,0.164973,0.683307,0.558248
1955,TAR,JW,lt,1.17148,4.36916,1.3668
1955,TAR,JH,pl,57.7135,118.277,175.99
1955,TAR,JH,yi,10340.9,22599.6,17898.9
1955,TAR,PR,pl,2031.74,1306.1,3337.84
1955,TAR,PR,de,1695.07,1137.21,1629.64
1955,TAR,PR,lt,1.65021,5.81969,1.46307
1955,TAR,PR,cs,4.94937,17.0074,12.8828
1955,TAR,PR,lv,2.10338,7.39388,1.93939
1955,TAR,OT,pl,3944.4,1746.05,5690.45
1955,TAR,OT,kdr,0.622626,2.1216,2.1038
1955,TAR,OT,oth,466.385,241.705,458.785
1955,LT_KAU,RC,pl,10639.9,10219.5,12856.1
1955,LT_KAU,RC,be,40.9235,128.11,103.595
1955,LT_KAU,RC,pls,0.982126,3.29759,1.24191
1955,LT_KAU,RC,de,10.6924,35.7199,22.9484
1955,LT_KAU,RC,lt,134150,115576,249726
1955,LT_KAU,RC,csb,4.539,15.3039,4.91726
1955,LT_KAU,RC,cs,0.858453,2.89738,0.930537
1955,LT_KAU,RC,rom,526.84,471.836,668.525
1955,LT_KAU,RC,oth,1.93872,6.4727,2.18448
1955,LT_KAU,GC,pl,2.39867,8.34161,2.60621
1955,LT_KAU,GC,uk,24.0839,83.4895,26.3227
1955,LT_KAU,GC,lt,0.0887093,0.592266,0.680976
1955,LT_KAU,GC,rue,1.47501,5.10356,1.64528
1955,LT_KAU,OR,pl,24.1141,77.4907,33.0671
1955,LT_KAU,OR,uk,35.9871,124.637,44.2984
1955,LT_KAU,OR,be,74.6839,251.072,97.3668
1955,LT_KAU,OR,pls,20.9806,70.4419,26.436
1955,LT_KAU,OR,ru,6485.49,8159.05,9202.98
1955,LT_KAU,OR,lt,238.948,566.819,805.767
1955,LT_KAU,OR,cs,0.412168,1.39855,0.452517
1955,LT_KAU,JW,pl,19.6624,170.545,100.997
1955,LT_KAU,JW,yi,2439.16,25145,18550.5
1955,LT_KAU,JW,de,2.17122,26.2288,17.5617
1955,LT_KAU,JW,ru,1.47879,38.3107,27.006
1955,LT_KAU,JW,lt,419.921,6666.46,7086.38
1955,LT_KAU,JH,yi,64.2136,273.64,88.347
1955,LT_KAU,PR,pl,5.50683,15.6828,7.47412
1955,LT_KAU,PR,de,4339.68,4403.66,5334.57
1955,LT_KAU,PR,lt,1247.3,1636.5,2883.8
1955,LT_KAU,PR,cs,0.119462,0.416507,0.131662
1955,LT_KAU,PR,lv,71.3022,244.986,207.205
1955,LT_KAU,OT,pl,665.585,547.282,773.255
1955,LT_KAU,OT,lt,158.779,447.647,606.425
1955,LT_KAU,OT,kdr,0.627587,2.14736,1.94889
1955,LT_KAU,OT,oth,1172.94,1776.29,2015.27
1955,LT_LAU,RC,pl,20975.4,4320.89,15205.9
1955,LT_LAU,RC,be,41.4429,125.244,107.291
1955,LT_LAU,RC,pls,0.645668,2.10423,0.78355
1955,LT_LAU,RC,de,8.32633,26.8505,18.7427
1955,LT_LAU,RC,lt,420751,90872.4,511623
1955,LT_LAU,RC,csb,2.99543,9.81076,3.11479
1955,LT_LAU,RC,cs,0.56544,1.85342,0.587583
1955,LT_LAU,RC,rom,21.3344,67.4841,57.4653
1955,LT_LAU,RC,oth,1.14355,3.7024,1.23116
1955,LT_LAU,GC,pl,1.34309,4.5122,1.3911
1955,LT_LAU,GC,uk,15.787,52.8911,16.5023
1955,LT_LAU,GC,rue,0.970777,3.24947,1.03692
1955,LT_LAU,OR,pl,14.6025,37.3662,15.4304
1955,LT_LAU,OR,uk,23.6568,78.4912,27.6487
1955,LT_LAU,OR,be,49.2145,159.377,61.3013
1955,LT_LAU,OR,pls,13.8429,45.0209,16.7214
1955,LT_LAU,OR,ru,9783.41,2705.3,7384.56
1955,LT_LAU,OR,lt,351.856,177.902,529.758
1955,LT_LAU,OR,cs,0.272175,0.892311,0.285115
1955,LT_LAU,JW,pl,20.2409,58.1148,36.3698
1955,LT_LAU,JW,yi,9053.46,16998.8,16733.2
1955,LT_LAU,JW,de,1.31351,6.14113,4.44928
1955,LT_LAU,JW,ru,2.1684,8.28378,6.70083
1955,LT_LAU,JW,lt,1268.43,4172.74,5441.17
1955,LT_LAU,JH,yi,75.2416,188.964,71.758
1955,LT_LAU,PR,pl,2.65426,6.7675,2.68328
1955,LT_LAU,PR,de,2345.4,1345.49,2195.57
1955,LT_LAU,PR,lt,449.302,1194.42,1643.72
1955,LT_LAU,PR,lv,1017.34,408.541,896.804
1955,LT_LAU,OT,pl,5.64979,15.179,11.7104
1955,LT_LAU,OT,lt,111.222,78.1305,189.352
1955,LT_LAU,OT,kdr,61.7227,23.9532,64.1607
1955,LT_LAU,OT,oth,1094.26,377.757,954.497
1955,LT_ZEM,RC,pl,5584.28,2197.23,4516.09
1955,LT_ZEM,RC,be,41.6291,126.213,105.161
1955,LT_ZEM,RC,pls,0.79654,2.5909,0.969816
1955,LT_ZEM,RC,de,11.848,38.0949,26.9455
1955,LT_ZEM,RC,lt,488184,103881,592066
1955,LT_ZEM,RC,csb,3.69163,12.0629,3.85375
1955,LT_ZEM,RC,cs,0.696864,2.27965,0.726332
1955,LT_ZEM,RC,rom,290.076,111.583,255.446
1955,LT_ZEM,RC,oth,1.41722,4.57735,1.53274
1955,LT_ZEM,GC,pl,1.29012,4.33286,1.34017
1955,LT_ZEM,GC,uk,19.5339,65.3933,20.5409
1955,LT_ZEM,GC,rue,1.19907,4.01042,1.28848
1955,LT_ZEM,OR,pl,10.7569,34.771,12.6011
1955,LT_ZEM,OR,uk,29.2819,96.8949,34.3199
1955,LT_ZEM,OR,be,60.9205,196.911,76.1505
1955,LT_ZEM,OR,pls,17.1789,55.7846,20.8522
1955,LT_ZEM,OR,ru,5628.95,2008.72,4521.23
1955,LT_ZEM,OR,lt,208.527,138.91,347.437
1955,LT_ZEM,OR,cs,0.336293,1.10046,0.353426
1955,LT_ZEM,JW,pl,9.19305,35.2134,16.3414
1955,LT_ZEM,JW,yi,9071.53,18404.8,17682.7
1955,LT_ZEM,JW,de,2.22999,9.98144,7.26029
1955,LT_ZEM,JW,ru,1.08932,5.25759,4.08263
1955,LT_ZEM,JW,lt,1268.12,4494.17,5762.29
1955,LT_ZEM,JH,yi,83.3617,221.201,81.5456
1955,LT_ZEM,PR,pl,1.99106,6.24063,2.13624
1955,LT_ZEM,PR,de,4981.73,2128,4197.73
1955,LT_ZEM,PR,lt,6093.89,2028.86,8122.75
1955,LT_ZEM,PR,lv,6310.66,890.393,4463.79
1955,LT_ZEM,OT,pl,4.48039,14.1833,10.491
1955,LT_ZEM,OT,lt,127.839,92.2379,220.077
1955,LT_ZEM,OT,kdr,0.824018,2.7229,2.56975
1955,LT_ZEM,OT,oth,1306.94,461.888,1145.2
1955,LT_SUV,RC,pl,8987.79,2455.97,6720.79
1955,LT_SUV,RC,be,1918.38,209.672,1422.51
1955,LT_SUV,RC,pls,0.94029,3.08921,1.14337
1955,LT_SUV,RC,de,9.14694,29.8753,18.0608
1955,LT_SUV,RC,lt,392813,73195.1,466008
1955,LT_SUV,RC,csb,4.39251,14.4995,4.5751
1955,LT_SUV,RC,cs,0.802553,2.65211,0.832024
1955,LT_SUV,RC,rom,1400.25,221.602,1036.52
1955,LT_SUV,RC,oth,1.6126,5.2651,1.72463
1955,LT_SUV,GC,pl,1.73384,5.88373,1.80704
1955,LT_SUV,GC,uk,23.6769,80.0946,24.9084
1955,LT_SUV,GC,lt,0.0827244,0.528574,0.611298
1955,LT_SUV,GC,rue,1.44522,4.88221,1.55711
1955,LT_SUV,OR,pl,12.5638,40.0258,14.5881
1955,LT_SUV,OR,uk,34.3064,114.393,40.0424
1955,LT_SUV,OR,be,61.9473,202.161,77.7909
1955,LT_SUV,OR,pls,20.6146,67.5406,25.0276
1955,LT_SUV,OR,ru,4668.04,1382.92,3598.51
1955,LT_SUV,OR,lt,183.873,104.754,288.627
1955,LT_SUV,OR,cs,0.389947,1.28881,0.408493
1955,LT_SUV,JW,pl,13.7574,46.8304,22.7727
1955,LT_SUV,JW,yi,8232.88,13043.4,13553.9
1955,LT_SUV,JW,de,6.87946,15.6981,13.0509
1955,LT_SUV,JW,ru,1.02774,3.9498,3.1933
1955,LT_SUV,JW,lt,1211.42,3431.3,4642.72
1955,LT_SUV,JH,yi,85.2433,221.696,78.6292
1955,LT_SUV,PR,pl,3.54889,8.44568,3.43116
1955,LT_SUV,PR,de,15615.3,2886.43,10809.2
1955,LT_SUV,PR,lt,567.729,824.578,1392.31
1955,LT_SUV,PR,lv,52.6457,176.739,149.226
1955,LT_SUV,OT,pl,5.60698,17.2516,12.8302
1955,LT_SUV,OT,lt,115.641,71.1262,186.768
1955,LT_SUV,OT,kdr,0.46319,1.54062,1.39732
1955,LT_SUV,OT,oth,1107.07,331.328,933.927
1955,LT_NEA,RC,pl,18334.8,3017.27,12646
1955,LT_NEA,RC,be,3568.35,278.545,2527.99
1955,LT_NEA,RC,pls,0.514457,1.6568,0.605525
1955,LT_NEA,RC,de,5.1638,16.4794,10.9618
1955,LT_NEA,RC,ru,5.09922,0.57186,3.14221
1955,LT_NEA,RC,lt,331702,59195.5,390898
1955,LT_NEA,RC,csb,2.3903,7.73436,2.40554
1955,LT_NEA,RC,cs,0.450427,1.45905,0.4528
1955,LT_NEA,RC,rom,13.4721,42.0343,35.3413
1955,LT_NEA,RC,oth,0.912161,2.91588,0.950701
1955,LT_NEA,GC,pl,1.07819,3.59237,1.08626
1955,LT_NEA,GC,uk,12.6491,42.02,12.8735
1955,LT_NEA,GC,rue,0.776495,2.57756,0.808179
1955,LT_NEA,OR,pl,17.0944,30.4924,15.1312
1955,LT_NEA,OR,uk,18.9409,62.1485,21.503
1955,LT_NEA,OR,be,43.4795,139.487,52.8247
1955,LT_NEA,OR,pls,11.142,35.972,13.1417
1955,LT_NEA,OR,ru,25627.9,3999.68,17101.1
1955,LT_NEA,OR,lt,784.569,222.887,1007.46
1955,LT_NEA,OR,cs,0.217492,0.70692,0.221313
1955,LT_NEA,JW,pl,17.6955,40.1339,25.7298
1955,LT_NEA,JW,yi,8407.86,10693.7,11987.9
1955,LT_NEA,JW,de,0.647854,3.05474,2.21502
1955,LT_NEA,JW,ru,7.37483,14.4612,13.7631
1955,LT_NEA,JW,lt,1101.45,2510.7,3612.15
1955,LT_NEA,JH,yi,64.5919,137.764,53.712
1955,LT_NEA,PR,pl,1.78188,5.24187,1.82204
1955,LT_NEA,PR,de,895.078,707.319,947.673
1955,LT_NEA,PR,lt,8676.47,1408.23,10084.7
1955,LT_NEA,PR,lv,8005.21,800.845,5391.44
1955,LT_NEA,OT,pl,4.05583,9.97817,7.55119
1955,LT_NEA,OT,lt,97.8439,48.3935,146.237
1955,LT_NEA,OT,kdr,0.558078,1.82168,1.72471
1955,LT_NEA,OT,oth,1041.1,254.217,825.212
1955,LT_KLA,RC,pl,152.113,527.364,336.308
1955,LT_KLA,RC,be,16.1648,51.7935,42.8997
1955,LT_KLA,RC,pls,0.312,1.07209,0.389679
1955,LT_KLA,RC,de,823.138,524.754,810.589
1955,LT_KLA,RC,lt,38227.3,35645.1,73872.4
1955,LT_KLA,RC,csb,1.49244,5.15083,1.61398
1955,LT_KLA,RC,cs,0.273641,0.944512,0.292555
1955,LT_KLA,RC,rom,10.5026,35.5801,30.1816
1955,LT_KLA,RC,oth,0.606461,2.078,0.672689
1955,LT_KLA,GC,pl,0.432368,1.52333,0.45271
1955,LT_KLA,GC,uk,7.55866,26.5758,8.05421
1955,LT_KLA,GC,rue,0.466063,1.63552,0.506958
1955,LT_KLA,OR,pl,3.46034,12.1249,4.21207
1955,LT_KLA,OR,uk,11.2058,40.0302,13.7008
1955,LT_KLA,OR,be,23.132,79.6573,29.8949
1955,LT_KLA,OR,pls,6.49619,22.3288,8.0848
1955,LT_KLA,OR,ru,1035.32,1043.78,1297.63
1955,LT_KLA,OR,lt,38.9143,75.5508,114.465
1955,LT_KLA,OR,cs,0.129247,0.448087,0.140215
1955,LT_KLA,JW,pl,2.63124,9.57213,3.68892
1955,LT_KLA,JW,yi,549.523,2723.01,2171.8
1955,LT_KLA,JW,de,13.158,180.038,117.44
1955,LT_KLA,JW,ru,0.196073,1.15899,0.914078
1955,LT_KLA,JW,lt,112.753,752.995,865.748
1955,LT_KLA,JH,yi,13.441,49.3228,14.9299
1955,LT_KLA,PR,pl,0.603118,2.15105,0.654131
1955,LT_KLA,PR,de,35423.2,23508.8,34906.8
1955,LT_KLA,PR,lt,28955.3,10274.1,39229.4
1955,LT_KLA,PR,lv,41.0309,142.589,119.847
1955,LT_KLA,OT,pl,1.4606,5.06538,3.67172
1955,LT_KLA,OT,lt,69.3011,136.65,205.952
1955,LT_KLA,OT,kdr,0.328468,1.1361,1.06762
1955,LT_KLA,OT,oth,713.055,657.867,918.448
1960,WAW,RC,pl,49275,1.16324e+06,1.21252e+06
1960,WAW,RC,uk,1.13134,8.25057,5.90174
1960,WAW,RC,be,236.677,2287.08,1807.02
1960,WAW,RC,pls,57.7324,579.765,442.741
1960,WAW,RC,de,233.919,2611.33,2109.27
1960,WAW,RC,ru,0.141667,1.18916,0.907108
1960,WAW,RC,lt,874.865,8649.89,3613.06
1960,WAW,RC,csb,384.064,3891.68,3459.95
1960,WAW,RC,cs,52.9906,524.477,373.543
1960,WAW,RC,rom,121.056,1599.14,1219.35
1960,WAW,RC,wym,1.46553,13.9912,13.4521
1960,WAW,RC,oth,98.3439,1306.66,1097.91
1960,WAW,GC,pl,545.146,8233.54,8778.69
1960,WAW,GC,uk,3395.15,35515.1,24997.6
1960,WAW,GC,rue,128.737,1362.89,984.439
1960,WAW,OR,pl,2096.98,32378.6,34475.6
1960,WAW,OR,uk,3982.08,42164.6,27159.5
1960,WAW,OR,be,2257.17,23409,16546.2
1960,WAW,OR,pls,1286.81,12932.8,8915.73
1960,WAW,OR,ru,389.392,8738.66,6469.27
1960,WAW,OR,lt,0.646269,4.60549,1.52815
1960,WAW,OR,rue,5.42172,56.8206,39.8715
1960,WAW,OR,cs,26.7231,277.466,185.192
1960,WAW,JW,pl,2945.25,128721,131666
1960,WAW,JW,yi,4025.77,136376,120015
1960,WAW,JW,de,4.66238,71.5093,50.1487
1960,WAW,JW,ru,0.903397,25.749,19.5561
1960,WAW,JW,lt,11.7617,91.2155,32.5983
1960,WAW,JH,pl,14.8081,528.135,542.944
1960,WAW,JH,yi,3011.52,109026,69539.2
1960,WAW,PR,pl,579.253,29952.3,30531.6
1960,WAW,PR,de,843.195,11231.1,8041.27
1960,WAW,PR,lt,10.3351,100.867,28.9461
1960,WAW,PR,cs,7.4595,79.0802,54.0709
1960,WAW,PR,lv,10.7988,113.095,33.75
1960,WAW,OT,pl,242.09,9079.5,9321.59
1960,WAW,OT,lt,0.429464,3.06676,0.930112
1960,WAW,OT,kdr,1.44013,16.001,13.5327
1960,WAW,OT,oth,38.891,909.477,584.11
1960,WAR,RC,pl,1.85209e+06,815896,2.66799e+06
1960,WAR,RC,uk,0.536291,1.90554,1.50439
1960,WAR,RC,be,204.771,624.393,579.071
1960,WAR,RC,pls,55.517,174.105,153.893
1960,WAR,RC,de,3734.62,2215.55,3967.46
1960,WAR,RC,lt,831.41,2753.56,1310.53
1960,WAR,RC,csb,838.87,2626.67,2704.33
1960,WAR,RC,cs,56.8027,181.42,147.78
1960,WAR,RC,rom,2571.29,1189.25,2423.31
1960,WAR,RC,wym,1.74433,5.42816,6.13671
1960,WAR,RC,oth,5386.63,2515.36,5380.7
1960,WAR,GC,pl,676.495,2289.14,2965.63
1960,WAR,GC,uk,3620.91,8323.81,7350.94
1960,WAR,GC,rue,147.728,495.014,411.56
1960,WAR,OR,pl,4221.75,9827.78,14049.5
1960,WAR,OR,uk,4259.41,9890.5,7980.44
1960,WAR,OR,be,2033.32,6429.4,5273.99
1960,WAR,OR,pls,1249.06,3847.31,3114.04
1960,WAR,OR,ru,6621.07,3796.18,6506.04
1960,WAR,OR,lt,0.418868,1.48844,0.526042
1960,WAR,OR,rue,6.01366,19.4989,15.7809
1960,WAR,OR,cs,29.607,95.4108,72.9722
1960,WAR,JW,pl,11722.7,61840,73562.7
1960,WAR,JW,yi,19549,58956.7,63011.5
1960,WAR,JW,de,20.8331,83.3206,65.5395
1960,WAR,JW,ru,1.49991,7.63295,6.30698
1960,WAR,JW,lt,7.29924,28.5863,10.4311
1960,WAR,JH,pl,237.743,409.55,647.293
1960,WAR,JH,yi,26622.7,67582.4,52984
1960,WAR,PR,pl,16364.3,9374.71,25739
1960,WAR,PR,de,31029.2,14114.1,27160.9
1960,WAR,PR,lt,8.98051,31.9509,10.4476
1960,WAR,PR,cs,7.83517,26.8761,21.159
1960,WAR,PR,lv,11.048,38.9904,13.2653
1960,WAR,OT,pl,1436.61,1586.57,3023.17
1960,WAR,OT,lt,0.278498,0.998879,0.329393
1960,WAR,OT,kdr,1.61506,5.4675,5.36519
1960,WAR,OT,oth,739.999,465.274,808.892
1960,LOD,RC,pl,1.35419e+06,1.21596e+06,2.57015e+06
1960,LOD,RC,uk,0.965499,3.46851,2.75681
1960,LOD,RC,be,368.386,1153.7,1069.98
1960,LOD,RC,pls,99.6034,319.568,283.788
1960,LOD,RC,de,6570.65,8717.46,10902.2
1960,LOD,RC,ru,0.182274,0.643427,0.556727
1960,LOD,RC,lt,1485.19,5041.12,2424.58
1960,LOD,RC,csb,1053.24,3398.32,3508.8
1960,LOD,RC,cs,101.283,330.899,271.626
1960,LOD,RC,rom,1479.77,1609.46,2082.31
1960,LOD,RC,wym,3.50496,11.1564,12.6327
1960,LOD,RC,oth,5659.64,5624.59,8204.02
1960,LOD,GC,pl,1148.34,4169.92,5318.27
1960,LOD,GC,uk,4320.08,14827.9,12053.2
1960,LOD,GC,rue,285.31,968.493,813.812
1960,LOD,OR,pl,8169.81,18827,26996.8
1960,LOD,OR,uk,5209.88,17528.2,13060.9
1960,LOD,OR,be,3635.34,11744,9690.55
1960,LOD,OR,pls,2218.87,6995.41,5663.21
1960,LOD,OR,ru,2233.33,3779.08,3904.14
1960,LOD,OR,lt,0.740576,2.63946,0.949227
1960,LOD,OR,rue,10.7612,35.7089,29.1004
1960,LOD,OR,cs,52.4789,172.666,133.506
1960,LOD,JW,pl,11860,111893,123753
1960,LOD,JW,yi,18469.9,112017,108226
1960,LOD,JW,de,49.0942,825.108,581.903
1960,LOD,JW,ru,1.39471,7.91871,6.46089
1960,LOD,JW,lt,13.1882,52.1893,19.5151
1960,LOD,JH,pl,204.755,648.97,853.725
1960,LOD,JH,yi,22997.4,127952,89990.3
1960,LOD,PR,pl,48487.3,41054.8,89542.2
1960,LOD,PR,de,54589.7,69410,81054
1960,LOD,PR,lt,16.2235,58.1377,19.3503
1960,LOD,PR,cs,14.1759,48.926,38.874
1960,LOD,PR,lv,19.9137,70.7224,24.4565
1960,LOD,OT,pl,1435.38,2794.43,4229.82
1960,LOD,OT,lt,0.498722,1.80622,0.606048
1960,LOD,OT,kdr,2.9317,10.0911,9.9342
1960,LOD,OT,oth,552.042,805.454,920.145
1960,KIE,RC,pl,2.27543e+06,1.05357e+06,3.329e+06
1960,KIE,RC,uk,0.707174,2.51739,1.97317
1960,KIE,RC,be,245.92,745.5,689.109
1960,KIE,RC,pls,67.0166,208.031,183.388
1960,KIE,RC,de,1369.94,1870.9,2208.87
1960,KIE,RC,ru,0.122764,0.427289,0.365647
1960,KIE,RC,lt,1011.64,3293.97,1554.27
1960,KIE,RC,csb,641.998,1994.91,2038.01
1960,KIE,RC,cs,74.8859,236.352,191.603
1960,KIE,RC,rom,2810.56,1481.17,2724.51
1960,KIE,RC,wym,3.58668,11.1122,12.5531
1960,KIE,RC,oth,4750.88,2433.51,4842.06
1960,KIE,GC,pl,1032.15,3665.97,4698.12
1960,KIE,GC,uk,3748.63,12580.9,10101.4
1960,KIE,GC,rue,279.921,929.385,770.974
1960,KIE,OR,pl,3343.29,11198.2,14541.4
1960,KIE,OR,uk,3897.77,12544.7,9225.17
1960,KIE,OR,be,2471.51,7655.27,6255.18
1960,KIE,OR,pls,1503.72,4551.59,3671.69
1960,KIE,OR,ru,3088.17,2728.35,3571
1960,KIE,OR,lt,0.507221,1.77723,0.613507
1960,KIE,OR,rue,9.7455,30.676,24.8127
1960,KIE,OR,cs,39.4387,124.464,94.4763
1960,KIE,JW,pl,14883.3,81377.4,96260.7
1960,KIE,JW,yi,28611.7,88654.7,93549.4
1960,KIE,JW,de,8.04822,40.3037,30.1938
1960,KIE,JW,ru,1.11641,5.52142,4.49881
1960,KIE,JW,lt,8.79526,34.9774,12.6036
1960,KIE,JH,pl,340.285,496.862,837.148
1960,KIE,JH,yi,38898.9,100802,77804.5
1960,KIE,PR,pl,1710.43,4742.87,6453.3
1960,KIE,PR,de,8736.73,7038.94,9638.02
1960,KIE,PR,lt,10.7131,37.8001,12.2491
1960,KIE,PR,cs,10.1555,34.7188,27.3944
1960,KIE,PR,lv,13.18,46.1912,15.5935
1960,KIE,OT,pl,1765.72,2050.81,3816.53
1960,KIE,OT,lt,0.33571,1.20889,0.390825
1960,KIE,OT,kdr,2.02122,6.8678,6.70682
1960,KIE,OT,oth,895.246,603.746,996.816
1960,LUB,RC,pl,1.82503e+06,683074,2.50811e+06
1960,LUB,RC,uk,1.4725,5.09547,3.93653
1960,LUB,RC,be,1123.58,789.13,1258.09
1960,LUB,RC,pls,75.7054,220.382,193.882
1960,LUB,RC,de,1673.98,1185.21,1808.73
1960,LUB,RC,ru,0.141719,0.372136,0.330146
1960,LUB,RC,lt,824.974,2514.57,1173.71
1960,LUB,RC,csb,399.422,1166.89,1185.62
1960,LUB,RC,cs,105.118,310.003,251.423
1960,LUB,RC,rom,2049.32,943.229,1809.09
1960,LUB,RC,wym,1.93336,5.70999,6.43779
1960,LUB,RC,oth,135.741,384.922,372.251
1960,LUB,GC,pl,2009.57,4196.36,6205.93
1960,LUB,GC,uk,34620.1,26236.3,34855.3
1960,LUB,GC,rue,216.076,677.089,558.883
1960,LUB,OR,pl,149842,47918,197760
1960,LUB,OR,uk,98417,40894.5,72074.4
1960,LUB,OR,be,3780.66,7548.62,6801.93
1960,LUB,OR,pls,1735.82,5026.71,4054.64
1960,LUB,OR,ru,5310.19,2966.91,4891.04
1960,LUB,OR,lt,0.402194,1.3902,0.472346
1960,LUB,OR,rue,11.3446,34.1032,27.469
1960,LUB,OR,cs,55.6416,167.585,127.464
1960,LUB,JW,pl,17386,60920.1,78306.1
1960,LUB,JW,yi,30130.1,62069.8,71287.2
1960,LUB,JW,de,9.96075,29.8319,24.2151
1960,LUB,JW,ru,1.5442,5.78585,4.9129
1960,LUB,JW,lt,6.8099,26.7066,9.4489
1960,LUB,JH,pl,325.14,341.481,666.62
1960,LUB,JH,yi,40007.9,67523.2,57749.3
1960,LUB,PR,pl,19915.6,8454.11,28369.7
1960,LUB,PR,de,12574.6,5993.23,10766.2
1960,LUB,PR,lt,8.48539,28.984,9.20607
1960,LUB,PR,cs,14.0408,46.3016,36.4844
1960,LUB,PR,lv,10.4257,35.3152,11.6948
1960,LUB,OT,pl,2494.82,1999.97,4494.79
1960,LUB,OT,lt,0.263569,0.928542,0.291528
1960,LUB,OT,kdr,1.81728,5.93708,5.7952
1960,LUB,OT,oth,55.362,188.836,149.706
1960,BIA,RC,pl,900181,430249,1.33043e+06
1960,BIA,RC,uk,0.465403,1.66009,1.29904
1960,BIA,RC,be,15022.6,3785.36,12252.4
1960,BIA,RC,pls,57.3575,177.016,154.868
1960,BIA,RC,de,754.908,682.74,945.092
1960,BIA,RC,ru,10.2462,3.2041,7.76545
1960,BIA,RC,lt,12452.7,6717.68,9538.02
1960,BIA,RC,csb,272.886,850.511,860.347
1960,BIA,RC,cs,49.0349,153.958,124.259
1960,BIA,RC,rom,933.964,560.31,934.217
1960,BIA,RC,wym,1.05364,3.21697,3.61514
1960,BIA,RC,oth,603.517,437.583,702.871
1960,BIA,GC,pl,439.373,1549.19,1988.56
1960,BIA,GC,uk,1778.99,5940.9,4728.54
1960,BIA,GC,rue,96.0556,317.929,261.444
1960,BIA,OR,pl,157152,56645.1,213797
1960,BIA,OR,uk,6255,9241.32,8471.25
1960,BIA,OR,be,192990,48867.1,135203
1960,BIA,OR,pls,1356.51,4072.25,3265.34
1960,BIA,OR,ru,30907.1,12304.1,25876.4
1960,BIA,OR,lt,2.44224,3.07926,2.03391
1960,BIA,OR,rue,4.40841,13.8656,11.1333
1960,BIA,OR,cs,26.2238,82.2469,62.3825
1960,BIA,JW,pl,8893.61,42464.3,51357.9
1960,BIA,JW,yi,19990.3,53632,57120.8
1960,BIA,JW,de,5.15886,19.2322,14.7501
1960,BIA,JW,ru,12.1642,40.6134,35.5746
1960,BIA,JW,lt,15.8695,54.0975,25.0744
1960,BIA,JH,pl,203.546,226.282,429.828
1960,BIA,JH,yi,26651,57761.4,45983.3
1960,BIA,PR,pl,3977.55,3144.53,7122.08
1960,BIA,PR,de,5730.94,3591.75,5481.86
1960,BIA,PR,lt,14.1059,48.674,16.2228
1960,BIA,PR,cs,6.71461,22.8515,17.9388
1960,BIA,PR,lv,15.1689,52.8548,18.2255
1960,BIA,OT,pl,3447.08,2036.48,5483.56
1960,BIA,OT,lt,0.495628,1.53344,0.554285
1960,BIA,OT,kdr,1.99748,6.69853,6.5301
1960,BIA,OT,oth,517.101,320.88,539.569
1960,WIL,RC,pl,541382,291449,832831
1960,WIL,RC,uk,0.20883,0.748948,0.583809
1960,WIL,RC,be,30127.7,6873.1,23773.2
1960,WIL,RC,pls,106.356,102.758,134.299
1960,WIL,RC,de,156.498,261.274,281.146
1960,WIL,RC,ru,29.1971,9.0829,22.2527
1960,WIL,RC,lt,54832,19882,39305.1
1960,WIL,RC,csb,123.772,398.079,400.24
1960,WIL,RC,cs,22.8642,73.9887,59.2287
1960,WIL,RC,rom,800.862,412.103,754.851
1960,WIL,RC,wym,0.500128,1.54284,1.72595
1960,WIL,RC,oth,786.396,437.089,808.937
1960,WIL,GC,pl,190.6,688.425,879.024
1960,WIL,GC,uk,749.88,2583.45,2039.32
1960,WIL,GC,rue,43.294,148.101,120.715
1960,WIL,OR,pl,96404.7,39702,136107
1960,WIL,OR,uk,1145.04,3786.14,2749.88
1960,WIL,OR,be,236735,63026.4,165520
1960,WIL,OR,pls,5370.28,3004.24,4673.79
1960,WIL,OR,ru,33073.9,14307.4,28349.2
1960,WIL,OR,lt,24.1689,11.9633,16.4454
1960,WIL,OR,rue,1.97193,6.42741,5.12224
1960,WIL,OR,cs,12.0923,39.3395,29.5144
1960,WIL,JW,pl,3818.96,19141.7,22960.7
1960,WIL,JW,yi,10055.8,28964.2,30093.4
1960,WIL,JW,de,1.24459,5.61378,4.03784
1960,WIL,JW,ru,9.97346,36.7112,31.9432
1960,WIL,JW,lt,48.6679,123.751,78.5654
1960,WIL,JH,pl,92.2407,146.899,239.139
1960,WIL,JH,yi,12980.3,29264.9,23347.5
1960,WIL,PR,pl,2045.73,1752.42,3798.14
1960,WIL,PR,de,1041.48,1317.19,1342.44
1960,WIL,PR,lt,22.8005,79.9556,26.7045
1960,WIL,PR,cs,3.14758,11.0061,8.52616
1960,WIL,PR,lv,17.6332,62.789,21.7694
1960,WIL,OT,pl,3512.5,2101.86,5614.36
1960,WIL,OT,lt,1.7694,2.83745,1.68011
1960,WIL,OT,kdr,173.707,139.057,240.007
1960,WIL,OT,oth,490.947,302.371,504.34
1960,NOW,RC,pl,426157,142352,568509
1960,NOW,RC,uk,0.271089,0.944494,0.726783
1960,NOW,RC,be,16601.4,2967.72,11939.6
1960,NOW,RC,pls,29.5094,85.7588,74.1927
1960,NOW,RC,de,57.9016,171.257,153.762
1960,NOW,RC,ru,3.84979,1.09501,2.72009
1960,NOW,RC,lt,1468.82,1699.95,1287.19
1960,NOW,RC,csb,89.1416,261.448,262.715
1960,NOW,RC,cs,28.778,84.7762,67.6156
1960,NOW,RC,rom,931.926,284.709,714.704
1960,NOW,RC,wym,0.414565,1.15565,1.30808
1960,NOW,RC,oth,31.9798,91.0946,86.623
1960,NOW,GC,pl,204.862,675.092,879.954
1960,NOW,GC,uk,887.645,2801.79,2215.76
1960,NOW,GC,rue,41.6907,130.509,106.681
1960,NOW,OR,pl,197403,43553.3,240957
1960,NOW,OR,uk,1530.18,4646.31,3369.88
1960,NOW,OR,be,425358,69567.6,258581
1960,NOW,OR,pls,713.189,2063.05,1627.8
1960,NOW,OR,ru,13071.3,3481.96,9312.01
1960,NOW,OR,lt,0.317735,0.962444,0.363698
1960,NOW,OR,rue,2.18273,6.50603,5.19228
1960,NOW,OR,cs,15.4028,45.976,34.4584
1960,NOW,JW,pl,4599.58,11389.9,15989.5
1960,NOW,JW,yi,12787.2,16937.6,21736.6
1960,NOW,JW,de,0.711683,3.41398,2.46172
1960,NOW,JW,ru,3.91968,6.78973,6.95086
1960,NOW,JW,lt,4.38801,16.7344,6.12738
1960,NOW,JH,pl,103.375,82.5063,185.882
1960,NOW,JH,yi,15634.4,16329,16283.4
1960,NOW,PR,pl,2760.18,1324.42,4084.6
1960,NOW,PR,de,210.486,697.016,531.852
1960,NOW,PR,lt,5.75489,19.3428,6.09146
1960,NOW,PR,cs,3.89197,12.7189,9.85476
1960,NOW,PR,lv,6.91836,23.0412,7.5865
1960,NOW,OT,pl,2600.49,1029.62,3630.1
1960,NOW,OT,lt,0.166832,0.579544,0.183455
1960,NOW,OT,kdr,0.922357,2.94351,2.86521
1960,NOW,OT,oth,17.3341,56.4755,41.21
1960,POL,RC,pl,215372,114141,329513
1960,POL,RC,uk,0.557391,1.85946,1.40856
1960,POL,RC,be,3016.73,966.869,2388.68
1960,POL,RC,pls,12510.7,2142.41,8256.11
1960,POL,RC,de,89.5174,255.16,227.034
1960,POL,RC,ru,2.11799,0.894538,1.71767
1960,POL,RC,lt,430.979,1261.89,557.628
1960,POL,RC,csb,140.285,396.548,394.825
1960,POL,RC,cs,39.1367,111.902,87.7569
1960,POL,RC,rom,468.989,279.044,434.429
1960,POL,RC,wym,0.643596,1.73808,1.95589
1960,POL,RC,oth,419.978,260.462,421.175
1960,POL,GC,pl,309.962,992.143,1302.1
1960,POL,GC,uk,2032.76,6139.43,4776.48
1960,POL,GC,rue,66.9862,200.867,161.736
1960,POL,OR,pl,182417,56811.7,239229
1960,POL,OR,uk,65480.1,21194,41093.8
1960,POL,OR,be,77691.3,19964.9,50005.6
1960,POL,OR,pls,772360,135410,448186
1960,POL,OR,ru,15625.7,6066.01,11981.4
1960,POL,OR,lt,0.218163,0.785591,0.263843
1960,POL,OR,rue,3.40618,10.0377,7.85887
1960,POL,OR,cs,20.7029,61.3046,44.9516
1960,POL,JW,pl,3779.2,16901.3,20680.5
1960,POL,JW,yi,10936,29053.2,29731.1
1960,POL,JW,de,0.996991,5.29462,3.77358
1960,POL,JW,ru,6.65795,20.6107,18.2279
1960,POL,JW,lt,3.47793,13.7053,4.62155
1960,POL,JH,pl,95.8068,107.394,203.201
1960,POL,JH,yi,14256.5,31013.4,23144.1
1960,POL,PR,pl,6128.15,4133.24,10261.4
1960,POL,PR,de,310.486,969.83,754.829
1960,POL,PR,lt,4.6439,14.7888,4.30674
1960,POL,PR,cs,5.40476,16.7293,12.7851
1960,POL,PR,lv,5.69132,17.9389,5.45572
1960,POL,OT,pl,4117.43,2580.5,6697.93
1960,POL,OT,lt,0.140619,0.477616,0.141535
1960,POL,OT,kdr,0.854976,2.57027,2.47295
1960,POL,OT,oth,367.393,190.378,334.566
1960,WOL,RC,pl,380085,185891,565976
1960,WOL,RC,uk,456.159,89.937,268.125
1960,WOL,RC,be,274.203,350.929,403.083
1960,WOL,RC,pls,39.5258,113.826,96.9864
1960,WOL,RC,de,3675.43,1253.03,2840.25
1960,WOL,RC,lt,385.699,1151.67,505.301
1960,WOL,RC,csb,144.73,418.585,416.299
1960,WOL,RC,cs,16073.9,3064.25,10041.3
1960,WOL,RC,rom,1375.56,549.968,1104.73
1960,WOL,RC,wym,0.746967,2.08531,2.33649
1960,WOL,RC,oth,1531.08,637.489,1306.49
1960,WOL,GC,pl,594.566,2049.31,2643.88
1960,WOL,GC,uk,9740.43,29688.1,23030.6
1960,WOL,GC,rue,109.904,332.616,267.709
1960,WOL,OR,pl,15136.7,10808.5,25945.2
1960,WOL,OR,uk,1.63295e+06,339237,912137
1960,WOL,OR,be,3306.61,4323.27,4298.15
1960,WOL,OR,pls,930.748,2710.75,2095.43
1960,WOL,OR,ru,21661.1,7490.56,16099
1960,WOL,OR,lt,0.192607,0.680738,0.223498
1960,WOL,OR,rue,6.85777,20.3731,15.9662
1960,WOL,OR,cs,12021.2,2414.16,7105.31
1960,WOL,JW,pl,7360.82,28851.3,36212.2
1960,WOL,JW,yi,22557.6,49176.3,53068.4
1960,WOL,JW,de,44.5267,66.0838,64.6121
1960,WOL,JW,ru,10.3436,22.2515,21.3473
1960,WOL,JW,lt,3.15116,12.3552,4.12093
1960,WOL,JH,pl,198.366,182.096,380.461
1960,WOL,JH,yi,29778.1,51681.2,41221.9
1960,WOL,PR,pl,9694.07,5222.58,14916.6
1960,WOL,PR,de,31409.5,9694.55,21570.3
1960,WOL,PR,lt,4.07034,13.4971,3.86124
1960,WOL,PR,cs,2794.31,576.056,1783.69
1960,WOL,PR,lv,5.03376,16.5352,4.91993
1960,WOL,OT,pl,22749.4,10157.7,32907.1
1960,WOL,OT,lt,0.125584,0.436459,0.129432
1960,WOL,OT,kdr,25.9195,16.8693,30.4831
1960,WOL,OT,oth,1341.68,523.129,1130.42
1960,POZ,RC,pl,1.21161e+06,1.05406e+06,2.26567e+06
1960,POZ,RC,uk,0.613693,2.21493,1.76527
1960,POZ,RC,be,228.82,737.941,684.367
1960,POZ,RC,pls,61.7244,204.925,181.575
1960,POZ,RC,de,12943.7,9248.55,15674.6
1960,POZ,RC,ru,0.11411,0.403758,0.351065
1960,POZ,RC,lt,922.957,3251.13,1554.97
1960,POZ,RC,csb,976.796,3264.08,3368.69
1960,POZ,RC,cs,63.1853,213.562,174.856
1960,POZ,RC,rom,476.195,804.662,874.695
1960,POZ,RC,wym,2.31298,7.46283,8.45004
1960,POZ,RC,oth,169.42,550.876,540.435
1960,POZ,GC,pl,716.909,2729.63,3446.53
1960,POZ,GC,uk,2646.62,9453,7645.59
1960,POZ,GC,rue,180.76,639.084,534.378
1960,POZ,OR,pl,2692.52,10571.5,13264
1960,POZ,OR,uk,3151.9,11098.2,8249.04
1960,POZ,OR,be,2216.67,7480.81,6159.73
1960,POZ,OR,pls,1358.29,4437.31,3600.01
1960,POZ,OR,ru,487.94,1678.8,1387.91
1960,POZ,OR,lt,0.475224,1.71489,0.610089
1960,POZ,OR,rue,6.63205,23.0572,18.7521
1960,POZ,OR,cs,32.2998,111.035,85.5055
1960,POZ,JW,pl,4412.51,20056.3,24468.8
1960,POZ,JW,yi,3480.08,12104.3,12640.8
1960,POZ,JW,de,21.3057,104.817,80.9351
1960,POZ,JW,ru,0.77623,2.81209,2.50617
1960,POZ,JW,lt,8.57976,31.3008,11.1208
1960,POZ,JH,pl,27.0698,145.934,173.004
1960,POZ,JH,yi,2603.17,9441.95,6970.65
1960,POZ,PR,pl,27663.1,24711.6,52374.7
1960,POZ,PR,de,93991.6,64460.6,100555
1960,POZ,PR,lt,10.2346,37.1433,12.2836
1960,POZ,PR,cs,8.91993,31.2174,24.8694
1960,POZ,PR,lv,12.5501,45.1828,15.524
1960,POZ,OT,pl,4018.08,3820.65,7838.73
1960,POZ,OT,lt,0.322737,1.16799,0.388267
1960,POZ,OT,kdr,1.84018,6.46125,6.35543
1960,POZ,OT,oth,54.8698,252.033,170.857
1960,POM,RC,pl,591659,546974,1.13863e+06
1960,POM,RC,uk,0.487426,1.74002,1.38023
1960,POM,RC,be,180.594,561.469,523.338
1960,POM,RC,pls,48.4849,155.47,138.013
1960,POM,RC,de,7913.64,5612.85,9357.77
1960,POM,RC,lt,724.807,2455.21,1170.86
1960,POM,RC,csb,152665,42922.7,148701
1960,POM,RC,cs,49.2353,160.633,131.622
1960,POM,RC,rom,339.488,579.03,620.182
1960,POM,RC,wym,1.63542,5.11518,5.81095
1960,POM,RC,oth,1023.85,1190.29,1619.63
1960,POM,GC,pl,538.607,1978.16,2516.76
1960,POM,GC,uk,2088.78,7231.93,5822.26
1960,POM,GC,rue,131.714,450.874,375.989
1960,POM,OR,pl,2094.34,7866.39,9960.73
1960,POM,OR,uk,2543.06,8605.72,6380.16
1960,POM,OR,be,1764.35,5733.9,4714.03
1960,POM,OR,pls,1071.62,3368.19,2737.47
1960,POM,OR,ru,388.136,1281.97,1058.02
1960,POM,OR,lt,0.370049,1.31543,0.462416
1960,POM,OR,rue,5.13909,17.1548,13.9264
1960,POM,OR,cs,25.3495,83.8843,64.3442
1960,POM,JW,pl,3234.52,13567.7,16802.2
1960,POM,JW,yi,2717.7,8969.99,9422.1
1960,POM,JW,de,16.8344,82.6306,62.8791
1960,POM,JW,ru,0.598786,2.18718,1.93419
1960,POM,JW,lt,6.61184,24.018,8.47571
1960,POM,JH,pl,20.9996,107.591,128.591
1960,POM,JH,yi,2075.64,7317.07,5346.43
1960,POM,PR,pl,14699.9,13294.7,27994.6
1960,POM,PR,de,55808.8,37925.8,58770.9
1960,POM,PR,lt,8.05508,28.6521,9.41799
1960,POM,PR,cs,6.84968,23.4967,18.7061
1960,POM,PR,lv,9.64436,33.991,11.5895
1960,POM,OT,pl,287.042,1029.57,1316.61
1960,POM,OT,lt,0.24995,0.896652,0.293888
1960,POM,OT,kdr,1.41129,4.85818,4.75744
1960,POM,OT,oth,43.7648,182.021,129.496
1960,SLA,RC,pl,823661,730837,1.5545e+06
1960,SLA,RC,uk,0.876274,3.12357,2.46984
1960,SLA,RC,be,242.388,752.672,704.462
1960,SLA,RC,pls,69.1349,220.676,197.501
1960,SLA,RC,de,32905.9,25316.3,42439.9
1960,SLA,RC,ru,0.11862,0.407758,0.356128
1960,SLA,RC,lt,938.032,3203.86,1531.7
1960,SLA,RC,csb,657.749,2122.63,2208.48
1960,SLA,RC,cs,79.0336,257.199,212.587
1960,SLA,RC,rom,560.339,979.052,1058.73
1960,SLA,RC,wym,4.78851,14.5769,16.8157
1960,SLA,RC,oth,731.473,1031.5,1312.37
1960,SLA,GC,pl,1322.24,4892.19,6214.43
1960,SLA,GC,uk,5206.06,17909.3,14701.5
1960,SLA,GC,rue,363.026,1231.74,1043.55
1960,SLA,OR,pl,2933.3,11275.1,14208.4
1960,SLA,OR,uk,4292.65,14732.7,11054.9
1960,SLA,OR,be,2357.41,7732.35,6437.84
1960,SLA,OR,pls,1496.32,4755.1,3888.23
1960,SLA,OR,ru,512.62,1716.89,1436.85
1960,SLA,OR,lt,0.482216,1.69886,0.603508
1960,SLA,OR,rue,11.8709,40.0798,33.0693
1960,SLA,OR,cs,39.9463,133.443,103.975
1960,SLA,JW,pl,6794.31,33429.4,40223.7
1960,SLA,JW,yi,4630.66,14913.2,15864.7
1960,SLA,JW,de,17.8358,108.714,82.4146
1960,SLA,JW,ru,0.849391,3.04439,2.71024
1960,SLA,JW,lt,8.88029,31.6477,11.3018
1960,SLA,JH,pl,35.083,181.112,216.195
1960,SLA,JH,yi,3493.9,12155.5,9099.68
1960,SLA,PR,pl,39224.8,24758.5,63983.3
1960,SLA,PR,de,13521.4,16575.4,19694.9
1960,SLA,PR,lt,10.4439,36.4499,11.9492
1960,SLA,PR,cs,11.2771,37.7091,30.3229
1960,SLA,PR,lv,12.754,44.1152,15.1001
1960,SLA,OT,pl,4570.77,3815.55,8386.32
1960,SLA,OT,lt,0.332573,1.174,0.395374
1960,SLA,OT,kdr,2.11631,7.04048,7.08325
1960,SLA,OT,oth,573.81,679.111,866.311
1960,KRA,RC,pl,1.47956e+06,832176,2.31174e+06
1960,KRA,RC,uk,0.601242,2.17206,1.71939
1960,KRA,RC,be,173.69,544.283,505.039
1960,KRA,RC,pls,51.9096,167.434,148.174
1960,KRA,RC,de,3222.62,2228.77,3752.23
1960,KRA,RC,lt,670.716,2287.04,1080.69
1960,KRA,RC,csb,391.149,1272.28,1304.29
1960,KRA,RC,cs,60.3923,197.988,161.978
1960,KRA,RC,rom,4467.13,2138.67,4387.16
1960,KRA,RC,wym,605.628,161.167,647.149
1960,KRA,RC,oth,1295.51,1043.15,1661.82
1960,KRA,GC,pl,21295.1,12027.2,33322.3
1960,KRA,GC,uk,3974.09,13706.8,11139.1
1960,KRA,GC,rue,56845,11096.9,39860.3
1960,KRA,OR,pl,2257.13,8446.55,10703.7
1960,KRA,OR,uk,3181.89,10752,7996.84
1960,KRA,OR,be,1760.24,5727.8,4708.36
1960,KRA,OR,pls,1161.63,3664.16,2975.46
1960,KRA,OR,ru,382.023,1263.17,1043.21
1960,KRA,OR,lt,0.346368,1.23085,0.431257
1960,KRA,OR,rue,13.047,43.1902,34.9728
1960,KRA,OR,cs,31.3571,103.701,79.8639
1960,KRA,JW,pl,10199.6,62139.5,72339.1
1960,KRA,JW,yi,10492.3,38765.8,40222.3
1960,KRA,JW,de,4.22386,21.5505,16.5723
1960,KRA,JW,ru,0.594815,2.44378,2.09418
1960,KRA,JW,lt,6.18903,23.3959,8.39528
1960,KRA,JH,pl,133.877,484.879,618.757
1960,KRA,JH,yi,14735.1,49166.7,37293
1960,KRA,PR,pl,1036.12,3341.34,4377.46
1960,KRA,PR,de,3745.87,4272.73,5033.49
1960,KRA,PR,lt,7.3416,26.4305,8.49767
1960,KRA,PR,cs,8.45015,29.3788,23.2109
1960,KRA,PR,lv,9.03667,32.3508,10.8252
1960,KRA,OT,pl,336.18,1194.57,1530.75
1960,KRA,OT,lt,0.233599,0.836702,0.274554
1960,KRA,OT,kdr,1.54027,5.27848,5.23233
1960,KRA,OT,oth,52.0431,196.035,153.854
1960,LWO,RC,pl,1.02148e+06,702613,1.72409e+06
1960,LWO,RC,uk,5.03057,16.1914,12.5864
1960,LWO,RC,be,202.353,655.141,599.444
1960,LWO,RC,pls,71.1694,238.512,207.064
1960,LWO,RC,de,2653.12,1856.8,3067.34
1960,LWO,RC,lt,704.975,2481.15,1118.15
1960,LWO,RC,csb,323.901,1099.84,1105.11
1960,LWO,RC,cs,139.851,473.338,382.801
1960,LWO,RC,rom,3786.98,1934.34,3758.98
1960,LWO,RC,wym,2.4964,8.01389,9.01155
1960,LWO,RC,oth,3509.42,2088.18,3850.94
1960,LWO,GC,pl,129635,58392.5,188027
1960,LWO,GC,uk,911645,284837,696113
1960,LWO,GC,rue,49550.2,11136.1,35333.6
1960,LWO,OR,pl,8861.03,13453.7,22314.7
1960,LWO,OR,uk,23835,67266.8,51611.4
1960,LWO,OR,be,2159.33,7332.33,5919.55
1960,LWO,OR,pls,1603.9,5285.98,4204.27
1960,LWO,OR,ru,500.718,1726.17,1409.64
1960,LWO,OR,lt,0.377507,1.3663,0.456012
1960,LWO,OR,rue,3829.26,814.316,2607.57
1960,LWO,OR,cs,73.1958,251.709,191.913
1960,LWO,JW,pl,29302.4,148613,177915
1960,LWO,JW,yi,20260.3,67302,70123.7
1960,LWO,JW,de,5.99214,24.8216,19.341
1960,LWO,JW,ru,0.807925,3.51261,2.95716
1960,LWO,JW,lt,6.80664,26.2934,9.00478
1960,LWO,JH,pl,231.742,528.815,760.557
1960,LWO,JH,yi,29328,80001.9,62439.3
1960,LWO,PR,pl,7660.88,6415.04,14075.9
1960,LWO,PR,de,6367.38,5283.86,7078.48
1960,LWO,PR,lt,7.76496,28.5098,8.49729
1960,LWO,PR,cs,19.8631,70.9525,55.5682
1960,LWO,PR,lv,9.53611,34.89,10.8167
1960,LWO,OT,pl,2785.55,3155.07,5940.62
1960,LWO,OT,lt,0.256457,0.943217,0.29415
1960,LWO,OT,kdr,2.31542,8.22237,8.11007
1960,LWO,OT,oth,1646.99,1051.28,1833.78
1960,STA,RC,pl,159398,143763,303161
1960,STA,RC,uk,2.4785,7.25507,5.54157
1960,STA,RC,be,62.7257,192.509,175.844
1960,STA,RC,pls,21.9821,70.487,60.583
1960,STA,RC,de,3398.59,1339.43,3062.93
1960,STA,RC,lt,217.612,730.441,318.903
1960,STA,RC,csb,100.675,326.925,326.97
1960,STA,RC,cs,43.3021,139.57,111.585
1960,STA,RC,rom,1436.12,650.759,1322.44
1960,STA,RC,wym,0.790733,2.38203,2.69171
1960,STA,RC,oth,2027.51,1037.39,2023.51
1960,STA,GC,pl,61522.1,25261.7,86783.8
1960,STA,GC,uk,924776,222126,632173
1960,STA,GC,rue,118.278,399.777,325.285
1960,STA,OR,pl,810.632,3119.39,3930.02
1960,STA,OR,uk,9701.63,26139.2,19693.5
1960,STA,OR,be,674.599,2184.68,1740.95
1960,STA,OR,pls,508.181,1609.32,1259.53
1960,STA,OR,ru,157.182,514.916,415.401
1960,STA,OR,lt,0.117146,0.414199,0.132675
1960,STA,OR,rue,7.61969,24.8643,19.7443
1960,STA,OR,cs,22.9722,74.9973,56.315
1960,STA,JW,pl,7268.38,35836.8,43105.2
1960,STA,JW,yi,8359.51,27527.4,28057.4
1960,STA,JW,de,6.5153,22.388,18.0688
1960,STA,JW,ru,0.245254,1.05621,0.879462
1960,STA,JW,lt,2.07098,7.84955,2.59474
1960,STA,JH,pl,88.2265,152.987,241.214
1960,STA,JH,yi,12394.8,32823.3,24900.9
1960,STA,PR,pl,590.025,1075.63,1665.65
1960,STA,PR,de,8031.06,3594.56,6711.96
1960,STA,PR,lt,2.39216,8.45246,2.38565
1960,STA,PR,cs,6.11913,20.9303,16.2573
1960,STA,PR,lv,2.94448,10.3456,3.03773
1960,STA,OT,pl,1591.67,1395.14,2986.81
1960,STA,OT,kdr,40.6751,37.4119,60.7596
1960,STA,OT,oth,1073.98,570.572,1089.98
1960,TAR,RC,pl,417413,219853,637266
1960,TAR,RC,uk,1.77686,5.72892,4.35325
1960,TAR,RC,be,59.7573,187.317,171.668
1960,TAR,RC,pls,20.8865,68.6813,59.1621
1960,TAR,RC,de,668.296,475.526,768.689
1960,TAR,RC,lt,206.11,710.207,315.006
1960,TAR,RC,csb,95.5398,318.354,318.247
1960,TAR,RC,cs,42.2645,140.148,112.106
1960,TAR,RC,rom,723.842,414.82,739.153
1960,TAR,RC,wym,0.759882,2.32578,2.63072
1960,TAR,RC,oth,479.836,336.426,555.674
1960,TAR,GC,pl,102170,35962.4,138132
1960,TAR,GC,uk,628529,154308,444441
1960,TAR,GC,rue,112.623,390.016,319.21
1960,TAR,OR,pl,832.399,3175.57,4007.96
1960,TAR,OR,uk,9708.81,22798,18044.7
1960,TAR,OR,be,637.002,2127.5,1701.97
1960,TAR,OR,pls,481.892,1572.09,1236.26
1960,TAR,OR,ru,149.449,506.022,409.516
1960,TAR,OR,lt,0.112234,0.401658,0.131132
1960,TAR,OR,rue,7.1651,24.2655,19.347
1960,TAR,OR,cs,22.3076,75.3195,56.7012
1960,TAR,JW,pl,10340,41525.7,51865.7
1960,TAR,JW,yi,7170.92,19813.2,21160.9
1960,TAR,JW,de,1.30181,5.53884,4.28389
1960,TAR,JW,ru,0.239666,0.970778,0.82443
1960,TAR,JW,lt,2.00314,7.47018,2.48748
1960,TAR,JH,pl,74.0062,169.479,243.486
1960,TAR,JH,yi,10335.9,23278.1,18735
1960,TAR,PR,pl,1989.15,1562.62,3551.77
1960,TAR,PR,de,1637.52,1377.07,1800.56
1960,TAR,PR,lt,2.29434,8.26122,2.39218
1960,TAR,PR,cs,6.04156,21.0981,16.3402
1960,TAR,PR,lv,2.82508,10.1295,3.05222
1960,TAR,OT,pl,3734.18,1922.94,5657.12
1960,TAR,OT,kdr,0.71737,2.47381,2.44461
1960,TAR,OT,oth,428.197,250.991,453.399
1960,LT_KAU,RC,pl,10371.1,10616.5,13237.9
1960,LT_KAU,RC,be,46.6008,145.001,121.934
1960,LT_KAU,RC,pls,1.24224,4.21452,1.73072
1960,LT_KAU,RC,de,12.9254,43.7775,29.0125
1960,LT_KAU,RC,lt,132950,129213,262163
1960,LT_KAU,RC,csb,5.9369,20.307,7.31846
1960,LT_KAU,RC,cs,1.10811,3.78744,1.34007
1960,LT_KAU,RC,rom,513.536,483.176,681.339
1960,LT_KAU,RC,oth,2.37902,8.03197,3.07372
1960,LT_KAU,GC,pl,3.16575,11.2216,3.93574
1960,LT_KAU,GC,uk,31.6148,111.585,39.5132
1960,LT_KAU,GC,lt,0.161052,1.09543,1.25649
1960,LT_KAU,GC,rue,1.96161,6.90444,2.48978
1960,LT_KAU,OR,pl,31.3837,102.386,46.8435
1960,LT_KAU,OR,uk,47.4598,167.205,64.821
1960,LT_KAU,OR,be,92.027,312.658,135.08
1960,LT_KAU,OR,pls,27.1466,91.8602,37.5298
1960,LT_KAU,OR,ru,6412.34,8289.26,9619.59
1960,LT_KAU,OR,lt,307.307,736.832,1044.14
1960,LT_KAU,OR,cs,0.544884,1.87474,0.668094
1960,LT_KAU,JW,pl,25.8771,203.256,124.226
1960,LT_KAU,JW,yi,2353.83,22373.8,17274.6
1960,LT_KAU,JW,de,2.8119,30.3989,21.6916
1960,LT_KAU,JW,ru,1.78654,40.9224,30.547
1960,LT_KAU,JW,lt,547.552,7932.94,8480.49
1960,LT_KAU,JH,pl,0.262597,0.54091,0.259287
1960,LT_KAU,JH,yi,81.3064,345.235,127.521
1960,LT_KAU,PR,pl,6.89559,20.1086,10.2717
1960,LT_KAU,PR,de,4195.76,4606.28,5575.14
1960,LT_KAU,PR,lt,1302.21,1943.67,3245.89
1960,LT_KAU,PR,cs,0.152859,0.540084,0.189863
1960,LT_KAU,PR,lv,85.0191,295.784,255.582
1960,LT_KAU,OT,pl,629.485,531.819,766.704
1960,LT_KAU,OT,lt,194.522,541.151,735.672
1960,LT_KAU,OT,kdr,0.717887,2.48653,2.29305
1960,LT_KAU,OT,oth,1101.58,1674.64,1968.49
1960,LT_LAU,RC,pl,20321.1,5030.27,15659.2
1960,LT_LAU,RC,be,47.1851,140.574,125.087
1960,LT_LAU,RC,pls,0.830909,2.71642,1.11143
1960,LT_LAU,RC,de,10.045,32.5737,23.438
1960,LT_LAU,RC,lt,409427,110053,519481
1960,LT_LAU,RC,csb,3.98375,13.143,4.72197
1960,LT_LAU,RC,cs,0.742797,2.4477,0.86121
1960,LT_LAU,RC,rom,25.9465,82.2876,71.7541
1960,LT_LAU,RC,oth,1.43573,4.66847,1.7739
1960,LT_LAU,GC,pl,1.806,6.14818,2.1336
1960,LT_LAU,GC,uk,21.02,71.2665,25.0961
1960,LT_LAU,GC,lt,0.101894,0.635847,0.737742
1960,LT_LAU,GC,rue,1.31143,4.4394,1.59265
1960,LT_LAU,OR,pl,19.3517,50.9147,22.6407
1960,LT_LAU,OR,uk,31.7285,106.64,41.0077
1960,LT_LAU,OR,be,61.7582,201.168,86.2601
1960,LT_LAU,OR,pls,18.2581,59.6251,24.1675
1960,LT_LAU,OR,ru,9728.01,3128.16,7917.69
1960,LT_LAU,OR,lt,454.638,263.301,717.938
1960,LT_LAU,OR,cs,0.366513,1.21341,0.427663
1960,LT_LAU,JW,pl,25.5358,73.9799,47.3972
1960,LT_LAU,JW,yi,8234.29,15369.8,15817.7
1960,LT_LAU,JW,de,1.76053,8.13834,6.26663
1960,LT_LAU,JW,ru,2.57397,9.46246,8.15852
1960,LT_LAU,JW,lt,1544.41,5075.99,6620.39
1960,LT_LAU,JH,pl,0.431131,0.270109,0.242995
1960,LT_LAU,JH,yi,92.6305,238.64,102.612
1960,LT_LAU,PR,pl,3.39662,9.01609,3.91664
1960,LT_LAU,PR,de,2298.86,1591.73,2403.24
1960,LT_LAU,PR,lt,547.634,1493.91,2041.54
1960,LT_LAU,PR,lv,993.415,489.502,956.93
1960,LT_LAU,OT,pl,6.64489,17.9131,14.2899
1960,LT_LAU,OT,lt,137.357,108.094,245.451
1960,LT_LAU,OT,kdr,57.3952,23.4607,61.2919
1960,LT_LAU,OT,oth,1032.84,406.237,971.711
1960,LT_ZEM,RC,pl,5496.21,2630.36,4819.09
1960,LT_ZEM,RC,be,47.6335,142.731,123.67
1960,LT_ZEM,RC,pls,1.01954,3.33469,1.3686
1960,LT_ZEM,RC,de,14.1429,45.8195,33.3541
1960,LT_ZEM,RC,lt,475077,125821,600898
1960,LT_ZEM,RC,csb,4.88294,16.1124,5.81139
1960,LT_ZEM,RC,cs,0.910325,3.00127,1.05893
1960,LT_ZEM,RC,rom,285.903,132.818,272.334
1960,LT_ZEM,RC,oth,1.76949,5.75272,2.19658
1960,LT_ZEM,GC,pl,1.73633,5.9192,2.05939
1960,LT_ZEM,GC,uk,25.8873,87.8468,31.1096
1960,LT_ZEM,GC,lt,0.124244,0.776273,0.900517
1960,LT_ZEM,GC,rue,1.61175,5.46066,1.97006
1960,LT_ZEM,OR,pl,14.4481,47.2872,18.75
1960,LT_ZEM,OR,uk,39.1184,130.673,50.6843
1960,LT_ZEM,OR,be,76.1684,246.858,106.72
1960,LT_ZEM,OR,pls,22.5771,73.4077,30.0348
1960,LT_ZEM,OR,ru,5638.58,2345.64,4927.23
1960,LT_ZEM,OR,lt,272.445,208.959,481.403
1960,LT_ZEM,OR,cs,0.450935,1.48522,0.527693
1960,LT_ZEM,JW,pl,12.4691,47.9828,22.995
1960,LT_ZEM,JW,yi,8258.2,16668.8,16715.3
1960,LT_ZEM,JW,de,2.89134,12.9306,9.93235
1960,LT_ZEM,JW,ru,1.344,6.25886,5.14254
1960,LT_ZEM,JW,lt,1546.38,5500.89,7047.27
1960,LT_ZEM,JH,yi,102.748,279.353,116.552
1960,LT_ZEM,PR,pl,2.57814,8.3123,3.17491
1960,LT_ZEM,PR,de,4816.5,2487.06,4476.71
1960,LT_ZEM,PR,lt,6070.77,2503.97,8574.75
1960,LT_ZEM,PR,cs,0.124394,0.429025,0.149556
1960,LT_ZEM,PR,lv,6041.9,1080.1,4527.27
1960,LT_ZEM,OT,pl,5.249,16.7378,12.7773
1960,LT_ZEM,OT,lt,158.108,127.335,285.443
1960,LT_ZEM,OT,kdr,0.935432,3.11609,2.97494
1960,LT_ZEM,OT,oth,1234.49,494.397,1165.3
1960,LT_SUV,RC,pl,8753.22,2946.86,7026.43
1960,LT_SUV,RC,be,1764.35,247.364,1386.34
1960,LT_SUV,RC,pls,1.18955,3.91363,1.59791
1960,LT_SUV,RC,de,11.1701,36.6807,23.0719
1960,LT_SUV,RC,ru,0.345904,0.159234,0.300993
1960,LT_SUV,RC,lt,381164,89309.2,470473
1960,LT_SUV,RC,csb,5.73401,19.0389,6.83078
1960,LT_SUV,RC,cs,1.04213,3.45763,1.20538
1960,LT_SUV,RC,rom,1352.46,257.726,1052.22
1960,LT_SUV,RC,oth,1.99634,6.53671,2.4587
1960,LT_SUV,GC,pl,2.30831,7.95752,2.75817
1960,LT_SUV,GC,uk,31.0715,106.636,37.5132
1960,LT_SUV,GC,lt,0.151451,0.997398,1.14885
1960,LT_SUV,GC,rue,1.91958,6.57355,2.35961
1960,LT_SUV,OR,pl,16.8428,54.5501,21.666
1960,LT_SUV,OR,uk,45.6366,153.95,59.0133
1960,LT_SUV,OR,be,77.0368,252.592,108.42
1960,LT_SUV,OR,pls,26.7982,87.9929,35.8062
1960,LT_SUV,OR,ru,4645.08,1632.14,3893.04
1960,LT_SUV,OR,lt,239.249,161.322,400.571
1960,LT_SUV,OR,cs,0.519994,1.73385,0.607577
1960,LT_SUV,JW,pl,18.1674,62.6478,31.5634
1960,LT_SUV,JW,yi,7470.19,11860.2,12856.8
1960,LT_SUV,JW,de,8.20705,18.9381,16.7101
1960,LT_SUV,JW,ru,1.25502,4.71028,4.05762
1960,LT_SUV,JW,lt,1473.64,4201.29,5674.93
1960,LT_SUV,JH,pl,0.360916,0.264614,0.209618
1960,LT_SUV,JH,yi,104.964,279.117,112.994
1960,LT_SUV,PR,pl,4.51409,11.1742,4.98357
1960,LT_SUV,PR,de,14915.7,3362.15,11056
1960,LT_SUV,PR,lt,699.249,1056.86,1756.11
1960,LT_SUV,PR,cs,0.144408,0.498565,0.171774
1960,LT_SUV,PR,lv,63.2285,214.179,184.459
1960,LT_SUV,OT,pl,6.53328,20.1735,15.4927
1960,LT_SUV,OT,lt,142.933,99.1631,242.096
1960,LT_SUV,OT,kdr,0.533193,1.78471,1.64649
1960,LT_SUV,OT,oth,1041.56,357.907,946.364
1960,LT_NEA,RC,pl,17777.3,3644.43,13038.2
1960,LT_NEA,RC,be,3304.09,344.485,2472.59
1960,LT_NEA,RC,pls,0.666543,2.15588,0.863199
1960,LT_NEA,RC,de,6.35277,20.4148,13.9867
1960,LT_NEA,RC,ru,5.90746,0.835861,3.94717
1960,LT_NEA,RC,lt,323150,73884.7,397035
1960,LT_NEA,RC,csb,3.20154,10.4485,3.66753
1960,LT_NEA,RC,cs,0.595761,1.94246,0.667077
1960,LT_NEA,RC,rom,16.6767,52.2586,44.9158
1960,LT_NEA,RC,oth,1.15212,3.70288,1.37628
1960,LT_NEA,GC,pl,1.4631,4.92529,1.67903
1960,LT_NEA,GC,uk,16.9728,56.8834,19.7004
1960,LT_NEA,GC,lt,0.0772231,0.467606,0.544829
1960,LT_NEA,GC,rue,1.05714,3.53828,1.2489
1960,LT_NEA,OR,pl,22.4692,41.8508,21.9997
1960,LT_NEA,OR,uk,25.62,84.7147,32.0717
1960,LT_NEA,OR,be,54.8591,176.165,74.5778
1960,LT_NEA,OR,pls,14.8277,47.8724,19.1259
1960,LT_NEA,OR,ru,25456.3,4714.86,18126.6
1960,LT_NEA,OR,lt,1009.03,329.055,1338.09
1960,LT_NEA,OR,cs,0.295329,0.964647,0.333858
1960,LT_NEA,JW,pl,22.1951,52.3117,34.0181
1960,LT_NEA,JW,yi,7615.86,9769.3,11401.8
1960,LT_NEA,JW,de,0.908273,4.18723,3.2268
1960,LT_NEA,JW,ru,8.48057,15.9547,16.2421
1960,LT_NEA,JW,lt,1333.15,3085.52,4418.67
1960,LT_NEA,JH,pl,0.365819,0.214785,0.19993
1960,LT_NEA,JH,yi,79.2806,175.152,76.9622
1960,LT_NEA,PR,pl,2.31579,7.00292,2.71834
1960,LT_NEA,PR,de,896.391,853.923,1078.15
1960,LT_NEA,PR,lt,8512.6,1778.51,10291.1
1960,LT_NEA,PR,lv,7673.74,1004.94,5450.79
1960,LT_NEA,OT,pl,4.83887,11.9875,9.38764
1960,LT_NEA,OT,lt,120.545,68.8288,189.374
1960,LT_NEA,OT,kdr,0.637874,2.09525,2.00663
1960,LT_NEA,OT,oth,981.747,281.302,838.561
1960,LT_KLA,RC,pl,189.264,665.593,432.924
1960,LT_KLA,RC,be,18.8145,59.8335,51.2476
1960,LT_KLA,RC,pls,0.407233,1.4118,0.558993
1960,LT_KLA,RC,de,784.197,520.942,809.844
1960,LT_KLA,RC,lt,38768.2,42678.9,81447
1960,LT_KLA,RC,csb,2.01336,7.03521,2.44871
1960,LT_KLA,RC,cs,0.364686,1.27247,0.433663
1960,LT_KLA,RC,rom,12.9623,44.4041,38.2105
1960,LT_KLA,RC,oth,0.768272,2.65788,0.974894
1960,LT_KLA,GC,pl,0.595473,2.12778,0.707687
1960,LT_KLA,GC,uk,10.1949,36.3294,12.3653
1960,LT_KLA,GC,rue,0.637949,2.26727,0.786292
1960,LT_KLA,OR,pl,4.74456,16.7982,6.37266
1960,LT_KLA,OR,uk,15.1727,54.7929,20.4919
1960,LT_KLA,OR,be,29.2693,101.269,42.3631
1960,LT_KLA,OR,pls,8.63284,29.7464,11.7298
1960,LT_KLA,OR,ru,1039.94,1143.13,1424.57
1960,LT_KLA,OR,lt,51.0939,105.894,156.988
1960,LT_KLA,OR,cs,0.175745,0.613689,0.211979
1960,LT_KLA,JW,pl,3.77154,13.8543,5.57159
1960,LT_KLA,JW,yi,567.069,2631.16,2204.42
1960,LT_KLA,JW,de,16.4085,201.953,140.525
1960,LT_KLA,JW,ru,0.272485,1.47915,1.23232
1960,LT_KLA,JW,lt,160.887,1001.22,1162.11
1960,LT_KLA,JH,yi,17.8991,65.8764,22.9192
1960,LT_KLA,PR,pl,0.806036,2.93119,0.997416
1960,LT_KLA,PR,de,33758.5,23538,35189.5
1960,LT_KLA,PR,lt,27958.4,10901.4,38859.7
1960,LT_KLA,PR,lv,49.2515,173.766,148.187
1960,LT_KLA,OT,pl,1.74578,6.12302,4.56137
1960,LT_KLA,OT,lt,84.7548,169.719,254.474
1960,LT_KLA,OT,kdr,0.379718,1.32802,1.25788
1960,LT_KLA,OT,oth,671.704,638.765,912.979
1965,WAW,RC,pl,54958.8,1.23909e+06,1.29405e+06
1965,WAW,RC,uk,1.6085,12.8729,9.13562
1965,WAW,RC,be,247.343,2537.54,2057.61
1965,WAW,RC,pls,63.296,675.976,531.972
1965,WAW,RC,de,251.846,2977.59,2417.92
1965,WAW,RC,ru,0.18254,1.67166,1.29095
1965,WAW,RC,lt,1016.77,10733.3,4734.28
1965,WAW,RC,csb,415.069,4524.53,4052.19
1965,WAW,RC,cs,59.6071,628.804,454.472
1965,WAW,RC,rom,137.327,1845.14,1424.75
1965,WAW,RC,wym,1.41716,14.2212,13.7148
1965,WAW,RC,oth,102.751,1385.48,1189.11
1965,WAW,GC,pl,624.421,10042.8,10667.2
1965,WAW,GC,uk,3850.74,43951.8,32048.3
1965,WAW,GC,rue,143.654,1658.39,1248.9
1965,WAW,OR,pl,2617.13,42010.8,44627.9
1965,WAW,OR,uk,4698.26,53342.3,36199.7
1965,WAW,OR,be,2531.48,28168.2,20915.8
1965,WAW,OR,pls,1441.24,15284,11197.9
1965,WAW,OR,ru,435.801,9316.37,7075.7
1965,WAW,OR,lt,0.979524,7.59738,2.52939
1965,WAW,OR,rue,6.1393,69.8914,51.5812
1965,WAW,OR,cs,30.847,343.797,235.357
1965,WAW,JW,pl,3426.25,140687,144113
1965,WAW,JW,yi,3885.04,121770,108305
1965,WAW,JW,de,5.49999,85.1402,62.3459
1965,WAW,JW,ru,1.05594,27.7882,21.8772
1965,WAW,JW,lt,16.4162,136.048,49.1857
1965,WAW,JH,pl,21.0759,749.014,770.09
1965,WAW,JH,yi,3316.09,113872,74821
1965,WAW,PR,pl,649.188,30566.3,31215.5
1965,WAW,PR,de,917.402,12697.7,9282.07
1965,WAW,PR,lt,12.4811,129.171,41.3831
1965,WAW,PR,cs,8.27103,94.6811,66.4707
1965,WAW,PR,lv,12.2749,138.502,46.5198
1965,WAW,OT,pl,268.54,9346.38,9614.92
1965,WAW,OT,lt,0.628425,4.924,1.48504
1965,WAW,OT,kdr,1.48603,17.9684,15.2283
1965,WAW,OT,oth,41.4664,1018.87,624.46
1965,WAR,RC,pl,1.77372e+06,920066,2.69379e+06
1965,WAR,RC,uk,0.833299,2.97159,2.3403
1965,WAR,RC,be,227.921,699.338,671.54
1965,WAR,RC,pls,64.6156,205.37,188.467
1965,WAR,RC,de,3548.45,2475.35,4126.12
1965,WAR,RC,ru,0.15765,0.549223,0.475122
1965,WAR,RC,lt,1013.07,3434.37,1744.45
1965,WAR,RC,csb,933.491,2971.77,3105.63
1965,WAR,RC,cs,67.6503,219.97,182.993
1965,WAR,RC,rom,2483.33,1365.77,2563.83
1965,WAR,RC,wym,1.77902,5.52899,6.32749
1965,WAR,RC,oth,4967.51,2544.79,5351.8
1965,WAR,GC,pl,829.828,2915.23,3745.06
1965,WAR,GC,uk,4068.62,10304.6,9323.06
1965,WAR,GC,rue,175.706,602.03,526.345
1965,WAR,OR,pl,5138.39,13290.8,18429.1
1965,WAR,OR,uk,4974.36,12583.6,10554.1
1965,WAR,OR,be,2448.63,7814.59,6781.42
1965,WAR,OR,pls,1492.41,4599.4,3987.71
1965,WAR,OR,ru,6540.66,4297.63,7090.94
1965,WAR,OR,lt,0.693245,2.46202,0.886279
1965,WAR,OR,rue,7.34861,24.1896,20.734
1965,WAR,OR,cs,36.5928,119.491,94.3229
1965,WAR,JW,pl,12763.2,66925.6,79688.8
1965,WAR,JW,yi,17855.8,52322,57123.7
1965,WAR,JW,de,22.638,89.9849,74.0827
1965,WAR,JW,ru,1.75382,8.45293,7.27364
1965,WAR,JW,lt,10.9679,42.8835,16.0479
1965,WAR,JH,pl,288.954,577.424,866.378
1965,WAR,JH,yi,26718.4,70184.2,56541.7
1965,WAR,PR,pl,15964,10837.9,26801.9
1965,WAR,PR,de,29014.3,15626,28144.4
1965,WAR,PR,lt,11.2655,41.1332,15.0827
1965,WAR,PR,cs,9.22795,32.3605,26.3276
1965,WAR,PR,lv,13.2514,47.9526,18.5439
1965,WAR,OT,pl,1447.68,1866.04,3313.72
1965,WAR,OT,lt,0.439578,1.59647,0.532939
1965,WAR,OT,kdr,1.77998,6.16391,6.10741
1965,WAR,OT,oth,679.479,494.229,811.934
1965,LOD,RC,pl,1.31203e+06,1.3171e+06,2.62913e+06
1965,LOD,RC,uk,1.48773,5.39962,4.27137
1965,LOD,RC,be,406.859,1284.76,1231.04
1965,LOD,RC,pls,114.88,374.521,344.373
1965,LOD,RC,de,6247.56,8818.42,10944
1965,LOD,RC,ru,0.260132,0.919289,0.802385
1965,LOD,RC,lt,1792.84,6252.92,3198.55
1965,LOD,RC,csb,1182.08,3893.08,4067.26
1965,LOD,RC,cs,119.371,398.251,332.925
1965,LOD,RC,rom,1470.15,1814.84,2270.16
1965,LOD,RC,wym,3.52624,11.2149,12.8328
1965,LOD,RC,oth,5219.67,5333.16,7946.99
1965,LOD,GC,pl,1405.29,5274.41,6679.7
1965,LOD,GC,uk,5223.6,18361.6,15599.7
1965,LOD,GC,rue,335.595,1164.04,1027.68
1965,LOD,OR,pl,9473.1,24713.4,34186.6
1965,LOD,OR,uk,6460.16,22213.2,17528.9
1965,LOD,OR,be,4322.79,14164.8,12351.1
1965,LOD,OR,pls,2614.38,8285.68,7175.03
1965,LOD,OR,ru,2327.38,4317.11,4489.54
1965,LOD,OR,lt,1.20365,4.32145,1.57983
1965,LOD,OR,rue,13.0247,44.1128,38.0154
1965,LOD,OR,cs,63.8752,214.074,170.683
1965,LOD,JW,pl,13566.8,121410,134977
1965,LOD,JW,yi,17486.7,99003.8,97744.8
1965,LOD,JW,de,52.8936,830.013,607.93
1965,LOD,JW,ru,1.78286,9.4324,7.97211
1965,LOD,JW,lt,19.6309,77.7545,29.7998
1965,LOD,JH,pl,254.886,896.204,1151.09
1965,LOD,JH,yi,23761.3,130254,94865.9
1965,LOD,PR,pl,46631,43701.3,90332.4
1965,LOD,PR,de,51329.5,69057,81378.7
1965,LOD,PR,lt,20.1206,74.0736,27.6576
1965,LOD,PR,cs,16.5812,58.5255,47.9275
1965,LOD,PR,lv,23.7135,86.4155,33.8304
1965,LOD,OT,pl,1495.32,3244.19,4739.5
1965,LOD,OT,lt,0.777772,2.865,0.970052
1965,LOD,OT,kdr,3.21313,11.3385,11.238
1965,LOD,OT,oth,518.536,847.25,931.691
1965,KIE,RC,pl,2.21226e+06,1.20088e+06,3.41314e+06
1965,KIE,RC,uk,1.12706,3.99398,3.13833
1965,KIE,RC,be,278.18,847.187,812.17
1965,KIE,RC,pls,79.4828,249.245,228.711
1965,KIE,RC,de,1386.88,2130.45,2456.01
1965,KIE,RC,ru,0.182071,0.625854,0.543145
1965,KIE,RC,lt,1254.56,4161.03,2107.9
1965,KIE,RC,csb,745.006,2347.79,2441.16
1965,KIE,RC,cs,90.7962,290.552,241.185
1965,KIE,RC,rom,2777.38,1726.55,2957.53
1965,KIE,RC,wym,3.60887,11.1431,12.7586
1965,KIE,RC,oth,4450,2511.46,4911.14
1965,KIE,GC,pl,1261.89,4628.22,5890.11
1965,KIE,GC,uk,4508.76,15488.4,12982.9
1965,KIE,GC,rue,329.236,1116.31,973.259
1965,KIE,OR,pl,4538.26,15555.3,20093.6
1965,KIE,OR,uk,5006.84,16274.7,12678.9
1965,KIE,OR,be,3044.72,9463.04,8181.74
1965,KIE,OR,pls,1835.08,5531.22,4783.39
1965,KIE,OR,ru,3195.56,3241.79,4126.95
1965,KIE,OR,lt,0.85976,2.99336,1.05541
1965,KIE,OR,rue,11.914,37.8244,32.2926
1965,KIE,OR,cs,49.9104,158.603,124.177
1965,KIE,JW,pl,16594.2,90616.8,107211
1965,KIE,JW,yi,26177.2,79315.8,85432.4
1965,KIE,JW,de,9.72156,47.8081,37.4821
1965,KIE,JW,ru,1.41098,6.69834,5.64427
1965,KIE,JW,lt,13.3888,53.4067,19.7836
1965,KIE,JH,pl,415.723,727.196,1142.92
1965,KIE,JH,yi,39167.4,105466,83582.2
1965,KIE,PR,pl,1985.47,5770.99,7756.46
1965,KIE,PR,de,8415.46,8084.99,10555.8
1965,KIE,PR,lt,13.5329,49.0501,17.9254
1965,KIE,PR,cs,12.1096,42.3564,34.5483
1965,KIE,PR,lv,15.9937,57.5195,22.1046
1965,KIE,OT,pl,1800.7,2442.91,4243.6
1965,KIE,OT,lt,0.53729,1.9587,0.646029
1965,KIE,OT,kdr,2.24768,7.8262,7.71639
1965,KIE,OT,oth,829.097,652.164,1014.4
1965,LUB,RC,pl,1.81425e+06,807811,2.62207e+06
1965,LUB,RC,uk,2.30148,7.84282,6.04249
1965,LUB,RC,be,1076.78,898.523,1356.46
1965,LUB,RC,pls,89.4766,259.276,237.351
1965,LUB,RC,de,1677.41,1395.02,1984.99
1965,LUB,RC,ru,0.200295,0.54436,0.484053
1965,LUB,RC,lt,1044.45,3198.25,1597.12
1965,LUB,RC,csb,478.289,1397.82,1444.84
1965,LUB,RC,cs,125.485,369.537,306.41
1965,LUB,RC,rom,2075.15,1142.96,1996.95
1965,LUB,RC,wym,2.01201,5.88187,6.72347
1965,LUB,RC,oth,155.332,438.9,438.929
1965,LUB,GC,pl,2464.76,5324.07,7788.84
1965,LUB,GC,uk,35664.3,32364.8,41270.4
1965,LUB,GC,rue,259.666,820.166,715.691
1965,LUB,OR,pl,155289,60517.4,215806
1965,LUB,OR,uk,102039,52335.8,85015.9
1965,LUB,OR,be,4347.56,9251.39,8650.14
1965,LUB,OR,pls,2104.84,6008.33,5197.69
1965,LUB,OR,ru,5467.45,3555.62,5552.93
1965,LUB,OR,lt,0.694828,2.35794,0.816168
1965,LUB,OR,rue,13.9463,41.7422,35.6265
1965,LUB,OR,cs,69.1025,206.917,162.356
1965,LUB,JW,pl,18466.6,66548.8,85015.5
1965,LUB,JW,yi,27174.8,55911.8,65391.3
1965,LUB,JW,de,11.1034,35.0099,29.3919
1965,LUB,JW,ru,1.81022,6.80015,5.96545
1965,LUB,JW,lt,10.403,40.8189,14.8009
1965,LUB,JH,pl,395.589,512.165,907.754
1965,LUB,JH,yi,39941.8,71563.4,62259.6
1965,LUB,PR,pl,19238.9,10016.3,29255.2
1965,LUB,PR,de,11905.8,7015.98,11544.5
1965,LUB,PR,lt,10.7429,37.896,13.5167
1965,LUB,PR,cs,16.201,54.8549,44.5637
1965,LUB,PR,lv,12.6748,44.2656,16.6245
1965,LUB,OT,pl,2463.39,2369.19,4832.58
1965,LUB,OT,lt,0.426711,1.51765,0.484251
1965,LUB,OT,kdr,2.01284,6.73075,6.63896
1965,LUB,OT,oth,62.257,225.403,178.092
1965,BIA,RC,pl,871129,492888,1.36402e+06
1965,BIA,RC,uk,0.713359,2.53665,1.98084
1965,BIA,RC,be,13568.4,4262.58,12201.4
1965,BIA,RC,pls,65.6959,204.827,186.476
1965,BIA,RC,de,742.066,794.271,1037.16
1965,BIA,RC,ru,11.0591,4.28916,9.37808
1965,BIA,RC,lt,12042,7987.34,10341.9
1965,BIA,RC,csb,318.814,1009.68,1039.19
1965,BIA,RC,cs,57.5887,183.438,151.534
1965,BIA,RC,rom,919.341,664.587,1023.94
1965,BIA,RC,wym,1.09329,3.34212,3.80549
1965,BIA,RC,oth,572.964,475.247,741.404
1965,BIA,GC,pl,541.238,1978.25,2519.48
1965,BIA,GC,uk,2149.12,7371.24,6121.6
1965,BIA,GC,rue,115.426,391.58,338.17
1965,BIA,OR,pl,163362,70797.4,234159
1965,BIA,OR,uk,6877.68,11637,10795.9
1965,BIA,OR,be,188777,60241.3,148802
1965,BIA,OR,pls,1606.16,4806.04,4127.84
1965,BIA,OR,ru,30542,13912.6,27855
1965,BIA,OR,lt,3.18678,4.7943,2.94413
1965,BIA,OR,rue,5.41277,17.2114,14.6078
1965,BIA,OR,cs,32.1357,101.634,79.4631
1965,BIA,JW,pl,9722.29,46733.8,56456.1
1965,BIA,JW,yi,18045.8,47964.2,52131.7
1965,BIA,JW,de,5.90423,22.7122,18.065
1965,BIA,JW,ru,12.6898,41.9228,38.3926
1965,BIA,JW,lt,20.896,74.6694,34.0974
1965,BIA,JH,pl,246.171,336.882,583.053
1965,BIA,JH,yi,26437.9,60252.8,49080.6
1965,BIA,PR,pl,3916.26,3741.74,7658.01
1965,BIA,PR,de,5418.42,4156.94,5901.2
1965,BIA,PR,lt,17.0157,60.8607,22.541
1965,BIA,PR,cs,7.75257,27.1603,21.9448
1965,BIA,PR,lv,17.6143,63.4028,24.5429
1965,BIA,OT,pl,3303.29,2333.5,5636.79
1965,BIA,OT,lt,0.722154,2.37203,0.841496
1965,BIA,OT,kdr,2.13889,7.36826,7.24202
1965,BIA,OT,oth,475.937,348.611,548.968
1965,WIL,RC,pl,519145,325702,844847
1965,WIL,RC,uk,0.324148,1.16233,0.90657
1965,WIL,RC,be,26926.4,7731.21,23426.4
1965,WIL,RC,pls,103.824,121.511,152.293
1965,WIL,RC,de,162.595,311.589,326.95
1965,WIL,RC,ru,30.8608,11.9688,26.2316
1965,WIL,RC,lt,51469.6,22918.4,40982
1965,WIL,RC,csb,147.198,482.986,493.769
1965,WIL,RC,cs,27.2035,89.6826,73.4558
1965,WIL,RC,rom,766.33,478.847,803.053
1965,WIL,RC,wym,0.527899,1.64013,1.85781
1965,WIL,RC,oth,725.491,461.171,823.155
1965,WIL,GC,pl,238.995,894.02,1133.02
1965,WIL,GC,uk,919.752,3258.39,2688.22
1965,WIL,GC,rue,53.0277,186.243,159.704
1965,WIL,OR,pl,100605,50197.6,150803
1965,WIL,OR,uk,1433.81,4837.33,3714.54
1965,WIL,OR,be,227636,76983,180467
1965,WIL,OR,pls,5253.46,3650.2,5387.53
1965,WIL,OR,ru,32079.8,15985.4,30158.5
1965,WIL,OR,lt,28.4185,17.2876,21.4994
1965,WIL,OR,rue,2.45904,8.17385,6.87437
1965,WIL,OR,cs,14.9637,49.5409,38.2339
1965,WIL,JW,pl,4207.68,21133,25340.6
1965,WIL,JW,yi,9033.09,25801.7,27302.1
1965,WIL,JW,de,1.63004,7.27142,5.38319
1965,WIL,JW,ru,10.2264,37.6719,34.0195
1965,WIL,JW,lt,55.5292,154.273,96.0393
1965,WIL,JH,pl,110.471,208.604,319.075
1965,WIL,JH,yi,12720,30085.2,24575.7
1965,WIL,PR,pl,1969.15,2035.03,4004.18
1965,WIL,PR,de,1024.09,1556.88,1542.95
1965,WIL,PR,lt,26.3921,96.1138,36.0798
1965,WIL,PR,cs,3.68583,13.2925,10.6231
1965,WIL,PR,lv,19.7624,72.8306,28.5586
1965,WIL,OT,pl,3290.01,2308.83,5598.83
1965,WIL,OT,lt,2.12027,4.05778,2.23153
1965,WIL,OT,kdr,155.055,134.319,226.738
1965,WIL,OT,oth,444.977,320.825,505.469
1965,NOW,RC,pl,422559,170440,592999
1965,NOW,RC,uk,0.422059,1.44054,1.10917
1965,NOW,RC,be,15347,3520.07,12098.7
1965,NOW,RC,pls,34.6594,100.495,90.743
1965,NOW,RC,de,69.8989,208.051,189.662
1965,NOW,RC,ru,4.25294,1.51914,3.3041
1965,NOW,RC,lt,1532.4,2065.42,1526.89
1965,NOW,RC,csb,109.219,322.034,329.656
1965,NOW,RC,cs,34.3265,101.193,82.7935
1965,NOW,RC,rom,914.309,349.3,766.79
1965,NOW,RC,wym,0.443873,1.23278,1.41636
1965,NOW,RC,oth,37.0885,105.775,104.257
1965,NOW,GC,pl,257.656,870.085,1127.74
1965,NOW,GC,uk,1090.73,3501.83,2895.59
1965,NOW,GC,rue,51.3699,163.39,140.537
1965,NOW,OR,pl,210031,58347.3,268378
1965,NOW,OR,uk,1934.45,5850.13,4511.59
1965,NOW,OR,be,422414,90449.8,286372
1965,NOW,OR,pls,869.577,2481.37,2105.3
1965,NOW,OR,ru,13128.6,4214.31,10206.9
1965,NOW,OR,lt,0.498717,1.536,0.583371
1965,NOW,OR,rue,2.73869,8.13532,6.88834
1965,NOW,OR,cs,19.1962,56.9355,44.1223
1965,NOW,JW,pl,4989.46,12848.1,17837.6
1965,NOW,JW,yi,11411.6,15419.7,20064.2
1965,NOW,JW,de,0.992822,4.51247,3.37767
1965,NOW,JW,ru,4.06194,7.38415,7.72377
1965,NOW,JW,lt,6.25336,23.9184,8.89144
1965,NOW,JH,pl,125.325,125.148,250.473
1965,NOW,JH,yi,15386.2,17474.3,17495.1
1965,NOW,PR,pl,2649.31,1579.17,4228.48
1965,NOW,PR,de,249.076,848.032,670.572
1965,NOW,PR,lt,6.96948,24.1309,8.5465
1965,NOW,PR,cs,4.51439,15.1154,12.1067
1965,NOW,PR,lv,8.07903,27.661,10.312
1965,NOW,OT,pl,2471.76,1187.2,3658.96
1965,NOW,OT,lt,0.254223,0.889998,0.285771
1965,NOW,OT,kdr,0.99545,3.23907,3.19214
1965,NOW,OT,oth,19.5698,66.8136,49.6842
1965,POL,RC,pl,226981,138479,365459
1965,POL,RC,uk,0.868653,2.83668,2.15093
1965,POL,RC,be,2838.83,1108.32,2474.92
1965,POL,RC,pls,11966.9,2638.52,8619.67
1965,POL,RC,de,109.158,308.642,279.19
1965,POL,RC,ru,2.30712,1.16904,1.9739
1965,POL,RC,lt,545.614,1585.57,750.315
1965,POL,RC,csb,173.394,485.716,493.463
1965,POL,RC,cs,47.5253,134.262,108.11
1965,POL,RC,rom,477.686,335.099,484.735
1965,POL,RC,wym,0.696568,1.84871,2.11545
1965,POL,RC,oth,410.997,285.797,450.145
1965,POL,GC,pl,398.825,1280.72,1679.54
1965,POL,GC,uk,2518.71,7593.26,6204.37
1965,POL,GC,rue,83.5341,249.863,212.654
1965,POL,OR,pl,227336,84095.9,311432
1965,POL,OR,uk,67516.7,27153.6,48100.6
1965,POL,OR,be,77970.9,25039.8,56380.6
1965,POL,OR,pls,768425,173473,503698
1965,POL,OR,ru,15813.5,6925.34,13097.9
1965,POL,OR,lt,0.376101,1.30866,0.444254
1965,POL,OR,rue,4.26686,12.4824,10.3971
1965,POL,OR,cs,26.0144,76.3218,57.9606
1965,POL,JW,pl,4229.02,18712.3,22941.3
1965,POL,JW,yi,9842.57,25693.3,26974.9
1965,POL,JW,de,1.38675,6.81182,5.08916
1965,POL,JW,ru,6.5275,20.4691,18.5957
1965,POL,JW,lt,5.29135,20.581,7.02535
1965,POL,JH,pl,115.912,165.991,281.903
1965,POL,JH,yi,14108.1,31997.5,24554.3
1965,POL,PR,pl,5958.49,4473.68,10432.2
1965,POL,PR,de,371.67,1180.29,950.982
1965,POL,PR,lt,5.90435,19.1791,6.32156
1965,POL,PR,cs,6.37048,19.9592,15.8205
1965,POL,PR,lv,6.95657,22.2925,7.7541
1965,POL,OT,pl,4035.28,2744.15,6779.43
1965,POL,OT,lt,0.232525,0.776709,0.231286
1965,POL,OT,kdr,0.963322,2.90401,2.8299
1965,POL,OT,oth,348.854,205.751,345.149
1965,WOL,RC,pl,390321,222417,612738
1965,WOL,RC,uk,534.796,141.751,337.667
1965,WOL,RC,be,280.49,403.494,459.775
1965,WOL,RC,pls,47.6751,136.305,121.098
1965,WOL,RC,de,3578.86,1477.56,2961.64
1965,WOL,RC,ru,0.230589,0.422771,0.396767
1965,WOL,RC,lt,497.682,1486.5,693.457
1965,WOL,RC,csb,182.223,526.145,532.538
1965,WOL,RC,cs,15609.5,3834.77,10479.1
1965,WOL,RC,rom,1377.45,664.966,1202.07
1965,WOL,RC,wym,0.811299,2.24717,2.55193
1965,WOL,RC,oth,1470.92,698.795,1364.64
1965,WOL,GC,pl,746.861,2606.49,3353.35
1965,WOL,GC,uk,11846.9,36266.4,29412.7
1965,WOL,GC,rue,134.621,408.642,346.517
1965,WOL,OR,pl,20142.1,15847.2,35989.3
1965,WOL,OR,uk,1.65695e+06,445243,1.04247e+06
1965,WOL,OR,be,3609.59,5367,5399.91
1965,WOL,OR,pls,1150.2,3320.24,2760.6
1965,WOL,OR,ru,21765,8774.61,17612.9
1965,WOL,OR,lt,0.340671,1.17846,0.386609
1965,WOL,OR,rue,8.35276,24.7993,20.5807
1965,WOL,OR,cs,12085.1,3134.24,7754.63
1965,WOL,JW,pl,8123.82,32034.1,40158
1965,WOL,JW,yi,20078.4,43511.1,48046.3
1965,WOL,JW,de,43.7942,71.0538,69.5311
1965,WOL,JW,ru,10.323,23.0356,22.6394
1965,WOL,JW,lt,4.93828,19.2846,6.46177
1965,WOL,JH,pl,239.834,284.382,524.217
1965,WOL,JH,yi,29199.3,53659.8,43687.8
1965,WOL,PR,pl,9610.63,6054.44,15665.1
1965,WOL,PR,de,29449.2,11294.2,22570.1
1965,WOL,PR,lt,5.23974,17.9303,5.73829
1965,WOL,PR,cs,2626.14,712.436,1856.87
1965,WOL,PR,lv,6.22165,21.0466,7.08586
1965,WOL,OT,pl,21856.8,11040.2,32896.9
1965,WOL,OT,lt,0.21103,0.730618,0.215277
1965,WOL,OT,kdr,23.9592,17.1101,29.797
1965,WOL,OT,oth,1245.45,564.618,1147.5
1965,POZ,RC,pl,1.16407e+06,1.12549e+06,2.28956e+06
1965,POZ,RC,uk,0.957613,3.48646,2.7782
1965,POZ,RC,be,256.925,833.308,799.516
1965,POZ,RC,pls,72.4219,243.434,223.929
1965,POZ,RC,de,12109.4,9492.79,15614.1
1965,POZ,RC,ru,0.165829,0.587597,0.516448
1965,POZ,RC,lt,1134.6,4080.5,2084.4
1965,POZ,RC,csb,1091.96,3708.86,3883.13
1965,POZ,RC,cs,75.7931,260.426,217.894
1965,POZ,RC,rom,496.05,944.9,1009.17
1965,POZ,RC,wym,2.36148,7.60352,8.70755
1965,POZ,RC,oth,187.085,615.587,621.575
1965,POZ,GC,pl,884.034,3471.86,4355.89
1965,POZ,GC,uk,3219.3,11754.5,9941.94
1965,POZ,GC,rue,215.227,776.428,682.221
1965,POZ,OR,pl,3565.72,14498.9,18064.6
1965,POZ,OR,uk,3949.42,14256.3,11199.7
1965,POZ,OR,be,2668.08,9160.08,7956.92
1965,POZ,OR,pls,1622.34,5333.7,4622.8
1965,POZ,OR,ru,584.79,2057.02,1761.77
1965,POZ,OR,lt,0.781535,2.85966,1.03427
1965,POZ,OR,rue,8.06306,28.6951,24.6309
1965,POZ,OR,cs,39.8223,139.887,110.928
1965,POZ,JW,pl,5484.1,24802.1,30286.2
1965,POZ,JW,yi,3618.15,12335.8,13031.3
1965,POZ,JW,de,25.3126,120.811,97.5588
1965,POZ,JW,ru,1.03736,3.77271,3.34777
1965,POZ,JW,lt,13.0223,48.2676,17.5666
1965,POZ,JH,pl,39.485,211.98,251.465
1965,POZ,JH,yi,3149.11,11610.9,8796.02
1965,POZ,PR,pl,26943.6,26801.7,53745.4
1965,POZ,PR,de,88052.5,66299.7,101558
1965,POZ,PR,lt,13.042,48.6675,17.8069
1965,POZ,PR,cs,10.6217,38.0637,31.1002
1965,POZ,PR,lv,15.2216,56.3121,21.7614
1965,POZ,OT,pl,3862.97,4139.07,8002.04
1965,POZ,OT,lt,0.513495,1.89038,0.63415
1965,POZ,OT,kdr,2.04843,7.35339,7.28242
1965,POZ,OT,oth,61.9895,313.316,206.09
1965,POM,RC,pl,587126,603870,1.191e+06
1965,POM,RC,uk,0.776496,2.78114,2.20748
1965,POM,RC,be,205.384,640.35,618.225
1965,POM,RC,pls,57.612,186.531,172.076
1965,POM,RC,de,7547.87,5854.48,9500.82
1965,POM,RC,ru,0.130392,0.454599,0.398143
1965,POM,RC,lt,901.93,3112.64,1584.46
1965,POM,RC,csb,143463,45379.4,147516
1965,POM,RC,cs,59.7598,197.678,165.643
1965,POM,RC,rom,362.603,690.281,729.523
1965,POM,RC,wym,1.69944,5.29269,6.08778
1965,POM,RC,oth,974.409,1187.87,1640.87
1965,POM,GC,pl,674.069,2556.6,3230.66
1965,POM,GC,uk,2582.9,9148.42,7701.09
1965,POM,GC,rue,159.545,557.518,488.452
1965,POM,OR,pl,2817.34,10895.2,13712.6
1965,POM,OR,uk,3243.2,11191.4,8787.76
1965,POM,OR,be,2157.18,7094.82,6167.32
1965,POM,OR,pls,1299.13,4090.54,3557.46
1965,POM,OR,ru,471.622,1583.68,1356.92
1965,POM,OR,lt,0.620975,2.22242,0.793655
1965,POM,OR,rue,6.35343,21.5959,18.553
1965,POM,OR,cs,31.7106,106.649,84.393
1965,POM,JW,pl,4098.49,17250.1,21348.6
1965,POM,JW,yi,2864.39,9302.16,9884.97
1965,POM,JW,de,20.1366,95.1577,76.2706
1965,POM,JW,ru,0.810861,2.95276,2.61278
1965,POM,JW,lt,10.177,37.3396,13.5265
1965,POM,JH,pl,31.0738,158.451,189.525
1965,POM,JH,yi,2551.84,9121.57,6849.8
1965,POM,PR,pl,14582.7,14589.8,29172.5
1965,POM,PR,de,53025.3,39311.5,60201.4
1965,POM,PR,lt,10.4568,37.9748,13.7705
1965,POM,PR,cs,8.24732,28.7655,23.6172
1965,POM,PR,lv,11.8236,42.5021,16.3927
1965,POM,OT,pl,342.127,1256.55,1598.68
1965,POM,OT,lt,0.40489,1.46859,0.486176
1965,POM,OT,kdr,1.58788,5.56474,5.50657
1965,POM,OT,oth,49.9115,225.328,156.861
1965,SLA,RC,pl,816515,800804,1.61732e+06
1965,SLA,RC,uk,1.41077,5.01601,3.97946
1965,SLA,RC,be,279.845,860.409,834.467
1965,SLA,RC,pls,83.4983,265.713,246.983
1965,SLA,RC,de,31041,24208.4,41052.8
1965,SLA,RC,ru,0.177435,0.602041,0.532875
1965,SLA,RC,lt,1185.9,4081.21,2079.4
1965,SLA,RC,csb,771.907,2495.95,2632.24
1965,SLA,RC,cs,96.861,315.785,266.525
1965,SLA,RC,rom,599.449,1152.79,1228.33
1965,SLA,RC,wym,4.82349,14.4007,16.848
1965,SLA,RC,oth,718.176,1067.6,1372.19
1965,SLA,GC,pl,1611.47,6040.58,7652.05
1965,SLA,GC,uk,6309.14,21800.7,18722.2
1965,SLA,GC,rue,426.51,1449.53,1293.01
1965,SLA,OR,pl,3990.5,15506.4,19496.9
1965,SLA,OR,uk,5547.31,19114.5,15256.3
1965,SLA,OR,be,2919.04,9544.34,8429.68
1965,SLA,OR,pls,1838.26,5772.34,5065.04
1965,SLA,OR,ru,630.417,2113.76,1842.96
1965,SLA,OR,lt,0.812521,2.85494,1.03919
1965,SLA,OR,rue,14.2448,48.1699,42.0743
1965,SLA,OR,cs,50.3044,168.191,135.69
1965,SLA,JW,pl,8217,38568.4,46785.4
1965,SLA,JW,yi,4888.18,15270.2,16474.2
1965,SLA,JW,de,21.8244,121.692,96.9816
1965,SLA,JW,ru,1.16996,4.10915,3.67976
1965,SLA,JW,lt,13.8598,49.2924,18.1408
1965,SLA,JH,pl,51.6807,262.069,313.749
1965,SLA,JH,yi,4278.6,14932.9,11495.4
1965,SLA,PR,pl,38135,25728,63863
1965,SLA,PR,de,13289.9,17512.7,20819.4
1965,SLA,PR,lt,13.5304,47.7304,17.5731
1965,SLA,PR,cs,13.7026,46.0305,38.2093
1965,SLA,PR,lv,15.8507,55.3005,21.4647
1965,SLA,OT,pl,4503.33,4127.39,8630.71
1965,SLA,OT,lt,0.542105,1.90768,0.653176
1965,SLA,OT,kdr,2.39755,7.99891,8.12471
1965,SLA,OT,oth,544.411,712.149,869.99
1965,KRA,RC,pl,1.40679e+06,910309,2.3171e+06
1965,KRA,RC,uk,0.930605,3.38247,2.67356
1965,KRA,RC,be,194.915,614.789,590.47
1965,KRA,RC,pls,60.5092,197.829,181.715
1965,KRA,RC,de,3044.53,2425.68,3859.79
1965,KRA,RC,ru,0.123196,0.431381,0.376828
1965,KRA,RC,lt,826.092,2881.44,1457.19
1965,KRA,RC,csb,452.193,1498.21,1557.75
1965,KRA,RC,cs,71.5069,238.586,199.321
1965,KRA,RC,rom,4260.06,2335.79,4519.12
1965,KRA,RC,wym,510.779,151.414,571.634
1965,KRA,RC,oth,1207.7,1064.24,1681.29
1965,KRA,GC,pl,21146.6,13819.1,34965.6
1965,KRA,GC,uk,4645.88,16450.8,13908
1965,KRA,GC,rue,54117.7,13479.1,42282
1965,KRA,OR,pl,2995.51,11557.3,14552.8
1965,KRA,OR,uk,3963.72,13681.1,10773.1
1965,KRA,OR,be,2121.65,7002.22,6084.28
1965,KRA,OR,pls,1384.71,4387.75,3810.52
1965,KRA,OR,ru,459.829,1549.02,1328.16
1965,KRA,OR,lt,0.57372,2.05444,0.735688
1965,KRA,OR,rue,15.3273,51.7413,44.1766
1965,KRA,OR,cs,38.352,129.143,102.525
1965,KRA,JW,pl,10899.7,65408.2,76307.8
1965,KRA,JW,yi,9870.21,34984.5,37012
1965,KRA,JW,de,5.32321,25.8961,20.7079
1965,KRA,JW,ru,0.792087,3.20228,2.77701
1965,KRA,JW,lt,9.39074,35.7738,13.2046
1965,KRA,JH,pl,165.149,629.256,794.404
1965,KRA,JH,yi,15030.3,50969,39842.3
1965,KRA,PR,pl,1201.93,4026.81,5228.75
1965,KRA,PR,de,3661.98,4874.95,5577.35
1965,KRA,PR,lt,9.28458,34.224,12.4609
1965,KRA,PR,cs,9.92253,35.2043,28.733
1965,KRA,PR,lv,10.9806,40.2213,15.3864
1965,KRA,OT,pl,392.009,1432.97,1824.98
1965,KRA,OT,lt,0.371639,1.35047,0.450361
1965,KRA,OT,kdr,1.70024,5.9554,5.94432
1965,KRA,OT,oth,57.6816,232.136,179.485
1965,LWO,RC,pl,974468,779985,1.75445e+06
1965,LWO,RC,uk,7.15548,24.113,18.8029
1965,LWO,RC,be,230.331,751.179,711.58
1965,LWO,RC,pls,83.4565,283.717,256.086
1965,LWO,RC,de,2511.44,2088.84,3204.44
1965,LWO,RC,ru,0.144337,0.51773,0.446449
1965,LWO,RC,lt,887.896,3199.47,1544.71
1965,LWO,RC,csb,389.998,1350.22,1377.94
1965,LWO,RC,cs,160.43,553,456.612
1965,LWO,RC,rom,3613.9,2183.43,3930.31
1965,LWO,RC,wym,2.55524,8.2083,9.3323
1965,LWO,RC,oth,3226.28,2122.32,3840.39
1965,LWO,GC,pl,126894,66661.6,193555
1965,LWO,GC,uk,870539,335212,743315
1965,LWO,GC,rue,46894.6,13354.6,37452.1
1965,LWO,OR,pl,9653.02,18064.8,27717.8
1965,LWO,OR,uk,27434.9,82531.6,66516.1
1965,LWO,OR,be,2626.33,9045.88,7740.93
1965,LWO,OR,pls,1922.32,6367.6,5431.41
1965,LWO,OR,ru,604.643,2123.67,1803.11
1965,LWO,OR,lt,0.637384,2.32495,0.799064
1965,LWO,OR,rue,3674.71,988.276,2814.25
1965,LWO,OR,cs,86.6971,303.497,238.902
1965,LWO,JW,pl,28843.4,149608,178452
1965,LWO,JW,yi,18745.4,60657,64400.1
1965,LWO,JW,de,7.29586,30.4326,24.4754
1965,LWO,JW,ru,1.07513,4.60635,3.9302
1965,LWO,JW,lt,10.5593,41.1582,14.5534
1965,LWO,JH,pl,282.765,724.541,1007.31
1965,LWO,JH,yi,29332.6,82758,66388.1
1965,LWO,PR,pl,7450.95,7375.15,14826.1
1965,LWO,PR,de,6087.68,6081.09,7720.43
1965,LWO,PR,lt,10.0397,37.7826,12.809
1965,LWO,PR,cs,22.6229,82.6565,66.7354
1965,LWO,PR,lv,11.8389,44.3916,15.8024
1965,LWO,OT,pl,2763.46,3614.18,6377.64
1965,LWO,OT,lt,0.417012,1.55524,0.496168
1965,LWO,OT,kdr,2.53094,9.20225,9.12645
1965,LWO,OT,oth,1499.94,1084.74,1810.09
1965,STA,RC,pl,154833,162078,316911
1965,STA,RC,uk,3.49095,10.8185,8.34325
1965,STA,RC,be,71.9933,222.786,210.828
1965,STA,RC,pls,26.0012,84.6391,75.6893
1965,STA,RC,de,3141.99,1460.33,3054.43
1965,STA,RC,lt,276.79,951.477,443.972
1965,STA,RC,csb,122.355,405.367,412.057
1965,STA,RC,cs,50.1006,164.422,134.193
1965,STA,RC,rom,1357.06,729.168,1368.13
1965,STA,RC,wym,0.815376,2.46433,2.81777
1965,STA,RC,oth,1854.18,1041.1,2000.55
1965,STA,GC,pl,60402.3,29093.5,89495.8
1965,STA,GC,uk,881489,265903,671963
1965,STA,GC,rue,136.489,472.271,403.39
1965,STA,OR,pl,1109.62,4399.04,5508.65
1965,STA,OR,uk,11314.9,32398.1,25631.1
1965,STA,OR,be,831.409,2728.75,2304.97
1965,STA,OR,pls,618.437,1969.67,1654.76
1965,STA,OR,ru,192.455,641.405,537.431
1965,STA,OR,lt,0.202595,0.71987,0.235177
1965,STA,OR,rue,8.80461,29.2318,24.4964
1965,STA,OR,cs,27.5892,91.5209,70.8326
1965,STA,JW,pl,7328.73,36470.5,43799.3
1965,STA,JW,yi,7633.09,24394.8,25424.9
1965,STA,JW,de,6.93896,24.1713,20.1058
1965,STA,JW,ru,0.330088,1.39064,1.17578
1965,STA,JW,lt,3.26138,12.4222,4.21061
1965,STA,JH,pl,106.915,218.659,325.574
1965,STA,JH,yi,12261.2,33383,26106.6
1965,STA,PR,pl,683.757,1347.66,2031.42
1965,STA,PR,de,7442.14,3978.47,6916.46
1965,STA,PR,lt,3.1231,11.3277,3.62647
1965,STA,PR,cs,7.0167,24.551,19.6597
1965,STA,PR,lv,3.68921,13.2979,4.47572
1965,STA,OT,pl,1540.66,1538.88,3079.55
1965,STA,OT,lt,0.130481,0.478176,0.146003
1965,STA,OT,kdr,36.5222,35.4542,57.0515
1965,STA,OT,oth,969.578,570.554,1061.82
1965,TAR,RC,pl,391526,243764,635290
1965,TAR,RC,uk,2.58062,8.70152,6.64618
1965,TAR,RC,be,68.0332,214.72,203.842
1965,TAR,RC,pls,24.4917,81.6971,73.188
1965,TAR,RC,de,628.373,539.074,803.679
1965,TAR,RC,lt,259.721,915.318,434.173
1965,TAR,RC,csb,115.107,390.905,397.104
1965,TAR,RC,cs,49.2428,166.287,135.623
1965,TAR,RC,rom,683.173,473.706,775.278
1965,TAR,RC,wym,0.778533,2.38786,2.73345
1965,TAR,RC,oth,442.428,353.898,566.741
1965,TAR,GC,pl,97904.6,40751.5,138656
1965,TAR,GC,uk,593012,183408,467682
1965,TAR,GC,rue,128.891,456.926,392.042
1965,TAR,OR,pl,1119.11,4412.1,5531.22
1965,TAR,OR,uk,10981,28410.8,23389.6
1965,TAR,OR,be,775.616,2628.09,2230.67
1965,TAR,OR,pls,579.933,1905.61,1608.29
1965,TAR,OR,ru,181.53,626.009,527.06
1965,TAR,OR,lt,0.190488,0.686653,0.230339
1965,TAR,OR,rue,8.18013,28.2332,23.7816
1965,TAR,OR,cs,26.8983,92.4461,71.7951
1965,TAR,JW,pl,9948.35,40791.5,50739.9
1965,TAR,JW,yi,6519.94,17653.8,19256.2
1965,TAR,JW,de,1.66481,6.97444,5.56722
1965,TAR,JW,ru,0.320639,1.27893,1.09905
1965,TAR,JW,lt,3.11417,11.6905,4.02159
1965,TAR,JH,pl,89.1964,225.999,315.196
1965,TAR,JH,yi,10163.3,23854.6,19697.7
1965,TAR,PR,pl,1920.42,1824.44,3744.86
1965,TAR,PR,de,1561.03,1602.72,1976.02
1965,TAR,PR,lt,2.97035,10.9639,3.61201
1965,TAR,PR,cs,6.98636,24.956,19.9204
1965,TAR,PR,lv,3.51214,12.906,4.4688
1965,TAR,OT,pl,3480.56,2094.26,5574.82
1965,TAR,OT,lt,0.123582,0.449244,0.139958
1965,TAR,OT,kdr,0.781602,2.74831,2.73976
1965,TAR,OT,oth,386.944,260.404,447.496
1965,LT_KAU,RC,pl,9899.94,11077.1,13587.8
1965,LT_KAU,RC,be,49.8716,156.641,136.364
1965,LT_KAU,RC,pls,1.49835,5.21542,2.32019
1965,LT_KAU,RC,de,14.8307,51.6552,35.089
1965,LT_KAU,RC,ru,0.0841902,0.422981,0.31716
1965,LT_KAU,RC,lt,128925,143085,272010
1965,LT_KAU,RC,csb,7.32544,25.7799,10.2785
1965,LT_KAU,RC,cs,1.36825,4.80707,1.84598
1965,LT_KAU,RC,rom,489.897,497.45,691.839
1965,LT_KAU,RC,oth,2.76527,9.57554,4.07995
1965,LT_KAU,GC,pl,4.02903,14.6767,5.61268
1965,LT_KAU,GC,uk,39.7025,143.928,56.0049
1965,LT_KAU,GC,lt,0.261292,1.80998,2.07128
1965,LT_KAU,GC,rue,2.48808,8.98703,3.55738
1965,LT_KAU,OR,pl,39.1936,132.155,63.8904
1965,LT_KAU,OR,uk,60.1274,218.802,91.2836
1965,LT_KAU,OR,be,107.585,374.637,178.242
1965,LT_KAU,OR,pls,33.4864,115.874,51.0231
1965,LT_KAU,OR,ru,6183.25,8402.16,9985.08
1965,LT_KAU,OR,lt,368.725,924.554,1293.28
1965,LT_KAU,OR,rue,0.11103,0.394093,0.159032
1965,LT_KAU,OR,cs,0.689841,2.44003,0.944
1965,LT_KAU,JW,pl,32.8351,237.201,145.171
1965,LT_KAU,JW,yi,2212.69,19756,15912.3
1965,LT_KAU,JW,de,3.43256,33.9264,25.2916
1965,LT_KAU,JW,ru,2.03589,42.1939,32.6976
1965,LT_KAU,JW,lt,670.911,9083.61,9754.52
1965,LT_KAU,JH,pl,0.397511,1.00498,0.475632
1965,LT_KAU,JH,yi,98.341,423.129,172.143
1965,LT_KAU,PR,pl,8.23837,25.1546,13.3958
1965,LT_KAU,PR,de,3972.67,4794.64,5776.95
1965,LT_KAU,PR,lt,1329.93,2265.68,3595.61
1965,LT_KAU,PR,cs,0.186881,0.678196,0.260265
1965,LT_KAU,PR,lv,95.8375,342.248,301.623
1965,LT_KAU,OT,pl,582.609,517.485,755.55
1965,LT_KAU,OT,lt,223.253,632.199,855.452
1965,LT_KAU,OT,kdr,0.77574,2.7508,2.58815
1965,LT_KAU,OT,oth,1012.03,1574.21,1907.19
1965,LT_LAU,RC,pl,19297.8,5792.28,16115
1965,LT_LAU,RC,be,50.5011,150.06,138.774
1965,LT_LAU,RC,pls,1.00324,3.3206,1.50786
1965,LT_LAU,RC,de,11.4135,37.5327,27.9104
1965,LT_LAU,RC,lt,390538,129755,520293
1965,LT_LAU,RC,csb,4.90686,16.444,6.70736
1965,LT_LAU,RC,cs,0.917089,3.06524,1.20037
1965,LT_LAU,RC,rom,29.8673,95.6243,85.4449
1965,LT_LAU,RC,oth,1.68303,5.54561,2.39873
1965,LT_LAU,GC,pl,2.29639,7.98357,3.07337
1965,LT_LAU,GC,uk,26.2648,90.8648,35.8222
1965,LT_LAU,GC,lt,0.166733,1.04878,1.21551
1965,LT_LAU,GC,rue,1.65666,5.71889,2.29545
1965,LT_LAU,OR,pl,24.3611,66.8766,31.9355
1965,LT_LAU,OR,uk,40.1528,138.39,58.3347
1965,LT_LAU,OR,be,73.149,242.354,115.489
1965,LT_LAU,OR,pls,22.5781,74.8869,33.3637
1965,LT_LAU,OR,ru,9455.59,3573.53,8450.52
1965,LT_LAU,OR,lt,547.992,370.511,918.503
1965,LT_LAU,OR,cs,0.464263,1.56926,0.611657
1965,LT_LAU,JW,pl,30.5738,90.5545,58.3761
1965,LT_LAU,JW,yi,7363.94,13773.2,14795.3
1965,LT_LAU,JW,de,2.20494,10.0278,8.0602
1965,LT_LAU,JW,ru,2.87899,10.3378,9.35986
1965,LT_LAU,JW,lt,1765.7,5869.33,7635.02
1965,LT_LAU,JH,pl,0.601752,0.533789,0.404262
1965,LT_LAU,JH,yi,109.253,290.225,136.698
1965,LT_LAU,PR,pl,4.11033,11.4597,5.38217
1965,LT_LAU,PR,de,2209.7,1812.89,2591.65
1965,LT_LAU,PR,lt,631.098,1784.9,2416
1965,LT_LAU,PR,cs,0.124603,0.437705,0.169041
1965,LT_LAU,PR,lv,950.642,563.917,1010.02
1965,LT_LAU,OT,pl,7.39276,20.2165,16.6067
1965,LT_LAU,OT,lt,159.207,142.319,301.526
1965,LT_LAU,OT,kdr,52.3711,23.0536,58.5655
1965,LT_LAU,OT,oth,956.058,431.115,980.414
1965,LT_ZEM,RC,pl,5303,3062.39,5125.77
1965,LT_ZEM,RC,be,51.1942,153.383,138.288
1965,LT_ZEM,RC,pls,1.22537,4.06845,1.84795
1965,LT_ZEM,RC,de,15.9222,52.4321,39.3554
1965,LT_ZEM,RC,lt,452987,148631,601618
1965,LT_ZEM,RC,csb,5.98722,20.1211,8.21479
1965,LT_ZEM,RC,cs,1.11862,3.7509,1.46869
1965,LT_ZEM,RC,rom,276.449,153.777,288.895
1965,LT_ZEM,RC,oth,2.06452,6.81782,2.95512
1965,LT_ZEM,GC,pl,2.21022,7.69631,2.96791
1965,LT_ZEM,GC,uk,32.2448,111.676,44.2061
1965,LT_ZEM,GC,lt,0.203054,1.27979,1.48285
1965,LT_ZEM,GC,rue,2.0291,7.01196,2.82557
1965,LT_ZEM,OR,pl,18.5057,61.9175,26.7862
1965,LT_ZEM,OR,uk,49.3427,168.403,71.7636
1965,LT_ZEM,OR,be,89.9372,295.49,142.242
1965,LT_ZEM,OR,pls,27.8314,91.6426,41.2936
1965,LT_ZEM,OR,ru,5518.3,2683.67,5334.29
1965,LT_ZEM,OR,lt,332.506,296.527,629.033
1965,LT_ZEM,OR,cs,0.569176,1.90762,0.751092
1965,LT_ZEM,JW,pl,16.0764,62.5076,30.2227
1965,LT_ZEM,JW,yi,7386.88,14980.7,15647.3
1965,LT_ZEM,JW,de,3.51633,15.7241,12.52
1965,LT_ZEM,JW,ru,1.56068,7.11139,6.07524
1965,LT_ZEM,JW,lt,1771.91,6436.56,8208.47
1965,LT_ZEM,JH,pl,0.383983,0.38995,0.260439
1965,LT_ZEM,JH,yi,121.153,339.825,155.611
1965,LT_ZEM,PR,pl,3.1624,10.5335,4.43245
1965,LT_ZEM,PR,de,4575.47,2811.4,4731.48
1965,LT_ZEM,PR,lt,5941.19,2994.33,8935.52
1965,LT_ZEM,PR,cs,0.151378,0.532517,0.206822
1965,LT_ZEM,PR,lv,5680.67,1281.07,4581.2
1965,LT_ZEM,OT,pl,5.82465,18.8634,14.8116
1965,LT_ZEM,OT,lt,183.48,167.414,350.893
1965,LT_ZEM,OT,kdr,1.00145,3.39104,3.29906
1965,LT_ZEM,OT,oth,1142.74,522.641,1175.38
1965,LT_SUV,RC,pl,8374.64,3504.17,7353.75
1965,LT_SUV,RC,be,1588.56,285.762,1346.98
1965,LT_SUV,RC,pls,1.44189,4.81153,2.14671
1965,LT_SUV,RC,de,13.0363,43.542,28.376
1965,LT_SUV,RC,ru,0.385524,0.220499,0.378692
1965,LT_SUV,RC,lt,363008,107629,470637
1965,LT_SUV,RC,csb,7.09785,23.9868,9.60955
1965,LT_SUV,RC,cs,1.29847,4.3791,1.67165
1965,LT_SUV,RC,rom,1283.2,302.432,1070.43
1965,LT_SUV,RC,oth,2.35099,7.81369,3.30127
1965,LT_SUV,GC,pl,2.97285,10.5202,3.97467
1965,LT_SUV,GC,uk,39.1421,137.782,53.3365
1965,LT_SUV,GC,lt,0.250407,1.68989,1.94029
1965,LT_SUV,GC,rue,2.44141,8.56817,3.3789
1965,LT_SUV,OR,pl,21.9074,73.1091,31.0785
1965,LT_SUV,OR,uk,58.3864,202.114,83.8262
1965,LT_SUV,OR,be,91.5804,305.874,144.228
1965,LT_SUV,OR,pls,33.2699,111.041,49.0135
1965,LT_SUV,OR,ru,4516.21,1905.46,4192.99
1965,LT_SUV,OR,lt,291.695,236.293,527.987
1965,LT_SUV,OR,cs,0.664938,2.26739,0.866342
1965,LT_SUV,JW,pl,23.2561,81.9332,41.1103
1965,LT_SUV,JW,yi,6658.71,10720.6,12072.6
1965,LT_SUV,JW,de,9.25198,22.0111,20.1933
1965,LT_SUV,JW,ru,1.45073,5.39476,4.83844
1965,LT_SUV,JW,lt,1689.77,4949.66,6639.43
1965,LT_SUV,JH,pl,0.524338,0.538131,0.36441
1965,LT_SUV,JH,yi,124.569,343.044,152.259
1965,LT_SUV,PR,pl,5.50108,14.3604,6.84686
1965,LT_SUV,PR,de,13979.1,3886.38,11296
1965,LT_SUV,PR,lt,815.765,1308.78,2124.54
1965,LT_SUV,PR,cs,0.178118,0.626502,0.237615
1965,LT_SUV,PR,lv,72.3451,249.36,219.94
1965,LT_SUV,OT,pl,7.2673,22.7856,17.9154
1965,LT_SUV,OT,lt,166.27,132.985,299.255
1965,LT_SUV,OT,kdr,0.584018,1.98827,1.87443
1965,LT_SUV,OT,oth,960.416,384.464,952.247
1965,LT_NEA,RC,pl,16893,4328.5,13448
1965,LT_NEA,RC,be,2995.8,410.413,2414.43
1965,LT_NEA,RC,pls,0.807035,2.65065,1.17982
1965,LT_NEA,RC,de,7.33432,23.977,16.985
1965,LT_NEA,RC,ru,6.45336,1.17752,4.71586
1965,LT_NEA,RC,lt,308588,89406.5,397994
1965,LT_NEA,RC,csb,3.95216,13.1411,5.24907
1965,LT_NEA,RC,cs,0.737399,2.4463,0.936547
1965,LT_NEA,RC,rom,19.4842,61.9258,54.3361
1965,LT_NEA,RC,oth,1.35402,4.42162,1.87375
1965,LT_NEA,GC,pl,1.86862,6.40239,2.43205
1965,LT_NEA,GC,uk,21.283,72.5365,28.2393
1965,LT_NEA,GC,lt,0.126703,0.768339,0.895042
1965,LT_NEA,GC,rue,1.33996,4.55861,1.80715
1965,LT_NEA,OR,pl,27.9002,55.2821,30.7606
1965,LT_NEA,OR,uk,32.5582,109.834,45.9095
1965,LT_NEA,OR,be,65.3035,212.339,100.25
1965,LT_NEA,OR,pls,18.4249,60.1799,26.6012
1965,LT_NEA,OR,ru,24729.7,5538.17,19195.1
1965,LT_NEA,OR,lt,1210.57,467.144,1677.71
1965,LT_NEA,OR,cs,0.375608,1.24687,0.48061
1965,LT_NEA,JW,pl,26.3915,65.7482,42.442
1965,LT_NEA,JW,yi,6791.89,8879.38,10746.4
1965,LT_NEA,JW,de,1.18423,5.34841,4.2617
1965,LT_NEA,JW,ru,9.19821,17.1379,18.208
1965,LT_NEA,JW,lt,1516.61,3645.44,5162.05
1965,LT_NEA,JH,pl,0.508535,0.426766,0.331674
1965,LT_NEA,JH,yi,93.294,214.23,102.854
1965,LT_NEA,PR,pl,2.83947,8.88171,3.80259
1965,LT_NEA,PR,de,880.503,984.735,1200.48
1965,LT_NEA,PR,lt,8202.8,2186.85,10389.6
1965,LT_NEA,PR,lv,7219.83,1228.84,5498.96
1965,LT_NEA,OT,pl,5.44765,13.7606,11.0958
1965,LT_NEA,OT,lt,139.466,93.4041,232.87
1965,LT_NEA,OT,kdr,0.687509,2.29415,2.23628
1965,LT_NEA,OT,oth,908.583,307.06,846.4
1965,LT_KLA,RC,pl,223.745,803.168,535.303
1965,LT_KLA,RC,be,20.5943,65.645,58.2748
1965,LT_KLA,RC,pls,0.500317,1.76172,0.770495
1965,LT_KLA,RC,de,733.874,517.824,807.491
1965,LT_KLA,RC,lt,38615.9,49450.5,88066.4
1965,LT_KLA,RC,csb,2.59578,9.23446,3.53222
1965,LT_KLA,RC,cs,0.458436,1.62707,0.613893
1965,LT_KLA,RC,rom,15.1617,52.8102,46.2718
1965,LT_KLA,RC,oth,0.914178,3.21262,1.33354
1965,LT_KLA,GC,pl,0.778457,2.83783,1.04133
1965,LT_KLA,GC,uk,12.9613,47.1121,17.8657
1965,LT_KLA,GC,lt,0.0752639,0.530879,0.606142
1965,LT_KLA,GC,rue,0.820394,2.97166,1.14736
1965,LT_KLA,OR,pl,6.23184,22.5277,9.26352
1965,LT_KLA,OR,uk,19.4762,72.1573,29.3636
1965,LT_KLA,OR,be,35.0895,123.417,57.0601
1965,LT_KLA,OR,pls,10.8067,37.774,16.2509
1965,LT_KLA,OR,ru,1024.09,1238.99,1544.04
1965,LT_KLA,OR,lt,63.2153,142.815,206.031
1965,LT_KLA,OR,cs,0.225888,0.803689,0.305358
1965,LT_KLA,JW,pl,5.16165,19.2314,7.81232
1965,LT_KLA,JW,yi,565.51,2507.96,2195.76
1965,LT_KLA,JW,de,19.1713,217.979,158.458
1965,LT_KLA,JW,ru,0.352234,1.79973,1.5416
1965,LT_KLA,JW,lt,214.355,1269.85,1484.21
1965,LT_KLA,JH,yi,22.5845,84.3855,32.854
1965,LT_KLA,PR,pl,1.02636,3.8174,1.4336
1965,LT_KLA,PR,de,31622,23551.9,35335.1
1965,LT_KLA,PR,lt,26515.5,11593.7,38109.2
1965,LT_KLA,PR,lv,55.8332,201.091,175.419
1965,LT_KLA,OT,pl,1.97805,7.06143,5.40005
1965,LT_KLA,OT,lt,97.6147,202.552,300.167
1965,LT_KLA,OT,kdr,0.413725,1.47358,1.42011
1965,LT_KLA,OT,oth,620.888,618.133,899.246
1970,WAW,RC,pl,59828.3,1.31048e+06,1.37031e+06
1970,WAW,RC,uk,2.08813,18.0855,13.1735
1970,WAW,RC,be,251.031,2700.21,2244.79
1970,WAW,RC,pls,67.3016,756.705,614.35
1970,WAW,RC,de,265.329,3293.53,2692.22
1970,WAW,RC,ru,0.219315,2.15772,1.71169
1970,WAW,RC,lt,1136.08,12714.2,5938.03
1970,WAW,RC,csb,438.545,5062.58,4569.86
1970,WAW,RC,cs,64.8306,722.131,533.485
1970,WAW,RC,rom,151.641,2082.23,1633.79
1970,WAW,RC,wym,1.3379,13.874,13.4465
1970,WAW,RC,oth,104.952,1437.12,1255.55
1970,WAW,GC,pl,696.189,11853.5,12549.7
1970,WAW,GC,uk,4217.67,51804.1,39103.9
1970,WAW,GC,rue,155.843,1927.25,1508.03
1970,WAW,OR,pl,3154.93,52486.7,55641.6
1970,WAW,OR,uk,5305.85,64247.6,45889
1970,WAW,OR,be,2755.97,32467.4,25228
1970,WAW,OR,pls,1560.52,17284.4,13337.9
1970,WAW,OR,ru,473.771,9823.05,7652.08
1970,WAW,OR,lt,1.34502,11.2403,3.97324
1970,WAW,OR,rue,6.73012,82.1573,63.3279
1970,WAW,OR,cs,34.3666,406.65,287.771
1970,WAW,JW,pl,3855.94,151207,155063
1970,WAW,JW,yi,3677.74,108246,96962.2
1970,WAW,JW,de,6.21813,97.576,72.926
1970,WAW,JW,ru,1.17201,29.3391,23.503
1970,WAW,JW,lt,21.1326,186.87,69.8578
1970,WAW,JH,pl,28.3716,1006.69,1035.06
1970,WAW,JH,yi,3573.4,118325,79745.3
1970,WAW,PR,pl,710.173,31098.6,31808.7
1970,WAW,PR,de,975.509,13985.1,10438.9
1970,WAW,PR,lt,14.7946,159.089,55.8534
1970,WAW,PR,cs,8.84114,108.181,78.368
1970,WAW,PR,lv,13.4438,161.582,60.4125
1970,WAW,OT,pl,289.904,9556.97,9846.88
1970,WAW,OT,lt,0.839093,7.10063,2.27433
1970,WAW,OT,kdr,1.49837,19.4088,16.5794
1970,WAW,OT,oth,43.2377,1160.15,667.007
1970,WAR,RC,pl,1.678e+06,1.01766e+06,2.69566e+06
1970,WAR,RC,uk,1.14505,4.15021,3.38438
1970,WAR,RC,be,241.441,749.06,742.674
1970,WAR,RC,pls,71.4724,231.636,220.762
1970,WAR,RC,de,3329.81,2696.01,4250.09
1970,WAR,RC,ru,0.203637,0.715994,0.64154
1970,WAR,RC,lt,1167.27,4071.44,2212.19
1970,WAR,RC,csb,996.573,3244.07,3437.53
1970,WAR,RC,cs,76.3884,254.312,217.642
1970,WAR,RC,rom,2365.08,1533.29,2702.14
1970,WAR,RC,wym,1.7344,5.39888,6.25719
1970,WAR,RC,oth,4520.32,2553.64,5255.77
1970,WAR,GC,pl,969.924,3544.05,4513.98
1970,WAR,GC,uk,4429.1,12145.7,11269.8
1970,WAR,GC,rue,199.062,699.539,637.864
1970,WAR,OR,pl,6040.92,17075.4,23116.3
1970,WAR,OR,uk,5597.29,15211,13310.4
1970,WAR,OR,be,2800.62,9082.01,8287.41
1970,WAR,OR,pls,1691.87,5250.96,4821.1
1970,WAR,OR,ru,6362.44,4768.12,7639.81
1970,WAR,OR,lt,1.01428,3.63656,1.41365
1970,WAR,OR,rue,8.51565,28.6324,25.7434
1970,WAR,OR,cs,42.7753,142.491,116.826
1970,WAR,JW,pl,13512.3,71148.8,84661.1
1970,WAR,JW,yi,16130.1,46337.3,51417.4
1970,WAR,JW,de,23.7898,94.9943,80.7408
1970,WAR,JW,ru,1.9509,9.10919,8.07926
1970,WAR,JW,lt,14.8914,58.7992,23.2707
1970,WAR,JH,pl,336.531,766.093,1102.62
1970,WAR,JH,yi,26481.8,72486.5,59910.3
1970,WAR,PR,pl,15384.5,12227.2,27611.7
1970,WAR,PR,de,26868.9,16925,28859.3
1970,WAR,PR,lt,13.5182,50.6813,20.4933
1970,WAR,PR,cs,10.3251,37.0849,31.2799
1970,WAR,PR,lv,15.0872,56.0438,24.306
1970,WAR,OT,pl,1437.57,2123.97,3561.54
1970,WAR,OT,lt,0.618396,2.28853,0.821036
1970,WAR,OT,kdr,1.88103,6.68199,6.68262
1970,WAR,OT,oth,617.492,525.357,805.376
1970,LOD,RC,pl,1.25962e+06,1.41065e+06,2.67027e+06
1970,LOD,RC,uk,2.04476,7.56332,6.16433
1970,LOD,RC,be,430.212,1370.65,1353.36
1970,LOD,RC,pls,126.736,420.84,400.53
1970,LOD,RC,de,5892.38,8867.87,10912
1970,LOD,RC,ru,0.335147,1.19822,1.07684
1970,LOD,RC,lt,2060.4,7401.28,4028.55
1970,LOD,RC,csb,1276.96,4302.23,4540.4
1970,LOD,RC,cs,134.273,458.505,392.719
1970,LOD,RC,rom,1446.96,2011.49,2456.57
1970,LOD,RC,wym,3.413,10.8395,12.5425
1970,LOD,RC,oth,4771.15,5038.27,7616.96
1970,LOD,GC,pl,1644.58,6396.34,8040.92
1970,LOD,GC,uk,6012.73,21691,19092.6
1970,LOD,GC,rue,377.969,1342.41,1231.47
1970,LOD,OR,pl,10775.8,30945.9,41721.7
1970,LOD,OR,uk,7605.61,26696.7,22298.9
1970,LOD,OR,be,4912.34,16321.1,14973.9
1970,LOD,OR,pls,2941.08,9370.36,8594.94
1970,LOD,OR,ru,2387.83,4791.62,5053.36
1970,LOD,OR,lt,1.74357,6.31641,2.49259
1970,LOD,OR,rue,15.0106,51.8101,46.8877
1970,LOD,OR,cs,74.0185,252.473,209.256
1970,LOD,JW,pl,15004.8,129437,144442
1970,LOD,JW,yi,16336.1,87199,87569.5
1970,LOD,JW,de,55.4127,820.749,617.881
1970,LOD,JW,ru,2.11211,10.7332,9.3123
1970,LOD,JW,lt,26.5598,106.149,42.885
1970,LOD,JH,pl,305.074,1174.97,1480.04
1970,LOD,JH,yi,24274,132150,99259.6
1970,LOD,PR,pl,44477.2,46151.7,90628.9
1970,LOD,PR,de,47935.8,68467.5,81056.1
1970,LOD,PR,lt,24.0508,90.9431,37.2198
1970,LOD,PR,cs,18.5117,66.8728,56.5396
1970,LOD,PR,lv,26.9292,100.738,43.9786
1970,LOD,OT,pl,1534.49,3655.62,5190.11
1970,LOD,OT,lt,1.09032,4.09464,1.48415
1970,LOD,OT,kdr,3.39091,12.261,12.254
1970,LOD,OT,oth,483.37,900.559,935.896
1970,KIE,RC,pl,2.12247e+06,1.33729e+06,3.45977e+06
1970,KIE,RC,uk,1.5731,5.62249,4.59894
1970,KIE,RC,be,298.451,917.822,910.129
1970,KIE,RC,pls,89.3099,284.712,272.049
1970,KIE,RC,de,1377.46,2344.17,2668.66
1970,KIE,RC,ru,0.239944,0.827152,0.74499
1970,KIE,RC,lt,1464.56,4973.09,2710.61
1970,KIE,RC,csb,822.487,2643.15,2796.11
1970,KIE,RC,cs,103.779,338.65,290.312
1970,KIE,RC,rom,2700.8,1954.95,3191.8
1970,KIE,RC,wym,3.47731,10.7413,12.469
1970,KIE,RC,oth,4107.23,2559.73,4915.82
1970,KIE,GC,pl,1471.94,5610.84,7082.78
1970,KIE,GC,uk,5153.76,18236.3,15851.7
1970,KIE,GC,rue,369.423,1287.37,1167.92
1970,KIE,OR,pl,5799.61,20368,26167.6
1970,KIE,OR,uk,6040.6,19932.3,16450.7
1970,KIE,OR,be,3554.47,11150.5,10152.9
1970,KIE,OR,pls,2122.09,6407.77,5876.74
1970,KIE,OR,ru,3250.17,3726.9,4689.07
1970,KIE,OR,lt,1.28552,4.47408,1.71188
1970,KIE,OR,rue,13.8567,44.5483,39.9222
1970,KIE,OR,cs,59.4626,191.334,155.905
1970,KIE,JW,pl,17882.6,98588.8,116471
1970,KIE,JW,yi,23710.5,70748.4,77422.4
1970,KIE,JW,de,11.1322,54.4476,43.9807
1970,KIE,JW,ru,1.65936,7.74216,6.70061
1970,KIE,JW,lt,18.3674,74.2545,29.1241
1970,KIE,JH,pl,486.076,995.604,1481.68
1970,KIE,JH,yi,38929.7,109714,89209.8
1970,KIE,PR,pl,2212.96,6787.66,9000.62
1970,KIE,PR,de,8024.04,9029.83,11353.3
1970,KIE,PR,lt,16.3685,61.1967,24.5245
1970,KIE,PR,cs,13.6649,49.1508,41.3984
1970,KIE,PR,lv,18.3764,68.1478,29.2308
1970,KIE,OT,pl,1805.22,2810.39,4615.6
1970,KIE,OT,lt,0.763339,2.84042,1.01137
1970,KIE,OT,kdr,2.39069,8.56338,8.52626
1970,KIE,OT,oth,758.775,704.786,1019.93
1970,LUB,RC,pl,1.77828e+06,933687,2.71197e+06
1970,LUB,RC,uk,3.20516,10.8596,8.69248
1970,LUB,RC,be,1016.29,985.705,1436.42
1970,LUB,RC,pls,101.17,295.202,281.345
1970,LUB,RC,de,1652.75,1586.05,2156.75
1970,LUB,RC,ru,0.26203,0.731284,0.668949
1970,LUB,RC,lt,1252.73,3889.58,2079.31
1970,LUB,RC,csb,543.164,1604.42,1688.23
1970,LUB,RC,cs,142.2,422.108,361.101
1970,LUB,RC,rom,2069.72,1342.24,2205.43
1970,LUB,RC,wym,1.9867,5.80845,6.74038
1970,LUB,RC,oth,169.267,481.354,495.811
1970,LUB,GC,pl,2874.2,6496.31,9370.51
1970,LUB,GC,uk,36063.9,38251,47666.7
1970,LUB,GC,rue,296.886,953.389,870.352
1970,LUB,OR,pl,158992,74681,233673
1970,LUB,OR,uk,104403,64135.6,98945.9
1970,LUB,OR,be,4881.93,10963.7,10624.8
1970,LUB,OR,pls,2452.54,6959.19,6372.39
1970,LUB,OR,ru,5557.39,4158.61,6255.48
1970,LUB,OR,lt,1.08284,3.62103,1.33908
1970,LUB,OR,rue,16.3696,49.0509,43.9201
1970,LUB,OR,cs,81.7483,244.838,199.39
1970,LUB,JW,pl,19105.7,71394.5,90500.2
1970,LUB,JW,yi,24244.2,50294.5,59573.9
1970,LUB,JW,de,11.9268,39.6124,34.0305
1970,LUB,JW,ru,2.02243,7.70075,6.93107
1970,LUB,JW,lt,14.526,57.6082,21.8786
1970,LUB,JH,pl,459.105,715.563,1174.67
1970,LUB,JH,yi,39264.8,75479.3,66804.9
1970,LUB,PR,pl,18295.3,11588.7,29883.9
1970,LUB,PR,de,11120.7,7973.56,12229.9
1970,LUB,PR,lt,13.1355,48.1044,18.6381
1970,LUB,PR,cs,17.7766,62.2684,52.2006
1970,LUB,PR,lv,14.6714,53.1619,22.1393
1970,LUB,OT,pl,2390.91,2721.89,5112.8
1970,LUB,OT,lt,0.620287,2.25538,0.767102
1970,LUB,OT,kdr,2.13642,7.37565,7.34444
1970,LUB,OT,oth,67.0567,265.558,203.996
1970,BIA,RC,pl,830113,553080,1.38319e+06
1970,BIA,RC,uk,0.977033,3.51669,2.8462
1970,BIA,RC,be,12081.8,4603.44,11980.1
1970,BIA,RC,pls,71.6792,227.828,215.882
1970,BIA,RC,de,718.747,894.055,1122.45
1970,BIA,RC,ru,11.4602,5.38678,10.9873
1970,BIA,RC,lt,11470.5,9148.35,11136.8
1970,BIA,RC,csb,354.374,1149.76,1202.7
1970,BIA,RC,cs,64.4574,210.158,178.865
1970,BIA,RC,rom,891.473,765.532,1118.6
1970,BIA,RC,wym,1.07923,3.32184,3.83364
1970,BIA,RC,oth,535.597,504.613,769.009
1970,BIA,GC,pl,639.56,2426.83,3066.39
1970,BIA,GC,uk,2483.02,8778.58,7583.36
1970,BIA,GC,rue,132.305,461.833,416.335
1970,BIA,OR,pl,166966,86014.1,252980
1970,BIA,OR,uk,7404.09,13997.9,13312.4
1970,BIA,OR,be,182003,71054.9,161642
1970,BIA,OR,pls,1811.56,5438.09,4950.25
1970,BIA,OR,ru,29741.2,15466.4,29791.9
1970,BIA,OR,lt,3.93716,6.79256,4.14637
1970,BIA,OR,rue,6.36713,20.5622,18.3204
1970,BIA,OR,cs,37.5295,120.333,97.7648
1970,BIA,JW,pl,10305.1,50511.9,60817
1970,BIA,JW,yi,16127.9,42782.5,47203.6
1970,BIA,JW,de,6.50457,25.9039,21.078
1970,BIA,JW,ru,12.8432,42.6218,40.2591
1970,BIA,JW,lt,25.8614,96.6596,44.6481
1970,BIA,JH,pl,284.992,471.852,756.844
1970,BIA,JH,yi,25907.8,62551.3,52141.6
1970,BIA,PR,pl,3809.5,4332.95,8142.45
1970,BIA,PR,de,5073.56,4672.54,6273.07
1970,BIA,PR,lt,19.8006,73.5692,29.6491
1970,BIA,PR,cs,8.55885,30.9839,25.8161
1970,BIA,PR,lv,19.5163,72.8004,31.2254
1970,BIA,OT,pl,3123.68,2607.94,5731.63
1970,BIA,OT,lt,0.960941,3.31792,1.23907
1970,BIA,OT,kdr,2.20568,7.83549,7.77222
1970,BIA,OT,oth,432.726,376.512,552.257
1970,WIL,RC,pl,488607,357351,845958
1970,WIL,RC,uk,0.447914,1.62674,1.31824
1970,WIL,RC,be,23746.8,8326.24,22780.6
1970,WIL,RC,pls,99.8767,137.223,168.605
1970,WIL,RC,de,165.757,356.684,370.018
1970,WIL,RC,ru,31.3808,14.758,30.1579
1970,WIL,RC,lt,47630.3,25532.3,42456.6
1970,WIL,RC,csb,165.898,558.693,580.495
1970,WIL,RC,cs,30.7819,104.069,87.8491
1970,WIL,RC,rom,723.698,540.689,853.176
1970,WIL,RC,wym,0.527966,1.65967,1.90397
1970,WIL,RC,oth,660.329,478.518,827.474
1970,WIL,GC,pl,286.519,1116.53,1403.05
1970,WIL,GC,uk,1075.61,3942.41,3379.49
1970,WIL,GC,rue,61.6941,223.847,200.169
1970,WIL,OR,pl,103024,61455.1,164479
1970,WIL,OR,uk,1702.44,5886.85,4777.87
1970,WIL,OR,be,215837,89816,194121
1970,WIL,OR,pls,5065.52,4221.38,6040.59
1970,WIL,OR,ru,30679.8,17547.9,31859.7
1970,WIL,OR,lt,31.7915,23.1383,27.435
1970,WIL,OR,rue,2.92452,9.9552,8.77604
1970,WIL,OR,cs,17.5953,59.5729,47.6926
1970,WIL,JW,pl,4493.71,22870.2,27363.9
1970,WIL,JW,yi,8034.7,22909.3,24570.9
1970,WIL,JW,de,1.9763,8.84044,6.72032
1970,WIL,JW,ru,10.1913,37.9942,35.2427
1970,WIL,JW,lt,60.7953,183.228,113.436
1970,WIL,JH,pl,126.951,278.642,405.593
1970,WIL,JH,yi,12337.1,30836.4,25755.8
1970,WIL,PR,pl,1877.11,2312.68,4189.78
1970,WIL,PR,de,996.218,1773.79,1733.05
1970,WIL,PR,lt,29.1057,110.521,46.0029
1970,WIL,PR,cs,4.11488,15.3667,12.6859
1970,WIL,PR,lv,21.1267,80.9337,35.3744
1970,WIL,OT,pl,3047.02,2496.36,5543.37
1970,WIL,OT,lt,2.41499,5.32249,2.89936
1970,WIL,OT,kdr,136.969,129.124,212.512
1970,WIL,OT,oth,398.884,337.805,501.028
1970,NOW,RC,pl,409406,200599,610005
1970,NOW,RC,uk,0.588618,2.00376,1.60058
1970,NOW,RC,be,13949.9,4012.12,12156.3
1970,NOW,RC,pls,38.6989,113.541,106.969
1970,NOW,RC,de,80.4912,244.492,226.306
1970,NOW,RC,ru,4.51365,1.98311,3.95049
1970,NOW,RC,lt,1568,2414.47,1786.57
1970,NOW,RC,csb,126.979,381.519,397.016
1970,NOW,RC,cs,39.0211,116.787,98.5755
1970,NOW,RC,rom,884.625,417.936,827.923
1970,NOW,RC,wym,0.450864,1.26535,1.47458
1970,NOW,RC,oth,41.0594,118.828,120.63
1970,NOW,GC,pl,310.738,1083.89,1394.63
1970,NOW,GC,uk,1277.97,4211.05,3619.62
1970,NOW,GC,rue,60.4905,197.248,176.964
1970,NOW,OR,pl,220403,75780.9,296184
1970,NOW,OR,uk,2331.79,7059.5,5779.86
1970,NOW,OR,be,414259,112558,314842
1970,NOW,OR,pls,1010.15,2862.29,2584.23
1970,NOW,OR,ru,13025.1,4994.37,11162.5
1970,NOW,OR,lt,0.71702,2.22096,0.899661
1970,NOW,OR,rue,3.29969,9.81639,8.74404
1970,NOW,OR,cs,22.8863,67.8651,54.7614
1970,NOW,JW,pl,5251.08,14303.4,19554.5
1970,NOW,JW,yi,10064.4,14048.1,18400.7
1970,NOW,JW,de,1.26587,5.62642,4.33838
1970,NOW,JW,ru,4.07913,7.89109,8.36085
1970,NOW,JW,lt,8.16905,31.7861,12.3348
1970,NOW,JH,pl,145.298,177.123,322.421
1970,NOW,JH,yi,14937.5,18669.9,18764.2
1970,NOW,PR,pl,2508.98,1852.49,4361.46
1970,NOW,PR,de,282.185,998.574,812.37
1970,NOW,PR,lt,8.02149,28.9118,11.3057
1970,NOW,PR,cs,4.99911,17.3533,14.3383
1970,NOW,PR,lv,8.96956,31.9248,13.2301
1970,NOW,OT,pl,2312.89,1350.76,3663.64
1970,NOW,OT,lt,0.347394,1.24759,0.428973
1970,NOW,OT,kdr,1.03423,3.47461,3.45104
1970,NOW,OT,oth,21.1898,78.3067,57.7108
1970,POL,RC,pl,229133,164823,393956
1970,POL,RC,uk,1.23403,3.94898,3.11993
1970,POL,RC,be,2628.92,1230.7,2548.46
1970,POL,RC,pls,11278.4,3138.17,8999.32
1970,POL,RC,de,127.355,361.407,333.28
1970,POL,RC,ru,2.44552,1.44818,2.30466
1970,POL,RC,lt,657.259,1911.14,972.938
1970,POL,RC,csb,204.019,572.891,594.384
1970,POL,RC,cs,55.1723,155.65,129.853
1970,POL,RC,rom,482.783,394.684,545.625
1970,POL,RC,wym,0.712872,1.89672,2.20793
1970,POL,RC,oth,396.401,310.008,478.484
1970,POL,GC,pl,494.851,1600.07,2094.92
1970,POL,GC,uk,2993.91,9067.31,7743.73
1970,POL,GC,rue,100.065,300.532,268.259
1970,POL,OR,pl,270432,119440,389872
1970,POL,OR,uk,68641.6,33704.8,55981.5
1970,POL,OR,be,77108.1,30438.1,63155.5
1970,POL,OR,pls,751378,213889,558554
1970,POL,OR,ru,15773.8,7881.98,14337.5
1970,POL,OR,lt,0.584276,1.9814,0.717888
1970,POL,OR,rue,5.13753,15.0627,13.1943
1970,POL,OR,cs,31.2626,91.8095,72.5378
1970,POL,JW,pl,4576.3,20478.9,25055.2
1970,POL,JW,yi,8743.01,22760.6,24375
1970,POL,JW,de,1.77269,8.36392,6.44828
1970,POL,JW,ru,6.22688,20.1071,18.7296
1970,POL,JW,lt,7.32979,28.7444,10.2265
1970,POL,JH,pl,134.315,240.524,374.839
1970,POL,JH,yi,13736.7,33020.7,26076.4
1970,POL,PR,pl,5690.74,4855.33,10546.1
1970,POL,PR,de,425.157,1392.5,1155.23
1970,POL,PR,lt,7.2184,24.2335,8.76939
1970,POL,PR,cs,7.14266,22.9955,18.9152
1970,POL,PR,lv,8.06082,26.6367,10.3938
1970,POL,OT,pl,3902.36,2924.55,6826.91
1970,POL,OT,lt,0.346155,1.14541,0.366774
1970,POL,OT,kdr,1.04174,3.18552,3.14663
1970,POL,OT,oth,326.604,223.378,355.508
1970,WOL,RC,pl,389604,261433,651038
1970,WOL,RC,uk,603.197,204.163,423.772
1970,WOL,RC,be,281.468,446.813,510.618
1970,WOL,RC,pls,54.8753,157.069,145.821
1970,WOL,RC,de,3444.24,1702.43,3110.77
1970,WOL,RC,ru,0.279943,0.554744,0.531536
1970,WOL,RC,lt,611.148,1836.22,916.05
1970,WOL,RC,csb,217.601,632.456,651.928
1970,WOL,RC,cs,14961.3,4608.82,10987.6
1970,WOL,RC,rom,1368.16,787.354,1322.28
1970,WOL,RC,wym,0.835155,2.32812,2.68201
1970,WOL,RC,oth,1394.95,758.432,1421.38
1970,WOL,GC,pl,918.241,3245.96,4164.2
1970,WOL,GC,uk,14047.8,43420,36644.3
1970,WOL,GC,rue,160.413,491.21,435.448
1970,WOL,OR,pl,25243.9,22157.4,47401.3
1970,WOL,OR,uk,1.65962e+06,561335,1.18699e+06
1970,WOL,OR,be,3876.98,6421.23,6584.8
1970,WOL,OR,pls,1354.88,3905.49,3450.99
1970,WOL,OR,ru,21584.1,10151.5,19266.5
1970,WOL,OR,lt,0.540853,1.83834,0.642181
1970,WOL,OR,rue,9.96084,29.7779,25.9132
1970,WOL,OR,cs,11987.5,3907.44,8493.26
1970,WOL,JW,pl,8654.78,35163.4,43818.2
1970,WOL,JW,yi,17666.5,38593.7,43312.1
1970,WOL,JW,de,41.7952,75.062,73.6682
1970,WOL,JW,ru,9.99645,23.5453,23.5678
1970,WOL,JW,lt,7.02301,27.8495,9.68994
1970,WOL,JH,pl,276.859,413.673,690.531
1970,WOL,JH,yi,28227.8,55701.2,46341.6
1970,WOL,PR,pl,9344.17,6960.76,16304.9
1970,WOL,PR,de,27144.4,12866.9,23507.5
1970,WOL,PR,lt,6.50003,23.1648,8.07142
1970,WOL,PR,cs,2422.35,844.699,1920.45
1970,WOL,PR,lv,7.30113,25.7002,9.63029
1970,WOL,OT,pl,20658.1,11942.9,32601
1970,WOL,OT,lt,0.316695,1.10425,0.347017
1970,WOL,OT,kdr,21.8123,17.3182,29.0679
1970,WOL,OT,oth,1137.69,608.363,1158.48
1970,POZ,RC,pl,1.10956e+06,1.18879e+06,2.29835e+06
1970,POZ,RC,uk,1.32874,4.9068,4.04698
1970,POZ,RC,be,275.353,898.241,888.998
1970,POZ,RC,pls,81.0176,276.035,263.448
1970,POZ,RC,de,11254.7,9658.08,15436.1
1970,POZ,RC,ru,0.216526,0.773976,0.702426
1970,POZ,RC,lt,1323.01,4861.46,2652.99
1970,POZ,RC,csb,1176.26,4064.25,4309.44
1970,POZ,RC,cs,86.485,302.333,260.086
1970,POZ,RC,rom,510.781,1076.99,1142.92
1970,POZ,RC,wym,2.31576,7.43427,8.61291
1970,POZ,RC,oth,198.764,662.207,684.614
1970,POZ,GC,pl,1042.24,4249.5,5291.74
1970,POZ,GC,uk,3728.55,13988.6,12228.8
1970,POZ,GC,rue,245.179,906.786,825.896
1970,POZ,OR,pl,4475.6,18857.3,23332.9
1970,POZ,OR,uk,4686.87,17394.1,14376.3
1970,POZ,OR,be,3060.63,10717.7,9749.79
1970,POZ,OR,pls,1844.02,6114.86,5595.82
1970,POZ,OR,ru,669.011,2411.9,2137.52
1970,POZ,OR,lt,1.14136,4.25503,1.65418
1970,POZ,OR,rue,9.33616,34.0954,30.5562
1970,POZ,OR,cs,46.613,167.736,137.58
1970,POZ,JW,pl,6479.69,29539.4,36019.1
1970,POZ,JW,yi,3643.51,12273.3,13080.2
1970,POZ,JW,de,28.7531,135.244,112.052
1970,POZ,JW,ru,1.26588,4.66431,4.18744
1970,POZ,JW,lt,17.8766,67.6296,26.1395
1970,POZ,JH,pl,54.0629,291.425,345.488
1970,POZ,JH,yi,3661.97,13770,10695.9
1970,POZ,PR,pl,26017.8,28682.8,54700.6
1970,POZ,PR,de,81955,67626.3,101820
1970,POZ,PR,lt,15.9025,60.7982,24.4134
1970,POZ,PR,cs,12.0234,44.0298,37.1586
1970,POZ,PR,lv,17.5318,66.4471,28.7036
1970,POZ,OT,pl,3686.56,4426.9,8113.45
1970,POZ,OT,lt,0.729547,2.73668,0.985522
1970,POZ,OT,kdr,2.18874,8.0348,8.02518
1970,POZ,OT,oth,67.3631,385.566,240.217
1970,POM,RC,pl,576989,655865,1.23285e+06
1970,POM,RC,uk,1.09377,3.95574,3.25713
1970,POM,RC,be,222.571,696.001,694.152
1970,POM,RC,pls,65.1641,213.254,204.438
1970,POM,RC,de,7144.91,6037.43,9565.81
1970,POM,RC,ru,0.172539,0.60379,0.547286
1970,POM,RC,lt,1062.97,3737.87,2035.39
1970,POM,RC,csb,133704,47320,144796
1970,POM,RC,cs,68.8945,231.196,199.486
1970,POM,RC,rom,381.574,795.428,839.92
1970,POM,RC,wym,1.68816,5.23224,6.09661
1970,POM,RC,oth,918.485,1173.7,1636.99
1970,POM,GC,pl,805.323,3150.07,3955.4
1970,POM,GC,uk,3034.29,10988.2,9611.64
1970,POM,GC,rue,184.288,657.033,599.642
1970,POM,OR,pl,3580.23,14211,17791.2
1970,POM,OR,uk,3903.56,13746.3,11418
1970,POM,OR,be,2506.81,8354.94,7640.51
1970,POM,OR,pls,1495.46,4729.36,4352.44
1970,POM,OR,ru,545.757,1864.52,1661.37
1970,POM,OR,lt,0.920276,3.32789,1.28506
1970,POM,OR,rue,7.45684,25.8205,23.2797
1970,POM,OR,cs,37.5587,128.499,105.695
1970,POM,JW,pl,4901.53,20858.4,25759.9
1970,POM,JW,yi,2915.02,9369.62,10054.8
1970,POM,JW,de,22.935,105.957,87.8803
1970,POM,JW,ru,0.9975,3.65825,3.29477
1970,POM,JW,lt,14.0944,52.4693,20.2975
1970,POM,JH,pl,43.0706,220.124,263.195
1970,POM,JH,yi,3006.74,10926.9,8428.69
1970,POM,PR,pl,14339.4,15802.8,30142.1
1970,POM,PR,de,50063.4,40401.9,61112.6
1970,POM,PR,lt,12.94,47.9138,19.0132
1970,POM,PR,cs,9.43314,33.4396,28.3969
1970,POM,PR,lv,13.7568,50.3908,21.724
1970,POM,OT,pl,390.688,1466.92,1857.61
1970,POM,OT,lt,0.583306,2.14001,0.764972
1970,POM,OT,kdr,1.71385,6.10808,6.11897
1970,POM,OT,oth,54.7213,274.969,182.979
1970,SLA,RC,pl,801310,865013,1.66632e+06
1970,SLA,RC,uk,1.99821,7.14421,5.89133
1970,SLA,RC,be,307.104,937.972,941.002
1970,SLA,RC,pls,95.8495,305.416,295.261
1970,SLA,RC,de,29046.5,23142.1,39475.7
1970,SLA,RC,ru,0.237024,0.802466,0.735479
1970,SLA,RC,lt,1414.85,4920.57,2686.86
1970,SLA,RC,csb,864.863,2810.84,3009.58
1970,SLA,RC,cs,112.279,367.98,320.13
1970,SLA,RC,rom,630.695,1314.36,1400.48
1970,SLA,RC,wym,4.67705,13.73,16.2997
1970,SLA,RC,oth,695.675,1085.96,1407.55
1970,SLA,GC,pl,1885.78,7180.24,9066.02
1970,SLA,GC,uk,7302.16,25426.3,22723.7
1970,SLA,GC,rue,480.899,1642.71,1530.1
1970,SLA,OR,pl,5138.5,20296.7,25435.2
1970,SLA,OR,uk,6751.77,23498.9,19796.5
1970,SLA,OR,be,3439.74,11273.6,10456.6
1970,SLA,OR,pls,2148.45,6696.75,6223.42
1970,SLA,OR,ru,738.431,2492.15,2254.9
1970,SLA,OR,lt,1.2129,4.28334,1.6794
1970,SLA,OR,rue,16.3664,55.7336,50.9487
1970,SLA,OR,cs,59.9359,201.672,168.836
1970,SLA,JW,pl,9560.5,43547.4,53107.9
1970,SLA,JW,yi,4989.93,15245,16645.2
1970,SLA,JW,de,25.3774,132.025,109.185
1970,SLA,JW,ru,1.4638,5.09731,4.65935
1970,SLA,JW,lt,19.4866,69.4799,27.3414
1970,SLA,JH,pl,71.3832,359.358,430.741
1970,SLA,JH,yi,5029.9,17698,13996
1970,SLA,PR,pl,36727.7,26672.9,63400.5
1970,SLA,PR,de,12938.1,18289.5,21723.8
1970,SLA,PR,lt,16.7419,59.8686,24.2622
1970,SLA,PR,cs,15.7361,53.3047,45.8487
1970,SLA,PR,lv,18.617,65.7153,28.5828
1970,SLA,OT,pl,4391,4415.57,8806.57
1970,SLA,OT,lt,0.784409,2.77608,1.02205
1970,SLA,OT,kdr,2.5985,8.73311,8.97046
1970,SLA,OT,oth,511.516,763.233,868.249
1970,KRA,RC,pl,1.32677e+06,981851,2.30862e+06
1970,KRA,RC,uk,1.29036,4.7619,3.89785
1970,KRA,RC,be,208.29,663.703,657.94
1970,KRA,RC,pls,67.3298,224.086,213.717
1970,KRA,RC,de,2846.68,2586.84,3931.64
1970,KRA,RC,ru,0.160954,0.569336,0.514367
1970,KRA,RC,lt,961.535,3439.91,1865.82
1970,KRA,RC,csb,498.953,1688.92,1781.24
1970,KRA,RC,cs,80.8848,275.718,236.89
1970,KRA,RC,rom,4015.66,2519.84,4637.85
1970,KRA,RC,wym,427.423,140.39,499.549
1970,KRA,RC,oth,1112.32,1072.15,1675.2
1970,KRA,GC,pl,20723,15643.2,36366.2
1970,KRA,GC,uk,5194.45,18958.7,16595.1
1970,KRA,GC,rue,50873.3,15777.8,44178
1970,KRA,OR,pl,3761.07,14995.2,18756.3
1970,KRA,OR,uk,4687.27,16614.5,13806.4
1970,KRA,OR,be,2433.19,8190.24,7473.13
1970,KRA,OR,pls,1572.35,5037.24,4621.28
1970,KRA,OR,ru,526.942,1817.81,1618.24
1970,KRA,OR,lt,0.839937,3.05579,1.18201
1970,KRA,OR,rue,17.2185,59.5647,53.2569
1970,KRA,OR,cs,44.6911,154.085,126.774
1970,KRA,JW,pl,11439.1,68287.9,79727
1970,KRA,JW,yi,9159.9,31477.4,33801.4
1970,KRA,JW,de,6.29896,29.8944,24.5152
1970,KRA,JW,ru,0.96366,3.90115,3.44586
1970,KRA,JW,lt,12.8718,49.8333,19.4998
1970,KRA,JH,pl,195.652,789.829,985.48
1970,KRA,JH,yi,15142.9,52636.7,42228.2
1970,KRA,PR,pl,1342,4694.59,6036.59
1970,KRA,PR,de,3547.53,5418.46,6066.52
1970,KRA,PR,lt,11.2495,42.5958,17.0934
1970,KRA,PR,cs,11.1364,40.495,34.1564
1970,KRA,PR,lv,12.6403,47.5585,20.4143
1970,KRA,OT,pl,438.765,1655.37,2094.14
1970,KRA,OT,lt,0.527086,1.95372,0.700669
1970,KRA,OT,kdr,1.8008,6.46581,6.50351
1970,KRA,OT,oth,61.5835,271.634,202.424
1970,LWO,RC,pl,924936,853682,1.77862e+06
1970,LWO,RC,uk,9.49156,33.4708,26.8741
1970,LWO,RC,be,250.314,824.206,805.048
1970,LWO,RC,pls,93.3518,323.123,302.401
1970,LWO,RC,de,2361.99,2291.68,3315.47
1970,LWO,RC,ru,0.193209,0.701462,0.622961
1970,LWO,RC,lt,1062.2,3932.4,2023.14
1970,LWO,RC,csb,445.216,1576.48,1628.77
1970,LWO,RC,cs,179.017,631.134,533.268
1970,LWO,RC,rom,3422.93,2421.75,4091.76
1970,LWO,RC,wym,2.50358,8.05207,9.25613
1970,LWO,RC,oth,2940.68,2133.56,3779.06
1970,LWO,GC,pl,123054,74745.3,197799
1970,LWO,GC,uk,823741,380668,782780
1970,LWO,GC,rue,43977.7,15335.7,39092.7
1970,LWO,OR,pl,10459.8,23180.9,33640.7
1970,LWO,OR,uk,30842.5,98023.5,82818.2
1970,LWO,OR,be,3047.25,10669.5,9602.98
1970,LWO,OR,pls,2193.19,7321.2,6610.32
1970,LWO,OR,ru,700.397,2511.05,2213.88
1970,LWO,OR,lt,0.963377,3.55721,1.31141
1970,LWO,OR,rue,3490.87,1147.27,2989.15
1970,LWO,OR,cs,99.7253,356.152,290.28
1970,LWO,JW,pl,28206.3,149959,178165
1970,LWO,JW,yi,17182.4,54414.8,58647.7
1970,LWO,JW,de,8.45229,35.639,29.3301
1970,LWO,JW,ru,1.31695,5.63518,4.90836
1970,LWO,JW,lt,14.9061,58.91,21.9882
1970,LWO,JH,pl,332.59,945.82,1278.41
1970,LWO,JH,yi,29120.4,85236.7,70050.3
1970,LWO,PR,pl,7204.28,8306.05,15510.3
1970,LWO,PR,de,5795.42,6801.57,8302.47
1970,LWO,PR,lt,12.5311,48.2597,17.9882
1970,LWO,PR,cs,25.0487,93.6093,77.9757
1970,LWO,PR,lv,13.9915,53.732,21.452
1970,LWO,OT,pl,2720.56,4048.3,6768.86
1970,LWO,OT,lt,0.61112,2.31738,0.789474
1970,LWO,OT,kdr,2.67655,9.96552,9.95217
1970,LWO,OT,oth,1356.92,1121.09,1769.65
1970,STA,RC,pl,149014,179860,328874
1970,STA,RC,uk,4.61041,15.0392,12.0712
1970,STA,RC,be,79.0224,247.928,242.377
1970,STA,RC,pls,29.3804,97.551,90.8346
1970,STA,RC,de,2876.13,1567.02,3037.95
1970,STA,RC,lt,335.396,1183.43,589.721
1970,STA,RC,csb,141.242,478.963,494.965
1970,STA,RC,cs,56.495,189.8,159.112
1970,STA,RC,rom,1269.21,803.478,1415.51
1970,STA,RC,wym,0.804644,2.44892,2.83376
1970,STA,RC,oth,1675.63,1038.52,1957.25
1970,STA,GC,pl,58604.2,33099.1,91703.3
1970,STA,GC,uk,830137,308330,706899
1970,STA,GC,rue,151.651,539.608,480.373
1970,STA,OR,pl,1442.3,5908.4,7350.7
1970,STA,OR,uk,12889.5,39149.6,32462.8
1970,STA,OR,be,978.607,3280.82,2915.24
1970,STA,OR,pls,716.752,2314.06,2060.06
1970,STA,OR,ru,226.268,773.172,672.104
1970,STA,OR,lt,0.314756,1.13425,0.394465
1970,STA,OR,rue,9.79582,33.3169,29.2458
1970,STA,OR,cs,32.2137,109.523,87.6414
1970,STA,JW,pl,7326.9,37011.3,44338.2
1970,STA,JW,yi,6902.85,21608.9,22905.1
1970,STA,JW,de,7.20664,25.6737,21.8527
1970,STA,JW,ru,0.411311,1.72378,1.48795
1970,STA,JW,lt,4.71135,18.1687,6.44062
1970,STA,JH,pl,124.624,294.452,419.075
1970,STA,JH,yi,12011.7,33942.6,27265.4
1970,STA,PR,pl,763.221,1637.8,2401.03
1970,STA,PR,de,6840.18,4348.74,7076.64
1970,STA,PR,lt,3.95723,14.79,5.16188
1970,STA,PR,cs,7.83947,28.234,23.2668
1970,STA,PR,lv,4.41515,16.4043,6.15435
1970,STA,OT,pl,1476.7,1685.1,3161.79
1970,STA,OT,lt,0.195285,0.730054,0.235346
1970,STA,OT,kdr,32.4714,33.5927,53.1488
1970,STA,OT,oth,866.102,572.574,1023.93
1970,TAR,RC,pl,363989,266772,630760
1970,TAR,RC,uk,3.44786,12.161,9.62799
1970,TAR,RC,be,73.9776,236.411,231.645
1970,TAR,RC,pls,27.4053,93.2941,86.8443
1970,TAR,RC,de,586.44,595.576,833.988
1970,TAR,RC,lt,311.299,1127.56,570.239
1970,TAR,RC,csb,131.563,457.619,471.648
1970,TAR,RC,cs,55.3236,191.426,160.168
1970,TAR,RC,rom,639.837,530.181,812.162
1970,TAR,RC,wym,0.763052,2.35358,2.72601
1970,TAR,RC,oth,403.761,366.305,570.064
1970,TAR,GC,pl,92859.5,45575.3,138435
1970,TAR,GC,uk,553672,211001,486402
1970,TAR,GC,rue,141.867,516.892,461.661
1970,TAR,OR,pl,1427.41,5823.07,7250.48
1970,TAR,OR,uk,12133.6,34090.9,29262.6
1970,TAR,OR,be,901.154,3114.94,2784.29
1970,TAR,OR,pls,664.044,2210.43,1977.08
1970,TAR,OR,ru,211.01,744.995,652.08
1970,TAR,OR,lt,0.290155,1.06116,0.380586
1970,TAR,OR,rue,8.98539,31.7599,28.0647
1970,TAR,OR,cs,31.2033,109.764,88.3858
1970,TAR,JW,pl,9524.67,40176,49700.7
1970,TAR,JW,yi,5871.42,15720.5,17402.6
1970,TAR,JW,de,2.0012,8.37158,6.82392
1970,TAR,JW,ru,0.394425,1.57597,1.37876
1970,TAR,JW,lt,4.42739,16.876,6.09244
1970,TAR,JH,pl,103.552,289.731,393.282
1970,TAR,JH,yi,9904.84,24407.5,20602
1970,TAR,PR,pl,1842.81,2083.18,3926
1970,TAR,PR,de,1481.2,1811.21,2141.41
1970,TAR,PR,lt,3.72284,14.0864,5.09972
1970,TAR,PR,cs,7.78988,28.525,23.5419
1970,TAR,PR,lv,4.16336,15.6935,6.10149
1970,TAR,OT,pl,3217.69,2254.58,5472.27
1970,TAR,OT,lt,0.182228,0.672939,0.22321
1970,TAR,OT,kdr,0.822798,2.96157,2.97571
1970,TAR,OT,oth,346.619,270.49,437.146
1970,LT_KAU,RC,pl,9378.93,11473.2,13839.3
1970,LT_KAU,RC,be,51.4171,163.085,146.294
1970,LT_KAU,RC,pls,1.72391,6.14498,2.97679
1970,LT_KAU,RC,de,16.3952,58.6365,40.7821
1970,LT_KAU,RC,ru,0.104561,0.512709,0.404392
1970,LT_KAU,RC,lt,123927,155191,279118
1970,LT_KAU,RC,csb,8.61071,31.0926,13.5553
1970,LT_KAU,RC,cs,1.61447,5.81732,2.43784
1970,LT_KAU,RC,rom,463.3,508.177,699.207
1970,LT_KAU,RC,oth,3.084,10.9294,5.09406
1970,LT_KAU,GC,pl,4.93654,18.4805,7.63826
1970,LT_KAU,GC,uk,47.8141,178.072,75.3504
1970,LT_KAU,GC,lt,0.38969,2.76872,3.15841
1970,LT_KAU,GC,rue,3.01083,11.1622,4.81041
1970,LT_KAU,OR,pl,47.0985,163.827,84.6522
1970,LT_KAU,OR,uk,72.6382,272.587,123.839
1970,LT_KAU,OR,be,120.833,430.384,224.235
1970,LT_KAU,OR,pls,39.2996,138.734,66.3074
1970,LT_KAU,OR,ru,5899.78,8441.62,10228
1970,LT_KAU,OR,lt,423.752,1116.15,1539.91
1970,LT_KAU,OR,rue,0.135846,0.494483,0.216311
1970,LT_KAU,OR,cs,0.833744,3.02232,1.28065
1970,LT_KAU,JW,pl,39.6061,269.344,165.535
1970,LT_KAU,JW,yi,2047.4,17307.7,14430.6
1970,LT_KAU,JW,de,3.96521,36.696,28.2804
1970,LT_KAU,JW,ru,2.23312,42.5609,33.9489
1970,LT_KAU,JW,lt,784.367,10100.7,10885.1
1970,LT_KAU,JH,pl,0.564719,1.68508,0.845458
1970,LT_KAU,JH,yi,114.585,501.324,222.798
1970,LT_KAU,PR,pl,9.47881,30.3505,16.8547
1970,LT_KAU,PR,de,3734.15,4938.74,5908.67
1970,LT_KAU,PR,lt,1344.76,2582.04,3926.79
1970,LT_KAU,PR,cs,0.218187,0.813284,0.340603
1970,LT_KAU,PR,lv,104.105,381.905,342.839
1970,LT_KAU,OT,pl,534.337,501.431,736.092
1970,LT_KAU,OT,lt,246.253,719.163,965.416
1970,LT_KAU,OT,kdr,0.808668,2.93906,2.8113
1970,LT_KAU,OT,oth,920.752,1473.97,1822.16
1970,LT_LAU,RC,pl,18080.2,6617.11,16446.1
1970,LT_LAU,RC,be,51.7241,154.735,147.574
1970,LT_LAU,RC,pls,1.16155,3.93546,1.94386
1970,LT_LAU,RC,de,12.4065,41.7774,31.709
1970,LT_LAU,RC,lt,367370,149710,517080
1970,LT_LAU,RC,csb,5.80263,19.9485,8.88078
1970,LT_LAU,RC,cs,1.08941,3.73382,1.59305
1970,LT_LAU,RC,rom,33.0122,108.089,98.6323
1970,LT_LAU,RC,oth,1.899,6.40137,3.02864
1970,LT_LAU,GC,pl,2.8435,10.1829,4.20678
1970,LT_LAU,GC,uk,31.7754,113.174,48.3049
1970,LT_LAU,GC,lt,0.251736,1.62196,1.87369
1970,LT_LAU,GC,rue,2.01707,7.16293,3.11564
1970,LT_LAU,OR,pl,29.5219,85.31,43.5615
1970,LT_LAU,OR,uk,48.8067,174.128,79.656
1970,LT_LAU,OR,be,82.8796,281.624,147.136
1970,LT_LAU,OR,pls,26.6998,90.6833,43.8291
1970,LT_LAU,OR,ru,9040.21,4024.64,8898.32
1970,LT_LAU,OR,lt,629.99,498.42,1128.41
1970,LT_LAU,OR,cs,0.565437,1.96709,0.836906
1970,LT_LAU,JW,pl,35.3583,109.134,69.9607
1970,LT_LAU,JW,yi,6498.06,12282.2,13616.4
1970,LT_LAU,JW,de,2.56052,11.7056,9.65942
1970,LT_LAU,JW,ru,3.09832,11.1184,10.3681
1970,LT_LAU,JW,lt,1939.98,6666.88,8606.86
1970,LT_LAU,JH,pl,0.796151,0.962666,0.677185
1970,LT_LAU,JH,yi,124.389,345.245,175.279
1970,LT_LAU,PR,pl,4.81248,14.1888,7.07485
1970,LT_LAU,PR,de,2094.41,2002.13,2739.54
1970,LT_LAU,PR,lt,695.781,2054.32,2750.11
1970,LT_LAU,PR,cs,0.146435,0.529082,0.223275
1970,LT_LAU,PR,lv,896.194,628.644,1049.61
1970,LT_LAU,OT,pl,7.95863,22.312,18.7189
1970,LT_LAU,OT,lt,177.042,180.296,357.338
1970,LT_LAU,OT,kdr,47.2255,22.7713,55.4934
1970,LT_LAU,OT,oth,873.036,452.791,974.206
1970,LT_ZEM,RC,pl,5050.72,3503.59,5403.68
1970,LT_ZEM,RC,be,52.6557,159.15,148.363
1970,LT_ZEM,RC,pls,1.41415,4.81032,2.38082
1970,LT_ZEM,RC,de,17.1719,57.9465,44.4545
1970,LT_ZEM,RC,lt,425924,172024,597948
1970,LT_ZEM,RC,csb,7.05898,24.3544,10.8718
1970,LT_ZEM,RC,cs,1.32458,4.55798,1.94706
1970,LT_ZEM,RC,rom,263.755,174.972,305.225
1970,LT_ZEM,RC,oth,2.32153,7.84978,3.72741
1970,LT_ZEM,GC,pl,2.73844,9.82662,4.07043
1970,LT_ZEM,GC,uk,38.9012,138.773,59.5013
1970,LT_ZEM,GC,lt,0.307059,1.97815,2.2852
1970,LT_ZEM,GC,rue,2.46326,8.76094,3.82768
1970,LT_ZEM,OR,pl,22.8198,78.8882,36.8939
1970,LT_ZEM,OR,uk,59.7756,211.084,97.4729
1970,LT_ZEM,OR,be,101.545,342.04,180.268
1970,LT_ZEM,OR,pls,32.7882,110.556,53.956
1970,LT_ZEM,OR,ru,5300.69,3019.1,5684.98
1970,LT_ZEM,OR,lt,386.639,401.711,788.35
1970,LT_ZEM,OR,rue,0.112438,0.389558,0.172987
1970,LT_ZEM,OR,cs,0.69074,2.38234,1.0223
1970,LT_ZEM,JW,pl,19.8998,78.7812,38.7018
1970,LT_ZEM,JW,yi,6519.01,13386.3,14430.4
1970,LT_ZEM,JW,de,4.00742,18.117,14.8517
1970,LT_ZEM,JW,ru,1.73312,7.84657,6.92083
1970,LT_ZEM,JW,lt,1957.71,7339.44,9297.15
1970,LT_ZEM,JH,pl,0.531418,0.707933,0.452346
1970,LT_ZEM,JH,yi,138.017,404.164,200.177
1970,LT_ZEM,PR,pl,3.75684,13.0194,5.89509
1970,LT_ZEM,PR,de,4288.77,3099.84,4923.28
1970,LT_ZEM,PR,lt,5734.35,3492.83,9227.17
1970,LT_ZEM,PR,cs,0.177409,0.641361,0.272229
1970,LT_ZEM,PR,lv,5267.41,1489.82,4597.12
1970,LT_ZEM,OT,pl,6.25844,20.7661,16.6539
1970,LT_ZEM,OT,lt,204.207,212,416.207
1970,LT_ZEM,OT,kdr,1.02613,3.55962,3.51969
1970,LT_ZEM,OT,oth,1041.71,547.881,1167.52
1970,LT_SUV,RC,pl,7929.38,4057.3,7635.17
1970,LT_SUV,RC,be,1413.41,316.585,1289.52
1970,LT_SUV,RC,pls,1.65333,5.63504,2.74925
1970,LT_SUV,RC,de,14.6739,50.2037,33.7739
1970,LT_SUV,RC,ru,0.414403,0.287196,0.459601
1970,LT_SUV,RC,lt,342028,126005,468034
1970,LT_SUV,RC,csb,8.30057,28.7232,12.6279
1970,LT_SUV,RC,cs,1.53037,5.28247,2.21354
1970,LT_SUV,RC,rom,1204.13,348.342,1085.33
1970,LT_SUV,RC,oth,2.63473,8.93947,4.14567
1970,LT_SUV,GC,pl,3.64888,13.3234,5.45369
1970,LT_SUV,GC,uk,46.8753,170.145,71.8577
1970,LT_SUV,GC,lt,0.378358,2.64742,3.02578
1970,LT_SUV,GC,rue,2.93756,10.6197,4.57316
1970,LT_SUV,OR,pl,27.1376,93.37,43.1996
1970,LT_SUV,OR,uk,70.4417,250.817,114.431
1970,LT_SUV,OR,be,104.023,354.822,183.359
1970,LT_SUV,OR,pls,38.9328,132.355,63.9372
1970,LT_SUV,OR,ru,4331.58,2164.4,4450.34
1970,LT_SUV,OR,lt,338.907,323.74,662.647
1970,LT_SUV,OR,rue,0.132851,0.4661,0.204937
1970,LT_SUV,OR,cs,0.802898,2.80393,1.18354
1970,LT_SUV,JW,pl,28.0679,101.548,51.9496
1970,LT_SUV,JW,yi,5868.18,9612.29,11144.4
1970,LT_SUV,JW,de,10.0361,24.8633,23.4065
1970,LT_SUV,JW,ru,1.60038,5.96824,5.5155
1970,LT_SUV,JW,lt,1859.12,5659.25,7518.37
1970,LT_SUV,JH,pl,0.714128,0.97255,0.631867
1970,LT_SUV,JH,yi,142.049,407.015,196.652
1970,LT_SUV,PR,pl,6.39862,17.6567,8.98694
1970,LT_SUV,PR,de,12978.2,4406.39,11446.6
1970,LT_SUV,PR,lt,917.617,1583.44,2501.06
1970,LT_SUV,PR,cs,0.207708,0.748505,0.312897
1970,LT_SUV,PR,lv,79.5451,280.666,252.753
1970,LT_SUV,OT,pl,7.78904,24.8974,19.9972
1970,LT_SUV,OT,lt,185.357,169.935,355.292
1970,LT_SUV,OT,kdr,0.616171,2.14055,2.05597
1970,LT_SUV,OT,oth,876.162,406.287,944.028
1970,LT_NEA,RC,pl,15854.5,5033.58,13754.1
1970,LT_NEA,RC,be,2679.16,470.534,2324.6
1970,LT_NEA,RC,pls,0.925438,3.10881,1.52625
1970,LT_NEA,RC,de,8.05458,26.9575,19.6121
1970,LT_NEA,RC,ru,6.8062,1.58293,5.47203
1970,LT_NEA,RC,lt,290993,104815,395808
1970,LT_NEA,RC,csb,4.61922,15.7451,6.96961
1970,LT_NEA,RC,cs,0.866241,2.94476,1.24672
1970,LT_NEA,RC,rom,21.7662,70.7596,63.4671
1970,LT_NEA,RC,oth,1.51578,5.05983,2.37478
1970,LT_NEA,GC,pl,2.28353,7.9896,3.32614
1970,LT_NEA,GC,uk,25.4328,88.467,38.0271
1970,LT_NEA,GC,lt,0.191181,1.16165,1.35284
1970,LT_NEA,GC,rue,1.61094,5.59019,2.44887
1970,LT_NEA,OR,pl,33.0785,70.2477,41.4577
1970,LT_NEA,OR,uk,39.1446,136.085,62.5952
1970,LT_NEA,OR,be,74.0526,245.946,127.805
1970,LT_NEA,OR,pls,21.5941,71.9363,34.9628
1970,LT_NEA,OR,ru,23650.6,6422.7,20087.3
1970,LT_NEA,OR,lt,1384.5,637.993,2022.5
1970,LT_NEA,OR,cs,0.452455,1.53961,0.657038
1970,LT_NEA,JW,pl,30.1021,79.3838,51.3892
1970,LT_NEA,JW,yi,5983.96,8015.19,9967.38
1970,LT_NEA,JW,de,1.41402,6.34719,5.20504
1970,LT_NEA,JW,ru,9.66524,18.1147,19.8732
1970,LT_NEA,JW,lt,1659.87,4173.37,5833.24
1970,LT_NEA,JH,pl,0.668314,0.755299,0.551315
1970,LT_NEA,JH,yi,105.621,253.679,132.109
1970,LT_NEA,PR,pl,3.3275,10.8188,5.03243
1970,LT_NEA,PR,de,851.498,1092.74,1299.26
1970,LT_NEA,PR,lt,7805.54,2610.08,10415.6
1970,LT_NEA,PR,cs,0.116131,0.41293,0.174624
1970,LT_NEA,PR,lv,6705.69,1457.51,5496.75
1970,LT_NEA,OT,pl,5.90293,15.3263,12.675
1970,LT_NEA,OT,lt,154.804,120.883,275.687
1970,LT_NEA,OT,kdr,0.708414,2.41559,2.3917
1970,LT_NEA,OT,oth,830.172,329.939,841.604
1970,LT_KLA,RC,pl,258.389,952.504,642.357
1970,LT_KLA,RC,be,21.6898,69.9151,63.9394
1970,LT_KLA,RC,pls,0.605537,2.17963,1.01783
1970,LT_KLA,RC,de,678.092,517.443,798.894
1970,LT_KLA,RC,lt,37913.1,55851,93764.1
1970,LT_KLA,RC,csb,3.27247,11.9116,4.84997
1970,LT_KLA,RC,cs,0.571321,2.07438,0.834612
1970,LT_KLA,RC,rom,17.2157,61.3971,54.9882
1970,LT_KLA,RC,oth,1.06982,3.84092,1.71915
1970,LT_KLA,GC,pl,1.02802,3.839,1.4673
1970,LT_KLA,GC,uk,16.4869,61.4188,24.5733
1970,LT_KLA,GC,lt,0.11471,0.81849,0.9332
1970,LT_KLA,GC,rue,1.05056,3.89762,1.58979
1970,LT_KLA,OR,pl,8.08655,30.0569,13.0512
1970,LT_KLA,OR,uk,24.8297,95.2515,40.6295
1970,LT_KLA,OR,be,40.6847,146.765,73.3384
1970,LT_KLA,OR,pls,13.3526,47.7647,21.5759
1970,LT_KLA,OR,ru,993.239,1330.61,1647.28
1970,LT_KLA,OR,lt,74.7871,185.635,260.422
1970,LT_KLA,OR,cs,0.288709,1.05466,0.423317
1970,LT_KLA,JW,pl,6.94754,26.4212,10.7423
1970,LT_KLA,JW,yi,549.778,2365.43,2142.96
1970,LT_KLA,JW,de,21.4094,229.288,172.798
1970,LT_KLA,JW,ru,0.424239,2.10262,1.84971
1970,LT_KLA,JW,lt,268.419,1549.88,1818.3
1970,LT_KLA,JH,yi,27.9957,107.107,44.8984
1970,LT_KLA,PR,pl,1.30193,4.96828,1.97422
1970,LT_KLA,PR,de,29292.1,23665.5,35181.7
1970,LT_KLA,PR,lt,24834.1,12374.1,37208.3
1970,LT_KLA,PR,lv,60.4557,223.697,199.868
1970,LT_KLA,OT,pl,2.19257,8.04082,6.21563
1970,LT_KLA,OT,lt,107.874,237.104,344.978
1970,LT_KLA,OT,kdr,0.431486,1.57904,1.54189
1970,LT_KLA,OT,oth,565.758,599.677,873.316
1975,WAW,RC,pl,64712.5,1.37792e+06,1.44263e+06
1975,WAW,RC,uk,2.61793,23.7401,18.0029
1975,WAW,RC,be,252.096,2794.58,2369.1
1975,WAW,RC,pls,70.7886,824.17,686.567
1975,WAW,RC,de,278.126,3572.97,2927.58
1975,WAW,RC,ru,0.254469,2.62226,2.14331
1975,WAW,RC,lt,1251.93,14599,7156.13
1975,WAW,RC,csb,460.747,5527.77,5006.3
1975,WAW,RC,cs,70.1332,808.232,609.206
1975,WAW,RC,rom,166.28,2310.56,1840.15
1975,WAW,RC,wym,1.25204,13.2485,12.8308
1975,WAW,RC,oth,106.531,1468.45,1298.23
1975,WAW,GC,pl,770.609,13685.9,14456.5
1975,WAW,GC,uk,4569.34,59186.3,45984.2
1975,WAW,GC,rue,167.551,2173.29,1754.23
1975,WAW,OR,pl,3786.52,64393.8,68180.3
1975,WAW,OR,uk,5971.03,75462.2,55957
1975,WAW,OR,be,2984.56,36482.7,29303.8
1975,WAW,OR,pls,1667.79,18957.7,15236.7
1975,WAW,OR,ru,512.51,10312.9,8167.46
1975,WAW,OR,lt,1.7692,15.5394,5.8469
1975,WAW,OR,rue,7.32561,94.0353,74.6365
1975,WAW,OR,cs,38.1748,469.338,341.019
1975,WAW,JW,pl,4266.98,160530,164797
1975,WAW,JW,yi,3457.98,95837.1,86051.2
1975,WAW,JW,de,6.85675,108.489,81.8427
1975,WAW,JW,ru,1.26808,30.4572,24.6201
1975,WAW,JW,lt,26.0731,241.826,94.2152
1975,WAW,JH,pl,37.3309,1308.04,1345.37
1975,WAW,JH,yi,3846.85,122864,84069.1
1975,WAW,PR,pl,772.512,31552.2,32324.7
1975,WAW,PR,de,1031.57,15124.4,11472.3
1975,WAW,PR,lt,17.1685,189.555,71.7852
1975,WAW,PR,cs,9.39338,120.087,89.4124
1975,WAW,PR,lv,14.5219,182.414,74.2934
1975,WAW,OT,pl,311.531,9722.79,10034.3
1975,WAW,OT,lt,1.06937,9.48479,3.29297
1975,WAW,OT,kdr,1.50119,20.4462,17.5538
1975,WAW,OT,oth,45.0578,1317.76,716.55
1975,WAR,RC,pl,1.57874e+06,1.10336e+06,2.68211e+06
1975,WAR,RC,uk,1.46463,5.39844,4.6327
1975,WAR,RC,be,248.563,778.624,790.954
1975,WAR,RC,pls,76.7817,253.311,248.978
1975,WAR,RC,de,3112.32,2876.61,4304.38
1975,WAR,RC,ru,0.24545,0.873387,0.815825
1975,WAR,RC,lt,1302.76,4660.57,2679.46
1975,WAR,RC,csb,1039.84,3455.47,3690.68
1975,WAR,RC,cs,83.92,285.417,250.606
1975,WAR,RC,rom,2241.87,1681.7,2806.39
1975,WAR,RC,wym,1.65206,5.15222,5.99393
1975,WAR,RC,oth,4085.7,2533.9,5062.48
1975,WAR,GC,pl,1102.14,4189.06,5291.2
1975,WAR,GC,uk,4737.18,13896.2,13123.7
1975,WAR,GC,rue,219.113,789.966,742.217
1975,WAR,OR,pl,6960.78,21249.2,28210
1975,WAR,OR,uk,6170.96,17852.5,16147
1975,WAR,OR,be,3104.45,10253.7,9719.1
1975,WAR,OR,pls,1852.76,5804.14,5571.17
1975,WAR,OR,ru,6141.43,5203.11,8072.04
1975,WAR,OR,lt,1.37272,4.99985,2.10633
1975,WAR,OR,rue,9.54834,32.8617,30.5794
1975,WAR,OR,cs,48.4562,165.088,139.736
1975,WAR,JW,pl,14068.5,74735.2,88803.7
1975,WAR,JW,yi,14503.9,40941.5,45816.9
1975,WAR,JW,de,24.4867,98.6885,85.5271
1975,WAR,JW,ru,2.09893,9.61841,8.72202
1975,WAR,JW,lt,18.9586,75.8344,31.9271
1975,WAR,JH,pl,384.232,983.606,1367.84
1975,WAR,JH,yi,26193.1,74884.8,62701.9
1975,WAR,PR,pl,14759.8,13561.8,28321.6
1975,WAR,PR,de,24804.5,18041,29106.5
1975,WAR,PR,lt,15.7953,60.7379,26.3538
1975,WAR,PR,cs,11.243,41.3426,35.8212
1975,WAR,PR,lv,16.6575,63.4855,29.9896
1975,WAR,OT,pl,1419.48,2363.47,3782.95
1975,WAR,OT,lt,0.810174,3.05319,1.1916
1975,WAR,OT,kdr,1.94226,7.06838,7.09164
1975,WAR,OT,oth,558.878,556.881,788.749
1975,LOD,RC,pl,1.20799e+06,1.49058e+06,2.69857e+06
1975,LOD,RC,uk,2.6304,9.87032,8.434
1975,LOD,RC,be,443.963,1419.95,1435.73
1975,LOD,RC,pls,136.423,458.939,449.626
1975,LOD,RC,de,5557.35,8857.46,10754.5
1975,LOD,RC,ru,0.404958,1.46117,1.36397
1975,LOD,RC,lt,2303.8,8467.77,4862.73
1975,LOD,RC,csb,1352.29,4636.11,4919.93
1975,LOD,RC,cs,147.626,512.943,449.487
1975,LOD,RC,rom,1423.36,2188.33,2624.88
1975,LOD,RC,wym,3.23953,10.2554,11.9105
1975,LOD,RC,oth,4349.62,4731.17,7194.87
1975,LOD,GC,pl,1877.49,7528.61,9406.1
1975,LOD,GC,uk,6738.85,24826.7,22448.8
1975,LOD,GC,rue,415.458,1503.67,1419.82
1975,LOD,OR,pl,12177.4,37724.7,49902
1975,LOD,OR,uk,8729.81,31168,27221.3
1975,LOD,OR,be,5445.58,18272.7,17439.3
1975,LOD,OR,pls,3216.56,10254.7,9852.47
1975,LOD,OR,ru,2437.32,5219.44,5557.68
1975,LOD,OR,lt,2.3546,8.60186,3.67868
1975,LOD,OR,rue,16.8296,58.9587,55.334
1975,LOD,OR,cs,83.6879,289.418,247.983
1975,LOD,JW,pl,16288.5,135835,152124
1975,LOD,JW,yi,15194,76414.6,77613.3
1975,LOD,JW,de,57.2835,800.312,616.579
1975,LOD,JW,ru,2.38611,11.7756,10.4709
1975,LOD,JW,lt,33.8697,136.036,58.5198
1975,LOD,JH,pl,359.153,1492.05,1851.2
1975,LOD,JH,yi,24804.5,134047,102649
1975,LOD,PR,pl,42388.3,48300.1,90688.3
1975,LOD,PR,de,44769.8,67580.2,79746.5
1975,LOD,PR,lt,27.9659,108.142,47.6311
1975,LOD,PR,cs,20.1828,74.3047,64.4368
1975,LOD,PR,lv,29.7543,113.775,54.0641
1975,LOD,OT,pl,1567.08,4023.26,5590.34
1975,LOD,OT,lt,1.42767,5.42311,2.14382
1975,LOD,OT,kdr,3.50922,12.9182,12.9695
1975,LOD,OT,oth,450.562,958.526,934.056
1975,KIE,RC,pl,2.02087e+06,1.46116e+06,3.48202e+06
1975,KIE,RC,uk,2.0278,7.3673,6.34755
1975,KIE,RC,be,310.143,963.217,979.342
1975,KIE,RC,pls,97.0943,315.052,310.7
1975,KIE,RC,de,1356.07,2524.7,2831.56
1975,KIE,RC,ru,0.292555,1.02067,0.958655
1975,KIE,RC,lt,1649.16,5740.19,3317.6
1975,KIE,RC,csb,882.838,2895.6,3090.45
1975,KIE,RC,cs,114.906,382.896,337.257
1975,KIE,RC,rom,2605.67,2163.67,3386.01
1975,KIE,RC,wym,3.27535,10.1349,11.8168
1975,KIE,RC,oth,3759.43,2575.94,4819.55
1975,KIE,GC,pl,1666.43,6607.09,8273.51
1975,KIE,GC,uk,5711.64,20830.7,18614.8
1975,KIE,GC,rue,402.618,1442.86,1347.95
1975,KIE,OR,pl,7137.46,25760,32897.4
1975,KIE,OR,uk,7033.01,23654.7,20435.6
1975,KIE,OR,be,4009.43,12732.9,12068.3
1975,KIE,OR,pls,2365.62,7173.73,6891.69
1975,KIE,OR,ru,3277.71,4189.69,5207.94
1975,KIE,OR,lt,1.76754,6.20638,2.59161
1975,KIE,OR,rue,15.6005,50.9422,47.3986
1975,KIE,OR,cs,68.4312,223.799,188.77
1975,KIE,JW,pl,18900.7,105524,124424
1975,KIE,JW,yi,21384.2,62899.1,69387.9
1975,KIE,JW,de,12.291,60.1391,49.5949
1975,KIE,JW,ru,1.86098,8.62676,7.63993
1975,KIE,JW,lt,23.5912,96.7635,40.4759
1975,KIE,JH,pl,556.92,1307.03,1863.95
1975,KIE,JH,yi,38614.5,114072,94004.6
1975,KIE,PR,pl,2409.39,7783.99,10193.4
1975,KIE,PR,de,7629.43,9880.78,11980.1
1975,KIE,PR,lt,19.1642,73.7567,31.8136
1975,KIE,PR,cs,14.9773,55.3276,47.7791
1975,KIE,PR,lv,20.4443,78.053,36.4387
1975,KIE,OT,pl,1798.03,3159.71,4957.74
1975,KIE,OT,lt,1.00539,3.82178,1.48429
1975,KIE,OT,kdr,2.48251,9.13697,9.1205
1975,KIE,OT,oth,691.397,758.691,1011.24
1975,LUB,RC,pl,1.72649e+06,1.0577e+06,2.78419e+06
1975,LUB,RC,uk,4.11709,14.0959,11.9074
1975,LUB,RC,be,950.082,1052.52,1485.85
1975,LUB,RC,pls,110.721,327.42,322.301
1975,LUB,RC,de,1614.72,1763.06,2301.01
1975,LUB,RC,ru,0.322044,0.926864,0.879751
1975,LUB,RC,lt,1455.34,4612.66,2598.73
1975,LUB,RC,csb,597.702,1794.39,1906.47
1975,LUB,RC,cs,156.189,470.731,413.856
1975,LUB,RC,rom,2044.31,1537.52,2403.48
1975,LUB,RC,wym,1.9098,5.61512,6.54725
1975,LUB,RC,oth,179.17,515.381,541.258
1975,LUB,GC,pl,3245.86,7711.96,10957.8
1975,LUB,GC,uk,36068,43866.5,53560.7
1975,LUB,GC,rue,328.778,1078.2,1017
1975,LUB,OR,pl,162200,89708.4,251908
1975,LUB,OR,uk,106314,75938.8,112826
1975,LUB,OR,be,5401.04,12631,12629.8
1975,LUB,OR,pls,2771.99,7820.04,7506.42
1975,LUB,OR,ru,5624.21,4754.76,6934.02
1975,LUB,OR,lt,1.57506,5.20718,2.0799
1975,LUB,OR,rue,18.6857,55.8844,52.0972
1975,LUB,OR,cs,94.0686,281.551,237.875
1975,LUB,JW,pl,19499,75645.8,95144.8
1975,LUB,JW,yi,21521.9,45106.5,53631.9
1975,LUB,JW,de,12.5206,43.6123,38.0116
1975,LUB,JW,ru,2.19161,8.48459,7.78669
1975,LUB,JW,lt,19.2084,77.1495,30.8151
1975,LUB,JH,pl,520.612,956.713,1477.32
1975,LUB,JH,yi,38404.5,79578.3,70755.7
1975,LUB,PR,pl,17280.2,13176.2,30456.4
1975,LUB,PR,de,10334,8885.38,12721.7
1975,LUB,PR,lt,15.6967,59.765,24.5362
1975,LUB,PR,cs,18.9939,69.0713,59.2216
1975,LUB,PR,lv,16.5619,62.4028,27.9307
1975,LUB,OT,pl,2304.25,3060.17,5364.43
1975,LUB,OT,lt,0.8429,3.14601,1.15279
1975,LUB,OT,kdr,2.22048,7.92704,7.90293
1975,LUB,OT,oth,70.758,309.285,228.164
1975,BIA,RC,pl,785302,610802,1.3961e+06
1975,BIA,RC,uk,1.24919,4.59487,3.90359
1975,BIA,RC,be,10662.3,4807.2,11498.4
1975,BIA,RC,pls,76.0892,247.459,241.552
1975,BIA,RC,de,692.56,986.453,1191.34
1975,BIA,RC,ru,11.5919,6.43776,12.3982
1975,BIA,RC,lt,10846.4,10208.3,11775.1
1975,BIA,RC,csb,383.314,1277.66,1344.74
1975,BIA,RC,cs,70.3614,235.716,205.37
1975,BIA,RC,rom,859.101,864.353,1204.09
1975,BIA,RC,wym,1.0395,3.22675,3.7344
1975,BIA,RC,oth,496.706,527.048,780.45
1975,BIA,GC,pl,739.832,2919.76,3659.59
1975,BIA,GC,uk,2807.33,10245.4,9103.28
1975,BIA,GC,rue,147.789,531.572,494.053
1975,BIA,OR,pl,169468,102276,271744
1975,BIA,OR,uk,7894.47,16421,15936.3
1975,BIA,OR,be,174240,80939.2,171769
1975,BIA,OR,pls,1980.78,5979.72,5701.39
1975,BIA,OR,ru,28773.4,16931,31324.2
1975,BIA,OR,lt,4.69268,9.05825,5.60493
1975,BIA,OR,rue,7.31558,24.0488,22.2138
1975,BIA,OR,cs,42.6606,139.128,116.86
1975,BIA,JW,pl,10755.1,53880.8,64636
1975,BIA,JW,yi,14359.8,38014.5,42216
1975,BIA,JW,de,6.98996,28.7198,23.7298
1975,BIA,JW,ru,12.805,42.8706,41.2373
1975,BIA,JW,lt,30.7714,119.385,56.413
1975,BIA,JH,pl,323.585,632.703,956.289
1975,BIA,JH,yi,25335.5,64950.7,54713.9
1975,BIA,PR,pl,3694.73,4923.63,8618.36
1975,BIA,PR,de,4742.74,5147.59,6561.48
1975,BIA,PR,lt,22.4356,86.4361,37.3139
1975,BIA,PR,cs,9.24209,34.5351,29.4814
1975,BIA,PR,lv,21.0516,81.2934,37.789
1975,BIA,OT,pl,2941.34,2857.91,5799.25
1975,BIA,OT,lt,1.2057,4.32793,1.74134
1975,BIA,OT,kdr,2.22914,8.15614,8.12471
1975,BIA,OT,oth,391.504,403.756,547.784
1975,WIL,RC,pl,457055,387563,844618
1975,WIL,RC,uk,0.578111,2.14707,1.82455
1975,WIL,RC,be,20765.6,8660.55,21658.1
1975,WIL,RC,pls,95.4762,150.83,181.891
1975,WIL,RC,de,167.818,399.708,408.292
1975,WIL,RC,ru,31.2084,17.3844,33.4848
1975,WIL,RC,lt,43777.6,27818.3,43214.8
1975,WIL,RC,csb,181.721,629.725,657.794
1975,WIL,RC,cs,33.9688,118.186,102.057
1975,WIL,RC,rom,680.454,600.51,894.317
1975,WIL,RC,wym,0.514661,1.63706,1.882
1975,WIL,RC,oth,596.816,490.186,815.868
1975,WIL,GC,pl,335.875,1361.99,1697.87
1975,WIL,GC,uk,1229.53,4658.93,4105.72
1975,WIL,GC,rue,69.8079,261.506,240.938
1975,WIL,OR,pl,104582,73601.2,178184
1975,WIL,OR,uk,1964.86,6990.06,5925.87
1975,WIL,OR,be,203025,101200,204041
1975,WIL,OR,pls,4839.64,4712.73,6581.95
1975,WIL,OR,ru,29127.7,18983.1,33078.4
1975,WIL,OR,lt,34.5163,29.4791,33.8127
1975,WIL,OR,rue,3.3892,11.8481,10.8091
1975,WIL,OR,cs,20.1118,69.8778,57.7332
1975,WIL,JW,pl,4729.26,24480.6,29209.9
1975,WIL,JW,yi,7123.77,20302.2,21891.1
1975,WIL,JW,de,2.2853,10.3023,8.02075
1975,WIL,JW,ru,10.0271,37.9573,35.7235
1975,WIL,JW,lt,65.344,211.622,130.111
1975,WIL,JH,pl,143.399,360.183,503.582
1975,WIL,JH,yi,11958.2,31653,26705.2
1975,WIL,PR,pl,1787.25,2586.8,4374.04
1975,WIL,PR,de,968.028,1976.24,1902.73
1975,WIL,PR,lt,31.4082,124.136,55.8267
1975,WIL,PR,cs,4.48889,17.3229,14.6633
1975,WIL,PR,lv,22.0695,87.7729,41.6091
1975,WIL,OT,pl,2812.49,2665.31,5477.8
1975,WIL,OT,lt,2.68164,6.63138,3.65327
1975,WIL,OT,kdr,120.369,123.464,196.406
1975,WIL,OT,oth,355.938,353.253,489.419
1975,NOW,RC,pl,393222,232067,625289
1975,NOW,RC,uk,0.764895,2.64222,2.22243
1975,NOW,RC,be,12537,4412.77,11952.4
1975,NOW,RC,pls,42.0191,125.813,122.423
1975,NOW,RC,de,90.5155,282.41,263.237
1975,NOW,RC,ru,4.65464,2.45985,4.59343
1975,NOW,RC,lt,1589.94,2764.69,2042.39
1975,NOW,RC,csb,144.014,444,465.335
1975,NOW,RC,cs,43.2745,132.653,114.831
1975,NOW,RC,rom,849.829,489.012,885.57
1975,NOW,RC,wym,0.446392,1.27278,1.48655
1975,NOW,RC,oth,44.3741,131.184,135.596
1975,NOW,GC,pl,365.267,1325.41,1690.67
1975,NOW,GC,uk,1456.27,4958.77,4382.29
1975,NOW,GC,rue,69.2258,232.953,215.35
1975,NOW,OR,pl,229841,96007.8,325849
1975,NOW,OR,uk,2740.67,8364.69,7174.83
1975,NOW,OR,be,403350,134982,339434
1975,NOW,OR,pls,1138.95,3223.31,3055.44
1975,NOW,OR,ru,12841.9,5810.63,12030.1
1975,NOW,OR,lt,0.974082,3.04978,1.31929
1975,NOW,OR,rue,3.87943,11.6154,10.7391
1975,NOW,OR,cs,26.6442,79.5467,66.3911
1975,NOW,JW,pl,5453.48,15801.3,21254.8
1975,NOW,JW,yi,8830.37,12808.7,16691.6
1975,NOW,JW,de,1.53682,6.77318,5.35829
1975,NOW,JW,ru,4.0346,8.33342,8.85439
1975,NOW,JW,lt,10.2377,40.6635,16.4474
1975,NOW,JH,pl,164.775,241.125,405.899
1975,NOW,JH,yi,14426.4,19997.3,19901.4
1975,NOW,PR,pl,2364.49,2138.84,4503.33
1975,NOW,PR,de,314.001,1156.11,958.084
1975,NOW,PR,lt,9.08142,34.0947,14.2628
1975,NOW,PR,cs,5.41779,19.54,16.5399
1975,NOW,PR,lv,9.71025,35.9897,16.134
1975,NOW,OT,pl,2147.72,1510.38,3658.1
1975,NOW,OT,lt,0.44881,1.65717,0.614901
1975,NOW,OT,kdr,1.05238,3.65993,3.64135
1975,NOW,OT,oth,22.5537,91.216,65.6009
1975,POL,RC,pl,229590,193665,423255
1975,POL,RC,uk,1.63745,5.23087,4.36829
1975,POL,RC,be,2405.85,1335.65,2576.29
1975,POL,RC,pls,10520.4,3626.9,9249.46
1975,POL,RC,de,144.947,416.21,387.85
1975,POL,RC,ru,2.5167,1.72611,2.68066
1975,POL,RC,lt,768.262,2256.16,1216.97
1975,POL,RC,csb,233.418,662.68,695.313
1975,POL,RC,cs,62.4997,177.997,152.929
1975,POL,RC,rom,486.449,459.831,611.118
1975,POL,RC,wym,0.707247,1.90815,2.23108
1975,POL,RC,oth,378.955,333.884,500.974
1975,POL,GC,pl,599.794,1966.8,2566.59
1975,POL,GC,uk,3468.02,10630.2,9379.71
1975,POL,GC,rue,116.627,354.286,327.459
1975,POL,OR,pl,312929,164618,477547
1975,POL,OR,uk,69182.5,40935.5,64043.5
1975,POL,OR,be,75472.6,36065.7,69416.5
1975,POL,OR,pls,724301,254277,604940
1975,POL,OR,ru,15585.3,8929.49,15503.8
1975,POL,OR,lt,0.843292,2.83,1.1022
1975,POL,OR,rue,6.02975,17.8354,16.2189
1975,POL,OR,cs,36.6254,108.644,88.7855
1975,POL,JW,pl,4864.77,22263.8,27128.6
1975,POL,JW,yi,7694.11,20170.5,21783
1975,POL,JW,de,2.13752,9.90616,7.85234
1975,POL,JW,ru,5.85607,19.6306,18.6755
1975,POL,JW,lt,9.58476,38.2399,14.3032
1975,POL,JH,pl,152.445,334.3,486.745
1975,POL,JH,yi,13275.8,34284.5,27437.3
1975,POL,PR,pl,5370.31,5272.16,10642.5
1975,POL,PR,de,473.008,1611.12,1363.26
1975,POL,PR,lt,8.55401,29.8843,11.6149
1975,POL,PR,cs,7.78339,26.0103,22.029
1975,POL,PR,lv,9.03638,31.0556,13.1999
1975,POL,OT,pl,3739.08,3135.15,6874.23
1975,POL,OT,lt,0.476215,1.59098,0.555651
1975,POL,OT,kdr,1.10012,3.44676,3.41818
1975,POL,OT,oth,302.636,243.875,361.763
1975,WOL,RC,pl,387070,302604,689675
1975,WOL,RC,uk,661.775,274.993,522.222
1975,WOL,RC,be,279.527,482.667,551.974
1975,WOL,RC,pls,61.4904,177.122,170.271
1975,WOL,RC,de,3302.29,1926.8,3238.99
1975,WOL,RC,ru,0.327519,0.692537,0.683511
1975,WOL,RC,lt,728.093,2209.96,1165
1975,WOL,RC,csb,252.552,741.586,771.754
1975,WOL,RC,cs,14250.9,5354.69,11396.5
1975,WOL,RC,rom,1355.83,915.122,1445.38
1975,WOL,RC,wym,0.838514,2.36662,2.73377
1975,WOL,RC,oth,1314.51,813.495,1457.52
1975,WOL,GC,pl,1106.27,3969.34,5075.61
1975,WOL,GC,uk,16288.4,50984.4,44325.6
1975,WOL,GC,rue,186.955,579.276,530.446
1975,WOL,OR,pl,30636.8,29971.1,60607.9
1975,WOL,OR,uk,1.65262e+06,683003,1.32745e+06
1975,WOL,OR,be,4130.89,7493.05,7803.4
1975,WOL,OR,pls,1549.3,4472.69,4149.27
1975,WOL,OR,ru,21278.8,11568.9,20794.3
1975,WOL,OR,lt,0.795599,2.68074,1.00947
1975,WOL,OR,rue,11.6421,35.0627,31.6611
1975,WOL,OR,cs,11817.7,4700.21,9201.9
1975,WOL,JW,pl,9057.16,38169,47226.2
1975,WOL,JW,yi,15455.1,34244.5,38614.4
1975,WOL,JW,de,39.3034,77.9746,76.5504
1975,WOL,JW,ru,9.53776,23.7944,24.0786
1975,WOL,JW,lt,9.39746,37.972,13.8912
1975,WOL,JH,pl,312.208,571.434,883.642
1975,WOL,JH,yi,27133.9,57993.1,48627.1
1975,WOL,PR,pl,9002.97,7930.07,16933
1975,WOL,PR,de,24813,14369.9,24072.8
1975,WOL,PR,lt,7.83439,29.1232,10.8492
1975,WOL,PR,cs,2211.21,966.711,1951.62
1975,WOL,PR,lv,8.31372,30.5386,12.4086
1975,WOL,OT,pl,19347.5,12859.3,32206.7
1975,WOL,OT,lt,0.438388,1.56035,0.532151
1975,WOL,OT,kdr,19.6926,17.4988,28.0016
1975,WOL,OT,oth,1029.3,652.294,1150.12
1975,POZ,RC,pl,1.0563e+06,1.24532e+06,2.30161e+06
1975,POZ,RC,uk,1.72518,6.45365,5.57036
1975,POZ,RC,be,287.578,939.971,952.199
1975,POZ,RC,pls,88.2986,303.968,298.454
1975,POZ,RC,de,10459.8,9762.01,15083.8
1975,POZ,RC,ru,0.264729,0.954517,0.898201
1975,POZ,RC,lt,1498.76,5611.18,3225.83
1975,POZ,RC,csb,1241.72,4353.37,4640.5
1975,POZ,RC,cs,96.3244,341.51,300.517
1975,POZ,RC,rom,524.467,1204.6,1270.94
1975,POZ,RC,wym,2.23266,7.136,8.29538
1975,POZ,RC,oth,206.993,696.17,730.321
1975,POZ,GC,pl,1198.76,5050.9,6249.66
1975,POZ,GC,uk,4204.5,16141.2,14460.3
1975,POZ,GC,rue,273.093,1031.18,964.352
1975,POZ,OR,pl,5470.73,23692.7,29163.4
1975,POZ,OR,uk,5423.98,20585.1,17703.5
1975,POZ,OR,be,3423.84,12168.1,11468.6
1975,POZ,OR,pls,2035.78,6780.4,6475.24
1975,POZ,OR,ru,747.266,2747.38,2499.89
1975,POZ,OR,lt,1.55657,5.88276,2.4686
1975,POZ,OR,rue,10.5294,39.2586,36.3146
1975,POZ,OR,cs,53.2289,195.183,164.811
1975,POZ,JW,pl,7411.88,34134.9,41546.8
1975,POZ,JW,yi,3613.35,12029.6,12862
1975,POZ,JW,de,31.7278,147.816,124.436
1975,POZ,JW,ru,1.45975,5.4442,4.99574
1975,POZ,JW,lt,23.0738,88.7148,36.7468
1975,POZ,JH,pl,71.3962,387.162,458.558
1975,POZ,JH,yi,4183.35,16017.5,12643.7
1975,POZ,PR,pl,25058.7,30258.5,55317.1
1975,POZ,PR,de,76172.2,68259,100887
1975,POZ,PR,lt,18.8699,73.4026,31.8188
1975,POZ,PR,cs,13.2568,49.3202,42.8717
1975,POZ,PR,lv,19.5939,75.6106,35.797
1975,POZ,OT,pl,3508.69,4665.79,8174.48
1975,POZ,OT,lt,0.965062,3.66464,1.44206
1975,POZ,OT,kdr,2.28544,8.54278,8.58153
1975,POZ,OT,oth,71.807,463.427,275.754
1975,POM,RC,pl,565355,704798,1.27015e+06
1975,POM,RC,uk,1.43431,5.25007,4.52806
1975,POM,RC,be,234.565,733.755,749.624
1975,POM,RC,pls,71.6511,236.631,233.514
1975,POM,RC,de,6756.85,6181.31,9503.3
1975,POM,RC,ru,0.212837,0.75002,0.70569
1975,POM,RC,lt,1214.45,4347.17,2494.98
1975,POM,RC,csb,124328,48692.4,139963
1975,POM,RC,cs,77.357,263,232.252
1975,POM,RC,rom,398.766,897.722,945.884
1975,POM,RC,wym,1.63953,5.05193,5.91172
1975,POM,RC,oth,862.45,1151.54,1606.01
1975,POM,GC,pl,936.553,3773.44,4710
1975,POM,GC,uk,3463.01,12798.7,11495.4
1975,POM,GC,rue,207.023,751.638,705.785
1975,POM,OR,pl,4414.71,17947.5,22362.3
1975,POM,OR,uk,4565.01,16385.2,14196.4
1975,POM,OR,be,2832.04,9549.74,9067.11
1975,POM,OR,pls,1667.4,5286.34,5083.75
1975,POM,OR,ru,614.889,2134.24,1957.05
1975,POM,OR,lt,1.26658,4.63241,1.93728
1975,POM,OR,rue,8.49648,29.9239,27.9055
1975,POM,OR,cs,43.2616,150.351,127.624
1975,POM,JW,pl,5663.07,24351,30014.1
1975,POM,JW,yi,2916.98,9272.19,9986.86
1975,POM,JW,de,25.4034,115.245,97.6222
1975,POM,JW,ru,1.15876,4.27802,3.94661
1975,POM,JW,lt,18.3444,69.0075,28.6431
1975,POM,JH,pl,57.399,294.578,351.977
1975,POM,JH,yi,3469.9,12796.1,10048.1
1975,POM,PR,pl,14042.6,16878.1,30920.7
1975,POM,PR,de,47152.8,41126.4,61248.7
1975,POM,PR,lt,15.5204,58.3438,24.9413
1975,POM,PR,cs,10.4845,37.6454,32.9266
1975,POM,PR,lv,15.496,57.6221,27.1843
1975,POM,OT,pl,435.23,1666.57,2101.8
1975,POM,OT,lt,0.781217,2.89223,1.12801
1975,POM,OT,kdr,1.80798,6.53357,6.58163
1975,POM,OT,oth,58.8337,328.755,208.996
1975,SLA,RC,pl,782533,924084,1.70662e+06
1975,SLA,RC,uk,2.63408,9.4979,8.22289
1975,SLA,RC,be,326.619,990.276,1020.19
1975,SLA,RC,pls,106.494,339.874,339.225
1975,SLA,RC,de,27095.8,22101.9,37581.3
1975,SLA,RC,ru,0.294173,0.997987,0.951446
1975,SLA,RC,lt,1629.96,5732.53,3314.51
1975,SLA,RC,csb,943.457,3083.87,3331.12
1975,SLA,RC,cs,126.539,417.2,372.513
1975,SLA,RC,rom,656.729,1466.22,1565.65
1975,SLA,RC,wym,4.4477,12.8496,15.3625
1975,SLA,RC,oth,669.033,1091.31,1417.88
1975,SLA,GC,pl,2153.7,8340.81,10494.5
1975,SLA,GC,uk,8229.11,28889.3,26571.3
1975,SLA,GC,rue,529.148,1817.46,1746.07
1975,SLA,OR,pl,6415.47,25750.4,32165.8
1975,SLA,OR,uk,7990.59,28094.5,24619.9
1975,SLA,OR,be,3931.86,12909.7,12416.8
1975,SLA,OR,pls,2427.58,7498.05,7294.25
1975,SLA,OR,ru,841.768,2859.13,2656.9
1975,SLA,OR,lt,1.68394,5.97951,2.52626
1975,SLA,OR,rue,18.3263,62.8721,59.3928
1975,SLA,OR,cs,69.5599,235.529,203.007
1975,SLA,JW,pl,10797,48097.6,58894.7
1975,SLA,JW,yi,5002.23,14960.1,16449.5
1975,SLA,JW,de,28.4286,139.549,119.129
1975,SLA,JW,ru,1.71767,5.95174,5.6016
1975,SLA,JW,lt,25.5767,91.2644,38.7844
1975,SLA,JH,pl,94.8893,475.991,570.88
1975,SLA,JH,yi,5798.4,20554.7,16552.6
1975,SLA,PR,pl,35271.4,27509.4,62780.8
1975,SLA,PR,de,12567.8,18936.3,22376.9
1975,SLA,PR,lt,20.0464,72.4814,31.8126
1975,SLA,PR,cs,17.5869,59.96,53.1404
1975,SLA,PR,lv,21.1712,75.4303,35.9422
1975,SLA,OT,pl,4277.28,4672.64,8949.92
1975,SLA,OT,lt,1.05602,3.74259,1.50138
1975,SLA,OT,kdr,2.7541,9.29685,9.6135
1975,SLA,OT,oth,479.603,824.953,863.799
1975,KRA,RC,pl,1.24698e+06,1.04487e+06,2.29185e+06
1975,KRA,RC,uk,1.67702,6.28556,5.39551
1975,KRA,RC,be,216.25,694.423,704.854
1975,KRA,RC,pls,72.8332,246.233,241.907
1975,KRA,RC,de,2655.98,2717.25,3945.36
1975,KRA,RC,ru,0.196038,0.701825,0.65936
1975,KRA,RC,lt,1084.3,3968.37,2276.62
1975,KRA,RC,csb,537.069,1853.06,1967.86
1975,KRA,RC,cs,89.4827,310.953,273.474
1975,KRA,RC,rom,3774.33,2681.47,4702.07
1975,KRA,RC,wym,355.346,128.39,428.442
1975,KRA,RC,oth,1019.3,1067.71,1639.25
1975,KRA,GC,pl,20234.2,17452.4,37686.6
1975,KRA,GC,uk,5662.94,21270.8,19118.9
1975,KRA,GC,rue,47612.7,17833,45277.9
1975,KRA,OR,pl,4575.51,18782.6,23358.1
1975,KRA,OR,uk,5402.01,19634,17015.1
1975,KRA,OR,be,2706.6,9279.63,8791.06
1975,KRA,OR,pls,1727.82,5592.15,5356.82
1975,KRA,OR,ru,587.344,2072.1,1898.57
1975,KRA,OR,lt,1.14116,4.21827,1.7693
1975,KRA,OR,rue,18.8309,66.7003,61.7965
1975,KRA,OR,cs,50.8222,179.168,151.95
1975,KRA,JW,pl,11855.7,70614.7,82470.4
1975,KRA,JW,yi,8446.96,28179.2,30529.3
1975,KRA,JW,de,7.12635,33.3654,27.9547
1975,KRA,JW,ru,1.10423,4.50071,4.07247
1975,KRA,JW,lt,16.5154,64.9482,27.187
1975,KRA,JH,pl,227.4,971.302,1198.7
1975,KRA,JH,yi,15231.2,54375,44235.6
1975,KRA,PR,pl,1464.41,5345.34,6809.75
1975,KRA,PR,de,3428.16,5912.93,6473.77
1975,KRA,PR,lt,13.1967,51.2473,22.1826
1975,KRA,PR,cs,12.2057,45.4342,39.2932
1975,KRA,PR,lv,14.0921,54.3898,25.4699
1975,KRA,OT,pl,479.616,1866.32,2345.94
1975,KRA,OT,lt,0.694458,2.62309,1.02514
1975,KRA,OT,kdr,1.86369,6.85564,6.91076
1975,KRA,OT,oth,64.514,313.47,223.961
1975,LWO,RC,pl,876877,919534,1.79641e+06
1975,LWO,RC,uk,11.9252,43.5024,36.5518
1975,LWO,RC,be,265.345,878.574,878.557
1975,LWO,RC,pls,101.742,356.958,344.139
1975,LWO,RC,de,2221.44,2463.08,3383.85
1975,LWO,RC,ru,0.242794,0.89029,0.821269
1975,LWO,RC,lt,1239.22,4684.96,2536.54
1975,LWO,RC,csb,494.268,1780.93,1852.26
1975,LWO,RC,cs,195.87,703.017,607.106
1975,LWO,RC,rom,3239.84,2631.24,4217.28
1975,LWO,RC,wym,2.39991,7.71368,8.89543
1975,LWO,RC,oth,2670.55,2117.28,3659.68
1975,LWO,GC,pl,119105,82411.4,201517
1975,LWO,GC,uk,777466,420120,809994
1975,LWO,GC,rue,41123,17010.6,40038.8
1975,LWO,OR,pl,11373.8,28914.6,40288.4
1975,LWO,OR,uk,34138,113479,99529.9
1975,LWO,OR,be,3445.2,12228.6,11435.2
1975,LWO,OR,pls,2427.68,8147.64,7690.81
1975,LWO,OR,ru,792.763,2892.96,2624.11
1975,LWO,OR,lt,1.36702,5.10196,2.01663
1975,LWO,OR,rue,3304.05,1285.52,3106.65
1975,LWO,OR,cs,112.266,407.959,342.661
1975,LWO,JW,pl,27532.7,149428,176961
1975,LWO,JW,yi,15691.8,48596.9,52871.2
1975,LWO,JW,de,9.45003,40.1764,33.7742
1975,LWO,JW,ru,1.52681,6.54109,5.84999
1975,LWO,JW,lt,19.876,79.3433,31.4806
1975,LWO,JH,pl,384.825,1202.33,1587.15
1975,LWO,JH,yi,28931.8,87830.6,73086.5
1975,LWO,PR,pl,6964.55,9218.62,16183.2
1975,LWO,PR,de,5523.63,7462.99,8787.13
1975,LWO,PR,lt,15.2759,60.0217,23.9986
1975,LWO,PR,cs,27.1697,103.607,88.4387
1975,LWO,PR,lv,16.1286,63.2483,27.4567
1975,LWO,OT,pl,2673.16,4450.92,7124.09
1975,LWO,OT,lt,0.840285,3.22754,1.18637
1975,LWO,OT,kdr,2.7829,10.575,10.5776
1975,LWO,OT,oth,1224.52,1156.56,1711.42
1975,STA,RC,pl,143146,197596,340742
1975,STA,RC,uk,5.77326,19.7908,16.5716
1975,STA,RC,be,84.4203,268.381,268.494
1975,STA,RC,pls,32.2679,109.361,104.913
1975,STA,RC,de,2626.28,1661.46,2984.33
1975,STA,RC,lt,395.411,1433.55,749.368
1975,STA,RC,csb,158.171,549.18,570.799
1975,STA,RC,cs,62.3379,214.673,183.836
1975,STA,RC,rom,1184.56,874.853,1448.89
1975,STA,RC,wym,0.775493,2.37688,2.75576
1975,STA,RC,oth,1505.75,1028.54,1882.81
1975,STA,GC,pl,56655.8,37125,93780.7
1975,STA,GC,uk,777956,346960,730401
1975,STA,GC,rue,164.276,600.607,551.857
1975,STA,OR,pl,1816.78,7667.06,9483.84
1975,STA,OR,uk,14414.9,46082.7,39699
1975,STA,OR,be,1118.94,3829.5,3537.46
1975,STA,OR,pls,803.225,2627.39,2448.41
1975,STA,OR,ru,259.166,907.427,811.411
1975,STA,OR,lt,0.455406,1.66711,0.621896
1975,STA,OR,rue,10.6214,37.0174,33.7092
1975,STA,OR,cs,36.7024,127.851,105.398
1975,STA,JW,pl,7307.68,37495.7,44803.4
1975,STA,JW,yi,6222.78,19102.8,20428
1975,STA,JW,de,7.37815,26.8975,23.2498
1975,STA,JW,ru,0.483925,2.03204,1.79456
1975,STA,JW,lt,6.40968,25.0338,9.35504
1975,STA,JH,pl,142.872,382.624,525.496
1975,STA,JH,yi,11766.1,34592.3,28177.8
1975,STA,PR,pl,834.178,1927.99,2762.17
1975,STA,PR,de,6274.39,4667.38,7148.03
1975,STA,PR,lt,4.88648,18.6927,6.99997
1975,STA,PR,cs,8.56367,31.6049,26.7316
1975,STA,PR,lv,5.14347,19.5808,7.994
1975,STA,OT,pl,1412.26,1824.56,3236.83
1975,STA,OT,lt,0.272813,1.03833,0.359663
1975,STA,OT,kdr,28.7491,31.7388,48.9098
1975,STA,OT,oth,770.203,573.44,974.096
1975,TAR,RC,pl,337791,288863,626654
1975,TAR,RC,uk,4.38159,16.07,13.3079
1975,TAR,RC,be,78.8371,254.938,255.48
1975,TAR,RC,pls,30.0239,104.191,99.8515
1975,TAR,RC,de,547.669,648.171,856.087
1975,TAR,RC,lt,366.439,1360.89,720.318
1975,TAR,RC,csb,147.017,522.815,541.893
1975,TAR,RC,cs,61.0914,216.332,184.964
1975,TAR,RC,rom,599.688,584.903,844.554
1975,TAR,RC,wym,0.733652,2.27575,2.64142
1975,TAR,RC,oth,367.074,374.72,564.509
1975,TAR,GC,pl,87785.8,50276.6,138062
1975,TAR,GC,uk,514826,236240,497688
1975,TAR,GC,rue,153.13,572.826,527.491
1975,TAR,OR,pl,1781.9,7514.67,9296.57
1975,TAR,OR,uk,13287.5,40108,35477.8
1975,TAR,OR,be,1025.39,3618.2,3354.22
1975,TAR,OR,pls,740.558,2497.92,2334.06
1975,TAR,OR,ru,240.666,870.645,782.132
1975,TAR,OR,lt,0.418961,1.55795,0.593085
1975,TAR,OR,rue,9.67561,35.0859,32.084
1975,TAR,OR,cs,35.4943,127.93,105.979
1975,TAR,JW,pl,9137.72,39673.5,48811.2
1975,TAR,JW,yi,5272.87,13993.4,15592.6
1975,TAR,JW,de,2.31864,9.71512,8.06978
1975,TAR,JW,ru,0.462747,1.85919,1.66402
1975,TAR,JW,lt,6.01756,23.2434,8.81896
1975,TAR,JH,pl,118.387,364.446,482.833
1975,TAR,JH,yi,9652.98,25067.7,21348.4
1975,TAR,PR,pl,1768.07,2340.89,4108.95
1975,TAR,PR,de,1407.5,2009.99,2289.36
1975,TAR,PR,lt,4.59041,17.7245,6.86048
1975,TAR,PR,cs,8.5187,31.8927,27.0699
1975,TAR,PR,lv,4.84144,18.6462,7.86885
1975,TAR,OT,pl,2967.27,2404.8,5372.07
1975,TAR,OT,lt,0.254534,0.954557,0.338475
1975,TAR,OT,kdr,0.854324,3.14784,3.16434
1975,TAR,OT,oth,309.259,281.268,422.391
1975,LT_KAU,RC,pl,8881.73,11767.4,13941.4
1975,LT_KAU,RC,be,51.8806,165.247,151.75
1975,LT_KAU,RC,pls,1.92303,6.96691,3.62922
1975,LT_KAU,RC,de,17.7387,64.7097,45.9231
1975,LT_KAU,RC,ru,0.123988,0.594377,0.491318
1975,LT_KAU,RC,lt,119001,165303,284304
1975,LT_KAU,RC,csb,9.80009,36.0305,16.8796
1975,LT_KAU,RC,cs,1.85119,6.78826,3.068
1975,LT_KAU,RC,rom,438.074,513.988,700.311
1975,LT_KAU,RC,oth,3.34978,12.0611,6.0261
1975,LT_KAU,GC,pl,5.89607,22.5158,9.93264
1975,LT_KAU,GC,uk,56.0904,213.047,96.475
1975,LT_KAU,GC,lt,0.550973,3.99387,4.54485
1975,LT_KAU,GC,rue,3.52794,13.3275,6.16321
1975,LT_KAU,OR,pl,55.3931,197.393,107.872
1975,LT_KAU,OR,uk,85.3132,327.93,160.2
1975,LT_KAU,OR,be,132.426,479.481,268.619
1975,LT_KAU,OR,pls,44.5503,159.314,81.7431
1975,LT_KAU,OR,ru,5623.65,8422.81,10318.9
1975,LT_KAU,OR,lt,477.775,1313.16,1790.94
1975,LT_KAU,OR,rue,0.161702,0.599409,0.280158
1975,LT_KAU,OR,cs,0.97876,3.61121,1.65433
1975,LT_KAU,JW,pl,45.915,297.875,185.097
1975,LT_KAU,JW,yi,1874.71,15015.3,12874.7
1975,LT_KAU,JW,de,4.4177,38.6961,30.6144
1975,LT_KAU,JW,ru,2.38804,42.1652,34.4369
1975,LT_KAU,JW,lt,890.062,10966.1,11856.1
1975,LT_KAU,JH,pl,0.766228,2.60639,1.41056
1975,LT_KAU,JH,yi,130.507,578.675,277.349
1975,LT_KAU,PR,pl,10.6418,35.3105,20.5159
1975,LT_KAU,PR,de,3509.49,5021.31,5960.5
1975,LT_KAU,PR,lt,1356.78,2872.99,4229.77
1975,LT_KAU,PR,cs,0.247283,0.938461,0.424564
1975,LT_KAU,PR,lv,110.69,413.985,378.133
1975,LT_KAU,OT,pl,489.239,482.752,707.391
1975,LT_KAU,OT,lt,266.469,801.153,1067.62
1975,LT_KAU,OT,kdr,0.826069,3.06552,2.96026
1975,LT_KAU,OT,oth,835.341,1372.98,1715.85
1975,LT_LAU,RC,pl,16842,7468.04,16554.3
1975,LT_LAU,RC,be,51.658,156.082,151.709
1975,LT_LAU,RC,pls,1.31127,4.56617,2.37805
1975,LT_LAU,RC,de,13.1972,45.7435,34.9018
1975,LT_LAU,RC,ru,0.101844,0.400217,0.345458
1975,LT_LAU,RC,lt,343518,169645,513163
1975,LT_LAU,RC,csb,6.69454,23.6893,11.0831
1975,LT_LAU,RC,cs,1.2668,4.47031,2.0135
1975,LT_LAU,RC,rom,35.6804,120.446,111.024
1975,LT_LAU,RC,oth,2.0965,7.25405,3.61222
1975,LT_LAU,GC,pl,3.46479,12.8173,5.52585
1975,LT_LAU,GC,uk,37.7364,138.802,62.1881
1975,LT_LAU,GC,lt,0.359641,2.40878,2.76842
1975,LT_LAU,GC,rue,2.39676,8.78053,4.02052
1975,LT_LAU,OR,pl,35.1491,107.26,57.0578
1975,LT_LAU,OR,uk,58.0256,214.971,103.95
1975,LT_LAU,OR,be,91.6559,320.657,178.448
1975,LT_LAU,OR,pls,30.6191,106.737,54.6532
1975,LT_LAU,OR,ru,8571.31,4469.33,9198.19
1975,LT_LAU,OR,lt,705.742,650.51,1356.25
1975,LT_LAU,OR,rue,0.111189,0.401353,0.185413
1975,LT_LAU,OR,cs,0.673105,2.41656,1.09273
1975,LT_LAU,JW,pl,39.8615,128.833,81.9039
1975,LT_LAU,JW,yi,5674.07,10882.4,12325.4
1975,LT_LAU,JW,de,2.84239,13.1466,11.0631
1975,LT_LAU,JW,ru,3.24504,11.7569,11.1595
1975,LT_LAU,JW,lt,2076.63,7434.53,9511.17
1975,LT_LAU,JH,pl,1.0109,1.598,1.09883
1975,LT_LAU,JH,yi,138.456,403.91,217.338
1975,LT_LAU,PR,pl,5.51548,17.1292,8.94268
1975,LT_LAU,PR,de,1972.5,2163.2,2844.34
1975,LT_LAU,PR,lt,748.464,2305.71,3054.17
1975,LT_LAU,PR,cs,0.168132,0.623614,0.28106
1975,LT_LAU,PR,lv,838.225,683.353,1073.52
1975,LT_LAU,OT,pl,8.40399,24.2149,20.5648
1975,LT_LAU,OT,lt,192.126,220.487,412.614
1975,LT_LAU,OT,kdr,42.2515,22.4348,51.8764
1975,LT_LAU,OT,oth,790.292,469.223,951.329
1975,LT_ZEM,RC,pl,4782.74,3932.48,5611.05
1975,LT_ZEM,RC,be,52.6901,161.046,153.521
1975,LT_ZEM,RC,pls,1.58037,5.51766,2.90742
1975,LT_ZEM,RC,de,18.078,62.7177,48.6625
1975,LT_ZEM,RC,lt,397869,194566,592435
1975,LT_ZEM,RC,csb,8.05753,28.5721,13.5436
1975,LT_ZEM,RC,cs,1.52337,5.38861,2.45618
1975,LT_ZEM,RC,rom,250.205,195.048,317.916
1975,LT_ZEM,RC,oth,2.53823,8.80032,4.43653
1975,LT_ZEM,GC,pl,3.30701,12.2604,5.34724
1975,LT_ZEM,GC,uk,45.7107,168.436,76.3818
1975,LT_ZEM,GC,lt,0.437762,2.92812,3.36589
1975,LT_ZEM,GC,rue,2.89561,10.6267,4.9235
1975,LT_ZEM,OR,pl,27.4235,97.9393,48.6606
1975,LT_ZEM,OR,uk,70.3166,257.035,126.449
1975,LT_ZEM,OR,be,111.372,385.055,217.385
1975,LT_ZEM,OR,pls,37.2333,128.549,66.8963
1975,LT_ZEM,OR,ru,5050.89,3331.11,5938.86
1975,LT_ZEM,OR,lt,437.636,522.566,960.202
1975,LT_ZEM,OR,rue,0.13431,0.479033,0.224989
1975,LT_ZEM,OR,cs,0.813359,2.8865,1.3269
1975,LT_ZEM,JW,pl,23.6532,95.2058,48.2505
1975,LT_ZEM,JW,yi,5703.02,11858.7,13081
1975,LT_ZEM,JW,de,4.39323,20.0567,16.8692
1975,LT_ZEM,JW,ru,1.86583,8.41813,7.62482
1975,LT_ZEM,JW,lt,2115.31,8168.65,10284
1975,LT_ZEM,JH,pl,0.701858,1.18589,0.757918
1975,LT_ZEM,JH,yi,153.459,470.388,248.597
1975,LT_ZEM,PR,pl,4.33132,15.6299,7.4982
1975,LT_ZEM,PR,de,3993.21,3351.57,5031.98
1975,LT_ZEM,PR,lt,5495.73,3986.23,9481.96
1975,LT_ZEM,PR,cs,0.20167,0.750448,0.340647
1975,LT_ZEM,PR,lv,4846.37,1685.12,4550.47
1975,LT_ZEM,OT,pl,6.57036,22.4072,18.1865
1975,LT_ZEM,OT,lt,221.54,260.107,481.647
1975,LT_ZEM,OT,kdr,1.02551,3.65594,3.64343
1975,LT_ZEM,OT,oth,941.182,566.924,1138.61
1975,LT_SUV,RC,pl,7467.98,4580.69,7816.77
1975,LT_SUV,RC,be,1246.58,337.387,1209.88
1975,LT_SUV,RC,pls,1.83082,6.37509,3.3325
1975,LT_SUV,RC,de,16.0601,56.3221,38.7315
1975,LT_SUV,RC,ru,0.435506,0.354284,0.537498
1975,LT_SUV,RC,lt,320430,143294,463724
1975,LT_SUV,RC,csb,9.36856,33.1894,15.6083
1975,LT_SUV,RC,cs,1.74497,6.16565,2.77963
1975,LT_SUV,RC,rom,1124.14,391.309,1087.06
1975,LT_SUV,RC,oth,2.8622,9.91376,4.90953
1975,LT_SUV,GC,pl,4.35025,16.3536,7.14568
1975,LT_SUV,GC,uk,54.5076,203.627,92.1168
1975,LT_SUV,GC,lt,0.536832,3.88131,4.41814
1975,LT_SUV,GC,rue,3.41335,12.6855,5.86592
1975,LT_SUV,OR,pl,32.7074,115.557,57.25
1975,LT_SUV,OR,uk,82.2492,300.344,148.214
1975,LT_SUV,OR,be,114.903,399.293,221.615
1975,LT_SUV,OR,pls,43.8373,151.326,78.7926
1975,LT_SUV,OR,ru,4130.8,2397.67,4632.79
1975,LT_SUV,OR,lt,383.819,422.08,805.899
1975,LT_SUV,OR,rue,0.15684,0.562082,0.264972
1975,LT_SUV,OR,cs,0.937635,3.34256,1.53273
1975,LT_SUV,JW,pl,32.3999,120.708,63.5799
1975,LT_SUV,JW,yi,5118.85,8545.29,10104.4
1975,LT_SUV,JW,de,10.5605,27.3404,26.0999
1975,LT_SUV,JW,ru,1.70415,6.41967,6.06018
1975,LT_SUV,JW,lt,1986.55,6321.43,8307.98
1975,LT_SUV,JH,pl,0.92757,1.60601,1.04908
1975,LT_SUV,JH,yi,157.872,471.285,244.162
1975,LT_SUV,PR,pl,7.21785,20.9901,11.2782
1975,LT_SUV,PR,de,11990.1,4883.54,11434.7
1975,LT_SUV,PR,lt,1006.38,1864.81,2871.18
1975,LT_SUV,PR,cs,0.234023,0.864464,0.39013
1975,LT_SUV,PR,lv,85.0127,307.487,280.974
1975,LT_SUV,OT,pl,8.1557,26.6018,21.6609
1975,LT_SUV,OT,lt,201.521,208.972,410.493
1975,LT_SUV,OT,kdr,0.633572,2.24654,2.18076
1975,LT_SUV,OT,oth,793.893,421.801,918.969
1975,LT_NEA,RC,pl,14786.6,5743.89,13868.7
1975,LT_NEA,RC,be,2372.27,519.593,2194.23
1975,LT_NEA,RC,pls,1.02969,3.54635,1.86646
1975,LT_NEA,RC,de,8.62549,29.6468,21.9026
1975,LT_NEA,RC,ru,7.03397,2.0347,6.15476
1975,LT_NEA,RC,lt,272712,120110,392822
1975,LT_NEA,RC,csb,5.24152,18.3467,8.69143
1975,LT_NEA,RC,cs,0.990739,3.45927,1.57379
1975,LT_NEA,RC,rom,23.7295,79.2751,72.3223
1975,LT_NEA,RC,oth,1.65249,5.64938,2.83549
1975,LT_NEA,GC,pl,2.7289,9.79422,4.33133
1975,LT_NEA,GC,uk,29.6723,105.827,48.5575
1975,LT_NEA,GC,lt,0.273891,1.69815,1.97204
1975,LT_NEA,GC,rue,1.88079,6.68621,3.1334
1975,LT_NEA,OR,pl,38.2861,87.3098,53.5034
1975,LT_NEA,OR,uk,45.7561,164.641,81.0602
1975,LT_NEA,OR,be,81.4523,277.47,154.745
1975,LT_NEA,OR,pls,24.4084,83.1754,43.371
1975,LT_NEA,OR,ru,22425.8,7334.79,20635.9
1975,LT_NEA,OR,lt,1544.51,846.996,2391.51
1975,LT_NEA,OR,cs,0.529578,1.85385,0.851939
1975,LT_NEA,JW,pl,33.4373,93.0768,60.6435
1975,LT_NEA,JW,yi,5218.93,7183.4,9091.6
1975,LT_NEA,JW,de,1.60597,7.20773,6.07218
1975,LT_NEA,JW,ru,9.95677,18.9289,21.198
1975,LT_NEA,JW,lt,1776.84,4679.48,6456.32
1975,LT_NEA,JH,pl,0.843138,1.23174,0.884753
1975,LT_NEA,JH,yi,116.568,294.551,163.754
1975,LT_NEA,PR,pl,3.79691,12.8902,6.36108
1975,LT_NEA,PR,de,817.536,1190.45,1376.29
1975,LT_NEA,PR,lt,7381.27,3053.33,10434.6
1975,LT_NEA,PR,cs,0.131272,0.480238,0.21825
1975,LT_NEA,PR,lv,6182.6,1684.67,5424.05
1975,LT_NEA,OT,pl,6.26023,16.8129,14.0914
1975,LT_NEA,OT,lt,167.957,152.193,320.15
1975,LT_NEA,OT,kdr,0.711628,2.49145,2.48325
1975,LT_NEA,OT,oth,752.091,350.072,822.559
1975,LT_KLA,RC,pl,294.863,1115.6,751.158
1975,LT_KLA,RC,be,22.348,72.705,67.797
1975,LT_KLA,RC,pls,0.717877,2.63649,1.28789
1975,LT_KLA,RC,de,624.765,516.637,781.332
1975,LT_KLA,RC,lt,37110.7,62012.4,99123.1
1975,LT_KLA,RC,csb,4.05765,15.0746,6.34025
1975,LT_KLA,RC,cs,0.700271,2.59574,1.09227
1975,LT_KLA,RC,rom,19.1895,70.156,63.7114
1975,LT_KLA,RC,oth,1.2331,4.51428,2.10782
1975,LT_KLA,GC,pl,1.3448,5.11325,2.01245
1975,LT_KLA,GC,uk,20.7353,78.724,32.6659
1975,LT_KLA,GC,lt,0.168386,1.21528,1.38367
1975,LT_KLA,GC,rue,1.32083,4.99133,2.11905
1975,LT_KLA,OR,pl,10.4514,39.7206,17.8566
1975,LT_KLA,OR,uk,31.2173,123.277,54.593
1975,LT_KLA,OR,be,46.6108,171.78,90.344
1975,LT_KLA,OR,pls,16.1239,58.7365,27.6142
1975,LT_KLA,OR,ru,960.092,1412.91,1729.97
1975,LT_KLA,OR,lt,86.8768,235.109,321.985
1975,LT_KLA,OR,cs,0.363436,1.35617,0.568418
1975,LT_KLA,JW,pl,9.04155,34.908,14.5413
1975,LT_KLA,JW,yi,526.967,2205.56,2051.94
1975,LT_KLA,JW,de,23.3952,237.165,183.815
1975,LT_KLA,JW,ru,0.48966,2.3751,2.14575
1975,LT_KLA,JW,lt,324.733,1839.79,2164.52
1975,LT_KLA,JH,pl,0.10291,0.502302,0.228588
1975,LT_KLA,JH,yi,34.2779,133.85,59.1537
1975,LT_KLA,PR,pl,1.62173,6.33225,2.62245
1975,LT_KLA,PR,de,26966.1,23654.7,34586.5
1975,LT_KLA,PR,lt,23086.9,13048.4,36135.3
1975,LT_KLA,PR,lv,63.8465,242.557,220.794
1975,LT_KLA,OT,pl,2.40354,9.00962,6.99074
1975,LT_KLA,OT,lt,116.94,270.754,387.694
1975,LT_KLA,OT,kdr,0.440464,1.65094,1.6254
1975,LT_KLA,OT,oth,512.288,578.296,836.289
1980,WAW,RC,pl,70857.5,1.43832e+06,1.50918e+06
1980,WAW,RC,uk,3.2861,29.9708,23.4827
1980,WAW,RC,be,254.801,2828.77,2436.75
1980,WAW,RC,pls,75.3737,880.547,747.918
1980,WAW,RC,de,294.736,3807.7,3122.19
1980,WAW,RC,ru,0.294611,3.06306,2.56131
1980,WAW,RC,lt,1396.53,16395.9,8354.29
1980,WAW,RC,csb,488.674,5910.5,5362.39
1980,WAW,RC,cs,77.0366,888.886,680.26
1980,WAW,RC,rom,184.802,2528.92,2038.45
1980,WAW,RC,wym,1.17311,12.4434,12.0067
1980,WAW,RC,oth,109.055,1478.94,1319.43
1980,WAW,GC,pl,864.673,15560.2,16424.8
1980,WAW,GC,uk,5008.75,66180.6,52439.5
1980,WAW,GC,rue,182.049,2398.05,1977.44
1980,WAW,OR,pl,4614.54,77976.4,82591
1980,WAW,OR,uk,6849.38,87219.3,66231
1980,WAW,OR,be,3269.8,40222.1,33030.4
1980,WAW,OR,pls,1796.89,20302,16844.8
1980,WAW,OR,ru,562.664,10778.9,8615.81
1980,WAW,OR,lt,2.32891,20.5945,8.08692
1980,WAW,OR,rue,8.05089,105.344,85.202
1980,WAW,OR,cs,43.114,533.046,393.798
1980,WAW,JW,pl,4761.3,168298,173059
1980,WAW,JW,yi,3277.87,84195.5,75555.2
1980,WAW,JW,de,7.58866,117.529,89.248
1980,WAW,JW,ru,1.37984,31.1762,25.3754
1980,WAW,JW,lt,32.0704,299.411,121.831
1980,WAW,JH,pl,49.3629,1658.99,1708.35
1980,WAW,JH,yi,4217.42,127537,87793.9
1980,WAW,PR,pl,848.065,31857.2,32705.2
1980,WAW,PR,de,1100.54,16091.6,12348.2
1980,WAW,PR,lt,20.1508,220.681,88.628
1980,WAW,PR,cs,10.0942,130.634,99.2163
1980,WAW,PR,lv,15.8216,201.128,87.4693
1980,WAW,OT,pl,339.1,9862.81,10201.9
1980,WAW,OT,lt,1.35543,12.0954,4.48797
1980,WAW,OT,kdr,1.5168,21.129,18.1449
1980,WAW,OT,oth,47.2553,1340.2,762.468
1980,WAR,RC,pl,1.5188e+06,1.15544e+06,2.67425e+06
1980,WAR,RC,uk,1.85522,6.77821,6.05473
1980,WAR,RC,be,256.442,790.088,820.281
1980,WAR,RC,pls,83.0437,271.446,273.366
1980,WAR,RC,de,2970.98,2975.09,4303.52
1980,WAR,RC,ru,0.291826,1.02404,0.987993
1980,WAR,RC,lt,1463.21,5229.87,3136.91
1980,WAR,RC,csb,1090.21,3603.43,3873.56
1980,WAR,RC,cs,93.0029,314.531,281.734
1980,WAR,RC,rom,2179.69,1783.86,2880.57
1980,WAR,RC,wym,1.5741,4.83197,5.62743
1980,WAR,RC,oth,3758.17,2426.82,4812.49
1980,WAR,GC,pl,1258.56,4839.01,6097.57
1980,WAR,GC,uk,5125.54,15514.8,14874.4
1980,WAR,GC,rue,242.158,872.297,839.22
1980,WAR,OR,pl,8145.09,25799.7,33944.8
1980,WAR,OR,uk,6901.7,20498.4,19032.6
1980,WAR,OR,be,3452.74,11302.8,11048.7
1980,WAR,OR,pls,2027.87,6241.7,6223.41
1980,WAR,OR,ru,6045.13,5494.75,8394.03
1980,WAR,OR,lt,1.82814,6.59268,2.93969
1980,WAR,OR,rue,10.7111,36.7212,35.1504
1980,WAR,OR,cs,55.2313,187.224,162.631
1980,WAR,JW,pl,14847.9,77437.4,92285.3
1980,WAR,JW,yi,13268.6,35795.3,40422.8
1980,WAR,JW,de,25.4843,100.693,88.8032
1980,WAR,JW,ru,2.26518,9.96779,9.22892
1980,WAR,JW,lt,23.7579,93.7149,41.8608
1980,WAR,JH,pl,446.478,1227.65,1674.13
1980,WAR,JH,yi,26586.9,77127.7,64968.2
1980,WAR,PR,pl,14435.4,14538.4,28973.8
1980,WAR,PR,de,23325,18526.8,28973
1980,WAR,PR,lt,18.6594,71.594,32.6207
1980,WAR,PR,cs,12.3003,45.0656,39.8931
1980,WAR,PR,lv,18.4253,70.1578,35.4011
1980,WAR,OT,pl,1429.2,2565.03,3994.22
1980,WAR,OT,lt,1.04522,3.90302,1.63056
1980,WAR,OT,kdr,2.01028,7.31816,7.35864
1980,WAR,OT,oth,514.326,553.933,765.796
1980,LOD,RC,pl,1.19015e+06,1.53573e+06,2.72588e+06
1980,LOD,RC,uk,3.37449,12.4131,11.0501
1980,LOD,RC,be,461.203,1433.93,1485.08
1980,LOD,RC,pls,148.567,489.376,492.141
1980,LOD,RC,de,5377,8681.08,10507
1980,LOD,RC,ru,0.485084,1.70703,1.64785
1980,LOD,RC,lt,2601.84,9460.05,5686.07
1980,LOD,RC,csb,1444.55,4876.52,5214.87
1980,LOD,RC,cs,164.714,562.729,503.606
1980,LOD,RC,rom,1442.95,2325.32,2776.57
1980,LOD,RC,wym,3.08584,9.53165,11.1028
1980,LOD,RC,oth,4053.75,4333.35,6726.94
1980,LOD,GC,pl,2163.06,8629.89,10792.9
1980,LOD,GC,uk,7612.36,27676.8,25660.1
1980,LOD,GC,rue,460.643,1642.28,1592.81
1980,LOD,OR,pl,14125.1,45227.1,59352.2
1980,LOD,OR,uk,10168.8,35792.3,32247.1
1980,LOD,OR,be,6093.31,20014.8,19689.6
1980,LOD,OR,pls,3537.5,10926.2,10923.8
1980,LOD,OR,ru,2545.99,5581.8,5996.57
1980,LOD,OR,lt,3.14573,11.2633,5.08257
1980,LOD,OR,rue,18.9872,65.5133,63.1632
1980,LOD,OR,cs,95.9127,326.047,286.267
1980,LOD,JW,pl,17890.8,140751,158642
1980,LOD,JW,yi,14378.7,66434.4,68184.4
1980,LOD,JW,de,60.2082,772.899,607.327
1980,LOD,JW,ru,2.68251,12.5777,11.4502
1980,LOD,JW,lt,42.6123,166.943,76.2715
1980,LOD,JH,pl,431.947,1843.02,2274.96
1980,LOD,JH,yi,26098.1,135714,105217
1980,LOD,PR,pl,41300.4,49053.2,90353.7
1980,LOD,PR,de,42728.1,65273.9,77663.8
1980,LOD,PR,lt,32.7227,125.2,58.6522
1980,LOD,PR,cs,22.2041,80.5948,71.5779
1980,LOD,PR,lv,33.0182,124.935,63.7198
1980,LOD,OT,pl,1633.8,4334.56,5968.35
1980,LOD,OT,lt,1.84167,6.85477,2.92146
1980,LOD,OT,kdr,3.6525,13.3068,13.4243
1980,LOD,OT,oth,428.379,947.477,926.287
1980,KIE,RC,pl,1.96489e+06,1.53743e+06,3.50233e+06
1980,KIE,RC,uk,2.57727,9.27865,8.33926
1980,KIE,RC,be,322.201,984.606,1023.91
1980,KIE,RC,pls,105.952,340.494,344.566
1980,KIE,RC,de,1356.91,2649.53,2947.72
1980,KIE,RC,ru,0.350058,1.20501,1.17107
1980,KIE,RC,lt,1861.92,6465.18,3912.85
1980,KIE,RC,csb,949.044,3092.95,3327.92
1980,KIE,RC,cs,127.969,423.613,381.547
1980,KIE,RC,rom,2572.79,2309.67,3536.07
1980,KIE,RC,wym,3.08155,9.3903,10.9677
1980,KIE,RC,oth,3498.86,2501.93,4652.91
1980,KIE,GC,pl,1895.63,7600.68,9496.31
1980,KIE,GC,uk,6357,23254.3,21284
1980,KIE,GC,rue,440.384,1579.56,1513.53
1980,KIE,OR,pl,8815.88,31966.2,40782.1
1980,KIE,OR,uk,8229.89,27577.4,24566.8
1980,KIE,OR,be,4528.24,14216.6,13877.9
1980,KIE,OR,pls,2631.01,7814.06,7799.42
1980,KIE,OR,ru,3373.22,4595.11,5673.52
1980,KIE,OR,lt,2.37484,8.26363,3.66373
1980,KIE,OR,rue,17.5897,57.0594,54.5631
1980,KIE,OR,cs,79.0747,256.857,221.998
1980,KIE,JW,pl,20263.6,111075,131338
1980,KIE,JW,yi,19645.3,55339.3,61537.7
1980,KIE,JW,de,13.5628,64.5944,54.3331
1980,KIE,JW,ru,2.07709,9.33316,8.45157
1980,KIE,JW,lt,29.7829,120.277,53.5817
1980,KIE,JH,pl,649.22,1656.51,2305.73
1980,KIE,JH,yi,39304.7,118047,97889.4
1980,KIE,PR,pl,2635.48,8709.87,11345.4
1980,KIE,PR,de,7389.94,10503.8,12449.1
1980,KIE,PR,lt,22.4821,86.8203,39.683
1980,KIE,PR,cs,16.4717,60.8977,53.6281
1980,KIE,PR,lv,22.7493,87.1841,43.5173
1980,KIE,OT,pl,1826.39,3459.11,5285.5
1980,KIE,OT,lt,1.29733,4.89583,2.0469
1980,KIE,OT,kdr,2.58396,9.53052,9.53323
1980,KIE,OT,oth,641.131,761.666,993.183
1980,LUB,RC,pl,1.71197e+06,1.1503e+06,2.86227e+06
1980,LUB,RC,uk,5.17734,17.6116,15.564
1980,LUB,RC,be,901.007,1082.4,1504.27
1980,LUB,RC,pls,121.253,354.826,358.906
1980,LUB,RC,de,1609.27,1899.72,2416.33
1980,LUB,RC,ru,0.386035,1.11502,1.09442
1980,LUB,RC,lt,1681.38,5312.72,3132.53
1980,LUB,RC,csb,657.645,1958.99,2099.38
1980,LUB,RC,cs,172.344,515.187,463.533
1980,LUB,RC,rom,2064.62,1694.52,2579.85
1980,LUB,RC,wym,1.83367,5.3262,6.21611
1980,LUB,RC,oth,189.866,539.324,576.198
1980,LUB,GC,pl,3677.28,8957.97,12635.2
1980,LUB,GC,uk,36699.8,48813.7,58919.6
1980,LUB,GC,rue,363.795,1194.04,1154.17
1980,LUB,OR,pl,170319,103454,273773
1980,LUB,OR,uk,111242,86565.8,126331
1980,LUB,OR,be,6051.55,14184.8,14564.1
1980,LUB,OR,pls,3132.7,8546.32,8548.05
1980,LUB,OR,ru,5842.64,5266.26,7565.9
1980,LUB,OR,lt,2.21154,7.09725,3.03062
1980,LUB,OR,rue,21.4406,62.2976,59.9672
1980,LUB,OR,cs,109.242,318.401,276.897
1980,LUB,JW,pl,20153.3,79046.4,99199.7
1980,LUB,JW,yi,19403.7,40045.2,47806.6
1980,LUB,JW,de,13.218,46.8095,41.3789
1980,LUB,JW,ru,2.36947,9.09963,8.50596
1980,LUB,JW,lt,24.5192,97.6922,41.4465
1980,LUB,JH,pl,599.586,1231.67,1831.25
1980,LUB,JH,yi,38463.9,83397.9,74037.2
1980,LUB,PR,pl,16619.1,14406.1,31025.2
1980,LUB,PR,de,9777.31,9542.71,13052.5
1980,LUB,PR,lt,18.5659,71.572,31.1384
1980,LUB,PR,cs,20.3761,74.9743,65.514
1980,LUB,PR,lv,18.5907,70.971,33.8276
1980,LUB,OT,pl,2261.62,3350.14,5611.76
1980,LUB,OT,lt,1.10261,4.12889,1.6292
1980,LUB,OT,kdr,2.30425,8.32236,8.28929
1980,LUB,OT,oth,74.6381,329.048,249.559
1980,BIA,RC,pl,760163,652294,1.41246e+06
1980,BIA,RC,uk,1.59024,5.82948,5.1409
1980,BIA,RC,be,9558.95,4722.59,10850.1
1980,BIA,RC,pls,81.5286,264.125,263.698
1980,BIA,RC,de,682.109,1059.81,1244.8
1980,BIA,RC,ru,11.8954,7.17674,13.5297
1980,BIA,RC,lt,10489.9,11004.9,12268.9
1980,BIA,RC,csb,416.306,1388.72,1466.82
1980,BIA,RC,cs,77.8243,260.851,231.17
1980,BIA,RC,rom,849.539,946.493,1277.21
1980,BIA,RC,wym,1.00058,3.07117,3.55301
1980,BIA,RC,oth,469.289,534.626,779.232
1980,BIA,GC,pl,857.783,3428.92,4286.7
1980,BIA,GC,uk,3177.13,11653.2,10575.5
1980,BIA,GC,rue,165.371,596.698,567.434
1980,BIA,OR,pl,176312,115843,292154
1980,BIA,OR,uk,8615.21,18854.5,18646.7
1980,BIA,OR,be,170418,86434.6,179070
1980,BIA,OR,pls,2172.52,6411.31,6367.57
1980,BIA,OR,ru,28478.3,17726.3,32434.6
1980,BIA,OR,lt,5.62008,11.4974,7.241
1980,BIA,OR,rue,8.39491,27.2859,25.999
1980,BIA,OR,cs,49.0569,158.14,136.597
1980,BIA,JW,pl,11372.5,56774.6,68147.2
1980,BIA,JW,yi,13017.5,33475.3,37403.3
1980,BIA,JW,de,7.54963,31.0573,26.0531
1980,BIA,JW,ru,12.9755,42.5971,41.617
1980,BIA,JW,lt,36.351,141.915,69.2309
1980,BIA,JH,pl,374.87,813.904,1188.77
1980,BIA,JH,yi,25471.9,67126.6,56773.4
1980,BIA,PR,pl,3662.65,5436.12,9098.76
1980,BIA,PR,de,4528.98,5493.51,6776.25
1980,BIA,PR,lt,25.377,98.6261,45.3105
1980,BIA,PR,cs,10.0873,37.8347,32.9258
1980,BIA,PR,lv,22.7724,88.6122,43.9804
1980,BIA,OT,pl,2835.01,3042.1,5877.11
1980,BIA,OT,lt,1.49003,5.38036,2.31707
1980,BIA,OT,kdr,2.26459,8.31936,8.30736
1980,BIA,OT,oth,361.121,406.892,537.704
1980,WIL,RC,pl,437919,408106,846025
1980,WIL,RC,uk,0.759877,2.80718,2.46827
1980,WIL,RC,be,18465,8452.81,20261
1980,WIL,RC,pls,93.4179,161.596,192.764
1980,WIL,RC,de,173.414,438.01,442.275
1980,WIL,RC,ru,31.5525,19.1195,36.0118
1980,WIL,RC,lt,41181.9,29048.3,43404.1
1980,WIL,RC,csb,199.833,693.302,726.604
1980,WIL,RC,cs,38.4698,133.942,117.444
1980,WIL,RC,rom,657.971,646.372,926.682
1980,WIL,RC,wym,0.50161,1.57989,1.81492
1980,WIL,RC,oth,550.256,486.655,793.639
1980,WIL,GC,pl,394.443,1616.65,2011.09
1980,WIL,GC,uk,1406.83,5354.91,4830.32
1980,WIL,GC,rue,79.0558,297.126,280.618
1980,WIL,OR,pl,108780,84288.1,193069
1980,WIL,OR,uk,2322.05,8251.95,7224.19
1980,WIL,OR,be,195042,107335,210396
1980,WIL,OR,pls,4707.71,5043.85,7006.14
1980,WIL,OR,ru,28279.4,19722.2,33830.1
1980,WIL,OR,lt,37.9276,35.4518,40.1421
1980,WIL,OR,rue,3.91642,13.6641,12.8208
1980,WIL,OR,cs,23.5453,81.5809,69.037
1980,WIL,JW,pl,5054.58,25711.1,30765.7
1980,WIL,JW,yi,6439.01,17792.3,19316.6
1980,WIL,JW,de,2.62031,11.5573,9.26197
1980,WIL,JW,ru,10.061,37.2628,35.6988
1980,WIL,JW,lt,71.1689,236.557,146.227
1980,WIL,JH,pl,165.529,451.887,617.416
1980,WIL,JH,yi,11924.5,32365.7,27428.5
1980,WIL,PR,pl,1742.36,2828.99,4571.35
1980,WIL,PR,de,961.91,2151.45,2054.52
1980,WIL,PR,lt,34.0861,136.529,65.3878
1980,WIL,PR,cs,5.00597,19.4004,16.7183
1980,WIL,PR,lv,23.203,93.3222,47.1331
1980,WIL,OT,pl,2657.45,2770.06,5427.51
1980,WIL,OT,lt,3.00854,7.92369,4.4516
1980,WIL,OT,kdr,107.577,115.418,179.618
1980,WIL,OT,oth,323.768,350.615,473.547
1980,NOW,RC,pl,384253,259822,644076
1980,NOW,RC,uk,1.00292,3.47459,3.03646
1980,NOW,RC,be,11388.6,4561.97,11549.5
1980,NOW,RC,pls,45.8867,137.841,137.377
1980,NOW,RC,de,102.395,322.37,301.499
1980,NOW,RC,ru,4.82622,2.87094,5.17729
1980,NOW,RC,lt,1643.91,3123.04,2297.44
1980,NOW,RC,csb,163.761,508.885,535.436
1980,NOW,RC,cs,48.9685,151.377,133.249
1980,NOW,RC,rom,833.285,552.742,938.725
1980,NOW,RC,wym,0.44193,1.2615,1.46858
1980,NOW,RC,oth,48.2094,143.113,149.891
1980,NOW,GC,pl,434.078,1608.47,2042.55
1980,NOW,GC,uk,1677.45,5798.43,5231.18
1980,NOW,GC,rue,79.6444,271.675,256.874
1980,NOW,OR,pl,245664,115695,361358
1980,NOW,OR,uk,3296.28,9949.21,8807.7
1980,NOW,OR,be,400816,151556,359914
1980,NOW,OR,pls,1287.21,3561.44,3513.68
1980,NOW,OR,ru,12944.2,6478.25,12800.7
1980,NOW,OR,lt,1.3181,4.09326,1.84166
1980,NOW,OR,rue,4.61482,13.6201,12.9496
1980,NOW,OR,cs,31.7452,93.6327,79.9707
1980,NOW,JW,pl,5750.84,17279.2,23030
1980,NOW,JW,yi,7865.85,11608.4,15052.9
1980,NOW,JW,de,1.84466,7.94768,6.45104
1980,NOW,JW,ru,4.04899,8.67351,9.25483
1980,NOW,JW,lt,12.8073,50.802,21.3568
1980,NOW,JH,pl,189.797,318.194,507.991
1980,NOW,JH,yi,14249.9,21352.6,20930.7
1980,NOW,PR,pl,2269.8,2407.25,4677.05
1980,NOW,PR,de,352.504,1321.08,1111.47
1980,NOW,PR,lt,10.3797,39.687,17.4793
1980,NOW,PR,cs,5.99023,21.9578,18.9299
1980,NOW,PR,lv,10.5973,40.0225,19.015
1980,NOW,OT,pl,2029.7,1644.79,3674.49
1980,NOW,OT,lt,0.576117,2.14085,0.842371
1980,NOW,OT,kdr,1.07864,3.81058,3.78978
1980,NOW,OT,oth,24.2278,99.2213,73.6184
1980,POL,RC,pl,236255,221569,457824
1980,POL,RC,uk,2.14596,6.75105,5.89478
1980,POL,RC,be,2244.41,1385.31,2562.61
1980,POL,RC,pls,10033.8,3920.6,9368.38
1980,POL,RC,de,166.512,471.519,442.456
1980,POL,RC,ru,2.61463,1.96285,3.03593
1980,POL,RC,lt,905.579,2624.75,1480.33
1980,POL,RC,csb,268.681,752.072,795.301
1980,POL,RC,cs,71.8016,201.683,177.202
1980,POL,RC,rom,505.924,524.198,678.8
1980,POL,RC,wym,0.703151,1.88447,2.20051
1980,POL,RC,oth,370.836,351.351,518.095
1980,POL,GC,pl,736.725,2393.12,3129.85
1980,POL,GC,uk,4069.2,12330.9,11146.5
1980,POL,GC,rue,137.104,411.41,390.32
1980,POL,OR,pl,367384,212503,579887
1980,POL,OR,uk,71525.5,47562.3,72063.6
1980,POL,OR,be,75551.7,40445.1,74938.5
1980,POL,OR,pls,709571,279938,640343
1980,POL,OR,ru,15773.3,9760.91,16554.9
1980,POL,OR,lt,1.19287,3.8837,1.60393
1980,POL,OR,rue,7.15427,20.7698,19.5259
1980,POL,OR,cs,43.459,126.797,106.721
1980,POL,JW,pl,5243.66,24103.2,29346.9
1980,POL,JW,yi,6886.52,17809.7,19309.4
1980,POL,JW,de,2.53277,11.4275,9.28361
1980,POL,JW,ru,5.61302,19.1016,18.4458
1980,POL,JW,lt,12.3148,49.1223,19.33
1980,POL,JH,pl,176.141,446.759,622.9
1980,POL,JH,yi,13134.5,35696.1,28619.3
1980,POL,PR,pl,5148.4,5632.72,10781.1
1980,POL,PR,de,526.503,1830.23,1572.45
1980,POL,PR,lt,10.0908,35.985,14.8585
1980,POL,PR,cs,8.52307,29.0195,25.1176
1980,POL,PR,lv,10.1287,35.5306,16.1153
1980,POL,OT,pl,3658.2,3304.71,6962.91
1980,POL,OT,lt,0.635359,2.11201,0.797073
1980,POL,OT,kdr,1.16796,3.67337,3.64891
1980,POL,OT,oth,285.513,253.91,364.472
1980,WOL,RC,pl,394833,340362,735195
1980,WOL,RC,uk,735.205,342.07,624.756
1980,WOL,RC,be,283.541,512.753,588.429
1980,WOL,RC,pls,69.4169,196.375,194.021
1980,WOL,RC,de,3251.57,2098.65,3338.18
1980,WOL,RC,ru,0.38624,0.842589,0.852358
1980,WOL,RC,lt,876.959,2628.29,1444.59
1980,WOL,RC,csb,293.447,848.314,889.284
1980,WOL,RC,cs,13907.2,5855.04,11685.4
1980,WOL,RC,rom,1384.33,1028.19,1564.22
1980,WOL,RC,wym,0.8412,2.35258,2.71168
1980,WOL,RC,oth,1267,844.125,1475.44
1980,WOL,GC,pl,1338.94,4749.34,6088.28
1980,WOL,GC,uk,18943.9,58476.7,52191.7
1980,WOL,GC,rue,218.069,665.862,627.062
1980,WOL,OR,pl,37618.5,38898.1,76516.6
1980,WOL,OR,uk,1.68715e+06,781744,1.45846e+06
1980,WOL,OR,be,4512.56,8596.04,9092.69
1980,WOL,OR,pls,1773.33,4995.72,4833.05
1980,WOL,OR,ru,21496.4,12676,22155
1980,WOL,OR,lt,1.15607,3.78875,1.50119
1980,WOL,OR,rue,13.6228,40.1608,37.5082
1980,WOL,OR,cs,11937.1,5310.98,9840.69
1980,WOL,JW,pl,9583.65,40796.7,50380.4
1980,WOL,JW,yi,13744.6,30164.9,34116.4
1980,WOL,JW,de,37.5336,79.2766,78.1251
1980,WOL,JW,ru,9.2512,23.6975,24.2615
1980,WOL,JW,lt,12.3909,49.8132,19.1813
1980,WOL,JH,pl,357.557,754.491,1112.05
1980,WOL,JH,yi,26690.5,60253.5,50471.3
1980,WOL,PR,pl,8827.21,8811.19,17638.4
1980,WOL,PR,de,23041.8,15410.7,24285.3
1980,WOL,PR,lt,9.44804,35.8216,14.0863
1980,WOL,PR,cs,2047.07,1044.67,1952.2
1980,WOL,PR,lv,9.5472,35.7965,15.376
1980,WOL,OT,pl,18424,13492.2,31916.2
1980,WOL,OT,lt,0.591428,2.1171,0.770339
1980,WOL,OT,kdr,18.0335,17.3855,26.7162
1980,WOL,OT,oth,944.468,665.915,1126.66
1980,POZ,RC,pl,1.02636e+06,1.27426e+06,2.30062e+06
1980,POZ,RC,uk,2.21692,8.15919,7.31547
1980,POZ,RC,be,300.747,958.103,992.535
1980,POZ,RC,pls,96.8001,327.141,329.021
1980,POZ,RC,de,9912.53,9595.91,14599.2
1980,POZ,RC,ru,0.318929,1.12631,1.09268
1980,POZ,RC,lt,1705.08,6324.82,3791.29
1980,POZ,RC,csb,1315.45,4553.84,4883.26
1980,POZ,RC,cs,108.111,377.696,338.819
1980,POZ,RC,rom,549.954,1317.99,1390.5
1980,POZ,RC,wym,2.14703,6.70382,7.81117
1980,POZ,RC,oth,216.205,714.674,760.396
1980,POZ,GC,pl,1386.14,5846.7,7232.84
1980,POZ,GC,uk,4763.24,18151.3,16645.3
1980,POZ,GC,rue,304.983,1141.03,1094.15
1980,POZ,OR,pl,6751.03,29011.6,35762.6
1980,POZ,OR,uk,6343.47,23814.5,21157.1
1980,POZ,OR,be,3853.24,13467.4,13082.9
1980,POZ,OR,pls,2252.76,7307.32,7246.65
1980,POZ,OR,ru,840.807,3055.05,2843.79
1980,POZ,OR,lt,2.09576,7.77619,3.45485
1980,POZ,OR,rue,11.9165,43.9686,41.8124
1980,POZ,OR,cs,61.3339,221.948,192.179
1980,POZ,JW,pl,8465.95,38285,46751
1980,POZ,JW,yi,3603.9,11572,12427.8
1980,POZ,JW,de,35.0518,157.314,134.775
1980,POZ,JW,ru,1.6628,6.08454,5.72838
1980,POZ,JW,lt,29.299,110.794,49.1644
1980,POZ,JH,pl,94.3916,500.556,594.948
1980,POZ,JH,yi,4831.82,18304.3,14596.4
1980,POZ,PR,pl,24579.2,31113.9,55693.2
1980,POZ,PR,de,72042.9,66962.2,98841.7
1980,POZ,PR,lt,22.5404,86.7689,39.8034
1980,POZ,PR,cs,14.6774,53.9411,48.0382
1980,POZ,PR,lv,21.9175,83.8043,42.6188
1980,POZ,OT,pl,3401.02,4813.19,8214.22
1980,POZ,OT,lt,1.25285,4.68674,1.98514
1980,POZ,OT,kdr,2.38863,8.87801,8.96289
1980,POZ,OT,oth,76.5938,487.386,308.984
1980,POM,RC,pl,565492,740898,1.30639e+06
1980,POM,RC,uk,1.85935,6.70833,6.00095
1980,POM,RC,be,247.345,753.949,787.465
1980,POM,RC,pls,79.2032,256.897,259.46
1980,POM,RC,de,6518.1,6162.78,9341.98
1980,POM,RC,ru,0.258419,0.892729,0.865092
1980,POM,RC,lt,1396.45,4957.34,2954.38
1980,POM,RC,csb,117756,47395.4,133923
1980,POM,RC,cs,87.5005,293.353,263.803
1980,POM,RC,rom,425.068,992.888,1046.26
1980,POM,RC,wym,1.58879,4.77916,5.60613
1980,POM,RC,oth,823.087,1107.55,1556.88
1980,POM,GC,pl,1092.77,4407.12,5499.89
1980,POM,GC,uk,3960.74,14529.5,13345.3
1980,POM,GC,rue,232.884,837.667,805.919
1980,POM,OR,pl,5488.35,22164.4,27652.7
1980,POM,OR,uk,5385.24,19134.6,17106.7
1980,POM,OR,be,3213.48,10658.4,10424.7
1980,POM,OR,pls,1860.18,5747.89,5741.1
1980,POM,OR,ru,697.069,2390.34,2240.31
1980,POM,OR,lt,1.72616,6.21172,2.73154
1980,POM,OR,rue,9.69601,33.7809,32.3568
1980,POM,OR,cs,50.2068,172.271,149.886
1980,POM,JW,pl,6518.83,27643.2,34162
1980,POM,JW,yi,2932.45,9011.38,9741.63
1980,POM,JW,de,28.1275,122.532,105.626
1980,POM,JW,ru,1.3278,4.80839,4.53904
1980,POM,JW,lt,23.5725,87.2245,38.3988
1980,POM,JH,pl,76.5513,383.849,460.4
1980,POM,JH,yi,4045.32,14718.3,11690.2
1980,POM,PR,pl,13966.2,17614.6,31580.8
1980,POM,PR,de,45091.6,40743.5,60662.5
1980,POM,PR,lt,18.6848,69.749,31.4257
1980,POM,PR,cs,11.6648,41.4516,37.0975
1980,POM,PR,lv,17.4638,64.472,32.5125
1980,POM,OT,pl,487.106,1850.46,2337.56
1980,POM,OT,lt,1.03194,3.74643,1.56304
1980,POM,OT,kdr,1.91047,6.82756,6.91103
1980,POM,OT,oth,63.3641,347.916,233.116
1980,SLA,RC,pl,771288,971280,1.74257e+06
1980,SLA,RC,uk,3.39497,12.1504,10.9106
1980,SLA,RC,be,344.098,1020.51,1074.86
1980,SLA,RC,pls,117.587,370.09,378.246
1980,SLA,RC,de,25481.5,20785.7,35430.4
1980,SLA,RC,ru,0.355754,1.1903,1.1687
1980,SLA,RC,lt,1865.4,6535.58,3941.69
1980,SLA,RC,csb,1021.02,3308.4,3593.6
1980,SLA,RC,cs,142.15,464.272,422.365
1980,SLA,RC,rom,689.992,1607.6,1717.61
1980,SLA,RC,wym,4.19379,11.8369,14.2008
1980,SLA,RC,oth,646.305,1079.43,1407
1980,SLA,GC,pl,2442.17,9475.93,11918.1
1980,SLA,GC,uk,9198.6,32089.1,30201.8
1980,SLA,GC,rue,577.703,1966.44,1937.13
1980,SLA,OR,pl,7969.24,31864.8,39834
1980,SLA,OR,uk,9422.96,32882.7,29699.7
1980,SLA,OR,be,4461.06,14437.4,14293
1980,SLA,OR,pls,2712.15,8170.64,8256.25
1980,SLA,OR,ru,954.497,3210.09,3046.58
1980,SLA,OR,lt,2.27663,7.9949,3.56238
1980,SLA,OR,rue,20.3714,69.2935,67.2635
1980,SLA,OR,cs,80.4071,269.451,237.697
1980,SLA,JW,pl,12081.4,52238.2,64319.6
1980,SLA,JW,yi,4995.1,14459.3,15982.1
1980,SLA,JW,de,31.3732,144.612,126.77
1980,SLA,JW,ru,1.96337,6.68303,6.45419
1980,SLA,JW,lt,32.5609,114.656,52.1211
1980,SLA,JH,pl,124.729,614.781,739.51
1980,SLA,JH,yi,6682.87,23509.1,19117.3
1980,SLA,PR,pl,34040.4,27824,61864.4
1980,SLA,PR,de,12268.9,19292.4,22748.2
1980,SLA,PR,lt,23.7575,85.7327,39.949
1980,SLA,PR,cs,19.4848,65.9706,59.7999
1980,SLA,PR,lv,23.796,84.4706,43.1427
1980,SLA,OT,pl,4201.41,4854.23,9055.64
1980,SLA,OT,lt,1.37814,4.81553,2.07148
1980,SLA,OT,kdr,2.89671,9.68364,10.0592
1980,SLA,OT,oth,452.114,818.55,854.306
1980,KRA,RC,pl,1.19909e+06,1.07809e+06,2.27718e+06
1980,KRA,RC,uk,2.14966,7.95331,7.10032
1980,KRA,RC,be,224.85,707.438,733.978
1980,KRA,RC,pls,79.2893,264.435,266.151
1980,KRA,RC,de,2531.62,2770.84,3912.71
1980,KRA,RC,ru,0.235134,0.827566,0.802418
1980,KRA,RC,lt,1228.25,4469.73,2679.53
1980,KRA,RC,csb,580.159,1984.11,2119.57
1980,KRA,RC,cs,99.7697,343.217,307.741
1980,KRA,RC,rom,3639.78,2755.13,4721.49
1980,KRA,RC,wym,297.483,111.819,361.888
1980,KRA,RC,oth,951.094,1035.9,1584.06
1980,KRA,GC,pl,20229,18805.3,39034.3
1980,KRA,GC,uk,6213.96,23318.3,21452.1
1980,KRA,GC,rue,45519.6,18725.6,45807.3
1980,KRA,OR,pl,5610.52,23022.3,28632.9
1980,KRA,OR,uk,6277.12,22723.6,20307.2
1980,KRA,OR,be,3024.13,10260.4,10009
1980,KRA,OR,pls,1899.92,6031.62,5996.01
1980,KRA,OR,ru,658.724,2310.06,2162.88
1980,KRA,OR,lt,1.52474,5.57137,2.47699
1980,KRA,OR,rue,20.6858,72.9738,69.5344
1980,KRA,OR,cs,58.205,203.841,177.019
1980,KRA,JW,pl,12477.5,72294.3,84771.8
1980,KRA,JW,yi,7911.23,24971.9,27298.7
1980,KRA,JW,de,8.01334,36.2154,30.9946
1980,KRA,JW,ru,1.24813,4.99097,4.6275
1980,KRA,JW,lt,20.7868,80.6859,36.0811
1980,KRA,JH,pl,268.951,1169.33,1438.28
1980,KRA,JH,yi,15725.6,55976.1,45906.3
1980,KRA,PR,pl,1602.29,5932.36,7534.66
1980,KRA,PR,de,3369.15,6278.7,6796.66
1980,KRA,PR,lt,15.4759,60,27.6328
1980,KRA,PR,cs,13.401,49.6988,43.9173
1980,KRA,PR,lv,15.6841,60.4772,30.3887
1980,KRA,OT,pl,527.408,2058.18,2585.59
1980,KRA,OT,lt,0.896625,3.35149,1.40991
1980,KRA,OT,kdr,1.93404,7.10384,7.17334
1980,KRA,OT,oth,67.8372,328.146,242.719
1980,LWO,RC,pl,851027,961456,1.81248e+06
1980,LWO,RC,uk,14.8318,53.9157,47.2098
1980,LWO,RC,be,281.288,909.133,930.375
1980,LWO,RC,pls,112.122,386.428,382.368
1980,LWO,RC,de,2136.18,2562.42,3415.4
1980,LWO,RC,ru,0.298262,1.0707,1.02224
1980,LWO,RC,lt,1442.09,5397.57,3064.09
1980,LWO,RC,csb,549.219,1953.59,2047.92
1980,LWO,RC,cs,215.896,764.294,674.353
1980,LWO,RC,rom,3148,2752.68,4310.2
1980,LWO,RC,wym,2.29847,7.2293,8.35534
1980,LWO,RC,oth,2469.14,2030.77,3503.1
1980,LWO,GC,pl,118105,87305.7,205411
1980,LWO,GC,uk,750358,439695,827351
1980,LWO,GC,rue,39296.6,17656.6,40475.4
1980,LWO,OR,pl,12768,35320.1,48088.1
1980,LWO,OR,uk,38276.8,128511,116004
1980,LWO,OR,be,3919.83,13697.6,13197.9
1980,LWO,OR,pls,2705.28,8863.96,8687.95
1980,LWO,OR,ru,902.241,3255.67,3018.9
1980,LWO,OR,lt,1.88113,6.90632,2.89866
1980,LWO,OR,rue,3195.74,1343.19,3177.2
1980,LWO,OR,cs,127.269,457.001,393.462
1980,LWO,JW,pl,27459.1,147886,175345
1980,LWO,JW,yi,14574,42913.1,47153.9
1980,LWO,JW,de,10.5402,43.8971,37.6679
1980,LWO,JW,ru,1.74119,7.28702,6.68196
1980,LWO,JW,lt,25.6449,100.76,42.7747
1980,LWO,JH,pl,453.297,1485.15,1938.45
1980,LWO,JH,yi,29516.3,90034.6,75515.9
1980,LWO,PR,pl,6852.62,9943.42,16796
1980,LWO,PR,de,5357.84,7941.93,9170.67
1980,LWO,PR,lt,18.3562,71.7673,30.7133
1980,LWO,PR,cs,29.492,111.779,97.518
1980,LWO,PR,lv,18.4268,71.9418,33.5839
1980,LWO,OT,pl,2680.82,4777.32,7458.14
1980,LWO,OT,lt,1.11433,4.22002,1.67612
1980,LWO,OT,kdr,2.89758,10.9656,10.9808
1980,LWO,OT,oth,1123.34,1125.96,1641.32
1980,STA,RC,pl,141004,213098,354102
1980,STA,RC,uk,7.17372,24.994,21.5773
1980,STA,RC,be,90.1544,282.542,288.472
1980,STA,RC,pls,35.8412,120.665,118.3
1980,STA,RC,de,2452.04,1698.03,2903.63
1980,STA,RC,lt,464.672,1685.9,916.367
1980,STA,RC,csb,177.215,613.67,639.487
1980,STA,RC,cs,69.2747,237.943,207.134
1980,STA,RC,rom,1135.59,923.1,1469.88
1980,STA,RC,wym,0.74725,2.26049,2.61862
1980,STA,RC,oth,1378.21,987.054,1790.33
1980,STA,GC,pl,56138.4,40286.2,96424.5
1980,STA,GC,uk,745488,369412,745433
1980,STA,GC,rue,178.986,656.211,617.225
1980,STA,OR,pl,2306.28,9724.13,12030.4
1980,STA,OR,uk,16297.4,52988.2,47068.9
1980,STA,OR,be,1284.94,4363.38,4157.55
1980,STA,OR,pls,904.335,2913.49,2822
1980,STA,OR,ru,297.836,1038.66,950.285
1980,STA,OR,lt,0.635734,2.30333,0.914956
1980,STA,OR,rue,11.5659,40.1879,37.7526
1980,STA,OR,cs,42.0176,145.74,123.259
1980,STA,JW,pl,7449.04,37782,45231
1980,STA,JW,yi,5718.35,16760.5,18074.1
1980,STA,JW,de,7.66957,27.7171,24.3391
1980,STA,JW,ru,0.558787,2.29752,2.07768
1980,STA,JW,lt,8.40903,32.4375,12.9444
1980,STA,JH,pl,166.951,481.594,648.544
1980,STA,JH,yi,11845.1,35184.1,28889.3
1980,STA,PR,pl,919.75,2200.69,3120.44
1980,STA,PR,de,5871.38,4829.18,7153.37
1980,STA,PR,lt,5.95807,22.6971,9.12211
1980,STA,PR,cs,9.38401,34.4978,29.8774
1980,STA,PR,lv,5.95034,22.5787,9.93862
1980,STA,OT,pl,1382.01,1930.08,3312.09
1980,STA,OT,lt,0.366818,1.38157,0.517336
1980,STA,OT,kdr,25.8728,29.4009,44.6083
1980,STA,OT,oth,697.226,549.699,919.157
1980,TAR,RC,pl,320910,303977,624887
1980,TAR,RC,uk,5.55262,20.4731,17.5652
1980,TAR,RC,be,84.1092,267.699,273.898
1980,TAR,RC,pls,33.2784,114.432,112.235
1980,TAR,RC,de,523.476,686.242,870.49
1980,TAR,RC,lt,430.182,1593.41,878.225
1980,TAR,RC,csb,164.378,581.543,605.463
1980,TAR,RC,cs,68.33,240.668,209.43
1980,TAR,RC,rom,577.885,627.274,872.513
1980,TAR,RC,wym,0.704892,2.15442,2.5008
1980,TAR,RC,oth,339.999,373.175,552.744
1980,TAR,GC,pl,84883.1,52989.8,137873
1980,TAR,GC,uk,488884,249072,503874
1980,TAR,GC,rue,166.233,620.044,587.37
1980,TAR,OR,pl,2249.66,9542.49,11792.2
1980,TAR,OR,uk,14850.3,46477.2,41960.8
1980,TAR,OR,be,1175.83,4124.24,3926.19
1980,TAR,OR,pls,830.691,2761.94,2674.93
1980,TAR,OR,ru,276.302,997.878,912.618
1980,TAR,OR,lt,0.584706,2.15705,0.866581
1980,TAR,OR,rue,10.4783,38.0184,35.6696
1980,TAR,OR,cs,40.856,146.946,124.23
1980,TAR,JW,pl,8957.52,38951.3,47908.8
1980,TAR,JW,yi,4818.87,12342.4,13859.4
1980,TAR,JW,de,2.65719,10.8805,9.24919
1980,TAR,JW,ru,0.533051,2.10203,1.93085
1980,TAR,JW,lt,7.8688,30.0211,12.1905
1980,TAR,JH,pl,137.931,447.459,585.39
1980,TAR,JH,yi,9664.12,25659.7,21943
1980,TAR,PR,pl,1733.74,2563.1,4296.84
1980,TAR,PR,de,1366.91,2170.4,2416.26
1980,TAR,PR,lt,5.58985,21.4705,8.86932
1980,TAR,PR,cs,9.39222,34.9844,30.371
1980,TAR,PR,lv,5.59395,21.4504,9.7089
1980,TAR,OT,pl,2795.49,2488.65,5284.14
1980,TAR,OT,lt,0.342002,1.26703,0.484042
1980,TAR,OT,kdr,0.890953,3.27661,3.29491
1980,TAR,OT,oth,280.769,276.975,405.134
1980,LT_KAU,RC,pl,8623.28,11807.9,13913.1
1980,LT_KAU,RC,be,52.5587,162.77,153.001
1980,LT_KAU,RC,pls,2.15967,7.68492,4.22757
1980,LT_KAU,RC,de,19.2791,69.4777,50.2355
1980,LT_KAU,RC,ru,0.146173,0.665216,0.571064
1980,LT_KAU,RC,lt,117124,171475,288599
1980,LT_KAU,RC,csb,11.1962,40.5664,20.1187
1980,LT_KAU,RC,cs,2.14775,7.74649,3.69554
1980,LT_KAU,RC,rom,425.953,507.32,694.861
1980,LT_KAU,RC,oth,3.65041,12.9306,6.84215
1980,LT_KAU,GC,pl,7.03524,26.5175,12.4306
1980,LT_KAU,GC,uk,65.6964,246.261,118.692
1980,LT_KAU,GC,lt,0.773094,5.51828,6.29137
1980,LT_KAU,GC,rue,4.12798,15.3754,7.57096
1980,LT_KAU,OR,pl,66.2166,232.576,132.132
1980,LT_KAU,OR,uk,101.65,383.084,197.985
1980,LT_KAU,OR,be,146.603,520.292,308.455
1980,LT_KAU,OR,pls,50.6297,176.751,95.9903
1980,LT_KAU,OR,ru,5493.82,8213.75,10270.6
1980,LT_KAU,OR,lt,548.272,1496.85,2045.13
1980,LT_KAU,OR,rue,0.191867,0.699116,0.347152
1980,LT_KAU,OR,cs,1.16436,4.2146,2.04172
1980,LT_KAU,JW,pl,53.0684,321.014,203.215
1980,LT_KAU,JW,yi,1731.34,12829.7,11309.7
1980,LT_KAU,JW,de,4.90073,39.6951,32.2614
1980,LT_KAU,JW,ru,2.57123,41.0266,34.3193
1980,LT_KAU,JW,lt,1013.19,11607.7,12620.9
1980,LT_KAU,JH,pl,1.04075,3.79523,2.18839
1980,LT_KAU,JH,yi,150.319,653.419,333.805
1980,LT_KAU,PR,pl,11.9985,39.7295,24.2024
1980,LT_KAU,PR,de,3360.03,4962.26,5933.93
1980,LT_KAU,PR,lt,1393,3096.18,4489.18
1980,LT_KAU,PR,cs,0.281779,1.05311,0.507104
1980,LT_KAU,PR,lv,117.97,435.811,406.044
1980,LT_KAU,OT,pl,456.442,451.577,672.461
1980,LT_KAU,OT,lt,291.261,866.655,1157.92
1980,LT_KAU,OT,kdr,0.845559,3.11554,3.04001
1980,LT_KAU,OT,oth,770.585,1247.56,1596.72
1980,LT_LAU,RC,pl,15922.7,8079.81,16509.2
1980,LT_LAU,RC,be,51.4018,153.922,151.764
1980,LT_LAU,RC,pls,1.49003,5.22848,2.80657
1980,LT_LAU,RC,de,14.0751,49.3478,37.5889
1980,LT_LAU,RC,ru,0.117873,0.460211,0.406666
1980,LT_LAU,RC,lt,326046,184152,510199
1980,LT_LAU,RC,csb,7.76378,27.7422,13.3745
1980,LT_LAU,RC,cs,1.49776,5.33465,2.46056
1980,LT_LAU,RC,rom,38.7494,132.501,122.588
1980,LT_LAU,RC,oth,2.32097,8.0919,4.16674
1980,LT_LAU,GC,pl,4.22707,15.794,7.05138
1980,LT_LAU,GC,uk,44.8056,166.468,77.5447
1980,LT_LAU,GC,lt,0.504736,3.43112,3.93586
1980,LT_LAU,GC,rue,2.84788,10.5268,5.01405
1980,LT_LAU,OR,pl,42.5632,133.523,72.2902
1980,LT_LAU,OR,uk,70.2853,261.932,130.866
1980,LT_LAU,OR,be,102.224,359.57,208.522
1980,LT_LAU,OR,pls,35.1576,122.727,65.3573
1980,LT_LAU,OR,ru,8235.19,4745.59,9368.29
1980,LT_LAU,OR,lt,794.724,806.969,1601.69
1980,LT_LAU,OR,rue,0.133981,0.487165,0.234345
1980,LT_LAU,OR,cs,0.815923,2.94748,1.37578
1980,LT_LAU,JW,pl,45.062,148.77,94.4099
1980,LT_LAU,JW,yi,4973.01,9484.11,11001.4
1980,LT_LAU,JW,de,3.11922,14.279,12.2778
1980,LT_LAU,JW,ru,3.39729,12.1586,11.7836
1980,LT_LAU,JW,lt,2225,8094.65,10319.7
1980,LT_LAU,JH,pl,1.28534,2.46915,1.69353
1980,LT_LAU,JH,yi,155.556,465.233,261.878
1980,LT_LAU,PR,pl,6.3476,20.2921,10.9412
1980,LT_LAU,PR,de,1877.82,2268.96,2906.79
1980,LT_LAU,PR,lt,804.219,2531.69,3335.91
1980,LT_LAU,PR,cs,0.195229,0.727919,0.340439
1980,LT_LAU,PR,lv,791.611,716.268,1081.37
1980,LT_LAU,OT,pl,8.92223,25.8797,22.112
1980,LT_LAU,OT,lt,209.23,258.961,468.191
1980,LT_LAU,OT,kdr,38.1333,21.4185,47.9638
1980,LT_LAU,OT,oth,722.331,465.316,916.425
1980,LT_ZEM,RC,pl,4600.17,4277.94,5763.9
1980,LT_ZEM,RC,be,52.4189,158.78,154.132
1980,LT_ZEM,RC,pls,1.76445,6.18658,3.40326
1980,LT_ZEM,RC,de,19.0198,66.5131,51.9975
1980,LT_ZEM,RC,lt,377327,210184,587511
1980,LT_ZEM,RC,csb,9.19119,32.7953,16.2124
1980,LT_ZEM,RC,cs,1.7619,6.26775,2.97594
1980,LT_ZEM,RC,rom,241.537,210.073,327.114
1980,LT_ZEM,RC,oth,2.76407,9.62576,5.07845
1980,LT_ZEM,GC,pl,3.95768,14.8765,6.78488
1980,LT_ZEM,GC,uk,53.2172,198.815,94.5313
1980,LT_ZEM,GC,lt,0.611068,4.18312,4.79418
1980,LT_ZEM,GC,rue,3.37324,12.5353,6.0915
1980,LT_ZEM,OR,pl,33.1588,119.787,61.6463
1980,LT_ZEM,OR,uk,83.286,306.889,157.441
1980,LT_ZEM,OR,be,122.168,424.824,251.594
1980,LT_ZEM,OR,pls,41.9951,145.273,79.1659
1980,LT_ZEM,OR,ru,4874.06,3543.44,6100.37
1980,LT_ZEM,OR,lt,497.362,653.437,1150.8
1980,LT_ZEM,OR,rue,0.158616,0.570609,0.281132
1980,LT_ZEM,OR,cs,0.963521,3.44561,1.65216
1980,LT_ZEM,JW,pl,27.8143,111.35,58.3865
1980,LT_ZEM,JW,yi,5018.93,10339,11680.6
1980,LT_ZEM,JW,de,4.77648,21.5205,18.5234
1980,LT_ZEM,JW,ru,2.00172,8.8124,8.17491
1980,LT_ZEM,JW,lt,2294.87,8893.78,11188.7
1980,LT_ZEM,JH,pl,0.921267,1.86216,1.20368
1980,LT_ZEM,JH,yi,171.419,537.318,299.076
1980,LT_ZEM,PR,pl,4.94796,18.2742,9.20619
1980,LT_ZEM,PR,de,3741.95,3501.88,5069.33
1980,LT_ZEM,PR,lt,5304.32,4376,9680.32
1980,LT_ZEM,PR,cs,0.228475,0.86058,0.409412
1980,LT_ZEM,PR,lv,4485.73,1792.17,4453.31
1980,LT_ZEM,OT,pl,6.89454,23.7468,19.372
1980,LT_ZEM,OT,lt,240.95,307.516,548.466
1980,LT_ZEM,OT,kdr,1.01988,3.67672,3.67815
1980,LT_ZEM,OT,oth,858.015,562.835,1094.61
1980,LT_SUV,RC,pl,7135.22,4976.59,7932.24
1980,LT_SUV,RC,be,1107.09,335.268,1119.49
1980,LT_SUV,RC,pls,2.02259,7.04116,3.87174
1980,LT_SUV,RC,de,17.4413,61.4242,43.0505
1980,LT_SUV,RC,ru,0.459398,0.412312,0.609285
1980,LT_SUV,RC,lt,304514,155200,459714
1980,LT_SUV,RC,csb,10.5292,37.3918,18.5378
1980,LT_SUV,RC,cs,1.99199,7.04937,3.3471
1980,LT_SUV,RC,rom,1067.04,415.538,1079.22
1980,LT_SUV,RC,oth,3.09083,10.7072,5.59454
1980,LT_SUV,GC,pl,5.13173,19.483,9.02296
1980,LT_SUV,GC,uk,62.6936,236.506,113.662
1980,LT_SUV,GC,lt,0.742662,5.43833,6.18099
1980,LT_SUV,GC,rue,3.92479,14.7099,7.22746
1980,LT_SUV,OR,pl,39.5143,140.667,72.5268
1980,LT_SUV,OR,uk,96.23,352.549,183.149
1980,LT_SUV,OR,be,126.583,439.993,256.786
1980,LT_SUV,OR,pls,48.9527,168.264,92.3627
1980,LT_SUV,OR,ru,3986.67,2558.01,4747.57
1980,LT_SUV,OR,lt,435.781,528.911,964.691
1980,LT_SUV,OR,rue,0.182861,0.65759,0.327652
1980,LT_SUV,OR,cs,1.09608,3.91551,1.89361
1980,LT_SUV,JW,pl,37.0395,138.832,75.5481
1980,LT_SUV,JW,yi,4482.43,7467.95,9028.92
1980,LT_SUV,JW,de,11.0901,29.1308,28.2325
1980,LT_SUV,JW,ru,1.80776,6.72475,6.48616
1980,LT_SUV,JW,lt,2126.94,6884.94,9011.88
1980,LT_SUV,JH,pl,1.19794,2.46936,1.63756
1980,LT_SUV,JH,yi,176.043,534.958,293.181
1980,LT_SUV,PR,pl,8.09812,24.3217,13.6598
1980,LT_SUV,PR,de,11182.3,5157.63,11291
1980,LT_SUV,PR,lt,1098.79,2130.49,3229.28
1980,LT_SUV,PR,cs,0.262549,0.977855,0.466032
1980,LT_SUV,PR,lv,90.1445,329.168,304.092
1980,LT_SUV,OT,pl,8.52493,27.9004,22.9144
1980,LT_SUV,OT,lt,219.18,246.385,465.565
1980,LT_SUV,OT,kdr,0.647139,2.3059,2.2549
1980,LT_SUV,OT,oth,725.085,419.111,882.6
1980,LT_NEA,RC,pl,13972,6275.86,13863.5
1980,LT_NEA,RC,be,2112.35,529.771,2041.73
1980,LT_NEA,RC,pls,1.15669,4.01093,2.19154
1980,LT_NEA,RC,de,9.2587,32.145,23.9112
1980,LT_NEA,RC,ru,7.30545,2.40409,6.75515
1980,LT_NEA,RC,lt,259057,131838,390895
1980,LT_NEA,RC,csb,5.98486,21.132,10.4273
1980,LT_NEA,RC,cs,1.16394,4.09879,1.91381
1980,LT_NEA,RC,rom,25.9887,87.6957,80.8812
1980,LT_NEA,RC,oth,1.80985,6.22924,3.26104
1980,LT_NEA,GC,pl,3.27574,11.8761,5.44517
1980,LT_NEA,GC,uk,34.703,124.985,59.7224
1980,LT_NEA,GC,lt,0.385155,2.40819,2.79335
1980,LT_NEA,GC,rue,2.20054,7.89246,3.85381
1980,LT_NEA,OR,pl,44.948,108.248,66.6617
1980,LT_NEA,OR,uk,54.9948,200.316,101.037
1980,LT_NEA,OR,be,90.0872,309.812,180.169
1980,LT_NEA,OR,pls,27.6654,94.7796,51.3932
1980,LT_NEA,OR,ru,21490.8,7961.56,20900.6
1980,LT_NEA,OR,lt,1729.43,1073.14,2802.57
1980,LT_NEA,OR,cs,0.637678,2.25906,1.0627
1980,LT_NEA,JW,pl,37.3913,107.601,70.0212
1980,LT_NEA,JW,yi,4569.88,6337.18,8180.87
1980,LT_NEA,JW,de,1.80011,7.96082,6.85555
1980,LT_NEA,JW,ru,10.3086,19.5043,22.2265
1980,LT_NEA,JW,lt,1909.37,5158.31,7067.68
1980,LT_NEA,JH,pl,1.0655,1.89394,1.34751
1980,LT_NEA,JH,yi,129.722,338.563,196.957
1980,LT_NEA,PR,pl,4.35256,15.1374,7.77048
1980,LT_NEA,PR,de,791.013,1264.23,1434.15
1980,LT_NEA,PR,lt,7044.05,3397.54,10441.6
1980,LT_NEA,PR,cs,0.151336,0.559074,0.262372
1980,LT_NEA,PR,lv,5741.6,1820.09,5296.68
1980,LT_NEA,OT,pl,6.67292,18.2716,15.3421
1980,LT_NEA,OT,lt,182.721,184.686,367.407
1980,LT_NEA,OT,kdr,0.711066,2.52268,2.51947
1980,LT_NEA,OT,oth,686.363,355.592,794.038
1980,LT_KLA,RC,pl,342.909,1293.18,860.287
1980,LT_KLA,RC,be,23.0406,73.5436,69.7307
1980,LT_KLA,RC,pls,0.857815,3.1185,1.56923
1980,LT_KLA,RC,de,586.878,502.958,756.772
1980,LT_KLA,RC,lt,37099.9,67226.3,104326
1980,LT_KLA,RC,csb,5.12611,18.8725,8.03899
1980,LT_KLA,RC,cs,0.869945,3.19363,1.3809
1980,LT_KLA,RC,rom,21.5796,78.5096,71.8992
1980,LT_KLA,RC,oth,1.44043,5.2263,2.49867
1980,LT_KLA,GC,pl,1.75634,6.64552,2.68578
1980,LT_KLA,GC,uk,25.9798,98.2503,42.1032
1980,LT_KLA,GC,lt,0.244428,1.76783,2.01225
1980,LT_KLA,GC,rue,1.665,6.26042,2.73315
1980,LT_KLA,OR,pl,13.7414,51.9957,23.7445
1980,LT_KLA,OR,uk,39.7437,155.422,71.0706
1980,LT_KLA,OR,be,53.9165,197.758,107.616
1980,LT_KLA,OR,pls,19.4438,70.1883,34.0589
1980,LT_KLA,OR,ru,943.002,1468.64,1791.96
1980,LT_KLA,OR,lt,101.934,290.263,392.197
1980,LT_KLA,OR,cs,0.462459,1.71673,0.739398
1980,LT_KLA,JW,pl,11.7432,44.6729,19.1266
1980,LT_KLA,JW,yi,506.168,2022.1,1930.01
1980,LT_KLA,JW,de,25.6171,241.067,191.549
1980,LT_KLA,JW,ru,0.558437,2.59496,2.40925
1980,LT_KLA,JW,lt,389.896,2120.29,2510.18
1980,LT_KLA,JH,pl,0.162342,0.804609,0.384538
1980,LT_KLA,JH,yi,42.6281,164.907,75.5758
1980,LT_KLA,PR,pl,2.05419,7.98034,3.38435
1980,LT_KLA,PR,de,25235.3,23052.2,33660.3
1980,LT_KLA,PR,lt,21806.9,13210.6,35017.5
1980,LT_KLA,PR,cs,0.112459,0.42796,0.186619
1980,LT_KLA,PR,lv,67.6958,257.305,237.649
1980,LT_KLA,OT,pl,2.66396,9.93913,7.69122
1980,LT_KLA,OT,lt,128.211,301.421,429.632
1980,LT_KLA,OT,kdr,0.450389,1.68799,1.67251
1980,LT_KLA,OT,oth,469.701,541.393,791.133
1985,WAW,RC,pl,77052.9,1.48628e+06,1.56334e+06
1985,WAW,RC,uk,4.10263,37.0296,29.5889
1985,WAW,RC,be,254.332,2797.98,2444.71
1985,WAW,RC,pls,80.1311,924.664,797.885
1985,WAW,RC,de,309.939,3978.06,3274.37
1985,WAW,RC,ru,0.334086,3.46478,2.94455
1985,WAW,RC,lt,1552.32,18041.8,9509.86
1985,WAW,RC,csb,511.688,6173.03,5625.74
1985,WAW,RC,cs,84.4658,961.057,744.893
1985,WAW,RC,rom,204.809,2731.26,2226.24
1985,WAW,RC,wym,1.08536,11.4499,11.0156
1985,WAW,RC,oth,110.619,1464.33,1319.19
1985,WAW,GC,pl,964.854,17475.9,18440.8
1985,WAW,GC,uk,5471.02,72804.5,58471.8
1985,WAW,GC,rue,196.359,2599.6,2176.23
1985,WAW,OR,pl,5615.21,93063.8,98679
1985,WAW,OR,uk,7904.92,99564.7,76857
1985,WAW,OR,be,3567.17,43558.1,36384.2
1985,WAW,OR,pls,1933.51,21353.7,18165
1985,WAW,OR,ru,616.547,11189.9,9019.82
1985,WAW,OR,lt,3.04267,26.5768,10.7475
1985,WAW,OR,rue,8.83426,115.763,95.1592
1985,WAW,OR,cs,48.8104,596.84,446.013
1985,WAW,JW,pl,5237.21,173788,179026
1985,WAW,JW,yi,3079.47,73164.7,65572.5
1985,WAW,JW,de,8.23307,124.165,95.3068
1985,WAW,JW,ru,1.47486,31.3997,25.8176
1985,WAW,JW,lt,38.7351,358.855,152.415
1985,WAW,JH,pl,64.2978,2052.62,2116.92
1985,WAW,JH,yi,4619.58,131716,91096.6
1985,WAW,PR,pl,925.526,32002.3,32927.8
1985,WAW,PR,de,1164.78,16844.1,13051.4
1985,WAW,PR,lt,23.35,251.605,106.233
1985,WAW,PR,cs,10.7919,139.477,107.481
1985,WAW,PR,lv,17.1287,217.306,99.8007
1985,WAW,OT,pl,367.906,9960.89,10328.8
1985,WAW,OT,lt,1.69598,14.9762,5.83698
1985,WAW,OT,kdr,1.51882,21.3739,18.3557
1985,WAW,OT,oth,48.9856,1388.32,795.074
1985,WAR,RC,pl,1.44366e+06,1.21427e+06,2.65792e+06
1985,WAR,RC,uk,2.29137,8.44618,7.64447
1985,WAR,RC,be,256.959,788.29,829.616
1985,WAR,RC,pls,87.7537,288.312,293.656
1985,WAR,RC,de,2798.76,3062.16,4257.73
1985,WAR,RC,ru,0.333632,1.17449,1.14783
1985,WAR,RC,lt,1601.98,5805.36,3569.09
1985,WAR,RC,csb,1108.14,3691.34,3970.63
1985,WAR,RC,cs,100.726,343.814,310.161
1985,WAR,RC,rom,2099.94,1905.5,2931.89
1985,WAR,RC,wym,1.45552,4.44367,5.1605
1985,WAR,RC,oth,3409.51,2334.15,4531.29
1985,WAR,GC,pl,1400.16,5523.19,6923.35
1985,WAR,GC,uk,5438.71,17140.7,16537.2
1985,WAR,GC,rue,260.096,949.342,926.308
1985,WAR,OR,pl,9358.73,31060,40418.8
1985,WAR,OR,uk,7598.55,23438.2,21986
1985,WAR,OR,be,3740.33,12322.8,12257.8
1985,WAR,OR,pls,2163.72,6642.76,6785.2
1985,WAR,OR,ru,5874.91,5817.32,8636.61
1985,WAR,OR,lt,2.35017,8.55608,3.92144
1985,WAR,OR,rue,11.6847,40.5217,39.4476
1985,WAR,OR,cs,61.5227,210.812,185.302
1985,WAR,JW,pl,15343.1,79588.9,94932
1985,WAR,JW,yi,11993.1,31198.4,35395.4
1985,WAR,JW,de,25.8586,101.503,90.6994
1985,WAR,JW,ru,2.37395,10.2087,9.59468
1985,WAR,JW,lt,28.6152,113.187,52.8545
1985,WAR,JH,pl,509.006,1503.01,2012.02
1985,WAR,JH,yi,26791.4,79574.2,66984.3
1985,WAR,PR,pl,13913,15478.3,29391.2
1985,WAR,PR,de,21633.3,18940.7,28598.9
1985,WAR,PR,lt,21.305,82.6279,39.3535
1985,WAR,PR,cs,13.0861,48.3731,43.4629
1985,WAR,PR,lv,19.7922,76.1802,40.5589
1985,WAR,OT,pl,1418.69,2754,4172.69
1985,WAR,OT,lt,1.29639,4.86786,2.13312
1985,WAR,OT,kdr,2.0216,7.439,7.48649
1985,WAR,OT,oth,466.854,556.82,737.885
1985,LOD,RC,pl,1.15715e+06,1.5801e+06,2.73725e+06
1985,LOD,RC,uk,4.20533,15.4447,13.9955
1985,LOD,RC,be,465.151,1425.04,1500.92
1985,LOD,RC,pls,157.947,516.978,528.068
1985,LOD,RC,de,5128.66,8480.57,10191
1985,LOD,RC,ru,0.558188,1.95004,1.91468
1985,LOD,RC,lt,2863.27,10440.5,6474.61
1985,LOD,RC,csb,1493.91,5030.95,5405.76
1985,LOD,RC,cs,179.272,611.149,553.205
1985,LOD,RC,rom,1446.43,2467.48,2909.21
1985,LOD,RC,wym,2.85153,8.69155,10.1209
1985,LOD,RC,oth,3724.47,3970.08,6239.42
1985,LOD,GC,pl,2420.02,9745.94,12166
1985,LOD,GC,uk,8354.53,30441,28700
1985,LOD,GC,rue,495.101,1765,1744.05
1985,LOD,OR,pl,16137.7,53833.9,69971.6
1985,LOD,OR,uk,11584.5,40908.8,37444.4
1985,LOD,OR,be,6639.93,21716.1,21750.6
1985,LOD,OR,pls,3792.03,11548,11846
1985,LOD,OR,ru,2618.23,5948.11,6389.57
1985,LOD,OR,lt,4.06045,14.5562,6.73284
1985,LOD,OR,rue,20.7841,71.8028,70.4066
1985,LOD,OR,cs,107.285,364.741,324.018
1985,LOD,JW,pl,19159.4,143996,163155
1985,LOD,JW,yi,13403.5,57302,59289.1
1985,LOD,JW,de,61.7706,737.862,590.376
1985,LOD,JW,ru,2.90929,13.1874,12.2218
1985,LOD,JW,lt,51.6105,200.43,95.8028
1985,LOD,JH,pl,507.476,2231.62,2739.09
1985,LOD,JH,yi,27142.9,137488,107425
1985,LOD,PR,pl,39586.6,49909.2,89495.8
1985,LOD,PR,de,40121.5,63065.5,75139.4
1985,LOD,PR,lt,37.089,143.092,70.2779
1985,LOD,PR,cs,23.6827,86.3321,77.7934
1985,LOD,PR,lv,35.5189,135.361,72.8945
1985,LOD,OT,pl,1670.37,4625.2,6295.56
1985,LOD,OT,lt,2.28285,8.49814,3.80016
1985,LOD,OT,kdr,3.68608,13.4764,13.6189
1985,LOD,OT,oth,400.483,949.649,909.85
1985,KIE,RC,pl,1.88598e+06,1.62273e+06,3.50871e+06
1985,KIE,RC,uk,3.19023,11.5867,10.5851
1985,KIE,RC,be,324.551,989.372,1043.43
1985,KIE,RC,pls,112.44,363.29,372.72
1985,KIE,RC,de,1332.51,2747,3019.11
1985,KIE,RC,ru,0.401917,1.38946,1.37115
1985,KIE,RC,lt,2046.84,7198.3,4483.53
1985,KIE,RC,csb,987.038,3242.06,3499.13
1985,KIE,RC,cs,139.077,464.474,422.617
1985,KIE,RC,rom,2513.4,2476.22,3652.69
1985,KIE,RC,wym,2.81129,8.53589,9.94731
1985,KIE,RC,oth,3208.83,2438.52,4444.43
1985,KIE,GC,pl,2099.31,8621.68,10721
1985,KIE,GC,uk,6891.83,25623.4,23801.8
1985,KIE,GC,rue,467.633,1700.83,1657.02
1985,KIE,OR,pl,10559.1,39006.9,49566
1985,KIE,OR,uk,9393.98,31873.2,28865.5
1985,KIE,OR,be,4961.34,15646.1,15553.1
1985,KIE,OR,pls,2832.73,8375.16,8573.54
1985,KIE,OR,ru,3417.02,5009.25,6091.82
1985,KIE,OR,lt,3.06749,10.7919,4.93871
1985,KIE,OR,rue,19.2181,62.9007,61.2426
1985,KIE,OR,cs,88.9782,291.713,255.307
1985,KIE,JW,pl,21192.2,115876,137068
1985,KIE,JW,yi,17836.8,48481.2,54133.3
1985,KIE,JW,de,14.4326,68.0884,58.1073
1985,KIE,JW,ru,2.23471,9.91809,9.11381
1985,KIE,JW,lt,36.084,146.243,68.1999
1985,KIE,JH,pl,742.291,2058.83,2801.12
1985,KIE,JH,yi,39697.1,122317,101351
1985,KIE,PR,pl,2801.99,9580.66,12382.7
1985,KIE,PR,de,7055.31,11041.9,12771.3
1985,KIE,PR,lt,25.6083,100.504,48.0715
1985,KIE,PR,cs,17.617,66.0333,58.8236
1985,KIE,PR,lv,24.592,95.7543,50.3561
1985,KIE,OT,pl,1827.2,3755.47,5582.68
1985,KIE,OT,lt,1.61133,6.14559,2.69241
1985,KIE,OT,kdr,2.61075,9.76937,9.76194
1985,KIE,OT,oth,586.029,774.048,966.988
1985,LUB,RC,pl,1.67261e+06,1.25602e+06,2.92863e+06
1985,LUB,RC,uk,6.25711,21.6013,19.4686
1985,LUB,RC,be,838.6,1095.89,1491.96
1985,LUB,RC,pls,128.808,379.826,389.83
1985,LUB,RC,de,1577.3,2030.23,2503.45
1985,LUB,RC,ru,0.440272,1.29859,1.29483
1985,LUB,RC,lt,1870.66,6002.83,3656.65
1985,LUB,RC,csb,699.295,2103.2,2261.23
1985,LUB,RC,cs,184.433,556.754,506.747
1985,LUB,RC,rom,2057.1,1871.16,2732.09
1985,LUB,RC,wym,1.70577,4.95409,5.76052
1985,LUB,RC,oth,194.606,554.811,598.856
1985,LUB,GC,pl,4029.85,10241.8,14271.6
1985,LUB,GC,uk,36635.3,53661.9,63527
1985,LUB,GC,rue,388.42,1298.64,1273.88
1985,LUB,OR,pl,178319,120437,298756
1985,LUB,OR,uk,115857,98802.4,139368
1985,LUB,OR,be,6649.32,15710.9,16358.1
1985,LUB,OR,pls,3446.78,9214.69,9468.46
1985,LUB,OR,ru,6033.23,5828.93,8150.38
1985,LUB,OR,lt,2.95099,9.38457,4.18506
1985,LUB,OR,rue,23.8999,68.2223,67.0496
1985,LUB,OR,cs,123.988,356.062,314.393
1985,LUB,JW,pl,20486.3,82094.4,102581
1985,LUB,JW,yi,17319.7,35509.7,42298.5
1985,LUB,JW,de,13.6302,49.5086,44.0928
1985,LUB,JW,ru,2.48676,9.59264,9.06198
1985,LUB,JW,lt,29.8207,119.809,53.3932
1985,LUB,JH,pl,677.42,1553.06,2230.48
1985,LUB,JH,yi,38227.7,87596.2,76961.4
1985,LUB,PR,pl,15758.4,15687.2,31445.6
1985,LUB,PR,de,9122.52,10170.2,13265
1985,LUB,PR,lt,21.1605,83.6934,38.349
1985,LUB,PR,cs,21.1982,79.9751,70.6983
1985,LUB,PR,lv,20.1325,78.8758,39.7235
1985,LUB,OT,pl,2189.25,3626.27,5815.52
1985,LUB,OT,lt,1.37154,5.22708,2.18436
1985,LUB,OT,kdr,2.3123,8.54327,8.49591
1985,LUB,OT,oth,76.1333,351.739,266.277
1985,BIA,RC,pl,727291,697023,1.42431e+06
1985,BIA,RC,uk,1.96828,7.30668,6.53906
1985,BIA,RC,be,8447.36,4636.89,10114.4
1985,BIA,RC,pls,85.3538,279.269,282.187
1985,BIA,RC,de,662.99,1127.42,1286.24
1985,BIA,RC,ru,11.9338,7.9532,14.4038
1985,BIA,RC,lt,10017.7,11773.5,12641.3
1985,BIA,RC,csb,439.037,1484.86,1569.05
1985,BIA,RC,cs,84.1303,286.057,255.351
1985,BIA,RC,rom,832.705,1035.14,1342.11
1985,BIA,RC,wym,0.935753,2.87206,3.30926
1985,BIA,RC,oth,437.155,538.933,768.51
1985,BIA,GC,pl,961.396,3949.82,4911.22
1985,BIA,GC,uk,3472.96,12988.2,11945.2
1985,BIA,GC,rue,179.228,657.905,634.858
1985,BIA,OR,pl,180906,132806,313713
1985,BIA,OR,uk,9267.39,21634.7,21406.7
1985,BIA,OR,be,164312,93029.6,184047
1985,BIA,OR,pls,2316.8,6807.93,6936.3
1985,BIA,OR,ru,27801,18778.3,33234.9
1985,BIA,OR,lt,6.51681,14.3164,9.01806
1985,BIA,OR,rue,9.27202,30.4308,29.494
1985,BIA,OR,cs,55.0053,179.011,156.352
1985,BIA,JW,pl,11792.9,59244.2,71037.1
1985,BIA,JW,yi,11680.7,29410.6,32927.5
1985,BIA,JW,de,7.94053,32.9943,28.0382
1985,BIA,JW,ru,12.9112,41.9913,41.5688
1985,BIA,JW,lt,41.2838,163.881,82.7177
1985,BIA,JH,pl,426.42,1025.24,1451.66
1985,BIA,JH,yi,25437.6,69562.7,58612.3
1985,BIA,PR,pl,3587.9,5978.81,9566.71
1985,BIA,PR,de,4276.07,5833.62,6937.1
1985,BIA,PR,lt,27.7419,110.471,53.4659
1985,BIA,PR,cs,10.7285,41.0086,35.9966
1985,BIA,PR,lv,23.8662,94.9702,49.7359
1985,BIA,OT,pl,2699.13,3241.35,5940.48
1985,BIA,OT,lt,1.75775,6.49652,2.93713
1985,BIA,OT,kdr,2.23174,8.34591,8.31261
1985,BIA,OT,oth,328.283,414.112,522.838
1985,WIL,RC,pl,415234,430774,846008
1985,WIL,RC,uk,0.981073,3.66722,3.25756
1985,WIL,RC,be,16210.9,8262.86,18754.2
1985,WIL,RC,pls,90.5206,171.88,201.49
1985,WIL,RC,de,176.336,473.901,472.008
1985,WIL,RC,ru,31.2702,20.9491,37.8395
1985,WIL,RC,lt,38324.8,30360.6,43199.7
1985,WIL,RC,csb,213.213,750.562,786.165
1985,WIL,RC,cs,42.8874,151.579,133.433
1985,WIL,RC,rom,632.234,698.618,954.627
1985,WIL,RC,wym,0.474852,1.49634,1.71173
1985,WIL,RC,oth,501.464,483.085,765.299
1985,WIL,GC,pl,447.938,1882.74,2330.68
1985,WIL,GC,uk,1556.21,6035.14,5518.47
1985,WIL,GC,rue,86.6153,331.138,317.381
1985,WIL,OR,pl,111598,96412.5,208011
1985,WIL,OR,uk,2701.88,9726.68,8662.15
1985,WIL,OR,be,185017,113899,214042
1985,WIL,OR,pls,4518.92,5350.19,7320.49
1985,WIL,OR,ru,27121.3,20553.8,34253.1
1985,WIL,OR,lt,40.6876,42.0584,46.2939
1985,WIL,OR,rue,4.35191,15.3663,14.7048
1985,WIL,OR,cs,27.1022,94.9604,81.2953
1985,WIL,JW,pl,5285.98,26698.2,31984.1
1985,WIL,JW,yi,5766.11,15543.3,16943.8
1985,WIL,JW,de,2.88786,12.6459,10.3829
1985,WIL,JW,ru,9.91179,36.2259,35.2919
1985,WIL,JW,lt,75.5133,258.923,161.703
1985,WIL,JH,pl,187.94,555.602,743.541
1985,WIL,JH,yi,11833.8,33179.5,28054.6
1985,WIL,PR,pl,1683.23,3078.64,4761.87
1985,WIL,PR,de,944.619,2314.34,2187.31
1985,WIL,PR,lt,35.9426,147.716,74.5286
1985,WIL,PR,cs,5.47215,21.5694,18.7318
1985,WIL,PR,lv,23.7168,97.6154,51.9554
1985,WIL,OT,pl,2485.81,2878.61,5364.42
1985,WIL,OT,lt,3.28339,9.23487,5.26349
1985,WIL,OT,kdr,94.887,107.685,163.136
1985,WIL,OT,oth,290.85,349.908,454.704
1985,NOW,RC,pl,370376,290220,660596
1985,NOW,RC,uk,1.27702,4.51319,4.0057
1985,NOW,RC,be,10192.5,4712.07,11019.5
1985,NOW,RC,pls,48.7055,148.97,150.365
1985,NOW,RC,de,111.749,359.994,336.752
1985,NOW,RC,ru,4.88493,3.31528,5.67019
1985,NOW,RC,lt,1674.86,3488.18,2542.98
1985,NOW,RC,csb,179.567,570.318,600.501
1985,NOW,RC,cs,54.1702,171.427,151.855
1985,NOW,RC,rom,808.813,624.612,986.234
1985,NOW,RC,wym,0.422189,1.21717,1.40794
1985,NOW,RC,oth,50.6567,153.028,161.468
1985,NOW,GC,pl,497.872,1906.68,2404.55
1985,NOW,GC,uk,1866.52,6630.96,6068.25
1985,NOW,GC,rue,88.0639,308.256,296.155
1985,NOW,OR,pl,261456,140411,401867
1985,NOW,OR,uk,3907.06,11799,10607.3
1985,NOW,OR,be,396189,171470,377366
1985,NOW,OR,pls,1417.21,3877.06,3925.82
1985,NOW,OR,ru,12989.8,7278.59,13507.6
1985,NOW,OR,lt,1.72349,5.38557,2.47781
1985,NOW,OR,rue,5.31686,15.6342,15.1283
1985,NOW,OR,cs,37.2218,109.692,94.622
1985,NOW,JW,pl,5953.39,18738.9,24692.3
1985,NOW,JW,yi,6942.82,10530,13489.6
1985,NOW,JW,de,2.11157,9.06614,7.48754
1985,NOW,JW,ru,3.99582,8.95821,9.53143
1985,NOW,JW,lt,15.4066,61.9322,26.9635
1985,NOW,JH,pl,214.771,410.548,625.319
1985,NOW,JH,yi,14002.4,22887.7,21892.5
1985,NOW,PR,pl,2155.65,2680.48,4836.13
1985,NOW,PR,de,383.598,1477.12,1257.57
1985,NOW,PR,lt,11.5432,45.3547,20.8973
1985,NOW,PR,cs,6.46509,24.3202,21.2051
1985,NOW,PR,lv,11.2741,43.7731,21.8244
1985,NOW,OT,pl,1896.59,1790.28,3686.87
1985,NOW,OT,lt,0.709989,2.69793,1.10616
1985,NOW,OT,kdr,1.0763,3.90989,3.87227
1985,NOW,OT,oth,25.2059,108.638,80.5252
1985,POL,RC,pl,241332,252797,494129
1985,POL,RC,uk,2.71562,8.57615,7.63717
1985,POL,RC,be,2075.01,1433.5,2512.75
1985,POL,RC,pls,9507.94,4284.3,9388.2
1985,POL,RC,de,185.827,524.957,493.467
1985,POL,RC,ru,2.67692,2.22938,3.32591
1985,POL,RC,lt,1037.62,3008.9,1753.59
1985,POL,RC,csb,300.274,838.909,889.301
1985,POL,RC,cs,80.6732,226.374,200.936
1985,POL,RC,rom,525.249,597.928,746.14
1985,POL,RC,wym,0.678423,1.81713,2.10794
1985,POL,RC,oth,360.13,369.323,529.387
1985,POL,GC,pl,877.145,2844.33,3721.47
1985,POL,GC,uk,4634.66,14006.5,12889
1985,POL,GC,rue,155.955,466.532,451.27
1985,POL,OR,pl,424816,273581,698397
1985,POL,OR,uk,73813.3,55535.2,80005.6
1985,POL,OR,be,75331.9,45625.6,79789.5
1985,POL,OR,pls,689712,310913,666281
1985,POL,OR,ru,15919.9,10804.9,17520.6
1985,POL,OR,lt,1.61263,5.19806,2.23264
1985,POL,OR,rue,8.24624,23.7523,22.8172
1985,POL,OR,cs,50.5758,146.782,125.482
1985,POL,JW,pl,5514.6,25841,31355.6
1985,POL,JW,yi,6091.37,15741.1,17015.3
1985,POL,JW,de,2.86673,12.8696,10.6411
1985,POL,JW,ru,5.29772,18.5368,17.9973
1985,POL,JW,lt,15.0501,61.0677,25.1846
1985,POL,JH,pl,199.851,580.575,780.426
1985,POL,JH,yi,12904.1,37369.6,29723.7
1985,POL,PR,pl,4862.91,6038.65,10901.6
1985,POL,PR,de,567.178,2043.99,1771.76
1985,POL,PR,lt,11.4843,42.4612,18.44
1985,POL,PR,cs,9.04574,31.8909,27.922
1985,POL,PR,lv,10.9722,39.8952,19.0733
1985,POL,OT,pl,3536.06,3519.58,7055.64
1985,POL,OT,lt,0.801625,2.71892,1.08711
1985,POL,OT,kdr,1.2009,3.85169,3.81699
1985,POL,OT,oth,265.639,267.848,363.92
1985,WOL,RC,pl,399697,382822,782520
1985,WOL,RC,uk,803.928,425.613,726.884
1985,WOL,RC,be,283.688,539.037,616.257
1985,WOL,RC,pls,76.4381,215.281,216.017
1985,WOL,RC,de,3183.82,2293.89,3418.36
1985,WOL,RC,ru,0.444676,1.00884,1.02819
1985,WOL,RC,lt,1030.41,3092.79,1748.84
1985,WOL,RC,csb,330.072,951.72,1001.37
1985,WOL,RC,cs,13478.3,6471.65,11880.5
1985,WOL,RC,rom,1409.15,1160.72,1679.25
1985,WOL,RC,wym,0.818358,2.28629,2.61777
1985,WOL,RC,oth,1210.96,880.711,1479.84
1985,WOL,GC,pl,1567.55,5586.67,7154.22
1985,WOL,GC,uk,21324.8,65873.7,59735.5
1985,WOL,GC,rue,245.961,751.048,719.715
1985,WOL,OR,pl,45261.3,50064.4,95325.7
1985,WOL,OR,uk,1.71577e+06,904516,1.58177e+06
1985,WOL,OR,be,4892.62,9812.74,10409.4
1985,WOL,OR,pls,1976.89,5507.74,5473.72
1985,WOL,OR,ru,21622.4,14053.5,23394.5
1985,WOL,OR,lt,1.61965,5.2703,2.14275
1985,WOL,OR,rue,15.4281,45.072,43.0914
1985,WOL,OR,cs,12004.9,6069.15,10419
1985,WOL,JW,pl,9904.35,43246.2,53150.5
1985,WOL,JW,yi,12099.6,26616.9,29985.3
1985,WOL,JW,de,35.2453,80.1529,78.3866
1985,WOL,JW,ru,8.82631,23.5181,24.1185
1985,WOL,JW,lt,15.6716,63.8355,25.5565
1985,WOL,JH,pl,401.81,971.094,1372.9
1985,WOL,JH,yi,26069.8,62938.9,52133.7
1985,WOL,PR,pl,8525.96,9773.1,18299.1
1985,WOL,PR,de,21082.3,16502.1,24275.8
1985,WOL,PR,lt,11.0599,43.2959,17.8071
1985,WOL,PR,cs,1865.13,1127.2,1931.08
1985,WOL,PR,lv,10.6832,41.3839,18.5528
1985,WOL,OT,pl,17265.7,14268.3,31534
1985,WOL,OT,lt,0.762693,2.80421,1.06474
1985,WOL,OT,kdr,16.2455,17.3239,25.3387
1985,WOL,OT,oth,852.055,687.758,1093.17
1985,POZ,RC,pl,983633,1.30281e+06,2.28644e+06
1985,POZ,RC,uk,2.77299,10.2325,9.3134
1985,POZ,RC,be,305.223,960.802,1011
1985,POZ,RC,pls,103.534,348.856,355.731
1985,POZ,RC,de,9263.3,9428.77,14049.9
1985,POZ,RC,ru,0.368818,1.29914,1.27879
1985,POZ,RC,lt,1888.37,7048.11,4344.79
1985,POZ,RC,csb,1348.46,4674.61,5029.11
1985,POZ,RC,cs,118.372,414.032,374.991
1985,POZ,RC,rom,567.948,1433.06,1501.44
1985,POZ,RC,wym,1.99963,6.17136,7.18636
1985,POZ,RC,oth,219.037,721.236,774.882
1985,POZ,GC,pl,1559.17,6657.31,8216.48
1985,POZ,GC,uk,5256.66,20126.5,18767.7
1985,POZ,GC,rue,330.017,1238.49,1209.83
1985,POZ,OR,pl,8131.18,35051.6,43182.8
1985,POZ,OR,uk,7277.32,27366.7,24767.3
1985,POZ,OR,be,4229.73,14718.5,14577.9
1985,POZ,OR,pls,2434.26,7789.82,7925.15
1985,POZ,OR,ru,923.121,3354.16,3165.87
1985,POZ,OR,lt,2.73115,10.1125,4.62471
1985,POZ,OR,rue,13.1286,48.5061,47.0102
1985,POZ,OR,cs,69.1527,250.052,219.571
1985,POZ,JW,pl,9390.85,42056.4,51447.2
1985,POZ,JW,yi,3513.91,10971.2,11802.3
1985,POZ,JW,de,37.543,163.761,142.711
1985,POZ,JW,ru,1.8284,6.62949,6.34365
1985,POZ,JW,lt,35.9115,134.944,63.0866
1985,POZ,JH,pl,120.674,633.394,754.068
1985,POZ,JH,yi,5452.34,20662.6,16550.3
1985,POZ,PR,pl,23794.3,31963.5,55757.8
1985,POZ,PR,de,67290.7,65721.2,96068.6
1985,POZ,PR,lt,26.053,100.703,48.3339
1985,POZ,PR,cs,15.8171,58.2017,52.6056
1985,POZ,PR,lv,23.8424,91.5054,49.1035
1985,POZ,OT,pl,3265.36,4954.83,8220.19
1985,POZ,OT,lt,1.56984,5.8677,2.6023
1985,POZ,OT,kdr,2.42932,9.06248,9.16136
1985,POZ,OT,oth,79.3171,520.374,335.061
1985,POM,RC,pl,558079,777125,1.3352e+06
1985,POM,RC,uk,2.34641,8.49123,7.70202
1985,POM,RC,be,253.363,762.447,808.441
1985,POM,RC,pls,85.4458,276.161,282.585
1985,POM,RC,de,6204.28,6143.39,9124.82
1985,POM,RC,ru,0.30194,1.03983,1.02111
1985,POM,RC,lt,1570.36,5608.49,3417.1
1985,POM,RC,csb,110032,46695.8,127499
1985,POM,RC,cs,96.6087,324.156,293.998
1985,POM,RC,rom,446.493,1091.37,1141.8
1985,POM,RC,wym,1.49247,4.43055,5.19443
1985,POM,RC,oth,773.752,1061.25,1495.33
1985,POM,GC,pl,1240.66,5043.13,6283.79
1985,POM,GC,uk,4412.13,16212.1,15176.6
1985,POM,GC,rue,254.106,913.977,897.665
1985,POM,OR,pl,6656.41,26995,33651.4
1985,POM,OR,uk,6221.54,22175.4,20190.5
1985,POM,OR,be,3555.67,11754.9,11720.1
1985,POM,OR,pls,2023.02,6178.8,6331.46
1985,POM,OR,ru,770.923,2645,2512.26
1985,POM,OR,lt,2.29434,8.2564,3.70077
1985,POM,OR,rue,10.7593,37.5528,36.6581
1985,POM,OR,cs,56.9385,195.447,172.465
1985,POM,JW,pl,7259.01,30831.2,38090.2
1985,POM,JW,yi,2879.9,8645.15,9343.9
1985,POM,JW,de,30.0877,128.038,111.839
1985,POM,JW,ru,1.46604,5.28894,5.04908
1985,POM,JW,lt,29.3165,108.602,49.619
1985,POM,JH,pl,98.5571,489.612,588.169
1985,POM,JH,yi,4599.16,16725.7,13350.2
1985,POM,PR,pl,13688.3,18365.4,32053.7
1985,POM,PR,de,42521.7,40412.9,59559.5
1985,POM,PR,lt,21.8263,82.1465,38.5033
1985,POM,PR,cs,12.6142,45.0236,40.8397
1985,POM,PR,lv,19.2001,71.3652,37.7103
1985,POM,OT,pl,529.549,2025.89,2555.44
1985,POM,OT,lt,1.31664,4.7797,2.0743
1985,POM,OT,kdr,1.9581,7.01217,7.11102
1985,POM,OT,oth,66.0298,373.235,252.717
1985,SLA,RC,pl,756360,1.00906e+06,1.76542e+06
1985,SLA,RC,uk,4.29533,15.2503,13.9654
1985,SLA,RC,be,354.467,1029.32,1104.05
1985,SLA,RC,pls,127.27,394.99,410.9
1985,SLA,RC,de,23835.2,19419.2,33199.3
1985,SLA,RC,ru,0.418023,1.37933,1.37912
1985,SLA,RC,lt,2101.88,7331.13,4562.01
1985,SLA,RC,csb,1078.06,3461.52,3783.92
1985,SLA,RC,cs,157.214,508.566,468.845
1985,SLA,RC,rom,721.052,1736.83,1853.47
1985,SLA,RC,wym,3.8619,10.686,12.8494
1985,SLA,RC,oth,618.235,1052.23,1376.51
1985,SLA,GC,pl,2711.17,10583.6,13294.8
1985,SLA,GC,uk,10062.5,35034.5,33562.1
1985,SLA,GC,rue,616.509,2087.94,2098.35
1985,SLA,OR,pl,9694.28,38607.5,48301.8
1985,SLA,OR,uk,10944.4,37998.5,35068
1985,SLA,OR,be,4957.76,15855.4,16053.6
1985,SLA,OR,pls,2959.79,8724.39,9074.02
1985,SLA,OR,ru,1062.22,3544.93,3421.66
1985,SLA,OR,lt,3.01055,10.4973,4.81942
1985,SLA,OR,rue,22.1562,74.8651,74.3637
1985,SLA,OR,cs,91.4372,303.971,272.748
1985,SLA,JW,pl,13235.8,55930.4,69166.2
1985,SLA,JW,yi,4897.53,13750.6,15254.6
1985,SLA,JW,de,33.6971,147.217,131.79
1985,SLA,JW,ru,2.17772,7.30428,7.16866
1985,SLA,JW,lt,40.3002,140.696,67.0451
1985,SLA,JH,pl,159.731,774.813,934.544
1985,SLA,JH,yi,7574.96,26457.3,21652.1
1985,SLA,PR,pl,32731.5,27909.1,60640.6
1985,SLA,PR,de,11917.5,19400.9,22872.7
1985,SLA,PR,lt,27.7129,99.5453,48.7084
1985,SLA,PR,cs,21.2206,71.1752,65.7012
1985,SLA,PR,lv,26.3139,92.8144,50.1571
1985,SLA,OT,pl,4094.34,5005.87,9100.21
1985,SLA,OT,lt,1.74728,6.06688,2.73156
1985,SLA,OT,kdr,2.97696,9.89409,10.3155
1985,SLA,OT,oth,422.104,826.305,837.587
1985,KRA,RC,pl,1.13975e+06,1.11735e+06,2.2571e+06
1985,KRA,RC,uk,2.66399,9.92922,8.98031
1985,KRA,RC,be,226.855,708.632,745.371
1985,KRA,RC,pls,83.882,280.253,285.417
1985,KRA,RC,de,2381.98,2817.39,3845.67
1985,KRA,RC,ru,0.271241,0.956468,0.938403
1985,KRA,RC,lt,1358.31,4996.94,3068.37
1985,KRA,RC,csb,606.553,2087.24,2229.63
1985,KRA,RC,cs,108.298,374.901,338.485
1985,KRA,RC,rom,3477.44,2865.28,4712.8
1985,KRA,RC,wym,244.994,97.6998,302.128
1985,KRA,RC,oth,875.025,1002.7,1514.67
1985,KRA,GC,pl,19968.4,20284.3,40252.8
1985,KRA,GC,uk,6628.9,25198.3,23497.4
1985,KRA,GC,rue,42967.4,19809.4,45897.5
1985,KRA,OR,pl,6685.53,27813.2,34498.7
1985,KRA,OR,uk,7114.95,26044.1,23635.2
1985,KRA,OR,be,3284.78,11189.7,11101.1
1985,KRA,OR,pls,2024.8,6393.98,6512.7
1985,KRA,OR,ru,719.359,2543.87,2407.44
1985,KRA,OR,lt,1.97777,7.27369,3.31252
1985,KRA,OR,rue,22.0455,78.5424,76.1264
1985,KRA,OR,cs,64.9167,229.221,201.318
1985,KRA,JW,pl,12874.2,73665.2,86539.4
1985,KRA,JW,yi,7303.9,22026.2,24193
1985,KRA,JW,de,8.66735,38.5681,33.4734
1985,KRA,JW,ru,1.35643,5.41205,5.08382
1985,KRA,JW,lt,25.2346,98.422,45.9658
1985,KRA,JH,pl,311.354,1385.31,1696.67
1985,KRA,JH,yi,16080,57656.3,47409
1985,KRA,PR,pl,1702.11,6477.23,8179.35
1985,KRA,PR,de,3258.86,6582.95,7029.02
1985,KRA,PR,lt,17.6558,69.3059,33.3959
1985,KRA,PR,cs,14.2579,53.4351,47.8408
1985,KRA,PR,lv,16.975,66.265,35.0927
1985,KRA,OT,pl,562.133,2232.7,2794.83
1985,KRA,OT,lt,1.11508,4.20229,1.85107
1985,KRA,OT,kdr,1.94572,7.22521,7.29606
1985,KRA,OT,oth,68.9969,345.587,256.543
1985,LWO,RC,pl,815927,1.00263e+06,1.81855e+06
1985,LWO,RC,uk,17.7577,65.2135,58.3133
1985,LWO,RC,be,287.489,919.299,956.284
1985,LWO,RC,pls,119.945,411.826,414.308
1985,LWO,RC,de,2027.33,2645.44,3417.75
1985,LWO,RC,ru,0.347966,1.24424,1.21052
1985,LWO,RC,lt,1618.55,6082.68,3584.88
1985,LWO,RC,csb,591.168,2104.2,2217.12
1985,LWO,RC,cs,230.902,817.355,731.004
1985,LWO,RC,rom,3027.77,2885.94,4375.17
1985,LWO,RC,wym,2.13143,6.63726,7.66345
1985,LWO,RC,oth,2250.01,1947.4,3323.01
1985,LWO,GC,pl,115713,92632.3,208345
1985,LWO,GC,uk,715200,460302,836414
1985,LWO,GC,rue,37081.7,18408.6,40512.8
1985,LWO,OR,pl,14183.2,42494.9,56678.1
1985,LWO,OR,uk,41905.1,143475,131809
1985,LWO,OR,be,4319.44,15067.6,14807.5
1985,LWO,OR,pls,2921.69,9478.21,9534.26
1985,LWO,OR,ru,995.208,3598.95,3385.56
1985,LWO,OR,lt,2.46091,9.05158,3.95719
1985,LWO,OR,rue,3052.32,1414.23,3215.23
1985,LWO,OR,cs,140.112,503.92,440.582
1985,LWO,JW,pl,27115.6,145801,172916
1985,LWO,JW,yi,13370.1,37727.7,41714.2
1985,LWO,JW,de,11.3864,46.9892,40.9439
1985,LWO,JW,ru,1.90185,7.8887,7.35221
1985,LWO,JW,lt,31.4272,123.385,55.4775
1985,LWO,JH,pl,522.502,1796.42,2318.93
1985,LWO,JH,yi,29845.2,92292.2,77610.2
1985,LWO,PR,pl,6645.11,10636.8,17281.9
1985,LWO,PR,de,5122.63,8357.81,9466.08
1985,LWO,PR,lt,21.1951,83.6915,38.032
1985,LWO,PR,cs,30.9274,118.141,104.748
1985,LWO,PR,lv,20.2312,79.7553,39.7155
1985,LWO,OT,pl,2647.29,5082.27,7729.56
1985,LWO,OT,lt,1.40121,5.33084,2.24656
1985,LWO,OT,kdr,2.91803,11.137,11.1423
1985,LWO,OT,oth,1015.1,1107.31,1560.49
1985,STA,RC,pl,137597,228449,366045
1985,STA,RC,uk,8.61378,30.7296,26.9472
1985,STA,RC,be,92.9286,290.239,300.597
1985,STA,RC,pls,38.7192,130.968,130.146
1985,STA,RC,de,2266.39,1736.15,2813.48
1985,STA,RC,ru,0.115683,0.410329,0.393928
1985,STA,RC,lt,527.503,1936.36,1087.4
1985,STA,RC,csb,192.851,673.325,702.827
1985,STA,RC,cs,74.8209,259.158,227.83
1985,STA,RC,rom,1081.25,976.724,1485.5
1985,STA,RC,wym,0.698674,2.10514,2.43019
1985,STA,RC,oth,1246.3,949.08,1690.15
1985,STA,GC,pl,55044.6,43754.4,98799
1985,STA,GC,uk,706485,393796,753479
1985,STA,GC,rue,189.402,703.463,672.326
1985,STA,OR,pl,2836.15,12077.3,14913.5
1985,STA,OR,uk,18002.7,60003.9,54284.3
1985,STA,OR,be,1429.97,4876.69,4740.31
1985,STA,OR,pls,987.472,3171.75,3153.25
1985,STA,OR,ru,331.911,1166.48,1082.8
1985,STA,OR,lt,0.843693,3.07514,1.27362
1985,STA,OR,rue,12.2257,42.8175,41.111
1985,STA,OR,cs,46.7376,163.343,140.31
1985,STA,JW,pl,7495.64,38088.6,45584.2
1985,STA,JW,yi,5195.93,14674.1,15889.8
1985,STA,JW,de,7.81677,28.3904,25.134
1985,STA,JW,ru,0.616513,2.52931,2.31754
1985,STA,JW,lt,10.4545,40.6415,17.1216
1985,STA,JH,pl,191.413,592.847,784.26
1985,STA,JH,yi,11848,35860,29509.8
1985,STA,PR,pl,987.932,2473.45,3461.38
1985,STA,PR,de,5435.33,4987.04,7110.54
1985,STA,PR,lt,6.9985,26.912,11.4726
1985,STA,PR,cs,9.95475,36.9082,32.4706
1985,STA,PR,lv,6.62813,25.39,11.9189
1985,STA,OT,pl,1336.72,2028.93,3365.65
1985,STA,OT,lt,0.46815,1.77153,0.705381
1985,STA,OT,kdr,22.973,27.1732,40.4259
1985,STA,OT,oth,623.059,530.858,861.585
1985,TAR,RC,pl,302066,318758,620824
1985,TAR,RC,uk,6.78077,25.3563,22.1689
1985,TAR,RC,be,86.963,275.317,285.859
1985,TAR,RC,pls,35.8645,123.502,122.964
1985,TAR,RC,de,495.447,718.227,877.958
1985,TAR,RC,lt,488.611,1823.82,1039.99
1985,TAR,RC,csb,178.293,633.904,662.278
1985,TAR,RC,cs,74.2493,262.813,231.231
1985,TAR,RC,rom,553.628,670.073,896.372
1985,TAR,RC,wym,0.656269,1.99255,2.30776
1985,TAR,RC,oth,311.146,368.727,535.646
1985,TAR,GC,pl,81179.2,56176.6,137356
1985,TAR,GC,uk,458881,263274,505238
1985,TAR,GC,rue,175.066,660.282,636.165
1985,TAR,OR,pl,2759.4,11882.2,14641.6
1985,TAR,OR,uk,16285,53060.2,48429.3
1985,TAR,OR,be,1314.3,4636.54,4488.42
1985,TAR,OR,pls,904.234,2998.63,2975.79
1985,TAR,OR,ru,308.332,1124.33,1039.74
1985,TAR,OR,lt,0.778743,2.8933,1.20554
1985,TAR,OR,rue,11.0241,40.4439,38.646
1985,TAR,OR,cs,45.7179,165.988,141.984
1985,TAR,JW,pl,8715.79,38246.1,46961.9
1985,TAR,JW,yi,4359.12,10862.3,12240.3
1985,TAR,JW,de,2.93584,11.9252,10.3016
1985,TAR,JW,ru,0.588206,2.31149,2.15667
1985,TAR,JW,lt,9.77432,37.4276,16.0991
1985,TAR,JH,pl,157.71,539.103,696.813
1985,TAR,JH,yi,9620.59,26326.4,22478.4
1985,TAR,PR,pl,1677.93,2786.86,4464.78
1985,TAR,PR,de,1310.38,2318.52,2519.97
1985,TAR,PR,lt,6.54212,25.4326,11.0838
1985,TAR,PR,cs,9.99399,37.6397,33.1121
1985,TAR,PR,lv,6.22289,24.148,11.5721
1985,TAR,OT,pl,2602.09,2572.36,5174.44
1985,TAR,OT,lt,0.43528,1.6239,0.657276
1985,TAR,OT,kdr,0.900992,3.34582,3.3602
1985,TAR,OT,oth,251.427,274.918,385.582
1985,LT_KAU,RC,pl,8230.64,11858.2,13783.8
1985,LT_KAU,RC,be,51.3228,156.985,150.108
1985,LT_KAU,RC,pls,2.34489,8.34446,4.76782
1985,LT_KAU,RC,de,20.2384,73.2868,53.6598
1985,LT_KAU,RC,ru,0.163882,0.724205,0.639598
1985,LT_KAU,RC,lt,113103,176729,289832
1985,LT_KAU,RC,csb,12.3838,45.0086,23.3187
1985,LT_KAU,RC,cs,2.4216,8.75366,4.31841
1985,LT_KAU,RC,rom,407.413,502.671,684.616
1985,LT_KAU,RC,oth,3.84158,13.6098,7.55081
1985,LT_KAU,GC,pl,8.09777,30.6182,15.0957
1985,LT_KAU,GC,uk,74.1547,278.681,141.587
1985,LT_KAU,GC,lt,1.03176,7.32359,8.35534
1985,LT_KAU,GC,rue,4.66707,17.4079,9.01353
1985,LT_KAU,OR,pl,77.1594,273.503,157.71
1985,LT_KAU,OR,uk,118.43,448.224,237.499
1985,LT_KAU,OR,be,157.639,559.306,343.98
1985,LT_KAU,OR,pls,55.6488,193.359,108.805
1985,LT_KAU,OR,ru,5280.6,8030.46,10121.1
1985,LT_KAU,OR,lt,611.451,1699.4,2310.85
1985,LT_KAU,OR,rue,0.218852,0.801551,0.416475
1985,LT_KAU,OR,cs,1.35202,4.90877,2.44429
1985,LT_KAU,JW,pl,59.3868,342.087,219.113
1985,LT_KAU,JW,yi,1561.64,10811.2,9777.4
1985,LT_KAU,JW,de,5.22511,39.9787,33.1998
1985,LT_KAU,JW,ru,2.68175,39.3859,33.6168
1985,LT_KAU,JW,lt,1113.33,12089.1,13202.4
1985,LT_KAU,JH,pl,1.36457,5.36328,3.21014
1985,LT_KAU,JH,yi,168.446,729.827,391.261
1985,LT_KAU,PR,pl,13.1252,44.2663,27.7992
1985,LT_KAU,PR,de,3157.01,4886.99,5836.93
1985,LT_KAU,PR,lt,1398.57,3301.69,4700.25
1985,LT_KAU,PR,cs,0.311185,1.16872,0.586514
1985,LT_KAU,PR,lv,121.141,450.274,424.574
1985,LT_KAU,OT,pl,418.495,423.125,634.254
1985,LT_KAU,OT,lt,308.282,921.948,1230.23
1985,LT_KAU,OT,kdr,0.834372,3.09526,3.04671
1985,LT_KAU,OT,oth,697.506,1129.74,1470.71
1985,LT_LAU,RC,pl,14874,8717.71,16381
1985,LT_LAU,RC,be,49.6294,148.675,148.079
1985,LT_LAU,RC,pls,1.64683,5.87144,3.23458
1985,LT_LAU,RC,de,14.6569,52.3841,39.8551
1985,LT_LAU,RC,ru,0.13108,0.51291,0.462343
1985,LT_LAU,RC,lt,305624,198315,503939
1985,LT_LAU,RC,csb,8.77058,31.8875,15.8533
1985,LT_LAU,RC,cs,1.73702,6.2957,2.9499
1985,LT_LAU,RC,rom,40.9601,142.891,132.649
1985,LT_LAU,RC,oth,2.49485,8.83277,4.70899
1985,LT_LAU,GC,pl,4.98758,19.0038,8.80343
1985,LT_LAU,GC,uk,51.4291,194.818,94.4335
1985,LT_LAU,GC,lt,0.675028,4.6823,5.35733
1985,LT_LAU,GC,rue,3.28132,12.3497,6.10472
1985,LT_LAU,OR,pl,50.4997,164.308,89.6567
1985,LT_LAU,OR,uk,83.8843,317.984,161.165
1985,LT_LAU,OR,be,111.3,397.353,237.431
1985,LT_LAU,OR,pls,39.2019,138.328,75.7452
1985,LT_LAU,OR,ru,7809.22,5023.96,9442.71
1985,LT_LAU,OR,lt,872.645,982.715,1855.36
1985,LT_LAU,OR,rue,0.155621,0.575657,0.288236
1985,LT_LAU,OR,cs,0.972917,3.57081,1.69338
1985,LT_LAU,JW,pl,49.522,168.891,106.982
1985,LT_LAU,JW,yi,4282.16,8176.89,9678.04
1985,LT_LAU,JW,de,3.3017,15.1386,13.2385
1985,LT_LAU,JW,ru,3.451,12.3544,12.1905
1985,LT_LAU,JW,lt,2315.06,8655.25,10970.3
1985,LT_LAU,JH,pl,1.60099,3.65718,2.4902
1985,LT_LAU,JH,yi,171.277,530.45,308.184
1985,LT_LAU,PR,pl,7.11005,23.7392,13.064
1985,LT_LAU,PR,de,1759.9,2355.23,2930.45
1985,LT_LAU,PR,lt,840.094,2745.46,3585.55
1985,LT_LAU,PR,cs,0.221025,0.84114,0.401937
1985,LT_LAU,PR,lv,735.682,743.435,1075.09
1985,LT_LAU,OT,pl,9.20684,27.3072,23.2488
1985,LT_LAU,OT,lt,221.106,299.864,520.97
1985,LT_LAU,OT,kdr,33.8678,20.5293,44.0005
1985,LT_LAU,OT,oth,649.352,460.843,872.218
1985,LT_ZEM,RC,pl,4373.4,4637.27,5871.48
1985,LT_ZEM,RC,be,50.5863,153.521,150.693
1985,LT_ZEM,RC,pls,1.92031,6.84759,3.86841
1985,LT_ZEM,RC,de,19.5426,69.7411,54.5323
1985,LT_ZEM,RC,ru,0.106581,0.417709,0.374185
1985,LT_ZEM,RC,lt,353370,226932,580302
1985,LT_ZEM,RC,csb,10.221,37.1527,18.9533
1985,LT_ZEM,RC,cs,2.00075,7.25181,3.51233
1985,LT_ZEM,RC,rom,230.83,225.902,333.369
1985,LT_ZEM,RC,oth,2.92732,10.3593,5.66537
1985,LT_ZEM,GC,pl,4.58917,17.7405,8.39396
1985,LT_ZEM,GC,uk,59.987,230.401,113.977
1985,LT_ZEM,GC,lt,0.812269,5.7866,6.59887
1985,LT_ZEM,GC,rue,3.81599,14.5538,7.34032
1985,LT_ZEM,OR,pl,39.2872,145.177,76.0541
1985,LT_ZEM,OR,uk,97.153,365.399,190.947
1985,LT_ZEM,OR,be,130.779,462.36,283.018
1985,LT_ZEM,OR,pls,46.0398,161.269,90.5374
1985,LT_ZEM,OR,ru,4637.21,3750.76,6192.6
1985,LT_ZEM,OR,lt,550.882,801.187,1352.07
1985,LT_ZEM,OR,rue,0.181032,0.664202,0.340994
1985,LT_ZEM,OR,cs,1.12235,4.08905,2.00212
1985,LT_ZEM,JW,pl,31.6334,127.468,68.6624
1985,LT_ZEM,JW,yi,4335.96,8914.15,10280.1
1985,LT_ZEM,JW,de,5.01217,22.5309,19.7732
1985,LT_ZEM,JW,ru,2.07552,9.02886,8.55213
1985,LT_ZEM,JW,lt,2414.44,9493.62,11908.1
1985,LT_ZEM,JH,pl,1.17864,2.82537,1.82539
1985,LT_ZEM,JH,yi,187.443,608.068,350.922
1985,LT_ZEM,PR,pl,5.51138,21.0728,11.0109
1985,LT_ZEM,PR,de,3451.38,3623.4,5047.52
1985,LT_ZEM,PR,lt,5042.86,4766.52,9809.38
1985,LT_ZEM,PR,cs,0.252658,0.975027,0.478795
1985,LT_ZEM,PR,lv,4086.26,1902.99,4319.02
1985,LT_ZEM,OT,pl,7.0388,24.8181,20.2076
1985,LT_ZEM,OT,lt,254.39,357.588,611.978
1985,LT_ZEM,OT,kdr,0.98443,3.63164,3.6363
1985,LT_ZEM,OT,oth,769.286,558.107,1040.76
1985,LT_SUV,RC,pl,6740.43,5380.87,7992.55
1985,LT_SUV,RC,be,967.896,332.909,1024.16
1985,LT_SUV,RC,pls,2.17774,7.65876,4.36212
1985,LT_SUV,RC,de,18.3809,65.6573,46.6351
1985,LT_SUV,RC,ru,0.472421,0.468359,0.672072
1985,LT_SUV,RC,lt,285920,167438,453358
1985,LT_SUV,RC,csb,11.5535,41.5429,21.4557
1985,LT_SUV,RC,cs,2.21989,7.95277,3.9105
1985,LT_SUV,RC,rom,1003.62,445.37,1065.51
1985,LT_SUV,RC,oth,3.24448,11.3488,6.20412
1985,LT_SUV,GC,pl,5.86746,22.7116,11.0514
1985,LT_SUV,GC,uk,69.8273,268.498,135.96
1985,LT_SUV,GC,lt,0.977552,7.28902,8.26657
1985,LT_SUV,GC,rue,4.38309,16.7172,8.62945
1985,LT_SUV,OR,pl,46.5968,169.031,89.1907
1985,LT_SUV,OR,uk,110.175,409.91,219.396
1985,LT_SUV,OR,be,135.595,476.488,288.748
1985,LT_SUV,OR,pls,53.1209,183.736,104.473
1985,LT_SUV,OR,ru,3793.45,2712.94,4807.7
1985,LT_SUV,OR,lt,481.82,648.669,1130.49
1985,LT_SUV,OR,rue,0.206046,0.751827,0.392357
1985,LT_SUV,OR,cs,1.25135,4.52947,2.26518
1985,LT_SUV,JW,pl,41.1407,156.933,87.2568
1985,LT_SUV,JW,yi,3862.02,6462.54,7953.07
1985,LT_SUV,JW,de,11.3096,30.4402,29.7598
1985,LT_SUV,JW,ru,1.85952,6.91196,6.76816
1985,LT_SUV,JW,lt,2217.68,7382.76,9600.44
1985,LT_SUV,JH,pl,1.50926,3.64559,2.42716
1985,LT_SUV,JH,yi,192.176,600.933,343.041
1985,LT_SUV,PR,pl,8.84458,27.8046,16.1058
1985,LT_SUV,PR,de,10272.6,5436.32,11052.3
1985,LT_SUV,PR,lt,1162.06,2386.74,3548.81
1985,LT_SUV,PR,cs,0.285795,1.08817,0.53966
1985,LT_SUV,PR,lv,92.3149,344.823,320.409
1985,LT_SUV,OT,pl,8.65199,28.8344,23.7327
1985,LT_SUV,OT,lt,230.821,285.182,516.002
1985,LT_SUV,OT,kdr,0.637636,2.31318,2.27256
1985,LT_SUV,OT,oth,650.288,415.511,837.485
1985,LT_NEA,RC,pl,13056.8,6839.95,13769.9
1985,LT_NEA,RC,be,1854.02,538.283,1878.91
1985,LT_NEA,RC,pls,1.2716,4.48221,2.5054
1985,LT_NEA,RC,de,9.70959,34.3702,25.6128
1985,LT_NEA,RC,ru,7.41144,2.81377,7.2686
1985,LT_NEA,RC,lt,243320,143760,387080
1985,LT_NEA,RC,csb,6.67893,24.0073,12.222
1985,LT_NEA,RC,cs,1.34875,4.83751,2.2807
1985,LT_NEA,RC,rom,27.7374,95.5329,88.2821
1985,LT_NEA,RC,oth,1.92939,6.74439,3.65873
1985,LT_NEA,GC,pl,3.81787,14.1004,6.69065
1985,LT_NEA,GC,uk,39.3747,144.392,71.6629
1985,LT_NEA,GC,lt,0.514992,3.26745,3.78244
1985,LT_NEA,GC,rue,2.50027,9.12124,4.6214
1985,LT_NEA,OR,pl,51.8754,132.936,81.3911
1985,LT_NEA,OR,uk,65.489,243.622,123.654
1985,LT_NEA,OR,be,97.5343,341.303,204.427
1985,LT_NEA,OR,pls,30.6606,106.44,59.1127
1985,LT_NEA,OR,ru,20356.8,8642.35,20979.8
1985,LT_NEA,OR,lt,1889.51,1333.52,3223.04
1985,LT_NEA,OR,rue,0.118883,0.432504,0.21995
1985,LT_NEA,OR,cs,0.759676,2.7445,1.30071
1985,LT_NEA,JW,pl,40.7141,122.266,79.236
1985,LT_NEA,JW,yi,3941.36,5539.16,7261.34
1985,LT_NEA,JW,de,1.94465,8.58179,7.49912
1985,LT_NEA,JW,ru,10.3944,19.8728,22.9013
1985,LT_NEA,JW,lt,1994.48,5592.23,7586.72
1985,LT_NEA,JH,pl,1.3188,2.78596,1.95795
1985,LT_NEA,JH,yi,141.777,385.494,231.162
1985,LT_NEA,PR,pl,4.86447,17.5212,9.28011
1985,LT_NEA,PR,de,753.545,1322.61,1471.97
1985,LT_NEA,PR,lt,6634.45,3757.75,10392.2
1985,LT_NEA,PR,cs,0.171047,0.645448,0.308887
1985,LT_NEA,PR,lv,5257.67,1960.28,5130.94
1985,LT_NEA,OT,pl,6.93371,19.5078,16.3498
1985,LT_NEA,OT,lt,193.541,218.233,411.773
1985,LT_NEA,OT,kdr,0.690674,2.49944,2.50068
1985,LT_NEA,OT,oth,617.622,358.979,758.19
1985,LT_KLA,RC,pl,388.655,1475.24,969.83
1985,LT_KLA,RC,be,23.0492,72.7345,69.7655
1985,LT_KLA,RC,pls,0.994223,3.61473,1.8622
1985,LT_KLA,RC,de,546.234,490.14,728.599
1985,LT_KLA,RC,lt,36681.7,71965.4,108647
1985,LT_KLA,RC,csb,6.17321,22.7824,10.0174
1985,LT_KLA,RC,cs,1.04769,3.85172,1.70382
1985,LT_KLA,RC,rom,23.5751,86.2163,79.0988
1985,LT_KLA,RC,oth,1.62363,5.89427,2.90275
1985,LT_KLA,GC,pl,2.20912,8.40492,3.50803
1985,LT_KLA,GC,uk,31.396,119.416,53.0035
1985,LT_KLA,GC,lt,0.339655,2.47498,2.81463
1985,LT_KLA,GC,rue,2.02217,7.63924,3.44607
1985,LT_KLA,OR,pl,17.5302,67.1081,30.9598
1985,LT_KLA,OR,uk,49.1562,193.944,90.3971
1985,LT_KLA,OR,be,60.5564,223.888,125.174
1985,LT_KLA,OR,pls,22.6641,82.1115,40.8142
1985,LT_KLA,OR,ru,913.838,1515.27,1834.51
1985,LT_KLA,OR,lt,116.329,352.55,468.879
1985,LT_KLA,OR,cs,0.569843,2.13609,0.939314
1985,LT_KLA,JW,pl,14.5979,55.2605,24.4146
1985,LT_KLA,JW,yi,474.968,1823.23,1779.17
1985,LT_KLA,JW,de,27.3058,241.455,195.854
1985,LT_KLA,JW,ru,0.613145,2.76274,2.61694
1985,LT_KLA,JW,lt,451.396,2385.75,2837.14
1985,LT_KLA,JH,pl,0.242915,1.23309,0.615294
1985,LT_KLA,JH,yi,51.4682,199.281,94.4217
1985,LT_KLA,PR,pl,2.50562,9.78741,4.28155
1985,LT_KLA,PR,de,23350.2,22410.5,32500.5
1985,LT_KLA,PR,lt,20358.3,13349.6,33707.9
1985,LT_KLA,PR,cs,0.131882,0.503689,0.226624
1985,LT_KLA,PR,lv,69.8967,267.854,249.924
1985,LT_KLA,OT,pl,2.87483,10.7581,8.26584
1985,LT_KLA,OT,lt,137.355,329.911,467.266
1985,LT_KLA,OT,kdr,0.448217,1.69113,1.682
1985,LT_KLA,OT,oth,424.932,504.614,739.357
1990,WAW,RC,pl,83871.7,1.52062e+06,1.60449e+06
1990,WAW,RC,uk,5.12192,44.7543,36.3326
1990,WAW,RC,be,253.601,2708.62,2403.66
1990,WAW,RC,pls,85.7169,954.278,837.601
1990,WAW,RC,de,325.334,4075.42,3382.16
1990,WAW,RC,ru,0.376605,3.80833,3.28658
1990,WAW,RC,lt,1722.28,19434.9,10611.4
1990,WAW,RC,csb,534.026,6305.91,5796.15
1990,WAW,RC,cs,93.1299,1020.99,803.417
1990,WAW,RC,rom,227.812,2909.82,2402.03
1990,WAW,RC,wym,0.994366,10.3129,9.92389
1990,WAW,RC,oth,112.129,1426.06,1300.41
1990,WAW,GC,pl,1078.53,19272.1,20350.7
1990,WAW,GC,uk,5975.55,78433.9,63972.2
1990,WAW,GC,rue,211.393,2758.02,2347.33
1990,WAW,OR,pl,6813.21,109082,115895
1990,WAW,OR,uk,9158.9,112026,87940.5
1990,WAW,OR,be,3896.66,46380.8,39421.8
1990,WAW,OR,pls,2090.33,22120,19236.9
1990,WAW,OR,ru,676.635,11535.1,9401.48
1990,WAW,OR,lt,3.90207,33.2449,13.8989
1990,WAW,OR,rue,9.65857,124.826,104.362
1990,WAW,OR,cs,55.4785,658.291,498.39
1990,WAW,JW,pl,5772.8,177402,183175
1990,WAW,JW,yi,2900.64,63083.8,56466.3
1990,WAW,JW,de,8.89964,128.395,99.8457
1990,WAW,JW,ru,1.57665,31.193,25.943
1990,WAW,JW,lt,46.2567,417.13,185.143
1990,WAW,JH,pl,82.6554,2471.66,2554.31
1990,WAW,JH,yi,5077.8,135177,94352.7
1990,WAW,PR,pl,1011.36,31971.7,32983.1
1990,WAW,PR,de,1231.55,17330.6,13591.9
1990,WAW,PR,lt,26.7357,279.951,124.369
1990,WAW,PR,cs,11.559,145.947,114.303
1990,WAW,PR,lv,18.5354,229.941,111.254
1990,WAW,OT,pl,399.848,10000.9,10400.7
1990,WAW,OT,lt,2.08386,17.9315,7.34816
1990,WAW,OT,kdr,1.51875,21.1886,18.2935
1990,WAW,OT,oth,50.7952,1420.06,819.432
1990,WAR,RC,pl,1.36694e+06,1.25792e+06,2.62485e+06
1990,WAR,RC,uk,2.77786,10.311,9.39901
1990,WAR,RC,be,252.446,769.847,821.896
1990,WAR,RC,pls,91.302,301.217,310.415
1990,WAR,RC,de,2624.8,3099.46,4195.08
1990,WAR,RC,ru,0.371363,1.30959,1.29239
1990,WAR,RC,lt,1719.44,6314.05,3984.85
1990,WAR,RC,csb,1106.41,3711.81,4008.59
1990,WAR,RC,cs,107.372,369.586,336.173
1990,WAR,RC,rom,2019.5,2010.77,2983.18
1990,WAR,RC,wym,1.31534,3.99584,4.64002
1990,WAR,RC,oth,3080.89,2216.89,4251.86
1990,WAR,GC,pl,1528.39,6187.18,7715.57
1990,WAR,GC,uk,5688.46,18576.3,18048.4
1990,WAR,GC,rue,273.796,1012.8,1001.16
1990,WAR,OR,pl,10615.3,36638.8,47254.1
1990,WAR,OR,uk,8287.39,26398.4,25006.3
1990,WAR,OR,be,3985.48,13203.5,13344.7
1990,WAR,OR,pls,2275.64,6960.69,7257.26
1990,WAR,OR,ru,5688.58,6077.24,8843.86
1990,WAR,OR,lt,2.92933,10.7505,5.07473
1990,WAR,OR,rue,12.5054,43.8426,43.3511
1990,WAR,OR,cs,67.523,233.655,207.718
1990,WAR,JW,pl,15698,80889.9,96587.9
1990,WAR,JW,yi,10817.8,27009.8,30867.5
1990,WAR,JW,de,25.9295,100.822,91.3815
1990,WAR,JW,ru,2.4487,10.2945,9.81547
1990,WAR,JW,lt,33.469,132.421,64.5961
1990,WAR,JH,pl,570.917,1788.79,2359.71
1990,WAR,JH,yi,26906.5,81536,69015.7
1990,WAR,PR,pl,13351.3,16225.6,29576.9
1990,WAR,PR,de,20001.2,19059,28097.5
1990,WAR,PR,lt,23.6923,92.7544,46.4148
1990,WAR,PR,cs,13.6736,50.8998,46.4621
1990,WAR,PR,lv,20.8674,81.0382,45.4205
1990,WAR,OT,pl,1397.62,2915.37,4312.99
1990,WAR,OT,lt,1.55334,5.87914,2.6955
1990,WAR,OT,kdr,1.99321,7.41555,7.48784
1990,WAR,OT,oth,422.06,553.648,708.228
1990,LOD,RC,pl,1.11761e+06,1.60553e+06,2.72314e+06
1990,LOD,RC,uk,5.11671,18.7471,17.2152
1990,LOD,RC,be,459.175,1384.51,1484.5
1990,LOD,RC,pls,164.877,535.961,556.676
1990,LOD,RC,de,4858.87,8196.47,9850.87
1990,LOD,RC,ru,0.623181,2.15946,2.15161
1990,LOD,RC,lt,3080.47,11259.3,7220.29
1990,LOD,RC,csb,1513.09,5080.08,5506.79
1990,LOD,RC,cs,191.449,650.943,597.408
1990,LOD,RC,rom,1440.6,2584.11,3029.9
1990,LOD,RC,wym,2.57612,7.75659,9.05214
1990,LOD,RC,oth,3403.01,3604.3,5765.12
1990,LOD,GC,pl,2653.25,10753,13406.2
1990,LOD,GC,uk,8980.65,32714.4,31405.4
1990,LOD,GC,rue,521.493,1854.36,1868.17
1990,LOD,OR,pl,18221.5,62737.7,80959.2
1990,LOD,OR,uk,12986.1,45959.2,42783.2
1990,LOD,OR,be,7105.07,23117.2,23589.5
1990,LOD,OR,pls,3999.71,12000.2,12600
1990,LOD,OR,ru,2670.29,6245.84,6745.99
1990,LOD,OR,lt,5.06834,18.1695,8.68096
1990,LOD,OR,rue,22.2893,77.0348,76.9297
1990,LOD,OR,cs,118.019,400.902,361.007
1990,LOD,JW,pl,20147.9,145752,165900
1990,LOD,JW,yi,12403.3,49131.4,51327.4
1990,LOD,JW,de,62.2956,698.222,568.244
1990,LOD,JW,ru,3.07946,13.5525,12.7661
1990,LOD,JW,lt,60.3693,233.05,116.594
1990,LOD,JH,pl,585.486,2632.81,3218.3
1990,LOD,JH,yi,28077,138628,109648
1990,LOD,PR,pl,37766.5,50495.2,88261.7
1990,LOD,PR,de,37513.5,60636.9,72399
1990,LOD,PR,lt,41.0045,159.881,82.193
1990,LOD,PR,cs,24.7616,90.7905,82.8698
1990,LOD,PR,lv,37.4328,143.918,81.4043
1990,LOD,OT,pl,1693.43,4861.61,6555.04
1990,LOD,OT,lt,2.73796,10.1844,4.7745
1990,LOD,OT,kdr,3.64895,13.3653,13.5732
1990,LOD,OT,oth,372.791,942.292,887.978
1990,KIE,RC,pl,1.80191e+06,1.68904e+06,3.49095e+06
1990,KIE,RC,uk,3.87234,14.1742,13.0497
1990,KIE,RC,be,320.079,972.168,1039.69
1990,KIE,RC,pls,117.31,381.035,395.71
1990,KIE,RC,de,1296.05,2799.59,3055.19
1990,KIE,RC,ru,0.448713,1.55666,1.55098
1990,KIE,RC,lt,2202.78,7852.82,5025.36
1990,KIE,RC,csb,1004.96,3328.2,3608.75
1990,KIE,RC,cs,148.568,500.713,459.779
1990,KIE,RC,rom,2448.39,2624,3757.36
1990,KIE,RC,wym,2.51031,7.60147,8.85546
1990,KIE,RC,oth,2929.03,2345.22,4222.9
1990,KIE,GC,pl,2282.11,9562.36,11844.5
1990,KIE,GC,uk,7327.42,27606.9,26060.3
1990,KIE,GC,rue,487.248,1792.01,1776.57
1990,KIE,OR,pl,12349.4,46419.6,58768.9
1990,KIE,OR,uk,10527.5,36161.9,33332.5
1990,KIE,OR,be,5325.04,16870.2,17089.9
1990,KIE,OR,pls,2995.45,8816.83,9231.79
1990,KIE,OR,ru,3432.48,5363.49,6485.73
1990,KIE,OR,lt,3.82691,13.6023,6.45327
1990,KIE,OR,rue,20.5546,67.8797,67.367
1990,KIE,OR,cs,98.2421,325.074,288.674
1990,KIE,JW,pl,21841.6,119361,141202
1990,KIE,JW,yi,16140.7,42204,47452.5
1990,KIE,JW,de,15.06,70.3379,60.8881
1990,KIE,JW,ru,2.3524,10.3189,9.60802
1990,KIE,JW,lt,42.3155,172.065,83.8957
1990,KIE,JH,pl,835.371,2486,3321.37
1990,KIE,JH,yi,40007.3,125936,104939
1990,KIE,PR,pl,2929.67,10367.3,13296.9
1990,KIE,PR,de,6702.5,11412.2,12986
1990,KIE,PR,lt,28.4575,113.536,56.9051
1990,KIE,PR,cs,18.4776,70.1922,63.2738
1990,KIE,PR,lv,26.0487,103.03,56.9346
1990,KIE,OT,pl,1815.07,4013.35,5828.42
1990,KIE,OT,lt,1.93699,7.4628,3.41639
1990,KIE,OT,kdr,2.58575,9.8085,9.81806
1990,KIE,OT,oth,533.516,777.152,936.743
1990,LUB,RC,pl,1.61841e+06,1.34538e+06,2.96379e+06
1990,LUB,RC,uk,7.41077,25.967,23.6836
1990,LUB,RC,be,772.753,1083.45,1459.07
1990,LUB,RC,pls,133.999,399.277,415.787
1990,LUB,RC,de,1528.12,2123.69,2571.7
1990,LUB,RC,ru,0.487169,1.46595,1.47873
1990,LUB,RC,lt,2025.21,6620.83,4168.56
1990,LUB,RC,csb,723.938,2204.83,2387.41
1990,LUB,RC,cs,193.574,591.997,545.488
1990,LUB,RC,rom,2031.98,2029.81,2878.57
1990,LUB,RC,wym,1.5496,4.50321,5.23609
1990,LUB,RC,oth,194.806,558.913,610.871
1990,LUB,GC,pl,4315.68,11487.3,15802.9
1990,LUB,GC,uk,36165.8,57830.8,67630.7
1990,LUB,GC,rue,405.419,1385.2,1378.06
1990,LUB,OR,pl,186379,137819,324198
1990,LUB,OR,uk,120411,110848,153120
1990,LUB,OR,be,7207.02,17080.5,18078.4
1990,LUB,OR,pls,3729.9,9775.91,10293.2
1990,LUB,OR,ru,6209.07,6347.59,8751.57
1990,LUB,OR,lt,3.79573,11.9828,5.58406
1990,LUB,OR,rue,26.116,73.2944,73.67
1990,LUB,OR,cs,138.687,392.459,352.321
1990,LUB,JW,pl,20533.2,84440.2,104973
1990,LUB,JW,yi,15408.7,31338.3,37353.6
1990,LUB,JW,de,13.8175,51.4246,46.1429
1990,LUB,JW,ru,2.55843,9.93473,9.47257
1990,LUB,JW,lt,35.0212,142.328,66.3429
1990,LUB,JH,pl,752.599,1899.63,2652.23
1990,LUB,JH,yi,37880.4,91378.6,80032.8
1990,LUB,PR,pl,14871.1,16780.2,31651.3
1990,LUB,PR,de,8477.87,10626,13400.3
1990,LUB,PR,lt,23.5438,95.3522,45.9581
1990,LUB,PR,cs,21.6928,83.7623,74.939
1990,LUB,PR,lv,21.3605,85.715,45.4548
1990,LUB,OT,pl,2107.67,3854.62,5962.29
1990,LUB,OT,lt,1.64978,6.38781,2.81261
1990,LUB,OT,kdr,2.27327,8.57809,8.55634
1990,LUB,OT,oth,76.2826,369.09,279.085
1990,BIA,RC,pl,693336,731185,1.42452e+06
1990,BIA,RC,uk,2.40774,9.00231,8.1367
1990,BIA,RC,be,7437.39,4443.91,9369.98
1990,BIA,RC,pls,88.4099,291.319,298.342
1990,BIA,RC,de,640.679,1173.58,1317.68
1990,BIA,RC,ru,11.8181,8.5458,15.103
1990,BIA,RC,lt,9531.67,12339.5,12951.8
1990,BIA,RC,csb,454.062,1552.53,1650.14
1990,BIA,RC,cs,89.8913,309.04,278.657
1990,BIA,RC,rom,815.358,1112.85,1406.16
1990,BIA,RC,wym,0.854744,2.61964,3.01822
1990,BIA,RC,oth,405.268,533.263,751.799
1990,BIA,GC,pl,1058.55,4460.93,5519.47
1990,BIA,GC,uk,3729.25,14197.4,13236.2
1990,BIA,GC,rue,190.44,710.074,695.171
1990,BIA,OR,pl,184004,149269,333273
1990,BIA,OR,uk,9905.26,24489,24313.1
1990,BIA,OR,be,157476,97920.3,187915
1990,BIA,OR,pls,2439.88,7146.45,7442.31
1990,BIA,OR,ru,26965.3,19581.4,33939.4
1990,BIA,OR,lt,7.40754,17.3217,10.9625
1990,BIA,OR,rue,10.0202,33.2475,32.7898
1990,BIA,OR,cs,60.7962,199.939,176.674
1990,BIA,JW,pl,12095.1,61071.3,73166.4
1990,BIA,JW,yi,10473.5,25744.1,28969.6
1990,BIA,JW,de,8.23139,34.3654,29.6173
1990,BIA,JW,ru,12.7136,40.9227,41.172
1990,BIA,JW,lt,45.9995,184.676,96.402
1990,BIA,JH,pl,477.804,1252.45,1730.25
1990,BIA,JH,yi,25383.3,71625.9,60561
1990,BIA,PR,pl,3502.77,6461.02,9963.79
1990,BIA,PR,de,4027.93,6078.04,7052.38
1990,BIA,PR,lt,29.8189,121.183,61.6035
1990,BIA,PR,cs,11.2519,43.6617,38.7271
1990,BIA,PR,lv,24.625,99.8344,55.0007
1990,BIA,OT,pl,2563.29,3392.1,5955.4
1990,BIA,OT,lt,2.02674,7.60992,3.59973
1990,BIA,OT,kdr,2.16393,8.20145,8.19189
1990,BIA,OT,oth,297.661,415.089,506.432
1990,WIL,RC,pl,392736,448434,841170
1990,WIL,RC,uk,1.23864,4.67225,4.17713
1990,WIL,RC,be,14197.1,7891.72,17279.6
1990,WIL,RC,pls,87.724,180.295,209.054
1990,WIL,RC,de,177.532,502.086,496.777
1990,WIL,RC,ru,30.6585,22.3265,39.2123
1990,WIL,RC,lt,35584.2,31175.6,42844.5
1990,WIL,RC,csb,222.935,795.051,835.231
1990,WIL,RC,cs,47.0482,168.458,149.209
1990,WIL,RC,rom,608.222,745.695,983.351
1990,WIL,RC,wym,0.438676,1.38078,1.57897
1990,WIL,RC,oth,455.923,472.349,734.6
1990,WIL,GC,pl,499.593,2145.12,2644.71
1990,WIL,GC,uk,1691.08,6657.6,6174.58
1990,WIL,GC,rue,93.0144,360.45,350.681
1990,WIL,OR,pl,113645,108262,221907
1990,WIL,OR,uk,3097.54,11291.5,10208.9
1990,WIL,OR,be,174985,118385,216396
1990,WIL,OR,pls,4333.35,5588.48,7570.85
1990,WIL,OR,ru,25924.8,21118.9,34564.1
1990,WIL,OR,lt,43.0183,48.678,52.418
1990,WIL,OR,rue,4.73822,16.9315,16.4927
1990,WIL,OR,cs,30.6883,108.674,94.1137
1990,WIL,JW,pl,5468.18,27527.6,32995.8
1990,WIL,JW,yi,5166.57,13543.9,14855.4
1990,WIL,JW,de,3.11612,13.5563,11.3187
1990,WIL,JW,ru,9.67876,34.9414,34.5361
1990,WIL,JW,lt,79.3349,279.599,175.963
1990,WIL,JH,pl,210.67,664.295,874.965
1990,WIL,JH,yi,11759.1,33835.4,28735
1990,WIL,PR,pl,1625.71,3301.04,4926.75
1990,WIL,PR,de,924.828,2443.34,2302.14
1990,WIL,PR,lt,37.5051,157.524,83.2979
1990,WIL,PR,cs,5.8734,23.4691,20.5954
1990,WIL,PR,lv,23.9426,100.465,56.1947
1990,WIL,OT,pl,2320.68,2957.22,5277.9
1990,WIL,OT,lt,3.54382,10.5488,6.08343
1990,WIL,OT,kdr,83.3658,99.4556,147.757
1990,WIL,OT,oth,260.579,345.038,434.86
1990,NOW,RC,pl,353610,316938,670548
1990,NOW,RC,uk,1.57896,5.68888,5.10229
1990,NOW,RC,be,9051.19,4732,10446.4
1990,NOW,RC,pls,50.7297,158.318,161.8
1990,NOW,RC,de,118.556,391.65,368.144
1990,NOW,RC,ru,4.85594,3.70899,6.09259
1990,NOW,RC,lt,1688.19,3819.02,2781.11
1990,NOW,RC,csb,191.308,622.129,658.252
1990,NOW,RC,cs,58.5787,190.026,169.82
1990,NOW,RC,rom,779.916,690.845,1033.33
1990,NOW,RC,wym,0.39234,1.14183,1.3185
1990,NOW,RC,oth,51.8329,159.587,170.041
1990,NOW,GC,pl,555.55,2196.89,2752.44
1990,NOW,GC,uk,2021,7374.07,6860.28
1990,NOW,GC,rue,94.7979,340.284,332.615
1990,NOW,OR,pl,276788,166652,443440
1990,NOW,OR,uk,4548.38,13752.1,12553.3
1990,NOW,OR,be,390812,189494,394955
1990,NOW,OR,pls,1536.86,4159.83,4306.64
1990,NOW,OR,ru,13006.9,8033.98,14257.9
1990,NOW,OR,lt,2.19158,6.89453,3.25113
1990,NOW,OR,rue,5.96744,17.5166,17.26
1990,NOW,OR,cs,42.8316,126.171,110.086
1990,NOW,JW,pl,6073.03,20018.1,26091.1
1990,NOW,JW,yi,6117.35,9505.06,12081.4
1990,NOW,JW,de,2.34096,10.0421,8.4149
1990,NOW,JW,ru,3.89556,9.11567,9.70518
1990,NOW,JW,lt,18.0382,73.4489,33.1245
1990,NOW,JH,pl,238.761,511.927,750.688
1990,NOW,JH,yi,13724.4,24320.1,22919
1990,NOW,PR,pl,2042.05,2925.95,4968
1990,NOW,PR,de,408.427,1611.89,1390.89
1990,NOW,PR,lt,12.6285,50.8398,24.4623
1990,NOW,PR,cs,6.83197,26.3065,23.2386
1990,NOW,PR,lv,11.8161,47.0323,24.5346
1990,NOW,OT,pl,1765.94,1911.43,3677.38
1990,NOW,OT,lt,0.852066,3.30124,1.40709
1990,NOW,OT,kdr,1.05505,3.93536,3.89847
1990,NOW,OT,oth,25.7404,116.64,86.4275
1990,POL,RC,pl,244887,282567,527454
1990,POL,RC,uk,3.36945,10.6689,9.62631
1990,POL,RC,be,1911.58,1452.03,2452.58
1990,POL,RC,pls,8985.32,4571.61,9409.89
1990,POL,RC,de,202.074,571.261,541.08
1990,POL,RC,ru,2.72598,2.48183,3.57786
1990,POL,RC,lt,1164.48,3390.55,2041.03
1990,POL,RC,csb,326.179,911.898,974.474
1990,POL,RC,cs,89.0609,250.159,224.835
1990,POL,RC,rom,544.41,671.125,818.6
1990,POL,RC,wym,0.638966,1.70923,1.97987
1990,POL,RC,oth,347.962,381.816,538.336
1990,POL,GC,pl,1017.79,3298.39,4316.19
1990,POL,GC,uk,5153.14,15541,14595.3
1990,POL,GC,rue,173.108,516.722,510.417
1990,POL,OR,pl,482949,342564,825513
1990,POL,OR,uk,76234.3,63835.8,88436.3
1990,POL,OR,be,75134.9,50565.2,84627.1
1990,POL,OR,pls,669950,337907,688635
1990,POL,OR,ru,16074.7,11843.5,18542.7
1990,POL,OR,lt,2.12302,6.80849,3.01153
1990,POL,OR,rue,9.29093,26.6191,26.052
1990,POL,OR,cs,58.0888,167.911,145.401
1990,POL,JW,pl,5705.09,27328.4,33033.4
1990,POL,JW,yi,5371.25,13900.6,15017.9
1990,POL,JW,de,3.15485,14.1376,11.8737
1990,POL,JW,ru,4.9615,17.8638,17.4637
1990,POL,JW,lt,17.9718,74.046,31.8298
1990,POL,JH,pl,222.974,728.1,951.074
1990,POL,JH,yi,12653.4,38919.9,30941.6
1990,POL,PR,pl,4566,6415.09,10981.1
1990,POL,PR,de,597.788,2237.48,1955.76
1990,POL,PR,lt,12.8469,49.2975,22.3395
1990,POL,PR,cs,9.41661,34.4377,30.4747
1990,POL,PR,lv,11.6853,44.1094,22.0644
1990,POL,OT,pl,3388.7,3729.63,7118.33
1990,POL,OT,lt,0.981174,3.42432,1.42542
1990,POL,OT,kdr,1.20673,3.97274,3.9355
1990,POL,OT,oth,245.264,279.627,362.602
1990,WOL,RC,pl,401692,424383,826075
1990,WOL,RC,uk,866.155,516.854,834.17
1990,WOL,RC,be,280.018,554.463,634.849
1990,WOL,RC,pls,82.5612,232.817,237.048
1990,WOL,RC,de,3100.93,2467.28,3509.06
1990,WOL,RC,ru,0.500501,1.17605,1.20473
1990,WOL,RC,lt,1178.12,3565.99,2075.7
1990,WOL,RC,csb,360.076,1042.31,1104.61
1990,WOL,RC,cs,12996.5,7024.71,12100.4
1990,WOL,RC,rom,1429.94,1295.31,1805.23
1990,WOL,RC,wym,0.774387,2.16503,2.47415
1990,WOL,RC,oth,1150.99,907.498,1483.16
1990,WOL,GC,pl,1787.56,6399.96,8187.53
1990,WOL,GC,uk,23408.2,72392.4,66939.9
1990,WOL,GC,rue,270.342,826.157,807.75
1990,WOL,OR,pl,53240.2,62520.7,115761
1990,WOL,OR,uk,1.74302e+06,1.02515e+06,1.71143e+06
1990,WOL,OR,be,5268.15,10987.2,11742.1
1990,WOL,OR,pls,2170.44,5982.89,6085.91
1990,WOL,OR,ru,21724,15361.2,24710.5
1990,WOL,OR,lt,2.18489,7.06111,2.96615
1990,WOL,OR,rue,17.075,49.4534,48.4225
1990,WOL,OR,cs,12057.5,6792.18,11029.4
1990,WOL,JW,pl,10060.2,45428.5,55488.8
1990,WOL,JW,yi,10618,23519.1,26424.1
1990,WOL,JW,de,32.7742,80.2154,77.8322
1990,WOL,JW,ru,8.33149,23.1759,23.7791
1990,WOL,JW,lt,19.15,79.3654,32.9349
1990,WOL,JH,pl,442.983,1209.39,1652.37
1990,WOL,JH,yi,25365.7,65457.8,53984.4
1990,WOL,PR,pl,8162.11,10692.7,18854.8
1990,WOL,PR,de,19156.6,17345.6,24194.5
1990,WOL,PR,lt,12.6549,51.2079,21.9907
1990,WOL,PR,cs,1686.08,1188.98,1901.71
1990,WOL,PR,lv,11.6835,46.8333,21.9196
1990,WOL,OT,pl,16031.6,14895.1,30926.7
1990,WOL,OT,lt,0.949446,3.58894,1.41857
1990,WOL,OT,kdr,14.5097,17.0495,24.0095
1990,WOL,OT,oth,762.334,700.14,1057.36
1990,POZ,RC,pl,938306,1.31666e+06,2.25496e+06
1990,POZ,RC,uk,3.39594,12.54,11.5345
1990,POZ,RC,be,303.343,942.117,1007.75
1990,POZ,RC,pls,108.865,365.247,377.984
1990,POZ,RC,de,8618.33,9152.76,13474.6
1990,POZ,RC,ru,0.41453,1.45353,1.4485
1990,POZ,RC,lt,2047.02,7677.21,4880.08
1990,POZ,RC,csb,1356.44,4701.95,5093.98
1990,POZ,RC,cs,127.358,445.377,408.124
1990,POZ,RC,rom,582.573,1534.45,1604.69
1990,POZ,RC,wym,1.81935,5.55701,6.48242
1990,POZ,RC,oth,217.75,713.265,775.682
1990,POZ,GC,pl,1725.05,7414.53,9139.58
1990,POZ,GC,uk,5700.8,21831.8,20718.8
1990,POZ,GC,rue,350.822,1314.85,1308.86
1990,POZ,OR,pl,9572.08,41397.8,50969.9
1990,POZ,OR,uk,8209.22,30929.9,28506.8
1990,POZ,OR,be,4556.12,15786.2,15938.2
1990,POZ,OR,pls,2587.57,8167.6,8502.6
1990,POZ,OR,ru,994.73,3614.93,3466.35
1990,POZ,OR,lt,3.43615,12.7047,6.01342
1990,POZ,OR,rue,14.159,52.3992,51.7593
1990,POZ,OR,cs,76.6118,276.859,246.765
1990,POZ,JW,pl,10203.1,45280.4,55483.6
1990,POZ,JW,yi,3373.87,10241.8,11064.7
1990,POZ,JW,de,39.3057,166.942,148.276
1990,POZ,JW,ru,1.96263,7.03787,6.82875
1990,POZ,JW,lt,42.5366,158.784,78.196
1990,POZ,JH,pl,150.124,779.567,929.691
1990,POZ,JH,yi,6049.8,22889.3,18513.7
1990,POZ,PR,pl,22939.8,32507.8,55447.6
1990,POZ,PR,de,62657.3,63810,92863.9
1990,POZ,PR,lt,29.2966,113.498,57.2751
1990,POZ,PR,cs,16.7248,61.4658,56.4464
1990,POZ,PR,lv,25.4219,97.6982,55.2093
1990,POZ,OT,pl,3135.23,5038.06,8173.3
1990,POZ,OT,lt,1.90653,7.07917,3.29531
1990,POZ,OT,kdr,2.42755,9.0412,9.19102
1990,POZ,OT,oth,80.8681,543.988,355.036
1990,POM,RC,pl,546270,801882,1.34815e+06
1990,POM,RC,uk,2.88997,10.46,9.61222
1990,POM,RC,be,254.162,754.453,813.661
1990,POM,RC,pls,90.4068,290.815,302.482
1990,POM,RC,de,5863.93,6032.31,8885.96
1990,POM,RC,ru,0.342887,1.1746,1.16944
1990,POM,RC,lt,1722.46,6176.24,3881.69
1990,POM,RC,csb,102119,45218.3,121164
1990,POM,RC,cs,104.547,350.539,322.264
1990,POM,RC,rom,463.828,1176.05,1233.52
1990,POM,RC,wym,1.36985,4.01577,4.72156
1990,POM,RC,oth,721.763,1003.6,1426.68
1990,POM,GC,pl,1380.25,5618.1,6998.35
1990,POM,GC,uk,4813.11,17625.4,16882.4
1990,POM,GC,rue,271.7,972.456,977.901
1990,POM,OR,pl,7918.2,32193.7,40111.9
1990,POM,OR,uk,7077.02,25271.8,23406.3
1990,POM,OR,be,3873.64,12748.9,12943.8
1990,POM,OR,pls,2165.88,6527.3,6841.21
1990,POM,OR,ru,838.762,2875.68,2771.82
1990,POM,OR,lt,2.93707,10.5602,4.88144
1990,POM,OR,rue,11.7002,40.865,40.6318
1990,POM,OR,cs,63.544,217.932,195.044
1990,POM,JW,pl,7924.97,33639.3,41564.3
1990,POM,JW,yi,2787.33,8171.25,8852.93
1990,POM,JW,de,31.5054,131.012,116.402
1990,POM,JW,ru,1.58249,5.67039,5.47244
1990,POM,JW,lt,35.1448,130.054,62.222
1990,POM,JH,pl,123.367,607.088,730.455
1990,POM,JH,yi,5137.9,18650.8,15041.7
1990,POM,PR,pl,13364.3,18914.8,32279.2
1990,POM,PR,de,39982.5,39602.8,58143.8
1990,POM,PR,lt,24.7717,93.6141,46.127
1990,POM,PR,cs,13.3908,47.8106,44.0706
1990,POM,PR,lv,20.6713,77.0403,42.7879
1990,POM,OT,pl,565.445,2175.96,2741.41
1990,POM,OT,lt,1.61447,5.85546,2.66358
1990,POM,OT,kdr,1.96698,7.05127,7.1931
1990,POM,OT,oth,67.5132,392.384,268.261
1990,SLA,RC,pl,738724,1.0385e+06,1.77722e+06
1990,SLA,RC,uk,5.30849,18.7194,17.3555
1990,SLA,RC,be,357.157,1015.67,1108.98
1990,SLA,RC,pls,135.365,414.631,438.475
1990,SLA,RC,de,22223.2,18071.3,31060
1990,SLA,RC,ru,0.476611,1.55143,1.57283
1990,SLA,RC,lt,2316.41,8050.29,5169.55
1990,SLA,RC,csb,1115.37,3550.45,3913.41
1990,SLA,RC,cs,170.739,547.493,511.449
1990,SLA,RC,rom,749.046,1855.03,1978.91
1990,SLA,RC,wym,3.48235,9.47788,11.4338
1990,SLA,RC,oth,586.81,1012.94,1332.99
1990,SLA,GC,pl,2950.01,11651.6,14601.6
1990,SLA,GC,uk,10774.3,37628.4,36557.7
1990,SLA,GC,rue,644.812,2182.59,2229.44
1990,SLA,OR,pl,11490.3,45727.6,57217.9
1990,SLA,OR,uk,12444.3,43135.3,40596.5
1990,SLA,OR,be,5389.1,17082.9,17655.2
1990,SLA,OR,pls,3167.66,9164.17,9766.39
1990,SLA,OR,ru,1156.42,3841,3771.36
1990,SLA,OR,lt,3.82545,13.2981,6.32138
1990,SLA,OR,rue,23.5907,79.3827,80.5351
1990,SLA,OR,cs,101.813,336.869,307.276
1990,SLA,JW,pl,14297.5,59078.4,73375.8
1990,SLA,JW,yi,4733.18,12898.3,14383.7
1990,SLA,JW,de,35.5298,147.52,134.713
1990,SLA,JW,ru,2.36077,7.78411,7.74142
1990,SLA,JW,lt,48.2796,166.847,83.3696
1990,SLA,JH,pl,198.621,950.395,1149.02
1990,SLA,JH,yi,8420.74,29243.8,24193.2
1990,SLA,PR,pl,31337.2,27847.1,59184.3
1990,SLA,PR,de,11509.4,19312,22806.9
1990,SLA,PR,lt,31.464,112.623,57.9289
1990,SLA,PR,cs,22.6277,75.2429,70.702
1990,SLA,PR,lv,28.4593,99.8245,56.8826
1990,SLA,OT,pl,3964.91,5117.59,9082.5
1990,SLA,OT,lt,2.13187,7.37951,3.48004
1990,SLA,OT,kdr,2.99203,9.89893,10.3834
1990,SLA,OT,oth,391.5,827.125,816.39
1990,KRA,RC,pl,1.07632e+06,1.14228e+06,2.2186e+06
1990,KRA,RC,uk,3.21752,12.0861,11.0207
1990,KRA,RC,be,223.853,693.706,740.449
1990,KRA,RC,pls,87.1609,291.896,300.994
1990,KRA,RC,de,2225.75,2817.98,3760.7
1990,KRA,RC,ru,0.303311,1.07172,1.06133
1990,KRA,RC,lt,1466.19,5457.99,3442.8
1990,KRA,RC,csb,619.71,2146.91,2302.66
1990,KRA,RC,cs,115.187,401.544,365.81
1990,KRA,RC,rom,3302.76,2946.56,4702.56
1990,KRA,RC,wym,200.051,83.86,250.336
1990,KRA,RC,oth,799.401,956.757,1437.96
1990,KRA,GC,pl,19613.5,21555.6,41169.1
1990,KRA,GC,uk,6954.76,26715.4,25254.1
1990,KRA,GC,rue,40404.4,20491.7,45716.4
1990,KRA,OR,pl,7816.75,32867.6,40684.3
1990,KRA,OR,uk,7939.12,29321.4,27027.6
1990,KRA,OR,be,3509.3,11979.1,12085.9
1990,KRA,OR,pls,2128.11,6670.19,6941.03
1990,KRA,OR,ru,772.326,2748.8,2635.69
1990,KRA,OR,lt,2.48234,9.16952,4.30666
1990,KRA,OR,rue,23.1142,82.9921,81.844
1990,KRA,OR,cs,71.2332,253.059,225.048
1990,KRA,JW,pl,13185.5,74472.9,87658.4
1990,KRA,JW,yi,6701.95,19342.4,21372.1
1990,KRA,JW,de,9.18933,40.2155,35.3889
1990,KRA,JW,ru,1.4428,5.72309,5.43668
1990,KRA,JW,lt,29.7186,116.012,56.6785
1990,KRA,JH,pl,354.776,1606.62,1961.4
1990,KRA,JH,yi,16388.2,59003.2,48903.1
1990,KRA,PR,pl,1783.41,6947.72,8731.13
1990,KRA,PR,de,3139.6,6779.21,7183.61
1990,KRA,PR,lt,19.6816,77.9868,39.3938
1990,KRA,PR,cs,14.8962,56.2228,51.0361
1990,KRA,PR,lv,18.0298,71.0176,39.5473
1990,KRA,OT,pl,588.501,2375.17,2963.67
1990,KRA,OT,lt,1.33908,5.07881,2.34702
1990,KRA,OT,kdr,1.9184,7.18565,7.28774
1990,KRA,OT,oth,68.9663,357.083,266.074
1990,LWO,RC,pl,778709,1.03299e+06,1.8117e+06
1990,LWO,RC,uk,20.763,77.0834,69.8556
1990,LWO,RC,be,287.488,908.858,961.067
1990,LWO,RC,pls,125.914,430.787,440.389
1990,LWO,RC,de,1914.15,2686.23,3398.02
1990,LWO,RC,ru,0.394728,1.40619,1.38652
1990,LWO,RC,lt,1773.99,6699.97,4093.55
1990,LWO,RC,csb,620.888,2212.72,2348.96
1990,LWO,RC,cs,242.611,859.029,778.729
1990,LWO,RC,rom,2901.95,2994.36,4426.54
1990,LWO,RC,wym,1.93245,5.96047,6.89081
1990,LWO,RC,oth,2039.76,1843.74,3131.92
1990,LWO,GC,pl,112699,97177.3,209877
1990,LWO,GC,uk,678143,474274,839852
1990,LWO,GC,rue,34815.6,18857.2,40282.8
1990,LWO,OR,pl,15679.6,50060.4,65740
1990,LWO,OR,uk,45288.2,157486,147209
1990,LWO,OR,be,4673.38,16259.9,16288.6
1990,LWO,OR,pls,3101.36,9948.79,10242.4
1990,LWO,OR,ru,1078.33,3904.57,3731.07
1990,LWO,OR,lt,3.11574,11.4717,5.21662
1990,LWO,OR,rue,2903.59,1460.3,3234.59
1990,LWO,OR,cs,151.801,546.203,485.023
1990,LWO,JW,pl,26781.1,143148,169929
1990,LWO,JW,yi,12241.5,32996.4,36795.1
1990,LWO,JW,de,12.0971,49.2747,43.5689
1990,LWO,JW,ru,2.03609,8.34038,7.87967
1990,LWO,JW,lt,37.3814,146.163,69.3139
1990,LWO,JH,pl,592.542,2117.96,2710.5
1990,LWO,JH,yi,30112.8,94098,79743.4
1990,LWO,PR,pl,6439.17,11254.1,17693.3
1990,LWO,PR,de,4891.18,8662.14,9668.75
1990,LWO,PR,lt,23.9339,95.3048,45.7248
1990,LWO,PR,cs,31.9082,122.594,110.262
1990,LWO,PR,lv,21.7966,86.5959,45.6363
1990,LWO,OT,pl,2603.61,5342.31,7945.92
1990,LWO,OT,lt,1.70535,6.5204,2.8932
1990,LWO,OT,kdr,2.88883,11.1046,11.1281
1990,LWO,OT,oth,915.293,1079.73,1477.27
1990,STA,RC,pl,133773,240774,374548
1990,STA,RC,uk,10.1148,36.6738,32.7
1990,STA,RC,be,93.6283,290.927,306.137
1990,STA,RC,pls,41.0407,139.115,140.531
1990,STA,RC,de,2087.7,1743.24,2724.86
1990,STA,RC,ru,0.132762,0.470752,0.458406
1990,STA,RC,lt,584.386,2163.84,1261.97
1990,STA,RC,csb,204.405,717.966,755.577
1990,STA,RC,cs,79.393,276.46,246.457
1990,STA,RC,rom,1028.74,1018.06,1502.53
1990,STA,RC,wym,0.637417,1.91252,2.20854
1990,STA,RC,oth,1122.07,900.199,1589.52
1990,STA,GC,pl,53694.5,46762.2,100457
1990,STA,GC,uk,666474,411066,757954
1990,STA,GC,rue,196.775,738.952,718.682
1990,STA,OR,pl,3409.21,14639.1,18048.3
1990,STA,OR,uk,19618.3,66754.5,61450.9
1990,STA,OR,be,1561.46,5342.35,5292.31
1990,STA,OR,pls,1059.23,3386.79,3444.39
1990,STA,OR,ru,363.062,1284.59,1211.03
1990,STA,OR,lt,1.08189,3.96272,1.70791
1990,STA,OR,rue,12.7072,44.796,43.9034
1990,STA,OR,cs,51.1261,179.81,156.841
1990,STA,JW,pl,7493.99,38095.3,45589.3
1990,STA,JW,yi,4705.78,12789.4,13947.5
1990,STA,JW,de,7.86875,28.6447,25.6413
1990,STA,JW,ru,0.663359,2.71006,2.51432
1990,STA,JW,lt,12.5403,48.9953,21.7835
1990,STA,JH,pl,215.934,709.355,925.289
1990,STA,JH,yi,11831.3,36407.2,30192.8
1990,STA,PR,pl,1045.78,2729.63,3775.41
1990,STA,PR,de,5030.32,5078.89,7039.63
1990,STA,PR,lt,8.01795,31.0677,14.0192
1990,STA,PR,cs,10.3751,38.7109,34.5842
1990,STA,PR,lv,7.2338,27.9155,13.8995
1990,STA,OT,pl,1286.93,2105.93,3392.86
1990,STA,OT,lt,0.576099,2.1894,0.921815
1990,STA,OT,kdr,20.3127,24.9028,36.5532
1990,STA,OT,oth,554.895,507.956,805.236
1990,TAR,RC,pl,283602,329785,613388
1990,TAR,RC,uk,8.05589,30.5165,27.066
1990,TAR,RC,be,87.8828,276.228,291.288
1990,TAR,RC,pls,37.9456,130.718,132.182
1990,TAR,RC,de,467.464,738.109,880.589
1990,TAR,RC,ru,0.125101,0.447159,0.435673
1990,TAR,RC,lt,541.648,2036.08,1202.97
1990,TAR,RC,csb,188.699,673.696,708.95
1990,TAR,RC,cs,79.0947,281.068,250.506
1990,TAR,RC,rom,530.218,706.969,919.365
1990,TAR,RC,wym,0.597307,1.80058,2.08718
1990,TAR,RC,oth,283.595,358.713,515.29
1990,TAR,GC,pl,77352.5,58690.1,136043
1990,TAR,GC,uk,429194,272779,503701
1990,TAR,GC,rue,181.195,690.171,675.414
1990,TAR,OR,pl,3308.08,14390,17698.1
1990,TAR,OR,uk,17637.2,59285.6,54914.3
1990,TAR,OR,be,1440.17,5097.48,5026.42
1990,TAR,OR,pls,967.297,3192.14,3239.38
1990,TAR,OR,ru,337.545,1239.52,1163.83
1990,TAR,OR,lt,1.00054,3.73271,1.62032
1990,TAR,OR,rue,11.4097,42.2057,41.1478
1990,TAR,OR,cs,50.2028,183.461,159.294
1990,TAR,JW,pl,8511.01,37437.2,45948.2
1990,TAR,JW,yi,3940.4,9513.68,10781.9
1990,TAR,JW,de,3.18193,12.761,11.1791
1990,TAR,JW,ru,0.635418,2.47543,2.33791
1990,TAR,JW,lt,11.7731,44.9826,20.4151
1990,TAR,JH,pl,177.733,634.139,811.872
1990,TAR,JH,yi,9577.43,26890,23063.2
1990,TAR,PR,pl,1625.08,2979.42,4604.5
1990,TAR,PR,de,1255.88,2427.45,2602.66
1990,TAR,PR,lt,7.47575,29.26,13.4862
1990,TAR,PR,cs,10.4322,39.5252,35.3274
1990,TAR,PR,lv,6.78378,26.5004,13.4438
1990,TAR,OT,pl,2415.88,2629.65,5045.53
1990,TAR,OT,lt,0.53428,2.00832,0.856219
1990,TAR,OT,kdr,0.893624,3.3506,3.36984
1990,TAR,OT,oth,224.462,270.192,365.501
1990,LT_KAU,RC,pl,7818.98,11777.5,13599.4
1990,LT_KAU,RC,be,49.1925,148.136,144.327
1990,LT_KAU,RC,pls,2.50212,8.8797,5.27628
1990,LT_KAU,RC,de,20.8368,75.6166,56.396
1990,LT_KAU,RC,ru,0.178833,0.767846,0.697214
1990,LT_KAU,RC,lt,108586,179376,287962
1990,LT_KAU,RC,csb,13.2906,48.3376,26.4479
1990,LT_KAU,RC,cs,2.67696,9.67311,4.95886
1990,LT_KAU,RC,rom,388.226,493.975,672.729
1990,LT_KAU,RC,oth,3.94783,13.9478,8.1566
1990,LT_KAU,GC,pl,9.08672,34.4679,17.9013
1990,LT_KAU,GC,uk,81.5473,307.201,164.861
1990,LT_KAU,GC,lt,1.31873,9.39381,10.7125
1990,LT_KAU,GC,rue,5.13426,19.1719,10.4732
1990,LT_KAU,OR,pl,88.6541,317.484,185.97
1990,LT_KAU,OR,uk,135.738,516.162,280.936
1990,LT_KAU,OR,be,167.04,592.453,377.256
1990,LT_KAU,OR,pls,60.2439,208.188,120.85
1990,LT_KAU,OR,ru,5052.04,7799.71,9923
1990,LT_KAU,OR,lt,668.615,1900.22,2568.83
1990,LT_KAU,OR,rue,0.242898,0.894776,0.488449
1990,LT_KAU,OR,cs,1.54264,5.62035,2.88081
1990,LT_KAU,JW,pl,65.2216,358.528,232.56
1990,LT_KAU,JW,yi,1396.11,9015.9,8360.93
1990,LT_KAU,JW,de,5.47962,39.5738,33.5188
1990,LT_KAU,JW,ru,2.75462,37.3114,32.4259
1990,LT_KAU,JW,lt,1202.38,12371.8,13574.2
1990,LT_KAU,JH,pl,1.74004,7.29569,4.51739
1990,LT_KAU,JH,yi,185.656,801.645,450.274
1990,LT_KAU,PR,pl,14.1493,48.3655,31.2456
1990,LT_KAU,PR,de,2963.85,4764.81,5691.71
1990,LT_KAU,PR,lt,1399.84,3471.99,4871.83
1990,LT_KAU,PR,cs,0.337702,1.26866,0.663583
1990,LT_KAU,PR,lv,122.737,456.941,435.482
1990,LT_KAU,OT,pl,381.663,393.73,594.618
1990,LT_KAU,OT,lt,320.072,967.851,1287.92
1990,LT_KAU,OT,kdr,0.807773,3.0172,2.99726
1990,LT_KAU,OT,oth,627.453,1015.05,1344.16
1990,LT_LAU,RC,pl,13830,9209.38,16222.4
1990,LT_LAU,RC,be,47.0547,140.746,141.832
1990,LT_LAU,RC,pls,1.78362,6.44801,3.66997
1990,LT_LAU,RC,de,14.9866,54.5171,41.7403
1990,LT_LAU,RC,ru,0.142304,0.557375,0.512161
1990,LT_LAU,RC,lt,285057,209091,494148
1990,LT_LAU,RC,csb,9.56416,35.3182,18.4582
1990,LT_LAU,RC,cs,1.96063,7.21707,3.49228
1990,LT_LAU,RC,rom,42.6321,151.642,141.603
1990,LT_LAU,RC,oth,2.60764,9.35547,5.22681
1990,LT_LAU,GC,pl,5.69621,22.082,10.7644
1990,LT_LAU,GC,uk,57.1543,220.247,112.58
1990,LT_LAU,GC,lt,0.863413,6.11523,6.97864
1990,LT_LAU,GC,rue,3.65517,13.9749,7.27498
1990,LT_LAU,OR,pl,58.8136,198.199,109.732
1990,LT_LAU,OR,uk,97.6932,377.031,195.876
1990,LT_LAU,OR,be,118.852,430.858,265.646
1990,LT_LAU,OR,pls,42.897,152.968,85.9647
1990,LT_LAU,OR,ru,7363.56,5230.04,9457.9
1990,LT_LAU,OR,lt,939.858,1169.45,2109.3
1990,LT_LAU,OR,rue,0.174795,0.658729,0.34611
1990,LT_LAU,OR,cs,1.13003,4.217,2.0542
1990,LT_LAU,JW,pl,53.3417,186.849,119.211
1990,LT_LAU,JW,yi,3660.3,6975.25,8425.75
1990,LT_LAU,JW,de,3.43027,15.6872,13.9349
1990,LT_LAU,JW,ru,3.44943,12.322,12.3788
1990,LT_LAU,JW,lt,2370.81,9072.13,11442.9
1990,LT_LAU,JH,pl,1.96147,5.15579,3.52658
1990,LT_LAU,JH,yi,185.973,593.17,356.496
1990,LT_LAU,PR,pl,7.78797,26.9399,15.3089
1990,LT_LAU,PR,de,1641.37,2397.37,2924.23
1990,LT_LAU,PR,lt,865.506,2922.27,3787.77
1990,LT_LAU,PR,cs,0.243449,0.940807,0.466713
1990,LT_LAU,PR,lv,680.093,755.909,1058.73
1990,LT_LAU,OT,pl,9.3277,28.2571,24.0852
1990,LT_LAU,OT,lt,228.951,337.792,566.743
1990,LT_LAU,OT,kdr,29.8872,19.4164,40.1872
1990,LT_LAU,OT,oth,579.95,448.138,823.365
1990,LT_ZEM,RC,pl,4142.21,4920.12,5956.2
1990,LT_ZEM,RC,be,47.9887,145.513,144.563
1990,LT_ZEM,RC,pls,2.05618,7.42699,4.32327
1990,LT_ZEM,RC,de,19.7632,71.7485,56.4252
1990,LT_ZEM,RC,ru,0.116331,0.456788,0.415997
1990,LT_ZEM,RC,lt,329546,239199,568745
1990,LT_ZEM,RC,csb,11.0183,40.6516,21.7341
1990,LT_ZEM,RC,cs,2.22734,8.19056,4.08399
1990,LT_ZEM,RC,rom,220.021,238.36,338.299
1990,LT_ZEM,RC,oth,3.02708,10.8472,6.19899
1990,LT_ZEM,GC,pl,5.18529,20.4847,10.1742
1990,LT_ZEM,GC,uk,65.8872,258.603,134.61
1990,LT_ZEM,GC,lt,1.0342,7.59343,8.62763
1990,LT_ZEM,GC,rue,4.20081,16.3443,8.66388
1990,LT_ZEM,OR,pl,45.8612,172.843,92.6645
1990,LT_ZEM,OR,uk,111.326,426.324,228.766
1990,LT_ZEM,OR,be,137.839,494.647,313.21
1990,LT_ZEM,OR,pls,49.6908,175.898,101.536
1990,LT_ZEM,OR,ru,4385.24,3894.05,6241.43
1990,LT_ZEM,OR,lt,597.958,953.379,1551.34
1990,LT_ZEM,OR,rue,0.200698,0.749999,0.404672
1990,LT_ZEM,OR,cs,1.28251,4.75004,2.39265
1990,LT_ZEM,JW,pl,35.0568,142.169,78.8317
1990,LT_ZEM,JW,yi,3720.94,7603.86,8961.51
1990,LT_ZEM,JW,de,5.15323,23.0871,20.6225
1990,LT_ZEM,JW,ru,2.10772,9.07158,8.76248
1990,LT_ZEM,JW,lt,2486.74,9939.78,12426.5
1990,LT_ZEM,JH,pl,1.47531,4.08189,2.66467
1990,LT_ZEM,JH,yi,202.375,676.055,404.499
1990,LT_ZEM,PR,pl,6.00369,23.7086,12.8738
1990,LT_ZEM,PR,de,3167.43,3680.5,4977.4
1990,LT_ZEM,PR,lt,4768.17,5091.95,9860.12
1990,LT_ZEM,PR,cs,0.273155,1.07755,0.548983
1990,LT_ZEM,PR,lv,3702.62,1969.27,4158.03
1990,LT_ZEM,OT,pl,7.07591,25.4943,20.7867
1990,LT_ZEM,OT,lt,263.009,404.357,667.366
1990,LT_ZEM,OT,kdr,0.934567,3.5194,3.53721
1990,LT_ZEM,OT,oth,685.792,542.997,982.116
1990,LT_SUV,RC,pl,6326.4,5698.88,8024.83
1990,LT_SUV,RC,be,840.372,321.728,930.611
1990,LT_SUV,RC,pls,2.30192,8.17943,4.8222
1990,LT_SUV,RC,de,18.9356,68.6282,49.6294
1990,LT_SUV,RC,ru,0.476289,0.515423,0.725514
1990,LT_SUV,RC,lt,266616,176755,443371
1990,LT_SUV,RC,csb,12.2889,44.7489,24.3005
1990,LT_SUV,RC,cs,2.42162,8.78382,4.48204
1990,LT_SUV,RC,rom,938.51,468.744,1051.07
1990,LT_SUV,RC,oth,3.31979,11.7241,6.73201
1990,LT_SUV,GC,pl,6.53211,25.7436,13.195
1990,LT_SUV,GC,uk,75.7088,296.327,158.509
1990,LT_SUV,GC,lt,1.22891,9.37333,10.6022
1990,LT_SUV,GC,rue,4.75983,18.4478,10.0417
1990,LT_SUV,OR,pl,54.0363,199.463,108.078
1990,LT_SUV,OR,uk,124.05,468.219,258.704
1990,LT_SUV,OR,be,142.69,506.501,318.918
1990,LT_SUV,OR,pls,56.7701,197.384,115.757
1990,LT_SUV,OR,ru,3588.66,2824.25,4836.85
1990,LT_SUV,OR,lt,522.202,773.285,1295.49
1990,LT_SUV,OR,rue,0.225934,0.83611,0.459296
1990,LT_SUV,OR,cs,1.40338,5.14255,2.66213
1990,LT_SUV,JW,pl,44.6813,172.779,98.5686
1990,LT_SUV,JW,yi,3304.34,5532.18,6939.87
1990,LT_SUV,JW,de,11.3191,31.0918,30.7596
1990,LT_SUV,JW,ru,1.87644,6.95417,6.92163
1990,LT_SUV,JW,lt,2269.29,7743.54,10012.8
1990,LT_SUV,JH,pl,1.86168,5.13073,3.45649
1990,LT_SUV,JH,yi,206.798,663.863,394.372
1990,LT_SUV,PR,pl,9.48346,31.0303,18.6187
1990,LT_SUV,PR,de,9405.47,5615.35,10767.3
1990,LT_SUV,PR,lt,1209.46,2617.47,3826.92
1990,LT_SUV,PR,cs,0.304967,1.18252,0.612794
1990,LT_SUV,PR,lv,92.9742,354.234,331.806
1990,LT_SUV,OT,pl,8.63211,29.2837,24.2327
1990,LT_SUV,OT,lt,237.716,320.74,558.456
1990,LT_SUV,OT,kdr,0.615302,2.26977,2.24764
1990,LT_SUV,OT,oth,578.801,404.197,788.338
1990,LT_NEA,RC,pl,12114.8,7278.71,13638.2
1990,LT_NEA,RC,be,1616.06,528.545,1717.1
1990,LT_NEA,RC,pls,1.36812,4.90787,2.81958
1990,LT_NEA,RC,de,9.96658,36.0329,27.0302
1990,LT_NEA,RC,ru,7.36793,3.16348,7.70076
1990,LT_NEA,RC,lt,226819,153067,379886
1990,LT_NEA,RC,csb,7.20433,26.3967,14.0552
1990,LT_NEA,RC,cs,1.51902,5.55632,2.68662
1990,LT_NEA,RC,rom,29.0024,102.352,94.7707
1990,LT_NEA,RC,oth,2.00084,7.11012,4.02695
1990,LT_NEA,GC,pl,4.33677,16.2799,8.06467
1990,LT_NEA,GC,uk,43.5451,162.221,84.2806
1990,LT_NEA,GC,lt,0.657611,4.25773,4.91534
1990,LT_NEA,GC,rue,2.76342,10.2295,5.42851
1990,LT_NEA,OR,pl,58.9366,159.486,98.3283
1990,LT_NEA,OR,uk,76.2792,288.681,150.058
1990,LT_NEA,OR,be,103.753,368.105,228.231
1990,LT_NEA,OR,pls,33.4212,117.136,66.7756
1990,LT_NEA,OR,ru,19200.5,9142.01,20967.6
1990,LT_NEA,OR,lt,2024.92,1600.62,3625.54
1990,LT_NEA,OR,rue,0.132728,0.491216,0.262136
1990,LT_NEA,OR,cs,0.883392,3.24247,1.57614
1990,LT_NEA,JW,pl,43.4347,135.311,88.2274
1990,LT_NEA,JW,yi,3377.45,4782.19,6380.75
1990,LT_NEA,JW,de,2.05245,9.01785,7.9931
1990,LT_NEA,JW,ru,10.2926,19.8741,23.2468
1990,LT_NEA,JW,lt,2042.94,5929.11,7972.05
1990,LT_NEA,JH,pl,1.60455,3.89292,2.74267
1990,LT_NEA,JH,yi,153.02,430.639,266.66
1990,LT_NEA,PR,pl,5.31164,19.7592,10.8537
1990,LT_NEA,PR,de,713.064,1357.04,1491.65
1990,LT_NEA,PR,lt,6218.16,4055.76,10273.9
1990,LT_NEA,PR,cs,0.187994,0.72324,0.357916
1990,LT_NEA,PR,lv,4790.16,2050.84,4945.53
1990,LT_NEA,OT,pl,7.06321,20.3957,17.1563
1990,LT_NEA,OT,lt,200.513,249.783,450.296
1990,LT_NEA,OT,kdr,0.658699,2.42736,2.44065
1990,LT_NEA,OT,oth,552.096,354.37,718.463
1990,LT_KLA,RC,pl,429.173,1635.86,1080.74
1990,LT_KLA,RC,be,22.6081,70.2426,68.312
1990,LT_KLA,RC,pls,1.12128,4.065,2.17033
1990,LT_KLA,RC,de,507.231,472.252,699.047
1990,LT_KLA,RC,lt,36087.2,75587,111674
1990,LT_KLA,RC,csb,7.0384,25.991,12.1975
1990,LT_KLA,RC,cs,1.22127,4.48483,2.0638
1990,LT_KLA,RC,rom,25.2927,92.7908,85.5941
1990,LT_KLA,RC,oth,1.76221,6.38388,3.30805
1990,LT_KLA,GC,pl,2.6612,10.1536,4.48176
1990,LT_KLA,GC,uk,36.451,139.034,65.2931
1990,LT_KLA,GC,lt,0.453286,3.33114,3.78442
1990,LT_KLA,GC,rue,2.3506,8.89618,4.24863
1990,LT_KLA,OR,pl,21.8389,83.8027,39.8256
1990,LT_KLA,OR,uk,59.3186,234.069,113.143
1990,LT_KLA,OR,be,66.8552,246.888,143.203
1990,LT_KLA,OR,pls,25.8918,93.2817,47.9242
1990,LT_KLA,OR,ru,885.823,1538.39,1860.13
1990,LT_KLA,OR,lt,131.178,416.467,547.645
1990,LT_KLA,OR,rue,0.110215,0.417233,0.199793
1990,LT_KLA,OR,cs,0.684073,2.56611,1.17214
1990,LT_KLA,JW,pl,17.3684,65.0513,30.2123
1990,LT_KLA,JW,yi,439.812,1619.73,1616.16
1990,LT_KLA,JW,de,28.45,237.381,196.911
1990,LT_KLA,JW,ru,0.657745,2.86382,2.76697
1990,LT_KLA,JW,lt,509.143,2608.35,3117.49
1990,LT_KLA,JH,pl,0.343856,1.77995,0.940839
1990,LT_KLA,JH,yi,60.3725,232.943,115.848
1990,LT_KLA,PR,pl,2.94996,11.5076,5.30141
1990,LT_KLA,PR,de,21699.3,21559.5,31238.4
1990,LT_KLA,PR,lt,19079.7,13294.2,32374
1990,LT_KLA,PR,cs,0.150549,0.572297,0.26963
1990,LT_KLA,PR,lv,71.4614,273.603,258.119
1990,LT_KLA,OT,pl,3.05016,11.3846,8.75639
1990,LT_KLA,OT,lt,144.919,353.54,498.458
1990,LT_KLA,OT,kdr,0.439163,1.65863,1.66205
1990,LT_KLA,OT,oth,383.682,464.517,685.627
1995,WAW,RC,pl,90582.8,1.54592e+06,1.63651e+06
1995,WAW,RC,uk,6.27002,52.8497,43.6203
1995,WAW,RC,be,250.725,2580.26,2324.7
1995,WAW,RC,pls,91.1276,970.944,867.163
1995,WAW,RC,de,338.715,4117.42,3444.13
1995,WAW,RC,ru,0.417564,4.0864,3.57999
1995,WAW,RC,lt,1890.2,20601.1,11619
1995,WAW,RC,csb,552.047,6338.38,5874.13
1995,WAW,RC,cs,101.806,1068.63,854.384
1995,WAW,RC,rom,251.469,3068.29,2563.03
1995,WAW,RC,wym,0.899256,9.15485,8.81486
1995,WAW,RC,oth,112.788,1371.71,1265.53
1995,WAW,GC,pl,1196.13,20960.6,22156.7
1995,WAW,GC,uk,6461.15,83123.9,68859.8
1995,WAW,GC,rue,225.451,2878.8,2490.3
1995,WAW,OR,pl,8153.81,125377,133531
1995,WAW,OR,uk,10505.4,124065,99322.4
1995,WAW,OR,be,4225.98,48606,42114.1
1995,WAW,OR,pls,2245.85,22581.6,20071.1
1995,WAW,OR,ru,737.343,11795.2,9747.57
1995,WAW,OR,lt,4.86713,40.3258,17.5412
1995,WAW,OR,rue,10.4399,132.225,112.541
1995,WAW,OR,cs,62.4876,714.46,550.027
1995,WAW,JW,pl,6331.6,179931,186262
1995,WAW,JW,yi,2729.91,54199.4,48385.4
1995,WAW,JW,de,9.5264,130.727,102.733
1995,WAW,JW,ru,1.67291,30.6796,25.7498
1995,WAW,JW,lt,54.2774,473.647,218.816
1995,WAW,JH,pl,104.212,2920.47,3024.68
1995,WAW,JH,yi,5559.72,138355,97537.9
1995,WAW,PR,pl,1096.88,31932.2,33029
1995,WAW,PR,de,1291.25,17634.3,13996.5
1995,WAW,PR,lt,30.1175,306.275,142.688
1995,WAW,PR,cs,12.2506,150.388,119.782
1995,WAW,PR,lv,19.8524,239.718,121.641
1995,WAW,OT,pl,432.102,10028.2,10460.3
1995,WAW,OT,lt,2.50321,20.9381,8.9911
1995,WAW,OT,kdr,1.51045,20.7267,18.0012
1995,WAW,OT,oth,52.5696,1565.16,841.897
1995,WAR,RC,pl,1.27671e+06,1.30049e+06,2.5772e+06
1995,WAR,RC,uk,3.24178,12.2971,11.3106
1995,WAR,RC,be,241.716,741.241,800.884
1995,WAR,RC,pls,92.5945,310.724,323.911
1995,WAR,RC,de,2428.82,3119.47,4114.91
1995,WAR,RC,ru,0.39826,1.42613,1.42123
1995,WAR,RC,lt,1795.26,6762.17,4380.97
1995,WAR,RC,csb,1079.08,3689.15,3997.22
1995,WAR,RC,cs,111.423,391.763,359.616
1995,WAR,RC,rom,1913.37,2117.21,3035.47
1995,WAR,RC,wym,1.15852,3.54382,4.10782
1995,WAR,RC,oth,2750.34,2110.59,3973.52
1995,WAR,GC,pl,1624.85,6835.96,8460.81
1995,WAR,GC,uk,5816.3,19844.6,19375.6
1995,WAR,GC,rue,280.83,1065.04,1063.18
1995,WAR,OR,pl,11747.9,42277.2,54025
1995,WAR,OR,uk,8844.22,29252.2,28076.2
1995,WAR,OR,be,4140.54,13927.6,14310.3
1995,WAR,OR,pls,2334.9,7194.98,7636.63
1995,WAR,OR,ru,5436.78,6308.48,9012.18
1995,WAR,OR,lt,3.50346,13.0777,6.40723
1995,WAR,OR,rue,13.0298,46.5747,46.7993
1995,WAR,OR,cs,72.2142,254.697,229.673
1995,WAR,JW,pl,15817.3,81937.1,97754.4
1995,WAR,JW,yi,9680.75,23414.2,26879.9
1995,WAR,JW,de,25.5586,99.4918,91.0334
1995,WAR,JW,ru,2.47303,10.2917,9.9113
1995,WAR,JW,lt,37.8862,151.589,76.8212
1995,WAR,JH,pl,625.171,2094.43,2719.6
1995,WAR,JH,yi,26687.5,83541.8,71064.6
1995,WAR,PR,pl,12682.8,16975,29657.8
1995,WAR,PR,de,18326.8,19148.6,27408.7
1995,WAR,PR,lt,25.6099,102.317,53.4338
1995,WAR,PR,cs,13.9424,52.8164,48.7747
1995,WAR,PR,lv,21.4853,85.0497,49.7254
1995,WAR,OT,pl,1358.45,3059.26,4417.71
1995,WAR,OT,lt,1.79154,6.91271,3.3036
1995,WAR,OT,kdr,1.92137,7.28734,7.3699
1995,WAR,OT,oth,378.118,574.025,677.207
1995,LOD,RC,pl,1.06489e+06,1.62903e+06,2.69392e+06
1995,LOD,RC,uk,5.99343,22.2472,20.6868
1995,LOD,RC,be,441.699,1326.05,1443.14
1995,LOD,RC,pls,167.735,548.692,578.436
1995,LOD,RC,de,4542.62,7913.25,9480.53
1995,LOD,RC,ru,0.670217,2.33678,2.35804
1995,LOD,RC,lt,3223.81,11963.3,7906.11
1995,LOD,RC,csb,1495.42,5064.54,5525.92
1995,LOD,RC,cs,199.023,683.974,635.759
1995,LOD,RC,rom,1413.06,2695.99,3138.81
1995,LOD,RC,wym,2.27106,6.83152,7.97368
1995,LOD,RC,oth,3072.91,3281.08,5303.87
1995,LOD,GC,pl,2829.84,11728.6,14558.4
1995,LOD,GC,uk,9385.57,34709.3,33772.4
1995,LOD,GC,rue,534.826,1925.32,1967.8
1995,LOD,OR,pl,20109.5,72111.4,92221
1995,LOD,OR,uk,14180.1,51041.5,48182.7
1995,LOD,OR,be,7411.14,24315.3,25192.8
1995,LOD,OR,pls,4115.1,12325.9,13187.4
1995,LOD,OR,ru,2677.38,6512.1,7058.31
1995,LOD,OR,lt,6.06975,22.0797,10.9162
1995,LOD,OR,rue,23.2735,81.5204,82.5605
1995,LOD,OR,cs,126.485,435.404,396.706
1995,LOD,JW,pl,20787.8,146803,167590
1995,LOD,JW,yi,11343.4,42128.3,44330
1995,LOD,JW,de,61.6855,657.819,542.623
1995,LOD,JW,ru,3.17671,13.747,13.1078
1995,LOD,JW,lt,68.3035,264.99,138.028
1995,LOD,JH,pl,658.155,3060.84,3718.99
1995,LOD,JH,yi,28611.4,139951,111895
1995,LOD,PR,pl,35634.2,51168.3,86802.5
1995,LOD,PR,de,34709.4,58392.7,69465.4
1995,LOD,PR,lt,44.0933,175.608,94.1113
1995,LOD,PR,cs,25.2261,94.04,86.8248
1995,LOD,PR,lv,38.4674,150.747,89.0399
1995,LOD,OT,pl,1686.48,5081.42,6767.9
1995,LOD,OT,lt,3.15597,11.9281,5.82295
1995,LOD,OT,kdr,3.52664,13.0996,13.3271
1995,LOD,OT,oth,343.016,988.775,863.876
1995,KIE,RC,pl,1.70065e+06,1.75282e+06,3.45347e+06
1995,KIE,RC,uk,4.5391,16.9494,15.7366
1995,KIE,RC,be,307.724,940.84,1017.78
1995,KIE,RC,pls,119.485,394.596,414.294
1995,KIE,RC,de,1240.99,2824.62,3060.28
1995,KIE,RC,ru,0.48335,1.70243,1.71089
1995,KIE,RC,lt,2308.81,8431.5,5534.65
1995,KIE,RC,csb,999.433,3371.26,3667.39
1995,KIE,RC,cs,154.729,532.203,493.079
1995,KIE,RC,rom,2354.89,2770.68,3856.59
1995,KIE,RC,wym,2.18823,6.67959,7.76406
1995,KIE,RC,oth,2643.17,2254.64,3991.43
1995,KIE,GC,pl,2420.06,10473.6,12893.7
1995,KIE,GC,uk,7592.19,29334.3,28025
1995,KIE,GC,rue,495.421,1863.89,1871.71
1995,KIE,OR,pl,13997.5,54322.1,68319.5
1995,KIE,OR,uk,11476.8,40514.5,37880.1
1995,KIE,OR,be,5561.4,17948.6,18455.7
1995,KIE,OR,pls,3087.58,9170.82,9771.02
1995,KIE,OR,ru,3390.07,5697.9,6839.52
1995,KIE,OR,lt,4.57711,16.6703,8.19306
1995,KIE,OR,rue,21.3947,72.2479,72.7199
1995,KIE,OR,cs,105.51,357.509,321.408
1995,KIE,JW,pl,22051.2,122312,144364
1995,KIE,JW,yi,14452.4,36815.9,41558.6
1995,KIE,JW,de,15.3272,71.8065,62.7761
1995,KIE,JW,ru,2.41039,10.5945,9.95858
1995,KIE,JW,lt,47.8788,197.964,100.366
1995,KIE,JH,pl,916.573,2947.6,3864.17
1995,KIE,JH,yi,39767.4,129578,108555
1995,KIE,PR,pl,3003.62,11116.9,14120.5
1995,KIE,PR,de,6303.63,11708.8,13088.8
1995,KIE,PR,lt,30.795,126.143,65.8676
1995,KIE,PR,cs,18.9107,73.5235,66.913
1995,KIE,PR,lv,26.9343,109.256,62.9828
1995,KIE,OT,pl,1776.18,4241.69,6017.87
1995,KIE,OT,lt,2.24081,8.81083,4.21094
1995,KIE,OT,kdr,2.50213,9.69982,9.72662
1995,KIE,OT,oth,480.904,815.391,904.728
1995,LUB,RC,pl,1.53862e+06,1.43956e+06,2.97818e+06
1995,LUB,RC,uk,8.49037,30.7424,28.2546
1995,LUB,RC,be,699.808,1058.82,1409.11
1995,LUB,RC,pls,135.502,415.141,436.974
1995,LUB,RC,de,1452.69,2204.69,2619.07
1995,LUB,RC,ru,0.519536,1.61926,1.64455
1995,LUB,RC,lt,2125.65,7203.72,4657.52
1995,LUB,RC,csb,727.097,2279.57,2476.51
1995,LUB,RC,cs,197.814,624.113,580.074
1995,LUB,RC,rom,1971.02,2199.02,3020.07
1995,LUB,RC,wym,1.36927,4.03725,4.68534
1995,LUB,RC,oth,189.71,556.662,613.382
1995,LUB,GC,pl,4502.18,12696.3,17198.4
1995,LUB,GC,uk,35097.6,61559.3,71175.1
1995,LUB,GC,rue,412.46,1455.95,1465.51
1995,LUB,OR,pl,191703,156915,348618
1995,LUB,OR,uk,123148,123513,167641
1995,LUB,OR,be,7616.8,18321.8,19704.6
1995,LUB,OR,pls,3924.98,10238,11008.6
1995,LUB,OR,ru,6283.18,6866.65,9365.04
1995,LUB,OR,lt,4.66448,14.8377,7.22965
1995,LUB,OR,rue,27.7712,77.74,79.7488
1995,LUB,OR,cs,151.021,427.668,390.541
1995,LUB,JW,pl,20211,86328.5,106540
1995,LUB,JW,yi,13579.3,27763.6,33030.8
1995,LUB,JW,de,13.7109,52.7304,47.6234
1995,LUB,JW,ru,2.57068,10.16,9.76671
1995,LUB,JW,lt,39.6859,164.924,80.106
1995,LUB,JH,pl,815.734,2277.2,3092.94
1995,LUB,JH,yi,37069.3,95128.5,83140.4
1995,LUB,PR,pl,13860.8,17797.6,31658.4
1995,LUB,PR,de,7790.69,10985.8,13446.4
1995,LUB,PR,lt,25.4763,106.531,53.7417
1995,LUB,PR,cs,21.691,86.4709,78.2712
1995,LUB,PR,lv,22.0833,91.5106,50.8209
1995,LUB,OT,pl,2005.75,4059.94,6065.69
1995,LUB,OT,lt,1.91321,7.59901,3.49562
1995,LUB,OT,kdr,2.18723,8.49093,8.48075
1995,LUB,OT,oth,75.0586,410.434,289.145
1995,BIA,RC,pl,653577,763960,1.41754e+06
1995,BIA,RC,uk,2.85653,10.8922,9.93621
1995,BIA,RC,be,6485.56,4243.57,8631.36
1995,BIA,RC,pls,89.5918,300.615,311.587
1995,BIA,RC,de,611.071,1208.4,1337.73
1995,BIA,RC,ru,11.4587,9.09308,15.6254
1995,BIA,RC,lt,8971.8,12840.1,13197.2
1995,BIA,RC,csb,457.647,1597.44,1705.35
1995,BIA,RC,cs,93.9836,330.327,300.654
1995,BIA,RC,rom,789.616,1189.86,1468.76
1995,BIA,RC,wym,0.761033,2.35016,2.70507
1995,BIA,RC,oth,371.316,523.766,729.387
1995,BIA,GC,pl,1138.04,4965.45,6103.49
1995,BIA,GC,uk,3908.15,15296.4,14424.9
1995,BIA,GC,rue,197.272,754.575,747.699
1995,BIA,OR,pl,183729,167331,351060
1995,BIA,OR,uk,10398.8,27498.4,27362.7
1995,BIA,OR,be,148652,102935,190537
1995,BIA,OR,pls,2506.37,7426.12,7867.03
1995,BIA,OR,ru,25746.8,20457.4,34513.1
1995,BIA,OR,lt,8.18437,20.5703,13.084
1995,BIA,OR,rue,10.5308,35.846,35.8183
1995,BIA,OR,cs,65.5358,221.254,197.517
1995,BIA,JW,pl,12196.7,62568.8,74765.5
1995,BIA,JW,yi,9318.37,22560.6,25459.2
1995,BIA,JW,de,8.35718,35.3365,30.7687
1995,BIA,JW,ru,12.3074,39.6733,40.4175
1995,BIA,JW,lt,50.0691,204.97,110.024
1995,BIA,JH,pl,522.286,1500.69,2022.98
1995,BIA,JH,yi,25020.7,73706.7,62550.5
1995,BIA,PR,pl,3380.21,6920.98,10301.2
1995,BIA,PR,de,3756.13,6275.84,7122.79
1995,BIA,PR,lt,31.3598,131.205,69.6494
1995,BIA,PR,cs,11.5344,45.8532,41.1132
1995,BIA,PR,lv,24.8731,103.624,59.7253
1995,BIA,OT,pl,2406.63,3534.13,5940.77
1995,BIA,OT,lt,2.26896,8.74745,4.30359
1995,BIA,OT,kdr,2.05549,7.97082,7.97852
1995,BIA,OT,oth,267.329,432.73,489.5
1995,WIL,RC,pl,367317,465067,832384
1995,WIL,RC,uk,1.4925,5.75457,5.19662
1995,WIL,RC,be,12309.5,7519.47,15842.1
1995,WIL,RC,pls,84.0299,187.085,215.218
1995,WIL,RC,de,175.496,524.164,516.257
1995,WIL,RC,ru,29.4548,23.5602,40.195
1995,WIL,RC,lt,32691.5,31895.5,42376.6
1995,WIL,RC,csb,226.716,827.358,871.946
1995,WIL,RC,cs,50.0306,183.502,163.983
1995,WIL,RC,rom,579.363,792.249,1013.46
1995,WIL,RC,wym,0.393982,1.25159,1.4297
1995,WIL,RC,oth,410.098,460.045,701.604
1995,WIL,GC,pl,543,2408.82,2951.82
1995,WIL,GC,uk,1790.22,7234.87,6781.6
1995,WIL,GC,rue,97.2689,386.275,380.034
1995,WIL,OR,pl,113755,120998,234753
1995,WIL,OR,uk,3442.77,12893.4,11815.9
1995,WIL,OR,be,163485,122841,217372
1995,WIL,OR,pls,4106.41,5792.83,7749.66
1995,WIL,OR,ru,24469.4,21730.6,34742.6
1995,WIL,OR,lt,44.3989,55.6897,58.5434
1995,WIL,OR,rue,5.0203,18.3895,18.144
1995,WIL,OR,cs,33.6546,122.14,106.983
1995,WIL,JW,pl,5556.5,28268.5,33825
1995,WIL,JW,yi,4593.2,11845.6,13034.5
1995,WIL,JW,de,3.27079,14.3046,12.0778
1995,WIL,JW,ru,9.29621,33.5901,33.5278
1995,WIL,JW,lt,81.9042,299.258,189.184
1995,WIL,JH,pl,230.719,781.646,1012.36
1995,WIL,JH,yi,11560.3,34554.1,29455.4
1995,WIL,PR,pl,1552.31,3499.44,5051.75
1995,WIL,PR,de,892.619,2540.92,2396.07
1995,WIL,PR,lt,38.3352,165.828,91.6173
1995,WIL,PR,cs,6.10043,24.9456,22.2084
1995,WIL,PR,lv,23.6638,102.017,59.7826
1995,WIL,OT,pl,2143.47,3033.36,5176.83
1995,WIL,OT,lt,3.74162,11.8734,6.92041
1995,WIL,OT,kdr,72.5427,92.0192,133.649
1995,WIL,OT,oth,231.318,351.301,415.045
1995,NOW,RC,pl,332565,344176,676741
1995,NOW,RC,uk,1.874,6.98536,6.3194
1995,NOW,RC,be,7931.61,4726.87,9840.14
1995,NOW,RC,pls,51.5074,166.428,171.693
1995,NOW,RC,de,122.175,419.578,395.189
1995,NOW,RC,ru,4.71031,4.09535,6.44584
1995,NOW,RC,lt,1672.58,4134.17,3006.68
1995,NOW,RC,csb,197.44,665.964,706.038
1995,NOW,RC,cs,61.5366,207.56,186.887
1995,NOW,RC,rom,741.675,760.576,1079.83
1995,NOW,RC,wym,0.354255,1.05239,1.21191
1995,NOW,RC,oth,51.5549,163.903,175.738
1995,NOW,GC,pl,603.049,2496.17,3099.22
1995,NOW,GC,uk,2127.77,8075.61,7594.76
1995,NOW,GC,rue,99.2374,369.806,365.48
1995,NOW,OR,pl,287184,196618,483802
1995,NOW,OR,uk,5125.94,15788.7,14639.5
1995,NOW,OR,be,379554,209058,412731
1995,NOW,OR,pls,1620.64,4412.84,4652.83
1995,NOW,OR,ru,12815.6,8853.44,15050.5
1995,NOW,OR,lt,2.66937,8.58342,4.17113
1995,NOW,OR,rue,6.48112,19.3124,19.3292
1995,NOW,OR,cs,47.7009,142.887,126.285
1995,NOW,JW,pl,6096.95,21277.9,27374.9
1995,NOW,JW,yi,5351.39,8611.95,10827
1995,NOW,JW,de,2.51647,10.9174,9.23006
1995,NOW,JW,ru,3.73902,9.22232,9.7913
1995,NOW,JW,lt,20.4919,85.4208,39.7595
1995,NOW,JH,pl,258.951,624.958,883.908
1995,NOW,JH,yi,13297,25795.7,23995.1
1995,NOW,PR,pl,1913.42,3168.6,5082.03
1995,NOW,PR,de,423.519,1731.65,1507.31
1995,NOW,PR,lt,13.5073,56.3098,28.0556
1995,NOW,PR,cs,7.02017,27.9751,24.9712
1995,NOW,PR,lv,12.0946,49.8821,27.0304
1995,NOW,OT,pl,1628.5,2025.68,3654.18
1995,NOW,OT,lt,0.988175,3.94024,1.74282
1995,NOW,OT,kdr,1.01247,3.90682,3.86929
1995,NOW,OT,oth,25.7878,132.417,91.6965
1995,POL,RC,pl,243641,314016,557657
1995,POL,RC,uk,4.04013,13.0723,11.9142
1995,POL,RC,be,1732.55,1464.03,2387.46
1995,POL,RC,pls,8352.31,4881.04,9448.89
1995,POL,RC,de,212.566,614.235,585.055
1995,POL,RC,ru,2.71529,2.74331,3.82275
1995,POL,RC,lt,1266.45,3781.71,2339.74
1995,POL,RC,csb,342.084,976.776,1050.15
1995,POL,RC,cs,95.4693,274.338,249.241
1995,POL,RC,rom,554.333,751.041,897.783
1995,POL,RC,wym,0.583031,1.58246,1.83129
1995,POL,RC,oth,330.078,393.402,545.51
1995,POL,GC,pl,1143.64,3784.77,4928.41
1995,POL,GC,uk,5553.23,17057.7,16252.3
1995,POL,GC,rue,186.15,565.643,566.904
1995,POL,OR,pl,531766,420967,952733
1995,POL,OR,uk,77527.9,72867.9,97657.1
1995,POL,OR,be,73805.5,55773.8,89659.6
1995,POL,OR,pls,640754,366537,708959
1995,POL,OR,ru,15980.5,12978.2,19668.4
1995,POL,OR,lt,2.68291,8.68526,3.9702
1995,POL,OR,rue,10.1476,29.3589,29.2457
1995,POL,OR,cs,64.9854,189.987,166.911
1995,POL,JW,pl,5786.9,28806.4,34593.3
1995,POL,JW,yi,4691.33,12351.4,13295.5
1995,POL,JW,de,3.37047,15.3147,12.9803
1995,POL,JW,ru,4.58151,17.2197,16.8958
1995,POL,JW,lt,20.8248,88.3018,39.211
1995,POL,JH,pl,242.344,892.777,1135.12
1995,POL,JH,yi,12238.9,40546.8,32269.6
1995,POL,PR,pl,4234,6821.68,11055.7
1995,POL,PR,de,614.955,2421.81,2122.55
1995,POL,PR,lt,14.0459,56.6417,26.4946
1995,POL,PR,cs,9.57355,36.8119,32.7773
1995,POL,PR,lv,12.1635,48.2823,25.0074
1995,POL,OT,pl,3183.18,3955.24,7138.42
1995,POL,OT,lt,1.15507,4.21741,1.81629
1995,POL,OT,kdr,1.17848,4.04875,4.00634
1995,POL,OT,oth,222.519,302.782,360.911
1995,WOL,RC,pl,395569,468882,864451
1995,WOL,RC,uk,905.586,623.487,949.699
1995,WOL,RC,be,269.172,561.315,643.339
1995,WOL,RC,pls,86.4561,249.536,256.908
1995,WOL,RC,de,2961.89,2647.91,3605.13
1995,WOL,RC,ru,0.541922,1.33878,1.37484
1995,WOL,RC,lt,1296.04,4043.58,2414.3
1995,WOL,RC,csb,378.309,1122.72,1194.31
1995,WOL,RC,cs,12297.6,7631.04,12343.1
1995,WOL,RC,rom,1423.8,1445.47,1941.99
1995,WOL,RC,wym,0.708408,2.0142,2.29719
1995,WOL,RC,oth,1073.99,935.302,1483.36
1995,WOL,GC,pl,1976.43,7256.73,9233.16
1995,WOL,GC,uk,24917.4,78694.9,73846.7
1995,WOL,GC,rue,287.872,897.692,890.953
1995,WOL,OR,pl,60511.5,77240.9,137752
1995,WOL,OR,uk,1.74326e+06,1.16355e+06,1.85073e+06
1995,WOL,OR,be,5549.11,12164.5,13071.9
1995,WOL,OR,pls,2320.01,6441.83,6669.44
1995,WOL,OR,ru,21490.3,16845.1,26131.3
1995,WOL,OR,lt,2.79566,9.1543,3.98856
1995,WOL,OR,rue,18.3552,53.7189,53.4831
1995,WOL,OR,cs,11921.6,7612.24,11693.7
1995,WOL,JW,pl,10038.5,47600.1,57638.6
1995,WOL,JW,yi,9234.79,20926.8,23356.6
1995,WOL,JW,de,30.0804,79.9766,76.8145
1995,WOL,JW,ru,7.75045,22.8014,23.3193
1995,WOL,JW,lt,22.5388,96.2142,41.25
1995,WOL,JH,pl,475.515,1473.57,1949.09
1995,WOL,JH,yi,24354.6,68065,55967.5
1995,WOL,PR,pl,7697.68,11619.5,19317.2
1995,WOL,PR,de,17191,18094.8,24010.5
1995,WOL,PR,lt,14.0832,59.4694,26.5373
1995,WOL,PR,cs,1503.98,1243.45,1864.12
1995,WOL,PR,lv,12.3955,51.9379,25.3369
1995,WOL,OT,pl,14665.5,15550.5,30216
1995,WOL,OT,lt,1.13304,4.45803,1.82864
1995,WOL,OT,kdr,12.7881,16.7485,22.7066
1995,WOL,OT,oth,673.12,732.226,1019.66
1995,POZ,RC,pl,886354,1.32642e+06,2.21278e+06
1995,POZ,RC,uk,4.00641,14.9583,13.9296
1995,POZ,RC,be,293.864,908.632,985.744
1995,POZ,RC,pls,111.662,376.512,395.28
1995,POZ,RC,de,7943.69,8872.31,12858.4
1995,POZ,RC,ru,0.44921,1.58344,1.5973
1995,POZ,RC,lt,2160.6,8210.39,5379.68
1995,POZ,RC,csb,1335.37,4665.05,5084.3
1995,POZ,RC,cs,133.513,471.06,437.059
1995,POZ,RC,rom,588.939,1624.26,1698.68
1995,POZ,RC,wym,1.61467,4.93102,5.75208
1995,POZ,RC,oth,211.671,695.224,764.086
1995,POZ,GC,pl,1853.63,8134.52,9988.15
1995,POZ,GC,uk,6001.98,23299,22423.5
1995,POZ,GC,rue,362.676,1374.92,1388.99
1995,POZ,OR,pl,10944.1,47985.8,58929.9
1995,POZ,OR,uk,9027.47,34458.9,32256.2
1995,POZ,OR,be,4787,16683.2,17118.4
1995,POZ,OR,pls,2684.02,8442.57,8958.22
1995,POZ,OR,ru,1046.32,3840.97,3734.6
1995,POZ,OR,lt,4.1445,15.4773,7.60602
1995,POZ,OR,rue,14.877,55.6893,55.8372
1995,POZ,OR,cs,82.7379,301.96,272.809
1995,POZ,JW,pl,10822.5,48100.8,58923.2
1995,POZ,JW,yi,3181.59,9468.59,10256
1995,POZ,JW,de,40.1815,167.962,151.378
1995,POZ,JW,ru,2.04731,7.3291,7.19004
1995,POZ,JW,lt,48.5596,181.977,93.9478
1995,POZ,JH,pl,180.432,940.256,1120.69
1995,POZ,JH,yi,6551.39,25035.9,20446.3
1995,POZ,PR,pl,21875.3,33085.9,54961.3
1995,POZ,PR,de,57793.2,62087.9,89289.3
1995,POZ,PR,lt,31.923,125.426,66.2774
1995,POZ,PR,cs,17.2099,63.8865,59.4612
1995,POZ,PR,lv,26.396,102.695,60.7174
1995,POZ,OT,pl,2988.57,5125.46,8114.03
1995,POZ,OT,lt,2.22757,8.3263,4.04708
1995,POZ,OT,kdr,2.37354,8.90293,9.07543
1995,POZ,OT,oth,80.9049,610.448,371.581
1995,POM,RC,pl,528036,823230,1.35127e+06
1995,POM,RC,uk,3.43094,12.5551,11.7061
1995,POM,RC,be,248.276,734.238,803.585
1995,POM,RC,pls,93.2607,301.64,318.788
1995,POM,RC,de,5478.67,5913.41,8608.68
1995,POM,RC,ru,0.375087,1.29152,1.3038
1995,POM,RC,lt,1836.68,6672.31,4329.59
1995,POM,RC,csb,93711,44106,114595
1995,POM,RC,cs,110.199,372.901,347.761
1995,POM,RC,rom,474.006,1253.03,1319.96
1995,POM,RC,wym,1.22579,3.58726,4.22239
1995,POM,RC,oth,664.86,945.423,1350.48
1995,POM,GC,pl,1490.29,6169.38,7659.67
1995,POM,GC,uk,5092.55,18863.9,18390.3
1995,POM,GC,rue,282.317,1020.04,1044.19
1995,POM,OR,pl,9128.31,37707.3,46835.6
1995,POM,OR,uk,7837.11,28410.2,26691
1995,POM,OR,be,4111.38,13631.7,14049
1995,POM,OR,pls,2261.41,6803.49,7262.02
1995,POM,OR,ru,889.716,3084.37,3011.05
1995,POM,OR,lt,3.59166,13.072,6.26527
1995,POM,OR,rue,12.3843,43.7797,44.1474
1995,POM,OR,cs,69.0609,239.617,217.133
1995,POM,JW,pl,8439.75,36141.5,44581.2
1995,POM,JW,yi,2648.1,7663.28,8312.35
1995,POM,JW,de,32.1852,132.259,119.392
1995,POM,JW,ru,1.65881,5.96155,5.81439
1995,POM,JW,lt,40.5049,151.219,75.864
1995,POM,JH,pl,149.16,737.997,887.157
1995,POM,JH,yi,5598,20547.5,16738.4
1995,POM,PR,pl,12902.6,19505.5,32408.1
1995,POM,PR,de,37224.4,38918.7,56402.5
1995,POM,PR,lt,27.2364,104.579,53.9583
1995,POM,PR,cs,13.8486,50.023,46.6971
1995,POM,PR,lv,21.6694,81.8818,47.5097
1995,POM,OT,pl,590.808,2311.17,2901.98
1995,POM,OT,lt,1.9002,6.96732,3.31362
1995,POM,OT,kdr,1.93144,6.98934,7.15525
1995,POM,OT,oth,67.6915,440.642,281.179
1995,SLA,RC,pl,717191,1.06214e+06,1.77933e+06
1995,SLA,RC,uk,6.36298,22.3992,21.0596
1995,SLA,RC,be,352.087,985.779,1093.89
1995,SLA,RC,pls,141.07,428.641,460.716
1995,SLA,RC,de,20620.8,16855.9,28993.8
1995,SLA,RC,ru,0.526352,1.69893,1.74662
1995,SLA,RC,lt,2496.2,8676.26,5746.59
1995,SLA,RC,csb,1132.32,3586.91,3985.1
1995,SLA,RC,cs,181.652,580.1,549.621
1995,SLA,RC,rom,770.695,1958.91,2094.68
1995,SLA,RC,wym,3.07968,8.30599,10.036
1995,SLA,RC,oth,551.962,966.818,1278.75
1995,SLA,GC,pl,3157.87,12662.9,15820.8
1995,SLA,GC,uk,11323.7,39853.5,39172.8
1995,SLA,GC,rue,662.773,2252.73,2331.75
1995,SLA,OR,pl,13218.2,53060.1,66278.3
1995,SLA,OR,uk,13791.7,48210.6,46200.3
1995,SLA,OR,be,5713.12,18118.3,19072.8
1995,SLA,OR,pls,3309.25,9488.62,10325.5
1995,SLA,OR,ru,1228.42,4097.71,4089.16
1995,SLA,OR,lt,4.66085,16.3105,8.05851
1995,SLA,OR,rue,24.5483,82.9733,85.7007
1995,SLA,OR,cs,110.577,367.639,340.737
1995,SLA,JW,pl,15171.6,62059.8,77231.3
1995,SLA,JW,yi,4505.33,11988.1,13412.5
1995,SLA,JW,de,36.6942,146.646,135.737
1995,SLA,JW,ru,2.49555,8.16057,8.18808
1995,SLA,JW,lt,55.9516,193.504,100.693
1995,SLA,JH,pl,239.714,1143.37,1383.08
1995,SLA,JH,yi,9167.8,31930.7,26704.7
1995,SLA,PR,pl,29753.7,27821.1,57574.8
1995,SLA,PR,de,11007.4,19111.8,22531.5
1995,SLA,PR,lt,34.7694,124.959,67.2364
1995,SLA,PR,cs,23.5558,78.2389,74.6738
1995,SLA,PR,lv,30.0401,105.536,63.0021
1995,SLA,OT,pl,3809.5,5227.15,9036.65
1995,SLA,OT,lt,2.50773,8.74479,4.29989
1995,SLA,OT,kdr,2.94624,9.77045,10.2893
1995,SLA,OT,oth,360.526,887.355,794.28
1995,KRA,RC,pl,1.00708e+06,1.16617e+06,2.17325e+06
1995,KRA,RC,uk,3.76027,14.3942,13.238
1995,KRA,RC,be,215.558,668.391,722.491
1995,KRA,RC,pls,88.5368,300.091,313.125
1995,KRA,RC,de,2059.32,2803.54,3658.16
1995,KRA,RC,ru,0.327624,1.17215,1.17127
1995,KRA,RC,lt,1543.02,5865.44,3799.9
1995,KRA,RC,csb,618.696,2176.15,2342.3
1995,KRA,RC,cs,119.68,424.216,390.039
1995,KRA,RC,rom,3109.17,3038.46,4693.57
1995,KRA,RC,wym,161.632,71.9944,205.971
1995,KRA,RC,oth,722.822,908.907,1355.35
1995,KRA,GC,pl,18958.5,22878.5,41836.9
1995,KRA,GC,uk,7113.8,28001.5,26746.8
1995,KRA,GC,rue,37472.7,21237.9,45239.5
1995,KRA,OR,pl,8878.09,38268.2,47146.2
1995,KRA,OR,uk,8643.06,32653.6,30451.1
1995,KRA,OR,be,3659.08,12673.1,12951.1
1995,KRA,OR,pls,2184.72,6876.23,7275.85
1995,KRA,OR,ru,809.293,2935.72,2843.79
1995,KRA,OR,lt,2.98865,11.247,5.45524
1995,KRA,OR,rue,23.7008,86.7997,86.6344
1995,KRA,OR,cs,76.2683,276.204,248.036
1995,KRA,JW,pl,13306.3,75172.9,88479.3
1995,KRA,JW,yi,6083.54,16998.2,18841.2
1995,KRA,JW,de,9.49845,41.4052,36.783
1995,KRA,JW,ru,1.49381,5.95518,5.70212
1995,KRA,JW,lt,33.8021,133.632,67.9771
1995,KRA,JH,pl,394.609,1843.62,2238.23
1995,KRA,JH,yi,16479.9,60399.2,50385.6
1995,KRA,PR,pl,1832,7382.79,9214.79
1995,KRA,PR,de,2992.18,6924.67,7269.59
1995,KRA,PR,lt,21.3447,86.2842,45.453
1995,KRA,PR,cs,15.1884,58.327,53.5553
1995,KRA,PR,lv,18.6812,74.9944,43.6164
1995,KRA,OT,pl,603.574,2497.71,3101.29
1995,KRA,OT,lt,1.55002,5.97578,2.88392
1995,KRA,OT,kdr,1.85112,7.04715,7.16499
1995,KRA,OT,oth,67.7183,389.935,272.768
1995,LWO,RC,pl,735352,1.06187e+06,1.79722e+06
1995,LWO,RC,uk,23.4848,89.3588,81.8282
1995,LWO,RC,be,279.855,884.105,947.305
1995,LWO,RC,pls,128.778,444.435,460.483
1995,LWO,RC,de,1787.2,2709.39,3353.25
1995,LWO,RC,ru,0.43122,1.55065,1.54456
1995,LWO,RC,lt,1889.02,7258.26,4572.55
1995,LWO,RC,csb,633.288,2285.61,2438.2
1995,LWO,RC,cs,248.868,892.403,817.909
1995,LWO,RC,rom,2751.52,3109.74,4463.55
1995,LWO,RC,wym,1.70906,5.27741,6.09605
1995,LWO,RC,oth,1830.05,1744.58,2931.64
1995,LWO,GC,pl,107970,101857,209827
1995,LWO,GC,uk,633476,487623,837396
1995,LWO,GC,rue,32217.3,19311.8,39762.8
1995,LWO,OR,pl,17045.9,57962,75007.9
1995,LWO,OR,uk,47902.2,170743,162041
1995,LWO,OR,be,4927.44,17287.6,17603.5
1995,LWO,OR,pls,3209.62,10293,10800.8
1995,LWO,OR,ru,1139.38,4175.66,4046.64
1995,LWO,OR,lt,3.78387,14.1081,6.66967
1995,LWO,OR,rue,2731.8,1510.52,3231.73
1995,LWO,OR,cs,160.628,584.727,526.501
1995,LWO,JW,pl,26177.9,140783,166961
1995,LWO,JW,yi,11102.5,28877.7,32388.3
1995,LWO,JW,de,12.5181,50.9705,45.4901
1995,LWO,JW,ru,2.11852,8.67533,8.26931
1995,LWO,JW,lt,42.849,169.132,83.7885
1995,LWO,JH,pl,656.427,2463.79,3120.21
1995,LWO,JH,yi,30041.6,96073.1,81895.6
1995,LWO,PR,pl,6181.24,11850.7,18032
1995,LWO,PR,de,4624.93,8899.23,9774.41
1995,LWO,PR,lt,26.242,106.514,53.531
1995,LWO,PR,cs,32.1533,125.513,114.16
1995,LWO,PR,lv,22.8716,92.4973,51.117
1995,LWO,OT,pl,2527.09,5576.44,8103.53
1995,LWO,OT,lt,1.9939,7.75776,3.60021
1995,LWO,OT,kdr,2.79577,10.918,10.9418
1995,LWO,OT,oth,817.491,1093.35,1392.48
1995,STA,RC,pl,128678,252229,380908
1995,STA,RC,uk,11.4789,42.8586,38.7605
1995,STA,RC,be,91.868,286.587,305.502
1995,STA,RC,pls,42.38,145.553,149.157
1995,STA,RC,de,1905.73,1748.15,2634.49
1995,STA,RC,ru,0.14657,0.525993,0.517959
1995,STA,RC,lt,629.057,2374.09,1431.74
1995,STA,RC,csb,210.439,750.732,794.905
1995,STA,RC,cs,82.2453,291.168,262.791
1995,STA,RC,rom,968.413,1061.71,1518.7
1995,STA,RC,wym,0.56777,1.7095,1.9724
1995,STA,RC,oth,1001.21,855.384,1488.52
1995,STA,GC,pl,51744.9,49933,101678
1995,STA,GC,uk,621949,428794,758712
1995,STA,GC,rue,199.866,766.354,756.227
1995,STA,OR,pl,3964.61,17454.4,21419
1995,STA,OR,uk,20888.5,73529.2,68488.1
1995,STA,OR,be,1658,5773.09,5797.46
1995,STA,OR,pls,1105.11,3564.45,3687.76
1995,STA,OR,ru,386.455,1396.82,1331.4
1995,STA,OR,lt,1.32716,4.96168,2.21726
1995,STA,OR,rue,12.9134,46.4555,46.1457
1995,STA,OR,cs,54.5227,195.859,172.706
1995,STA,JW,pl,7392.18,38010.1,45402.3
1995,STA,JW,yi,4220.47,11164.9,12238.2
1995,STA,JW,de,7.76588,28.6482,25.9095
1995,STA,JW,ru,0.692293,2.84746,2.67149
1995,STA,JW,lt,14.467,57.4183,26.8324
1995,STA,JH,pl,237.911,834.659,1072.57
1995,STA,JH,yi,11685.2,37012.7,30888.3
1995,STA,PR,pl,1084.1,2981.27,4065.38
1995,STA,PR,de,4620.15,5161.11,6926.96
1995,STA,PR,lt,8.91194,35.1744,16.665
1995,STA,PR,cs,10.5566,40.0541,36.2012
1995,STA,PR,lv,7.68491,30.1856,15.7908
1995,STA,OT,pl,1223.63,2177.1,3400.72
1995,STA,OT,lt,0.679361,2.62766,1.16111
1995,STA,OT,kdr,17.7843,22.8439,32.9495
1995,STA,OT,oth,489.546,498.854,750.119
1995,TAR,RC,pl,263723,341101,604824
1995,TAR,RC,uk,9.24466,36.0584,32.2754
1995,TAR,RC,be,86.3199,272.429,290.772
1995,TAR,RC,pls,39.1253,136.688,139.86
1995,TAR,RC,de,436.408,753.285,876.985
1995,TAR,RC,ru,0.138307,0.501208,0.492619
1995,TAR,RC,lt,582.529,2236.71,1359.94
1995,TAR,RC,csb,193.692,703.402,742.803
1995,TAR,RC,cs,82.1837,297.363,267.577
1995,TAR,RC,rom,502.999,745.723,940.439
1995,TAR,RC,wym,0.529903,1.6026,1.85548
1995,TAR,RC,oth,255.761,347.421,491.813
1995,TAR,GC,pl,72739.1,61316.9,134056
1995,TAR,GC,uk,396453,282017,499450
1995,TAR,GC,rue,183.034,712.216,706.492
1995,TAR,OR,pl,3845.4,17120.2,20965.6
1995,TAR,OR,uk,18731.8,65493.4,61375
1995,TAR,OR,be,1536.26,5520.75,5525.05
1995,TAR,OR,pls,1009.35,3352.04,3462.29
1995,TAR,OR,ru,360.121,1347.65,1281.32
1995,TAR,OR,lt,1.23037,4.67123,2.10767
1995,TAR,OR,rue,11.5632,43.5968,43.1412
1995,TAR,OR,cs,53.8237,200.396,176.174
1995,TAR,JW,pl,8264.58,36733.6,44998.2
1995,TAR,JW,yi,3537.18,8348.88,9491.89
1995,TAR,JW,de,3.35514,13.4217,11.8796
1995,TAR,JW,ru,0.667647,2.60301,2.48121
1995,TAR,JW,lt,13.6814,52.6744,25.0358
1995,TAR,JH,pl,195.928,736.462,932.391
1995,TAR,JH,yi,9441.55,27491.9,23656
1995,TAR,PR,pl,1559.81,3153.1,4712.91
1995,TAR,PR,de,1191.78,2508.69,2659.95
1995,TAR,PR,lt,8.28027,32.904,15.9801
1995,TAR,PR,cs,10.6206,40.8222,37.0701
1995,TAR,PR,lv,7.18892,28.5005,15.2337
1995,TAR,OT,pl,2229.39,2685.3,4914.69
1995,TAR,OT,lt,0.631687,2.41313,1.07715
1995,TAR,OT,kdr,0.86768,3.31026,3.33081
1995,TAR,OT,oth,199.128,275.557,345.389
1995,LT_KAU,RC,pl,7367.24,11729.2,13351.7
1995,LT_KAU,RC,be,46.1652,138.136,136.519
1995,LT_KAU,RC,pls,2.60623,9.32709,5.7356
1995,LT_KAU,RC,de,21.0013,77.1808,58.3384
1995,LT_KAU,RC,ru,0.189718,0.802471,0.742498
1995,LT_KAU,RC,lt,103333,181965,285298
1995,LT_KAU,RC,csb,13.8365,50.8913,29.2214
1995,LT_KAU,RC,cs,2.87617,10.5098,5.59236
1995,LT_KAU,RC,rom,367.4,489.484,658.778
1995,LT_KAU,RC,oth,3.95383,14.0669,8.60531
1995,LT_KAU,GC,pl,9.89408,38.0646,20.7446
1995,LT_KAU,GC,uk,86.9806,331.948,187.416
1995,LT_KAU,GC,lt,1.61831,11.7042,13.3226
1995,LT_KAU,GC,rue,5.47171,20.6687,11.8753
1995,LT_KAU,OR,pl,98.963,362.507,217.611
1995,LT_KAU,OR,uk,150.545,584.419,328.944
1995,LT_KAU,OR,be,172.504,618.696,408.547
1995,LT_KAU,OR,pls,63.4044,220.533,132.241
1995,LT_KAU,OR,ru,4769.33,7570.58,9687.71
1995,LT_KAU,OR,lt,710.581,2094.45,2805.04
1995,LT_KAU,OR,rue,0.260648,0.976661,0.561359
1995,LT_KAU,OR,cs,1.70184,6.29835,3.35354
1995,LT_KAU,JW,pl,69.5875,372.541,244.194
1995,LT_KAU,JW,yi,1229.5,7475.73,7086.18
1995,LT_KAU,JW,de,5.59803,38.8369,33.3441
1995,LT_KAU,JW,ru,2.75974,35.1144,30.9122
1995,LT_KAU,JW,lt,1264.91,12568.2,13833.1
1995,LT_KAU,JH,pl,2.13985,9.62832,6.1509
1995,LT_KAU,JH,yi,199.584,870.674,509.735
1995,LT_KAU,PR,pl,14.8378,52.244,34.5535
1995,LT_KAU,PR,de,2749.45,4647.54,5510.17
1995,LT_KAU,PR,lt,1379.39,3635.81,5015.2
1995,LT_KAU,PR,cs,0.354503,1.35222,0.736762
1995,LT_KAU,PR,lv,121.565,459.461,440.261
1995,LT_KAU,OT,pl,344.81,367.334,553.515
1995,LT_KAU,OT,lt,325.3,1007.85,1333.15
1995,LT_KAU,OT,kdr,0.765995,2.90118,2.89816
1995,LT_KAU,OT,oth,558.773,916.293,1218.29
1995,LT_LAU,RC,pl,12749.5,9676.69,15994.8
1995,LT_LAU,RC,be,43.7169,131.525,133.755
1995,LT_LAU,RC,pls,1.87916,6.94054,4.0869
1995,LT_LAU,RC,de,15.005,55.9753,43.1055
1995,LT_LAU,RC,ru,0.150259,0.594344,0.554086
1995,LT_LAU,RC,lt,263570,219204,482774
1995,LT_LAU,RC,csb,10.0711,38.0491,20.9025
1995,LT_LAU,RC,cs,2.13782,8.05407,4.05536
1995,LT_LAU,RC,rom,43.5475,159.342,149.167
1995,LT_LAU,RC,oth,2.64608,9.68621,5.65998
1995,LT_LAU,GC,pl,6.2772,25.095,12.8285
1995,LT_LAU,GC,uk,61.3052,243.484,130.777
1995,LT_LAU,GC,lt,1.05629,7.81709,8.87338
1995,LT_LAU,GC,rue,3.92433,15.4371,8.4414
1995,LT_LAU,OR,pl,66.6492,234.28,132.414
1995,LT_LAU,OR,uk,110.032,437.763,234.416
1995,LT_LAU,OR,be,123.905,459.666,292.273
1995,LT_LAU,OR,pls,45.7186,165.959,95.8057
1995,LT_LAU,OR,ru,6874.48,5423.96,9408.72
1995,LT_LAU,OR,lt,988.111,1370.73,2358.84
1995,LT_LAU,OR,rue,0.189993,0.73512,0.404938
1995,LT_LAU,OR,cs,1.26798,4.85181,2.4494
1995,LT_LAU,JW,pl,56.1737,203.457,130.663
1995,LT_LAU,JW,yi,3101.42,5930.18,7271.64
1995,LT_LAU,JW,de,3.48967,16.0406,14.3789
1995,LT_LAU,JW,ru,3.38453,12.1753,12.3531
1995,LT_LAU,JW,lt,2385.61,9431.29,11816.9
1995,LT_LAU,JH,pl,2.33747,6.9981,4.83402
1995,LT_LAU,JH,yi,197.685,654.54,405.862
1995,LT_LAU,PR,pl,8.2667,29.94,17.5955
1995,LT_LAU,PR,de,1511.12,2419.65,2889.28
1995,LT_LAU,PR,lt,871.849,3079.99,3951.84
1995,LT_LAU,PR,cs,0.258099,1.02461,0.531537
1995,LT_LAU,PR,lv,620.49,762.291,1033.42
1995,LT_LAU,OT,pl,9.25696,28.9135,24.6548
1995,LT_LAU,OT,lt,231.95,375.229,607.179
1995,LT_LAU,OT,kdr,26.1124,18.3868,36.5087
1995,LT_LAU,OT,oth,512.789,438.353,770.974
1995,LT_ZEM,RC,pl,3882.5,5170.6,6021.76
1995,LT_ZEM,RC,be,44.5764,136.088,136.611
1995,LT_ZEM,RC,pls,2.14323,7.91507,4.76276
1995,LT_ZEM,RC,de,19.5698,72.909,57.7026
1995,LT_ZEM,RC,ru,0.123166,0.489639,0.45258
1995,LT_ZEM,RC,lt,304186,250569,554754
1995,LT_ZEM,RC,csb,11.4842,43.3859,24.3594
1995,LT_ZEM,RC,cs,2.39965,9.03993,4.67832
1995,LT_ZEM,RC,rom,207.406,250.084,342.481
1995,LT_ZEM,RC,oth,3.04188,11.1268,6.64426
1995,LT_ZEM,GC,pl,5.69303,23.141,12.0628
1995,LT_ZEM,GC,uk,70.3275,283.966,155.458
1995,LT_ZEM,GC,lt,1.26929,9.66456,10.9338
1995,LT_ZEM,GC,rue,4.48795,17.9305,9.99311
1995,LT_ZEM,OR,pl,52.1051,201.842,111.313
1995,LT_ZEM,OR,uk,123.721,487.998,269.974
1995,LT_ZEM,OR,be,141.999,520.963,340.743
1995,LT_ZEM,OR,pls,52.3055,188.428,111.779
1995,LT_ZEM,OR,ru,4100.64,4012.14,6239.32
1995,LT_ZEM,OR,lt,632.731,1111.78,1744.51
1995,LT_ZEM,OR,rue,0.215703,0.826753,0.468058
1995,LT_ZEM,OR,cs,1.42001,5.38733,2.81202
1995,LT_ZEM,JW,pl,37.6978,155.722,88.5738
1995,LT_ZEM,JW,yi,3162.05,6456.37,7742.15
1995,LT_ZEM,JW,de,5.17198,23.3503,21.09
1995,LT_ZEM,JW,ru,2.08953,9.00793,8.81172
1995,LT_ZEM,JW,lt,2502.11,10306.4,12808.5
1995,LT_ZEM,JH,pl,1.79139,5.67589,3.76391
1995,LT_ZEM,JH,yi,213.991,742.885,459.028
1995,LT_ZEM,PR,pl,6.381,26.2265,14.7431
1995,LT_ZEM,PR,de,2883.98,3717.97,4866.74
1995,LT_ZEM,PR,lt,4471.63,5411.66,9883.28
1995,LT_ZEM,PR,cs,0.286748,1.16523,0.617158
1995,LT_ZEM,PR,lv,3328.05,2029.65,3978.36
1995,LT_ZEM,OT,pl,6.98839,25.8983,21.1393
1995,LT_ZEM,OT,lt,266.662,449.905,716.567
1995,LT_ZEM,OT,kdr,0.87134,3.37076,3.39436
1995,LT_ZEM,OT,oth,605.816,530.826,919.228
1995,LT_SUV,RC,pl,5873.3,5986.94,8019.25
1995,LT_SUV,RC,be,721.782,309.384,839.07
1995,LT_SUV,RC,pls,2.37106,8.59819,5.24464
1995,LT_SUV,RC,de,19.0302,70.6648,51.9199
1995,LT_SUV,RC,ru,0.469437,0.557073,0.767762
1995,LT_SUV,RC,lt,245904,185604,431508
1995,LT_SUV,RC,csb,12.6559,47.115,26.851
1995,LT_SUV,RC,cs,2.57319,9.54606,5.04983
1995,LT_SUV,RC,rom,868.089,493.86,1034.9
1995,LT_SUV,RC,oth,3.30358,11.8856,7.13896
1995,LT_SUV,GC,pl,7.05333,28.6677,15.3754
1995,LT_SUV,GC,uk,79.6284,321.216,180.257
1995,LT_SUV,GC,lt,1.47679,11.7801,13.2569
1995,LT_SUV,GC,rue,5.00781,19.9628,11.3936
1995,LT_SUV,OR,pl,60.9661,232.175,129.021
1995,LT_SUV,OR,uk,136.239,529.919,300.513
1995,LT_SUV,OR,be,146.66,532.126,345.988
1995,LT_SUV,OR,pls,59.1879,209.154,125.934
1995,LT_SUV,OR,ru,3354.7,2929.91,4826.96
1995,LT_SUV,OR,lt,551.136,909.676,1460.81
1995,LT_SUV,OR,rue,0.240365,0.91314,0.524454
1995,LT_SUV,OR,cs,1.53477,5.76692,3.07695
1995,LT_SUV,JW,pl,47.2435,187.255,109.399
1995,LT_SUV,JW,yi,2797.26,4720.98,6007.16
1995,LT_SUV,JW,de,11.078,31.42,31.2629
1995,LT_SUV,JW,ru,1.85068,6.921,6.96192
1995,LT_SUV,JW,lt,2270.96,8052.81,10323.8
1995,LT_SUV,JH,pl,2.22903,6.96032,4.75845
1995,LT_SUV,JH,yi,217.979,725.319,446.201
1995,LT_SUV,PR,pl,9.94891,34.0499,21.1095
1995,LT_SUV,PR,de,8551.18,5778.34,10427.4
1995,LT_SUV,PR,lt,1235.93,2837.87,4073.8
1995,LT_SUV,PR,cs,0.317832,1.26228,0.682407
1995,LT_SUV,PR,lv,91.9353,359.443,338.512
1995,LT_SUV,OT,pl,8.46792,29.4654,24.4315
1995,LT_SUV,OT,lt,240.047,356.109,596.156
1995,LT_SUV,OT,kdr,0.582157,2.19735,2.18604
1995,LT_SUV,OT,oth,510.604,395.15,735.456
1995,LT_NEA,RC,pl,11124.3,7698.59,13449.9
1995,LT_NEA,RC,be,1394.16,515.865,1557.16
1995,LT_NEA,RC,pls,1.43152,5.27603,3.12652
1995,LT_NEA,RC,de,9.99727,37.2603,28.1264
1995,LT_NEA,RC,ru,7.16851,3.5118,8.02238
1995,LT_NEA,RC,lt,209214,161915,371128
1995,LT_NEA,RC,csb,7.5143,28.3168,15.7876
1995,LT_NEA,RC,cs,1.65048,6.21693,3.11648
1995,LT_NEA,RC,rom,29.6681,108.576,100.531
1995,LT_NEA,RC,oth,2.01565,7.34251,4.33806
1995,LT_NEA,GC,pl,4.77448,18.3831,9.51924
1995,LT_NEA,GC,uk,46.6881,178.266,97.0119
1995,LT_NEA,GC,lt,0.803749,5.3706,6.17435
1995,LT_NEA,GC,rue,2.9578,11.2073,6.23418
1995,LT_NEA,OR,pl,65.3098,187.804,117.23
1995,LT_NEA,OR,uk,85.871,335.027,179.623
1995,LT_NEA,OR,be,107.715,390.957,250.628
1995,LT_NEA,OR,pls,35.4866,126.652,74.1879
1995,LT_NEA,OR,ru,17923.4,9646.47,20834.6
1995,LT_NEA,OR,lt,2117.86,1893.82,4011.68
1995,LT_NEA,OR,rue,0.143801,0.546195,0.305021
1995,LT_NEA,OR,cs,0.991425,3.73248,1.88107
1995,LT_NEA,JW,pl,45.3519,147.19,96.7265
1995,LT_NEA,JW,yi,2870.56,4116.15,5562.02
1995,LT_NEA,JW,de,2.11599,9.3257,8.35204
1995,LT_NEA,JW,ru,10.0074,19.7051,23.2441
1995,LT_NEA,JW,lt,2054.13,6216.84,8270.96
1995,LT_NEA,JH,pl,1.90198,5.24097,3.72376
1995,LT_NEA,JH,yi,161.984,475.236,303.096
1995,LT_NEA,PR,pl,5.65995,21.8008,12.451
1995,LT_NEA,PR,de,668.597,1375.81,1494.82
1995,LT_NEA,PR,lt,5785.22,4336.47,10121.7
1995,LT_NEA,PR,cs,0.199968,0.787257,0.4074
1995,LT_NEA,PR,lv,4330.65,2130.13,4739.25
1995,LT_NEA,OT,pl,7.03987,21.0606,17.7526
1995,LT_NEA,OT,lt,203.091,281.353,484.444
1995,LT_NEA,OT,kdr,0.615969,2.33004,2.34776
1995,LT_NEA,OT,oth,488.462,351.183,675.184
1995,LT_KLA,RC,pl,460.465,1779.11,1189.04
1995,LT_KLA,RC,be,21.6541,66.7224,65.6935
1995,LT_KLA,RC,pls,1.22184,4.45896,2.48051
1995,LT_KLA,RC,de,466.83,455.423,667.193
1995,LT_KLA,RC,lt,35093.3,78586.7,113680
1995,LT_KLA,RC,csb,7.66142,28.5643,14.3551
1995,LT_KLA,RC,cs,1.37351,5.08806,2.44767
1995,LT_KLA,RC,rom,26.5169,98.5947,91.4129
1995,LT_KLA,RC,oth,1.84394,6.7199,3.67422
1995,LT_KLA,GC,pl,3.07421,11.8649,5.5599
1995,LT_KLA,GC,uk,40.6718,156.846,78.2107
1995,LT_KLA,GC,lt,0.582155,4.34098,4.92314
1995,LT_KLA,GC,rue,2.62141,10.0191,5.08636
1995,LT_KLA,OR,pl,26.2469,101.872,50.3819
1995,LT_KLA,OR,uk,69.1887,277.052,139.224
1995,LT_KLA,OR,be,71.8525,267.183,161.12
1995,LT_KLA,OR,pls,28.6177,103.38,55.1964
1995,LT_KLA,OR,ru,849.882,1552.21,1870.2
1995,LT_KLA,OR,lt,144.546,482.575,627.12
1995,LT_KLA,OR,rue,0.124016,0.474849,0.242114
1995,LT_KLA,OR,cs,0.79324,3.00353,1.43498
1995,LT_KLA,JW,pl,19.8365,74.4694,36.2994
1995,LT_KLA,JW,yi,400.445,1427.86,1451.52
1995,LT_KLA,JW,de,28.9074,231.761,195.381
1995,LT_KLA,JW,ru,0.686503,2.92682,2.86786
1995,LT_KLA,JW,lt,558.055,2816.56,3374.62
1995,LT_KLA,JH,pl,0.462247,2.46356,1.37686
1995,LT_KLA,JH,yi,68.559,266.302,139.18
1995,LT_KLA,PR,pl,3.34946,13.1982,6.39739
1995,LT_KLA,PR,de,20068,20826.4,29865.4
1995,LT_KLA,PR,lt,17789.5,13308.5,31097.9
1995,LT_KLA,PR,cs,0.166339,0.635324,0.313423
1995,LT_KLA,PR,lv,71.8147,276.707,262.697
1995,LT_KLA,OT,pl,3.16915,11.8804,9.1567
1995,LT_KLA,OT,lt,149.968,374.955,524.923
1995,LT_KLA,OT,kdr,0.422163,1.60536,1.61782
1995,LT_KLA,OT,oth,343.658,431.067,631.355
2000,WAW,RC,pl,97835.7,1.55817e+06,1.656e+06
2000,WAW,RC,uk,7.59249,60.8749,51.2567
2000,WAW,RC,be,247.323,2416.8,2209.27
2000,WAW,RC,pls,96.9189,972.968,884.448
2000,WAW,RC,de,352.366,4100.04,3450.69
2000,WAW,RC,ru,0.459536,4.28555,3.81424
2000,WAW,RC,lt,2071.36,21497.8,12476.3
2000,WAW,RC,csb,569.891,6269.65,5850.48
2000,WAW,RC,cs,111.215,1101.31,894.643
2000,WAW,RC,rom,277.564,3196.19,2702.8
2000,WAW,RC,wym,0.80464,7.97352,7.67129
2000,WAW,RC,oth,113.333,1300.51,1212.87
2000,WAW,GC,pl,1323.97,22505.1,23829.1
2000,WAW,GC,uk,6963.67,86771.9,72871.5
2000,WAW,GC,rue,239.578,2958.9,2596.43
2000,WAW,OR,pl,9733.16,141513,151246
2000,WAW,OR,uk,12043.2,135173,110353
2000,WAW,OR,be,4584.65,50090.3,44230.7
2000,WAW,OR,pls,2412.13,22663.7,20598.7
2000,WAW,OR,ru,804.566,11936.1,9998.65
2000,WAW,OR,lt,5.99734,47.5937,21.5238
2000,WAW,OR,rue,11.2645,137.668,119.082
2000,WAW,OR,cs,70.3767,762.729,597.43
2000,WAW,JW,pl,6967.32,181515,188482
2000,WAW,JW,yi,2577.65,46070.3,40922.5
2000,WAW,JW,de,10.18,131.276,103.941
2000,WAW,JW,ru,1.77601,29.889,25.2601
2000,WAW,JW,lt,63.2675,526.824,252.31
2000,WAW,JH,pl,130.678,3400.87,3531.54
2000,WAW,JH,yi,6121.05,141037,100031
2000,WAW,PR,pl,1189.81,31767.1,32956.9
2000,WAW,PR,de,1351.98,17713,14193.2
2000,WAW,PR,lt,33.7476,329.514,160.197
2000,WAW,PR,cs,12.9572,152.506,123.342
2000,WAW,PR,lv,21.2159,246.055,130.135
2000,WAW,OT,pl,467.65,9992.58,10460.2
2000,WAW,OT,lt,2.97441,23.849,10.6939
2000,WAW,OT,kdr,1.50392,19.9518,17.4106
2000,WAW,OT,oth,54.9546,1743.88,870.546
2000,WAR,RC,pl,1.18857e+06,1.32618e+06,2.51474e+06
2000,WAR,RC,uk,3.69949,14.2904,13.3104
2000,WAR,RC,be,227.944,700.708,765.255
2000,WAR,RC,pls,92.6855,315.336,332.496
2000,WAR,RC,de,2238.32,3094.64,3989.39
2000,WAR,RC,ru,0.418132,1.51551,1.52703
2000,WAR,RC,lt,1849.25,7124.42,4723.98
2000,WAR,RC,csb,1040.15,3612.78,3920.84
2000,WAR,RC,cs,114.092,408.437,378.349
2000,WAR,RC,rom,1807.9,2199.05,3065.66
2000,WAR,RC,wym,0.998664,3.07653,3.55169
2000,WAR,RC,oth,2444.55,1980.49,3670.14
2000,WAR,GC,pl,1701.39,7434.6,9135.99
2000,WAR,GC,uk,5871.27,20854.6,20459.3
2000,WAR,GC,rue,283.787,1102.54,1110.16
2000,WAR,OR,pl,12856.2,47958,60814.2
2000,WAR,OR,uk,9347.15,31928.4,30993.2
2000,WAR,OR,be,4246.79,14460.2,15069.6
2000,WAR,OR,pls,2363.2,7311.06,7890.2
2000,WAR,OR,ru,5179.89,6458.82,9079.71
2000,WAR,OR,lt,4.0919,15.4969,7.8537
2000,WAR,OR,rue,13.3948,48.6784,49.5232
2000,WAR,OR,cs,76.2506,273.339,249.62
2000,WAR,JW,pl,15885.4,82431.8,98317.2
2000,WAR,JW,yi,8643.13,20172,23226.7
2000,WAR,JW,de,25.0639,97.2174,89.5877
2000,WAR,JW,ru,2.4762,10.172,9.88138
2000,WAR,JW,lt,42.1549,169.567,89.0302
2000,WAR,JH,pl,679.023,2416.14,3095.17
2000,WAR,JH,yi,26439.3,85263.5,72634.8
2000,WAR,PR,pl,12047.7,17586.2,29633.9
2000,WAR,PR,de,16784.5,19012.9,26429.6
2000,WAR,PR,lt,27.3135,110.973,60.1106
2000,WAR,PR,cs,14.0558,53.9721,50.2518
2000,WAR,PR,lv,21.8808,87.9656,53.2318
2000,WAR,OT,pl,1312.81,3168.44,4481.26
2000,WAR,OT,lt,2.01802,7.92085,3.93444
2000,WAR,OT,kdr,1.82745,7.04933,7.12941
2000,WAR,OT,oth,337.71,600.269,644.831
2000,LOD,RC,pl,1.01184e+06,1.63444e+06,2.64628e+06
2000,LOD,RC,uk,6.87053,25.7141,24.2744
2000,LOD,RC,be,418.626,1246.44,1374.74
2000,LOD,RC,pls,168.533,552.345,590.558
2000,LOD,RC,de,4231.64,7560.71,9015.46
2000,LOD,RC,ru,0.706286,2.46704,2.52247
2000,LOD,RC,lt,3331.65,12496.7,8474.18
2000,LOD,RC,csb,1460.69,4966.88,5442.72
2000,LOD,RC,cs,204.313,706.51,664.553
2000,LOD,RC,rom,1382.38,2778.64,3216.84
2000,LOD,RC,wym,1.9603,5.88869,6.85713
2000,LOD,RC,oth,2763.34,2950.6,4817.66
2000,LOD,GC,pl,2981.01,12599.4,15580.4
2000,LOD,GC,uk,9677.25,36218.2,35601.6
2000,LOD,GC,rue,541.743,1967.62,2033.41
2000,LOD,OR,pl,21949.7,81550,103500
2000,LOD,OR,uk,15279.8,55862.1,53357.7
2000,LOD,OR,be,7631.25,25192.8,26446.3
2000,LOD,OR,pls,4178.45,12460.6,13566.9
2000,LOD,OR,ru,2667.15,6709.09,7291.23
2000,LOD,OR,lt,7.09758,26.1414,13.3404
2000,LOD,OR,rue,23.9728,84.9444,86.9485
2000,LOD,OR,cs,133.795,465.893,428.914
2000,LOD,JW,pl,21348.2,146983,168331
2000,LOD,JW,yi,10336,35801.5,37876.7
2000,LOD,JW,de,60.8466,616.185,513.633
2000,LOD,JW,ru,3.23981,13.7525,13.2476
2000,LOD,JW,lt,76.0294,294.822,159.164
2000,LOD,JH,pl,732.756,3510.47,4243.22
2000,LOD,JH,yi,29061.4,140837,113287
2000,LOD,PR,pl,33555.3,51440.6,84996
2000,LOD,PR,de,32040,55814.4,66043.4
2000,LOD,PR,lt,46.7595,189.472,105.528
2000,LOD,PR,cs,25.3648,95.7476,89.3601
2000,LOD,PR,lv,39.0313,155.288,95.3332
2000,LOD,OT,pl,1670.8,5236.25,6907.05
2000,LOD,OT,lt,3.56383,13.5948,6.90797
2000,LOD,OT,kdr,3.36712,12.6276,12.8643
2000,LOD,OT,oth,314.976,1049.21,840.425
2000,KIE,RC,pl,1.59794e+06,1.79269e+06,3.39063e+06
2000,KIE,RC,uk,5.19641,19.7423,18.5614
2000,KIE,RC,be,291.545,893.795,976.977
2000,KIE,RC,pls,120.078,401.765,426.588
2000,KIE,RC,de,1179.88,2808.1,3021.9
2000,KIE,RC,ru,0.509368,1.81553,1.8437
2000,KIE,RC,lt,2386.69,8899.41,5978.12
2000,KIE,RC,csb,981.078,3358.87,3661.73
2000,KIE,RC,cs,158.981,556.179,520.094
2000,KIE,RC,rom,2251.48,2882.86,3928.11
2000,KIE,RC,wym,1.8705,5.74975,6.65381
2000,KIE,RC,oth,2375.05,2135.86,3729.8
2000,KIE,GC,pl,2532.76,11311.8,13844.6
2000,KIE,GC,uk,7762.78,30692,29564.1
2000,KIE,GC,rue,497.372,1909.52,1934.72
2000,KIE,OR,pl,15603.9,62116.3,77720.2
2000,KIE,OR,uk,12335.1,44539.7,42254.2
2000,KIE,OR,be,5725.17,18742.8,19550
2000,KIE,OR,pls,3135.1,9364.49,10144.7
2000,KIE,OR,ru,3328.66,5949.07,7108.89
2000,KIE,OR,lt,5.33998,19.8171,10.0824
2000,KIE,OR,rue,21.9622,75.4874,76.9596
2000,KIE,OR,cs,111.71,385.837,351.413
2000,KIE,JW,pl,22117.7,124374,146491
2000,KIE,JW,yi,12908,31864.6,36062.5
2000,KIE,JW,de,15.4159,72.2899,63.6323
2000,KIE,JW,ru,2.43733,10.7144,10.1492
2000,KIE,JW,lt,53.1327,222.556,116.821
2000,KIE,JH,pl,995.357,3433.32,4428.67
2000,KIE,JH,yi,39395.6,132677,111351
2000,KIE,PR,pl,3051.56,11772,14823.5
2000,KIE,PR,de,5910.93,11848.1,13020.5
2000,KIE,PR,lt,32.8505,137.666,74.5739
2000,KIE,PR,cs,19.0971,75.7089,69.4565
2000,KIE,PR,lv,27.4861,113.945,68.1202
2000,KIE,OT,pl,1724.44,4415.65,6140.09
2000,KIE,OT,lt,2.52823,10.123,5.04106
2000,KIE,OT,kdr,2.38453,9.42788,9.46152
2000,KIE,OT,oth,431.383,861.675,870.166
2000,LUB,RC,pl,1.45656e+06,1.51262e+06,2.96919e+06
2000,LUB,RC,uk,9.53274,35.5363,33.0386
2000,LUB,RC,be,629.418,1014.73,1337.65
2000,LUB,RC,pls,135.158,424.358,451.251
2000,LUB,RC,de,1373.31,2249.28,2627.51
2000,LUB,RC,ru,0.542575,1.74267,1.78414
2000,LUB,RC,lt,2199.51,7697.39,5087.33
2000,LUB,RC,csb,719.989,2314.73,2517.83
2000,LUB,RC,cs,199.771,648.161,607.287
2000,LUB,RC,rom,1902.86,2339.3,3133.16
2000,LUB,RC,wym,1.18616,3.54268,4.09483
2000,LUB,RC,oth,182.326,545.048,604.274
2000,LUB,GC,pl,4644.69,13776.7,18421.4
2000,LUB,GC,uk,33885.5,64322.1,73807.2
2000,LUB,GC,rue,414.463,1503.76,1530.54
2000,LUB,OR,pl,195300,175307,370607
2000,LUB,OR,uk,124722,135179,181430
2000,LUB,OR,be,7913.76,19323.9,21104.7
2000,LUB,OR,pls,4048.68,10532.9,11557.3
2000,LUB,OR,ru,6293.37,7305.72,9906.57
2000,LUB,OR,lt,5.54921,17.8601,9.06059
2000,LUB,OR,rue,29.0194,81.2243,84.7988
2000,LUB,OR,cs,161.435,459.355,426.486
2000,LUB,JW,pl,19831.4,87682.6,107514
2000,LUB,JW,yi,11933.8,24412.6,28941
2000,LUB,JW,de,13.5053,53.3301,48.3418
2000,LUB,JW,ru,2.56008,10.2529,9.91268
2000,LUB,JW,lt,44.1805,186.869,93.9875
2000,LUB,JH,pl,875.408,2678.05,3553.46
2000,LUB,JH,yi,36175.8,98435,85671.8
2000,LUB,PR,pl,12863,18633.7,31496.7
2000,LUB,PR,de,7128.12,11191,13316.2
2000,LUB,PR,lt,27.1248,117.016,61.2971
2000,LUB,PR,cs,21.4173,88.0177,80.3257
2000,LUB,PR,lv,22.494,96.1622,55.4218
2000,LUB,OT,pl,1902.04,4223.88,6125.93
2000,LUB,OT,lt,2.17062,8.81838,4.20993
2000,LUB,OT,kdr,2.07994,8.2842,8.262
2000,LUB,OT,oth,73.4656,461.768,298.857
2000,BIA,RC,pl,613740,785531,1.39927e+06
2000,BIA,RC,uk,3.29874,12.7744,11.8249
2000,BIA,RC,be,5633.05,3971.54,7850.27
2000,BIA,RC,pls,89.6568,304.911,319.997
2000,BIA,RC,de,579.727,1222.91,1337.95
2000,BIA,RC,ru,10.9942,9.42434,15.8779
2000,BIA,RC,lt,8418.59,13147.4,13288.1
2000,BIA,RC,csb,454.784,1613.07,1727.34
2000,BIA,RC,cs,96.9073,346.513,318.633
2000,BIA,RC,rom,760.888,1250.69,1518.95
2000,BIA,RC,wym,0.663752,2.06197,2.36602
2000,BIA,RC,oth,338.583,505.823,697.664
2000,BIA,GC,pl,1207.6,5426.82,6634.41
2000,BIA,GC,uk,4039.33,16176.4,15415.8
2000,BIA,GC,rue,201.504,786.994,788.387
2000,BIA,OR,pl,182452,183944,366396
2000,BIA,OR,uk,10822.7,30319.3,30296
2000,BIA,OR,be,139691,106040,190593
2000,BIA,OR,pls,2536,7583.22,8164.68
2000,BIA,OR,ru,24474.9,21037.4,34691.2
2000,BIA,OR,lt,8.92542,23.8567,15.2722
2000,BIA,OR,rue,10.9,37.9484,38.3344
2000,BIA,OR,cs,69.5707,240.405,216.98
2000,BIA,JW,pl,12231.9,63667.3,75899.2
2000,BIA,JW,yi,8282,19631.8,22187.9
2000,BIA,JW,de,8.39971,35.8214,31.3995
2000,BIA,JW,ru,11.8518,38.175,39.2009
2000,BIA,JW,lt,53.8715,223.843,122.922
2000,BIA,JH,pl,565.747,1763.42,2329.16
2000,BIA,JH,yi,24624.9,75477,64099.9
2000,BIA,PR,pl,3252.04,7294.54,10546.6
2000,BIA,PR,de,3491.46,6371.98,7100.83
2000,BIA,PR,lt,32.612,139.688,77.1327
2000,BIA,PR,cs,11.6513,47.2159,42.8166
2000,BIA,PR,lv,24.8538,105.869,63.4951
2000,BIA,OT,pl,2260.35,3628.47,5888.82
2000,BIA,OT,lt,2.50595,9.83622,5.01084
2000,BIA,OT,kdr,1.9346,7.62815,7.64165
2000,BIA,OT,oth,240.167,453.711,470.772
2000,WIL,RC,pl,342547,475666,818212
2000,WIL,RC,uk,1.7476,6.85577,6.28691
2000,WIL,RC,be,10644.1,7024.31,14360.8
2000,WIL,RC,pls,80.1921,190.685,218.626
2000,WIL,RC,de,172.093,537.765,527.853
2000,WIL,RC,ru,28.0288,24.2431,40.5626
2000,WIL,RC,lt,29959.7,32121.3,41536.4
2000,WIL,RC,csb,227.223,844.657,892.521
2000,WIL,RC,cs,52.4004,195.86,176.921
2000,WIL,RC,rom,549.95,828.663,1037.39
2000,WIL,RC,wym,0.346743,1.10985,1.26402
2000,WIL,RC,oth,367.862,441.458,662.812
2000,WIL,GC,pl,581.954,2658.87,3240.83
2000,WIL,GC,uk,1868.2,7723.69,7304.01
2000,WIL,GC,rue,100.228,406.468,403.631
2000,WIL,OR,pl,113276,132496,245772
2000,WIL,OR,uk,3765.03,14423.9,13412.1
2000,WIL,OR,be,152216,124918,215502
2000,WIL,OR,pls,3871.83,5886.34,7810.44
2000,WIL,OR,ru,23020.3,22014.1,34539.6
2000,WIL,OR,lt,45.3648,62.1702,64.2374
2000,WIL,OR,rue,5.23477,19.5746,19.536
2000,WIL,OR,cs,36.2967,134.421,119.271
2000,WIL,JW,pl,5611.18,28839.1,34450.3
2000,WIL,JW,yi,4076.95,10301.4,11357.5
2000,WIL,JW,de,3.37977,14.8302,12.6415
2000,WIL,JW,ru,8.88612,32.0786,32.2613
2000,WIL,JW,lt,84.0376,316.502,201.047
2000,WIL,JH,pl,250.689,906.582,1157.27
2000,WIL,JH,yi,11359.5,35211.9,30025.2
2000,WIL,PR,pl,1482.38,3663.11,5145.49
2000,WIL,PR,de,858.548,2601.8,2453.76
2000,WIL,PR,lt,38.9114,172.453,98.9198
2000,WIL,PR,cs,6.24248,25.9937,23.4483
2000,WIL,PR,lv,23.2074,102.279,62.3361
2000,WIL,OT,pl,1976.83,3075.73,5052.56
2000,WIL,OT,lt,3.91289,13.116,7.7408
2000,WIL,OT,kdr,62.939,84.2516,119.858
2000,WIL,OT,oth,205.095,359.353,394.255
2000,NOW,RC,pl,311726,368094,679820
2000,NOW,RC,uk,2.17035,8.36116,7.63242
2000,NOW,RC,be,6920.66,4616,9147.74
2000,NOW,RC,pls,51.6391,172.476,179.189
2000,NOW,RC,de,124.119,442.472,415.649
2000,NOW,RC,ru,4.52066,4.40958,6.69318
2000,NOW,RC,lt,1649.04,4417.01,3199.87
2000,NOW,RC,csb,200.396,699.664,740.113
2000,NOW,RC,cs,63.7892,223.32,202.09
2000,NOW,RC,rom,703.605,824.563,1117.85
2000,NOW,RC,wym,0.313371,0.948323,1.08643
2000,NOW,RC,oth,50.5316,165.505,177.931
2000,NOW,GC,pl,645.615,2788.34,3433.95
2000,NOW,GC,uk,2207.71,8687.83,8225.56
2000,NOW,GC,rue,102.313,394.515,392.547
2000,NOW,OR,pl,294316,226675,520990
2000,NOW,OR,uk,5652.43,17828,16784.5
2000,NOW,OR,be,365290,225360,426804
2000,NOW,OR,pls,1675.03,4603.73,4939.95
2000,NOW,OR,ru,12509.9,9573.26,15744.3
2000,NOW,OR,lt,3.15561,10.4081,5.21072
2000,NOW,OR,rue,6.89008,20.9198,21.2128
2000,NOW,OR,cs,51.9857,159.109,142.505
2000,NOW,JW,pl,6092.58,22330.6,28423.2
2000,NOW,JW,yi,4678.82,7752.01,9642.17
2000,NOW,JW,de,2.65655,11.604,9.89911
2000,NOW,JW,ru,3.57115,9.20781,9.76069
2000,NOW,JW,lt,22.8951,97.0019,46.5903
2000,NOW,JH,pl,277.897,747.694,1025.59
2000,NOW,JH,yi,12842.6,27152.7,24915.3
2000,NOW,PR,pl,1791.03,3386.21,5177.23
2000,NOW,PR,de,433.195,1831.15,1600.95
2000,NOW,PR,lt,14.2973,61.5603,31.5637
2000,NOW,PR,cs,7.11639,29.2696,26.3268
2000,NOW,PR,lv,12.2448,52.204,29.1744
2000,NOW,OT,pl,1498.2,2111.87,3610.07
2000,NOW,OT,lt,1.12423,4.58593,2.09982
2000,NOW,OT,kdr,0.961248,3.81899,3.77722
2000,NOW,OT,oth,25.7212,151.787,96.8903
2000,POL,RC,pl,239644,342703,582347
2000,POL,RC,uk,4.69307,15.5872,14.4206
2000,POL,RC,be,1554.06,1446.54,2297.5
2000,POL,RC,pls,7685.78,5089.45,9405.25
2000,POL,RC,de,219.009,649.594,621.305
2000,POL,RC,ru,2.65673,2.95547,4.044
2000,POL,RC,lt,1348.17,4147.13,2628.78
2000,POL,RC,csb,351.066,1027.83,1109.81
2000,POL,RC,cs,100.18,295.978,271.999
2000,POL,RC,rom,557.672,825.896,975.547
2000,POL,RC,wym,0.519252,1.43435,1.65647
2000,POL,RC,oth,309.572,398.872,546.323
2000,POL,GC,pl,1258,4295.81,5553.81
2000,POL,GC,uk,5861.63,18490.2,17757.2
2000,POL,GC,rue,195.985,610.86,617.229
2000,POL,OR,pl,572447,503674,1.07612e+06
2000,POL,OR,uk,78036.7,81696.1,106854
2000,POL,OR,be,71778.9,60325,94129.1
2000,POL,OR,pls,606410,388082,722148
2000,POL,OR,ru,15726.1,14017.2,20727.6
2000,POL,OR,lt,3.28076,10.7932,5.09382
2000,POL,OR,rue,10.8566,31.906,32.2237
2000,POL,OR,cs,71.2238,211.968,188.772
2000,POL,JW,pl,5816.41,30302.6,36119
2000,POL,JW,yi,4077.56,10965.6,11719.8
2000,POL,JW,de,3.53294,16.3527,13.9102
2000,POL,JW,ru,4.20876,16.5651,16.2418
2000,POL,JW,lt,23.6067,103.342,47.0697
2000,POL,JH,pl,260.568,1072.74,1333.3
2000,POL,JH,yi,11790.1,42058.9,33422.2
2000,POL,PR,pl,3914.86,7160.8,11075.7
2000,POL,PR,de,624.706,2576.29,2262.85
2000,POL,PR,lt,15.1416,63.8062,30.8025
2000,POL,PR,cs,9.60549,38.6492,34.6376
2000,POL,PR,lv,12.5026,51.9277,27.7601
2000,POL,OT,pl,2966.11,4145.72,7111.83
2000,POL,OT,lt,1.32464,5.05401,2.25181
2000,POL,OT,kdr,1.13334,4.06603,4.01586
2000,POL,OT,oth,200.673,329.909,357.595
2000,WOL,RC,pl,385270,510735,896005
2000,WOL,RC,uk,927.441,731.491,1066.68
2000,WOL,RC,be,254.494,557.183,639.502
2000,WOL,RC,pls,88.606,263.343,273.861
2000,WOL,RC,de,2799.3,2795.62,3670.67
2000,WOL,RC,ru,0.570913,1.48521,1.53159
2000,WOL,RC,lt,1392.48,4508.3,2747.67
2000,WOL,RC,csb,388.654,1188.74,1265.1
2000,WOL,RC,cs,11514.7,8120.12,12485.7
2000,WOL,RC,rom,1401.43,1589.71,2073.76
2000,WOL,RC,wym,0.632266,1.8327,2.08243
2000,WOL,RC,oth,991.945,949.299,1467.85
2000,WOL,GC,pl,2144.48,8098.58,10243.1
2000,WOL,GC,uk,26029.7,84192.4,79894.3
2000,WOL,GC,rue,300.556,958.88,962.576
2000,WOL,OR,pl,67230,93355.7,160586
2000,WOL,OR,uk,1.72724e+06,1.29424e+06,1.98235e+06
2000,WOL,OR,be,5760.63,13246.6,14311.6
2000,WOL,OR,pls,2429.23,6818.25,7174.46
2000,WOL,OR,ru,21064.5,18185.1,27414.9
2000,WOL,OR,lt,3.45088,11.5207,5.18554
2000,WOL,OR,rue,19.3771,57.5661,57.972
2000,WOL,OR,cs,11677.2,8355.71,12302.8
2000,WOL,JW,pl,9957.33,49530.4,59487.7
2000,WOL,JW,yi,8016.88,18539.3,20523.8
2000,WOL,JW,de,27.5352,78.9031,75.1098
2000,WOL,JW,ru,7.1791,22.2567,22.673
2000,WOL,JW,lt,25.9553,113.701,50.2372
2000,WOL,JH,pl,504.825,1759.3,2264.12
2000,WOL,JH,yi,23304.3,70460.4,57637.8
2000,WOL,PR,pl,7216.68,12445.5,19662.2
2000,WOL,PR,de,15359,18540.2,23563.4
2000,WOL,PR,lt,15.4354,67.6808,31.2822
2000,WOL,PR,cs,1334.64,1272.49,1807.28
2000,WOL,PR,lv,12.9775,56.551,28.5884
2000,WOL,OT,pl,13371.9,16006.8,29378.6
2000,WOL,OT,lt,1.32013,5.37738,2.28252
2000,WOL,OT,kdr,11.2315,16.2466,21.2809
2000,WOL,OT,oth,592.755,766.074,976.005
2000,POZ,RC,pl,835195,1.32256e+06,2.15775e+06
2000,POZ,RC,uk,4.617,17.358,16.4109
2000,POZ,RC,be,280.252,859.625,944.567
2000,POZ,RC,pls,112.98,381.339,405.95
2000,POZ,RC,de,7300.04,8504.03,12133.9
2000,POZ,RC,ru,0.476245,1.68112,1.71793
2000,POZ,RC,lt,2249,8626.15,5803.69
2000,POZ,RC,csb,1299.62,4556.03,4985.12
2000,POZ,RC,cs,138.032,489.367,459.471
2000,POZ,RC,rom,592.216,1695.75,1775.39
2000,POZ,RC,wym,1.40379,4.285,4.98671
2000,POZ,RC,oth,203.134,665.894,738.474
2000,POZ,GC,pl,1970.23,8789.86,10760.1
2000,POZ,GC,uk,6240.64,24450.1,23775.4
2000,POZ,GC,rue,370.757,1415.27,1445.47
2000,POZ,OR,pl,12284.4,54616.7,66901.1
2000,POZ,OR,uk,9775.01,37785,35819.1
2000,POZ,OR,be,4953.97,17341,18036.6
2000,POZ,OR,pls,2741.37,8573.49,9258.9
2000,POZ,OR,ru,1084.97,4018.61,3951.65
2000,POZ,OR,lt,4.86605,18.3433,9.32633
2000,POZ,OR,rue,15.3875,58.2054,59.0043
2000,POZ,OR,cs,87.9877,323.989,296.083
2000,POZ,JW,pl,11349.1,50578.7,61927.7
2000,POZ,JW,yi,2968.75,8645.08,9365.34
2000,POZ,JW,de,40.6442,167.273,151.987
2000,POZ,JW,ru,2.10214,7.50458,7.4282
2000,POZ,JW,lt,54.3009,204.14,109.567
2000,POZ,JH,pl,213.132,1114.27,1327.4
2000,POZ,JH,yi,7020.07,27040.1,22223.1
2000,POZ,PR,pl,20790.8,33371,54161.9
2000,POZ,PR,de,53111.3,59809.4,84896.1
2000,POZ,PR,lt,34.187,135.825,74.8435
2000,POZ,PR,cs,17.4446,65.2157,61.4099
2000,POZ,PR,lv,27.0085,106.066,65.2275
2000,POZ,OT,pl,2834.7,5156.61,7991.31
2000,POZ,OT,lt,2.53334,9.51964,4.82712
2000,POZ,OT,kdr,2.28583,8.61713,8.80375
2000,POZ,OT,oth,80.1667,688.219,388.897
2000,POM,RC,pl,508729,836396,1.34512e+06
2000,POM,RC,uk,3.97976,14.6774,13.8864
2000,POM,RC,be,238.633,700.783,776.644
2000,POM,RC,pls,94.9115,307.627,329.548
2000,POM,RC,de,5101.76,5735.49,8233.63
2000,POM,RC,ru,0.401027,1.38353,1.41456
2000,POM,RC,lt,1929.97,7081.59,4715.2
2000,POM,RC,csb,85689.3,42441,107090
2000,POM,RC,cs,114.58,390.012,367.991
2000,POM,RC,rom,481.562,1318.18,1390.37
2000,POM,RC,wym,1.07489,3.13937,3.68893
2000,POM,RC,oth,609.253,879.513,1259.75
2000,POM,GC,pl,1584.59,6705.38,8289.97
2000,POM,GC,uk,5300.72,19920.9,19584.4
2000,POM,GC,rue,289.021,1056.55,1091.36
2000,POM,OR,pl,10295.8,43322.4,53618.2
2000,POM,OR,uk,8523.32,31415.3,29884.3
2000,POM,OR,be,4285.83,14320.7,14958
2000,POM,OR,pls,2320.66,6965.13,7564.41
2000,POM,OR,ru,927.83,3254.92,3213.5
2000,POM,OR,lt,4.25373,15.6923,7.79403
2000,POM,OR,rue,12.8736,46.1007,47.0026
2000,POM,OR,cs,73.7377,259.091,237.433
2000,POM,JW,pl,8868.96,38227.6,47096.6
2000,POM,JW,yi,2483.91,7080.04,7677.19
2000,POM,JW,de,32.476,131.659,120.332
2000,POM,JW,ru,1.70849,6.14356,6.05675
2000,POM,JW,lt,45.5831,171.127,89.6941
2000,POM,JH,pl,177.133,880.853,1057.99
2000,POM,JH,yi,6032.16,22338.4,18320.4
2000,POM,PR,pl,12437.7,19978.3,32416
2000,POM,PR,de,34598,37948.4,54159.8
2000,POM,PR,lt,29.4625,114.596,61.5705
2000,POM,PR,cs,14.1374,51.5027,48.5423
2000,POM,PR,lv,22.4077,85.5957,51.5412
2000,POM,OT,pl,609.073,2425.06,3034.14
2000,POM,OT,lt,2.17637,8.07184,3.99494
2000,POM,OT,kdr,1.86925,6.82084,6.98828
2000,POM,OT,oth,67.2894,498.484,294.286
2000,SLA,RC,pl,690549,1.07487e+06,1.76542e+06
2000,SLA,RC,uk,7.41212,26.1003,24.9752
2000,SLA,RC,be,340.209,939.329,1057.63
2000,SLA,RC,pls,144.28,435.545,475.81
2000,SLA,RC,de,18978.5,15616.6,26805.3
2000,SLA,RC,ru,0.565647,1.8138,1.89354
2000,SLA,RC,lt,2638.56,9184.01,6259.41
2000,SLA,RC,csb,1131.11,3569.09,3991.24
2000,SLA,RC,cs,189.737,604.334,580.712
2000,SLA,RC,rom,783.985,2041.12,2194.57
2000,SLA,RC,wym,2.65825,7.13577,8.6074
2000,SLA,RC,oth,513.354,910.333,1209.38
2000,SLA,GC,pl,3328.36,13528.8,16857.1
2000,SLA,GC,uk,11702.9,41481.3,41282.8
2000,SLA,GC,rue,670.337,2286.81,2399.24
2000,SLA,OR,pl,14989.2,60596.2,75585.4
2000,SLA,OR,uk,15089.1,53135.3,51586.6
2000,SLA,OR,be,5973.65,18925.9,20208.3
2000,SLA,OR,pls,3404.55,9661.49,10708.2
2000,SLA,OR,ru,1288.65,4311.03,4353.18
2000,SLA,OR,lt,5.5432,19.4966,9.95408
2000,SLA,OR,rue,25.2499,85.598,89.5017
2000,SLA,OR,cs,118.573,395.621,371.057
2000,SLA,JW,pl,15904.9,64692.9,80597.8
2000,SLA,JW,yi,4231.83,11000.5,12313.2
2000,SLA,JW,de,37.3835,144.472,134.988
2000,SLA,JW,ru,2.58978,8.41737,8.51029
2000,SLA,JW,lt,63.3406,219.656,118.42
2000,SLA,JH,pl,283.978,1353.5,1637.48
2000,SLA,JH,yi,9863.42,34458.3,29013.8
2000,SLA,PR,pl,28058.3,27739.9,55798.2
2000,SLA,PR,de,10443.3,18785.7,21990.9
2000,SLA,PR,lt,37.6675,136.525,76.2378
2000,SLA,PR,cs,24.0799,80.1829,77.3582
2000,SLA,PR,lv,31.1307,109.966,68.1575
2000,SLA,OT,pl,3640.02,5297.55,8937.56
2000,SLA,OT,lt,2.87417,10.0968,5.15968
2000,SLA,OT,kdr,2.85629,9.49536,10.0187
2000,SLA,OT,oth,330.105,966.908,774.554
2000,KRA,RC,pl,942140,1.17827e+06,2.12041e+06
2000,KRA,RC,uk,4.30629,16.701,15.5463
2000,KRA,RC,be,204.663,633.003,691.738
2000,KRA,RC,pls,88.9378,303.756,320.592
2000,KRA,RC,de,1902.28,2756.37,3519.98
2000,KRA,RC,ru,0.347009,1.25069,1.26279
2000,KRA,RC,lt,1605.13,6201.44,4113.26
2000,KRA,RC,csb,611.575,2174.87,2344.89
2000,KRA,RC,cs,122.96,441.069,409.213
2000,KRA,RC,rom,2930.62,3101.92,4651.49
2000,KRA,RC,wym,128.979,60.7517,166.642
2000,KRA,RC,oth,651.579,853.208,1262.09
2000,KRA,GC,pl,18233.5,23991.6,42225.1
2000,KRA,GC,uk,7184.48,28939.3,27883
2000,KRA,GC,rue,34588,21626.7,44230.2
2000,KRA,OR,pl,9864.93,43755.8,53620.7
2000,KRA,OR,uk,9241.13,35804.2,33721.3
2000,KRA,OR,be,3750.79,13196.8,13635.8
2000,KRA,OR,pls,2205.33,6968.52,7488.84
2000,KRA,OR,ru,833.782,3088.26,3017.56
2000,KRA,OR,lt,3.49575,13.4235,6.71419
2000,KRA,OR,rue,23.9137,89.5318,90.1638
2000,KRA,OR,cs,80.2293,296.751,268.776
2000,KRA,JW,pl,13382.3,75608.7,88990.9
2000,KRA,JW,yi,5499.97,14769.3,16402.9
2000,KRA,JW,de,9.70262,42.0693,37.5835
2000,KRA,JW,ru,1.52515,6.09421,5.87179
2000,KRA,JW,lt,37.7404,150.655,79.3233
2000,KRA,JH,pl,435.042,2094.5,2529.54
2000,KRA,JH,yi,16531.6,61627.5,51525.2
2000,KRA,PR,pl,1866.05,7732.92,9598.98
2000,KRA,PR,de,2842.52,6971.31,7262.55
2000,KRA,PR,lt,22.8184,93.5847,51.3052
2000,KRA,PR,cs,15.2847,59.4099,55.1753
2000,KRA,PR,lv,19.1031,77.7457,47.038
2000,KRA,OT,pl,612.568,2592.77,3205.34
2000,KRA,OT,lt,1.75548,6.85568,3.43745
2000,KRA,OT,kdr,1.763,6.80214,6.91559
2000,KRA,OT,oth,66.0721,429.437,278.621
2000,LWO,RC,pl,693066,1.08257e+06,1.77564e+06
2000,LWO,RC,uk,26.0482,101.598,93.8226
2000,LWO,RC,be,267.98,843.753,914.098
2000,LWO,RC,pls,129.888,451.554,472.967
2000,LWO,RC,de,1663.46,2700.41,3268.36
2000,LWO,RC,ru,0.460071,1.66837,1.67642
2000,LWO,RC,lt,1981.22,7745.52,4992.74
2000,LWO,RC,csb,635.907,2322.02,2478.82
2000,LWO,RC,cs,252.29,915.42,845.458
2000,LWO,RC,rom,2605.3,3205.66,4466.59
2000,LWO,RC,wym,1.48105,4.57674,5.26894
2000,LWO,RC,oth,1636.17,1630.37,2710.77
2000,LWO,GC,pl,103544,105286,208831
2000,LWO,GC,uk,592020,492967,824896
2000,LWO,GC,rue,29820.4,19408.1,38755.1
2000,LWO,OR,pl,18343.8,65837.4,84181.2
2000,LWO,OR,uk,50004,182320,175392
2000,LWO,OR,be,5109.63,18055.3,18656.9
2000,LWO,OR,pls,3267.35,10454.7,11169.1
2000,LWO,OR,ru,1184.91,4391.2,4309.75
2000,LWO,OR,lt,4.46972,16.859,8.2591
2000,LWO,OR,rue,2556.24,1533.45,3188.26
2000,LWO,OR,cs,167.531,616.496,562.268
2000,LWO,JW,pl,25612.6,138265,163878
2000,LWO,JW,yi,10048.9,25063,28243.2
2000,LWO,JW,de,12.8054,51.9578,46.6749
2000,LWO,JW,ru,2.1735,8.87113,8.52151
2000,LWO,JW,lt,48.2003,191.319,98.389
2000,LWO,JH,pl,721.435,2830.53,3551.96
2000,LWO,JH,yi,29942.1,97743.2,83462
2000,LWO,PR,pl,5922.17,12336.9,18259.1
2000,LWO,PR,de,4359.73,9011.67,9754.98
2000,LWO,PR,lt,28.3157,116.779,61.2047
2000,LWO,PR,cs,32.0006,126.487,116.184
2000,LWO,PR,lv,23.6462,97.0379,55.8957
2000,LWO,OT,pl,2440.58,5745.76,8186.35
2000,LWO,OT,lt,2.2754,8.97695,4.34848
2000,LWO,OT,kdr,2.66878,10.5618,10.5797
2000,LWO,OT,oth,727.344,1115.7,1306.4
2000,STA,RC,pl,123128,261198,384326
2000,STA,RC,uk,12.724,48.9186,44.8752
2000,STA,RC,be,88.4185,276.786,298.279
2000,STA,RC,pls,43.0117,149.665,155.356
2000,STA,RC,de,1731.06,1730.35,2522.47
2000,STA,RC,ru,0.157355,0.571474,0.569164
2000,STA,RC,lt,664.408,2557.37,1584.87
2000,STA,RC,csb,212.55,770.367,818.185
2000,STA,RC,cs,83.9087,302.062,275.547
2000,STA,RC,rom,907.578,1094.82,1523.69
2000,STA,RC,wym,0.494653,1.49709,1.72115
2000,STA,RC,oth,888.466,803.407,1378.67
2000,STA,GC,pl,49523.9,52442.4,101966
2000,STA,GC,uk,576872,438622,750668
2000,STA,GC,rue,200.088,781.209,781.634
2000,STA,OR,pl,4526.43,20350.6,24877
2000,STA,OR,uk,21984.7,79690.1,75062.9
2000,STA,OR,be,1732.75,6122.72,6226.11
2000,STA,OR,pls,1133.93,3679.78,3868.9
2000,STA,OR,ru,405.302,1492.16,1437.24
2000,STA,OR,lt,1.58453,6.02357,2.78648
2000,STA,OR,rue,12.9742,47.5081,47.7171
2000,STA,OR,cs,57.3828,209.923,187.078
2000,STA,JW,pl,7292.92,37879,45172
2000,STA,JW,yi,3778.21,9689.78,10646.8
2000,STA,JW,de,7.62587,28.402,25.8231
2000,STA,JW,ru,0.711779,2.93913,2.77879
2000,STA,JW,lt,16.3637,65.7149,31.9497
2000,STA,JH,pl,259.988,968.015,1228
2000,STA,JH,yi,11530.6,37551,31396.3
2000,STA,PR,pl,1110.36,3199.47,4309.83
2000,STA,PR,de,4231.43,5166.14,6745.89
2000,STA,PR,lt,9.71999,38.9523,19.3197
2000,STA,PR,cs,10.5855,40.7056,37.2098
2000,STA,PR,lv,8.02413,31.9766,17.4927
2000,STA,OT,pl,1160.25,2230.06,3390.31
2000,STA,OT,lt,0.781455,3.07077,1.41435
2000,STA,OT,kdr,15.5119,20.7892,29.4342
2000,STA,OT,oth,430.893,492.226,693.778
2000,TAR,RC,pl,245267,349308,594575
2000,TAR,RC,uk,10.4037,41.6286,37.6268
2000,TAR,RC,be,83.4151,263.463,284.103
2000,TAR,RC,pls,39.8077,140.598,145.388
2000,TAR,RC,de,406.729,758.701,863.059
2000,TAR,RC,ru,0.149385,0.547013,0.542475
2000,TAR,RC,lt,617.61,2416.4,1503.31
2000,TAR,RC,csb,195.782,721.36,762.203
2000,TAR,RC,cs,84.3933,310.012,281.161
2000,TAR,RC,rom,477.961,778.897,955.618
2000,TAR,RC,wym,0.460383,1.39615,1.61072
2000,TAR,RC,oth,229.993,331.969,463.538
2000,TAR,GC,pl,68340.3,63317.5,131658
2000,TAR,GC,uk,365797,287052,489903
2000,TAR,GC,rue,182.992,725.207,726.688
2000,TAR,OR,pl,4389.44,19959.1,24348.5
2000,TAR,OR,uk,19698.4,71221.6,67405.1
2000,TAR,OR,be,1616.17,5874.36,5954.54
2000,TAR,OR,pls,1038.32,3454.37,3627.2
2000,TAR,OR,ru,379.111,1440.92,1384.69
2000,TAR,OR,lt,1.47577,5.67869,2.65166
2000,TAR,OR,rue,11.5987,44.4474,44.4778
2000,TAR,OR,cs,56.9754,215.444,191.502
2000,TAR,JW,pl,8037.45,36065.6,44103
2000,TAR,JW,yi,3171.06,7287.69,8301.67
2000,TAR,JW,de,3.48341,13.8834,12.3848
2000,TAR,JW,ru,0.690309,2.68873,2.58415
2000,TAR,JW,lt,15.5638,60.2492,29.7871
2000,TAR,JH,pl,214.496,845.263,1059.76
2000,TAR,JH,yi,9306.33,28000.9,24080.3
2000,TAR,PR,pl,1495.46,3298.94,4794.39
2000,TAR,PR,de,1127.73,2556.25,2680.7
2000,TAR,PR,lt,9.02052,36.3269,18.447
2000,TAR,PR,cs,10.6658,41.5027,38.1736
2000,TAR,PR,lv,7.50357,30.1344,16.8204
2000,TAR,OT,pl,2055.25,2704.4,4759.65
2000,TAR,OT,lt,0.728716,2.81382,1.31306
2000,TAR,OT,kdr,0.832134,3.21423,3.23676
2000,TAR,OT,oth,176.442,282.73,324.949
2000,LT_KAU,RC,pl,6933.14,11592.5,12994.2
2000,LT_KAU,RC,be,42.781,126.653,126.73
2000,LT_KAU,RC,pls,2.67466,9.61851,6.10658
2000,LT_KAU,RC,de,20.9324,77.6517,59.2772
2000,LT_KAU,RC,ru,0.197979,0.823861,0.773355
2000,LT_KAU,RC,lt,98186.6,182866,281053
2000,LT_KAU,RC,csb,14.1577,52.4863,31.4018
2000,LT_KAU,RC,cs,3.04153,11.2001,6.16629
2000,LT_KAU,RC,rom,347.794,482.7,641.107
2000,LT_KAU,RC,oth,3.90105,13.9236,8.85852
2000,LT_KAU,GC,pl,10.5942,41.1741,23.4734
2000,LT_KAU,GC,uk,91.191,351.196,207.853
2000,LT_KAU,GC,lt,1.93826,14.1462,16.0845
2000,LT_KAU,GC,rue,5.72508,21.7918,13.1295
2000,LT_KAU,OR,pl,109.037,406.369,250.403
2000,LT_KAU,OR,uk,164.365,648.69,377.906
2000,LT_KAU,OR,be,176.057,635.304,434.376
2000,LT_KAU,OR,pls,65.6583,228.703,141.858
2000,LT_KAU,OR,ru,4491.58,7277.84,9359.06
2000,LT_KAU,OR,lt,747.586,2272.24,3019.83
2000,LT_KAU,OR,rue,0.274971,1.04303,0.628996
2000,LT_KAU,OR,cs,1.84705,6.91,3.82366
2000,LT_KAU,JW,pl,72.9809,382.201,253.551
2000,LT_KAU,JW,yi,1070.71,6102.09,5900.86
2000,LT_KAU,JW,de,5.63217,37.6562,32.672
2000,LT_KAU,JW,ru,2.72563,32.7235,29.1064
2000,LT_KAU,JW,lt,1311.44,12636.7,13948.1
2000,LT_KAU,JH,pl,2.58003,12.2983,8.0937
2000,LT_KAU,JH,yi,212.308,932.139,565.818
2000,LT_KAU,PR,pl,15.3762,55.3489,37.6093
2000,LT_KAU,PR,de,2544.77,4480.31,5279.79
2000,LT_KAU,PR,lt,1354.37,3751.87,5106.25
2000,LT_KAU,PR,cs,0.366141,1.40916,0.800616
2000,LT_KAU,PR,lv,119.228,454.746,438.218
2000,LT_KAU,OT,pl,311.408,339.23,509.973
2000,LT_KAU,OT,lt,328.996,1033.8,1362.79
2000,LT_KAU,OT,kdr,0.719323,2.74291,2.75339
2000,LT_KAU,OT,oth,496.623,821.803,1092.06
2000,LT_LAU,RC,pl,11719.5,10006.7,15630.2
2000,LT_LAU,RC,be,40.0936,120.866,123.877
2000,LT_LAU,RC,pls,1.94189,7.30966,4.44866
2000,LT_LAU,RC,de,14.8388,56.6648,43.7857
2000,LT_LAU,RC,ru,0.155787,0.62164,0.585971
2000,LT_LAU,RC,lt,242992,226382,469374
2000,LT_LAU,RC,csb,10.3759,40.0258,22.9613
2000,LT_LAU,RC,cs,2.28159,8.77809,4.59047
2000,LT_LAU,RC,rom,43.9868,165.613,155.044
2000,LT_LAU,RC,oth,2.6349,9.81425,5.96801
2000,LT_LAU,GC,pl,6.7635,27.8132,14.8531
2000,LT_LAU,GC,uk,64.3029,262.586,147.566
2000,LT_LAU,GC,lt,1.25512,9.68386,10.939
2000,LT_LAU,GC,rue,4.11499,16.6126,9.50865
2000,LT_LAU,OR,pl,74.0175,269.497,156.705
2000,LT_LAU,OR,uk,121.062,494.556,274.773
2000,LT_LAU,OR,be,126.917,479.875,315.553
2000,LT_LAU,OR,pls,47.6511,175.373,104.619
2000,LT_LAU,OR,ru,6372.77,5514.86,9249.28
2000,LT_LAU,OR,lt,1021.45,1559.2,2580.65
2000,LT_LAU,OR,rue,0.201629,0.797729,0.461355
2000,LT_LAU,OR,cs,1.389,5.42475,2.85401
2000,LT_LAU,JW,pl,58.4033,217.099,140.835
2000,LT_LAU,JW,yi,2612.23,4978.95,6186.18
2000,LT_LAU,JW,de,3.50742,16.1236,14.5592
2000,LT_LAU,JW,ru,3.28679,11.8573,12.1213
2000,LT_LAU,JW,lt,2379.81,9670.53,12050.3
2000,LT_LAU,JH,pl,2.73325,9.14173,6.40436
2000,LT_LAU,JH,yi,207.835,711.459,453.554
2000,LT_LAU,PR,pl,8.64245,32.5546,19.7622
2000,LT_LAU,PR,de,1385.94,2406.53,2817.3
2000,LT_LAU,PR,lt,870.602,3202.51,4073.11
2000,LT_LAU,PR,cs,0.268293,1.08855,0.589625
2000,LT_LAU,PR,lv,563.833,756.52,996.382
2000,LT_LAU,OT,pl,9.09503,29.2198,24.8501
2000,LT_LAU,OT,lt,232.72,409.957,642.676
2000,LT_LAU,OT,kdr,22.7019,17.2186,32.8122
2000,LT_LAU,OT,oth,451.596,425.111,713.327
2000,LT_ZEM,RC,pl,3628.51,5341.41,6025.69
2000,LT_ZEM,RC,be,40.8496,125.124,126.753
2000,LT_ZEM,RC,pls,2.19623,8.2527,5.1349
2000,LT_ZEM,RC,de,19.1654,72.9776,58.079
2000,LT_ZEM,RC,ru,0.12813,0.513397,0.481197
2000,LT_ZEM,RC,lt,279999,257818,537817
2000,LT_ZEM,RC,csb,11.7408,45.2173,26.5148
2000,LT_ZEM,RC,cs,2.5383,9.74535,5.23495
2000,LT_ZEM,RC,rom,195.141,258.214,343.534
2000,LT_ZEM,RC,oth,3.00428,11.1692,6.94228
2000,LT_ZEM,GC,pl,6.11774,25.6055,13.9249
2000,LT_ZEM,GC,uk,73.4867,305.448,174.763
2000,LT_ZEM,GC,lt,1.50918,12.0042,13.5134
2000,LT_ZEM,GC,rue,4.68822,19.2416,11.2132
2000,LT_ZEM,OR,pl,58.019,230.84,131.02
2000,LT_ZEM,OR,uk,134.632,546.912,312.04
2000,LT_ZEM,OR,be,144.008,539.332,363.551
2000,LT_ZEM,OR,pls,53.9678,197.433,120.54
2000,LT_ZEM,OR,ru,3809.94,4067.47,6162.1
2000,LT_ZEM,OR,lt,657.447,1266.59,1924.04
2000,LT_ZEM,OR,rue,0.226831,0.890809,0.526927
2000,LT_ZEM,OR,cs,1.53884,5.97382,3.23082
2000,LT_ZEM,JW,pl,39.8485,167.053,97.5151
2000,LT_ZEM,JW,yi,2669.12,5409.57,6587
2000,LT_ZEM,JW,de,5.12649,23.2424,21.1691
2000,LT_ZEM,JW,ru,2.04552,8.80996,8.70418
2000,LT_ZEM,JW,lt,2491.94,10542.5,13034.4
2000,LT_ZEM,JH,pl,2.13128,7.58305,5.1263
2000,LT_ZEM,JH,yi,224.013,804.687,511.474
2000,LT_ZEM,PR,pl,6.68066,28.4422,16.525
2000,LT_ZEM,PR,de,2616.41,3702.31,4699.11
2000,LT_ZEM,PR,lt,4181.39,5664.71,9846.1
2000,LT_ZEM,PR,cs,0.295709,1.23205,0.677532
2000,LT_ZEM,PR,lv,2980.05,2051.3,3765.1
2000,LT_ZEM,OT,pl,6.83258,25.904,21.1755
2000,LT_ZEM,OT,lt,267.521,489.401,756.922
2000,LT_ZEM,OT,kdr,0.802871,3.17574,3.19966
2000,LT_ZEM,OT,oth,532.495,512.859,849.611
2000,LT_SUV,RC,pl,5418.17,6188.82,7929.67
2000,LT_SUV,RC,be,615.209,290.718,746.274
2000,LT_SUV,RC,pls,2.39585,8.86918,5.5832
2000,LT_SUV,RC,de,18.8079,71.6187,53.2525
2000,LT_SUV,RC,ru,0.45587,0.587943,0.79463
2000,LT_SUV,RC,lt,225367,191727,417093
2000,LT_SUV,RC,csb,12.7546,48.5679,28.8336
2000,LT_SUV,RC,cs,2.67762,10.1658,5.56219
2000,LT_SUV,RC,rom,797.563,511.797,1009.97
2000,LT_SUV,RC,oth,3.22412,11.8145,7.37798
2000,LT_SUV,GC,pl,7.47346,31.3762,17.4715
2000,LT_SUV,GC,uk,82.168,342.151,199.804
2000,LT_SUV,GC,lt,1.7257,14.4934,16.2191
2000,LT_SUV,GC,rue,5.1636,21.1986,12.5951
2000,LT_SUV,OR,pl,67.5406,264.749,151.099
2000,LT_SUV,OR,uk,146.757,587.592,342.76
2000,LT_SUV,OR,be,148.459,549.652,368.285
2000,LT_SUV,OR,pls,60.5519,217.044,134.374
2000,LT_SUV,OR,ru,3115.9,2988.27,4757.64
2000,LT_SUV,OR,lt,572.822,1043.53,1616.35
2000,LT_SUV,OR,rue,0.250593,0.975896,0.584233
2000,LT_SUV,OR,cs,1.64535,6.32864,3.48563
2000,LT_SUV,JW,pl,49.2689,198.993,119.059
2000,LT_SUV,JW,yi,2351.61,3975.76,5122.12
2000,LT_SUV,JW,de,10.7384,31.2532,31.1873
2000,LT_SUV,JW,ru,1.80527,6.78429,6.87859
2000,LT_SUV,JW,lt,2252.91,8261.12,10514
2000,LT_SUV,JH,pl,2.61533,9.0896,6.32042
2000,LT_SUV,JH,yi,227.28,780.935,495.081
2000,LT_SUV,PR,pl,10.2733,36.656,23.4207
2000,LT_SUV,PR,de,7736.24,5842.28,9987.99
2000,LT_SUV,PR,lt,1246.59,3028.68,4275.26
2000,LT_SUV,PR,cs,0.324927,1.31837,0.741701
2000,LT_SUV,PR,lv,89.7377,359.196,339.212
2000,LT_SUV,OT,pl,8.23003,29.252,24.261
2000,LT_SUV,OT,lt,240.012,387.464,627.476
2000,LT_SUV,OT,kdr,0.544162,2.09296,2.08601
2000,LT_SUV,OT,oth,448.505,382.012,677.476
2000,LT_NEA,RC,pl,10189.5,7998.8,13126.2
2000,LT_NEA,RC,be,1195.63,491.771,1392.46
2000,LT_NEA,RC,pls,1.47544,5.55942,3.39618
2000,LT_NEA,RC,de,9.91599,37.9582,28.7961
2000,LT_NEA,RC,ru,6.91188,3.78264,8.18008
2000,LT_NEA,RC,lt,192511,168336,360847
2000,LT_NEA,RC,csb,7.6943,29.6954,17.2507
2000,LT_NEA,RC,cs,1.76315,6.80137,3.53142
2000,LT_NEA,RC,rom,30.0728,113.609,105.308
2000,LT_NEA,RC,oth,1.9986,7.43259,4.56001
2000,LT_NEA,GC,pl,5.17237,20.3772,10.9685
2000,LT_NEA,GC,uk,49.2293,192.237,108.968
2000,LT_NEA,GC,lt,0.961518,6.61083,7.57235
2000,LT_NEA,GC,rue,3.10918,12.0322,6.98049
2000,LT_NEA,OR,pl,71.5438,217.067,137.094
2000,LT_NEA,OR,uk,95.096,381.224,210.5
2000,LT_NEA,OR,be,110.498,408.823,269.915
2000,LT_NEA,OR,pls,37.0886,134.216,80.7844
2000,LT_NEA,OR,ru,16667.4,9997.35,20477.5
2000,LT_NEA,OR,lt,2187.18,2187.54,4374.72
2000,LT_NEA,OR,rue,0.153207,0.595099,0.345881
2000,LT_NEA,OR,cs,1.09367,4.20566,2.19362
2000,LT_NEA,JW,pl,46.7322,157.456,104.273
2000,LT_NEA,JW,yi,2420.63,3502.63,4780.91
2000,LT_NEA,JW,de,2.1465,9.48581,8.56252
2000,LT_NEA,JW,ru,9.60927,19.2956,22.8642
2000,LT_NEA,JW,lt,2040.67,6437.02,8477.69
2000,LT_NEA,JH,pl,2.21472,6.81108,4.8931
2000,LT_NEA,JH,yi,169.716,517.187,338.312
2000,LT_NEA,PR,pl,5.94957,23.6564,13.9608
2000,LT_NEA,PR,de,623.892,1377.12,1476.14
2000,LT_NEA,PR,lt,5366.84,4564.92,9931.76
2000,LT_NEA,PR,cs,0.208921,0.839195,0.452052
2000,LT_NEA,PR,lv,3899.32,2170.36,4490.96
2000,LT_NEA,OT,pl,6.94323,21.4255,18.0749
2000,LT_NEA,OT,lt,203.598,309.713,513.311
2000,LT_NEA,OT,kdr,0.569173,2.20424,2.22088
2000,LT_NEA,OT,oth,429.966,343.911,626.713
2000,LT_KLA,RC,pl,488.049,1893.84,1285.95
2000,LT_KLA,RC,be,20.485,62.173,61.9526
2000,LT_KLA,RC,pls,1.30577,4.75358,2.7627
2000,LT_KLA,RC,de,430.157,434.585,630.42
2000,LT_KLA,RC,lt,34135.7,80449.1,114585
2000,LT_KLA,RC,csb,8.15051,30.411,16.2556
2000,LT_KLA,RC,cs,1.51152,5.59555,2.8234
2000,LT_KLA,RC,rom,27.6122,102.916,96.2035
2000,LT_KLA,RC,oth,1.89369,6.88346,3.96094
2000,LT_KLA,GC,pl,3.46875,13.4978,6.68067
2000,LT_KLA,GC,uk,44.3734,172.442,90.8724
2000,LT_KLA,GC,lt,0.732154,5.50702,6.23917
2000,LT_KLA,GC,rue,2.8541,10.9794,5.89848
2000,LT_KLA,OR,pl,30.8264,120.752,62.0906
2000,LT_KLA,OR,uk,78.7184,319.497,167.114
2000,LT_KLA,OR,be,75.9891,283.713,177.37
2000,LT_KLA,OR,pls,30.8755,111.459,62.0068
2000,LT_KLA,OR,ru,812.041,1548.76,1856.47
2000,LT_KLA,OR,lt,157.587,550.096,707.683
2000,LT_KLA,OR,rue,0.136189,0.526269,0.283835
2000,LT_KLA,OR,cs,0.896475,3.41818,1.70967
2000,LT_KLA,JW,pl,22.1214,82.9939,42.2601
2000,LT_KLA,JW,yi,360.524,1236.85,1278.76
2000,LT_KLA,JW,de,29.0489,223.967,190.68
2000,LT_KLA,JW,ru,0.705399,2.94051,2.91257
2000,LT_KLA,JW,lt,602.69,2996.27,3598.96
2000,LT_KLA,JH,pl,0.602156,3.28796,1.92491
2000,LT_KLA,JH,yi,76.5066,298.393,162.945
2000,LT_KLA,PR,pl,3.70643,14.7569,7.52826
2000,LT_KLA,PR,de,18493.6,19956.5,28327.6
2000,LT_KLA,PR,lt,16526.5,13190.6,29717.1
2000,LT_KLA,PR,cs,0.17892,0.685935,0.355183
2000,LT_KLA,PR,lv,71.2827,275.888,263.335
2000,LT_KLA,OT,pl,3.25588,12.1831,9.42393
2000,LT_KLA,OT,lt,153.964,391.766,545.73
2000,LT_KLA,OT,kdr,0.401727,1.52762,1.54635
2000,LT_KLA,OT,oth,307.135,397.429,574.969
2005,WAW,RC,pl,105914,1.56638e+06,1.67229e+06
2005,WAW,RC,uk,9.10968,68.9548,59.1732
2005,WAW,RC,be,243.848,2240.07,2074.47
2005,WAW,RC,pls,103.162,966.489,892.597
2005,WAW,RC,de,367.658,4053.62,3426.71
2005,WAW,RC,ru,0.502535,4.42764,3.99817
2005,WAW,RC,lt,2268.97,22235.1,13215.1
2005,WAW,RC,csb,589.542,6147.78,5769.78
2005,WAW,RC,cs,121.592,1125.43,926.855
2005,WAW,RC,rom,306.793,3309.05,2829.12
2005,WAW,RC,wym,0.713877,6.80798,6.53867
2005,WAW,RC,oth,114.152,1224.16,1152.52
2005,WAW,GC,pl,1472.32,23962.7,25435
2005,WAW,GC,uk,7526.22,89736.2,76264.6
2005,WAW,GC,rue,255.404,3013.56,2677.53
2005,WAW,OR,pl,11624.5,157885,169509
2005,WAW,OR,uk,13837.4,145909,121132
2005,WAW,OR,be,4990.9,51144.8,45913.4
2005,WAW,OR,pls,2592.76,22526.4,20896.2
2005,WAW,OR,ru,881.849,12037.7,10205.8
2005,WAW,OR,lt,7.32575,55.0809,25.7274
2005,WAW,OR,rue,12.1809,141.928,124.404
2005,WAW,OR,cs,79.4883,806.734,641.645
2005,WAW,JW,pl,7702.74,183243,190946
2005,WAW,JW,yi,2468.54,39157.3,34552.3
2005,WAW,JW,de,10.888,131.055,104.314
2005,WAW,JW,ru,1.88847,29.0611,24.6897
2005,WAW,JW,lt,73.2625,577.65,285.39
2005,WAW,JH,pl,164.102,3933.28,4097.38
2005,WAW,JH,yi,6813.11,144140,102329
2005,WAW,PR,pl,1298.55,31728.4,33027
2005,WAW,PR,de,1423.18,17719.9,14295.3
2005,WAW,PR,lt,37.7957,351.423,177.196
2005,WAW,PR,cs,13.7446,153.515,125.653
2005,WAW,PR,lv,22.7307,250.758,137.282
2005,WAW,OT,pl,507.99,9977.47,10485.5
2005,WAW,OT,lt,3.50028,26.7214,12.4219
2005,WAW,OT,kdr,1.50506,19.0759,16.6959
2005,WAW,OT,oth,58.3221,2001.79,918.856
2005,WAR,RC,pl,1.10711e+06,1.34356e+06,2.45066e+06
2005,WAR,RC,uk,4.15812,16.3173,15.3605
2005,WAR,RC,be,213.002,655.158,721.075
2005,WAR,RC,pls,92.0997,317.049,336.983
2005,WAR,RC,de,2062.34,3048.65,3838.17
2005,WAR,RC,ru,0.432541,1.58438,1.61004
2005,WAR,RC,lt,1890.9,7436.4,5015.11
2005,WAR,RC,csb,997.301,3512.62,3808.85
2005,WAR,RC,cs,116.007,421.944,393.029
2005,WAR,RC,rom,1708.58,2267.56,3070.64
2005,WAR,RC,wym,0.845988,2.6155,3.00246
2005,WAR,RC,oth,2172.31,1846.6,3362.91
2005,WAR,GC,pl,1767.79,7998.97,9766.76
2005,WAR,GC,uk,5889.62,21686.8,21337
2005,WAR,GC,rue,284.409,1129.7,1144.44
2005,WAR,OR,pl,13992.1,53964.2,67956.3
2005,WAR,OR,uk,9846.56,34625.5,33740.9
2005,WAR,OR,be,4332.19,14899.6,15647.9
2005,WAR,OR,pls,2376.23,7356.86,8036.56
2005,WAR,OR,ru,4938.25,6577.93,9069.73
2005,WAR,OR,lt,4.71234,18.0663,9.35289
2005,WAR,OR,rue,13.6811,50.4735,51.6156
2005,WAR,OR,cs,80.0847,291.271,267.586
2005,WAR,JW,pl,15939.1,82879.1,98818.3
2005,WAR,JW,yi,7754.82,17415,20064.6
2005,WAR,JW,de,24.5095,94.735,87.6442
2005,WAR,JW,ru,2.46523,10.0114,9.78498
2005,WAR,JW,lt,46.2547,186.768,101.046
2005,WAR,JH,pl,736.722,2770.21,3506.93
2005,WAR,JH,yi,26290.9,87244,73892.8
2005,WAR,PR,pl,11454.3,18112.9,29567.2
2005,WAR,PR,de,15385.6,18762.4,25339.5
2005,WAR,PR,lt,28.8468,119.007,66.5309
2005,WAR,PR,cs,14.0567,54.6272,51.1237
2005,WAR,PR,lv,22.1079,90.1288,56.1338
2005,WAR,OT,pl,1267.58,3262.17,4529.74
2005,WAR,OT,lt,2.2363,8.9161,4.56719
2005,WAR,OT,kdr,1.72689,6.76622,6.82832
2005,WAR,OT,oth,302.218,644.189,616.937
2005,LOD,RC,pl,962603,1.6365e+06,2.59911e+06
2005,LOD,RC,uk,7.76183,29.2605,27.9292
2005,LOD,RC,be,393.175,1159.85,1291.83
2005,LOD,RC,pls,168.175,551.6,595.408
2005,LOD,RC,de,3943.17,7214.67,8527.8
2005,LOD,RC,ru,0.733824,2.56653,2.64872
2005,LOD,RC,lt,3420.24,12955.5,8942.69
2005,LOD,RC,csb,1418.95,4838.52,5305.68
2005,LOD,RC,cs,208.396,724.263,685.913
2005,LOD,RC,rom,1353.5,2853.83,3271.3
2005,LOD,RC,wym,1.66236,4.9767,5.76976
2005,LOD,RC,oth,2485.17,2649.27,4350.05
2005,LOD,GC,pl,3129.37,13459.1,16588.5
2005,LOD,GC,uk,9930.59,37531.6,37044.8
2005,LOD,GC,rue,546.365,1997.4,2075.13
2005,LOD,OR,pl,23755.1,91231.3,114986
2005,LOD,OR,uk,16300.9,60613.3,58370.4
2005,LOD,OR,be,7779.98,25878.8,27428.7
2005,LOD,OR,pls,4196.55,12478.4,13779.2
2005,LOD,OR,ru,2643.85,6871.1,7470.37
2005,LOD,OR,lt,8.14054,30.3713,15.8914
2005,LOD,OR,rue,24.4282,87.6939,90.3997
2005,LOD,OR,cs,140.133,494.214,458.346
2005,LOD,JW,pl,21821.5,146920,168741
2005,LOD,JW,yi,9441.31,30412.6,32293.8
2005,LOD,JW,de,59.7939,576.801,484.757
2005,LOD,JW,ru,3.27043,13.6577,13.2598
2005,LOD,JW,lt,83.3107,322.806,179.612
2005,LOD,JH,pl,814.432,4001.91,4816.35
2005,LOD,JH,yi,29618.5,142158,114284
2005,LOD,PR,pl,31689.8,51609.6,83299.4
2005,LOD,PR,de,29639.4,53320.3,62577.4
2005,LOD,PR,lt,49.2306,202.236,116.348
2005,LOD,PR,cs,25.3418,96.559,90.7697
2005,LOD,PR,lv,39.3589,158.464,100.418
2005,LOD,OT,pl,1654.82,5354.19,7009
2005,LOD,OT,lt,3.9642,15.1905,7.99983
2005,LOD,OT,kdr,3.20089,12.0671,12.3088
2005,LOD,OT,oth,290.595,1144.79,827.332
2005,KIE,RC,pl,1.50073e+06,1.82334e+06,3.32407e+06
2005,KIE,RC,uk,5.8502,22.6223,21.4658
2005,KIE,RC,be,273.681,839.827,924.88
2005,KIE,RC,pls,119.693,405.463,433.707
2005,KIE,RC,de,1119.22,2775.91,2959.14
2005,KIE,RC,ru,0.528398,1.90648,1.95031
2005,KIE,RC,lt,2447.01,9317.33,6358.77
2005,KIE,RC,csb,956.276,3320.42,3616.28
2005,KIE,RC,cs,162.042,576.385,541.623
2005,KIE,RC,rom,2149.33,2983.02,3969.24
2005,KIE,RC,wym,1.57541,4.8511,5.58301
2005,KIE,RC,oth,2133.15,2010.39,3459.49
2005,KIE,GC,pl,2631.27,12088.1,14719.3
2005,KIE,GC,uk,7876.42,31784.7,30818.5
2005,KIE,GC,rue,495.839,1937.88,1977.39
2005,KIE,OR,pl,17252.5,70093.4,87346
2005,KIE,OR,uk,13165.7,48463.1,46478.3
2005,KIE,OR,be,5849.97,19376.8,20428
2005,KIE,OR,pls,3153.91,9458.86,10382.2
2005,KIE,OR,ru,3265.11,6157.18,7313.51
2005,KIE,OR,lt,6.13114,23.0948,12.0708
2005,KIE,OR,rue,22.3768,78.0913,80.357
2005,KIE,OR,cs,117.434,412.109,379.045
2005,KIE,JW,pl,22142,126129,148271
2005,KIE,JW,yi,11577.4,27647.8,31280
2005,KIE,JW,de,15.3963,72.2689,63.8921
2005,KIE,JW,ru,2.44396,10.749,10.2395
2005,KIE,JW,lt,58.1389,246.032,133.027
2005,KIE,JH,pl,1079.32,3966.96,5046.28
2005,KIE,JH,yi,39164.5,136131,113631
2005,KIE,PR,pl,3093.04,12342.4,15435.4
2005,KIE,PR,de,5555.03,11879.5,12857.6
2005,KIE,PR,lt,34.792,148.161,83.0391
2005,KIE,PR,cs,19.1604,77.0066,71.1318
2005,KIE,PR,lv,27.8774,117.384,72.4888
2005,KIE,OT,pl,1669.35,4569.97,6239.32
2005,KIE,OT,lt,2.80081,11.4259,5.87373
2005,KIE,OT,kdr,2.25678,9.0999,9.11644
2005,KIE,OT,oth,387.573,935.138,841.915
2005,LUB,RC,pl,1.37864e+06,1.57542e+06,2.95407e+06
2005,LUB,RC,uk,10.5716,40.4696,37.9981
2005,LUB,RC,be,564.146,961.205,1253.26
2005,LUB,RC,pls,133.879,429.977,460.166
2005,LUB,RC,de,1296.77,2275.92,2608.92
2005,LUB,RC,ru,0.55887,1.84459,1.89958
2005,LUB,RC,lt,2258.67,8144.97,5466.71
2005,LUB,RC,csb,707.712,2328.74,2528.68
2005,LUB,RC,cs,200.678,668.297,628.708
2005,LUB,RC,rom,1837.17,2466.72,3219.14
2005,LUB,RC,wym,1.01053,3.0463,3.49869
2005,LUB,RC,oth,174.037,529.082,588.069
2005,LUB,GC,pl,4767.82,14830.4,19598.3
2005,LUB,GC,uk,32696.3,66628.5,75623.8
2005,LUB,GC,rue,414.021,1540.3,1576.57
2005,LUB,OR,pl,198064,193825,391889
2005,LUB,OR,uk,125683,146495,193845
2005,LUB,OR,be,8132.94,20183.2,22268.9
2005,LUB,OR,pls,4118.16,10722,11949
2005,LUB,OR,ru,6269.4,7703.79,10352.2
2005,LUB,OR,lt,6.4494,21.0793,11.01
2005,LUB,OR,rue,29.9909,84.1611,88.9015
2005,LUB,OR,cs,170.554,489.498,459.705
2005,LUB,JW,pl,19465.8,89021.2,108487
2005,LUB,JW,yi,10534.1,21494.2,25299.2
2005,LUB,JW,de,13.2487,53.5979,48.541
2005,LUB,JW,ru,2.53617,10.2847,9.95671
2005,LUB,JW,lt,48.5309,208.514,107.662
2005,LUB,JH,pl,938.088,3122.85,4060.94
2005,LUB,JH,yi,35419.8,101993,87771
2005,LUB,PR,pl,11954.6,19386.6,31341.3
2005,LUB,PR,de,6528.4,11317.8,13067.1
2005,LUB,PR,lt,28.6545,127.209,68.5589
2005,LUB,PR,cs,21.0342,88.9285,81.3805
2005,LUB,PR,lv,22.7492,100.119,59.3039
2005,LUB,OT,pl,1804.51,4359.02,6163.53
2005,LUB,OT,lt,2.42308,10.0291,4.94109
2005,LUB,OT,kdr,1.96661,8.01986,7.97754
2005,LUB,OT,oth,72.0783,534.21,312.449
2005,BIA,RC,pl,575196,803227,1.37842e+06
2005,BIA,RC,uk,3.74842,14.7611,13.8155
2005,BIA,RC,be,4882.55,3675.36,7072.71
2005,BIA,RC,pls,88.9728,306.86,324.681
2005,BIA,RC,de,548.404,1229.28,1325.91
2005,BIA,RC,ru,10.4618,9.62847,15.8946
2005,BIA,RC,lt,7889.17,13377.2,13260.9
2005,BIA,RC,csb,447.758,1615.03,1728.43
2005,BIA,RC,cs,99.1704,361.043,333.827
2005,BIA,RC,rom,731.043,1307.04,1557.76
2005,BIA,RC,wym,0.568857,1.77252,2.02344
2005,BIA,RC,oth,307.964,484.901,661.196
2005,BIA,GC,pl,1271.58,5874.66,7146.24
2005,BIA,GC,uk,4142.6,16942.1,16249.8
2005,BIA,GC,rue,204.157,812.579,819.581
2005,BIA,OR,pl,181199,199917,381115
2005,BIA,OR,uk,11254.5,33135.9,33163.1
2005,BIA,OR,be,131276,107957,188501
2005,BIA,OR,pls,2544.46,7662.32,8354.38
2005,BIA,OR,ru,23274.7,21451.4,34541
2005,BIA,OR,lt,9.66846,27.2275,17.4677
2005,BIA,OR,rue,11.1963,39.743,40.44
2005,BIA,OR,cs,73.4669,258.931,235.539
2005,BIA,JW,pl,12257.3,64640.8,76898.1
2005,BIA,JW,yi,7400.63,17148.4,19355
2005,BIA,JW,de,8.39579,36.0477,31.731
2005,BIA,JW,ru,11.4055,36.7058,37.8549
2005,BIA,JW,lt,57.5042,241.615,135.245
2005,BIA,JH,pl,612.431,2053.27,2665.7
2005,BIA,JH,yi,24341.7,77468.3,65355.2
2005,BIA,PR,pl,3132.03,7626.76,10758.8
2005,BIA,PR,de,3248.82,6415.77,7020.33
2005,BIA,PR,lt,33.7137,147.341,84.0354
2005,BIA,PR,cs,11.6875,48.1385,44.0008
2005,BIA,PR,lv,24.6964,107.239,66.4136
2005,BIA,OT,pl,2125.81,3700,5825.81
2005,BIA,OT,lt,2.73362,10.8877,5.70294
2005,BIA,OT,kdr,1.81299,7.25235,7.26018
2005,BIA,OT,oth,216.424,487.155,454.597
2005,WIL,RC,pl,319597,483738,803335
2005,WIL,RC,uk,2.00357,7.99224,7.41614
2005,WIL,RC,be,9196.86,6477.31,12891.2
2005,WIL,RC,pls,76.4531,192.456,219.612
2005,WIL,RC,de,168.089,546.932,533.384
2005,WIL,RC,ru,26.5177,24.5831,40.3274
2005,WIL,RC,lt,27468.2,32108.3,40370.6
2005,WIL,RC,csb,225.665,853.277,901.017
2005,WIL,RC,cs,54.3045,206.581,187.791
2005,WIL,RC,rom,522.327,861.285,1053.56
2005,WIL,RC,wym,0.299736,0.96187,1.09036
2005,WIL,RC,oth,329.851,420.262,620.684
2005,WIL,GC,pl,616.835,2909.84,3526.68
2005,WIL,GC,uk,1928.36,8173.4,7762.32
2005,WIL,GC,rue,102.164,423.958,422.976
2005,WIL,OR,pl,112870,144277,257147
2005,WIL,OR,uk,4084.73,16010.5,14982.3
2005,WIL,OR,be,141948,126018,211449
2005,WIL,OR,pls,3650.85,5921.97,7779.53
2005,WIL,OR,ru,21697.5,22211.9,34057.1
2005,WIL,OR,lt,46.1726,68.712,69.3405
2005,WIL,OR,rue,5.41628,20.6761,20.7214
2005,WIL,OR,cs,38.8135,146.619,130.87
2005,WIL,JW,pl,5649.11,29440.5,35089.6
2005,WIL,JW,yi,3634.06,9003.63,9912.75
2005,WIL,JW,de,3.45429,15.2439,13.0644
2005,WIL,JW,ru,8.47798,30.6915,30.9478
2005,WIL,JW,lt,85.8564,333.032,211.801
2005,WIL,JH,pl,272.441,1045.45,1317.89
2005,WIL,JH,yi,11220.6,36005.8,30496.1
2005,WIL,PR,pl,1418.38,3819.11,5237.5
2005,WIL,PR,de,825.061,2646.39,2481.31
2005,WIL,PR,lt,39.3617,178.637,105.058
2005,WIL,PR,cs,6.31769,26.7838,24.3031
2005,WIL,PR,lv,22.6591,102.022,63.8889
2005,WIL,OT,pl,1826.95,3103.55,4930.51
2005,WIL,OT,lt,4.07049,14.3043,8.51192
2005,WIL,OT,kdr,54.6279,76.9013,107.087
2005,WIL,OT,oth,182.325,375.513,375.056
2005,NOW,RC,pl,292320,389527,681847
2005,NOW,RC,uk,2.47229,9.80162,9.02637
2005,NOW,RC,be,6026.34,4445.21,8411.92
2005,NOW,RC,pls,51.4621,177.285,184.966
2005,NOW,RC,de,125.215,462.344,432.113
2005,NOW,RC,ru,4.31166,4.65745,6.84219
2005,NOW,RC,lt,1624.74,4678.51,3369.22
2005,NOW,RC,csb,201.568,726.887,765.717
2005,NOW,RC,cs,65.6613,237.815,215.7
2005,NOW,RC,rom,668.432,883.568,1148.65
2005,NOW,RC,wym,0.272443,0.839055,0.953476
2005,NOW,RC,oth,49.1349,165.545,177.935
2005,NOW,GC,pl,686.126,3092.74,3778.87
2005,NOW,GC,uk,2272.03,9273.03,8787.71
2005,NOW,GC,rue,104.601,417.447,415.891
2005,NOW,OR,pl,299682,257707,557388
2005,NOW,OR,uk,6147.51,19929.1,18941.3
2005,NOW,OR,be,349789,239582,435570
2005,NOW,OR,pls,1707.91,4756.21,5169.37
2005,NOW,OR,ru,12152.2,10240.3,16281.1
2005,NOW,OR,lt,3.65311,12.3919,6.33475
2005,NOW,OR,rue,7.22974,22.4377,22.9148
2005,NOW,OR,cs,55.8775,175.341,158.369
2005,NOW,JW,pl,6072.11,23369.2,29441.3
2005,NOW,JW,yi,4102.65,6994.2,8579.4
2005,NOW,JW,de,2.76669,12.1867,10.4581
2005,NOW,JW,ru,3.39845,9.15876,9.66119
2005,NOW,JW,lt,25.2269,108.611,53.5312
2005,NOW,JH,pl,298.038,886.822,1184.86
2005,NOW,JH,yi,12453.2,28587.9,25713.1
2005,NOW,PR,pl,1679.49,3593.24,5272.73
2005,NOW,PR,de,439.631,1919.4,1678.87
2005,NOW,PR,lt,15.0331,66.7576,35.034
2005,NOW,PR,cs,7.14816,30.3123,27.359
2005,NOW,PR,lv,12.3174,54.2215,31.0432
2005,NOW,OT,pl,1379.41,2183.39,3562.79
2005,NOW,OT,lt,1.25997,5.24355,2.4679
2005,NOW,OT,kdr,0.907697,3.70771,3.65564
2005,NOW,OT,oth,25.7268,179.141,103.301
2005,POL,RC,pl,234435,371541,605976
2005,POL,RC,uk,5.34659,18.3773,17.1669
2005,POL,RC,be,1384.38,1411.85,2181.21
2005,POL,RC,pls,7028.08,5239.29,9241.19
2005,POL,RC,de,223.006,682.923,651.355
2005,POL,RC,ru,2.5628,3.13742,4.21736
2005,POL,RC,lt,1415.7,4515.74,2902.91
2005,POL,RC,csb,355.513,1072.72,1156.06
2005,POL,RC,cs,103.975,317.945,293.443
2005,POL,RC,rom,557.557,903.439,1048.18
2005,POL,RC,wym,0.454195,1.27581,1.46478
2005,POL,RC,oth,288.4,401.49,540.599
2005,POL,GC,pl,1367.41,4847,6214.41
2005,POL,GC,uk,6115.86,19916.6,19140.6
2005,POL,GC,rue,203.808,654.797,662.441
2005,POL,OR,pl,608377,589179,1.19756e+06
2005,POL,OR,uk,78197.7,90420.8,115544
2005,POL,OR,be,69441.4,64313.5,97577
2005,POL,OR,pls,570053,403851,725464
2005,POL,OR,ru,15399.5,14974.4,21616.1
2005,POL,OR,lt,3.91936,13.1272,6.35346
2005,POL,OR,rue,11.4786,34.2994,34.966
2005,POL,OR,cs,77.2675,234.598,211.04
2005,POL,JW,pl,5850.86,31869.2,37720.1
2005,POL,JW,yi,3556.71,9784.24,10337.3
2005,POL,JW,de,3.66884,17.2877,14.7115
2005,POL,JW,ru,3.86969,15.9544,15.5662
2005,POL,JW,lt,26.433,119.041,55.3613
2005,POL,JH,pl,280.117,1277.49,1557.61
2005,POL,JH,yi,11395.5,43752.4,34440.3
2005,POL,PR,pl,3617.1,7473.53,11090.6
2005,POL,PR,de,631.044,2716.62,2387.64
2005,POL,PR,lt,16.2071,71.0365,35.298
2005,POL,PR,cs,9.59432,40.2514,36.2279
2005,POL,PR,lv,12.7706,55.2837,30.3747
2005,POL,OT,pl,2760.4,4325.1,7085.5
2005,POL,OT,lt,1.49363,5.94021,2.7168
2005,POL,OT,kdr,1.08302,4.05732,3.98633
2005,POL,OT,oth,181.125,368.247,354.338
2005,WOL,RC,pl,373468,551645,925112
2005,WOL,RC,uk,937.427,840.716,1177.19
2005,WOL,RC,be,238.202,546.248,625.666
2005,WOL,RC,pls,89.8292,276.015,288.603
2005,WOL,RC,de,2632.68,2923.53,3698.49
2005,WOL,RC,ru,0.590128,1.61747,1.67134
2005,WOL,RC,lt,1474.88,4971.81,3070.94
2005,WOL,RC,csb,394.24,1246.35,1321.82
2005,WOL,RC,cs,10724.1,8527.55,12486.4
2005,WOL,RC,rom,1372.05,1732.07,2191.45
2005,WOL,RC,wym,0.55487,1.63636,1.84625
2005,WOL,RC,oth,911.429,955.102,1436.1
2005,WOL,GC,pl,2299.57,8972.66,11272.2
2005,WOL,GC,uk,26873,89411.1,85310.4
2005,WOL,GC,rue,310.01,1016.06,1025.81
2005,WOL,OR,pl,73848,110864,184712
2005,WOL,OR,uk,1.7053e+06,1.41933e+06,2.099e+06
2005,WOL,OR,be,5933.74,14268.4,15461.6
2005,WOL,OR,pls,2514.9,7156.97,7624.86
2005,WOL,OR,ru,20574.4,19426.3,28491.8
2005,WOL,OR,lt,4.1545,14.1625,6.54296
2005,WOL,OR,rue,20.2615,61.1746,62.0972
2005,WOL,OR,cs,11395.5,9041.35,12812.7
2005,WOL,JW,pl,9875.49,51463.2,61338.7
2005,WOL,JW,yi,6985,16500.9,18052.9
2005,WOL,JW,de,25.2049,77.5351,73.0641
2005,WOL,JW,ru,6.64443,21.6941,21.9616
2005,WOL,JW,lt,29.4385,131.906,59.8451
2005,WOL,JH,pl,535.632,2080.38,2616.01
2005,WOL,JH,yi,22381.8,73090.5,59036.5
2005,WOL,PR,pl,6749.6,13238.1,19987.7
2005,WOL,PR,de,13695.6,18815,22920.8
2005,WOL,PR,lt,16.761,76.1775,36.1922
2005,WOL,PR,cs,1181.51,1285.76,1736.34
2005,WOL,PR,lv,13.4547,60.8984,31.6557
2005,WOL,OT,pl,12203.7,16374.1,28577.8
2005,WOL,OT,lt,1.51323,6.35889,2.77033
2005,WOL,OT,kdr,9.8708,15.6812,19.8518
2005,WOL,OT,oth,522.863,816.193,932.412
2005,POZ,RC,pl,789182,1.31474e+06,2.10392e+06
2005,POZ,RC,uk,5.24473,19.7914,18.9444
2005,POZ,RC,be,264.917,804.342,892.495
2005,POZ,RC,pls,113.551,382.56,411.434
2005,POZ,RC,de,6721.61,8123.91,11393.9
2005,POZ,RC,ru,0.49787,1.75592,1.8125
2005,POZ,RC,lt,2326.73,8978.45,6159.03
2005,POZ,RC,csb,1259.48,4416.41,4838.93
2005,POZ,RC,cs,141.813,503.635,476.627
2005,POZ,RC,rom,595.656,1757.91,1837.59
2005,POZ,RC,wym,1.20022,3.64897,4.22996
2005,POZ,RC,oth,193.918,632.34,705.508
2005,POZ,GC,pl,2078.49,9431.11,11509.6
2005,POZ,GC,uk,6434.68,25449.9,24859.2
2005,POZ,GC,rue,375.954,1445.01,1483.83
2005,POZ,OR,pl,13674.7,61324.8,74999.5
2005,POZ,OR,uk,10514.2,41013.1,39259.5
2005,POZ,OR,be,5089.83,17843.3,18757.5
2005,POZ,OR,pls,2775.06,8613.22,9438.01
2005,POZ,OR,ru,1118.09,4164.7,4132.46
2005,POZ,OR,lt,5.62372,21.3158,11.1309
2005,POZ,OR,rue,15.7937,60.1703,61.5016
2005,POZ,OR,cs,92.9261,344.064,317.269
2005,POZ,JW,pl,11839.7,52978,64817.7
2005,POZ,JW,yi,2763.7,7867.26,8493.07
2005,POZ,JW,de,40.9535,166.095,151.262
2005,POZ,JW,ru,2.13617,7.61505,7.57571
2005,POZ,JW,lt,59.9113,225.916,124.779
2005,POZ,JH,pl,249.487,1309.37,1558.86
2005,POZ,JH,yi,7497.89,29095.7,23897.5
2005,POZ,PR,pl,19800.6,33618.2,53418.8
2005,POZ,PR,de,48892.2,57529.8,80329.5
2005,POZ,PR,lt,36.2732,145.559,82.998
2005,POZ,PR,cs,17.5415,65.9638,62.5593
2005,POZ,PR,lv,27.4313,108.606,68.9153
2005,POZ,OT,pl,2699.55,5188.55,7888.1
2005,POZ,OT,lt,2.84049,10.7184,5.61861
2005,POZ,OT,kdr,2.1906,8.29112,8.46898
2005,POZ,OT,oth,79.5982,796.306,412.727
2005,POM,RC,pl,490381,846024,1.3364e+06
2005,POM,RC,uk,4.54226,16.8458,16.1355
2005,POM,RC,be,227.144,661.346,739.98
2005,POM,RC,pls,95.8403,310.695,336.167
2005,POM,RC,de,4752.99,5542.54,7829.45
2005,POM,RC,ru,0.421917,1.4564,1.5042
2005,POM,RC,lt,2011.66,7438.67,5047.87
2005,POM,RC,csb,78405.9,40644.1,99634.9
2005,POM,RC,cs,118.252,404.011,384.153
2005,POM,RC,rom,488.158,1376.07,1449.55
2005,POM,RC,wym,0.927786,2.69486,3.15637
2005,POM,RC,oth,558.039,814.825,1167.17
2005,POM,GC,pl,1675.77,7236.73,8912.5
2005,POM,GC,uk,5480.73,20866.9,20560.4
2005,POM,GC,rue,293.999,1085.74,1125.15
2005,POM,OR,pl,11512.2,49260.9,60773.1
2005,POM,OR,uk,9205.39,34458.5,32995
2005,POM,OR,be,4432.5,14903.5,15699.6
2005,POM,OR,pls,2359.71,7053.07,7763.91
2005,POM,OR,ru,961.133,3407.39,3386.01
2005,POM,OR,lt,4.95076,18.4799,9.41785
2005,POM,OR,rue,13.2761,48.0944,49.3127
2005,POM,OR,cs,78.1758,277.781,256.144
2005,POM,JW,pl,9265.14,40190,49455.1
2005,POM,JW,yi,2327.74,6507.44,7035.5
2005,POM,JW,de,32.6291,130.492,119.978
2005,POM,JW,ru,1.74086,6.26479,6.2174
2005,POM,JW,lt,50.5221,190.536,103.19
2005,POM,JH,pl,208.404,1042.69,1251.09
2005,POM,JH,yi,6477.29,24209.7,19847.7
2005,POM,PR,pl,12004.7,20430.5,32435.2
2005,POM,PR,de,32198.2,36956.3,51796.4
2005,POM,PR,lt,31.5498,124.156,69.0219
2005,POM,PR,cs,14.3184,52.5558,49.8214
2005,POM,PR,lv,22.9844,88.6668,55.0357
2005,POM,OT,pl,623.24,2525.74,3148.98
2005,POM,OT,lt,2.44494,9.16409,4.68961
2005,POM,OT,kdr,1.79478,6.60306,6.7591
2005,POM,OT,oth,66.826,577.384,311.66
2005,SLA,RC,pl,664331,1.08694e+06,1.75127e+06
2005,SLA,RC,uk,8.47761,29.9531,29.0156
2005,SLA,RC,be,324.972,886.707,1009.14
2005,SLA,RC,pls,146.142,439.35,485.342
2005,SLA,RC,de,17450.4,14515.4,24735.5
2005,SLA,RC,ru,0.597344,1.90859,2.0141
2005,SLA,RC,lt,2760.87,9650.25,6708.53
2005,SLA,RC,csb,1120.3,3528.9,3955.15
2005,SLA,RC,cs,196.306,625.151,605.814
2005,SLA,RC,rom,794.345,2120.39,2278.77
2005,SLA,RC,wym,2.25374,6.03126,7.24357
2005,SLA,RC,oth,475.897,854.119,1135.79
2005,SLA,GC,pl,3487.17,14364,17851.2
2005,SLA,GC,uk,12012.9,42867.6,42995.4
2005,SLA,GC,rue,673.89,2306.05,2441.28
2005,SLA,OR,pl,16833.1,68528.1,85361.2
2005,SLA,OR,uk,16373.3,58102.8,56795.9
2005,SLA,OR,be,6194.44,19605.5,21122.5
2005,SLA,OR,pls,3469.38,9745.22,10954.4
2005,SLA,OR,ru,1341.88,4501.99,4576.75
2005,SLA,OR,lt,6.47535,22.8876,11.9529
2005,SLA,OR,rue,25.7946,87.7067,92.3163
2005,SLA,OR,cs,126.132,422.353,398.73
2005,SLA,JW,pl,16556.8,67026.1,83582.9
2005,SLA,JW,yi,3963.58,10040.5,11223.1
2005,SLA,JW,de,37.7737,141.532,133.43
2005,SLA,JW,ru,2.65357,8.58247,8.74294
2005,SLA,JW,lt,70.4616,244.745,136.336
2005,SLA,JH,pl,333.235,1590.87,1924.11
2005,SLA,JH,yi,10572.9,37106.4,31231.9
2005,SLA,PR,pl,26522.7,27693.7,54216.4
2005,SLA,PR,de,9914.67,18425.8,21372.5
2005,SLA,PR,lt,40.4006,147.51,85.0191
2005,SLA,PR,cs,24.4069,81.4271,79.1197
2005,SLA,PR,lv,31.9838,113.504,72.565
2005,SLA,OT,pl,3471.74,5360.07,8831.81
2005,SLA,OT,lt,3.22918,11.45,6.03849
2005,SLA,OT,kdr,2.74305,9.1575,9.65808
2005,SLA,OT,oth,302.176,1088.39,766.549
2005,KRA,RC,pl,881540,1.18552e+06,2.06706e+06
2005,KRA,RC,uk,4.85524,19.0562,17.9306
2005,KRA,RC,be,192.329,593.254,653.506
2005,KRA,RC,pls,88.6459,304.902,324.514
2005,KRA,RC,de,1756.07,2696.44,3368.08
2005,KRA,RC,ru,0.3617,1.31288,1.33699
2005,KRA,RC,lt,1655.35,6496.38,4386.14
2005,KRA,RC,csb,599.796,2155.49,2322.71
2005,KRA,RC,cs,125.385,454.819,424.431
2005,KRA,RC,rom,2761.95,3152.12,4589.17
2005,KRA,RC,wym,101.635,50.378,132.688
2005,KRA,RC,oth,586.595,796.964,1167.44
2005,KRA,GC,pl,17532.6,25024.8,42557.4
2005,KRA,GC,uk,7213.51,29704.4,28746.4
2005,KRA,GC,rue,31935.6,21817.2,42863.3
2005,KRA,OR,pl,10861.9,49508.8,60370.7
2005,KRA,OR,uk,9810.89,38966.6,36935.2
2005,KRA,OR,be,3815.33,13633.7,14195.9
2005,KRA,OR,pls,2207.03,7000.11,7615.6
2005,KRA,OR,ru,852.923,3225.27,3169.88
2005,KRA,OR,lt,4.02024,15.7302,8.05886
2005,KRA,OR,rue,23.9638,91.7485,92.8982
2005,KRA,OR,cs,83.796,316.416,288.198
2005,KRA,JW,pl,13471.5,76125.7,89597.2
2005,KRA,JW,yi,4992.7,12865.3,14279.8
2005,KRA,JW,de,9.83612,42.4337,38.0384
2005,KRA,JW,ru,1.54306,6.17689,5.97942
2005,KRA,JW,lt,41.587,167.137,90.5949
2005,KRA,JH,pl,479.201,2370.82,2850.03
2005,KRA,JH,yi,16654.7,63072.7,52506.3
2005,KRA,PR,pl,1895.24,8052.87,9948.11
2005,KRA,PR,de,2703.46,6972.82,7195.87
2005,KRA,PR,lt,24.2032,100.422,56.9032
2005,KRA,PR,cs,15.2855,59.9565,56.0879
2005,KRA,PR,lv,19.4019,79.819,49.8647
2005,KRA,OT,pl,617.975,2682.36,3300.34
2005,KRA,OT,lt,1.95448,7.74028,3.99451
2005,KRA,OT,kdr,1.66705,6.53333,6.62038
2005,KRA,OT,oth,64.5104,486.794,287.762
2005,LWO,RC,pl,654447,1.09918e+06,1.75362e+06
2005,LWO,RC,uk,28.5658,113.778,105.814
2005,LWO,RC,be,253.842,795.854,869.072
2005,LWO,RC,pls,130.026,454.73,479.868
2005,LWO,RC,de,1549.33,2675.62,3165.31
2005,LWO,RC,ru,0.482988,1.76398,1.78474
2005,LWO,RC,lt,2060.24,8182.63,5364.72
2005,LWO,RC,csb,632.848,2334.99,2488.28
2005,LWO,RC,cs,254.413,932.709,865.055
2005,LWO,RC,rom,2471.93,3288.53,4448.49
2005,LWO,RC,wym,1.26069,3.89183,4.45673
2005,LWO,RC,oth,1463.26,1516.53,2489.83
2005,LWO,GC,pl,99623.8,108293,207917
2005,LWO,GC,uk,555165,494926,805818
2005,LWO,GC,rue,27694.6,19343.7,37435.8
2005,LWO,OR,pl,19727.7,74176.5,93904.3
2005,LWO,OR,uk,52012.5,193567,187419
2005,LWO,OR,be,5259.28,18687.4,19481.7
2005,LWO,OR,pls,3297.81,10505.9,11378.1
2005,LWO,OR,ru,1224.52,4582.63,4528.47
2005,LWO,OR,lt,5.19426,19.7957,9.93511
2005,LWO,OR,rue,2395.43,1544.31,3114.31
2005,LWO,OR,cs,173.905,646.062,593.246
2005,LWO,JW,pl,25123.4,136102,161225
2005,LWO,JW,yi,9124.44,21772.2,24595.2
2005,LWO,JW,de,12.9808,52.4952,47.3662
2005,LWO,JW,ru,2.20517,8.97547,8.67512
2005,LWO,JW,lt,53.3666,212.662,112.902
2005,LWO,JH,pl,792.377,3236.47,4028.84
2005,LWO,JH,yi,29999.3,99802.3,84818.4
2005,LWO,PR,pl,5694.11,12742.7,18436.8
2005,LWO,PR,de,4119.73,9043.15,9665.92
2005,LWO,PR,lt,30.2735,126.177,68.7135
2005,LWO,PR,cs,31.6832,126.201,116.882
2005,LWO,PR,lv,24.2551,100.495,60.0421
2005,LWO,OT,pl,2359.41,5869.8,8229.21
2005,LWO,OT,lt,2.55391,10.1564,5.1133
2005,LWO,OT,kdr,2.53346,10.1255,10.1384
2005,LWO,OT,oth,648.876,1165.7,1230.87
2005,STA,RC,pl,118266,269271,387537
2005,STA,RC,uk,13.9862,55.0752,50.9498
2005,STA,RC,be,84.2519,263.825,286.442
2005,STA,RC,pls,43.3857,152.43,159.496
2005,STA,RC,de,1576.81,1702.72,2398.84
2005,STA,RC,ru,0.166398,0.609682,0.611918
2005,STA,RC,lt,696.787,2726.43,1721.26
2005,STA,RC,csb,213.031,781.965,829.557
2005,STA,RC,cs,85.293,311.152,285.368
2005,STA,RC,rom,854.834,1124.41,1517.32
2005,STA,RC,wym,0.42387,1.28375,1.46795
2005,STA,RC,oth,789.891,750.591,1266.86
2005,STA,GC,pl,47423.7,54911.6,102335
2005,STA,GC,uk,535358,445794,736032
2005,STA,GC,rue,199.13,792.321,797.863
2005,STA,OR,pl,5114.21,23455.8,28570
2005,STA,OR,uk,23026.9,85779.5,81354.5
2005,STA,OR,be,1796.84,6432.42,6595.59
2005,STA,OR,pls,1153.74,3758.83,4000.63
2005,STA,OR,ru,422.109,1580.82,1533.02
2005,STA,OR,lt,1.85996,7.16969,3.40529
2005,STA,OR,rue,12.9699,48.3259,48.8644
2005,STA,OR,cs,60.0603,223.48,200.516
2005,STA,JW,pl,7212.83,37838.1,45050.9
2005,STA,JW,yi,3395.96,8457.46,9279.57
2005,STA,JW,de,7.46549,28.0487,25.5469
2005,STA,JW,ru,0.723778,2.9997,2.85071
2005,STA,JW,lt,18.2217,73.8213,37.0578
2005,STA,JH,pl,283.985,1115.93,1399.92
2005,STA,JH,yi,11430.7,38251.2,31810.4
2005,STA,PR,pl,1131.23,3404.2,4535.42
2005,STA,PR,de,3883.54,5139.98,6537.49
2005,STA,PR,lt,10.4793,42.5769,21.973
2005,STA,PR,cs,10.5409,41.0203,37.8001
2005,STA,PR,lv,8.29527,33.4909,19.0264
2005,STA,OT,pl,1101.64,2276.2,3377.84
2005,STA,OT,lt,0.882742,3.52,1.67475
2005,STA,OT,kdr,13.5462,18.8896,26.2286
2005,STA,OT,oth,380.198,495.129,641.343
2005,TAR,RC,pl,229186,355395,584580
2005,TAR,RC,uk,11.5602,47.1125,43.0371
2005,TAR,RC,be,79.7807,251.258,273.093
2005,TAR,RC,pls,40.2855,143.223,149.358
2005,TAR,RC,de,380.219,757.897,843.903
2005,TAR,RC,ru,0.158673,0.584719,0.584826
2005,TAR,RC,lt,650.219,2579.34,1634.1
2005,TAR,RC,csb,196.327,730.698,771.649
2005,TAR,RC,cs,86.1738,319.881,291.853
2005,TAR,RC,rom,456.526,807.259,966.745
2005,TAR,RC,wym,0.393751,1.19047,1.36717
2005,TAR,RC,oth,207.292,314.807,433.701
2005,TAR,GC,pl,64452,64962.2,129414
2005,TAR,GC,uk,338672,289683,476635
2005,TAR,GC,rue,182.282,733.005,738.884
2005,TAR,OR,pl,4954.27,22927.5,27881.8
2005,TAR,OR,uk,20582.3,76596.5,73023.8
2005,TAR,OR,be,1682.42,6172.26,6317.98
2005,TAR,OR,pls,1058.26,3520.93,3746.65
2005,TAR,OR,ru,395.464,1523.3,1475.98
2005,TAR,OR,lt,1.73723,6.7569,3.23915
2005,TAR,OR,rue,11.5619,44.9454,45.3314
2005,TAR,OR,cs,59.7823,229.078,205.361
2005,TAR,JW,pl,7856.22,35624.1,43480.3
2005,TAR,JW,yi,2856.47,6394.21,7273.34
2005,TAR,JW,de,3.57852,14.2279,12.7472
2005,TAR,JW,ru,0.705705,2.74885,2.65594
2005,TAR,JW,lt,17.4496,67.8595,34.5749
2005,TAR,JH,pl,234.922,965.663,1200.58
2005,TAR,JH,yi,9229.29,28601.5,24421
2005,TAR,PR,pl,1437.55,3436.79,4874.35
2005,TAR,PR,de,1068.29,2587.76,2676.1
2005,TAR,PR,lt,9.71947,39.6766,20.8361
2005,TAR,PR,cs,10.6203,41.8352,38.7293
2005,TAR,PR,lv,7.75425,31.5506,18.1887
2005,TAR,OT,pl,1898.4,2711.25,4609.64
2005,TAR,OT,lt,0.825874,3.22055,1.55609
2005,TAR,OT,kdr,0.79262,3.09638,3.11545
2005,TAR,OT,oth,156.833,297.43,307.16
2005,LT_KAU,RC,pl,6540.54,11444.9,12628.3
2005,LT_KAU,RC,be,39.36,115.086,116.339
2005,LT_KAU,RC,pls,2.72126,9.81596,6.40221
2005,LT_KAU,RC,de,20.7579,77.6065,59.6972
2005,LT_KAU,RC,ru,0.204164,0.836076,0.794347
2005,LT_KAU,RC,lt,93486.5,183187,276674
2005,LT_KAU,RC,csb,14.3444,53.5073,33.1669
2005,LT_KAU,RC,cs,3.18577,11.7999,6.68164
2005,LT_KAU,RC,rom,330.03,475.749,623.367
2005,LT_KAU,RC,oth,3.81801,13.6441,8.98407
2005,LT_KAU,GC,pl,11.2352,44.1341,26.0423
2005,LT_KAU,GC,uk,94.6262,367.915,225.953
2005,LT_KAU,GC,lt,2.28202,16.8282,19.1103
2005,LT_KAU,GC,rue,5.92238,22.7234,14.2223
2005,LT_KAU,OR,pl,119.127,450.588,282.872
2005,LT_KAU,OR,uk,177.517,711.722,425.627
2005,LT_KAU,OR,be,178.321,646.136,454.163
2005,LT_KAU,OR,pls,67.2063,233.982,149.282
2005,LT_KAU,OR,ru,4229.6,6979.04,8987.4
2005,LT_KAU,OR,lt,780.685,2438.6,3219.28
2005,LT_KAU,OR,rue,0.286817,1.09911,0.689255
2005,LT_KAU,OR,cs,1.98201,7.48012,4.26847
2005,LT_KAU,JW,pl,75.9821,390.047,261.467
2005,LT_KAU,JW,yi,932.506,4968.72,4887.03
2005,LT_KAU,JW,de,5.63025,36.3523,31.8073
2005,LT_KAU,JW,ru,2.67779,30.4292,27.3094
2005,LT_KAU,JW,lt,1352.71,12662.5,14015.2
2005,LT_KAU,JH,pl,3.07512,15.371,10.332
2005,LT_KAU,JH,yi,224.921,991.867,618.409
2005,LT_KAU,PR,pl,15.8283,58.1725,40.4291
2005,LT_KAU,PR,de,2359.08,4312.24,5039.49
2005,LT_KAU,PR,lt,1330.04,3855.12,5185.16
2005,LT_KAU,PR,cs,0.374287,1.45208,0.854075
2005,LT_KAU,PR,lv,116.355,447.377,432.385
2005,LT_KAU,OT,pl,282.355,313.291,468.483
2005,LT_KAU,OT,lt,332.106,1053.77,1385.88
2005,LT_KAU,OT,kdr,0.673223,2.57558,2.59295
2005,LT_KAU,OT,oth,442.597,742.386,976.649
2005,LT_LAU,RC,pl,10779.1,10272.5,15209.1
2005,LT_LAU,RC,be,36.4829,110.189,113.507
2005,LT_LAU,RC,pls,1.9843,7.60589,4.75057
2005,LT_LAU,RC,de,14.59,57.0519,44.0972
2005,LT_LAU,RC,ru,0.159503,0.642272,0.610018
2005,LT_LAU,RC,lt,224142,232190,456332
2005,LT_LAU,RC,csb,10.5562,41.567,24.6919
2005,LT_LAU,RC,cs,2.40333,9.43444,5.08197
2005,LT_LAU,RC,rom,44.1866,171.303,159.884
2005,LT_LAU,RC,oth,2.59547,9.83253,6.17808
2005,LT_LAU,GC,pl,7.20985,30.448,16.8434
2005,LT_LAU,GC,uk,66.6936,279.674,163.12
2005,LT_LAU,GC,lt,1.46853,11.7696,13.2381
2005,LT_LAU,GC,rue,4.26175,17.6344,10.4873
2005,LT_LAU,OR,pl,81.3612,305.69,181.59
2005,LT_LAU,OR,uk,131.39,550.728,315.202
2005,LT_LAU,OR,be,128.824,495.236,334.806
2005,LT_LAU,OR,pls,49.005,182.379,111.963
2005,LT_LAU,OR,ru,5901.26,5550.82,9025.13
2005,LT_LAU,OR,lt,1046.43,1743.86,2790.29
2005,LT_LAU,OR,rue,0.211148,0.852397,0.513569
2005,LT_LAU,OR,cs,1.50005,5.96656,3.24937
2005,LT_LAU,JW,pl,60.2484,229.396,149.952
2005,LT_LAU,JW,yi,2203.92,4157.99,5225.2
2005,LT_LAU,JW,de,3.49763,16.0714,14.5765
2005,LT_LAU,JW,ru,3.17076,11.471,11.7839
2005,LT_LAU,JW,lt,2361.63,9869.04,12230.7
2005,LT_LAU,JH,pl,3.15911,11.6429,8.22636
2005,LT_LAU,JH,yi,217.365,768.014,499.075
2005,LT_LAU,PR,pl,8.97531,35.0177,21.7947
2005,LT_LAU,PR,de,1273.01,2381.24,2727.82
2005,LT_LAU,PR,lt,867.617,3314.71,4182.32
2005,LT_LAU,PR,cs,0.275794,1.14046,0.639368
2005,LT_LAU,PR,lv,513.037,745.901,954.166
2005,LT_LAU,OT,pl,8.89832,29.3261,24.8238
2005,LT_LAU,OT,lt,232.322,441.898,674.22
2005,LT_LAU,OT,kdr,19.7162,16.0451,29.3633
2005,LT_LAU,OT,oth,397.583,412.965,656.234
2005,LT_ZEM,RC,pl,3389.73,5471.35,5986.11
2005,LT_ZEM,RC,be,37.0816,113.939,116.114
2005,LT_ZEM,RC,pls,2.22552,8.49607,5.42834
2005,LT_ZEM,RC,de,18.6475,72.5146,57.8655
2005,LT_ZEM,RC,ru,0.131458,0.530567,0.50259
2005,LT_ZEM,RC,lt,257570,262847,520417
2005,LT_ZEM,RC,csb,11.867,46.5321,28.2418
2005,LT_ZEM,RC,cs,2.65353,10.3644,5.73133
2005,LT_ZEM,RC,rom,183.445,264.351,341.881
2005,LT_ZEM,RC,oth,2.93466,11.0765,7.11649
2005,LT_ZEM,GC,pl,6.49207,27.9784,15.7274
2005,LT_ZEM,GC,uk,75.7947,324.439,192.28
2005,LT_ZEM,GC,lt,1.75526,14.5859,16.3412
2005,LT_ZEM,GC,rue,4.82871,20.3657,12.3072
2005,LT_ZEM,OR,pl,64.0518,261.597,151.031
2005,LT_ZEM,OR,uk,144.996,607.298,353.44
2005,LT_ZEM,OR,be,144.973,554.074,381.384
2005,LT_ZEM,OR,pls,55.016,204.206,127.497
2005,LT_ZEM,OR,ru,3534.33,4095.36,6029.2
2005,LT_ZEM,OR,lt,678.083,1425.76,2103.84
2005,LT_ZEM,OR,rue,0.235743,0.948633,0.580037
2005,LT_ZEM,OR,cs,1.64944,6.5495,3.63212
2005,LT_ZEM,JW,pl,41.7124,177.192,105.559
2005,LT_ZEM,JW,yi,2252.49,4520.44,5565.67
2005,LT_ZEM,JW,de,5.04072,22.9361,20.999
2005,LT_ZEM,JW,ru,1.98721,8.55209,8.50676
2005,LT_ZEM,JW,lt,2469.59,10720.4,13190
2005,LT_ZEM,JH,pl,2.50287,9.86046,6.74886
2005,LT_ZEM,JH,yi,233.444,865.835,561.117
2005,LT_ZEM,PR,pl,6.94771,30.4798,18.2349
2005,LT_ZEM,PR,de,2378.35,3657.47,4512.83
2005,LT_ZEM,PR,lt,3919.29,5875.01,9794.3
2005,LT_ZEM,PR,cs,0.302061,1.28435,0.729522
2005,LT_ZEM,PR,lv,2674.36,2049.16,3550.81
2005,LT_ZEM,OT,pl,6.6622,25.8073,21.0312
2005,LT_ZEM,OT,lt,267.003,527.05,794.053
2005,LT_ZEM,OT,kdr,0.736803,2.97691,2.99116
2005,LT_ZEM,OT,oth,468.399,497.117,781.418
2005,LT_SUV,RC,pl,5011.36,6340.48,7790.83
2005,LT_SUV,RC,be,523.959,269.346,657.966
2005,LT_SUV,RC,pls,2.40325,9.04395,5.83303
2005,LT_SUV,RC,de,18.4963,71.9542,53.9241
2005,LT_SUV,RC,ru,0.440696,0.610521,0.809031
2005,LT_SUV,RC,lt,207064,196215,403279
2005,LT_SUV,RC,csb,12.7417,49.4291,30.3266
2005,LT_SUV,RC,cs,2.76834,10.7078,6.00361
2005,LT_SUV,RC,rom,734.545,525.284,978.546
2005,LT_SUV,RC,oth,3.12298,11.608,7.48452
2005,LT_SUV,GC,pl,7.8474,34.1516,19.4783
2005,LT_SUV,GC,uk,83.9667,362.252,217.291
2005,LT_SUV,GC,lt,1.98607,17.662,19.6481
2005,LT_SUV,GC,rue,5.2664,22.3431,13.6552
2005,LT_SUV,OR,pl,74.0595,298.076,173.787
2005,LT_SUV,OR,uk,156.58,644.653,384.606
2005,LT_SUV,OR,be,148.955,561.865,386.201
2005,LT_SUV,OR,pls,61.2043,222.156,141.004
2005,LT_SUV,OR,ru,2888.65,3018.08,4653.63
2005,LT_SUV,OR,lt,589.668,1175.48,1765.15
2005,LT_SUV,OR,rue,0.258144,1.02889,0.638622
2005,LT_SUV,OR,cs,1.7465,6.86299,3.87893
2005,LT_SUV,JW,pl,50.9188,208.948,127.497
2005,LT_SUV,JW,yi,1972.95,3334.1,4332.31
2005,LT_SUV,JW,de,10.3412,30.8042,30.7561
2005,LT_SUV,JW,ru,1.74674,6.5916,6.72259
2005,LT_SUV,JW,lt,2222.37,8408.93,10631.3
2005,LT_SUV,JH,pl,3.03086,11.5762,8.13202
2005,LT_SUV,JH,yi,235.895,835.837,540.906
2005,LT_SUV,PR,pl,10.5163,39.0707,25.5599
2005,LT_SUV,PR,de,6993.19,5855.87,9511.78
2005,LT_SUV,PR,lt,1248.11,3206.62,4454.73
2005,LT_SUV,PR,cs,0.328712,1.36121,0.789976
2005,LT_SUV,PR,lv,86.9589,356.197,336.162
2005,LT_SUV,OT,pl,7.96532,28.9487,23.9192
2005,LT_SUV,OT,lt,238.187,417.397,655.584
2005,LT_SUV,OT,kdr,0.505393,1.98141,1.97232
2005,LT_SUV,OT,oth,393.7,370.344,621.168
2005,LT_NEA,RC,pl,9346.48,8220.63,12743
2005,LT_NEA,RC,be,1023.56,462.304,1234.71
2005,LT_NEA,RC,pls,1.50755,5.78015,3.62353
2005,LT_NEA,RC,de,9.78901,38.3281,29.1978
2005,LT_NEA,RC,ru,6.62915,3.99225,8.21915
2005,LT_NEA,RC,lt,177396,173125,350521
2005,LT_NEA,RC,csb,7.79943,30.6934,18.4767
2005,LT_NEA,RC,cs,1.86332,7.32314,3.91805
2005,LT_NEA,RC,rom,30.3598,117.714,109.378
2005,LT_NEA,RC,oth,1.9646,7.42855,4.70984
2005,LT_NEA,GC,pl,5.54382,22.3562,12.3779
2005,LT_NEA,GC,uk,51.3299,205.103,119.882
2005,LT_NEA,GC,lt,1.13129,8.01244,9.14373
2005,LT_NEA,GC,rue,3.23034,12.7729,7.65053
2005,LT_NEA,OR,pl,77.641,248.133,157.621
2005,LT_NEA,OR,uk,103.814,428.672,242.151
2005,LT_NEA,OR,be,112.235,423.72,286.303
2005,LT_NEA,OR,pls,38.2382,140.372,86.4672
2005,LT_NEA,OR,ru,15452.5,10264.7,19979.7
2005,LT_NEA,OR,lt,2233.72,2487.44,4721.16
2005,LT_NEA,OR,rue,0.161019,0.640392,0.3847
2005,LT_NEA,OR,cs,1.18848,4.67307,2.50608
2005,LT_NEA,JW,pl,47.9137,166.776,110.991
2005,LT_NEA,JW,yi,2043.03,2977.19,4088.24
2005,LT_NEA,JW,de,2.15945,9.5568,8.6761
2005,LT_NEA,JW,ru,9.18527,18.7836,22.2842
2005,LT_NEA,JW,lt,2019.78,6621.13,8640.91
2005,LT_NEA,JH,pl,2.54943,8.64901,6.2398
2005,LT_NEA,JH,yi,176.926,559.555,371.935
2005,LT_NEA,PR,pl,6.19587,25.4267,15.3785
2005,LT_NEA,PR,de,581.157,1370.19,1445.81
2005,LT_NEA,PR,lt,4976.17,4765.9,9742.08
2005,LT_NEA,PR,cs,0.215339,0.882484,0.490525
2005,LT_NEA,PR,lv,3507.27,2188.24,4234.96
2005,LT_NEA,OT,pl,6.80982,21.6017,18.2241
2005,LT_NEA,OT,lt,202.586,335.036,537.623
2005,LT_NEA,OT,kdr,0.523335,2.06872,2.0832
2005,LT_NEA,OT,oth,378.336,336.407,578.746
2005,LT_KLA,RC,pl,513.525,1993.2,1374.06
2005,LT_KLA,RC,be,19.2137,57.3746,57.7269
2005,LT_KLA,RC,pls,1.37795,4.98565,3.00778
2005,LT_KLA,RC,de,397.161,413.704,593.281
2005,LT_KLA,RC,lt,33257,81739.7,114997
2005,LT_KLA,RC,csb,8.54886,31.803,17.8992
2005,LT_KLA,RC,cs,1.64328,6.05474,3.17673
2005,LT_KLA,RC,rom,28.6218,106.339,100.314
2005,LT_KLA,RC,oth,1.92181,6.94433,4.17665
2005,LT_KLA,GC,pl,3.86268,15.1629,7.80797
2005,LT_KLA,GC,uk,47.7852,187.258,102.859
2005,LT_KLA,GC,lt,0.908785,6.89021,7.799
2005,LT_KLA,GC,rue,3.06416,11.8706,6.65731
2005,LT_KLA,OR,pl,35.7738,141.313,74.5379
2005,LT_KLA,OR,uk,88.5144,364.358,195.804
2005,LT_KLA,OR,be,79.6835,298.333,191.542
2005,LT_KLA,OR,pls,32.8226,118.205,67.976
2005,LT_KLA,OR,ru,776.621,1540.12,1830.48
2005,LT_KLA,OR,lt,170.771,620.939,791.71
2005,LT_KLA,OR,rue,0.147385,0.574322,0.32357
2005,LT_KLA,OR,cs,1.00078,3.8384,1.98419
2005,LT_KLA,JW,pl,24.3157,91.2299,48.0282
2005,LT_KLA,JW,yi,323.149,1066.72,1117.54
2005,LT_KLA,JW,de,29.0286,215.958,184.921
2005,LT_KLA,JW,ru,0.717265,2.9313,2.92646
2005,LT_KLA,JW,lt,644.831,3167.06,3811.9
2005,LT_KLA,JH,pl,0.770243,4.29336,2.59133
2005,LT_KLA,JH,yi,84.6502,331.414,186.687
2005,LT_KLA,PR,pl,4.0394,16.2925,8.68561
2005,LT_KLA,PR,de,17045.9,19149.2,26834.2
2005,LT_KLA,PR,lt,15360.9,13072,28433
2005,LT_KLA,PR,cs,0.189542,0.730551,0.393943
2005,LT_KLA,PR,lv,70.253,273.596,262.03
2005,LT_KLA,OT,pl,3.32708,12.4097,9.60847
2005,LT_KLA,OT,lt,157.188,406.169,563.357
2005,LT_KLA,OT,kdr,0.380264,1.44363,1.46483
2005,LT_KLA,OT,oth,274.584,369.564,522.052
2010,WAW,RC,pl,114812,1.57198e+06,1.68679e+06
2010,WAW,RC,uk,10.8591,77.2162,67.2567
2010,WAW,RC,be,239.845,2059.59,1928.88
2010,WAW,RC,pls,109.828,954.431,892.899
2010,WAW,RC,de,384.201,3987.1,3382.8
2010,WAW,RC,ru,0.545962,4.51965,4.12929
2010,WAW,RC,lt,2483.4,22850.2,13846.5
2010,WAW,RC,csb,609.978,5988.45,5650.43
2010,WAW,RC,cs,132.935,1143.51,951.864
2010,WAW,RC,rom,339.576,3409.67,2940.73
2010,WAW,RC,wym,0.627745,5.71261,5.47613
2010,WAW,RC,oth,115.118,1147,1088.84
2010,WAW,GC,pl,1641.37,25386.9,27028.2
2010,WAW,GC,uk,8144.36,92212.5,78988
2010,WAW,GC,rue,272.59,3048.84,2732.63
2010,WAW,OR,pl,13899,174943,188842
2010,WAW,OR,uk,15936.3,156867,131755
2010,WAW,OR,be,5442.35,51943.2,47240.2
2010,WAW,OR,pls,2787.18,22273,21012.1
2010,WAW,OR,ru,969.423,12131.1,10387.2
2010,WAW,OR,lt,8.88849,62.9287,30.088
2010,WAW,OR,rue,13.185,145.425,128.759
2010,WAW,OR,cs,89.9849,849.196,683.202
2010,WAW,JW,pl,8534.92,184578,193113
2010,WAW,JW,yi,2394.4,33356.9,29224.9
2010,WAW,JW,de,11.626,129.975,104.038
2010,WAW,JW,ru,2.00596,28.1534,24.0567
2010,WAW,JW,lt,84.2718,625.074,317.786
2010,WAW,JH,pl,205.476,4517.22,4722.7
2010,WAW,JH,yi,7629.43,147629,104605
2010,WAW,PR,pl,1420.34,31767.1,33187.5
2010,WAW,PR,de,1500.34,17658.7,14302.2
2010,WAW,PR,lt,42.2309,372.348,193.386
2010,WAW,PR,cs,14.5751,153.572,126.69
2010,WAW,PR,lv,24.3388,254.014,143.06
2010,WAW,OT,pl,552.529,9971.89,10524.4
2010,WAW,OT,lt,4.08085,29.5251,14.1381
2010,WAW,OT,kdr,1.50917,18.1342,15.9089
2010,WAW,OT,oth,63.1538,2595.75,1000.38
2010,WAR,RC,pl,1.03094e+06,1.358e+06,2.38894e+06
2010,WAR,RC,uk,4.63098,18.4547,17.4442
2010,WAR,RC,be,197.433,607.826,671.78
2010,WAR,RC,pls,91.0593,317.219,338.078
2010,WAR,RC,de,1898.28,2993.69,3673.31
2010,WAR,RC,ru,0.4422,1.63724,1.66944
2010,WAR,RC,lt,1924.35,7725.55,5260.92
2010,WAR,RC,csb,952.118,3401.77,3676.33
2010,WAR,RC,cs,117.418,433.91,404.178
2010,WAR,RC,rom,1614.74,2332.67,3055.38
2010,WAR,RC,wym,0.705419,2.18485,2.49113
2010,WAR,RC,oth,1927.03,1717.16,3061.99
2010,WAR,GC,pl,1828.44,8562.76,10391.2
2010,WAR,GC,uk,5885.4,22430.3,22018.2
2010,WAR,GC,rue,283.449,1150.87,1166.95
2010,WAR,OR,pl,15143,60538.5,75681.5
2010,WAR,OR,uk,10333.4,37517.3,36392.8
2010,WAR,OR,be,4391.13,15297.5,16086.4
2010,WAR,OR,pls,2372.55,7364.94,8095.95
2010,WAR,OR,ru,4696.72,6689.29,9005.99
2010,WAR,OR,lt,5.35903,20.8643,10.8987
2010,WAR,OR,rue,13.8689,52.1185,53.235
2010,WAR,OR,cs,83.64,309.648,284.035
2010,WAR,JW,pl,15940.8,83272.9,99213.6
2010,WAR,JW,yi,6990.23,15108.7,17370.8
2010,WAR,JW,de,23.8354,92.0532,85.21
2010,WAR,JW,ru,2.43583,9.81224,9.61716
2010,WAR,JW,lt,50.1065,203.369,112.552
2010,WAR,JH,pl,796.856,3158.19,3955.05
2010,WAR,JH,yi,26191.8,89512.1,74976.3
2010,WAR,PR,pl,10846.6,18586,29432.6
2010,WAR,PR,de,14048.5,18441.4,24184
2010,WAR,PR,lt,30.162,126.722,72.6663
2010,WAR,PR,cs,13.9266,54.9267,51.4675
2010,WAR,PR,lv,22.1322,91.7586,58.5022
2010,WAR,OT,pl,1219.54,3344.21,4563.75
2010,WAR,OT,lt,2.44199,9.9015,5.18629
2010,WAR,OT,kdr,1.62079,6.45896,6.49444
2010,WAR,OT,oth,270.662,764.881,597.763
2010,LOD,RC,pl,914572,1.63522e+06,2.5498e+06
2010,LOD,RC,uk,8.67395,32.9311,31.6169
2010,LOD,RC,be,365.796,1070.52,1199.97
2010,LOD,RC,pls,166.751,547.766,594.215
2010,LOD,RC,de,3665.88,6875.73,8039.73
2010,LOD,RC,ru,0.75261,2.63748,2.73576
2010,LOD,RC,lt,3489.61,13349.8,9326.21
2010,LOD,RC,csb,1369.98,4686.85,5134.7
2010,LOD,RC,cs,211.294,738.298,700.806
2010,LOD,RC,rom,1323.69,2920.38,3306.34
2010,LOD,RC,wym,1.38482,4.12971,4.76097
2010,LOD,RC,oth,2228.47,2378.73,3910.18
2010,LOD,GC,pl,3253.75,14339.3,17593.1
2010,LOD,GC,uk,10094.3,38762.8,38193.4
2010,LOD,GC,rue,545.95,2020.68,2098.96
2010,LOD,OR,pl,25642.2,101445,127087
2010,LOD,OR,uk,17319.9,65521.7,63183.5
2010,LOD,OR,be,7886.59,26428.1,28137.4
2010,LOD,OR,pls,4185.69,12414.7,13829.8
2010,LOD,OR,ru,2615.31,7010.87,7595.18
2010,LOD,OR,lt,9.23399,34.8637,18.5116
2010,LOD,OR,rue,24.7343,89.9258,92.9295
2010,LOD,OR,cs,146.096,521.656,484.664
2010,LOD,JW,pl,22191.2,146678,168869
2010,LOD,JW,yi,8650.3,25958.6,27620.2
2010,LOD,JW,de,58.4599,539.218,456.2
2010,LOD,JW,ru,3.26737,13.4823,13.1589
2010,LOD,JW,lt,90.085,349.376,199.124
2010,LOD,JH,pl,900.998,4539.47,5440.47
2010,LOD,JH,yi,30194.6,144156,115295
2010,LOD,PR,pl,29940,51740.7,81680.6
2010,LOD,PR,de,27408.2,50933.4,59108.2
2010,LOD,PR,lt,51.5304,214.4,126.422
2010,LOD,PR,cs,25.1668,96.7211,91.1402
2010,LOD,PR,lv,39.4648,160.654,104.342
2010,LOD,OT,pl,1629.83,5464.96,7094.79
2010,LOD,OT,lt,4.33754,16.7813,9.05379
2010,LOD,OT,kdr,3.02149,11.4792,11.6932
2010,LOD,OT,oth,268.683,1397.06,830.523
2010,KIE,RC,pl,1.40927e+06,1.84312e+06,3.25239e+06
2010,KIE,RC,uk,6.52735,25.5908,24.4142
2010,KIE,RC,be,254.86,781.618,864.875
2010,KIE,RC,pls,118.702,406.168,436.086
2010,KIE,RC,de,1060.26,2727.61,2878.32
2010,KIE,RC,ru,0.541857,1.97441,2.02799
2010,KIE,RC,lt,2497.62,9676.13,6678.39
2010,KIE,RC,csb,927.429,3256.8,3540.86
2010,KIE,RC,cs,164.427,592.917,557.919
2010,KIE,RC,rom,2052.41,3064.97,3976.08
2010,KIE,RC,wym,1.30796,4.01409,4.59412
2010,KIE,RC,oth,1913.02,1882.44,3184.83
2010,KIE,GC,pl,2713.69,12849.7,15563.3
2010,KIE,GC,uk,7929.99,32747.4,31817.6
2010,KIE,GC,rue,490.546,1957.01,2002.33
2010,KIE,OR,pl,18936.9,78641.3,97578.2
2010,KIE,OR,uk,13973.6,52552.8,50471.8
2010,KIE,OR,be,5934.37,19913.9,21072.7
2010,KIE,OR,pls,3146.68,9484.71,10484.2
2010,KIE,OR,ru,3191.87,6344.58,7450.22
2010,KIE,OR,lt,6.95173,26.6159,14.0928
2010,KIE,OR,rue,22.6184,80.2998,82.826
2010,KIE,OR,cs,122.704,438.084,403.69
2010,KIE,JW,pl,22130.7,127276,149406
2010,KIE,JW,yi,10437.6,24087.5,27175.7
2010,KIE,JW,de,15.2749,71.6939,63.5887
2010,KIE,JW,ru,2.43176,10.6931,10.2292
2010,KIE,JW,lt,62.9389,268.046,148.634
2010,KIE,JH,pl,1166.11,4554.98,5721.09
2010,KIE,JH,yi,38991.2,140090,115655
2010,KIE,PR,pl,3114.64,12834.3,15949
2010,KIE,PR,de,5207,11816,12603.5
2010,KIE,PR,lt,36.5242,157.797,91.0215
2010,KIE,PR,cs,19.0583,77.5309,71.9043
2010,KIE,PR,lv,28.0376,119.697,75.996
2010,KIE,OT,pl,1614.94,4722.32,6337.26
2010,KIE,OT,lt,3.06709,12.7524,6.68883
2010,KIE,OT,kdr,2.126,8.75196,8.72476
2010,KIE,OT,oth,349.277,1126.89,825.968
2010,LUB,RC,pl,1.3007e+06,1.63249e+06,2.93319e+06
2010,LUB,RC,uk,11.6246,45.6976,43.0204
2010,LUB,RC,be,502.848,902.11,1160.78
2010,LUB,RC,pls,131.757,433.281,463.991
2010,LUB,RC,de,1219.77,2290.76,2569.47
2010,LUB,RC,ru,0.568644,1.9287,1.98709
2010,LUB,RC,lt,2303.09,8567.99,5794.87
2010,LUB,RC,csb,690.054,2327.41,2515.17
2010,LUB,RC,cs,200.539,686.254,644.383
2010,LUB,RC,rom,1768.67,2589.4,3277.13
2010,LUB,RC,wym,0.847285,2.57068,2.9298
2010,LUB,RC,oth,164.934,510.543,566.718
2010,LUB,GC,pl,4855.23,15889.2,20744.5
2010,LUB,GC,uk,31418.2,68661,76706
2010,LUB,GC,rue,410.661,1569.65,1606
2010,LUB,OR,pl,199628,213842,413470
2010,LUB,OR,uk,125855,158443,204763
2010,LUB,OR,be,8272.99,21003.2,23218.9
2010,LUB,OR,pls,4138.96,10861.5,12198.6
2010,LUB,OR,ru,6202.9,8105.88,10703.5
2010,LUB,OR,lt,7.35957,24.627,13.0418
2010,LUB,OR,rue,30.6482,86.972,92.2138
2010,LUB,OR,cs,178.387,520.817,490.257
2010,LUB,JW,pl,19059.4,90381.5,109441
2010,LUB,JW,yi,9325.28,19025.6,22140.2
2010,LUB,JW,de,12.9126,53.5979,48.3322
2010,LUB,JW,ru,2.4939,10.2665,9.91865
2010,LUB,JW,lt,52.6601,230.09,121.109
2010,LUB,JH,pl,1001.73,3616.97,4618.7
2010,LUB,JH,yi,34707.2,105876,89546.1
2010,LUB,PR,pl,11091.3,20034.2,31125.6
2010,LUB,PR,de,5966.49,11368.2,12739.1
2010,LUB,PR,lt,30.0677,137.093,75.6116
2010,LUB,PR,cs,20.534,89.2429,81.6387
2010,LUB,PR,lv,22.8461,103.385,62.6235
2010,LUB,OT,pl,1707.06,4474.54,6181.6
2010,LUB,OT,lt,2.66529,11.2464,5.67642
2010,LUB,OT,kdr,1.84731,7.72031,7.65483
2010,LUB,OT,oth,71.2606,699.094,334.533
2010,BIA,RC,pl,537328,820058,1.35739e+06
2010,BIA,RC,uk,4.22135,16.962,15.9089
2010,BIA,RC,be,4212.05,3375.77,6313.55
2010,BIA,RC,pls,87.6803,307.717,326.073
2010,BIA,RC,de,516.879,1232.27,1304.99
2010,BIA,RC,ru,9.86577,9.74431,15.6731
2010,BIA,RC,lt,7375.05,13581.5,13127.7
2010,BIA,RC,csb,437.152,1609.38,1714.35
2010,BIA,RC,cs,100.985,375.658,346.716
2010,BIA,RC,rom,700.086,1364.47,1583.68
2010,BIA,RC,wym,0.479504,1.49852,1.699
2010,BIA,RC,oth,278.977,463.192,621.853
2010,BIA,GC,pl,1332.65,6339.71,7672.37
2010,BIA,GC,uk,4227.06,17672.9,16940
2010,BIA,GC,rue,205.636,834.795,842.198
2010,BIA,OR,pl,179522,216146,395669
2010,BIA,OR,uk,11710.4,36167.3,35985.6
2010,BIA,OR,be,123091,109181,184672
2010,BIA,OR,pls,2536.47,7695.47,8446.29
2010,BIA,OR,ru,22087.6,21785.9,34120.6
2010,BIA,OR,lt,10.4125,30.7979,19.6166
2010,BIA,OR,rue,11.4212,41.373,42.1573
2010,BIA,OR,cs,77.4025,278.305,253.3
2010,BIA,JW,pl,12250.2,65568.1,77818.3
2010,BIA,JW,yi,6645.68,15093.3,16954.3
2010,BIA,JW,de,8.33491,36.0922,31.8228
2010,BIA,JW,ru,10.9423,35.2878,36.4363
2010,BIA,JW,lt,60.8979,258.768,146.982
2010,BIA,JH,pl,661.315,2373.49,3034.81
2010,BIA,JH,yi,24116.5,79729.2,66432.3
2010,BIA,PR,pl,3017.56,7949.85,10967.4
2010,BIA,PR,de,3023.25,6435.12,6896.41
2010,BIA,PR,lt,34.7202,154.797,90.2782
2010,BIA,PR,cs,11.6708,48.8589,44.7398
2010,BIA,PR,lv,24.4345,108.17,68.5453
2010,BIA,OT,pl,1992.83,3760.87,5753.7
2010,BIA,OT,lt,2.9434,11.9286,6.36351
2010,BIA,OT,kdr,1.6894,6.8632,6.85304
2010,BIA,OT,oth,195.234,577.381,443.994
2010,WIL,RC,pl,297586,491808,789393
2010,WIL,RC,uk,2.26385,9.22776,8.58175
2010,WIL,RC,be,7929.96,5924.18,11484.2
2010,WIL,RC,pls,72.7555,193.464,218.645
2010,WIL,RC,de,163.467,554.577,534.857
2010,WIL,RC,ru,24.8676,24.7121,39.5258
2010,WIL,RC,lt,25130.4,32031.7,38965.4
2010,WIL,RC,csb,222.273,857.606,901.107
2010,WIL,RC,cs,55.8139,216.927,196.928
2010,WIL,RC,rom,494.521,895.165,1061.66
2010,WIL,RC,wym,0.25582,0.819376,0.923868
2010,WIL,RC,oth,295.158,398.853,577.569
2010,WIL,GC,pl,648.869,3168.25,3817.12
2010,WIL,GC,uk,1974.96,8600.96,8158.6
2010,WIL,GC,rue,103.291,439.507,438.316
2010,WIL,OR,pl,112059,156375,268434
2010,WIL,OR,uk,4410.87,17718.8,16540.6
2010,WIL,OR,be,132107,126410,205653
2010,WIL,OR,pls,3436.69,5919.24,7670.09
2010,WIL,OR,ru,20410.1,22346.5,33349.2
2010,WIL,OR,lt,46.6901,75.3408,73.7611
2010,WIL,OR,rue,5.5641,21.715,21.7227
2010,WIL,OR,cs,41.2789,159.198,141.855
2010,WIL,JW,pl,5683.77,30059.2,35743
2010,WIL,JW,yi,3260,7936.03,8697.38
2010,WIL,JW,de,3.50257,15.5611,13.3647
2010,WIL,JW,ru,8.08247,29.3945,29.6259
2010,WIL,JW,lt,87.5231,348.898,221.585
2010,WIL,JH,pl,295.5,1199.05,1494.55
2010,WIL,JH,yi,11112.1,36931.3,30901.9
2010,WIL,PR,pl,1356.24,3968.9,5325.14
2010,WIL,PR,de,790.819,2678.8,2490.23
2010,WIL,PR,lt,39.6451,184.495,110.413
2010,WIL,PR,cs,6.33363,27.385,24.8693
2010,WIL,PR,lv,22.0078,101.384,64.7654
2010,WIL,OT,pl,1688.33,3124.58,4812.91
2010,WIL,OT,lt,4.20857,15.4634,9.21437
2010,WIL,OT,kdr,47.3759,70.0173,95.4186
2010,WIL,OT,oth,162.508,428.248,359.746
2010,NOW,RC,pl,272894,408844,681738
2010,NOW,RC,uk,2.78207,11.332,10.4908
2010,NOW,RC,be,5221.56,4235.88,7668.19
2010,NOW,RC,pls,51.0015,181.225,189.222
2010,NOW,RC,de,125.416,479.666,445.748
2010,NOW,RC,ru,4.06695,4.84611,6.89885
2010,NOW,RC,lt,1597.7,4927.07,3521.02
2010,NOW,RC,csb,200.994,748.476,785.011
2010,NOW,RC,cs,67.1336,251.407,227.838
2010,NOW,RC,rom,630.929,938.423,1173.58
2010,NOW,RC,wym,0.233458,0.73098,0.822892
2010,NOW,RC,oth,47.4272,164.438,176.377
2010,NOW,GC,pl,724.201,3409.04,4133.24
2010,NOW,GC,uk,2322.47,9838.2,9294.18
2010,NOW,GC,rue,106.217,438.993,436.267
2010,NOW,OR,pl,302489,289385,591874
2010,NOW,OR,uk,6613.23,22102,21084.9
2010,NOW,OR,be,332460,252001,438601
2010,NOW,OR,pls,1721.41,4878.44,5337.28
2010,NOW,OR,ru,11720.6,10856.9,16639.3
2010,NOW,OR,lt,4.1641,14.5542,7.51768
2010,NOW,OR,rue,7.49185,23.841,24.4259
2010,NOW,OR,cs,59.389,191.584,173.588
2010,NOW,JW,pl,6035.13,24437.1,30472.3
2010,NOW,JW,yi,3609.8,6356.09,7653.33
2010,NOW,JW,de,2.84836,12.6944,10.9083
2010,NOW,JW,ru,3.21931,9.09423,9.49851
2010,NOW,JW,lt,27.518,120.586,60.4164
2010,NOW,JH,pl,318.688,1043.92,1362.61
2010,NOW,JH,yi,12089.4,30111.4,26397.4
2010,NOW,PR,pl,1575.75,3792.75,5368.51
2010,NOW,PR,de,443.345,1999.35,1745.23
2010,NOW,PR,lt,15.7419,72.0459,38.4837
2010,NOW,PR,cs,7.12449,31.1588,28.1139
2010,NOW,PR,lv,12.3302,56.035,32.6892
2010,NOW,OT,pl,1268.37,2246.98,3515.35
2010,NOW,OT,lt,1.39582,5.93049,2.84061
2010,NOW,OT,kdr,0.853388,3.58711,3.51967
2010,NOW,OT,oth,26.0126,240.44,112.66
2010,POL,RC,pl,227766,401200,628965
2010,POL,RC,uk,6.02021,21.5657,20.1497
2010,POL,RC,be,1222.28,1365.21,2041.91
2010,POL,RC,pls,6370.77,5344.53,8951.79
2010,POL,RC,de,224.485,715.397,676.125
2010,POL,RC,ru,2.43815,3.2946,4.31365
2010,POL,RC,lt,1468.87,4896.46,3158.31
2010,POL,RC,csb,355.375,1113.12,1190.87
2010,POL,RC,cs,107.03,341.292,313.543
2010,POL,RC,rom,553.146,985.484,1113.2
2010,POL,RC,wym,0.391006,1.11719,1.27075
2010,POL,RC,oth,266.416,402.194,528.835
2010,POL,GC,pl,1468.95,5432.51,6901.46
2010,POL,GC,uk,6311.56,21334.1,20448.4
2010,POL,GC,rue,209.445,697.306,704.129
2010,POL,OR,pl,639364,685932,1.3253e+06
2010,POL,OR,uk,78050.4,100099,123501
2010,POL,OR,be,66808.8,68285.6,99807.7
2010,POL,OR,pls,531978,416557,717728
2010,POL,OR,ru,15003.1,15987.9,22284
2010,POL,OR,lt,4.60229,15.8521,7.73073
2010,POL,OR,rue,12.015,36.8335,37.4895
2010,POL,OR,cs,83.3556,260.581,233.879
2010,POL,JW,pl,5901,33538.4,39439.4
2010,POL,JW,yi,3114.67,8785.44,9135.27
2010,POL,JW,de,3.78485,18.1471,15.4026
2010,POL,JW,ru,3.55451,15.373,14.8666
2010,POL,JW,lt,29.3739,135.659,64.1034
2010,POL,JH,pl,301.005,1509.97,1810.98
2010,POL,JH,yi,11041.7,45638.3,35361.5
2010,POL,PR,pl,3336.8,7765.14,11101.9
2010,POL,PR,de,634.532,2847.56,2497.18
2010,POL,PR,lt,17.2564,78.4884,39.8524
2010,POL,PR,cs,9.5514,41.7204,37.5438
2010,POL,PR,lv,12.969,58.4238,32.7817
2010,POL,OT,pl,2560.19,4492.32,7052.51
2010,POL,OT,lt,1.66337,6.88138,3.20105
2010,POL,OT,kdr,1.0285,4.02481,3.92451
2010,POL,OT,oth,163.658,455.14,353.93
2010,WOL,RC,pl,359297,591566,950863
2010,WOL,RC,uk,934.128,950.265,1274.78
2010,WOL,RC,be,220.492,530.758,603.921
2010,WOL,RC,pls,90.2582,288.268,301.374
2010,WOL,RC,de,2454.89,3033.55,3688.6
2010,WOL,RC,ru,0.600191,1.73705,1.79072
2010,WOL,RC,lt,1543.48,5440.82,3383.79
2010,WOL,RC,csb,394.573,1296.05,1367.32
2010,WOL,RC,cs,9897.5,8864.66,12331.7
2010,WOL,RC,rom,1331.81,1871.85,2291.18
2010,WOL,RC,wym,0.478563,1.4383,1.60654
2010,WOL,RC,oth,830.114,954.473,1389.51
2010,WOL,GC,pl,2434.32,9924.33,12358.7
2010,WOL,GC,uk,27406.4,94716.4,90048.8
2010,WOL,GC,rue,315.884,1073.17,1080.48
2010,WOL,OR,pl,80174.3,130469,210643
2010,WOL,OR,uk,1.67407e+06,1.54576e+06,2.19439e+06
2010,WOL,OR,be,6066.53,15288.5,16511.6
2010,WOL,OR,pls,2581.44,7494.64,8024.88
2010,WOL,OR,ru,19982.3,20653,29295.2
2010,WOL,OR,lt,4.91431,17.2017,8.04301
2010,WOL,OR,rue,20.9593,64.6961,65.8283
2010,WOL,OR,cs,11055,9712.18,13182.2
2010,WOL,JW,pl,9793.56,53431.2,63224.7
2010,WOL,JW,yi,6108.94,14755.1,15893.8
2010,WOL,JW,de,23.0224,75.9248,70.5742
2010,WOL,JW,ru,6.13497,21.1117,21.1514
2010,WOL,JW,lt,33.0658,151.272,69.9036
2010,WOL,JH,pl,566.939,2440.55,3007.49
2010,WOL,JH,yi,21519.9,75964.7,60203.3
2010,WOL,PR,pl,6295.89,14034.4,20330.2
2010,WOL,PR,de,12175.7,18981.9,22122
2010,WOL,PR,lt,18.1202,85.3741,41.2455
2010,WOL,PR,cs,1042.04,1288.26,1653.49
2010,WOL,PR,lv,13.8581,65.1972,34.5365
2010,WOL,OT,pl,11064.1,16667,27731.1
2010,WOL,OT,lt,1.71722,7.42721,3.2871
2010,WOL,OT,kdr,8.64502,15.0779,18.4662
2010,WOL,OT,oth,460.278,946.386,894.968
2010,POZ,RC,pl,745053,1.3099e+06,2.05496e+06
2010,POZ,RC,uk,5.88971,22.3985,21.5183
2010,POZ,RC,be,248.109,747.246,834.074
2010,POZ,RC,pls,113.359,382.327,412.822
2010,POZ,RC,de,6177.88,7770.13,10672.9
2010,POZ,RC,ru,0.513545,1.81554,1.88117
2010,POZ,RC,lt,2390.79,9316.57,6458.22
2010,POZ,RC,csb,1213.61,4269.15,4667.61
2010,POZ,RC,cs,144.764,516.683,489.461
2010,POZ,RC,rom,597.536,1822.93,1888.45
2010,POZ,RC,wym,1.00967,3.05667,3.52456
2010,POZ,RC,oth,184.03,598.334,668.89
2010,POZ,GC,pl,2172,10052.3,12224.3
2010,POZ,GC,uk,6572.75,26323,25755.2
2010,POZ,GC,rue,377.721,1466.1,1509.69
2010,POZ,OR,pl,15093.7,68478.5,83572.1
2010,POZ,OR,uk,11237,44414.5,42615.4
2010,POZ,OR,be,5190.18,18275.4,19313
2010,POZ,OR,pls,2786.12,8607.55,9516.59
2010,POZ,OR,ru,1144.43,4299.58,4284.14
2010,POZ,OR,lt,6.40892,24.5,12.9932
2010,POZ,OR,rue,16.0756,61.8659,63.4505
2010,POZ,OR,cs,97.4769,364,336.681
2010,POZ,JW,pl,12279.3,55159.5,67438.8
2010,POZ,JW,yi,2579.56,7153.65,7682.7
2010,POZ,JW,de,41.0437,164.08,149.638
2010,POZ,JW,ru,2.14793,7.65264,7.63786
2010,POZ,JW,lt,65.2553,246.756,139.551
2010,POZ,JH,pl,289.496,1528.91,1818.4
2010,POZ,JH,yi,7981.43,31268.5,25519.8
2010,POZ,PR,pl,18903,33889.3,52792.3
2010,POZ,PR,de,45118.9,55358,75825.2
2010,POZ,PR,lt,38.2617,155.013,90.6403
2010,POZ,PR,cs,17.5493,66.3289,63.0215
2010,POZ,PR,lv,27.7249,110.57,71.8381
2010,POZ,OT,pl,2570.15,5216.35,7786.5
2010,POZ,OT,lt,3.13685,11.9059,6.39424
2010,POZ,OT,kdr,2.08688,7.93636,8.091
2010,POZ,OT,oth,79.4824,1035.32,448.315
2010,POM,RC,pl,471829,856653,1.32848e+06
2010,POM,RC,uk,5.12671,19.1813,18.4483
2010,POM,RC,be,214.083,619.69,697.249
2010,POM,RC,pls,96.1216,312.587,339.517
2010,POM,RC,de,4417,5360.59,7420.04
2010,POM,RC,ru,0.43789,1.51683,1.57296
2010,POM,RC,lt,2081.67,7784.18,5339.24
2010,POM,RC,csb,71554.5,38938.2,92410
2010,POM,RC,cs,121.266,417.13,397.05
2010,POM,RC,rom,493.494,1436.06,1500.42
2010,POM,RC,wym,0.787512,2.27813,2.65473
2010,POM,RC,oth,509.505,755.069,1076.74
2010,POM,GC,pl,1756.6,7788.4,9545
2010,POM,GC,uk,5616.31,21777.6,21402.2
2010,POM,GC,rue,296.411,1111.31,1150.4
2010,POM,OR,pl,12799.8,55636.4,68436.2
2010,POM,OR,uk,9900.17,37672,36051.8
2010,POM,OR,be,4555.82,15424.3,16296.3
2010,POM,OR,pls,2382.25,7099.92,7875.38
2010,POM,OR,ru,990.501,3550.69,3533.84
2010,POM,OR,lt,5.69145,21.4834,11.1102
2010,POM,OR,rue,13.6003,49.8678,51.1678
2010,POM,OR,cs,82.4863,296.499,273.459
2010,POM,JW,pl,9621.18,42043,51664.1
2010,POM,JW,yi,2184.24,5970.76,6419.44
2010,POM,JW,de,32.6059,128.804,118.567
2010,POM,JW,ru,1.75521,6.32954,6.29602
2010,POM,JW,lt,55.2579,209.434,116.079
2010,POM,JH,pl,242.973,1225.57,1468.54
2010,POM,JH,yi,6929.45,26185.5,21333.3
2010,POM,PR,pl,11580.6,20835.7,32416.3
2010,POM,PR,de,29960.2,35897.2,49390.4
2010,POM,PR,lt,33.5097,133.28,76.219
2010,POM,PR,cs,14.4049,53.2123,50.5715
2010,POM,PR,lv,23.4108,91.0861,58.002
2010,POM,OT,pl,634.972,2620.82,3255.79
2010,POM,OT,lt,2.70849,10.261,5.388
2010,POM,OT,kdr,1.71543,6.35822,6.49635
2010,POM,OT,oth,66.8598,751.379,338.02
2010,SLA,RC,pl,637944,1.09978e+06,1.73773e+06
2010,SLA,RC,uk,9.57291,34.0844,33.1354
2010,SLA,RC,be,307.19,830.395,951.355
2010,SLA,RC,pls,146.854,441.157,489.614
2010,SLA,RC,de,16003.8,13533.9,22771
2010,SLA,RC,ru,0.621691,1.98679,2.10564
2010,SLA,RC,lt,2865.13,10096.2,7092.88
2010,SLA,RC,csb,1100.89,3472.49,3885.67
2010,SLA,RC,cs,201.563,644.109,625.048
2010,SLA,RC,rom,801.679,2201.47,2346.42
2010,SLA,RC,wym,1.8785,5.01064,5.98302
2010,SLA,RC,oth,439.55,799.516,1059.92
2010,SLA,GC,pl,3649.23,15166.4,18815.6
2010,SLA,GC,uk,12304,44058.9,44353.4
2010,SLA,GC,rue,676.076,2313.6,2461.78
2010,SLA,OR,pl,18708.2,77042,95750.2
2010,SLA,OR,uk,17617.9,63347.9,61952.8
2010,SLA,OR,be,6363.15,20207.5,21864
2010,SLA,OR,pls,3500.5,9775,11086.7
2010,SLA,OR,ru,1385.06,4681.38,4771.7
2010,SLA,OR,lt,7.44753,26.5604,14.053
2010,SLA,OR,rue,26.1126,89.4689,94.4061
2010,SLA,OR,cs,133.035,449.082,424.496
2010,SLA,JW,pl,17138.6,69293,86431.7
2010,SLA,JW,yi,3717.43,9171.48,10215.4
2010,SLA,JW,de,37.8887,138.296,131.223
2010,SLA,JW,ru,2.68919,8.68015,8.88351
2010,SLA,JW,lt,77.3294,269.473,154.044
2010,SLA,JH,pl,387.582,1858.66,2246.24
2010,SLA,JH,yi,11291.7,39924.9,33400.7
2010,SLA,PR,pl,25078.3,27750.1,52828.3
2010,SLA,PR,de,9402.21,18083.2,20725.3
2010,SLA,PR,lt,42.9912,158.513,93.6426
2010,SLA,PR,cs,24.5536,82.2869,80.1497
2010,SLA,PR,lv,32.6142,116.578,76.38
2010,SLA,OT,pl,3310.05,5427.33,8737.38
2010,SLA,OT,lt,3.57925,12.8276,6.91363
2010,SLA,OT,kdr,2.61774,8.79051,9.24512
2010,SLA,OT,oth,277.602,1386.49,778.164
2010,KRA,RC,pl,822592,1.19025e+06,2.01285e+06
2010,KRA,RC,uk,5.40448,21.5187,20.3407
2010,KRA,RC,be,178.879,550.644,609.584
2010,KRA,RC,pls,87.7022,304.269,324.998
2010,KRA,RC,de,1615.87,2628.58,3207.48
2010,KRA,RC,ru,0.371553,1.36095,1.39129
2010,KRA,RC,lt,1693.57,6765.24,4617.56
2010,KRA,RC,csb,583.416,2122.03,2280.23
2010,KRA,RC,cs,126.898,466.333,435.471
2010,KRA,RC,rom,2594.01,3197.98,4506.94
2010,KRA,RC,wym,78.8147,40.9749,103.813
2010,KRA,RC,oth,526.128,741.397,1073.07
2010,KRA,GC,pl,16870.9,26058.9,42929.8
2010,KRA,GC,uk,7222.4,30398.2,29382.5
2010,KRA,GC,rue,29495.9,21916.7,41244.1
2010,KRA,OR,pl,11914.9,55709.8,67624.7
2010,KRA,OR,uk,10382.2,42273.8,40019.7
2010,KRA,OR,be,3861.75,14013.7,14615.7
2010,KRA,OR,pls,2194.86,6989.4,7652.79
2010,KRA,OR,ru,868.808,3353.65,3296.49
2010,KRA,OR,lt,4.5767,18.224,9.45158
2010,KRA,OR,rue,23.9016,93.6015,94.7315
2010,KRA,OR,cs,87.1762,335.929,305.694
2010,KRA,JW,pl,13511.4,76813.9,90325.3
2010,KRA,JW,yi,4551.63,11292.2,12494
2010,KRA,JW,de,9.8673,42.5849,38.2014
2010,KRA,JW,ru,1.54324,6.21614,6.02918
2010,KRA,JW,lt,45.1793,183.416,101.696
2010,KRA,JH,pl,525.904,2672.61,3198.51
2010,KRA,JH,yi,16800,64755.3,53417.9
2010,KRA,PR,pl,1919.34,8362.39,10281.7
2010,KRA,PR,de,2571.09,6949.62,7081.97
2010,KRA,PR,lt,25.5209,107.106,62.1345
2010,KRA,PR,cs,15.1963,60.1321,56.3346
2010,KRA,PR,lv,19.5925,81.453,52.0959
2010,KRA,OT,pl,620.662,2767.54,3388.2
2010,KRA,OT,lt,2.14782,8.63441,4.54685
2010,KRA,OT,kdr,1.56826,6.24404,6.29549
2010,KRA,OT,oth,63.4943,618.879,303.768
2010,LWO,RC,pl,617634,1.11341e+06,1.73104e+06
2010,LWO,RC,uk,31.0317,126.085,117.652
2010,LWO,RC,be,237.854,743.406,815.692
2010,LWO,RC,pls,129.28,455.184,481.998
2010,LWO,RC,de,1440.58,2640.36,3052.19
2010,LWO,RC,ru,0.499957,1.84044,1.86841
2010,LWO,RC,lt,2126.82,8585.05,5697.52
2010,LWO,RC,csb,624.395,2329.49,2474.96
2010,LWO,RC,cs,255.159,945.789,877.539
2010,LWO,RC,rom,2344.43,3365.17,4414.87
2010,LWO,RC,wym,1.05383,3.24688,3.69437
2010,LWO,RC,oth,1305.23,1406.58,2273.76
2010,LWO,GC,pl,95520.6,111285,206806
2010,LWO,GC,uk,519123,495700,782886
2010,LWO,GC,rue,25647.4,19216.3,35952.5
2010,LWO,OR,pl,21186.7,83510.2,104697
2010,LWO,OR,uk,53900.1,205570,198248
2010,LWO,OR,be,5377.56,19278.7,20111.7
2010,LWO,OR,pls,3303.93,10500.9,11451.7
2010,LWO,OR,ru,1258.16,4773.7,4710.07
2010,LWO,OR,lt,5.95879,23.0437,11.6702
2010,LWO,OR,rue,2241.84,1553.78,3016.25
2010,LWO,OR,cs,179.683,676.64,619.819
2010,LWO,JW,pl,24636,134557,159193
2010,LWO,JW,yi,8312.84,19040.7,21501.6
2010,LWO,JW,de,13.0249,52.7421,47.6418
2010,LWO,JW,ru,2.21105,9.01478,8.73859
2010,LWO,JW,lt,58.2326,233.776,127.183
2010,LWO,JH,pl,866.422,3679.32,4545.74
2010,LWO,JH,yi,30084.6,102139,85979.5
2010,LWO,PR,pl,5479.85,13133.4,18613.2
2010,LWO,PR,de,3891.43,9038.59,9514.99
2010,LWO,PR,lt,32.1249,135.352,75.8853
2010,LWO,PR,cs,31.1824,125.213,116.315
2010,LWO,PR,lv,24.6953,103.345,63.5207
2010,LWO,OT,pl,2273.29,5959.44,8232.74
2010,LWO,OT,lt,2.81935,11.3038,5.86799
2010,LWO,OT,kdr,2.38996,9.63784,9.6443
2010,LWO,OT,oth,579.175,1336.09,1171.61
2010,STA,RC,pl,113545,276641,390186
2010,STA,RC,uk,15.212,61.3518,56.889
2010,STA,RC,be,79.4388,248.696,271.143
2010,STA,RC,pls,43.4524,154.192,161.796
2010,STA,RC,de,1433.86,1668.01,2269.13
2010,STA,RC,ru,0.173331,0.64129,0.645526
2010,STA,RC,lt,724.95,2884.61,1842.3
2010,STA,RC,csb,211.676,786.941,831.971
2010,STA,RC,cs,86.1836,318.735,292.367
2010,STA,RC,rom,804.275,1151.55,1502.12
2010,STA,RC,wym,0.357819,1.07884,1.22646
2010,STA,RC,oth,700.709,698.433,1156.04
2010,STA,GC,pl,45332.3,57476.3,102809
2010,STA,GC,uk,495911,451951,715281
2010,STA,GC,rue,197.109,801.796,806.197
2010,STA,OR,pl,5721.39,26823.7,32545.1
2010,STA,OR,uk,23968.7,91932.3,87251.9
2010,STA,OR,be,1847.3,6714.55,6905.21
2010,STA,OR,pls,1163.26,3812.59,4084.83
2010,STA,OR,ru,436.114,1665.29,1618.09
2010,STA,OR,lt,2.15051,8.42182,4.06002
2010,STA,OR,rue,12.8772,48.9554,49.5891
2010,STA,OR,cs,62.4339,236.851,212.745
2010,STA,JW,pl,7147,37944.3,45091.3
2010,STA,JW,yi,3071.05,7448.91,8138.25
2010,STA,JW,de,7.28209,27.6477,25.1507
2010,STA,JW,ru,0.728849,3.038,2.89366
2010,STA,JW,lt,20.0496,81.966,42.1777
2010,STA,JH,pl,309.39,1279.11,1588.5
2010,STA,JH,yi,11364.6,39108.6,32188.8
2010,STA,PR,pl,1145.12,3602.54,4747.66
2010,STA,PR,de,3559.9,5095.38,6298.83
2010,STA,PR,lt,11.1915,46.1697,24.5364
2010,STA,PR,cs,10.4165,41.0807,37.946
2010,STA,PR,lv,8.49582,34.8023,20.3494
2010,STA,OT,pl,1043.5,2313.8,3357.3
2010,STA,OT,lt,0.98189,3.97277,1.939
2010,STA,OT,kdr,11.793,17.1563,23.3521
2010,STA,OT,oth,335.067,536.13,595.422
2010,TAR,RC,pl,213939,359853,573793
2010,TAR,RC,uk,12.667,52.4999,48.4185
2010,TAR,RC,be,75.4287,237.271,259.215
2010,TAR,RC,pls,40.5096,145.105,152.146
2010,TAR,RC,de,354.688,752.553,822.112
2010,TAR,RC,ru,0.165818,0.61553,0.619494
2010,TAR,RC,lt,679.227,2731.26,1755.12
2010,TAR,RC,csb,194.875,733.066,774.038
2010,TAR,RC,cs,87.2631,327.506,299.956
2010,TAR,RC,rom,435.468,831.376,974.965
2010,TAR,RC,wym,0.331377,0.997473,1.13956
2010,TAR,RC,oth,186.335,297.182,403.763
2010,TAR,GC,pl,60889.7,66540.6,127430
2010,TAR,GC,uk,313992,291349,461037
2010,TAR,GC,rue,181.003,737.753,744.539
2010,TAR,OR,pl,5530.54,26255.2,31785.7
2010,TAR,OR,uk,21328.8,82202.3,78264.9
2010,TAR,OR,be,1732.44,6457.8,6626.44
2010,TAR,OR,pls,1069.38,3578.86,3832.74
2010,TAR,OR,ru,408.52,1606.12,1557.79
2010,TAR,OR,lt,2.01469,7.97456,3.86427
2010,TAR,OR,rue,11.4266,45.3959,45.8157
2010,TAR,OR,cs,62.105,242.89,217.863
2010,TAR,JW,pl,7682.76,35289,42971.7
2010,TAR,JW,yi,2584.68,5642.81,6393.73
2010,TAR,JW,de,3.63135,14.4555,12.9733
2010,TAR,JW,ru,0.712505,2.78453,2.69789
2010,TAR,JW,lt,19.301,75.5798,39.381
2010,TAR,JH,pl,256.353,1098.92,1355.27
2010,TAR,JH,yi,9173.29,29353.4,24755.3
2010,TAR,PR,pl,1388.14,3582.24,4970.38
2010,TAR,PR,de,1014.81,2614.07,2653.44
2010,TAR,PR,lt,10.4324,43.1959,23.1604
2010,TAR,PR,cs,10.5227,41.9774,38.82
2010,TAR,PR,lv,7.97649,32.8962,19.3731
2010,TAR,OT,pl,1750.52,2714.55,4465.07
2010,TAR,OT,lt,0.923297,3.64657,1.79983
2010,TAR,OT,kdr,0.74944,2.9695,2.97745
2010,TAR,OT,oth,139.577,344.651,293.329
2010,LT_KAU,RC,pl,6167.41,11280.7,12248.3
2010,LT_KAU,RC,uk,0.104996,0.400554,0.214855
2010,LT_KAU,RC,be,35.9437,103.608,105.621
2010,LT_KAU,RC,pls,2.74663,9.93597,6.61234
2010,LT_KAU,RC,de,20.4687,77.0794,59.6595
2010,LT_KAU,RC,ru,0.207951,0.839603,0.805356
2010,LT_KAU,RC,lt,88949,182920,271869
2010,LT_KAU,RC,csb,14.3947,53.9978,34.5352
2010,LT_KAU,RC,cs,3.31131,12.3361,7.12482
2010,LT_KAU,RC,rom,312.708,468.379,604.73
2010,LT_KAU,RC,oth,3.70808,13.2547,8.99336
2010,LT_KAU,GC,pl,11.8411,47.2166,28.4104
2010,LT_KAU,GC,uk,97.4951,384.259,241.485
2010,LT_KAU,GC,lt,2.65148,19.8863,22.5378
2010,LT_KAU,GC,rue,6.07606,23.5905,15.14
2010,LT_KAU,OR,pl,129.335,498.215,314.58
2010,LT_KAU,OR,uk,190.371,782.92,471.455
2010,LT_KAU,OR,be,179.408,654.61,468.178
2010,LT_KAU,OR,pls,68.1175,237.606,154.365
2010,LT_KAU,OR,ru,3973.29,6701.67,8590.33
2010,LT_KAU,OR,lt,808.637,2607.41,3416.05
2010,LT_KAU,OR,rue,0.296257,1.15045,0.741883
2010,LT_KAU,OR,cs,2.11065,8.0613,4.67852
2010,LT_KAU,JW,pl,78.4561,396.12,267.497
2010,LT_KAU,JW,yi,810.462,4034.73,4024.79
2010,LT_KAU,JW,de,5.5797,34.9223,30.7533
2010,LT_KAU,JW,ru,2.61012,28.1853,25.493
2010,LT_KAU,JW,lt,1385.3,12634.5,14019.8
2010,LT_KAU,JH,pl,3.61955,18.9025,12.8557
2010,LT_KAU,JH,yi,237.112,1052.34,667.451
2010,LT_KAU,PR,pl,16.1786,60.8355,42.9228
2010,LT_KAU,PR,de,2182.09,4151.35,4791.44
2010,LT_KAU,PR,lt,1303.01,3952.54,5255.55
2010,LT_KAU,PR,cs,0.379127,1.48609,0.895717
2010,LT_KAU,PR,lv,112.839,438.556,423.464
2010,LT_KAU,OT,pl,255.58,290.011,429.485
2010,LT_KAU,OT,lt,332.676,1068.87,1401.55
2010,LT_KAU,OT,kdr,0.626312,2.40931,2.4274
2010,LT_KAU,OT,oth,393.508,689.667,873.434
2010,LT_LAU,RC,pl,9910.3,10461.9,14730.1
2010,LT_LAU,RC,be,32.9489,99.5655,102.853
2010,LT_LAU,RC,pls,2.01183,7.83073,4.98513
2010,LT_LAU,RC,de,14.2848,57.0553,44.0961
2010,LT_LAU,RC,ru,0.16163,0.655446,0.626034
2010,LT_LAU,RC,lt,206683,236306,442989
2010,LT_LAU,RC,csb,10.6342,42.6315,26.1173
2010,LT_LAU,RC,cs,2.51104,10.0254,5.51739
2010,LT_LAU,RC,rom,44.2422,175.898,163.66
2010,LT_LAU,RC,oth,2.5354,9.74608,6.29856
2010,LT_LAU,GC,pl,7.62912,33.0726,18.7392
2010,LT_LAU,GC,uk,68.6088,295.388,176.935
2010,LT_LAU,GC,lt,1.69461,14.0692,15.7638
2010,LT_LAU,GC,rue,4.37258,18.541,11.3438
2010,LT_LAU,OR,pl,88.839,344.656,206.146
2010,LT_LAU,OR,uk,141.391,613.154,354.056
2010,LT_LAU,OR,be,129.84,508.262,349.257
2010,LT_LAU,OR,pls,49.877,187.925,117.363
2010,LT_LAU,OR,ru,5448.35,5561.25,8736.85
2010,LT_LAU,OR,lt,1062.89,1931.49,2994.38
2010,LT_LAU,OR,rue,0.218798,0.902793,0.559647
2010,LT_LAU,OR,cs,1.60526,6.51297,3.61677
2010,LT_LAU,JW,pl,61.6177,240.409,157.828
2010,LT_LAU,JW,yi,1856.03,3471.72,4395.17
2010,LT_LAU,JW,de,3.45478,15.9042,14.4547
2010,LT_LAU,JW,ru,3.03081,11.0274,11.3611
2010,LT_LAU,JW,lt,2325.98,10017.6,12343.6
2010,LT_LAU,JH,pl,3.61288,14.53,10.2817
2010,LT_LAU,JH,yi,226.084,824.718,541.401
2010,LT_LAU,PR,pl,9.24203,37.3706,23.688
2010,LT_LAU,PR,de,1167.28,2347.38,2628.47
2010,LT_LAU,PR,lt,860.282,3419.42,4279.7
2010,LT_LAU,PR,cs,0.280481,1.18323,0.680388
2010,LT_LAU,PR,lv,465.94,731.862,909.384
2010,LT_LAU,OT,pl,8.66465,29.3282,24.6304
2010,LT_LAU,OT,lt,230.179,472.308,702.487
2010,LT_LAU,OT,kdr,17.0781,14.9022,26.2067
2010,LT_LAU,OT,oth,349.281,412.771,601.944
2010,LT_ZEM,RC,pl,3163.47,5566,5911.88
2010,LT_ZEM,RC,be,33.4107,102.792,105.146
2010,LT_ZEM,RC,pls,2.23586,8.66297,5.63494
2010,LT_ZEM,RC,de,18.0514,71.6012,57.1709
2010,LT_ZEM,RC,ru,0.13319,0.541591,0.516481
2010,LT_ZEM,RC,lt,236580,266015,502595
2010,LT_ZEM,RC,csb,11.866,47.3188,29.5616
2010,LT_ZEM,RC,cs,2.74936,10.9143,6.15284
2010,LT_ZEM,RC,rom,171.992,268.74,337.73
2010,LT_ZEM,RC,oth,2.84216,10.8751,7.17916
2010,LT_ZEM,GC,pl,6.83766,30.3162,17.4681
2010,LT_ZEM,GC,uk,77.5202,341.613,208.047
2010,LT_ZEM,GC,lt,2.01051,17.3877,19.3982
2010,LT_ZEM,GC,rue,4.92595,21.3441,13.2784
2010,LT_ZEM,OR,pl,70.3283,294.715,171.112
2010,LT_ZEM,OR,uk,155.133,674.427,393.652
2010,LT_ZEM,OR,be,145.134,566.036,394.428
2010,LT_ZEM,OR,pls,55.5835,209.278,132.447
2010,LT_ZEM,OR,ru,3271.33,4102.04,5852.13
2010,LT_ZEM,OR,lt,694.346,1587.65,2282
2010,LT_ZEM,OR,rue,0.242797,1.00111,0.627129
2010,LT_ZEM,OR,cs,1.75526,7.12811,4.00718
2010,LT_ZEM,JW,pl,43.2763,186.512,112.627
2010,LT_ZEM,JW,yi,1898.34,3780.86,4685.13
2010,LT_ZEM,JW,de,4.91543,22.4962,20.6343
2010,LT_ZEM,JW,ru,1.91408,8.25371,8.23921
2010,LT_ZEM,JW,lt,2432.56,10856.9,13289.5
2010,LT_ZEM,JH,pl,2.90168,12.5493,8.62673
2010,LT_ZEM,JH,yi,241.868,927.877,607.377
2010,LT_ZEM,PR,pl,7.17086,32.4356,19.8459
2010,LT_ZEM,PR,de,2158.53,3599.35,4317.52
2010,LT_ZEM,PR,lt,3668.47,6064.37,9732.83
2010,LT_ZEM,PR,cs,0.305694,1.32737,0.772413
2010,LT_ZEM,PR,lv,2396.04,2033.21,3338.51
2010,LT_ZEM,OT,pl,6.46552,25.6135,20.747
2010,LT_ZEM,OT,lt,263.961,561.321,825.282
2010,LT_ZEM,OT,kdr,0.672617,2.77814,2.78004
2010,LT_ZEM,OT,oth,410.805,494.793,716.707
2010,LT_SUV,RC,pl,4632.74,6460.27,7610.59
2010,LT_SUV,RC,be,443.996,247.065,574.542
2010,LT_SUV,RC,pls,2.39455,9.15364,5.99569
2010,LT_SUV,RC,de,18.0927,71.8652,54.095
2010,LT_SUV,RC,ru,0.423042,0.626303,0.812033
2010,LT_SUV,RC,lt,190089,199680,389769
2010,LT_SUV,RC,csb,12.6195,49.8377,31.4102
2010,LT_SUV,RC,cs,2.84837,11.2128,6.37312
2010,LT_SUV,RC,rom,675.687,536.166,941.106
2010,LT_SUV,RC,oth,3.00266,11.3134,7.48397
2010,LT_SUV,GC,pl,8.20426,36.7846,21.4373
2010,LT_SUV,GC,uk,85.3425,379.43,233.191
2010,LT_SUV,GC,lt,2.26135,20.9333,23.1947
2010,LT_SUV,GC,rue,5.33572,23.2749,14.605
2010,LT_SUV,OR,pl,80.5615,334.054,196.423
2010,LT_SUV,OR,uk,165.929,708.441,424.871
2010,LT_SUV,OR,be,148.163,571.656,399.193
2010,LT_SUV,OR,pls,61.1863,225.696,145.426
2010,LT_SUV,OR,ru,2663.61,3035.69,4518.1
2010,LT_SUV,OR,lt,600.425,1311,1911.42
2010,LT_SUV,OR,rue,0.262971,1.077,0.686097
2010,LT_SUV,OR,cs,1.84057,7.41563,4.24455
2010,LT_SUV,JW,pl,52.2171,218.644,134.688
2010,LT_SUV,JW,yi,1653.04,2800.57,3650.22
2010,LT_SUV,JW,de,9.88807,30.2904,30.0742
2010,LT_SUV,JW,ru,1.67557,6.38289,6.51293
2010,LT_SUV,JW,lt,2178.95,8560.42,10739.4
2010,LT_SUV,JH,pl,3.4718,14.4633,10.1811
2010,LT_SUV,JH,yi,243.528,891.703,583.234
2010,LT_SUV,PR,pl,10.6995,41.5116,27.5255
2010,LT_SUV,PR,de,6311.91,5856.33,9020.42
2010,LT_SUV,PR,lt,1242.28,3389.09,4631.36
2010,LT_SUV,PR,cs,0.330228,1.39922,0.827859
2010,LT_SUV,PR,lv,83.8167,352.435,330.762
2010,LT_SUV,OT,pl,7.68735,28.587,23.444
2010,LT_SUV,OT,lt,234.832,445.519,680.35
2010,LT_SUV,OT,kdr,0.466818,1.86639,1.85199
2010,LT_SUV,OT,oth,344.798,368.876,567.659
2010,LT_NEA,RC,pl,8558.32,8392.45,12315.6
2010,LT_NEA,RC,be,872.132,429.962,1086.18
2010,LT_NEA,RC,pls,1.52635,5.9544,3.79707
2010,LT_NEA,RC,de,9.60822,38.4843,29.3537
2010,LT_NEA,RC,ru,6.30474,4.15462,8.15607
2010,LT_NEA,RC,lt,163194,176923,340117
2010,LT_NEA,RC,csb,7.8255,31.4021,19.4558
2010,LT_NEA,RC,cs,1.94898,7.80364,4.25981
2010,LT_NEA,RC,rom,30.4753,121.315,112.481
2010,LT_NEA,RC,oth,1.91377,7.35668,4.78909
2010,LT_NEA,GC,pl,5.88932,24.3139,13.7382
2010,LT_NEA,GC,uk,53.0193,216.812,129.686
2010,LT_NEA,GC,lt,1.31103,9.56692,10.8779
2010,LT_NEA,GC,rue,3.32385,13.4279,8.24322
2010,LT_NEA,OR,pl,83.8068,282.224,178.363
2010,LT_NEA,OR,uk,112.353,482.135,273.691
2010,LT_NEA,OR,be,113.219,437.201,299.371
2010,LT_NEA,OR,pls,39.0275,145.599,90.9292
2010,LT_NEA,OR,ru,14287.7,10495.3,19363.9
2010,LT_NEA,OR,lt,2263.67,2804.76,5068.43
2010,LT_NEA,OR,rue,0.167525,0.684004,0.420557
2010,LT_NEA,OR,cs,1.27941,5.15619,2.80756
2010,LT_NEA,JW,pl,48.6861,175.375,116.74
2010,LT_NEA,JW,yi,1718.92,2532.01,3478.62
2010,LT_NEA,JW,de,2.14811,9.56051,8.69453
2010,LT_NEA,JW,ru,8.69763,18.2036,21.5265
2010,LT_NEA,JW,lt,1982.38,6781.93,8764.3
2010,LT_NEA,JH,pl,2.90228,10.7784,7.75665
2010,LT_NEA,JH,yi,183.37,603.012,403.489
2010,LT_NEA,PR,pl,6.41126,27.1178,16.7268
2010,LT_NEA,PR,de,541.17,1357.77,1409.56
2010,LT_NEA,PR,lt,4615.24,4944.27,9559.51
2010,LT_NEA,PR,cs,0.219817,0.918329,0.523117
2010,LT_NEA,PR,lv,3153.3,2189.35,3981.86
2010,LT_NEA,OT,pl,6.64482,21.7343,18.2154
2010,LT_NEA,OT,lt,200.13,360.163,560.294
2010,LT_NEA,OT,kdr,0.479076,1.93675,1.94278
2010,LT_NEA,OT,oth,332.245,337.888,532.519
2010,LT_KLA,RC,pl,534.948,2087.82,1450.78
2010,LT_KLA,RC,be,17.8395,52.554,53.2118
2010,LT_KLA,RC,pls,1.4349,5.1832,3.20481
2010,LT_KLA,RC,de,365.638,394.357,556.657
2010,LT_KLA,RC,lt,32304.8,82908.7,115213
2010,LT_KLA,RC,csb,8.82816,32.8914,19.2661
2010,LT_KLA,RC,cs,1.76465,6.50391,3.49589
2010,LT_KLA,RC,rom,29.3967,109.573,103.481
2010,LT_KLA,RC,oth,1.92534,6.94175,4.3212
2010,LT_KLA,GC,pl,4.26231,16.8213,8.95526
2010,LT_KLA,GC,uk,50.996,200.872,114.317
2010,LT_KLA,GC,lt,1.11133,8.41103,9.52236
2010,LT_KLA,GC,rue,3.25611,12.6639,7.37477
2010,LT_KLA,OR,pl,41.0751,164.014,87.7939
2010,LT_KLA,OR,uk,98.6425,416.183,225.541
2010,LT_KLA,OR,be,82.8349,311.694,203.985
2010,LT_KLA,OR,pls,34.452,124.007,73.0454
2010,LT_KLA,OR,ru,741.633,1530.04,1798.49
2010,LT_KLA,OR,lt,183.472,695.209,878.681
2010,LT_KLA,OR,rue,0.157376,0.619926,0.36165
2010,LT_KLA,OR,cs,1.10666,4.27896,2.25805
2010,LT_KLA,JW,pl,26.3945,99.1377,53.5811
2010,LT_KLA,JW,yi,288.688,919.096,972.192
2010,LT_KLA,JW,de,28.8276,207.611,178.574
2010,LT_KLA,JW,ru,0.721634,2.90025,2.91243
2010,LT_KLA,JW,lt,683.514,3324.72,4008.23
2010,LT_KLA,JH,pl,0.967547,5.49776,3.38489
2010,LT_KLA,JH,yi,92.9197,365.797,210.322
2010,LT_KLA,PR,pl,4.34987,17.7927,9.82823
2010,LT_KLA,PR,de,15698.4,18350.3,25323.5
2010,LT_KLA,PR,lt,14273.3,12931.6,27204.9
2010,LT_KLA,PR,cs,0.198508,0.769523,0.427909
2010,LT_KLA,PR,lv,68.8197,269.592,258.383
2010,LT_KLA,OT,pl,3.38188,12.592,9.7254
2010,LT_KLA,OT,lt,159.294,418.732,578.026
2010,LT_KLA,OT,kdr,0.358226,1.35837,1.37938
2010,LT_KLA,OT,oth,245.375,356.322,474.118
2015,WAW,RC,pl,124795,1.57063e+06,1.69543e+06
2015,WAW,RC,uk,12.9184,85.4909,75.4314
2015,WAW,RC,be,235.377,1869.7,1770.91
2015,WAW,RC,pls,117.152,934.249,884.901
2015,WAW,RC,de,402.415,3890.65,3316.56
2015,WAW,RC,ru,0.590822,4.55009,4.20283
2015,WAW,RC,lt,2720.72,23285.9,14377
2015,WAW,RC,csb,631.274,5775.72,5485.95
2015,WAW,RC,cs,145.549,1152.25,969.038
2015,WAW,RC,rom,377.447,3494.01,3039
2015,WAW,RC,wym,0.547072,4.6834,4.48744
2015,WAW,RC,oth,116.296,1065.53,1020.31
2015,WAW,GC,pl,1833.61,26639.9,28473.5
2015,WAW,GC,uk,8822.46,93784.2,80985.5
2015,WAW,GC,rue,291.114,3051.88,2759.36
2015,WAW,OR,pl,16634.5,192250,208885
2015,WAW,OR,uk,18397.5,167596,141992
2015,WAW,OR,be,5940.24,52266.7,48088.7
2015,WAW,OR,pls,3000,21809.2,20894.8
2015,WAW,OR,ru,1068.14,12158.9,10507.6
2015,WAW,OR,lt,10.7279,70.9221,34.6467
2015,WAW,OR,rue,14.275,147.587,131.818
2015,WAW,OR,cs,102.088,887.037,720.686
2015,WAW,JW,pl,9431.56,184963,194395
2015,WAW,JW,yi,2342.39,28275.8,24638.3
2015,WAW,JW,de,12.3424,127.621,102.846
2015,WAW,JW,ru,2.12033,27.046,23.2673
2015,WAW,JW,lt,96.0743,667.307,349.175
2015,WAW,JH,pl,256.101,5125.76,5381.86
2015,WAW,JH,yi,8580.42,150743,106955
2015,WAW,PR,pl,1555.68,31629.7,33185.4
2015,WAW,PR,de,1582.21,17410.5,14175.3
2015,WAW,PR,lt,47.129,389.945,208.572
2015,WAW,PR,cs,15.4398,151.72,126.187
2015,WAW,PR,lv,26.031,254.193,147.313
2015,WAW,OT,pl,601.303,9935.01,10536.3
2015,WAW,OT,lt,4.72258,32.1309,15.8556
2015,WAW,OT,kdr,1.51345,17.0537,15.0244
2015,WAW,OT,oth,72.204,3646.95,1174.84
2015,WAR,RC,pl,962683,1.35726e+06,2.31994e+06
2015,WAR,RC,uk,5.14559,20.6026,19.5342
2015,WAR,RC,be,182,556.242,617.626
2015,WAR,RC,pls,89.9693,314.225,335.788
2015,WAR,RC,de,1750.7,2907.35,3497.54
2015,WAR,RC,ru,0.449013,1.66506,1.70294
2015,WAR,RC,lt,1957.36,7949.06,5466.69
2015,WAR,RC,csb,907.84,3262.36,3521.18
2015,WAR,RC,cs,118.819,441.854,411.718
2015,WAR,RC,rom,1533.61,2374.2,3027.88
2015,WAR,RC,wym,0.580392,1.78485,2.02557
2015,WAR,RC,oth,1709.82,1575.08,2767.53
2015,WAR,GC,pl,1895.68,9107.19,11002.9
2015,WAR,GC,uk,5895.59,23017.8,22494.6
2015,WAR,GC,rue,282.685,1162.51,1176.98
2015,WAR,OR,pl,16355.3,67239.8,83595.1
2015,WAR,OR,uk,10837.7,40366.2,38986.2
2015,WAR,OR,be,4433.88,15555.2,16388.2
2015,WAR,OR,pls,2359.81,7299.33,8069.02
2015,WAR,OR,ru,4463.61,6729.1,8892.57
2015,WAR,OR,lt,6.04562,23.7466,12.5435
2015,WAR,OR,rue,13.9875,53.2686,54.4094
2015,WAR,OR,cs,87.1463,326.425,299.141
2015,WAR,JW,pl,15940.8,83340.6,99281.5
2015,WAR,JW,yi,6344.92,13154.4,15132.4
2015,WAR,JW,de,23.1109,88.8201,82.3436
2015,WAR,JW,ru,2.39541,9.53856,9.37991
2015,WAR,JW,lt,53.8927,218.614,123.66
2015,WAR,JH,pl,861.465,3554.36,4415.82
2015,WAR,JH,yi,26204.8,91446.8,76117.5
2015,WAR,PR,pl,10268.3,18892.9,29161.2
2015,WAR,PR,de,12823.8,17930.2,22970.3
2015,WAR,PR,lt,31.4154,133.724,78.4685
2015,WAR,PR,cs,13.7348,54.6728,51.2781
2015,WAR,PR,lv,22.0639,92.546,60.3328
2015,WAR,OT,pl,1176.7,3397.72,4574.42
2015,WAR,OT,lt,2.65185,10.8206,5.79993
2015,WAR,OT,kdr,1.519,6.10887,6.13719
2015,WAR,OT,oth,245.458,991.103,602.537
2015,LOD,RC,pl,872245,1.62369e+06,2.49593e+06
2015,LOD,RC,uk,9.67374,36.6528,35.3253
2015,LOD,RC,be,338.697,975.551,1101.02
2015,LOD,RC,pls,165.314,539.261,587.709
2015,LOD,RC,de,3417.16,6512.61,7559.78
2015,LOD,RC,ru,0.767139,2.67155,2.78312
2015,LOD,RC,lt,3561.06,13649.7,9646.01
2015,LOD,RC,csb,1321.55,4499.9,4934.27
2015,LOD,RC,cs,214.298,746.423,709.992
2015,LOD,RC,rom,1302.07,2971.83,3330.89
2015,LOD,RC,wym,1.13935,3.35231,3.85221
2015,LOD,RC,oth,2000.56,2118.57,3498.69
2015,LOD,GC,pl,3374.86,15130.8,18505.6
2015,LOD,GC,uk,10226.8,39658.9,39089.2
2015,LOD,GC,rue,543.531,2025.05,2106.74
2015,LOD,OR,pl,27722.2,111913,139635
2015,LOD,OR,uk,18417.5,70407.1,67759.4
2015,LOD,OR,be,7985.12,26738.5,28553.6
2015,LOD,OR,pls,4168.58,12226.1,13717.7
2015,LOD,OR,ru,2591.79,7099.23,7663.3
2015,LOD,OR,lt,10.4182,39.4908,21.224
2015,LOD,OR,rue,24.9938,91.3352,94.4877
2015,LOD,OR,cs,152.341,546.372,507.611
2015,LOD,JW,pl,22558.5,145893,168451
2015,LOD,JW,yi,7968.09,22186.5,23710.7
2015,LOD,JW,de,57.0826,501.295,426.633
2015,LOD,JW,ru,3.24379,13.1801,12.9203
2015,LOD,JW,lt,96.8004,373.472,217.505
2015,LOD,JH,pl,994.718,5090.85,6085.57
2015,LOD,JH,yi,30871.5,145931,116564
2015,LOD,PR,pl,28280.6,51548.2,79828.8
2015,LOD,PR,de,25325.2,48371.2,55632.7
2015,LOD,PR,lt,53.7433,225.365,135.85
2015,LOD,PR,cs,24.8762,95.9306,90.5561
2015,LOD,PR,lv,39.4022,161.398,107.251
2015,LOD,OT,pl,1609.46,5546.12,7155.57
2015,LOD,OT,lt,4.72221,18.2881,10.0658
2015,LOD,OT,kdr,2.84774,10.8083,11.0008
2015,LOD,OT,oth,252.783,1862.81,876.867
2015,KIE,RC,pl,1.32502e+06,1.84718e+06,3.1722e+06
2015,KIE,RC,uk,7.25618,28.6702,27.3985
2015,KIE,RC,be,235.836,717.583,797.837
2015,KIE,RC,pls,117.425,403.137,433.891
2015,KIE,RC,de,1004.69,2660.67,2782.77
2015,KIE,RC,ru,0.551143,2.01535,2.07465
2015,KIE,RC,lt,2543.7,9974.49,6947.95
2015,KIE,RC,csb,896.484,3164.82,3436.85
2015,KIE,RC,cs,166.588,605.181,569.338
2015,KIE,RC,rom,1964.96,3129.07,3962.72
2015,KIE,RC,wym,1.0721,3.24548,3.7027
2015,KIE,RC,oth,1714.57,1741.11,2908.79
2015,KIE,GC,pl,2791.95,13530.4,16322.4
2015,KIE,GC,uk,7961.08,33407.7,32505
2015,KIE,GC,rue,483.855,1956.51,2005.92
2015,KIE,OR,pl,20684.9,87566.9,108252
2015,KIE,OR,uk,14813.8,56713.3,54344.8
2015,KIE,OR,be,6005.1,20294,21520.4
2015,KIE,OR,pls,3133.63,9418.73,10467.6
2015,KIE,OR,ru,3118.08,6483.89,7539.38
2015,KIE,OR,lt,7.8426,30.2939,16.2031
2015,KIE,OR,rue,22.7833,81.8996,84.5332
2015,KIE,OR,cs,128.026,462.668,426.168
2015,KIE,JW,pl,22109.7,128093,150203
2015,KIE,JW,yi,9462.43,21061.2,23731.1
2015,KIE,JW,de,15.0743,70.5924,62.7338
2015,KIE,JW,ru,2.4045,10.5464,10.1168
2015,KIE,JW,lt,67.6555,288.753,163.637
2015,KIE,JH,pl,1257.44,5159.49,6416.93
2015,KIE,JH,yi,38927.4,143486,117670
2015,KIE,PR,pl,3127.82,13263.7,16391.5
2015,KIE,PR,de,4879.59,11657.7,12273
2015,KIE,PR,lt,38.1929,166.701,98.4412
2015,KIE,PR,cs,18.8684,77.3215,71.8474
2015,KIE,PR,lv,28.07,120.978,78.6649
2015,KIE,OT,pl,1565.41,4824.28,6389.68
2015,KIE,OT,lt,3.33712,13.9755,7.49673
2015,KIE,OT,kdr,1.99804,8.31798,8.2796
2015,KIE,OT,oth,318.465,1475.66,843.951
2015,LUB,RC,pl,1.22542e+06,1.67121e+06,2.89663e+06
2015,LUB,RC,uk,12.7464,51.073,48.0554
2015,LUB,RC,be,448.033,833.866,1063.47
2015,LUB,RC,pls,129.567,432.575,463.292
2015,LUB,RC,de,1146.95,2281.84,2516.69
2015,LUB,RC,ru,0.575523,1.98675,2.04569
2015,LUB,RC,lt,2346.61,8939.01,6084.46
2015,LUB,RC,csb,671.226,2302.54,2479.84
2015,LUB,RC,cs,200.329,699.094,654.822
2015,LUB,RC,rom,1695.76,2691.32,3321.14
2015,LUB,RC,wym,0.704111,2.12387,2.409
2015,LUB,RC,oth,156.092,487.86,541.287
2015,LUB,GC,pl,4929.5,16863.3,21792.8
2015,LUB,GC,uk,30212,70007.8,77264.4
2015,LUB,GC,rue,406.94,1585.21,1621.66
2015,LUB,OR,pl,201019,232890,433909
2015,LUB,OR,uk,125937,169395,214623
2015,LUB,OR,be,8385.08,21642,23956
2015,LUB,OR,pls,4142.94,10880.8,12300.1
2015,LUB,OR,ru,6129.22,8427.66,10981.6
2015,LUB,OR,lt,8.3207,28.3841,15.1917
2015,LUB,OR,rue,31.162,89.0953,94.7277
2015,LUB,OR,cs,185.931,550.014,517.987
2015,LUB,JW,pl,18722.7,91357.6,110080
2015,LUB,JW,yi,8319.18,16812.2,19415.8
2015,LUB,JW,de,12.5676,53.0742,47.6942
2015,LUB,JW,ru,2.44661,10.1477,9.79081
2015,LUB,JW,lt,56.8822,250.608,134.416
2015,LUB,JH,pl,1070.19,4128,5198.19
2015,LUB,JH,yi,34171.9,109197,91271.9
2015,LUB,PR,pl,10340.6,20492.7,30833.3
2015,LUB,PR,de,5477.17,11294.1,12358.6
2015,LUB,PR,lt,31.5959,146.451,82.513
2015,LUB,PR,cs,20.0583,88.6997,81.119
2015,LUB,PR,lv,22.9505,105.723,65.4455
2015,LUB,OT,pl,1620.14,4551.99,6172.13
2015,LUB,OT,lt,2.91476,12.4233,6.4073
2015,LUB,OT,kdr,1.73292,7.35755,7.28365
2015,LUB,OT,oth,73.2623,996.906,382.113
2015,BIA,RC,pl,504881,826206,1.33109e+06
2015,BIA,RC,uk,4.74145,19.1549,18.034
2015,BIA,RC,be,3636.63,3040.92,5579.55
2015,BIA,RC,pls,86.5173,305.042,324.229
2015,BIA,RC,de,489.448,1220.43,1276.89
2015,BIA,RC,ru,9.31056,9.64742,15.2606
2015,BIA,RC,lt,6936.91,13620.5,12925.5
2015,BIA,RC,csb,426.648,1583.45,1685.6
2015,BIA,RC,cs,102.956,386.075,356.556
2015,BIA,RC,rom,676.215,1406.56,1602.61
2015,BIA,RC,wym,0.400259,1.23929,1.39989
2015,BIA,RC,oth,253.482,436.715,580.256
2015,BIA,GC,pl,1390.8,6758.19,8148.99
2015,BIA,GC,uk,4293.95,18219.2,17480.6
2015,BIA,GC,rue,206.128,847.436,856.279
2015,BIA,OR,pl,177499,230505,408004
2015,BIA,OR,uk,12196.3,39153.9,38708
2015,BIA,OR,be,115389,108557,179582
2015,BIA,OR,pls,2523.94,7642.98,8436.13
2015,BIA,OR,ru,20949.9,21813.4,33510.8
2015,BIA,OR,lt,11.1899,34.3907,21.7747
2015,BIA,OR,rue,11.6113,42.6274,43.4777
2015,BIA,OR,cs,81.3854,296.335,269.631
2015,BIA,JW,pl,12274.6,66169.2,78443.8
2015,BIA,JW,yi,6015.09,13295.9,14905.2
2015,BIA,JW,de,8.25286,35.7929,31.6156
2015,BIA,JW,ru,10.5125,33.7007,34.8887
2015,BIA,JW,lt,64.3701,274.194,158.008
2015,BIA,JH,pl,713.89,2704.3,3418.19
2015,BIA,JH,yi,24003.8,81686.1,67562.6
2015,BIA,PR,pl,2918.42,8211.56,11130
2015,BIA,PR,de,2822.35,6385.31,6725.9
2015,BIA,PR,lt,35.7937,161.29,95.8605
2015,BIA,PR,cs,11.6231,49.0098,44.9114
2015,BIA,PR,lv,24.1694,108.087,69.9214
2015,BIA,OT,pl,1869.93,3792.61,5662.53
2015,BIA,OT,lt,3.14966,12.9092,7.00152
2015,BIA,OT,kdr,1.57083,6.45308,6.43565
2015,BIA,OT,oth,178.271,747.693,450.266
2015,WIL,RC,pl,278286,494555,772841
2015,WIL,RC,uk,2.55186,10.5009,9.78849
2015,WIL,RC,be,6840.24,5305.37,10129.2
2015,WIL,RC,pls,69.4654,192.184,215.765
2015,WIL,RC,de,159.241,556.429,532.638
2015,WIL,RC,ru,23.2967,24.3167,38.269
2015,WIL,RC,lt,23074.8,31532.6,37396.6
2015,WIL,RC,csb,218.374,851.359,892.837
2015,WIL,RC,cs,57.3548,225.278,204.462
2015,WIL,RC,rom,471.107,920.613,1065.98
2015,WIL,RC,wym,0.216175,0.682724,0.767997
2015,WIL,RC,oth,264.661,373.56,533.555
2015,WIL,GC,pl,681.741,3407.91,4089.65
2015,WIL,GC,uk,2019.45,8943.94,8486.75
2015,WIL,GC,rue,104.188,450.003,449.194
2015,WIL,OR,pl,110934,166716,277650
2015,WIL,OR,uk,4761.7,19435.8,18136
2015,WIL,OR,be,122989,124639,198881
2015,WIL,OR,pls,3241.86,5839.79,7496.67
2015,WIL,OR,ru,19199.4,22158.8,32535.6
2015,WIL,OR,lt,47.0109,81.1523,77.8464
2015,WIL,OR,rue,5.69927,22.539,22.5805
2015,WIL,OR,cs,43.8605,171.093,152.579
2015,WIL,JW,pl,5733.09,30492.6,36225.7
2015,WIL,JW,yi,2948.57,6986.75,7649.42
2015,WIL,JW,de,3.53517,15.6835,13.5102
2015,WIL,JW,ru,7.71845,27.9374,28.2167
2015,WIL,JW,lt,89.3321,361.768,230.338
2015,WIL,JH,pl,320.66,1356.91,1677.57
2015,WIL,JH,yi,11055.9,37698.7,31313.5
2015,WIL,PR,pl,1303.37,4087.55,5390.92
2015,WIL,PR,de,760.358,2685.22,2483.78
2015,WIL,PR,lt,40.025,189.159,115.241
2015,WIL,PR,cs,6.3344,27.6744,25.1815
2015,WIL,PR,lv,21.3936,99.907,65.1474
2015,WIL,OT,pl,1569.95,3113.07,4683.02
2015,WIL,OT,lt,4.36062,16.4748,9.87241
2015,WIL,OT,kdr,41.1983,63.142,84.7972
2015,WIL,OT,oth,146.723,530.786,355.731
2015,NOW,RC,pl,255127,423431,678559
2015,NOW,RC,uk,3.12034,12.9349,12.0168
2015,NOW,RC,be,4521.19,3953.22,6932.94
2015,NOW,RC,pls,50.4954,183.415,191.697
2015,NOW,RC,de,125.37,492.626,456.177
2015,NOW,RC,ru,3.81952,4.93651,6.87165
2015,NOW,RC,lt,1576.09,5142.82,3657.26
2015,NOW,RC,csb,199.571,761.094,796.575
2015,NOW,RC,cs,68.5943,263.187,238.435
2015,NOW,RC,rom,596.229,983.729,1194.61
2015,NOW,RC,wym,0.198185,0.624936,0.698748
2015,NOW,RC,oth,45.6611,161.573,173.162
2015,NOW,GC,pl,764,3712.92,4476.92
2015,NOW,GC,uk,2373.84,10320.5,9750.15
2015,NOW,GC,rue,107.789,456.208,453.567
2015,NOW,OR,pl,304114,319237,623351
2015,NOW,OR,uk,7088.32,24338.1,23231.5
2015,NOW,OR,be,315284,259722,437578
2015,NOW,OR,pls,1726.52,4948.97,5440.52
2015,NOW,OR,ru,11280.6,11321.5,16871.6
2015,NOW,OR,lt,4.70918,16.8709,8.78415
2015,NOW,OR,rue,7.71019,25.0695,25.7402
2015,NOW,OR,cs,62.8604,207.545,188.289
2015,NOW,JW,pl,6013.81,25388,31401.8
2015,NOW,JW,yi,3192.08,5771.26,6840.12
2015,NOW,JW,de,2.9134,13.0613,11.2344
2015,NOW,JW,ru,3.04757,8.95259,9.27405
2015,NOW,JW,lt,29.9065,132.279,67.3604
2015,NOW,JH,pl,340.958,1210.36,1551.32
2015,NOW,JH,yi,11794.4,31503.8,27104.7
2015,NOW,PR,pl,1489.35,3956.37,5445.72
2015,NOW,PR,de,447.462,2059.76,1799.2
2015,NOW,PR,lt,16.5469,77.0447,41.9257
2015,NOW,PR,cs,7.10107,31.6552,28.602
2015,NOW,PR,lv,12.3635,57.323,34.1288
2015,NOW,OT,pl,1170.52,2292.3,3462.82
2015,NOW,OT,lt,1.53861,6.62608,3.22463
2015,NOW,OT,kdr,0.802206,3.44649,3.37018
2015,NOW,OT,oth,27.5285,352.115,131.503
2015,POL,RC,pl,221106,427141,648246
2015,POL,RC,uk,6.72842,24.8978,23.2991
2015,POL,RC,be,1076.41,1294.71,1891.16
2015,POL,RC,pls,5761.83,5328.44,8596.13
2015,POL,RC,de,224.761,741.394,697.355
2015,POL,RC,ru,2.30748,3.38955,4.34488
2015,POL,RC,lt,1516.69,5250.39,3408.32
2015,POL,RC,csb,352.895,1140.98,1217.01
2015,POL,RC,cs,109.653,362.058,331.906
2015,POL,RC,rom,548.093,1060.54,1176.38
2015,POL,RC,wym,0.333645,0.961074,1.08629
2015,POL,RC,oth,245.56,397.127,513.396
2015,POL,GC,pl,1566.42,6002.26,7568.68
2015,POL,GC,uk,6473.48,22566.3,21668.7
2015,POL,GC,rue,213.861,733.103,741.828
2015,POL,OR,pl,667965,785187,1.45315e+06
2015,POL,OR,uk,77979.5,109641,131029
2015,POL,OR,be,64279.9,71417.5,101201
2015,POL,OR,pls,495924,420556,701978
2015,POL,OR,ru,14620,16865.7,22813.3
2015,POL,OR,lt,5.35248,18.9172,9.26499
2015,POL,OR,rue,12.512,39.2884,39.8174
2015,POL,OR,cs,89.6417,287.724,256.774
2015,POL,JW,pl,5993.61,35097.2,41090.8
2015,POL,JW,yi,2753.38,7903.91,8115.32
2015,POL,JW,de,3.89702,18.8344,15.974
2015,POL,JW,ru,3.27347,14.7198,14.1401
2015,POL,JW,lt,32.5774,152.4,73.4221
2015,POL,JH,pl,324.656,1758.12,2082.78
2015,POL,JH,yi,10772.1,47357.5,36310.2
2015,POL,PR,pl,3098.43,8005.81,11104.2
2015,POL,PR,de,639.694,2960.34,2587.94
2015,POL,PR,lt,18.426,86.0162,44.4478
2015,POL,PR,cs,9.51448,42.8012,38.4515
2015,POL,PR,lv,13.1889,61.1693,34.9639
2015,POL,OT,pl,2382.57,4602.05,6984.62
2015,POL,OT,lt,1.84612,7.82908,3.71626
2015,POL,OT,kdr,0.976971,3.95032,3.84045
2015,POL,OT,oth,150.597,615.16,367.636
2015,WOL,RC,pl,345310,626472,971781
2015,WOL,RC,uk,925.032,1050.33,1361.02
2015,WOL,RC,be,202.995,507.944,575.076
2015,WOL,RC,pls,90.2301,297.613,310.941
2015,WOL,RC,de,2283.99,3098.93,3654.74
2015,WOL,RC,ru,0.605703,1.83429,1.88527
2015,WOL,RC,lt,1607.01,5890.69,3687.01
2015,WOL,RC,csb,392.018,1331.32,1399.61
2015,WOL,RC,cs,9110.99,9029.16,12078.2
2015,WOL,RC,rom,1291.01,1996.32,2378.34
2015,WOL,RC,wym,0.407975,1.24049,1.37452
2015,WOL,RC,oth,754.141,938.587,1332.5
2015,WOL,GC,pl,2557.92,10881,13438.9
2015,WOL,GC,uk,27763.8,99441,94193.3
2015,WOL,GC,rue,319.777,1122.91,1127.27
2015,WOL,OR,pl,86292.6,151320,237613
2015,WOL,OR,uk,1.64048e+06,1.65548e+06,2.27491e+06
2015,WOL,OR,be,6182.86,16218.1,17446.6
2015,WOL,OR,pls,2634.3,7761.2,8336.63
2015,WOL,OR,ru,19374.5,21640.9,29894
2015,WOL,OR,lt,5.7474,20.5933,9.71402
2015,WOL,OR,rue,21.5331,67.8298,69.0829
2015,WOL,OR,cs,10704.2,10247.8,13455.2
2015,WOL,JW,pl,9730.51,55158.8,64889.3
2015,WOL,JW,yi,5371.14,13196.9,14039.1
2015,WOL,JW,de,21.0141,73.685,67.7068
2015,WOL,JW,ru,5.65785,20.3869,20.2523
2015,WOL,JW,lt,36.8733,170.851,80.5155
2015,WOL,JH,pl,601.185,2820.1,3421.29
2015,WOL,JH,yi,20809,78522.2,61406.3
2015,WOL,PR,pl,5889.21,14712.2,20601.4
2015,WOL,PR,de,10846.8,18890.1,21246.1
2015,WOL,PR,lt,19.5842,94.7052,46.5573
2015,WOL,PR,cs,919.932,1269.1,1564.58
2015,WOL,PR,lv,14.263,69.0844,37.3111
2015,WOL,OT,pl,10019.7,16817.4,26837.1
2015,WOL,OT,lt,1.93322,8.56607,3.84439
2015,WOL,OT,kdr,7.56432,14.3817,17.1297
2015,WOL,OT,oth,407.508,1197.49,879.69
2015,POZ,RC,pl,704656,1.29716e+06,2.00181e+06
2015,POZ,RC,uk,6.58716,25.0528,24.1314
2015,POZ,RC,be,230.896,685.827,770.329
2015,POZ,RC,pls,112.917,378.761,410.579
2015,POZ,RC,de,5681.64,7373.23,9974.68
2015,POZ,RC,ru,0.525495,1.85008,1.92372
2015,POZ,RC,lt,2450.99,9586.95,6715.58
2015,POZ,RC,csb,1166.29,4092.15,4473.47
2015,POZ,RC,cs,147.499,525.58,498.473
2015,POZ,RC,rom,600.828,1878.46,1932.54
2015,POZ,RC,wym,0.838068,2.50947,2.88332
2015,POZ,RC,oth,174.201,561.363,629.362
2015,POZ,GC,pl,2271.39,10609.3,12880.7
2015,POZ,GC,uk,6709.24,26951,26439.4
2015,POZ,GC,rue,379.118,1472.37,1521.54
2015,POZ,OR,pl,16633,75708.9,92341.9
2015,POZ,OR,uk,12006.2,47776.9,45865
2015,POZ,OR,be,5278.52,18538.4,19686.2
2015,POZ,OR,pls,2788.98,8519.07,9491.75
2015,POZ,OR,ru,1169.32,4400.28,4403.24
2015,POZ,OR,lt,7.25843,27.7593,14.9397
2015,POZ,OR,rue,16.304,62.9633,64.7934
2015,POZ,OR,cs,102.147,381.849,354.109
2015,POZ,JW,pl,12715.2,56876.1,69591.3
2015,POZ,JW,yi,2422.31,6484.12,6953.38
2015,POZ,JW,de,41.0475,160.483,147.283
2015,POZ,JW,ru,2.14537,7.58541,7.61231
2015,POZ,JW,lt,70.6061,265.444,154.145
2015,POZ,JH,pl,334.276,1764.16,2098.43
2015,POZ,JH,yi,8494.87,33383,27171.2
2015,POZ,PR,pl,18095.8,33894.3,51990
2015,POZ,PR,de,41726,52815.2,71405.6
2015,POZ,PR,lt,40.2797,163.341,97.9946
2015,POZ,PR,cs,17.5101,65.9899,62.9166
2015,POZ,PR,lv,27.9539,111.412,74.1954
2015,POZ,OT,pl,2448.23,5209.19,7657.42
2015,POZ,OT,lt,3.42913,13.0222,7.17238
2015,POZ,OT,kdr,1.97922,7.51737,7.6702
2015,POZ,OT,oth,81.7277,1454.69,520.892
2015,POM,RC,pl,453698,859617,1.31332e+06
2015,POM,RC,uk,5.74753,21.5532,20.7985
2015,POM,RC,be,200.346,572.275,648.134
2015,POM,RC,pls,96.0345,311.2,339.432
2015,POM,RC,de,4100.47,5129.31,7003.88
2015,POM,RC,ru,0.449963,1.55444,1.61839
2015,POM,RC,lt,2144.05,8058.99,5591.99
2015,POM,RC,csb,65222.1,36683.1,85392.2
2015,POM,RC,cs,123.888,426.276,406.431
2015,POM,RC,rom,498.32,1485.89,1544.27
2015,POM,RC,wym,0.660149,1.88021,2.18653
2015,POM,RC,oth,464.488,692.631,986.909
2015,POM,GC,pl,1835.8,8283.09,10118.9
2015,POM,GC,uk,5733.15,22466,22080.6
2015,POM,GC,rue,297.56,1124.14,1165.14
2015,POM,OR,pl,14166.5,62103,76269.5
2015,POM,OR,uk,10617.6,40859,39109
2015,POM,OR,be,4658.53,15800.2,16761.9
2015,POM,OR,pls,2393.06,7079.46,7906.15
2015,POM,OR,ru,1016.41,3665.5,3661.56
2015,POM,OR,lt,6.48136,24.5683,12.9265
2015,POM,OR,rue,13.8484,51.1509,52.6301
2015,POM,OR,cs,86.7392,313.586,289.694
2015,POM,JW,pl,9965.03,43722.2,53687.3
2015,POM,JW,yi,2057.89,5467.8,5857.68
2015,POM,JW,de,32.4847,126.337,116.498
2015,POM,JW,ru,1.75632,6.3239,6.30084
2015,POM,JW,lt,59.9693,227.332,128.771
2015,POM,JH,pl,281.713,1422.05,1703.76
2015,POM,JH,yi,7411.84,28111.2,22847.9
2015,POM,PR,pl,11167.6,21073.3,32240.9
2015,POM,PR,de,27850.9,34537.8,46878.1
2015,POM,PR,lt,35.4226,141.508,83.1523
2015,POM,PR,cs,14.4201,53.2863,50.7951
2015,POM,PR,lv,23.7233,92.5487,60.4605
2015,POM,OT,pl,646.896,2698.31,3345.21
2015,POM,OT,lt,2.98026,11.3016,6.0842
2015,POM,OT,kdr,1.63472,6.05793,6.18957
2015,POM,OT,oth,69.0587,1056.55,390.547
2015,SLA,RC,pl,613496,1.10428e+06,1.71777e+06
2015,SLA,RC,uk,10.7672,38.3156,37.3564
2015,SLA,RC,be,287.936,766.485,884.168
2015,SLA,RC,pls,146.991,438.217,488.601
2015,SLA,RC,de,14671,12510.7,20875.1
2015,SLA,RC,ru,0.641356,2.03633,2.16689
2015,SLA,RC,lt,2963.86,10456.6,7427.05
2015,SLA,RC,csb,1076.81,3378.67,3782.28
2015,SLA,RC,cs,206.45,657.351,638.862
2015,SLA,RC,rom,811.2,2268.84,2403.83
2015,SLA,RC,wym,1.53737,4.05571,4.82381
2015,SLA,RC,oth,405.19,740.945,980.926
2015,SLA,GC,pl,3805.88,15903.7,19709.5
2015,SLA,GC,uk,12549.4,44924.9,45323.3
2015,SLA,GC,rue,675.302,2302.17,2458.4
2015,SLA,OR,pl,20743,85710.1,106453
2015,SLA,OR,uk,18942.7,68609.5,67096.1
2015,SLA,OR,be,6512.48,20629.9,22422.1
2015,SLA,OR,pls,3515.24,9707.88,11096.1
2015,SLA,OR,ru,1425.85,4825.85,4937.53
2015,SLA,OR,lt,8.50747,30.3768,16.3044
2015,SLA,OR,rue,26.3408,90.4392,95.7491
2015,SLA,OR,cs,140.126,473.753,448.566
2015,SLA,JW,pl,17678.6,71114,88792.5
2015,SLA,JW,yi,3493.45,8335.07,9272.17
2015,SLA,JW,de,37.7883,133.994,128.013
2015,SLA,JW,ru,2.7012,8.66508,8.90647
2015,SLA,JW,lt,84.0961,292.382,171.269
2015,SLA,JH,pl,447.981,2145.83,2593.81
2015,SLA,JH,yi,12043.4,42676.2,35609.2
2015,SLA,PR,pl,23739.9,27682.1,51422
2015,SLA,PR,de,8916.03,17640.5,19994.2
2015,SLA,PR,lt,45.5481,169.014,101.932
2015,SLA,PR,cs,24.5797,82.4041,80.314
2015,SLA,PR,lv,33.0928,118.689,79.4741
2015,SLA,OT,pl,3159.53,5458.7,8618.23
2015,SLA,OT,lt,3.93604,14.1444,7.79412
2015,SLA,OT,kdr,2.48611,8.35285,8.77823
2015,SLA,OT,oth,258.408,1924.28,841.035
2015,KRA,RC,pl,768875,1.18569e+06,1.95456e+06
2015,KRA,RC,uk,5.99376,24.0482,22.7566
2015,KRA,RC,be,165.478,503.861,560.923
2015,KRA,RC,pls,86.5938,300.753,322.059
2015,KRA,RC,de,1489.01,2540.19,3041.99
2015,KRA,RC,ru,0.378602,1.38963,1.42372
2015,KRA,RC,lt,1729.04,6990.46,4812.9
2015,KRA,RC,csb,565.671,2068.72,2218.41
2015,KRA,RC,cs,128.261,474.249,442.602
2015,KRA,RC,rom,2441.06,3219.8,4412.84
2015,KRA,RC,wym,60.4028,32.3327,79.8434
2015,KRA,RC,oth,472.136,682.425,979.775
2015,KRA,GC,pl,16278.6,26881.1,43159.7
2015,KRA,GC,uk,7231.34,30884.3,29801
2015,KRA,GC,rue,27291.3,21658.5,39422.6
2015,KRA,OR,pl,13097.9,62083.9,75181.8
2015,KRA,OR,uk,11027.2,45546.1,42990.8
2015,KRA,OR,be,3912.35,14259.5,14891.5
2015,KRA,OR,pls,2182.35,6898.74,7596.58
2015,KRA,OR,ru,886.594,3455.78,3397.43
2015,KRA,OR,lt,5.19414,20.8067,10.918
2015,KRA,OR,rue,23.8612,94.5968,95.6619
2015,KRA,OR,cs,90.9535,353.666,321.336
2015,KRA,JW,pl,13564.4,76968.7,90533.1
2015,KRA,JW,yi,4182.18,9893.81,10962.1
2015,KRA,JW,de,9.84407,42.1932,37.9736
2015,KRA,JW,ru,1.5332,6.16596,6.0042
2015,KRA,JW,lt,48.7539,197.954,112.531
2015,KRA,JH,pl,577.378,2980.3,3557.68
2015,KRA,JH,yi,17031.2,66220.3,54382.8
2015,KRA,PR,pl,1947.37,8621.93,10569.3
2015,KRA,PR,de,2453.41,6866.84,6927.53
2015,KRA,PR,lt,26.909,113.184,67.0993
2015,KRA,PR,cs,15.0907,59.6896,55.9899
2015,KRA,PR,lv,19.7648,82.3024,53.8343
2015,KRA,OT,pl,624.358,2831.18,3455.54
2015,KRA,OT,lt,2.34798,9.4721,5.10114
2015,KRA,OT,kdr,1.47558,5.90646,5.94742
2015,KRA,OT,oth,64.8068,854.688,341.085
2015,LWO,RC,pl,583998,1.11726e+06,1.70126e+06
2015,LWO,RC,uk,33.5264,137.699,129.151
2015,LWO,RC,be,221.463,685.22,756.262
2015,LWO,RC,pls,128.15,450.824,479.681
2015,LWO,RC,de,1341.31,2578.99,2934.91
2015,LWO,RC,ru,0.51266,1.88808,1.92548
2015,LWO,RC,lt,2187.99,8908.77,5997.72
2015,LWO,RC,csb,613.044,2296.22,2441.21
2015,LWO,RC,cs,255.409,949.857,883.56
2015,LWO,RC,rom,2227.84,3405.83,4374.56
2015,LWO,RC,wym,0.871641,2.65464,3.00973
2015,LWO,RC,oth,1164.96,1290.61,2067.04
2015,LWO,GC,pl,91805.2,113183,204988
2015,LWO,GC,uk,486413,490467,756801
2015,LWO,GC,rue,23792.1,18811.8,34330.7
2015,LWO,OR,pl,22815.5,93107.1,115923
2015,LWO,OR,uk,55910.9,216861,208419
2015,LWO,OR,be,5487.31,19711.2,20587.5
2015,LWO,OR,pls,3300.75,10394.2,11404
2015,LWO,OR,ru,1291.21,4933,4866.19
2015,LWO,OR,lt,6.79439,26.4374,13.5381
2015,LWO,OR,rue,2101.07,1539.72,2905.44
2015,LWO,OR,cs,185.67,703.668,643.39
2015,LWO,JW,pl,24249.9,132622,156872
2015,LWO,JW,yi,7618.01,16626.5,18831
2015,LWO,JW,de,13.0016,52.3729,47.3887
2015,LWO,JW,ru,2.20177,8.93641,8.68819
2015,LWO,JW,lt,63.1379,253.175,141.045
2015,LWO,JH,pl,945.453,4129.86,5075.31
2015,LWO,JH,yi,30251.1,104034,87114.7
2015,LWO,PR,pl,5279.69,13433.7,18713.3
2015,LWO,PR,de,3675.88,8956.07,9310.66
2015,LWO,PR,lt,33.9356,143.756,82.71
2015,LWO,PR,cs,30.5484,123.081,114.606
2015,LWO,PR,lv,25.0082,105.203,66.3756
2015,LWO,OT,pl,2197.16,6004.96,8202.13
2015,LWO,OT,lt,3.09243,12.3872,6.60654
2015,LWO,OT,kdr,2.25272,9.09693,9.113
2015,LWO,OT,oth,521.638,1671.75,1150.58
2015,STA,RC,pl,109382,282087,391469
2015,STA,RC,uk,16.488,67.5124,62.7347
2015,STA,RC,be,74.4023,231.129,253.236
2015,STA,RC,pls,43.4159,154.389,162.52
2015,STA,RC,de,1306.34,1615.47,2141.19
2015,STA,RC,ru,0.178983,0.663584,0.669897
2015,STA,RC,lt,752.281,3022.52,1954.17
2015,STA,RC,csb,209.384,782.964,826.958
2015,STA,RC,cs,86.9862,323.621,297.098
2015,STA,RC,rom,760.047,1169.03,1485.71
2015,STA,RC,wym,0.298719,0.88836,1.00672
2015,STA,RC,oth,621.978,642.306,1049.38
2015,STA,GC,pl,43425.9,59528.4,102954
2015,STA,GC,uk,460416,451883,691716
2015,STA,GC,rue,194.917,805.047,808.153
2015,STA,OR,pl,6400.53,30287.4,36688
2015,STA,OR,uk,25013.4,97593.5,92719.6
2015,STA,OR,be,1898.07,6928.25,7150.68
2015,STA,OR,pls,1171.13,3820.34,4118.93
2015,STA,OR,ru,450.73,1735.49,1691.62
2015,STA,OR,lt,2.4745,9.72951,4.76545
2015,STA,OR,rue,12.7951,49.1121,49.8728
2015,STA,OR,cs,65.0109,248.592,223.672
2015,STA,JW,pl,7129.3,37885.7,45015
2015,STA,JW,yi,2805.87,6554.01,7162.05
2015,STA,JW,de,7.11148,26.9874,24.563
2015,STA,JW,ru,0.730924,3.03448,2.89885
2015,STA,JW,lt,21.974,89.5843,47.2505
2015,STA,JH,pl,337.2,1446.63,1783.83
2015,STA,JH,yi,11364.3,39820.1,32603.1
2015,STA,PR,pl,1155.11,3776.57,4931.68
2015,STA,PR,de,3264.1,4997.63,6034.19
2015,STA,PR,lt,11.8943,49.557,27.0258
2015,STA,PR,cs,10.2438,40.716,37.6643
2015,STA,PR,lv,8.65124,35.7706,21.4793
2015,STA,OT,pl,993.415,2331.39,3324.81
2015,STA,OT,lt,1.08715,4.41094,2.20933
2015,STA,OT,kdr,10.2804,15.4656,20.7498
2015,STA,OT,oth,297.362,628.145,562.544
2015,TAR,RC,pl,200089,360600,560689
2015,TAR,RC,uk,13.7934,57.6081,53.575
2015,TAR,RC,be,70.6955,220.635,242.389
2015,TAR,RC,pls,40.5436,145.196,153.087
2015,TAR,RC,de,331.131,739.052,796.537
2015,TAR,RC,ru,0.171447,0.636248,0.644022
2015,TAR,RC,lt,706.071,2856.87,1863.67
2015,TAR,RC,csb,192.196,725.706,767.75
2015,TAR,RC,cs,88.0531,331.499,304.954
2015,TAR,RC,rom,416.965,847.57,979.069
2015,TAR,RC,wym,0.274936,0.817516,0.931129
2015,TAR,RC,oth,167.359,277.29,373.041
2015,TAR,GC,pl,57651.9,67369.3,125021
2015,TAR,GC,uk,291689,289109,444125
2015,TAR,GC,rue,179.419,736.343,744.197
2015,TAR,OR,pl,6160.91,29728.8,35889.7
2015,TAR,OR,uk,22121.8,87472.3,83068.5
2015,TAR,OR,be,1779.47,6685.89,6870.83
2015,TAR,OR,pls,1076.6,3594.93,3868.98
2015,TAR,OR,ru,421.28,1677.29,1627.69
2015,TAR,OR,lt,2.31885,9.25766,4.53808
2015,TAR,OR,rue,11.2845,45.4898,45.8999
2015,TAR,OR,cs,64.4681,255.228,228.814
2015,TAR,JW,pl,7533.87,34899.9,42433.8
2015,TAR,JW,yi,2353.63,4984.23,5644.92
2015,TAR,JW,de,3.65499,14.5065,13.0459
2015,TAR,JW,ru,0.712912,2.78287,2.70414
2015,TAR,JW,lt,21.1263,82.8539,44.1959
2015,TAR,JH,pl,279.378,1235.95,1515.33
2015,TAR,JH,yi,9155,30021.4,25129.6
2015,TAR,PR,pl,1346.26,3697.52,5043.78
2015,TAR,PR,de,966.459,2611.46,2612.56
2015,TAR,PR,lt,11.1613,46.4528,25.4564
2015,TAR,PR,cs,10.3887,41.6032,38.4626
2015,TAR,PR,lv,8.17102,33.8624,20.4013
2015,TAR,OT,pl,1619.62,2699.86,4319.48
2015,TAR,OT,lt,1.02268,4.06591,2.04705
2015,TAR,OT,kdr,0.70715,2.82562,2.82586
2015,TAR,OT,oth,125.774,436.652,289.408
2015,LT_KAU,RC,pl,5825.27,11063.2,11850.9
2015,LT_KAU,RC,uk,0.117579,0.44884,0.244445
2015,LT_KAU,RC,be,32.628,92.1564,94.7863
2015,LT_KAU,RC,pls,2.7615,9.96019,6.75359
2015,LT_KAU,RC,de,20.1374,76.0041,59.2412
2015,LT_KAU,RC,ru,0.210211,0.83312,0.806219
2015,LT_KAU,RC,lt,84768.2,181596,266365
2015,LT_KAU,RC,csb,14.3579,53.8844,35.5514
2015,LT_KAU,RC,cs,3.42855,12.7718,7.51455
2015,LT_KAU,RC,rom,297.122,458.983,585.535
2015,LT_KAU,RC,oth,3.58493,12.7504,8.90681
2015,LT_KAU,GC,pl,12.4326,50.0212,30.72
2015,LT_KAU,GC,uk,99.991,397.214,255.557
2015,LT_KAU,GC,lt,3.04476,23.062,26.1067
2015,LT_KAU,GC,rue,6.20074,24.2231,15.9511
2015,LT_KAU,OR,pl,140.447,545.426,346.434
2015,LT_KAU,OR,uk,203.963,858.371,517.437
2015,LT_KAU,OR,be,180.258,656.463,477.215
2015,LT_KAU,OR,pls,68.7812,238.24,157.339
2015,LT_KAU,OR,ru,3737.08,6382.44,8160.54
2015,LT_KAU,OR,lt,836.347,2755.82,3592.17
2015,LT_KAU,OR,rue,0.304837,1.18916,0.787674
2015,LT_KAU,OR,cs,2.24353,8.58991,5.06447
2015,LT_KAU,JW,pl,80.6315,398.81,271.701
2015,LT_KAU,JW,yi,703.998,3246.78,3284
2015,LT_KAU,JW,de,5.49933,33.2531,29.4964
2015,LT_KAU,JW,ru,2.53124,25.8864,23.6085
2015,LT_KAU,JW,lt,1413,12512.9,13925.8
2015,LT_KAU,JH,pl,4.22538,22.7748,15.7052
2015,LT_KAU,JH,yi,249.645,1106.88,714.341
2015,LT_KAU,PR,pl,16.539,63.0098,45.0776
2015,LT_KAU,PR,de,2023.75,3964.6,4526.89
2015,LT_KAU,PR,lt,1281.37,4021.55,5302.92
2015,LT_KAU,PR,cs,0.382796,1.50216,0.926651
2015,LT_KAU,PR,lv,109.378,425.835,410.769
2015,LT_KAU,OT,pl,230.8,266.411,392.228
2015,LT_KAU,OT,lt,330.656,1074.44,1405.1
2015,LT_KAU,OT,kdr,0.579563,2.23357,2.25532
2015,LT_KAU,OT,oth,348.989,662.058,782.242
2015,LT_LAU,RC,pl,9110.56,10488.8,14201.8
2015,LT_LAU,RC,be,29.5429,88.6397,91.9378
2015,LT_LAU,RC,pls,2.0276,7.94586,5.16372
2015,LT_LAU,RC,de,13.9446,56.4286,43.7967
2015,LT_LAU,RC,ru,0.162374,0.658015,0.633143
2015,LT_LAU,RC,lt,190577,236884,427461
2015,LT_LAU,RC,csb,10.6234,43.0121,27.2602
2015,LT_LAU,RC,cs,2.60873,10.4981,5.91046
2015,LT_LAU,RC,rom,44.2428,178.64,166.481
2015,LT_LAU,RC,oth,2.45999,9.52068,6.33988
2015,LT_LAU,GC,pl,8.01318,35.4611,20.5981
2015,LT_LAU,GC,uk,70.0214,307.957,189.507
2015,LT_LAU,GC,lt,1.92349,16.4397,18.3632
2015,LT_LAU,GC,rue,4.44784,19.2309,12.1079
2015,LT_LAU,OR,pl,96.887,384.774,231.185
2015,LT_LAU,OR,uk,151.838,681.284,393.241
2015,LT_LAU,OR,be,130.509,516.707,359.773
2015,LT_LAU,OR,pls,50.493,191.251,121.077
2015,LT_LAU,OR,ru,5029.4,5502.33,8388.8
2015,LT_LAU,OR,lt,1077.17,2109.59,3186.77
2015,LT_LAU,OR,rue,0.225464,0.944862,0.600521
2015,LT_LAU,OR,cs,1.71274,7.03665,3.96663
2015,LT_LAU,JW,pl,62.7094,249.263,164.745
2015,LT_LAU,JW,yi,1557.24,2882.71,3670.58
2015,LT_LAU,JW,de,3.38922,15.5808,14.2005
2015,LT_LAU,JW,ru,2.87823,10.4952,10.8569
2015,LT_LAU,JW,lt,2282.08,10084.8,12366.9
2015,LT_LAU,JH,pl,4.10736,17.721,12.6119
2015,LT_LAU,JH,yi,234.726,877.599,582.438
2015,LT_LAU,PR,pl,9.49153,39.4069,25.4583
2015,LT_LAU,PR,de,1072.27,2291.34,2519.21
2015,LT_LAU,PR,lt,853.329,3498.97,4352.3
2015,LT_LAU,PR,cs,0.28378,1.21099,0.713985
2015,LT_LAU,PR,lv,423.649,709.632,861.685
2015,LT_LAU,OT,pl,8.41857,29.0774,24.2815
2015,LT_LAU,OT,lt,227.057,497.564,724.622
2015,LT_LAU,OT,kdr,14.7613,13.6703,23.2868
2015,LT_LAU,OT,oth,306.564,426.656,552.545
2015,LT_ZEM,RC,pl,2952.16,5604.66,5803.21
2015,LT_ZEM,RC,be,29.8822,91.4148,93.8931
2015,LT_ZEM,RC,pls,2.23293,8.73087,5.76974
2015,LT_ZEM,RC,de,17.4209,70.1335,56.0443
2015,LT_ZEM,RC,ru,0.133669,0.544904,0.522258
2015,LT_ZEM,RC,lt,217150,265928,483078
2015,LT_ZEM,RC,csb,11.7634,47.469,30.5127
2015,LT_ZEM,RC,cs,2.83232,11.3643,6.51514
2015,LT_ZEM,RC,rom,161.324,270.619,331.622
2015,LT_ZEM,RC,oth,2.73419,10.5486,7.14562
2015,LT_ZEM,GC,pl,7.17944,32.4495,19.143
2015,LT_ZEM,GC,uk,78.9681,355.193,221.984
2015,LT_ZEM,GC,lt,2.28562,20.3202,22.6058
2015,LT_ZEM,GC,rue,5.00081,22.0728,14.1163
2015,LT_ZEM,OR,pl,76.882,328.473,192.254
2015,LT_ZEM,OR,uk,165.259,746.857,435.406
2015,LT_ZEM,OR,be,144.68,572.46,404.149
2015,LT_ZEM,OR,pls,55.7974,211.797,135.839
2015,LT_ZEM,OR,ru,3022.97,4056.24,5645.96
2015,LT_ZEM,OR,lt,706.414,1739.27,2445.69
2015,LT_ZEM,OR,rue,0.248244,1.04312,0.670171
2015,LT_ZEM,OR,cs,1.85841,7.67192,4.37366
2015,LT_ZEM,JW,pl,44.6485,193.851,118.831
2015,LT_ZEM,JW,yi,1595.28,3140.46,3914.6
2015,LT_ZEM,JW,de,4.767,21.822,20.0808
2015,LT_ZEM,JW,ru,1.83173,7.87391,7.89929
2015,LT_ZEM,JW,lt,2387.96,10882.9,13270.9
2015,LT_ZEM,JH,pl,3.33722,15.5639,10.7919
2015,LT_ZEM,JH,yi,250.149,984.673,651.583
2015,LT_ZEM,PR,pl,7.36962,34.1507,21.3379
2015,LT_ZEM,PR,de,1956.63,3506.22,4104.9
2015,LT_ZEM,PR,lt,3432.56,6193.03,9625.59
2015,LT_ZEM,PR,cs,0.307385,1.35465,0.806438
2015,LT_ZEM,PR,lv,2142.4,1985.49,3118.98
2015,LT_ZEM,OT,pl,6.26784,25.2466,20.3651
2015,LT_ZEM,OT,lt,259.752,589.989,849.741
2015,LT_ZEM,OT,kdr,0.612444,2.57162,2.56776
2015,LT_ZEM,OT,oth,360.068,508.26,658.161
2015,LT_SUV,RC,pl,4276.6,6490.93,7398.81
2015,LT_SUV,RC,uk,0.100232,0.408491,0.218726
2015,LT_SUV,RC,be,373.511,221.472,495.644
2015,LT_SUV,RC,pls,2.37144,9.14391,6.08942
2015,LT_SUV,RC,de,17.6058,70.9426,53.7947
2015,LT_SUV,RC,ru,0.403242,0.629798,0.804558
2015,LT_SUV,RC,lt,174180,200093,374273
2015,LT_SUV,RC,csb,12.3937,49.5035,32.1357
2015,LT_SUV,RC,cs,2.91182,11.583,6.68971
2015,LT_SUV,RC,rom,620.829,537.771,902.192
2015,LT_SUV,RC,oth,2.86617,10.8757,7.39302
2015,LT_SUV,GC,pl,8.5428,39.136,23.4137
2015,LT_SUV,GC,uk,86.3078,392.484,248.138
2015,LT_SUV,GC,lt,2.54507,24.235,26.7801
2015,LT_SUV,GC,rue,5.37511,23.9314,15.4767
2015,LT_SUV,OR,pl,87.6368,370.55,219.579
2015,LT_SUV,OR,uk,175.565,774.667,465.015
2015,LT_SUV,OR,be,147.115,575.989,407.796
2015,LT_SUV,OR,pls,60.8979,226.512,147.833
2015,LT_SUV,OR,ru,2455.01,3012.7,4353.03
2015,LT_SUV,OR,lt,610.226,1438.23,2048.45
2015,LT_SUV,OR,rue,0.266739,1.11366,0.727076
2015,LT_SUV,OR,cs,1.93483,7.9218,4.59005
2015,LT_SUV,JW,pl,53.3791,226.393,140.716
2015,LT_SUV,JW,yi,1384.46,2328.48,3047.37
2015,LT_SUV,JW,de,9.42762,29.4747,29.1308
2015,LT_SUV,JW,ru,1.59942,6.11192,6.241
2015,LT_SUV,JW,lt,2133.3,8642.25,10775.5
2015,LT_SUV,JH,pl,3.94923,17.6546,12.5039
2015,LT_SUV,JH,yi,251.045,942.943,623.745
2015,LT_SUV,PR,pl,10.8347,43.6875,29.3743
2015,LT_SUV,PR,de,5689.25,5785.3,8518.92
2015,LT_SUV,PR,lt,1230.73,3549.32,4780.05
2015,LT_SUV,PR,cs,0.329356,1.42184,0.857895
2015,LT_SUV,PR,lv,80.4582,345.932,323.143
2015,LT_SUV,OT,pl,7.40423,28.0366,22.8889
2015,LT_SUV,OT,lt,230.405,468.298,698.703
2015,LT_SUV,OT,kdr,0.429035,1.7432,1.72813
2015,LT_SUV,OT,oth,301.217,379.382,518.941
2015,LT_NEA,RC,pl,7852.72,8444.72,11859.2
2015,LT_NEA,RC,be,741.561,391.004,947.693
2015,LT_NEA,RC,pls,1.53922,6.05644,3.92608
2015,LT_NEA,RC,de,9.42193,38.2897,29.2854
2015,LT_NEA,RC,ru,5.97396,4.21787,8.00785
2015,LT_NEA,RC,lt,150456,178364,328820
2015,LT_NEA,RC,csb,7.8082,31.6905,20.2102
2015,LT_NEA,RC,cs,2.03025,8.20858,4.56655
2015,LT_NEA,RC,rom,30.6042,123.997,114.719
2015,LT_NEA,RC,oth,1.85648,7.19549,4.80765
2015,LT_NEA,GC,pl,6.20859,26.1312,15.0883
2015,LT_NEA,GC,uk,54.3163,226.409,138.71
2015,LT_NEA,GC,lt,1.49473,11.2133,12.708
2015,LT_NEA,GC,rue,3.39036,13.9372,8.7772
2015,LT_NEA,OR,pl,90.1893,316.728,199.923
2015,LT_NEA,OR,uk,121.038,539.462,306.521
2015,LT_NEA,OR,be,113.654,446.06,309.65
2015,LT_NEA,OR,pls,39.5502,148.978,94.2795
2015,LT_NEA,OR,ru,13182.3,10545.8,18629.8
2015,LT_NEA,OR,lt,2281.04,3096.51,5377.56
2015,LT_NEA,OR,rue,0.172951,0.720428,0.453931
2015,LT_NEA,OR,cs,1.36977,5.61647,3.10525
2015,LT_NEA,JW,pl,49.3442,182.522,121.616
2015,LT_NEA,JW,yi,1441.53,2136.94,2934.9
2015,LT_NEA,JW,de,2.12426,9.46608,8.6148
2015,LT_NEA,JW,ru,8.20261,17.4579,20.599
2015,LT_NEA,JW,lt,1942.1,6890.9,8833
2015,LT_NEA,JH,pl,3.28301,13.1274,9.47338
2015,LT_NEA,JH,yi,189.628,643.654,434.09
2015,LT_NEA,PR,pl,6.60992,28.661,18.0084
2015,LT_NEA,PR,de,504.185,1336.36,1367.19
2015,LT_NEA,PR,lt,4283.39,5071.25,9354.63
2015,LT_NEA,PR,cs,0.222942,0.944603,0.550715
2015,LT_NEA,PR,lv,2833.12,2156.72,3725.2
2015,LT_NEA,OT,pl,6.47397,21.6989,18.056
2015,LT_NEA,OT,lt,197.116,381.954,579.07
2015,LT_NEA,OT,kdr,0.43755,1.79899,1.79791
2015,LT_NEA,OT,oth,291.668,349.255,489.409
2015,LT_KLA,RC,pl,554.186,2166.16,1516.9
2015,LT_KLA,RC,be,16.4312,47.5062,48.4165
2015,LT_KLA,RC,pls,1.48174,5.31734,3.36211
2015,LT_KLA,RC,de,336.645,373.109,520.17
2015,LT_KLA,RC,lt,31394,83504.8,114899
2015,LT_KLA,RC,csb,9.01572,33.4982,20.3837
2015,LT_KLA,RC,cs,1.87695,6.88706,3.78801
2015,LT_KLA,RC,rom,30.104,112.118,105.811
2015,LT_KLA,RC,oth,1.91175,6.8466,4.40338
2015,LT_KLA,GC,pl,4.65673,18.3907,10.1346
2015,LT_KLA,GC,uk,53.9008,212.387,125.322
2015,LT_KLA,GC,lt,1.33133,10.0593,11.3907
2015,LT_KLA,GC,rue,3.42441,13.3049,8.0508
2015,LT_KLA,OR,pl,46.8074,187.42,102.275
2015,LT_KLA,OR,uk,109.047,472.186,257.632
2015,LT_KLA,OR,be,85.6207,321.477,214.926
2015,LT_KLA,OR,pls,35.8494,128.022,77.2711
2015,LT_KLA,OR,ru,708.309,1505.47,1757.46
2015,LT_KLA,OR,lt,196.162,766.688,962.851
2015,LT_KLA,OR,rue,0.166388,0.657971,0.398368
2015,LT_KLA,OR,cs,1.21284,4.69237,2.53672
2015,LT_KLA,JW,pl,28.3752,106.243,58.9396
2015,LT_KLA,JW,yi,256.964,784.417,837.272
2015,LT_KLA,JW,de,28.5065,198.327,171.369
2015,LT_KLA,JW,ru,0.719716,2.83597,2.86388
2015,LT_KLA,JW,lt,719.601,3458.84,4178.44
2015,LT_KLA,JH,pl,1.19618,6.86374,4.33149
2015,LT_KLA,JH,yi,101.469,398.955,234.695
2015,LT_KLA,PR,pl,4.64262,19.1406,10.9551
2015,LT_KLA,PR,de,14465.7,17432.9,23791.5
2015,LT_KLA,PR,lt,13277.7,12660.3,25938.1
2015,LT_KLA,PR,cs,0.205707,0.796994,0.457455
2015,LT_KLA,PR,lv,67.1625,262.948,252.502
2015,LT_KLA,OT,pl,3.43112,12.6615,9.77214
2015,LT_KLA,OT,lt,161.194,427.517,588.711
2015,LT_KLA,OT,kdr,0.336571,1.26581,1.288
2015,LT_KLA,OT,oth,219.657,358.421,431.754
2020,WAW,RC,pl,137118,1.5571e+06,1.69422e+06
2020,WAW,RC,uk,15.4589,93.1598,83.4003
2020,WAW,RC,be,232.187,1674.2,1606.9
2020,WAW,RC,pls,126.01,903.561,868.309
2020,WAW,RC,de,426.156,3762.13,3230.89
2020,WAW,RC,ru,0.642061,4.50409,4.2133
2020,WAW,RC,lt,3007.6,23473.1,14784.7
2020,WAW,RC,csb,659.096,5509.98,5282.19
2020,WAW,RC,cs,160.755,1147.79,977.759
2020,WAW,RC,rom,425.318,3552.4,3119.8
2020,WAW,RC,wym,0.478583,3.77667,3.62925
2020,WAW,RC,oth,118.632,980.809,949.242
2020,WAW,GC,pl,2074.44,27589,29663.4
2020,WAW,GC,uk,9662.82,94098.5,82198.2
2020,WAW,GC,rue,314.166,3013.6,2756.62
2020,WAW,OR,pl,20043.7,208464,228507
2020,WAW,OR,uk,21423.2,176610,151684
2020,WAW,OR,be,6533.35,51942.8,48459
2020,WAW,OR,pls,3254.14,21088.3,20557.5
2020,WAW,OR,ru,1187.6,12083.4,10567.6
2020,WAW,OR,lt,12.9847,78.5338,39.3816
2020,WAW,OR,rue,15.5729,147.974,133.606
2020,WAW,OR,cs,116.831,915.766,753.794
2020,WAW,JW,pl,10536.9,184176,194713
2020,WAW,JW,yi,2346.83,24060.9,20940.7
2020,WAW,JW,de,13.1898,123.845,100.656
2020,WAW,JW,ru,2.25639,25.7045,22.293
2020,WAW,JW,lt,110.084,701.836,378.223
2020,WAW,JH,pl,321.554,5740.95,6062.5
2020,WAW,JH,yi,9790.63,153226,109302
2020,WAW,PR,pl,1723.09,31302.3,33025.4
2020,WAW,PR,de,1685.49,16989.7,13967
2020,WAW,PR,lt,53.0712,403.319,222.803
2020,WAW,PR,cs,16.4766,147.932,124.55
2020,WAW,PR,lv,28.0725,251.281,150.284
2020,WAW,OT,pl,661.437,9837.74,10499.2
2020,WAW,OT,lt,5.48834,34.3338,17.5218
2020,WAW,OT,kdr,1.53249,15.857,14.087
2020,WAW,OT,oth,84.2349,3786.41,1394.92
2020,WAR,RC,pl,911203,1.32473e+06,2.23593e+06
2020,WAR,RC,uk,5.76339,22.5187,21.5543
2020,WAR,RC,be,168.433,500.656,561.292
2020,WAR,RC,pls,89.6901,306.162,330.141
2020,WAR,RC,de,1635.86,2768.36,3315.32
2020,WAR,RC,ru,0.457485,1.65641,1.70895
2020,WAR,RC,lt,2010.03,8049.48,5627.46
2020,WAR,RC,csb,873.762,3084.93,3349.6
2020,WAR,RC,cs,121.424,442.55,415.501
2020,WAR,RC,rom,1483.55,2360.62,2990.28
2020,WAR,RC,wym,0.478508,1.43858,1.63385
2020,WAR,RC,oth,1533.43,1407.94,2485.93
2020,WAR,GC,pl,1992.91,9540.19,11533.1
2020,WAR,GC,uk,5985.28,23253.8,22749.2
2020,WAR,GC,rue,285.195,1155.94,1173.98
2020,WAR,OR,pl,17920.2,73365.2,91285.4
2020,WAR,OR,uk,11539.5,42689.9,41450.8
2020,WAR,OR,be,4528.93,15561.9,16534.5
2020,WAR,OR,pls,2373.16,7115.26,7953.86
2020,WAR,OR,ru,4310.7,6622.27,8730.88
2020,WAR,OR,lt,6.87218,26.4734,14.2718
2020,WAR,OR,rue,14.2649,53.5721,55.0941
2020,WAR,OR,cs,92.001,338.804,312.487
2020,WAR,JW,pl,16195.1,82609.7,98804.7
2020,WAR,JW,yi,5894.92,11449.6,13302.9
2020,WAR,JW,de,22.6551,84.5048,78.8107
2020,WAR,JW,ru,2.37623,9.13273,9.0462
2020,WAR,JW,lt,58.4236,230.929,133.827
2020,WAR,JH,pl,946.205,3926.01,4872.21
2020,WAR,JH,yi,26727,92409.7,77202.3
2020,WAR,PR,pl,9900.12,18848.4,28748.5
2020,WAR,PR,de,11909.5,17070.7,21691.2
2020,WAR,PR,lt,33.1771,139.152,83.6799
2020,WAR,PR,cs,13.7057,53.5684,50.5256
2020,WAR,PR,lv,22.2811,92.0113,61.4927
2020,WAR,OT,pl,1152.38,3404.67,4557.05
2020,WAR,OT,lt,2.89846,11.6011,6.38233
2020,WAR,OT,kdr,1.43751,5.70822,5.76011
2020,WAR,OT,oth,227.495,1011.73,620.958
2020,LOD,RC,pl,838785,1.58788e+06,2.42667e+06
2020,LOD,RC,uk,10.81,40.0387,38.9069
2020,LOD,RC,be,313.679,875.797,998.88
2020,LOD,RC,pls,164.526,523.352,575.606
2020,LOD,RC,de,3210.55,6093.32,7087.4
2020,LOD,RC,ru,0.780706,2.653,2.7867
2020,LOD,RC,lt,3650.29,13765.9,9883.75
2020,LOD,RC,csb,1280.37,4265.92,4707.56
2020,LOD,RC,cs,218.343,744.018,712.945
2020,LOD,RC,rom,1295.57,2980.71,3339.94
2020,LOD,RC,wym,0.937142,2.68282,3.0882
2020,LOD,RC,oth,1807.49,1859.73,3118.78
2020,LOD,GC,pl,3524.93,15767.5,19292.4
2020,LOD,GC,uk,10421.8,40059.4,39644.3
2020,LOD,GC,rue,544.12,2003.25,2094.36
2020,LOD,OR,pl,30153.1,121599,151752
2020,LOD,OR,uk,19698.5,74499.9,72064.5
2020,LOD,OR,be,8118.56,26666.8,28690
2020,LOD,OR,pls,4168.73,11866.1,13458.4
2020,LOD,OR,ru,2587.51,7093.67,7680.51
2020,LOD,OR,lt,11.7554,43.9081,24.0318
2020,LOD,OR,rue,25.3541,91.4641,95.15
2020,LOD,OR,cs,159.72,564.628,527.197
2020,LOD,JW,pl,23067.3,144292,167359
2020,LOD,JW,yi,7454.26,19079.2,20582.6
2020,LOD,JW,de,55.9718,461.939,395.451
2020,LOD,JW,ru,3.21696,12.7188,12.5346
2020,LOD,JW,lt,104.037,393.749,234.187
2020,LOD,JH,pl,1106.38,5626.39,6732.77
2020,LOD,JH,yi,31928.2,146874,117869
2020,LOD,PR,pl,26899.9,50725.8,77625.6
2020,LOD,PR,de,23548.8,45437.8,52135.1
2020,LOD,PR,lt,56.2826,234.165,144.344
2020,LOD,PR,cs,24.6384,93.8768,89.0496
2020,LOD,PR,lv,39.4585,160.197,109.035
2020,LOD,OT,pl,1602.61,5569.21,7171.82
2020,LOD,OT,lt,5.14659,19.5774,11.0298
2020,LOD,OT,kdr,2.6951,10.0682,10.2859
2020,LOD,OT,oth,242.228,1914.76,948.14
2020,KIE,RC,pl,1.26447e+06,1.81034e+06,3.07481e+06
2020,KIE,RC,uk,8.13286,31.4997,30.2248
2020,KIE,RC,be,219.31,646.402,725.728
2020,KIE,RC,pls,117.309,393.585,426.407
2020,KIE,RC,de,965.147,2557.76,2670.26
2020,KIE,RC,ru,0.563142,2.01337,2.08397
2020,KIE,RC,lt,2618.1,10134.6,7141.78
2020,KIE,RC,csb,875.026,3029.76,3301.56
2020,KIE,RC,cs,170.532,607.838,574.149
2020,KIE,RC,rom,1918.49,3133.17,3925.02
2020,KIE,RC,wym,0.881642,2.57449,2.94707
2020,KIE,RC,oth,1555.33,1568.96,2635.47
2020,KIE,GC,pl,2904.71,14070.6,16975.3
2020,KIE,GC,uk,8071.53,33622,32831.9
2020,KIE,GC,rue,481.839,1928.98,1986.18
2020,KIE,OR,pl,22822.5,95964.6,118787
2020,KIE,OR,uk,15876.8,60209.9,57994
2020,KIE,OR,be,6134.11,20367.4,21759.8
2020,KIE,OR,pls,3149.82,9206.65,10339.2
2020,KIE,OR,ru,3087.43,6508.96,7575.47
2020,KIE,OR,lt,8.89447,33.8259,18.4013
2020,KIE,OR,rue,23.1627,82.3192,85.4568
2020,KIE,OR,cs,134.965,481.409,445.838
2020,KIE,JW,pl,22350.3,127669,150019
2020,KIE,JW,yi,8765.21,18406.8,20902.8
2020,KIE,JW,de,14.9594,68.5243,61.1608
2020,KIE,JW,ru,2.38858,10.2413,9.87663
2020,KIE,JW,lt,73.0889,305.751,177.216
2020,KIE,JH,pl,1377.44,5732.94,7110.38
2020,KIE,JH,yi,39620.2,145428,119633
2020,KIE,PR,pl,3181.59,13549.9,16731.5
2020,KIE,PR,de,4638.52,11338.4,11874
2020,KIE,PR,lt,40.3831,173.926,105.12
2020,KIE,PR,cs,18.8421,75.9897,70.9911
2020,KIE,PR,lv,28.3826,120.706,80.445
2020,KIE,OT,pl,1541.39,4849.64,6391.02
2020,KIE,OT,lt,3.65746,14.9991,8.27823
2020,KIE,OT,kdr,1.89805,7.79759,7.80469
2020,KIE,OT,oth,297.052,1508.81,882.075
2020,LUB,RC,pl,1.17515e+06,1.6685e+06,2.84365e+06
2020,LUB,RC,uk,14.1331,56.0598,52.8934
2020,LUB,RC,be,403.872,754.06,963.683
2020,LUB,RC,pls,129.032,425.107,457.77
2020,LUB,RC,de,1096.79,2231.01,2449.11
2020,LUB,RC,ru,0.586619,2.00273,2.07064
2020,LUB,RC,lt,2419.6,9188.98,6321.27
2020,LUB,RC,csb,660.242,2243.04,2422.08
2020,LUB,RC,cs,202.834,701.524,659.112
2020,LUB,RC,rom,1661.27,2738.36,3344.85
2020,LUB,RC,wym,0.589573,1.72727,1.9638
2020,LUB,RC,oth,149.484,459.23,512.251
2020,LUB,GC,pl,5059.61,17589.1,22648.8
2020,LUB,GC,uk,29445.3,70010.5,77152
2020,LUB,GC,rue,407.189,1576.46,1620.69
2020,LUB,OR,pl,205836,246104,451939
2020,LUB,OR,uk,128110,176259,223337
2020,LUB,OR,be,8602.86,21899.8,24471.6
2020,LUB,OR,pls,4197.32,10715.9,12271
2020,LUB,OR,ru,6152.45,8539.24,11184.8
2020,LUB,OR,lt,9.46959,32.0306,17.4567
2020,LUB,OR,rue,32.0637,89.7768,96.4426
2020,LUB,OR,cs,196.194,571.599,542.707
2020,LUB,JW,pl,18659.8,91294.9,109955
2020,LUB,JW,yi,7589.94,14813.7,17157.6
2020,LUB,JW,de,12.3341,51.7308,46.5773
2020,LUB,JW,ru,2.41857,9.86793,9.56076
2020,LUB,JW,lt,61.8095,267.933,147.079
2020,LUB,JH,pl,1163.11,4615.72,5778.83
2020,LUB,JH,yi,34343.5,111245,92971
2020,LUB,PR,pl,9782.19,20551,30333.1
2020,LUB,PR,de,5099.31,11013.8,11917.4
2020,LUB,PR,lt,33.5549,154.198,88.9319
2020,LUB,PR,cs,19.7795,86.8424,79.7876
2020,LUB,PR,lv,23.2702,106.517,67.5777
2020,LUB,OT,pl,1563.92,4568.17,6132.09
2020,LUB,OT,lt,3.21149,13.4728,7.1127
2020,LUB,OT,kdr,1.64154,6.93257,6.8819
2020,LUB,OT,oth,77.4935,1047.12,443.338
2020,BIA,RC,pl,483144,814382,1.29753e+06
2020,BIA,RC,uk,5.37514,21.179,20.1013
2020,BIA,RC,be,3182.19,2651.74,4887.62
2020,BIA,RC,pls,86.4758,297.458,318.889
2020,BIA,RC,de,471.492,1188.54,1241.4
2020,BIA,RC,ru,8.90459,9.21722,14.6628
2020,BIA,RC,lt,6643.73,13398.9,12641
2020,BIA,RC,csb,421.289,1533.34,1641.41
2020,BIA,RC,cs,106.303,390.152,362.763
2020,BIA,RC,rom,668.192,1423.61,1612.46
2020,BIA,RC,wym,0.336988,1.00822,1.14314
2020,BIA,RC,oth,233.9,403.602,537.213
2020,BIA,GC,pl,1470.09,7101.13,8571.23
2020,BIA,GC,uk,4412.79,18511.3,17875.9
2020,BIA,GC,rue,208.965,847.788,862.435
2020,BIA,OR,pl,178048,239898,417946
2020,BIA,OR,uk,12889.1,41774,41294.2
2020,BIA,OR,be,109783,104634,173351
2020,BIA,OR,pls,2541.34,7474.2,8336.35
2020,BIA,OR,ru,20169.9,21251.1,32715.7
2020,BIA,OR,lt,12.1677,37.7466,23.9269
2020,BIA,OR,rue,11.927,43.3374,44.3852
2020,BIA,OR,cs,86.5527,311.368,284.372
2020,BIA,JW,pl,12478.7,66235.6,78714.3
2020,BIA,JW,yi,5573.17,11671.7,13185.9
2020,BIA,JW,de,8.23804,35.0063,31.0366
2020,BIA,JW,ru,10.2322,31.7418,33.1216
2020,BIA,JW,lt,68.6635,286.591,167.726
2020,BIA,JH,pl,783.92,3017.79,3801.71
2020,BIA,JH,yi,24392.6,82720.5,68659.8
2020,BIA,PR,pl,2864.43,8335.21,11199.6
2020,BIA,PR,de,2673.76,6221.77,6523.23
2020,BIA,PR,lt,37.3332,165.727,100.786
2020,BIA,PR,cs,11.6693,48.3233,44.6058
2020,BIA,PR,lv,24.1609,106.445,70.6156
2020,BIA,OT,pl,1784.96,3767.13,5552.09
2020,BIA,OT,lt,3.40441,13.7468,7.59937
2020,BIA,OT,kdr,1.47692,6.00681,6.01024
2020,BIA,OT,oth,166.634,766.317,466.174
2020,WIL,RC,pl,264769,487413,752182
2020,WIL,RC,uk,2.91004,11.7194,11.0101
2020,WIL,RC,be,5968.26,4597.88,8850.36
2020,WIL,RC,pls,67.3253,187.674,211.081
2020,WIL,RC,de,157.332,550.473,527.334
2020,WIL,RC,ru,22.1006,23.0874,36.5707
2020,WIL,RC,lt,21531.2,30312.4,35664.1
2020,WIL,RC,csb,216.622,832.445,877.183
2020,WIL,RC,cs,59.6785,230.301,210.374
2020,WIL,RC,rom,459.002,928.884,1066.12
2020,WIL,RC,wym,0.183535,0.561911,0.634226
2020,WIL,RC,oth,240.664,342.744,489.615
2020,WIL,GC,pl,725.724,3610.05,4335.77
2020,WIL,GC,uk,2090,9157.19,8733.74
2020,WIL,GC,rue,106.273,453.358,455.041
2020,WIL,OR,pl,111719,173134,284852
2020,WIL,OR,uk,5215.63,20989.1,19734.8
2020,WIL,OR,be,116337,119180,190886
2020,WIL,OR,pls,3105.49,5647.44,7264.93
2020,WIL,OR,ru,18361.2,21390.4,31551.7
2020,WIL,OR,lt,48.0763,85.1646,81.3718
2020,WIL,OR,rue,5.89912,23.0384,23.2483
2020,WIL,OR,cs,47.2414,181.252,162.83
2020,WIL,JW,pl,5868.12,30532.9,36401
2020,WIL,JW,yi,2728.16,6123.09,6766.72
2020,WIL,JW,de,3.58963,15.5171,13.4708
2020,WIL,JW,ru,7.4701,26.1256,26.652
2020,WIL,JW,lt,92.3141,368.815,237.274
2020,WIL,JH,pl,354.492,1507.38,1861.87
2020,WIL,JH,yi,11247,38084,31743.2
2020,WIL,PR,pl,1273.75,4145.83,5419.58
2020,WIL,PR,de,741.696,2652.35,2459.34
2020,WIL,PR,lt,40.9777,191.61,119.232
2020,WIL,PR,cs,6.39454,27.5173,25.228
2020,WIL,PR,lv,21.0487,97.1894,64.9253
2020,WIL,OT,pl,1487.54,3045.56,4533.1
2020,WIL,OT,lt,4.58129,17.2175,10.4714
2020,WIL,OT,kdr,36.3633,56.0052,75.2485
2020,WIL,OT,oth,135.586,534.892,358.872
2020,NOW,RC,pl,242726,427882,670608
2020,NOW,RC,uk,3.53918,14.496,13.5485
2020,NOW,RC,be,3969.31,3561.88,6206.01
2020,NOW,RC,pls,50.5787,182.322,191.678
2020,NOW,RC,de,126.775,497.609,461.664
2020,NOW,RC,ru,3.63208,4.85868,6.73333
2020,NOW,RC,lt,1579.32,5274.86,3757.91
2020,NOW,RC,csb,199.878,759.374,797.468
2020,NOW,RC,cs,71.0051,270.982,246.636
2020,NOW,RC,rom,575.4,1007.48,1204.87
2020,NOW,RC,wym,0.169704,0.52417,0.586763
2020,NOW,RC,oth,44.4171,155.964,167.89
2020,NOW,GC,pl,814.756,3978.03,4792.79
2020,NOW,GC,uk,2450.62,10654.9,10116.7
2020,NOW,GC,rue,110.336,466.214,465.878
2020,NOW,OR,pl,310166,338914,649080
2020,NOW,OR,uk,7693.6,26326.9,25348.4
2020,NOW,OR,be,303525,257085,432473
2020,NOW,OR,pls,1750.22,4934.98,5481.73
2020,NOW,OR,ru,11023.9,11403,16963.2
2020,NOW,OR,lt,5.35929,19.1128,10.1147
2020,NOW,OR,rue,8.00784,25.8751,26.8047
2020,NOW,OR,cs,67.3308,221.099,202.284
2020,NOW,JW,pl,6085.96,26020.6,32106.5
2020,NOW,JW,yi,2883.64,5197.43,6135.23
2020,NOW,JW,de,2.99427,13.2009,11.4065
2020,NOW,JW,ru,2.91835,8.6599,8.96922
2020,NOW,JW,lt,32.7265,142.502,74.112
2020,NOW,JH,pl,371.019,1373.3,1744.32
2020,NOW,JH,yi,11744.4,32494.3,27816.8
2020,NOW,PR,pl,1431.11,4065.21,5496.33
2020,NOW,PR,de,455.924,2094.5,1837.71
2020,NOW,PR,lt,17.6001,81.4571,45.218
2020,NOW,PR,cs,7.14256,31.7148,28.8112
2020,NOW,PR,lv,12.5121,57.8807,35.2619
2020,NOW,OT,pl,1098.73,2302.38,3401.1
2020,NOW,OT,lt,1.70787,7.27874,3.60758
2020,NOW,OT,kdr,0.761344,3.27433,3.20295
2020,NOW,OT,oth,29.9607,375.52,155.604
2020,POL,RC,pl,218260,443240,661500
2020,POL,RC,uk,7.57663,28.0618,26.4678
2020,POL,RC,be,962.029,1190.98,1734.68
2020,POL,RC,pls,5297.52,5110.05,8183.16
2020,POL,RC,de,227.54,754.955,713.316
2020,POL,RC,ru,2.21344,3.37519,4.31226
2020,POL,RC,lt,1582.66,5524.94,3638.08
2020,POL,RC,csb,353.661,1147.36,1230.62
2020,POL,RC,cs,113.526,376.56,347.453
2020,POL,RC,rom,553.043,1113.95,1233.31
2020,POL,RC,wym,0.287433,0.81642,0.924429
2020,POL,RC,oth,229.848,382.568,494.277
2020,POL,GC,pl,1685.54,6521.07,8206.61
2020,POL,GC,uk,6703.87,23476.5,22696.9
2020,POL,GC,rue,220.415,757.79,772
2020,POL,OR,pl,706315,862843,1.56916e+06
2020,POL,OR,uk,79310,116584,138260
2020,POL,OR,be,62937.6,72190,101909
2020,POL,OR,pls,470707,407785,680682
2020,POL,OR,ru,14499.4,17229.8,23236.4
2020,POL,OR,lt,6.25171,22.0382,10.981
2020,POL,OR,rue,13.1647,41.1317,41.9207
2020,POL,OR,cs,97.4497,311.816,279.511
2020,POL,JW,pl,6180.72,36206.7,42387.4
2020,POL,JW,yi,2489.94,7101.31,7265.89
2020,POL,JW,de,4.03042,19.1838,16.3566
2020,POL,JW,ru,3.04804,13.8885,13.351
2020,POL,JW,lt,36.3176,167.547,82.9657
2020,POL,JH,pl,357.485,2006.82,2364.3
2020,POL,JH,yi,10763.6,48656.3,37309
2020,POL,PR,pl,2937.72,8129.39,11067.1
2020,POL,PR,de,653.842,3035.01,2653.8
2020,POL,PR,lt,19.9587,92.9735,48.9453
2020,POL,PR,cs,9.59474,43.2174,38.904
2020,POL,PR,lv,13.5857,63.109,36.821
2020,POL,OT,pl,2255.31,4632.09,6887.41
2020,POL,OT,lt,2.07031,8.74606,4.24327
2020,POL,OT,kdr,0.941355,3.83083,3.73166
2020,POL,OT,oth,142.729,644.553,389.761
2020,WOL,RC,pl,337637,647135,984772
2020,WOL,RC,uk,929.008,1115.88,1432.1
2020,WOL,RC,be,188.921,476.188,540.832
2020,WOL,RC,pls,91.1557,301.434,316.594
2020,WOL,RC,de,2161.42,3076.88,3596.06
2020,WOL,RC,ru,0.616745,1.89058,1.94905
2020,WOL,RC,lt,1691.63,6264.84,3964.04
2020,WOL,RC,csb,393.137,1342.21,1415.29
2020,WOL,RC,cs,8529.92,8866.91,11736.1
2020,WOL,RC,rom,1275.55,2073.64,2446.99
2020,WOL,RC,wym,0.350865,1.05433,1.16781
2020,WOL,RC,oth,696.349,896.775,1266.71
2020,WOL,GC,pl,2716.79,11687.4,14404.2
2020,WOL,GC,uk,28424.2,102325,97502.1
2020,WOL,GC,rue,326.998,1151.59,1162.95
2020,WOL,OR,pl,93694.3,170611,264305
2020,WOL,OR,uk,1.63231e+06,1.71249e+06,2.33985e+06
2020,WOL,OR,be,6376.67,16880.6,18231.9
2020,WOL,OR,pls,2714.29,7888.63,8548.95
2020,WOL,OR,ru,19073.9,21982.1,30277.3
2020,WOL,OR,lt,6.7459,24.1346,11.5606
2020,WOL,OR,rue,22.3205,69.9052,71.674
2020,WOL,OR,cs,10522.9,10427.8,13634.1
2020,WOL,JW,pl,9868.97,56343.4,66212.4
2020,WOL,JW,yi,4841.07,11760.2,12474.7
2020,WOL,JW,de,19.4735,70.443,64.3873
2020,WOL,JW,ru,5.30112,19.4031,19.2308
2020,WOL,JW,lt,41.5359,189.442,91.3412
2020,WOL,JH,pl,649.669,3192.48,3842.15
2020,WOL,JH,yi,20572.7,80249.7,62631.4
2020,WOL,PR,pl,5604.8,15093.8,20698.6
2020,WOL,PR,de,9813.07,18359,20282.6
2020,WOL,PR,lt,21.4239,103.315,51.9992
2020,WOL,PR,cs,823.665,1215.51,1469.62
2020,WOL,PR,lv,14.8457,71.9921,39.8691
2020,WOL,OT,pl,9212.53,16582.2,25794.7
2020,WOL,OT,lt,2.18768,9.67299,4.43028
2020,WOL,OT,kdr,6.70836,13.4587,15.8084
2020,WOL,OT,oth,367.892,1222.54,877.098
2020,POZ,RC,pl,669498,1.26542e+06,1.93492e+06
2020,POZ,RC,uk,7.35159,27.4862,26.6921
2020,POZ,RC,be,214.084,619.588,702.548
2020,POZ,RC,pls,112.444,369.658,404.189
2020,POZ,RC,de,5246.05,6887.06,9283.83
2020,POZ,RC,ru,0.534821,1.84777,1.93646
2020,POZ,RC,lt,2513.19,9720.74,6920.93
2020,POZ,RC,csb,1121.33,3870.89,4255.6
2020,POZ,RC,cs,150.332,526.705,503.017
2020,POZ,RC,rom,607.872,1908.33,1968.22
2020,POZ,RC,wym,0.691796,2.02548,2.32892
2020,POZ,RC,oth,164.962,519.974,587.227
2020,POZ,GC,pl,2378.89,11068.6,13447.5
2020,POZ,GC,uk,6854.71,27265.4,26856.1
2020,POZ,GC,rue,380.713,1460.48,1516.41
2020,POZ,OR,pl,18367.4,82534.9,100902
2020,POZ,OR,uk,12876.4,50633.4,48924.2
2020,POZ,OR,be,5379.12,18556.1,19857.7
2020,POZ,OR,pls,2797.15,8317.57,9360.91
2020,POZ,OR,ru,1198.44,4448.77,4485.29
2020,POZ,OR,lt,8.20527,30.9106,16.9562
2020,POZ,OR,rue,16.5635,63.243,65.4846
2020,POZ,OR,cs,107.391,395.624,369.103
2020,POZ,JW,pl,13198.2,58070.1,71268.2
2020,POZ,JW,yi,2308.73,5866.11,6323.13
2020,POZ,JW,de,41.1224,155.128,143.635
2020,POZ,JW,ru,2.13641,7.39781,7.4753
2020,POZ,JW,lt,76.2215,281.275,167.62
2020,POZ,JH,pl,386.801,2004.75,2391.55
2020,POZ,JH,yi,9102.42,35271.2,28816.1
2020,POZ,PR,pl,17443.2,33525.5,50968.6
2020,POZ,PR,de,38822.2,49729,66939.3
2020,POZ,PR,lt,42.524,170.161,104.777
2020,POZ,PR,cs,17.4861,64.8139,62.1864
2020,POZ,PR,lv,28.2348,110.953,75.8369
2020,POZ,OT,pl,2347.51,5163.28,7510.79
2020,POZ,OT,lt,3.73672,14.0356,7.91162
2020,POZ,OT,kdr,1.87824,7.04141,7.20451
2020,POZ,OT,oth,85.4344,1521.01,610.281
2020,POM,RC,pl,438856,851366,1.29022e+06
2020,POM,RC,uk,6.44905,23.8301,23.1124
2020,POM,RC,be,186.924,519.999,594.458
2020,POM,RC,pls,96.0937,305.589,335.689
2020,POM,RC,de,3825.84,4834.73,6576.58
2020,POM,RC,ru,0.460802,1.56343,1.63799
2020,POM,RC,lt,2212.97,8239.84,5799.41
2020,POM,RC,csb,59701.1,33644.2,78408
2020,POM,RC,cs,126.878,429.978,411.977
2020,POM,RC,rom,507.843,1522.14,1580.5
2020,POM,RC,wym,0.550156,1.52459,1.77664
2020,POM,RC,oth,424.827,627.197,898.411
2020,POM,GC,pl,1924.99,8685.75,10610.7
2020,POM,GC,uk,5867.21,22856,22568
2020,POM,GC,rue,299.368,1121.29,1168.37
2020,POM,OR,pl,15747.9,68320,84067.9
2020,POM,OR,uk,11454.6,43670.7,42062.7
2020,POM,OR,be,4781.68,15970.2,17069.8
2020,POM,OR,pls,2412.75,6966.28,7854.92
2020,POM,OR,ru,1048.3,3738.38,3762.31
2020,POM,OR,lt,7.37901,27.5887,14.8389
2020,POM,OR,rue,14.1541,51.7925,53.6187
2020,POM,OR,cs,91.7056,327.552,304.352
2020,POM,JW,pl,10384.4,44982.5,55366.9
2020,POM,JW,yi,1971.24,4990.05,5361.91
2020,POM,JW,de,32.5289,122.405,113.497
2020,POM,JW,ru,1.75666,6.21619,6.21857
2020,POM,JW,lt,65.1427,242.849,140.812
2020,POM,JH,pl,327.265,1623.4,1950.67
2020,POM,JH,yi,7975.33,29828.7,24346.5
2020,POM,PR,pl,10836.5,21007.4,31843.9
2020,POM,PR,de,26029.1,32663.5,44172.2
2020,POM,PR,lt,37.5243,148.127,89.4821
2020,POM,PR,cs,14.4443,52.5354,50.4015
2020,POM,PR,lv,24.0699,92.6595,62.2116
2020,POM,OT,pl,661.737,2747.42,3409.16
2020,POM,OT,lt,3.27288,12.2182,6.75669
2020,POM,OT,kdr,1.55979,5.69376,5.8414
2020,POM,OT,oth,72.6137,1105.68,456.07
2020,SLA,RC,pl,590629,1.09756e+06,1.68819e+06
2020,SLA,RC,uk,12.0084,42.375,41.5175
2020,SLA,RC,be,267.822,697.531,811.245
2020,SLA,RC,pls,146.404,430.093,482.657
2020,SLA,RC,de,13460.1,11466.6,19090.7
2020,SLA,RC,ru,0.654901,2.05158,2.19528
2020,SLA,RC,lt,3052.78,10704.7,7706.86
2020,SLA,RC,csb,1048.74,3249.97,3651.62
2020,SLA,RC,cs,210.436,662.724,646.847
2020,SLA,RC,rom,822.415,2317.34,2451.8
2020,SLA,RC,wym,1.24759,3.22257,3.83235
2020,SLA,RC,oth,373.201,680.263,901.933
2020,SLA,GC,pl,3944.61,16507.5,20452.1
2020,SLA,GC,uk,12709.9,45346.6,45892.7
2020,SLA,GC,rue,669.762,2268.4,2432.02
2020,SLA,OR,pl,22880.2,94341.7,117222
2020,SLA,OR,uk,20278.8,73433.7,72010.7
2020,SLA,OR,be,6627.1,20856.1,22763.9
2020,SLA,OR,pls,3509.18,9549.46,10987.7
2020,SLA,OR,ru,1461,4931.35,5065.51
2020,SLA,OR,lt,9.6307,34.2541,18.678
2020,SLA,OR,rue,26.4341,90.6179,96.2271
2020,SLA,OR,cs,146.901,495.15,469.854
2020,SLA,JW,pl,18124.1,72459.8,90583.9
2020,SLA,JW,yi,3297.91,7572.9,8441.84
2020,SLA,JW,de,37.3697,128.592,123.703
2020,SLA,JW,ru,2.68242,8.53107,8.80307
2020,SLA,JW,lt,90.4458,312.97,187.471
2020,SLA,JH,pl,513.986,2444.87,2958.86
2020,SLA,JH,yi,12813.2,45245.8,37809.3
2020,SLA,PR,pl,22539.8,27434.9,49974.8
2020,SLA,PR,de,8469.41,17081.7,19191
2020,SLA,PR,lt,48.1529,178.555,109.768
2020,SLA,PR,cs,24.5,81.577,79.6284
2020,SLA,PR,lv,33.4749,119.62,81.8057
2020,SLA,OT,pl,3020.78,5463.35,8484.13
2020,SLA,OT,lt,4.29401,15.3827,8.66604
2020,SLA,OT,kdr,2.35282,7.88005,8.29213
2020,SLA,OT,oth,243.321,2001.09,932.487
2020,KRA,RC,pl,729295,1.15985e+06,1.88914e+06
2020,KRA,RC,uk,6.71041,26.3587,25.1038
2020,KRA,RC,be,153.688,454.294,510.552
2020,KRA,RC,pls,86.3362,293.078,316.21
2020,KRA,RC,de,1391.46,2417.36,2875.27
2020,KRA,RC,ru,0.387324,1.3901,1.43384
2020,KRA,RC,lt,1783.99,7121.68,4972.42
2020,KRA,RC,csb,553.436,1990.38,2143.09
2020,KRA,RC,cs,131.035,475.327,446.009
2020,KRA,RC,rom,2343.57,3174.55,4303.99
2020,KRA,RC,wym,46.3725,24.8707,60.9945
2020,KRA,RC,oth,428.541,618.73,889.862
2020,KRA,GC,pl,15939.1,27155.4,43094.5
2020,KRA,GC,uk,7319.49,30924.6,29937
2020,KRA,GC,rue,25588.7,20717.2,37414.1
2020,KRA,OR,pl,14544.9,68143.8,82688.6
2020,KRA,OR,uk,11844.7,48352.3,45819.5
2020,KRA,OR,be,3999.09,14302.4,15029.5
2020,KRA,OR,pls,2188.85,6710.6,7463.2
2020,KRA,OR,ru,913.862,3514.11,3473.85
2020,KRA,OR,lt,5.92357,23.3033,12.4607
2020,KRA,OR,rue,24.0428,94.3458,95.777
2020,KRA,OR,cs,95.8971,367.303,335.057
2020,KRA,JW,pl,13802.1,76406.1,90208.2
2020,KRA,JW,yi,3927.3,8673.22,9703.71
2020,KRA,JW,de,9.87135,41.139,37.2755
2020,KRA,JW,ru,1.52865,6.00828,5.89259
2020,KRA,JW,lt,52.8986,209.785,122.538
2020,KRA,JH,pl,642.253,3275.31,3917.56
2020,KRA,JH,yi,17560.1,67131.7,55337.4
2020,KRA,PR,pl,1998.28,8771.86,10770.1
2020,KRA,PR,de,2369.89,6688.79,6737.94
2020,KRA,PR,lt,28.6343,117.91,71.7339
2020,KRA,PR,cs,15.0908,58.3338,55.1054
2020,KRA,PR,lv,20.0964,81.9611,55.0737
2020,KRA,OT,pl,635.276,2867.68,3502.96
2020,KRA,OT,lt,2.58084,10.206,5.64112
2020,KRA,OT,kdr,1.39881,5.53068,5.58914
2020,KRA,OT,oth,67.8563,892.962,390.005
2020,LWO,RC,pl,559296,1.1004e+06,1.65969e+06
2020,LWO,RC,uk,36.4943,147.387,139.567
2020,LWO,RC,be,206.786,619.181,690.916
2020,LWO,RC,pls,127.994,438.884,471.653
2020,LWO,RC,de,1264.32,2473.42,2804.55
2020,LWO,RC,ru,0.526502,1.89354,1.94824
2020,LWO,RC,lt,2267.86,9090.76,6235.28
2020,LWO,RC,csb,605.631,2224.28,2380.49
2020,LWO,RC,cs,257.938,938.57,880.253
2020,LWO,RC,rom,2152.21,3377.9,4312.58
2020,LWO,RC,wym,0.723397,2.125,2.41846
2020,LWO,RC,oth,1050.62,1157.45,1865.17
2020,LWO,GC,pl,89238.2,112560,201799
2020,LWO,GC,uk,460777,473112,726087
2020,LWO,GC,rue,22306.9,17867.1,32517.7
2020,LWO,OR,pl,24882.4,102042,126924
2020,LWO,OR,uk,58653.5,225443,217669
2020,LWO,OR,be,5643.53,19841.6,20881.1
2020,LWO,OR,pls,3323.55,10132.1,11237.5
2020,LWO,OR,ru,1337.21,5023.78,4990.51
2020,LWO,OR,lt,7.77942,29.7231,15.5399
2020,LWO,OR,rue,1993.12,1476.53,2782.99
2020,LWO,OR,cs,193.845,721.613,663.336
2020,LWO,JW,pl,24215.2,129763,153979
2020,LWO,JW,yi,7121.41,14493.2,16611
2020,LWO,JW,de,13.0365,51.1658,46.5545
2020,LWO,JW,ru,2.19826,8.70455,8.51613
2020,LWO,JW,lt,68.7492,269.285,153.992
2020,LWO,JH,pl,1043.72,4563.24,5606.96
2020,LWO,JH,yi,30888,105106,88277
2020,LWO,PR,pl,5159.86,13554.8,18714.6
2020,LWO,PR,de,3517.91,8747.53,9060.21
2020,LWO,PR,lt,36.1514,150.604,89.0903
2020,LWO,PR,cs,30.1543,119.283,111.852
2020,LWO,PR,lv,25.5119,105.589,68.5636
2020,LWO,OT,pl,2152.22,5984.99,8137.22
2020,LWO,OT,lt,3.40808,13.3451,7.30292
2020,LWO,OT,kdr,2.13973,8.50248,8.55414
2020,LWO,OT,oth,477.686,1684.61,1151.08
2020,STA,RC,pl,107058,283399,390457
2020,STA,RC,uk,18.0462,72.8814,68.2215
2020,STA,RC,be,70.0334,211.381,233.872
2020,STA,RC,pls,43.8083,152.289,161.675
2020,STA,RC,de,1208.26,1531.6,2015.53
2020,STA,RC,ru,0.185485,0.672356,0.683832
2020,STA,RC,lt,788.075,3121.45,2052.32
2020,STA,RC,csb,208.952,768.283,815.589
2020,STA,RC,cs,88.7735,323.934,299.411
2020,STA,RC,rom,732.42,1163.68,1465.45
2020,STA,RC,wym,0.251155,0.724212,0.823141
2020,STA,RC,oth,559.427,577.793,948.255
2020,STA,GC,pl,42251.4,60073.9,102325
2020,STA,GC,uk,433980,438050,665412
2020,STA,GC,rue,194.942,796.646,803.363
2020,STA,OR,pl,7251.6,33601.1,40852.7
2020,STA,OR,uk,26515.4,102028,97661.1
2020,STA,OR,be,1974.42,7032.6,7327.44
2020,STA,OR,pls,1194.09,3767.31,4109.1
2020,STA,OR,ru,472.2,1781.26,1752.47
2020,STA,OR,lt,2.86964,11.0084,5.51812
2020,STA,OR,rue,12.8954,48.5842,49.7308
2020,STA,OR,cs,68.701,257.069,233.186
2020,STA,JW,pl,7231.17,37577.7,44808.9
2020,STA,JW,yi,2623.94,5767.47,6365.04
2020,STA,JW,de,7.01835,25.9964,23.7927
2020,STA,JW,ru,0.736932,2.98192,2.86739
2020,STA,JW,lt,24.2456,96.2602,52.1727
2020,STA,JH,pl,373.831,1606.1,1979.93
2020,STA,JH,yi,11597.4,40122,33000.3
2020,STA,PR,pl,1180.6,3893.09,5073.7
2020,STA,PR,de,3039.83,4804.06,5751.63
2020,STA,PR,lt,12.781,52.3986,29.3994
2020,STA,PR,cs,10.17,39.7168,37.003
2020,STA,PR,lv,8.8913,36.1872,22.3957
2020,STA,OT,pl,960.838,2308.13,3268.97
2020,STA,OT,lt,1.2112,4.79495,2.47471
2020,STA,OT,kdr,9.08277,13.7122,18.4002
2020,STA,OT,oth,268.732,619.073,538.613
2020,TAR,RC,pl,190075,354617,544692
2020,TAR,RC,uk,15.1516,62.0056,58.1883
2020,TAR,RC,be,66.5715,201.275,223.417
2020,TAR,RC,pls,40.9378,142.788,151.959
2020,TAR,RC,de,313.767,713.673,766.092
2020,TAR,RC,ru,0.177875,0.643282,0.656591
2020,TAR,RC,lt,740.394,2940.66,1950.61
2020,TAR,RC,csb,190.969,706.446,751.888
2020,TAR,RC,cs,89.7646,330.16,306.211
2020,TAR,RC,rom,407.153,849.761,975.683
2020,TAR,RC,wym,0.229475,0.658622,0.753162
2020,TAR,RC,oth,152.266,253.771,341.717
2020,TAR,GC,pl,55397.8,66667.5,122065
2020,TAR,GC,uk,274891,279404,425694
2020,TAR,GC,rue,179.635,726.192,737.116
2020,TAR,OR,pl,6938.23,33050.9,39989.2
2020,TAR,OR,uk,23266.4,91603.8,87361.1
2020,TAR,OR,be,1847.69,6809.91,7048.99
2020,TAR,OR,pls,1094.99,3550.08,3859.02
2020,TAR,OR,ru,439.457,1724.24,1684.56
2020,TAR,OR,lt,2.68512,10.5179,5.25943
2020,TAR,OR,rue,11.277,44.928,45.5685
2020,TAR,OR,cs,67.7599,264.049,238.098
2020,TAR,JW,pl,7511.12,34245.6,41756.8
2020,TAR,JW,yi,2190.25,4394.19,5022.74
2020,TAR,JW,de,3.69635,14.3034,12.939
2020,TAR,JW,ru,0.716117,2.73063,2.67064
2020,TAR,JW,lt,23.2383,89.0714,48.7873
2020,TAR,JH,pl,309.498,1366.38,1675.88
2020,TAR,JH,yi,9323.36,30377.4,25499.7
2020,TAR,PR,pl,1328.84,3760.85,5089.68
2020,TAR,PR,de,935.3,2570.37,2562.3
2020,TAR,PR,lt,12.0667,49.2431,27.7359
2020,TAR,PR,cs,10.3544,40.6099,37.7944
2020,TAR,PR,lv,8.44998,34.3463,21.2945
2020,TAR,OT,pl,1523.73,2628.42,4152.15
2020,TAR,OT,lt,1.13993,4.42744,2.29135
2020,TAR,OT,kdr,0.673753,2.64891,2.66148
2020,TAR,OT,oth,115.882,441.593,291.36
2020,LT_KAU,RC,pl,5525.98,10719.5,11411.6
2020,LT_KAU,RC,uk,0.131354,0.49369,0.274251
2020,LT_KAU,RC,be,29.5162,80.8185,84.1048
2020,LT_KAU,RC,pls,2.77306,9.83862,6.8236
2020,LT_KAU,RC,de,19.833,74.0985,58.3906
2020,LT_KAU,RC,ru,0.211567,0.812822,0.795908
2020,LT_KAU,RC,lt,81113.7,177939,259052
2020,LT_KAU,RC,csb,14.2829,52.9682,36.1382
2020,LT_KAU,RC,cs,3.54774,13.0293,7.84205
2020,LT_KAU,RC,rom,284.418,443.81,564.76
2020,LT_KAU,RC,oth,3.46092,12.1048,8.72156
2020,LT_KAU,GC,pl,13.0837,52.1264,32.9424
2020,LT_KAU,GC,uk,102.703,403.855,267.961
2020,LT_KAU,GC,lt,3.48859,26.0168,29.5054
2020,LT_KAU,GC,rue,6.33361,24.4578,16.6395
2020,LT_KAU,OR,pl,153.128,589.431,378.626
2020,LT_KAU,OR,uk,219.401,912.679,563.208
2020,LT_KAU,OR,be,181.593,649.935,481.666
2020,LT_KAU,OR,pls,69.5477,235.466,158.555
2020,LT_KAU,OR,ru,3535.46,6003.91,7706.47
2020,LT_KAU,OR,lt,868.176,2871.79,3739.96
2020,LT_KAU,OR,rue,0.313931,1.21189,0.826161
2020,LT_KAU,OR,cs,2.3926,9.03573,5.42962
2020,LT_KAU,JW,pl,83.0652,397.969,273.398
2020,LT_KAU,JW,yi,613.547,2598.32,2664.56
2020,LT_KAU,JW,de,5.42386,31.3648,28.0113
2020,LT_KAU,JW,ru,2.45753,23.5455,21.631
2020,LT_KAU,JW,lt,1446.32,12312.5,13758.9
2020,LT_KAU,JH,pl,4.93838,26.8461,18.8358
2020,LT_KAU,JH,yi,264.635,1151.37,758.161
2020,LT_KAU,PR,pl,16.9976,64.3217,46.8686
2020,LT_KAU,PR,de,1892.96,3739.16,4256.44
2020,LT_KAU,PR,lt,1271.37,4039.37,5310.74
2020,LT_KAU,PR,cs,0.387304,1.4943,0.947398
2020,LT_KAU,PR,lv,106.55,408.28,395.239
2020,LT_KAU,OT,pl,209.697,241.483,356.37
2020,LT_KAU,OT,lt,329.528,1067.33,1396.86
2020,LT_KAU,OT,kdr,0.537615,2.04895,2.07892
2020,LT_KAU,OT,oth,311.202,598.373,700.693
2020,LT_LAU,RC,pl,8480.37,10252.9,13607.8
2020,LT_LAU,RC,uk,0.102486,0.410624,0.221154
2020,LT_LAU,RC,be,26.6104,77.4471,81.0946
2020,LT_LAU,RC,pls,2.0549,7.91559,5.2725
2020,LT_LAU,RC,de,13.7415,55.0517,43.1092
2020,LT_LAU,RC,ru,0.163616,0.647278,0.629432
2020,LT_LAU,RC,lt,177911,231721,409633
2020,LT_LAU,RC,csb,10.6535,42.5914,27.9861
2020,LT_LAU,RC,cs,2.72725,10.7975,6.24111
2020,LT_LAU,RC,rom,44.7975,179.073,167.687
2020,LT_LAU,RC,oth,2.39946,9.14068,6.28702
2020,LT_LAU,GC,pl,8.48026,37.418,22.3319
2020,LT_LAU,GC,uk,71.9326,315.861,200.075
2020,LT_LAU,GC,lt,2.20045,18.8453,21.0458
2020,LT_LAU,GC,rue,4.55042,19.6113,12.7295
2020,LT_LAU,OR,pl,106.875,421.787,256.753
2020,LT_LAU,OR,uk,164.928,730.353,432.282
2020,LT_LAU,OR,be,132.441,516.533,366.361
2020,LT_LAU,OR,pls,51.5308,191.097,123.309
2020,LT_LAU,OR,ru,4705.66,5301.21,7990.4
2020,LT_LAU,OR,lt,1106.1,2246.75,3352.84
2020,LT_LAU,OR,rue,0.234043,0.97101,0.635314
2020,LT_LAU,OR,cs,1.84676,7.47466,4.29942
2020,LT_LAU,JW,pl,64.3503,254.449,169.928
2020,LT_LAU,JW,yi,1318.6,2367.23,3046.74
2020,LT_LAU,JW,de,3.34189,15.0386,13.7803
2020,LT_LAU,JW,ru,2.75018,9.82808,10.2439
2020,LT_LAU,JW,lt,2261.52,10019.8,12281.3
2020,LT_LAU,JH,pl,4.72072,21.0427,15.1749
2020,LT_LAU,JH,yi,246.858,920.534,621.124
2020,LT_LAU,PR,pl,9.82077,40.9645,27.034
2020,LT_LAU,PR,de,995.931,2206.06,2400.68
2020,LT_LAU,PR,lt,855.128,3542.34,4397.47
2020,LT_LAU,PR,cs,0.288387,1.21998,0.739386
2020,LT_LAU,PR,lv,389.1,676.347,811.191
2020,LT_LAU,OT,pl,8.25813,28.4703,23.788
2020,LT_LAU,OT,lt,226.024,513.163,739.187
2020,LT_LAU,OT,kdr,12.8654,12.2751,20.61
2020,LT_LAU,OT,oth,271.67,402.606,507.038
2020,LT_ZEM,RC,pl,2791.94,5544.23,5658.41
2020,LT_ZEM,RC,uk,0.109086,0.438213,0.23726
2020,LT_ZEM,RC,be,26.8561,79.9059,82.8071
2020,LT_ZEM,RC,pls,2.24533,8.65649,5.83461
2020,LT_ZEM,RC,de,16.9918,67.9172,54.5251
2020,LT_ZEM,RC,ru,0.134601,0.537784,0.519515
2020,LT_ZEM,RC,lt,201872,259692,461564
2020,LT_ZEM,RC,csb,11.7185,46.8268,31.0455
2020,LT_ZEM,RC,cs,2.94023,11.6469,6.8139
2020,LT_ZEM,RC,rom,153.848,267.598,323.644
2020,LT_ZEM,RC,oth,2.64712,10.0764,7.01982
2020,LT_ZEM,GC,pl,7.58932,34.2072,20.6974
2020,LT_ZEM,GC,uk,80.9231,363.669,233.589
2020,LT_ZEM,GC,lt,2.60743,23.2728,25.8802
2020,LT_ZEM,GC,rue,5.10343,22.465,14.7898
2020,LT_ZEM,OR,pl,84.7671,359.806,214.025
2020,LT_ZEM,OR,uk,177.675,798.041,477.072
2020,LT_ZEM,OR,be,145.266,569.906,409.757
2020,LT_ZEM,OR,pls,56.3473,210.726,137.662
2020,LT_ZEM,OR,ru,2821.61,3918.54,5403.52
2020,LT_ZEM,OR,lt,725.55,1860,2585.55
2020,LT_ZEM,OR,rue,0.255085,1.06815,0.706629
2020,LT_ZEM,OR,cs,1.98418,8.12404,4.72354
2020,LT_ZEM,JW,pl,46.4304,198.505,123.921
2020,LT_ZEM,JW,yi,1353.08,2589.16,3259.92
2020,LT_ZEM,JW,de,4.6549,20.8829,19.3452
2020,LT_ZEM,JW,ru,1.76309,7.40193,7.48909
2020,LT_ZEM,JW,lt,2369.66,10772.2,13141.9
2020,LT_ZEM,JH,pl,3.87901,18.7604,13.2147
2020,LT_ZEM,JH,yi,262.473,1030.55,693.239
2020,LT_ZEM,PR,pl,7.65419,35.3855,22.6561
2020,LT_ZEM,PR,de,1798.83,3354.31,3879.85
2020,LT_ZEM,PR,lt,3260.45,6200.63,9461.08
2020,LT_ZEM,PR,cs,0.311471,1.35829,0.83077
2020,LT_ZEM,PR,lv,1941.06,1883.99,2897.22
2020,LT_ZEM,OT,pl,6.14432,24.6038,19.8369
2020,LT_ZEM,OT,lt,258.174,607.851,866.025
2020,LT_ZEM,OT,kdr,0.562376,2.35279,2.35314
2020,LT_ZEM,OT,oth,318.98,478.19,603.139
2020,LT_SUV,RC,pl,3996.27,6399.61,7155.38
2020,LT_SUV,RC,uk,0.111616,0.447769,0.244195
2020,LT_SUV,RC,be,315.9,192.05,423.805
2020,LT_SUV,RC,pls,2.365,9.00155,6.11736
2020,LT_SUV,RC,de,17.2799,69.2447,53.0728
2020,LT_SUV,RC,ru,0.386928,0.617016,0.786366
2020,LT_SUV,RC,lt,161481,195946,357427
2020,LT_SUV,RC,csb,12.2349,48.4589,32.4619
2020,LT_SUV,RC,cs,2.99739,11.7841,6.94903
2020,LT_SUV,RC,rom,579.535,523.844,861.541
2020,LT_SUV,RC,oth,2.75215,10.3173,7.22034
2020,LT_SUV,GC,pl,8.95881,40.9175,25.2103
2020,LT_SUV,GC,uk,87.8148,398.952,260.225
2020,LT_SUV,GC,lt,2.8727,27.3722,30.2449
2020,LT_SUV,GC,rue,5.44429,24.1718,16.1503
2020,LT_SUV,OR,pl,96.5226,403.982,243.133
2020,LT_SUV,OR,uk,187.897,821.144,504.131
2020,LT_SUV,OR,be,147.66,571.403,411.966
2020,LT_SUV,OR,pls,61.1592,223.499,148.471
2020,LT_SUV,OR,ru,2292.54,2916.45,4160.8
2020,LT_SUV,OR,lt,628.368,1539.05,2167.42
2020,LT_SUV,OR,rue,0.27289,1.13177,0.760215
2020,LT_SUV,OR,cs,2.05534,8.31594,4.91192
2020,LT_SUV,JW,pl,55.049,231.024,145.543
2020,LT_SUV,JW,yi,1170.27,1911.41,2527.27
2020,LT_SUV,JW,de,9.06731,28.2258,27.94
2020,LT_SUV,JW,ru,1.53577,5.75763,5.90961
2020,LT_SUV,JW,lt,2111.76,8611.72,10723.5
2020,LT_SUV,JH,pl,4.54095,20.9806,15.0619
2020,LT_SUV,JH,yi,262.424,983.468,661.65
2020,LT_SUV,PR,pl,11.1005,45.364,31.0697
2020,LT_SUV,PR,de,5201.99,5585.49,8022.44
2020,LT_SUV,PR,lt,1234.67,3662.63,4897.3
2020,LT_SUV,PR,cs,0.331,1.42333,0.880348
2020,LT_SUV,PR,lv,78.0774,335.841,313.789
2020,LT_SUV,OT,pl,7.20247,27.1888,22.1959
2020,LT_SUV,OT,lt,227.864,482.296,710.16
2020,LT_SUV,OT,kdr,0.396923,1.60754,1.59871
2020,LT_SUV,OT,oth,265.689,357.078,473.736
2020,LT_NEA,RC,pl,7280.38,8269.82,11346.4
2020,LT_NEA,RC,be,633.954,341.958,818.95
2020,LT_NEA,RC,pls,1.55937,6.04709,4.00905
2020,LT_NEA,RC,de,9.31279,37.5731,28.9765
2020,LT_NEA,RC,ru,5.69164,4.09902,7.7554
2020,LT_NEA,RC,lt,140156,175207,315363
2020,LT_NEA,RC,csb,7.81636,31.4062,20.6972
2020,LT_NEA,RC,cs,2.12571,8.47382,4.83269
2020,LT_NEA,RC,rom,31.0782,124.937,115.985
2020,LT_NEA,RC,oth,1.8086,6.92119,4.7639
2020,LT_NEA,GC,pl,6.58018,27.6542,16.3789
2020,LT_NEA,GC,uk,55.9005,232.791,146.571
2020,LT_NEA,GC,lt,1.70822,12.8736,14.5818
2020,LT_NEA,GC,rue,3.47173,14.2368,9.22728
2020,LT_NEA,OR,pl,97.6754,349.058,222.299
2020,LT_NEA,OR,uk,131.104,583.432,340.296
2020,LT_NEA,OR,be,114.627,448.094,317.139
2020,LT_NEA,OR,pls,40.234,149.871,96.6811
2020,LT_NEA,OR,ru,12271.4,10264.3,17806.2
2020,LT_NEA,OR,lt,2311.41,3317.6,5629.01
2020,LT_NEA,OR,rue,0.178963,0.746119,0.484071
2020,LT_NEA,OR,cs,1.47345,6.01958,3.39985
2020,LT_NEA,JW,pl,50.397,186.893,125.337
2020,LT_NEA,JW,yi,1220.01,1775.4,2457.36
2020,LT_NEA,JW,de,2.10869,9.22421,8.42598
2020,LT_NEA,JW,ru,7.78487,16.4029,19.4735
2020,LT_NEA,JW,lt,1919.33,6898.1,8817.43
2020,LT_NEA,JH,pl,3.75376,15.5649,11.3628
2020,LT_NEA,JH,yi,198.587,676.822,463.166
2020,LT_NEA,PR,pl,6.87052,29.8535,19.1498
2020,LT_NEA,PR,de,475.501,1297.43,1316.93
2020,LT_NEA,PR,lt,4025.63,5081.22,9106.85
2020,LT_NEA,PR,cs,0.227217,0.955261,0.571835
2020,LT_NEA,PR,lv,2573.71,2058.64,3465.17
2020,LT_NEA,OT,pl,6.3798,21.3299,17.7834
2020,LT_NEA,OT,lt,196.375,394.616,590.991
2020,LT_NEA,OT,kdr,0.403329,1.65006,1.65358
2020,LT_NEA,OT,oth,259.049,329.871,449.314
2020,LT_KLA,RC,pl,571.9,2222.32,1570.9
2020,LT_KLA,RC,be,15.0548,42.3093,43.4895
2020,LT_KLA,RC,pls,1.51965,5.37412,3.48053
2020,LT_KLA,RC,de,310.873,349.334,483.815
2020,LT_KLA,RC,lt,30569.6,83279.9,113849
2020,LT_KLA,RC,csb,9.13078,33.5798,21.2157
2020,LT_KLA,RC,cs,1.98067,7.17941,4.04997
2020,LT_KLA,RC,rom,30.818,113.829,107.359
2020,LT_KLA,RC,oth,1.88612,6.65653,4.42331
2020,LT_KLA,GC,pl,5.05147,19.8233,11.2912
2020,LT_KLA,GC,uk,56.5653,221.421,135.249
2020,LT_KLA,GC,lt,1.57555,11.8014,13.3769
2020,LT_KLA,GC,rue,3.57313,13.7723,8.64433
2020,LT_KLA,OR,pl,53.0871,210.263,117.76
2020,LT_KLA,OR,uk,119.955,513.237,290.802
2020,LT_KLA,OR,be,88.2524,326.659,223.836
2020,LT_KLA,OR,pls,37.1096,129.938,80.5812
2020,LT_KLA,OR,ru,678.67,1463.72,1706.1
2020,LT_KLA,OR,lt,209.632,830.392,1040.02
2020,LT_KLA,OR,rue,0.174811,0.685651,0.431888
2020,LT_KLA,OR,cs,1.3217,5.0514,2.81318
2020,LT_KLA,JW,pl,30.1835,111.904,63.8076
2020,LT_KLA,JW,yi,228.595,661.85,714.065
2020,LT_KLA,JW,de,27.999,187.188,162.815
2020,LT_KLA,JW,ru,0.710496,2.72711,2.77432
2020,LT_KLA,JW,lt,750.806,3548.02,4298.83
2020,LT_KLA,JH,pl,1.46094,8.35868,5.42233
2020,LT_KLA,JH,yi,110.437,429.458,259.313
2020,LT_KLA,PR,pl,4.93292,20.3032,12.0197
2020,LT_KLA,PR,de,13368.5,16393.6,22220.3
2020,LT_KLA,PR,lt,12394.8,12244.9,24639.7
2020,LT_KLA,PR,cs,0.21161,0.811744,0.481411
2020,LT_KLA,PR,lv,65.4571,253.824,244.448
2020,LT_KLA,OT,pl,3.47056,12.6215,9.7443
2020,LT_KLA,OT,lt,162.506,432.481,594.987
2020,LT_KLA,OT,kdr,0.315436,1.16863,1.19301
2020,LT_KLA,OT,oth,197.028,332.792,393.73
2025,WAW,RC,pl,148205,1.53469e+06,1.6829e+06
2025,WAW,RC,uk,17.9937,100.275,91.1497
2025,WAW,RC,be,225.52,1481.4,1441.3
2025,WAW,RC,pls,132.808,865.304,844.236
2025,WAW,RC,de,445.062,3611.82,3128.98
2025,WAW,RC,ru,0.681732,4.39403,4.16479
2025,WAW,RC,lt,3268.15,23472.1,15080.8
2025,WAW,RC,csb,678.235,5210.21,5046.67
2025,WAW,RC,cs,173.885,1133.07,978.699
2025,WAW,RC,rom,470.831,3590.48,3189.68
2025,WAW,RC,wym,0.41793,3.02201,2.92113
2025,WAW,RC,oth,119.409,896.061,877.327
2025,WAW,GC,pl,2304.73,28363.4,30668.1
2025,WAW,GC,uk,10395.8,93702.6,82801.8
2025,WAW,GC,rue,333.38,2953.46,2732.71
2025,WAW,OR,pl,23496.5,223439,246935
2025,WAW,OR,uk,24336.2,184499,160914
2025,WAW,OR,be,7027.26,51138.4,48433.4
2025,WAW,OR,pls,3447.65,20195.8,20027
2025,WAW,OR,ru,1292.76,11929.8,10581.7
2025,WAW,OR,lt,15.2727,85.8546,44.2651
2025,WAW,OR,rue,16.6504,146.958,134.341
2025,WAW,OR,cs,130.532,936.939,783.06
2025,WAW,JW,pl,11586.9,182472,194058
2025,WAW,JW,yi,2354.22,20835,18162.1
2025,WAW,JW,de,13.8376,119.087,97.6864
2025,WAW,JW,ru,2.35816,24.2108,21.1888
2025,WAW,JW,lt,123.464,730.739,405.122
2025,WAW,JH,pl,394.368,6375.91,6770.28
2025,WAW,JH,yi,11010.3,155436,111515
2025,WAW,PR,pl,1880.75,30894.9,32775.6
2025,WAW,PR,de,1770.76,16488.2,13692.7
2025,WAW,PR,lt,58.7755,414.419,235.801
2025,WAW,PR,cs,17.2743,143.012,121.942
2025,WAW,PR,lv,29.8122,246.683,151.943
2025,WAW,OT,pl,716.015,9718.78,10434.8
2025,WAW,OT,lt,6.23474,36.2938,19.1205
2025,WAW,OT,kdr,1.53256,14.665,13.155
2025,WAW,OT,oth,95.1373,4238.27,1619.05
2025,WAR,RC,pl,853398,1.28716e+06,2.14056e+06
2025,WAR,RC,uk,6.30263,24.2995,23.4903
2025,WAR,RC,be,153.635,446.169,504.676
2025,WAR,RC,pls,87.9263,295.493,321.534
2025,WAR,RC,de,1513.79,2623.39,3129.61
2025,WAR,RC,ru,0.455873,1.62385,1.68973
2025,WAR,RC,lt,2033.02,8083.23,5744.31
2025,WAR,RC,csb,830.206,2895.43,3164.4
2025,WAR,RC,cs,121.968,439.104,415.723
2025,WAR,RC,rom,1418.92,2338.18,2944.87
2025,WAR,RC,wym,0.395029,1.15909,1.32103
2025,WAR,RC,oth,1362.75,1256.61,2223.36
2025,WAR,GC,pl,2060.14,9902.11,11962.2
2025,WAR,GC,uk,5982.56,23305.9,22881.9
2025,WAR,GC,rue,283.055,1140.24,1163.94
2025,WAR,OR,pl,19308.6,79553.5,98862.2
2025,WAR,OR,uk,12106.8,44979.7,43739.6
2025,WAR,OR,be,4554.43,15479.7,16533.5
2025,WAR,OR,pls,2347.26,6883.76,7757.69
2025,WAR,OR,ru,4121.83,6511.44,8523.14
2025,WAR,OR,lt,7.64203,29.2461,16.0341
2025,WAR,OR,rue,14.332,53.5829,55.2901
2025,WAR,OR,cs,95.5744,349.864,323.856
2025,WAR,JW,pl,16277.4,81696.4,97973.8
2025,WAR,JW,yi,5487.03,10150.5,11876.7
2025,WAR,JW,de,21.9056,79.913,74.7965
2025,WAR,JW,ru,2.3223,8.67996,8.64333
2025,WAR,JW,lt,62.1761,242.01,143.12
2025,WAR,JH,pl,1024.07,4306,5330.07
2025,WAR,JH,yi,27025.1,93327.1,78182.8
2025,WAR,PR,pl,9445.92,18724.8,28170.7
2025,WAR,PR,de,10956.8,16221.9,20400.5
2025,WAR,PR,lt,34.4897,143.755,88.4473
2025,WAR,PR,cs,13.4533,52.0671,49.4024
2025,WAR,PR,lv,22.1677,90.8654,62.1455
2025,WAR,OT,pl,1117.13,3398.33,4515.46
2025,WAR,OT,lt,3.10709,12.3123,6.92244
2025,WAR,OT,kdr,1.34408,5.30176,5.36744
2025,WAR,OT,oth,209.796,1106.01,642.484
2025,LOD,RC,pl,802146,1.54606e+06,2.3482e+06
2025,LOD,RC,uk,11.8843,43.2152,42.3917
2025,LOD,RC,be,287.42,779.468,898.274
2025,LOD,RC,pls,161.937,503.659,559.47
2025,LOD,RC,de,3000.79,5684.16,6633.29
2025,LOD,RC,ru,0.781733,2.59854,2.75392
2025,LOD,RC,lt,3707,13789.3,10059.7
2025,LOD,RC,csb,1230.06,4018.54,4467.45
2025,LOD,RC,cs,220.033,735.646,711.083
2025,LOD,RC,rom,1282.08,2976.18,3341.72
2025,LOD,RC,wym,0.772326,2.14958,2.4848
2025,LOD,RC,oth,1624.63,1632.12,2776.51
2025,LOD,GC,pl,3647.49,16269.1,19916.6
2025,LOD,GC,uk,10520,40074.6,39872.7
2025,LOD,GC,rue,539.784,1962.99,2064.37
2025,LOD,OR,pl,32478.8,131062,163541
2025,LOD,OR,uk,20865.5,78374.1,76151
2025,LOD,OR,be,8173.98,26403.2,28608.6
2025,LOD,OR,pls,4124.08,11417.8,13081.2
2025,LOD,OR,ru,2566.66,7052.45,7659.36
2025,LOD,OR,lt,13.0712,48.2833,26.9119
2025,LOD,OR,rue,25.4833,90.9692,95.1102
2025,LOD,OR,cs,165.849,579.6,544.046
2025,LOD,JW,pl,23443.8,142280,165724
2025,LOD,JW,yi,7020.34,16686.6,18182
2025,LOD,JW,de,54.4559,421.993,363.045
2025,LOD,JW,ru,3.1543,12.1559,12.0325
2025,LOD,JW,lt,110.496,411.58,249.357
2025,LOD,JH,pl,1219.47,6171.9,7391.37
2025,LOD,JH,yi,32876.4,147755,119162
2025,LOD,PR,pl,25484.3,49945.5,75429.8
2025,LOD,PR,de,21808.8,42697.7,48717.1
2025,LOD,PR,lt,58.4852,242.558,152.057
2025,LOD,PR,cs,24.1697,91.3192,86.8599
2025,LOD,PR,lv,39.2037,158.377,109.88
2025,LOD,OT,pl,1588.62,5574.57,7163.19
2025,LOD,OT,lt,5.54056,20.7551,11.9589
2025,LOD,OT,kdr,2.53591,9.33536,9.58148
2025,LOD,OT,oth,232.239,2113.74,1026.41
2025,KIE,RC,pl,1.19206e+06,1.76865e+06,2.96071e+06
2025,KIE,RC,uk,8.89095,34.1725,32.9773
2025,KIE,RC,be,200.687,577.419,653.776
2025,KIE,RC,pls,115.12,381.081,415.66
2025,KIE,RC,de,915.909,2448.26,2553.21
2025,KIE,RC,ru,0.56234,1.98369,2.06515
2025,KIE,RC,lt,2651.26,10224.5,7294.4
2025,KIE,RC,csb,841.233,2881.16,3152.83
2025,KIE,RC,cs,171.383,605.357,574.725
2025,KIE,RC,rom,1849.49,3128.52,3882.95
2025,KIE,RC,wym,0.723966,2.04881,2.35651
2025,KIE,RC,oth,1395.18,1413.37,2377.25
2025,KIE,GC,pl,2978.76,14571.6,17550.3
2025,KIE,GC,uk,8063.5,33691.9,32925.9
2025,KIE,GC,rue,473.001,1893.95,1952.61
2025,KIE,OR,pl,24674.7,104408,129083
2025,KIE,OR,uk,16708.4,63619.2,61446.2
2025,KIE,OR,be,6158.08,20318.6,21822.1
2025,KIE,OR,pls,3109.79,8932.06,10110.2
2025,KIE,OR,ru,3017.04,6514.53,7565.76
2025,KIE,OR,lt,9.85312,37.4127,20.6771
2025,KIE,OR,rue,23.1629,82.2849,85.7211
2025,KIE,OR,cs,139.712,498.02,462.945
2025,KIE,JW,pl,22330,126675,149005
2025,KIE,JW,yi,8115.14,16319.7,18632
2025,KIE,JW,de,14.6009,65.914,58.9805
2025,KIE,JW,ru,2.33285,9.84678,9.53402
2025,KIE,JW,lt,77.5172,320.728,189.628
2025,KIE,JH,pl,1484.92,6321.87,7806.79
2025,KIE,JH,yi,39921.8,147304,121434
2025,KIE,PR,pl,3193.81,13777.3,16971.1
2025,KIE,PR,de,4367.73,11000.9,11447.2
2025,KIE,PR,lt,42.0652,180.45,111.335
2025,KIE,PR,cs,18.5136,74.1605,69.6246
2025,KIE,PR,lv,28.288,119.779,81.5989
2025,KIE,OT,pl,1502.39,4865.06,6367.45
2025,KIE,OT,lt,3.93144,15.9642,9.00891
2025,KIE,OT,kdr,1.78341,7.27691,7.31173
2025,KIE,OT,oth,275.874,1655.63,923.958
2025,LUB,RC,pl,1.11474e+06,1.66246e+06,2.7772e+06
2025,LUB,RC,uk,15.3291,60.8826,57.654
2025,LUB,RC,be,360.534,678.286,867.47
2025,LUB,RC,pls,126.433,414.929,449.02
2025,LUB,RC,de,1037.73,2174.91,2374.57
2025,LUB,RC,ru,0.58546,1.99398,2.06956
2025,LUB,RC,lt,2457.58,9390.1,6527.09
2025,LUB,RC,csb,640.244,2172.88,2352.36
2025,LUB,RC,cs,202.158,699.718,659.553
2025,LUB,RC,rom,1608.56,2781.39,3355.27
2025,LUB,RC,wym,0.494457,1.41278,1.61271
2025,LUB,RC,oth,141.326,430.448,482.365
2025,LUB,GC,pl,5107.65,18272.9,23380.6
2025,LUB,GC,uk,28328.1,69788.9,76515.7
2025,LUB,GC,rue,401.066,1560.27,1607.29
2025,LUB,OR,pl,207224,259745,466969
2025,LUB,OR,uk,128136,183103,230887
2025,LUB,OR,be,8650.59,22028.7,24778.5
2025,LUB,OR,pls,4162.7,10482.4,12112.2
2025,LUB,OR,ru,6071.74,8636.68,11313
2025,LUB,OR,lt,10.503,35.7449,19.8168
2025,LUB,OR,rue,32.3613,89.9913,97.4315
2025,LUB,OR,cs,202.743,590.826,564.595
2025,LUB,JW,pl,18375.5,90875.7,109251
2025,LUB,JW,yi,6906.98,13287.6,15368.2
2025,LUB,JW,de,11.9003,50.0584,45.1386
2025,LUB,JW,ru,2.34981,9.5256,9.2645
2025,LUB,JW,lt,65.8346,283.738,159.235
2025,LUB,JH,pl,1244.5,5120.94,6365.44
2025,LUB,JH,yi,34181.8,113241,94554.9
2025,LUB,PR,pl,9160.54,20597.3,29757.8
2025,LUB,PR,de,4704.07,10725.9,11451.3
2025,LUB,PR,lt,35.0905,161.81,95.033
2025,LUB,PR,cs,19.2115,84.6024,77.9272
2025,LUB,PR,lv,23.2458,106.868,69.1688
2025,LUB,OT,pl,1496.53,4570.05,6066.58
2025,LUB,OT,lt,3.46921,14.472,7.79741
2025,LUB,OT,kdr,1.53744,6.50163,6.46788
2025,LUB,OT,oth,80.6674,1192.84,506.532
2025,BIA,RC,pl,457613,801463,1.25908e+06
2025,BIA,RC,uk,5.94746,23.1539,22.1293
2025,BIA,RC,be,2756.5,2312.07,4256.43
2025,BIA,RC,pls,85.0135,288.237,311.21
2025,BIA,RC,de,449.329,1153.84,1201.84
2025,BIA,RC,ru,8.37761,8.76384,13.9439
2025,BIA,RC,lt,6302.25,13155.6,12314.1
2025,BIA,RC,csb,409.812,1476.5,1587.68
2025,BIA,RC,cs,107.836,391.501,366.202
2025,BIA,RC,rom,654.055,1438.43,1618.52
2025,BIA,RC,wym,0.282552,0.824581,0.938362
2025,BIA,RC,oth,213.497,372.323,495.022
2025,BIA,GC,pl,1529.51,7411.79,8941.3
2025,BIA,GC,uk,4464.63,18690.4,18126.8
2025,BIA,GC,rue,208.608,842.753,861.097
2025,BIA,OR,pl,175843,248612,424455
2025,BIA,OR,uk,13385.7,44251.5,43799.5
2025,BIA,OR,be,103070,100830,166313
2025,BIA,OR,pls,2511.14,7262.23,8168.38
2025,BIA,OR,ru,19155.5,20703.1,31772.3
2025,BIA,OR,lt,12.9673,41.0123,26.0817
2025,BIA,OR,rue,12.024,43.7176,44.9897
2025,BIA,OR,cs,90.1846,324.514,297.929
2025,BIA,JW,pl,12507.6,66023.2,78530.8
2025,BIA,JW,yi,5149.78,10379.5,11786.2
2025,BIA,JW,de,8.07302,33.9434,30.1545
2025,BIA,JW,ru,9.81109,29.7143,31.2079
2025,BIA,JW,lt,71.8774,297.294,176.404
2025,BIA,JH,pl,846.189,3342.12,4188.31
2025,BIA,JH,yi,24515.8,83730.9,69648.9
2025,BIA,PR,pl,2787.09,8421.18,11208.3
2025,BIA,PR,de,2512.08,6045.84,6309.99
2025,BIA,PR,lt,38.4703,169.488,105.321
2025,BIA,PR,cs,11.5334,47.3023,44.0103
2025,BIA,PR,lv,23.8583,104.34,70.8722
2025,BIA,OT,pl,1688.32,3732.68,5421
2025,BIA,OT,lt,3.61195,14.5136,8.15883
2025,BIA,OT,kdr,1.3737,5.56612,5.58555
2025,BIA,OT,oth,155.045,841.936,485.073
2025,WIL,RC,pl,248859,479173,728032
2025,WIL,RC,uk,3.22346,12.9053,12.2125
2025,WIL,RC,be,5154.8,3981.04,7685.97
2025,WIL,RC,pls,64.3228,182.061,204.998
2025,WIL,RC,de,153.179,541.65,519.264
2025,WIL,RC,ru,20.5835,21.7886,34.5725
2025,WIL,RC,lt,19853.7,29093.3,33867.7
2025,WIL,RC,csb,211.17,808.279,855.258
2025,WIL,RC,cs,60.7663,233.289,214.45
2025,WIL,RC,rom,441.421,935.227,1063.66
2025,WIL,RC,wym,0.155202,0.464021,0.525775
2025,WIL,RC,oth,216.375,313.961,447.189
2025,WIL,GC,pl,759.163,3792.37,4551.53
2025,WIL,GC,uk,2126.23,9302.12,8905.39
2025,WIL,GC,rue,106.579,453.109,456.572
2025,WIL,OR,pl,111069,179028,290097
2025,WIL,OR,uk,5602.37,22487.4,21254.4
2025,WIL,OR,be,108848,113726,181678
2025,WIL,OR,pls,2939.76,5426.09,6973.94
2025,WIL,OR,ru,17368.1,20619.6,30366.2
2025,WIL,OR,lt,48.4271,88.8358,84.1097
2025,WIL,OR,rue,6.00147,23.3497,23.6776
2025,WIL,OR,cs,49.8863,190.287,171.951
2025,WIL,JW,pl,5921.28,30484,36405.3
2025,WIL,JW,yi,2518.57,5432.86,6043.38
2025,WIL,JW,de,3.57205,15.2074,13.2621
2025,WIL,JW,ru,7.12664,24.2904,24.9652
2025,WIL,JW,lt,93.8846,373.969,242.396
2025,WIL,JH,pl,385.761,1663.84,2049.6
2025,WIL,JH,yi,11337.9,38512.6,32173.3
2025,WIL,PR,pl,1235.39,4184.05,5419.44
2025,WIL,PR,de,716.714,2605.1,2419.26
2025,WIL,PR,lt,41.5019,193.18,122.388
2025,WIL,PR,cs,6.34784,27.0972,25.0125
2025,WIL,PR,lv,20.4815,94.0329,64.1505
2025,WIL,OT,pl,1395.23,2975.44,4370.67
2025,WIL,OT,lt,4.7296,17.8633,10.9921
2025,WIL,OT,kdr,31.8601,49.6767,66.6657
2025,WIL,OT,oth,124.601,575.766,364.119
2025,NOW,RC,pl,228504,430492,658996
2025,NOW,RC,uk,3.91276,16.0293,15.069
2025,NOW,RC,be,3449.66,3202.07,5515.92
2025,NOW,RC,pls,49.7915,179.741,189.91
2025,NOW,RC,de,126.172,498.978,463.728
2025,NOW,RC,ru,3.39666,4.74079,6.51591
2025,NOW,RC,lt,1563.71,5376.9,3836.51
2025,NOW,RC,csb,196.771,751.055,790.901
2025,NOW,RC,cs,72.1181,276.395,252.7
2025,NOW,RC,rom,549.458,1028.27,1209.07
2025,NOW,RC,wym,0.144642,0.440728,0.494189
2025,NOW,RC,oth,42.5333,149.448,161.431
2025,NOW,GC,pl,853.556,4227.21,5080.77
2025,NOW,GC,uk,2486.39,10916.9,10402.2
2025,NOW,GC,rue,110.97,472.665,473.937
2025,NOW,OR,pl,310779,360597,671376
2025,NOW,OR,uk,8169.33,28376.4,27398.6
2025,NOW,OR,be,287854,255427,424118
2025,NOW,OR,pls,1738.04,4891.11,5464.3
2025,NOW,OR,ru,10609.8,11519.3,16933.1
2025,NOW,OR,lt,5.94646,21.4743,11.5014
2025,NOW,OR,rue,8.15086,26.5847,27.6293
2025,NOW,OR,cs,70.5387,234.39,215.232
2025,NOW,JW,pl,6099.66,26533.9,32633.6
2025,NOW,JW,yi,2603.44,4720.06,5535.79
2025,NOW,JW,de,3.02093,13.194,11.43
2025,NOW,JW,ru,2.76085,8.31547,8.59762
2025,NOW,JW,lt,35.1581,151.987,80.5881
2025,NOW,JH,pl,397.598,1545.92,1943.52
2025,NOW,JH,yi,11590,33497.8,28517.5
2025,NOW,PR,pl,1366.06,4163.85,5529.9
2025,NOW,PR,de,458,2116.47,1858.74
2025,NOW,PR,lt,18.4681,85.7139,48.2806
2025,NOW,PR,cs,7.0677,31.505,28.6927
2025,NOW,PR,lv,12.4936,58.0961,36.0316
2025,NOW,OT,pl,1023.65,2298.87,3322.52
2025,NOW,OT,lt,1.85701,7.89113,3.99578
2025,NOW,OT,kdr,0.714352,3.09106,3.03002
2025,NOW,OT,oth,31.9361,434.509,181.367
2025,POL,RC,pl,212437,458791,671228
2025,POL,RC,uk,8.30928,31.2919,29.6416
2025,POL,RC,be,849.031,1093.92,1579.46
2025,POL,RC,pls,4804.98,4905.12,7734.53
2025,POL,RC,de,226.38,765.436,724.134
2025,POL,RC,ru,2.08395,3.34269,4.23391
2025,POL,RC,lt,1622.42,5786.58,3847.25
2025,POL,RC,csb,348.039,1147.13,1232.61
2025,POL,RC,cs,115.132,389.019,360.217
2025,POL,RC,rom,549.409,1168.8,1284.11
2025,POL,RC,wym,0.246089,0.697152,0.789952
2025,POL,RC,oth,212.154,367.94,472.568
2025,POL,GC,pl,1775.11,7026.47,8801.58
2025,POL,GC,uk,6802.31,24245.3,23520.3
2025,POL,GC,rue,222.591,777.383,794.437
2025,POL,OR,pl,727230,940302,1.66753e+06
2025,POL,OR,uk,79079.9,123519,145286
2025,POL,OR,be,60479.1,72849.7,102075
2025,POL,OR,pls,439024,395542,655177
2025,POL,OR,ru,14105.6,17584.1,23573.3
2025,POL,OR,lt,7.07991,25.331,12.881
2025,POL,OR,rue,13.5245,42.7372,43.8232
2025,POL,OR,cs,103.195,335.137,302.21
2025,POL,JW,pl,6307.47,37222.4,43529.9
2025,POL,JW,yi,2253.69,6446.72,6567.8
2025,POL,JW,de,4.09264,19.3551,16.552
2025,POL,JW,ru,2.80664,13.0187,12.5066
2025,POL,JW,lt,39.6919,182.482,92.5273
2025,POL,JH,pl,388.047,2270.68,2658.73
2025,POL,JH,yi,10664.4,49954.7,38316.3
2025,POL,PR,pl,2765.43,8237.13,11002.6
2025,POL,PR,de,659.083,3093.82,2703.36
2025,POL,PR,lt,21.2974,99.9296,53.4835
2025,POL,PR,cs,9.52296,43.2979,39.0307
2025,POL,PR,lv,13.7931,64.6993,38.4484
2025,POL,OT,pl,2107.88,4651.37,6759.25
2025,POL,OT,lt,2.26834,9.66704,4.78286
2025,POL,OT,kdr,0.893985,3.69864,3.60693
2025,POL,OT,oth,134.337,732.981,415.044
2025,WOL,RC,pl,326109,666809,992918
2025,WOL,RC,uk,916.069,1180.05,1491.82
2025,WOL,RC,be,173.246,443.079,503.568
2025,WOL,RC,pls,90.3566,302.936,319.141
2025,WOL,RC,de,2021.04,3050.43,3520.66
2025,WOL,RC,ru,0.614351,1.92499,1.98608
2025,WOL,RC,lt,1749.15,6616.27,4223.11
2025,WOL,RC,csb,387.701,1344.04,1418.14
2025,WOL,RC,cs,7887.67,8702.18,11338.1
2025,WOL,RC,rom,1243.19,2152.8,2504.61
2025,WOL,RC,wym,0.300344,0.898675,0.995282
2025,WOL,RC,oth,635.513,855.876,1197.05
2025,WOL,GC,pl,2833.57,12465.3,15298.8
2025,WOL,GC,uk,28588.6,104593,100016
2025,WOL,GC,rue,328.416,1172.49,1188.02
2025,WOL,OR,pl,99176.6,191045,290221
2025,WOL,OR,uk,1.59548e+06,1.7727e+06,2.39126e+06
2025,WOL,OR,be,6438.72,17452.9,18869.2
2025,WOL,OR,pls,2732.41,7952.17,8665.69
2025,WOL,OR,ru,18455.4,22336.7,30477.4
2025,WOL,OR,lt,7.6743,27.9051,13.5808
2025,WOL,OR,rue,22.6492,71.6577,73.7034
2025,WOL,OR,cs,10165.1,10618.7,13729.7
2025,WOL,JW,pl,9920.14,57344.9,67265.1
2025,WOL,JW,yi,4358.96,10591.7,11179.6
2025,WOL,JW,de,17.8409,66.9151,60.7617
2025,WOL,JW,ru,4.91035,18.3555,18.1278
2025,WOL,JW,lt,45.7955,207.621,102.316
2025,WOL,JH,pl,692.059,3582.37,4274.43
2025,WOL,JH,yi,20159.2,81943.7,63829.6
2025,WOL,PR,pl,5280.82,15409.6,20690.4
2025,WOL,PR,de,8797.66,17765.4,19262.6
2025,WOL,PR,lt,23.0349,111.87,57.4882
2025,WOL,PR,cs,729.998,1157.86,1371.47
2025,WOL,PR,lv,15.1972,74.4196,42.1508
2025,WOL,OT,pl,8373.77,16257.8,24631.5
2025,WOL,OT,lt,2.41435,10.7581,5.04782
2025,WOL,OT,kdr,5.89527,12.5343,14.5393
2025,WOL,OT,oth,329.806,1340.54,881.756
2025,POZ,RC,pl,635088,1.22734e+06,1.86243e+06
2025,POZ,RC,uk,8.09411,29.7586,29.1666
2025,POZ,RC,be,196.786,553.222,633.669
2025,POZ,RC,pls,110.991,356.999,394.144
2025,POZ,RC,de,4836.83,6397.13,8613.39
2025,POZ,RC,ru,0.536766,1.81714,1.92079
2025,POZ,RC,lt,2559.54,9771.46,7073.09
2025,POZ,RC,csb,1072.24,3630.94,4019.78
2025,POZ,RC,cs,151.906,522.579,503.325
2025,POZ,RC,rom,613.28,1926.06,1995.47
2025,POZ,RC,wym,0.572896,1.62656,1.879
2025,POZ,RC,oth,155.38,477.603,543.968
2025,POZ,GC,pl,2464.92,11492.3,13957.2
2025,POZ,GC,uk,6928.51,27439.5,27102
2025,POZ,GC,rue,378.324,1440.99,1501.17
2025,POZ,OR,pl,20007.7,89172.7,109180
2025,POZ,OR,uk,13650.9,53331.3,51785.8
2025,POZ,OR,be,5417.87,18431.6,19858.1
2025,POZ,OR,pls,2770.06,8048.25,9139.67
2025,POZ,OR,ru,1215.22,4468.19,4534.8
2025,POZ,OR,lt,9.12467,34.025,19.0095
2025,POZ,OR,rue,16.638,63.0637,65.6149
2025,POZ,OR,cs,111.602,406.911,381.8
2025,POZ,JW,pl,13587.5,58838.1,72425.6
2025,POZ,JW,yi,2213.06,5347.74,5803.7
2025,POZ,JW,de,40.831,148.522,138.733
2025,POZ,JW,ru,2.10006,7.11872,7.24084
2025,POZ,JW,lt,81.2356,294.586,179.731
2025,POZ,JH,pl,442.404,2256.45,2698.85
2025,POZ,JH,yi,9687.36,37067.3,30421.9
2025,POZ,PR,pl,16739.8,32898.8,49638.6
2025,POZ,PR,de,35979.2,46496.8,62447.5
2025,POZ,PR,lt,44.4805,175.399,110.767
2025,POZ,PR,cs,17.2756,62.9029,60.8284
2025,POZ,PR,lv,28.2597,109.328,76.6593
2025,POZ,OT,pl,2250.11,5103.66,7353.77
2025,POZ,OT,lt,4.02684,14.9516,8.61427
2025,POZ,OT,kdr,1.77328,6.5597,6.7355
2025,POZ,OT,oth,88.6077,1707.03,701.254
2025,POM,RC,pl,422017,837008,1.25903e+06
2025,POM,RC,uk,7.11787,25.9836,25.3554
2025,POM,RC,be,172.439,466.114,538.129
2025,POM,RC,pls,95.0529,296.631,328.435
2025,POM,RC,de,3550.58,4524.98,6140.69
2025,POM,RC,ru,0.464145,1.54683,1.63174
2025,POM,RC,lt,2261.37,8343.22,5956.33
2025,POM,RC,csb,54356.4,30604.3,71550.8
2025,POM,RC,cs,128.466,429.024,413.591
2025,POM,RC,rom,514.021,1548.21,1608.58
2025,POM,RC,wym,0.458375,1.22647,1.43773
2025,POM,RC,oth,386.366,564.052,812.713
2025,POM,GC,pl,1999.17,9035.45,11034.6
2025,POM,GC,uk,5944.7,23064.8,22875.7
2025,POM,GC,rue,298.253,1109.48,1161.68
2025,POM,OR,pl,17280.8,74264.3,91545.1
2025,POM,OR,uk,12229.2,46262.9,44856.7
2025,POM,OR,be,4858.41,15981.5,17220
2025,POM,OR,pls,2406.76,6782.53,7722.37
2025,POM,OR,ru,1071.35,3778.46,3834.04
2025,POM,OR,lt,8.2691,30.5465,16.7989
2025,POM,OR,rue,14.3302,51.9387,54.119
2025,POM,OR,cs,95.9698,338.863,317.099
2025,POM,JW,pl,10753.1,45960.5,56713.6
2025,POM,JW,yi,1900.7,4588.96,4956.35
2025,POM,JW,de,32.3289,117.571,109.781
2025,POM,JW,ru,1.73666,6.03734,6.06821
2025,POM,JW,lt,69.9583,256.601,152.279
2025,POM,JH,pl,375.587,1835.03,2210.62
2025,POM,JH,yi,8517.55,31472.8,25815.8
2025,POM,PR,pl,10462.8,20817.3,31280.2
2025,POM,PR,de,24216.6,30735.1,41447.6
2025,POM,PR,lt,39.3504,153.667,95.2461
2025,POM,PR,cs,14.3103,51.2671,49.5518
2025,POM,PR,lv,24.1854,91.9397,63.3492
2025,POM,OT,pl,672.039,2780.49,3452.53
2025,POM,OT,lt,3.54621,13.0475,7.40007
2025,POM,OT,kdr,1.47724,5.31259,5.47712
2025,POM,OT,oth,75.5896,1242.68,522.379
2025,SLA,RC,pl,567150,1.08751e+06,1.65466e+06
2025,SLA,RC,uk,13.2073,46.333,45.5954
2025,SLA,RC,be,246.731,628.79,737.172
2025,SLA,RC,pls,144.478,418.66,472.845
2025,SLA,RC,de,12326.3,10508.4,17460.1
2025,SLA,RC,ru,0.659239,2.03942,2.19386
2025,SLA,RC,lt,3120.47,10893.8,7938.17
2025,SLA,RC,csb,1014.22,3106.83,3503.64
2025,SLA,RC,cs,212.536,662.995,650.076
2025,SLA,RC,rom,830.603,2360.39,2492.7
2025,SLA,RC,wym,1.01395,2.55442,3.04601
2025,SLA,RC,oth,342.609,622.325,826.567
2025,SLA,GC,pl,4050.2,16992.3,21042.5
2025,SLA,GC,uk,12747.7,45389.9,46145.4
2025,SLA,GC,rue,658.188,2217.31,2389.04
2025,SLA,OR,pl,25001.9,102973,127975
2025,SLA,OR,uk,21537.3,78079.9,76657.5
2025,SLA,OR,be,6689.32,20909.4,22904.6
2025,SLA,OR,pls,3471.57,9300.61,10769.4
2025,SLA,OR,ru,1486.56,5003.72,5156.68
2025,SLA,OR,lt,10.7672,38.1828,21.1362
2025,SLA,OR,rue,26.3495,90.1626,95.9022
2025,SLA,OR,cs,152.799,513.563,488.272
2025,SLA,JW,pl,18472.1,73545.8,92017.9
2025,SLA,JW,yi,3132.11,6927.2,7747.27
2025,SLA,JW,de,36.6339,122.414,118.387
2025,SLA,JW,ru,2.63246,8.30062,8.58762
2025,SLA,JW,lt,96.2469,331.788,202.492
2025,SLA,JH,pl,583.631,2758.94,3342.57
2025,SLA,JH,yi,13547.3,47688,39937.8
2025,SLA,PR,pl,21353,27108.9,48461.9
2025,SLA,PR,de,8020.5,16463.6,18364.4
2025,SLA,PR,lt,50.5345,187.171,117.289
2025,SLA,PR,cs,24.1961,79.973,78.3084
2025,SLA,PR,lv,33.6041,119.583,83.5133
2025,SLA,OT,pl,2881,5456.21,8337.21
2025,SLA,OT,lt,4.62901,16.5584,9.5118
2025,SLA,OT,kdr,2.21344,7.38523,7.78406
2025,SLA,OT,oth,229.689,2246.31,1028.77
2025,KRA,RC,pl,688271,1.1285e+06,1.81677e+06
2025,KRA,RC,uk,7.37645,28.4982,27.3777
2025,KRA,RC,be,141.132,405.456,459.976
2025,KRA,RC,pls,85.0658,282.882,307.875
2025,KRA,RC,de,1294.35,2288.77,2709.35
2025,KRA,RC,ru,0.389351,1.36975,1.42392
2025,KRA,RC,lt,1821.65,7193.27,5100.86
2025,KRA,RC,csb,536.271,1898.92,2056.47
2025,KRA,RC,cs,132.233,471.767,445.989
2025,KRA,RC,rom,2240.02,3117.02,4190.13
2025,KRA,RC,wym,35.9045,19.1994,47.0082
2025,KRA,RC,oth,387.023,558.491,804.797
2025,KRA,GC,pl,15490.4,27348.9,42839.3
2025,KRA,GC,uk,7330.1,30798.2,29877.2
2025,KRA,GC,rue,23832.9,19748.4,35334.8
2025,KRA,OR,pl,15935.6,73877,89812.6
2025,KRA,OR,uk,12578.5,50869.6,48511.3
2025,KRA,OR,be,4042.79,14215.2,15052.7
2025,KRA,OR,pls,2169.34,6467.27,7263.35
2025,KRA,OR,ru,932.381,3542.62,3529.08
2025,KRA,OR,lt,6.63982,25.7347,14.0631
2025,KRA,OR,rue,23.9932,93.2928,95.2349
2025,KRA,OR,cs,99.9541,377.866,346.984
2025,KRA,JW,pl,13948.1,75534.3,89482.4
2025,KRA,JW,yi,3701.57,7732.18,8725.2
2025,KRA,JW,de,9.76472,39.7174,36.1929
2025,KRA,JW,ru,1.50226,5.7901,5.71372
2025,KRA,JW,lt,56.5572,219.972,131.659
2025,KRA,JH,pl,706.562,3577.46,4284.02
2025,KRA,JH,yi,17997.5,68020.9,56268.1
2025,KRA,PR,pl,2030.64,8872.1,10902.7
2025,KRA,PR,de,2275.45,6486.79,6534.63
2025,KRA,PR,lt,30.109,122.022,76.0917
2025,KRA,PR,cs,14.9004,56.5551,53.8585
2025,KRA,PR,lv,20.2063,81.0857,55.908
2025,KRA,OT,pl,640.921,2887.77,3528.69
2025,KRA,OT,lt,2.79248,10.8711,6.15851
2025,KRA,OT,kdr,1.31643,5.14943,5.22747
2025,KRA,OT,oth,70.3076,999.937,440.955
2025,LWO,RC,pl,532887,1.08136e+06,1.61425e+06
2025,LWO,RC,uk,39.1331,156.229,148.87
2025,LWO,RC,be,190.628,553.873,623.987
2025,LWO,RC,pls,126.281,423.812,459.119
2025,LWO,RC,de,1185.63,2364.41,2666.19
2025,LWO,RC,ru,0.531131,1.87305,1.94004
2025,LWO,RC,lt,2325.25,9217.63,6415.19
2025,LWO,RC,csb,591.845,2138.95,2299.95
2025,LWO,RC,cs,257.608,921.207,869.441
2025,LWO,RC,rom,2071.12,3350.55,4231.32
2025,LWO,RC,wym,0.600234,1.7012,1.94705
2025,LWO,RC,oth,942.109,1035.8,1673.7
2025,LWO,GC,pl,86107.2,111394,197502
2025,LWO,GC,uk,433559,454317,693099
2025,LWO,GC,rue,20775,16900.8,30631.7
2025,LWO,OR,pl,26858.5,110530,137388
2025,LWO,OR,uk,60911.5,232473,225864
2025,LWO,OR,be,5732.99,19793.4,20999.2
2025,LWO,OR,pls,3302.77,9789.48,10964.8
2025,LWO,OR,ru,1369.52,5073.51,5081.6
2025,LWO,OR,lt,8.74851,32.9586,17.6262
2025,LWO,OR,rue,1878.93,1410.66,2650.88
2025,LWO,OR,cs,200.193,734.215,679.59
2025,LWO,JW,pl,24004.4,126804,150809
2025,LWO,JW,yi,6659.33,12807.2,14826.9
2025,LWO,JW,de,12.8659,49.5142,45.2129
2025,LWO,JW,ru,2.15809,8.38679,8.24284
2025,LWO,JW,lt,73.5722,283.672,165.949
2025,LWO,JH,pl,1139,5007.04,6146.04
2025,LWO,JH,yi,31362.8,106096,89329.5
2025,LWO,PR,pl,5014.11,13645.1,18659.2
2025,LWO,PR,de,3347.21,8515.54,8775.94
2025,LWO,PR,lt,38.0384,156.901,94.9895
2025,LWO,PR,cs,29.4131,114.842,108.291
2025,LWO,PR,lv,25.7164,105.325,70.1057
2025,LWO,OT,pl,2089.93,5936.56,8026.49
2025,LWO,OT,lt,3.68758,14.2139,7.96158
2025,LWO,OT,kdr,2.01084,7.89492,7.97645
2025,LWO,OT,oth,435.458,1813.24,1158.39
2025,STA,RC,pl,104081,283253,387334
2025,STA,RC,uk,19.4271,77.7194,73.3556
2025,STA,RC,be,64.9511,191.422,213.554
2025,STA,RC,pls,43.5588,148.867,159.314
2025,STA,RC,de,1110.61,1448.76,1890.21
2025,STA,RC,ru,0.18836,0.671532,0.687694
2025,STA,RC,lt,814.791,3196.96,2136.57
2025,STA,RC,csb,205.78,747.296,797.346
2025,STA,RC,cs,89.3961,321.692,299.397
2025,STA,RC,rom,702.328,1156.4,1441.91
2025,STA,RC,wym,0.210858,0.591199,0.674971
2025,STA,RC,oth,499.647,519.197,852.643
2025,STA,GC,pl,40707.5,60481.2,101189
2025,STA,GC,uk,405327,424440,637343
2025,STA,GC,rue,192.382,784.202,794.143
2025,STA,OR,pl,8038.6,36887.2,44925.8
2025,STA,OR,uk,27649.4,105942,102028
2025,STA,OR,be,2016.77,7078.53,7433.15
2025,STA,OR,pls,1195.15,3681.4,4053.56
2025,STA,OR,ru,486.22,1814.43,1799.39
2025,STA,OR,lt,3.24497,12.3001,6.30485
2025,STA,OR,rue,12.8052,47.7522,49.176
2025,STA,OR,cs,71.3771,264.031,241.174
2025,STA,JW,pl,7257.4,37213,44470.4
2025,STA,JW,yi,2450.74,5149.62,5727.24
2025,STA,JW,de,6.81913,24.8766,22.8615
2025,STA,JW,ru,0.729125,2.90277,2.80568
2025,STA,JW,lt,26.1954,102.455,56.9196
2025,STA,JH,pl,408.141,1771.37,2179.51
2025,STA,JH,yi,11724.4,40451.9,33372
2025,STA,PR,pl,1192.12,3985.55,5177.67
2025,STA,PR,de,2814.81,4605.2,5461.98
2025,STA,PR,lt,13.5323,54.9713,31.6516
2025,STA,PR,cs,9.96126,38.4237,36.0441
2025,STA,PR,lv,9.0114,36.3094,23.1028
2025,STA,OT,pl,918.015,2277.76,3195.77
2025,STA,OT,lt,1.31713,5.15674,2.73064
2025,STA,OT,kdr,7.95846,12.1367,16.2684
2025,STA,OT,oth,241.07,649.126,519.138
2025,TAR,RC,pl,179161,348340,527502
2025,TAR,RC,uk,16.2942,66.0406,62.469
2025,TAR,RC,be,61.7111,182.292,204.031
2025,TAR,RC,pls,40.6416,139.416,149.562
2025,TAR,RC,de,294.965,687.65,734.569
2025,TAR,RC,ru,0.180345,0.641888,0.659683
2025,TAR,RC,lt,764.047,3007.7,2024.26
2025,TAR,RC,csb,186.965,683.502,731.053
2025,TAR,RC,cs,90.0524,326.773,305.235
2025,TAR,RC,rom,394.217,850.979,969.479
2025,TAR,RC,wym,0.191605,0.534759,0.614299
2025,TAR,RC,oth,137.463,232.033,311.954
2025,TAR,GC,pl,52716.4,65942.8,118659
2025,TAR,GC,uk,256765,269880,406538
2025,TAR,GC,rue,177.386,712.305,725.188
2025,TAR,OR,pl,7672.58,36262.6,43935.2
2025,TAR,OR,uk,24159.2,95138.5,91307.8
2025,TAR,OR,be,1888.62,6872.4,7170.31
2025,TAR,OR,pls,1096.03,3475.83,3812.16
2025,TAR,OR,ru,451.9,1757.43,1731.3
2025,TAR,OR,lt,3.04006,11.7767,6.02515
2025,TAR,OR,rue,11.1403,44.0724,44.9749
2025,TAR,OR,cs,70.2221,270.988,246.187
2025,TAR,JW,pl,7422.23,33545.9,40968.2
2025,TAR,JW,yi,2036.31,3923.06,4515.32
2025,TAR,JW,de,3.66883,13.9568,12.6762
2025,TAR,JW,ru,0.70575,2.64913,2.60405
2025,TAR,JW,lt,25.0265,94.7357,53.1436
2025,TAR,JH,pl,338.055,1501.37,1839.43
2025,TAR,JH,yi,9418.85,30738.4,25842.8
2025,TAR,PR,pl,1300.81,3804.9,5105.71
2025,TAR,PR,de,897.334,2516.59,2502.66
2025,TAR,PR,lt,12.8312,51.7852,29.9405
2025,TAR,PR,cs,10.1606,39.306,36.8467
2025,TAR,PR,lv,8.59921,34.5443,22.0166
2025,TAR,OT,pl,1422.68,2554.18,3976.86
2025,TAR,OT,lt,1.24309,4.76707,2.53359
2025,TAR,OT,kdr,0.63445,2.4702,2.49468
2025,TAR,OT,oth,106.427,478.537,296.047
2025,LT_KAU,RC,pl,5224.69,10310.1,10949.4
2025,LT_KAU,RC,uk,0.144129,0.533514,0.304347
2025,LT_KAU,RC,be,26.4834,69.9761,73.7973
2025,LT_KAU,RC,pls,2.75282,9.59186,6.82471
2025,LT_KAU,RC,de,19.3922,71.5443,57.1311
2025,LT_KAU,RC,ru,0.209954,0.781266,0.775455
2025,LT_KAU,RC,lt,77340.6,172950,250291
2025,LT_KAU,RC,csb,14.0603,51.409,36.2823
2025,LT_KAU,RC,cs,3.62503,13.1108,8.10254
2025,LT_KAU,RC,rom,271.331,426.468,543.45
2025,LT_KAU,RC,oth,3.31152,11.3587,8.44554
2025,LT_KAU,GC,pl,13.6142,53.6392,34.9604
2025,LT_KAU,GC,uk,104.277,405.292,277.856
2025,LT_KAU,GC,lt,3.92896,28.7298,32.6588
2025,LT_KAU,GC,rue,6.3938,24.3703,17.1564
2025,LT_KAU,OR,pl,164.906,631.251,410.607
2025,LT_KAU,OR,uk,232.96,966.564,607.346
2025,LT_KAU,OR,be,180.943,638.007,481.603
2025,LT_KAU,OR,pls,69.3904,230.139,158.039
2025,LT_KAU,OR,ru,3322.49,5622.21,7240
2025,LT_KAU,OR,lt,891.246,2967.41,3858.65
2025,LT_KAU,OR,rue,0.319265,1.22292,0.85636
2025,LT_KAU,OR,cs,2.51771,9.40892,5.76679
2025,LT_KAU,JW,pl,84.6055,393.693,272.938
2025,LT_KAU,JW,yi,533.412,2071.19,2153.4
2025,LT_KAU,JW,de,5.28333,29.2814,26.3302
2025,LT_KAU,JW,ru,2.3572,21.1542,19.5805
2025,LT_KAU,JW,lt,1464.27,12025.1,13489.4
2025,LT_KAU,JH,pl,5.69657,31.1765,22.2389
2025,LT_KAU,JH,yi,278.409,1190.89,798.808
2025,LT_KAU,PR,pl,17.337,65.1056,48.3473
2025,LT_KAU,PR,de,1768.54,3509.64,3992.71
2025,LT_KAU,PR,lt,1257.38,4031.68,5289.06
2025,LT_KAU,PR,cs,0.387763,1.46942,0.958503
2025,LT_KAU,PR,lv,103.244,388.535,378.065
2025,LT_KAU,OT,pl,190.309,218.02,322.384
2025,LT_KAU,OT,lt,326.24,1052.69,1378.93
2025,LT_KAU,OT,kdr,0.496702,1.86661,1.90364
2025,LT_KAU,OT,oth,277.178,555.698,627.708
2025,LT_LAU,RC,pl,7801.26,9999.05,12972.6
2025,LT_LAU,RC,uk,0.112126,0.446919,0.246625
2025,LT_LAU,RC,be,23.6016,67.135,70.8358
2025,LT_LAU,RC,pls,2.03834,7.80416,5.31805
2025,LT_LAU,RC,de,13.331,53.427,42.1267
2025,LT_LAU,RC,ru,0.161139,0.629152,0.616813
2025,LT_LAU,RC,lt,164124,226164,390288
2025,LT_LAU,RC,csb,10.4695,41.7645,28.3101
2025,LT_LAU,RC,cs,2.78558,10.9829,6.5071
2025,LT_LAU,RC,rom,44.5826,178.727,167.712
2025,LT_LAU,RC,oth,2.29739,8.69889,6.15475
2025,LT_LAU,GC,pl,8.82847,39.0077,23.8932
2025,LT_LAU,GC,uk,72.7103,319.989,208.348
2025,LT_LAU,GC,lt,2.46668,21.1668,23.6335
2025,LT_LAU,GC,rue,4.57979,19.7483,13.1944
2025,LT_LAU,OR,pl,115.549,456.561,283.112
2025,LT_LAU,OR,uk,175.508,777.847,471.178
2025,LT_LAU,OR,be,132.217,511.48,370.103
2025,LT_LAU,OR,pls,51.5977,188.748,124.357
2025,LT_LAU,OR,ru,4360,5087.91,7580.32
2025,LT_LAU,OR,lt,1117.24,2363.85,3481.09
2025,LT_LAU,OR,rue,0.238508,0.986266,0.664986
2025,LT_LAU,OR,cs,1.95038,7.84041,4.62013
2025,LT_LAU,JW,pl,65.1498,257.232,173.698
2025,LT_LAU,JW,yi,1112.5,1945.24,2523.54
2025,LT_LAU,JW,de,3.24515,14.3666,13.2326
2025,LT_LAU,JW,ru,2.59182,9.10694,9.55911
2025,LT_LAU,JW,lt,2216.12,9873.34,12089.5
2025,LT_LAU,JH,pl,5.32259,24.6012,17.9498
2025,LT_LAU,JH,yi,255.928,959.26,656.221
2025,LT_LAU,PR,pl,10.0217,42.3067,28.4363
2025,LT_LAU,PR,de,919.816,2120.39,2281.81
2025,LT_LAU,PR,lt,848.273,3575.02,4423.3
2025,LT_LAU,PR,cs,0.288132,1.21744,0.757028
2025,LT_LAU,PR,lv,355.21,643.189,761.367
2025,LT_LAU,OT,pl,8.005,27.7413,23.188
2025,LT_LAU,OT,lt,221.886,525.27,747.156
2025,LT_LAU,OT,kdr,11.1498,11.0298,18.2158
2025,LT_LAU,OT,oth,239.092,392.334,465.366
2025,LT_ZEM,RC,pl,2618.43,5454.91,5489.64
2025,LT_ZEM,RC,uk,0.119327,0.476196,0.263298
2025,LT_ZEM,RC,be,23.8087,69.1542,72.2212
2025,LT_ZEM,RC,pls,2.21944,8.49133,5.83952
2025,LT_ZEM,RC,de,16.3846,65.3791,52.7196
2025,LT_ZEM,RC,ru,0.132897,0.523754,0.509538
2025,LT_ZEM,RC,lt,186102,252670,438772
2025,LT_ZEM,RC,csb,11.485,45.7101,31.1904
2025,LT_ZEM,RC,cs,2.99615,11.8014,7.0527
2025,LT_ZEM,RC,rom,145.569,263.763,314.651
2025,LT_ZEM,RC,oth,2.52505,9.53446,6.81799
2025,LT_ZEM,GC,pl,7.8852,35.71,22.1523
2025,LT_ZEM,GC,uk,81.532,368.665,243.201
2025,LT_ZEM,GC,lt,2.90729,26.1804,29.0877
2025,LT_ZEM,GC,rue,5.11975,22.6323,15.325
2025,LT_ZEM,OR,pl,91.8612,390.787,235.993
2025,LT_ZEM,OR,uk,187.799,850.361,517.198
2025,LT_ZEM,OR,be,143.877,563.08,411.212
2025,LT_ZEM,OR,pls,55.9744,207.513,137.879
2025,LT_ZEM,OR,ru,2612.04,3771.92,5136.05
2025,LT_ZEM,OR,lt,735.363,1972.92,2708.28
2025,LT_ZEM,OR,rue,0.258073,1.0839,0.735407
2025,LT_ZEM,OR,cs,2.08187,8.52213,5.04803
2025,LT_ZEM,JW,pl,47.5649,201.948,127.677
2025,LT_ZEM,JW,yi,1143.15,2126.2,2699.17
2025,LT_ZEM,JW,de,4.47868,19.8179,18.4054
2025,LT_ZEM,JW,ru,1.67112,6.88834,7.00218
2025,LT_ZEM,JW,lt,2323.56,10619.3,12942.9
2025,LT_ZEM,JH,pl,4.4186,22.2301,15.8788
2025,LT_ZEM,JH,yi,271.511,1072.74,731.449
2025,LT_ZEM,PR,pl,7.83276,36.3844,23.8013
2025,LT_ZEM,PR,de,1640.53,3197.88,3647.96
2025,LT_ZEM,PR,lt,3070.46,6184.64,9255.1
2025,LT_ZEM,PR,cs,0.31,1.34725,0.845333
2025,LT_ZEM,PR,lv,1743.64,1782.1,2675.77
2025,LT_ZEM,OT,pl,5.95014,23.8497,19.2257
2025,LT_ZEM,OT,lt,252.842,620.767,873.609
2025,LT_ZEM,OT,kdr,0.510914,2.14261,2.14627
2025,LT_ZEM,OT,oth,280.023,463.274,551.694
2025,LT_SUV,RC,pl,3705.21,6284.49,6886.17
2025,LT_SUV,RC,uk,0.121535,0.484397,0.269472
2025,LT_SUV,RC,be,264.769,165.849,359.578
2025,LT_SUV,RC,pls,2.32164,8.7782,6.08189
2025,LT_SUV,RC,de,16.7555,67.168,51.9299
2025,LT_SUV,RC,ru,0.36553,0.598161,0.758459
2025,LT_SUV,RC,lt,148517,191374,339891
2025,LT_SUV,RC,csb,11.9001,47.0113,32.3795
2025,LT_SUV,RC,cs,3.03389,11.8717,7.14381
2025,LT_SUV,RC,rom,536.916,510.557,819.605
2025,LT_SUV,RC,oth,2.60672,9.70697,6.97157
2025,LT_SUV,GC,pl,9.25778,42.4097,26.7873
2025,LT_SUV,GC,uk,88.0457,401.791,269.19
2025,LT_SUV,GC,lt,3.17994,30.5155,33.6954
2025,LT_SUV,GC,rue,5.43279,24.1786,16.6169
2025,LT_SUV,OR,pl,104.433,437.889,266.941
2025,LT_SUV,OR,uk,197.764,869.5,541.676
2025,LT_SUV,OR,be,146.144,563.976,412.519
2025,LT_SUV,OR,pls,60.4485,218.86,147.642
2025,LT_SUV,OR,ru,2123.16,2821.51,3958.82
2025,LT_SUV,OR,lt,637.814,1639.3,2277.11
2025,LT_SUV,OR,rue,0.274934,1.14344,0.785892
2025,LT_SUV,OR,cs,2.14649,8.6758,5.20972
2025,LT_SUV,JW,pl,55.8799,233.845,149.431
2025,LT_SUV,JW,yi,983.047,1572.34,2091.9
2025,LT_SUV,JW,de,8.58973,26.813,26.5803
2025,LT_SUV,JW,ru,1.44978,5.36982,5.539
2025,LT_SUV,JW,lt,2061.88,8524.43,10586.3
2025,LT_SUV,JH,pl,5.12231,24.5615,17.8452
2025,LT_SUV,JH,yi,270.634,1021.42,696.725
2025,LT_SUV,PR,pl,11.2148,46.6134,32.5415
2025,LT_SUV,PR,de,4718.56,5364.65,7518.54
2025,LT_SUV,PR,lt,1222.31,3743.85,4966.17
2025,LT_SUV,PR,cs,0.327072,1.4067,0.892855
2025,LT_SUV,PR,lv,74.8468,323.122,302.328
2025,LT_SUV,OT,pl,6.93129,26.2077,21.3814
2025,LT_SUV,OT,lt,222.277,492.4,714.677
2025,LT_SUV,OT,kdr,0.363401,1.47143,1.4673
2025,LT_SUV,OT,oth,232.571,345.808,431.372
2025,LT_NEA,RC,pl,6690.38,8057.89,10808.1
2025,LT_NEA,RC,be,537.5,298.124,703.119
2025,LT_NEA,RC,pls,1.55079,5.96255,4.04988
2025,LT_NEA,RC,de,9.08715,36.5717,28.4707
2025,LT_NEA,RC,ru,5.33448,3.95584,7.42097
2025,LT_NEA,RC,lt,129406,171221,300627
2025,LT_NEA,RC,csb,7.69424,30.7604,20.9257
2025,LT_NEA,RC,cs,2.18009,8.62782,5.05639
2025,LT_NEA,RC,rom,31.13,124.895,116.61
2025,LT_NEA,RC,oth,1.73503,6.58554,4.66617
2025,LT_NEA,GC,pl,6.84685,28.9581,17.5771
2025,LT_NEA,GC,uk,56.497,236.757,153.011
2025,LT_NEA,GC,lt,1.91127,14.5322,16.4435
2025,LT_NEA,GC,rue,3.49123,14.3826,9.5805
2025,LT_NEA,OR,pl,103.926,380.871,244.888
2025,LT_NEA,OR,uk,139.18,627.811,373.691
2025,LT_NEA,OR,be,113.778,446.392,321.519
2025,LT_NEA,OR,pls,40.1743,149.126,98.0122
2025,LT_NEA,OR,ru,11314.3,9980.58,16922.2
2025,LT_NEA,OR,lt,2306.15,3528.08,5834.23
2025,LT_NEA,OR,rue,0.181902,0.765096,0.509659
2025,LT_NEA,OR,cs,1.55285,6.38042,3.68218
2025,LT_NEA,JW,pl,50.6317,189.458,128.188
2025,LT_NEA,JW,yi,1027.97,1473.86,2052.34
2025,LT_NEA,JW,de,2.05465,8.88805,8.15346
2025,LT_NEA,JW,ru,7.26921,15.2618,18.2326
2025,LT_NEA,JW,lt,1868.14,6845.51,8713.65
2025,LT_NEA,JH,pl,4.20886,18.1868,13.4134
2025,LT_NEA,JH,yi,204.904,707.906,490.227
2025,LT_NEA,PR,pl,7.03595,30.8311,20.1864
2025,LT_NEA,PR,de,445.015,1254.22,1263.31
2025,LT_NEA,PR,lt,3754.35,5074.69,8829.04
2025,LT_NEA,PR,cs,0.227343,0.954803,0.587116
2025,LT_NEA,PR,lv,2320.2,1961.49,3210.67
2025,LT_NEA,OT,pl,6.19947,20.8142,17.4091
2025,LT_NEA,OT,lt,192.522,403.794,596.316
2025,LT_NEA,OT,kdr,0.368062,1.50411,1.51279
2025,LT_NEA,OT,oth,228.15,320.242,411.834
2025,LT_KLA,RC,pl,585.202,2256.9,1616.06
2025,LT_KLA,RC,be,13.6618,37.2957,38.6782
2025,LT_KLA,RC,pls,1.53885,5.35789,3.56469
2025,LT_KLA,RC,de,286.676,325.556,448.668
2025,LT_KLA,RC,lt,29694.6,82462.7,112157
2025,LT_KLA,RC,csb,9.13535,33.2149,21.7749
2025,LT_KLA,RC,cs,2.06212,7.37585,4.28206
2025,LT_KLA,RC,rom,31.3907,114.617,108.498
2025,LT_KLA,RC,oth,1.84047,6.3951,4.39086
2025,LT_KLA,GC,pl,5.39609,21.0927,12.412
2025,LT_KLA,GC,uk,58.486,227.848,143.987
2025,LT_KLA,GC,lt,1.82292,13.576,15.3989
2025,LT_KLA,GC,rue,3.67285,14.0665,9.15067
2025,LT_KLA,OR,pl,59.2568,233.016,133.931
2025,LT_KLA,OR,uk,129.986,555.259,323.811
2025,LT_KLA,OR,be,89.9416,328.659,230.553
2025,LT_KLA,OR,pls,37.8706,130.167,82.9144
2025,LT_KLA,OR,ru,648.243,1416.04,1648.18
2025,LT_KLA,OR,lt,221.775,891.143,1112.92
2025,LT_KLA,OR,rue,0.181188,0.706187,0.461051
2025,LT_KLA,OR,cs,1.41856,5.37044,3.07968
2025,LT_KLA,JW,pl,31.7163,116.532,68.2397
2025,LT_KLA,JW,yi,202.78,557.88,607.694
2025,LT_KLA,JW,de,27.2899,175.325,153.625
2025,LT_KLA,JW,ru,0.692138,2.59021,2.65496
2025,LT_KLA,JW,lt,775.364,3608.73,4384.1
2025,LT_KLA,JH,pl,1.75305,10.0011,6.65073
2025,LT_KLA,JH,yi,118.97,458.349,283.6
2025,LT_KLA,PR,pl,5.19423,21.3145,13.006
2025,LT_KLA,PR,de,12358,15370.7,20690.6
2025,LT_KLA,PR,lt,11574.8,11801.6,23376.4
2025,LT_KLA,PR,cs,0.215123,0.815984,0.499295
2025,LT_KLA,PR,lv,63.4993,243.434,235.086
2025,LT_KLA,OT,pl,3.48061,12.5069,9.6717
2025,LT_KLA,OT,lt,162.4,434.711,597.111
2025,LT_KLA,OT,kdr,0.293653,1.07376,1.10016
2025,LT_KLA,OT,oth,176.197,320.072,359.785
2030,WAW,RC,pl,158396,1.50579e+06,1.66418e+06
2030,WAW,RC,uk,20.5104,106.56,98.6446
2030,WAW,RC,be,216.276,1300.19,1282.87
2030,WAW,RC,pls,137.829,822.102,815.485
2030,WAW,RC,de,460.304,3448.7,3020.35
2030,WAW,RC,ru,0.711275,4.23205,4.07086
2030,WAW,RC,lt,3511.29,23320.4,15296.6
2030,WAW,RC,csb,690.853,4895.51,4798.12
2030,WAW,RC,cs,185.133,1109.54,973.836
2030,WAW,RC,rom,515.209,3604.87,3252.68
2030,WAW,RC,wym,0.365753,2.43456,2.37272
2030,WAW,RC,oth,118.99,815.113,808.421
2030,WAW,GC,pl,2532.01,29053.5,31585.5
2030,WAW,GC,uk,11057.6,92916.8,82899.9
2030,WAW,GC,lt,0.100686,0.444302,0.195331
2030,WAW,GC,rue,349.871,2881.62,2692.42
2030,WAW,OR,pl,27071.7,238167,265239
2030,WAW,OR,uk,27204,192318,169677
2030,WAW,OR,be,7450.71,50103.2,48112.5
2030,WAW,OR,pls,3592.3,19224.7,19382.2
2030,WAW,OR,ru,1389.14,11757.3,10564
2030,WAW,OR,lt,17.6531,93.2144,49.2136
2030,WAW,OR,rue,17.6035,145.391,134.309
2030,WAW,OR,cs,143.552,954.26,808.974
2030,WAW,JW,pl,12602.4,180235,192837
2030,WAW,JW,yi,2372.56,18486,16176.4
2030,WAW,JW,de,14.3255,113.708,94.1829
2030,WAW,JW,ru,2.43368,22.6546,20.0194
2030,WAW,JW,lt,136.399,755.198,430.08
2030,WAW,JH,pl,475.206,7043.12,7518.32
2030,WAW,JH,yi,12249,157710,113716
2030,WAW,PR,pl,2033.6,30535.4,32569
2030,WAW,PR,de,1844.39,15981.2,13374.1
2030,WAW,PR,lt,64.3744,424.856,247.523
2030,WAW,PR,cs,17.8921,137.643,118.617
2030,WAW,PR,lv,31.3511,241.577,152.43
2030,WAW,OT,pl,764.715,9589.75,10354.5
2030,WAW,OT,lt,6.9562,38.0319,20.6123
2030,WAW,OT,kdr,1.51901,13.5,12.2305
2030,WAW,OT,oth,108.872,5868.06,1891.09
2030,WAR,RC,pl,792308,1.252e+06,2.04431e+06
2030,WAR,RC,uk,6.76104,26.0085,25.3311
2030,WAR,RC,be,138.399,395.939,450.788
2030,WAR,RC,pls,85.0154,283.88,310.988
2030,WAR,RC,de,1389.45,2486.87,2944.94
2030,WAR,RC,ru,0.446366,1.5778,1.65222
2030,WAR,RC,lt,2033.26,8102.37,5824.9
2030,WAR,RC,csb,780.641,2713.92,2976.67
2030,WAR,RC,cs,120.787,433.666,413.121
2030,WAR,RC,rom,1344.49,2319.78,2889.41
2030,WAR,RC,wym,0.327189,0.945918,1.08113
2030,WAR,RC,oth,1201.39,1124.53,1982.55
2030,WAR,GC,pl,2100.9,10240.1,12341
2030,WAR,GC,uk,5908.08,23275.7,22900.2
2030,WAR,GC,rue,277.378,1120.38,1147.7
2030,WAR,OR,pl,20484,85429.1,105913
2030,WAR,OR,uk,12529.4,47147.9,45888.6
2030,WAR,OR,be,4516.44,15293.1,16419.6
2030,WAR,OR,pls,2286.85,6610.74,7505.13
2030,WAR,OR,ru,3903.61,6381.81,8284.89
2030,WAR,OR,lt,8.34869,31.9753,17.8247
2030,WAR,OR,rue,14.2122,53.2538,55.13
2030,WAR,OR,cs,97.8346,358.609,333.49
2030,WAR,JW,pl,16225.2,80659.8,96884.9
2030,WAR,JW,yi,5117.86,9181.49,10775.4
2030,WAR,JW,de,20.9571,75.1855,70.519
2030,WAR,JW,ru,2.24459,8.20454,8.20297
2030,WAR,JW,lt,65.2559,251.905,151.688
2030,WAR,JH,pl,1095.82,4705.78,5801.61
2030,WAR,JH,yi,27145.2,94420.8,79097.6
2030,WAR,PR,pl,8955.05,18584.4,27539.4
2030,WAR,PR,de,10031.6,15423,19174
2030,WAR,PR,lt,35.4679,147.933,92.906
2030,WAR,PR,cs,13.056,50.3668,48.0569
2030,WAR,PR,lv,21.84,89.4428,62.4303
2030,WAR,OT,pl,1075.02,3383.26,4458.28
2030,WAR,OT,lt,3.28351,12.9594,7.43685
2030,WAR,OT,kdr,1.24678,4.90991,4.98679
2030,WAR,OT,oth,195.364,1473.83,681.563
2030,LOD,RC,pl,762918,1.5064e+06,2.26932e+06
2030,LOD,RC,uk,12.8386,46.2541,45.7377
2030,LOD,RC,be,261.123,690.566,803.207
2030,LOD,RC,pls,157.663,482.467,540.519
2030,LOD,RC,de,2791.53,5310.14,6203.6
2030,LOD,RC,ru,0.771194,2.52181,2.69317
2030,LOD,RC,lt,3732.11,13783.6,10178.4
2030,LOD,RC,csb,1172.97,3777.75,4223.14
2030,LOD,RC,cs,219.222,724.061,705.133
2030,LOD,RC,rom,1259.41,2972.71,3333.33
2030,LOD,RC,wym,0.64294,1.7434,2.02667
2030,LOD,RC,oth,1454.88,1440.2,2474.73
2030,LOD,GC,pl,3738.51,16731.8,20470.4
2030,LOD,GC,uk,10519.7,39941.5,39885.8
2030,LOD,GC,rue,530.659,1916.25,2023.87
2030,LOD,OR,pl,34576.9,140275,174852
2030,LOD,OR,uk,21850.4,82200.2,80035.4
2030,LOD,OR,be,8141.63,26006.6,28356.6
2030,LOD,OR,pls,4031.95,10919.4,12625.2
2030,LOD,OR,ru,2526.24,6989.75,7608.37
2030,LOD,OR,lt,14.3279,52.6599,29.832
2030,LOD,OR,rue,25.3662,90.077,94.5505
2030,LOD,OR,cs,170.286,591.792,558.399
2030,LOD,JW,pl,23579.2,140183,163762
2030,LOD,JW,yi,6628.02,14947.6,16407
2030,LOD,JW,de,52.3739,383.205,331.21
2030,LOD,JW,ru,3.05334,11.5532,11.4763
2030,LOD,JW,lt,115.659,427.914,263.58
2030,LOD,JH,pl,1330.42,6743.24,8073.66
2030,LOD,JH,yi,33652,148870,120409
2030,LOD,PR,pl,24073.9,49211.1,73284.9
2030,LOD,PR,de,20143.4,40196,45517.8
2030,LOD,PR,lt,60.3594,250.446,159.279
2030,LOD,PR,cs,23.5137,88.4288,84.2857
2030,LOD,PR,lv,38.6991,156.13,110.081
2030,LOD,OT,pl,1563.44,5571.79,7135.23
2030,LOD,OT,lt,5.88461,21.8483,12.8409
2030,LOD,OT,kdr,2.37029,8.63061,8.89689
2030,LOD,OT,oth,225.546,2858.1,1133.5
2030,KIE,RC,pl,1.11202e+06,1.72867e+06,2.84069e+06
2030,KIE,RC,uk,9.52963,36.7477,35.656
2030,KIE,RC,be,181.139,513.781,585.359
2030,KIE,RC,pls,111.324,367.273,402.813
2030,KIE,RC,de,860.343,2343.08,2436.76
2030,KIE,RC,ru,0.55134,1.93677,2.02617
2030,KIE,RC,lt,2652.02,10296.1,7417.71
2030,KIE,RC,csb,798.89,2734.73,2999.71
2030,KIE,RC,cs,169.666,600.047,572.192
2030,KIE,RC,rom,1763.04,3126.18,3834.66
2030,KIE,RC,wym,0.595698,1.65615,1.91146
2030,KIE,RC,oth,1239.14,1275.39,2137.57
2030,KIE,GC,pl,3030.38,15005.1,18035.4
2030,KIE,GC,uk,7989.85,33589.9,32874.6
2030,KIE,GC,rue,460.62,1850.48,1911.2
2030,KIE,OR,pl,26336.3,112478,138815
2030,KIE,OR,uk,17379.6,66898.1,64769.3
2030,KIE,OR,be,6110.53,20153.5,21758.5
2030,KIE,OR,pls,3030.11,8615.2,9817.17
2030,KIE,OR,ru,2924.32,6493.92,7523.15
2030,KIE,OR,lt,10.7577,40.9734,23.018
2030,KIE,OR,rue,22.9244,81.8318,85.5697
2030,KIE,OR,cs,142.907,511.718,478.129
2030,KIE,JW,pl,22128.3,125571,147700
2030,KIE,JW,yi,7526.69,14764.7,16873.5
2030,KIE,JW,de,14.0824,63.0629,56.4771
2030,KIE,JW,ru,2.25192,9.41745,9.13934
2030,KIE,JW,lt,81.146,334.45,201.154
2030,KIE,JH,pl,1584.06,6940.01,8524.07
2030,KIE,JH,yi,39992.3,149396,123141
2030,KIE,PR,pl,3171.63,13943.5,17115.2
2030,KIE,PR,de,4083.32,10643,11009.2
2030,KIE,PR,lt,43.2984,186.204,117.179
2030,KIE,PR,cs,17.9579,71.9103,67.8687
2030,KIE,PR,lv,27.8771,118.265,82.2242
2030,KIE,OT,pl,1452.35,4862.14,6314.5
2030,KIE,OT,lt,4.16671,16.8392,9.68148
2030,KIE,OT,kdr,1.6602,6.74967,6.80104
2030,KIE,OT,oth,258.164,2215.75,986.996
2030,LUB,RC,pl,1.05084e+06,1.65161e+06,2.70245e+06
2030,LUB,RC,uk,16.3802,65.4158,62.3749
2030,LUB,RC,be,319.741,607.652,777.055
2030,LUB,RC,pls,122.543,402.558,438.088
2030,LUB,RC,de,975.78,2113.84,2296.26
2030,LUB,RC,ru,0.576077,1.96465,2.04935
2030,LUB,RC,lt,2475.43,9550.81,6711.11
2030,LUB,RC,csb,615.388,2095.77,2275.62
2030,LUB,RC,cs,199.408,693.902,657.176
2030,LUB,RC,rom,1547.75,2815.17,3358.52
2030,LUB,RC,wym,0.416311,1.16897,1.33997
2030,LUB,RC,oth,132.482,402.165,452.705
2030,LUB,GC,pl,5097.75,18896.2,23994
2030,LUB,GC,uk,27003.8,69327.6,75472.5
2030,LUB,GC,rue,390.634,1537.75,1585.05
2030,LUB,OR,pl,206131,273505,479636
2030,LUB,OR,uk,126646,189856,237423
2030,LUB,OR,be,8576.1,22045.4,24916.8
2030,LUB,OR,pls,4064.64,10192.2,11861.6
2030,LUB,OR,ru,5921.62,8715.7,11378.6
2030,LUB,OR,lt,11.4464,39.5464,22.2549
2030,LUB,OR,rue,32.2279,89.8902,97.8828
2030,LUB,OR,cs,206.401,607.837,584.036
2030,LUB,JW,pl,17966.2,90513.9,108480
2030,LUB,JW,yi,6296.92,12130.7,13944.6
2030,LUB,JW,de,11.3567,48.2411,43.4546
2030,LUB,JW,ru,2.25882,9.1632,8.922
2030,LUB,JW,lt,69.1996,298.997,170.741
2030,LUB,JH,pl,1316.27,5658.33,6974.6
2030,LUB,JH,yi,33787.4,115451,96063.5
2030,LUB,PR,pl,8519,20552.5,29071.5
2030,LUB,PR,de,4312.17,10406.6,10968.4
2030,LUB,PR,lt,36.3133,168.735,100.842
2030,LUB,PR,cs,18.4544,81.9249,75.6869
2030,LUB,PR,lv,22.9812,106.594,70.2696
2030,LUB,OT,pl,1422.31,4557.29,5979.6
2030,LUB,OT,lt,3.69381,15.4168,8.46263
2030,LUB,OT,kdr,1.42746,6.0671,6.04664
2030,LUB,OT,oth,85.5371,1698.71,588.479
2030,BIA,RC,pl,429122,789166,1.21829e+06
2030,BIA,RC,uk,6.43703,25.0933,24.1129
2030,BIA,RC,be,2371.65,2013.33,3694.21
2030,BIA,RC,pls,82.3931,278.074,301.903
2030,BIA,RC,de,424.144,1118.86,1159.88
2030,BIA,RC,ru,7.7637,8.29337,13.1494
2030,BIA,RC,lt,5928.67,12922.4,11965.9
2030,BIA,RC,csb,393.751,1417.65,1527.76
2030,BIA,RC,cs,107.674,390.891,367.303
2030,BIA,RC,rom,632.628,1454.73,1620.97
2030,BIA,RC,wym,0.237477,0.681269,0.778026
2030,BIA,RC,oth,193.153,343.056,454.663
2030,BIA,GC,pl,1577.57,7705.07,9282.64
2030,BIA,GC,uk,4477.52,18802.2,18284.6
2030,BIA,GC,rue,206.404,834.549,855.156
2030,BIA,OR,pl,171709,257239,428948
2030,BIA,OR,uk,13725.9,46742.5,46235.3
2030,BIA,OR,be,95828.3,97094.6,158661
2030,BIA,OR,pls,2445.92,7017.14,7948.84
2030,BIA,OR,ru,18010.9,20176.2,30703.1
2030,BIA,OR,lt,13.6363,44.3237,28.2406
2030,BIA,OR,rue,11.9618,43.9203,45.3543
2030,BIA,OR,cs,92.5585,336.43,310.38
2030,BIA,JW,pl,12407.6,65728.1,78135.7
2030,BIA,JW,yi,4755.13,9408.73,10691.6
2030,BIA,JW,de,7.80293,32.7553,29.1434
2030,BIA,JW,ru,9.30245,27.7714,29.3129
2030,BIA,JW,lt,74.2539,307.011,184.642
2030,BIA,JH,pl,903.525,3686.2,4589.72
2030,BIA,JH,yi,24500.4,84921.3,70614.6
2030,BIA,PR,pl,2686.59,8483.29,11169.9
2030,BIA,PR,de,2340.63,5861.77,6077.28
2030,BIA,PR,lt,39.1862,172.827,109.24
2030,BIA,PR,cs,11.234,46.0292,43.0856
2030,BIA,PR,lv,23.2914,101.953,70.5752
2030,BIA,OT,pl,1584.64,3682.01,5266.65
2030,BIA,OT,lt,3.77963,15.1942,8.68567
2030,BIA,OT,kdr,1.26681,5.12664,5.16302
2030,BIA,OT,oth,145.591,1129.25,516.751
2030,WIL,RC,pl,232381,469657,702039
2030,WIL,RC,uk,3.49954,14.0181,13.3841
2030,WIL,RC,be,4429.94,3440.58,6650.12
2030,WIL,RC,pls,60.9187,175.441,197.91
2030,WIL,RC,de,147.867,530.196,508.979
2030,WIL,RC,ru,18.9443,20.4188,32.3931
2030,WIL,RC,lt,18192,27854.2,32061.5
2030,WIL,RC,csb,203.676,780.02,828.659
2030,WIL,RC,cs,60.9805,234.155,216.825
2030,WIL,RC,rom,421.475,937.952,1058.45
2030,WIL,RC,wym,0.131508,0.386172,0.439439
2030,WIL,RC,oth,193.343,286.92,407.076
2030,WIL,GC,pl,787.057,3964.16,4751.22
2030,WIL,GC,uk,2143.9,9409.57,9038.31
2030,WIL,GC,rue,105.924,450.927,455.926
2030,WIL,OR,pl,108911,184101,293011
2030,WIL,OR,uk,5905.46,23920,22704.9
2030,WIL,OR,be,100677,108230,171742
2030,WIL,OR,pls,2749.19,5183.65,6646.63
2030,WIL,OR,ru,16238.5,19836.6,29048.6
2030,WIL,OR,lt,48.0493,92.0432,86.1806
2030,WIL,OR,rue,6.00708,23.4925,23.9249
2030,WIL,OR,cs,51.6919,197.924,180.044
2030,WIL,JW,pl,5932.48,30399.6,36332.1
2030,WIL,JW,yi,2333.4,4896.02,5463.72
2030,WIL,JW,de,3.51282,14.7959,12.933
2030,WIL,JW,ru,6.75257,22.5149,23.2455
2030,WIL,JW,lt,94.6474,377.592,245.958
2030,WIL,JH,pl,414.943,1829.62,2244.56
2030,WIL,JH,yi,11357.6,39023.4,32586.2
2030,WIL,PR,pl,1193.15,4220.98,5414.12
2030,WIL,PR,de,688.71,2554.32,2368.1
2030,WIL,PR,lt,41.7301,194.646,124.825
2030,WIL,PR,cs,6.22608,26.5328,24.5872
2030,WIL,PR,lv,19.7931,90.8815,62.9445
2030,WIL,OT,pl,1300.7,2899.85,4200.55
2030,WIL,OT,lt,4.82743,18.3981,11.4338
2030,WIL,OT,kdr,27.7958,44.0114,58.9248
2030,WIL,OT,oth,115.28,748.958,377.047
2030,NOW,RC,pl,214140,431789,645929
2030,NOW,RC,uk,4.25609,17.5214,16.5851
2030,NOW,RC,be,2980.14,2870.05,4875.69
2030,NOW,RC,pls,48.4968,176.072,186.903
2030,NOW,RC,de,124.478,497.906,463.369
2030,NOW,RC,ru,3.14506,4.58978,6.24546
2030,NOW,RC,lt,1540.44,5460.65,3900.88
2030,NOW,RC,csb,191.799,738.432,779.024
2030,NOW,RC,cs,72.3971,279.782,257.039
2030,NOW,RC,rom,522.736,1046.37,1209.67
2030,NOW,RC,oth,40.3367,142.456,154.286
2030,NOW,GC,pl,882.981,4470.5,5353.49
2030,NOW,GC,uk,2491.81,11130,10617.2
2030,NOW,GC,rue,110.17,476.447,478.273
2030,NOW,OR,pl,307436,381933,689369
2030,NOW,OR,uk,8541,30412.3,29370.1
2030,NOW,OR,be,270114,253049,412999
2030,NOW,OR,pls,1699.72,4808.48,5395.88
2030,NOW,OR,ru,10102.4,11602.2,16789.9
2030,NOW,OR,lt,6.48532,23.8868,12.9278
2030,NOW,OR,rue,8.18304,27.1369,28.235
2030,NOW,OR,cs,72.7468,246.554,227.02
2030,NOW,JW,pl,6072.82,27010.2,33083
2030,NOW,JW,yi,2353.46,4336.46,5037.67
2030,NOW,JW,de,3.00728,13.0895,11.3538
2030,NOW,JW,ru,2.59001,7.95776,8.19638
2030,NOW,JW,lt,37.2571,160.97,86.8688
2030,NOW,JH,pl,421.724,1733.39,2155.11
2030,NOW,JH,yi,11370.4,34575,29201.4
2030,NOW,PR,pl,1298.28,4251.44,5549.71
2030,NOW,PR,de,455.174,2127.87,1868.69
2030,NOW,PR,lt,19.1767,89.8008,51.2425
2030,NOW,PR,cs,6.90563,31.0773,28.3528
2030,NOW,PR,lv,12.3495,58.0446,36.5494
2030,NOW,OT,pl,950.764,2288.22,3238.98
2030,NOW,OT,lt,1.9925,8.47846,4.38704
2030,NOW,OT,kdr,0.666076,2.90429,2.85411
2030,NOW,OT,oth,34.7869,634.633,215.051
2030,POL,RC,pl,205084,472814,677897
2030,POL,RC,uk,8.94862,34.4809,32.7998
2030,POL,RC,be,743.802,999.567,1428.64
2030,POL,RC,pls,4322.4,4686.64,7262.79
2030,POL,RC,de,222.845,771.959,730.047
2030,POL,RC,ru,1.93905,3.28383,4.12262
2030,POL,RC,lt,1646.62,6031.33,4037.04
2030,POL,RC,csb,338.677,1139.75,1224.55
2030,POL,RC,cs,115.2,398.657,370.159
2030,POL,RC,rom,540.744,1221.31,1329.27
2030,POL,RC,wym,0.210373,0.597813,0.677535
2030,POL,RC,oth,194.165,352.187,448.903
2030,POL,GC,pl,1844.64,7530.88,9375.52
2030,POL,GC,uk,6815.73,24913.7,24209.6
2030,POL,GC,rue,221.917,793.077,811.737
2030,POL,OR,pl,733671,1.01404e+06,1.74771e+06
2030,POL,OR,uk,77696.4,130096,151646
2030,POL,OR,be,57303.2,73102.4,101500
2030,POL,OR,pls,403959,381652,625706
2030,POL,OR,ru,13525.6,17860.3,23756.9
2030,POL,OR,lt,7.852,28.7811,14.9147
2030,POL,OR,rue,13.6595,44.0892,45.4378
2030,POL,OR,cs,107.203,357.024,324.024
2030,POL,JW,pl,6398.82,38273.5,44672.4
2030,POL,JW,yi,2046.16,5925.89,5996.63
2030,POL,JW,de,4.10537,19.4081,16.5999
2030,POL,JW,ru,2.5702,12.1755,11.6518
2030,POL,JW,lt,42.8273,197.564,101.982
2030,POL,JH,pl,418.035,2554.28,2972.31
2030,POL,JH,yi,10533,51268.1,39272.2
2030,POL,PR,pl,2597.8,8310.68,10908.5
2030,POL,PR,de,659.326,3135.39,2744.09
2030,POL,PR,lt,22.5373,106.703,58.1674
2030,POL,PR,cs,9.36127,43.0561,38.9461
2030,POL,PR,lv,13.8922,65.9184,39.9216
2030,POL,OT,pl,1955.19,4648.31,6603.5
2030,POL,OT,lt,2.44934,10.5775,5.34126
2030,POL,OT,kdr,0.840615,3.54978,3.46767
2030,POL,OT,oth,128.075,1045.91,454.16
2030,WOL,RC,pl,312414,683353,995767
2030,WOL,RC,uk,890.071,1235.13,1539.87
2030,WOL,RC,be,157.479,408.791,464.761
2030,WOL,RC,pls,88.5158,301.695,318.933
2030,WOL,RC,de,1875.01,3007.58,3429.49
2030,WOL,RC,ru,0.603249,1.93543,2.00029
2030,WOL,RC,lt,1789.58,6931.25,4465.2
2030,WOL,RC,csb,378.409,1335.68,1409.93
2030,WOL,RC,cs,7233.17,8489.08,10892.3
2030,WOL,RC,rom,1198.14,2222.37,2552.15
2030,WOL,RC,wym,0.257221,0.768504,0.851496
2030,WOL,RC,oth,575.829,812.655,1125.09
2030,WOL,GC,pl,2921.9,13228.5,16150.4
2030,WOL,GC,uk,28435.7,106436,101946
2030,WOL,GC,rue,326.059,1187.69,1205.34
2030,WOL,OR,pl,103134,211673,314807
2030,WOL,OR,uk,1.53971e+06,1.82682e+06,2.42791e+06
2030,WOL,OR,be,6403.47,17907.8,19373.4
2030,WOL,OR,pls,2702.28,7949.22,8702.08
2030,WOL,OR,ru,17636.4,22607.9,30489.2
2030,WOL,OR,lt,8.54415,31.8252,15.7628
2030,WOL,OR,rue,22.6466,73.061,75.3152
2030,WOL,OR,cs,9696.63,10765.6,13735.3
2030,WOL,JW,pl,9899.35,58192.4,68091.7
2030,WOL,JW,yi,3925.53,9648.71,10113.4
2030,WOL,JW,de,16.2014,63.2163,57.0456
2030,WOL,JW,ru,4.50745,17.2876,17.0083
2030,WOL,JW,lt,49.6281,225.077,113.476
2030,WOL,JH,pl,731.672,3997.6,4729.27
2030,WOL,JH,yi,19695,83684.3,64966.1
2030,WOL,PR,pl,4944.5,15656.9,20601.4
2030,WOL,PR,de,7846.01,17116.5,18222.1
2030,WOL,PR,lt,24.4779,120.28,63.0149
2030,WOL,PR,cs,642.798,1096.46,1273.25
2030,WOL,PR,lv,15.3847,76.4042,44.1565
2030,WOL,OT,pl,7576.16,15841.3,23417.4
2030,WOL,OT,lt,2.62641,11.8021,5.6866
2030,WOL,OT,kdr,5.16186,11.6252,13.3362
2030,WOL,OT,oth,297.752,1815.83,908.471
2030,POZ,RC,pl,600004,1.18715e+06,1.78715e+06
2030,POZ,RC,uk,8.76553,31.8273,31.4984
2030,POZ,RC,be,179.1,490.269,566.799
2030,POZ,RC,pls,108.366,342.1,381.208
2030,POZ,RC,de,4443.01,5931.22,7969.12
2030,POZ,RC,ru,0.530725,1.76488,1.88116
2030,POZ,RC,lt,2584.55,9763.89,7171.09
2030,POZ,RC,csb,1017.98,3389.09,3775.38
2030,POZ,RC,cs,151.791,514.371,499.676
2030,POZ,RC,rom,614.801,1933.65,2011.88
2030,POZ,RC,wym,0.477221,1.31696,1.53042
2030,POZ,RC,oth,145.288,436.625,501.218
2030,POZ,GC,pl,2534.81,11870.6,14405.4
2030,POZ,GC,uk,6949.62,27476,27214.1
2030,POZ,GC,rue,373.145,1414.55,1478.5
2030,POZ,OR,pl,21551,95226.3,116777
2030,POZ,OR,uk,14334.2,55819.9,54461.9
2030,POZ,OR,be,5408.09,18152.1,19715
2030,POZ,OR,pls,2715.19,7718.59,8848.73
2030,POZ,OR,ru,1222.54,4452.32,4556.61
2030,POZ,OR,lt,10.0164,37.0056,21.0818
2030,POZ,OR,rue,16.5844,62.3724,65.304
2030,POZ,OR,cs,114.88,414.75,392.303
2030,POZ,JW,pl,13869.9,59331.4,73201.3
2030,POZ,JW,yi,2131.54,4952.08,5405.19
2030,POZ,JW,de,40.1836,141.381,133.341
2030,POZ,JW,ru,2.04066,6.79728,6.96209
2030,POZ,JW,lt,85.4906,305.915,191.012
2030,POZ,JH,pl,500.107,2525.55,3025.66
2030,POZ,JH,yi,10234.4,38883.6,32003.5
2030,POZ,PR,pl,16047.2,32194,48241.2
2030,POZ,PR,de,33352.1,43416.5,58215.6
2030,POZ,PR,lt,46.2075,179.683,116.152
2030,POZ,PR,cs,16.9419,60.604,59.082
2030,POZ,PR,lv,28.1206,107.097,76.8799
2030,POZ,OT,pl,2141.66,5039.12,7180.78
2030,POZ,OT,lt,4.27046,15.7793,9.29002
2030,POZ,OT,kdr,1.65776,6.08187,6.26893
2030,POZ,OT,oth,93.0245,2346.08,815.039
2030,POM,RC,pl,404386,821909,1.22629e+06
2030,POM,RC,uk,7.74017,28.0299,27.5492
2030,POM,RC,be,157.673,415.226,483.77
2030,POM,RC,pls,93.126,286.095,319.289
2030,POM,RC,de,3285.06,4235.14,5725.62
2030,POM,RC,ru,0.461196,1.5134,1.60785
2030,POM,RC,lt,2294.5,8412.56,6083.11
2030,POM,RC,csb,49338.5,27871.7,65151.6
2030,POM,RC,cs,128.82,425.327,412.723
2030,POM,RC,rom,517.846,1570.37,1633.08
2030,POM,RC,wym,0.3845,0.997229,1.17722
2030,POM,RC,oth,350.212,507.862,734.724
2030,POM,GC,pl,2059.42,9349.22,11408.6
2030,POM,GC,uk,5971.95,23144.3,23019.4
2030,POM,GC,rue,294.619,1091.45,1146.53
2030,POM,OR,pl,18671.1,80108.1,98779.2
2030,POM,OR,uk,12881.3,48839.5,47534.2
2030,POM,OR,be,4873.36,15898.1,17252.6
2030,POM,OR,pls,2368.28,6558.6,7534.46
2030,POM,OR,ru,1081.99,3800.8,3884.5
2030,POM,OR,lt,9.1156,33.5219,18.8023
2030,POM,OR,rue,14.34,51.8378,54.2861
2030,POM,OR,cs,99.1078,348.466,328.312
2030,POM,JW,pl,10997.6,46646,57643.6
2030,POM,JW,yi,1836.9,4263.56,4631.41
2030,POM,JW,de,31.7117,111.963,105.389
2030,POM,JW,ru,1.69209,5.80111,5.86347
2030,POM,JW,lt,73.9174,268.436,163.046
2030,POM,JH,pl,425.995,2062.89,2488.89
2030,POM,JH,yi,9030.71,33153.9,27282.5
2030,POM,PR,pl,10072,20596.5,30668.5
2030,POM,PR,de,22477,28929.5,38846.6
2030,POM,PR,lt,40.9305,158.575,100.561
2030,POM,PR,cs,14.0531,49.7331,48.4109
2030,POM,PR,lv,24.1218,90.8019,64.0128
2030,POM,OT,pl,677.086,2817.38,3494.47
2030,POM,OT,lt,3.79148,13.8545,8.02326
2030,POM,OT,kdr,1.39119,4.95417,5.1264
2030,POM,OT,oth,79.9584,1720.89,605.568
2030,SLA,RC,pl,542972,1.07587e+06,1.61885e+06
2030,SLA,RC,uk,14.3261,50.1086,49.5645
2030,SLA,RC,be,225.385,563.004,665.11
2030,SLA,RC,pls,141.306,404.799,460.166
2030,SLA,RC,de,11265.8,9644.98,15986.4
2030,SLA,RC,ru,0.654941,2.0042,2.16785
2030,SLA,RC,lt,3167.99,11039.9,8125.86
2030,SLA,RC,csb,974.734,2958.08,3346.36
2030,SLA,RC,cs,212.726,658.922,649.272
2030,SLA,RC,rom,834.679,2398.24,2527.7
2030,SLA,RC,wym,0.832181,2.04727,2.45237
2030,SLA,RC,oth,313.59,568.644,756.544
2030,SLA,GC,pl,4136.92,17406.8,21543.7
2030,SLA,GC,uk,12717.4,45198.4,46119
2030,SLA,GC,rue,643.684,2156.44,2333.12
2030,SLA,OR,pl,27098.8,111211,138310
2030,SLA,OR,uk,22723.3,82528.6,81156.3
2030,SLA,OR,be,6710.3,20793.5,22902.6
2030,SLA,OR,pls,3409.23,8979.78,10477.8
2030,SLA,OR,ru,1504.87,5040.83,5222.94
2030,SLA,OR,lt,11.9203,42.0701,23.6849
2030,SLA,OR,rue,26.1566,89.133,95.1084
2030,SLA,OR,cs,157.927,528.246,504.653
2030,SLA,JW,pl,18725.1,74449.9,93175
2030,SLA,JW,yi,2996.88,6412.64,7193.13
2030,SLA,JW,de,35.6318,115.721,112.422
2030,SLA,JW,ru,2.55872,8.002,8.29587
2030,SLA,JW,lt,101.462,349.05,216.527
2030,SLA,JH,pl,657.907,3095.38,3753.28
2030,SLA,JH,yi,14270,50150,42051.5
2030,SLA,PR,pl,20244,26694.8,46938.7
2030,SLA,PR,de,7596.36,15814.9,17590.1
2030,SLA,PR,lt,52.7923,194.621,124.705
2030,SLA,PR,cs,23.7599,77.7904,76.6863
2030,SLA,PR,lv,33.5935,118.741,84.8277
2030,SLA,OT,pl,2739.46,5442.35,8181.81
2030,SLA,OT,lt,4.93701,17.6579,10.3416
2030,SLA,OT,kdr,2.07119,6.8999,7.28954
2030,SLA,OT,oth,220.137,3117.73,1159.19
2030,KRA,RC,pl,643997,1.0961e+06,1.7401e+06
2030,KRA,RC,uk,7.94231,30.4424,29.5836
2030,KRA,RC,be,127.94,360.503,412.225
2030,KRA,RC,pls,82.6109,271.446,298.158
2030,KRA,RC,de,1194.56,2164.95,2551.45
2030,KRA,RC,ru,0.384161,1.33531,1.4002
2030,KRA,RC,lt,1836.97,7227.18,5206.7
2030,KRA,RC,csb,513.522,1804.36,1966.17
2030,KRA,RC,cs,131.447,465.032,443.625
2030,KRA,RC,rom,2120.58,3053.91,4077.21
2030,KRA,RC,wym,28.1793,15.1612,36.9365
2030,KRA,RC,oth,346.795,504.794,727.397
2030,KRA,GC,pl,14874.6,27517.8,42392.4
2030,KRA,GC,uk,7240.57,30588.1,29746.3
2030,KRA,GC,rue,21977.6,18856.3,33314.6
2030,KRA,OR,pl,17166,79372.3,96538.3
2030,KRA,OR,uk,13165.4,53255.9,51067.9
2030,KRA,OR,be,4031.78,14039.2,14978.9
2030,KRA,OR,pls,2119.37,6190.39,7015.98
2030,KRA,OR,ru,939.051,3551.09,3565.42
2030,KRA,OR,lt,7.30881,28.1419,15.7033
2030,KRA,OR,rue,23.6594,91.7886,94.205
2030,KRA,OR,cs,102.695,386.14,357.229
2030,KRA,JW,pl,13962.5,74443.9,88406.4
2030,KRA,JW,yi,3490.74,7023.14,7964.71
2030,KRA,JW,de,9.5226,38.0331,34.8097
2030,KRA,JW,ru,1.45542,5.53208,5.48643
2030,KRA,JW,lt,59.5343,228.748,139.899
2030,KRA,JH,pl,768.043,3899.4,4667.44
2030,KRA,JH,yi,18313.4,69140.8,57248.8
2030,KRA,PR,pl,2043.54,8944.52,10988.1
2030,KRA,PR,de,2171.33,6278.28,6319.13
2030,KRA,PR,lt,31.291,125.742,80.0964
2030,KRA,PR,cs,14.5366,54.5338,52.2959
2030,KRA,PR,lv,20.1015,79.8946,56.3177
2030,KRA,OT,pl,640.555,2899.29,3539.84
2030,KRA,OT,lt,2.97662,11.4841,6.64775
2030,KRA,OT,kdr,1.22942,4.77213,4.8634
2030,KRA,OT,oth,73.9985,1370.92,504.705
2030,LWO,RC,pl,503245,1.06127e+06,1.56451e+06
2030,LWO,RC,uk,41.1639,163.817,157.398
2030,LWO,RC,be,173.326,492.871,559.669
2030,LWO,RC,pls,122.754,406.805,444.149
2030,LWO,RC,de,1102.57,2257.07,2529.63
2030,LWO,RC,ru,0.525627,1.83222,1.91083
2030,LWO,RC,lt,2352.72,9297.81,6559.44
2030,LWO,RC,csb,571.008,2047.35,2210.84
2030,LWO,RC,cs,253.642,899.195,854.359
2030,LWO,RC,rom,1973.44,3318.68,4145.53
2030,LWO,RC,wym,0.499178,1.38076,1.58826
2030,LWO,RC,oth,837.995,928.986,1499.19
2030,LWO,GC,pl,82163,110258,192421
2030,LWO,GC,uk,403882,436688,659604
2030,LWO,GC,rue,19159.9,16015.8,28753.3
2030,LWO,OR,pl,28611.2,118730,147341
2030,LWO,OR,uk,62473.1,238586,233093
2030,LWO,OR,be,5743.38,19623.6,20970.9
2030,LWO,OR,pls,3233.82,9399.32,10618.3
2030,LWO,OR,ru,1384.66,5096.34,5143.53
2030,LWO,OR,lt,9.66368,36.1833,19.7664
2030,LWO,OR,rue,1755.88,1349.31,2513.48
2030,LWO,OR,cs,204.096,743.191,692.6
2030,LWO,JW,pl,23641.2,123805,147446
2030,LWO,JW,yi,6235.72,11522.2,13426.8
2030,LWO,JW,de,12.534,47.5592,43.5403
2030,LWO,JW,ru,2.09136,8.01715,7.9095
2030,LWO,JW,lt,77.5715,296.438,177.037
2030,LWO,JH,pl,1228.81,5478.98,6707.79
2030,LWO,JH,yi,31642.1,107403,90409.9
2030,LWO,PR,pl,4836.54,13673.6,18510.2
2030,LWO,PR,de,3162.58,8252.52,8466.93
2030,LWO,PR,lt,39.5016,162.289,100.41
2030,LWO,PR,cs,28.3411,109.759,104.085
2030,LWO,PR,lv,25.605,104.312,71.0324
2030,LWO,OT,pl,2015.45,5887.22,7902.67
2030,LWO,OT,lt,3.93042,15.0363,8.60509
2030,LWO,OT,kdr,1.87563,7.32042,7.42523
2030,LWO,OT,oth,398.95,2372.59,1195.56
2030,STA,RC,pl,100407,282528,382934
2030,STA,RC,uk,20.5444,82.1275,78.1213
2030,STA,RC,be,59.4604,172.052,193.295
2030,STA,RC,pls,42.6919,144.507,155.755
2030,STA,RC,de,1013.92,1369.72,1767.46
2030,STA,RC,ru,0.187788,0.66321,0.683405
2030,STA,RC,lt,831.98,3258.07,2208.1
2030,STA,RC,csb,200.202,722.795,774.071
2030,STA,RC,cs,88.837,317.689,297.515
2030,STA,RC,rom,667.933,1149.45,1415.42
2030,STA,RC,wym,0.177347,0.48669,0.558258
2030,STA,RC,oth,443.193,466.695,764.146
2030,STA,GC,pl,38876.1,60840.5,99716.6
2030,STA,GC,uk,375452,411154,607244
2030,STA,GC,rue,187.793,768.941,780.169
2030,STA,OR,pl,8742.14,40153.6,48895.7
2030,STA,OR,uk,28422.4,109533,106003
2030,STA,OR,be,2028.36,7082.5,7485.81
2030,STA,OR,pls,1176.79,3572.89,3966.08
2030,STA,OR,ru,493.337,1838.84,1835.99
2030,STA,OR,lt,3.59556,13.6109,7.12102
2030,STA,OR,rue,12.5596,46.7898,48.3975
2030,STA,OR,cs,73.0891,269.944,248.106
2030,STA,JW,pl,7227,36797.7,44024.7
2030,STA,JW,yi,2289.71,4664.4,5212.65
2030,STA,JW,de,6.55006,23.6636,21.8193
2030,STA,JW,ru,0.711819,2.80415,2.72299
2030,STA,JW,lt,27.8507,108.12,61.4867
2030,STA,JH,pl,440.493,1946.92,2387.42
2030,STA,JH,yi,11778,40874.6,33725.2
2030,STA,PR,pl,1194.11,4072.02,5266.13
2030,STA,PR,de,2597.59,4418.44,5175.48
2030,STA,PR,lt,14.1805,57.4632,33.7899
2030,STA,PR,cs,9.66427,37.0328,34.8948
2030,STA,PR,lv,9.04386,36.2969,23.6228
2030,STA,OT,pl,870.367,2249.74,3120.11
2030,STA,OT,lt,1.40911,5.50762,2.97845
2030,STA,OT,kdr,6.93895,10.7807,14.3847
2030,STA,OT,oth,216.604,819.6,510.807
2030,TAR,RC,pl,168309,343120,511429
2030,TAR,RC,uk,17.2592,69.9213,66.5042
2030,TAR,RC,be,56.6014,164.289,185.085
2030,TAR,RC,pls,39.8724,135.535,146.29
2030,TAR,RC,de,276.272,663.16,703.398
2030,TAR,RC,ru,0.179937,0.634943,0.655908
2030,TAR,RC,lt,780.884,3070.82,2089.08
2030,TAR,RC,csb,181.368,659.656,707.294
2030,TAR,RC,cs,89.3606,322.424,302.733
2030,TAR,RC,rom,380.071,854.858,962.424
2030,TAR,RC,wym,0.160885,0.439702,0.50734
2030,TAR,RC,oth,123.65,212.403,284.383
2030,TAR,GC,pl,49801.1,65210.7,115012
2030,TAR,GC,uk,238150,260611,386776
2030,TAR,GC,rue,173.341,695.62,710.265
2030,TAR,OR,pl,8342.98,39385.5,47728.5
2030,TAR,OR,uk,24781.3,98196,94789.4
2030,TAR,OR,be,1902.93,6880.76,7230.51
2030,TAR,OR,pls,1080.51,3374.79,3731.01
2030,TAR,OR,ru,458.62,1778.95,1765.99
2030,TAR,OR,lt,3.37879,13.0414,6.81625
2030,TAR,OR,rue,10.8889,43.018,44.1215
2030,TAR,OR,cs,71.828,276.294,252.846
2030,TAR,JW,pl,7297.43,32885.1,40182.6
2030,TAR,JW,yi,1896.61,3564.3,4114.56
2030,TAR,JW,de,3.59597,13.5304,12.325
2030,TAR,JW,ru,0.687124,2.55397,2.52054
2030,TAR,JW,lt,26.5599,99.9873,57.3036
2030,TAR,JH,pl,364.907,1645.43,2010.33
2030,TAR,JH,yi,9450.62,31184.7,26177.5
2030,TAR,PR,pl,1264.7,3844.59,5109.29
2030,TAR,PR,de,855.171,2459.81,2437.45
2030,TAR,PR,lt,13.4566,54.2272,32.0593
2030,TAR,PR,cs,9.84686,37.8721,35.7059
2030,TAR,PR,lv,8.63893,34.5933,22.5713
2030,TAR,OT,pl,1321.46,2477.88,3799.34
2030,TAR,OT,lt,1.33385,5.08382,2.76548
2030,TAR,OT,kdr,0.592416,2.29245,2.32554
2030,TAR,OT,oth,98.7094,631.8,307.669
2030,LT_KAU,RC,pl,4919.35,9907.93,10476.9
2030,LT_KAU,RC,uk,0.155326,0.56997,0.333541
2030,LT_KAU,RC,be,23.5701,60.1924,64.2749
2030,LT_KAU,RC,pls,2.70137,9.28216,6.75621
2030,LT_KAU,RC,de,18.8161,68.8256,55.5614
2030,LT_KAU,RC,ru,0.205581,0.743964,0.74715
2030,LT_KAU,RC,lt,73417.8,167911,241328
2030,LT_KAU,RC,csb,13.7062,49.5897,36.003
2030,LT_KAU,RC,cs,3.65612,13.0855,8.28541
2030,LT_KAU,RC,rom,257.442,410.09,521.533
2030,LT_KAU,RC,oth,3.14003,10.5955,8.09465
2030,LT_KAU,GC,pl,14.0678,54.9725,36.6361
2030,LT_KAU,GC,uk,105.09,404.608,284.393
2030,LT_KAU,GC,lt,4.37953,31.5677,35.9473
2030,LT_KAU,GC,rue,6.40458,24.1398,17.4535
2030,LT_KAU,OR,pl,176.343,671.505,442.675
2030,LT_KAU,OR,uk,245.386,1034.32,651.266
2030,LT_KAU,OR,be,179.325,623.032,478.693
2030,LT_KAU,OR,pls,68.6776,223.232,156.331
2030,LT_KAU,OR,ru,3120.86,5261.29,6799.23
2030,LT_KAU,OR,lt,910.089,3046.88,3956.97
2030,LT_KAU,OR,rue,0.322763,1.22644,0.880441
2030,LT_KAU,OR,cs,2.62685,9.71973,6.0822
2030,LT_KAU,JW,pl,85.5334,388.015,271.401
2030,LT_KAU,JW,yi,464.221,1660.79,1749.91
2030,LT_KAU,JW,de,5.09871,27.1617,24.5933
2030,LT_KAU,JW,ru,2.24068,18.8491,17.5863
2030,LT_KAU,JW,lt,1470.7,11705.7,13176.4
2030,LT_KAU,JH,pl,6.49575,35.8122,25.89
2030,LT_KAU,JH,yi,290.969,1227.36,836.026
2030,LT_KAU,PR,pl,17.6038,65.6081,49.4785
2030,LT_KAU,PR,de,1652.47,3289.39,3739.16
2030,LT_KAU,PR,lt,1241.8,4012.1,5253.9
2030,LT_KAU,PR,cs,0.385162,1.43367,0.959513
2030,LT_KAU,PR,lv,99.6945,368.293,359.994
2030,LT_KAU,OT,pl,172.783,196.808,291.552
2030,LT_KAU,OT,lt,321.235,1033.55,1354.78
2030,LT_KAU,OT,kdr,0.457857,1.69501,1.73803
2030,LT_KAU,OT,oth,247.223,570.694,567.557
2030,LT_LAU,RC,pl,7140.57,9738.49,12325.2
2030,LT_LAU,RC,uk,0.120342,0.480545,0.271632
2030,LT_LAU,RC,be,20.7387,57.8203,61.406
2030,LT_LAU,RC,pls,1.99537,7.63088,5.30699
2030,LT_LAU,RC,de,12.8266,51.6771,40.9464
2030,LT_LAU,RC,ru,0.156501,0.605882,0.597769
2030,LT_LAU,RC,lt,150646,220559,371204
2030,LT_LAU,RC,csb,10.1708,40.6712,28.2907
2030,LT_LAU,RC,cs,2.80337,11.0695,6.70934
2030,LT_LAU,RC,rom,43.9923,178.066,167.036
2030,LT_LAU,RC,oth,2.17514,8.22015,5.95857
2030,LT_LAU,GC,pl,9.07179,40.4475,25.3368
2030,LT_LAU,GC,uk,72.5252,322.21,214.921
2030,LT_LAU,GC,lt,2.71297,23.564,26.2769
2030,LT_LAU,GC,rue,4.54746,19.7569,13.5435
2030,LT_LAU,OR,pl,123.082,489.704,309.519
2030,LT_LAU,OR,uk,183.789,836.089,509.558
2030,LT_LAU,OR,be,130.312,503.015,371.04
2030,LT_LAU,OR,pls,50.8749,184.742,124.234
2030,LT_LAU,OR,ru,4008.5,4869.15,7169.01
2030,LT_LAU,OR,lt,1113.65,2464.64,3578.29
2030,LT_LAU,OR,rue,0.239777,0.993838,0.689039
2030,LT_LAU,OR,cs,2.02602,8.14146,4.92004
2030,LT_LAU,JW,pl,65.2585,258.754,176.44
2030,LT_LAU,JW,yi,936.452,1605.19,2093.83
2030,LT_LAU,JW,de,3.11123,13.6293,12.6104
2030,LT_LAU,JW,ru,2.41319,8.37833,8.84886
2030,LT_LAU,JW,lt,2149.63,9689.3,11838.9
2030,LT_LAU,JH,pl,5.91431,28.4627,20.9337
2030,LT_LAU,JH,yi,262.749,996.655,688.79
2030,LT_LAU,PR,pl,10.1239,43.4564,29.6841
2030,LT_LAU,PR,de,845.625,2034.05,2164.61
2030,LT_LAU,PR,lt,834.815,3596.93,4431.75
2030,LT_LAU,PR,cs,0.283977,1.20464,0.767222
2030,LT_LAU,PR,lv,322.673,610.299,712.918
2030,LT_LAU,OT,pl,7.68417,26.9644,22.4943
2030,LT_LAU,OT,lt,215.375,535.869,751.243
2030,LT_LAU,OT,kdr,9.61335,9.91769,16.0672
2030,LT_LAU,OT,oth,209.291,426.889,429.428
2030,LT_ZEM,RC,pl,2444.23,5360.87,5318.91
2030,LT_ZEM,RC,uk,0.127941,0.511569,0.289447
2030,LT_ZEM,RC,be,20.9333,59.6652,62.706
2030,LT_ZEM,RC,pls,2.16607,8.27729,5.80115
2030,LT_ZEM,RC,de,15.6775,62.8472,50.8646
2030,LT_ZEM,RC,ru,0.129362,0.506004,0.49527
2030,LT_ZEM,RC,lt,170757,245899,416657
2030,LT_ZEM,RC,csb,11.1284,44.3843,31.0565
2030,LT_ZEM,RC,cs,3.00865,11.8676,7.24284
2030,LT_ZEM,RC,rom,136.881,259.991,305.554
2030,LT_ZEM,RC,oth,2.38378,8.98075,6.5707
2030,LT_ZEM,GC,pl,8.08396,37.0466,23.5049
2030,LT_ZEM,GC,uk,81.0503,371.252,250.929
2030,LT_ZEM,GC,lt,3.17554,29.1024,32.2779
2030,LT_ZEM,GC,rue,5.06681,22.6417,15.7308
2030,LT_ZEM,OR,pl,98.2088,421.064,257.878
2030,LT_ZEM,OR,uk,195.732,915.705,556.246
2030,LT_ZEM,OR,be,140.976,553.022,409.379
2030,LT_ZEM,OR,pls,54.8689,202.627,136.792
2030,LT_ZEM,OR,ru,2403.29,3621,4861.31
2030,LT_ZEM,OR,lt,736.932,2076.38,2813.32
2030,LT_ZEM,OR,rue,0.258081,1.09232,0.757313
2030,LT_ZEM,OR,cs,2.15274,8.85898,5.34499
2030,LT_ZEM,JW,pl,48.1594,203.844,130.575
2030,LT_ZEM,JW,yi,963.945,1749.22,2235.81
2030,LT_ZEM,JW,de,4.25547,18.6365,17.3608
2030,LT_ZEM,JW,ru,1.56367,6.34701,6.48512
2030,LT_ZEM,JW,lt,2254.68,10392.6,12647.3
2030,LT_ZEM,JH,pl,4.95058,26.0156,18.7717
2030,LT_ZEM,JH,yi,277.882,1113.7,766.993
2030,LT_ZEM,PR,pl,7.91121,37.2573,24.7988
2030,LT_ZEM,PR,de,1485.57,3046.36,3421.91
2030,LT_ZEM,PR,lt,2867.69,6160.43,9028.12
2030,LT_ZEM,PR,cs,0.303642,1.32658,0.851362
2030,LT_ZEM,PR,lv,1554.72,1684.33,2463.88
2030,LT_ZEM,OT,pl,5.72351,23.0373,18.5812
2030,LT_ZEM,OT,lt,245.477,629.97,875.447
2030,LT_ZEM,OT,kdr,0.461569,1.94683,1.95341
2030,LT_ZEM,OT,oth,245.063,497.491,507.745
2030,LT_SUV,RC,pl,3416.16,6156.79,6612
2030,LT_SUV,RC,uk,0.129999,0.518134,0.294421
2030,LT_SUV,RC,be,220.689,142.993,303.95
2030,LT_SUV,RC,pls,2.25048,8.50256,5.99802
2030,LT_SUV,RC,de,16.0955,64.9165,50.5625
2030,LT_SUV,RC,ru,0.340956,0.575186,0.724501
2030,LT_SUV,RC,lt,135788,186640,322428
2030,LT_SUV,RC,csb,11.4469,45.3573,31.9915
2030,LT_SUV,RC,cs,3.0295,11.8691,7.2839
2030,LT_SUV,RC,rom,493.961,497.341,777.798
2030,LT_SUV,RC,oth,2.44271,9.08757,6.67444
2030,LT_SUV,GC,pl,9.45472,43.7201,28.1576
2030,LT_SUV,GC,uk,87.2193,402.301,275.397
2030,LT_SUV,GC,lt,3.45453,33.687,37.1415
2030,LT_SUV,GC,rue,5.35502,24.0341,16.903
2030,LT_SUV,OR,pl,111.432,472.345,290.716
2030,LT_SUV,OR,uk,205.421,929.646,577.961
2030,LT_SUV,OR,be,143,554.067,409.913
2030,LT_SUV,OR,pls,58.9588,212.794,145.504
2030,LT_SUV,OR,ru,1952.73,2725.24,3752.51
2030,LT_SUV,OR,lt,639.319,1738.04,2377.36
2030,LT_SUV,OR,rue,0.273747,1.14997,0.804686
2030,LT_SUV,OR,cs,2.21128,9.00184,5.47995
2030,LT_SUV,JW,pl,56.0786,235.215,152.421
2030,LT_SUV,JW,yi,823.831,1297.52,1733.14
2030,LT_SUV,JW,de,8.03743,25.2767,25.1029
2030,LT_SUV,JW,ru,1.35018,4.96284,5.14601
2030,LT_SUV,JW,lt,1990.41,8386.2,10376.6
2030,LT_SUV,JH,pl,5.69345,28.4443,20.838
2030,LT_SUV,JH,yi,276.534,1058.62,729.323
2030,LT_SUV,PR,pl,11.2401,47.6203,33.7925
2030,LT_SUV,PR,de,4264.44,5138.51,7029.33
2030,LT_SUV,PR,lt,1200.11,3806.08,5006.19
2030,LT_SUV,PR,cs,0.319703,1.37868,0.896077
2030,LT_SUV,PR,lv,71.224,309.336,289.799
2030,LT_SUV,OT,pl,6.60857,25.1531,20.5217
2030,LT_SUV,OT,lt,214.022,498.805,712.827
2030,LT_SUV,OT,kdr,0.329795,1.34027,1.34031
2030,LT_SUV,OT,oth,202.511,371.746,394.786
2030,LT_NEA,RC,pl,6111.8,7841.92,10260.3
2030,LT_NEA,RC,be,453.358,259.691,601.286
2030,LT_NEA,RC,pls,1.5196,5.83157,4.04865
2030,LT_NEA,RC,de,8.78107,35.4775,27.8347
2030,LT_NEA,RC,ru,4.93787,3.80248,7.02726
2030,LT_NEA,RC,lt,118775,167200,285975
2030,LT_NEA,RC,csb,7.4796,29.9378,20.9142
2030,LT_NEA,RC,cs,2.19906,8.70269,5.23144
2030,LT_NEA,RC,rom,30.8552,124.451,116.628
2030,LT_NEA,RC,oth,1.64445,6.22837,4.524
2030,LT_NEA,GC,pl,7.0232,30.1491,18.6904
2030,LT_NEA,GC,uk,56.304,239.361,158.224
2030,LT_NEA,GC,lt,2.09873,16.2582,18.3569
2030,LT_NEA,GC,rue,3.46158,14.4387,9.8509
2030,LT_NEA,OR,pl,109.107,411.854,267.354
2030,LT_NEA,OR,uk,145.479,680.938,406.753
2030,LT_NEA,OR,be,111.605,441.787,323.214
2030,LT_NEA,OR,pls,39.5196,146.962,98.3671
2030,LT_NEA,OR,ru,10364,9694.4,16009.5
2030,LT_NEA,OR,lt,2273.96,3727.86,6001.82
2030,LT_NEA,OR,rue,0.182474,0.778522,0.530879
2030,LT_NEA,OR,cs,1.61056,6.69533,3.94761
2030,LT_NEA,JW,pl,50.2956,191.28,130.319
2030,LT_NEA,JW,yi,863.668,1230.62,1717.06
2030,LT_NEA,JW,de,1.97474,8.51278,7.82923
2030,LT_NEA,JW,ru,6.70688,14.1422,16.943
2030,LT_NEA,JW,lt,1799.3,6777.26,8576.56
2030,LT_NEA,JH,pl,4.64297,21.0235,15.6095
2030,LT_NEA,JH,yi,209.012,737.974,515.393
2030,LT_NEA,PR,pl,7.11125,31.6283,21.1127
2030,LT_NEA,PR,de,413.568,1208.66,1208.43
2030,LT_NEA,PR,lt,3476.46,5055.31,8531.77
2030,LT_NEA,PR,cs,0.223837,0.945219,0.596425
2030,LT_NEA,PR,lv,2077.39,1865.71,2965.86
2030,LT_NEA,OT,pl,5.96678,20.2325,16.9586
2030,LT_NEA,OT,lt,186.63,411.031,597.661
2030,LT_NEA,OT,kdr,0.333969,1.36844,1.38051
2030,LT_NEA,OT,oth,200.275,343.938,379.464
2030,LT_KLA,RC,pl,594.311,2270.29,1653.15
2030,LT_KLA,RC,be,12.3147,32.6038,34.1493
2030,LT_KLA,RC,pls,1.53999,5.27356,3.6137
2030,LT_KLA,RC,de,264.389,302.025,415.739
2030,LT_KLA,RC,lt,28800.6,81141.1,109942
2030,LT_KLA,RC,csb,9.04825,32.4661,22.0732
2030,LT_KLA,RC,cs,2.11944,7.47292,4.47954
2030,LT_KLA,RC,rom,31.7962,114.418,109.33
2030,LT_KLA,RC,oth,1.77927,6.07732,4.31194
2030,LT_KLA,GC,pl,5.69346,22.187,13.4881
2030,LT_KLA,GC,uk,59.7456,231.783,151.502
2030,LT_KLA,GC,lt,2.0747,15.3521,17.4268
2030,LT_KLA,GC,rue,3.72873,14.1963,9.5688
2030,LT_KLA,OR,pl,65.1686,254.997,150.341
2030,LT_KLA,OR,uk,138.835,606.563,356.26
2030,LT_KLA,OR,be,90.6025,327.451,234.888
2030,LT_KLA,OR,pls,38.0743,128.692,84.1976
2030,LT_KLA,OR,ru,616.085,1363.01,1584.2
2030,LT_KLA,OR,lt,232.368,947.136,1179.5
2030,LT_KLA,OR,rue,0.185411,0.719421,0.485096
2030,LT_KLA,OR,cs,1.49999,5.63677,3.32752
2030,LT_KLA,JW,pl,32.9973,120.054,72.1132
2030,LT_KLA,JW,yi,179.612,471.525,517.74
2030,LT_KLA,JW,de,26.4453,162.998,144.007
2030,LT_KLA,JW,ru,0.666694,2.4328,2.5131
2030,LT_KLA,JW,lt,794.048,3639.11,4433.16
2030,LT_KLA,JH,pl,2.07558,11.8088,8.00951
2030,LT_KLA,JH,yi,127.235,486.049,307.204
2030,LT_KLA,PR,pl,5.41865,22.1878,13.9397
2030,LT_KLA,PR,de,11419.2,14392.9,19276.1
2030,LT_KLA,PR,lt,10802.1,11351,22153.2
2030,LT_KLA,PR,cs,0.216182,0.811574,0.512077
2030,LT_KLA,PR,lv,61.3082,232.558,225.457
2030,LT_KLA,OT,pl,3.4641,12.3441,9.57076
2030,LT_KLA,OT,lt,161.022,435.491,596.514
2030,LT_KLA,OT,kdr,0.272034,0.984371,1.01226
2030,LT_KLA,OT,oth,157.442,345.99,331.956
2032,WAW,RC,pl,162422,1.49555e+06,1.65797e+06
2032,WAW,RC,uk,21.5192,108.949,101.59
2032,WAW,RC,be,212.491,1234.75,1225.15
2032,WAW,RC,pls,139.557,805.157,803.942
2032,WAW,RC,de,466.159,3387.5,2979.95
2032,WAW,RC,ru,0.721474,4.16279,4.0279
2032,WAW,RC,lt,3608.3,23264.2,15377.7
2032,WAW,RC,csb,695.469,4777.43,4704.27
2032,WAW,RC,cs,189.323,1099.64,971.404
2032,WAW,RC,rom,532.963,3610.91,3277.35
2032,WAW,RC,wym,0.34808,2.24732,2.19802
2032,WAW,RC,oth,118.758,785.756,783.359
2032,WAW,GC,pl,2623.09,29338.2,31961.3
2032,WAW,GC,uk,11311.1,92626.3,82914.9
2032,WAW,GC,lt,0.109496,0.474532,0.210438
2032,WAW,GC,rue,356.022,2854.24,2676.08
2032,WAW,OR,pl,28598.1,244003,272601
2032,WAW,OR,uk,28398,195432,173052
2032,WAW,OR,be,7618.35,49651.4,47925.3
2032,WAW,OR,pls,3645.36,18830,19109
2032,WAW,OR,ru,1428.59,11687.7,10550.6
2032,WAW,OR,lt,18.6724,96.171,51.1961
2032,WAW,OR,rue,17.9984,144.7,134.154
2032,WAW,OR,cs,148.882,960.296,818.485
2032,WAW,JW,pl,13031.2,179270,192301
2032,WAW,JW,yi,2389.19,17752.2,15565.1
2032,WAW,JW,de,14.5177,111.509,92.7522
2032,WAW,JW,ru,2.46403,22.0489,19.5642
2032,WAW,JW,lt,141.765,763.857,439.602
2032,WAW,JH,pl,511.201,7324.91,7836.11
2032,WAW,JH,yi,12782.2,158819,114733
2032,WAW,PR,pl,2097.77,30421.4,32519.2
2032,WAW,PR,de,1874.9,15791.3,13253.8
2032,WAW,PR,lt,66.7178,429.03,252.102
2032,WAW,PR,cs,18.1327,135.533,117.274
2032,WAW,PR,lv,31.9824,239.621,152.509
2032,WAW,OT,pl,784.176,9553.41,10337.6
2032,WAW,OT,lt,7.25102,38.7026,21.1926
2032,WAW,OT,kdr,1.51347,13.0674,11.8851
2032,WAW,OT,oth,117.272,6807.07,2048.95
2032,WAR,RC,pl,769935,1.2375e+06,2.00743e+06
2032,WAR,RC,uk,6.93832,26.6504,26.0371
2032,WAR,RC,be,132.81,377.245,430.687
2032,WAR,RC,pls,83.8444,279.005,306.474
2032,WAR,RC,de,1344.35,2433.24,2874.28
2032,WAR,RC,ru,0.442142,1.5565,1.63411
2032,WAR,RC,lt,2033.91,8104.55,5849.75
2032,WAR,RC,csb,762.242,2644.02,2903.9
2032,WAR,RC,cs,120.239,430.863,411.511
2032,WAR,RC,rom,1316.25,2310.34,2864.57
2032,WAR,RC,wym,0.304755,0.875212,1.00182
2032,WAR,RC,oth,1144.19,1075.45,1894.77
2032,WAR,GC,pl,2116.76,10372.2,12489
2032,WAR,GC,uk,5878.95,23253.7,22889.5
2032,WAR,GC,rue,275.117,1112.09,1140.4
2032,WAR,OR,pl,20951,87734.4,108685
2032,WAR,OR,uk,12693.1,47998.8,46739.9
2032,WAR,OR,be,4497.49,15201.3,16359.5
2032,WAR,OR,pls,2260.45,6496.1,7398.09
2032,WAR,OR,ru,3820.43,6326.06,8189.82
2032,WAR,OR,lt,8.63614,33.0662,18.5583
2032,WAR,OR,rue,14.158,53.0827,55.034
2032,WAR,OR,cs,98.6508,361.639,337.105
2032,WAR,JW,pl,16222.2,80242.3,96464.5
2032,WAR,JW,yi,4995.96,8872.66,10420.4
2032,WAR,JW,de,20.6063,73.3587,68.9109
2032,WAR,JW,ru,2.21612,8.0222,8.03786
2032,WAR,JW,lt,66.4977,255.548,155.07
2032,WAR,JH,pl,1126.22,4873.13,5999.35
2032,WAR,JH,yi,27228.5,94949.9,79510.8
2032,WAR,PR,pl,8773.01,18532.2,27305.2
2032,WAR,PR,de,9693.69,15117.8,18706.2
2032,WAR,PR,lt,35.8585,149.589,94.5894
2032,WAR,PR,cs,12.8941,49.6754,47.4767
2032,WAR,PR,lv,21.7088,88.8697,62.4526
2032,WAR,OT,pl,1058.59,3380.68,4439.27
2032,WAR,OT,lt,3.35112,13.2153,7.64028
2032,WAR,OT,kdr,1.20991,4.76486,4.84507
2032,WAR,OT,oth,191.85,1689.46,710.69
2032,LOD,RC,pl,747792,1.4914e+06,2.23919e+06
2032,LOD,RC,uk,13.2065,47.4258,47.0345
2032,LOD,RC,be,250.987,657.736,767.535
2032,LOD,RC,pls,155.767,473.869,532.488
2032,LOD,RC,de,2712.06,5170.95,6040.38
2032,LOD,RC,ru,0.765441,2.48753,2.66384
2032,LOD,RC,lt,3739.87,13780.4,10215
2032,LOD,RC,csb,1150.25,3686.14,4127.63
2032,LOD,RC,cs,218.581,718.831,701.899
2032,LOD,RC,rom,1250.4,2971.73,3327.71
2032,LOD,RC,wym,0.598712,1.6108,1.8759
2032,LOD,RC,oth,1392.15,1371.84,2364.63
2032,LOD,GC,pl,3773.11,16924.5,20697.6
2032,LOD,GC,uk,10513.5,39900.3,39872.9
2032,LOD,GC,rue,526.786,1898.64,2007.31
2032,LOD,OR,pl,35416.9,144098,179515
2032,LOD,OR,uk,22235,83819.5,81596.1
2032,LOD,OR,be,8122.25,25850.5,28244
2032,LOD,OR,pls,3991.51,10723.1,12440.7
2032,LOD,OR,ru,2510.14,6969.05,7588.4
2032,LOD,OR,lt,14.8411,54.4746,31.0278
2032,LOD,OR,rue,25.3097,89.7765,94.3185
2032,LOD,OR,cs,171.926,596.664,563.947
2032,LOD,JW,pl,23642.3,139409,163052
2032,LOD,JW,yi,6498.79,14395,15837.8
2032,LOD,JW,de,51.5712,368.626,319.255
2032,LOD,JW,ru,3.01425,11.3175,11.2587
2032,LOD,JW,lt,117.694,434.155,269.135
2032,LOD,JH,pl,1377.43,6982.46,8359.89
2032,LOD,JH,yi,33997,149478,120998
2032,LOD,PR,pl,23563.2,48918.8,72482
2032,LOD,PR,de,19540.6,39261.9,44359.2
2032,LOD,PR,lt,61.1385,253.47,162.23
2032,LOD,PR,cs,23.2552,87.242,83.2749
2032,LOD,PR,lv,38.5139,155.186,110.141
2032,LOD,OT,pl,1553.13,5578.86,7131.99
2032,LOD,OT,lt,6.01781,22.2866,13.1906
2032,LOD,OT,kdr,2.30723,8.37212,8.64369
2032,LOD,OT,oth,225.653,3292.95,1201.35
2032,KIE,RC,pl,1.08229e+06,1.71341e+06,2.7957e+06
2032,KIE,RC,uk,9.77771,37.7505,36.7059
2032,KIE,RC,be,173.895,490.565,560.194
2032,KIE,RC,pls,109.786,361.722,397.525
2032,KIE,RC,de,839.742,2303.98,2393.13
2032,KIE,RC,ru,0.546366,1.91584,2.00792
2032,KIE,RC,lt,2652.88,10328.1,7463.66
2032,KIE,RC,csb,782.848,2679.87,2941.29
2032,KIE,RC,cs,168.868,597.526,570.744
2032,KIE,RC,rom,1729.94,3125.31,3813.65
2032,KIE,RC,wym,0.553305,1.52994,1.76789
2032,KIE,RC,oth,1183,1224.77,2050.08
2032,KIE,GC,pl,3053.51,15156.7,18210.3
2032,KIE,GC,uk,7967.39,33504.7,32840.8
2032,KIE,GC,rue,456.194,1831.21,1894.33
2032,KIE,OR,pl,27015,115572,142587
2032,KIE,OR,uk,17648.7,68149.8,66078.7
2032,KIE,OR,be,6089.26,20055.1,21709.8
2032,KIE,OR,pls,2996.44,8478.15,9689.74
2032,KIE,OR,ru,2889.48,6475.97,7501.12
2032,KIE,OR,lt,11.1319,42.3799,23.9756
2032,KIE,OR,rue,22.8316,81.5475,85.4517
2032,KIE,OR,cs,144.135,516.271,483.79
2032,KIE,JW,pl,22062.9,125195,147258
2032,KIE,JW,yi,7329.56,14264.9,16298.7
2032,KIE,JW,de,13.8828,61.944,55.4963
2032,KIE,JW,ru,2.22124,9.25137,8.9857
2032,KIE,JW,lt,82.5839,339.729,205.641
2032,KIE,JH,pl,1626.58,7197.12,8823.71
2032,KIE,JH,yi,40087.6,150324,123865
2032,KIE,PR,pl,3164.25,14001.1,17165.4
2032,KIE,PR,de,3979.76,10499.3,10840.5
2032,KIE,PR,lt,43.8045,188.379,119.442
2032,KIE,PR,cs,17.7363,70.9572,67.118
2032,KIE,PR,lv,27.7199,117.585,82.3761
2032,KIE,OT,pl,1433.68,4865.9,6299.58
2032,KIE,OT,lt,4.26098,17.1851,9.94617
2032,KIE,OT,kdr,1.61387,6.55147,6.60734
2032,KIE,OT,oth,254.059,2544.12,1032.09
2032,LUB,RC,pl,1.02702e+06,1.64595e+06,2.67297e+06
2032,LUB,RC,uk,16.7917,67.1494,64.2467
2032,LUB,RC,be,304.977,581.625,743.792
2032,LUB,RC,pls,120.961,397.392,433.501
2032,LUB,RC,de,952.768,2089.31,2266.06
2032,LUB,RC,ru,0.571745,1.94979,2.03843
2032,LUB,RC,lt,2483.19,9611.7,6782.4
2032,LUB,RC,csb,605.834,2065.58,2245.6
2032,LUB,RC,cs,198.235,690.956,655.904
2032,LUB,RC,rom,1524.94,2825.34,3357.62
2032,LUB,RC,wym,0.389663,1.08857,1.24955
2032,LUB,RC,oth,129.129,391.49,441.485
2032,LUB,GC,pl,5097.34,19144.4,24241.7
2032,LUB,GC,uk,26519.4,69136.5,75048.7
2032,LUB,GC,rue,386.756,1528.94,1576.16
2032,LUB,OR,pl,205649,279082,484731
2032,LUB,OR,uk,126024,192580,239839
2032,LUB,OR,be,8539.02,22044.2,24946.2
2032,LUB,OR,pls,4020.96,10072.3,11751
2032,LUB,OR,ru,5860.98,8745.33,11393.5
2032,LUB,OR,lt,11.8301,41.1308,23.2542
2032,LUB,OR,rue,32.1553,89.8953,98.0146
2032,LUB,OR,cs,207.676,614.618,591.455
2032,LUB,JW,pl,17822.9,90432.7,108256
2032,LUB,JW,yi,6090.09,11747.6,13463.9
2032,LUB,JW,de,11.1516,47.5157,42.77
2032,LUB,JW,ru,2.22488,9.02241,8.7845
2032,LUB,JW,lt,70.5394,305.006,175.181
2032,LUB,JH,pl,1346.31,5885.71,7232.02
2032,LUB,JH,yi,33667.1,116469,96732.1
2032,LUB,PR,pl,8289.19,20520.2,28809.4
2032,LUB,PR,de,4171.98,10276.3,10783.7
2032,LUB,PR,lt,36.8385,171.411,103.173
2032,LUB,PR,cs,18.1685,80.814,74.775
2032,LUB,PR,lv,22.8917,106.401,70.6474
2032,LUB,OT,pl,1394.59,4553.58,5948.17
2032,LUB,OT,lt,3.78332,15.7896,8.72785
2032,LUB,OT,kdr,1.38577,5.90134,5.88558
2032,LUB,OT,oth,89.37,1992.31,637.772
2032,BIA,RC,pl,418361,783499,1.20186e+06
2032,BIA,RC,uk,6.62776,25.8264,24.8889
2032,BIA,RC,be,2234.69,1902.66,3490.43
2032,BIA,RC,pls,81.2973,273.701,297.894
2032,BIA,RC,de,414.621,1104.19,1143.08
2032,BIA,RC,ru,7.52454,8.09119,12.8243
2032,BIA,RC,lt,5789.76,12821.3,11826.8
2032,BIA,RC,csb,387.399,1393.49,1503.26
2032,BIA,RC,cs,107.482,389.891,367.201
2032,BIA,RC,rom,624.349,1459.26,1620.88
2032,BIA,RC,wym,0.221937,0.632764,0.723688
2032,BIA,RC,oth,185.633,331.736,439.333
2032,BIA,GC,pl,1596.83,7814.37,9411.2
2032,BIA,GC,uk,4482.31,18826.2,18335.8
2032,BIA,GC,rue,205.504,830.37,852.222
2032,BIA,OR,pl,169932,260493,430425
2032,BIA,OR,uk,13848.3,47742.3,47174.8
2032,BIA,OR,be,92999.7,95536.3,155472
2032,BIA,OR,pls,2415.8,6914.87,7852.14
2032,BIA,OR,ru,17558.3,19954.9,30244.1
2032,BIA,OR,lt,13.8985,45.6644,29.0924
2032,BIA,OR,rue,11.9212,43.9818,45.444
2032,BIA,OR,cs,93.3584,340.898,314.997
2032,BIA,JW,pl,12383.4,65655.7,78039.1
2032,BIA,JW,yi,4622.77,9095.78,10331.9
2032,BIA,JW,de,7.70163,32.2942,28.7548
2032,BIA,JW,ru,9.11786,27.0574,28.6097
2032,BIA,JW,lt,75.2479,310.849,187.927
2032,BIA,JH,pl,927.81,3830.78,4758.59
2032,BIA,JH,yi,24523.3,85484,71040.3
2032,BIA,PR,pl,2650.05,8510.71,11160.8
2032,BIA,PR,de,2278.5,5791.05,5986.86
2032,BIA,PR,lt,39.4889,174.228,110.711
2032,BIA,PR,cs,11.1125,45.5066,42.674
2032,BIA,PR,lv,23.0795,101.045,70.374
2032,BIA,OT,pl,1546.01,3662.22,5208.23
2032,BIA,OT,lt,3.84589,15.4585,8.89198
2032,BIA,OT,kdr,1.22699,4.96116,5.00374
2032,BIA,OT,oth,143.597,1297.99,539.671
2032,WIL,RC,pl,226501,465791,692292
2032,WIL,RC,uk,3.61019,14.4446,13.8387
2032,WIL,RC,be,4177.84,3242.65,6277.82
2032,WIL,RC,pls,59.6667,172.643,194.919
2032,WIL,RC,de,145.971,525.389,504.586
2032,WIL,RC,ru,18.3361,19.8552,31.5096
2032,WIL,RC,lt,17598.5,27363.1,31358.3
2032,WIL,RC,csb,200.902,768.462,817.423
2032,WIL,RC,cs,61.0385,234.066,217.362
2032,WIL,RC,rom,414.455,938.58,1055.29
2032,WIL,RC,oth,185.157,276.648,392.026
2032,WIL,GC,pl,798.429,4031.77,4830.2
2032,WIL,GC,uk,2150.84,9448.14,9087.05
2032,WIL,GC,rue,105.646,449.839,455.425
2032,WIL,OR,pl,108056,185842,293899
2032,WIL,OR,uk,6023.06,24475,23273.8
2032,WIL,OR,be,97647.1,105961,167850
2032,WIL,OR,pls,2677.79,5082.63,6515.87
2032,WIL,OR,ru,15816.8,19510.9,28527.6
2032,WIL,OR,lt,47.8858,93.1799,86.9084
2032,WIL,OR,rue,6.00681,23.5196,23.9983
2032,WIL,OR,cs,52.3583,200.616,183.072
2032,WIL,JW,pl,5937.2,30381.1,36318.2
2032,WIL,JW,yi,2269.63,4718.91,5268.67
2032,WIL,JW,de,3.48642,14.6247,12.7944
2032,WIL,JW,ru,6.61073,21.8545,22.5969
2032,WIL,JW,lt,94.917,378.866,247.257
2032,WIL,JH,pl,427.385,1899.49,2326.87
2032,WIL,JH,yi,11383.8,39273.7,32780
2032,WIL,PR,pl,1179.34,4234.93,5414.28
2032,WIL,PR,de,679.019,2533.62,2347.3
2032,WIL,PR,lt,41.8833,195.218,125.722
2032,WIL,PR,cs,6.17898,26.2795,24.3875
2032,WIL,PR,lv,19.5532,89.6614,62.4221
2032,WIL,OT,pl,1266.23,2871.21,4137.45
2032,WIL,OT,lt,4.86749,18.6008,11.6015
2032,WIL,OT,kdr,26.3536,41.96,56.1266
2032,WIL,OT,oth,112.78,851.142,388.717
2032,NOW,RC,pl,208923,432382,641305
2032,NOW,RC,uk,4.39285,18.1191,17.1845
2032,NOW,RC,be,2813.95,2744.39,4639.41
2032,NOW,RC,pls,47.9722,174.498,185.469
2032,NOW,RC,de,123.841,497.509,462.883
2032,NOW,RC,ru,3.05004,4.5235,6.1298
2032,NOW,RC,lt,1533.02,5496.5,3924.41
2032,NOW,RC,csb,189.861,733.29,773.501
2032,NOW,RC,cs,72.4572,280.86,258.375
2032,NOW,RC,rom,513.099,1054.02,1208.99
2032,NOW,RC,oth,39.4926,139.713,151.392
2032,NOW,GC,pl,894.415,4571.57,5465.99
2032,NOW,GC,uk,2492.67,11216.5,10695.2
2032,NOW,GC,rue,109.77,477.864,479.547
2032,NOW,OR,pl,306019,390044,696064
2032,NOW,OR,uk,8686.29,31234.2,30163.3
2032,NOW,OR,be,263370,251655,408242
2032,NOW,OR,pls,1682.95,4769.95,5362.38
2032,NOW,OR,ru,9907.76,11618.9,16719
2032,NOW,OR,lt,6.70601,24.8769,13.521
2032,NOW,OR,rue,8.1922,27.3431,28.4615
2032,NOW,OR,cs,73.5728,251.211,231.618
2032,NOW,JW,pl,6067.9,27213.3,33281.2
2032,NOW,JW,yi,2268.06,4204.88,4865.47
2032,NOW,JW,de,3.00052,13.0354,11.3118
2032,NOW,JW,ru,2.52713,7.81978,8.04001
2032,NOW,JW,lt,38.0943,164.503,89.3571
2032,NOW,JH,pl,431.939,1812.98,2244.92
2032,NOW,JH,yi,11297,35028.3,29479
2032,NOW,PR,pl,1275.34,4283.78,5559.13
2032,NOW,PR,de,454.381,2130.5,1872.13
2032,NOW,PR,lt,19.4803,91.3997,52.4552
2032,NOW,PR,cs,6.84345,30.8672,28.1956
2032,NOW,PR,lv,12.3033,57.9807,36.7363
2032,NOW,OT,pl,924.366,2284.39,3208.76
2032,NOW,OT,lt,2.04694,8.712,4.54252
2032,NOW,OT,kdr,0.648024,2.83325,2.78636
2032,NOW,OT,oth,36.8114,751.365,234.895
2032,POL,RC,pl,202471,478137,680609
2032,POL,RC,uk,9.20498,35.7435,34.0584
2032,POL,RC,be,706.528,962.624,1371.6
2032,POL,RC,pls,4148.57,4591.96,7075.64
2032,POL,RC,de,221.594,774.063,731.839
2032,POL,RC,ru,1.88532,3.25364,4.07339
2032,POL,RC,lt,1657.74,6128.63,4110.68
2032,POL,RC,csb,335.188,1135.85,1220.06
2032,POL,RC,cs,115.205,401.87,373.567
2032,POL,RC,rom,537.937,1241.91,1346.17
2032,POL,RC,wym,0.198036,0.562912,0.638147
2032,POL,RC,oth,187.631,345.648,439.429
2032,POL,GC,pl,1873.35,7737.92,9611.27
2032,POL,GC,uk,6822.58,25173.7,24465.1
2032,POL,GC,rue,221.666,798.919,817.825
2032,POL,OR,pl,735392,1.04161e+06,1.777e+06
2032,POL,OR,uk,77150.2,132568,153965
2032,POL,OR,be,56081.5,73040.9,101077
2032,POL,OR,pls,390759,375274,613289
2032,POL,OR,ru,13300.3,17937.2,23786.1
2032,POL,OR,lt,8.17218,30.2124,15.7572
2032,POL,OR,rue,13.7067,44.5947,46.0231
2032,POL,OR,cs,108.722,365.439,332.457
2032,POL,JW,pl,6444.25,38723.2,45167.5
2032,POL,JW,yi,1975.99,5749.36,5800.19
2032,POL,JW,de,4.10985,19.4117,16.6023
2032,POL,JW,ru,2.48672,11.8621,11.3306
2032,POL,JW,lt,44.1181,203.648,105.795
2032,POL,JH,pl,431.332,2675.3,3106.63
2032,POL,JH,yi,10506.3,51840.6,39675.6
2032,POL,PR,pl,2538.84,8335.43,10874.3
2032,POL,PR,de,659.818,3149.56,2759.9
2032,POL,PR,lt,23.0606,109.41,60.1021
2032,POL,PR,cs,9.29833,42.908,38.8839
2032,POL,PR,lv,13.9387,66.3512,40.4894
2032,POL,OT,pl,1900.21,4644.67,6544.89
2032,POL,OT,lt,2.52503,10.9447,5.56846
2032,POL,OT,kdr,0.820867,3.4894,3.41094
2032,POL,OT,oth,127.542,1231.08,480.555
2032,WOL,RC,pl,307187,689197,996384
2032,WOL,RC,uk,878.63,1254,1555.84
2032,WOL,RC,be,151.636,394.945,449.24
2032,WOL,RC,pls,87.7658,300.54,318.17
2032,WOL,RC,de,1820.23,2985.26,3389.91
2032,WOL,RC,ru,0.598433,1.93404,2.00056
2032,WOL,RC,lt,1806.16,7050.71,4557.89
2032,WOL,RC,csb,374.775,1330.34,1404.43
2032,WOL,RC,cs,6988.55,8384.28,10704.8
2032,WOL,RC,rom,1179.71,2247.61,2568.3
2032,WOL,RC,wym,0.242172,0.722013,0.800355
2032,WOL,RC,oth,553.905,794.383,1096.23
2032,WOL,GC,pl,2958.01,13531.5,16489.5
2032,WOL,GC,uk,28376.1,107074,102616
2032,WOL,GC,rue,325.083,1192.38,1210.84
2032,WOL,OR,pl,104685,219828,324513
2032,WOL,OR,uk,1.51848e+06,1.84453e+06,2.43929e+06
2032,WOL,OR,be,6387.3,18057.6,19547.5
2032,WOL,OR,pls,2687.59,7932.38,8700.92
2032,WOL,OR,ru,17326,22671.4,30455.4
2032,WOL,OR,lt,8.90404,33.4322,16.6784
2032,WOL,OR,rue,22.6443,73.5559,75.9068
2032,WOL,OR,cs,9518.74,10798.5,13719.3
2032,WOL,JW,pl,9911.08,58533,68444.1
2032,WOL,JW,yi,3779.49,9330.35,9750.27
2032,WOL,JW,de,15.6228,61.7764,55.6462
2032,WOL,JW,ru,4.36484,16.8802,16.5883
2032,WOL,JW,lt,51.2049,231.908,118.017
2032,WOL,JH,pl,749.08,4172.27,4921.35
2032,WOL,JH,yi,19553.8,84404.8,65414.8
2032,WOL,PR,pl,4820.58,15741.7,20562.3
2032,WOL,PR,de,7502.05,16844.9,17811.4
2032,WOL,PR,lt,25.0676,123.62,65.2541
2032,WOL,PR,cs,611.267,1070.99,1234.78
2032,WOL,PR,lv,15.4544,77.1023,44.9001
2032,WOL,OT,pl,7288.66,15663.7,22952.3
2032,WOL,OT,lt,2.71335,12.2163,5.94469
2032,WOL,OT,kdr,4.90228,11.2762,12.8836
2032,WOL,OT,oth,288.375,2099.53,935.47
2032,POZ,RC,pl,587505,1.1728e+06,1.76031e+06
2032,POZ,RC,uk,9.03286,32.64,32.3978
2032,POZ,RC,be,172.473,466.931,541.713
2032,POZ,RC,pls,107.287,336.085,375.678
2032,POZ,RC,de,4302.01,5760.64,7729.32
2032,POZ,RC,ru,0.527703,1.74156,1.86145
2032,POZ,RC,lt,2595.75,9763.68,7201.83
2032,POZ,RC,csb,997.858,3298.48,3680.93
2032,POZ,RC,cs,151.671,510.785,497.554
2032,POZ,RC,rom,616.188,1938.52,2016.8
2032,POZ,RC,wym,0.445346,1.21567,1.4162
2032,POZ,RC,oth,141.528,421.373,485.009
2032,POZ,GC,pl,2561.97,12018.9,14580.9
2032,POZ,GC,uk,6954.69,27486.4,27258.9
2032,POZ,GC,rue,370.937,1404.15,1469.7
2032,POZ,OR,pl,22163.8,97714.1,119878
2032,POZ,OR,uk,14598.2,56868.8,55517.7
2032,POZ,OR,be,5398.62,18037.1,19641.2
2032,POZ,OR,pls,2689.99,7585.84,8726.45
2032,POZ,OR,ru,1224.56,4446.5,4562.37
2032,POZ,OR,lt,10.3763,38.2311,21.9227
2032,POZ,OR,rue,16.5539,62.1151,65.1453
2032,POZ,OR,cs,116.071,417.779,396.214
2032,POZ,JW,pl,13969.8,59519.3,73489.1
2032,POZ,JW,yi,2105.06,4823.79,5274.77
2032,POZ,JW,de,39.8909,138.572,131.187
2032,POZ,JW,ru,2.01531,6.66923,6.84934
2032,POZ,JW,lt,87.0655,310.154,195.336
2032,POZ,JH,pl,524.512,2640.14,3164.65
2032,POZ,JH,yi,10459.1,39650.8,32653.9
2032,POZ,PR,pl,15806.7,31923.2,47730
2032,POZ,PR,de,32433.7,42260.8,56657.9
2032,POZ,PR,lt,46.9149,181.295,118.155
2032,POZ,PR,cs,16.8141,59.6547,58.3317
2032,POZ,PR,lv,28.0802,106.162,76.8449
2032,POZ,OT,pl,2102.19,5024.07,7126.27
2032,POZ,OT,lt,4.3653,16.111,9.5571
2032,POZ,OT,kdr,1.61453,5.9063,6.09579
2032,POZ,OT,oth,96.471,2714.33,880.223
2032,POM,RC,pl,397494,816398,1.21389e+06
2032,POM,RC,uk,7.97661,28.8224,28.4127
2032,POM,RC,be,152.003,396.542,463.555
2032,POM,RC,pls,92.2215,281.798,315.435
2032,POM,RC,de,3185.22,4128.2,5571.8
2032,POM,RC,ru,0.458939,1.49773,1.59557
2032,POM,RC,lt,2305.43,8439.42,6129.81
2032,POM,RC,csb,47480,26866,62787.7
2032,POM,RC,cs,128.732,423.485,412.012
2032,POM,RC,rom,518.821,1579.12,1642.1
2032,POM,RC,wym,0.359552,0.923163,1.09251
2032,POM,RC,oth,336.858,487.759,706.496
2032,POM,GC,pl,2085.05,9476.55,11561.6
2032,POM,GC,uk,5985.33,23175.3,23066.9
2032,POM,GC,rue,293.309,1084.38,1140.19
2032,POM,OR,pl,19237.7,82397.1,101635
2032,POM,OR,uk,13141.8,49855.1,48579.7
2032,POM,OR,be,4876.05,15844.1,17242.6
2032,POM,OR,pls,2350.71,6462.61,7450.69
2032,POM,OR,ru,1085.91,3805.74,3900.42
2032,POM,OR,lt,9.46496,34.7121,19.6128
2032,POM,OR,rue,14.342,51.7521,54.2985
2032,POM,OR,cs,100.314,351.838,332.462
2032,POM,JW,pl,11089.4,46913.8,58003.2
2032,POM,JW,yi,1817.23,4160.68,4528.67
2032,POM,JW,de,31.446,109.765,103.675
2032,POM,JW,ru,1.67339,5.70732,5.78233
2032,POM,JW,lt,75.4255,272.939,167.266
2032,POM,JH,pl,447.58,2159.74,2607.32
2032,POM,JH,yi,9246.34,33852.1,27880
2032,POM,PR,pl,9923.61,20495.9,30419.5
2032,POM,PR,de,21832.2,28236.8,37870.1
2032,POM,PR,lt,41.5388,160.36,102.586
2032,POM,PR,cs,13.9384,49.0759,47.914
2032,POM,PR,lv,24.0802,90.2643,64.1836
2032,POM,OT,pl,679.862,2835.68,3515.54
2032,POM,OT,lt,3.89292,14.1749,8.27222
2032,POM,OT,kdr,1.36029,4.82292,4.99823
2032,POM,OT,oth,83.2811,1996.83,653.957
2032,SLA,RC,pl,534080,1.07174e+06,1.60582e+06
2032,SLA,RC,uk,14.7643,51.5743,51.1381
2032,SLA,RC,be,217.308,538.551,638.123
2032,SLA,RC,pls,139.939,399.05,454.831
2032,SLA,RC,de,10881.6,9334.17,15457
2032,SLA,RC,ru,0.652109,1.98649,2.15367
2032,SLA,RC,lt,3186.65,11096,8197.21
2032,SLA,RC,csb,959.5,2901.01,3285.8
2032,SLA,RC,cs,212.599,656.647,648.423
2032,SLA,RC,rom,836.545,2413.48,2542.02
2032,SLA,RC,wym,0.773108,1.88558,2.26319
2032,SLA,RC,oth,303.007,549.049,731.013
2032,SLA,GC,pl,4170.05,17566.1,21736.2
2032,SLA,GC,uk,12700.6,45111.9,46095.6
2032,SLA,GC,rue,637.877,2132.66,2311.11
2032,SLA,OR,pl,27929.9,114503,142433
2032,SLA,OR,uk,23179.9,84315.4,82941.3
2032,SLA,OR,be,6710.86,20721.9,22876.5
2032,SLA,OR,pls,3380.15,8841.5,10349.7
2032,SLA,OR,ru,1510.86,5051.2,5245.31
2032,SLA,OR,lt,12.3876,43.6465,24.7336
2032,SLA,OR,rue,26.068,88.6785,94.7445
2032,SLA,OR,cs,159.8,533.54,510.823
2032,SLA,JW,pl,18806.8,74782.4,93589.2
2032,SLA,JW,yi,2952.18,6248.22,7013.95
2032,SLA,JW,de,35.1896,113.067,110.09
2032,SLA,JW,ru,2.52645,7.87863,8.17708
2032,SLA,JW,lt,103.4,355.578,222.049
2032,SLA,JH,pl,689.705,3238.56,3928.27
2032,SLA,JH,yi,14577.4,51178.4,42918.6
2032,SLA,PR,pl,19845.5,26548.2,46393.7
2032,SLA,PR,de,7442.87,15571.8,17308.3
2032,SLA,PR,lt,53.7078,197.556,127.676
2032,SLA,PR,cs,23.582,76.8937,76.0196
2032,SLA,PR,lv,33.5915,118.375,85.2927
2032,SLA,OT,pl,2687.9,5442.21,8130.11
2032,SLA,OT,lt,5.06156,18.0876,10.6748
2032,SLA,OT,kdr,2.01739,6.71845,7.10533
2032,SLA,OT,oth,219.13,3621.02,1240.19
2032,KRA,RC,pl,627469,1.08368e+06,1.71115e+06
2032,KRA,RC,uk,8.15723,31.1843,30.4434
2032,KRA,RC,be,123,343.952,394.533
2032,KRA,RC,pls,81.5691,266.799,294.118
2032,KRA,RC,de,1157.81,2118.09,2492.78
2032,KRA,RC,ru,0.381428,1.31959,1.38849
2032,KRA,RC,lt,1842.23,7239.12,5245.12
2032,KRA,RC,csb,504.636,1767.93,1930.95
2032,KRA,RC,cs,130.967,461.899,442.26
2032,KRA,RC,rom,2074.2,3028.79,4032.69
2032,KRA,RC,wym,25.756,13.8725,33.7724
2032,KRA,RC,oth,332.26,485.131,699.265
2032,KRA,GC,pl,14636.2,27582.5,42218.7
2032,KRA,GC,uk,7202.63,30507.1,29707.7
2032,KRA,GC,rue,21287.8,18508.8,32559.2
2032,KRA,OR,pl,17655.3,81531,99186.3
2032,KRA,OR,uk,13392.3,54190.4,52061.1
2032,KRA,OR,be,4023.59,13955.3,14933.4
2032,KRA,OR,pls,2097.29,6076.88,6912.58
2032,KRA,OR,ru,941.029,3551.47,3576.47
2032,KRA,OR,lt,7.58074,29.1047,16.3667
2032,KRA,OR,rue,23.5187,91.1583,93.742
2032,KRA,OR,cs,103.691,388.987,360.987
2032,KRA,JW,pl,13976.9,73986.9,87963.7
2032,KRA,JW,yi,3421.71,6794.28,7718.15
2032,KRA,JW,de,9.42708,37.3385,34.2508
2032,KRA,JW,ru,1.43741,5.4273,5.39542
2032,KRA,JW,lt,60.7043,231.898,143.048
2032,KRA,JH,pl,794.145,4034.8,4828.94
2032,KRA,JH,yi,18462.7,69662.6,57684.4
2032,KRA,PR,pl,2049.4,8973.12,11022.5
2032,KRA,PR,de,2133.73,6198.7,6237.75
2032,KRA,PR,lt,31.7685,127.203,81.6553
2032,KRA,PR,cs,14.3907,53.7254,51.658
2032,KRA,PR,lv,20.0616,79.4137,56.4245
2032,KRA,OT,pl,640.223,2905.15,3545.37
2032,KRA,OT,lt,3.04897,11.72,6.83808
2032,KRA,OT,kdr,1.19616,4.62898,4.72413
2032,KRA,OT,oth,76.8808,1584.83,541.859
2032,LWO,RC,pl,492076,1.0541e+06,1.54618e+06
2032,LWO,RC,uk,41.903,166.644,160.732
2032,LWO,RC,be,166.74,470.769,536.115
2032,LWO,RC,pls,121.227,400.091,438.218
2032,LWO,RC,de,1071.64,2217.38,2480.08
2032,LWO,RC,ru,0.522381,1.8137,1.89709
2032,LWO,RC,lt,2362.13,9330.37,6617.07
2032,LWO,RC,csb,562.593,2012.7,2177.19
2032,LWO,RC,cs,251.796,890.32,848.442
2032,LWO,RC,rom,1935.49,3306.33,4114.35
2032,LWO,RC,wym,0.465113,1.27841,1.47274
2032,LWO,RC,oth,800.31,890.928,1436.87
2032,LWO,GC,pl,80645,109852,190497
2032,LWO,GC,uk,392752,429991,646856
2032,LWO,GC,rue,18558.7,15677.8,28041.8
2032,LWO,OR,pl,29299,122117,151416
2032,LWO,OR,uk,63027.6,241084,235767
2032,LWO,OR,be,5738.84,19543.8,20931
2032,LWO,OR,pls,3201.33,9238.49,10469.9
2032,LWO,OR,ru,1388.98,5104.47,5162.21
2032,LWO,OR,lt,10.0316,37.508,20.6334
2032,LWO,OR,rue,1708.69,1325.55,2459.54
2032,LWO,OR,cs,205.396,746.606,697.149
2032,LWO,JW,pl,23536.4,122710,146246
2032,LWO,JW,yi,6093.29,11106.1,12965.4
2032,LWO,JW,de,12.4051,46.77,42.8724
2032,LWO,JW,ru,2.0658,7.87116,7.77823
2032,LWO,JW,lt,79.1895,301.252,181.373
2032,LWO,JH,pl,1266.96,5676.27,6943.22
2032,LWO,JH,yi,31798.4,108009,90889.3
2032,LWO,PR,pl,4772.56,13667.9,18440.5
2032,LWO,PR,de,3094.87,8142.29,8348.3
2032,LWO,PR,lt,40.0891,164.208,102.541
2032,LWO,PR,cs,27.917,107.657,102.392
2032,LWO,PR,lv,25.5555,103.763,71.3204
2032,LWO,OT,pl,1987.44,5872.18,7859.62
2032,LWO,OT,lt,4.02598,15.36,8.86048
2032,LWO,OT,kdr,1.82507,7.10898,7.22206
2032,LWO,OT,oth,388.063,2702.23,1231.54
2032,STA,RC,pl,99021.8,282368,381390
2032,STA,RC,uk,20.9636,83.827,79.9557
2032,STA,RC,be,57.3539,164.808,185.651
2032,STA,RC,pls,42.2962,142.673,154.187
2032,STA,RC,de,978.359,1339.9,1721.53
2032,STA,RC,ru,0.187188,0.658783,0.68044
2032,STA,RC,lt,838.4,3282.28,2235.08
2032,STA,RC,csb,197.906,713.128,764.565
2032,STA,RC,cs,88.527,315.928,296.555
2032,STA,RC,rom,654.771,1147.08,1404.91
2032,STA,RC,wym,0.16583,0.452006,0.519317
2032,STA,RC,oth,422.773,447.495,731.902
2032,STA,GC,pl,38204.5,60946.3,99150.8
2032,STA,GC,uk,364574,405659,595531
2032,STA,GC,rue,186.096,762.556,774.221
2032,STA,OR,pl,9026.06,41471.8,50497.8
2032,STA,OR,uk,28722.8,110936,107545
2032,STA,OR,be,2031.38,7077.4,7498.73
2032,STA,OR,pls,1168.23,3526.23,3926.9
2032,STA,OR,ru,495.92,1847.37,1849.07
2032,STA,OR,lt,3.73935,14.145,7.45629
2032,STA,OR,rue,12.4644,46.4164,48.0832
2032,STA,OR,cs,73.7425,272.158,250.754
2032,STA,JW,pl,7225.88,36636.1,43862
2032,STA,JW,yi,2235.65,4503.84,5040.5
2032,STA,JW,de,6.4503,23.1851,21.4156
2032,STA,JW,ru,0.705304,2.764,2.68977
2032,STA,JW,lt,28.522,110.249,63.2852
2032,STA,JH,pl,454.202,2020.57,2474.77
2032,STA,JH,yi,11813.6,41076.9,33879.8
2032,STA,PR,pl,1194.93,4108.09,5303.03
2032,STA,PR,de,2518.52,4350.13,5069.33
2032,STA,PR,lt,14.4405,58.4827,34.6421
2032,STA,PR,cs,9.54568,36.505,34.4429
2032,STA,PR,lv,9.05345,36.298,23.8076
2032,STA,OT,pl,853.574,2240.66,3094.24
2032,STA,OT,lt,1.44716,5.64732,3.0765
2032,STA,OT,kdr,6.58348,10.2935,13.7091
2032,STA,OT,oth,209.009,923.2,514.881
2032,TAR,RC,pl,164182,341255,505438
2032,TAR,RC,uk,17.6078,71.4191,68.0599
2032,TAR,RC,be,54.6169,157.542,177.901
2032,TAR,RC,pls,39.5027,133.919,144.855
2032,TAR,RC,de,269.179,653.88,691.542
2032,TAR,RC,ru,0.179334,0.631201,0.653224
2032,TAR,RC,lt,786.811,3096.45,2113.66
2032,TAR,RC,csb,178.988,650.309,697.663
2032,TAR,RC,cs,88.9411,320.52,301.501
2032,TAR,RC,rom,374.34,856.678,959.565
2032,TAR,RC,wym,0.150308,0.408109,0.471581
2032,TAR,RC,oth,118.564,205.132,274.17
2032,TAR,GC,pl,48688.6,64848.1,113537
2032,TAR,GC,uk,231146,256707,378959
2032,TAR,GC,rue,171.66,688.409,703.973
2032,TAR,OR,pl,8612.12,40642.3,49254.5
2032,TAR,OR,uk,25014.5,99359.9,96087.3
2032,TAR,OR,be,1906.32,6875.39,7243.22
2032,TAR,OR,pls,1072.87,3330.72,3693.73
2032,TAR,OR,ru,460.905,1785.97,1777.54
2032,TAR,OR,lt,3.5183,13.5592,7.13858
2032,TAR,OR,rue,10.7867,42.596,43.7545
2032,TAR,OR,cs,72.4092,278.168,255.239
2032,TAR,JW,pl,7253.39,32673.4,39926.8
2032,TAR,JW,yi,1847.85,3445.77,3978.66
2032,TAR,JW,de,3.56431,13.3598,12.1787
2032,TAR,JW,ru,0.679466,2.51699,2.48676
2032,TAR,JW,lt,27.1642,102.092,58.9346
2032,TAR,JH,pl,376.392,1706.54,2082.93
2032,TAR,JH,yi,9478.69,31405.8,26339.1
2032,TAR,PR,pl,1253.08,3865.09,5118.16
2032,TAR,PR,de,840.402,2439.78,2412.41
2032,TAR,PR,lt,13.7221,55.2598,32.8968
2032,TAR,PR,cs,9.72862,37.3282,35.2426
2032,TAR,PR,lv,8.65936,34.6294,22.7638
2032,TAR,OT,pl,1284.5,2450.83,3735.33
2032,TAR,OT,lt,1.37076,5.21249,2.85706
2032,TAR,OT,kdr,0.576464,2.22629,2.26127
2032,TAR,OT,oth,96.7918,722.626,317.951
2032,LT_KAU,RC,pl,4807.23,9758.29,10296.4
2032,LT_KAU,RC,uk,0.159599,0.583761,0.344738
2032,LT_KAU,RC,be,22.5038,56.6979,60.8284
2032,LT_KAU,RC,pls,2.67834,9.15215,6.71407
2032,LT_KAU,RC,de,18.5922,67.7758,54.9117
2032,LT_KAU,RC,ru,0.203598,0.728646,0.734815
2032,LT_KAU,RC,lt,71973.2,166039,238012
2032,LT_KAU,RC,csb,13.562,48.8584,35.8094
2032,LT_KAU,RC,cs,3.66326,13.0575,8.33945
2032,LT_KAU,RC,rom,252.194,403.956,512.851
2032,LT_KAU,RC,oth,3.07328,10.302,7.94405
2032,LT_KAU,GC,pl,14.2554,55.5204,37.2348
2032,LT_KAU,GC,uk,105.432,404.334,286.353
2032,LT_KAU,GC,lt,4.56788,32.7547,37.3226
2032,LT_KAU,GC,rue,6.40925,24.0447,17.5297
2032,LT_KAU,OR,pl,180.954,687.692,455.468
2032,LT_KAU,OR,uk,250.224,1065.33,669.221
2032,LT_KAU,OR,be,178.555,616.84,476.95
2032,LT_KAU,OR,pls,68.2983,220.27,155.384
2032,LT_KAU,OR,ru,3045.06,5126.87,6632.55
2032,LT_KAU,OR,lt,917.193,3077.34,3994.53
2032,LT_KAU,OR,rue,0.32396,1.22717,0.888701
2032,LT_KAU,OR,cs,2.66785,9.83389,6.20223
2032,LT_KAU,JW,pl,85.9234,386.124,270.758
2032,LT_KAU,JW,yi,440.005,1528.4,1617.92
2032,LT_KAU,JW,de,5.02503,26.3681,23.9305
2032,LT_KAU,JW,ru,2.19518,18.007,16.8488
2032,LT_KAU,JW,lt,1473.33,11591,13064.3
2032,LT_KAU,JH,pl,6.83744,37.7834,27.427
2032,LT_KAU,JH,yi,296.229,1242.7,850.896
2032,LT_KAU,PR,pl,17.7038,65.8173,49.8833
2032,LT_KAU,PR,de,1609.74,3208.84,3645.7
2032,LT_KAU,PR,lt,1236.03,4006.19,5242.21
2032,LT_KAU,PR,cs,0.383704,1.4188,0.95824
2032,LT_KAU,PR,lv,98.3155,360.728,353.134
2032,LT_KAU,OT,pl,166.467,189.091,280.334
2032,LT_KAU,OT,lt,319.337,1025.79,1345.13
2032,LT_KAU,OT,kdr,0.443468,1.63169,1.67664
2032,LT_KAU,OT,oth,236.643,590.803,548.831
2032,LT_LAU,RC,pl,6903.88,9634.71,12082.1
2032,LT_LAU,RC,uk,0.123514,0.493079,0.281437
2032,LT_LAU,RC,be,19.7076,54.54,58.0569
2032,LT_LAU,RC,pls,1.97707,7.55318,5.29287
2032,LT_LAU,RC,de,12.6396,51.005,40.4973
2032,LT_LAU,RC,ru,0.154596,0.596174,0.589697
2032,LT_LAU,RC,lt,145814,218358,364172
2032,LT_LAU,RC,csb,10.0533,40.2173,28.2311
2032,LT_LAU,RC,cs,2.80732,11.0837,6.77791
2032,LT_LAU,RC,rom,43.7837,177.704,166.71
2032,LT_LAU,RC,oth,2.128,8.03294,5.87331
2032,LT_LAU,GC,pl,9.16756,41.0508,25.8849
2032,LT_LAU,GC,uk,72.4198,323.192,217.189
2032,LT_LAU,GC,lt,2.81344,24.5876,27.401
2032,LT_LAU,GC,rue,4.53215,19.7631,13.6575
2032,LT_LAU,OR,pl,126.033,503.31,319.88
2032,LT_LAU,OR,uk,186.865,863.068,524.916
2032,LT_LAU,OR,be,129.432,499.555,370.76
2032,LT_LAU,OR,pls,50.5058,182.972,123.907
2032,LT_LAU,OR,ru,3877.68,4785.24,7010.85
2032,LT_LAU,OR,lt,1110.89,2505.09,3615.98
2032,LT_LAU,OR,rue,0.240048,0.996723,0.697178
2032,LT_LAU,OR,cs,2.0529,8.25619,5.03235
2032,LT_LAU,JW,pl,65.2615,259.33,177.322
2032,LT_LAU,JW,yi,875.107,1490.76,1947.5
2032,LT_LAU,JW,de,3.05578,13.3394,12.3593
2032,LT_LAU,JW,ru,2.34271,8.10071,8.57237
2032,LT_LAU,JW,lt,2122.17,9617.9,11740.1
2032,LT_LAU,JH,pl,6.16389,30.1085,22.1899
2032,LT_LAU,JH,yi,265.634,1012.07,701.764
2032,LT_LAU,PR,pl,10.166,43.9032,30.1549
2032,LT_LAU,PR,de,818.975,2000.84,2120.46
2032,LT_LAU,PR,lt,830.04,3606.18,4436.22
2032,LT_LAU,PR,cs,0.282111,1.198,0.769717
2032,LT_LAU,PR,lv,311,597.645,694.739
2032,LT_LAU,OT,pl,7.56136,26.6646,22.2163
2032,LT_LAU,OT,lt,212.764,540.129,752.893
2032,LT_LAU,OT,kdr,9.07711,9.50848,15.2975
2032,LT_LAU,OT,oth,198.895,451.608,418.526
2032,LT_ZEM,RC,pl,2379.78,5329.01,5254.99
2032,LT_ZEM,RC,uk,0.13113,0.525454,0.299766
2032,LT_ZEM,RC,be,19.8886,56.3156,59.3151
2032,LT_ZEM,RC,pls,2.14229,8.19038,5.77725
2032,LT_ZEM,RC,de,15.4038,61.9379,50.1663
2032,LT_ZEM,RC,ru,0.1278,0.49884,0.489136
2032,LT_ZEM,RC,lt,165112,243491,408604
2032,LT_ZEM,RC,csb,10.98,43.8747,30.9531
2032,LT_ZEM,RC,cs,3.00802,11.8853,7.30772
2032,LT_ZEM,RC,rom,133.548,258.781,301.995
2032,LT_ZEM,RC,oth,2.32815,8.77125,6.46673
2032,LT_ZEM,GC,pl,8.1537,37.5867,24.0138
2032,LT_ZEM,GC,uk,80.7452,372.188,253.531
2032,LT_ZEM,GC,lt,3.27799,30.3305,33.6085
2032,LT_ZEM,GC,rue,5.03832,22.6359,15.8591
2032,LT_ZEM,OR,pl,100.819,433.217,266.78
2032,LT_ZEM,OR,uk,198.869,945.34,572.493
2032,LT_ZEM,OR,be,139.847,548.749,408.338
2032,LT_ZEM,OR,pls,54.3994,200.457,136.183
2032,LT_ZEM,OR,ru,2327.68,3561.78,4757.77
2032,LT_ZEM,OR,lt,737.676,2116.44,2854.11
2032,LT_ZEM,OR,rue,0.258109,1.09502,0.76522
2032,LT_ZEM,OR,cs,2.17981,8.98251,5.46036
2032,LT_ZEM,JW,pl,48.4166,204.526,131.655
2032,LT_ZEM,JW,yi,902.547,1620.92,2077.54
2032,LT_ZEM,JW,de,4.16969,18.1694,16.9473
2032,LT_ZEM,JW,ru,1.52275,6.13709,6.28376
2032,LT_ZEM,JW,lt,2229.19,10301.7,12530.9
2032,LT_ZEM,JH,pl,5.1757,27.627,19.9909
2032,LT_ZEM,JH,yi,280.623,1130.06,780.839
2032,LT_ZEM,PR,pl,7.94616,37.5647,25.1736
2032,LT_ZEM,PR,de,1430.52,2986.46,3337.75
2032,LT_ZEM,PR,lt,2795.1,6144.84,8939.94
2032,LT_ZEM,PR,cs,0.301011,1.31612,0.85213
2032,LT_ZEM,PR,lv,1487.8,1645.13,2385.59
2032,LT_ZEM,OT,pl,5.63816,22.711,18.3254
2032,LT_ZEM,OT,lt,242.521,632.885,875.406
2032,LT_ZEM,OT,kdr,0.443677,1.8739,1.88186
2032,LT_ZEM,OT,oth,232.858,522.662,494.082
2032,LT_SUV,RC,pl,3312.16,6099.92,6508.31
2032,LT_SUV,RC,uk,0.133265,0.530473,0.304289
2032,LT_SUV,RC,be,205.619,134.636,284.477
2032,LT_SUV,RC,pls,2.22142,8.38015,5.95547
2032,LT_SUV,RC,de,15.8464,63.98,50.0057
2032,LT_SUV,RC,ru,0.331533,0.56496,0.710396
2032,LT_SUV,RC,lt,131204,184582,315786
2032,LT_SUV,RC,csb,11.2714,44.6563,31.7855
2032,LT_SUV,RC,cs,3.02504,11.8425,7.32807
2032,LT_SUV,RC,rom,478.14,491.299,761.636
2032,LT_SUV,RC,oth,2.38039,8.8416,6.54983
2032,LT_SUV,GC,pl,9.53408,44.2254,28.6761
2032,LT_SUV,GC,uk,86.8801,402.237,277.448
2032,LT_SUV,GC,lt,3.56578,34.9734,38.5392
2032,LT_SUV,GC,rue,5.32293,23.9578,16.9886
2032,LT_SUV,OR,pl,114.151,486.387,300.405
2032,LT_SUV,OR,uk,208.218,956.795,592.979
2032,LT_SUV,OR,be,141.593,549.887,408.528
2032,LT_SUV,OR,pls,58.2769,210.184,144.463
2032,LT_SUV,OR,ru,1888.41,2687.11,3673.49
2032,LT_SUV,OR,lt,638.925,1777.24,2416.16
2032,LT_SUV,OR,rue,0.272964,1.15219,0.811336
2032,LT_SUV,OR,cs,2.23359,9.12594,5.58491
2032,LT_SUV,JW,pl,56.1594,235.582,153.464
2032,LT_SUV,JW,yi,768.873,1205.43,1611.44
2032,LT_SUV,JW,de,7.82351,24.6638,24.5179
2032,LT_SUV,JW,ru,1.3115,4.80491,4.99298
2032,LT_SUV,JW,lt,1962.49,8324.39,10286.9
2032,LT_SUV,JH,pl,5.93398,30.0916,22.0917
2032,LT_SUV,JH,yi,279.064,1073.61,742.001
2032,LT_SUV,PR,pl,11.2542,47.9879,34.2545
2032,LT_SUV,PR,de,4101.6,5048.51,6847
2032,LT_SUV,PR,lt,1191.67,3827.69,5019.35
2032,LT_SUV,PR,cs,0.31669,1.36604,0.895695
2032,LT_SUV,PR,lv,69.8649,303.955,284.962
2032,LT_SUV,OT,pl,6.48752,24.8003,20.2145
2032,LT_SUV,OT,lt,210.817,502.079,712.896
2032,LT_SUV,OT,kdr,0.317305,1.29456,1.29498
2032,LT_SUV,OT,oth,191.92,391.914,383.622
2032,LT_NEA,RC,pl,5900.23,7752,10047.9
2032,LT_NEA,RC,be,424.097,245.503,565.064
2032,LT_NEA,RC,pls,1.50505,5.76975,4.03761
2032,LT_NEA,RC,de,8.66069,35.0347,27.5639
2032,LT_NEA,RC,ru,4.78477,3.73476,6.86414
2032,LT_NEA,RC,lt,114880,165542,280422
2032,LT_NEA,RC,csb,7.38992,29.5827,20.8566
2032,LT_NEA,RC,cs,2.20228,8.71338,5.2875
2032,LT_NEA,RC,rom,30.7322,124.189,116.48
2032,LT_NEA,RC,oth,1.60842,6.08463,4.45849
2032,LT_NEA,GC,pl,7.09257,30.6133,19.115
2032,LT_NEA,GC,uk,56.2069,240.231,160.038
2032,LT_NEA,GC,lt,2.17724,16.9755,19.1528
2032,LT_NEA,GC,rue,3.44821,14.4491,9.94059
2032,LT_NEA,OR,pl,111.232,423.943,276.333
2032,LT_NEA,OR,uk,147.965,704.118,420.239
2032,LT_NEA,OR,be,110.748,439.345,323.401
2032,LT_NEA,OR,pls,39.2261,145.785,98.3019
2032,LT_NEA,OR,ru,10020.7,9571.52,15658.4
2032,LT_NEA,OR,lt,2261.94,3802.5,6064.43
2032,LT_NEA,OR,rue,0.182689,0.78275,0.53849
2032,LT_NEA,OR,cs,1.63259,6.80821,4.04957
2032,LT_NEA,JW,pl,50.173,191.71,130.973
2032,LT_NEA,JW,yi,807.466,1147.18,1601.76
2032,LT_NEA,JW,de,1.94299,8.35434,7.69364
2032,LT_NEA,JW,ru,6.49477,13.6999,16.4329
2032,LT_NEA,JW,lt,1773.18,6740.52,8513.7
2032,LT_NEA,JH,pl,4.82323,22.2227,16.5256
2032,LT_NEA,JH,yi,210.678,749.791,525.064
2032,LT_NEA,PR,pl,7.14028,31.9065,21.4624
2032,LT_NEA,PR,de,402.161,1190.58,1187.84
2032,LT_NEA,PR,lt,3375.89,5042.67,8418.56
2032,LT_NEA,PR,cs,0.222229,0.939652,0.598917
2032,LT_NEA,PR,lv,1990.47,1827.17,2875.3
2032,LT_NEA,OT,pl,5.87099,19.9996,16.762
2032,LT_NEA,OT,lt,184.102,413.784,597.887
2032,LT_NEA,OT,kdr,0.321171,1.3181,1.33062
2032,LT_NEA,OT,oth,190.26,361.261,368.906
2032,LT_KLA,RC,pl,597.409,2273.56,1665.45
2032,LT_KLA,RC,be,11.8087,30.8652,32.4595
2032,LT_KLA,RC,pls,1.53714,5.22877,3.62243
2032,LT_KLA,RC,de,256.257,293.145,403.435
2032,LT_KLA,RC,lt,28467.8,80613.3,109081
2032,LT_KLA,RC,csb,9.00026,32.1156,22.1211
2032,LT_KLA,RC,cs,2.13751,7.49444,4.54654
2032,LT_KLA,RC,rom,31.9415,114.304,109.536
2032,LT_KLA,RC,oth,1.75301,5.94456,4.26871
2032,LT_KLA,GC,pl,5.80494,22.6069,13.9051
2032,LT_KLA,GC,uk,60.1481,233.07,154.219
2032,LT_KLA,GC,lt,2.17683,16.0767,18.2535
2032,LT_KLA,GC,rue,3.74423,14.2282,9.71472
2032,LT_KLA,OR,pl,67.5035,263.888,156.922
2032,LT_KLA,OR,uk,142.164,629.824,369.397
2032,LT_KLA,OR,be,90.7041,326.528,236.076
2032,LT_KLA,OR,pls,38.053,127.794,84.444
2032,LT_KLA,OR,ru,603.786,1342.39,1558.68
2032,LT_KLA,OR,lt,236.412,969.83,1206.24
2032,LT_KLA,OR,rue,0.186772,0.723809,0.493484
2032,LT_KLA,OR,cs,1.52952,5.73515,3.4211
2032,LT_KLA,JW,pl,33.4864,121.331,73.5398
2032,LT_KLA,JW,yi,171.407,442.037,486.67
2032,LT_KLA,JW,de,26.1159,158.267,140.25
2032,LT_KLA,JW,ru,0.65612,2.36971,2.45495
2032,LT_KLA,JW,lt,801.068,3648.73,4449.8
2032,LT_KLA,JH,pl,2.21499,12.5884,8.59091
2032,LT_KLA,JH,yi,130.591,497.258,316.598
2032,LT_KLA,PR,pl,5.50351,22.5117,14.3043
2032,LT_KLA,PR,de,11077.8,14029.5,18768.7
2032,LT_KLA,PR,lt,10519.7,11179.9,21699.5
2032,LT_KLA,PR,cs,0.216225,0.808403,0.516187
2032,LT_KLA,PR,lv,60.4585,228.389,221.874
2032,LT_KLA,OT,pl,3.45813,12.2793,9.53076
2032,LT_KLA,OT,lt,160.513,435.92,596.432
2032,LT_KLA,OT,kdr,0.264167,0.951588,0.980014
2032,LT_KLA,OT,oth,150.947,365.717,323.975
