year,open,kind,mode,from,to,class,km,cost_M,bcr,source,why
1932,1932,dated,rail,Telšiai,Kretinga,sec,,,,historical: Samogitian railway Telšiai-Kretinga,
1932,1932,dated,rail,Wilno,Kaišiadorys,main,,,,federation: Vilnius-Kaunas line reopened across demarcation line,
1932,1933,upgrade,rail,Ostrów Wielkopolski,Kalisz,main,26.3,15.8,1.75,appraisal,"{'net_M': 27.6, 'local_M': 0.0, 'om_M': 0.0, 'dt_min': 13.8, 'trips_k': 7560, 'rank': 1, 'passed': 6, 'candidates': 559, 'account_M': 270, 'threshold': 1.0, 'state': 0}"
1932,1933,new,rail,Sosnowiec,Mysłowice,sec,7.2,6.1,1.71,appraisal,"{'net_M': 10.4, 'local_M': 0.0, 'om_M': 0.0, 'dt_min': 12.1, 'trips_k': 3547, 'rank': 2, 'passed': 6, 'candidates': 559, 'account_M': 270, 'threshold': 1.0, 'state': 0}"
1932,1933,upgrade,rail,Zgierz,Łęczyca,main,30.5,18.3,1.6,appraisal,"{'net_M': 29.3, 'local_M': 0.0, 'om_M': 0.0, 'dt_min': 16.0, 'trips_k': 9496, 'rank': 3, 'passed': 6, 'candidates': 559, 'account_M': 270, 'threshold': 1.0, 'state': 0}"
1932,1933,upgrade,rail,Łęczyca,Kutno,main,25.1,15.1,1.53,appraisal,"{'net_M': 23.0, 'local_M': 0.0, 'om_M': 0.0, 'dt_min': 13.2, 'trips_k': 7966, 'rank': 4, 'passed': 6, 'candidates': 559, 'account_M': 270, 'threshold': 1.0, 'state': 0}"
1932,1933,upgrade,rail,Koluszki,Tomaszów Mazowiecki,main,30.8,18.5,1.09,appraisal,"{'net_M': 20.1, 'local_M': 0.0, 'om_M': 0.0, 'dt_min': 16.2, 'trips_k': 4771, 'rank': 5, 'passed': 6, 'candidates': 559, 'account_M': 270, 'threshold': 1.0, 'state': 0}"
1932,1933,new,rail,Dąbrowa Górnicza,Mysłowice,sec,11.0,9.4,1.07,appraisal,"{'net_M': 10.0, 'local_M': 0.0, 'om_M': 0.0, 'dt_min': 18.9, 'trips_k': 2422, 'rank': 6, 'passed': 6, 'candidates': 559, 'account_M': 270, 'threshold': 1.0, 'state': 0}"
1932,1933,upgrade,road,Łuck,Dubno,gravel,57.0,5.7,9.97,appraisal,"{'net_M': 0.0, 'local_M': np.float64(56.8), 'om_M': 0.0, 'dt_min': 163.5, 'trips_k': 0, 'rank': 1, 'passed': 505, 'candidates': 646, 'account_M': 225, 'threshold': 1.0, 'state': 0}"
1932,1933,upgrade,road,Łuck,Horochów,gravel,59.6,6.0,9.25,appraisal,"{'net_M': 0.0, 'local_M': np.float64(55.1), 'om_M': 0.0, 'dt_min': 171.0, 'trips_k': 0, 'rank': 2, 'passed': 505, 'candidates': 646, 'account_M': 225, 'threshold': 1.0, 'state': 0}"
1932,1933,upgrade,road,Równe,Dubno,gravel,51.7,5.2,9.24,appraisal,"{'net_M': 0.0, 'local_M': np.float64(47.7), 'om_M': 0.0, 'dt_min': 148.2, 'trips_k': 0, 'rank': 3, 'passed': 505, 'candidates': 646, 'account_M': 225, 'threshold': 1.0, 'state': 0}"
1932,1933,upgrade,road,Warszawa,Skierniewice,paved,80.5,16.1,8.93,appraisal,"{'net_M': 0.0, 'local_M': np.float64(143.8), 'om_M': 0.0, 'dt_min': 105.4, 'trips_k': 0, 'rank': 4, 'passed': 505, 'candidates': 646, 'account_M': 225, 'threshold': 1.0, 'state': 0}"
1932,1933,upgrade,road,Warszawa,Nasielsk,paved,51.6,10.3,8.71,appraisal,"{'net_M': 0.0, 'local_M': np.float64(89.8), 'om_M': 0.0, 'dt_min': 67.5, 'trips_k': 0, 'rank': 5, 'passed': 505, 'candidates': 646, 'account_M': 225, 'threshold': 1.0, 'state': 0}"
1932,1933,upgrade,road,Łuck,Kostopol,gravel,97.6,9.8,8.65,appraisal,"{'net_M': 0.0, 'local_M': np.float64(84.4), 'om_M': 0.0, 'dt_min': 279.9, 'trips_k': 0, 'rank': 6, 'passed': 505, 'candidates': 646, 'account_M': 225, 'threshold': 1.0, 'state': 0}"
1932,1934,upgrade,road,Lida,Alytus,gravel,121.0,12.1,8.4,appraisal,"{'net_M': 0.0, 'local_M': np.float64(101.7), 'om_M': 0.0, 'dt_min': 347.1, 'trips_k': 0, 'rank': 7, 'passed': 505, 'candidates': 646, 'account_M': 225, 'threshold': 1.0, 'state': 0}"
1932,1933,upgrade,road,Wołkowysk,Słonim,gravel,71.3,7.1,8.34,appraisal,"{'net_M': 0.0, 'local_M': np.float64(59.4), 'om_M': 0.0, 'dt_min': 204.4, 'trips_k': 0, 'rank': 8, 'passed': 505, 'candidates': 646, 'account_M': 225, 'threshold': 1.0, 'state': 0}"
1932,1933,upgrade,road,Warszawa,Tłuszcz,paved,44.8,9.0,8.13,appraisal,"{'net_M': 0.0, 'local_M': np.float64(72.8), 'om_M': 0.0, 'dt_min': 58.7, 'trips_k': 0, 'rank': 9, 'passed': 505, 'candidates': 646, 'account_M': 225, 'threshold': 1.0, 'state': 0}"
1932,1933,upgrade,road,Dubno,Horochów,gravel,85.3,8.5,8.07,appraisal,"{'net_M': 0.0, 'local_M': np.float64(68.9), 'om_M': 0.0, 'dt_min': 244.7, 'trips_k': 0, 'rank': 10, 'passed': 505, 'candidates': 646, 'account_M': 225, 'threshold': 1.0, 'state': 0}"
1932,1933,upgrade,road,Dubno,Krzemieniec,gravel,43.4,5.0,7.92,appraisal,"{'net_M': 0.0, 'local_M': np.float64(39.6), 'om_M': 0.0, 'dt_min': 124.5, 'trips_k': 0, 'rank': 11, 'passed': 505, 'candidates': 646, 'account_M': 225, 'threshold': 1.0, 'state': 0}"
1932,1933,upgrade,road,Równe,Kostopol,gravel,39.2,3.9,7.9,appraisal,"{'net_M': 0.0, 'local_M': np.float64(31.0), 'om_M': 0.0, 'dt_min': 112.5, 'trips_k': 0, 'rank': 12, 'passed': 505, 'candidates': 646, 'account_M': 225, 'threshold': 1.0, 'state': 0}"
1932,1933,upgrade,road,Warszawa,Otwock,paved,27.3,5.5,7.86,appraisal,"{'net_M': 0.0, 'local_M': np.float64(42.9), 'om_M': 0.0, 'dt_min': 35.7, 'trips_k': 0, 'rank': 13, 'passed': 505, 'candidates': 646, 'account_M': 225, 'threshold': 1.0, 'state': 0}"
1932,1933,upgrade,road,Baranowicze,Słonim,gravel,56.4,5.6,7.55,appraisal,"{'net_M': 0.0, 'local_M': np.float64(42.6), 'om_M': 0.0, 'dt_min': 161.9, 'trips_k': 0, 'rank': 14, 'passed': 505, 'candidates': 646, 'account_M': 225, 'threshold': 1.0, 'state': 0}"
1932,1933,upgrade,road,Mołodeczno,Wilejka,gravel,25.2,2.5,7.46,appraisal,"{'net_M': 0.0, 'local_M': np.float64(18.8), 'om_M': 0.0, 'dt_min': 72.3, 'trips_k': 0, 'rank': 15, 'passed': 505, 'candidates': 646, 'account_M': 225, 'threshold': 1.0, 'state': 0}"
1932,1934,upgrade,road,Łuck,Sarny,gravel,134.7,16.5,7.42,appraisal,"{'net_M': 0.0, 'local_M': np.float64(122.4), 'om_M': 0.0, 'dt_min': 386.2, 'trips_k': 0, 'rank': 16, 'passed': 505, 'candidates': 646, 'account_M': 225, 'threshold': 1.0, 'state': 0}"
1932,1933,upgrade,road,Święciany,Utena,gravel,65.2,6.5,7.05,appraisal,"{'net_M': 0.1, 'local_M': np.float64(45.9), 'om_M': 0.0, 'dt_min': 187.0, 'trips_k': 2, 'rank': 17, 'passed': 505, 'candidates': 646, 'account_M': 225, 'threshold': 1.0, 'state': 0}"
1932,1933,upgrade,road,Wilno,Utena,gravel,112.7,13.0,6.92,appraisal,"{'net_M': 0.0, 'local_M': np.float64(89.7), 'om_M': 0.0, 'dt_min': 323.0, 'trips_k': 0, 'rank': 18, 'passed': 505, 'candidates': 646, 'account_M': 225, 'threshold': 1.0, 'state': 0}"
1932,1933,upgrade,road,Mołodeczno,Oszmiana,gravel,73.0,7.3,6.89,appraisal,"{'net_M': 0.0, 'local_M': np.float64(50.3), 'om_M': 0.0, 'dt_min': 209.2, 'trips_k': 0, 'rank': 19, 'passed': 505, 'candidates': 646, 'account_M': 225, 'threshold': 1.0, 'state': 0}"
1932,1933,upgrade,road,Horochów,Sokal,gravel,41.5,4.2,6.74,appraisal,"{'net_M': 0.0, 'local_M': np.float64(28.0), 'om_M': 0.0, 'dt_min': 119.0, 'trips_k': 0, 'rank': 20, 'passed': 505, 'candidates': 646, 'account_M': 225, 'threshold': 1.0, 'state': 0}"
1932,1933,upgrade,road,Grodno,Mosty,gravel,67.9,6.8,6.69,appraisal,"{'net_M': 0.0, 'local_M': np.float64(45.4), 'om_M': 0.0, 'dt_min': 194.8, 'trips_k': 0, 'rank': 21, 'passed': 505, 'candidates': 646, 'account_M': 225, 'threshold': 1.0, 'state': 0}"
1932,1933,upgrade,road,Włodzimierz Wołyński,Horochów,gravel,60.7,6.1,6.66,appraisal,"{'net_M': 0.0, 'local_M': np.float64(40.4), 'om_M': 0.0, 'dt_min': 174.1, 'trips_k': 0, 'rank': 22, 'passed': 505, 'candidates': 646, 'account_M': 225, 'threshold': 1.0, 'state': 0}"
1932,1933,upgrade,road,Kowel,Luboml,gravel,57.0,5.7,6.59,appraisal,"{'net_M': 0.0, 'local_M': np.float64(37.6), 'om_M': 0.0, 'dt_min': 163.4, 'trips_k': 0, 'rank': 23, 'passed': 505, 'candidates': 646, 'account_M': 225, 'threshold': 1.0, 'state': 0}"
1932,1934,upgrade,road,Mołodeczno,Nowogródek,gravel,126.1,14.5,6.57,appraisal,"{'net_M': 0.0, 'local_M': np.float64(95.3), 'om_M': 0.0, 'dt_min': 361.6, 'trips_k': 0, 'rank': 24, 'passed': 505, 'candidates': 646, 'account_M': 225, 'threshold': 1.0, 'state': 0}"
1932,1933,upgrade,road,Włodawa,Brześć,gravel,75.5,7.6,6.51,appraisal,"{'net_M': 0.0, 'local_M': np.float64(49.2), 'om_M': 0.0, 'dt_min': 216.6, 'trips_k': 0, 'rank': 25, 'passed': 505, 'candidates': 646, 'account_M': 225, 'threshold': 1.0, 'state': 0}"
1932,1933,upgrade,road,Mołodeczno,Stołpce,gravel,112.9,11.3,6.49,appraisal,"{'net_M': 0.0, 'local_M': np.float64(73.3), 'om_M': 0.0, 'dt_min': 323.8, 'trips_k': 0, 'rank': 26, 'passed': 505, 'candidates': 646, 'account_M': 225, 'threshold': 1.0, 'state': 0}"
1932,1933,upgrade,road,Słonim,Mosty,gravel,76.8,7.7,6.46,appraisal,"{'net_M': 0.0, 'local_M': np.float64(49.6), 'om_M': 0.0, 'dt_min': 220.1, 'trips_k': 0, 'rank': 27, 'passed': 505, 'candidates': 646, 'account_M': 225, 'threshold': 1.0, 'state': 0}"
1932,1933,upgrade,road,Wołkowysk,Mosty,gravel,36.0,3.6,5.97,appraisal,"{'net_M': 0.0, 'local_M': np.float64(21.5), 'om_M': 0.0, 'dt_min': 103.3, 'trips_k': 0, 'rank': 39, 'passed': 505, 'candidates': 646, 'account_M': 225, 'threshold': 1.0, 'state': 0}"
1932,1933,upgrade,road,Równe,Zdołbunów,gravel,14.9,1.5,5.91,appraisal,"{'net_M': 0.0, 'local_M': np.float64(8.8), 'om_M': 0.0, 'dt_min': 42.8, 'trips_k': 0, 'rank': 42, 'passed': 505, 'candidates': 646, 'account_M': 225, 'threshold': 1.0, 'state': 0}"
1933,1933,dated,rail,Zduńska Wola,Inowrocław,main,,,,historical: Coal Trunk Line Karsznice-Inowrocław,
1934,1934,dated,rail,Warszawa,Radom,main,,,,historical: Warszawa-Radom new line,
1934,1934,dated,road,Kaunas,Wilno,paved,,,,federation: Kaunas-Vilnius road reopened,
1934,1935,upgrade,rail,Jędrzejów,Kielce,main,39.7,23.8,1.07,appraisal,"{'net_M': 25.6, 'local_M': 0.0, 'om_M': 0.0, 'dt_min': 20.4, 'trips_k': 4850, 'rank': 1, 'passed': 2, 'candidates': 555, 'account_M': 489, 'threshold': 1.0, 'state': 0}"
1934,1935,upgrade,rail,Miechów,Jędrzejów,main,42.0,25.2,1.04,appraisal,"{'net_M': 26.2, 'local_M': 0.0, 'om_M': 0.0, 'dt_min': 21.6, 'trips_k': 4681, 'rank': 2, 'passed': 2, 'candidates': 555, 'account_M': 489, 'threshold': 1.0, 'state': 0}"
1934,1935,upgrade,road,Ukmergė,Utena,gravel,73.1,7.3,6.97,appraisal,"{'net_M': 0.0, 'local_M': np.float64(50.9), 'om_M': 0.0, 'dt_min': 206.0, 'trips_k': 0, 'rank': 1, 'passed': 523, 'candidates': 642, 'account_M': 264, 'threshold': 1.0, 'state': 0}"
1934,1935,upgrade,road,Dubno,Brody,gravel,68.9,6.9,6.95,appraisal,"{'net_M': 0.0, 'local_M': np.float64(47.9), 'om_M': 0.0, 'dt_min': 194.2, 'trips_k': 0, 'rank': 2, 'passed': 523, 'candidates': 642, 'account_M': 264, 'threshold': 1.0, 'state': 0}"
1934,1935,upgrade,road,Nowogródek,Słonim,gravel,80.2,9.2,6.94,appraisal,"{'net_M': 0.0, 'local_M': np.float64(64.0), 'om_M': 0.0, 'dt_min': 225.9, 'trips_k': 0, 'rank': 3, 'passed': 523, 'candidates': 642, 'account_M': 264, 'threshold': 1.0, 'state': 0}"
1934,1935,upgrade,road,Panevėžys,Utena,gravel,100.0,10.0,6.83,appraisal,"{'net_M': 0.0, 'local_M': np.float64(68.3), 'om_M': 0.0, 'dt_min': 281.8, 'trips_k': 0, 'rank': 4, 'passed': 523, 'candidates': 642, 'account_M': 264, 'threshold': 1.0, 'state': 0}"
1934,1935,upgrade,road,Czeremcha,Brześć,gravel,63.6,6.4,6.79,appraisal,"{'net_M': 0.0, 'local_M': np.float64(43.1), 'om_M': 0.0, 'dt_min': 179.2, 'trips_k': 0, 'rank': 5, 'passed': 523, 'candidates': 642, 'account_M': 264, 'threshold': 1.0, 'state': 0}"
1934,1936,upgrade,road,Słonim,Pińsk,gravel,147.7,18.1,6.74,appraisal,"{'net_M': 0.0, 'local_M': np.float64(121.8), 'om_M': 0.0, 'dt_min': 416.2, 'trips_k': 0, 'rank': 6, 'passed': 523, 'candidates': 642, 'account_M': 264, 'threshold': 1.0, 'state': 0}"
1934,1935,upgrade,road,Słonim,Prużana,gravel,100.7,10.1,6.7,appraisal,"{'net_M': 0.0, 'local_M': np.float64(67.4), 'om_M': 0.0, 'dt_min': 283.8, 'trips_k': 0, 'rank': 7, 'passed': 523, 'candidates': 642, 'account_M': 264, 'threshold': 1.0, 'state': 0}"
1934,1935,upgrade,road,Utena,Rokiškis,gravel,62.4,6.2,6.68,appraisal,"{'net_M': 0.0, 'local_M': np.float64(41.7), 'om_M': 0.0, 'dt_min': 175.9, 'trips_k': 1, 'rank': 8, 'passed': 523, 'candidates': 642, 'account_M': 264, 'threshold': 1.0, 'state': 0}"
1934,1935,upgrade,road,Landwarów,Lida,gravel,101.6,10.2,6.62,appraisal,"{'net_M': 0.0, 'local_M': np.float64(67.2), 'om_M': 0.0, 'dt_min': 286.4, 'trips_k': 0, 'rank': 9, 'passed': 523, 'candidates': 642, 'account_M': 264, 'threshold': 1.0, 'state': 0}"
1934,1935,upgrade,road,Troki,Alytus,gravel,76.6,8.8,6.55,appraisal,"{'net_M': 0.0, 'local_M': np.float64(57.6), 'om_M': 0.0, 'dt_min': 215.8, 'trips_k': 0, 'rank': 10, 'passed': 523, 'candidates': 642, 'account_M': 264, 'threshold': 1.0, 'state': 0}"
1934,1935,upgrade,road,Oszmiana,Lida,gravel,89.2,8.9,6.52,appraisal,"{'net_M': 0.0, 'local_M': np.float64(58.2), 'om_M': 0.0, 'dt_min': 251.3, 'trips_k': 0, 'rank': 11, 'passed': 523, 'candidates': 642, 'account_M': 264, 'threshold': 1.0, 'state': 0}"
1934,1935,upgrade,road,Równe,Ostróg,gravel,45.7,4.6,6.46,appraisal,"{'net_M': 0.0, 'local_M': np.float64(29.6), 'om_M': 0.0, 'dt_min': 128.9, 'trips_k': 0, 'rank': 12, 'passed': 523, 'candidates': 642, 'account_M': 264, 'threshold': 1.0, 'state': 0}"
1934,1935,upgrade,road,Hrubieszów,Włodzimierz Wołyński,gravel,37.2,3.7,6.45,appraisal,"{'net_M': 0.0, 'local_M': np.float64(24.0), 'om_M': 0.0, 'dt_min': 105.0, 'trips_k': 0, 'rank': 13, 'passed': 523, 'candidates': 642, 'account_M': 264, 'threshold': 1.0, 'state': 0}"
1934,1935,upgrade,road,Krzemieniec,Brody,gravel,50.6,5.8,6.39,appraisal,"{'net_M': 0.0, 'local_M': np.float64(37.2), 'om_M': 0.0, 'dt_min': 142.5, 'trips_k': 0, 'rank': 14, 'passed': 523, 'candidates': 642, 'account_M': 264, 'threshold': 1.0, 'state': 0}"
1934,1935,upgrade,road,Święciany,Wilejka,gravel,106.3,10.6,6.34,appraisal,"{'net_M': 0.0, 'local_M': np.float64(67.4), 'om_M': 0.0, 'dt_min': 299.7, 'trips_k': 0, 'rank': 15, 'passed': 523, 'candidates': 642, 'account_M': 264, 'threshold': 1.0, 'state': 0}"
1934,1935,upgrade,road,Wilno,Święciany,gravel,91.8,10.6,6.34,appraisal,"{'net_M': 0.0, 'local_M': np.float64(67.0), 'om_M': 0.0, 'dt_min': 258.8, 'trips_k': 0, 'rank': 16, 'passed': 523, 'candidates': 642, 'account_M': 264, 'threshold': 1.0, 'state': 0}"
1934,1935,upgrade,road,Nowogródek,Lida,gravel,57.3,6.6,6.33,appraisal,"{'net_M': 0.0, 'local_M': np.float64(41.8), 'om_M': 0.0, 'dt_min': 161.6, 'trips_k': 0, 'rank': 17, 'passed': 523, 'candidates': 642, 'account_M': 264, 'threshold': 1.0, 'state': 0}"
1934,1935,upgrade,road,Krzemieniec,Podwołoczyska,gravel,85.2,9.8,6.33,appraisal,"{'net_M': 0.0, 'local_M': np.float64(62.0), 'om_M': 0.0, 'dt_min': 240.3, 'trips_k': 0, 'rank': 18, 'passed': 523, 'candidates': 642, 'account_M': 264, 'threshold': 1.0, 'state': 0}"
1934,1935,upgrade,road,Lida,Mosty,gravel,89.3,8.9,6.3,appraisal,"{'net_M': 0.0, 'local_M': np.float64(56.3), 'om_M': 0.0, 'dt_min': 251.7, 'trips_k': 0, 'rank': 19, 'passed': 523, 'candidates': 642, 'account_M': 264, 'threshold': 1.0, 'state': 0}"
1934,1936,upgrade,road,Kamień Koszyrski,Łuck,gravel,122.1,15.0,6.26,appraisal,"{'net_M': 0.0, 'local_M': np.float64(93.7), 'om_M': 0.0, 'dt_min': 344.2, 'trips_k': 0, 'rank': 20, 'passed': 523, 'candidates': 642, 'account_M': 264, 'threshold': 1.0, 'state': 0}"
1934,1935,upgrade,road,Wołkowysk,Prużana,gravel,80.0,8.0,6.25,appraisal,"{'net_M': 0.0, 'local_M': np.float64(50.0), 'om_M': 0.0, 'dt_min': 225.6, 'trips_k': 0, 'rank': 21, 'passed': 523, 'candidates': 642, 'account_M': 264, 'threshold': 1.0, 'state': 0}"
1934,1935,upgrade,road,Włodzimierz Wołyński,Sokal,gravel,50.3,5.0,6.24,appraisal,"{'net_M': 0.0, 'local_M': np.float64(31.4), 'om_M': 0.0, 'dt_min': 141.8, 'trips_k': 0, 'rank': 22, 'passed': 523, 'candidates': 642, 'account_M': 264, 'threshold': 1.0, 'state': 0}"
1934,1935,upgrade,road,Horochów,Brody,gravel,66.2,6.6,6.18,appraisal,"{'net_M': 0.0, 'local_M': np.float64(41.0), 'om_M': 0.0, 'dt_min': 186.7, 'trips_k': 0, 'rank': 23, 'passed': 523, 'candidates': 642, 'account_M': 264, 'threshold': 1.0, 'state': 0}"
1934,1935,upgrade,road,Dubno,Zdołbunów,gravel,45.7,4.6,6.09,appraisal,"{'net_M': 0.0, 'local_M': np.float64(27.8), 'om_M': 0.0, 'dt_min': 128.8, 'trips_k': 0, 'rank': 24, 'passed': 523, 'candidates': 642, 'account_M': 264, 'threshold': 1.0, 'state': 0}"
1934,1935,upgrade,road,Sarny,Kostopol,gravel,63.7,7.8,5.94,appraisal,"{'net_M': 0.0, 'local_M': np.float64(46.4), 'om_M': 0.0, 'dt_min': 179.5, 'trips_k': 0, 'rank': 25, 'passed': 523, 'candidates': 642, 'account_M': 264, 'threshold': 1.0, 'state': 0}"
1934,1935,upgrade,road,Baranowicze,Nieśwież,gravel,55.0,5.5,5.94,appraisal,"{'net_M': 0.0, 'local_M': np.float64(32.7), 'om_M': 0.0, 'dt_min': 155.1, 'trips_k': 0, 'rank': 26, 'passed': 523, 'candidates': 642, 'account_M': 264, 'threshold': 1.0, 'state': 0}"
1934,1935,upgrade,road,Krzemieniec,Zbaraż,gravel,59.8,6.9,5.92,appraisal,"{'net_M': 0.0, 'local_M': np.float64(40.7), 'om_M': 0.0, 'dt_min': 168.7, 'trips_k': 5, 'rank': 27, 'passed': 523, 'candidates': 642, 'account_M': 264, 'threshold': 1.0, 'state': 0}"
1934,1935,upgrade,road,Nowogródek,Baranowicze,gravel,65.6,7.5,5.88,appraisal,"{'net_M': 0.0, 'local_M': np.float64(44.4), 'om_M': 0.0, 'dt_min': 184.9, 'trips_k': 0, 'rank': 28, 'passed': 523, 'candidates': 642, 'account_M': 264, 'threshold': 1.0, 'state': 0}"
1934,1935,upgrade,road,Kamień Koszyrski,Kowel,gravel,59.5,7.3,5.79,appraisal,"{'net_M': 0.0, 'local_M': np.float64(42.2), 'om_M': 0.0, 'dt_min': 167.7, 'trips_k': 0, 'rank': 29, 'passed': 523, 'candidates': 642, 'account_M': 264, 'threshold': 1.0, 'state': 0}"
1934,1935,upgrade,road,Troki,Lida,gravel,105.9,12.2,5.74,appraisal,"{'net_M': 0.0, 'local_M': np.float64(69.9), 'om_M': 0.0, 'dt_min': 298.4, 'trips_k': 0, 'rank': 30, 'passed': 523, 'candidates': 642, 'account_M': 264, 'threshold': 1.0, 'state': 0}"
1934,1935,upgrade,road,Oszmiana,Święciany,gravel,97.8,9.8,5.71,appraisal,"{'net_M': 0.0, 'local_M': np.float64(55.9), 'om_M': 0.0, 'dt_min': 275.8, 'trips_k': 0, 'rank': 31, 'passed': 523, 'candidates': 642, 'account_M': 264, 'threshold': 1.0, 'state': 0}"
1934,1935,upgrade,road,Chełm,Luboml,gravel,50.0,5.0,5.62,appraisal,"{'net_M': 0.0, 'local_M': np.float64(28.1), 'om_M': 0.0, 'dt_min': 140.9, 'trips_k': 0, 'rank': 34, 'passed': 523, 'candidates': 642, 'account_M': 264, 'threshold': 1.0, 'state': 0}"
1935,1935,dated,rail,Suwałki,Marijampolė,sec,,,,federation: Suwałki-Šeštokai-Marijampolė reconnection,
1936,1936,dated,rail,Warszawa,Otwock,main_el,,,,historical: Warsaw node electrification,
1936,1937,upgrade,rail,Nasielsk,Pułtusk,sec,25.2,11.4,1.02,appraisal,"{'net_M': 11.6, 'local_M': 0.0, 'om_M': 0.0, 'dt_min': 41.2, 'trips_k': 939, 'rank': 1, 'passed': 1, 'candidates': 553, 'account_M': 795, 'threshold': 1.0, 'state': 0}"
1936,1937,upgrade,road,Krzemieniec,Ostróg,gravel,75.3,8.7,6.52,appraisal,"{'net_M': 0.0, 'local_M': np.float64(56.5), 'om_M': 0.0, 'dt_min': 208.6, 'trips_k': 0, 'rank': 1, 'passed': 557, 'candidates': 642, 'account_M': 323, 'threshold': 1.0, 'state': 0}"
1936,1937,upgrade,road,Krzemieniec,Zdołbunów,gravel,71.6,8.2,6.51,appraisal,"{'net_M': 0.0, 'local_M': np.float64(53.6), 'om_M': 0.0, 'dt_min': 198.2, 'trips_k': 0, 'rank': 2, 'passed': 557, 'candidates': 642, 'account_M': 323, 'threshold': 1.0, 'state': 0}"
1936,1937,upgrade,road,Baranowicze,Stołpce,gravel,75.2,7.5,6.43,appraisal,"{'net_M': 0.0, 'local_M': np.float64(48.4), 'om_M': 0.0, 'dt_min': 208.3, 'trips_k': 0, 'rank': 3, 'passed': 557, 'candidates': 642, 'account_M': 323, 'threshold': 1.0, 'state': 0}"
1936,1937,upgrade,road,Oszmiana,Wilejka,gravel,77.7,7.8,6.41,appraisal,"{'net_M': 0.0, 'local_M': np.float64(49.8), 'om_M': 0.0, 'dt_min': 215.1, 'trips_k': 0, 'rank': 4, 'passed': 557, 'candidates': 642, 'account_M': 323, 'threshold': 1.0, 'state': 0}"
1936,1937,upgrade,road,Wilno,Oszmiana,gravel,62.8,7.2,6.4,appraisal,"{'net_M': 0.1, 'local_M': np.float64(46.1), 'om_M': 0.0, 'dt_min': 173.8, 'trips_k': 15, 'rank': 5, 'passed': 557, 'candidates': 642, 'account_M': 323, 'threshold': 1.0, 'state': 0}"
1936,1937,upgrade,road,Święciany,Postawy,gravel,52.9,5.3,6.4,appraisal,"{'net_M': 0.0, 'local_M': np.float64(33.9), 'om_M': 0.0, 'dt_min': 146.5, 'trips_k': 0, 'rank': 6, 'passed': 557, 'candidates': 642, 'account_M': 323, 'threshold': 1.0, 'state': 0}"
1936,1937,upgrade,road,Panevėžys,Biržai,gravel,70.6,7.1,6.35,appraisal,"{'net_M': 0.0, 'local_M': np.float64(44.9), 'om_M': 0.0, 'dt_min': 195.5, 'trips_k': 0, 'rank': 7, 'passed': 557, 'candidates': 642, 'account_M': 323, 'threshold': 1.0, 'state': 0}"
1936,1937,upgrade,road,Postawy,Wilejka,gravel,84.3,8.4,6.29,appraisal,"{'net_M': 0.0, 'local_M': np.float64(53.1), 'om_M': 0.0, 'dt_min': 233.5, 'trips_k': 0, 'rank': 8, 'passed': 557, 'candidates': 642, 'account_M': 323, 'threshold': 1.0, 'state': 0}"
1936,1937,upgrade,road,Wilno,Ukmergė,gravel,86.1,9.9,6.28,appraisal,"{'net_M': 0.0, 'local_M': np.float64(62.1), 'om_M': 0.0, 'dt_min': 238.3, 'trips_k': 0, 'rank': 9, 'passed': 557, 'candidates': 642, 'account_M': 323, 'threshold': 1.0, 'state': 0}"
1936,1937,upgrade,road,Joniškis,Biržai,gravel,86.2,8.6,6.26,appraisal,"{'net_M': 0.0, 'local_M': np.float64(53.9), 'om_M': 0.0, 'dt_min': 238.5, 'trips_k': 0, 'rank': 10, 'passed': 557, 'candidates': 642, 'account_M': 323, 'threshold': 1.0, 'state': 0}"
1936,1937,upgrade,road,Rokiškis,Biržai,gravel,70.8,7.1,6.25,appraisal,"{'net_M': 0.0, 'local_M': np.float64(44.3), 'om_M': 0.0, 'dt_min': 195.9, 'trips_k': 0, 'rank': 11, 'passed': 557, 'candidates': 642, 'account_M': 323, 'threshold': 1.0, 'state': 0}"
1936,1937,upgrade,road,Wilno,Landwarów,gravel,16.3,1.9,6.14,appraisal,"{'net_M': 0.0, 'local_M': np.float64(11.5), 'om_M': 0.0, 'dt_min': 45.1, 'trips_k': 0, 'rank': 12, 'passed': 557, 'candidates': 642, 'account_M': 323, 'threshold': 1.0, 'state': 0}"
1936,1938,upgrade,road,Słonim,Drohiczyn Poleski,gravel,124.2,15.2,6.08,appraisal,"{'net_M': 0.0, 'local_M': np.float64(92.5), 'om_M': 0.0, 'dt_min': 343.9, 'trips_k': 0, 'rank': 13, 'passed': 557, 'candidates': 642, 'account_M': 323, 'threshold': 1.0, 'state': 0}"
1936,1937,upgrade,road,Brześć,Kobryń,gravel,57.7,7.1,5.97,appraisal,"{'net_M': 0.0, 'local_M': np.float64(42.2), 'om_M': 0.0, 'dt_min': 159.8, 'trips_k': 0, 'rank': 14, 'passed': 557, 'candidates': 642, 'account_M': 323, 'threshold': 1.0, 'state': 0}"
1936,1937,upgrade,road,Pińsk,Sarny,gravel,112.6,16.3,5.94,appraisal,"{'net_M': 0.0, 'local_M': np.float64(97.0), 'om_M': 0.0, 'dt_min': 311.7, 'trips_k': 0, 'rank': 15, 'passed': 557, 'candidates': 642, 'account_M': 323, 'threshold': 1.0, 'state': 0}"
1936,1937,upgrade,road,Oszmiana,Nowogródek,gravel,113.0,13.0,5.82,appraisal,"{'net_M': 0.0, 'local_M': np.float64(75.7), 'om_M': 0.0, 'dt_min': 312.8, 'trips_k': 0, 'rank': 16, 'passed': 557, 'candidates': 642, 'account_M': 323, 'threshold': 1.0, 'state': 0}"
1936,1937,upgrade,road,Głębokie,Wilejka,gravel,105.6,10.6,5.79,appraisal,"{'net_M': 0.0, 'local_M': np.float64(61.1), 'om_M': 0.0, 'dt_min': 292.5, 'trips_k': 0, 'rank': 17, 'passed': 557, 'candidates': 642, 'account_M': 323, 'threshold': 1.0, 'state': 0}"
1936,1937,upgrade,road,Włodzimierz Wołyński,Luboml,gravel,56.8,5.7,5.75,appraisal,"{'net_M': 0.0, 'local_M': np.float64(32.7), 'om_M': 0.0, 'dt_min': 157.3, 'trips_k': 0, 'rank': 18, 'passed': 557, 'candidates': 642, 'account_M': 323, 'threshold': 1.0, 'state': 0}"
1936,1937,upgrade,road,Hrubieszów,Luboml,gravel,58.4,5.8,5.74,appraisal,"{'net_M': 0.0, 'local_M': np.float64(33.5), 'om_M': 0.0, 'dt_min': 161.7, 'trips_k': 0, 'rank': 19, 'passed': 557, 'candidates': 642, 'account_M': 323, 'threshold': 1.0, 'state': 0}"
1936,1937,upgrade,road,Postawy,Brasław,gravel,73.5,8.5,5.71,appraisal,"{'net_M': 0.0, 'local_M': np.float64(48.3), 'om_M': 0.0, 'dt_min': 203.6, 'trips_k': 0, 'rank': 20, 'passed': 557, 'candidates': 642, 'account_M': 323, 'threshold': 1.0, 'state': 0}"
1936,1937,upgrade,road,Utena,Zarasai,gravel,58.8,6.8,5.68,appraisal,"{'net_M': 0.0, 'local_M': np.float64(38.4), 'om_M': 0.0, 'dt_min': 162.7, 'trips_k': 0, 'rank': 21, 'passed': 557, 'candidates': 642, 'account_M': 323, 'threshold': 1.0, 'state': 0}"
1936,1937,upgrade,road,Nowogródek,Mosty,gravel,106.4,12.2,5.64,appraisal,"{'net_M': 0.0, 'local_M': np.float64(69.0), 'om_M': 0.0, 'dt_min': 294.7, 'trips_k': 0, 'rank': 22, 'passed': 557, 'candidates': 642, 'account_M': 323, 'threshold': 1.0, 'state': 0}"
1936,1937,upgrade,road,Sokółka,Mosty,gravel,84.1,8.4,5.6,appraisal,"{'net_M': 0.0, 'local_M': np.float64(47.1), 'om_M': 0.0, 'dt_min': 232.8, 'trips_k': 0, 'rank': 23, 'passed': 557, 'candidates': 642, 'account_M': 323, 'threshold': 1.0, 'state': 0}"
1936,1937,upgrade,road,Ostróg,Kostopol,gravel,74.9,7.5,5.49,appraisal,"{'net_M': 0.0, 'local_M': np.float64(41.1), 'om_M': 0.0, 'dt_min': 207.2, 'trips_k': 0, 'rank': 24, 'passed': 557, 'candidates': 642, 'account_M': 323, 'threshold': 1.0, 'state': 0}"
1936,1937,upgrade,road,Nowogródek,Stołpce,gravel,75.1,8.6,5.48,appraisal,"{'net_M': 0.0, 'local_M': np.float64(47.3), 'om_M': 0.0, 'dt_min': 208.0, 'trips_k': 0, 'rank': 25, 'passed': 557, 'candidates': 642, 'account_M': 323, 'threshold': 1.0, 'state': 0}"
1936,1937,upgrade,road,Oszmiana,Landwarów,gravel,71.5,7.1,5.44,appraisal,"{'net_M': 0.0, 'local_M': np.float64(38.9), 'om_M': 0.0, 'dt_min': 197.9, 'trips_k': 0, 'rank': 26, 'passed': 557, 'candidates': 642, 'account_M': 323, 'threshold': 1.0, 'state': 0}"
1936,1937,upgrade,road,Wilno,Troki,gravel,28.3,3.7,5.41,appraisal,"{'net_M': 0.0, 'local_M': np.float64(19.9), 'om_M': 0.0, 'dt_min': 78.3, 'trips_k': 0, 'rank': 27, 'passed': 557, 'candidates': 642, 'account_M': 323, 'threshold': 1.0, 'state': 0}"
1936,1937,upgrade,road,Bielsk Podlaski,Prużana,gravel,108.3,10.8,5.37,appraisal,"{'net_M': 0.0, 'local_M': np.float64(58.2), 'om_M': 0.0, 'dt_min': 299.8, 'trips_k': 0, 'rank': 28, 'passed': 557, 'candidates': 642, 'account_M': 323, 'threshold': 1.0, 'state': 0}"
1936,1937,upgrade,road,Nieśwież,Stołpce,gravel,35.6,3.6,5.36,appraisal,"{'net_M': 0.0, 'local_M': np.float64(19.1), 'om_M': 0.0, 'dt_min': 98.6, 'trips_k': 1, 'rank': 29, 'passed': 557, 'candidates': 642, 'account_M': 323, 'threshold': 1.0, 'state': 0}"
1936,1937,upgrade,road,Czeremcha,Prużana,gravel,91.7,9.2,5.33,appraisal,"{'net_M': 0.0, 'local_M': np.float64(48.9), 'om_M': 0.0, 'dt_min': 254.0, 'trips_k': 0, 'rank': 30, 'passed': 557, 'candidates': 642, 'account_M': 323, 'threshold': 1.0, 'state': 0}"
1936,1937,upgrade,road,Jędrzejów,Tarnów,paved,104.3,20.9,5.32,appraisal,"{'net_M': 0.0, 'local_M': np.float64(111.1), 'om_M': 0.0, 'dt_min': 130.8, 'trips_k': 0, 'rank': 31, 'passed': 557, 'candidates': 642, 'account_M': 323, 'threshold': 1.0, 'state': 0}"
1936,1937,upgrade,road,Radomsko,Jędrzejów,paved,93.3,18.7,5.29,appraisal,"{'net_M': 0.0, 'local_M': np.float64(98.7), 'om_M': 0.0, 'dt_min': 117.0, 'trips_k': 0, 'rank': 32, 'passed': 557, 'candidates': 642, 'account_M': 323, 'threshold': 1.0, 'state': 0}"
1936,1937,upgrade,road,Głębokie,Brasław,gravel,85.4,9.8,5.27,appraisal,"{'net_M': 0.0, 'local_M': np.float64(51.7), 'om_M': 0.0, 'dt_min': 236.5, 'trips_k': 0, 'rank': 33, 'passed': 557, 'candidates': 642, 'account_M': 323, 'threshold': 1.0, 'state': 0}"
1936,1937,upgrade,road,Włodawa,Luboml,gravel,60.0,6.0,5.26,appraisal,"{'net_M': 0.0, 'local_M': np.float64(31.6), 'om_M': 0.0, 'dt_min': 166.2, 'trips_k': 0, 'rank': 34, 'passed': 557, 'candidates': 642, 'account_M': 323, 'threshold': 1.0, 'state': 0}"
1936,1937,upgrade,road,Jędrzejów,Bochnia,paved,91.6,18.3,5.26,appraisal,"{'net_M': 0.0, 'local_M': np.float64(96.4), 'om_M': 0.0, 'dt_min': 114.8, 'trips_k': 0, 'rank': 35, 'passed': 557, 'candidates': 642, 'account_M': 323, 'threshold': 1.0, 'state': 0}"
1936,1937,upgrade,road,Troki,Landwarów,gravel,13.4,1.5,4.24,appraisal,"{'net_M': 0.0, 'local_M': np.float64(6.5), 'om_M': 0.0, 'dt_min': 37.1, 'trips_k': 0, 'rank': 56, 'passed': 557, 'candidates': 642, 'account_M': 323, 'threshold': 1.0, 'state': 0}"
1937,1937,dated,rail,Warszawa,Skierniewice,main_el,,,,historical: Warsaw suburban electrification (Żyrardów),
1938,1939,upgrade,rail,Krasnystaw,Chełm,main,31.6,19.0,1.14,appraisal,"{'net_M': 21.6, 'local_M': 0.0, 'om_M': 0.0, 'dt_min': 15.7, 'trips_k': 4645, 'rank': 1, 'passed': 6, 'candidates': 553, 'account_M': 1213, 'threshold': 1.0, 'state': 0}"
1938,1939,upgrade,rail,Zamość,Krasnystaw,main,33.9,20.3,1.09,appraisal,"{'net_M': 22.2, 'local_M': 0.0, 'om_M': 0.0, 'dt_min': 16.8, 'trips_k': 4436, 'rank': 2, 'passed': 6, 'candidates': 553, 'account_M': 1213, 'threshold': 1.0, 'state': 0}"
1938,1939,new,rail,Lublin,Krasnystaw,sec,59.3,50.4,1.05,appraisal,"{'net_M': 53.1, 'local_M': 0.0, 'om_M': 0.0, 'dt_min': 39.2, 'trips_k': 4307, 'rank': 3, 'passed': 6, 'candidates': 553, 'account_M': 1213, 'threshold': 1.0, 'state': 0}"
1938,1939,upgrade,rail,Żółkiew,Rawa Ruska,main,36.0,21.6,1.02,appraisal,"{'net_M': 22.1, 'local_M': 0.0, 'om_M': 0.0, 'dt_min': 17.8, 'trips_k': 4299, 'rank': 4, 'passed': 6, 'candidates': 553, 'account_M': 1213, 'threshold': 1.0, 'state': 0}"
1938,1939,upgrade,rail,Tomaszów Lubelski,Zamość,main,37.2,22.3,1.02,appraisal,"{'net_M': 22.7, 'local_M': 0.0, 'om_M': 0.0, 'dt_min': 18.4, 'trips_k': 4194, 'rank': 5, 'passed': 6, 'candidates': 553, 'account_M': 1213, 'threshold': 1.0, 'state': 0}"
1938,1939,upgrade,rail,Rawa Ruska,Tomaszów Lubelski,main,32.5,19.5,1.0,appraisal,"{'net_M': 19.6, 'local_M': 0.0, 'om_M': 0.0, 'dt_min': 16.1, 'trips_k': 4144, 'rank': 6, 'passed': 6, 'candidates': 553, 'account_M': 1213, 'threshold': 1.0, 'state': 0}"
1938,1940,upgrade,road,Baranowicze,Łuniniec,gravel,135.9,16.6,6.23,appraisal,"{'net_M': 0.0, 'local_M': np.float64(103.7), 'om_M': 0.0, 'dt_min': 369.3, 'trips_k': 0, 'rank': 1, 'passed': 583, 'candidates': 639, 'account_M': 408, 'threshold': 1.0, 'state': 0}"
1938,1939,upgrade,road,Brasław,Dzisna,gravel,90.3,10.4,6.18,appraisal,"{'net_M': 0.0, 'local_M': np.float64(64.2), 'om_M': 0.0, 'dt_min': 245.4, 'trips_k': 0, 'rank': 2, 'passed': 583, 'candidates': 639, 'account_M': 408, 'threshold': 1.0, 'state': 0}"
1938,1939,upgrade,road,Panevėžys,Rokiškis,gravel,98.7,9.9,5.83,appraisal,"{'net_M': 0.0, 'local_M': np.float64(57.5), 'om_M': 0.0, 'dt_min': 268.3, 'trips_k': 0, 'rank': 3, 'passed': 583, 'candidates': 639, 'account_M': 408, 'threshold': 1.0, 'state': 0}"
1938,1939,upgrade,road,Końskie,Jędrzejów,paved,75.2,15.0,5.82,appraisal,"{'net_M': 0.0, 'local_M': np.float64(87.5), 'om_M': 0.0, 'dt_min': 92.1, 'trips_k': 0, 'rank': 4, 'passed': 583, 'candidates': 639, 'account_M': 408, 'threshold': 1.0, 'state': 0}"
1938,1939,upgrade,road,Głębokie,Postawy,gravel,66.0,6.6,5.82,appraisal,"{'net_M': 0.0, 'local_M': np.float64(38.4), 'om_M': 0.0, 'dt_min': 179.3, 'trips_k': 0, 'rank': 5, 'passed': 583, 'candidates': 639, 'account_M': 408, 'threshold': 1.0, 'state': 0}"
1938,1939,upgrade,road,Mołodeczno,Mińsk,gravel,79.8,8.0,5.64,appraisal,"{'net_M': 0.0, 'local_M': np.float64(45.0), 'om_M': 0.0, 'dt_min': 216.9, 'trips_k': 1, 'rank': 6, 'passed': 583, 'candidates': 639, 'account_M': 408, 'threshold': 1.0, 'state': 0}"
1938,1939,upgrade,road,Włodawa,Kobryń,gravel,112.3,13.8,5.63,appraisal,"{'net_M': 0.0, 'local_M': np.float64(77.5), 'om_M': 0.0, 'dt_min': 305.2, 'trips_k': 0, 'rank': 7, 'passed': 583, 'candidates': 639, 'account_M': 408, 'threshold': 1.0, 'state': 0}"
1938,1939,upgrade,road,Jędrzejów,Mielec,paved,107.7,21.5,5.52,appraisal,"{'net_M': 0.0, 'local_M': np.float64(119.0), 'om_M': 0.0, 'dt_min': 131.9, 'trips_k': 0, 'rank': 8, 'passed': 583, 'candidates': 639, 'account_M': 408, 'threshold': 1.0, 'state': 0}"
1938,1939,upgrade,road,Zawiercie,Jędrzejów,paved,78.5,15.7,5.5,appraisal,"{'net_M': 0.0, 'local_M': np.float64(86.4), 'om_M': 0.0, 'dt_min': 96.1, 'trips_k': 0, 'rank': 9, 'passed': 583, 'candidates': 639, 'account_M': 408, 'threshold': 1.0, 'state': 0}"
1938,1939,upgrade,road,Pińsk,Łuniniec,gravel,61.2,8.9,5.43,appraisal,"{'net_M': 0.0, 'local_M': np.float64(48.2), 'om_M': 0.0, 'dt_min': 166.4, 'trips_k': 0, 'rank': 10, 'passed': 583, 'candidates': 639, 'account_M': 408, 'threshold': 1.0, 'state': 0}"
1938,1940,upgrade,road,Kamień Koszyrski,Sarny,gravel,143.7,20.8,5.37,appraisal,"{'net_M': 0.0, 'local_M': np.float64(111.8), 'om_M': 0.0, 'dt_min': 390.3, 'trips_k': 0, 'rank': 11, 'passed': 583, 'candidates': 639, 'account_M': 408, 'threshold': 1.0, 'state': 0}"
1938,1939,upgrade,road,Czeremcha,Kobryń,gravel,93.6,11.5,5.29,appraisal,"{'net_M': 0.0, 'local_M': np.float64(60.6), 'om_M': 0.0, 'dt_min': 254.4, 'trips_k': 0, 'rank': 12, 'passed': 583, 'candidates': 639, 'account_M': 408, 'threshold': 1.0, 'state': 0}"
1938,1939,upgrade,road,Święciany,Zarasai,gravel,80.3,9.2,5.27,appraisal,"{'net_M': 0.0, 'local_M': np.float64(48.7), 'om_M': 0.0, 'dt_min': 218.3, 'trips_k': 0, 'rank': 13, 'passed': 583, 'candidates': 639, 'account_M': 408, 'threshold': 1.0, 'state': 0}"
1938,1939,upgrade,road,Troki,Ukmergė,gravel,83.8,9.6,5.25,appraisal,"{'net_M': 0.0, 'local_M': np.float64(50.6), 'om_M': 0.0, 'dt_min': 227.7, 'trips_k': 0, 'rank': 14, 'passed': 583, 'candidates': 639, 'account_M': 408, 'threshold': 1.0, 'state': 0}"
1938,1940,upgrade,road,Nieśwież,Łuniniec,gravel,132.0,16.2,5.23,appraisal,"{'net_M': 0.0, 'local_M': np.float64(84.6), 'om_M': 0.0, 'dt_min': 358.7, 'trips_k': 0, 'rank': 15, 'passed': 583, 'candidates': 639, 'account_M': 408, 'threshold': 1.0, 'state': 0}"
1938,1939,upgrade,road,Włodawa,Kamień Koszyrski,gravel,119.2,14.6,5.18,appraisal,"{'net_M': 0.0, 'local_M': np.float64(75.7), 'om_M': 0.0, 'dt_min': 323.9, 'trips_k': 0, 'rank': 16, 'passed': 583, 'candidates': 639, 'account_M': 408, 'threshold': 1.0, 'state': 0}"
1938,1939,upgrade,road,Pińsk,Drohiczyn Poleski,gravel,79.7,11.5,5.18,appraisal,"{'net_M': 0.0, 'local_M': np.float64(59.8), 'om_M': 0.0, 'dt_min': 216.4, 'trips_k': 0, 'rank': 17, 'passed': 583, 'candidates': 639, 'account_M': 408, 'threshold': 1.0, 'state': 0}"
1938,1939,upgrade,road,Głębokie,Dzisna,gravel,70.8,7.1,5.16,appraisal,"{'net_M': 0.0, 'local_M': np.float64(36.6), 'om_M': 0.0, 'dt_min': 192.3, 'trips_k': 0, 'rank': 18, 'passed': 583, 'candidates': 639, 'account_M': 408, 'threshold': 1.0, 'state': 0}"
1938,1939,upgrade,road,Pińsk,Kamień Koszyrski,gravel,116.4,16.9,5.14,appraisal,"{'net_M': 0.0, 'local_M': np.float64(86.7), 'om_M': 0.0, 'dt_min': 316.1, 'trips_k': 0, 'rank': 19, 'passed': 583, 'candidates': 639, 'account_M': 408, 'threshold': 1.0, 'state': 0}"
1938,1939,upgrade,road,Katowice,Rybnik,paved,47.0,9.4,4.95,appraisal,"{'net_M': 0.0, 'local_M': np.float64(46.5), 'om_M': 0.0, 'dt_min': 57.6, 'trips_k': 0, 'rank': 20, 'passed': 583, 'candidates': 639, 'account_M': 408, 'threshold': 1.0, 'state': 0}"
1938,1939,upgrade,road,Troki,Kaišiadorys,gravel,48.0,5.5,4.94,appraisal,"{'net_M': 0.0, 'local_M': np.float64(27.3), 'om_M': 0.0, 'dt_min': 130.4, 'trips_k': 0, 'rank': 21, 'passed': 583, 'candidates': 639, 'account_M': 408, 'threshold': 1.0, 'state': 0}"
1938,1939,upgrade,road,Kobryń,Prużana,gravel,48.2,5.9,4.92,appraisal,"{'net_M': 0.0, 'local_M': np.float64(29.0), 'om_M': 0.0, 'dt_min': 131.0, 'trips_k': 0, 'rank': 22, 'passed': 583, 'candidates': 639, 'account_M': 408, 'threshold': 1.0, 'state': 0}"
1938,1939,upgrade,road,Brasław,Zarasai,gravel,61.6,8.0,4.83,appraisal,"{'net_M': 0.0, 'local_M': np.float64(38.7), 'om_M': 0.0, 'dt_min': 167.5, 'trips_k': 0, 'rank': 23, 'passed': 583, 'candidates': 639, 'account_M': 408, 'threshold': 1.0, 'state': 0}"
1938,1939,upgrade,road,Dawidgródek,Sarny,gravel,110.3,16.0,4.81,appraisal,"{'net_M': 0.0, 'local_M': np.float64(77.0), 'om_M': 0.0, 'dt_min': 299.7, 'trips_k': 0, 'rank': 24, 'passed': 583, 'candidates': 639, 'account_M': 408, 'threshold': 1.0, 'state': 0}"
1938,1939,upgrade,road,Rybnik,Pszczyna,paved,39.3,7.9,4.78,appraisal,"{'net_M': 0.0, 'local_M': np.float64(37.6), 'om_M': 0.0, 'dt_min': 48.1, 'trips_k': 0, 'rank': 25, 'passed': 583, 'candidates': 639, 'account_M': 408, 'threshold': 1.0, 'state': 0}"
1938,1939,upgrade,road,Stolin,Sarny,gravel,77.5,11.2,4.78,appraisal,"{'net_M': 0.0, 'local_M': np.float64(53.7), 'om_M': 0.0, 'dt_min': 210.6, 'trips_k': 1, 'rank': 26, 'passed': 583, 'candidates': 639, 'account_M': 408, 'threshold': 1.0, 'state': 0}"
1938,1939,upgrade,road,Toruń,Brodnica,paved,73.4,14.7,4.76,appraisal,"{'net_M': 0.0, 'local_M': np.float64(69.9), 'om_M': 0.0, 'dt_min': 89.9, 'trips_k': 0, 'rank': 27, 'passed': 583, 'candidates': 639, 'account_M': 408, 'threshold': 1.0, 'state': 0}"
1938,1939,upgrade,road,Włocławek,Toruń,paved,62.2,12.4,4.73,appraisal,"{'net_M': 0.0, 'local_M': np.float64(58.9), 'om_M': 0.0, 'dt_min': 76.2, 'trips_k': 0, 'rank': 28, 'passed': 583, 'candidates': 639, 'account_M': 408, 'threshold': 1.0, 'state': 0}"
1938,1939,upgrade,road,Jarosław,Gródek Jagielloński,paved,90.8,18.2,4.59,appraisal,"{'net_M': 0.0, 'local_M': np.float64(83.4), 'om_M': 0.0, 'dt_min': 111.2, 'trips_k': 0, 'rank': 29, 'passed': 583, 'candidates': 639, 'account_M': 408, 'threshold': 1.0, 'state': 0}"
1938,1939,upgrade,road,Pińsk,Stolin,gravel,69.4,10.1,4.55,appraisal,"{'net_M': 0.1, 'local_M': np.float64(45.7), 'om_M': 0.0, 'dt_min': 188.5, 'trips_k': 3, 'rank': 30, 'passed': 583, 'candidates': 639, 'account_M': 408, 'threshold': 1.0, 'state': 0}"
1938,1939,upgrade,road,Prużana,Drohiczyn Poleski,gravel,77.0,9.4,4.55,appraisal,"{'net_M': 0.0, 'local_M': np.float64(42.9), 'om_M': 0.0, 'dt_min': 209.1, 'trips_k': 0, 'rank': 31, 'passed': 583, 'candidates': 639, 'account_M': 408, 'threshold': 1.0, 'state': 0}"
1938,1939,upgrade,road,Lublin,Łuków,paved,93.6,18.7,4.54,appraisal,"{'net_M': 0.0, 'local_M': np.float64(84.9), 'om_M': 0.0, 'dt_min': 114.7, 'trips_k': 0, 'rank': 32, 'passed': 583, 'candidates': 639, 'account_M': 408, 'threshold': 1.0, 'state': 0}"
1938,1939,upgrade,road,Inowrocław,Toruń,paved,39.8,8.0,4.49,appraisal,"{'net_M': 0.0, 'local_M': np.float64(35.7), 'om_M': 0.0, 'dt_min': 48.8, 'trips_k': 0, 'rank': 33, 'passed': 583, 'candidates': 639, 'account_M': 408, 'threshold': 1.0, 'state': 0}"
1938,1939,upgrade,road,Lwów,Żółkiew,paved,30.3,7.0,4.39,appraisal,"{'net_M': 0.0, 'local_M': np.float64(30.6), 'om_M': 0.0, 'dt_min': 37.1, 'trips_k': 0, 'rank': 34, 'passed': 583, 'candidates': 639, 'account_M': 408, 'threshold': 1.0, 'state': 0}"
1938,1939,upgrade,road,Sosnowiec,Katowice,paved,8.0,1.6,2.82,appraisal,"{'net_M': 0.0, 'local_M': np.float64(4.5), 'om_M': 0.0, 'dt_min': 9.8, 'trips_k': 0, 'rank': 158, 'passed': 583, 'candidates': 639, 'account_M': 408, 'threshold': 1.0, 'state': 0}"
1940,1940,dated,rail,Dębica,Pilzno,sec,,,,planned: Dębica-Pilzno-Jasło (under construction 1939),
1940,1940,dated,rail,Pilzno,Jasło,sec,,,,planned: Dębica-Pilzno-Jasło (under construction 1939),
1940,1941,upgrade,rail,Lublin,Krasnystaw,main,59.3,35.6,1.93,appraisal,"{'net_M': 68.8, 'local_M': 0.0, 'om_M': 0.0, 'dt_min': 28.8, 'trips_k': 8633, 'rank': 1, 'passed': 2, 'candidates': 548, 'account_M': 1732, 'threshold': 1.0, 'state': 0}"
1940,1941,upgrade,rail,Lwów,Żółkiew,main,28.6,19.7,1.55,appraisal,"{'net_M': 30.6, 'local_M': 0.0, 'om_M': 0.0, 'dt_min': 13.9, 'trips_k': 8444, 'rank': 2, 'passed': 2, 'candidates': 548, 'account_M': 1732, 'threshold': 1.0, 'state': 0}"
1940,1941,upgrade,road,Kamień Koszyrski,Luboml,gravel,94.1,11.5,7.41,appraisal,"{'net_M': 0.0, 'local_M': np.float64(85.4), 'om_M': 0.0, 'dt_min': 250.7, 'trips_k': 0, 'rank': 1, 'passed': 577, 'candidates': 627, 'account_M': 665, 'threshold': 1.0, 'state': 0}"
1940,1941,upgrade,road,Kobryń,Drohiczyn Poleski,gravel,65.8,9.5,7.16,appraisal,"{'net_M': 0.0, 'local_M': np.float64(68.3), 'om_M': 0.0, 'dt_min': 175.4, 'trips_k': 0, 'rank': 2, 'passed': 577, 'candidates': 627, 'account_M': 665, 'threshold': 1.0, 'state': 0}"
1940,1941,upgrade,road,Kobryń,Kamień Koszyrski,gravel,94.5,13.7,7.14,appraisal,"{'net_M': 0.0, 'local_M': np.float64(97.8), 'om_M': 0.0, 'dt_min': 251.8, 'trips_k': 0, 'rank': 3, 'passed': 577, 'candidates': 627, 'account_M': 665, 'threshold': 1.0, 'state': 0}"
1940,1941,upgrade,road,Kamień Koszyrski,Drohiczyn Poleski,gravel,77.6,11.3,6.68,appraisal,"{'net_M': 0.0, 'local_M': np.float64(75.1), 'om_M': 0.0, 'dt_min': 206.8, 'trips_k': 0, 'rank': 4, 'passed': 577, 'candidates': 627, 'account_M': 665, 'threshold': 1.0, 'state': 0}"
1940,1941,upgrade,road,Ostróg,Podwołoczyska,gravel,113.5,11.3,6.49,appraisal,"{'net_M': 0.0, 'local_M': np.float64(73.7), 'om_M': 0.0, 'dt_min': 302.4, 'trips_k': 0, 'rank': 5, 'passed': 577, 'candidates': 627, 'account_M': 665, 'threshold': 1.0, 'state': 0}"
1940,1941,upgrade,road,Postawy,Zarasai,gravel,95.6,11.0,5.91,appraisal,"{'net_M': 0.0, 'local_M': np.float64(65.0), 'om_M': 0.0, 'dt_min': 254.7, 'trips_k': 0, 'rank': 6, 'passed': 577, 'candidates': 627, 'account_M': 665, 'threshold': 1.0, 'state': 0}"
1940,1941,upgrade,road,Kostopol,Kyiv via Shepetivka,gravel,108.6,10.9,5.87,appraisal,"{'net_M': 0.0, 'local_M': np.float64(63.8), 'om_M': 0.0, 'dt_min': 289.3, 'trips_k': 0, 'rank': 7, 'passed': 577, 'candidates': 627, 'account_M': 665, 'threshold': 1.0, 'state': 0}"
1940,1941,upgrade,road,Łuniniec,Dawidgródek,gravel,42.8,6.2,5.85,appraisal,"{'net_M': 0.6, 'local_M': np.float64(35.6), 'om_M': 0.0, 'dt_min': 113.9, 'trips_k': 15, 'rank': 8, 'passed': 577, 'candidates': 627, 'account_M': 665, 'threshold': 1.0, 'state': 0}"
1940,1941,upgrade,road,Łuniniec,Stolin,gravel,49.0,7.1,5.7,appraisal,"{'net_M': 0.1, 'local_M': np.float64(40.4), 'om_M': 0.0, 'dt_min': 130.6, 'trips_k': 6, 'rank': 9, 'passed': 577, 'candidates': 627, 'account_M': 665, 'threshold': 1.0, 'state': 0}"
1940,1941,upgrade,road,Łuck,Kowel,paved,81.8,16.4,5.65,appraisal,"{'net_M': 0.0, 'local_M': np.float64(92.5), 'om_M': 0.0, 'dt_min': 97.8, 'trips_k': 0, 'rank': 10, 'passed': 577, 'candidates': 627, 'account_M': 665, 'threshold': 1.0, 'state': 0}"
1940,1941,upgrade,road,Zdołbunów,Ostróg,gravel,33.8,3.4,5.59,appraisal,"{'net_M': 0.0, 'local_M': np.float64(18.9), 'om_M': 0.0, 'dt_min': 90.0, 'trips_k': 0, 'rank': 11, 'passed': 577, 'candidates': 627, 'account_M': 665, 'threshold': 1.0, 'state': 0}"
1940,1941,upgrade,road,Łuck,Równe,paved,81.0,16.2,5.4,appraisal,"{'net_M': 0.0, 'local_M': np.float64(87.5), 'om_M': 0.0, 'dt_min': 96.8, 'trips_k': 0, 'rank': 12, 'passed': 577, 'candidates': 627, 'account_M': 665, 'threshold': 1.0, 'state': 0}"
1940,1941,upgrade,road,Łuck,Dubno,paved,57.0,11.4,5.34,appraisal,"{'net_M': 0.0, 'local_M': np.float64(60.9), 'om_M': 0.0, 'dt_min': 68.1, 'trips_k': 0, 'rank': 13, 'passed': 577, 'candidates': 627, 'account_M': 665, 'threshold': 1.0, 'state': 0}"
1940,1941,upgrade,road,Siedlce,Garwolin,paved,67.5,13.5,5.2,appraisal,"{'net_M': 0.0, 'local_M': np.float64(70.2), 'om_M': 0.0, 'dt_min': 80.7, 'trips_k': 0, 'rank': 14, 'passed': 577, 'candidates': 627, 'account_M': 665, 'threshold': 1.0, 'state': 0}"
1940,1941,upgrade,road,Rokiškis,Zarasai,gravel,59.2,6.8,5.07,appraisal,"{'net_M': 0.0, 'local_M': np.float64(34.5), 'om_M': 0.0, 'dt_min': 157.6, 'trips_k': 2, 'rank': 15, 'passed': 577, 'candidates': 627, 'account_M': 665, 'threshold': 1.0, 'state': 0}"
1940,1941,upgrade,road,Łuck,Horochów,paved,59.6,11.9,4.96,appraisal,"{'net_M': 0.0, 'local_M': np.float64(59.2), 'om_M': 0.0, 'dt_min': 71.2, 'trips_k': 0, 'rank': 16, 'passed': 577, 'candidates': 627, 'account_M': 665, 'threshold': 1.0, 'state': 0}"
1940,1941,upgrade,road,Równe,Dubno,paved,51.7,10.3,4.84,appraisal,"{'net_M': 0.0, 'local_M': np.float64(50.1), 'om_M': 0.0, 'dt_min': 61.7, 'trips_k': 0, 'rank': 17, 'passed': 577, 'candidates': 627, 'account_M': 665, 'threshold': 1.0, 'state': 0}"
1940,1941,upgrade,road,Lublin,Chełm,paved,78.0,15.6,4.83,appraisal,"{'net_M': 0.0, 'local_M': np.float64(75.2), 'om_M': 0.0, 'dt_min': 93.1, 'trips_k': 0, 'rank': 18, 'passed': 577, 'candidates': 627, 'account_M': 665, 'threshold': 1.0, 'state': 0}"
1940,1941,upgrade,road,Lublin,Kraśnik,paved,53.8,10.8,4.8,appraisal,"{'net_M': 0.0, 'local_M': np.float64(51.7), 'om_M': 0.0, 'dt_min': 64.3, 'trips_k': 0, 'rank': 19, 'passed': 577, 'candidates': 627, 'account_M': 665, 'threshold': 1.0, 'state': 0}"
1940,1941,upgrade,road,Siedlce,Biała Podlaska,paved,72.5,14.5,4.8,appraisal,"{'net_M': 0.0, 'local_M': np.float64(69.6), 'om_M': 0.0, 'dt_min': 86.6, 'trips_k': 0, 'rank': 20, 'passed': 577, 'candidates': 627, 'account_M': 665, 'threshold': 1.0, 'state': 0}"
1940,1941,upgrade,road,Wilejka,Mińsk,gravel,94.8,9.5,4.73,appraisal,"{'net_M': 0.0, 'local_M': np.float64(44.8), 'om_M': 0.0, 'dt_min': 252.6, 'trips_k': 0, 'rank': 21, 'passed': 577, 'candidates': 627, 'account_M': 665, 'threshold': 1.0, 'state': 0}"
1940,1941,upgrade,road,Łuck,Kostopol,paved,97.6,19.5,4.7,appraisal,"{'net_M': 0.0, 'local_M': np.float64(91.8), 'om_M': 0.0, 'dt_min': 116.6, 'trips_k': 0, 'rank': 22, 'passed': 577, 'candidates': 627, 'account_M': 665, 'threshold': 1.0, 'state': 0}"
1940,1941,upgrade,road,Siedlce,Bielsk Podlaski,paved,110.3,22.1,4.68,appraisal,"{'net_M': 0.0, 'local_M': np.float64(103.2), 'om_M': 0.0, 'dt_min': 131.7, 'trips_k': 0, 'rank': 23, 'passed': 577, 'candidates': 627, 'account_M': 665, 'threshold': 1.0, 'state': 0}"
1940,1941,upgrade,road,Wieluń,Częstochowa,paved,72.8,14.6,4.67,appraisal,"{'net_M': 0.4, 'local_M': np.float64(67.6), 'om_M': 0.0, 'dt_min': 86.9, 'trips_k': 46, 'rank': 24, 'passed': 577, 'candidates': 627, 'account_M': 665, 'threshold': 1.0, 'state': 0}"
1940,1941,upgrade,road,Siedlce,Czeremcha,paved,99.9,20.0,4.66,appraisal,"{'net_M': 0.0, 'local_M': np.float64(93.1), 'om_M': 0.0, 'dt_min': 119.3, 'trips_k': 0, 'rank': 25, 'passed': 577, 'candidates': 627, 'account_M': 665, 'threshold': 1.0, 'state': 0}"
1940,1941,upgrade,road,Złoczów,Brzeżany,paved,48.9,9.8,4.65,appraisal,"{'net_M': 0.0, 'local_M': np.float64(45.5), 'om_M': 0.0, 'dt_min': 58.4, 'trips_k': 0, 'rank': 26, 'passed': 577, 'candidates': 627, 'account_M': 665, 'threshold': 1.0, 'state': 0}"
1940,1941,upgrade,road,Dęblin,Łuków,paved,67.1,13.4,4.6,appraisal,"{'net_M': 0.0, 'local_M': np.float64(61.7), 'om_M': 0.0, 'dt_min': 80.1, 'trips_k': 0, 'rank': 27, 'passed': 577, 'candidates': 627, 'account_M': 665, 'threshold': 1.0, 'state': 0}"
1940,1941,upgrade,road,Lublin,Krasnystaw,paved,62.9,12.6,4.58,appraisal,"{'net_M': 0.0, 'local_M': np.float64(57.5), 'om_M': 0.0, 'dt_min': 75.1, 'trips_k': 0, 'rank': 28, 'passed': 577, 'candidates': 627, 'account_M': 665, 'threshold': 1.0, 'state': 0}"
1940,1941,upgrade,road,Siedlce,Ostrów Mazowiecka,paved,91.6,18.3,4.56,appraisal,"{'net_M': 0.0, 'local_M': np.float64(83.6), 'om_M': 0.0, 'dt_min': 109.5, 'trips_k': 0, 'rank': 29, 'passed': 577, 'candidates': 627, 'account_M': 665, 'threshold': 1.0, 'state': 0}"
1940,1941,upgrade,road,Biržai,Jelgava-Riga,gravel,99.1,9.9,4.54,appraisal,"{'net_M': 0.0, 'local_M': np.float64(45.0), 'om_M': 0.0, 'dt_min': 264.0, 'trips_k': 0, 'rank': 30, 'passed': 577, 'candidates': 627, 'account_M': 665, 'threshold': 1.0, 'state': 0}"
1940,1942,upgrade,road,Biržai,Riga via Daugavpils,gravel,142.1,14.2,4.54,appraisal,"{'net_M': 0.0, 'local_M': np.float64(64.6), 'om_M': 0.0, 'dt_min': 378.7, 'trips_k': 0, 'rank': 31, 'passed': 577, 'candidates': 627, 'account_M': 665, 'threshold': 1.0, 'state': 0}"
1940,1941,upgrade,road,Żółkiew,Złoczów,paved,88.0,17.6,4.54,appraisal,"{'net_M': 0.0, 'local_M': np.float64(79.9), 'om_M': 0.0, 'dt_min': 105.1, 'trips_k': 0, 'rank': 32, 'passed': 577, 'candidates': 627, 'account_M': 665, 'threshold': 1.0, 'state': 0}"
1940,1941,upgrade,road,Siedlce,Tłuszcz,paved,78.8,15.8,4.53,appraisal,"{'net_M': 0.0, 'local_M': np.float64(71.4), 'om_M': 0.0, 'dt_min': 94.2, 'trips_k': 0, 'rank': 33, 'passed': 577, 'candidates': 627, 'account_M': 665, 'threshold': 1.0, 'state': 0}"
1940,1941,upgrade,road,Łuck,Włodzimierz Wołyński,paved,87.7,17.5,4.47,appraisal,"{'net_M': 0.0, 'local_M': np.float64(78.3), 'om_M': 0.0, 'dt_min': 104.7, 'trips_k': 0, 'rank': 34, 'passed': 577, 'candidates': 627, 'account_M': 665, 'threshold': 1.0, 'state': 0}"
1940,1941,upgrade,road,Miechów,Chrzanów,paved,62.3,12.5,4.46,appraisal,"{'net_M': 0.0, 'local_M': np.float64(55.6), 'om_M': 0.0, 'dt_min': 74.4, 'trips_k': 0, 'rank': 35, 'passed': 577, 'candidates': 627, 'account_M': 665, 'threshold': 1.0, 'state': 0}"
1940,1941,upgrade,road,Lublin,Włodawa,paved,92.4,18.5,4.42,appraisal,"{'net_M': 0.0, 'local_M': np.float64(81.6), 'om_M': 0.0, 'dt_min': 110.4, 'trips_k': 0, 'rank': 36, 'passed': 577, 'candidates': 627, 'account_M': 665, 'threshold': 1.0, 'state': 0}"
1940,1941,upgrade,road,Dubno,Horochów,paved,85.3,17.1,4.41,appraisal,"{'net_M': 0.0, 'local_M': np.float64(75.2), 'om_M': 0.0, 'dt_min': 101.9, 'trips_k': 0, 'rank': 37, 'passed': 577, 'candidates': 627, 'account_M': 665, 'threshold': 1.0, 'state': 0}"
1940,1941,upgrade,road,Radom,Dęblin,paved,63.0,12.6,4.39,appraisal,"{'net_M': 0.0, 'local_M': np.float64(55.3), 'om_M': 0.0, 'dt_min': 75.3, 'trips_k': 0, 'rank': 38, 'passed': 577, 'candidates': 627, 'account_M': 665, 'threshold': 1.0, 'state': 0}"
1940,1941,upgrade,road,Brasław,Riga via Daugavpils,gravel,49.3,5.7,4.37,appraisal,"{'net_M': 0.0, 'local_M': np.float64(24.8), 'om_M': 0.0, 'dt_min': 131.4, 'trips_k': 1, 'rank': 39, 'passed': 577, 'candidates': 627, 'account_M': 665, 'threshold': 1.0, 'state': 0}"
1940,1941,upgrade,road,Jarosław,Nisko,paved,82.4,16.5,4.36,appraisal,"{'net_M': 0.0, 'local_M': np.float64(71.9), 'om_M': 0.0, 'dt_min': 98.5, 'trips_k': 0, 'rank': 40, 'passed': 577, 'candidates': 627, 'account_M': 665, 'threshold': 1.0, 'state': 0}"
1940,1941,upgrade,road,Radomsko,Częstochowa,paved,45.2,9.0,4.34,appraisal,"{'net_M': 0.0, 'local_M': np.float64(39.2), 'om_M': 0.0, 'dt_min': 54.0, 'trips_k': 0, 'rank': 41, 'passed': 577, 'candidates': 627, 'account_M': 665, 'threshold': 1.0, 'state': 0}"
1940,1941,upgrade,road,Żółkiew,Gródek Jagielloński,paved,47.2,9.4,4.33,appraisal,"{'net_M': 0.0, 'local_M': np.float64(40.9), 'om_M': 0.0, 'dt_min': 56.3, 'trips_k': 0, 'rank': 42, 'passed': 577, 'candidates': 627, 'account_M': 665, 'threshold': 1.0, 'state': 0}"
1940,1941,upgrade,road,Dubno,Krzemieniec,paved,43.4,10.0,4.33,appraisal,"{'net_M': 0.0, 'local_M': np.float64(43.2), 'om_M': 0.0, 'dt_min': 51.9, 'trips_k': 0, 'rank': 43, 'passed': 577, 'candidates': 627, 'account_M': 665, 'threshold': 1.0, 'state': 0}"
1940,1941,upgrade,road,Opoczno,Radom,paved,73.7,14.7,4.26,appraisal,"{'net_M': 0.0, 'local_M': np.float64(62.8), 'om_M': 0.0, 'dt_min': 88.0, 'trips_k': 0, 'rank': 44, 'passed': 577, 'candidates': 627, 'account_M': 665, 'threshold': 1.0, 'state': 0}"
1940,1941,upgrade,road,Kowel,Włodzimierz Wołyński,paved,59.1,11.8,4.23,appraisal,"{'net_M': 0.0, 'local_M': np.float64(50.0), 'om_M': 0.0, 'dt_min': 70.6, 'trips_k': 0, 'rank': 45, 'passed': 577, 'candidates': 627, 'account_M': 665, 'threshold': 1.0, 'state': 0}"
1940,1941,upgrade,road,Gródek Jagielloński,Stryj,paved,72.7,14.5,4.21,appraisal,"{'net_M': 0.0, 'local_M': np.float64(61.2), 'om_M': 0.0, 'dt_min': 86.9, 'trips_k': 0, 'rank': 46, 'passed': 577, 'candidates': 627, 'account_M': 665, 'threshold': 1.0, 'state': 0}"
1940,1941,upgrade,road,Lwów,Rohatyn,paved,77.5,17.8,4.21,appraisal,"{'net_M': 0.0, 'local_M': np.float64(75.0), 'om_M': 0.0, 'dt_min': 92.5, 'trips_k': 0, 'rank': 47, 'passed': 577, 'candidates': 627, 'account_M': 665, 'threshold': 1.0, 'state': 0}"
1940,1941,upgrade,road,Równe,Kostopol,paved,39.2,7.8,4.21,appraisal,"{'net_M': 0.0, 'local_M': np.float64(33.0), 'om_M': 0.0, 'dt_min': 46.9, 'trips_k': 0, 'rank': 48, 'passed': 577, 'candidates': 627, 'account_M': 665, 'threshold': 1.0, 'state': 0}"
1940,1941,upgrade,road,Włocławek,Koło,paved,70.7,14.1,4.21,appraisal,"{'net_M': 0.0, 'local_M': np.float64(59.4), 'om_M': 0.0, 'dt_min': 84.4, 'trips_k': 0, 'rank': 49, 'passed': 577, 'candidates': 627, 'account_M': 665, 'threshold': 1.0, 'state': 0}"
1940,1941,upgrade,road,Kraków,Wadowice,paved,46.2,10.6,4.18,appraisal,"{'net_M': 0.0, 'local_M': np.float64(44.5), 'om_M': 0.0, 'dt_min': 55.2, 'trips_k': 0, 'rank': 50, 'passed': 577, 'candidates': 627, 'account_M': 665, 'threshold': 1.0, 'state': 0}"
1940,1941,upgrade,road,Wołkowysk,Słonim,paved,71.3,14.3,4.18,appraisal,"{'net_M': 0.0, 'local_M': np.float64(59.6), 'om_M': 0.0, 'dt_min': 85.2, 'trips_k': 0, 'rank': 51, 'passed': 577, 'candidates': 627, 'account_M': 665, 'threshold': 1.0, 'state': 0}"
1940,1941,upgrade,road,Zawiercie,Chrzanów,paved,47.5,9.5,4.11,appraisal,"{'net_M': 0.0, 'local_M': np.float64(39.1), 'om_M': 0.0, 'dt_min': 56.8, 'trips_k': 0, 'rank': 55, 'passed': 577, 'candidates': 627, 'account_M': 665, 'threshold': 1.0, 'state': 0}"
1941,1941,dated,rail,Łapy,Ostrołęka,sec,,,,planned: Wilno-Gdynia shortcut (Łapy-Ostrołęka),
1941,1941,dated,rail,Ostrowiec,Sandomierz,sec,,,,planned: Łódź-Dębica COP trunk (Ostrowiec-Sandomierz),
1941,1941,dated,road,Warszawa,Lublin,paved,,,,planned: Fifteen-Year Plan stage II roads,
1942,1942,dated,rail,Ostrołęka,Przasnysz,sec,,,,planned: Wilno-Gdynia shortcut (Ostrołęka-Przasnysz),
1942,1942,dated,rail,Przasnysz,Mława,sec,,,,planned: Wilno-Gdynia shortcut (Przasnysz-Mława),
1942,1942,dated,rail,Sandomierz,Tarnobrzeg,sec,,,,planned: Łódź-Dębica COP trunk (Vistula bridge),
1942,1943,upgrade,rail,Tomaszów Mazowiecki,Opoczno,main,28.8,17.3,1.09,appraisal,"{'net_M': 18.8, 'local_M': 0.0, 'om_M': 0.0, 'dt_min': 13.8, 'trips_k': 5508, 'rank': 1, 'passed': 2, 'candidates': 547, 'account_M': 2405, 'threshold': 1.0, 'state': 0}"
1942,1943,upgrade,rail,Końskie,Skarżysko-Kamienna,main,38.0,22.8,1.06,appraisal,"{'net_M': 24.0, 'local_M': 0.0, 'om_M': 0.0, 'dt_min': 18.1, 'trips_k': 5210, 'rank': 2, 'passed': 2, 'candidates': 547, 'account_M': 2405, 'threshold': 1.0, 'state': 0}"
1942,1943,upgrade,road,Nieśwież,Mińsk,gravel,116.8,11.7,4.54,appraisal,"{'net_M': 0.0, 'local_M': np.float64(53.1), 'om_M': 0.0, 'dt_min': 305.2, 'trips_k': 0, 'rank': 1, 'passed': 545, 'candidates': 590, 'account_M': 752, 'threshold': 1.0, 'state': 0}"
1942,1943,upgrade,road,Lublin,Puławy,paved,55.8,11.2,4.5,appraisal,"{'net_M': 0.0, 'local_M': np.float64(50.3), 'om_M': 0.0, 'dt_min': 65.0, 'trips_k': 0, 'rank': 2, 'passed': 545, 'candidates': 590, 'account_M': 752, 'threshold': 1.0, 'state': 0}"
1942,1943,upgrade,road,Włocławek,Brodnica,paved,87.0,17.4,4.47,appraisal,"{'net_M': 0.0, 'local_M': np.float64(77.7), 'om_M': 0.0, 'dt_min': 101.3, 'trips_k': 0, 'rank': 3, 'passed': 545, 'candidates': 590, 'account_M': 752, 'threshold': 1.0, 'state': 0}"
1942,1943,upgrade,road,Tomaszów Lubelski,Jarosław,paved,86.8,17.4,4.46,appraisal,"{'net_M': 0.0, 'local_M': np.float64(77.3), 'om_M': 0.0, 'dt_min': 101.0, 'trips_k': 0, 'rank': 4, 'passed': 545, 'candidates': 590, 'account_M': 752, 'threshold': 1.0, 'state': 0}"
1942,1943,upgrade,road,Grodno,Alytus,paved,99.2,19.8,4.44,appraisal,"{'net_M': 0.0, 'local_M': np.float64(88.2), 'om_M': 0.0, 'dt_min': 115.5, 'trips_k': 0, 'rank': 5, 'passed': 545, 'candidates': 590, 'account_M': 752, 'threshold': 1.0, 'state': 0}"
1942,1943,upgrade,road,Płock,Włocławek,paved,53.7,10.7,4.41,appraisal,"{'net_M': 0.0, 'local_M': np.float64(47.4), 'om_M': 0.0, 'dt_min': 62.5, 'trips_k': 0, 'rank': 6, 'passed': 545, 'candidates': 590, 'account_M': 752, 'threshold': 1.0, 'state': 0}"
1942,1943,upgrade,road,Dawidgródek,Stolin,gravel,37.9,5.5,4.41,appraisal,"{'net_M': 0.0, 'local_M': np.float64(24.2), 'om_M': 0.0, 'dt_min': 99.0, 'trips_k': 0, 'rank': 7, 'passed': 545, 'candidates': 590, 'account_M': 752, 'threshold': 1.0, 'state': 0}"
1942,1944,upgrade,road,Łuck,Sarny,paved,134.7,33.0,4.41,appraisal,"{'net_M': 0.0, 'local_M': np.float64(145.4), 'om_M': 0.0, 'dt_min': 156.8, 'trips_k': 0, 'rank': 8, 'passed': 545, 'candidates': 590, 'account_M': 752, 'threshold': 1.0, 'state': 0}"
1942,1943,upgrade,road,Częstochowa,Zawiercie,paved,50.5,10.1,4.39,appraisal,"{'net_M': 0.0, 'local_M': np.float64(44.3), 'om_M': 0.0, 'dt_min': 58.8, 'trips_k': 0, 'rank': 9, 'passed': 545, 'candidates': 590, 'account_M': 752, 'threshold': 1.0, 'state': 0}"
1942,1943,upgrade,road,Rohatyn,Złoczów,paved,60.0,12.0,4.38,appraisal,"{'net_M': 0.0, 'local_M': np.float64(52.5), 'om_M': 0.0, 'dt_min': 69.8, 'trips_k': 0, 'rank': 10, 'passed': 545, 'candidates': 590, 'account_M': 752, 'threshold': 1.0, 'state': 0}"
1942,1943,upgrade,road,Jarosław,Rawa Ruska,paved,86.6,17.3,4.37,appraisal,"{'net_M': 0.0, 'local_M': np.float64(75.6), 'om_M': 0.0, 'dt_min': 100.8, 'trips_k': 0, 'rank': 11, 'passed': 545, 'candidates': 590, 'account_M': 752, 'threshold': 1.0, 'state': 0}"
1942,1944,upgrade,road,Grodno,Lida,paved,121.2,24.2,4.34,appraisal,"{'net_M': 0.0, 'local_M': np.float64(105.1), 'om_M': 0.0, 'dt_min': 141.1, 'trips_k': 0, 'rank': 12, 'passed': 545, 'candidates': 590, 'account_M': 752, 'threshold': 1.0, 'state': 0}"
1942,1943,upgrade,road,Baranowicze,Słonim,paved,56.4,11.3,4.32,appraisal,"{'net_M': 0.0, 'local_M': np.float64(48.8), 'om_M': 0.0, 'dt_min': 65.7, 'trips_k': 0, 'rank': 13, 'passed': 545, 'candidates': 590, 'account_M': 752, 'threshold': 1.0, 'state': 0}"
1942,1943,upgrade,road,Opoczno,Końskie,paved,28.0,5.6,4.32,appraisal,"{'net_M': 0.0, 'local_M': np.float64(24.2), 'om_M': 0.0, 'dt_min': 32.6, 'trips_k': 0, 'rank': 14, 'passed': 545, 'candidates': 590, 'account_M': 752, 'threshold': 1.0, 'state': 0}"
1942,1943,upgrade,road,Oświęcim,Chrzanów,paved,20.1,4.0,4.28,appraisal,"{'net_M': 0.0, 'local_M': np.float64(17.2), 'om_M': 0.0, 'dt_min': 23.4, 'trips_k': 0, 'rank': 15, 'passed': 545, 'candidates': 590, 'account_M': 752, 'threshold': 1.0, 'state': 0}"
1942,1944,upgrade,road,Lida,Alytus,paved,121.0,24.2,4.28,appraisal,"{'net_M': 0.0, 'local_M': np.float64(103.6), 'om_M': 0.0, 'dt_min': 140.9, 'trips_k': 0, 'rank': 16, 'passed': 545, 'candidates': 590, 'account_M': 752, 'threshold': 1.0, 'state': 0}"
1942,1943,upgrade,road,Dęblin,Garwolin,paved,50.3,10.1,4.26,appraisal,"{'net_M': 0.0, 'local_M': np.float64(42.8), 'om_M': 0.0, 'dt_min': 58.6, 'trips_k': 0, 'rank': 17, 'passed': 545, 'candidates': 590, 'account_M': 752, 'threshold': 1.0, 'state': 0}"
1942,1943,upgrade,road,Radom,Ostrowiec,paved,66.9,13.4,4.2,appraisal,"{'net_M': 0.0, 'local_M': np.float64(56.2), 'om_M': 0.0, 'dt_min': 77.9, 'trips_k': 0, 'rank': 18, 'passed': 545, 'candidates': 590, 'account_M': 752, 'threshold': 1.0, 'state': 0}"
1942,1943,upgrade,road,Łuków,Garwolin,paved,64.6,12.9,4.19,appraisal,"{'net_M': 0.0, 'local_M': np.float64(54.1), 'om_M': 0.0, 'dt_min': 75.2, 'trips_k': 0, 'rank': 19, 'passed': 545, 'candidates': 590, 'account_M': 752, 'threshold': 1.0, 'state': 0}"
1942,1943,upgrade,road,Radom,Końskie,paved,68.9,13.8,4.18,appraisal,"{'net_M': 0.0, 'local_M': np.float64(57.7), 'om_M': 0.0, 'dt_min': 80.3, 'trips_k': 0, 'rank': 20, 'passed': 545, 'candidates': 590, 'account_M': 752, 'threshold': 1.0, 'state': 0}"
1942,1943,upgrade,road,Kielce,Ostrowiec,paved,65.5,13.1,4.11,appraisal,"{'net_M': 0.0, 'local_M': np.float64(53.8), 'om_M': 0.0, 'dt_min': 76.3, 'trips_k': 0, 'rank': 21, 'passed': 545, 'candidates': 590, 'account_M': 752, 'threshold': 1.0, 'state': 0}"
1942,1943,upgrade,road,Kielce,Końskie,paved,47.3,9.5,4.09,appraisal,"{'net_M': 0.0, 'local_M': np.float64(38.7), 'om_M': 0.0, 'dt_min': 55.1, 'trips_k': 0, 'rank': 22, 'passed': 545, 'candidates': 590, 'account_M': 752, 'threshold': 1.0, 'state': 0}"
1942,1943,upgrade,road,Włocławek,Inowrocław,paved,69.6,13.9,4.08,appraisal,"{'net_M': 0.0, 'local_M': np.float64(56.8), 'om_M': 0.0, 'dt_min': 81.0, 'trips_k': 0, 'rank': 23, 'passed': 545, 'candidates': 590, 'account_M': 752, 'threshold': 1.0, 'state': 0}"
1942,1943,upgrade,road,Rawa Ruska,Gródek Jagielloński,paved,61.1,12.2,4.07,appraisal,"{'net_M': 0.0, 'local_M': np.float64(49.8), 'om_M': 0.0, 'dt_min': 71.1, 'trips_k': 0, 'rank': 24, 'passed': 545, 'candidates': 590, 'account_M': 752, 'threshold': 1.0, 'state': 0}"
1942,1943,upgrade,road,Stanisławów,Kołomyja,paved,60.6,12.1,4.04,appraisal,"{'net_M': 0.0, 'local_M': np.float64(48.9), 'om_M': 0.0, 'dt_min': 70.5, 'trips_k': 0, 'rank': 25, 'passed': 545, 'candidates': 590, 'account_M': 752, 'threshold': 1.0, 'state': 0}"
1942,1943,upgrade,road,Kowel,Luboml,paved,57.0,11.4,4.02,appraisal,"{'net_M': 0.0, 'local_M': np.float64(45.8), 'om_M': 0.0, 'dt_min': 66.4, 'trips_k': 0, 'rank': 26, 'passed': 545, 'candidates': 590, 'account_M': 752, 'threshold': 1.0, 'state': 0}"
1942,1943,upgrade,road,Miechów,Bochnia,paved,63.3,12.7,3.99,appraisal,"{'net_M': 0.0, 'local_M': np.float64(50.5), 'om_M': 0.0, 'dt_min': 73.7, 'trips_k': 0, 'rank': 27, 'passed': 545, 'candidates': 590, 'account_M': 752, 'threshold': 1.0, 'state': 0}"
1942,1943,upgrade,road,Przemyśl,Łańcut,paved,61.4,14.1,3.99,appraisal,"{'net_M': 0.0, 'local_M': np.float64(56.4), 'om_M': 0.0, 'dt_min': 71.5, 'trips_k': 0, 'rank': 28, 'passed': 545, 'candidates': 590, 'account_M': 752, 'threshold': 1.0, 'state': 0}"
1942,1943,upgrade,road,Białystok,Wołkowysk,paved,105.0,21.0,3.99,appraisal,"{'net_M': 0.0, 'local_M': np.float64(83.7), 'om_M': 0.0, 'dt_min': 122.3, 'trips_k': 0, 'rank': 29, 'passed': 545, 'candidates': 590, 'account_M': 752, 'threshold': 1.0, 'state': 0}"
1942,1943,upgrade,road,Radom,Garwolin,paved,78.1,15.6,3.98,appraisal,"{'net_M': 0.0, 'local_M': np.float64(62.2), 'om_M': 0.0, 'dt_min': 90.9, 'trips_k': 0, 'rank': 30, 'passed': 545, 'candidates': 590, 'account_M': 752, 'threshold': 1.0, 'state': 0}"
1942,1943,upgrade,road,Mołodeczno,Wilejka,paved,25.2,5.0,3.98,appraisal,"{'net_M': 0.0, 'local_M': np.float64(20.1), 'om_M': 0.0, 'dt_min': 29.4, 'trips_k': 0, 'rank': 31, 'passed': 545, 'candidates': 590, 'account_M': 752, 'threshold': 1.0, 'state': 0}"
1942,1943,upgrade,road,Wadowice,Chrzanów,paved,36.1,8.3,3.98,appraisal,"{'net_M': 0.0, 'local_M': np.float64(33.1), 'om_M': 0.0, 'dt_min': 42.1, 'trips_k': 0, 'rank': 32, 'passed': 545, 'candidates': 590, 'account_M': 752, 'threshold': 1.0, 'state': 0}"
1942,1943,upgrade,road,Brody,Złoczów,paved,42.6,8.5,3.94,appraisal,"{'net_M': 0.2, 'local_M': np.float64(33.4), 'om_M': 0.0, 'dt_min': 49.6, 'trips_k': 62, 'rank': 33, 'passed': 545, 'candidates': 590, 'account_M': 752, 'threshold': 1.0, 'state': 0}"
1942,1943,upgrade,road,Koło,Inowrocław,paved,87.2,17.4,3.9,appraisal,"{'net_M': 0.0, 'local_M': np.float64(68.0), 'om_M': 0.0, 'dt_min': 101.6, 'trips_k': 0, 'rank': 34, 'passed': 545, 'candidates': 590, 'account_M': 752, 'threshold': 1.0, 'state': 0}"
1942,1943,upgrade,road,Włodzimierz Wołyński,Horochów,paved,60.7,12.1,3.87,appraisal,"{'net_M': 0.0, 'local_M': np.float64(47.0), 'om_M': 0.0, 'dt_min': 70.7, 'trips_k': 0, 'rank': 35, 'passed': 545, 'candidates': 590, 'account_M': 752, 'threshold': 1.0, 'state': 0}"
1942,1943,upgrade,road,Słonim,Prużana,paved,100.7,20.1,3.86,appraisal,"{'net_M': 0.0, 'local_M': np.float64(77.6), 'om_M': 0.0, 'dt_min': 117.2, 'trips_k': 0, 'rank': 36, 'passed': 545, 'candidates': 590, 'account_M': 752, 'threshold': 1.0, 'state': 0}"
1942,1943,upgrade,road,Kalisz,Koło,paved,75.3,15.1,3.85,appraisal,"{'net_M': 0.0, 'local_M': np.float64(58.0), 'om_M': 0.0, 'dt_min': 87.7, 'trips_k': 0, 'rank': 37, 'passed': 545, 'candidates': 590, 'account_M': 752, 'threshold': 1.0, 'state': 0}"
1942,1943,upgrade,road,Płock,Łowicz,paved,62.9,12.6,3.85,appraisal,"{'net_M': 0.0, 'local_M': np.float64(48.4), 'om_M': 0.0, 'dt_min': 73.2, 'trips_k': 0, 'rank': 38, 'passed': 545, 'candidates': 590, 'account_M': 752, 'threshold': 1.0, 'state': 0}"
1942,1943,upgrade,road,Stołpce,Mińsk,gravel,87.7,8.8,3.83,appraisal,"{'net_M': 0.0, 'local_M': np.float64(33.6), 'om_M': 0.0, 'dt_min': 229.1, 'trips_k': 0, 'rank': 39, 'passed': 545, 'candidates': 590, 'account_M': 752, 'threshold': 1.0, 'state': 0}"
1942,1943,upgrade,road,Słonim,Mosty,paved,76.8,15.4,3.82,appraisal,"{'net_M': 0.0, 'local_M': np.float64(58.6), 'om_M': 0.0, 'dt_min': 89.4, 'trips_k': 0, 'rank': 40, 'passed': 545, 'candidates': 590, 'account_M': 752, 'threshold': 1.0, 'state': 0}"
1942,1943,upgrade,road,Radomsko,Wieluń,paved,77.6,15.5,3.81,appraisal,"{'net_M': 0.0, 'local_M': np.float64(59.2), 'om_M': 0.0, 'dt_min': 90.3, 'trips_k': 2, 'rank': 41, 'passed': 545, 'candidates': 590, 'account_M': 752, 'threshold': 1.0, 'state': 0}"
1942,1943,upgrade,road,Sieradz,Koło,paved,81.7,16.3,3.81,appraisal,"{'net_M': 0.0, 'local_M': np.float64(62.3), 'om_M': 0.0, 'dt_min': 95.2, 'trips_k': 0, 'rank': 42, 'passed': 545, 'candidates': 590, 'account_M': 752, 'threshold': 1.0, 'state': 0}"
1942,1943,upgrade,road,Nowogródek,Słonim,paved,80.2,18.4,3.8,appraisal,"{'net_M': 0.0, 'local_M': np.float64(70.1), 'om_M': 0.0, 'dt_min': 93.3, 'trips_k': 0, 'rank': 43, 'passed': 545, 'candidates': 590, 'account_M': 752, 'threshold': 1.0, 'state': 0}"
1942,1944,upgrade,road,Słonim,Pińsk,paved,147.7,36.2,3.77,appraisal,"{'net_M': 0.0, 'local_M': np.float64(136.2), 'om_M': 0.0, 'dt_min': 171.9, 'trips_k': 0, 'rank': 44, 'passed': 545, 'candidates': 590, 'account_M': 752, 'threshold': 1.0, 'state': 0}"
1942,1943,upgrade,road,Przemyśl,Sambor,paved,51.7,13.4,3.76,appraisal,"{'net_M': 0.0, 'local_M': np.float64(50.5), 'om_M': 0.0, 'dt_min': 60.2, 'trips_k': 0, 'rank': 45, 'passed': 545, 'candidates': 590, 'account_M': 752, 'threshold': 1.0, 'state': 0}"
1942,1943,upgrade,road,Stanisławów,Buczacz,paved,63.9,12.8,3.74,appraisal,"{'net_M': 0.0, 'local_M': np.float64(47.8), 'om_M': 0.0, 'dt_min': 74.3, 'trips_k': 0, 'rank': 46, 'passed': 545, 'candidates': 590, 'account_M': 752, 'threshold': 1.0, 'state': 0}"
1942,1943,upgrade,road,Kielce,Mielec,paved,104.0,20.8,3.73,appraisal,"{'net_M': 0.0, 'local_M': np.float64(77.6), 'om_M': 0.0, 'dt_min': 121.1, 'trips_k': 0, 'rank': 47, 'passed': 545, 'candidates': 590, 'account_M': 752, 'threshold': 1.0, 'state': 0}"
1942,1943,upgrade,road,Częstochowa,Tarnowskie Góry,paved,55.0,11.0,3.72,appraisal,"{'net_M': 0.0, 'local_M': np.float64(40.9), 'om_M': 0.0, 'dt_min': 64.0, 'trips_k': 0, 'rank': 48, 'passed': 545, 'candidates': 590, 'account_M': 752, 'threshold': 1.0, 'state': 0}"
1942,1943,upgrade,road,Łuków,Włodawa,paved,111.0,22.2,3.72,appraisal,"{'net_M': 0.0, 'local_M': np.float64(82.7), 'om_M': 0.0, 'dt_min': 129.2, 'trips_k': 0, 'rank': 49, 'passed': 545, 'candidates': 590, 'account_M': 752, 'threshold': 1.0, 'state': 0}"
1942,1943,upgrade,road,Dąbrowa Górnicza,Chrzanów,paved,30.5,6.1,3.71,appraisal,"{'net_M': 0.0, 'local_M': np.float64(22.6), 'om_M': 0.0, 'dt_min': 35.5, 'trips_k': 0, 'rank': 50, 'passed': 545, 'candidates': 590, 'account_M': 752, 'threshold': 1.0, 'state': 0}"
1942,1944,upgrade,road,Mołodeczno,Nowogródek,paved,126.1,29.0,3.71,appraisal,"{'net_M': 0.0, 'local_M': np.float64(107.5), 'om_M': 0.0, 'dt_min': 146.8, 'trips_k': 0, 'rank': 51, 'passed': 545, 'candidates': 590, 'account_M': 752, 'threshold': 1.0, 'state': 0}"
1942,1943,upgrade,road,Łowicz,Skierniewice,paved,26.9,5.4,3.47,appraisal,"{'net_M': 0.0, 'local_M': np.float64(18.6), 'om_M': 0.0, 'dt_min': 31.3, 'trips_k': 0, 'rank': 72, 'passed': 545, 'candidates': 590, 'account_M': 752, 'threshold': 1.0, 'state': 0}"
1943,1943,dated,rail,Tomaszów Mazowiecki,Opoczno,main,,,,planned: Łódź-Dębica COP trunk upgrade,
1944,1945,upgrade,rail,Opoczno,Końskie,main,26.4,15.9,1.48,appraisal,"{'net_M': 23.5, 'local_M': 0.0, 'om_M': 0.0, 'dt_min': 12.4, 'trips_k': 6703, 'rank': 1, 'passed': 2, 'candidates': 545, 'account_M': 3140, 'threshold': 1.0, 'state': 0}"
1944,1945,upgrade,rail,Skarżysko-Kamienna,Starachowice,main,18.4,11.0,1.24,appraisal,"{'net_M': 13.7, 'local_M': 0.0, 'om_M': 0.0, 'dt_min': 8.6, 'trips_k': 5606, 'rank': 2, 'passed': 2, 'candidates': 545, 'account_M': 3140, 'threshold': 1.0, 'state': 0}"
1944,1945,upgrade,road,Leszno,Zbąszyń,paved,77.7,15.5,3.92,appraisal,"{'net_M': 0.0, 'local_M': np.float64(61.0), 'om_M': 0.0, 'dt_min': 88.0, 'trips_k': 0, 'rank': 1, 'passed': 497, 'candidates': 541, 'account_M': 835, 'threshold': 1.0, 'state': 0}"
1944,1945,upgrade,road,Sieradz,Wieluń,paved,53.3,10.7,3.91,appraisal,"{'net_M': 0.0, 'local_M': np.float64(41.7), 'om_M': 0.0, 'dt_min': 60.4, 'trips_k': 0, 'rank': 2, 'passed': 497, 'candidates': 541, 'account_M': 835, 'threshold': 1.0, 'state': 0}"
1944,1945,upgrade,road,Radomsko,Końskie,paved,83.3,16.7,3.91,appraisal,"{'net_M': 0.0, 'local_M': np.float64(65.1), 'om_M': 0.0, 'dt_min': 94.4, 'trips_k': 0, 'rank': 3, 'passed': 497, 'candidates': 541, 'account_M': 835, 'threshold': 1.0, 'state': 0}"
1944,1945,upgrade,road,Zduńska Wola,Wieluń,paved,60.3,12.1,3.9,appraisal,"{'net_M': 0.0, 'local_M': np.float64(47.0), 'om_M': 0.0, 'dt_min': 68.3, 'trips_k': 0, 'rank': 4, 'passed': 497, 'candidates': 541, 'account_M': 835, 'threshold': 1.0, 'state': 0}"
1944,1945,upgrade,road,Grójec,Opoczno,paved,83.0,16.6,3.9,appraisal,"{'net_M': 0.0, 'local_M': np.float64(64.7), 'om_M': 0.0, 'dt_min': 94.0, 'trips_k': 1, 'rank': 5, 'passed': 497, 'candidates': 541, 'account_M': 835, 'threshold': 1.0, 'state': 0}"
1944,1946,upgrade,road,Kamień Koszyrski,Łuck,paved,122.1,29.9,3.88,appraisal,"{'net_M': 0.0, 'local_M': np.float64(116.2), 'om_M': 0.0, 'dt_min': 138.4, 'trips_k': 0, 'rank': 6, 'passed': 497, 'candidates': 541, 'account_M': 835, 'threshold': 1.0, 'state': 0}"
1944,1945,upgrade,road,Włodawa,Brześć,paved,75.5,15.1,3.87,appraisal,"{'net_M': 0.0, 'local_M': np.float64(58.4), 'om_M': 0.0, 'dt_min': 85.6, 'trips_k': 0, 'rank': 7, 'passed': 497, 'candidates': 541, 'account_M': 835, 'threshold': 1.0, 'state': 0}"
1944,1945,upgrade,road,Mołodeczno,Oszmiana,paved,73.0,14.6,3.87,appraisal,"{'net_M': 0.0, 'local_M': np.float64(56.4), 'om_M': 0.0, 'dt_min': 82.7, 'trips_k': 0, 'rank': 8, 'passed': 497, 'candidates': 541, 'account_M': 835, 'threshold': 1.0, 'state': 0}"
1944,1945,upgrade,road,Złoczów,Zbaraż,paved,79.8,16.0,3.86,appraisal,"{'net_M': 0.0, 'local_M': np.float64(61.6), 'om_M': 0.0, 'dt_min': 90.4, 'trips_k': 0, 'rank': 9, 'passed': 497, 'candidates': 541, 'account_M': 835, 'threshold': 1.0, 'state': 0}"
1944,1945,upgrade,road,Konin,Koło,paved,32.5,6.5,3.85,appraisal,"{'net_M': 0.0, 'local_M': np.float64(25.1), 'om_M': 0.0, 'dt_min': 36.9, 'trips_k': 0, 'rank': 10, 'passed': 497, 'candidates': 541, 'account_M': 835, 'threshold': 1.0, 'state': 0}"
1944,1945,upgrade,road,Ostrowiec,Kraśnik,paved,71.0,14.2,3.85,appraisal,"{'net_M': 0.0, 'local_M': np.float64(54.7), 'om_M': 0.0, 'dt_min': 80.4, 'trips_k': 0, 'rank': 11, 'passed': 497, 'candidates': 541, 'account_M': 835, 'threshold': 1.0, 'state': 0}"
1944,1945,upgrade,road,Poznań,Zbąszyń,paved,86.5,17.3,3.85,appraisal,"{'net_M': 0.0, 'local_M': np.float64(66.5), 'om_M': 0.0, 'dt_min': 98.0, 'trips_k': 0, 'rank': 12, 'passed': 497, 'candidates': 541, 'account_M': 835, 'threshold': 1.0, 'state': 0}"
1944,1945,upgrade,road,Mołodeczno,Stołpce,paved,112.9,22.6,3.83,appraisal,"{'net_M': 0.0, 'local_M': np.float64(86.5), 'om_M': 0.0, 'dt_min': 128.0, 'trips_k': 0, 'rank': 13, 'passed': 497, 'candidates': 541, 'account_M': 835, 'threshold': 1.0, 'state': 0}"
1944,1945,upgrade,road,Dubno,Brody,paved,68.9,13.8,3.82,appraisal,"{'net_M': 0.0, 'local_M': np.float64(52.6), 'om_M': 0.0, 'dt_min': 78.1, 'trips_k': 0, 'rank': 14, 'passed': 497, 'candidates': 541, 'account_M': 835, 'threshold': 1.0, 'state': 0}"
1944,1945,upgrade,road,Częstochowa,Lubliniec,paved,41.5,8.3,3.79,appraisal,"{'net_M': 0.0, 'local_M': np.float64(31.5), 'om_M': 0.0, 'dt_min': 47.0, 'trips_k': 0, 'rank': 15, 'passed': 497, 'candidates': 541, 'account_M': 835, 'threshold': 1.0, 'state': 0}"
1944,1945,upgrade,road,Święciany,Utena,paved,65.2,13.0,3.78,appraisal,"{'net_M': 0.6, 'local_M': np.float64(48.8), 'om_M': 0.0, 'dt_min': 73.9, 'trips_k': 24, 'rank': 16, 'passed': 497, 'candidates': 541, 'account_M': 835, 'threshold': 1.0, 'state': 0}"
1944,1945,upgrade,road,Grodno,Mosty,paved,67.9,13.6,3.78,appraisal,"{'net_M': 0.0, 'local_M': np.float64(51.3), 'om_M': 0.0, 'dt_min': 77.0, 'trips_k': 0, 'rank': 17, 'passed': 497, 'candidates': 541, 'account_M': 835, 'threshold': 1.0, 'state': 0}"
1944,1945,upgrade,road,Sambor,Gródek Jagielloński,paved,53.0,12.2,3.76,appraisal,"{'net_M': 0.0, 'local_M': np.float64(45.9), 'om_M': 0.0, 'dt_min': 60.0, 'trips_k': 0, 'rank': 18, 'passed': 497, 'candidates': 541, 'account_M': 835, 'threshold': 1.0, 'state': 0}"
1944,1945,upgrade,road,Tarnów,Mielec,paved,53.3,10.7,3.74,appraisal,"{'net_M': 0.0, 'local_M': np.float64(39.9), 'om_M': 0.0, 'dt_min': 60.4, 'trips_k': 0, 'rank': 19, 'passed': 497, 'candidates': 541, 'account_M': 835, 'threshold': 1.0, 'state': 0}"
1944,1945,upgrade,road,Czeremcha,Brześć,paved,63.6,12.7,3.74,appraisal,"{'net_M': 0.0, 'local_M': np.float64(47.5), 'om_M': 0.0, 'dt_min': 72.0, 'trips_k': 0, 'rank': 20, 'passed': 497, 'candidates': 541, 'account_M': 835, 'threshold': 1.0, 'state': 0}"
1944,1945,upgrade,road,Grudziądz,Brodnica,paved,60.5,12.1,3.69,appraisal,"{'net_M': 0.0, 'local_M': np.float64(44.6), 'om_M': 0.0, 'dt_min': 68.5, 'trips_k': 0, 'rank': 21, 'passed': 497, 'candidates': 541, 'account_M': 835, 'threshold': 1.0, 'state': 0}"
1944,1945,upgrade,road,Stanisławów,Kałusz,paved,34.6,6.9,3.68,appraisal,"{'net_M': 0.0, 'local_M': np.float64(25.5), 'om_M': 0.0, 'dt_min': 39.2, 'trips_k': 0, 'rank': 22, 'passed': 497, 'candidates': 541, 'account_M': 835, 'threshold': 1.0, 'state': 0}"
1944,1945,upgrade,road,Dęblin,Puławy,paved,21.5,4.3,3.68,appraisal,"{'net_M': 0.0, 'local_M': np.float64(15.8), 'om_M': 0.0, 'dt_min': 24.4, 'trips_k': 0, 'rank': 23, 'passed': 497, 'candidates': 541, 'account_M': 835, 'threshold': 1.0, 'state': 0}"
1944,1945,upgrade,road,Piotrków,Opoczno,paved,49.3,9.9,3.67,appraisal,"{'net_M': 0.0, 'local_M': np.float64(36.2), 'om_M': 0.0, 'dt_min': 55.8, 'trips_k': 0, 'rank': 24, 'passed': 497, 'candidates': 541, 'account_M': 835, 'threshold': 1.0, 'state': 0}"
1944,1945,upgrade,road,Leszno,Jarocin,paved,79.8,16.0,3.67,appraisal,"{'net_M': 0.0, 'local_M': np.float64(58.5), 'om_M': 0.0, 'dt_min': 90.4, 'trips_k': 0, 'rank': 25, 'passed': 497, 'candidates': 541, 'account_M': 835, 'threshold': 1.0, 'state': 0}"
1944,1945,upgrade,road,Równe,Ostróg,paved,45.7,9.1,3.66,appraisal,"{'net_M': 0.0, 'local_M': np.float64(33.5), 'om_M': 0.0, 'dt_min': 51.8, 'trips_k': 0, 'rank': 26, 'passed': 497, 'candidates': 541, 'account_M': 835, 'threshold': 1.0, 'state': 0}"
1944,1945,upgrade,road,Kamień Koszyrski,Kowel,paved,59.5,14.6,3.66,appraisal,"{'net_M': 0.0, 'local_M': np.float64(53.3), 'om_M': 0.0, 'dt_min': 67.4, 'trips_k': 0, 'rank': 27, 'passed': 497, 'candidates': 541, 'account_M': 835, 'threshold': 1.0, 'state': 0}"
1944,1945,upgrade,road,Równe,Zdołbunów,paved,14.9,3.0,3.65,appraisal,"{'net_M': 0.0, 'local_M': np.float64(10.9), 'om_M': 0.0, 'dt_min': 16.9, 'trips_k': 0, 'rank': 28, 'passed': 497, 'candidates': 541, 'account_M': 835, 'threshold': 1.0, 'state': 0}"
1944,1945,upgrade,road,Horochów,Sokal,paved,41.5,8.3,3.65,appraisal,"{'net_M': 0.5, 'local_M': np.float64(29.8), 'om_M': 0.0, 'dt_min': 47.0, 'trips_k': 34, 'rank': 29, 'passed': 497, 'candidates': 541, 'account_M': 835, 'threshold': 1.0, 'state': 0}"
1944,1945,upgrade,road,Nowogródek,Lida,paved,57.3,13.2,3.64,appraisal,"{'net_M': 0.0, 'local_M': np.float64(48.0), 'om_M': 0.0, 'dt_min': 65.0, 'trips_k': 0, 'rank': 30, 'passed': 497, 'candidates': 541, 'account_M': 835, 'threshold': 1.0, 'state': 0}"
1944,1945,upgrade,road,Rohatyn,Brzeżany,paved,28.7,5.7,3.63,appraisal,"{'net_M': 0.0, 'local_M': np.float64(20.9), 'om_M': 0.0, 'dt_min': 32.6, 'trips_k': 0, 'rank': 31, 'passed': 497, 'candidates': 541, 'account_M': 835, 'threshold': 1.0, 'state': 0}"
1944,1945,upgrade,road,Koło,Łęczyca,paved,50.4,10.1,3.63,appraisal,"{'net_M': 0.0, 'local_M': np.float64(36.5), 'om_M': 0.0, 'dt_min': 57.1, 'trips_k': 0, 'rank': 32, 'passed': 497, 'candidates': 541, 'account_M': 835, 'threshold': 1.0, 'state': 0}"
1944,1945,upgrade,road,Brzeżany,Buczacz,paved,65.7,13.1,3.63,appraisal,"{'net_M': 0.0, 'local_M': np.float64(47.7), 'om_M': 0.0, 'dt_min': 74.4, 'trips_k': 0, 'rank': 33, 'passed': 497, 'candidates': 541, 'account_M': 835, 'threshold': 1.0, 'state': 0}"
1944,1945,upgrade,road,Grodno,Sokółka,paved,45.3,9.1,3.63,appraisal,"{'net_M': 0.0, 'local_M': np.float64(32.8), 'om_M': 0.0, 'dt_min': 51.3, 'trips_k': 0, 'rank': 34, 'passed': 497, 'candidates': 541, 'account_M': 835, 'threshold': 1.0, 'state': 0}"
1944,1945,upgrade,road,Płock,Nasielsk,paved,91.7,18.3,3.61,appraisal,"{'net_M': 0.0, 'local_M': np.float64(66.2), 'om_M': 0.0, 'dt_min': 103.9, 'trips_k': 0, 'rank': 35, 'passed': 497, 'candidates': 541, 'account_M': 835, 'threshold': 1.0, 'state': 0}"
1944,1945,upgrade,road,Puławy,Łuków,paved,77.3,15.5,3.61,appraisal,"{'net_M': 0.0, 'local_M': np.float64(55.8), 'om_M': 0.0, 'dt_min': 87.6, 'trips_k': 0, 'rank': 36, 'passed': 497, 'candidates': 541, 'account_M': 835, 'threshold': 1.0, 'state': 0}"
1944,1945,upgrade,road,Włocławek,Kutno,paved,61.8,12.4,3.6,appraisal,"{'net_M': 0.0, 'local_M': np.float64(44.6), 'om_M': 0.0, 'dt_min': 70.1, 'trips_k': 0, 'rank': 37, 'passed': 497, 'candidates': 541, 'account_M': 835, 'threshold': 1.0, 'state': 0}"
1944,1945,upgrade,road,Przemyśl,Sanok,paved,58.3,20.4,3.6,appraisal,"{'net_M': 0.0, 'local_M': np.float64(73.4), 'om_M': 0.0, 'dt_min': 66.0, 'trips_k': 0, 'rank': 38, 'passed': 497, 'candidates': 541, 'account_M': 835, 'threshold': 1.0, 'state': 0}"
1944,1945,upgrade,road,Poznań,Jarocin,paved,76.2,15.2,3.59,appraisal,"{'net_M': 0.0, 'local_M': np.float64(54.7), 'om_M': 0.0, 'dt_min': 86.4, 'trips_k': 0, 'rank': 39, 'passed': 497, 'candidates': 541, 'account_M': 835, 'threshold': 1.0, 'state': 0}"
1944,1945,upgrade,road,Łódź,Koluszki,paved,30.4,6.1,3.58,appraisal,"{'net_M': 0.0, 'local_M': np.float64(21.8), 'om_M': 0.0, 'dt_min': 34.4, 'trips_k': 0, 'rank': 40, 'passed': 497, 'candidates': 541, 'account_M': 835, 'threshold': 1.0, 'state': 0}"
1944,1945,upgrade,road,Lida,Mosty,paved,89.3,17.9,3.58,appraisal,"{'net_M': 0.0, 'local_M': np.float64(64.0), 'om_M': 0.0, 'dt_min': 101.2, 'trips_k': 0, 'rank': 41, 'passed': 497, 'candidates': 541, 'account_M': 835, 'threshold': 1.0, 'state': 0}"
1944,1945,upgrade,road,Wołkowysk,Prużana,paved,80.0,16.0,3.58,appraisal,"{'net_M': 0.0, 'local_M': np.float64(57.3), 'om_M': 0.0, 'dt_min': 90.7, 'trips_k': 1, 'rank': 42, 'passed': 497, 'candidates': 541, 'account_M': 835, 'threshold': 1.0, 'state': 0}"
1944,1945,upgrade,road,Sarny,Kostopol,paved,63.7,15.6,3.57,appraisal,"{'net_M': 0.0, 'local_M': np.float64(55.8), 'om_M': 0.0, 'dt_min': 72.2, 'trips_k': 0, 'rank': 43, 'passed': 497, 'candidates': 541, 'account_M': 835, 'threshold': 1.0, 'state': 0}"
1944,1945,upgrade,road,Zduńska Wola,Radomsko,paved,83.9,16.8,3.57,appraisal,"{'net_M': 0.0, 'local_M': np.float64(59.8), 'om_M': 0.0, 'dt_min': 95.1, 'trips_k': 0, 'rank': 44, 'passed': 497, 'candidates': 541, 'account_M': 835, 'threshold': 1.0, 'state': 0}"
1944,1945,upgrade,road,Rzeszów,Nisko,paved,66.2,13.2,3.56,appraisal,"{'net_M': 0.0, 'local_M': np.float64(47.2), 'om_M': 0.0, 'dt_min': 75.1, 'trips_k': 0, 'rank': 45, 'passed': 497, 'candidates': 541, 'account_M': 835, 'threshold': 1.0, 'state': 0}"
1944,1945,upgrade,road,Dubno,Zdołbunów,paved,45.7,9.1,3.55,appraisal,"{'net_M': 0.0, 'local_M': np.float64(32.5), 'om_M': 0.0, 'dt_min': 51.8, 'trips_k': 0, 'rank': 46, 'passed': 497, 'candidates': 541, 'account_M': 835, 'threshold': 1.0, 'state': 0}"
1944,1945,upgrade,road,Wołkowysk,Mosty,paved,36.0,7.2,3.53,appraisal,"{'net_M': 0.0, 'local_M': np.float64(25.4), 'om_M': 0.0, 'dt_min': 40.8, 'trips_k': 0, 'rank': 47, 'passed': 497, 'candidates': 541, 'account_M': 835, 'threshold': 1.0, 'state': 0}"
1944,1945,upgrade,road,Kraśnik,Nisko,paved,54.7,10.9,3.53,appraisal,"{'net_M': 0.0, 'local_M': np.float64(38.6), 'om_M': 0.0, 'dt_min': 62.0, 'trips_k': 0, 'rank': 48, 'passed': 497, 'candidates': 541, 'account_M': 835, 'threshold': 1.0, 'state': 0}"
1944,1945,upgrade,road,Krzemieniec,Brody,paved,50.6,11.6,3.53,appraisal,"{'net_M': 0.0, 'local_M': np.float64(41.0), 'om_M': 0.0, 'dt_min': 57.3, 'trips_k': 0, 'rank': 49, 'passed': 497, 'candidates': 541, 'account_M': 835, 'threshold': 1.0, 'state': 0}"
1944,1945,upgrade,road,Inowrocław,Nakło,paved,71.0,14.2,3.52,appraisal,"{'net_M': 0.0, 'local_M': np.float64(50.0), 'om_M': 0.0, 'dt_min': 80.4, 'trips_k': 0, 'rank': 50, 'passed': 497, 'candidates': 541, 'account_M': 835, 'threshold': 1.0, 'state': 0}"
1944,1945,upgrade,road,Kaunas,Alytus,paved,68.8,13.8,3.51,appraisal,"{'net_M': 0.0, 'local_M': np.float64(48.3), 'om_M': 0.0, 'dt_min': 78.0, 'trips_k': 0, 'rank': 51, 'passed': 497, 'candidates': 541, 'account_M': 835, 'threshold': 1.0, 'state': 0}"
1944,1945,upgrade,road,Stanisławów,Horodenka,paved,78.3,15.7,3.5,appraisal,"{'net_M': 0.0, 'local_M': np.float64(54.8), 'om_M': 0.0, 'dt_min': 88.8, 'trips_k': 0, 'rank': 52, 'passed': 497, 'candidates': 541, 'account_M': 835, 'threshold': 1.0, 'state': 0}"
1944,1945,upgrade,road,Kalisz,Sieradz,paved,58.0,11.6,3.49,appraisal,"{'net_M': 0.0, 'local_M': np.float64(40.5), 'om_M': 0.0, 'dt_min': 65.8, 'trips_k': 0, 'rank': 53, 'passed': 497, 'candidates': 541, 'account_M': 835, 'threshold': 1.0, 'state': 0}"
1944,1945,upgrade,road,Oszmiana,Lida,paved,89.2,17.8,3.49,appraisal,"{'net_M': 0.0, 'local_M': np.float64(62.3), 'om_M': 0.0, 'dt_min': 101.0, 'trips_k': 0, 'rank': 54, 'passed': 497, 'candidates': 541, 'account_M': 835, 'threshold': 1.0, 'state': 0}"
1944,1945,upgrade,road,Ostrowiec,Sandomierz,paved,45.9,9.2,3.47,appraisal,"{'net_M': 0.0, 'local_M': np.float64(31.8), 'om_M': 0.0, 'dt_min': 52.0, 'trips_k': 0, 'rank': 55, 'passed': 497, 'candidates': 541, 'account_M': 835, 'threshold': 1.0, 'state': 0}"
1944,1945,upgrade,road,Krzemieniec,Podwołoczyska,paved,85.2,19.6,3.47,appraisal,"{'net_M': 0.0, 'local_M': np.float64(67.9), 'om_M': 0.0, 'dt_min': 96.6, 'trips_k': 1, 'rank': 56, 'passed': 497, 'candidates': 541, 'account_M': 835, 'threshold': 1.0, 'state': 0}"
1944,1945,upgrade,road,Mielec,Rzeszów,paved,60.7,12.1,3.46,appraisal,"{'net_M': 0.0, 'local_M': np.float64(42.1), 'om_M': 0.0, 'dt_min': 68.8, 'trips_k': 0, 'rank': 57, 'passed': 497, 'candidates': 541, 'account_M': 835, 'threshold': 1.0, 'state': 0}"
1944,1945,upgrade,road,Tarnopol,Brzeżany,paved,59.7,11.9,3.44,appraisal,"{'net_M': 0.0, 'local_M': np.float64(41.1), 'om_M': 0.0, 'dt_min': 67.7, 'trips_k': 0, 'rank': 58, 'passed': 497, 'candidates': 541, 'account_M': 835, 'threshold': 1.0, 'state': 0}"
1944,1945,upgrade,road,Chełm,Hrubieszów,paved,57.4,11.5,3.44,appraisal,"{'net_M': 0.0, 'local_M': np.float64(39.4), 'om_M': 0.0, 'dt_min': 65.0, 'trips_k': 0, 'rank': 59, 'passed': 497, 'candidates': 541, 'account_M': 835, 'threshold': 1.0, 'state': 0}"
1944,1945,upgrade,road,Sieradz,Zduńska Wola,paved,17.7,3.5,3.43,appraisal,"{'net_M': 0.0, 'local_M': np.float64(12.1), 'om_M': 0.0, 'dt_min': 20.1, 'trips_k': 0, 'rank': 60, 'passed': 497, 'candidates': 541, 'account_M': 835, 'threshold': 1.0, 'state': 0}"
1944,1945,upgrade,road,Rokiškis,Riga via Daugavpils,gravel,73.2,7.3,3.42,appraisal,"{'net_M': 0.0, 'local_M': np.float64(25.1), 'om_M': 0.0, 'dt_min': 187.4, 'trips_k': 0, 'rank': 61, 'passed': 497, 'candidates': 541, 'account_M': 835, 'threshold': 1.0, 'state': 0}"
1944,1945,upgrade,road,Wołkowysk,Bielsk Podlaski,paved,115.1,23.0,3.42,appraisal,"{'net_M': 0.0, 'local_M': np.float64(78.8), 'om_M': 0.0, 'dt_min': 130.5, 'trips_k': 0, 'rank': 62, 'passed': 497, 'candidates': 541, 'account_M': 835, 'threshold': 1.0, 'state': 0}"
1944,1945,upgrade,road,Rawa Ruska,Żółkiew,paved,38.2,7.6,3.42,appraisal,"{'net_M': 0.0, 'local_M': np.float64(26.1), 'om_M': 0.0, 'dt_min': 43.3, 'trips_k': 0, 'rank': 63, 'passed': 497, 'candidates': 541, 'account_M': 835, 'threshold': 1.0, 'state': 0}"
1944,1945,upgrade,road,Włocławek,Sierpc,paved,56.9,11.4,3.42,appraisal,"{'net_M': 0.0, 'local_M': np.float64(38.9), 'om_M': 0.0, 'dt_min': 64.5, 'trips_k': 0, 'rank': 64, 'passed': 497, 'candidates': 541, 'account_M': 835, 'threshold': 1.0, 'state': 0}"
1944,1945,upgrade,road,Hrubieszów,Włodzimierz Wołyński,paved,37.2,7.4,3.41,appraisal,"{'net_M': 0.0, 'local_M': np.float64(25.4), 'om_M': 0.0, 'dt_min': 42.2, 'trips_k': 0, 'rank': 67, 'passed': 497, 'candidates': 541, 'account_M': 835, 'threshold': 1.0, 'state': 0}"
1944,1945,upgrade,road,Sosnowiec,Chorzów,paved,13.1,2.6,3.38,appraisal,"{'net_M': 0.0, 'local_M': np.float64(8.8), 'om_M': 0.0, 'dt_min': 14.8, 'trips_k': 0, 'rank': 71, 'passed': 497, 'candidates': 541, 'account_M': 835, 'threshold': 1.0, 'state': 0}"
1944,1945,upgrade,road,Dąbrowa Górnicza,Będzin,paved,5.4,1.1,1.43,appraisal,"{'net_M': 0.0, 'local_M': np.float64(1.5), 'om_M': 0.0, 'dt_min': 6.1, 'trips_k': 0, 'rank': 456, 'passed': 497, 'candidates': 541, 'account_M': 835, 'threshold': 1.0, 'state': 0}"
1946,1946,dated,road,Warszawa,Łódź,express,,,,planned: Nestorowicz 1939 trunk-road plan: Warszawa-Łódź,
1946,1947,upgrade,rail,Skierniewice,Koluszki,main_el,38.4,19.2,6.1,appraisal,"{'net_M': 117.0, 'local_M': 0.0, 'om_M': 0.0, 'dt_min': 5.6, 'trips_k': 69533, 'rank': 1, 'passed': 58, 'candidates': 688, 'account_M': 3968, 'threshold': 1.0, 'state': 0}"
1946,1947,upgrade,rail,Koluszki,Łódź,main_el,28.6,14.3,5.48,appraisal,"{'net_M': 78.4, 'local_M': 0.0, 'om_M': 0.0, 'dt_min': 4.2, 'trips_k': 63526, 'rank': 2, 'passed': 58, 'candidates': 688, 'account_M': 3968, 'threshold': 1.0, 'state': 0}"
1946,1947,upgrade,rail,Skierniewice,Łowicz,main_el,25.3,12.7,2.62,appraisal,"{'net_M': 33.2, 'local_M': 0.0, 'om_M': 0.0, 'dt_min': 3.7, 'trips_k': 30162, 'rank': 3, 'passed': 58, 'candidates': 688, 'account_M': 3968, 'threshold': 1.0, 'state': 0}"
1946,1947,upgrade,rail,Dęblin,Puławy,main_el,20.3,10.1,2.52,appraisal,"{'net_M': 25.6, 'local_M': 0.0, 'om_M': 0.0, 'dt_min': 3.0, 'trips_k': 27998, 'rank': 4, 'passed': 58, 'candidates': 688, 'account_M': 3968, 'threshold': 1.0, 'state': 0}"
1946,1947,upgrade,rail,Koluszki,Piotrków,main_el,43.3,21.6,2.52,appraisal,"{'net_M': 54.4, 'local_M': 0.0, 'om_M': 0.0, 'dt_min': 6.3, 'trips_k': 28607, 'rank': 5, 'passed': 58, 'candidates': 688, 'account_M': 3968, 'threshold': 1.0, 'state': 0}"
1946,1947,upgrade,rail,Puławy,Lublin,main_el,52.6,26.3,2.49,appraisal,"{'net_M': 65.4, 'local_M': 0.0, 'om_M': 0.0, 'dt_min': 7.7, 'trips_k': 27716, 'rank': 6, 'passed': 58, 'candidates': 688, 'account_M': 3968, 'threshold': 1.0, 'state': 0}"
1946,1947,upgrade,rail,Łódź,Pabianice,main_el,15.5,7.7,2.39,appraisal,"{'net_M': 18.5, 'local_M': 0.0, 'om_M': 0.0, 'dt_min': 2.3, 'trips_k': 27972, 'rank': 7, 'passed': 58, 'candidates': 688, 'account_M': 3968, 'threshold': 1.0, 'state': 0}"
1946,1947,upgrade,rail,Łowicz,Kutno,main_el,48.0,24.0,2.38,appraisal,"{'net_M': 57.0, 'local_M': 0.0, 'om_M': 0.0, 'dt_min': 7.0, 'trips_k': 27159, 'rank': 8, 'passed': 58, 'candidates': 688, 'account_M': 3968, 'threshold': 1.0, 'state': 0}"
1946,1947,upgrade,rail,Katowice,Chorzów,main_el,7.7,3.8,2.32,appraisal,"{'net_M': 8.9, 'local_M': 0.0, 'om_M': 0.0, 'dt_min': 1.1, 'trips_k': 27141, 'rank': 9, 'passed': 58, 'candidates': 688, 'account_M': 3968, 'threshold': 1.0, 'state': 0}"
1946,1947,upgrade,rail,Otwock,Garwolin,main_el,37.6,18.8,2.28,appraisal,"{'net_M': 42.8, 'local_M': 0.0, 'om_M': 0.0, 'dt_min': 5.5, 'trips_k': 24937, 'rank': 10, 'passed': 58, 'candidates': 688, 'account_M': 3968, 'threshold': 1.0, 'state': 0}"
1946,1947,upgrade,rail,Garwolin,Dęblin,main_el,47.5,23.7,2.23,appraisal,"{'net_M': 52.9, 'local_M': 0.0, 'om_M': 0.0, 'dt_min': 6.9, 'trips_k': 24797, 'rank': 11, 'passed': 58, 'candidates': 688, 'account_M': 3968, 'threshold': 1.0, 'state': 0}"
1946,1947,upgrade,rail,Pabianice,Zduńska Wola,main_el,33.4,16.7,2.21,appraisal,"{'net_M': 37.0, 'local_M': 0.0, 'om_M': 0.0, 'dt_min': 4.9, 'trips_k': 29421, 'rank': 12, 'passed': 58, 'candidates': 688, 'account_M': 3968, 'threshold': 1.0, 'state': 0}"
1946,1947,upgrade,rail,Piotrków,Radomsko,main_el,47.9,23.9,2.15,appraisal,"{'net_M': 51.5, 'local_M': 0.0, 'om_M': 0.0, 'dt_min': 7.0, 'trips_k': 24472, 'rank': 13, 'passed': 58, 'candidates': 688, 'account_M': 3968, 'threshold': 1.0, 'state': 0}"
1946,1948,upgrade,rail,Lubliniec,Zduńska Wola,main_el,120.6,60.3,2.14,appraisal,"{'net_M': 129.0, 'local_M': 0.0, 'om_M': 0.0, 'dt_min': 17.6, 'trips_k': 26184, 'rank': 14, 'passed': 58, 'candidates': 688, 'account_M': 3968, 'threshold': 1.0, 'state': 0}"
1946,1947,upgrade,rail,Zawiercie,Dąbrowa Górnicza,main_el,28.7,14.4,2.07,appraisal,"{'net_M': 29.7, 'local_M': 0.0, 'om_M': 0.0, 'dt_min': 4.2, 'trips_k': 23788, 'rank': 15, 'passed': 58, 'candidates': 688, 'account_M': 3968, 'threshold': 1.0, 'state': 0}"
1946,1947,upgrade,rail,Radomsko,Częstochowa,main_el,42.6,21.3,2.05,appraisal,"{'net_M': 43.7, 'local_M': 0.0, 'om_M': 0.0, 'dt_min': 6.2, 'trips_k': 23395, 'rank': 16, 'passed': 58, 'candidates': 688, 'account_M': 3968, 'threshold': 1.0, 'state': 0}"
1946,1947,upgrade,rail,Tarnowskie Góry,Lubliniec,main_el,32.5,16.2,2.0,appraisal,"{'net_M': 32.4, 'local_M': 0.0, 'om_M': 0.0, 'dt_min': 4.7, 'trips_k': 24811, 'rank': 17, 'passed': 58, 'candidates': 688, 'account_M': 3968, 'threshold': 1.0, 'state': 0}"
1946,1947,upgrade,rail,Radom,Skarżysko-Kamienna,main_el,42.2,21.1,1.98,appraisal,"{'net_M': 41.9, 'local_M': 0.0, 'om_M': 0.0, 'dt_min': 6.2, 'trips_k': 22296, 'rank': 18, 'passed': 58, 'candidates': 688, 'account_M': 3968, 'threshold': 1.0, 'state': 0}"
1946,1947,upgrade,rail,Chorzów,Tarnowskie Góry,main_el,19.3,9.7,1.89,appraisal,"{'net_M': 18.3, 'local_M': 0.0, 'om_M': 0.0, 'dt_min': 2.8, 'trips_k': 24754, 'rank': 19, 'passed': 58, 'candidates': 688, 'account_M': 3968, 'threshold': 1.0, 'state': 0}"
1946,1947,upgrade,rail,Skarżysko-Kamienna,Kielce,main_el,37.4,18.7,1.88,appraisal,"{'net_M': 35.2, 'local_M': 0.0, 'om_M': 0.0, 'dt_min': 5.5, 'trips_k': 21704, 'rank': 20, 'passed': 58, 'candidates': 688, 'account_M': 3968, 'threshold': 1.0, 'state': 0}"
1946,1947,upgrade,rail,Kutno,Włocławek,main_el,58.3,29.1,1.86,appraisal,"{'net_M': 54.2, 'local_M': 0.0, 'om_M': 0.0, 'dt_min': 8.5, 'trips_k': 21359, 'rank': 21, 'passed': 58, 'candidates': 688, 'account_M': 3968, 'threshold': 1.0, 'state': 0}"
1946,1948,upgrade,rail,Warszawa,Radom,main_el,106.7,53.4,1.83,appraisal,"{'net_M': 97.7, 'local_M': 0.0, 'om_M': 0.0, 'dt_min': 15.6, 'trips_k': 19797, 'rank': 22, 'passed': 58, 'candidates': 688, 'account_M': 3968, 'threshold': 1.0, 'state': 0}"
1946,1947,upgrade,rail,Częstochowa,Zawiercie,main_el,47.6,23.8,1.83,appraisal,"{'net_M': 43.5, 'local_M': 0.0, 'om_M': 0.0, 'dt_min': 6.9, 'trips_k': 20918, 'rank': 23, 'passed': 58, 'candidates': 688, 'account_M': 3968, 'threshold': 1.0, 'state': 0}"
1946,1947,upgrade,rail,Kraków,Chrzanów,main_el,45.5,22.7,1.82,appraisal,"{'net_M': 41.5, 'local_M': 0.0, 'om_M': 0.0, 'dt_min': 6.6, 'trips_k': 21408, 'rank': 24, 'passed': 58, 'candidates': 688, 'account_M': 3968, 'threshold': 1.0, 'state': 0}"
1946,1947,upgrade,rail,Sosnowiec,Katowice,main_el,7.6,3.8,1.8,appraisal,"{'net_M': 6.8, 'local_M': 0.0, 'om_M': 0.0, 'dt_min': 1.1, 'trips_k': 21011, 'rank': 25, 'passed': 58, 'candidates': 688, 'account_M': 3968, 'threshold': 1.0, 'state': 0}"
1946,1947,upgrade,rail,Chrzanów,Mysłowice,main_el,24.8,12.4,1.75,appraisal,"{'net_M': 21.7, 'local_M': 0.0, 'om_M': 0.0, 'dt_min': 3.6, 'trips_k': 21326, 'rank': 26, 'passed': 58, 'candidates': 688, 'account_M': 3968, 'threshold': 1.0, 'state': 0}"
1946,1947,upgrade,rail,Warszawa,Tłuszcz,main_el,42.2,21.1,1.73,appraisal,"{'net_M': 36.5, 'local_M': 0.0, 'om_M': 0.0, 'dt_min': 6.2, 'trips_k': 18896, 'rank': 27, 'passed': 58, 'candidates': 688, 'account_M': 3968, 'threshold': 1.0, 'state': 0}"
1946,1947,upgrade,rail,Zgierz,Łódź,main_el,13.4,6.7,1.64,appraisal,"{'net_M': 11.0, 'local_M': 0.0, 'om_M': 0.0, 'dt_min': 2.0, 'trips_k': 19270, 'rank': 28, 'passed': 58, 'candidates': 688, 'account_M': 3968, 'threshold': 1.0, 'state': 0}"
1946,1947,upgrade,rail,Tłuszcz,Ostrów Mazowiecka,main_el,58.8,29.4,1.61,appraisal,"{'net_M': 47.4, 'local_M': 0.0, 'om_M': 0.0, 'dt_min': 8.6, 'trips_k': 17854, 'rank': 29, 'passed': 58, 'candidates': 688, 'account_M': 3968, 'threshold': 1.0, 'state': 0}"
1946,1947,upgrade,rail,Dąbrowa Górnicza,Sosnowiec,main_el,8.3,4.1,1.56,appraisal,"{'net_M': 6.5, 'local_M': 0.0, 'om_M': 0.0, 'dt_min': 1.2, 'trips_k': 18127, 'rank': 30, 'passed': 58, 'candidates': 688, 'account_M': 3968, 'threshold': 1.0, 'state': 0}"
1946,1947,upgrade,rail,Włocławek,Toruń,main_el,58.6,29.3,1.55,appraisal,"{'net_M': 45.6, 'local_M': 0.0, 'om_M': 0.0, 'dt_min': 8.6, 'trips_k': 17992, 'rank': 31, 'passed': 58, 'candidates': 688, 'account_M': 3968, 'threshold': 1.0, 'state': 0}"
1946,1947,upgrade,rail,Zamość,Krasnystaw,main_el,33.9,16.9,1.55,appraisal,"{'net_M': 26.2, 'local_M': 0.0, 'om_M': 0.0, 'dt_min': 4.9, 'trips_k': 17786, 'rank': 32, 'passed': 58, 'candidates': 688, 'account_M': 3968, 'threshold': 1.0, 'state': 0}"
1946,1947,upgrade,rail,Kutno,Koło,main_el,56.5,28.3,1.54,appraisal,"{'net_M': 43.4, 'local_M': 0.0, 'om_M': 0.0, 'dt_min': 8.3, 'trips_k': 17975, 'rank': 33, 'passed': 58, 'candidates': 688, 'account_M': 3968, 'threshold': 1.0, 'state': 0}"
1946,1948,upgrade,rail,Ostrów Mazowiecka,Łapy,main_el,80.1,40.1,1.52,appraisal,"{'net_M': 60.8, 'local_M': 0.0, 'om_M': 0.0, 'dt_min': 11.7, 'trips_k': 16432, 'rank': 34, 'passed': 58, 'candidates': 688, 'account_M': 3968, 'threshold': 1.0, 'state': 0}"
1946,1947,upgrade,rail,Łęczyca,Kutno,main_el,25.1,12.6,1.49,appraisal,"{'net_M': 18.7, 'local_M': 0.0, 'om_M': 0.0, 'dt_min': 3.7, 'trips_k': 17356, 'rank': 35, 'passed': 58, 'candidates': 688, 'account_M': 3968, 'threshold': 1.0, 'state': 0}"
1946,1947,upgrade,rail,Zgierz,Łęczyca,main_el,30.5,15.2,1.48,appraisal,"{'net_M': 22.5, 'local_M': 0.0, 'om_M': 0.0, 'dt_min': 4.4, 'trips_k': 17175, 'rank': 36, 'passed': 58, 'candidates': 688, 'account_M': 3968, 'threshold': 1.0, 'state': 0}"
1946,1947,upgrade,rail,Sieradz,Kalisz,main_el,54.7,27.4,1.47,appraisal,"{'net_M': 40.2, 'local_M': 0.0, 'om_M': 0.0, 'dt_min': 8.0, 'trips_k': 19438, 'rank': 37, 'passed': 58, 'candidates': 688, 'account_M': 3968, 'threshold': 1.0, 'state': 0}"
1946,1947,upgrade,rail,Koło,Konin,main_el,30.7,15.3,1.44,appraisal,"{'net_M': 22.0, 'local_M': 0.0, 'om_M': 0.0, 'dt_min': 4.5, 'trips_k': 17046, 'rank': 38, 'passed': 58, 'candidates': 688, 'account_M': 3968, 'threshold': 1.0, 'state': 0}"
1946,1947,upgrade,rail,Lublin,Krasnystaw,main_el,59.3,29.6,1.44,appraisal,"{'net_M': 42.5, 'local_M': 0.0, 'om_M': 0.0, 'dt_min': 8.6, 'trips_k': 16110, 'rank': 39, 'passed': 58, 'candidates': 688, 'account_M': 3968, 'threshold': 1.0, 'state': 0}"
1946,1947,upgrade,rail,Tomaszów Lubelski,Zamość,main_el,37.2,18.6,1.42,appraisal,"{'net_M': 26.3, 'local_M': 0.0, 'om_M': 0.0, 'dt_min': 5.4, 'trips_k': 16347, 'rank': 40, 'passed': 58, 'candidates': 688, 'account_M': 3968, 'threshold': 1.0, 'state': 0}"
1946,1947,upgrade,rail,Łapy,Białystok,main_el,28.0,14.0,1.4,appraisal,"{'net_M': 19.6, 'local_M': 0.0, 'om_M': 0.0, 'dt_min': 4.1, 'trips_k': 15556, 'rank': 41, 'passed': 58, 'candidates': 688, 'account_M': 3968, 'threshold': 1.0, 'state': 0}"
1946,1947,upgrade,rail,Konin,Września,main_el,55.0,27.5,1.4,appraisal,"{'net_M': 38.5, 'local_M': 0.0, 'om_M': 0.0, 'dt_min': 8.0, 'trips_k': 16490, 'rank': 42, 'passed': 58, 'candidates': 688, 'account_M': 3968, 'threshold': 1.0, 'state': 0}"
1946,1947,upgrade,rail,Rawa Ruska,Tomaszów Lubelski,main_el,32.5,16.3,1.39,appraisal,"{'net_M': 22.6, 'local_M': 0.0, 'om_M': 0.0, 'dt_min': 4.7, 'trips_k': 16170, 'rank': 43, 'passed': 58, 'candidates': 688, 'account_M': 3968, 'threshold': 1.0, 'state': 0}"
1946,1947,upgrade,rail,Zduńska Wola,Sieradz,main_el,16.7,8.3,1.36,appraisal,"{'net_M': 11.4, 'local_M': 0.0, 'om_M': 0.0, 'dt_min': 2.4, 'trips_k': 16280, 'rank': 44, 'passed': 58, 'candidates': 688, 'account_M': 3968, 'threshold': 1.0, 'state': 0}"
1946,1947,upgrade,rail,Jędrzejów,Kielce,main_el,39.7,19.9,1.32,appraisal,"{'net_M': 26.2, 'local_M': 0.0, 'om_M': 0.0, 'dt_min': 5.8, 'trips_k': 16193, 'rank': 45, 'passed': 58, 'candidates': 688, 'account_M': 3968, 'threshold': 1.0, 'state': 0}"
1946,1947,upgrade,rail,Żółkiew,Rawa Ruska,main_el,36.0,18.0,1.32,appraisal,"{'net_M': 23.7, 'local_M': 0.0, 'om_M': 0.0, 'dt_min': 5.3, 'trips_k': 14816, 'rank': 46, 'passed': 58, 'candidates': 688, 'account_M': 3968, 'threshold': 1.0, 'state': 0}"
1946,1947,upgrade,rail,Miechów,Jędrzejów,main_el,42.0,21.0,1.28,appraisal,"{'net_M': 26.9, 'local_M': 0.0, 'om_M': 0.0, 'dt_min': 6.1, 'trips_k': 15695, 'rank': 47, 'passed': 58, 'candidates': 688, 'account_M': 3968, 'threshold': 1.0, 'state': 0}"
1946,1947,upgrade,rail,Kraków,Miechów,main_el,39.1,19.5,1.27,appraisal,"{'net_M': 24.8, 'local_M': 0.0, 'om_M': 0.0, 'dt_min': 5.7, 'trips_k': 15687, 'rank': 48, 'passed': 58, 'candidates': 688, 'account_M': 3968, 'threshold': 1.0, 'state': 0}"
1946,1947,upgrade,rail,Koluszki,Tomaszów Mazowiecki,main_el,30.8,15.4,1.26,appraisal,"{'net_M': 19.5, 'local_M': 0.0, 'om_M': 0.0, 'dt_min': 4.5, 'trips_k': 15096, 'rank': 49, 'passed': 58, 'candidates': 688, 'account_M': 3968, 'threshold': 1.0, 'state': 0}"
1946,1947,upgrade,rail,Starachowice,Ostrowiec,main,30.0,18.0,1.25,appraisal,"{'net_M': 22.5, 'local_M': 0.0, 'om_M': 0.0, 'dt_min': 13.8, 'trips_k': 5341, 'rank': 50, 'passed': 58, 'candidates': 688, 'account_M': 3968, 'threshold': 1.0, 'state': 0}"
1946,1947,upgrade,rail,Mysłowice,Katowice,main_el,10.1,5.1,1.21,appraisal,"{'net_M': 6.2, 'local_M': 0.0, 'om_M': 0.0, 'dt_min': 1.5, 'trips_k': 13937, 'rank': 51, 'passed': 58, 'candidates': 688, 'account_M': 3968, 'threshold': 1.0, 'state': 0}"
1946,1947,upgrade,rail,Września,Poznań,main_el,51.0,25.5,1.19,appraisal,"{'net_M': 30.5, 'local_M': 0.0, 'om_M': 0.0, 'dt_min': 7.4, 'trips_k': 14191, 'rank': 52, 'passed': 58, 'candidates': 688, 'account_M': 3968, 'threshold': 1.0, 'state': 0}"
1946,1947,upgrade,rail,Grudziądz,Toruń,main,61.2,36.7,1.13,appraisal,"{'net_M': 41.6, 'local_M': 0.0, 'om_M': 0.0, 'dt_min': 28.1, 'trips_k': 6031, 'rank': 53, 'passed': 58, 'candidates': 688, 'account_M': 3968, 'threshold': 1.0, 'state': 0}"
1946,1947,upgrade,rail,Lwów,Żółkiew,main_el,28.6,16.4,1.13,appraisal,"{'net_M': 18.6, 'local_M': 0.0, 'om_M': 0.0, 'dt_min': 4.2, 'trips_k': 14685, 'rank': 54, 'passed': 58, 'candidates': 688, 'account_M': 3968, 'threshold': 1.0, 'state': 0}"
1946,1948,upgrade,rail,Kielce,Zawiercie,main,109.4,65.7,1.12,appraisal,"{'net_M': 73.6, 'local_M': 0.0, 'om_M': 0.0, 'dt_min': 50.3, 'trips_k': 5064, 'rank': 55, 'passed': 58, 'candidates': 688, 'account_M': 3968, 'threshold': 1.0, 'state': 0}"
1946,1947,upgrade,rail,Kraków,Bochnia,main_el,41.9,20.9,1.11,appraisal,"{'net_M': 23.2, 'local_M': 0.0, 'om_M': 0.0, 'dt_min': 6.1, 'trips_k': 12589, 'rank': 56, 'passed': 58, 'candidates': 688, 'account_M': 3968, 'threshold': 1.0, 'state': 0}"
1946,1947,upgrade,rail,Lubliniec,Częstochowa,main,39.1,23.5,1.07,appraisal,"{'net_M': 25.2, 'local_M': 0.0, 'om_M': 0.0, 'dt_min': 18.0, 'trips_k': 4929, 'rank': 57, 'passed': 58, 'candidates': 688, 'account_M': 3968, 'threshold': 1.0, 'state': 0}"
1946,1947,upgrade,rail,Bochnia,Tarnów,main_el,46.3,23.2,1.04,appraisal,"{'net_M': 24.2, 'local_M': 0.0, 'om_M': 0.0, 'dt_min': 6.8, 'trips_k': 11841, 'rank': 58, 'passed': 58, 'candidates': 688, 'account_M': 3968, 'threshold': 1.0, 'state': 0}"
1946,1947,upgrade,road,Radom,Puławy,paved,69.4,13.9,3.78,appraisal,"{'net_M': 0.0, 'local_M': np.float64(52.5), 'om_M': 0.0, 'dt_min': 76.5, 'trips_k': 0, 'rank': 1, 'passed': 435, 'candidates': 475, 'account_M': 960, 'threshold': 1.0, 'state': 0}"
1946,1947,upgrade,road,Kėdainiai,Raseiniai,paved,66.7,13.3,3.76,appraisal,"{'net_M': 1.0, 'local_M': np.float64(49.2), 'om_M': 0.0, 'dt_min': 73.5, 'trips_k': 48, 'rank': 2, 'passed': 435, 'candidates': 475, 'account_M': 960, 'threshold': 1.0, 'state': 0}"
1946,1948,upgrade,road,Baranowicze,Pińsk,paved,138.6,33.9,3.75,appraisal,"{'net_M': 0.0, 'local_M': np.float64(127.3), 'om_M': 0.0, 'dt_min': 152.6, 'trips_k': 0, 'rank': 3, 'passed': 435, 'candidates': 475, 'account_M': 960, 'threshold': 1.0, 'state': 0}"
1946,1947,upgrade,road,Kutno,Koło,paved,60.0,12.0,3.74,appraisal,"{'net_M': 0.0, 'local_M': np.float64(44.9), 'om_M': 0.0, 'dt_min': 66.1, 'trips_k': 0, 'rank': 4, 'passed': 435, 'candidates': 475, 'account_M': 960, 'threshold': 1.0, 'state': 0}"
1946,1947,upgrade,road,Wołkowysk,Sokółka,paved,84.7,16.9,3.74,appraisal,"{'net_M': 0.0, 'local_M': np.float64(63.3), 'om_M': 0.0, 'dt_min': 93.3, 'trips_k': 0, 'rank': 5, 'passed': 435, 'candidates': 475, 'account_M': 960, 'threshold': 1.0, 'state': 0}"
1946,1947,upgrade,road,Baranowicze,Nieśwież,paved,55.0,11.0,3.73,appraisal,"{'net_M': 0.0, 'local_M': np.float64(41.0), 'om_M': 0.0, 'dt_min': 60.6, 'trips_k': 0, 'rank': 6, 'passed': 435, 'candidates': 475, 'account_M': 960, 'threshold': 1.0, 'state': 0}"
1946,1947,upgrade,road,Nowogródek,Baranowicze,paved,65.6,15.1,3.72,appraisal,"{'net_M': 0.0, 'local_M': np.float64(56.2), 'om_M': 0.0, 'dt_min': 72.2, 'trips_k': 0, 'rank': 7, 'passed': 435, 'candidates': 475, 'account_M': 960, 'threshold': 1.0, 'state': 0}"
1946,1947,upgrade,road,Radom,Starachowice,paved,48.0,9.6,3.72,appraisal,"{'net_M': 0.0, 'local_M': np.float64(35.7), 'om_M': 0.0, 'dt_min': 52.8, 'trips_k': 0, 'rank': 8, 'passed': 435, 'candidates': 475, 'account_M': 960, 'threshold': 1.0, 'state': 0}"
1946,1947,upgrade,road,Białystok,Bielsk Podlaski,paved,48.9,9.8,3.72,appraisal,"{'net_M': 0.0, 'local_M': np.float64(36.3), 'om_M': 0.0, 'dt_min': 53.9, 'trips_k': 0, 'rank': 9, 'passed': 435, 'candidates': 475, 'account_M': 960, 'threshold': 1.0, 'state': 0}"
1946,1947,upgrade,road,Stryj,Rohatyn,paved,70.2,14.0,3.71,appraisal,"{'net_M': 0.0, 'local_M': np.float64(52.1), 'om_M': 0.0, 'dt_min': 77.3, 'trips_k': 0, 'rank': 10, 'passed': 435, 'candidates': 475, 'account_M': 960, 'threshold': 1.0, 'state': 0}"
1946,1947,upgrade,road,Mielec,Nisko,paved,69.6,13.9,3.71,appraisal,"{'net_M': 0.0, 'local_M': np.float64(51.6), 'om_M': 0.0, 'dt_min': 76.7, 'trips_k': 0, 'rank': 11, 'passed': 435, 'candidates': 475, 'account_M': 960, 'threshold': 1.0, 'state': 0}"
1946,1947,upgrade,road,Zawiercie,Miechów,paved,55.6,11.1,3.71,appraisal,"{'net_M': 0.0, 'local_M': np.float64(41.2), 'om_M': 0.0, 'dt_min': 61.2, 'trips_k': 0, 'rank': 12, 'passed': 435, 'candidates': 475, 'account_M': 960, 'threshold': 1.0, 'state': 0}"
1946,1947,upgrade,road,Chełm,Krasnystaw,paved,33.5,6.7,3.7,appraisal,"{'net_M': 0.0, 'local_M': np.float64(24.9), 'om_M': 0.0, 'dt_min': 36.9, 'trips_k': 0, 'rank': 13, 'passed': 435, 'candidates': 475, 'account_M': 960, 'threshold': 1.0, 'state': 0}"
1946,1947,upgrade,road,Kalisz,Jarocin,paved,57.0,11.4,3.7,appraisal,"{'net_M': 0.0, 'local_M': np.float64(42.2), 'om_M': 0.0, 'dt_min': 62.8, 'trips_k': 0, 'rank': 14, 'passed': 435, 'candidates': 475, 'account_M': 960, 'threshold': 1.0, 'state': 0}"
1946,1947,upgrade,road,Łowicz,Nasielsk,paved,97.1,19.4,3.69,appraisal,"{'net_M': 0.0, 'local_M': np.float64(71.8), 'om_M': 0.0, 'dt_min': 107.0, 'trips_k': 0, 'rank': 15, 'passed': 435, 'candidates': 475, 'account_M': 960, 'threshold': 1.0, 'state': 0}"
1946,1947,upgrade,road,Radomsko,Zawiercie,paved,78.7,15.7,3.69,appraisal,"{'net_M': 0.0, 'local_M': np.float64(58.1), 'om_M': 0.0, 'dt_min': 86.7, 'trips_k': 0, 'rank': 16, 'passed': 435, 'candidates': 475, 'account_M': 960, 'threshold': 1.0, 'state': 0}"
1946,1947,upgrade,road,Zamość,Kraśnik,paved,92.3,18.5,3.69,appraisal,"{'net_M': 0.0, 'local_M': np.float64(68.1), 'om_M': 0.0, 'dt_min': 101.7, 'trips_k': 0, 'rank': 17, 'passed': 435, 'candidates': 475, 'account_M': 960, 'threshold': 1.0, 'state': 0}"
1946,1947,upgrade,road,Marijampolė,Alytus,paved,59.3,11.9,3.68,appraisal,"{'net_M': 0.0, 'local_M': np.float64(43.7), 'om_M': 0.0, 'dt_min': 65.3, 'trips_k': 0, 'rank': 18, 'passed': 435, 'candidates': 475, 'account_M': 960, 'threshold': 1.0, 'state': 0}"
1946,1947,upgrade,road,Konin,Inowrocław,paved,78.7,15.7,3.68,appraisal,"{'net_M': 0.0, 'local_M': np.float64(57.9), 'om_M': 0.0, 'dt_min': 86.7, 'trips_k': 0, 'rank': 19, 'passed': 435, 'candidates': 475, 'account_M': 960, 'threshold': 1.0, 'state': 0}"
1946,1947,upgrade,road,Nakło,Chojnice,paved,76.0,15.2,3.67,appraisal,"{'net_M': 0.0, 'local_M': np.float64(55.9), 'om_M': 0.0, 'dt_min': 83.7, 'trips_k': 0, 'rank': 20, 'passed': 435, 'candidates': 475, 'account_M': 960, 'threshold': 1.0, 'state': 0}"
1946,1947,upgrade,road,Raseiniai,Tauragė,paved,66.5,13.3,3.67,appraisal,"{'net_M': 0.0, 'local_M': np.float64(48.8), 'om_M': 0.0, 'dt_min': 73.2, 'trips_k': 0, 'rank': 21, 'passed': 435, 'candidates': 475, 'account_M': 960, 'threshold': 1.0, 'state': 0}"
1946,1947,upgrade,road,Krzemieniec,Zbaraż,paved,59.8,13.8,3.67,appraisal,"{'net_M': 0.4, 'local_M': np.float64(50.1), 'om_M': 0.0, 'dt_min': 65.9, 'trips_k': 20, 'rank': 22, 'passed': 435, 'candidates': 475, 'account_M': 960, 'threshold': 1.0, 'state': 0}"
1946,1947,upgrade,road,Białystok,Sokółka,paved,46.9,9.4,3.67,appraisal,"{'net_M': 0.0, 'local_M': np.float64(34.4), 'om_M': 0.0, 'dt_min': 51.7, 'trips_k': 0, 'rank': 23, 'passed': 435, 'candidates': 475, 'account_M': 960, 'threshold': 1.0, 'state': 0}"
1946,1947,upgrade,road,Krzemieniec,Ostróg,paved,75.3,17.3,3.67,appraisal,"{'net_M': 0.0, 'local_M': np.float64(63.5), 'om_M': 0.0, 'dt_min': 83.0, 'trips_k': 0, 'rank': 24, 'passed': 435, 'candidates': 475, 'account_M': 960, 'threshold': 1.0, 'state': 0}"
1946,1947,upgrade,road,Horochów,Brody,paved,66.2,13.2,3.66,appraisal,"{'net_M': 0.0, 'local_M': np.float64(48.5), 'om_M': 0.0, 'dt_min': 73.0, 'trips_k': 0, 'rank': 25, 'passed': 435, 'candidates': 475, 'account_M': 960, 'threshold': 1.0, 'state': 0}"
1946,1947,upgrade,road,Tomaszów Mazowiecki,Opoczno,paved,30.6,6.1,3.66,appraisal,"{'net_M': 0.0, 'local_M': np.float64(22.4), 'om_M': 0.0, 'dt_min': 33.7, 'trips_k': 0, 'rank': 26, 'passed': 435, 'candidates': 475, 'account_M': 960, 'threshold': 1.0, 'state': 0}"
1946,1947,upgrade,road,Grodno,Lazdijai,paved,78.6,15.7,3.66,appraisal,"{'net_M': 0.3, 'local_M': np.float64(57.2), 'om_M': 0.0, 'dt_min': 86.6, 'trips_k': 26, 'rank': 27, 'passed': 435, 'candidates': 475, 'account_M': 960, 'threshold': 1.0, 'state': 0}"
1946,1947,upgrade,road,Wilno,Utena,paved,112.7,25.9,3.66,appraisal,"{'net_M': 0.0, 'local_M': np.float64(94.8), 'om_M': 0.0, 'dt_min': 124.1, 'trips_k': 0, 'rank': 28, 'passed': 435, 'candidates': 475, 'account_M': 960, 'threshold': 1.0, 'state': 0}"
1946,1947,upgrade,road,Stanisławów,Halicz,paved,27.1,5.4,3.66,appraisal,"{'net_M': 0.0, 'local_M': np.float64(19.8), 'om_M': 0.0, 'dt_min': 29.9, 'trips_k': 0, 'rank': 29, 'passed': 435, 'candidates': 475, 'account_M': 960, 'threshold': 1.0, 'state': 0}"
1946,1947,upgrade,road,Poznań,Szamotuły,paved,39.6,7.9,3.65,appraisal,"{'net_M': 0.0, 'local_M': np.float64(29.0), 'om_M': 0.0, 'dt_min': 43.7, 'trips_k': 0, 'rank': 30, 'passed': 435, 'candidates': 475, 'account_M': 960, 'threshold': 1.0, 'state': 0}"
1946,1947,upgrade,road,Krzemieniec,Zdołbunów,paved,71.6,16.5,3.65,appraisal,"{'net_M': 0.0, 'local_M': np.float64(60.1), 'om_M': 0.0, 'dt_min': 78.8, 'trips_k': 0, 'rank': 31, 'passed': 435, 'candidates': 475, 'account_M': 960, 'threshold': 1.0, 'state': 0}"
1946,1947,upgrade,road,Raseiniai,Telšiai,paved,105.1,24.2,3.65,appraisal,"{'net_M': 0.0, 'local_M': np.float64(88.3), 'om_M': 0.0, 'dt_min': 115.8, 'trips_k': 0, 'rank': 32, 'passed': 435, 'candidates': 475, 'account_M': 960, 'threshold': 1.0, 'state': 0}"
1946,1947,upgrade,road,Zamość,Nisko,paved,99.3,19.9,3.65,appraisal,"{'net_M': 0.0, 'local_M': np.float64(72.5), 'om_M': 0.0, 'dt_min': 109.4, 'trips_k': 0, 'rank': 33, 'passed': 435, 'candidates': 475, 'account_M': 960, 'threshold': 1.0, 'state': 0}"
1946,1948,upgrade,road,Słonim,Drohiczyn Poleski,paved,124.2,30.4,3.65,appraisal,"{'net_M': 0.0, 'local_M': np.float64(111.0), 'om_M': 0.0, 'dt_min': 136.8, 'trips_k': 0, 'rank': 34, 'passed': 435, 'candidates': 475, 'account_M': 960, 'threshold': 1.0, 'state': 0}"
1946,1948,upgrade,road,Dzisna,Riga via Daugavpils,gravel,134.4,13.4,3.64,appraisal,"{'net_M': 0.0, 'local_M': np.float64(48.9), 'om_M': 0.0, 'dt_min': 336.3, 'trips_k': 0, 'rank': 35, 'passed': 435, 'candidates': 475, 'account_M': 960, 'threshold': 1.0, 'state': 0}"
1946,1947,upgrade,road,Grodno,Augustów,paved,71.5,14.3,3.63,appraisal,"{'net_M': 0.0, 'local_M': np.float64(52.0), 'om_M': 0.0, 'dt_min': 78.8, 'trips_k': 0, 'rank': 36, 'passed': 435, 'candidates': 475, 'account_M': 960, 'threshold': 1.0, 'state': 0}"
1946,1947,upgrade,road,Brześć,Kobryń,paved,57.7,14.1,3.63,appraisal,"{'net_M': 0.0, 'local_M': np.float64(51.3), 'om_M': 0.0, 'dt_min': 63.6, 'trips_k': 0, 'rank': 37, 'passed': 435, 'candidates': 475, 'account_M': 960, 'threshold': 1.0, 'state': 0}"
1946,1947,upgrade,road,Kalisz,Konin,paved,63.8,12.8,3.63,appraisal,"{'net_M': 0.0, 'local_M': np.float64(46.3), 'om_M': 0.0, 'dt_min': 70.3, 'trips_k': 0, 'rank': 38, 'passed': 435, 'candidates': 475, 'account_M': 960, 'threshold': 1.0, 'state': 0}"
1946,1947,upgrade,road,Krasnystaw,Kraśnik,paved,81.6,16.3,3.63,appraisal,"{'net_M': 0.0, 'local_M': np.float64(59.2), 'om_M': 0.0, 'dt_min': 89.9, 'trips_k': 0, 'rank': 39, 'passed': 435, 'candidates': 475, 'account_M': 960, 'threshold': 1.0, 'state': 0}"
1946,1947,upgrade,road,Września,Jarocin,paved,49.2,9.8,3.62,appraisal,"{'net_M': 0.0, 'local_M': np.float64(35.7), 'om_M': 0.0, 'dt_min': 54.2, 'trips_k': 0, 'rank': 40, 'passed': 435, 'candidates': 475, 'account_M': 960, 'threshold': 1.0, 'state': 0}"
1946,1947,upgrade,road,Pszczyna,Oświęcim,paved,25.7,5.1,3.6,appraisal,"{'net_M': 0.0, 'local_M': np.float64(18.5), 'om_M': 0.0, 'dt_min': 28.3, 'trips_k': 0, 'rank': 41, 'passed': 435, 'candidates': 475, 'account_M': 960, 'threshold': 1.0, 'state': 0}"
1946,1947,upgrade,road,Kielce,Starachowice,paved,44.8,9.0,3.6,appraisal,"{'net_M': 0.0, 'local_M': np.float64(32.3), 'om_M': 0.0, 'dt_min': 49.4, 'trips_k': 0, 'rank': 42, 'passed': 435, 'candidates': 475, 'account_M': 960, 'threshold': 1.0, 'state': 0}"
1946,1947,upgrade,road,Drohobycz,Gródek Jagielloński,paved,59.6,13.7,3.59,appraisal,"{'net_M': 0.0, 'local_M': np.float64(49.2), 'om_M': 0.0, 'dt_min': 65.7, 'trips_k': 0, 'rank': 43, 'passed': 435, 'candidates': 475, 'account_M': 960, 'threshold': 1.0, 'state': 0}"
1946,1947,upgrade,road,Żółkiew,Sokal,paved,63.0,12.6,3.58,appraisal,"{'net_M': 0.0, 'local_M': np.float64(45.1), 'om_M': 0.0, 'dt_min': 69.4, 'trips_k': 0, 'rank': 44, 'passed': 435, 'candidates': 475, 'account_M': 960, 'threshold': 1.0, 'state': 0}"
1946,1947,upgrade,road,Tomaszów Lubelski,Nisko,paved,110.9,22.2,3.57,appraisal,"{'net_M': 0.0, 'local_M': np.float64(79.3), 'om_M': 0.0, 'dt_min': 122.1, 'trips_k': 0, 'rank': 45, 'passed': 435, 'candidates': 475, 'account_M': 960, 'threshold': 1.0, 'state': 0}"
1946,1947,upgrade,road,Święciany,Wilejka,paved,106.3,21.3,3.57,appraisal,"{'net_M': 0.0, 'local_M': np.float64(76.0), 'om_M': 0.0, 'dt_min': 117.1, 'trips_k': 0, 'rank': 46, 'passed': 435, 'candidates': 475, 'account_M': 960, 'threshold': 1.0, 'state': 0}"
1946,1947,upgrade,road,Płock,Kutno,paved,51.7,10.3,3.57,appraisal,"{'net_M': 0.0, 'local_M': np.float64(36.9), 'om_M': 0.0, 'dt_min': 57.0, 'trips_k': 0, 'rank': 47, 'passed': 435, 'candidates': 475, 'account_M': 960, 'threshold': 1.0, 'state': 0}"
1946,1947,upgrade,road,Chorzów,Tarnowskie Góry,paved,20.5,4.1,3.55,appraisal,"{'net_M': 0.0, 'local_M': np.float64(14.6), 'om_M': 0.0, 'dt_min': 22.6, 'trips_k': 0, 'rank': 48, 'passed': 435, 'candidates': 475, 'account_M': 960, 'threshold': 1.0, 'state': 0}"
1946,1947,upgrade,road,Konin,Września,paved,58.4,11.7,3.55,appraisal,"{'net_M': 0.0, 'local_M': np.float64(41.5), 'om_M': 0.0, 'dt_min': 64.3, 'trips_k': 0, 'rank': 49, 'passed': 435, 'candidates': 475, 'account_M': 960, 'threshold': 1.0, 'state': 0}"
1946,1947,upgrade,road,Nowy Sącz,Bochnia,paved,52.7,16.9,3.54,appraisal,"{'net_M': 0.0, 'local_M': np.float64(59.6), 'om_M': 0.0, 'dt_min': 58.0, 'trips_k': 0, 'rank': 50, 'passed': 435, 'candidates': 475, 'account_M': 960, 'threshold': 1.0, 'state': 0}"
1946,1947,upgrade,road,Rzeszów,Jasło,paved,60.8,14.0,3.54,appraisal,"{'net_M': 0.0, 'local_M': np.float64(49.5), 'om_M': 0.0, 'dt_min': 66.9, 'trips_k': 0, 'rank': 51, 'passed': 435, 'candidates': 475, 'account_M': 960, 'threshold': 1.0, 'state': 0}"
1946,1947,upgrade,road,Grójec,Garwolin,paved,62.1,12.4,3.51,appraisal,"{'net_M': 0.1, 'local_M': np.float64(43.5), 'om_M': 0.0, 'dt_min': 68.4, 'trips_k': 27, 'rank': 52, 'passed': 435, 'candidates': 475, 'account_M': 960, 'threshold': 1.0, 'state': 0}"
1946,1947,upgrade,road,Chełm,Włodawa,paved,56.0,11.2,3.51,appraisal,"{'net_M': 0.0, 'local_M': np.float64(39.3), 'om_M': 0.0, 'dt_min': 61.7, 'trips_k': 0, 'rank': 53, 'passed': 435, 'candidates': 475, 'account_M': 960, 'threshold': 1.0, 'state': 0}"
1946,1947,upgrade,road,Zamość,Hrubieszów,paved,56.3,11.3,3.51,appraisal,"{'net_M': 0.0, 'local_M': np.float64(39.5), 'om_M': 0.0, 'dt_min': 62.0, 'trips_k': 0, 'rank': 54, 'passed': 435, 'candidates': 475, 'account_M': 960, 'threshold': 1.0, 'state': 0}"
1946,1947,upgrade,road,Piotrków,Końskie,paved,67.2,13.4,3.5,appraisal,"{'net_M': 0.0, 'local_M': np.float64(47.1), 'om_M': 0.0, 'dt_min': 74.0, 'trips_k': 0, 'rank': 55, 'passed': 435, 'candidates': 475, 'account_M': 960, 'threshold': 1.0, 'state': 0}"
1946,1947,upgrade,road,Skierniewice,Grójec,paved,61.5,12.3,3.5,appraisal,"{'net_M': 0.7, 'local_M': np.float64(42.3), 'om_M': 0.0, 'dt_min': 67.7, 'trips_k': 131, 'rank': 56, 'passed': 435, 'candidates': 475, 'account_M': 960, 'threshold': 1.0, 'state': 0}"
1946,1947,upgrade,road,Alytus,Lazdijai,paved,47.9,9.6,3.49,appraisal,"{'net_M': 0.0, 'local_M': np.float64(33.4), 'om_M': 0.0, 'dt_min': 52.7, 'trips_k': 1, 'rank': 57, 'passed': 435, 'candidates': 475, 'account_M': 960, 'threshold': 1.0, 'state': 0}"
1946,1947,upgrade,road,Będzin,Chorzów,paved,16.1,3.2,3.48,appraisal,"{'net_M': 0.0, 'local_M': np.float64(11.2), 'om_M': 0.0, 'dt_min': 17.7, 'trips_k': 0, 'rank': 58, 'passed': 435, 'candidates': 475, 'account_M': 960, 'threshold': 1.0, 'state': 0}"
1946,1947,upgrade,road,Sandomierz,Kraśnik,paved,51.8,10.4,3.48,appraisal,"{'net_M': 0.0, 'local_M': np.float64(36.1), 'om_M': 0.0, 'dt_min': 57.1, 'trips_k': 0, 'rank': 59, 'passed': 435, 'candidates': 475, 'account_M': 960, 'threshold': 1.0, 'state': 0}"
1946,1947,upgrade,road,Pińsk,Sarny,paved,112.6,32.7,3.48,appraisal,"{'net_M': 0.0, 'local_M': np.float64(113.6), 'om_M': 0.0, 'dt_min': 124.0, 'trips_k': 0, 'rank': 60, 'passed': 435, 'candidates': 475, 'account_M': 960, 'threshold': 1.0, 'state': 0}"
1946,1947,upgrade,road,Białystok,Łapy,paved,29.7,5.9,3.48,appraisal,"{'net_M': 0.0, 'local_M': np.float64(20.6), 'om_M': 0.0, 'dt_min': 32.7, 'trips_k': 0, 'rank': 61, 'passed': 435, 'candidates': 475, 'account_M': 960, 'threshold': 1.0, 'state': 0}"
1946,1947,upgrade,road,Baranowicze,Stołpce,paved,75.2,15.0,3.47,appraisal,"{'net_M': 0.0, 'local_M': np.float64(52.2), 'om_M': 0.0, 'dt_min': 82.9, 'trips_k': 0, 'rank': 62, 'passed': 435, 'candidates': 475, 'account_M': 960, 'threshold': 1.0, 'state': 0}"
1946,1947,upgrade,road,Rybnik,Cieszyn,paved,48.1,11.1,3.46,appraisal,"{'net_M': 0.0, 'local_M': np.float64(38.3), 'om_M': 0.0, 'dt_min': 53.0, 'trips_k': 0, 'rank': 63, 'passed': 435, 'candidates': 475, 'account_M': 960, 'threshold': 1.0, 'state': 0}"
1946,1947,upgrade,road,Wieluń,Kępno,paved,49.9,10.0,3.46,appraisal,"{'net_M': 0.0, 'local_M': np.float64(34.5), 'om_M': 0.0, 'dt_min': 55.0, 'trips_k': 0, 'rank': 64, 'passed': 435, 'candidates': 475, 'account_M': 960, 'threshold': 1.0, 'state': 0}"
1946,1947,upgrade,road,Bydgoszcz,Nakło,paved,33.5,6.7,3.45,appraisal,"{'net_M': 0.0, 'local_M': np.float64(23.1), 'om_M': 0.0, 'dt_min': 36.9, 'trips_k': 0, 'rank': 65, 'passed': 435, 'candidates': 475, 'account_M': 960, 'threshold': 1.0, 'state': 0}"
1946,1947,upgrade,road,Krasnystaw,Hrubieszów,paved,65.8,13.2,3.45,appraisal,"{'net_M': 0.0, 'local_M': np.float64(45.3), 'om_M': 0.0, 'dt_min': 72.4, 'trips_k': 0, 'rank': 66, 'passed': 435, 'candidates': 475, 'account_M': 960, 'threshold': 1.0, 'state': 0}"
1946,1947,upgrade,road,Ukmergė,Utena,paved,73.1,14.6,3.44,appraisal,"{'net_M': 0.0, 'local_M': np.float64(50.2), 'om_M': 0.0, 'dt_min': 80.5, 'trips_k': 1, 'rank': 67, 'passed': 435, 'candidates': 475, 'account_M': 960, 'threshold': 1.0, 'state': 0}"
1946,1947,upgrade,road,Kielce,Tarnobrzeg,paved,98.9,19.8,3.43,appraisal,"{'net_M': 0.0, 'local_M': np.float64(67.9), 'om_M': 0.0, 'dt_min': 109.0, 'trips_k': 0, 'rank': 68, 'passed': 435, 'candidates': 475, 'account_M': 960, 'threshold': 1.0, 'state': 0}"
1946,1947,upgrade,road,Hrubieszów,Tomaszów Lubelski,paved,63.4,12.7,3.43,appraisal,"{'net_M': 0.0, 'local_M': np.float64(43.5), 'om_M': 0.0, 'dt_min': 69.8, 'trips_k': 0, 'rank': 69, 'passed': 435, 'candidates': 475, 'account_M': 960, 'threshold': 1.0, 'state': 0}"
1946,1947,upgrade,road,Horodenka,Zaleszczyki,paved,20.8,4.2,3.17,appraisal,"{'net_M': 0.0, 'local_M': np.float64(13.2), 'om_M': 0.0, 'dt_min': 22.9, 'trips_k': 0, 'rank': 109, 'passed': 435, 'candidates': 475, 'account_M': 960, 'threshold': 1.0, 'state': 0}"
1947,1947,dated,road,Katowice,Kraków,express,,,,planned: Nestorowicz 1939 trunk-road plan: Katowice-Kraków,
1948,1950,upgrade,rail,Kielce,Zawiercie,main_el,109.4,54.7,1.27,appraisal,"{'net_M': 69.4, 'local_M': 0.0, 'om_M': 0.0, 'dt_min': 15.9, 'trips_k': 19705, 'rank': 1, 'passed': 4, 'candidates': 634, 'account_M': 3672, 'threshold': 1.0, 'state': 0}"
1948,1949,upgrade,rail,Białystok,Sokółka,main_el,44.2,22.1,1.17,appraisal,"{'net_M': 26.0, 'local_M': 0.0, 'om_M': 0.0, 'dt_min': 6.4, 'trips_k': 12472, 'rank': 2, 'passed': 4, 'candidates': 634, 'account_M': 3672, 'threshold': 1.0, 'state': 0}"
1948,1949,upgrade,rail,Dąbrowa Górnicza,Mysłowice,main,11.0,6.6,1.11,appraisal,"{'net_M': 7.3, 'local_M': 0.0, 'om_M': 0.0, 'dt_min': 5.0, 'trips_k': 5604, 'rank': 3, 'passed': 4, 'candidates': 634, 'account_M': 3672, 'threshold': 1.0, 'state': 0}"
1948,1949,upgrade,rail,Ostrów Wielkopolski,Kalisz,main_el,26.3,13.1,1.11,appraisal,"{'net_M': 14.5, 'local_M': 0.0, 'om_M': 0.0, 'dt_min': 3.8, 'trips_k': 12841, 'rank': 4, 'passed': 4, 'candidates': 634, 'account_M': 3672, 'threshold': 1.0, 'state': 0}"
1948,1949,upgrade,road,Zamość,Krasnystaw,paved,35.9,7.2,3.67,appraisal,"{'net_M': 0.0, 'local_M': np.float64(26.4), 'om_M': 0.0, 'dt_min': 38.4, 'trips_k': 0, 'rank': 1, 'passed': 367, 'candidates': 406, 'account_M': 1083, 'threshold': 1.0, 'state': 0}"
1948,1949,upgrade,road,Zamość,Tomaszów Lubelski,paved,39.4,7.9,3.67,appraisal,"{'net_M': 0.0, 'local_M': np.float64(28.9), 'om_M': 0.0, 'dt_min': 42.2, 'trips_k': 0, 'rank': 2, 'passed': 367, 'candidates': 406, 'account_M': 1083, 'threshold': 1.0, 'state': 0}"
1948,1949,upgrade,road,Landwarów,Lida,paved,101.6,20.3,3.67,appraisal,"{'net_M': 0.0, 'local_M': np.float64(74.6), 'om_M': 0.0, 'dt_min': 108.6, 'trips_k': 0, 'rank': 3, 'passed': 367, 'candidates': 406, 'account_M': 1083, 'threshold': 1.0, 'state': 0}"
1948,1949,upgrade,road,Zbąszyń,Szamotuły,paved,73.2,14.6,3.66,appraisal,"{'net_M': 0.0, 'local_M': np.float64(53.6), 'om_M': 0.0, 'dt_min': 78.3, 'trips_k': 0, 'rank': 4, 'passed': 367, 'candidates': 406, 'account_M': 1083, 'threshold': 1.0, 'state': 0}"
1948,1949,upgrade,road,Bydgoszcz,Chojnice,paved,86.7,17.3,3.66,appraisal,"{'net_M': 0.0, 'local_M': np.float64(63.5), 'om_M': 0.0, 'dt_min': 92.6, 'trips_k': 0, 'rank': 5, 'passed': 367, 'candidates': 406, 'account_M': 1083, 'threshold': 1.0, 'state': 0}"
1948,1949,upgrade,road,Sierpc,Brodnica,paved,58.6,11.7,3.66,appraisal,"{'net_M': 0.0, 'local_M': np.float64(42.9), 'om_M': 0.0, 'dt_min': 62.6, 'trips_k': 0, 'rank': 6, 'passed': 367, 'candidates': 406, 'account_M': 1083, 'threshold': 1.0, 'state': 0}"
1948,1949,upgrade,road,Raseiniai,Šiauliai,paved,76.0,15.2,3.66,appraisal,"{'net_M': 0.1, 'local_M': np.float64(55.5), 'om_M': 0.0, 'dt_min': 81.2, 'trips_k': 7, 'rank': 7, 'passed': 367, 'candidates': 406, 'account_M': 1083, 'threshold': 1.0, 'state': 0}"
1948,1949,upgrade,road,Konin,Jarocin,paved,71.1,14.2,3.66,appraisal,"{'net_M': 0.0, 'local_M': np.float64(52.0), 'om_M': 0.0, 'dt_min': 76.0, 'trips_k': 0, 'rank': 8, 'passed': 367, 'candidates': 406, 'account_M': 1083, 'threshold': 1.0, 'state': 0}"
1948,1949,upgrade,road,Mysłowice,Pszczyna,paved,39.0,7.8,3.66,appraisal,"{'net_M': 0.0, 'local_M': np.float64(28.5), 'om_M': 0.0, 'dt_min': 41.6, 'trips_k': 0, 'rank': 9, 'passed': 367, 'candidates': 406, 'account_M': 1083, 'threshold': 1.0, 'state': 0}"
1948,1949,upgrade,road,Utena,Rokiškis,paved,62.4,12.5,3.65,appraisal,"{'net_M': 0.0, 'local_M': np.float64(45.5), 'om_M': 0.0, 'dt_min': 66.7, 'trips_k': 3, 'rank': 10, 'passed': 367, 'candidates': 406, 'account_M': 1083, 'threshold': 1.0, 'state': 0}"
1948,1949,upgrade,road,Stryj,Kałusz,paved,55.0,11.0,3.64,appraisal,"{'net_M': 0.0, 'local_M': np.float64(40.0), 'om_M': 0.0, 'dt_min': 58.7, 'trips_k': 0, 'rank': 11, 'passed': 367, 'candidates': 406, 'account_M': 1083, 'threshold': 1.0, 'state': 0}"
1948,1949,upgrade,road,Włodzimierz Wołyński,Sokal,paved,50.3,10.1,3.64,appraisal,"{'net_M': 0.0, 'local_M': np.float64(36.6), 'om_M': 0.0, 'dt_min': 53.8, 'trips_k': 0, 'rank': 12, 'passed': 367, 'candidates': 406, 'account_M': 1083, 'threshold': 1.0, 'state': 0}"
1948,1949,upgrade,road,Kaišiadorys,Alytus,paved,69.9,14.0,3.63,appraisal,"{'net_M': 0.0, 'local_M': np.float64(50.8), 'om_M': 0.0, 'dt_min': 74.7, 'trips_k': 0, 'rank': 13, 'passed': 367, 'candidates': 406, 'account_M': 1083, 'threshold': 1.0, 'state': 0}"
1948,1949,upgrade,road,Ostrowiec,Puławy,paved,82.8,16.6,3.63,appraisal,"{'net_M': 0.0, 'local_M': np.float64(60.0), 'om_M': 0.0, 'dt_min': 88.5, 'trips_k': 0, 'rank': 14, 'passed': 367, 'candidates': 406, 'account_M': 1083, 'threshold': 1.0, 'state': 0}"
1948,1949,upgrade,road,Tarnów,Nowy Sącz,paved,59.1,18.9,3.6,appraisal,"{'net_M': 0.0, 'local_M': np.float64(68.0), 'om_M': 0.0, 'dt_min': 63.1, 'trips_k': 0, 'rank': 15, 'passed': 367, 'candidates': 406, 'account_M': 1083, 'threshold': 1.0, 'state': 0}"
1948,1949,upgrade,road,Płock,Sierpc,paved,42.1,8.4,3.59,appraisal,"{'net_M': 0.0, 'local_M': np.float64(30.3), 'om_M': 0.0, 'dt_min': 45.0, 'trips_k': 0, 'rank': 16, 'passed': 367, 'candidates': 406, 'account_M': 1083, 'threshold': 1.0, 'state': 0}"
1948,1949,upgrade,road,Panevėžys,Utena,paved,100.0,20.0,3.58,appraisal,"{'net_M': 0.0, 'local_M': np.float64(71.6), 'om_M': 0.0, 'dt_min': 106.9, 'trips_k': 0, 'rank': 17, 'passed': 367, 'candidates': 406, 'account_M': 1083, 'threshold': 1.0, 'state': 0}"
1948,1949,upgrade,road,Ostrowiec,Starachowice,paved,31.8,6.4,3.56,appraisal,"{'net_M': 0.0, 'local_M': np.float64(22.7), 'om_M': 0.0, 'dt_min': 34.0, 'trips_k': 0, 'rank': 18, 'passed': 367, 'candidates': 406, 'account_M': 1083, 'threshold': 1.0, 'state': 0}"
1948,1949,upgrade,road,Sieradz,Łęczyca,paved,73.8,14.8,3.56,appraisal,"{'net_M': 0.0, 'local_M': np.float64(52.5), 'om_M': 0.0, 'dt_min': 78.9, 'trips_k': 0, 'rank': 19, 'passed': 367, 'candidates': 406, 'account_M': 1083, 'threshold': 1.0, 'state': 0}"
1948,1949,upgrade,road,Zduńska Wola,Łęczyca,paved,66.1,13.2,3.55,appraisal,"{'net_M': 0.0, 'local_M': np.float64(46.9), 'om_M': 0.0, 'dt_min': 70.6, 'trips_k': 0, 'rank': 20, 'passed': 367, 'candidates': 406, 'account_M': 1083, 'threshold': 1.0, 'state': 0}"
1948,1949,upgrade,road,Łomża,Ostrołęka,paved,41.7,8.3,3.55,appraisal,"{'net_M': 0.2, 'local_M': np.float64(29.4), 'om_M': 0.0, 'dt_min': 44.6, 'trips_k': 16, 'rank': 21, 'passed': 367, 'candidates': 406, 'account_M': 1083, 'threshold': 1.0, 'state': 0}"
1948,1949,upgrade,road,Piotrków,Radomsko,paved,50.8,10.2,3.54,appraisal,"{'net_M': 0.0, 'local_M': np.float64(36.0), 'om_M': 0.0, 'dt_min': 54.3, 'trips_k': 0, 'rank': 22, 'passed': 367, 'candidates': 406, 'account_M': 1083, 'threshold': 1.0, 'state': 0}"
1948,1949,upgrade,road,Chełm,Luboml,paved,50.0,10.0,3.54,appraisal,"{'net_M': 0.0, 'local_M': np.float64(35.4), 'om_M': 0.0, 'dt_min': 53.4, 'trips_k': 0, 'rank': 23, 'passed': 367, 'candidates': 406, 'account_M': 1083, 'threshold': 1.0, 'state': 0}"
1948,1949,upgrade,road,Skarżysko-Kamienna,Końskie,paved,40.3,8.1,3.53,appraisal,"{'net_M': 0.0, 'local_M': np.float64(28.4), 'om_M': 0.0, 'dt_min': 43.0, 'trips_k': 0, 'rank': 24, 'passed': 367, 'candidates': 406, 'account_M': 1083, 'threshold': 1.0, 'state': 0}"
1948,1949,upgrade,road,Włodzimierz Wołyński,Luboml,paved,56.8,11.4,3.53,appraisal,"{'net_M': 0.0, 'local_M': np.float64(40.1), 'om_M': 0.0, 'dt_min': 60.7, 'trips_k': 0, 'rank': 25, 'passed': 367, 'candidates': 406, 'account_M': 1083, 'threshold': 1.0, 'state': 0}"
1948,1949,upgrade,road,Płock,Ciechanów,paved,87.9,17.6,3.52,appraisal,"{'net_M': 0.0, 'local_M': np.float64(61.9), 'om_M': 0.0, 'dt_min': 93.9, 'trips_k': 0, 'rank': 26, 'passed': 367, 'candidates': 406, 'account_M': 1083, 'threshold': 1.0, 'state': 0}"
1948,1949,upgrade,road,Żółkiew,Brody,paved,102.8,20.6,3.52,appraisal,"{'net_M': 0.0, 'local_M': np.float64(72.3), 'om_M': 0.0, 'dt_min': 109.8, 'trips_k': 0, 'rank': 27, 'passed': 367, 'candidates': 406, 'account_M': 1083, 'threshold': 1.0, 'state': 0}"
1948,1949,upgrade,road,Raseiniai,Radviliškis,paved,66.6,13.3,3.5,appraisal,"{'net_M': 0.2, 'local_M': np.float64(46.4), 'om_M': 0.0, 'dt_min': 71.2, 'trips_k': 7, 'rank': 28, 'passed': 367, 'candidates': 406, 'account_M': 1083, 'threshold': 1.0, 'state': 0}"
1948,1949,upgrade,road,Białystok,Grajewo,paved,91.0,18.2,3.49,appraisal,"{'net_M': 0.0, 'local_M': np.float64(63.5), 'om_M': 0.0, 'dt_min': 97.2, 'trips_k': 0, 'rank': 29, 'passed': 367, 'candidates': 406, 'account_M': 1083, 'threshold': 1.0, 'state': 0}"
1948,1949,upgrade,road,Brzeżany,Trembowla,paved,71.8,14.4,3.49,appraisal,"{'net_M': 0.0, 'local_M': np.float64(50.2), 'om_M': 0.0, 'dt_min': 76.8, 'trips_k': 0, 'rank': 30, 'passed': 367, 'candidates': 406, 'account_M': 1083, 'threshold': 1.0, 'state': 0}"
1948,1949,upgrade,road,Raseiniai,Šakiai,paved,58.6,11.7,3.49,appraisal,"{'net_M': 0.0, 'local_M': np.float64(40.9), 'om_M': 0.0, 'dt_min': 62.6, 'trips_k': 1, 'rank': 31, 'passed': 367, 'candidates': 406, 'account_M': 1083, 'threshold': 1.0, 'state': 0}"
1948,1949,upgrade,road,Wilno,Święciany,paved,91.8,21.1,3.48,appraisal,"{'net_M': 0.0, 'local_M': np.float64(73.4), 'om_M': 0.0, 'dt_min': 98.2, 'trips_k': 0, 'rank': 32, 'passed': 367, 'candidates': 406, 'account_M': 1083, 'threshold': 1.0, 'state': 0}"
1948,1949,upgrade,road,Halicz,Brzeżany,paved,48.5,9.7,3.47,appraisal,"{'net_M': 0.0, 'local_M': np.float64(33.6), 'om_M': 0.0, 'dt_min': 51.8, 'trips_k': 0, 'rank': 33, 'passed': 367, 'candidates': 406, 'account_M': 1083, 'threshold': 1.0, 'state': 0}"
1948,1949,upgrade,road,Kraków,Nowy Targ,paved,79.1,25.3,3.46,appraisal,"{'net_M': 0.0, 'local_M': np.float64(87.7), 'om_M': 0.0, 'dt_min': 84.5, 'trips_k': 0, 'rank': 34, 'passed': 367, 'candidates': 406, 'account_M': 1083, 'threshold': 1.0, 'state': 0}"
1948,1949,upgrade,road,Toruń,Chełmno,paved,48.1,9.6,3.44,appraisal,"{'net_M': 0.0, 'local_M': np.float64(33.2), 'om_M': 0.0, 'dt_min': 51.5, 'trips_k': 0, 'rank': 35, 'passed': 367, 'candidates': 406, 'account_M': 1083, 'threshold': 1.0, 'state': 0}"
1948,1949,upgrade,road,Tomaszów Lubelski,Rawa Ruska,paved,34.5,6.9,3.42,appraisal,"{'net_M': 0.0, 'local_M': np.float64(23.6), 'om_M': 0.0, 'dt_min': 36.9, 'trips_k': 0, 'rank': 36, 'passed': 367, 'candidates': 406, 'account_M': 1083, 'threshold': 1.0, 'state': 0}"
1948,1949,upgrade,road,Nowogródek,Mosty,paved,106.4,24.5,3.42,appraisal,"{'net_M': 0.0, 'local_M': np.float64(83.8), 'om_M': 0.0, 'dt_min': 113.8, 'trips_k': 0, 'rank': 37, 'passed': 367, 'candidates': 406, 'account_M': 1083, 'threshold': 1.0, 'state': 0}"
1948,1949,upgrade,road,Rzeszów,Krosno,paved,51.6,11.9,3.42,appraisal,"{'net_M': 0.0, 'local_M': np.float64(40.5), 'om_M': 0.0, 'dt_min': 55.1, 'trips_k': 0, 'rank': 38, 'passed': 367, 'candidates': 406, 'account_M': 1083, 'threshold': 1.0, 'state': 0}"
1948,1949,upgrade,road,Postawy,Wilejka,paved,84.3,16.9,3.38,appraisal,"{'net_M': 0.0, 'local_M': np.float64(56.9), 'om_M': 0.0, 'dt_min': 90.1, 'trips_k': 0, 'rank': 39, 'passed': 367, 'candidates': 406, 'account_M': 1083, 'threshold': 1.0, 'state': 0}"
1948,1949,upgrade,road,Święciany,Postawy,paved,52.9,10.6,3.37,appraisal,"{'net_M': 0.0, 'local_M': np.float64(35.7), 'om_M': 0.0, 'dt_min': 56.5, 'trips_k': 0, 'rank': 40, 'passed': 367, 'candidates': 406, 'account_M': 1083, 'threshold': 1.0, 'state': 0}"
1948,1949,upgrade,road,Ostrowiec,Tarnobrzeg,paved,54.8,11.0,3.37,appraisal,"{'net_M': 0.0, 'local_M': np.float64(36.9), 'om_M': 0.0, 'dt_min': 58.6, 'trips_k': 0, 'rank': 41, 'passed': 367, 'candidates': 406, 'account_M': 1083, 'threshold': 1.0, 'state': 0}"
1948,1949,upgrade,road,Piotrków,Zduńska Wola,paved,69.2,13.8,3.37,appraisal,"{'net_M': 0.0, 'local_M': np.float64(46.6), 'om_M': 0.0, 'dt_min': 73.9, 'trips_k': 0, 'rank': 42, 'passed': 367, 'candidates': 406, 'account_M': 1083, 'threshold': 1.0, 'state': 0}"
1948,1949,upgrade,road,Hrubieszów,Sokal,paved,55.9,11.2,3.37,appraisal,"{'net_M': 0.0, 'local_M': np.float64(37.7), 'om_M': 0.0, 'dt_min': 59.8, 'trips_k': 0, 'rank': 43, 'passed': 367, 'candidates': 406, 'account_M': 1083, 'threshold': 1.0, 'state': 0}"
1948,1949,upgrade,road,Oszmiana,Wilejka,paved,77.7,15.5,3.36,appraisal,"{'net_M': 0.0, 'local_M': np.float64(52.3), 'om_M': 0.0, 'dt_min': 83.0, 'trips_k': 0, 'rank': 44, 'passed': 367, 'candidates': 406, 'account_M': 1083, 'threshold': 1.0, 'state': 0}"
1948,1949,upgrade,road,Oszmiana,Święciany,paved,97.8,19.6,3.36,appraisal,"{'net_M': 0.0, 'local_M': np.float64(65.8), 'om_M': 0.0, 'dt_min': 104.6, 'trips_k': 0, 'rank': 45, 'passed': 367, 'candidates': 406, 'account_M': 1083, 'threshold': 1.0, 'state': 0}"
1948,1949,upgrade,road,Ostróg,Kostopol,paved,74.9,15.0,3.36,appraisal,"{'net_M': 0.0, 'local_M': np.float64(50.3), 'om_M': 0.0, 'dt_min': 80.0, 'trips_k': 0, 'rank': 46, 'passed': 367, 'candidates': 406, 'account_M': 1083, 'threshold': 1.0, 'state': 0}"
1948,1949,upgrade,road,Stryj,Dolina,paved,40.8,9.4,3.35,appraisal,"{'net_M': 0.0, 'local_M': np.float64(31.4), 'om_M': 0.0, 'dt_min': 43.6, 'trips_k': 0, 'rank': 47, 'passed': 367, 'candidates': 406, 'account_M': 1083, 'threshold': 1.0, 'state': 0}"
1948,1949,upgrade,road,Kołomyja,Horodenka,paved,45.4,9.1,3.34,appraisal,"{'net_M': 0.0, 'local_M': np.float64(30.4), 'om_M': 0.0, 'dt_min': 48.6, 'trips_k': 0, 'rank': 48, 'passed': 367, 'candidates': 406, 'account_M': 1083, 'threshold': 1.0, 'state': 0}"
1948,1949,upgrade,road,Łomża,Ostrów Mazowiecka,paved,53.4,10.7,3.33,appraisal,"{'net_M': 0.0, 'local_M': np.float64(35.6), 'om_M': 0.0, 'dt_min': 57.1, 'trips_k': 0, 'rank': 49, 'passed': 367, 'candidates': 406, 'account_M': 1083, 'threshold': 1.0, 'state': 0}"
1948,1949,upgrade,road,Tarnów,Gorlice,paved,51.1,11.7,3.32,appraisal,"{'net_M': 0.0, 'local_M': np.float64(39.0), 'om_M': 0.0, 'dt_min': 54.6, 'trips_k': 0, 'rank': 50, 'passed': 367, 'candidates': 406, 'account_M': 1083, 'threshold': 1.0, 'state': 0}"
1948,1949,upgrade,road,Nowogródek,Stołpce,paved,75.1,17.3,3.3,appraisal,"{'net_M': 0.0, 'local_M': np.float64(57.1), 'om_M': 0.0, 'dt_min': 80.3, 'trips_k': 0, 'rank': 51, 'passed': 367, 'candidates': 406, 'account_M': 1083, 'threshold': 1.0, 'state': 0}"
1948,1949,upgrade,road,Oszmiana,Nowogródek,paved,113.0,26.0,3.3,appraisal,"{'net_M': 0.0, 'local_M': np.float64(85.8), 'om_M': 0.0, 'dt_min': 120.8, 'trips_k': 0, 'rank': 52, 'passed': 367, 'candidates': 406, 'account_M': 1083, 'threshold': 1.0, 'state': 0}"
1948,1949,upgrade,road,Łańcut,Nisko,paved,61.5,12.3,3.3,appraisal,"{'net_M': 0.0, 'local_M': np.float64(40.6), 'om_M': 0.0, 'dt_min': 65.8, 'trips_k': 0, 'rank': 53, 'passed': 367, 'candidates': 406, 'account_M': 1083, 'threshold': 1.0, 'state': 0}"
1948,1950,upgrade,road,Baranowicze,Łuniniec,paved,135.9,33.3,3.29,appraisal,"{'net_M': 0.0, 'local_M': np.float64(109.4), 'om_M': 0.0, 'dt_min': 145.2, 'trips_k': 0, 'rank': 54, 'passed': 367, 'candidates': 406, 'account_M': 1083, 'threshold': 1.0, 'state': 0}"
1948,1949,upgrade,road,Wieluń,Lubliniec,paved,75.3,15.1,3.28,appraisal,"{'net_M': 0.0, 'local_M': np.float64(49.4), 'om_M': 0.0, 'dt_min': 80.5, 'trips_k': 91, 'rank': 55, 'passed': 367, 'candidates': 406, 'account_M': 1083, 'threshold': 1.0, 'state': 0}"
1948,1949,upgrade,road,Zaleszczyki,Husiatyn,paved,69.7,13.9,3.26,appraisal,"{'net_M': 0.0, 'local_M': np.float64(45.5), 'om_M': 0.0, 'dt_min': 74.5, 'trips_k': 0, 'rank': 56, 'passed': 367, 'candidates': 406, 'account_M': 1083, 'threshold': 1.0, 'state': 0}"
1948,1949,upgrade,road,Puławy,Kraśnik,paved,71.1,14.2,3.26,appraisal,"{'net_M': 0.0, 'local_M': np.float64(46.3), 'om_M': 0.0, 'dt_min': 76.0, 'trips_k': 0, 'rank': 57, 'passed': 367, 'candidates': 406, 'account_M': 1083, 'threshold': 1.0, 'state': 0}"
1948,1949,upgrade,road,Hrubieszów,Luboml,paved,58.4,11.7,3.25,appraisal,"{'net_M': 0.0, 'local_M': np.float64(38.0), 'om_M': 0.0, 'dt_min': 62.4, 'trips_k': 0, 'rank': 58, 'passed': 367, 'candidates': 406, 'account_M': 1083, 'threshold': 1.0, 'state': 0}"
1948,1949,upgrade,road,Tomaszów Lubelski,Sokal,paved,74.4,14.9,3.25,appraisal,"{'net_M': 0.0, 'local_M': np.float64(48.4), 'om_M': 0.0, 'dt_min': 79.5, 'trips_k': 0, 'rank': 59, 'passed': 367, 'candidates': 406, 'account_M': 1083, 'threshold': 1.0, 'state': 0}"
1948,1949,upgrade,road,Troki,Alytus,paved,76.6,17.6,3.25,appraisal,"{'net_M': 0.0, 'local_M': np.float64(57.3), 'om_M': 0.0, 'dt_min': 81.8, 'trips_k': 0, 'rank': 60, 'passed': 367, 'candidates': 406, 'account_M': 1083, 'threshold': 1.0, 'state': 0}"
1948,1949,upgrade,road,Pułtusk,Nasielsk,paved,26.8,5.4,3.24,appraisal,"{'net_M': 0.0, 'local_M': np.float64(17.3), 'om_M': 0.0, 'dt_min': 28.6, 'trips_k': 0, 'rank': 61, 'passed': 367, 'candidates': 406, 'account_M': 1083, 'threshold': 1.0, 'state': 0}"
1948,1949,upgrade,road,Kalisz,Kępno,paved,65.7,13.1,3.23,appraisal,"{'net_M': 0.0, 'local_M': np.float64(42.4), 'om_M': 0.0, 'dt_min': 70.2, 'trips_k': 0, 'rank': 62, 'passed': 367, 'candidates': 406, 'account_M': 1083, 'threshold': 1.0, 'state': 0}"
1948,1949,upgrade,road,Biała Podlaska,Włodawa,paved,74.0,14.8,3.23,appraisal,"{'net_M': 0.0, 'local_M': np.float64(47.8), 'om_M': 0.0, 'dt_min': 79.1, 'trips_k': 0, 'rank': 63, 'passed': 367, 'candidates': 406, 'account_M': 1083, 'threshold': 1.0, 'state': 0}"
1948,1949,upgrade,road,Łomża,Łapy,paved,71.6,14.3,3.23,appraisal,"{'net_M': 0.0, 'local_M': np.float64(46.2), 'om_M': 0.0, 'dt_min': 76.5, 'trips_k': 0, 'rank': 64, 'passed': 367, 'candidates': 406, 'account_M': 1083, 'threshold': 1.0, 'state': 0}"
1948,1949,upgrade,road,Nieśwież,Stołpce,paved,35.6,7.1,3.2,appraisal,"{'net_M': 0.0, 'local_M': np.float64(22.8), 'om_M': 0.0, 'dt_min': 38.1, 'trips_k': 3, 'rank': 65, 'passed': 367, 'candidates': 406, 'account_M': 1083, 'threshold': 1.0, 'state': 0}"
1948,1949,upgrade,road,Troki,Lida,paved,105.9,24.4,3.18,appraisal,"{'net_M': 0.0, 'local_M': np.float64(77.4), 'om_M': 0.0, 'dt_min': 113.2, 'trips_k': 0, 'rank': 66, 'passed': 367, 'candidates': 406, 'account_M': 1083, 'threshold': 1.0, 'state': 0}"
1948,1949,upgrade,road,Wilno,Oszmiana,paved,62.8,14.4,3.17,appraisal,"{'net_M': 1.2, 'local_M': np.float64(44.6), 'om_M': 0.0, 'dt_min': 67.1, 'trips_k': 47, 'rank': 67, 'passed': 367, 'candidates': 406, 'account_M': 1083, 'threshold': 1.0, 'state': 0}"
1948,1949,upgrade,road,Kalisz,Ostrów Wielkopolski,paved,27.9,5.6,3.16,appraisal,"{'net_M': 0.0, 'local_M': np.float64(17.6), 'om_M': 0.0, 'dt_min': 29.8, 'trips_k': 0, 'rank': 68, 'passed': 367, 'candidates': 406, 'account_M': 1083, 'threshold': 1.0, 'state': 0}"
1948,1949,upgrade,road,Poznań,Wągrowiec,paved,58.6,11.7,3.16,appraisal,"{'net_M': 0.0, 'local_M': np.float64(37.0), 'om_M': 0.0, 'dt_min': 62.7, 'trips_k': 0, 'rank': 69, 'passed': 367, 'candidates': 406, 'account_M': 1083, 'threshold': 1.0, 'state': 0}"
1948,1949,upgrade,road,Rzeszów,Sanok,paved,67.4,21.6,3.15,appraisal,"{'net_M': 0.0, 'local_M': np.float64(68.1), 'om_M': 0.0, 'dt_min': 72.1, 'trips_k': 0, 'rank': 70, 'passed': 367, 'candidates': 406, 'account_M': 1083, 'threshold': 1.0, 'state': 0}"
1948,1949,upgrade,road,Czortków,Zaleszczyki,paved,50.6,10.1,3.15,appraisal,"{'net_M': 0.0, 'local_M': np.float64(31.9), 'om_M': 0.0, 'dt_min': 54.1, 'trips_k': 0, 'rank': 71, 'passed': 367, 'candidates': 406, 'account_M': 1083, 'threshold': 1.0, 'state': 0}"
1948,1949,upgrade,road,Sieradz,Kępno,paved,76.2,15.2,3.15,appraisal,"{'net_M': 0.0, 'local_M': np.float64(48.0), 'om_M': 0.0, 'dt_min': 81.4, 'trips_k': 0, 'rank': 72, 'passed': 367, 'candidates': 406, 'account_M': 1083, 'threshold': 1.0, 'state': 0}"
1948,1949,upgrade,road,Kałusz,Rohatyn,paved,56.1,11.2,3.15,appraisal,"{'net_M': 0.0, 'local_M': np.float64(35.4), 'om_M': 0.0, 'dt_min': 60.0, 'trips_k': 0, 'rank': 73, 'passed': 367, 'candidates': 406, 'account_M': 1083, 'threshold': 1.0, 'state': 0}"
1948,1949,upgrade,road,Brodnica,Działdowo,paved,63.4,12.7,3.14,appraisal,"{'net_M': 0.0, 'local_M': np.float64(39.9), 'om_M': 0.0, 'dt_min': 67.8, 'trips_k': 0, 'rank': 74, 'passed': 367, 'candidates': 406, 'account_M': 1083, 'threshold': 1.0, 'state': 0}"
1948,1949,upgrade,road,Inowrocław,Gniezno,paved,64.7,12.9,3.14,appraisal,"{'net_M': 0.0, 'local_M': np.float64(40.7), 'om_M': 0.0, 'dt_min': 69.2, 'trips_k': 0, 'rank': 75, 'passed': 367, 'candidates': 406, 'account_M': 1083, 'threshold': 1.0, 'state': 0}"
1948,1949,upgrade,road,Bielsk Podlaski,Prużana,paved,108.3,21.7,3.14,appraisal,"{'net_M': 0.0, 'local_M': np.float64(68.0), 'om_M': 0.0, 'dt_min': 115.7, 'trips_k': 0, 'rank': 76, 'passed': 367, 'candidates': 406, 'account_M': 1083, 'threshold': 1.0, 'state': 0}"
1948,1949,upgrade,road,Nakło,Chodzież,paved,59.0,11.8,3.11,appraisal,"{'net_M': 0.0, 'local_M': np.float64(36.8), 'om_M': 0.0, 'dt_min': 63.1, 'trips_k': 0, 'rank': 78, 'passed': 367, 'candidates': 406, 'account_M': 1083, 'threshold': 1.0, 'state': 0}"
1948,1949,upgrade,road,Krosno,Jasło,paved,27.5,7.2,3.11,appraisal,"{'net_M': 0.0, 'local_M': np.float64(22.3), 'om_M': 0.0, 'dt_min': 29.4, 'trips_k': 0, 'rank': 79, 'passed': 367, 'candidates': 406, 'account_M': 1083, 'threshold': 1.0, 'state': 0}"
1948,1949,upgrade,road,Sosnowiec,Mysłowice,paved,7.6,1.5,2.53,appraisal,"{'net_M': 0.0, 'local_M': np.float64(3.9), 'om_M': 0.0, 'dt_min': 8.1, 'trips_k': 0, 'rank': 188, 'passed': 367, 'candidates': 406, 'account_M': 1083, 'threshold': 1.0, 'state': 0}"
1950,1950,dated,road,Warszawa,Poznań,express,,,,planned: Nestorowicz 1939 trunk-road plan: Warszawa-Poznań,
1950,1951,upgrade,rail,Sokółka,Grodno,main_el,42.7,21.3,1.2,appraisal,"{'net_M': 25.6, 'local_M': 0.0, 'om_M': 0.0, 'dt_min': 6.2, 'trips_k': 12368, 'rank': 1, 'passed': 6, 'candidates': 631, 'account_M': 4560, 'threshold': 1.0, 'state': 0}"
1950,1951,new,rail,Łomża,Ostrów Mazowiecka,sec,50.3,42.8,1.09,appraisal,"{'net_M': 46.6, 'local_M': 0.0, 'om_M': 0.0, 'dt_min': 88.0, 'trips_k': 1239, 'rank': 2, 'passed': 6, 'candidates': 631, 'account_M': 4560, 'threshold': 1.0, 'state': 0}"
1950,1951,upgrade,rail,Ostrowiec,Sandomierz,main,43.2,25.9,1.09,appraisal,"{'net_M': 28.2, 'local_M': 0.0, 'om_M': 0.0, 'dt_min': 19.2, 'trips_k': 4695, 'rank': 3, 'passed': 6, 'candidates': 631, 'account_M': 4560, 'threshold': 1.0, 'state': 0}"
1950,1951,upgrade,rail,Tarnów,Dębica,main_el,34.9,17.4,1.07,appraisal,"{'net_M': 18.7, 'local_M': 0.0, 'om_M': 0.0, 'dt_min': 5.1, 'trips_k': 11246, 'rank': 4, 'passed': 6, 'candidates': 631, 'account_M': 4560, 'threshold': 1.0, 'state': 0}"
1950,1951,upgrade,rail,Będzin,Dąbrowa Górnicza,main,5.1,3.0,1.02,appraisal,"{'net_M': 3.1, 'local_M': 0.0, 'om_M': 0.0, 'dt_min': 2.2, 'trips_k': 4210, 'rank': 5, 'passed': 6, 'candidates': 631, 'account_M': 4560, 'threshold': 1.0, 'state': 0}"
1950,1951,upgrade,rail,Toruń,Bydgoszcz,main_el,47.5,23.7,1.01,appraisal,"{'net_M': 24.0, 'local_M': 0.0, 'om_M': 0.0, 'dt_min': 6.9, 'trips_k': 12654, 'rank': 6, 'passed': 6, 'candidates': 631, 'account_M': 4560, 'threshold': 1.0, 'state': 0}"
1950,1951,upgrade,road,Cieszyn,Pszczyna,paved,41.9,9.6,3.43,appraisal,"{'net_M': 0.0, 'local_M': np.float64(33.0), 'om_M': 0.0, 'dt_min': 45.0, 'trips_k': 0, 'rank': 1, 'passed': 289, 'candidates': 664, 'account_M': 1203, 'threshold': 1.0, 'state': 0}"
1950,1952,upgrade,road,Tczew,Brodnica,paved,123.1,24.6,3.42,appraisal,"{'net_M': 0.0, 'local_M': np.float64(84.3), 'om_M': 0.0, 'dt_min': 132.1, 'trips_k': 0, 'rank': 2, 'passed': 289, 'candidates': 664, 'account_M': 1203, 'threshold': 1.0, 'state': 0}"
1950,1951,upgrade,road,Czeremcha,Prużana,paved,91.7,18.3,3.41,appraisal,"{'net_M': 0.0, 'local_M': np.float64(62.5), 'om_M': 0.0, 'dt_min': 98.4, 'trips_k': 0, 'rank': 3, 'passed': 289, 'candidates': 664, 'account_M': 1203, 'threshold': 1.0, 'state': 0}"
1950,1951,upgrade,road,Ostróg,Kyiv via Shepetivka,gravel,51.1,5.1,3.4,appraisal,"{'net_M': 0.0, 'local_M': np.float64(17.4), 'om_M': 0.0, 'dt_min': 124.3, 'trips_k': 0, 'rank': 4, 'passed': 289, 'candidates': 664, 'account_M': 1203, 'threshold': 1.0, 'state': 0}"
1950,1951,upgrade,road,Chojnice,Laskowice,paved,75.6,15.1,3.4,appraisal,"{'net_M': 0.0, 'local_M': np.float64(51.4), 'om_M': 0.0, 'dt_min': 81.1, 'trips_k': 0, 'rank': 5, 'passed': 289, 'candidates': 664, 'account_M': 1203, 'threshold': 1.0, 'state': 0}"
1950,1951,upgrade,road,Pińsk,Łuniniec,paved,61.2,17.8,3.39,appraisal,"{'net_M': 0.0, 'local_M': np.float64(60.2), 'om_M': 0.0, 'dt_min': 65.7, 'trips_k': 0, 'rank': 6, 'passed': 289, 'candidates': 664, 'account_M': 1203, 'threshold': 1.0, 'state': 0}"
1950,1951,upgrade,road,Rawa Ruska,Sokal,paved,66.4,13.3,3.37,appraisal,"{'net_M': 0.0, 'local_M': np.float64(44.7), 'om_M': 0.0, 'dt_min': 71.3, 'trips_k': 0, 'rank': 7, 'passed': 289, 'candidates': 664, 'account_M': 1203, 'threshold': 1.0, 'state': 0}"
1950,1951,upgrade,road,Biała Podlaska,Czeremcha,paved,68.9,13.8,3.35,appraisal,"{'net_M': 0.0, 'local_M': np.float64(46.2), 'om_M': 0.0, 'dt_min': 74.0, 'trips_k': 0, 'rank': 8, 'passed': 289, 'candidates': 664, 'account_M': 1203, 'threshold': 1.0, 'state': 0}"
1950,1951,upgrade,road,Chodzież,Chojnice,paved,109.4,21.9,3.35,appraisal,"{'net_M': 0.0, 'local_M': np.float64(73.2), 'om_M': 0.0, 'dt_min': 117.4, 'trips_k': 0, 'rank': 9, 'passed': 289, 'candidates': 664, 'account_M': 1203, 'threshold': 1.0, 'state': 0}"
1950,1951,upgrade,road,Pułtusk,Ostrołęka,paved,66.4,13.3,3.33,appraisal,"{'net_M': 0.0, 'local_M': np.float64(44.3), 'om_M': 0.0, 'dt_min': 71.2, 'trips_k': 0, 'rank': 10, 'passed': 289, 'candidates': 664, 'account_M': 1203, 'threshold': 1.0, 'state': 0}"
1950,1951,upgrade,road,Skierniewice,Tomaszów Mazowiecki,paved,59.5,11.9,3.33,appraisal,"{'net_M': 0.0, 'local_M': np.float64(39.7), 'om_M': 0.0, 'dt_min': 63.8, 'trips_k': 0, 'rank': 11, 'passed': 289, 'candidates': 664, 'account_M': 1203, 'threshold': 1.0, 'state': 0}"
1950,1951,upgrade,road,Głębokie,Wilejka,paved,105.6,21.1,3.33,appraisal,"{'net_M': 0.0, 'local_M': np.float64(70.4), 'om_M': 0.0, 'dt_min': 113.4, 'trips_k': 0, 'rank': 12, 'passed': 289, 'candidates': 664, 'account_M': 1203, 'threshold': 1.0, 'state': 0}"
1950,1951,upgrade,road,Łowicz,Zgierz,paved,55.8,11.2,3.33,appraisal,"{'net_M': 0.0, 'local_M': np.float64(37.1), 'om_M': 0.0, 'dt_min': 59.8, 'trips_k': 0, 'rank': 13, 'passed': 289, 'candidates': 664, 'account_M': 1203, 'threshold': 1.0, 'state': 0}"
1950,1951,upgrade,road,Kołomyja,Śniatyn,paved,49.2,9.8,3.31,appraisal,"{'net_M': 0.0, 'local_M': np.float64(32.6), 'om_M': 0.0, 'dt_min': 52.8, 'trips_k': 0, 'rank': 14, 'passed': 289, 'candidates': 664, 'account_M': 1203, 'threshold': 1.0, 'state': 0}"
1950,1951,upgrade,road,Śniatyn,Zaleszczyki,paved,31.9,6.4,3.31,appraisal,"{'net_M': 0.0, 'local_M': np.float64(21.1), 'om_M': 0.0, 'dt_min': 34.2, 'trips_k': 13, 'rank': 15, 'passed': 289, 'candidates': 664, 'account_M': 1203, 'threshold': 1.0, 'state': 0}"
1950,1951,upgrade,road,Borysław,Stryj,paved,37.4,12.0,3.31,appraisal,"{'net_M': 0.0, 'local_M': np.float64(39.6), 'om_M': 0.0, 'dt_min': 40.1, 'trips_k': 0, 'rank': 16, 'passed': 289, 'candidates': 664, 'account_M': 1203, 'threshold': 1.0, 'state': 0}"
1950,1951,upgrade,road,Łowicz,Koluszki,paved,51.2,10.2,3.3,appraisal,"{'net_M': 0.0, 'local_M': np.float64(33.8), 'om_M': 0.0, 'dt_min': 54.9, 'trips_k': 0, 'rank': 17, 'passed': 289, 'candidates': 664, 'account_M': 1203, 'threshold': 1.0, 'state': 0}"
1950,1951,upgrade,road,Stanisławów,Nadwórna,paved,41.0,13.1,3.3,appraisal,"{'net_M': 0.0, 'local_M': np.float64(43.3), 'om_M': 0.0, 'dt_min': 44.0, 'trips_k': 0, 'rank': 18, 'passed': 289, 'candidates': 664, 'account_M': 1203, 'threshold': 1.0, 'state': 0}"
1950,1951,upgrade,road,Gniezno,Września,paved,28.6,5.7,3.29,appraisal,"{'net_M': 0.0, 'local_M': np.float64(18.8), 'om_M': 0.0, 'dt_min': 30.7, 'trips_k': 0, 'rank': 19, 'passed': 289, 'candidates': 664, 'account_M': 1203, 'threshold': 1.0, 'state': 0}"
1950,1951,upgrade,road,Rokiškis,Biržai,paved,70.8,14.2,3.29,appraisal,"{'net_M': 0.0, 'local_M': np.float64(46.5), 'om_M': 0.0, 'dt_min': 75.9, 'trips_k': 3, 'rank': 20, 'passed': 289, 'candidates': 664, 'account_M': 1203, 'threshold': 1.0, 'state': 0}"
1950,1951,upgrade,road,Telšiai,Tauragė,paved,99.1,22.8,3.29,appraisal,"{'net_M': 0.0, 'local_M': np.float64(74.9), 'om_M': 0.0, 'dt_min': 106.3, 'trips_k': 0, 'rank': 21, 'passed': 289, 'candidates': 664, 'account_M': 1203, 'threshold': 1.0, 'state': 0}"
1950,1951,upgrade,road,Sokółka,Mosty,paved,84.1,16.8,3.29,appraisal,"{'net_M': 0.0, 'local_M': np.float64(55.3), 'om_M': 0.0, 'dt_min': 90.2, 'trips_k': 0, 'rank': 22, 'passed': 289, 'candidates': 664, 'account_M': 1203, 'threshold': 1.0, 'state': 0}"
1950,1952,upgrade,road,Kamień Koszyrski,Sarny,paved,143.7,41.7,3.28,appraisal,"{'net_M': 0.0, 'local_M': np.float64(136.7), 'om_M': 0.0, 'dt_min': 154.1, 'trips_k': 0, 'rank': 23, 'passed': 289, 'candidates': 664, 'account_M': 1203, 'threshold': 1.0, 'state': 0}"
1950,1951,upgrade,road,Postawy,Brasław,paved,73.5,16.9,3.28,appraisal,"{'net_M': 0.0, 'local_M': np.float64(55.4), 'om_M': 0.0, 'dt_min': 78.9, 'trips_k': 0, 'rank': 24, 'passed': 289, 'candidates': 664, 'account_M': 1203, 'threshold': 1.0, 'state': 0}"
1950,1951,upgrade,road,Gniezno,Nakło,paved,81.4,16.3,3.28,appraisal,"{'net_M': 0.0, 'local_M': np.float64(53.3), 'om_M': 0.0, 'dt_min': 87.3, 'trips_k': 0, 'rank': 25, 'passed': 289, 'candidates': 664, 'account_M': 1203, 'threshold': 1.0, 'state': 0}"
1950,1951,upgrade,road,Leszno,Rawicz,paved,39.6,7.9,3.26,appraisal,"{'net_M': 0.0, 'local_M': np.float64(25.8), 'om_M': 0.0, 'dt_min': 42.5, 'trips_k': 0, 'rank': 26, 'passed': 289, 'candidates': 664, 'account_M': 1203, 'threshold': 1.0, 'state': 0}"
1950,1951,upgrade,road,Pińsk,Drohiczyn Poleski,paved,79.7,23.1,3.25,appraisal,"{'net_M': 0.0, 'local_M': np.float64(75.2), 'om_M': 0.0, 'dt_min': 85.5, 'trips_k': 0, 'rank': 27, 'passed': 289, 'candidates': 664, 'account_M': 1203, 'threshold': 1.0, 'state': 0}"
1950,1951,upgrade,road,Pińsk,Kamień Koszyrski,paved,116.4,33.7,3.24,appraisal,"{'net_M': 0.0, 'local_M': np.float64(109.4), 'om_M': 0.0, 'dt_min': 124.8, 'trips_k': 1, 'rank': 28, 'passed': 289, 'candidates': 664, 'account_M': 1203, 'threshold': 1.0, 'state': 0}"
1950,1951,upgrade,road,Włodawa,Luboml,paved,60.0,12.0,3.24,appraisal,"{'net_M': 0.0, 'local_M': np.float64(38.9), 'om_M': 0.0, 'dt_min': 64.4, 'trips_k': 0, 'rank': 29, 'passed': 289, 'candidates': 664, 'account_M': 1203, 'threshold': 1.0, 'state': 0}"
1950,1951,upgrade,road,Łomża,Grajewo,paved,71.1,14.2,3.24,appraisal,"{'net_M': 0.0, 'local_M': np.float64(46.0), 'om_M': 0.0, 'dt_min': 76.3, 'trips_k': 0, 'rank': 30, 'passed': 289, 'candidates': 664, 'account_M': 1203, 'threshold': 1.0, 'state': 0}"
1950,1951,upgrade,road,Panevėžys,Biržai,paved,70.6,14.1,3.23,appraisal,"{'net_M': 0.0, 'local_M': np.float64(45.6), 'om_M': 0.0, 'dt_min': 75.8, 'trips_k': 0, 'rank': 31, 'passed': 289, 'candidates': 664, 'account_M': 1203, 'threshold': 1.0, 'state': 0}"
1950,1951,upgrade,road,Kaunas,Kėdainiai,paved,53.2,10.6,3.22,appraisal,"{'net_M': 0.0, 'local_M': np.float64(34.3), 'om_M': 0.0, 'dt_min': 57.1, 'trips_k': 0, 'rank': 32, 'passed': 289, 'candidates': 664, 'account_M': 1203, 'threshold': 1.0, 'state': 0}"
1950,1951,upgrade,road,Grudziądz,Laskowice,paved,25.9,5.2,3.22,appraisal,"{'net_M': 0.0, 'local_M': np.float64(16.7), 'om_M': 0.0, 'dt_min': 27.8, 'trips_k': 0, 'rank': 33, 'passed': 289, 'candidates': 664, 'account_M': 1203, 'threshold': 1.0, 'state': 0}"
1950,1951,upgrade,road,Ostrów Wielkopolski,Jarocin,paved,50.6,10.1,3.22,appraisal,"{'net_M': 0.0, 'local_M': np.float64(32.6), 'om_M': 0.0, 'dt_min': 54.3, 'trips_k': 0, 'rank': 34, 'passed': 289, 'candidates': 664, 'account_M': 1203, 'threshold': 1.0, 'state': 0}"
1950,1951,upgrade,road,Tarnobrzeg,Nisko,paved,40.2,8.0,3.21,appraisal,"{'net_M': 0.0, 'local_M': np.float64(25.8), 'om_M': 0.0, 'dt_min': 43.2, 'trips_k': 0, 'rank': 35, 'passed': 289, 'candidates': 664, 'account_M': 1203, 'threshold': 1.0, 'state': 0}"
1950,1951,upgrade,road,Wilno,Ukmergė,paved,86.1,19.8,3.21,appraisal,"{'net_M': 0.0, 'local_M': np.float64(63.5), 'om_M': 0.0, 'dt_min': 92.4, 'trips_k': 0, 'rank': 36, 'passed': 289, 'candidates': 664, 'account_M': 1203, 'threshold': 1.0, 'state': 0}"
1950,1951,upgrade,road,Telšiai,Kretinga,paved,77.7,17.9,3.19,appraisal,"{'net_M': 0.0, 'local_M': np.float64(57.0), 'om_M': 0.0, 'dt_min': 83.4, 'trips_k': 0, 'rank': 37, 'passed': 289, 'candidates': 664, 'account_M': 1203, 'threshold': 1.0, 'state': 0}"
1950,1951,upgrade,road,Nasielsk,Tłuszcz,paved,56.4,11.3,3.19,appraisal,"{'net_M': 0.0, 'local_M': np.float64(35.9), 'om_M': 0.0, 'dt_min': 60.5, 'trips_k': 0, 'rank': 38, 'passed': 289, 'candidates': 664, 'account_M': 1203, 'threshold': 1.0, 'state': 0}"
1950,1951,upgrade,road,Chojnice,Starogard,paved,85.9,17.2,3.18,appraisal,"{'net_M': 0.0, 'local_M': np.float64(54.7), 'om_M': 0.0, 'dt_min': 92.1, 'trips_k': 0, 'rank': 39, 'passed': 289, 'candidates': 664, 'account_M': 1203, 'threshold': 1.0, 'state': 0}"
1950,1951,upgrade,road,Bydgoszcz,Laskowice,paved,60.7,12.1,3.18,appraisal,"{'net_M': 0.0, 'local_M': np.float64(38.5), 'om_M': 0.0, 'dt_min': 65.1, 'trips_k': 0, 'rank': 40, 'passed': 289, 'candidates': 664, 'account_M': 1203, 'threshold': 1.0, 'state': 0}"
1950,1951,upgrade,road,Pabianice,Zduńska Wola,paved,35.5,7.1,3.17,appraisal,"{'net_M': 0.0, 'local_M': np.float64(22.5), 'om_M': 0.0, 'dt_min': 38.1, 'trips_k': 0, 'rank': 41, 'passed': 289, 'candidates': 664, 'account_M': 1203, 'threshold': 1.0, 'state': 0}"
1950,1951,upgrade,road,Horodenka,Buczacz,paved,55.1,11.0,3.17,appraisal,"{'net_M': 0.0, 'local_M': np.float64(34.9), 'om_M': 0.0, 'dt_min': 59.2, 'trips_k': 0, 'rank': 42, 'passed': 289, 'candidates': 664, 'account_M': 1203, 'threshold': 1.0, 'state': 0}"
1950,1951,upgrade,road,Wadowice,Oświęcim,paved,31.4,7.2,3.16,appraisal,"{'net_M': 0.0, 'local_M': np.float64(22.8), 'om_M': 0.0, 'dt_min': 33.7, 'trips_k': 0, 'rank': 43, 'passed': 289, 'candidates': 664, 'account_M': 1203, 'threshold': 1.0, 'state': 0}"
1950,1951,upgrade,road,Bielsk Podlaski,Czeremcha,paved,36.4,7.3,3.16,appraisal,"{'net_M': 0.0, 'local_M': np.float64(23.0), 'om_M': 0.0, 'dt_min': 39.0, 'trips_k': 0, 'rank': 44, 'passed': 289, 'candidates': 664, 'account_M': 1203, 'threshold': 1.0, 'state': 0}"
1950,1951,upgrade,road,Pułtusk,Ostrów Mazowiecka,paved,67.9,13.6,3.13,appraisal,"{'net_M': 0.0, 'local_M': np.float64(42.5), 'om_M': 0.0, 'dt_min': 72.8, 'trips_k': 0, 'rank': 45, 'passed': 289, 'candidates': 664, 'account_M': 1203, 'threshold': 1.0, 'state': 0}"
1950,1952,upgrade,road,Nieśwież,Łuniniec,paved,132.0,32.3,3.13,appraisal,"{'net_M': 0.0, 'local_M': np.float64(101.2), 'om_M': 0.0, 'dt_min': 141.6, 'trips_k': 0, 'rank': 46, 'passed': 289, 'candidates': 664, 'account_M': 1203, 'threshold': 1.0, 'state': 0}"
1950,1951,upgrade,road,Kobryń,Prużana,paved,48.2,11.8,3.11,appraisal,"{'net_M': 0.0, 'local_M': np.float64(36.7), 'om_M': 0.0, 'dt_min': 51.7, 'trips_k': 0, 'rank': 47, 'passed': 289, 'candidates': 664, 'account_M': 1203, 'threshold': 1.0, 'state': 0}"
1950,1951,upgrade,road,Skierniewice,Koluszki,paved,40.7,8.1,3.11,appraisal,"{'net_M': 0.0, 'local_M': np.float64(25.3), 'om_M': 0.0, 'dt_min': 43.7, 'trips_k': 0, 'rank': 48, 'passed': 289, 'candidates': 664, 'account_M': 1203, 'threshold': 1.0, 'state': 0}"
1950,1951,upgrade,road,Joniškis,Biržai,paved,86.2,17.2,3.1,appraisal,"{'net_M': 0.0, 'local_M': np.float64(53.4), 'om_M': 0.0, 'dt_min': 92.4, 'trips_k': 0, 'rank': 49, 'passed': 289, 'candidates': 664, 'account_M': 1203, 'threshold': 1.0, 'state': 0}"
1950,1951,upgrade,road,Drohobycz,Stryj,paved,32.5,7.5,3.09,appraisal,"{'net_M': 0.0, 'local_M': np.float64(23.0), 'om_M': 0.0, 'dt_min': 34.8, 'trips_k': 0, 'rank': 50, 'passed': 289, 'candidates': 664, 'account_M': 1203, 'threshold': 1.0, 'state': 0}"
1950,1951,upgrade,road,Kutno,Łęczyca,paved,26.6,5.3,3.08,appraisal,"{'net_M': 0.0, 'local_M': np.float64(16.4), 'om_M': 0.0, 'dt_min': 28.6, 'trips_k': 0, 'rank': 51, 'passed': 289, 'candidates': 664, 'account_M': 1203, 'threshold': 1.0, 'state': 0}"
1950,1951,upgrade,road,Mysłowice,Oświęcim,paved,28.2,5.6,3.08,appraisal,"{'net_M': 0.0, 'local_M': np.float64(17.4), 'om_M': 0.0, 'dt_min': 30.3, 'trips_k': 0, 'rank': 52, 'passed': 289, 'candidates': 664, 'account_M': 1203, 'threshold': 1.0, 'state': 0}"
1950,1951,upgrade,road,Ostrołęka,Ostrów Mazowiecka,paved,47.2,9.4,3.07,appraisal,"{'net_M': 0.0, 'local_M': np.float64(29.0), 'om_M': 0.0, 'dt_min': 50.7, 'trips_k': 0, 'rank': 53, 'passed': 289, 'candidates': 664, 'account_M': 1203, 'threshold': 1.0, 'state': 0}"
1950,1951,upgrade,road,Zgierz,Zduńska Wola,paved,52.9,10.6,3.06,appraisal,"{'net_M': 0.0, 'local_M': np.float64(32.4), 'om_M': 0.0, 'dt_min': 56.8, 'trips_k': 0, 'rank': 54, 'passed': 289, 'candidates': 664, 'account_M': 1203, 'threshold': 1.0, 'state': 0}"
1950,1951,upgrade,road,Mielec,Tarnobrzeg,paved,44.1,8.8,3.06,appraisal,"{'net_M': 0.0, 'local_M': np.float64(27.0), 'om_M': 0.0, 'dt_min': 47.4, 'trips_k': 0, 'rank': 55, 'passed': 289, 'candidates': 664, 'account_M': 1203, 'threshold': 1.0, 'state': 0}"
1950,1951,upgrade,road,Pułtusk,Tłuszcz,paved,47.1,9.4,3.04,appraisal,"{'net_M': 0.0, 'local_M': np.float64(28.7), 'om_M': 0.0, 'dt_min': 50.6, 'trips_k': 0, 'rank': 56, 'passed': 289, 'candidates': 664, 'account_M': 1203, 'threshold': 1.0, 'state': 0}"
1950,1951,upgrade,road,Konin,Gniezno,paved,69.1,13.8,3.04,appraisal,"{'net_M': 0.0, 'local_M': np.float64(42.1), 'om_M': 0.0, 'dt_min': 74.2, 'trips_k': 0, 'rank': 57, 'passed': 289, 'candidates': 664, 'account_M': 1203, 'threshold': 1.0, 'state': 0}"
1950,1951,upgrade,road,Telšiai,Mažeikiai,paved,45.3,10.4,3.04,appraisal,"{'net_M': 0.0, 'local_M': np.float64(31.7), 'om_M': 0.0, 'dt_min': 48.6, 'trips_k': 0, 'rank': 58, 'passed': 289, 'candidates': 664, 'account_M': 1203, 'threshold': 1.0, 'state': 0}"
1950,1951,upgrade,road,Šiauliai,Telšiai,paved,80.8,18.6,3.04,appraisal,"{'net_M': 0.0, 'local_M': np.float64(56.5), 'om_M': 0.0, 'dt_min': 86.7, 'trips_k': 0, 'rank': 59, 'passed': 289, 'candidates': 664, 'account_M': 1203, 'threshold': 1.0, 'state': 0}"
1950,1951,upgrade,road,Bielsk Podlaski,Ostrów Mazowiecka,paved,106.7,21.3,3.04,appraisal,"{'net_M': 0.0, 'local_M': np.float64(64.9), 'om_M': 0.0, 'dt_min': 114.5, 'trips_k': 0, 'rank': 60, 'passed': 289, 'candidates': 664, 'account_M': 1203, 'threshold': 1.0, 'state': 0}"
1950,1951,upgrade,road,Zawiercie,Tarnowskie Góry,paved,48.8,9.8,3.03,appraisal,"{'net_M': 0.0, 'local_M': np.float64(29.6), 'om_M': 0.0, 'dt_min': 52.4, 'trips_k': 0, 'rank': 61, 'passed': 289, 'candidates': 664, 'account_M': 1203, 'threshold': 1.0, 'state': 0}"
1950,1951,upgrade,road,Włodawa,Kobryń,paved,112.3,27.5,3.03,appraisal,"{'net_M': 0.0, 'local_M': np.float64(83.3), 'om_M': 0.0, 'dt_min': 120.5, 'trips_k': 0, 'rank': 62, 'passed': 289, 'candidates': 664, 'account_M': 1203, 'threshold': 1.0, 'state': 0}"
1950,1951,upgrade,road,Wilno,Landwarów,paved,16.3,3.7,3.01,appraisal,"{'net_M': 0.0, 'local_M': np.float64(11.3), 'om_M': 0.0, 'dt_min': 17.5, 'trips_k': 0, 'rank': 63, 'passed': 289, 'candidates': 664, 'account_M': 1203, 'threshold': 1.0, 'state': 0}"
1950,1951,upgrade,road,Grudziądz,Starogard,paved,68.8,13.8,3.01,appraisal,"{'net_M': 0.0, 'local_M': np.float64(41.3), 'om_M': 0.0, 'dt_min': 73.8, 'trips_k': 0, 'rank': 64, 'passed': 289, 'candidates': 664, 'account_M': 1203, 'threshold': 1.0, 'state': 0}"
1950,1951,upgrade,road,Gorlice,Jasło,paved,30.4,7.9,2.99,appraisal,"{'net_M': 0.0, 'local_M': np.float64(23.6), 'om_M': 0.0, 'dt_min': 32.6, 'trips_k': 0, 'rank': 65, 'passed': 289, 'candidates': 664, 'account_M': 1203, 'threshold': 1.0, 'state': 0}"
1950,1951,upgrade,road,Halicz,Rohatyn,paved,40.5,8.1,2.99,appraisal,"{'net_M': 0.0, 'local_M': np.float64(24.2), 'om_M': 0.0, 'dt_min': 43.5, 'trips_k': 0, 'rank': 66, 'passed': 289, 'candidates': 664, 'account_M': 1203, 'threshold': 1.0, 'state': 0}"
1950,1951,upgrade,road,Tarnów,Pilzno,paved,26.5,6.1,2.98,appraisal,"{'net_M': 0.0, 'local_M': np.float64(18.1), 'om_M': 0.0, 'dt_min': 28.4, 'trips_k': 0, 'rank': 67, 'passed': 289, 'candidates': 664, 'account_M': 1203, 'threshold': 1.0, 'state': 0}"
1950,1951,upgrade,road,Głębokie,Brasław,paved,85.4,19.6,2.97,appraisal,"{'net_M': 0.0, 'local_M': np.float64(58.4), 'om_M': 0.0, 'dt_min': 91.6, 'trips_k': 0, 'rank': 68, 'passed': 289, 'candidates': 664, 'account_M': 1203, 'threshold': 1.0, 'state': 0}"
1950,1951,upgrade,road,Buczacz,Trembowla,paved,42.2,8.4,2.97,appraisal,"{'net_M': 0.0, 'local_M': np.float64(25.1), 'om_M': 0.0, 'dt_min': 45.2, 'trips_k': 0, 'rank': 69, 'passed': 289, 'candidates': 664, 'account_M': 1203, 'threshold': 1.0, 'state': 0}"
1950,1951,upgrade,road,Brasław,Dzisna,paved,90.3,20.8,2.97,appraisal,"{'net_M': 0.0, 'local_M': np.float64(61.6), 'om_M': 0.0, 'dt_min': 96.9, 'trips_k': 0, 'rank': 70, 'passed': 289, 'candidates': 664, 'account_M': 1203, 'threshold': 1.0, 'state': 0}"
1950,1951,upgrade,road,Krotoszyn,Jarocin,paved,37.0,7.4,2.96,appraisal,"{'net_M': 0.0, 'local_M': np.float64(21.9), 'om_M': 0.0, 'dt_min': 39.7, 'trips_k': 0, 'rank': 71, 'passed': 289, 'candidates': 664, 'account_M': 1203, 'threshold': 1.0, 'state': 0}"
1950,1951,upgrade,road,Halicz,Buczacz,paved,59.9,12.0,2.96,appraisal,"{'net_M': 0.0, 'local_M': np.float64(35.4), 'om_M': 0.0, 'dt_min': 64.3, 'trips_k': 0, 'rank': 72, 'passed': 289, 'candidates': 664, 'account_M': 1203, 'threshold': 1.0, 'state': 0}"
1950,1951,upgrade,road,Kėdainiai,Ukmergė,paved,61.3,12.3,2.95,appraisal,"{'net_M': 0.0, 'local_M': np.float64(36.2), 'om_M': 0.0, 'dt_min': 65.8, 'trips_k': 0, 'rank': 73, 'passed': 289, 'candidates': 664, 'account_M': 1203, 'threshold': 1.0, 'state': 0}"
1950,1951,upgrade,road,Sanok,Krosno,paved,41.7,14.6,2.95,appraisal,"{'net_M': 0.0, 'local_M': np.float64(43.0), 'om_M': 0.0, 'dt_min': 44.7, 'trips_k': 0, 'rank': 74, 'passed': 289, 'candidates': 664, 'account_M': 1203, 'threshold': 1.0, 'state': 0}"
1950,1951,upgrade,road,Nakło,Wągrowiec,paved,55.4,11.1,2.94,appraisal,"{'net_M': 0.0, 'local_M': np.float64(32.6), 'om_M': 0.0, 'dt_min': 59.5, 'trips_k': 0, 'rank': 75, 'passed': 289, 'candidates': 664, 'account_M': 1203, 'threshold': 1.0, 'state': 0}"
1950,1951,upgrade,road,Będzin,Zawiercie,paved,33.2,6.6,2.94,appraisal,"{'net_M': 0.0, 'local_M': np.float64(19.5), 'om_M': 0.0, 'dt_min': 35.6, 'trips_k': 0, 'rank': 76, 'passed': 289, 'candidates': 664, 'account_M': 1203, 'threshold': 1.0, 'state': 0}"
1950,1951,upgrade,road,Czortków,Buczacz,paved,37.1,7.4,2.94,appraisal,"{'net_M': 0.0, 'local_M': np.float64(21.8), 'om_M': 0.0, 'dt_min': 39.8, 'trips_k': 0, 'rank': 77, 'passed': 289, 'candidates': 664, 'account_M': 1203, 'threshold': 1.0, 'state': 0}"
1950,1951,upgrade,road,Chojnice,Kościerzyna,paved,66.1,13.2,2.93,appraisal,"{'net_M': 0.0, 'local_M': np.float64(38.8), 'om_M': 0.0, 'dt_min': 70.9, 'trips_k': 0, 'rank': 78, 'passed': 289, 'candidates': 664, 'account_M': 1203, 'threshold': 1.0, 'state': 0}"
1950,1951,upgrade,road,Suwałki,Marijampolė,paved,70.7,14.1,2.93,appraisal,"{'net_M': 0.0, 'local_M': np.float64(41.5), 'om_M': 0.0, 'dt_min': 75.9, 'trips_k': 0, 'rank': 79, 'passed': 289, 'candidates': 664, 'account_M': 1203, 'threshold': 1.0, 'state': 0}"
1950,1951,upgrade,road,Bielsk Podlaski,Łapy,paved,39.2,7.8,2.92,appraisal,"{'net_M': 0.0, 'local_M': np.float64(22.9), 'om_M': 0.0, 'dt_min': 42.0, 'trips_k': 0, 'rank': 80, 'passed': 289, 'candidates': 664, 'account_M': 1203, 'threshold': 1.0, 'state': 0}"
1950,1951,upgrade,road,Prużana,Drohiczyn Poleski,paved,77.0,18.9,2.92,appraisal,"{'net_M': 0.0, 'local_M': np.float64(55.0), 'om_M': 0.0, 'dt_min': 82.6, 'trips_k': 0, 'rank': 81, 'passed': 289, 'candidates': 664, 'account_M': 1203, 'threshold': 1.0, 'state': 0}"
1950,1951,upgrade,road,Ciechanów,Nasielsk,paved,42.3,8.5,2.91,appraisal,"{'net_M': 0.0, 'local_M': np.float64(24.6), 'om_M': 0.0, 'dt_min': 45.4, 'trips_k': 0, 'rank': 82, 'passed': 289, 'candidates': 664, 'account_M': 1203, 'threshold': 1.0, 'state': 0}"
1950,1951,upgrade,road,Nowy Sącz,Gorlice,paved,41.5,14.5,2.9,appraisal,"{'net_M': 0.0, 'local_M': np.float64(42.1), 'om_M': 0.0, 'dt_min': 44.5, 'trips_k': 0, 'rank': 83, 'passed': 289, 'candidates': 664, 'account_M': 1203, 'threshold': 1.0, 'state': 0}"
1950,1951,upgrade,road,Dąbrowa Górnicza,Zawiercie,paved,30.5,6.1,2.9,appraisal,"{'net_M': 0.0, 'local_M': np.float64(17.7), 'om_M': 0.0, 'dt_min': 32.7, 'trips_k': 0, 'rank': 84, 'passed': 289, 'candidates': 664, 'account_M': 1203, 'threshold': 1.0, 'state': 0}"
1950,1951,upgrade,road,Utena,Zarasai,paved,58.8,13.5,2.89,appraisal,"{'net_M': 0.0, 'local_M': np.float64(39.1), 'om_M': 0.0, 'dt_min': 63.1, 'trips_k': 1, 'rank': 85, 'passed': 289, 'candidates': 664, 'account_M': 1203, 'threshold': 1.0, 'state': 0}"
1950,1951,upgrade,road,Kałusz,Dolina,paved,35.7,8.2,2.88,appraisal,"{'net_M': 0.0, 'local_M': np.float64(23.6), 'om_M': 0.0, 'dt_min': 38.3, 'trips_k': 0, 'rank': 86, 'passed': 289, 'candidates': 664, 'account_M': 1203, 'threshold': 1.0, 'state': 0}"
1950,1951,upgrade,road,Czeremcha,Kobryń,paved,93.6,22.9,2.87,appraisal,"{'net_M': 0.0, 'local_M': np.float64(65.8), 'om_M': 0.0, 'dt_min': 100.5, 'trips_k': 0, 'rank': 87, 'passed': 289, 'candidates': 664, 'account_M': 1203, 'threshold': 1.0, 'state': 0}"
1950,1951,upgrade,road,Głębokie,Postawy,paved,66.0,13.2,2.86,appraisal,"{'net_M': 0.0, 'local_M': np.float64(37.8), 'om_M': 0.0, 'dt_min': 70.8, 'trips_k': 0, 'rank': 88, 'passed': 289, 'candidates': 664, 'account_M': 1203, 'threshold': 1.0, 'state': 0}"
1950,1951,upgrade,road,Szamotuły,Chodzież,paved,58.6,11.7,2.86,appraisal,"{'net_M': 0.0, 'local_M': np.float64(33.5), 'om_M': 0.0, 'dt_min': 62.9, 'trips_k': 0, 'rank': 89, 'passed': 289, 'candidates': 664, 'account_M': 1203, 'threshold': 1.0, 'state': 0}"
1950,1951,upgrade,road,Dębica,Mielec,paved,32.6,6.5,2.85,appraisal,"{'net_M': 0.0, 'local_M': np.float64(18.6), 'om_M': 0.0, 'dt_min': 34.9, 'trips_k': 0, 'rank': 92, 'passed': 289, 'candidates': 664, 'account_M': 1203, 'threshold': 1.0, 'state': 0}"
1950,1951,upgrade,road,Otwock,Garwolin,paved,39.9,8.0,2.84,appraisal,"{'net_M': 0.0, 'local_M': np.float64(22.7), 'om_M': 0.0, 'dt_min': 42.8, 'trips_k': 0, 'rank': 95, 'passed': 289, 'candidates': 664, 'account_M': 1203, 'threshold': 1.0, 'state': 0}"
1950,1951,upgrade,road,Sosnowiec,Będzin,paved,6.0,1.2,2.39,appraisal,"{'net_M': 0.0, 'local_M': np.float64(2.9), 'om_M': 0.0, 'dt_min': 6.5, 'trips_k': 0, 'rank': 169, 'passed': 289, 'candidates': 664, 'account_M': 1203, 'threshold': 1.0, 'state': 0}"
1952,1953,upgrade,rail,Sandomierz,Tarnobrzeg,main,15.2,9.1,1.22,appraisal,"{'net_M': 11.1, 'local_M': 0.0, 'om_M': 0.0, 'dt_min': 6.6, 'trips_k': 4870, 'rank': 1, 'passed': 15, 'candidates': 628, 'account_M': 5469, 'threshold': 1.0, 'state': 0}"
1952,1953,new,rail,Sandomierz,Rozwadów,sec,28.1,23.9,1.21,appraisal,"{'net_M': 29.0, 'local_M': 0.0, 'om_M': 0.0, 'dt_min': 26.2, 'trips_k': 3980, 'rank': 2, 'passed': 15, 'candidates': 628, 'account_M': 5469, 'threshold': 1.0, 'state': 0}"
1952,1954,upgrade,rail,Grodno,Landwarów,main_el,154.3,77.1,1.19,appraisal,"{'net_M': 91.6, 'local_M': 0.0, 'om_M': 0.0, 'dt_min': 22.3, 'trips_k': 11511, 'rank': 3, 'passed': 15, 'candidates': 628, 'account_M': 5469, 'threshold': 1.0, 'state': 0}"
1952,1953,upgrade,rail,Skarżysko-Kamienna,Starachowice,main_el,18.4,9.2,1.11,appraisal,"{'net_M': 10.2, 'local_M': 0.0, 'om_M': 0.0, 'dt_min': 2.7, 'trips_k': 11111, 'rank': 4, 'passed': 15, 'candidates': 628, 'account_M': 5469, 'threshold': 1.0, 'state': 0}"
1952,1953,upgrade,rail,Końskie,Skarżysko-Kamienna,main_el,38.0,19.0,1.1,appraisal,"{'net_M': 20.8, 'local_M': 0.0, 'om_M': 0.0, 'dt_min': 5.5, 'trips_k': 11274, 'rank': 5, 'passed': 15, 'candidates': 628, 'account_M': 5469, 'threshold': 1.0, 'state': 0}"
1952,1953,upgrade,rail,Tomaszów Mazowiecki,Opoczno,main_el,28.8,14.4,1.08,appraisal,"{'net_M': 15.6, 'local_M': 0.0, 'om_M': 0.0, 'dt_min': 4.2, 'trips_k': 11026, 'rank': 6, 'passed': 15, 'candidates': 628, 'account_M': 5469, 'threshold': 1.0, 'state': 0}"
1952,1953,upgrade,rail,Kutno,Płock,main,48.8,29.3,1.06,appraisal,"{'net_M': 31.0, 'local_M': 0.0, 'om_M': 0.0, 'dt_min': 21.3, 'trips_k': 4089, 'rank': 7, 'passed': 15, 'candidates': 628, 'account_M': 5469, 'threshold': 1.0, 'state': 0}"
1952,1953,upgrade,rail,Warszawa,Mińsk Mazowiecki,main_el,43.6,21.8,1.04,appraisal,"{'net_M': 22.6, 'local_M': 0.0, 'om_M': 0.0, 'dt_min': 6.3, 'trips_k': 10067, 'rank': 8, 'passed': 15, 'candidates': 628, 'account_M': 5469, 'threshold': 1.0, 'state': 0}"
1952,1953,upgrade,rail,Łańcut,Jarosław,main_el,37.5,18.8,1.04,appraisal,"{'net_M': 19.5, 'local_M': 0.0, 'om_M': 0.0, 'dt_min': 5.4, 'trips_k': 10528, 'rank': 9, 'passed': 15, 'candidates': 628, 'account_M': 5469, 'threshold': 1.0, 'state': 0}"
1952,1953,upgrade,rail,Dębica,Rzeszów,main_el,48.5,24.2,1.03,appraisal,"{'net_M': 25.0, 'local_M': 0.0, 'om_M': 0.0, 'dt_min': 7.0, 'trips_k': 10422, 'rank': 10, 'passed': 15, 'candidates': 628, 'account_M': 5469, 'threshold': 1.0, 'state': 0}"
1952,1953,upgrade,rail,Warszawa,Nasielsk,main_el,48.6,24.3,1.03,appraisal,"{'net_M': 25.0, 'local_M': 0.0, 'om_M': 0.0, 'dt_min': 7.0, 'trips_k': 10319, 'rank': 11, 'passed': 15, 'candidates': 628, 'account_M': 5469, 'threshold': 1.0, 'state': 0}"
1952,1953,upgrade,rail,Opoczno,Końskie,main_el,26.4,13.2,1.01,appraisal,"{'net_M': 13.4, 'local_M': 0.0, 'om_M': 0.0, 'dt_min': 3.8, 'trips_k': 10375, 'rank': 12, 'passed': 15, 'candidates': 628, 'account_M': 5469, 'threshold': 1.0, 'state': 0}"
1952,1953,new,rail,Zduńska Wola,Wieluń,sec,56.9,48.3,1.01,appraisal,"{'net_M': 48.8, 'local_M': 0.0, 'om_M': 0.0, 'dt_min': 138.9, 'trips_k': 3010, 'rank': 13, 'passed': 15, 'candidates': 628, 'account_M': 5469, 'threshold': 1.0, 'state': 0}"
1952,1953,upgrade,rail,Dęblin,Radom,main_el,59.4,29.7,1.01,appraisal,"{'net_M': 29.9, 'local_M': 0.0, 'om_M': 0.0, 'dt_min': 8.6, 'trips_k': 10115, 'rank': 14, 'passed': 15, 'candidates': 628, 'account_M': 5469, 'threshold': 1.0, 'state': 0}"
1952,1953,new,rail,Warszawa,Grójec,sec,47.3,40.2,1.0,appraisal,"{'net_M': 40.3, 'local_M': 0.0, 'om_M': 0.0, 'dt_min': 137.9, 'trips_k': 598, 'rank': 15, 'passed': 15, 'candidates': 628, 'account_M': 5469, 'threshold': 1.0, 'state': 0}"
1952,1953,upgrade,road,Kėdainiai,Panevėžys,paved,66.8,13.4,2.96,appraisal,"{'net_M': 0.0, 'local_M': np.float64(39.5), 'om_M': 0.0, 'dt_min': 68.5, 'trips_k': 0, 'rank': 1, 'passed': 202, 'candidates': 645, 'account_M': 1329, 'threshold': 1.0, 'state': 0}"
1952,1953,upgrade,road,Dawidgródek,Sarny,paved,110.3,32.0,2.96,appraisal,"{'net_M': 0.0, 'local_M': np.float64(94.6), 'om_M': 0.0, 'dt_min': 113.1, 'trips_k': 0, 'rank': 2, 'passed': 202, 'candidates': 645, 'account_M': 1329, 'threshold': 1.0, 'state': 0}"
1952,1953,upgrade,road,Stolin,Sarny,paved,77.5,22.5,2.95,appraisal,"{'net_M': 0.4, 'local_M': np.float64(66.0), 'om_M': 0.0, 'dt_min': 79.5, 'trips_k': 13, 'rank': 3, 'passed': 202, 'candidates': 645, 'account_M': 1329, 'threshold': 1.0, 'state': 0}"
1952,1953,upgrade,road,Włodawa,Kamień Koszyrski,paved,119.2,29.2,2.94,appraisal,"{'net_M': 0.0, 'local_M': np.float64(85.9), 'om_M': 0.0, 'dt_min': 122.2, 'trips_k': 0, 'rank': 4, 'passed': 202, 'candidates': 645, 'account_M': 1329, 'threshold': 1.0, 'state': 0}"
1952,1953,upgrade,road,Mińsk Mazowiecki,Garwolin,paved,38.2,7.6,2.94,appraisal,"{'net_M': 0.0, 'local_M': np.float64(22.5), 'om_M': 0.0, 'dt_min': 39.2, 'trips_k': 0, 'rank': 5, 'passed': 202, 'candidates': 645, 'account_M': 1329, 'threshold': 1.0, 'state': 0}"
1952,1953,upgrade,road,Sokal,Brody,paved,92.9,18.6,2.94,appraisal,"{'net_M': 0.0, 'local_M': np.float64(54.6), 'om_M': 0.0, 'dt_min': 95.2, 'trips_k': 0, 'rank': 6, 'passed': 202, 'candidates': 645, 'account_M': 1329, 'threshold': 1.0, 'state': 0}"
1952,1953,upgrade,road,Sambor,Sanok,paved,88.2,30.9,2.94,appraisal,"{'net_M': 0.0, 'local_M': np.float64(90.6), 'om_M': 0.0, 'dt_min': 90.4, 'trips_k': 0, 'rank': 7, 'passed': 202, 'candidates': 645, 'account_M': 1329, 'threshold': 1.0, 'state': 0}"
1952,1953,upgrade,road,Pińsk,Stolin,paved,69.4,20.1,2.93,appraisal,"{'net_M': 0.4, 'local_M': np.float64(58.7), 'om_M': 0.0, 'dt_min': 71.1, 'trips_k': 18, 'rank': 8, 'passed': 202, 'candidates': 645, 'account_M': 1329, 'threshold': 1.0, 'state': 0}"
1952,1953,upgrade,road,Tarnopol,Podwołoczyska,paved,48.5,9.7,2.93,appraisal,"{'net_M': 0.0, 'local_M': np.float64(28.4), 'om_M': 0.0, 'dt_min': 49.7, 'trips_k': 0, 'rank': 9, 'passed': 202, 'candidates': 645, 'account_M': 1329, 'threshold': 1.0, 'state': 0}"
1952,1953,upgrade,road,Sanok,Łańcut,paved,69.2,22.2,2.92,appraisal,"{'net_M': 0.0, 'local_M': np.float64(64.7), 'om_M': 0.0, 'dt_min': 71.0, 'trips_k': 0, 'rank': 10, 'passed': 202, 'candidates': 645, 'account_M': 1329, 'threshold': 1.0, 'state': 0}"
1952,1953,upgrade,road,Sandomierz,Tarnobrzeg,paved,16.1,3.2,2.89,appraisal,"{'net_M': 0.0, 'local_M': np.float64(9.3), 'om_M': 0.0, 'dt_min': 16.5, 'trips_k': 0, 'rank': 11, 'passed': 202, 'candidates': 645, 'account_M': 1329, 'threshold': 1.0, 'state': 0}"
1952,1953,upgrade,road,Grójec,Tomaszów Mazowiecki,paved,85.8,17.2,2.89,appraisal,"{'net_M': 0.0, 'local_M': np.float64(49.6), 'om_M': 0.0, 'dt_min': 87.9, 'trips_k': 0, 'rank': 12, 'passed': 202, 'candidates': 645, 'account_M': 1329, 'threshold': 1.0, 'state': 0}"
1952,1953,upgrade,road,Tłuszcz,Ostrów Mazowiecka,paved,62.4,12.5,2.88,appraisal,"{'net_M': 0.0, 'local_M': np.float64(36.0), 'om_M': 0.0, 'dt_min': 64.0, 'trips_k': 0, 'rank': 13, 'passed': 202, 'candidates': 645, 'account_M': 1329, 'threshold': 1.0, 'state': 0}"
1952,1953,upgrade,road,Tarnopol,Trembowla,paved,35.5,7.1,2.88,appraisal,"{'net_M': 0.0, 'local_M': np.float64(20.5), 'om_M': 0.0, 'dt_min': 36.4, 'trips_k': 0, 'rank': 14, 'passed': 202, 'candidates': 645, 'account_M': 1329, 'threshold': 1.0, 'state': 0}"
1952,1953,upgrade,road,Kretinga,Mažeikiai,paved,100.9,20.2,2.87,appraisal,"{'net_M': 0.0, 'local_M': np.float64(57.8), 'om_M': 0.0, 'dt_min': 103.4, 'trips_k': 0, 'rank': 15, 'passed': 202, 'candidates': 645, 'account_M': 1329, 'threshold': 1.0, 'state': 0}"
1952,1953,upgrade,road,Kołomyja,Nadwórna,paved,43.5,13.9,2.86,appraisal,"{'net_M': 0.0, 'local_M': np.float64(39.8), 'om_M': 0.0, 'dt_min': 44.5, 'trips_k': 0, 'rank': 16, 'passed': 202, 'candidates': 645, 'account_M': 1329, 'threshold': 1.0, 'state': 0}"
1952,1953,upgrade,road,Ciechanów,Pułtusk,paved,44.9,9.0,2.86,appraisal,"{'net_M': 0.0, 'local_M': np.float64(25.7), 'om_M': 0.0, 'dt_min': 46.1, 'trips_k': 0, 'rank': 17, 'passed': 202, 'candidates': 645, 'account_M': 1329, 'threshold': 1.0, 'state': 0}"
1952,1953,upgrade,road,Kraśnik,Rozwadów,paved,49.7,9.9,2.86,appraisal,"{'net_M': 0.0, 'local_M': np.float64(28.4), 'om_M': 0.0, 'dt_min': 50.9, 'trips_k': 0, 'rank': 18, 'passed': 202, 'candidates': 645, 'account_M': 1329, 'threshold': 1.0, 'state': 0}"
1952,1953,upgrade,road,Łapy,Ostrów Mazowiecka,paved,85.0,17.0,2.85,appraisal,"{'net_M': 0.0, 'local_M': np.float64(48.5), 'om_M': 0.0, 'dt_min': 87.2, 'trips_k': 0, 'rank': 19, 'passed': 202, 'candidates': 645, 'account_M': 1329, 'threshold': 1.0, 'state': 0}"
1952,1953,upgrade,road,Dębica,Jasło,paved,41.0,9.4,2.85,appraisal,"{'net_M': 0.0, 'local_M': np.float64(26.9), 'om_M': 0.0, 'dt_min': 42.1, 'trips_k': 0, 'rank': 20, 'passed': 202, 'candidates': 645, 'account_M': 1329, 'threshold': 1.0, 'state': 0}"
1952,1953,upgrade,road,Kaunas,Šakiai,paved,66.6,13.3,2.84,appraisal,"{'net_M': 0.0, 'local_M': np.float64(37.9), 'om_M': 0.0, 'dt_min': 68.3, 'trips_k': 0, 'rank': 21, 'passed': 202, 'candidates': 645, 'account_M': 1329, 'threshold': 1.0, 'state': 0}"
1952,1953,upgrade,road,Borysław,Sanok,paved,114.5,50.4,2.83,appraisal,"{'net_M': 0.0, 'local_M': np.float64(142.7), 'om_M': 0.0, 'dt_min': 117.4, 'trips_k': 0, 'rank': 22, 'passed': 202, 'candidates': 645, 'account_M': 1329, 'threshold': 1.0, 'state': 0}"
1952,1953,upgrade,road,Suwałki,Lazdijai,paved,50.1,10.0,2.82,appraisal,"{'net_M': 0.4, 'local_M': np.float64(27.9), 'om_M': 0.0, 'dt_min': 51.3, 'trips_k': 60, 'rank': 23, 'passed': 202, 'candidates': 645, 'account_M': 1329, 'threshold': 1.0, 'state': 0}"
1952,1953,upgrade,road,Kėdainiai,Radviliškis,paved,77.9,15.6,2.81,appraisal,"{'net_M': 0.0, 'local_M': np.float64(43.8), 'om_M': 0.0, 'dt_min': 79.8, 'trips_k': 0, 'rank': 24, 'passed': 202, 'candidates': 645, 'account_M': 1329, 'threshold': 1.0, 'state': 0}"
1952,1953,upgrade,road,Tauragė,Šakiai,paved,71.7,14.3,2.81,appraisal,"{'net_M': 0.5, 'local_M': np.float64(39.8), 'om_M': 0.0, 'dt_min': 73.5, 'trips_k': 41, 'rank': 25, 'passed': 202, 'candidates': 645, 'account_M': 1329, 'threshold': 1.0, 'state': 0}"
1952,1953,upgrade,road,Kėdainiai,Šakiai,paved,85.0,17.0,2.81,appraisal,"{'net_M': 0.0, 'local_M': np.float64(47.7), 'om_M': 0.0, 'dt_min': 87.1, 'trips_k': 0, 'rank': 26, 'passed': 202, 'candidates': 645, 'account_M': 1329, 'threshold': 1.0, 'state': 0}"
1952,1953,upgrade,road,Grudziądz,Chełmno,paved,31.3,6.3,2.81,appraisal,"{'net_M': 0.0, 'local_M': np.float64(17.6), 'om_M': 0.0, 'dt_min': 32.1, 'trips_k': 0, 'rank': 27, 'passed': 202, 'candidates': 645, 'account_M': 1329, 'threshold': 1.0, 'state': 0}"
1952,1953,upgrade,road,Wilno,Troki,paved,28.3,7.4,2.79,appraisal,"{'net_M': 0.0, 'local_M': np.float64(20.5), 'om_M': 0.0, 'dt_min': 29.0, 'trips_k': 0, 'rank': 28, 'passed': 202, 'candidates': 645, 'account_M': 1329, 'threshold': 1.0, 'state': 0}"
1952,1953,upgrade,road,Rozwadów,Nisko,paved,10.3,2.1,2.79,appraisal,"{'net_M': 0.0, 'local_M': np.float64(5.7), 'om_M': 0.0, 'dt_min': 10.6, 'trips_k': 0, 'rank': 29, 'passed': 202, 'candidates': 645, 'account_M': 1329, 'threshold': 1.0, 'state': 0}"
1952,1953,upgrade,road,Pułtusk,Przasnysz,paved,46.4,9.3,2.79,appraisal,"{'net_M': 0.0, 'local_M': np.float64(25.8), 'om_M': 0.0, 'dt_min': 47.6, 'trips_k': 0, 'rank': 30, 'passed': 202, 'candidates': 645, 'account_M': 1329, 'threshold': 1.0, 'state': 0}"
1952,1953,upgrade,road,Suwałki,Augustów,paved,35.5,7.1,2.78,appraisal,"{'net_M': 0.0, 'local_M': np.float64(19.7), 'om_M': 0.0, 'dt_min': 36.4, 'trips_k': 0, 'rank': 31, 'passed': 202, 'candidates': 645, 'account_M': 1329, 'threshold': 1.0, 'state': 0}"
1952,1953,upgrade,road,Oszmiana,Landwarów,paved,71.5,14.3,2.78,appraisal,"{'net_M': 0.0, 'local_M': np.float64(39.8), 'om_M': 0.0, 'dt_min': 73.3, 'trips_k': 0, 'rank': 32, 'passed': 202, 'candidates': 645, 'account_M': 1329, 'threshold': 1.0, 'state': 0}"
1952,1953,upgrade,road,Bydgoszcz,Chełmno,paved,46.2,9.2,2.76,appraisal,"{'net_M': 0.0, 'local_M': np.float64(25.5), 'om_M': 0.0, 'dt_min': 47.4, 'trips_k': 0, 'rank': 33, 'passed': 202, 'candidates': 645, 'account_M': 1329, 'threshold': 1.0, 'state': 0}"
1952,1953,upgrade,road,Borysław,Sambor,paved,37.2,13.0,2.75,appraisal,"{'net_M': 0.0, 'local_M': np.float64(35.9), 'om_M': 0.0, 'dt_min': 38.2, 'trips_k': 0, 'rank': 34, 'passed': 202, 'candidates': 645, 'account_M': 1329, 'threshold': 1.0, 'state': 0}"
1952,1953,upgrade,road,Ostrołęka,Grajewo,paved,104.1,20.8,2.75,appraisal,"{'net_M': 0.0, 'local_M': np.float64(57.3), 'om_M': 0.0, 'dt_min': 106.7, 'trips_k': 0, 'rank': 35, 'passed': 202, 'candidates': 645, 'account_M': 1329, 'threshold': 1.0, 'state': 0}"
1952,1953,upgrade,road,Gorlice,Sanok,paved,92.2,32.3,2.74,appraisal,"{'net_M': 0.0, 'local_M': np.float64(88.5), 'om_M': 0.0, 'dt_min': 94.6, 'trips_k': 0, 'rank': 36, 'passed': 202, 'candidates': 645, 'account_M': 1329, 'threshold': 1.0, 'state': 0}"
1952,1953,upgrade,road,Kamień Koszyrski,Luboml,paved,94.1,23.1,2.73,appraisal,"{'net_M': 0.0, 'local_M': np.float64(63.0), 'om_M': 0.0, 'dt_min': 96.5, 'trips_k': 0, 'rank': 37, 'passed': 202, 'candidates': 645, 'account_M': 1329, 'threshold': 1.0, 'state': 0}"
1952,1953,upgrade,road,Gorlice,Krosno,paved,53.8,14.0,2.73,appraisal,"{'net_M': 0.0, 'local_M': np.float64(38.2), 'om_M': 0.0, 'dt_min': 55.2, 'trips_k': 0, 'rank': 38, 'passed': 202, 'candidates': 645, 'account_M': 1329, 'threshold': 1.0, 'state': 0}"
1952,1953,upgrade,road,Kałusz,Halicz,paved,34.2,6.8,2.73,appraisal,"{'net_M': 0.0, 'local_M': np.float64(18.7), 'om_M': 0.0, 'dt_min': 35.1, 'trips_k': 0, 'rank': 39, 'passed': 202, 'candidates': 645, 'account_M': 1329, 'threshold': 1.0, 'state': 0}"
1952,1953,upgrade,road,Przasnysz,Ostrołęka,paved,57.1,11.4,2.72,appraisal,"{'net_M': 0.0, 'local_M': np.float64(31.1), 'om_M': 0.0, 'dt_min': 58.5, 'trips_k': 0, 'rank': 40, 'passed': 202, 'candidates': 645, 'account_M': 1329, 'threshold': 1.0, 'state': 0}"
1952,1953,upgrade,road,Rawicz,Jarocin,paved,72.6,14.5,2.72,appraisal,"{'net_M': 0.0, 'local_M': np.float64(39.5), 'om_M': 0.0, 'dt_min': 74.4, 'trips_k': 0, 'rank': 41, 'passed': 202, 'candidates': 645, 'account_M': 1329, 'threshold': 1.0, 'state': 0}"
1952,1953,upgrade,road,Suwałki,Grajewo,paved,72.1,14.4,2.72,appraisal,"{'net_M': 0.0, 'local_M': np.float64(39.2), 'om_M': 0.0, 'dt_min': 73.9, 'trips_k': 8, 'rank': 42, 'passed': 202, 'candidates': 645, 'account_M': 1329, 'threshold': 1.0, 'state': 0}"
1952,1953,upgrade,road,Rybnik,Ostrava,paved,41.5,8.3,2.71,appraisal,"{'net_M': 0.1, 'local_M': np.float64(22.4), 'om_M': 0.0, 'dt_min': 42.5, 'trips_k': 15, 'rank': 43, 'passed': 202, 'candidates': 645, 'account_M': 1329, 'threshold': 1.0, 'state': 0}"
1952,1953,upgrade,road,Augustów,Sokółka,paved,71.8,14.4,2.71,appraisal,"{'net_M': 0.0, 'local_M': np.float64(38.9), 'om_M': 0.0, 'dt_min': 73.6, 'trips_k': 0, 'rank': 44, 'passed': 202, 'candidates': 645, 'account_M': 1329, 'threshold': 1.0, 'state': 0}"
1952,1953,upgrade,road,Rybnik,Gleiwitz-Beuthen,paved,29.4,5.9,2.7,appraisal,"{'net_M': 0.0, 'local_M': np.float64(15.9), 'om_M': 0.0, 'dt_min': 30.1, 'trips_k': 0, 'rank': 45, 'passed': 202, 'candidates': 645, 'account_M': 1329, 'threshold': 1.0, 'state': 0}"
1952,1953,upgrade,road,Šiauliai,Mažeikiai,paved,89.7,17.9,2.7,appraisal,"{'net_M': 0.0, 'local_M': np.float64(48.4), 'om_M': 0.0, 'dt_min': 91.9, 'trips_k': 0, 'rank': 46, 'passed': 202, 'candidates': 645, 'account_M': 1329, 'threshold': 1.0, 'state': 0}"
1952,1953,upgrade,road,Tarnopol,Zbaraż,paved,22.4,4.5,2.69,appraisal,"{'net_M': 0.0, 'local_M': np.float64(12.1), 'om_M': 0.0, 'dt_min': 23.0, 'trips_k': 0, 'rank': 47, 'passed': 202, 'candidates': 645, 'account_M': 1329, 'threshold': 1.0, 'state': 0}"
1952,1953,upgrade,road,Panevėžys,Ukmergė,paved,72.0,14.4,2.69,appraisal,"{'net_M': 0.0, 'local_M': np.float64(38.6), 'om_M': 0.0, 'dt_min': 73.8, 'trips_k': 6, 'rank': 48, 'passed': 202, 'candidates': 645, 'account_M': 1329, 'threshold': 1.0, 'state': 0}"
1952,1953,upgrade,road,Kobryń,Drohiczyn Poleski,paved,65.8,19.1,2.66,appraisal,"{'net_M': 0.0, 'local_M': np.float64(50.9), 'om_M': 0.0, 'dt_min': 67.5, 'trips_k': 0, 'rank': 49, 'passed': 202, 'candidates': 645, 'account_M': 1329, 'threshold': 1.0, 'state': 0}"
1952,1953,upgrade,road,Zgierz,Łęczyca,paved,32.3,6.5,2.65,appraisal,"{'net_M': 0.0, 'local_M': np.float64(17.1), 'om_M': 0.0, 'dt_min': 33.1, 'trips_k': 0, 'rank': 50, 'passed': 202, 'candidates': 645, 'account_M': 1329, 'threshold': 1.0, 'state': 0}"
1952,1953,upgrade,road,Kaunas,Jonava,paved,38.4,7.7,2.65,appraisal,"{'net_M': 0.0, 'local_M': np.float64(20.3), 'om_M': 0.0, 'dt_min': 39.3, 'trips_k': 0, 'rank': 51, 'passed': 202, 'candidates': 645, 'account_M': 1329, 'threshold': 1.0, 'state': 0}"
1952,1953,upgrade,road,Kobryń,Kamień Koszyrski,paved,94.5,27.4,2.65,appraisal,"{'net_M': 0.0, 'local_M': np.float64(72.6), 'om_M': 0.0, 'dt_min': 96.9, 'trips_k': 0, 'rank': 52, 'passed': 202, 'candidates': 645, 'account_M': 1329, 'threshold': 1.0, 'state': 0}"
1952,1953,upgrade,road,Tomaszów Mazowiecki,Piotrków,paved,30.8,6.2,2.65,appraisal,"{'net_M': 0.0, 'local_M': np.float64(16.3), 'om_M': 0.0, 'dt_min': 31.6, 'trips_k': 0, 'rank': 53, 'passed': 202, 'candidates': 645, 'account_M': 1329, 'threshold': 1.0, 'state': 0}"
1952,1953,upgrade,road,Grajewo,Sokółka,paved,90.7,18.1,2.64,appraisal,"{'net_M': 0.0, 'local_M': np.float64(48.0), 'om_M': 0.0, 'dt_min': 93.0, 'trips_k': 0, 'rank': 54, 'passed': 202, 'candidates': 645, 'account_M': 1329, 'threshold': 1.0, 'state': 0}"
1952,1953,upgrade,road,Żywiec,Wadowice,paved,36.8,12.9,2.64,appraisal,"{'net_M': 0.0, 'local_M': np.float64(34.1), 'om_M': 0.0, 'dt_min': 37.7, 'trips_k': 0, 'rank': 55, 'passed': 202, 'candidates': 645, 'account_M': 1329, 'threshold': 1.0, 'state': 0}"
1952,1953,upgrade,road,Grudziądz,Tczew,paved,82.8,16.6,2.64,appraisal,"{'net_M': 0.0, 'local_M': np.float64(43.7), 'om_M': 0.0, 'dt_min': 84.9, 'trips_k': 0, 'rank': 56, 'passed': 202, 'candidates': 645, 'account_M': 1329, 'threshold': 1.0, 'state': 0}"
1952,1953,upgrade,road,Panevėžys,Rokiškis,paved,98.7,19.7,2.64,appraisal,"{'net_M': 0.0, 'local_M': np.float64(52.1), 'om_M': 0.0, 'dt_min': 101.2, 'trips_k': 0, 'rank': 57, 'passed': 202, 'candidates': 645, 'account_M': 1329, 'threshold': 1.0, 'state': 0}"
1952,1953,upgrade,road,Mława,Sierpc,paved,67.2,13.4,2.63,appraisal,"{'net_M': 0.0, 'local_M': np.float64(35.3), 'om_M': 0.0, 'dt_min': 68.9, 'trips_k': 0, 'rank': 58, 'passed': 202, 'candidates': 645, 'account_M': 1329, 'threshold': 1.0, 'state': 0}"
1952,1953,upgrade,road,Mołodeczno,Mińsk,paved,79.8,16.0,2.62,appraisal,"{'net_M': 0.1, 'local_M': np.float64(41.8), 'om_M': 0.0, 'dt_min': 81.8, 'trips_k': 4, 'rank': 59, 'passed': 202, 'candidates': 645, 'account_M': 1329, 'threshold': 1.0, 'state': 0}"
1952,1953,upgrade,road,Jonava,Kėdainiai,paved,37.3,7.5,2.62,appraisal,"{'net_M': 0.0, 'local_M': np.float64(19.5), 'om_M': 0.0, 'dt_min': 38.2, 'trips_k': 0, 'rank': 60, 'passed': 202, 'candidates': 645, 'account_M': 1329, 'threshold': 1.0, 'state': 0}"
1952,1953,upgrade,road,Telšiai,Šilutė,paved,103.8,23.9,2.61,appraisal,"{'net_M': 0.0, 'local_M': np.float64(62.4), 'om_M': 0.0, 'dt_min': 106.4, 'trips_k': 0, 'rank': 61, 'passed': 202, 'candidates': 645, 'account_M': 1329, 'threshold': 1.0, 'state': 0}"
1952,1953,upgrade,road,Chorzów,Gleiwitz-Beuthen,paved,24.3,4.9,2.6,appraisal,"{'net_M': 0.0, 'local_M': np.float64(12.6), 'om_M': 0.0, 'dt_min': 24.9, 'trips_k': 0, 'rank': 62, 'passed': 202, 'candidates': 645, 'account_M': 1329, 'threshold': 1.0, 'state': 0}"
1952,1953,upgrade,road,Głębokie,Dzisna,paved,70.8,14.2,2.59,appraisal,"{'net_M': 0.0, 'local_M': np.float64(36.6), 'om_M': 0.0, 'dt_min': 72.6, 'trips_k': 0, 'rank': 63, 'passed': 202, 'candidates': 645, 'account_M': 1329, 'threshold': 1.0, 'state': 0}"
1952,1953,upgrade,road,Pabianice,Piotrków,paved,45.0,9.0,2.57,appraisal,"{'net_M': 0.0, 'local_M': np.float64(23.2), 'om_M': 0.0, 'dt_min': 46.1, 'trips_k': 0, 'rank': 64, 'passed': 202, 'candidates': 645, 'account_M': 1329, 'threshold': 1.0, 'state': 0}"
1952,1953,upgrade,road,Mława,Ciechanów,paved,36.8,7.4,2.56,appraisal,"{'net_M': 0.0, 'local_M': np.float64(18.8), 'om_M': 0.0, 'dt_min': 37.8, 'trips_k': 0, 'rank': 65, 'passed': 202, 'candidates': 645, 'account_M': 1329, 'threshold': 1.0, 'state': 0}"
1952,1953,upgrade,road,Skarżysko-Kamienna,Starachowice,paved,19.5,3.9,2.55,appraisal,"{'net_M': 0.0, 'local_M': np.float64(9.9), 'om_M': 0.0, 'dt_min': 20.0, 'trips_k': 0, 'rank': 66, 'passed': 202, 'candidates': 645, 'account_M': 1329, 'threshold': 1.0, 'state': 0}"
1952,1953,upgrade,road,Marijampolė,Lazdijai,paved,46.7,9.3,2.55,appraisal,"{'net_M': 0.4, 'local_M': np.float64(23.5), 'om_M': 0.0, 'dt_min': 47.9, 'trips_k': 20, 'rank': 67, 'passed': 202, 'candidates': 645, 'account_M': 1329, 'threshold': 1.0, 'state': 0}"
1952,1953,upgrade,road,Marijampolė,Šakiai,paved,57.9,11.6,2.55,appraisal,"{'net_M': 0.2, 'local_M': np.float64(29.2), 'om_M': 0.0, 'dt_min': 59.3, 'trips_k': 52, 'rank': 68, 'passed': 202, 'candidates': 645, 'account_M': 1329, 'threshold': 1.0, 'state': 0}"
1952,1953,upgrade,road,Dąbrowa Górnicza,Mysłowice,paved,11.7,2.3,2.54,appraisal,"{'net_M': 0.0, 'local_M': np.float64(5.9), 'om_M': 0.0, 'dt_min': 12.0, 'trips_k': 0, 'rank': 69, 'passed': 202, 'candidates': 645, 'account_M': 1329, 'threshold': 1.0, 'state': 0}"
1952,1953,upgrade,road,Ostrów Wielkopolski,Kępno,paved,52.4,10.5,2.5,appraisal,"{'net_M': 0.0, 'local_M': np.float64(26.3), 'om_M': 0.0, 'dt_min': 53.8, 'trips_k': 0, 'rank': 70, 'passed': 202, 'candidates': 645, 'account_M': 1329, 'threshold': 1.0, 'state': 0}"
1952,1953,upgrade,road,Šiauliai,Joniškis,paved,48.2,9.6,2.5,appraisal,"{'net_M': 0.0, 'local_M': np.float64(24.1), 'om_M': 0.0, 'dt_min': 49.4, 'trips_k': 0, 'rank': 71, 'passed': 202, 'candidates': 645, 'account_M': 1329, 'threshold': 1.0, 'state': 0}"
1952,1953,upgrade,road,Radviliškis,Šiauliai,paved,23.9,4.8,2.5,appraisal,"{'net_M': 0.0, 'local_M': np.float64(11.9), 'om_M': 0.0, 'dt_min': 24.5, 'trips_k': 0, 'rank': 72, 'passed': 202, 'candidates': 645, 'account_M': 1329, 'threshold': 1.0, 'state': 0}"
1952,1953,upgrade,road,Mažeikiai,Joniškis,paved,96.9,19.4,2.49,appraisal,"{'net_M': 0.0, 'local_M': np.float64(48.3), 'om_M': 0.0, 'dt_min': 99.3, 'trips_k': 0, 'rank': 73, 'passed': 202, 'candidates': 645, 'account_M': 1329, 'threshold': 1.0, 'state': 0}"
1952,1953,upgrade,road,Zarasai,Riga via Daugavpils,gravel,29.1,3.4,2.49,appraisal,"{'net_M': 1.6, 'local_M': np.float64(6.7), 'om_M': 0.0, 'dt_min': 68.4, 'trips_k': 61, 'rank': 74, 'passed': 202, 'candidates': 645, 'account_M': 1329, 'threshold': 1.0, 'state': 0}"
1952,1953,upgrade,road,Szamotuły,Wągrowiec,paved,57.7,11.5,2.49,appraisal,"{'net_M': 0.0, 'local_M': np.float64(28.7), 'om_M': 0.0, 'dt_min': 59.2, 'trips_k': 0, 'rank': 75, 'passed': 202, 'candidates': 645, 'account_M': 1329, 'threshold': 1.0, 'state': 0}"
1952,1953,upgrade,road,Pilzno,Jasło,paved,34.9,9.1,2.48,appraisal,"{'net_M': 0.0, 'local_M': np.float64(22.6), 'om_M': 0.0, 'dt_min': 35.8, 'trips_k': 0, 'rank': 76, 'passed': 202, 'candidates': 645, 'account_M': 1329, 'threshold': 1.0, 'state': 0}"
1952,1953,upgrade,road,Sosnowiec,Dąbrowa Górnicza,paved,8.8,1.8,2.48,appraisal,"{'net_M': 0.0, 'local_M': np.float64(4.4), 'om_M': 0.0, 'dt_min': 9.0, 'trips_k': 0, 'rank': 77, 'passed': 202, 'candidates': 645, 'account_M': 1329, 'threshold': 1.0, 'state': 0}"
1952,1953,upgrade,road,Kamień Koszyrski,Drohiczyn Poleski,paved,77.6,22.5,2.48,appraisal,"{'net_M': 0.0, 'local_M': np.float64(55.8), 'om_M': 0.0, 'dt_min': 79.6, 'trips_k': 2, 'rank': 78, 'passed': 202, 'candidates': 645, 'account_M': 1329, 'threshold': 1.0, 'state': 0}"
1952,1953,upgrade,road,Mława,Przasnysz,paved,42.5,8.5,2.48,appraisal,"{'net_M': 0.0, 'local_M': np.float64(21.1), 'om_M': 0.0, 'dt_min': 43.6, 'trips_k': 0, 'rank': 79, 'passed': 202, 'candidates': 645, 'account_M': 1329, 'threshold': 1.0, 'state': 0}"
1952,1953,upgrade,road,Horodenka,Czortków,paved,54.5,10.9,2.46,appraisal,"{'net_M': 0.0, 'local_M': np.float64(26.8), 'om_M': 0.0, 'dt_min': 55.9, 'trips_k': 0, 'rank': 80, 'passed': 202, 'candidates': 645, 'account_M': 1329, 'threshold': 1.0, 'state': 0}"
1952,1953,upgrade,road,Nowy Targ,Bochnia,paved,75.2,24.1,2.46,appraisal,"{'net_M': 0.0, 'local_M': np.float64(59.1), 'om_M': 0.0, 'dt_min': 77.0, 'trips_k': 0, 'rank': 81, 'passed': 202, 'candidates': 645, 'account_M': 1329, 'threshold': 1.0, 'state': 0}"
1952,1953,upgrade,road,Panevėžys,Joniškis,paved,89.1,17.8,2.44,appraisal,"{'net_M': 0.0, 'local_M': np.float64(43.5), 'om_M': 0.0, 'dt_min': 91.3, 'trips_k': 0, 'rank': 82, 'passed': 202, 'candidates': 645, 'account_M': 1329, 'threshold': 1.0, 'state': 0}"
1952,1953,upgrade,road,Panevėžys,Radviliškis,paved,63.5,12.7,2.43,appraisal,"{'net_M': 0.0, 'local_M': np.float64(30.9), 'om_M': 0.0, 'dt_min': 65.1, 'trips_k': 0, 'rank': 83, 'passed': 202, 'candidates': 645, 'account_M': 1329, 'threshold': 1.0, 'state': 0}"
1952,1953,upgrade,road,Święciany,Zarasai,paved,80.3,18.5,2.43,appraisal,"{'net_M': 0.0, 'local_M': np.float64(44.9), 'om_M': 0.0, 'dt_min': 82.4, 'trips_k': 0, 'rank': 84, 'passed': 202, 'candidates': 645, 'account_M': 1329, 'threshold': 1.0, 'state': 0}"
1952,1953,upgrade,road,Kołomyja,Worochta,paved,54.1,17.3,2.42,appraisal,"{'net_M': 0.0, 'local_M': np.float64(42.0), 'om_M': 0.0, 'dt_min': 55.5, 'trips_k': 0, 'rank': 85, 'passed': 202, 'candidates': 645, 'account_M': 1329, 'threshold': 1.0, 'state': 0}"
1952,1953,upgrade,road,Otwock,Grójec,paved,45.1,9.0,2.42,appraisal,"{'net_M': 1.1, 'local_M': np.float64(20.8), 'om_M': 0.0, 'dt_min': 46.2, 'trips_k': 361, 'rank': 86, 'passed': 202, 'candidates': 645, 'account_M': 1329, 'threshold': 1.0, 'state': 0}"
1952,1953,upgrade,road,Kaišiadorys,Ukmergė,paved,58.1,11.6,2.42,appraisal,"{'net_M': 0.0, 'local_M': np.float64(28.1), 'om_M': 0.0, 'dt_min': 59.6, 'trips_k': 0, 'rank': 87, 'passed': 202, 'candidates': 645, 'account_M': 1329, 'threshold': 1.0, 'state': 0}"
1952,1953,upgrade,road,Łapy,Grajewo,paved,96.1,19.2,2.42,appraisal,"{'net_M': 0.0, 'local_M': np.float64(46.4), 'om_M': 0.0, 'dt_min': 98.5, 'trips_k': 0, 'rank': 88, 'passed': 202, 'candidates': 645, 'account_M': 1329, 'threshold': 1.0, 'state': 0}"
1952,1953,upgrade,road,Starogard,Laskowice,paved,65.6,13.1,2.41,appraisal,"{'net_M': 0.0, 'local_M': np.float64(31.7), 'om_M': 0.0, 'dt_min': 67.3, 'trips_k': 0, 'rank': 89, 'passed': 202, 'candidates': 645, 'account_M': 1329, 'threshold': 1.0, 'state': 0}"
1952,1953,upgrade,road,Piotrków,Koluszki,paved,45.9,9.2,2.41,appraisal,"{'net_M': 0.0, 'local_M': np.float64(22.1), 'om_M': 0.0, 'dt_min': 47.0, 'trips_k': 0, 'rank': 90, 'passed': 202, 'candidates': 645, 'account_M': 1329, 'threshold': 1.0, 'state': 0}"
1952,1953,upgrade,road,Podwołoczyska,Husiatyn,paved,62.5,12.5,2.4,appraisal,"{'net_M': 0.0, 'local_M': np.float64(30.0), 'om_M': 0.0, 'dt_min': 64.1, 'trips_k': 0, 'rank': 91, 'passed': 202, 'candidates': 645, 'account_M': 1329, 'threshold': 1.0, 'state': 0}"
1952,1953,upgrade,road,Sandomierz,Rozwadów,paved,29.8,6.0,2.38,appraisal,"{'net_M': 0.0, 'local_M': np.float64(14.2), 'om_M': 0.0, 'dt_min': 30.6, 'trips_k': 0, 'rank': 92, 'passed': 202, 'candidates': 645, 'account_M': 1329, 'threshold': 1.0, 'state': 0}"
1952,1953,upgrade,road,Tauragė,Šilutė,paved,64.0,12.8,2.37,appraisal,"{'net_M': 0.0, 'local_M': np.float64(30.4), 'om_M': 0.0, 'dt_min': 65.6, 'trips_k': 0, 'rank': 93, 'passed': 202, 'candidates': 645, 'account_M': 1329, 'threshold': 1.0, 'state': 0}"
1952,1953,upgrade,road,Kutno,Zgierz,paved,50.4,10.1,2.37,appraisal,"{'net_M': 0.0, 'local_M': np.float64(23.9), 'om_M': 0.0, 'dt_min': 51.6, 'trips_k': 0, 'rank': 94, 'passed': 202, 'candidates': 645, 'account_M': 1329, 'threshold': 1.0, 'state': 0}"
1952,1953,upgrade,road,Drohobycz,Borysław,paved,10.8,3.8,2.36,appraisal,"{'net_M': 0.0, 'local_M': np.float64(8.9), 'om_M': 0.0, 'dt_min': 11.1, 'trips_k': 0, 'rank': 95, 'passed': 202, 'candidates': 645, 'account_M': 1329, 'threshold': 1.0, 'state': 0}"
1952,1953,upgrade,road,Trembowla,Husiatyn,paved,52.1,10.4,2.35,appraisal,"{'net_M': 0.0, 'local_M': np.float64(24.5), 'om_M': 0.0, 'dt_min': 53.4, 'trips_k': 0, 'rank': 96, 'passed': 202, 'candidates': 645, 'account_M': 1329, 'threshold': 1.0, 'state': 0}"
1952,1953,upgrade,road,Śniatyn,Horodenka,paved,31.8,6.4,2.35,appraisal,"{'net_M': 0.0, 'local_M': np.float64(15.0), 'om_M': 0.0, 'dt_min': 32.6, 'trips_k': 0, 'rank': 97, 'passed': 202, 'candidates': 645, 'account_M': 1329, 'threshold': 1.0, 'state': 0}"
1952,1953,upgrade,road,Jonava,Ukmergė,paved,43.8,8.8,2.34,appraisal,"{'net_M': 0.0, 'local_M': np.float64(20.5), 'om_M': 0.0, 'dt_min': 44.9, 'trips_k': 0, 'rank': 98, 'passed': 202, 'candidates': 645, 'account_M': 1329, 'threshold': 1.0, 'state': 0}"
1952,1953,upgrade,road,Kałusz,Nadwórna,paved,57.7,18.5,2.34,appraisal,"{'net_M': 0.0, 'local_M': np.float64(43.2), 'om_M': 0.0, 'dt_min': 59.2, 'trips_k': 0, 'rank': 99, 'passed': 202, 'candidates': 645, 'account_M': 1329, 'threshold': 1.0, 'state': 0}"
1954,1955,upgrade,rail,Sandomierz,Rozwadów,main,28.1,16.9,1.34,appraisal,"{'net_M': 22.7, 'local_M': 0.0, 'om_M': 0.0, 'dt_min': 12.1, 'trips_k': 5299, 'rank': 1, 'passed': 8, 'candidates': 618, 'account_M': 6141, 'threshold': 1.0, 'state': 0}"
1954,1955,upgrade,rail,Nisko,Łańcut,main,58.0,34.8,1.31,appraisal,"{'net_M': 45.6, 'local_M': 0.0, 'om_M': 0.0, 'dt_min': 24.9, 'trips_k': 5563, 'rank': 2, 'passed': 8, 'candidates': 618, 'account_M': 6141, 'threshold': 1.0, 'state': 0}"
1954,1955,upgrade,rail,Starachowice,Ostrowiec,main_el,30.0,15.0,1.22,appraisal,"{'net_M': 18.3, 'local_M': 0.0, 'om_M': 0.0, 'dt_min': 4.3, 'trips_k': 12147, 'rank': 3, 'passed': 8, 'candidates': 618, 'account_M': 6141, 'threshold': 1.0, 'state': 0}"
1954,1955,upgrade,rail,Landwarów,Wilno,main_el,15.4,8.8,1.2,appraisal,"{'net_M': 10.6, 'local_M': 0.0, 'om_M': 0.0, 'dt_min': 2.2, 'trips_k': 14078, 'rank': 4, 'passed': 8, 'candidates': 618, 'account_M': 6141, 'threshold': 1.0, 'state': 0}"
1954,1955,upgrade,rail,Rozwadów,Nisko,main,9.7,5.8,1.18,appraisal,"{'net_M': 6.9, 'local_M': 0.0, 'om_M': 0.0, 'dt_min': 4.2, 'trips_k': 4756, 'rank': 5, 'passed': 8, 'candidates': 618, 'account_M': 6141, 'threshold': 1.0, 'state': 0}"
1954,1955,upgrade,rail,Rzeszów,Łańcut,main_el,19.3,9.6,1.16,appraisal,"{'net_M': 11.2, 'local_M': 0.0, 'om_M': 0.0, 'dt_min': 2.8, 'trips_k': 11798, 'rank': 6, 'passed': 8, 'candidates': 618, 'account_M': 6141, 'threshold': 1.0, 'state': 0}"
1954,1955,upgrade,rail,Jarosław,Przemyśl,main_el,31.6,18.2,1.07,appraisal,"{'net_M': 19.4, 'local_M': 0.0, 'om_M': 0.0, 'dt_min': 4.5, 'trips_k': 12467, 'rank': 7, 'passed': 8, 'candidates': 618, 'account_M': 6141, 'threshold': 1.0, 'state': 0}"
1954,1955,upgrade,rail,Mińsk Mazowiecki,Siedlce,main_el,57.3,28.6,1.04,appraisal,"{'net_M': 29.8, 'local_M': 0.0, 'om_M': 0.0, 'dt_min': 8.2, 'trips_k': 10037, 'rank': 8, 'passed': 8, 'candidates': 618, 'account_M': 6141, 'threshold': 1.0, 'state': 0}"
1954,1955,upgrade,road,Drohobycz,Sambor,paved,35.8,9.3,2.34,appraisal,"{'net_M': 0.0, 'local_M': np.float64(21.7), 'om_M': 0.0, 'dt_min': 35.0, 'trips_k': 0, 'rank': 1, 'passed': 103, 'candidates': 637, 'account_M': 1425, 'threshold': 1.0, 'state': 0}"
1954,1955,upgrade,road,Tauragė,Pagėgiai,paved,33.0,6.6,2.32,appraisal,"{'net_M': 0.0, 'local_M': np.float64(15.3), 'om_M': 0.0, 'dt_min': 32.2, 'trips_k': 0, 'rank': 2, 'passed': 103, 'candidates': 637, 'account_M': 1425, 'threshold': 1.0, 'state': 0}"
1954,1955,upgrade,road,Ostrołęka,Działdowo,paved,114.6,22.9,2.32,appraisal,"{'net_M': 0.0, 'local_M': np.float64(53.1), 'om_M': 0.0, 'dt_min': 112.0, 'trips_k': 0, 'rank': 3, 'passed': 103, 'candidates': 637, 'account_M': 1425, 'threshold': 1.0, 'state': 0}"
1954,1955,upgrade,road,Czortków,Husiatyn,paved,34.5,6.9,2.32,appraisal,"{'net_M': 0.0, 'local_M': np.float64(16.0), 'om_M': 0.0, 'dt_min': 33.7, 'trips_k': 0, 'rank': 4, 'passed': 103, 'candidates': 637, 'account_M': 1425, 'threshold': 1.0, 'state': 0}"
1954,1955,upgrade,road,Podwołoczyska,Trembowla,paved,49.1,9.8,2.31,appraisal,"{'net_M': 0.0, 'local_M': np.float64(22.7), 'om_M': 0.0, 'dt_min': 48.0, 'trips_k': 0, 'rank': 5, 'passed': 103, 'candidates': 637, 'account_M': 1425, 'threshold': 1.0, 'state': 0}"
1954,1955,upgrade,road,Łuniniec,Dawidgródek,paved,42.8,12.4,2.3,appraisal,"{'net_M': 1.4, 'local_M': np.float64(27.1), 'om_M': 0.0, 'dt_min': 41.8, 'trips_k': 86, 'rank': 6, 'passed': 103, 'candidates': 637, 'account_M': 1425, 'threshold': 1.0, 'state': 0}"
1954,1955,upgrade,road,Radviliškis,Joniškis,paved,58.6,11.7,2.29,appraisal,"{'net_M': 0.0, 'local_M': np.float64(26.9), 'om_M': 0.0, 'dt_min': 57.3, 'trips_k': 0, 'rank': 7, 'passed': 103, 'candidates': 637, 'account_M': 1425, 'threshold': 1.0, 'state': 0}"
1954,1955,upgrade,road,Ciechanów,Sierpc,paved,77.8,15.6,2.29,appraisal,"{'net_M': 0.0, 'local_M': np.float64(35.6), 'om_M': 0.0, 'dt_min': 76.1, 'trips_k': 0, 'rank': 8, 'passed': 103, 'candidates': 637, 'account_M': 1425, 'threshold': 1.0, 'state': 0}"
1954,1955,upgrade,road,Bielsko,Wadowice,paved,40.2,10.5,2.28,appraisal,"{'net_M': 0.0, 'local_M': np.float64(23.9), 'om_M': 0.0, 'dt_min': 39.3, 'trips_k': 0, 'rank': 9, 'passed': 103, 'candidates': 637, 'account_M': 1425, 'threshold': 1.0, 'state': 0}"
1954,1955,upgrade,road,Cieszyn,Żywiec,paved,49.8,17.4,2.27,appraisal,"{'net_M': 0.0, 'local_M': np.float64(39.6), 'om_M': 0.0, 'dt_min': 48.6, 'trips_k': 0, 'rank': 10, 'passed': 103, 'candidates': 637, 'account_M': 1425, 'threshold': 1.0, 'state': 0}"
1954,1955,upgrade,road,Nadwórna,Dolina,paved,71.4,25.0,2.27,appraisal,"{'net_M': 0.0, 'local_M': np.float64(56.6), 'om_M': 0.0, 'dt_min': 69.8, 'trips_k': 0, 'rank': 11, 'passed': 103, 'candidates': 637, 'account_M': 1425, 'threshold': 1.0, 'state': 0}"
1954,1955,upgrade,road,Bielsko,Oświęcim,paved,34.1,7.9,2.27,appraisal,"{'net_M': 0.0, 'local_M': np.float64(17.8), 'om_M': 0.0, 'dt_min': 33.4, 'trips_k': 0, 'rank': 12, 'passed': 103, 'candidates': 637, 'account_M': 1425, 'threshold': 1.0, 'state': 0}"
1954,1955,upgrade,road,Kretinga,Šilutė,paved,75.5,15.1,2.26,appraisal,"{'net_M': 0.0, 'local_M': np.float64(34.1), 'om_M': 0.0, 'dt_min': 73.8, 'trips_k': 0, 'rank': 13, 'passed': 103, 'candidates': 637, 'account_M': 1425, 'threshold': 1.0, 'state': 0}"
1954,1955,upgrade,road,Ostróg,Podwołoczyska,paved,113.5,22.7,2.25,appraisal,"{'net_M': 0.0, 'local_M': np.float64(51.0), 'om_M': 0.0, 'dt_min': 110.9, 'trips_k': 1, 'rank': 14, 'passed': 103, 'candidates': 637, 'account_M': 1425, 'threshold': 1.0, 'state': 0}"
1954,1955,upgrade,road,Czortków,Trembowla,paved,38.8,7.8,2.25,appraisal,"{'net_M': 0.0, 'local_M': np.float64(17.4), 'om_M': 0.0, 'dt_min': 37.9, 'trips_k': 0, 'rank': 15, 'passed': 103, 'candidates': 637, 'account_M': 1425, 'threshold': 1.0, 'state': 0}"
1954,1955,upgrade,road,Krotoszyn,Kępno,paved,73.5,14.7,2.25,appraisal,"{'net_M': 0.0, 'local_M': np.float64(33.0), 'om_M': 0.0, 'dt_min': 71.8, 'trips_k': 0, 'rank': 16, 'passed': 103, 'candidates': 637, 'account_M': 1425, 'threshold': 1.0, 'state': 0}"
1954,1955,upgrade,road,Augustów,Lazdijai,paved,68.2,13.6,2.25,appraisal,"{'net_M': 0.0, 'local_M': np.float64(30.6), 'om_M': 0.0, 'dt_min': 66.6, 'trips_k': 0, 'rank': 17, 'passed': 103, 'candidates': 637, 'account_M': 1425, 'threshold': 1.0, 'state': 0}"
1954,1955,upgrade,road,Brody,Zbaraż,paved,79.2,15.8,2.24,appraisal,"{'net_M': 0.0, 'local_M': np.float64(35.6), 'om_M': 0.0, 'dt_min': 77.4, 'trips_k': 0, 'rank': 18, 'passed': 103, 'candidates': 637, 'account_M': 1425, 'threshold': 1.0, 'state': 0}"
1954,1955,upgrade,road,Będzin,Tarnowskie Góry,paved,27.7,5.5,2.23,appraisal,"{'net_M': 0.0, 'local_M': np.float64(12.4), 'om_M': 0.0, 'dt_min': 27.1, 'trips_k': 0, 'rank': 19, 'passed': 103, 'candidates': 637, 'account_M': 1425, 'threshold': 1.0, 'state': 0}"
1954,1955,upgrade,road,Stryj,Skole,paved,42.4,13.6,2.22,appraisal,"{'net_M': 0.0, 'local_M': np.float64(30.2), 'om_M': 0.0, 'dt_min': 41.5, 'trips_k': 0, 'rank': 20, 'passed': 103, 'candidates': 637, 'account_M': 1425, 'threshold': 1.0, 'state': 0}"
1954,1955,upgrade,road,Brasław,Zarasai,paved,61.6,16.0,2.22,appraisal,"{'net_M': 0.0, 'local_M': np.float64(35.6), 'om_M': 0.0, 'dt_min': 60.2, 'trips_k': 0, 'rank': 21, 'passed': 103, 'candidates': 637, 'account_M': 1425, 'threshold': 1.0, 'state': 0}"
1954,1955,upgrade,road,Augustów,Grajewo,paved,49.7,9.9,2.21,appraisal,"{'net_M': 0.3, 'local_M': np.float64(21.7), 'om_M': 0.0, 'dt_min': 48.6, 'trips_k': 31, 'rank': 22, 'passed': 103, 'candidates': 637, 'account_M': 1425, 'threshold': 1.0, 'state': 0}"
1954,1955,upgrade,road,Troki,Ukmergė,paved,83.8,19.3,2.21,appraisal,"{'net_M': 0.0, 'local_M': np.float64(42.5), 'om_M': 0.0, 'dt_min': 81.9, 'trips_k': 0, 'rank': 23, 'passed': 103, 'candidates': 637, 'account_M': 1425, 'threshold': 1.0, 'state': 0}"
1954,1955,upgrade,road,Ostrów Wielkopolski,Krotoszyn,paved,31.9,6.4,2.21,appraisal,"{'net_M': 0.0, 'local_M': np.float64(14.1), 'om_M': 0.0, 'dt_min': 31.1, 'trips_k': 0, 'rank': 24, 'passed': 103, 'candidates': 637, 'account_M': 1425, 'threshold': 1.0, 'state': 0}"
1954,1955,upgrade,road,Łuniniec,Stolin,paved,49.0,14.2,2.18,appraisal,"{'net_M': 0.2, 'local_M': np.float64(30.8), 'om_M': 0.0, 'dt_min': 47.9, 'trips_k': 39, 'rank': 25, 'passed': 103, 'candidates': 637, 'account_M': 1425, 'threshold': 1.0, 'state': 0}"
1954,1955,upgrade,road,Suwałki,Vilkaviškis,paved,75.0,15.0,2.18,appraisal,"{'net_M': 0.0, 'local_M': np.float64(32.7), 'om_M': 0.0, 'dt_min': 73.3, 'trips_k': 0, 'rank': 26, 'passed': 103, 'candidates': 637, 'account_M': 1425, 'threshold': 1.0, 'state': 0}"
1954,1955,upgrade,road,Starogard,Kartuzy,paved,55.4,11.1,2.17,appraisal,"{'net_M': 0.0, 'local_M': np.float64(24.1), 'om_M': 0.0, 'dt_min': 54.2, 'trips_k': 0, 'rank': 27, 'passed': 103, 'candidates': 637, 'account_M': 1425, 'threshold': 1.0, 'state': 0}"
1954,1955,upgrade,road,Tauragė,Kybartai,paved,90.5,18.1,2.17,appraisal,"{'net_M': 0.7, 'local_M': np.float64(38.5), 'om_M': 0.0, 'dt_min': 88.4, 'trips_k': 91, 'rank': 28, 'passed': 103, 'candidates': 637, 'account_M': 1425, 'threshold': 1.0, 'state': 0}"
1954,1955,upgrade,road,Suwałki,Kybartai,paved,74.5,14.9,2.16,appraisal,"{'net_M': 0.0, 'local_M': np.float64(32.2), 'om_M': 0.0, 'dt_min': 72.8, 'trips_k': 0, 'rank': 29, 'passed': 103, 'candidates': 637, 'account_M': 1425, 'threshold': 1.0, 'state': 0}"
1954,1955,upgrade,road,Chełmno,Laskowice,paved,19.0,3.8,2.16,appraisal,"{'net_M': 0.3, 'local_M': np.float64(7.9), 'om_M': 0.0, 'dt_min': 18.6, 'trips_k': 137, 'rank': 30, 'passed': 103, 'candidates': 637, 'account_M': 1425, 'threshold': 1.0, 'state': 0}"
1954,1955,upgrade,road,Ciechanów,Przasnysz,paved,28.5,5.7,2.14,appraisal,"{'net_M': 0.0, 'local_M': np.float64(12.2), 'om_M': 0.0, 'dt_min': 27.9, 'trips_k': 0, 'rank': 31, 'passed': 103, 'candidates': 637, 'account_M': 1425, 'threshold': 1.0, 'state': 0}"
1954,1955,upgrade,road,Kostopol,Kyiv via Shepetivka,paved,108.6,21.7,2.14,appraisal,"{'net_M': 0.0, 'local_M': np.float64(46.5), 'om_M': 0.0, 'dt_min': 106.1, 'trips_k': 0, 'rank': 32, 'passed': 103, 'candidates': 637, 'account_M': 1425, 'threshold': 1.0, 'state': 0}"
1954,1955,upgrade,road,Kępno,Lubliniec,paved,102.1,20.4,2.13,appraisal,"{'net_M': 0.0, 'local_M': np.float64(43.6), 'om_M': 0.0, 'dt_min': 99.8, 'trips_k': 0, 'rank': 33, 'passed': 103, 'candidates': 637, 'account_M': 1425, 'threshold': 1.0, 'state': 0}"
1954,1955,upgrade,road,Zbaraż,Podwołoczyska,paved,36.2,7.2,2.13,appraisal,"{'net_M': 0.0, 'local_M': np.float64(15.4), 'om_M': 0.0, 'dt_min': 35.4, 'trips_k': 0, 'rank': 34, 'passed': 103, 'candidates': 637, 'account_M': 1425, 'threshold': 1.0, 'state': 0}"
1954,1955,upgrade,road,Zdołbunów,Ostróg,paved,33.8,6.8,2.11,appraisal,"{'net_M': 0.0, 'local_M': np.float64(14.2), 'om_M': 0.0, 'dt_min': 33.0, 'trips_k': 0, 'rank': 35, 'passed': 103, 'candidates': 637, 'account_M': 1425, 'threshold': 1.0, 'state': 0}"
1954,1955,upgrade,road,Nowy Sącz,Zakopane,paved,78.4,34.5,2.1,appraisal,"{'net_M': 0.0, 'local_M': np.float64(72.6), 'om_M': 0.0, 'dt_min': 76.6, 'trips_k': 0, 'rank': 36, 'passed': 103, 'candidates': 637, 'account_M': 1425, 'threshold': 1.0, 'state': 0}"
1954,1955,upgrade,road,Leszno,Breslau,paved,106.4,21.3,2.09,appraisal,"{'net_M': 0.0, 'local_M': np.float64(44.4), 'om_M': 0.0, 'dt_min': 104.0, 'trips_k': 0, 'rank': 37, 'passed': 103, 'candidates': 637, 'account_M': 1425, 'threshold': 1.0, 'state': 0}"
1954,1955,upgrade,road,Nowy Sącz,Nowy Targ,paved,61.1,26.9,2.08,appraisal,"{'net_M': 0.0, 'local_M': np.float64(56.0), 'om_M': 0.0, 'dt_min': 59.7, 'trips_k': 0, 'rank': 38, 'passed': 103, 'candidates': 637, 'account_M': 1425, 'threshold': 1.0, 'state': 0}"
1954,1955,upgrade,road,Mława,Działdowo,paved,23.0,4.6,2.08,appraisal,"{'net_M': 0.0, 'local_M': np.float64(9.6), 'om_M': 0.0, 'dt_min': 22.5, 'trips_k': 0, 'rank': 39, 'passed': 103, 'candidates': 637, 'account_M': 1425, 'threshold': 1.0, 'state': 0}"
1954,1955,upgrade,road,Wągrowiec,Chodzież,paved,33.5,6.7,2.06,appraisal,"{'net_M': 0.0, 'local_M': np.float64(13.7), 'om_M': 0.0, 'dt_min': 32.7, 'trips_k': 4, 'rank': 40, 'passed': 103, 'candidates': 637, 'account_M': 1425, 'threshold': 1.0, 'state': 0}"
1954,1955,upgrade,road,Postawy,Zarasai,paved,95.6,22.0,2.02,appraisal,"{'net_M': 0.0, 'local_M': np.float64(44.5), 'om_M': 0.0, 'dt_min': 93.4, 'trips_k': 0, 'rank': 41, 'passed': 103, 'candidates': 637, 'account_M': 1425, 'threshold': 1.0, 'state': 0}"
1954,1955,upgrade,road,Tarnowskie Góry,Lubliniec,paved,34.5,6.9,2.01,appraisal,"{'net_M': 0.0, 'local_M': np.float64(13.9), 'om_M': 0.0, 'dt_min': 33.7, 'trips_k': 0, 'rank': 42, 'passed': 103, 'candidates': 637, 'account_M': 1425, 'threshold': 1.0, 'state': 0}"
1954,1955,upgrade,road,Troki,Landwarów,paved,13.4,3.1,2.0,appraisal,"{'net_M': 0.0, 'local_M': np.float64(6.2), 'om_M': 0.0, 'dt_min': 13.1, 'trips_k': 0, 'rank': 43, 'passed': 103, 'candidates': 637, 'account_M': 1425, 'threshold': 1.0, 'state': 0}"
1954,1955,upgrade,road,Bielsko,Żywiec,paved,22.0,7.7,2.0,appraisal,"{'net_M': 0.0, 'local_M': np.float64(15.4), 'om_M': 0.0, 'dt_min': 21.5, 'trips_k': 0, 'rank': 44, 'passed': 103, 'candidates': 637, 'account_M': 1425, 'threshold': 1.0, 'state': 0}"
1954,1955,upgrade,road,Kaišiadorys,Jonava,paved,32.6,6.5,2.0,appraisal,"{'net_M': 0.0, 'local_M': np.float64(13.0), 'om_M': 0.0, 'dt_min': 31.9, 'trips_k': 0, 'rank': 45, 'passed': 103, 'candidates': 637, 'account_M': 1425, 'threshold': 1.0, 'state': 0}"
1954,1955,upgrade,road,Pabianice,Zgierz,paved,27.6,5.5,1.99,appraisal,"{'net_M': 0.0, 'local_M': np.float64(11.0), 'om_M': 0.0, 'dt_min': 27.0, 'trips_k': 0, 'rank': 46, 'passed': 103, 'candidates': 637, 'account_M': 1425, 'threshold': 1.0, 'state': 0}"
1954,1955,upgrade,road,Tomaszów Mazowiecki,Koluszki,paved,32.7,6.5,1.98,appraisal,"{'net_M': 0.0, 'local_M': np.float64(12.9), 'om_M': 0.0, 'dt_min': 31.9, 'trips_k': 0, 'rank': 47, 'passed': 103, 'candidates': 637, 'account_M': 1425, 'threshold': 1.0, 'state': 0}"
1954,1956,upgrade,road,Sanok,Skole,paved,135.7,59.7,1.96,appraisal,"{'net_M': 0.0, 'local_M': np.float64(117.0), 'om_M': 0.0, 'dt_min': 132.6, 'trips_k': 0, 'rank': 48, 'passed': 103, 'candidates': 637, 'account_M': 1425, 'threshold': 1.0, 'state': 0}"
1954,1955,upgrade,road,Marijampolė,Vilkaviškis,paved,28.0,5.6,1.96,appraisal,"{'net_M': 0.3, 'local_M': np.float64(10.7), 'om_M': 0.0, 'dt_min': 27.3, 'trips_k': 336, 'rank': 49, 'passed': 103, 'candidates': 637, 'account_M': 1425, 'threshold': 1.0, 'state': 0}"
1954,1955,upgrade,road,Starogard,Kościerzyna,paved,48.3,9.7,1.95,appraisal,"{'net_M': 0.0, 'local_M': np.float64(18.9), 'om_M': 0.0, 'dt_min': 47.2, 'trips_k': 0, 'rank': 50, 'passed': 103, 'candidates': 637, 'account_M': 1425, 'threshold': 1.0, 'state': 0}"
1954,1955,upgrade,road,Gniezno,Wągrowiec,paved,49.2,9.8,1.94,appraisal,"{'net_M': 0.0, 'local_M': np.float64(19.1), 'om_M': 0.0, 'dt_min': 48.1, 'trips_k': 0, 'rank': 51, 'passed': 103, 'candidates': 637, 'account_M': 1425, 'threshold': 1.0, 'state': 0}"
1954,1955,upgrade,road,Pabianice,Koluszki,paved,41.0,8.2,1.92,appraisal,"{'net_M': 0.0, 'local_M': np.float64(15.7), 'om_M': 0.0, 'dt_min': 40.0, 'trips_k': 0, 'rank': 52, 'passed': 103, 'candidates': 637, 'account_M': 1425, 'threshold': 1.0, 'state': 0}"
1954,1955,upgrade,road,Kościerzyna,Kartuzy,paved,33.4,6.7,1.91,appraisal,"{'net_M': 0.0, 'local_M': np.float64(12.8), 'om_M': 0.0, 'dt_min': 32.6, 'trips_k': 0, 'rank': 53, 'passed': 103, 'candidates': 637, 'account_M': 1425, 'threshold': 1.0, 'state': 0}"
1954,1955,upgrade,road,Otwock,Tłuszcz,paved,47.2,9.4,1.9,appraisal,"{'net_M': 0.0, 'local_M': np.float64(18.0), 'om_M': 0.0, 'dt_min': 46.1, 'trips_k': 0, 'rank': 54, 'passed': 103, 'candidates': 637, 'account_M': 1425, 'threshold': 1.0, 'state': 0}"
1954,1955,upgrade,road,Mińsk Mazowiecki,Tłuszcz,paved,35.3,7.1,1.9,appraisal,"{'net_M': 0.0, 'local_M': np.float64(13.4), 'om_M': 0.0, 'dt_min': 34.5, 'trips_k': 0, 'rank': 55, 'passed': 103, 'candidates': 637, 'account_M': 1425, 'threshold': 1.0, 'state': 0}"
1954,1955,upgrade,road,Troki,Kaišiadorys,paved,48.0,11.0,1.9,appraisal,"{'net_M': 0.0, 'local_M': np.float64(20.9), 'om_M': 0.0, 'dt_min': 46.9, 'trips_k': 0, 'rank': 56, 'passed': 103, 'candidates': 637, 'account_M': 1425, 'threshold': 1.0, 'state': 0}"
1954,1955,upgrade,road,Dolina,Worochta,paved,106.3,37.2,1.86,appraisal,"{'net_M': 0.0, 'local_M': np.float64(69.4), 'om_M': 0.0, 'dt_min': 103.9, 'trips_k': 0, 'rank': 57, 'passed': 103, 'candidates': 637, 'account_M': 1425, 'threshold': 1.0, 'state': 0}"
1954,1955,upgrade,road,Zbąszyń,Berlin via Frankfurt/O.,paved,114.5,22.9,1.83,appraisal,"{'net_M': 0.0, 'local_M': np.float64(41.8), 'om_M': 0.0, 'dt_min': 111.8, 'trips_k': 0, 'rank': 58, 'passed': 103, 'candidates': 637, 'account_M': 1425, 'threshold': 1.0, 'state': 0}"
1954,1955,upgrade,road,Borysław,Skole,paved,34.6,15.2,1.82,appraisal,"{'net_M': 0.0, 'local_M': np.float64(27.8), 'om_M': 0.0, 'dt_min': 33.9, 'trips_k': 0, 'rank': 59, 'passed': 103, 'candidates': 637, 'account_M': 1425, 'threshold': 1.0, 'state': 0}"
1954,1955,upgrade,road,Zgierz,Koluszki,paved,38.1,7.6,1.8,appraisal,"{'net_M': 0.0, 'local_M': np.float64(13.7), 'om_M': 0.0, 'dt_min': 37.2, 'trips_k': 0, 'rank': 60, 'passed': 103, 'candidates': 637, 'account_M': 1425, 'threshold': 1.0, 'state': 0}"
1954,1955,upgrade,road,Cieszyn,Bielsko,paved,37.1,9.7,1.8,appraisal,"{'net_M': 0.0, 'local_M': np.float64(17.4), 'om_M': 0.0, 'dt_min': 36.3, 'trips_k': 0, 'rank': 61, 'passed': 103, 'candidates': 637, 'account_M': 1425, 'threshold': 1.0, 'state': 0}"
1954,1955,upgrade,road,Sierpc,Działdowo,paved,65.2,13.0,1.8,appraisal,"{'net_M': 0.0, 'local_M': np.float64(23.4), 'om_M': 0.0, 'dt_min': 63.7, 'trips_k': 0, 'rank': 62, 'passed': 103, 'candidates': 637, 'account_M': 1425, 'threshold': 1.0, 'state': 0}"
1954,1955,upgrade,road,Zaleszczyki,Chernivtsi,paved,52.4,10.5,1.78,appraisal,"{'net_M': 0.0, 'local_M': np.float64(18.7), 'om_M': 0.0, 'dt_min': 51.2, 'trips_k': 0, 'rank': 63, 'passed': 103, 'candidates': 637, 'account_M': 1425, 'threshold': 1.0, 'state': 0}"
1954,1955,upgrade,road,Katowice,Gleiwitz-Beuthen,paved,30.8,6.2,1.78,appraisal,"{'net_M': 0.0, 'local_M': np.float64(11.0), 'om_M': 0.0, 'dt_min': 30.1, 'trips_k': 0, 'rank': 64, 'passed': 103, 'candidates': 637, 'account_M': 1425, 'threshold': 1.0, 'state': 0}"
1954,1955,upgrade,road,Gdynia,Kartuzy,paved,36.6,7.3,1.76,appraisal,"{'net_M': 0.0, 'local_M': np.float64(12.9), 'om_M': 0.0, 'dt_min': 35.8, 'trips_k': 0, 'rank': 65, 'passed': 103, 'candidates': 637, 'account_M': 1425, 'threshold': 1.0, 'state': 0}"
1954,1955,upgrade,road,Rokiškis,Zarasai,paved,59.2,13.6,1.75,appraisal,"{'net_M': 0.0, 'local_M': np.float64(23.8), 'om_M': 0.0, 'dt_min': 57.8, 'trips_k': 8, 'rank': 66, 'passed': 103, 'candidates': 637, 'account_M': 1425, 'threshold': 1.0, 'state': 0}"
1954,1955,upgrade,road,Gorlice,Pilzno,paved,46.2,12.0,1.75,appraisal,"{'net_M': 0.0, 'local_M': np.float64(21.1), 'om_M': 0.0, 'dt_min': 45.1, 'trips_k': 0, 'rank': 67, 'passed': 103, 'candidates': 637, 'account_M': 1425, 'threshold': 1.0, 'state': 0}"
1954,1955,upgrade,road,Tczew,Starogard,paved,25.7,5.1,1.71,appraisal,"{'net_M': 0.0, 'local_M': np.float64(8.8), 'om_M': 0.0, 'dt_min': 25.1, 'trips_k': 0, 'rank': 68, 'passed': 103, 'candidates': 637, 'account_M': 1425, 'threshold': 1.0, 'state': 0}"
1954,1955,upgrade,road,Wadowice,Nowy Targ,paved,72.1,25.2,1.68,appraisal,"{'net_M': 0.0, 'local_M': np.float64(42.3), 'om_M': 0.0, 'dt_min': 70.4, 'trips_k': 0, 'rank': 69, 'passed': 103, 'candidates': 637, 'account_M': 1425, 'threshold': 1.0, 'state': 0}"
1954,1955,upgrade,road,Vilkaviškis,Šakiai,paved,40.7,8.1,1.66,appraisal,"{'net_M': 0.1, 'local_M': np.float64(13.5), 'om_M': 0.0, 'dt_min': 39.8, 'trips_k': 5, 'rank': 70, 'passed': 103, 'candidates': 637, 'account_M': 1425, 'threshold': 1.0, 'state': 0}"
1954,1955,upgrade,road,Przasnysz,Działdowo,paved,63.7,12.7,1.65,appraisal,"{'net_M': 0.0, 'local_M': np.float64(21.0), 'om_M': 0.0, 'dt_min': 62.3, 'trips_k': 0, 'rank': 71, 'passed': 103, 'candidates': 637, 'account_M': 1425, 'threshold': 1.0, 'state': 0}"
1954,1955,upgrade,road,Skole,Dolina,paved,42.0,14.7,1.64,appraisal,"{'net_M': 0.0, 'local_M': np.float64(24.2), 'om_M': 0.0, 'dt_min': 41.1, 'trips_k': 0, 'rank': 72, 'passed': 103, 'candidates': 637, 'account_M': 1425, 'threshold': 1.0, 'state': 0}"
1954,1955,upgrade,road,Kybartai,Šakiai,paved,47.8,9.6,1.64,appraisal,"{'net_M': 0.0, 'local_M': np.float64(15.6), 'om_M': 0.0, 'dt_min': 46.7, 'trips_k': 2, 'rank': 73, 'passed': 103, 'candidates': 637, 'account_M': 1425, 'threshold': 1.0, 'state': 0}"
1954,1955,upgrade,road,Nadwórna,Worochta,paved,46.2,20.3,1.63,appraisal,"{'net_M': 0.0, 'local_M': np.float64(33.1), 'om_M': 0.0, 'dt_min': 45.1, 'trips_k': 0, 'rank': 74, 'passed': 103, 'candidates': 637, 'account_M': 1425, 'threshold': 1.0, 'state': 0}"
1954,1955,upgrade,road,Wilejka,Mińsk,paved,94.8,19.0,1.61,appraisal,"{'net_M': 0.0, 'local_M': np.float64(30.5), 'om_M': 0.0, 'dt_min': 92.6, 'trips_k': 0, 'rank': 75, 'passed': 103, 'candidates': 637, 'account_M': 1425, 'threshold': 1.0, 'state': 0}"
1954,1955,upgrade,road,Żywiec,Zakopane,paved,85.3,37.6,1.6,appraisal,"{'net_M': 0.0, 'local_M': np.float64(59.9), 'om_M': 0.0, 'dt_min': 83.4, 'trips_k': 0, 'rank': 76, 'passed': 103, 'candidates': 637, 'account_M': 1425, 'threshold': 1.0, 'state': 0}"
1954,1955,upgrade,road,Żywiec,Nowy Targ,paved,79.2,34.8,1.57,appraisal,"{'net_M': 0.0, 'local_M': np.float64(54.9), 'om_M': 0.0, 'dt_min': 77.4, 'trips_k': 0, 'rank': 77, 'passed': 103, 'candidates': 637, 'account_M': 1425, 'threshold': 1.0, 'state': 0}"
1954,1955,upgrade,road,Krotoszyn,Rawicz,paved,50.3,10.1,1.57,appraisal,"{'net_M': 0.0, 'local_M': np.float64(15.8), 'om_M': 0.0, 'dt_min': 49.2, 'trips_k': 0, 'rank': 78, 'passed': 103, 'candidates': 637, 'account_M': 1425, 'threshold': 1.0, 'state': 0}"
1954,1955,upgrade,road,Klaipėda,Šilutė,paved,55.7,11.1,1.56,appraisal,"{'net_M': 0.0, 'local_M': np.float64(17.4), 'om_M': 0.0, 'dt_min': 54.5, 'trips_k': 0, 'rank': 79, 'passed': 103, 'candidates': 637, 'account_M': 1425, 'threshold': 1.0, 'state': 0}"
1954,1955,upgrade,road,Biržai,Jelgava-Riga,paved,99.1,19.8,1.53,appraisal,"{'net_M': 0.0, 'local_M': np.float64(30.3), 'om_M': 0.0, 'dt_min': 96.8, 'trips_k': 3, 'rank': 80, 'passed': 103, 'candidates': 637, 'account_M': 1425, 'threshold': 1.0, 'state': 0}"
1954,1956,upgrade,road,Biržai,Riga via Daugavpils,paved,142.1,28.4,1.53,appraisal,"{'net_M': 0.0, 'local_M': np.float64(43.5), 'om_M': 0.0, 'dt_min': 138.9, 'trips_k': 0, 'rank': 81, 'passed': 103, 'candidates': 637, 'account_M': 1425, 'threshold': 1.0, 'state': 0}"
1954,1955,upgrade,road,Śniatyn,Worochta,paved,93.3,29.8,1.53,appraisal,"{'net_M': 0.0, 'local_M': np.float64(45.6), 'om_M': 0.0, 'dt_min': 91.1, 'trips_k': 0, 'rank': 82, 'passed': 103, 'candidates': 637, 'account_M': 1425, 'threshold': 1.0, 'state': 0}"
1954,1955,upgrade,road,Nieśwież,Mińsk,paved,116.8,23.4,1.53,appraisal,"{'net_M': 0.0, 'local_M': np.float64(35.7), 'om_M': 0.0, 'dt_min': 114.2, 'trips_k': 0, 'rank': 83, 'passed': 103, 'candidates': 637, 'account_M': 1425, 'threshold': 1.0, 'state': 0}"
1954,1955,upgrade,road,Dawidgródek,Stolin,paved,37.9,11.0,1.52,appraisal,"{'net_M': 0.0, 'local_M': np.float64(16.7), 'om_M': 0.0, 'dt_min': 37.0, 'trips_k': 1, 'rank': 84, 'passed': 103, 'candidates': 637, 'account_M': 1425, 'threshold': 1.0, 'state': 0}"
1954,1955,upgrade,road,Tarnobrzeg,Rozwadów,paved,31.9,6.4,1.52,appraisal,"{'net_M': 0.0, 'local_M': np.float64(9.7), 'om_M': 0.0, 'dt_min': 31.2, 'trips_k': 0, 'rank': 85, 'passed': 103, 'candidates': 637, 'account_M': 1425, 'threshold': 1.0, 'state': 0}"
1954,1955,upgrade,road,Kartuzy,Wejherowo,paved,36.8,7.4,1.51,appraisal,"{'net_M': 0.0, 'local_M': np.float64(11.1), 'om_M': 0.0, 'dt_min': 35.9, 'trips_k': 0, 'rank': 86, 'passed': 103, 'candidates': 637, 'account_M': 1425, 'threshold': 1.0, 'state': 0}"
1954,1955,upgrade,road,Brasław,Riga via Daugavpils,paved,49.3,11.3,1.45,appraisal,"{'net_M': 0.1, 'local_M': np.float64(16.4), 'om_M': 0.0, 'dt_min': 48.2, 'trips_k': 4, 'rank': 87, 'passed': 103, 'candidates': 637, 'account_M': 1425, 'threshold': 1.0, 'state': 0}"
1954,1955,upgrade,road,Šilutė,Pagėgiai,paved,43.8,8.8,1.43,appraisal,"{'net_M': 0.0, 'local_M': np.float64(12.5), 'om_M': 0.0, 'dt_min': 42.8, 'trips_k': 0, 'rank': 88, 'passed': 103, 'candidates': 637, 'account_M': 1425, 'threshold': 1.0, 'state': 0}"
1954,1955,upgrade,road,Zakopane,Gorlice,paved,116.7,40.9,1.41,appraisal,"{'net_M': 0.0, 'local_M': np.float64(57.5), 'om_M': 0.0, 'dt_min': 114.1, 'trips_k': 0, 'rank': 89, 'passed': 103, 'candidates': 637, 'account_M': 1425, 'threshold': 1.0, 'state': 0}"
1954,1955,upgrade,road,Dębica,Pilzno,paved,14.1,3.2,1.36,appraisal,"{'net_M': 0.0, 'local_M': np.float64(4.4), 'om_M': 0.0, 'dt_min': 13.8, 'trips_k': 0, 'rank': 90, 'passed': 103, 'candidates': 637, 'account_M': 1425, 'threshold': 1.0, 'state': 0}"
1954,1955,upgrade,road,Kościerzyna,Wejherowo,paved,68.3,13.7,1.29,appraisal,"{'net_M': 0.0, 'local_M': np.float64(17.6), 'om_M': 0.0, 'dt_min': 66.7, 'trips_k': 0, 'rank': 91, 'passed': 103, 'candidates': 637, 'account_M': 1425, 'threshold': 1.0, 'state': 0}"
1954,1955,upgrade,road,Stołpce,Mińsk,paved,87.7,17.5,1.28,appraisal,"{'net_M': 0.0, 'local_M': np.float64(22.4), 'om_M': 0.0, 'dt_min': 85.7, 'trips_k': 0, 'rank': 92, 'passed': 103, 'candidates': 637, 'account_M': 1425, 'threshold': 1.0, 'state': 0}"
1954,1955,upgrade,road,Suwałki,Insterburg,paved,114.0,22.8,1.25,appraisal,"{'net_M': 0.0, 'local_M': np.float64(28.5), 'om_M': 0.0, 'dt_min': 111.4, 'trips_k': 0, 'rank': 93, 'passed': 103, 'candidates': 637, 'account_M': 1425, 'threshold': 1.0, 'state': 0}"
1954,1955,upgrade,road,Tauragė,Tilsit,paved,39.3,7.9,1.23,appraisal,"{'net_M': 0.0, 'local_M': np.float64(9.6), 'om_M': 0.0, 'dt_min': 38.4, 'trips_k': 0, 'rank': 94, 'passed': 103, 'candidates': 637, 'account_M': 1425, 'threshold': 1.0, 'state': 0}"
1954,1955,upgrade,road,Żywiec,Žilina,paved,75.1,24.0,1.2,appraisal,"{'net_M': 0.0, 'local_M': np.float64(28.9), 'om_M': 0.0, 'dt_min': 73.4, 'trips_k': 0, 'rank': 95, 'passed': 103, 'candidates': 637, 'account_M': 1425, 'threshold': 1.0, 'state': 0}"
1954,1956,upgrade,road,Dolina,Mukachevo,paved,133.0,30.6,1.19,appraisal,"{'net_M': 0.0, 'local_M': np.float64(36.3), 'om_M': 0.0, 'dt_min': 130.0, 'trips_k': 0, 'rank': 96, 'passed': 103, 'candidates': 637, 'account_M': 1425, 'threshold': 1.0, 'state': 0}"
1954,1955,upgrade,road,Kretinga,Liepāja,paved,85.9,17.2,1.14,appraisal,"{'net_M': 0.0, 'local_M': np.float64(19.6), 'om_M': 0.0, 'dt_min': 83.9, 'trips_k': 0, 'rank': 97, 'passed': 103, 'candidates': 637, 'account_M': 1425, 'threshold': 1.0, 'state': 0}"
1956,1957,new,rail,Przemyśl,Sambor,sec,48.7,53.8,1.7,appraisal,"{'net_M': 91.7, 'local_M': 0.0, 'om_M': 0.0, 'dt_min': 115.7, 'trips_k': 3118, 'rank': 1, 'passed': 19, 'candidates': 613, 'account_M': 7092, 'threshold': 1.0, 'state': 0}"
1956,1957,upgrade,rail,Ostrowiec,Sandomierz,main_el,43.2,21.6,1.43,appraisal,"{'net_M': 30.9, 'local_M': 0.0, 'om_M': 0.0, 'dt_min': 6.2, 'trips_k': 12490, 'rank': 2, 'passed': 19, 'candidates': 613, 'account_M': 7092, 'threshold': 1.0, 'state': 0}"
1956,1957,upgrade,rail,Grudziądz,Toruń,main_el,61.2,30.6,1.34,appraisal,"{'net_M': 41.0, 'local_M': 0.0, 'om_M': 0.0, 'dt_min': 8.8, 'trips_k': 10601, 'rank': 3, 'passed': 19, 'candidates': 613, 'account_M': 7092, 'threshold': 1.0, 'state': 0}"
1956,1957,upgrade,rail,Przemyśl,Gródek Jagielloński,main_el,72.7,41.8,1.34,appraisal,"{'net_M': 55.8, 'local_M': 0.0, 'om_M': 0.0, 'dt_min': 10.4, 'trips_k': 16603, 'rank': 4, 'passed': 19, 'candidates': 613, 'account_M': 7092, 'threshold': 1.0, 'state': 0}"
1956,1957,upgrade,rail,Gródek Jagielloński,Lwów,main_el,32.3,18.6,1.24,appraisal,"{'net_M': 23.1, 'local_M': 0.0, 'om_M': 0.0, 'dt_min': 4.6, 'trips_k': 13198, 'rank': 5, 'passed': 19, 'candidates': 613, 'account_M': 7092, 'threshold': 1.0, 'state': 0}"
1956,1957,upgrade,rail,Drohobycz,Stryj,main,30.6,21.1,1.24,appraisal,"{'net_M': 26.2, 'local_M': 0.0, 'om_M': 0.0, 'dt_min': 12.9, 'trips_k': 5241, 'rank': 6, 'passed': 19, 'candidates': 613, 'account_M': 7092, 'threshold': 1.0, 'state': 0}"
1956,1957,upgrade,rail,Gniezno,Września,main,27.0,16.2,1.18,appraisal,"{'net_M': 19.1, 'local_M': 0.0, 'om_M': 0.0, 'dt_min': 11.4, 'trips_k': 3657, 'rank': 7, 'passed': 19, 'candidates': 613, 'account_M': 7092, 'threshold': 1.0, 'state': 0}"
1956,1957,upgrade,rail,Lublin,Chełm,main_el,73.5,36.7,1.16,appraisal,"{'net_M': 42.8, 'local_M': 0.0, 'om_M': 0.0, 'dt_min': 10.5, 'trips_k': 10283, 'rank': 8, 'passed': 19, 'candidates': 613, 'account_M': 7092, 'threshold': 1.0, 'state': 0}"
1956,1957,upgrade,rail,Siedlce,Łuków,main_el,31.5,15.7,1.15,appraisal,"{'net_M': 18.1, 'local_M': 0.0, 'om_M': 0.0, 'dt_min': 4.5, 'trips_k': 9851, 'rank': 9, 'passed': 19, 'candidates': 613, 'account_M': 7092, 'threshold': 1.0, 'state': 0}"
1956,1957,upgrade,rail,Jarocin,Ostrów Wielkopolski,main_el,47.7,23.8,1.14,appraisal,"{'net_M': 27.3, 'local_M': 0.0, 'om_M': 0.0, 'dt_min': 6.8, 'trips_k': 9059, 'rank': 10, 'passed': 19, 'candidates': 613, 'account_M': 7092, 'threshold': 1.0, 'state': 0}"
1956,1957,upgrade,rail,Łuków,Biała Podlaska,main_el,60.4,30.2,1.14,appraisal,"{'net_M': 34.6, 'local_M': 0.0, 'om_M': 0.0, 'dt_min': 8.7, 'trips_k': 9970, 'rank': 11, 'passed': 19, 'candidates': 613, 'account_M': 7092, 'threshold': 1.0, 'state': 0}"
1956,1957,upgrade,rail,Zduńska Wola,Wieluń,main,56.9,34.1,1.13,appraisal,"{'net_M': 38.6, 'local_M': 0.0, 'om_M': 0.0, 'dt_min': 24.0, 'trips_k': 4238, 'rank': 12, 'passed': 19, 'candidates': 613, 'account_M': 7092, 'threshold': 1.0, 'state': 0}"
1956,1957,upgrade,rail,Lubliniec,Częstochowa,main_el,39.1,19.6,1.12,appraisal,"{'net_M': 22.0, 'local_M': 0.0, 'om_M': 0.0, 'dt_min': 5.6, 'trips_k': 8173, 'rank': 13, 'passed': 19, 'candidates': 613, 'account_M': 7092, 'threshold': 1.0, 'state': 0}"
1956,1957,upgrade,rail,Laskowice,Grudziądz,main,24.4,14.6,1.09,appraisal,"{'net_M': 16.0, 'local_M': 0.0, 'om_M': 0.0, 'dt_min': 10.3, 'trips_k': 5567, 'rank': 14, 'passed': 19, 'candidates': 613, 'account_M': 7092, 'threshold': 1.0, 'state': 0}"
1956,1959,upgrade,rail,Zduńska Wola,Inowrocław,main_el,162.4,81.2,1.09,appraisal,"{'net_M': 88.3, 'local_M': 0.0, 'om_M': 0.0, 'dt_min': 23.3, 'trips_k': 8811, 'rank': 15, 'passed': 19, 'candidates': 613, 'account_M': 7092, 'threshold': 1.0, 'state': 0}"
1956,1957,upgrade,rail,Inowrocław,Toruń,main_el,37.5,18.8,1.02,appraisal,"{'net_M': 19.2, 'local_M': 0.0, 'om_M': 0.0, 'dt_min': 5.4, 'trips_k': 8301, 'rank': 16, 'passed': 19, 'candidates': 613, 'account_M': 7092, 'threshold': 1.0, 'state': 0}"
1956,1957,upgrade,rail,Katowice,Pszczyna,main_el,36.3,18.1,1.02,appraisal,"{'net_M': 18.5, 'local_M': 0.0, 'om_M': 0.0, 'dt_min': 5.2, 'trips_k': 8667, 'rank': 17, 'passed': 19, 'candidates': 613, 'account_M': 7092, 'threshold': 1.0, 'state': 0}"
1956,1957,upgrade,rail,Nisko,Łańcut,main_el,58.0,29.0,1.02,appraisal,"{'net_M': 29.5, 'local_M': 0.0, 'om_M': 0.0, 'dt_min': 8.3, 'trips_k': 9434, 'rank': 18, 'passed': 19, 'candidates': 613, 'account_M': 7092, 'threshold': 1.0, 'state': 0}"
1956,1957,upgrade,rail,Sosnowiec,Mysłowice,main,7.2,4.3,1.0,appraisal,"{'net_M': 4.3, 'local_M': 0.0, 'om_M': 0.0, 'dt_min': 3.0, 'trips_k': 4611, 'rank': 19, 'passed': 19, 'candidates': 613, 'account_M': 7092, 'threshold': 1.0, 'state': 0}"
1956,1957,upgrade,road,Gdynia,Puck,paved,28.7,5.7,1.54,appraisal,"{'net_M': 0.0, 'local_M': np.float64(8.9), 'om_M': 0.0, 'dt_min': 26.6, 'trips_k': 0, 'rank': 1, 'passed': 11, 'candidates': 634, 'account_M': 1635, 'threshold': 1.0, 'state': 0}"
1956,1957,upgrade,road,Wejherowo,Puck,paved,21.0,4.2,1.19,appraisal,"{'net_M': 0.0, 'local_M': np.float64(5.0), 'om_M': 0.0, 'dt_min': 19.5, 'trips_k': 0, 'rank': 2, 'passed': 11, 'candidates': 634, 'account_M': 1635, 'threshold': 1.0, 'state': 0}"
1956,1957,upgrade,road,Cieszyn,Žilina,paved,72.5,16.7,1.18,appraisal,"{'net_M': 0.0, 'local_M': np.float64(19.7), 'om_M': 0.0, 'dt_min': 67.2, 'trips_k': 0, 'rank': 3, 'passed': 11, 'candidates': 634, 'account_M': 1635, 'threshold': 1.0, 'state': 0}"
1956,1957,upgrade,road,Cieszyn,Ostrava,paved,32.2,7.4,1.18,appraisal,"{'net_M': 0.0, 'local_M': np.float64(8.7), 'om_M': 0.0, 'dt_min': 29.8, 'trips_k': 0, 'rank': 4, 'passed': 11, 'candidates': 634, 'account_M': 1635, 'threshold': 1.0, 'state': 0}"
1956,1957,upgrade,road,Tarnowskie Góry,Gleiwitz-Beuthen,paved,25.1,5.0,1.13,appraisal,"{'net_M': 0.0, 'local_M': np.float64(5.7), 'om_M': 0.0, 'dt_min': 23.3, 'trips_k': 0, 'rank': 5, 'passed': 11, 'candidates': 634, 'account_M': 1635, 'threshold': 1.0, 'state': 0}"
1956,1957,upgrade,road,Kępno,Breslau,paved,84.8,17.0,1.12,appraisal,"{'net_M': 0.0, 'local_M': np.float64(19.0), 'om_M': 0.0, 'dt_min': 78.6, 'trips_k': 0, 'rank': 6, 'passed': 11, 'candidates': 634, 'account_M': 1635, 'threshold': 1.0, 'state': 0}"
1956,1957,upgrade,road,Mińsk Mazowiecki,Otwock,paved,27.2,5.4,1.06,appraisal,"{'net_M': 0.0, 'local_M': np.float64(5.8), 'om_M': 0.0, 'dt_min': 25.2, 'trips_k': 0, 'rank': 7, 'passed': 11, 'candidates': 634, 'account_M': 1635, 'threshold': 1.0, 'state': 0}"
1956,1957,upgrade,road,Vilkaviškis,Kybartai,paved,21.2,4.2,1.05,appraisal,"{'net_M': 0.0, 'local_M': np.float64(4.4), 'om_M': 0.0, 'dt_min': 19.7, 'trips_k': 0, 'rank': 8, 'passed': 11, 'candidates': 634, 'account_M': 1635, 'threshold': 1.0, 'state': 0}"
1956,1957,upgrade,road,Starogard,Gdańsk (Free City),paved,52.4,10.5,1.0,appraisal,"{'net_M': 0.0, 'local_M': np.float64(10.5), 'om_M': 0.0, 'dt_min': 48.6, 'trips_k': 0, 'rank': 9, 'passed': 11, 'candidates': 634, 'account_M': 1635, 'threshold': 1.0, 'state': 0}"
1956,1957,upgrade,road,Mažeikiai,Liepāja,paved,103.4,20.7,1.0,appraisal,"{'net_M': 0.0, 'local_M': np.float64(20.7), 'om_M': 0.0, 'dt_min': 95.9, 'trips_k': 0, 'rank': 10, 'passed': 11, 'candidates': 634, 'account_M': 1635, 'threshold': 1.0, 'state': 0}"
1956,1957,upgrade,road,Mažeikiai,Jelgava-Riga,paved,113.2,22.6,1.0,appraisal,"{'net_M': 0.0, 'local_M': np.float64(22.7), 'om_M': 0.0, 'dt_min': 104.9, 'trips_k': 0, 'rank': 11, 'passed': 11, 'candidates': 634, 'account_M': 1635, 'threshold': 1.0, 'state': 0}"
1958,1959,upgrade,rail,Sandomierz,Rozwadów,main_el,28.1,14.1,2.14,appraisal,"{'net_M': 30.1, 'local_M': 0.0, 'om_M': 0.0, 'dt_min': 4.0, 'trips_k': 16253, 'rank': 1, 'passed': 19, 'candidates': 600, 'account_M': 7906, 'threshold': 1.0, 'state': 0}"
1958,1959,upgrade,rail,Rozwadów,Nisko,main_el,9.7,4.9,2.14,appraisal,"{'net_M': 10.4, 'local_M': 0.0, 'om_M': 0.0, 'dt_min': 1.4, 'trips_k': 16236, 'rank': 2, 'passed': 19, 'candidates': 600, 'account_M': 7906, 'threshold': 1.0, 'state': 0}"
1958,1959,upgrade,rail,Przemyśl,Sambor,main,48.7,38.0,1.39,appraisal,"{'net_M': 53.0, 'local_M': 0.0, 'om_M': 0.0, 'dt_min': 20.2, 'trips_k': 6216, 'rank': 3, 'passed': 19, 'candidates': 600, 'account_M': 7906, 'threshold': 1.0, 'state': 0}"
1958,1959,upgrade,rail,Będzin,Sosnowiec,main,5.7,3.4,1.35,appraisal,"{'net_M': 4.6, 'local_M': 0.0, 'om_M': 0.0, 'dt_min': 2.4, 'trips_k': 4005, 'rank': 4, 'passed': 19, 'candidates': 600, 'account_M': 7906, 'threshold': 1.0, 'state': 0}"
1958,1959,upgrade,rail,Biała Podlaska,Brześć,main_el,44.9,22.5,1.23,appraisal,"{'net_M': 27.6, 'local_M': 0.0, 'om_M': 0.0, 'dt_min': 6.4, 'trips_k': 9768, 'rank': 5, 'passed': 19, 'candidates': 600, 'account_M': 7906, 'threshold': 1.0, 'state': 0}"
1958,1959,upgrade,rail,Gniezno,Inowrocław,main_el,61.0,30.5,1.19,appraisal,"{'net_M': 36.2, 'local_M': 0.0, 'om_M': 0.0, 'dt_min': 8.7, 'trips_k': 8668, 'rank': 6, 'passed': 19, 'candidates': 600, 'account_M': 7906, 'threshold': 1.0, 'state': 0}"
1958,1959,upgrade,rail,Nasielsk,Ciechanów,main_el,39.9,19.9,1.18,appraisal,"{'net_M': 23.5, 'local_M': 0.0, 'om_M': 0.0, 'dt_min': 5.7, 'trips_k': 8869, 'rank': 7, 'passed': 19, 'candidates': 600, 'account_M': 7906, 'threshold': 1.0, 'state': 0}"
1958,1959,upgrade,rail,Chełm,Luboml,main_el,47.1,23.6,1.16,appraisal,"{'net_M': 27.3, 'local_M': 0.0, 'om_M': 0.0, 'dt_min': 6.7, 'trips_k': 9537, 'rank': 8, 'passed': 19, 'candidates': 600, 'account_M': 7906, 'threshold': 1.0, 'state': 0}"
1958,1959,upgrade,rail,Poznań,Jarocin,main_el,71.8,35.9,1.14,appraisal,"{'net_M': 41.1, 'local_M': 0.0, 'om_M': 0.0, 'dt_min': 10.2, 'trips_k': 7939, 'rank': 9, 'passed': 19, 'candidates': 600, 'account_M': 7906, 'threshold': 1.0, 'state': 0}"
1958,1959,upgrade,rail,Sokółka,Augustów,main,67.7,40.6,1.11,appraisal,"{'net_M': 45.0, 'local_M': 0.0, 'om_M': 0.0, 'dt_min': 28.1, 'trips_k': 3366, 'rank': 10, 'passed': 19, 'candidates': 600, 'account_M': 7906, 'threshold': 1.0, 'state': 0}"
1958,1959,upgrade,rail,Luboml,Kowel,main_el,53.7,26.9,1.07,appraisal,"{'net_M': 28.8, 'local_M': 0.0, 'om_M': 0.0, 'dt_min': 7.6, 'trips_k': 8808, 'rank': 11, 'passed': 19, 'candidates': 600, 'account_M': 7906, 'threshold': 1.0, 'state': 0}"
1958,1959,new,rail,Ciechanów,Przasnysz,sec,26.9,22.8,1.07,appraisal,"{'net_M': 24.4, 'local_M': 0.0, 'om_M': 0.0, 'dt_min': 48.5, 'trips_k': 1005, 'rank': 12, 'passed': 19, 'candidates': 600, 'account_M': 7906, 'threshold': 1.0, 'state': 0}"
1958,1959,upgrade,rail,Wilno,Kaišiadorys,main_el,65.0,37.4,1.06,appraisal,"{'net_M': 39.5, 'local_M': 0.0, 'om_M': 0.0, 'dt_min': 9.2, 'trips_k': 9725, 'rank': 13, 'passed': 19, 'candidates': 600, 'account_M': 7906, 'threshold': 1.0, 'state': 0}"
1958,1959,upgrade,rail,Sambor,Drohobycz,main,33.7,26.3,1.05,appraisal,"{'net_M': 27.5, 'local_M': 0.0, 'om_M': 0.0, 'dt_min': 14.0, 'trips_k': 5153, 'rank': 14, 'passed': 19, 'candidates': 600, 'account_M': 7906, 'threshold': 1.0, 'state': 0}"
1958,1959,upgrade,rail,Dąbrowa Górnicza,Mysłowice,main_el,11.0,5.5,1.05,appraisal,"{'net_M': 5.8, 'local_M': 0.0, 'om_M': 0.0, 'dt_min': 1.6, 'trips_k': 8103, 'rank': 15, 'passed': 19, 'candidates': 600, 'account_M': 7906, 'threshold': 1.0, 'state': 0}"
1958,1960,upgrade,rail,Laskowice,Tczew,main_el,81.2,40.6,1.03,appraisal,"{'net_M': 41.9, 'local_M': 0.0, 'om_M': 0.0, 'dt_min': 11.6, 'trips_k': 8096, 'rank': 16, 'passed': 19, 'candidates': 600, 'account_M': 7906, 'threshold': 1.0, 'state': 0}"
1958,1959,upgrade,rail,Ostrów Wielkopolski,Krotoszyn,main,30.0,18.0,1.02,appraisal,"{'net_M': 18.5, 'local_M': 0.0, 'om_M': 0.0, 'dt_min': 12.5, 'trips_k': 2939, 'rank': 17, 'passed': 19, 'candidates': 600, 'account_M': 7906, 'threshold': 1.0, 'state': 0}"
1958,1959,upgrade,rail,Inowrocław,Bydgoszcz,main_el,45.2,22.6,1.02,appraisal,"{'net_M': 23.0, 'local_M': 0.0, 'om_M': 0.0, 'dt_min': 6.4, 'trips_k': 7145, 'rank': 18, 'passed': 19, 'candidates': 600, 'account_M': 7906, 'threshold': 1.0, 'state': 0}"
1958,1959,upgrade,rail,Dęblin,Łuków,main,63.2,37.9,1.0,appraisal,"{'net_M': 38.0, 'local_M': 0.0, 'om_M': 0.0, 'dt_min': 26.2, 'trips_k': 3858, 'rank': 19, 'passed': 19, 'candidates': 600, 'account_M': 7906, 'threshold': 1.0, 'state': 0}"
1958,1959,upgrade,road,Rokiškis,Riga via Daugavpils,paved,73.2,14.6,1.09,appraisal,"{'net_M': 0.0, 'local_M': np.float64(16.0), 'om_M': 0.0, 'dt_min': 63.9, 'trips_k': 0, 'rank': 1, 'passed': 3, 'candidates': 643, 'account_M': 3450, 'threshold': 1.0, 'state': 0}"
1958,1959,upgrade,road,Kartuzy,Gdańsk (Free City),paved,35.7,7.1,1.04,appraisal,"{'net_M': 0.0, 'local_M': np.float64(7.4), 'om_M': 0.0, 'dt_min': 31.1, 'trips_k': 0, 'rank': 2, 'passed': 3, 'candidates': 643, 'account_M': 3450, 'threshold': 1.0, 'state': 0}"
1958,1960,upgrade,road,Dzisna,Riga via Daugavpils,paved,134.4,26.9,1.02,appraisal,"{'net_M': 0.0, 'local_M': np.float64(27.4), 'om_M': 0.0, 'dt_min': 117.2, 'trips_k': 2, 'rank': 3, 'passed': 3, 'candidates': 643, 'account_M': 3450, 'threshold': 1.0, 'state': 0}"
1960,1961,upgrade,rail,Augustów,Suwałki,main,33.5,20.1,1.16,appraisal,"{'net_M': 23.3, 'local_M': 0.0, 'om_M': 0.0, 'dt_min': 13.7, 'trips_k': 3610, 'rank': 1, 'passed': 11, 'candidates': 588, 'account_M': 8599, 'threshold': 1.0, 'state': 0}"
1960,1961,upgrade,rail,Bielsko,Cieszyn,main,35.0,27.3,1.1,appraisal,"{'net_M': 30.0, 'local_M': 0.0, 'om_M': 0.0, 'dt_min': 14.3, 'trips_k': 4246, 'rank': 2, 'passed': 11, 'candidates': 588, 'account_M': 8599, 'threshold': 1.0, 'state': 0}"
1960,1961,upgrade,rail,Nasielsk,Pułtusk,main,25.2,15.1,1.09,appraisal,"{'net_M': 16.5, 'local_M': 0.0, 'om_M': 0.0, 'dt_min': 10.3, 'trips_k': 3189, 'rank': 3, 'passed': 11, 'candidates': 588, 'account_M': 8599, 'threshold': 1.0, 'state': 0}"
1960,1961,upgrade,rail,Halicz,Stanisławów,main_el,25.6,12.8,1.08,appraisal,"{'net_M': 13.8, 'local_M': 0.0, 'om_M': 0.0, 'dt_min': 3.6, 'trips_k': 8454, 'rank': 4, 'passed': 11, 'candidates': 588, 'account_M': 8599, 'threshold': 1.0, 'state': 0}"
1960,1961,upgrade,rail,Poznań,Gniezno,main_el,54.8,27.4,1.05,appraisal,"{'net_M': 28.6, 'local_M': 0.0, 'om_M': 0.0, 'dt_min': 7.8, 'trips_k': 7034, 'rank': 5, 'passed': 11, 'candidates': 588, 'account_M': 8599, 'threshold': 1.0, 'state': 0}"
1960,1961,upgrade,rail,Zamość,Hrubieszów,main,53.0,31.8,1.02,appraisal,"{'net_M': 32.3, 'local_M': 0.0, 'om_M': 0.0, 'dt_min': 21.7, 'trips_k': 3150, 'rank': 6, 'passed': 11, 'candidates': 588, 'account_M': 8599, 'threshold': 1.0, 'state': 0}"
1960,1962,upgrade,rail,Białystok,Wołkowysk,main,99.0,59.4,1.01,appraisal,"{'net_M': 60.2, 'local_M': 0.0, 'om_M': 0.0, 'dt_min': 40.5, 'trips_k': 3134, 'rank': 7, 'passed': 11, 'candidates': 588, 'account_M': 8599, 'threshold': 1.0, 'state': 0}"
1960,1961,upgrade,rail,Wieluń,Kępno,main,47.1,28.2,1.01,appraisal,"{'net_M': 28.6, 'local_M': 0.0, 'om_M': 0.0, 'dt_min': 19.2, 'trips_k': 3590, 'rank': 8, 'passed': 11, 'candidates': 588, 'account_M': 8599, 'threshold': 1.0, 'state': 0}"
1960,1961,upgrade,rail,Kowel,Łuck,main_el,77.1,38.6,1.01,appraisal,"{'net_M': 39.1, 'local_M': 0.0, 'om_M': 0.0, 'dt_min': 10.9, 'trips_k': 8070, 'rank': 9, 'passed': 11, 'candidates': 588, 'account_M': 8599, 'threshold': 1.0, 'state': 0}"
1960,1961,upgrade,rail,Laskowice,Grudziądz,main_el,24.4,12.2,1.01,appraisal,"{'net_M': 12.3, 'local_M': 0.0, 'om_M': 0.0, 'dt_min': 3.5, 'trips_k': 6749, 'rank': 10, 'passed': 11, 'candidates': 588, 'account_M': 8599, 'threshold': 1.0, 'state': 0}"
1960,1961,upgrade,rail,Brześć,Kobryń,main,54.4,40.0,1.0,appraisal,"{'net_M': 40.1, 'local_M': 0.0, 'om_M': 0.0, 'dt_min': 22.2, 'trips_k': 3860, 'rank': 11, 'passed': 11, 'candidates': 588, 'account_M': 8599, 'threshold': 1.0, 'state': 0}"
1960,1961,upgrade,road,Šilutė,Königsberg,paved,115.0,23.0,1.03,appraisal,"{'net_M': 7.4, 'local_M': np.float64(16.2), 'om_M': 0.0, 'dt_min': 93.8, 'trips_k': 160, 'rank': 1, 'passed': 3, 'candidates': 646, 'account_M': 5551, 'threshold': 1.0, 'state': 0}"
1960,1961,upgrade,road,Joniškis,Jelgava-Riga,paved,56.1,11.2,1.02,appraisal,"{'net_M': 0.0, 'local_M': np.float64(11.4), 'om_M': 0.0, 'dt_min': 45.8, 'trips_k': 0, 'rank': 2, 'passed': 3, 'candidates': 646, 'account_M': 5551, 'threshold': 1.0, 'state': 0}"
1960,1961,upgrade,road,Krotoszyn,Breslau,paved,87.2,17.4,1.0,appraisal,"{'net_M': 0.0, 'local_M': np.float64(17.5), 'om_M': 0.0, 'dt_min': 71.2, 'trips_k': 0, 'rank': 3, 'passed': 3, 'candidates': 646, 'account_M': 5551, 'threshold': 1.0, 'state': 0}"
1962,1963,upgrade,rail,Suwałki,Marijampolė,main,66.6,40.0,1.82,appraisal,"{'net_M': 72.7, 'local_M': 0.0, 'om_M': 0.0, 'dt_min': 26.3, 'trips_k': 6782, 'rank': 1, 'passed': 16, 'candidates': 584, 'account_M': 9290, 'threshold': 1.0, 'state': 0}"
1962,1964,upgrade,rail,Lwów,Halicz,main_el,108.5,62.4,1.19,appraisal,"{'net_M': 74.3, 'local_M': 0.0, 'om_M': 0.0, 'dt_min': 15.3, 'trips_k': 9718, 'rank': 2, 'passed': 16, 'candidates': 584, 'account_M': 9290, 'threshold': 1.0, 'state': 0}"
1962,1963,new,rail,Łuck,Dubno,sec,53.7,45.7,1.14,appraisal,"{'net_M': 52.2, 'local_M': 0.0, 'om_M': 0.0, 'dt_min': 66.3, 'trips_k': 1918, 'rank': 3, 'passed': 16, 'candidates': 584, 'account_M': 9290, 'threshold': 1.0, 'state': 0}"
1962,1963,upgrade,rail,Łomża,Ostrów Mazowiecka,main,50.3,30.2,1.12,appraisal,"{'net_M': 33.8, 'local_M': 0.0, 'om_M': 0.0, 'dt_min': 19.9, 'trips_k': 3104, 'rank': 4, 'passed': 16, 'candidates': 584, 'account_M': 9290, 'threshold': 1.0, 'state': 0}"
1962,1963,upgrade,rail,Pszczyna,Bielsko,main_el,21.8,12.5,1.11,appraisal,"{'net_M': 13.8, 'local_M': 0.0, 'om_M': 0.0, 'dt_min': 3.1, 'trips_k': 8378, 'rank': 5, 'passed': 16, 'candidates': 584, 'account_M': 9290, 'threshold': 1.0, 'state': 0}"
1962,1963,upgrade,rail,Chełm,Włodawa,main,52.8,31.7,1.09,appraisal,"{'net_M': 34.5, 'local_M': 0.0, 'om_M': 0.0, 'dt_min': 20.8, 'trips_k': 3496, 'rank': 6, 'passed': 16, 'candidates': 584, 'account_M': 9290, 'threshold': 1.0, 'state': 0}"
1962,1963,upgrade,rail,Katowice,Rybnik,main_el,44.3,22.2,1.09,appraisal,"{'net_M': 24.1, 'local_M': 0.0, 'om_M': 0.0, 'dt_min': 6.2, 'trips_k': 6692, 'rank': 7, 'passed': 16, 'candidates': 584, 'account_M': 9290, 'threshold': 1.0, 'state': 0}"
1962,1963,new,rail,Tomaszów Mazowiecki,Piotrków,sec,29.1,24.7,1.07,appraisal,"{'net_M': 26.4, 'local_M': 0.0, 'om_M': 0.0, 'dt_min': 18.2, 'trips_k': 2970, 'rank': 8, 'passed': 16, 'candidates': 584, 'account_M': 9290, 'threshold': 1.0, 'state': 0}"
1962,1963,upgrade,rail,Ciechanów,Mława,main_el,34.7,17.4,1.05,appraisal,"{'net_M': 18.2, 'local_M': 0.0, 'om_M': 0.0, 'dt_min': 4.9, 'trips_k': 7042, 'rank': 9, 'passed': 16, 'candidates': 584, 'account_M': 9290, 'threshold': 1.0, 'state': 0}"
1962,1963,upgrade,rail,Kaunas,Marijampolė,main,59.5,35.7,1.04,appraisal,"{'net_M': 37.3, 'local_M': 0.0, 'om_M': 0.0, 'dt_min': 23.5, 'trips_k': 4805, 'rank': 10, 'passed': 16, 'candidates': 584, 'account_M': 9290, 'threshold': 1.0, 'state': 0}"
1962,1963,upgrade,rail,Ukmergė,Jonava,sec,41.3,18.6,1.04,appraisal,"{'net_M': 19.2, 'local_M': 0.0, 'om_M': 0.0, 'dt_min': 57.4, 'trips_k': 619, 'rank': 11, 'passed': 16, 'candidates': 584, 'account_M': 9290, 'threshold': 1.0, 'state': 0}"
1962,1963,upgrade,rail,Kaunas,Kaišiadorys,main_el,40.8,20.4,1.03,appraisal,"{'net_M': 21.0, 'local_M': 0.0, 'om_M': 0.0, 'dt_min': 5.7, 'trips_k': 7210, 'rank': 12, 'passed': 16, 'candidates': 584, 'account_M': 9290, 'threshold': 1.0, 'state': 0}"
1962,1963,new,rail,Marijampolė,Vilkaviškis,sec,26.3,22.4,1.02,appraisal,"{'net_M': 22.9, 'local_M': 0.0, 'om_M': 0.0, 'dt_min': 44.0, 'trips_k': 1140, 'rank': 13, 'passed': 16, 'candidates': 584, 'account_M': 9290, 'threshold': 1.0, 'state': 0}"
1962,1964,upgrade,rail,Rawa Ruska,Jarosław,main,81.6,49.0,1.02,appraisal,"{'net_M': 50.1, 'local_M': 0.0, 'om_M': 0.0, 'dt_min': 32.2, 'trips_k': 4136, 'rank': 14, 'passed': 16, 'candidates': 584, 'account_M': 9290, 'threshold': 1.0, 'state': 0}"
1962,1963,upgrade,rail,Włodawa,Brześć,main,71.2,42.7,1.02,appraisal,"{'net_M': 43.5, 'local_M': 0.0, 'om_M': 0.0, 'dt_min': 28.1, 'trips_k': 5517, 'rank': 15, 'passed': 16, 'candidates': 584, 'account_M': 9290, 'threshold': 1.0, 'state': 0}"
1962,1963,upgrade,rail,Przemyśl,Sambor,main_el,48.7,31.7,1.01,appraisal,"{'net_M': 32.1, 'local_M': 0.0, 'om_M': 0.0, 'dt_min': 6.9, 'trips_k': 8878, 'rank': 16, 'passed': 16, 'candidates': 584, 'account_M': 9290, 'threshold': 1.0, 'state': 0}"
1962,1963,upgrade,road,Lubliniec,Gleiwitz-Beuthen,paved,50.2,10.0,1.01,appraisal,"{'net_M': 0.0, 'local_M': np.float64(10.2), 'om_M': 0.0, 'dt_min': 38.0, 'trips_k': 0, 'rank': 1, 'passed': 5, 'candidates': 646, 'account_M': 7921, 'threshold': 1.0, 'state': 0}"
1962,1964,upgrade,road,Lubliniec,Breslau,paved,154.1,30.8,1.01,appraisal,"{'net_M': 0.0, 'local_M': np.float64(31.2), 'om_M': 0.0, 'dt_min': 116.5, 'trips_k': 0, 'rank': 2, 'passed': 5, 'candidates': 646, 'account_M': 7921, 'threshold': 1.0, 'state': 0}"
1962,1963,upgrade,road,Klaipėda,Liepāja,paved,108.9,21.8,1.01,appraisal,"{'net_M': 0.0, 'local_M': np.float64(21.9), 'om_M': 0.0, 'dt_min': 82.3, 'trips_k': 0, 'rank': 3, 'passed': 5, 'candidates': 646, 'account_M': 7921, 'threshold': 1.0, 'state': 0}"
1962,1964,upgrade,road,Klaipėda,Königsberg,paved,143.9,28.8,1.01,appraisal,"{'net_M': 0.0, 'local_M': np.float64(29.0), 'om_M': 0.0, 'dt_min': 108.8, 'trips_k': 0, 'rank': 4, 'passed': 5, 'candidates': 646, 'account_M': 7921, 'threshold': 1.0, 'state': 0}"
1962,1963,upgrade,road,Nowy Targ,Zakopane,paved,25.4,11.2,1.0,appraisal,"{'net_M': 0.0, 'local_M': np.float64(11.2), 'om_M': 0.0, 'dt_min': 19.2, 'trips_k': 0, 'rank': 5, 'passed': 5, 'candidates': 646, 'account_M': 7921, 'threshold': 1.0, 'state': 0}"
1964,1965,upgrade,rail,Białystok,Bielsk Podlaski,main,46.1,27.7,1.94,appraisal,"{'net_M': 53.6, 'local_M': 0.0, 'om_M': 0.0, 'dt_min': 17.6, 'trips_k': 6328, 'rank': 1, 'passed': 20, 'candidates': 578, 'account_M': 9836, 'threshold': 1.0, 'state': 0}"
1964,1965,upgrade,rail,Sokółka,Augustów,main_el,67.7,33.8,1.87,appraisal,"{'net_M': 63.3, 'local_M': 0.0, 'om_M': 0.0, 'dt_min': 9.5, 'trips_k': 12083, 'rank': 2, 'passed': 20, 'candidates': 578, 'account_M': 9836, 'threshold': 1.0, 'state': 0}"
1964,1965,upgrade,rail,Czeremcha,Brześć,main,59.9,36.0,1.84,appraisal,"{'net_M': 66.1, 'local_M': 0.0, 'om_M': 0.0, 'dt_min': 22.9, 'trips_k': 6177, 'rank': 3, 'passed': 20, 'candidates': 578, 'account_M': 9836, 'threshold': 1.0, 'state': 0}"
1964,1965,upgrade,rail,Augustów,Suwałki,main_el,33.5,16.7,1.7,appraisal,"{'net_M': 28.4, 'local_M': 0.0, 'om_M': 0.0, 'dt_min': 4.7, 'trips_k': 10957, 'rank': 4, 'passed': 20, 'candidates': 578, 'account_M': 9836, 'threshold': 1.0, 'state': 0}"
1964,1965,upgrade,rail,Bielsk Podlaski,Czeremcha,main,34.3,20.6,1.68,appraisal,"{'net_M': 34.6, 'local_M': 0.0, 'om_M': 0.0, 'dt_min': 13.1, 'trips_k': 5680, 'rank': 5, 'passed': 20, 'candidates': 578, 'account_M': 9836, 'threshold': 1.0, 'state': 0}"
1964,1965,upgrade,rail,Suwałki,Marijampolė,main_el,66.6,33.3,1.48,appraisal,"{'net_M': 49.4, 'local_M': 0.0, 'om_M': 0.0, 'dt_min': 9.3, 'trips_k': 9653, 'rank': 6, 'passed': 20, 'candidates': 578, 'account_M': 9836, 'threshold': 1.0, 'state': 0}"
1964,1965,upgrade,rail,Tomaszów Mazowiecki,Piotrków,main,29.1,17.4,1.24,appraisal,"{'net_M': 21.6, 'local_M': 0.0, 'om_M': 0.0, 'dt_min': 11.1, 'trips_k': 3743, 'rank': 7, 'passed': 20, 'candidates': 578, 'account_M': 9836, 'threshold': 1.0, 'state': 0}"
1964,1965,upgrade,rail,Krasnystaw,Chełm,main_el,31.6,15.8,1.21,appraisal,"{'net_M': 19.1, 'local_M': 0.0, 'om_M': 0.0, 'dt_min': 4.4, 'trips_k': 9146, 'rank': 8, 'passed': 20, 'candidates': 578, 'account_M': 9836, 'threshold': 1.0, 'state': 0}"
1964,1966,upgrade,rail,Lwów,Brody,main,97.1,67.0,1.17,appraisal,"{'net_M': 78.5, 'local_M': 0.0, 'om_M': 0.0, 'dt_min': 37.0, 'trips_k': 4316, 'rank': 9, 'passed': 20, 'candidates': 578, 'account_M': 9836, 'threshold': 1.0, 'state': 0}"
1964,1965,upgrade,rail,Chełm,Włodawa,main_el,52.8,26.4,1.15,appraisal,"{'net_M': 30.5, 'local_M': 0.0, 'om_M': 0.0, 'dt_min': 7.4, 'trips_k': 8743, 'rank': 10, 'passed': 20, 'candidates': 578, 'account_M': 9836, 'threshold': 1.0, 'state': 0}"
1964,1965,upgrade,rail,Włodawa,Brześć,main_el,71.2,35.6,1.11,appraisal,"{'net_M': 39.5, 'local_M': 0.0, 'om_M': 0.0, 'dt_min': 10.0, 'trips_k': 8325, 'rank': 11, 'passed': 20, 'candidates': 578, 'account_M': 9836, 'threshold': 1.0, 'state': 0}"
1964,1965,upgrade,rail,Brody,Dubno,main,64.9,39.0,1.08,appraisal,"{'net_M': 42.2, 'local_M': 0.0, 'om_M': 0.0, 'dt_min': 24.8, 'trips_k': 3908, 'rank': 12, 'passed': 20, 'candidates': 578, 'account_M': 9836, 'threshold': 1.0, 'state': 0}"
1964,1966,new,rail,Tauragė,Kybartai,sec,85.3,72.5,1.06,appraisal,"{'net_M': 77.2, 'local_M': 0.0, 'om_M': 0.0, 'dt_min': 126.4, 'trips_k': 1241, 'rank': 13, 'passed': 20, 'candidates': 578, 'account_M': 9836, 'threshold': 1.0, 'state': 0}"
1964,1965,upgrade,rail,Brodnica,Działdowo,main,59.8,35.9,1.05,appraisal,"{'net_M': 37.6, 'local_M': 0.0, 'om_M': 0.0, 'dt_min': 22.8, 'trips_k': 3052, 'rank': 14, 'passed': 20, 'candidates': 578, 'account_M': 9836, 'threshold': 1.0, 'state': 0}"
1964,1965,new,rail,Nowy Sącz,Bochnia,sec,49.6,67.5,1.05,appraisal,"{'net_M': 70.6, 'local_M': 0.0, 'om_M': 0.0, 'dt_min': 40.5, 'trips_k': 3041, 'rank': 15, 'passed': 20, 'candidates': 578, 'account_M': 9836, 'threshold': 1.0, 'state': 0}"
1964,1965,upgrade,rail,Rawa Ruska,Sokal,main,62.6,37.6,1.04,appraisal,"{'net_M': 39.1, 'local_M': 0.0, 'om_M': 0.0, 'dt_min': 23.9, 'trips_k': 3131, 'rank': 16, 'passed': 20, 'candidates': 578, 'account_M': 9836, 'threshold': 1.0, 'state': 0}"
1964,1965,upgrade,rail,Kutno,Płock,main_el,48.8,24.4,1.02,appraisal,"{'net_M': 24.8, 'local_M': 0.0, 'om_M': 0.0, 'dt_min': 6.8, 'trips_k': 6507, 'rank': 17, 'passed': 20, 'candidates': 578, 'account_M': 9836, 'threshold': 1.0, 'state': 0}"
1964,1965,upgrade,rail,Kaunas,Marijampolė,main_el,59.5,29.7,1.01,appraisal,"{'net_M': 30.2, 'local_M': 0.0, 'om_M': 0.0, 'dt_min': 8.3, 'trips_k': 6534, 'rank': 18, 'passed': 20, 'candidates': 578, 'account_M': 9836, 'threshold': 1.0, 'state': 0}"
1964,1965,upgrade,rail,Toruń,Brodnica,main,69.2,41.5,1.01,appraisal,"{'net_M': 42.1, 'local_M': 0.0, 'om_M': 0.0, 'dt_min': 26.4, 'trips_k': 2979, 'rank': 19, 'passed': 20, 'candidates': 578, 'account_M': 9836, 'threshold': 1.0, 'state': 0}"
1964,1965,upgrade,rail,Kaišiadorys,Jonava,main_el,30.8,15.4,1.0,appraisal,"{'net_M': 15.4, 'local_M': 0.0, 'om_M': 0.0, 'dt_min': 4.3, 'trips_k': 7088, 'rank': 20, 'passed': 20, 'candidates': 578, 'account_M': 9836, 'threshold': 1.0, 'state': 0}"
1964,1966,upgrade,road,Warszawa,Lublin,express,186.7,298.7,1.02,appraisal,"{'net_M': 0.0, 'local_M': np.float64(383.9), 'om_M': 76.9, 'dt_min': 54.8, 'trips_k': 0, 'rank': 1, 'passed': 4, 'candidates': 646, 'account_M': 10494, 'threshold': 1.0, 'state': 0}"
1964,1965,upgrade,road,Husiatyn,Proskurov,paved,85.3,17.1,1.01,appraisal,"{'net_M': 0.0, 'local_M': np.float64(17.3), 'om_M': 0.0, 'dt_min': 59.1, 'trips_k': 1, 'rank': 2, 'passed': 4, 'candidates': 646, 'account_M': 10494, 'threshold': 1.0, 'state': 0}"
1964,1965,upgrade,road,Husiatyn,Chernivtsi,paved,108.0,21.6,1.01,appraisal,"{'net_M': 0.0, 'local_M': np.float64(21.9), 'om_M': 0.0, 'dt_min': 74.8, 'trips_k': 0, 'rank': 3, 'passed': 4, 'candidates': 646, 'account_M': 10494, 'threshold': 1.0, 'state': 0}"
1964,1965,upgrade,road,Podwołoczyska,Kyiv via Shepetivka,paved,119.4,23.9,1.01,appraisal,"{'net_M': 0.4, 'local_M': np.float64(23.8), 'om_M': 0.0, 'dt_min': 82.7, 'trips_k': 38, 'rank': 4, 'passed': 4, 'candidates': 646, 'account_M': 10494, 'threshold': 1.0, 'state': 0}"
1966,1967,upgrade,rail,Białystok,Bielsk Podlaski,main_el,46.1,23.0,1.73,appraisal,"{'net_M': 39.9, 'local_M': 0.0, 'om_M': 0.0, 'dt_min': 6.4, 'trips_k': 12479, 'rank': 1, 'passed': 17, 'candidates': 569, 'account_M': 10298, 'threshold': 1.0, 'state': 0}"
1966,1967,upgrade,rail,Czeremcha,Brześć,main_el,59.9,30.0,1.7,appraisal,"{'net_M': 50.8, 'local_M': 0.0, 'om_M': 0.0, 'dt_min': 8.3, 'trips_k': 12289, 'rank': 2, 'passed': 17, 'candidates': 569, 'account_M': 10298, 'threshold': 1.0, 'state': 0}"
1966,1967,upgrade,rail,Bielsk Podlaski,Czeremcha,main_el,34.3,17.1,1.63,appraisal,"{'net_M': 27.9, 'local_M': 0.0, 'om_M': 0.0, 'dt_min': 4.8, 'trips_k': 11924, 'rank': 3, 'passed': 17, 'candidates': 569, 'account_M': 10298, 'threshold': 1.0, 'state': 0}"
1966,1967,upgrade,rail,Marijampolė,Vilkaviškis,main,26.3,15.8,1.48,appraisal,"{'net_M': 23.5, 'local_M': 0.0, 'om_M': 0.0, 'dt_min': 9.7, 'trips_k': 4150, 'rank': 4, 'passed': 17, 'candidates': 569, 'account_M': 10298, 'threshold': 1.0, 'state': 0}"
1966,1967,new,rail,Kaunas,Kėdainiai,sec,50.1,42.6,1.45,appraisal,"{'net_M': 61.7, 'local_M': 0.0, 'om_M': 0.0, 'dt_min': 22.8, 'trips_k': 5080, 'rank': 5, 'passed': 17, 'candidates': 569, 'account_M': 10298, 'threshold': 1.0, 'state': 0}"
1966,1967,upgrade,rail,Kobryń,Prużana,sec,45.4,25.0,1.14,appraisal,"{'net_M': 28.5, 'local_M': 0.0, 'om_M': 0.0, 'dt_min': 62.4, 'trips_k': 900, 'rank': 6, 'passed': 17, 'candidates': 569, 'account_M': 10298, 'threshold': 1.0, 'state': 0}"
1966,1967,upgrade,rail,Dęblin,Łuków,main_el,63.2,31.6,1.13,appraisal,"{'net_M': 35.7, 'local_M': 0.0, 'om_M': 0.0, 'dt_min': 8.8, 'trips_k': 8118, 'rank': 7, 'passed': 17, 'candidates': 569, 'account_M': 10298, 'threshold': 1.0, 'state': 0}"
1966,1967,upgrade,rail,Łuck,Dubno,main,53.7,32.2,1.12,appraisal,"{'net_M': 36.0, 'local_M': 0.0, 'om_M': 0.0, 'dt_min': 19.8, 'trips_k': 3524, 'rank': 8, 'passed': 17, 'candidates': 569, 'account_M': 10298, 'threshold': 1.0, 'state': 0}"
1966,1967,upgrade,rail,Dubno,Zdołbunów,main,43.1,25.8,1.08,appraisal,"{'net_M': 28.0, 'local_M': 0.0, 'om_M': 0.0, 'dt_min': 15.9, 'trips_k': 3722, 'rank': 9, 'passed': 17, 'candidates': 569, 'account_M': 10298, 'threshold': 1.0, 'state': 0}"
1966,1967,upgrade,rail,Sosnowiec,Mysłowice,main_el,7.2,3.6,1.06,appraisal,"{'net_M': 3.8, 'local_M': 0.0, 'om_M': 0.0, 'dt_min': 1.0, 'trips_k': 6645, 'rank': 10, 'passed': 17, 'candidates': 569, 'account_M': 10298, 'threshold': 1.0, 'state': 0}"
1966,1967,upgrade,rail,Tczew,Gdańsk (Free City),main_el,34.6,17.3,1.06,appraisal,"{'net_M': 18.3, 'local_M': 0.0, 'om_M': 0.0, 'dt_min': 4.8, 'trips_k': 6428, 'rank': 11, 'passed': 17, 'candidates': 569, 'account_M': 10298, 'threshold': 1.0, 'state': 0}"
1966,1967,upgrade,rail,Chrzanów,Oświęcim,main,18.9,11.4,1.05,appraisal,"{'net_M': 12.0, 'local_M': 0.0, 'om_M': 0.0, 'dt_min': 7.0, 'trips_k': 4749, 'rank': 12, 'passed': 17, 'candidates': 569, 'account_M': 10298, 'threshold': 1.0, 'state': 0}"
1966,1967,upgrade,rail,Drohobycz,Borysław,main,10.2,10.7,1.05,appraisal,"{'net_M': 11.2, 'local_M': 0.0, 'om_M': 0.0, 'dt_min': 3.7, 'trips_k': 5165, 'rank': 13, 'passed': 17, 'candidates': 569, 'account_M': 10298, 'threshold': 1.0, 'state': 0}"
1966,1968,upgrade,rail,Rawa Ruska,Jarosław,main_el,81.6,40.8,1.03,appraisal,"{'net_M': 42.2, 'local_M': 0.0, 'om_M': 0.0, 'dt_min': 11.3, 'trips_k': 7309, 'rank': 14, 'passed': 17, 'candidates': 569, 'account_M': 10298, 'threshold': 1.0, 'state': 0}"
1966,1967,upgrade,rail,Mielec,Tarnobrzeg,main,41.6,25.0,1.02,appraisal,"{'net_M': 25.5, 'local_M': 0.0, 'om_M': 0.0, 'dt_min': 15.3, 'trips_k': 3444, 'rank': 15, 'passed': 17, 'candidates': 569, 'account_M': 10298, 'threshold': 1.0, 'state': 0}"
1966,1967,upgrade,rail,Sambor,Drohobycz,main_el,33.7,21.9,1.0,appraisal,"{'net_M': 22.0, 'local_M': 0.0, 'om_M': 0.0, 'dt_min': 4.7, 'trips_k': 8184, 'rank': 16, 'passed': 17, 'candidates': 569, 'account_M': 10298, 'threshold': 1.0, 'state': 0}"
1966,1967,upgrade,rail,Lwów,Złoczów,main_el,71.9,41.3,1.0,appraisal,"{'net_M': 41.4, 'local_M': 0.0, 'om_M': 0.0, 'dt_min': 10.0, 'trips_k': 7748, 'rank': 17, 'passed': 17, 'candidates': 569, 'account_M': 10298, 'threshold': 1.0, 'state': 0}"
1968,1969,upgrade,rail,Kaunas,Kėdainiai,main,50.1,30.1,2.29,appraisal,"{'net_M': 68.8, 'local_M': 0.0, 'om_M': 0.0, 'dt_min': 17.9, 'trips_k': 6487, 'rank': 1, 'passed': 28, 'candidates': 560, 'account_M': 11336, 'threshold': 1.0, 'state': 0}"
1968,1969,upgrade,rail,Dębica,Mielec,main,30.7,18.4,1.89,appraisal,"{'net_M': 34.8, 'local_M': 0.0, 'om_M': 0.0, 'dt_min': 11.0, 'trips_k': 7066, 'rank': 2, 'passed': 28, 'candidates': 560, 'account_M': 11336, 'threshold': 1.0, 'state': 0}"
1968,1969,upgrade,rail,Dębica,Pilzno,main,13.3,9.2,1.24,appraisal,"{'net_M': 11.4, 'local_M': 0.0, 'om_M': 0.0, 'dt_min': 4.8, 'trips_k': 3888, 'rank': 3, 'passed': 28, 'candidates': 560, 'account_M': 11336, 'threshold': 1.0, 'state': 0}"
1968,1970,upgrade,rail,Tauragė,Kybartai,main,85.3,51.2,1.22,appraisal,"{'net_M': 62.6, 'local_M': 0.0, 'om_M': 0.0, 'dt_min': 30.5, 'trips_k': 3097, 'rank': 4, 'passed': 28, 'candidates': 560, 'account_M': 11336, 'threshold': 1.0, 'state': 0}"
1968,1969,upgrade,rail,Złoczów,Tarnopol,main_el,66.1,33.0,1.22,appraisal,"{'net_M': 40.4, 'local_M': 0.0, 'om_M': 0.0, 'dt_min': 9.1, 'trips_k': 7639, 'rank': 5, 'passed': 28, 'candidates': 560, 'account_M': 11336, 'threshold': 1.0, 'state': 0}"
1968,1969,upgrade,rail,Kobryń,Drohiczyn Poleski,main,62.0,54.0,1.2,appraisal,"{'net_M': 64.8, 'local_M': 0.0, 'om_M': 0.0, 'dt_min': 22.2, 'trips_k': 4913, 'rank': 6, 'passed': 28, 'candidates': 560, 'account_M': 11336, 'threshold': 1.0, 'state': 0}"
1968,1969,upgrade,rail,Brześć,Kobryń,main_el,54.4,33.3,1.16,appraisal,"{'net_M': 38.8, 'local_M': 0.0, 'om_M': 0.0, 'dt_min': 7.5, 'trips_k': 8897, 'rank': 7, 'passed': 28, 'candidates': 560, 'account_M': 11336, 'threshold': 1.0, 'state': 0}"
1968,1969,upgrade,rail,Oświęcim,Pszczyna,main,24.3,14.6,1.16,appraisal,"{'net_M': 16.9, 'local_M': 0.0, 'om_M': 0.0, 'dt_min': 8.7, 'trips_k': 3094, 'rank': 8, 'passed': 28, 'candidates': 560, 'account_M': 11336, 'threshold': 1.0, 'state': 0}"
1968,1969,new,rail,Kėdainiai,Panevėžys,sec,63.0,53.5,1.12,appraisal,"{'net_M': 59.9, 'local_M': 0.0, 'om_M': 0.0, 'dt_min': 55.0, 'trips_k': 1606, 'rank': 9, 'passed': 28, 'candidates': 560, 'account_M': 11336, 'threshold': 1.0, 'state': 0}"
1968,1970,upgrade,rail,Poznań,Zbąszyń,main_el,81.5,40.8,1.12,appraisal,"{'net_M': 45.6, 'local_M': 0.0, 'om_M': 0.0, 'dt_min': 11.2, 'trips_k': 8351, 'rank': 10, 'passed': 28, 'candidates': 560, 'account_M': 11336, 'threshold': 1.0, 'state': 0}"
1968,1969,upgrade,rail,Brody,Dubno,main_el,64.9,32.5,1.12,appraisal,"{'net_M': 36.3, 'local_M': 0.0, 'om_M': 0.0, 'dt_min': 8.9, 'trips_k': 7702, 'rank': 11, 'passed': 28, 'candidates': 560, 'account_M': 11336, 'threshold': 1.0, 'state': 0}"
1968,1969,upgrade,rail,Łuck,Równe,main_el,76.4,38.2,1.11,appraisal,"{'net_M': 42.5, 'local_M': 0.0, 'om_M': 0.0, 'dt_min': 10.5, 'trips_k': 7176, 'rank': 12, 'passed': 28, 'candidates': 560, 'account_M': 11336, 'threshold': 1.0, 'state': 0}"
1968,1970,upgrade,rail,Lwów,Brody,main_el,97.1,55.8,1.11,appraisal,"{'net_M': 61.7, 'local_M': 0.0, 'om_M': 0.0, 'dt_min': 13.4, 'trips_k': 8884, 'rank': 13, 'passed': 28, 'candidates': 560, 'account_M': 11336, 'threshold': 1.0, 'state': 0}"
1968,1969,upgrade,rail,Mława,Działdowo,main_el,21.7,10.8,1.1,appraisal,"{'net_M': 12.0, 'local_M': 0.0, 'om_M': 0.0, 'dt_min': 3.0, 'trips_k': 6351, 'rank': 14, 'passed': 28, 'candidates': 560, 'account_M': 11336, 'threshold': 1.0, 'state': 0}"
1968,1969,upgrade,rail,Gniezno,Września,main_el,27.0,13.5,1.09,appraisal,"{'net_M': 14.7, 'local_M': 0.0, 'om_M': 0.0, 'dt_min': 3.7, 'trips_k': 5752, 'rank': 15, 'passed': 28, 'candidates': 560, 'account_M': 11336, 'threshold': 1.0, 'state': 0}"
1968,1970,upgrade,rail,Kowel,Brześć,main,139.6,83.8,1.09,appraisal,"{'net_M': 91.3, 'local_M': 0.0, 'om_M': 0.0, 'dt_min': 49.9, 'trips_k': 4132, 'rank': 16, 'passed': 28, 'candidates': 560, 'account_M': 11336, 'threshold': 1.0, 'state': 0}"
1968,1969,upgrade,rail,Zduńska Wola,Wieluń,main_el,56.9,28.4,1.09,appraisal,"{'net_M': 30.8, 'local_M': 0.0, 'om_M': 0.0, 'dt_min': 7.8, 'trips_k': 6930, 'rank': 17, 'passed': 28, 'candidates': 560, 'account_M': 11336, 'threshold': 1.0, 'state': 0}"
1968,1970,upgrade,rail,Białystok,Wołkowysk,main_el,99.0,49.5,1.07,appraisal,"{'net_M': 52.9, 'local_M': 0.0, 'om_M': 0.0, 'dt_min': 13.6, 'trips_k': 6483, 'rank': 18, 'passed': 28, 'candidates': 560, 'account_M': 11336, 'threshold': 1.0, 'state': 0}"
1968,1969,upgrade,rail,Kėdainiai,Radviliškis,main_el,73.4,36.7,1.07,appraisal,"{'net_M': 39.2, 'local_M': 0.0, 'om_M': 0.0, 'dt_min': 10.1, 'trips_k': 6629, 'rank': 19, 'passed': 28, 'candidates': 560, 'account_M': 11336, 'threshold': 1.0, 'state': 0}"
1968,1969,upgrade,rail,Gdańsk (Free City),Gdynia,main_el,23.5,11.7,1.04,appraisal,"{'net_M': 12.3, 'local_M': 0.0, 'om_M': 0.0, 'dt_min': 3.2, 'trips_k': 5353, 'rank': 20, 'passed': 28, 'candidates': 560, 'account_M': 11336, 'threshold': 1.0, 'state': 0}"
1968,1969,upgrade,rail,Nowy Sącz,Bochnia,main,49.6,47.7,1.03,appraisal,"{'net_M': 49.0, 'local_M': 0.0, 'om_M': 0.0, 'dt_min': 17.7, 'trips_k': 4207, 'rank': 21, 'passed': 28, 'candidates': 560, 'account_M': 11336, 'threshold': 1.0, 'state': 0}"
1968,1969,upgrade,rail,Będzin,Dąbrowa Górnicza,main_el,5.1,2.5,1.03,appraisal,"{'net_M': 2.6, 'local_M': 0.0, 'om_M': 0.0, 'dt_min': 0.7, 'trips_k': 5597, 'rank': 22, 'passed': 28, 'candidates': 560, 'account_M': 11336, 'threshold': 1.0, 'state': 0}"
1968,1969,upgrade,rail,Hrubieszów,Włodzimierz Wołyński,main,35.1,21.1,1.02,appraisal,"{'net_M': 21.6, 'local_M': 0.0, 'om_M': 0.0, 'dt_min': 12.5, 'trips_k': 2908, 'rank': 23, 'passed': 28, 'candidates': 560, 'account_M': 11336, 'threshold': 1.0, 'state': 0}"
1968,1969,upgrade,rail,Drohiczyn Poleski,Pińsk,main,75.1,65.3,1.02,appraisal,"{'net_M': 66.7, 'local_M': 0.0, 'om_M': 0.0, 'dt_min': 26.8, 'trips_k': 4138, 'rank': 24, 'passed': 28, 'candidates': 560, 'account_M': 11336, 'threshold': 1.0, 'state': 0}"
1968,1969,upgrade,rail,Lwów,Stryj,main_el,75.7,43.5,1.02,appraisal,"{'net_M': 44.4, 'local_M': 0.0, 'om_M': 0.0, 'dt_min': 10.4, 'trips_k': 7463, 'rank': 25, 'passed': 28, 'candidates': 560, 'account_M': 11336, 'threshold': 1.0, 'state': 0}"
1968,1969,upgrade,rail,Kępno,Breslau,main,79.9,48.0,1.02,appraisal,"{'net_M': 48.8, 'local_M': 0.0, 'om_M': 0.0, 'dt_min': 28.5, 'trips_k': 4096, 'rank': 26, 'passed': 28, 'candidates': 560, 'account_M': 11336, 'threshold': 1.0, 'state': 0}"
1968,1969,upgrade,rail,Wadowice,Kraków,main,43.6,30.1,1.01,appraisal,"{'net_M': 30.5, 'local_M': 0.0, 'om_M': 0.0, 'dt_min': 15.6, 'trips_k': 3339, 'rank': 27, 'passed': 28, 'candidates': 560, 'account_M': 11336, 'threshold': 1.0, 'state': 0}"
1968,1969,upgrade,rail,Będzin,Sosnowiec,main_el,5.7,2.8,1.01,appraisal,"{'net_M': 2.9, 'local_M': 0.0, 'om_M': 0.0, 'dt_min': 0.8, 'trips_k': 5486, 'rank': 28, 'passed': 28, 'candidates': 560, 'account_M': 11336, 'threshold': 1.0, 'state': 0}"
1968,1969,upgrade,road,Zarasai,Riga via Daugavpils,paved,29.1,6.7,1.01,appraisal,"{'net_M': 3.0, 'local_M': np.float64(3.7), 'om_M': 0.0, 'dt_min': 15.3, 'trips_k': 327, 'rank': 1, 'passed': 2, 'candidates': 651, 'account_M': 16414, 'threshold': 1.0, 'state': 0}"
1968,1970,upgrade,road,Gdynia,Königsberg,paved,157.7,31.5,1.0,appraisal,"{'net_M': 3.6, 'local_M': np.float64(27.9), 'om_M': 0.0, 'dt_min': 82.8, 'trips_k': 78, 'rank': 2, 'passed': 2, 'candidates': 651, 'account_M': 16414, 'threshold': 1.0, 'state': 0}"
1970,1971,upgrade,rail,Sandomierz,Tarnobrzeg,main_el,15.2,7.6,1.62,appraisal,"{'net_M': 12.3, 'local_M': 0.0, 'om_M': 0.0, 'dt_min': 2.1, 'trips_k': 8915, 'rank': 1, 'passed': 22, 'candidates': 545, 'account_M': 11838, 'threshold': 1.0, 'state': 0}"
1970,1971,upgrade,rail,Kaunas,Kėdainiai,main_el,50.1,25.1,1.49,appraisal,"{'net_M': 37.3, 'local_M': 0.0, 'om_M': 0.0, 'dt_min': 6.8, 'trips_k': 8673, 'rank': 2, 'passed': 22, 'candidates': 545, 'account_M': 11838, 'threshold': 1.0, 'state': 0}"
1970,1971,upgrade,rail,Mielec,Tarnobrzeg,main_el,41.6,20.8,1.48,appraisal,"{'net_M': 30.9, 'local_M': 0.0, 'om_M': 0.0, 'dt_min': 5.7, 'trips_k': 8374, 'rank': 3, 'passed': 22, 'candidates': 545, 'account_M': 11838, 'threshold': 1.0, 'state': 0}"
1970,1971,upgrade,rail,Dębica,Mielec,main_el,30.7,15.4,1.4,appraisal,"{'net_M': 21.4, 'local_M': 0.0, 'om_M': 0.0, 'dt_min': 4.2, 'trips_k': 7902, 'rank': 4, 'passed': 22, 'candidates': 545, 'account_M': 11838, 'threshold': 1.0, 'state': 0}"
1970,1971,upgrade,rail,Słonim,Wołkowysk,main,67.2,40.3,1.37,appraisal,"{'net_M': 55.3, 'local_M': 0.0, 'om_M': 0.0, 'dt_min': 23.2, 'trips_k': 5377, 'rank': 5, 'passed': 22, 'candidates': 545, 'account_M': 11838, 'threshold': 1.0, 'state': 0}"
1970,1971,upgrade,rail,Drohobycz,Stryj,main_el,30.6,17.6,1.26,appraisal,"{'net_M': 22.1, 'local_M': 0.0, 'om_M': 0.0, 'dt_min': 4.2, 'trips_k': 8534, 'rank': 6, 'passed': 22, 'candidates': 545, 'account_M': 11838, 'threshold': 1.0, 'state': 0}"
1970,1971,upgrade,rail,Pagėgiai,Tauragė,main,31.1,18.7,1.23,appraisal,"{'net_M': 23.0, 'local_M': 0.0, 'om_M': 0.0, 'dt_min': 10.8, 'trips_k': 3072, 'rank': 7, 'passed': 22, 'candidates': 545, 'account_M': 11838, 'threshold': 1.0, 'state': 0}"
1970,1972,upgrade,rail,Wołkowysk,Baranowicze,main,119.7,71.8,1.15,appraisal,"{'net_M': 82.6, 'local_M': 0.0, 'om_M': 0.0, 'dt_min': 41.4, 'trips_k': 3618, 'rank': 8, 'passed': 22, 'candidates': 545, 'account_M': 11838, 'threshold': 1.0, 'state': 0}"
1970,1972,upgrade,rail,Zbąszyń,Berlin via Frankfurt/O.,main_el,107.9,53.9,1.11,appraisal,"{'net_M': 60.1, 'local_M': 0.0, 'om_M': 0.0, 'dt_min': 14.7, 'trips_k': 8272, 'rank': 9, 'passed': 22, 'candidates': 545, 'account_M': 11838, 'threshold': 1.0, 'state': 0}"
1970,1973,upgrade,rail,Brześć,Baranowicze,main_el,223.1,111.6,1.1,appraisal,"{'net_M': 122.9, 'local_M': 0.0, 'om_M': 0.0, 'dt_min': 30.5, 'trips_k': 6514, 'rank': 10, 'passed': 22, 'candidates': 545, 'account_M': 11838, 'threshold': 1.0, 'state': 0}"
1970,1971,upgrade,rail,Wołkowysk,Mosty,main,34.0,20.4,1.09,appraisal,"{'net_M': 22.2, 'local_M': 0.0, 'om_M': 0.0, 'dt_min': 11.7, 'trips_k': 3096, 'rank': 11, 'passed': 22, 'candidates': 545, 'account_M': 11838, 'threshold': 1.0, 'state': 0}"
1970,1971,new,rail,Grudziądz,Brodnica,sec,57.0,48.5,1.08,appraisal,"{'net_M': 52.2, 'local_M': 0.0, 'om_M': 0.0, 'dt_min': 29.9, 'trips_k': 10626, 'rank': 12, 'passed': 22, 'candidates': 545, 'account_M': 11838, 'threshold': 1.0, 'state': 0}"
1970,1971,upgrade,rail,Kėdainiai,Panevėžys,main,63.0,37.8,1.07,appraisal,"{'net_M': 40.2, 'local_M': 0.0, 'om_M': 0.0, 'dt_min': 21.8, 'trips_k': 2971, 'rank': 13, 'passed': 22, 'candidates': 545, 'account_M': 11838, 'threshold': 1.0, 'state': 0}"
1970,1971,upgrade,rail,Marijampolė,Vilkaviškis,main_el,26.3,13.2,1.06,appraisal,"{'net_M': 14.0, 'local_M': 0.0, 'om_M': 0.0, 'dt_min': 3.6, 'trips_k': 6167, 'rank': 14, 'passed': 22, 'candidates': 545, 'account_M': 11838, 'threshold': 1.0, 'state': 0}"
1970,1971,upgrade,rail,Bydgoszcz,Laskowice,main_el,57.2,28.6,1.06,appraisal,"{'net_M': 30.3, 'local_M': 0.0, 'om_M': 0.0, 'dt_min': 7.8, 'trips_k': 5395, 'rank': 15, 'passed': 22, 'candidates': 545, 'account_M': 11838, 'threshold': 1.0, 'state': 0}"
1970,1971,upgrade,rail,Kraśnik,Lublin,main,50.7,30.4,1.04,appraisal,"{'net_M': 31.7, 'local_M': 0.0, 'om_M': 0.0, 'dt_min': 17.5, 'trips_k': 3356, 'rank': 16, 'passed': 22, 'candidates': 545, 'account_M': 11838, 'threshold': 1.0, 'state': 0}"
1970,1971,new,rail,Toruń,Chełmno,sec,45.4,38.6,1.04,appraisal,"{'net_M': 40.1, 'local_M': 0.0, 'om_M': 0.0, 'dt_min': 23.5, 'trips_k': 2252, 'rank': 17, 'passed': 22, 'candidates': 545, 'account_M': 11838, 'threshold': 1.0, 'state': 0}"
1970,1971,upgrade,rail,Równe,Zdołbunów,main_el,14.1,7.0,1.03,appraisal,"{'net_M': 7.3, 'local_M': 0.0, 'om_M': 0.0, 'dt_min': 1.9, 'trips_k': 6922, 'rank': 18, 'passed': 22, 'candidates': 545, 'account_M': 11838, 'threshold': 1.0, 'state': 0}"
1970,1971,upgrade,rail,Starogard,Tczew,main,24.2,14.5,1.03,appraisal,"{'net_M': 15.0, 'local_M': 0.0, 'om_M': 0.0, 'dt_min': 8.4, 'trips_k': 2482, 'rank': 19, 'passed': 22, 'candidates': 545, 'account_M': 11838, 'threshold': 1.0, 'state': 0}"
1970,1971,upgrade,rail,Tarnopol,Trembowla,main,33.5,20.1,1.03,appraisal,"{'net_M': 20.7, 'local_M': 0.0, 'om_M': 0.0, 'dt_min': 11.6, 'trips_k': 2961, 'rank': 20, 'passed': 22, 'candidates': 545, 'account_M': 11838, 'threshold': 1.0, 'state': 0}"
1970,1971,upgrade,rail,Bydgoszcz,Nakło,main_el,31.6,15.8,1.02,appraisal,"{'net_M': 16.1, 'local_M': 0.0, 'om_M': 0.0, 'dt_min': 4.3, 'trips_k': 5269, 'rank': 21, 'passed': 22, 'candidates': 545, 'account_M': 11838, 'threshold': 1.0, 'state': 0}"
1970,1971,upgrade,rail,Šilutė,Pagėgiai,main,41.3,24.8,1.01,appraisal,"{'net_M': 24.9, 'local_M': 0.0, 'om_M': 0.0, 'dt_min': 14.3, 'trips_k': 2428, 'rank': 22, 'passed': 22, 'candidates': 545, 'account_M': 11838, 'threshold': 1.0, 'state': 0}"
1970,1971,upgrade,road,Warszawa,Łowicz,express,90.5,144.8,1.02,appraisal,"{'net_M': 0.0, 'local_M': np.float64(185.6), 'om_M': 37.3, 'dt_min': 21.4, 'trips_k': 0, 'rank': 1, 'passed': 2, 'candidates': 651, 'account_M': 20039, 'threshold': 1.0, 'state': 0}"
1970,1971,upgrade,road,Warszawa,Skierniewice,express,80.5,128.8,1.02,appraisal,"{'net_M': 0.0, 'local_M': np.float64(164.6), 'om_M': 33.1, 'dt_min': 19.1, 'trips_k': 0, 'rank': 2, 'passed': 2, 'candidates': 651, 'account_M': 20039, 'threshold': 1.0, 'state': 0}"
1972,1973,upgrade,rail,Grudziądz,Brodnica,main,57.0,34.2,5.0,appraisal,"{'net_M': 171.0, 'local_M': 0.0, 'om_M': 0.0, 'dt_min': 19.1, 'trips_k': 12190, 'rank': 1, 'passed': 17, 'candidates': 534, 'account_M': 12868, 'threshold': 1.0, 'state': 0}"
1972,1973,upgrade,rail,Brodnica,Działdowo,main_el,59.8,29.9,3.17,appraisal,"{'net_M': 94.9, 'local_M': 0.0, 'om_M': 0.0, 'dt_min': 8.1, 'trips_k': 15531, 'rank': 2, 'passed': 17, 'candidates': 534, 'account_M': 12868, 'threshold': 1.0, 'state': 0}"
1972,1973,upgrade,rail,Rozwadów,Kraśnik,main,46.8,28.1,1.53,appraisal,"{'net_M': 42.9, 'local_M': 0.0, 'om_M': 0.0, 'dt_min': 15.7, 'trips_k': 5412, 'rank': 3, 'passed': 17, 'candidates': 534, 'account_M': 12868, 'threshold': 1.0, 'state': 0}"
1972,1973,upgrade,rail,Vilkaviškis,Kybartai,main_el,20.0,10.0,1.17,appraisal,"{'net_M': 11.8, 'local_M': 0.0, 'om_M': 0.0, 'dt_min': 2.7, 'trips_k': 6226, 'rank': 4, 'passed': 17, 'candidates': 534, 'account_M': 12868, 'threshold': 1.0, 'state': 0}"
1972,1974,upgrade,rail,Mosty,Lida,main,84.2,50.5,1.17,appraisal,"{'net_M': 59.1, 'local_M': 0.0, 'om_M': 0.0, 'dt_min': 28.2, 'trips_k': 3731, 'rank': 5, 'passed': 17, 'candidates': 534, 'account_M': 12868, 'threshold': 1.0, 'state': 0}"
1972,1973,upgrade,rail,Toruń,Chełmno,main,45.4,27.2,1.17,appraisal,"{'net_M': 31.8, 'local_M': 0.0, 'om_M': 0.0, 'dt_min': 15.2, 'trips_k': 2698, 'rank': 6, 'passed': 17, 'candidates': 534, 'account_M': 12868, 'threshold': 1.0, 'state': 0}"
1972,1975,upgrade,rail,Działdowo,Königsberg,main,190.9,114.5,1.16,appraisal,"{'net_M': 132.8, 'local_M': 0.0, 'om_M': 0.0, 'dt_min': 64.0, 'trips_k': 3532, 'rank': 7, 'passed': 17, 'candidates': 534, 'account_M': 12868, 'threshold': 1.0, 'state': 0}"
1972,1973,upgrade,rail,Łuck,Dubno,main_el,53.7,26.9,1.16,appraisal,"{'net_M': 31.0, 'local_M': 0.0, 'om_M': 0.0, 'dt_min': 7.3, 'trips_k': 6965, 'rank': 8, 'passed': 17, 'candidates': 534, 'account_M': 12868, 'threshold': 1.0, 'state': 0}"
1972,1973,upgrade,rail,Zamość,Hrubieszów,main_el,53.0,26.5,1.14,appraisal,"{'net_M': 30.2, 'local_M': 0.0, 'om_M': 0.0, 'dt_min': 7.2, 'trips_k': 6501, 'rank': 9, 'passed': 17, 'candidates': 534, 'account_M': 12868, 'threshold': 1.0, 'state': 0}"
1972,1973,upgrade,rail,Stanisławów,Kołomyja,main_el,57.1,28.6,1.13,appraisal,"{'net_M': 32.2, 'local_M': 0.0, 'om_M': 0.0, 'dt_min': 7.7, 'trips_k': 6542, 'rank': 10, 'passed': 17, 'candidates': 534, 'account_M': 12868, 'threshold': 1.0, 'state': 0}"
1972,1973,upgrade,rail,Radviliškis,Šiauliai,main_el,22.5,11.3,1.11,appraisal,"{'net_M': 12.5, 'local_M': 0.0, 'om_M': 0.0, 'dt_min': 3.1, 'trips_k': 6536, 'rank': 11, 'passed': 17, 'candidates': 534, 'account_M': 12868, 'threshold': 1.0, 'state': 0}"
1972,1973,upgrade,rail,Ostrów Wielkopolski,Krotoszyn,main_el,30.0,15.0,1.06,appraisal,"{'net_M': 15.9, 'local_M': 0.0, 'om_M': 0.0, 'dt_min': 4.1, 'trips_k': 5299, 'rank': 12, 'passed': 17, 'candidates': 534, 'account_M': 12868, 'threshold': 1.0, 'state': 0}"
1972,1974,upgrade,rail,Kowel,Brześć,main_el,139.6,69.8,1.05,appraisal,"{'net_M': 73.6, 'local_M': 0.0, 'om_M': 0.0, 'dt_min': 18.9, 'trips_k': 7032, 'rank': 13, 'passed': 17, 'candidates': 534, 'account_M': 12868, 'threshold': 1.0, 'state': 0}"
1972,1973,upgrade,rail,Klaipėda,Šilutė,main,52.5,31.5,1.05,appraisal,"{'net_M': 33.1, 'local_M': 0.0, 'om_M': 0.0, 'dt_min': 17.6, 'trips_k': 2848, 'rank': 14, 'passed': 17, 'candidates': 534, 'account_M': 12868, 'threshold': 1.0, 'state': 0}"
1972,1973,upgrade,rail,Łomża,Ostrów Mazowiecka,main_el,50.3,25.2,1.03,appraisal,"{'net_M': 25.9, 'local_M': 0.0, 'om_M': 0.0, 'dt_min': 6.8, 'trips_k': 5323, 'rank': 15, 'passed': 17, 'candidates': 534, 'account_M': 12868, 'threshold': 1.0, 'state': 0}"
1972,1973,upgrade,rail,Chojnice,Nakło,main,71.7,43.0,1.0,appraisal,"{'net_M': 43.1, 'local_M': 0.0, 'om_M': 0.0, 'dt_min': 24.0, 'trips_k': 2327, 'rank': 16, 'passed': 17, 'candidates': 534, 'account_M': 12868, 'threshold': 1.0, 'state': 0}"
1972,1973,upgrade,rail,Dubno,Zdołbunów,main_el,43.1,21.5,1.0,appraisal,"{'net_M': 21.6, 'local_M': 0.0, 'om_M': 0.0, 'dt_min': 5.8, 'trips_k': 6305, 'rank': 17, 'passed': 17, 'candidates': 534, 'account_M': 12868, 'threshold': 1.0, 'state': 0}"
1972,1973,upgrade,road,Warszawa,Grójec,express,50.2,80.3,1.14,appraisal,"{'net_M': 0.0, 'local_M': np.float64(115.2), 'om_M': 20.7, 'dt_min': 12.3, 'trips_k': 0, 'rank': 1, 'passed': 5, 'candidates': 651, 'account_M': 23551, 'threshold': 1.0, 'state': 0}"
1972,1973,upgrade,road,Warszawa,Garwolin,express,67.1,107.4,1.13,appraisal,"{'net_M': 0.0, 'local_M': np.float64(152.4), 'om_M': 27.6, 'dt_min': 16.4, 'trips_k': 0, 'rank': 2, 'passed': 5, 'candidates': 651, 'account_M': 23551, 'threshold': 1.0, 'state': 0}"
1972,1973,upgrade,road,Warszawa,Tłuszcz,express,44.8,71.7,1.09,appraisal,"{'net_M': 0.0, 'local_M': np.float64(98.2), 'om_M': 18.4, 'dt_min': 10.9, 'trips_k': 0, 'rank': 3, 'passed': 5, 'candidates': 651, 'account_M': 23551, 'threshold': 1.0, 'state': 0}"
1972,1973,upgrade,road,Warszawa,Otwock,express,27.3,43.6,1.07,appraisal,"{'net_M': 0.0, 'local_M': np.float64(58.6), 'om_M': 11.2, 'dt_min': 6.7, 'trips_k': 0, 'rank': 4, 'passed': 5, 'candidates': 651, 'account_M': 23551, 'threshold': 1.0, 'state': 0}"
1972,1973,upgrade,road,Warszawa,Mińsk Mazowiecki,express,46.2,74.0,1.07,appraisal,"{'net_M': 0.0, 'local_M': np.float64(99.4), 'om_M': 19.0, 'dt_min': 11.3, 'trips_k': 0, 'rank': 5, 'passed': 5, 'candidates': 651, 'account_M': 23551, 'threshold': 1.0, 'state': 0}"
1974,1975,upgrade,rail,Grudziądz,Brodnica,main_el,57.0,28.5,3.04,appraisal,"{'net_M': 86.6, 'local_M': 0.0, 'om_M': 0.0, 'dt_min': 7.6, 'trips_k': 15748, 'rank': 1, 'passed': 5, 'candidates': 523, 'account_M': 13422, 'threshold': 1.0, 'state': 0}"
1974,1975,upgrade,rail,Kraśnik,Lublin,main_el,50.7,25.4,1.23,appraisal,"{'net_M': 31.2, 'local_M': 0.0, 'om_M': 0.0, 'dt_min': 6.8, 'trips_k': 7614, 'rank': 2, 'passed': 5, 'candidates': 523, 'account_M': 13422, 'threshold': 1.0, 'state': 0}"
1974,1976,upgrade,rail,Tauragė,Kybartai,main_el,85.3,42.6,1.18,appraisal,"{'net_M': 50.4, 'local_M': 0.0, 'om_M': 0.0, 'dt_min': 11.4, 'trips_k': 6299, 'rank': 3, 'passed': 5, 'candidates': 523, 'account_M': 13422, 'threshold': 1.0, 'state': 0}"
1974,1975,upgrade,rail,Rozwadów,Kraśnik,main_el,46.8,23.4,1.09,appraisal,"{'net_M': 25.6, 'local_M': 0.0, 'om_M': 0.0, 'dt_min': 6.3, 'trips_k': 7072, 'rank': 4, 'passed': 5, 'candidates': 523, 'account_M': 13422, 'threshold': 1.0, 'state': 0}"
1974,1975,upgrade,rail,Kobryń,Drohiczyn Poleski,main_el,62.0,45.0,1.09,appraisal,"{'net_M': 49.2, 'local_M': 0.0, 'om_M': 0.0, 'dt_min': 8.3, 'trips_k': 9100, 'rank': 5, 'passed': 5, 'candidates': 523, 'account_M': 13422, 'threshold': 1.0, 'state': 0}"
1974,1975,upgrade,road,Sosnowiec,Chorzów,express,13.1,20.9,1.62,appraisal,"{'net_M': 32.2, 'local_M': np.float64(10.5), 'om_M': 5.4, 'dt_min': 3.3, 'trips_k': 14024, 'rank': 1, 'passed': 1, 'candidates': 651, 'account_M': 24209, 'threshold': 1.0, 'state': 0}"
1976,1979,upgrade,rail,Warszawa,Skierniewice,hsr,75.9,1062.2,3.1,appraisal,"{'net_M': 3292.7, 'local_M': 0.0, 'om_M': 0.0, 'dt_min': 19.7, 'trips_k': 227155, 'rank': 1, 'passed': 14, 'candidates': 546, 'account_M': 13649, 'threshold': 1.0, 'state': 0}"
1976,1979,upgrade,rail,Koluszki,Łódź,hsr,28.6,400.6,1.87,appraisal,"{'net_M': 749.8, 'local_M': 0.0, 'om_M': 0.0, 'dt_min': 7.4, 'trips_k': 135245, 'rank': 2, 'passed': 14, 'candidates': 546, 'account_M': 13649, 'threshold': 1.0, 'state': 0}"
1976,1980,upgrade,rail,Warszawa,Radom,hsr,106.7,1494.0,1.67,appraisal,"{'net_M': 2490.0, 'local_M': 0.0, 'om_M': 0.0, 'dt_min': 27.8, 'trips_k': 189011, 'rank': 3, 'passed': 14, 'candidates': 546, 'account_M': 13649, 'threshold': 1.0, 'state': 0}"
1976,1977,upgrade,rail,Nasielsk,Pułtusk,main_el,25.2,12.6,1.55,appraisal,"{'net_M': 19.5, 'local_M': 0.0, 'om_M': 0.0, 'dt_min': 3.4, 'trips_k': 8612, 'rank': 4, 'passed': 14, 'candidates': 546, 'account_M': 13649, 'threshold': 1.0, 'state': 0}"
1976,1979,upgrade,rail,Działdowo,Königsberg,main_el,190.9,95.4,1.4,appraisal,"{'net_M': 134.0, 'local_M': 0.0, 'om_M': 0.0, 'dt_min': 25.4, 'trips_k': 7733, 'rank': 5, 'passed': 14, 'candidates': 546, 'account_M': 13649, 'threshold': 1.0, 'state': 0}"
1976,1977,upgrade,rail,Ostrołęka,Przasnysz,main,53.8,32.3,1.3,appraisal,"{'net_M': 41.9, 'local_M': 0.0, 'om_M': 0.0, 'dt_min': 17.0, 'trips_k': 5058, 'rank': 6, 'passed': 14, 'candidates': 546, 'account_M': 13649, 'threshold': 1.0, 'state': 0}"
1976,1979,upgrade,rail,Warszawa,Tłuszcz,hsr,42.2,591.2,1.24,appraisal,"{'net_M': 733.9, 'local_M': 0.0, 'om_M': 0.0, 'dt_min': 11.0, 'trips_k': 92585, 'rank': 7, 'passed': 14, 'candidates': 546, 'account_M': 13649, 'threshold': 1.0, 'state': 0}"
1976,1977,upgrade,rail,Toruń,Brodnica,main_el,69.2,34.6,1.18,appraisal,"{'net_M': 40.8, 'local_M': 0.0, 'om_M': 0.0, 'dt_min': 9.2, 'trips_k': 6239, 'rank': 8, 'passed': 14, 'candidates': 546, 'account_M': 13649, 'threshold': 1.0, 'state': 0}"
1976,1979,upgrade,rail,Warszawa,Otwock,hsr,25.7,359.9,1.13,appraisal,"{'net_M': 407.3, 'local_M': 0.0, 'om_M': 0.0, 'dt_min': 6.7, 'trips_k': 82147, 'rank': 9, 'passed': 14, 'candidates': 546, 'account_M': 13649, 'threshold': 1.0, 'state': 0}"
1976,1977,upgrade,rail,Toruń,Chełmno,main_el,45.4,22.7,1.13,appraisal,"{'net_M': 25.5, 'local_M': 0.0, 'om_M': 0.0, 'dt_min': 6.0, 'trips_k': 6198, 'rank': 10, 'passed': 14, 'candidates': 546, 'account_M': 13649, 'threshold': 1.0, 'state': 0}"
1976,1977,upgrade,rail,Dubno,Krzemieniec,main,40.9,28.2,1.12,appraisal,"{'net_M': 31.7, 'local_M': 0.0, 'om_M': 0.0, 'dt_min': 12.9, 'trips_k': 4746, 'rank': 11, 'passed': 14, 'candidates': 546, 'account_M': 13649, 'threshold': 1.0, 'state': 0}"
1976,1977,upgrade,rail,Przasnysz,Mława,main,40.1,24.1,1.08,appraisal,"{'net_M': 26.0, 'local_M': 0.0, 'om_M': 0.0, 'dt_min': 12.7, 'trips_k': 4749, 'rank': 12, 'passed': 14, 'candidates': 546, 'account_M': 13649, 'threshold': 1.0, 'state': 0}"
1976,1977,upgrade,rail,Drohiczyn Poleski,Pińsk,main_el,75.1,54.4,1.05,appraisal,"{'net_M': 57.2, 'local_M': 0.0, 'om_M': 0.0, 'dt_min': 10.0, 'trips_k': 9015, 'rank': 13, 'passed': 14, 'candidates': 546, 'account_M': 13649, 'threshold': 1.0, 'state': 0}"
1976,1977,upgrade,rail,Wołkowysk,Mosty,main_el,34.0,17.0,1.02,appraisal,"{'net_M': 17.4, 'local_M': 0.0, 'om_M': 0.0, 'dt_min': 4.5, 'trips_k': 7143, 'rank': 14, 'passed': 14, 'candidates': 546, 'account_M': 13649, 'threshold': 1.0, 'state': 0}"
1976,1977,upgrade,road,Katowice,Chorzów,express,8.1,13.0,3.83,appraisal,"{'net_M': 53.6, 'local_M': np.float64(9.2), 'om_M': 3.4, 'dt_min': 2.1, 'trips_k': 44906, 'rank': 1, 'passed': 11, 'candidates': 656, 'account_M': 24265, 'threshold': 1.0, 'state': 0}"
1976,1977,upgrade,road,Sosnowiec,Dąbrowa Górnicza,express,8.8,14.1,3.44,appraisal,"{'net_M': 57.4, 'local_M': np.float64(3.4), 'om_M': 3.6, 'dt_min': 2.2, 'trips_k': 53427, 'rank': 2, 'passed': 11, 'candidates': 656, 'account_M': 24265, 'threshold': 1.0, 'state': 0}"
1976,1977,upgrade,road,Sosnowiec,Katowice,express,8.0,12.9,2.93,appraisal,"{'net_M': 41.8, 'local_M': np.float64(5.6), 'om_M': 3.3, 'dt_min': 2.0, 'trips_k': 33609, 'rank': 3, 'passed': 11, 'candidates': 656, 'account_M': 24265, 'threshold': 1.0, 'state': 0}"
1976,1977,upgrade,road,Katowice,Mysłowice,express,10.8,17.2,1.49,appraisal,"{'net_M': 24.0, 'local_M': np.float64(8.4), 'om_M': 4.4, 'dt_min': 2.7, 'trips_k': 36320, 'rank': 4, 'passed': 11, 'candidates': 656, 'account_M': 24265, 'threshold': 1.0, 'state': 0}"
1976,1977,upgrade,road,Kielce,Końskie,express,47.3,75.7,1.48,appraisal,"{'net_M': 109.5, 'local_M': np.float64(30.9), 'om_M': 19.5, 'dt_min': 12.0, 'trips_k': 13230, 'rank': 5, 'passed': 11, 'candidates': 656, 'account_M': 24265, 'threshold': 1.0, 'state': 0}"
1976,1977,upgrade,road,Radom,Ostrowiec,express,66.9,107.1,1.47,appraisal,"{'net_M': 150.1, 'local_M': np.float64(48.3), 'om_M': 27.6, 'dt_min': 16.9, 'trips_k': 21985, 'rank': 6, 'passed': 11, 'candidates': 656, 'account_M': 24265, 'threshold': 1.0, 'state': 0}"
1976,1977,upgrade,road,Sosnowiec,Mysłowice,express,7.6,12.2,1.46,appraisal,"{'net_M': 18.2, 'local_M': np.float64(4.1), 'om_M': 3.1, 'dt_min': 1.9, 'trips_k': 32749, 'rank': 7, 'passed': 11, 'candidates': 656, 'account_M': 24265, 'threshold': 1.0, 'state': 0}"
1976,1977,upgrade,road,Koło,Łęczyca,express,50.4,80.6,1.45,appraisal,"{'net_M': 121.0, 'local_M': np.float64(25.6), 'om_M': 20.7, 'dt_min': 12.7, 'trips_k': 13150, 'rank': 8, 'passed': 11, 'candidates': 656, 'account_M': 24265, 'threshold': 1.0, 'state': 0}"
1976,1977,upgrade,road,Opoczno,Radom,express,73.7,117.9,1.11,appraisal,"{'net_M': 106.2, 'local_M': np.float64(58.1), 'om_M': 30.3, 'dt_min': 18.7, 'trips_k': 15398, 'rank': 9, 'passed': 11, 'candidates': 656, 'account_M': 24265, 'threshold': 1.0, 'state': 0}"
1976,1979,upgrade,road,Sosnowiec,Chorzów,motorway,13.1,31.4,1.09,appraisal,"{'net_M': 42.9, 'local_M': np.float64(3.0), 'om_M': 10.8, 'dt_min': 1.9, 'trips_k': 44123, 'rank': 10, 'passed': 11, 'candidates': 656, 'account_M': 24265, 'threshold': 1.0, 'state': 0}"
1976,1977,upgrade,road,Końskie,Jędrzejów,express,75.2,120.3,1.07,appraisal,"{'net_M': 86.3, 'local_M': np.float64(75.9), 'om_M': 31.0, 'dt_min': 19.0, 'trips_k': 8509, 'rank': 11, 'passed': 11, 'candidates': 656, 'account_M': 24265, 'threshold': 1.0, 'state': 0}"
1978,1979,upgrade,rail,Ostrów Wielkopolski,Kępno,main,49.4,29.7,2.19,appraisal,"{'net_M': 65.0, 'local_M': 0.0, 'om_M': 0.0, 'dt_min': 15.2, 'trips_k': 13303, 'rank': 1, 'passed': 5, 'candidates': 535, 'account_M': 11727, 'threshold': 1.0, 'state': 0}"
1978,1979,upgrade,rail,Ostrołęka,Przasnysz,main_el,53.8,26.9,1.92,appraisal,"{'net_M': 51.6, 'local_M': 0.0, 'om_M': 0.0, 'dt_min': 7.1, 'trips_k': 11317, 'rank': 2, 'passed': 5, 'candidates': 535, 'account_M': 11727, 'threshold': 1.0, 'state': 0}"
1978,1979,upgrade,rail,Przasnysz,Mława,main_el,40.1,20.1,1.82,appraisal,"{'net_M': 36.6, 'local_M': 0.0, 'om_M': 0.0, 'dt_min': 5.3, 'trips_k': 10176, 'rank': 3, 'passed': 5, 'candidates': 535, 'account_M': 11727, 'threshold': 1.0, 'state': 0}"
1978,1980,upgrade,rail,Łapy,Ostrołęka,main,101.5,60.9,1.24,appraisal,"{'net_M': 75.4, 'local_M': 0.0, 'om_M': 0.0, 'dt_min': 31.2, 'trips_k': 6459, 'rank': 4, 'passed': 5, 'candidates': 535, 'account_M': 11727, 'threshold': 1.0, 'state': 0}"
1978,1979,upgrade,rail,Wieluń,Kępno,main_el,47.1,23.5,1.11,appraisal,"{'net_M': 26.1, 'local_M': 0.0, 'om_M': 0.0, 'dt_min': 6.2, 'trips_k': 6972, 'rank': 5, 'passed': 5, 'candidates': 535, 'account_M': 11727, 'threshold': 1.0, 'state': 0}"
1978,1979,upgrade,road,Łódź,Zgierz,express,14.2,22.7,2.65,appraisal,"{'net_M': 62.6, 'local_M': np.float64(13.1), 'om_M': 5.8, 'dt_min': 3.6, 'trips_k': 44891, 'rank': 1, 'passed': 30, 'candidates': 660, 'account_M': 24255, 'threshold': 1.0, 'state': 0}"
1978,1981,upgrade,road,Warszawa,Łowicz,motorway,90.5,217.2,2.64,appraisal,"{'net_M': 700.1, 'local_M': np.float64(69.4), 'om_M': 74.5, 'dt_min': 13.4, 'trips_k': 71909, 'rank': 2, 'passed': 30, 'candidates': 660, 'account_M': 24255, 'threshold': 1.0, 'state': 0}"
1978,1979,upgrade,road,Łódź,Pabianice,express,16.4,26.3,2.4,appraisal,"{'net_M': 63.9, 'local_M': np.float64(15.5), 'om_M': 6.8, 'dt_min': 4.2, 'trips_k': 52087, 'rank': 3, 'passed': 30, 'candidates': 660, 'account_M': 24255, 'threshold': 1.0, 'state': 0}"
1978,1979,upgrade,road,Łomża,Grajewo,express,71.1,113.8,2.28,appraisal,"{'net_M': 302.1, 'local_M': np.float64(24.2), 'om_M': 29.3, 'dt_min': 18.1, 'trips_k': 28202, 'rank': 4, 'passed': 30, 'candidates': 660, 'account_M': 24255, 'threshold': 1.0, 'state': 0}"
1978,1981,upgrade,road,Warszawa,Otwock,motorway,27.3,65.5,2.18,appraisal,"{'net_M': 172.8, 'local_M': np.float64(19.2), 'om_M': 22.5, 'dt_min': 4.1, 'trips_k': 74722, 'rank': 5, 'passed': 30, 'candidates': 660, 'account_M': 24255, 'threshold': 1.0, 'state': 0}"
1978,1979,upgrade,road,Suwałki,Grajewo,express,72.1,115.4,2.18,appraisal,"{'net_M': 296.9, 'local_M': np.float64(19.7), 'om_M': 29.7, 'dt_min': 18.4, 'trips_k': 25869, 'rank': 6, 'passed': 30, 'candidates': 660, 'account_M': 24255, 'threshold': 1.0, 'state': 0}"
1978,1979,upgrade,road,Siedlce,Biała Podlaska,express,72.5,116.0,2.15,appraisal,"{'net_M': 259.6, 'local_M': np.float64(53.6), 'om_M': 29.9, 'dt_min': 18.5, 'trips_k': 36815, 'rank': 7, 'passed': 30, 'candidates': 660, 'account_M': 24255, 'threshold': 1.0, 'state': 0}"
1978,1981,upgrade,road,Sosnowiec,Dąbrowa Górnicza,motorway,8.8,21.1,2.08,appraisal,"{'net_M': 58.1, 'local_M': np.float64(1.0), 'om_M': 7.2, 'dt_min': 1.3, 'trips_k': 57474, 'rank': 8, 'passed': 30, 'candidates': 660, 'account_M': 24255, 'threshold': 1.0, 'state': 0}"
1978,1982,upgrade,road,Warszawa,Lublin,motorway,186.7,448.0,2.06,appraisal,"{'net_M': 1068.6, 'local_M': np.float64(170.1), 'om_M': 153.7, 'dt_min': 27.7, 'trips_k': 86436, 'rank': 9, 'passed': 30, 'candidates': 660, 'account_M': 24255, 'threshold': 1.0, 'state': 0}"
1978,1979,upgrade,road,Dęblin,Puławy,express,21.5,34.4,2.0,appraisal,"{'net_M': 76.6, 'local_M': np.float64(10.0), 'om_M': 8.9, 'dt_min': 5.5, 'trips_k': 102273, 'rank': 10, 'passed': 30, 'candidates': 660, 'account_M': 24255, 'threshold': 1.0, 'state': 0}"
1978,1979,upgrade,road,Przemyśl,Łańcut,express,61.4,113.0,1.94,appraisal,"{'net_M': 234.7, 'local_M': np.float64(40.9), 'om_M': 29.1, 'dt_min': 15.6, 'trips_k': 56075, 'rank': 11, 'passed': 30, 'candidates': 660, 'account_M': 24255, 'threshold': 1.0, 'state': 0}"
1978,1982,upgrade,road,Warszawa,Łódź,motorway,144.3,346.4,1.85,appraisal,"{'net_M': 717.4, 'local_M': np.float64(141.3), 'om_M': 118.9, 'dt_min': 21.4, 'trips_k': 74977, 'rank': 12, 'passed': 30, 'candidates': 660, 'account_M': 24255, 'threshold': 1.0, 'state': 0}"
1978,1981,upgrade,road,Warszawa,Garwolin,motorway,67.1,161.1,1.77,appraisal,"{'net_M': 333.7, 'local_M': np.float64(49.6), 'om_M': 55.3, 'dt_min': 10.0, 'trips_k': 73146, 'rank': 13, 'passed': 30, 'candidates': 660, 'account_M': 24255, 'threshold': 1.0, 'state': 0}"
1978,1979,upgrade,road,Augustów,Grajewo,express,49.7,79.6,1.75,appraisal,"{'net_M': 164.4, 'local_M': np.float64(10.5), 'om_M': 20.5, 'dt_min': 12.7, 'trips_k': 26172, 'rank': 14, 'passed': 30, 'candidates': 660, 'account_M': 24255, 'threshold': 1.0, 'state': 0}"
1978,1981,upgrade,road,Katowice,Chorzów,motorway,8.1,19.5,1.59,appraisal,"{'net_M': 39.0, 'local_M': np.float64(2.6), 'om_M': 6.7, 'dt_min': 1.2, 'trips_k': 42245, 'rank': 15, 'passed': 30, 'candidates': 660, 'account_M': 24255, 'threshold': 1.0, 'state': 0}"
1978,1979,upgrade,road,Chorzów,Tarnowskie Góry,express,20.5,32.8,1.52,appraisal,"{'net_M': 45.8, 'local_M': np.float64(17.1), 'om_M': 8.5, 'dt_min': 5.2, 'trips_k': 51569, 'rank': 16, 'passed': 30, 'candidates': 660, 'account_M': 24255, 'threshold': 1.0, 'state': 0}"
1978,1981,upgrade,road,Warszawa,Tłuszcz,motorway,44.8,107.5,1.49,appraisal,"{'net_M': 183.2, 'local_M': np.float64(32.0), 'om_M': 36.9, 'dt_min': 6.7, 'trips_k': 87604, 'rank': 17, 'passed': 30, 'candidates': 660, 'account_M': 24255, 'threshold': 1.0, 'state': 0}"
1978,1979,upgrade,road,Radom,Puławy,express,69.4,111.1,1.38,appraisal,"{'net_M': 154.7, 'local_M': np.float64(38.5), 'om_M': 28.6, 'dt_min': 17.7, 'trips_k': 38090, 'rank': 18, 'passed': 30, 'candidates': 660, 'account_M': 24255, 'threshold': 1.0, 'state': 0}"
1978,1981,upgrade,road,Sosnowiec,Katowice,motorway,8.0,19.3,1.36,appraisal,"{'net_M': 33.6, 'local_M': np.float64(1.6), 'om_M': 6.6, 'dt_min': 1.2, 'trips_k': 35969, 'rank': 19, 'passed': 30, 'candidates': 660, 'account_M': 24255, 'threshold': 1.0, 'state': 0}"
1978,1979,upgrade,road,Sieradz,Zduńska Wola,express,17.7,28.3,1.32,appraisal,"{'net_M': 37.8, 'local_M': np.float64(9.0), 'om_M': 7.3, 'dt_min': 4.5, 'trips_k': 34463, 'rank': 20, 'passed': 30, 'candidates': 660, 'account_M': 24255, 'threshold': 1.0, 'state': 0}"
1978,1979,upgrade,road,Kępno,Lubliniec,express,102.1,163.3,1.3,appraisal,"{'net_M': 237.0, 'local_M': np.float64(29.3), 'om_M': 42.0, 'dt_min': 26.0, 'trips_k': 16792, 'rank': 21, 'passed': 30, 'candidates': 660, 'account_M': 24255, 'threshold': 1.0, 'state': 0}"
1978,1979,upgrade,road,Częstochowa,Tarnowskie Góry,express,55.0,87.9,1.3,appraisal,"{'net_M': 101.6, 'local_M': np.float64(41.6), 'om_M': 22.6, 'dt_min': 14.0, 'trips_k': 15575, 'rank': 22, 'passed': 30, 'candidates': 660, 'account_M': 24255, 'threshold': 1.0, 'state': 0}"
1978,1979,upgrade,road,Kalisz,Jarocin,express,57.0,91.3,1.24,appraisal,"{'net_M': 110.1, 'local_M': np.float64(31.6), 'om_M': 23.5, 'dt_min': 14.5, 'trips_k': 14002, 'rank': 23, 'passed': 30, 'candidates': 660, 'account_M': 24255, 'threshold': 1.0, 'state': 0}"
1978,1979,upgrade,road,Jarosław,Gródek Jagielloński,express,90.8,145.3,1.22,appraisal,"{'net_M': 150.9, 'local_M': np.float64(71.7), 'om_M': 37.4, 'dt_min': 23.1, 'trips_k': 33258, 'rank': 24, 'passed': 30, 'candidates': 660, 'account_M': 24255, 'threshold': 1.0, 'state': 0}"
1978,1981,upgrade,road,Katowice,Mysłowice,motorway,10.8,25.8,1.2,appraisal,"{'net_M': 39.2, 'local_M': np.float64(2.4), 'om_M': 8.9, 'dt_min': 1.6, 'trips_k': 33090, 'rank': 25, 'passed': 30, 'candidates': 660, 'account_M': 24255, 'threshold': 1.0, 'state': 0}"
1978,1981,upgrade,road,Warszawa,Skierniewice,motorway,80.5,193.2,1.2,appraisal,"{'net_M': 249.1, 'local_M': np.float64(61.6), 'om_M': 66.3, 'dt_min': 12.0, 'trips_k': 161772, 'rank': 26, 'passed': 30, 'candidates': 660, 'account_M': 24255, 'threshold': 1.0, 'state': 0}"
1978,1979,upgrade,road,Ostrów Wielkopolski,Kępno,express,52.4,83.9,1.11,appraisal,"{'net_M': 99.3, 'local_M': np.float64(17.8), 'om_M': 21.6, 'dt_min': 13.3, 'trips_k': 13877, 'rank': 27, 'passed': 30, 'candidates': 660, 'account_M': 24255, 'threshold': 1.0, 'state': 0}"
1978,1979,upgrade,road,Kutno,Zgierz,express,50.4,80.6,1.08,appraisal,"{'net_M': 92.2, 'local_M': np.float64(16.9), 'om_M': 20.7, 'dt_min': 12.8, 'trips_k': 23601, 'rank': 28, 'passed': 30, 'candidates': 660, 'account_M': 24255, 'threshold': 1.0, 'state': 0}"
1978,1979,upgrade,road,Wilno,Landwarów,express,16.3,30.0,1.07,appraisal,"{'net_M': 31.9, 'local_M': np.float64(8.3), 'om_M': 7.7, 'dt_min': 4.1, 'trips_k': 28968, 'rank': 29, 'passed': 30, 'candidates': 660, 'account_M': 24255, 'threshold': 1.0, 'state': 0}"
1978,1979,upgrade,road,Zawiercie,Chrzanów,express,47.5,76.0,1.07,appraisal,"{'net_M': 71.2, 'local_M': np.float64(30.6), 'om_M': 19.6, 'dt_min': 12.1, 'trips_k': 10108, 'rank': 30, 'passed': 30, 'candidates': 660, 'account_M': 24255, 'threshold': 1.0, 'state': 0}"
1980,1981,upgrade,rail,Ostrów Wielkopolski,Kępno,main_el,49.4,24.7,1.64,appraisal,"{'net_M': 40.5, 'local_M': 0.0, 'om_M': 0.0, 'dt_min': 6.5, 'trips_k': 21715, 'rank': 1, 'passed': 5, 'candidates': 531, 'account_M': 14101, 'threshold': 1.0, 'state': 0}"
1980,1982,upgrade,rail,Łapy,Ostrołęka,main_el,101.5,50.8,1.52,appraisal,"{'net_M': 77.2, 'local_M': 0.0, 'om_M': 0.0, 'dt_min': 13.3, 'trips_k': 9532, 'rank': 2, 'passed': 5, 'candidates': 531, 'account_M': 14101, 'threshold': 1.0, 'state': 0}"
1980,1981,upgrade,rail,Kėdainiai,Panevėžys,main_el,63.0,31.5,1.15,appraisal,"{'net_M': 36.1, 'local_M': 0.0, 'om_M': 0.0, 'dt_min': 8.2, 'trips_k': 6166, 'rank': 3, 'passed': 5, 'candidates': 531, 'account_M': 14101, 'threshold': 1.0, 'state': 0}"
1980,1982,upgrade,rail,Wołkowysk,Baranowicze,main_el,119.7,59.8,1.04,appraisal,"{'net_M': 62.0, 'local_M': 0.0, 'om_M': 0.0, 'dt_min': 15.6, 'trips_k': 5608, 'rank': 4, 'passed': 5, 'candidates': 531, 'account_M': 14101, 'threshold': 1.0, 'state': 0}"
1980,1981,upgrade,rail,Hrubieszów,Włodzimierz Wołyński,main_el,35.1,17.6,1.03,appraisal,"{'net_M': 18.1, 'local_M': 0.0, 'om_M': 0.0, 'dt_min': 4.6, 'trips_k': 5838, 'rank': 5, 'passed': 5, 'candidates': 531, 'account_M': 14101, 'threshold': 1.0, 'state': 0}"
1980,1983,upgrade,road,Radom,Puławy,motorway,69.4,166.6,2.71,appraisal,"{'net_M': 597.8, 'local_M': np.float64(8.2), 'om_M': 57.2, 'dt_min': 7.3, 'trips_k': 112790, 'rank': 1, 'passed': 12, 'candidates': 649, 'account_M': 25459, 'threshold': 1.0, 'state': 0}"
1980,1983,upgrade,road,Dęblin,Puławy,motorway,21.5,51.7,2.13,appraisal,"{'net_M': 145.7, 'local_M': np.float64(2.1), 'om_M': 17.7, 'dt_min': 2.3, 'trips_k': 92061, 'rank': 2, 'passed': 12, 'candidates': 649, 'account_M': 25459, 'threshold': 1.0, 'state': 0}"
1980,1983,upgrade,road,Chorzów,Tarnowskie Góry,motorway,20.5,49.3,1.72,appraisal,"{'net_M': 109.9, 'local_M': np.float64(3.7), 'om_M': 16.9, 'dt_min': 2.1, 'trips_k': 69140, 'rank': 3, 'passed': 12, 'candidates': 649, 'account_M': 25459, 'threshold': 1.0, 'state': 0}"
1980,1983,upgrade,road,Łódź,Pabianice,motorway,16.4,39.4,1.59,appraisal,"{'net_M': 80.6, 'local_M': np.float64(3.3), 'om_M': 13.5, 'dt_min': 1.7, 'trips_k': 60137, 'rank': 4, 'passed': 12, 'candidates': 649, 'account_M': 25459, 'threshold': 1.0, 'state': 0}"
1980,1983,upgrade,road,Przemyśl,Łańcut,motorway,61.4,169.5,1.28,appraisal,"{'net_M': 282.1, 'local_M': np.float64(8.6), 'om_M': 58.2, 'dt_min': 6.4, 'trips_k': 63960, 'rank': 5, 'passed': 12, 'candidates': 649, 'account_M': 25459, 'threshold': 1.0, 'state': 0}"
1980,1981,upgrade,road,Rzeszów,Łańcut,express,20.4,32.7,1.19,appraisal,"{'net_M': 41.6, 'local_M': np.float64(7.1), 'om_M': 8.4, 'dt_min': 4.3, 'trips_k': 41908, 'rank': 6, 'passed': 12, 'candidates': 649, 'account_M': 25459, 'threshold': 1.0, 'state': 0}"
1980,1983,upgrade,road,Łódź,Zgierz,motorway,14.2,34.1,1.16,appraisal,"{'net_M': 50.3, 'local_M': np.float64(2.8), 'om_M': 11.7, 'dt_min': 1.5, 'trips_k': 44922, 'rank': 7, 'passed': 12, 'candidates': 649, 'account_M': 25459, 'threshold': 1.0, 'state': 0}"
1980,1983,upgrade,road,Siedlce,Biała Podlaska,motorway,72.5,174.1,1.12,appraisal,"{'net_M': 249.4, 'local_M': np.float64(11.3), 'om_M': 59.7, 'dt_min': 7.6, 'trips_k': 44858, 'rank': 8, 'passed': 12, 'candidates': 649, 'account_M': 25459, 'threshold': 1.0, 'state': 0}"
1980,1983,upgrade,road,Radom,Ostrowiec,motorway,66.9,160.7,1.07,appraisal,"{'net_M': 221.3, 'local_M': np.float64(10.7), 'om_M': 55.1, 'dt_min': 7.0, 'trips_k': 41195, 'rank': 9, 'passed': 12, 'candidates': 649, 'account_M': 25459, 'threshold': 1.0, 'state': 0}"
1980,1983,upgrade,road,Łomża,Grajewo,motorway,71.1,170.7,1.05,appraisal,"{'net_M': 236.3, 'local_M': np.float64(5.1), 'om_M': 58.6, 'dt_min': 7.4, 'trips_k': 41996, 'rank': 10, 'passed': 12, 'candidates': 649, 'account_M': 25459, 'threshold': 1.0, 'state': 0}"
1980,1981,upgrade,road,Łowicz,Skierniewice,express,26.9,43.0,1.04,appraisal,"{'net_M': 43.5, 'local_M': np.float64(12.5), 'om_M': 11.1, 'dt_min': 5.6, 'trips_k': 83183, 'rank': 11, 'passed': 12, 'candidates': 649, 'account_M': 25459, 'threshold': 1.0, 'state': 0}"
1980,1983,upgrade,road,Warszawa,Mińsk Mazowiecki,motorway,46.2,110.9,1.02,appraisal,"{'net_M': 125.8, 'local_M': np.float64(25.7), 'om_M': 38.1, 'dt_min': 4.8, 'trips_k': 53422, 'rank': 12, 'passed': 12, 'candidates': 649, 'account_M': 25459, 'threshold': 1.0, 'state': 0}"
1982,1983,upgrade,rail,Wadowice,Kraków,main_el,43.6,25.1,1.12,appraisal,"{'net_M': 28.1, 'local_M': 0.0, 'om_M': 0.0, 'dt_min': 5.6, 'trips_k': 6370, 'rank': 1, 'passed': 3, 'candidates': 523, 'account_M': 16807, 'threshold': 1.0, 'state': 0}"
1982,1984,upgrade,rail,Mosty,Lida,main_el,84.2,42.1,1.06,appraisal,"{'net_M': 44.6, 'local_M': 0.0, 'om_M': 0.0, 'dt_min': 10.9, 'trips_k': 5836, 'rank': 2, 'passed': 3, 'candidates': 523, 'account_M': 16807, 'threshold': 1.0, 'state': 0}"
1982,1983,upgrade,rail,Dubno,Krzemieniec,main_el,40.9,23.5,1.03,appraisal,"{'net_M': 24.3, 'local_M': 0.0, 'om_M': 0.0, 'dt_min': 5.3, 'trips_k': 6664, 'rank': 3, 'passed': 3, 'candidates': 523, 'account_M': 16807, 'threshold': 1.0, 'state': 0}"
1982,1985,upgrade,road,Łowicz,Skierniewice,motorway,26.9,64.5,2.51,appraisal,"{'net_M': 214.2, 'local_M': np.float64(3.3), 'om_M': 22.1, 'dt_min': 2.8, 'trips_k': 88678, 'rank': 1, 'passed': 4, 'candidates': 639, 'account_M': 29176, 'threshold': 1.0, 'state': 0}"
1982,1985,upgrade,road,Rzeszów,Łańcut,motorway,20.4,49.1,1.17,appraisal,"{'net_M': 75.1, 'local_M': np.float64(1.9), 'om_M': 16.8, 'dt_min': 2.1, 'trips_k': 44305, 'rank': 2, 'passed': 4, 'candidates': 639, 'account_M': 29176, 'threshold': 1.0, 'state': 0}"
1982,1985,upgrade,road,Suwałki,Grajewo,motorway,72.1,173.1,1.12,appraisal,"{'net_M': 254.8, 'local_M': np.float64(4.8), 'om_M': 59.4, 'dt_min': 7.4, 'trips_k': 40777, 'rank': 3, 'passed': 4, 'candidates': 639, 'account_M': 29176, 'threshold': 1.0, 'state': 0}"
1982,1983,upgrade,road,Chełm,Hrubieszów,express,57.4,91.8,1.06,appraisal,"{'net_M': 90.6, 'local_M': np.float64(31.5), 'om_M': 23.6, 'dt_min': 11.9, 'trips_k': 10819, 'rank': 4, 'passed': 4, 'candidates': 639, 'account_M': 29176, 'threshold': 1.0, 'state': 0}"
1984,1985,upgrade,rail,Tarnopol,Trembowla,main_el,33.5,16.7,1.09,appraisal,"{'net_M': 18.3, 'local_M': 0.0, 'om_M': 0.0, 'dt_min': 4.3, 'trips_k': 5613, 'rank': 1, 'passed': 2, 'candidates': 526, 'account_M': 18379, 'threshold': 1.0, 'state': 0}"
1984,1985,upgrade,rail,Krotoszyn,Leszno,main,71.1,42.7,1.03,appraisal,"{'net_M': 43.9, 'local_M': 0.0, 'om_M': 0.0, 'dt_min': 20.1, 'trips_k': 2943, 'rank': 2, 'passed': 2, 'candidates': 526, 'account_M': 18379, 'threshold': 1.0, 'state': 0}"
1984,1985,upgrade,road,Sosnowiec,Będzin,express,6.0,9.6,1.03,appraisal,"{'net_M': 9.5, 'local_M': np.float64(2.9), 'om_M': 2.5, 'dt_min': 1.2, 'trips_k': 8786, 'rank': 1, 'passed': 2, 'candidates': 633, 'account_M': 30851, 'threshold': 1.0, 'state': 0}"
1984,1985,upgrade,road,Jędrzejów,Bochnia,express,91.6,146.5,1.02,appraisal,"{'net_M': 84.0, 'local_M': np.float64(103.9), 'om_M': 37.7, 'dt_min': 18.6, 'trips_k': 7583, 'rank': 2, 'passed': 2, 'candidates': 633, 'account_M': 30851, 'threshold': 1.0, 'state': 0}"
1986,1988,upgrade,rail,Wilno,Lida,main,102.3,70.6,1.09,appraisal,"{'net_M': 77.1, 'local_M': 0.0, 'om_M': 0.0, 'dt_min': 28.2, 'trips_k': 5085, 'rank': 1, 'passed': 3, 'candidates': 526, 'account_M': 19090, 'threshold': 1.0, 'state': 0}"
1986,1988,upgrade,rail,Wilno,Święciany,main_el,86.6,49.8,1.06,appraisal,"{'net_M': 53.0, 'local_M': 0.0, 'om_M': 0.0, 'dt_min': 11.0, 'trips_k': 6463, 'rank': 2, 'passed': 3, 'candidates': 526, 'account_M': 19090, 'threshold': 1.0, 'state': 0}"
1986,1987,upgrade,rail,Września,Jarocin,main,46.4,27.8,1.01,appraisal,"{'net_M': 28.2, 'local_M': 0.0, 'om_M': 0.0, 'dt_min': 12.8, 'trips_k': 4750, 'rank': 3, 'passed': 3, 'candidates': 526, 'account_M': 19090, 'threshold': 1.0, 'state': 0}"
1986,1987,upgrade,road,Ostróg,Kyiv via Shepetivka,paved,51.1,10.2,1.03,appraisal,"{'net_M': 0.2, 'local_M': np.float64(10.2), 'om_M': 0.0, 'dt_min': 12.6, 'trips_k': 78, 'rank': 1, 'passed': 1, 'candidates': 633, 'account_M': 31591, 'threshold': 1.0, 'state': 0}"
1988,1989,upgrade,rail,Września,Jarocin,main_el,46.4,23.2,1.37,appraisal,"{'net_M': 31.8, 'local_M': 0.0, 'om_M': 0.0, 'dt_min': 5.8, 'trips_k': 6597, 'rank': 1, 'passed': 12, 'candidates': 528, 'account_M': 20628, 'threshold': 1.0, 'state': 0}"
1988,1989,upgrade,rail,Równe,Kostopol,main,37.0,22.2,1.1,appraisal,"{'net_M': 24.5, 'local_M': 0.0, 'om_M': 0.0, 'dt_min': 9.9, 'trips_k': 6301, 'rank': 2, 'passed': 12, 'candidates': 528, 'account_M': 20628, 'threshold': 1.0, 'state': 0}"
1988,1989,upgrade,rail,Pagėgiai,Tauragė,main_el,31.1,15.5,1.09,appraisal,"{'net_M': 16.9, 'local_M': 0.0, 'om_M': 0.0, 'dt_min': 3.9, 'trips_k': 5801, 'rank': 3, 'passed': 12, 'candidates': 528, 'account_M': 20628, 'threshold': 1.0, 'state': 0}"
1988,1989,upgrade,rail,Słonim,Wołkowysk,main_el,67.2,33.6,1.09,appraisal,"{'net_M': 36.5, 'local_M': 0.0, 'om_M': 0.0, 'dt_min': 8.4, 'trips_k': 6184, 'rank': 4, 'passed': 12, 'candidates': 528, 'account_M': 20628, 'threshold': 1.0, 'state': 0}"
1988,1989,upgrade,rail,Kobryń,Prużana,main,45.4,33.4,1.08,appraisal,"{'net_M': 36.2, 'local_M': 0.0, 'om_M': 0.0, 'dt_min': 12.2, 'trips_k': 6788, 'rank': 5, 'passed': 12, 'candidates': 528, 'account_M': 20628, 'threshold': 1.0, 'state': 0}"
1988,1989,upgrade,rail,Włodzimierz Wołyński,Kowel,main,55.7,33.4,1.08,appraisal,"{'net_M': 36.2, 'local_M': 0.0, 'om_M': 0.0, 'dt_min': 15.0, 'trips_k': 5543, 'rank': 6, 'passed': 12, 'candidates': 528, 'account_M': 20628, 'threshold': 1.0, 'state': 0}"
1988,1990,upgrade,rail,Wilno,Lida,main_el,102.3,58.8,1.08,appraisal,"{'net_M': 63.5, 'local_M': 0.0, 'om_M': 0.0, 'dt_min': 12.9, 'trips_k': 6413, 'rank': 7, 'passed': 12, 'candidates': 528, 'account_M': 20628, 'threshold': 1.0, 'state': 0}"
1988,1989,upgrade,rail,Tomaszów Mazowiecki,Piotrków,main_el,29.1,14.5,1.07,appraisal,"{'net_M': 15.5, 'local_M': 0.0, 'om_M': 0.0, 'dt_min': 3.7, 'trips_k': 5991, 'rank': 8, 'passed': 12, 'candidates': 528, 'account_M': 20628, 'threshold': 1.0, 'state': 0}"
1988,1989,upgrade,rail,Sokal,Włodzimierz Wołyński,main,47.4,28.5,1.06,appraisal,"{'net_M': 30.2, 'local_M': 0.0, 'om_M': 0.0, 'dt_min': 12.7, 'trips_k': 5487, 'rank': 9, 'passed': 12, 'candidates': 528, 'account_M': 20628, 'threshold': 1.0, 'state': 0}"
1988,1989,upgrade,rail,Nowy Sącz,Bochnia,main_el,49.6,39.7,1.05,appraisal,"{'net_M': 41.8, 'local_M': 0.0, 'om_M': 0.0, 'dt_min': 6.2, 'trips_k': 7341, 'rank': 10, 'passed': 12, 'candidates': 528, 'account_M': 20628, 'threshold': 1.0, 'state': 0}"
1988,1989,upgrade,rail,Kępno,Breslau,main_el,79.9,40.0,1.04,appraisal,"{'net_M': 41.4, 'local_M': 0.0, 'om_M': 0.0, 'dt_min': 10.0, 'trips_k': 6786, 'rank': 11, 'passed': 12, 'candidates': 528, 'account_M': 20628, 'threshold': 1.0, 'state': 0}"
1988,1990,upgrade,rail,Lida,Baranowicze,main,111.2,66.7,1.03,appraisal,"{'net_M': 69.0, 'local_M': 0.0, 'om_M': 0.0, 'dt_min': 29.9, 'trips_k': 4218, 'rank': 12, 'passed': 12, 'candidates': 528, 'account_M': 20628, 'threshold': 1.0, 'state': 0}"
1988,1989,upgrade,road,Tczew,Gdańsk (Free City),paved,36.7,7.3,1.06,appraisal,"{'net_M': 0.0, 'local_M': np.float64(7.8), 'om_M': 0.0, 'dt_min': 9.1, 'trips_k': 0, 'rank': 1, 'passed': 7, 'candidates': 633, 'account_M': 33657, 'threshold': 1.0, 'state': 0}"
1988,1990,upgrade,road,Grajewo,Insterburg,paved,142.3,28.5,1.04,appraisal,"{'net_M': 2.5, 'local_M': np.float64(27.1), 'om_M': 0.0, 'dt_min': 35.4, 'trips_k': 269, 'rank': 2, 'passed': 7, 'candidates': 633, 'account_M': 33657, 'threshold': 1.0, 'state': 0}"
1988,1989,upgrade,road,Wieluń,Częstochowa,express,72.8,116.4,1.03,appraisal,"{'net_M': 75.6, 'local_M': np.float64(75.9), 'om_M': 30.0, 'dt_min': 14.4, 'trips_k': 7178, 'rank': 3, 'passed': 7, 'candidates': 633, 'account_M': 33657, 'threshold': 1.0, 'state': 0}"
1988,1989,upgrade,road,Kielce,Ostrowiec,express,65.5,104.8,1.02,appraisal,"{'net_M': 75.5, 'local_M': np.float64(58.8), 'om_M': 27.0, 'dt_min': 12.9, 'trips_k': 6928, 'rank': 4, 'passed': 7, 'candidates': 633, 'account_M': 33657, 'threshold': 1.0, 'state': 0}"
1988,1989,upgrade,road,Pagėgiai,Tilsit,paved,8.5,1.7,1.01,appraisal,"{'net_M': 0.5, 'local_M': np.float64(1.2), 'om_M': 0.0, 'dt_min': 2.1, 'trips_k': 481, 'rank': 5, 'passed': 7, 'candidates': 633, 'account_M': 33657, 'threshold': 1.0, 'state': 0}"
1988,1989,upgrade,road,Gdynia,Gdańsk (Free City),paved,24.9,5.0,1.0,appraisal,"{'net_M': 0.0, 'local_M': np.float64(5.0), 'om_M': 0.0, 'dt_min': 6.2, 'trips_k': 0, 'rank': 6, 'passed': 7, 'candidates': 633, 'account_M': 33657, 'threshold': 1.0, 'state': 0}"
1988,1989,upgrade,road,Lublin,Włodawa,express,92.4,147.8,1.0,appraisal,"{'net_M': 88.0, 'local_M': np.float64(98.8), 'om_M': 38.0, 'dt_min': 18.2, 'trips_k': 9294, 'rank': 7, 'passed': 7, 'candidates': 633, 'account_M': 33657, 'threshold': 1.0, 'state': 0}"
1990,1991,upgrade,rail,Sokal,Włodzimierz Wołyński,main_el,47.4,23.7,1.58,appraisal,"{'net_M': 37.5, 'local_M': 0.0, 'om_M': 0.0, 'dt_min': 5.8, 'trips_k': 7755, 'rank': 1, 'passed': 9, 'candidates': 523, 'account_M': 22379, 'threshold': 1.0, 'state': 0}"
1990,1991,upgrade,rail,Włodzimierz Wołyński,Kowel,main_el,55.7,27.9,1.55,appraisal,"{'net_M': 43.1, 'local_M': 0.0, 'om_M': 0.0, 'dt_min': 6.9, 'trips_k': 7657, 'rank': 2, 'passed': 9, 'candidates': 523, 'account_M': 22379, 'threshold': 1.0, 'state': 0}"
1990,1991,upgrade,rail,Równe,Kostopol,main_el,37.0,18.5,1.27,appraisal,"{'net_M': 23.5, 'local_M': 0.0, 'om_M': 0.0, 'dt_min': 4.6, 'trips_k': 6444, 'rank': 3, 'passed': 9, 'candidates': 523, 'account_M': 22379, 'threshold': 1.0, 'state': 0}"
1990,1992,upgrade,rail,Lida,Baranowicze,main_el,111.2,55.6,1.16,appraisal,"{'net_M': 64.6, 'local_M': 0.0, 'om_M': 0.0, 'dt_min': 13.7, 'trips_k': 5986, 'rank': 4, 'passed': 9, 'candidates': 523, 'account_M': 22379, 'threshold': 1.0, 'state': 0}"
1990,1991,upgrade,rail,Šilutė,Pagėgiai,main_el,41.3,20.6,1.11,appraisal,"{'net_M': 22.9, 'local_M': 0.0, 'om_M': 0.0, 'dt_min': 5.1, 'trips_k': 4815, 'rank': 5, 'passed': 9, 'candidates': 523, 'account_M': 22379, 'threshold': 1.0, 'state': 0}"
1990,1991,upgrade,rail,Kobryń,Prużana,main_el,45.4,27.8,1.1,appraisal,"{'net_M': 30.5, 'local_M': 0.0, 'om_M': 0.0, 'dt_min': 5.6, 'trips_k': 6990, 'rank': 6, 'passed': 9, 'candidates': 523, 'account_M': 22379, 'threshold': 1.0, 'state': 0}"
1990,1993,upgrade,rail,Lwów,Żółkiew,hsr,28.6,459.9,1.07,appraisal,"{'net_M': 490.8, 'local_M': 0.0, 'om_M': 0.0, 'dt_min': 6.3, 'trips_k': 80868, 'rank': 7, 'passed': 9, 'candidates': 523, 'account_M': 22379, 'threshold': 1.0, 'state': 0}"
1990,1992,upgrade,rail,Tłuszcz,Ostrołęka,main,85.0,51.0,1.05,appraisal,"{'net_M': 53.4, 'local_M': 0.0, 'om_M': 0.0, 'dt_min': 22.1, 'trips_k': 3797, 'rank': 8, 'passed': 9, 'candidates': 523, 'account_M': 22379, 'threshold': 1.0, 'state': 0}"
1990,1991,upgrade,rail,Rawa Ruska,Sokal,main_el,62.6,31.3,1.04,appraisal,"{'net_M': 32.6, 'local_M': 0.0, 'om_M': 0.0, 'dt_min': 7.7, 'trips_k': 5532, 'rank': 9, 'passed': 9, 'candidates': 523, 'account_M': 22379, 'threshold': 1.0, 'state': 0}"
1990,1991,upgrade,road,Śniatyn,Chernivtsi,paved,39.1,7.8,1.07,appraisal,"{'net_M': 0.0, 'local_M': np.float64(8.4), 'om_M': 0.0, 'dt_min': 9.7, 'trips_k': 0, 'rank': 1, 'passed': 8, 'candidates': 633, 'account_M': 36001, 'threshold': 1.0, 'state': 0}"
1990,1993,upgrade,road,Sieradz,Zduńska Wola,motorway,17.7,42.5,1.04,appraisal,"{'net_M': 56.4, 'local_M': np.float64(2.7), 'om_M': 14.6, 'dt_min': 1.7, 'trips_k': 33142, 'rank': 2, 'passed': 8, 'candidates': 633, 'account_M': 36001, 'threshold': 1.0, 'state': 0}"
1990,1991,upgrade,road,Włocławek,Inowrocław,express,69.6,111.3,1.03,appraisal,"{'net_M': 79.6, 'local_M': np.float64(64.4), 'om_M': 28.7, 'dt_min': 13.5, 'trips_k': 7477, 'rank': 3, 'passed': 8, 'candidates': 633, 'account_M': 36001, 'threshold': 1.0, 'state': 0}"
1990,1991,upgrade,road,Płock,Łowicz,express,62.9,100.7,1.02,appraisal,"{'net_M': 82.4, 'local_M': np.float64(46.2), 'om_M': 25.9, 'dt_min': 12.2, 'trips_k': 9143, 'rank': 4, 'passed': 8, 'candidates': 633, 'account_M': 36001, 'threshold': 1.0, 'state': 0}"
1990,1991,upgrade,road,Dąbrowa Górnicza,Będzin,express,5.4,8.6,1.01,appraisal,"{'net_M': 8.5, 'local_M': np.float64(2.5), 'om_M': 2.2, 'dt_min': 1.0, 'trips_k': 8162, 'rank': 5, 'passed': 8, 'candidates': 633, 'account_M': 36001, 'threshold': 1.0, 'state': 0}"
1990,1992,upgrade,road,Tczew,Brodnica,express,123.1,197.0,1.01,appraisal,"{'net_M': 167.7, 'local_M': np.float64(81.6), 'om_M': 50.7, 'dt_min': 23.9, 'trips_k': 10447, 'rank': 6, 'passed': 8, 'candidates': 633, 'account_M': 36001, 'threshold': 1.0, 'state': 0}"
1990,1993,upgrade,road,Wilno,Landwarów,motorway,16.3,45.0,1.01,appraisal,"{'net_M': 58.0, 'local_M': np.float64(2.7), 'om_M': 15.4, 'dt_min': 1.6, 'trips_k': 39329, 'rank': 7, 'passed': 8, 'candidates': 633, 'account_M': 36001, 'threshold': 1.0, 'state': 0}"
1990,1991,upgrade,road,Jędrzejów,Tarnów,express,104.3,166.9,1.0,appraisal,"{'net_M': 64.3, 'local_M': np.float64(145.7), 'om_M': 42.9, 'dt_min': 20.3, 'trips_k': 8777, 'rank': 8, 'passed': 8, 'candidates': 633, 'account_M': 36001, 'threshold': 1.0, 'state': 0}"
1992,1995,upgrade,rail,Puławy,Lublin,hsr,52.6,736.9,2.29,appraisal,"{'net_M': 1688.7, 'local_M': 0.0, 'om_M': 0.0, 'dt_min': 11.6, 'trips_k': 162932, 'rank': 1, 'passed': 9, 'candidates': 520, 'account_M': 24793, 'threshold': 1.0, 'state': 0}"
1992,1995,upgrade,rail,Lublin,Krasnystaw,hsr,59.3,829.6,1.35,appraisal,"{'net_M': 1118.5, 'local_M': 0.0, 'om_M': 0.0, 'dt_min': 13.0, 'trips_k': 107662, 'rank': 2, 'passed': 9, 'candidates': 520, 'account_M': 24793, 'threshold': 1.0, 'state': 0}"
1992,1994,upgrade,rail,Tłuszcz,Ostrołęka,main_el,85.0,42.5,1.1,appraisal,"{'net_M': 46.6, 'local_M': 0.0, 'om_M': 0.0, 'dt_min': 10.5, 'trips_k': 4278, 'rank': 3, 'passed': 9, 'candidates': 520, 'account_M': 24793, 'threshold': 1.0, 'state': 0}"
1992,1995,upgrade,rail,Kraków,Chrzanów,hsr,45.5,636.4,1.07,appraisal,"{'net_M': 683.4, 'local_M': 0.0, 'om_M': 0.0, 'dt_min': 10.0, 'trips_k': 69057, 'rank': 4, 'passed': 9, 'candidates': 520, 'account_M': 24793, 'threshold': 1.0, 'state': 0}"
1992,1993,upgrade,rail,Chojnice,Nakło,main_el,71.7,35.8,1.05,appraisal,"{'net_M': 37.5, 'local_M': 0.0, 'om_M': 0.0, 'dt_min': 8.8, 'trips_k': 3786, 'rank': 5, 'passed': 9, 'candidates': 520, 'account_M': 24793, 'threshold': 1.0, 'state': 0}"
1992,1993,upgrade,rail,Jonava,Kėdainiai,main_el,35.1,17.6,1.05,appraisal,"{'net_M': 18.4, 'local_M': 0.0, 'om_M': 0.0, 'dt_min': 4.3, 'trips_k': 4701, 'rank': 6, 'passed': 9, 'candidates': 520, 'account_M': 24793, 'threshold': 1.0, 'state': 0}"
1992,1993,upgrade,rail,Chrzanów,Oświęcim,main_el,18.9,9.5,1.02,appraisal,"{'net_M': 9.7, 'local_M': 0.0, 'om_M': 0.0, 'dt_min': 2.3, 'trips_k': 4081, 'rank': 7, 'passed': 9, 'candidates': 520, 'account_M': 24793, 'threshold': 1.0, 'state': 0}"
1992,1993,upgrade,rail,Krotoszyn,Leszno,main_el,71.1,35.6,1.02,appraisal,"{'net_M': 36.4, 'local_M': 0.0, 'om_M': 0.0, 'dt_min': 8.8, 'trips_k': 3663, 'rank': 8, 'passed': 9, 'candidates': 520, 'account_M': 24793, 'threshold': 1.0, 'state': 0}"
1992,1993,upgrade,rail,Poznań,Szamotuły,main_el,37.4,18.7,1.0,appraisal,"{'net_M': 18.7, 'local_M': 0.0, 'om_M': 0.0, 'dt_min': 4.6, 'trips_k': 4250, 'rank': 9, 'passed': 9, 'candidates': 520, 'account_M': 24793, 'threshold': 1.0, 'state': 0}"
1992,1993,upgrade,road,Żółkiew,Sokal,express,63.0,100.8,1.2,appraisal,"{'net_M': 115.1, 'local_M': np.float64(36.5), 'om_M': 25.9, 'dt_min': 12.1, 'trips_k': 21785, 'rank': 1, 'passed': 8, 'candidates': 633, 'account_M': 39327, 'threshold': 1.0, 'state': 0}"
1992,1993,upgrade,road,Suwałki,Kybartai,express,74.5,119.2,1.08,appraisal,"{'net_M': 137.2, 'local_M': np.float64(25.1), 'om_M': 30.7, 'dt_min': 14.3, 'trips_k': 10532, 'rank': 2, 'passed': 8, 'candidates': 633, 'account_M': 39327, 'threshold': 1.0, 'state': 0}"
1992,1993,upgrade,road,Stryj,Kałusz,express,55.0,88.0,1.07,appraisal,"{'net_M': 88.7, 'local_M': np.float64(29.2), 'om_M': 22.6, 'dt_min': 10.5, 'trips_k': 13241, 'rank': 3, 'passed': 8, 'candidates': 633, 'account_M': 39327, 'threshold': 1.0, 'state': 0}"
1992,1993,upgrade,road,Cieszyn,Pszczyna,express,41.9,77.1,1.06,appraisal,"{'net_M': 68.2, 'local_M': np.float64(34.9), 'om_M': 19.8, 'dt_min': 8.0, 'trips_k': 7454, 'rank': 4, 'passed': 8, 'candidates': 633, 'account_M': 39327, 'threshold': 1.0, 'state': 0}"
1992,1993,upgrade,road,Równe,Zdołbunów,express,14.9,23.9,1.04,appraisal,"{'net_M': 19.0, 'local_M': np.float64(12.4), 'om_M': 6.1, 'dt_min': 2.9, 'trips_k': 15686, 'rank': 5, 'passed': 8, 'candidates': 633, 'account_M': 39327, 'threshold': 1.0, 'state': 0}"
1992,1993,upgrade,road,Podwołoczyska,Proskurov,paved,75.5,15.1,1.03,appraisal,"{'net_M': 0.0, 'local_M': np.float64(15.6), 'om_M': 0.0, 'dt_min': 18.9, 'trips_k': 0, 'rank': 6, 'passed': 8, 'candidates': 633, 'account_M': 39327, 'threshold': 1.0, 'state': 0}"
1992,1993,upgrade,road,Grudziądz,Starogard,express,68.8,110.0,1.01,appraisal,"{'net_M': 92.2, 'local_M': np.float64(47.7), 'om_M': 28.3, 'dt_min': 13.2, 'trips_k': 7223, 'rank': 7, 'passed': 8, 'candidates': 633, 'account_M': 39327, 'threshold': 1.0, 'state': 0}"
1992,1993,upgrade,road,Dąbrowa Górnicza,Mysłowice,express,11.7,18.7,1.01,appraisal,"{'net_M': 15.6, 'local_M': np.float64(8.2), 'om_M': 4.8, 'dt_min': 2.2, 'trips_k': 7662, 'rank': 8, 'passed': 8, 'candidates': 633, 'account_M': 39327, 'threshold': 1.0, 'state': 0}"
1994,1995,upgrade,rail,Kałusz,Stanisławów,main,32.6,19.5,1.62,appraisal,"{'net_M': 31.7, 'local_M': 0.0, 'om_M': 0.0, 'dt_min': 8.1, 'trips_k': 8663, 'rank': 1, 'passed': 6, 'candidates': 512, 'account_M': 26033, 'threshold': 1.0, 'state': 0}"
1994,1998,upgrade,rail,Kowel,Brześć,hsr,139.6,1955.0,1.08,appraisal,"{'net_M': 2110.0, 'local_M': 0.0, 'om_M': 0.0, 'dt_min': 30.4, 'trips_k': 78712, 'rank': 2, 'passed': 6, 'candidates': 512, 'account_M': 26033, 'threshold': 1.0, 'state': 0}"
1994,1997,upgrade,rail,Warszawa,Mińsk Mazowiecki,hsr,43.6,610.0,1.06,appraisal,"{'net_M': 649.4, 'local_M': 0.0, 'om_M': 0.0, 'dt_min': 9.5, 'trips_k': 74455, 'rank': 3, 'passed': 6, 'candidates': 512, 'account_M': 26033, 'threshold': 1.0, 'state': 0}"
1994,1995,upgrade,rail,Baranowicze,Stołpce,main_el,70.9,35.5,1.04,appraisal,"{'net_M': 36.9, 'local_M': 0.0, 'om_M': 0.0, 'dt_min': 8.8, 'trips_k': 5004, 'rank': 4, 'passed': 6, 'candidates': 512, 'account_M': 26033, 'threshold': 1.0, 'state': 0}"
1994,1997,upgrade,rail,Lublin,Chełm,hsr,73.5,1028.7,1.03,appraisal,"{'net_M': 1057.7, 'local_M': 0.0, 'om_M': 0.0, 'dt_min': 16.0, 'trips_k': 77223, 'rank': 5, 'passed': 6, 'candidates': 512, 'account_M': 26033, 'threshold': 1.0, 'state': 0}"
1994,1997,upgrade,rail,Kraków,Bochnia,hsr,41.9,586.3,1.01,appraisal,"{'net_M': 590.0, 'local_M': 0.0, 'om_M': 0.0, 'dt_min': 9.1, 'trips_k': 60916, 'rank': 6, 'passed': 6, 'candidates': 512, 'account_M': 26033, 'threshold': 1.0, 'state': 0}"
1994,1995,upgrade,road,Stanisławów,Kałusz,express,34.6,55.3,1.14,appraisal,"{'net_M': 54.5, 'local_M': np.float64(24.7), 'om_M': 14.2, 'dt_min': 6.5, 'trips_k': 8743, 'rank': 1, 'passed': 2, 'candidates': 633, 'account_M': 40719, 'threshold': 1.0, 'state': 0}"
1994,1995,upgrade,road,Lublin,Łuków,express,93.6,149.8,1.02,appraisal,"{'net_M': 51.7, 'local_M': np.float64(140.2), 'om_M': 38.6, 'dt_min': 17.7, 'trips_k': 3282, 'rank': 2, 'passed': 2, 'candidates': 633, 'account_M': 40719, 'threshold': 1.0, 'state': 0}"
1996,1997,upgrade,rail,Oświęcim,Pszczyna,main_el,24.3,12.1,1.21,appraisal,"{'net_M': 14.6, 'local_M': 0.0, 'om_M': 0.0, 'dt_min': 3.0, 'trips_k': 4388, 'rank': 1, 'passed': 5, 'candidates': 507, 'account_M': 26428, 'threshold': 1.0, 'state': 0}"
1996,1997,upgrade,rail,Lwów,Rohatyn,main,73.0,50.4,1.12,appraisal,"{'net_M': 56.5, 'local_M': 0.0, 'om_M': 0.0, 'dt_min': 17.7, 'trips_k': 5324, 'rank': 2, 'passed': 5, 'candidates': 507, 'account_M': 26428, 'threshold': 1.0, 'state': 0}"
1996,1999,upgrade,rail,Warszawa,Nasielsk,hsr,48.6,680.5,1.07,appraisal,"{'net_M': 728.8, 'local_M': 0.0, 'om_M': 0.0, 'dt_min': 10.5, 'trips_k': 59300, 'rank': 3, 'passed': 5, 'candidates': 507, 'account_M': 26428, 'threshold': 1.0, 'state': 0}"
1996,1997,upgrade,rail,Trembowla,Czortków,main,36.6,22.0,1.04,appraisal,"{'net_M': 22.9, 'local_M': 0.0, 'om_M': 0.0, 'dt_min': 8.9, 'trips_k': 4668, 'rank': 4, 'passed': 5, 'candidates': 507, 'account_M': 26428, 'threshold': 1.0, 'state': 0}"
1996,1997,upgrade,rail,Kraków,Nowy Targ,main,74.5,71.6,1.03,appraisal,"{'net_M': 73.6, 'local_M': 0.0, 'om_M': 0.0, 'dt_min': 18.1, 'trips_k': 4820, 'rank': 5, 'passed': 5, 'candidates': 507, 'account_M': 26428, 'threshold': 1.0, 'state': 0}"
1996,1997,upgrade,road,Krasnystaw,Hrubieszów,express,65.8,105.3,1.55,appraisal,"{'net_M': 160.3, 'local_M': np.float64(44.4), 'om_M': 27.1, 'dt_min': 12.2, 'trips_k': 15373, 'rank': 1, 'passed': 6, 'candidates': 629, 'account_M': 42843, 'threshold': 1.0, 'state': 0}"
1996,1997,upgrade,road,Lwów,Rohatyn,express,77.5,142.5,1.05,appraisal,"{'net_M': 63.8, 'local_M': np.float64(124.7), 'om_M': 36.7, 'dt_min': 14.4, 'trips_k': 5324, 'rank': 2, 'passed': 6, 'candidates': 629, 'account_M': 42843, 'threshold': 1.0, 'state': 0}"
1996,1997,upgrade,road,Drohobycz,Borysław,express,10.8,30.2,1.03,appraisal,"{'net_M': 30.9, 'local_M': np.float64(8.1), 'om_M': 7.8, 'dt_min': 2.0, 'trips_k': 13740, 'rank': 3, 'passed': 6, 'candidates': 629, 'account_M': 42843, 'threshold': 1.0, 'state': 0}"
1996,1999,upgrade,road,Opoczno,Radom,motorway,73.7,176.9,1.01,appraisal,"{'net_M': 218.8, 'local_M': np.float64(22.0), 'om_M': 60.7, 'dt_min': 7.0, 'trips_k': 46991, 'rank': 4, 'passed': 6, 'candidates': 629, 'account_M': 42843, 'threshold': 1.0, 'state': 0}"
1996,1999,upgrade,road,Kutno,Zgierz,motorway,50.4,120.9,1.01,appraisal,"{'net_M': 157.9, 'local_M': np.float64(6.3), 'om_M': 41.5, 'dt_min': 4.8, 'trips_k': 29233, 'rank': 5, 'passed': 6, 'candidates': 629, 'account_M': 42843, 'threshold': 1.0, 'state': 0}"
1996,1997,upgrade,road,Šilutė,Tilsit,paved,48.0,9.6,1.0,appraisal,"{'net_M': 0.0, 'local_M': np.float64(9.6), 'om_M': 0.0, 'dt_min': 12.1, 'trips_k': 0, 'rank': 6, 'passed': 6, 'candidates': 629, 'account_M': 42843, 'threshold': 1.0, 'state': 0}"
1998,1999,upgrade,rail,Trembowla,Czortków,main_el,36.6,18.3,1.33,appraisal,"{'net_M': 24.3, 'local_M': 0.0, 'om_M': 0.0, 'dt_min': 4.5, 'trips_k': 5062, 'rank': 1, 'passed': 5, 'candidates': 505, 'account_M': 28867, 'threshold': 1.0, 'state': 0}"
1998,1999,upgrade,rail,Lwów,Rohatyn,main_el,73.0,42.0,1.22,appraisal,"{'net_M': 51.2, 'local_M': 0.0, 'om_M': 0.0, 'dt_min': 9.1, 'trips_k': 5853, 'rank': 2, 'passed': 5, 'candidates': 505, 'account_M': 28867, 'threshold': 1.0, 'state': 0}"
1998,2000,upgrade,rail,Kowel,Sarny,main,152.1,111.8,1.09,appraisal,"{'net_M': 122.1, 'local_M': 0.0, 'om_M': 0.0, 'dt_min': 36.0, 'trips_k': 3269, 'rank': 3, 'passed': 5, 'candidates': 505, 'account_M': 28867, 'threshold': 1.0, 'state': 0}"
1998,1999,upgrade,rail,Kraków,Nowy Targ,main_el,74.5,59.6,1.07,appraisal,"{'net_M': 63.9, 'local_M': 0.0, 'om_M': 0.0, 'dt_min': 9.2, 'trips_k': 6349, 'rank': 4, 'passed': 5, 'candidates': 505, 'account_M': 28867, 'threshold': 1.0, 'state': 0}"
1998,1999,upgrade,rail,Zdołbunów,Ostróg,main,31.8,19.1,1.0,appraisal,"{'net_M': 19.1, 'local_M': 0.0, 'om_M': 0.0, 'dt_min': 7.5, 'trips_k': 4989, 'rank': 5, 'passed': 5, 'candidates': 505, 'account_M': 28867, 'threshold': 1.0, 'state': 0}"
1998,2001,upgrade,road,Żółkiew,Sokal,motorway,63.0,151.2,1.03,appraisal,"{'net_M': 199.9, 'local_M': np.float64(9.3), 'om_M': 51.9, 'dt_min': 5.9, 'trips_k': 32072, 'rank': 1, 'passed': 3, 'candidates': 627, 'account_M': 43907, 'threshold': 1.0, 'state': 0}"
1998,1999,upgrade,road,Łomża,Ostrołęka,express,41.7,66.7,1.02,appraisal,"{'net_M': 60.4, 'local_M': np.float64(25.5), 'om_M': 17.2, 'dt_min': 7.6, 'trips_k': 7418, 'rank': 2, 'passed': 3, 'candidates': 627, 'account_M': 43907, 'threshold': 1.0, 'state': 0}"
1998,1999,upgrade,road,Radom,Starachowice,express,48.0,76.7,1.02,appraisal,"{'net_M': 52.3, 'local_M': np.float64(45.7), 'om_M': 19.8, 'dt_min': 8.8, 'trips_k': 6157, 'rank': 3, 'passed': 3, 'candidates': 627, 'account_M': 43907, 'threshold': 1.0, 'state': 0}"
2000,2001,upgrade,rail,Zdołbunów,Ostróg,main_el,31.8,15.9,1.48,appraisal,"{'net_M': 23.5, 'local_M': 0.0, 'om_M': 0.0, 'dt_min': 4.0, 'trips_k': 5302, 'rank': 1, 'passed': 8, 'candidates': 505, 'account_M': 30628, 'threshold': 1.0, 'state': 0}"
2000,2002,upgrade,rail,Kowel,Sarny,main_el,152.1,93.2,1.21,appraisal,"{'net_M': 113.1, 'local_M': 0.0, 'om_M': 0.0, 'dt_min': 18.9, 'trips_k': 6206, 'rank': 2, 'passed': 8, 'candidates': 505, 'account_M': 30628, 'threshold': 1.0, 'state': 0}"
2000,2003,upgrade,rail,Kowel,Łuck,hsr,77.1,1080.0,1.07,appraisal,"{'net_M': 1160.7, 'local_M': 0.0, 'om_M': 0.0, 'dt_min': 16.3, 'trips_k': 65657, 'rank': 3, 'passed': 8, 'candidates': 505, 'account_M': 30628, 'threshold': 1.0, 'state': 0}"
2000,2003,upgrade,rail,Włocławek,Toruń,hsr,58.6,820.8,1.04,appraisal,"{'net_M': 855.8, 'local_M': 0.0, 'om_M': 0.0, 'dt_min': 12.4, 'trips_k': 58622, 'rank': 4, 'passed': 8, 'candidates': 505, 'account_M': 30628, 'threshold': 1.0, 'state': 0}"
2000,2001,upgrade,rail,Postawy,Święciany,main,49.9,29.9,1.02,appraisal,"{'net_M': 30.6, 'local_M': 0.0, 'om_M': 0.0, 'dt_min': 11.5, 'trips_k': 3418, 'rank': 5, 'passed': 8, 'candidates': 505, 'account_M': 30628, 'threshold': 1.0, 'state': 0}"
2000,2001,upgrade,rail,Kałusz,Stanisławów,main_el,32.6,16.3,1.02,appraisal,"{'net_M': 16.6, 'local_M': 0.0, 'om_M': 0.0, 'dt_min': 4.0, 'trips_k': 9150, 'rank': 6, 'passed': 8, 'candidates': 505, 'account_M': 30628, 'threshold': 1.0, 'state': 0}"
2000,2001,upgrade,rail,Gniezno,Wągrowiec,main,46.4,27.8,1.02,appraisal,"{'net_M': 28.3, 'local_M': 0.0, 'om_M': 0.0, 'dt_min': 10.7, 'trips_k': 4501, 'rank': 7, 'passed': 8, 'candidates': 505, 'account_M': 30628, 'threshold': 1.0, 'state': 0}"
2000,2001,upgrade,rail,Klaipėda,Šilutė,main_el,52.5,26.3,1.01,appraisal,"{'net_M': 26.6, 'local_M': 0.0, 'om_M': 0.0, 'dt_min': 6.5, 'trips_k': 3298, 'rank': 8, 'passed': 8, 'candidates': 505, 'account_M': 30628, 'threshold': 1.0, 'state': 0}"
2000,2001,upgrade,road,Rawicz,Breslau,paved,69.3,13.9,1.03,appraisal,"{'net_M': 0.0, 'local_M': np.float64(14.3), 'om_M': 0.0, 'dt_min': 17.3, 'trips_k': 0, 'rank': 1, 'passed': 2, 'candidates': 626, 'account_M': 45942, 'threshold': 1.0, 'state': 0}"
2000,2001,upgrade,road,Tarnów,Mielec,express,53.3,85.3,1.02,appraisal,"{'net_M': 69.1, 'local_M': np.float64(40.8), 'om_M': 21.9, 'dt_min': 9.5, 'trips_k': 9972, 'rank': 2, 'passed': 2, 'candidates': 626, 'account_M': 45942, 'threshold': 1.0, 'state': 0}"
2000,2000,closure,rail,Radviliškis,Panevėžys,sec,59.9,,,rationalisation,"{'vehicles': 243, 'towns_k': [9, 119], 'road': 'paved'}"
2002,2003,upgrade,rail,Gniezno,Wągrowiec,main_el,46.4,23.2,1.57,appraisal,"{'net_M': 36.5, 'local_M': 0.0, 'om_M': 0.0, 'dt_min': 5.8, 'trips_k': 4750, 'rank': 1, 'passed': 6, 'candidates': 499, 'account_M': 30975, 'threshold': 1.0, 'state': 0}"
2002,2003,upgrade,rail,Postawy,Święciany,main_el,49.9,24.9,1.15,appraisal,"{'net_M': 28.6, 'local_M': 0.0, 'om_M': 0.0, 'dt_min': 6.2, 'trips_k': 4015, 'rank': 2, 'passed': 6, 'candidates': 499, 'account_M': 30975, 'threshold': 1.0, 'state': 0}"
2002,2003,upgrade,rail,Tarnobrzeg,Rozwadów,main,30.1,18.0,1.09,appraisal,"{'net_M': 19.6, 'local_M': 0.0, 'om_M': 0.0, 'dt_min': 6.8, 'trips_k': 5774, 'rank': 3, 'passed': 6, 'candidates': 499, 'account_M': 30975, 'threshold': 1.0, 'state': 0}"
2002,2003,upgrade,rail,Kaunas,Vilkaviškis,main_el,71.7,35.8,1.02,appraisal,"{'net_M': 36.6, 'local_M': 0.0, 'om_M': 0.0, 'dt_min': 8.9, 'trips_k': 3438, 'rank': 4, 'passed': 6, 'candidates': 499, 'account_M': 30975, 'threshold': 1.0, 'state': 0}"
2002,2003,upgrade,rail,Šiauliai,Joniškis,main_el,45.4,22.7,1.01,appraisal,"{'net_M': 22.9, 'local_M': 0.0, 'om_M': 0.0, 'dt_min': 5.6, 'trips_k': 4013, 'rank': 5, 'passed': 6, 'candidates': 499, 'account_M': 30975, 'threshold': 1.0, 'state': 0}"
2002,2005,upgrade,rail,Kraków,Miechów,hsr,39.1,546.9,1.0,appraisal,"{'net_M': 549.2, 'local_M': 0.0, 'om_M': 0.0, 'dt_min': 8.2, 'trips_k': 57723, 'rank': 6, 'passed': 6, 'candidates': 499, 'account_M': 30975, 'threshold': 1.0, 'state': 0}"
2002,2003,upgrade,road,Šilutė,Königsberg,express,115.0,184.0,1.14,appraisal,"{'net_M': 252.9, 'local_M': np.float64(11.9), 'om_M': 47.4, 'dt_min': 20.5, 'trips_k': 11470, 'rank': 1, 'passed': 2, 'candidates': 626, 'account_M': 46462, 'threshold': 1.0, 'state': 0}"
2002,2004,upgrade,road,Worochta,Chernivtsi,paved,124.6,39.9,1.01,appraisal,"{'net_M': 0.0, 'local_M': np.float64(40.3), 'om_M': 0.0, 'dt_min': 31.1, 'trips_k': 2, 'rank': 2, 'passed': 2, 'candidates': 626, 'account_M': 46462, 'threshold': 1.0, 'state': 0}"
2004,2005,upgrade,rail,Tarnobrzeg,Rozwadów,main_el,30.1,15.0,1.95,appraisal,"{'net_M': 29.4, 'local_M': 0.0, 'om_M': 0.0, 'dt_min': 3.7, 'trips_k': 6604, 'rank': 1, 'passed': 8, 'candidates': 495, 'account_M': 33169, 'threshold': 1.0, 'state': 0}"
2004,2006,upgrade,rail,Bydgoszcz,Kościerzyna,main_el,127.9,63.9,1.21,appraisal,"{'net_M': 77.6, 'local_M': 0.0, 'om_M': 0.0, 'dt_min': 15.9, 'trips_k': 6350, 'rank': 2, 'passed': 8, 'candidates': 495, 'account_M': 33169, 'threshold': 1.0, 'state': 0}"
2004,2005,upgrade,rail,Zdołbunów,Kyiv via Shepetivka,main_el,78.4,39.2,1.15,appraisal,"{'net_M': 45.0, 'local_M': 0.0, 'om_M': 0.0, 'dt_min': 9.8, 'trips_k': 4892, 'rank': 3, 'passed': 8, 'candidates': 495, 'account_M': 33169, 'threshold': 1.0, 'state': 0}"
2004,2005,upgrade,rail,Stryj,Dolina,main,38.4,26.5,1.12,appraisal,"{'net_M': 29.7, 'local_M': 0.0, 'om_M': 0.0, 'dt_min': 8.5, 'trips_k': 4338, 'rank': 4, 'passed': 8, 'candidates': 495, 'account_M': 33169, 'threshold': 1.0, 'state': 0}"
2004,2005,upgrade,rail,Ciechanów,Przasnysz,main,26.9,16.1,1.1,appraisal,"{'net_M': 17.8, 'local_M': 0.0, 'om_M': 0.0, 'dt_min': 5.9, 'trips_k': 4811, 'rank': 5, 'passed': 8, 'candidates': 495, 'account_M': 33169, 'threshold': 1.0, 'state': 0}"
2004,2006,upgrade,rail,Lida,Mołodeczno,main,127.3,76.4,1.06,appraisal,"{'net_M': 81.0, 'local_M': 0.0, 'om_M': 0.0, 'dt_min': 28.2, 'trips_k': 2157, 'rank': 6, 'passed': 8, 'candidates': 495, 'account_M': 33169, 'threshold': 1.0, 'state': 0}"
2004,2007,upgrade,rail,Września,Poznań,hsr,51.0,714.1,1.04,appraisal,"{'net_M': 743.1, 'local_M': 0.0, 'om_M': 0.0, 'dt_min': 10.5, 'trips_k': 49026, 'rank': 7, 'passed': 8, 'candidates': 495, 'account_M': 33169, 'threshold': 1.0, 'state': 0}"
2004,2005,upgrade,rail,Nakło,Chodzież,main,55.7,33.4,1.0,appraisal,"{'net_M': 33.5, 'local_M': 0.0, 'om_M': 0.0, 'dt_min': 12.3, 'trips_k': 2600, 'rank': 8, 'passed': 8, 'candidates': 495, 'account_M': 33169, 'threshold': 1.0, 'state': 0}"
2004,2005,upgrade,road,Krzemieniec,Zbaraż,express,59.8,110.1,1.17,appraisal,"{'net_M': 105.7, 'local_M': np.float64(55.9), 'om_M': 28.3, 'dt_min': 10.7, 'trips_k': 9639, 'rank': 1, 'passed': 5, 'candidates': 626, 'account_M': 49753, 'threshold': 1.0, 'state': 0}"
2004,2007,upgrade,road,Kępno,Lubliniec,motorway,102.1,245.0,1.05,appraisal,"{'net_M': 332.0, 'local_M': np.float64(12.2), 'om_M': 84.1, 'dt_min': 9.3, 'trips_k': 27534, 'rank': 2, 'passed': 5, 'candidates': 626, 'account_M': 49753, 'threshold': 1.0, 'state': 0}"
2004,2005,upgrade,road,Kamień Koszyrski,Kowel,express,59.5,116.6,1.03,appraisal,"{'net_M': 81.2, 'local_M': np.float64(69.4), 'om_M': 30.0, 'dt_min': 10.6, 'trips_k': 7210, 'rank': 3, 'passed': 5, 'candidates': 626, 'account_M': 49753, 'threshold': 1.0, 'state': 0}"
2004,2005,upgrade,road,Lwów,Gródek Jagielloński,express,34.2,63.0,1.01,appraisal,"{'net_M': 0.0, 'local_M': np.float64(80.2), 'om_M': 16.2, 'dt_min': 6.1, 'trips_k': 0, 'rank': 4, 'passed': 5, 'candidates': 626, 'account_M': 49753, 'threshold': 1.0, 'state': 0}"
2004,2005,upgrade,road,Kielce,Jędrzejów,express,42.1,67.4,1.0,appraisal,"{'net_M': 0.0, 'local_M': np.float64(85.0), 'om_M': 17.4, 'dt_min': 7.5, 'trips_k': 0, 'rank': 5, 'passed': 5, 'candidates': 626, 'account_M': 49753, 'threshold': 1.0, 'state': 0}"
2006,2007,upgrade,rail,Ciechanów,Przasnysz,main_el,26.9,13.4,1.76,appraisal,"{'net_M': 23.6, 'local_M': 0.0, 'om_M': 0.0, 'dt_min': 3.3, 'trips_k': 5324, 'rank': 1, 'passed': 10, 'candidates': 491, 'account_M': 34595, 'threshold': 1.0, 'state': 0}"
2006,2007,upgrade,rail,Stryj,Dolina,main_el,38.4,22.1,1.36,appraisal,"{'net_M': 30.0, 'local_M': 0.0, 'om_M': 0.0, 'dt_min': 4.8, 'trips_k': 5404, 'rank': 2, 'passed': 10, 'candidates': 491, 'account_M': 34595, 'threshold': 1.0, 'state': 0}"
2006,2007,upgrade,rail,Pińsk,Łuniniec,main,57.7,50.2,1.23,appraisal,"{'net_M': 61.6, 'local_M': 0.0, 'om_M': 0.0, 'dt_min': 12.5, 'trips_k': 4776, 'rank': 3, 'passed': 10, 'candidates': 491, 'account_M': 34595, 'threshold': 1.0, 'state': 0}"
2006,2007,upgrade,rail,Tarnopol,Zbaraż,main,21.1,12.7,1.21,appraisal,"{'net_M': 15.3, 'local_M': 0.0, 'om_M': 0.0, 'dt_min': 4.6, 'trips_k': 8229, 'rank': 4, 'passed': 10, 'candidates': 491, 'account_M': 34595, 'threshold': 1.0, 'state': 0}"
2006,2007,upgrade,rail,Kościerzyna,Gdynia,main_el,65.6,32.8,1.19,appraisal,"{'net_M': 39.0, 'local_M': 0.0, 'om_M': 0.0, 'dt_min': 8.2, 'trips_k': 3348, 'rank': 5, 'passed': 10, 'candidates': 491, 'account_M': 34595, 'threshold': 1.0, 'state': 0}"
2006,2008,upgrade,rail,Lida,Mołodeczno,main_el,127.3,63.7,1.13,appraisal,"{'net_M': 72.2, 'local_M': 0.0, 'om_M': 0.0, 'dt_min': 15.8, 'trips_k': 4235, 'rank': 6, 'passed': 10, 'candidates': 491, 'account_M': 34595, 'threshold': 1.0, 'state': 0}"
2006,2007,upgrade,rail,Ukmergė,Jonava,main,41.3,24.8,1.08,appraisal,"{'net_M': 26.7, 'local_M': 0.0, 'om_M': 0.0, 'dt_min': 8.9, 'trips_k': 3413, 'rank': 7, 'passed': 10, 'candidates': 491, 'account_M': 34595, 'threshold': 1.0, 'state': 0}"
2006,2007,upgrade,rail,Kołomyja,Śniatyn,main_el,46.4,23.2,1.05,appraisal,"{'net_M': 24.2, 'local_M': 0.0, 'om_M': 0.0, 'dt_min': 5.8, 'trips_k': 3378, 'rank': 8, 'passed': 10, 'candidates': 491, 'account_M': 34595, 'threshold': 1.0, 'state': 0}"
2006,2007,upgrade,rail,Nakło,Chodzież,main_el,55.7,27.8,1.04,appraisal,"{'net_M': 28.8, 'local_M': 0.0, 'om_M': 0.0, 'dt_min': 6.9, 'trips_k': 2779, 'rank': 9, 'passed': 10, 'candidates': 491, 'account_M': 34595, 'threshold': 1.0, 'state': 0}"
2006,2008,upgrade,rail,Sierpc,Nasielsk,main,94.8,56.9,1.01,appraisal,"{'net_M': 57.5, 'local_M': 0.0, 'om_M': 0.0, 'dt_min': 20.5, 'trips_k': 1990, 'rank': 10, 'passed': 10, 'candidates': 491, 'account_M': 34595, 'threshold': 1.0, 'state': 0}"
2006,2007,upgrade,road,Tarnopol,Zbaraż,express,22.4,35.8,1.15,appraisal,"{'net_M': 40.9, 'local_M': np.float64(11.1), 'om_M': 9.2, 'dt_min': 4.0, 'trips_k': 8547, 'rank': 1, 'passed': 9, 'candidates': 620, 'account_M': 51892, 'threshold': 1.0, 'state': 0}"
2006,2007,upgrade,road,Bielsk Podlaski,Łapy,express,39.2,62.7,1.06,appraisal,"{'net_M': 63.0, 'local_M': np.float64(20.2), 'om_M': 16.1, 'dt_min': 7.0, 'trips_k': 7041, 'rank': 2, 'passed': 9, 'candidates': 620, 'account_M': 51892, 'threshold': 1.0, 'state': 0}"
2006,2007,upgrade,road,Grodno,Alytus,express,99.2,158.8,1.05,appraisal,"{'net_M': 89.4, 'local_M': np.float64(120.8), 'om_M': 40.9, 'dt_min': 17.7, 'trips_k': 4924, 'rank': 3, 'passed': 9, 'candidates': 620, 'account_M': 51892, 'threshold': 1.0, 'state': 0}"
2006,2007,upgrade,road,Skole,Mukachevo,paved,107.8,34.5,1.03,appraisal,"{'net_M': 0.4, 'local_M': np.float64(35.1), 'om_M': 0.0, 'dt_min': 26.9, 'trips_k': 450, 'rank': 4, 'passed': 9, 'candidates': 620, 'account_M': 51892, 'threshold': 1.0, 'state': 0}"
2006,2007,upgrade,road,Kraków,Chrzanów,express,48.2,77.2,1.03,appraisal,"{'net_M': 0.0, 'local_M': np.float64(99.7), 'om_M': 19.9, 'dt_min': 8.6, 'trips_k': 0, 'rank': 5, 'passed': 9, 'candidates': 620, 'account_M': 51892, 'threshold': 1.0, 'state': 0}"
2006,2007,upgrade,road,Łuck,Horochów,express,59.6,95.4,1.02,appraisal,"{'net_M': 33.2, 'local_M': np.float64(89.7), 'om_M': 24.6, 'dt_min': 10.6, 'trips_k': 4281, 'rank': 6, 'passed': 9, 'candidates': 620, 'account_M': 51892, 'threshold': 1.0, 'state': 0}"
2006,2007,upgrade,road,Wołkowysk,Prużana,express,80.0,128.1,1.01,appraisal,"{'net_M': 88.2, 'local_M': np.float64(75.2), 'om_M': 33.0, 'dt_min': 14.3, 'trips_k': 5712, 'rank': 7, 'passed': 9, 'candidates': 620, 'account_M': 51892, 'threshold': 1.0, 'state': 0}"
2006,2007,upgrade,road,Radomsko,Jędrzejów,express,93.3,149.2,1.01,appraisal,"{'net_M': 19.3, 'local_M': np.float64(169.6), 'om_M': 38.4, 'dt_min': 16.7, 'trips_k': 1356, 'rank': 8, 'passed': 9, 'candidates': 620, 'account_M': 51892, 'threshold': 1.0, 'state': 0}"
2006,2007,upgrade,road,Lwów,Złoczów,express,76.2,140.3,1.0,appraisal,"{'net_M': 0.0, 'local_M': np.float64(176.9), 'om_M': 36.1, 'dt_min': 13.6, 'trips_k': 0, 'rank': 9, 'passed': 9, 'candidates': 620, 'account_M': 51892, 'threshold': 1.0, 'state': 0}"
2006,2006,closure,rail,Czortków,Husiatyn,sec,32.5,,,rationalisation,"{'vehicles': 334, 'towns_k': [65, 17], 'road': 'paved'}"
2008,2009,upgrade,rail,Ukmergė,Jonava,main_el,41.3,20.6,1.42,appraisal,"{'net_M': 29.3, 'local_M': 0.0, 'om_M': 0.0, 'dt_min': 5.1, 'trips_k': 5427, 'rank': 1, 'passed': 6, 'candidates': 485, 'account_M': 35845, 'threshold': 1.0, 'state': 0}"
2008,2009,upgrade,rail,Pińsk,Łuniniec,main_el,57.7,41.9,1.26,appraisal,"{'net_M': 52.9, 'local_M': 0.0, 'om_M': 0.0, 'dt_min': 7.2, 'trips_k': 5378, 'rank': 2, 'passed': 6, 'candidates': 485, 'account_M': 35845, 'threshold': 1.0, 'state': 0}"
2008,2009,upgrade,rail,Dębica,Pilzno,main_el,13.3,7.7,1.09,appraisal,"{'net_M': 8.3, 'local_M': 0.0, 'om_M': 0.0, 'dt_min': 1.7, 'trips_k': 4827, 'rank': 3, 'passed': 6, 'candidates': 485, 'account_M': 35845, 'threshold': 1.0, 'state': 0}"
2008,2010,upgrade,rail,Panevėžys,Rokiškis,main,93.1,55.8,1.04,appraisal,"{'net_M': 58.0, 'local_M': 0.0, 'om_M': 0.0, 'dt_min': 19.7, 'trips_k': 2284, 'rank': 4, 'passed': 6, 'candidates': 485, 'account_M': 35845, 'threshold': 1.0, 'state': 0}"
2008,2009,upgrade,rail,Bielsko,Wadowice,main,37.9,29.6,1.03,appraisal,"{'net_M': 30.3, 'local_M': 0.0, 'om_M': 0.0, 'dt_min': 8.0, 'trips_k': 4084, 'rank': 5, 'passed': 6, 'candidates': 485, 'account_M': 35845, 'threshold': 1.0, 'state': 0}"
2008,2010,upgrade,rail,Sierpc,Nasielsk,main_el,94.8,47.4,1.0,appraisal,"{'net_M': 47.6, 'local_M': 0.0, 'om_M': 0.0, 'dt_min': 11.8, 'trips_k': 2974, 'rank': 6, 'passed': 6, 'candidates': 485, 'account_M': 35845, 'threshold': 1.0, 'state': 0}"
2008,2009,upgrade,road,Horochów,Sokal,express,41.5,66.4,1.14,appraisal,"{'net_M': 59.1, 'local_M': np.float64(35.8), 'om_M': 17.1, 'dt_min': 7.4, 'trips_k': 8313, 'rank': 1, 'passed': 8, 'candidates': 620, 'account_M': 53767, 'threshold': 1.0, 'state': 0}"
2008,2009,upgrade,road,Będzin,Tarnowskie Góry,express,27.7,44.3,1.04,appraisal,"{'net_M': 35.8, 'local_M': np.float64(22.1), 'om_M': 11.4, 'dt_min': 4.9, 'trips_k': 9795, 'rank': 2, 'passed': 8, 'candidates': 620, 'account_M': 53767, 'threshold': 1.0, 'state': 0}"
2008,2009,upgrade,road,Katowice,Rybnik,express,47.0,75.2,1.04,appraisal,"{'net_M': 0.0, 'local_M': np.float64(98.0), 'om_M': 19.4, 'dt_min': 8.4, 'trips_k': 0, 'rank': 3, 'passed': 8, 'candidates': 620, 'account_M': 53767, 'threshold': 1.0, 'state': 0}"
2008,2009,upgrade,road,Łuck,Równe,express,81.0,129.6,1.03,appraisal,"{'net_M': 0.0, 'local_M': np.float64(168.2), 'om_M': 33.4, 'dt_min': 14.5, 'trips_k': 0, 'rank': 4, 'passed': 8, 'candidates': 620, 'account_M': 53767, 'threshold': 1.0, 'state': 0}"
2008,2009,upgrade,road,Lublin,Chełm,express,78.0,124.7,1.03,appraisal,"{'net_M': 0.0, 'local_M': np.float64(160.9), 'om_M': 32.1, 'dt_min': 13.9, 'trips_k': 0, 'rank': 5, 'passed': 8, 'candidates': 620, 'account_M': 53767, 'threshold': 1.0, 'state': 0}"
2008,2009,upgrade,road,Lwów,Żółkiew,express,30.3,55.8,1.02,appraisal,"{'net_M': 0.0, 'local_M': np.float64(71.6), 'om_M': 14.4, 'dt_min': 5.4, 'trips_k': 0, 'rank': 6, 'passed': 8, 'candidates': 620, 'account_M': 53767, 'threshold': 1.0, 'state': 0}"
2008,2009,upgrade,road,Baranowicze,Nieśwież,express,55.0,88.1,1.01,appraisal,"{'net_M': 55.4, 'local_M': np.float64(56.1), 'om_M': 22.7, 'dt_min': 9.8, 'trips_k': 4078, 'rank': 7, 'passed': 8, 'candidates': 620, 'account_M': 53767, 'threshold': 1.0, 'state': 0}"
2008,2009,upgrade,road,Lwów,Stryj,express,80.3,147.7,1.0,appraisal,"{'net_M': 0.0, 'local_M': np.float64(185.9), 'om_M': 38.0, 'dt_min': 14.3, 'trips_k': 0, 'rank': 8, 'passed': 8, 'candidates': 620, 'account_M': 53767, 'threshold': 1.0, 'state': 0}"
2010,2011,upgrade,rail,Bielsko,Wadowice,main_el,37.9,24.6,1.4,appraisal,"{'net_M': 34.6, 'local_M': 0.0, 'om_M': 0.0, 'dt_min': 4.7, 'trips_k': 4280, 'rank': 1, 'passed': 6, 'candidates': 481, 'account_M': 38235, 'threshold': 1.0, 'state': 0}"
2010,2011,upgrade,rail,Baranowicze,Nowogródek,main,61.8,42.7,1.2,appraisal,"{'net_M': 51.3, 'local_M': 0.0, 'om_M': 0.0, 'dt_min': 12.8, 'trips_k': 5447, 'rank': 2, 'passed': 6, 'candidates': 481, 'account_M': 38235, 'threshold': 1.0, 'state': 0}"
2010,2011,upgrade,rail,Łapy,Łomża,main,67.5,40.5,1.11,appraisal,"{'net_M': 44.8, 'local_M': 0.0, 'om_M': 0.0, 'dt_min': 14.0, 'trips_k': 2757, 'rank': 3, 'passed': 6, 'candidates': 481, 'account_M': 38235, 'threshold': 1.0, 'state': 0}"
2010,2012,upgrade,rail,Panevėžys,Rokiškis,main_el,93.1,46.5,1.03,appraisal,"{'net_M': 47.9, 'local_M': 0.0, 'om_M': 0.0, 'dt_min': 11.6, 'trips_k': 2840, 'rank': 4, 'passed': 6, 'candidates': 481, 'account_M': 38235, 'threshold': 1.0, 'state': 0}"
2010,2011,upgrade,rail,Kołomyja,Horodenka,main,42.8,25.7,1.01,appraisal,"{'net_M': 25.9, 'local_M': 0.0, 'om_M': 0.0, 'dt_min': 8.9, 'trips_k': 3819, 'rank': 5, 'passed': 6, 'candidates': 481, 'account_M': 38235, 'threshold': 1.0, 'state': 0}"
2010,2013,upgrade,rail,Włodzimierz Wołyński,Kowel,hsr,55.7,779.9,1.01,appraisal,"{'net_M': 785.1, 'local_M': 0.0, 'om_M': 0.0, 'dt_min': 11.1, 'trips_k': 50460, 'rank': 6, 'passed': 6, 'candidates': 481, 'account_M': 38235, 'threshold': 1.0, 'state': 0}"
2010,2011,upgrade,road,Sierpc,Brodnica,express,58.6,93.7,1.78,appraisal,"{'net_M': 157.3, 'local_M': np.float64(51.9), 'om_M': 24.1, 'dt_min': 10.5, 'trips_k': 27223, 'rank': 1, 'passed': 14, 'candidates': 620, 'account_M': 57352, 'threshold': 1.0, 'state': 0}"
2010,2011,upgrade,road,Hrubieszów,Sokal,express,55.9,89.5,1.11,appraisal,"{'net_M': 77.0, 'local_M': np.float64(48.1), 'om_M': 23.0, 'dt_min': 10.0, 'trips_k': 6072, 'rank': 2, 'passed': 14, 'candidates': 620, 'account_M': 57352, 'threshold': 1.0, 'state': 0}"
2010,2011,upgrade,road,Łuck,Kowel,express,81.8,130.9,1.07,appraisal,"{'net_M': 0.0, 'local_M': np.float64(176.5), 'om_M': 33.7, 'dt_min': 14.6, 'trips_k': 0, 'rank': 3, 'passed': 14, 'candidates': 620, 'account_M': 57352, 'threshold': 1.0, 'state': 0}"
2010,2011,upgrade,road,Kybartai,Insterburg,paved,74.6,14.9,1.06,appraisal,"{'net_M': 0.0, 'local_M': np.float64(15.8), 'om_M': 0.0, 'dt_min': 18.7, 'trips_k': 0, 'rank': 4, 'passed': 14, 'candidates': 620, 'account_M': 57352, 'threshold': 1.0, 'state': 0}"
2010,2011,upgrade,road,Kybartai,Tilsit,paved,91.0,18.2,1.06,appraisal,"{'net_M': 0.0, 'local_M': np.float64(19.3), 'om_M': 0.0, 'dt_min': 22.8, 'trips_k': 0, 'rank': 5, 'passed': 14, 'candidates': 620, 'account_M': 57352, 'threshold': 1.0, 'state': 0}"
2010,2011,upgrade,road,Piotrków,Opoczno,express,49.3,78.8,1.04,appraisal,"{'net_M': 46.8, 'local_M': np.float64(55.9), 'om_M': 20.3, 'dt_min': 8.8, 'trips_k': 8743, 'rank': 6, 'passed': 14, 'candidates': 620, 'account_M': 57352, 'threshold': 1.0, 'state': 0}"
2010,2011,upgrade,road,Równe,Dubno,express,51.7,82.7,1.04,appraisal,"{'net_M': 7.8, 'local_M': np.float64(99.9), 'om_M': 21.3, 'dt_min': 9.2, 'trips_k': 6628, 'rank': 7, 'passed': 14, 'candidates': 620, 'account_M': 57352, 'threshold': 1.0, 'state': 0}"
2010,2011,upgrade,road,Kraków,Bochnia,express,44.4,71.1,1.02,appraisal,"{'net_M': 0.0, 'local_M': np.float64(91.5), 'om_M': 18.3, 'dt_min': 7.9, 'trips_k': 0, 'rank': 8, 'passed': 14, 'candidates': 620, 'account_M': 57352, 'threshold': 1.0, 'state': 0}"
2010,2011,upgrade,road,Dąbrowa Górnicza,Chrzanów,express,30.5,48.8,1.02,appraisal,"{'net_M': 26.6, 'local_M': np.float64(36.0), 'om_M': 12.5, 'dt_min': 5.4, 'trips_k': 7173, 'rank': 9, 'passed': 14, 'candidates': 620, 'account_M': 57352, 'threshold': 1.0, 'state': 0}"
2010,2011,upgrade,road,Zakopane,Žilina,paved,107.7,34.5,1.02,appraisal,"{'net_M': 0.2, 'local_M': np.float64(35.0), 'om_M': 0.0, 'dt_min': 26.9, 'trips_k': 16, 'rank': 10, 'passed': 14, 'candidates': 620, 'account_M': 57352, 'threshold': 1.0, 'state': 0}"
2010,2011,upgrade,road,Nowogródek,Słonim,express,80.2,147.5,1.01,appraisal,"{'net_M': 79.0, 'local_M': np.float64(108.9), 'om_M': 38.0, 'dt_min': 14.3, 'trips_k': 4487, 'rank': 11, 'passed': 14, 'candidates': 620, 'account_M': 57352, 'threshold': 1.0, 'state': 0}"
2010,2011,upgrade,road,Wilno,Utena,express,112.7,207.3,1.01,appraisal,"{'net_M': 96.1, 'local_M': np.float64(166.4), 'om_M': 53.4, 'dt_min': 20.1, 'trips_k': 3335, 'rank': 12, 'passed': 14, 'candidates': 620, 'account_M': 57352, 'threshold': 1.0, 'state': 0}"
2010,2011,upgrade,road,Zawiercie,Jędrzejów,express,78.5,125.6,1.01,appraisal,"{'net_M': 5.4, 'local_M': np.float64(153.6), 'om_M': 32.3, 'dt_min': 14.0, 'trips_k': 747, 'rank': 13, 'passed': 14, 'candidates': 620, 'account_M': 57352, 'threshold': 1.0, 'state': 0}"
2010,2011,upgrade,road,Miechów,Kraków,express,41.4,66.3,1.0,appraisal,"{'net_M': 0.0, 'local_M': np.float64(83.6), 'om_M': 17.1, 'dt_min': 7.4, 'trips_k': 0, 'rank': 14, 'passed': 14, 'candidates': 620, 'account_M': 57352, 'threshold': 1.0, 'state': 0}"
2011,2011,closure,rail,Siedlce,Czeremcha,sec,94.1,,,rationalisation,"{'vehicles': 420, 'towns_k': [89, 5], 'road': 'paved'}"
2012,2015,upgrade,rail,Biała Podlaska,Brześć,hsr,44.9,628.9,2.66,appraisal,"{'net_M': 1674.6, 'local_M': 0.0, 'om_M': 0.0, 'dt_min': 8.8, 'trips_k': 125964, 'rank': 1, 'passed': 8, 'candidates': 481, 'account_M': 38200, 'threshold': 1.0, 'state': 0}"
2012,2013,upgrade,rail,Bielsko,Cieszyn,main_el,35.0,22.8,1.62,appraisal,"{'net_M': 36.8, 'local_M': 0.0, 'om_M': 0.0, 'dt_min': 4.4, 'trips_k': 7267, 'rank': 2, 'passed': 8, 'candidates': 481, 'account_M': 38200, 'threshold': 1.0, 'state': 0}"
2012,2013,upgrade,rail,Kołomyja,Horodenka,main_el,42.8,21.4,1.53,appraisal,"{'net_M': 32.8, 'local_M': 0.0, 'om_M': 0.0, 'dt_min': 5.3, 'trips_k': 4054, 'rank': 3, 'passed': 8, 'candidates': 481, 'account_M': 38200, 'threshold': 1.0, 'state': 0}"
2012,2015,upgrade,rail,Czeremcha,Brześć,hsr,59.9,839.0,1.26,appraisal,"{'net_M': 1059.3, 'local_M': 0.0, 'om_M': 0.0, 'dt_min': 11.7, 'trips_k': 65212, 'rank': 4, 'passed': 8, 'candidates': 481, 'account_M': 38200, 'threshold': 1.0, 'state': 0}"
2012,2013,upgrade,rail,Łapy,Łomża,main_el,67.5,33.8,1.15,appraisal,"{'net_M': 38.9, 'local_M': 0.0, 'om_M': 0.0, 'dt_min': 8.4, 'trips_k': 3877, 'rank': 5, 'passed': 8, 'candidates': 481, 'account_M': 38200, 'threshold': 1.0, 'state': 0}"
2012,2013,upgrade,rail,Brzeżany,Rohatyn,main,27.1,16.3,1.07,appraisal,"{'net_M': 17.4, 'local_M': 0.0, 'om_M': 0.0, 'dt_min': 5.5, 'trips_k': 3451, 'rank': 6, 'passed': 8, 'candidates': 481, 'account_M': 38200, 'threshold': 1.0, 'state': 0}"
2012,2014,upgrade,rail,Baranowicze,Łuniniec,main,128.1,94.2,1.05,appraisal,"{'net_M': 99.3, 'local_M': 0.0, 'om_M': 0.0, 'dt_min': 26.0, 'trips_k': 5013, 'rank': 7, 'passed': 8, 'candidates': 481, 'account_M': 38200, 'threshold': 1.0, 'state': 0}"
2012,2013,upgrade,rail,Baranowicze,Nowogródek,main_el,61.8,35.5,1.03,appraisal,"{'net_M': 36.5, 'local_M': 0.0, 'om_M': 0.0, 'dt_min': 7.7, 'trips_k': 3740, 'rank': 8, 'passed': 8, 'candidates': 481, 'account_M': 38200, 'threshold': 1.0, 'state': 0}"
2012,2015,upgrade,road,Sierpc,Brodnica,motorway,58.6,140.5,1.5,appraisal,"{'net_M': 270.8, 'local_M': np.float64(12.3), 'om_M': 48.2, 'dt_min': 5.4, 'trips_k': 29196, 'rank': 1, 'passed': 3, 'candidates': 620, 'account_M': 57300, 'threshold': 1.0, 'state': 0}"
2012,2013,upgrade,road,Marijampolė,Šakiai,express,57.9,92.6,1.01,appraisal,"{'net_M': 88.1, 'local_M': np.float64(29.4), 'om_M': 23.8, 'dt_min': 10.3, 'trips_k': 5328, 'rank': 2, 'passed': 3, 'candidates': 620, 'account_M': 57300, 'threshold': 1.0, 'state': 0}"
2012,2013,upgrade,road,Lublin,Kraśnik,express,53.8,86.1,1.0,appraisal,"{'net_M': 0.0, 'local_M': np.float64(108.6), 'om_M': 22.2, 'dt_min': 9.6, 'trips_k': 0, 'rank': 3, 'passed': 3, 'candidates': 620, 'account_M': 57300, 'threshold': 1.0, 'state': 0}"
2012,2012,closure,rail,Nowy Targ,Zakopane,sec,24.0,,,rationalisation,"{'vehicles': 434, 'towns_k': [19, 52], 'road': 'paved'}"
2012,2012,closure,rail,Wejherowo,Puck,sec,19.8,,,rationalisation,"{'vehicles': 434, 'towns_k': [18, 12], 'road': 'paved'}"
2014,2016,upgrade,rail,Baranowicze,Łuniniec,main_el,128.1,78.5,1.69,appraisal,"{'net_M': 132.3, 'local_M': 0.0, 'om_M': 0.0, 'dt_min': 15.9, 'trips_k': 6397, 'rank': 1, 'passed': 3, 'candidates': 472, 'account_M': 37252, 'threshold': 1.0, 'state': 0}"
2014,2015,upgrade,rail,Brzeżany,Rohatyn,main_el,27.1,13.6,1.34,appraisal,"{'net_M': 18.1, 'local_M': 0.0, 'om_M': 0.0, 'dt_min': 3.4, 'trips_k': 3630, 'rank': 2, 'passed': 3, 'candidates': 472, 'account_M': 37252, 'threshold': 1.0, 'state': 0}"
2014,2019,upgrade,rail,Brześć,Baranowicze,hsr,223.1,3123.8,1.01,appraisal,"{'net_M': 3161.9, 'local_M': 0.0, 'om_M': 0.0, 'dt_min': 43.2, 'trips_k': 58152, 'rank': 3, 'passed': 3, 'candidates': 472, 'account_M': 37252, 'threshold': 1.0, 'state': 0}"
2014,2017,upgrade,road,Dąbrowa Górnicza,Będzin,motorway,5.4,12.9,1.0,appraisal,"{'net_M': 16.3, 'local_M': np.float64(1.0), 'om_M': 4.4, 'dt_min': 0.5, 'trips_k': 20329, 'rank': 1, 'passed': 1, 'candidates': 619, 'account_M': 55879, 'threshold': 1.0, 'state': 0}"
2014,2014,closure,rail,Nowy Targ,Nowy Sącz,sec,57.6,,,rationalisation,"{'vehicles': 454, 'towns_k': [18, 92], 'road': 'paved'}"
2015,2015,closure,rail,Nadwórna,Worochta,sec,43.5,,,rationalisation,"{'vehicles': 455, 'towns_k': [49, 23], 'road': 'paved'}"
2016,2018,upgrade,rail,Czeremcha,Wołkowysk,main,117.1,70.3,1.62,appraisal,"{'net_M': 114.1, 'local_M': 0.0, 'om_M': 0.0, 'dt_min': 22.7, 'trips_k': 10540, 'rank': 1, 'passed': 2, 'candidates': 468, 'account_M': 33508, 'threshold': 1.0, 'state': 0}"
2016,2017,upgrade,rail,Tarnopol,Zbaraż,main_el,21.1,10.6,1.13,appraisal,"{'net_M': 12.0, 'local_M': 0.0, 'om_M': 0.0, 'dt_min': 2.6, 'trips_k': 14732, 'rank': 2, 'passed': 2, 'candidates': 468, 'account_M': 33508, 'threshold': 1.0, 'state': 0}"
2018,2020,upgrade,rail,Czeremcha,Wołkowysk,main_el,117.1,58.5,5.78,appraisal,"{'net_M': 338.3, 'local_M': 0.0, 'om_M': 0.0, 'dt_min': 14.5, 'trips_k': 28402, 'rank': 1, 'passed': 2, 'candidates': 467, 'account_M': 34062, 'threshold': 1.0, 'state': 0}"
2018,2019,upgrade,rail,Stanisławów,Nadwórna,main,38.7,37.1,1.04,appraisal,"{'net_M': 38.4, 'local_M': 0.0, 'om_M': 0.0, 'dt_min': 7.4, 'trips_k': 4865, 'rank': 2, 'passed': 2, 'candidates': 467, 'account_M': 34062, 'threshold': 1.0, 'state': 0}"
2020,2021,upgrade,rail,Baranowicze,Słonim,main,53.2,31.9,2.16,appraisal,"{'net_M': 68.9, 'local_M': 0.0, 'om_M': 0.0, 'dt_min': 9.8, 'trips_k': 5485, 'rank': 1, 'passed': 4, 'candidates': 466, 'account_M': 35729, 'threshold': 1.0, 'state': 0}"
2020,2021,upgrade,rail,Stanisławów,Nadwórna,main_el,38.7,30.9,1.14,appraisal,"{'net_M': 35.4, 'local_M': 0.0, 'om_M': 0.0, 'dt_min': 4.7, 'trips_k': 5150, 'rank': 2, 'passed': 4, 'candidates': 466, 'account_M': 35729, 'threshold': 1.0, 'state': 0}"
2020,2021,upgrade,rail,Mołodeczno,Wilejka,main,23.8,14.3,1.03,appraisal,"{'net_M': 14.6, 'local_M': 0.0, 'om_M': 0.0, 'dt_min': 4.4, 'trips_k': 3565, 'rank': 3, 'passed': 4, 'candidates': 466, 'account_M': 35729, 'threshold': 1.0, 'state': 0}"
2020,2021,upgrade,rail,Kretinga,Klaipėda,main,24.3,14.6,1.01,appraisal,"{'net_M': 14.7, 'local_M': 0.0, 'om_M': 0.0, 'dt_min': 4.5, 'trips_k': 3299, 'rank': 4, 'passed': 4, 'candidates': 466, 'account_M': 35729, 'threshold': 1.0, 'state': 0}"
2020,2021,upgrade,road,Baranowicze,Słonim,express,56.4,90.3,1.29,appraisal,"{'net_M': 61.9, 'local_M': np.float64(84.5), 'om_M': 23.2, 'dt_min': 10.1, 'trips_k': 5485, 'rank': 1, 'passed': 2, 'candidates': 618, 'account_M': 53593, 'threshold': 1.0, 'state': 0}"
2020,2021,upgrade,road,Lublin,Krasnystaw,express,62.9,100.6,1.0,appraisal,"{'net_M': 0.0, 'local_M': np.float64(126.7), 'om_M': 25.9, 'dt_min': 11.2, 'trips_k': 0, 'rank': 2, 'passed': 2, 'candidates': 618, 'account_M': 53593, 'threshold': 1.0, 'state': 0}"
2022,2023,upgrade,rail,Baranowicze,Słonim,main_el,53.2,26.6,2.14,appraisal,"{'net_M': 57.1, 'local_M': 0.0, 'om_M': 0.0, 'dt_min': 6.5, 'trips_k': 9188, 'rank': 1, 'passed': 3, 'candidates': 466, 'account_M': 36983, 'threshold': 1.0, 'state': 0}"
2022,2023,upgrade,rail,Mołodeczno,Wilejka,main_el,23.8,11.9,1.36,appraisal,"{'net_M': 16.2, 'local_M': 0.0, 'om_M': 0.0, 'dt_min': 2.9, 'trips_k': 3688, 'rank': 2, 'passed': 3, 'candidates': 466, 'account_M': 36983, 'threshold': 1.0, 'state': 0}"
2022,2023,upgrade,rail,Kretinga,Klaipėda,main_el,24.3,12.2,1.3,appraisal,"{'net_M': 15.8, 'local_M': 0.0, 'om_M': 0.0, 'dt_min': 3.0, 'trips_k': 3378, 'rank': 3, 'passed': 3, 'candidates': 466, 'account_M': 36983, 'threshold': 1.0, 'state': 0}"
2022,2023,upgrade,road,Będzin,Chorzów,express,16.1,25.8,1.05,appraisal,"{'net_M': 0.6, 'local_M': np.float64(33.5), 'om_M': 6.6, 'dt_min': 2.9, 'trips_k': 597, 'rank': 1, 'passed': 4, 'candidates': 618, 'account_M': 55474, 'threshold': 1.0, 'state': 0}"
2022,2023,upgrade,road,Łuck,Dubno,express,57.0,91.2,1.04,appraisal,"{'net_M': 0.0, 'local_M': np.float64(119.4), 'om_M': 23.5, 'dt_min': 10.2, 'trips_k': 0, 'rank': 2, 'passed': 4, 'candidates': 618, 'account_M': 55474, 'threshold': 1.0, 'state': 0}"
2022,2023,upgrade,road,Katowice,Pszczyna,express,38.5,61.6,1.04,appraisal,"{'net_M': 0.0, 'local_M': np.float64(80.6), 'om_M': 15.8, 'dt_min': 6.9, 'trips_k': 0, 'rank': 3, 'passed': 4, 'candidates': 618, 'account_M': 55474, 'threshold': 1.0, 'state': 0}"
2022,2023,upgrade,road,Poznań,Leszno,express,82.9,132.7,1.01,appraisal,"{'net_M': 0.0, 'local_M': np.float64(168.0), 'om_M': 34.2, 'dt_min': 14.8, 'trips_k': 0, 'rank': 4, 'passed': 4, 'candidates': 618, 'account_M': 55474, 'threshold': 1.0, 'state': 0}"
2022,2022,closure,rail,Głębokie,Dzisna,nar,66.7,,,rationalisation,"{'vehicles': 483, 'towns_k': [2, 59], 'road': 'paved'}"
2023,2023,closure,rail,Nowy Sącz,Gorlice,sec,39.1,,,rationalisation,"{'vehicles': 493, 'towns_k': [92, 24], 'road': 'paved'}"
2024,2025,upgrade,rail,Pilzno,Jasło,main,32.9,25.7,1.01,appraisal,"{'net_M': 26.0, 'local_M': 0.0, 'om_M': 0.0, 'dt_min': 6.1, 'trips_k': 5287, 'rank': 1, 'passed': 1, 'candidates': 461, 'account_M': 38880, 'threshold': 1.0, 'state': 0}"
2024,2025,upgrade,road,Chełmno,Laskowice,express,19.0,30.4,1.06,appraisal,"{'net_M': 28.5, 'local_M': np.float64(12.0), 'om_M': 7.8, 'dt_min': 3.4, 'trips_k': 4484, 'rank': 1, 'passed': 9, 'candidates': 618, 'account_M': 58320, 'threshold': 1.0, 'state': 0}"
2024,2025,upgrade,road,Lublin,Puławy,express,55.8,89.3,1.05,appraisal,"{'net_M': 0.0, 'local_M': np.float64(118.3), 'om_M': 23.0, 'dt_min': 10.0, 'trips_k': 0, 'rank': 2, 'passed': 9, 'candidates': 618, 'account_M': 58320, 'threshold': 1.0, 'state': 0}"
2024,2027,upgrade,road,Równe,Zdołbunów,motorway,14.9,35.8,1.05,appraisal,"{'net_M': 45.0, 'local_M': np.float64(5.3), 'om_M': 12.3, 'dt_min': 1.4, 'trips_k': 21776, 'rank': 3, 'passed': 9, 'candidates': 618, 'account_M': 58320, 'threshold': 1.0, 'state': 0}"
2024,2025,upgrade,road,Pińsk,Kamień Koszyrski,express,116.4,269.9,1.05,appraisal,"{'net_M': 177.6, 'local_M': np.float64(177.6), 'om_M': 69.5, 'dt_min': 20.8, 'trips_k': 6209, 'rank': 4, 'passed': 9, 'candidates': 618, 'account_M': 58320, 'threshold': 1.0, 'state': 0}"
2024,2025,upgrade,road,Rybnik,Pszczyna,express,39.3,62.8,1.05,appraisal,"{'net_M': 5.2, 'local_M': np.float64(77.3), 'om_M': 16.2, 'dt_min': 7.0, 'trips_k': 383, 'rank': 5, 'passed': 9, 'candidates': 618, 'account_M': 58320, 'threshold': 1.0, 'state': 0}"
2024,2025,upgrade,road,Miechów,Jędrzejów,express,44.6,71.3,1.03,appraisal,"{'net_M': 0.0, 'local_M': np.float64(92.6), 'om_M': 18.4, 'dt_min': 8.0, 'trips_k': 0, 'rank': 6, 'passed': 9, 'candidates': 618, 'account_M': 58320, 'threshold': 1.0, 'state': 0}"
2024,2025,upgrade,road,Krzemieniec,Brody,express,50.6,93.0,1.03,appraisal,"{'net_M': 54.5, 'local_M': np.float64(66.1), 'om_M': 23.9, 'dt_min': 9.0, 'trips_k': 3738, 'rank': 7, 'passed': 9, 'candidates': 618, 'account_M': 58320, 'threshold': 1.0, 'state': 0}"
2024,2025,upgrade,road,Łuck,Włodzimierz Wołyński,express,87.7,140.2,1.02,appraisal,"{'net_M': 0.0, 'local_M': np.float64(179.0), 'om_M': 36.1, 'dt_min': 15.7, 'trips_k': 0, 'rank': 8, 'passed': 9, 'candidates': 618, 'account_M': 58320, 'threshold': 1.0, 'state': 0}"
2024,2025,upgrade,road,Poznań,Września,express,54.1,86.6,1.0,appraisal,"{'net_M': 0.0, 'local_M': np.float64(109.3), 'om_M': 22.3, 'dt_min': 9.7, 'trips_k': 0, 'rank': 9, 'passed': 9, 'candidates': 618, 'account_M': 58320, 'threshold': 1.0, 'state': 0}"
2025,2025,closure,rail,Horodenka,Zaleszczyki,sec,19.6,,,rationalisation,"{'vehicles': 515, 'towns_k': [46, 25], 'road': 'paved'}"
2026,2027,upgrade,rail,Pilzno,Jasło,main_el,32.9,21.4,2.15,appraisal,"{'net_M': 45.9, 'local_M': 0.0, 'om_M': 0.0, 'dt_min': 4.0, 'trips_k': 6696, 'rank': 1, 'passed': 4, 'candidates': 460, 'account_M': 39816, 'threshold': 1.0, 'state': 0}"
2026,2027,upgrade,rail,Jasło,Krosno,main,26.0,20.3,1.16,appraisal,"{'net_M': 23.5, 'local_M': 0.0, 'om_M': 0.0, 'dt_min': 4.8, 'trips_k': 4214, 'rank': 2, 'passed': 4, 'candidates': 460, 'account_M': 39816, 'threshold': 1.0, 'state': 0}"
2026,2029,upgrade,rail,Łuck,Równe,hsr,76.4,1069.2,1.04,appraisal,"{'net_M': 1107.8, 'local_M': 0.0, 'om_M': 0.0, 'dt_min': 14.2, 'trips_k': 46975, 'rank': 3, 'passed': 4, 'candidates': 460, 'account_M': 39816, 'threshold': 1.0, 'state': 0}"
2026,2030,upgrade,rail,Lwów,Halicz,hsr,108.5,1746.2,1.01,appraisal,"{'net_M': 1758.0, 'local_M': 0.0, 'om_M': 0.0, 'dt_min': 20.1, 'trips_k': 53595, 'rank': 4, 'passed': 4, 'candidates': 460, 'account_M': 39816, 'threshold': 1.0, 'state': 0}"
2026,2027,upgrade,road,Tarnów,Pilzno,express,26.5,48.7,1.19,appraisal,"{'net_M': 48.2, 'local_M': np.float64(24.8), 'om_M': 12.5, 'dt_min': 4.7, 'trips_k': 6339, 'rank': 1, 'passed': 10, 'candidates': 612, 'account_M': 59723, 'threshold': 1.0, 'state': 0}"
2026,2027,upgrade,road,Ostrowiec,Kraśnik,express,71.0,113.6,1.04,appraisal,"{'net_M': 59.0, 'local_M': np.float64(89.8), 'om_M': 29.2, 'dt_min': 12.7, 'trips_k': 3151, 'rank': 2, 'passed': 10, 'candidates': 612, 'account_M': 59723, 'threshold': 1.0, 'state': 0}"
2026,2027,upgrade,road,Płock,Włocławek,express,53.7,85.8,1.03,appraisal,"{'net_M': 25.5, 'local_M': np.float64(85.6), 'om_M': 22.1, 'dt_min': 9.6, 'trips_k': 1441, 'rank': 3, 'passed': 10, 'candidates': 612, 'account_M': 59723, 'threshold': 1.0, 'state': 0}"
2026,2027,upgrade,road,Poznań,Zbąszyń,express,86.5,138.4,1.02,appraisal,"{'net_M': 0.0, 'local_M': np.float64(177.5), 'om_M': 35.6, 'dt_min': 15.4, 'trips_k': 0, 'rank': 4, 'passed': 10, 'candidates': 612, 'account_M': 59723, 'threshold': 1.0, 'state': 0}"
2026,2027,upgrade,road,Poznań,Jarocin,express,76.2,122.0,1.02,appraisal,"{'net_M': 0.0, 'local_M': np.float64(155.8), 'om_M': 31.4, 'dt_min': 13.6, 'trips_k': 0, 'rank': 5, 'passed': 10, 'candidates': 612, 'account_M': 59723, 'threshold': 1.0, 'state': 0}"
2026,2027,upgrade,road,Włocławek,Toruń,express,62.2,99.5,1.01,appraisal,"{'net_M': 0.0, 'local_M': np.float64(126.5), 'om_M': 25.6, 'dt_min': 11.1, 'trips_k': 0, 'rank': 6, 'passed': 10, 'candidates': 612, 'account_M': 59723, 'threshold': 1.0, 'state': 0}"
2026,2027,upgrade,road,Toruń,Grudziądz,express,64.9,103.9,1.01,appraisal,"{'net_M': 0.0, 'local_M': np.float64(131.7), 'om_M': 26.7, 'dt_min': 11.6, 'trips_k': 0, 'rank': 7, 'passed': 10, 'candidates': 612, 'account_M': 59723, 'threshold': 1.0, 'state': 0}"
2026,2027,upgrade,road,Jędrzejów,Mielec,express,107.7,172.4,1.01,appraisal,"{'net_M': 1.4, 'local_M': np.float64(217.2), 'om_M': 44.4, 'dt_min': 19.2, 'trips_k': 72, 'rank': 8, 'passed': 10, 'candidates': 612, 'account_M': 59723, 'threshold': 1.0, 'state': 0}"
2026,2027,upgrade,road,Rawa Ruska,Gródek Jagielloński,express,61.1,97.8,1.0,appraisal,"{'net_M': 47.7, 'local_M': np.float64(75.5), 'om_M': 25.2, 'dt_min': 10.9, 'trips_k': 3177, 'rank': 9, 'passed': 10, 'candidates': 612, 'account_M': 59723, 'threshold': 1.0, 'state': 0}"
2026,2027,upgrade,road,Grójec,Radom,express,68.0,108.8,1.0,appraisal,"{'net_M': 27.9, 'local_M': np.float64(109.2), 'om_M': 28.0, 'dt_min': 12.1, 'trips_k': 1508, 'rank': 10, 'passed': 10, 'candidates': 612, 'account_M': 59723, 'threshold': 1.0, 'state': 0}"
2028,2029,upgrade,rail,Jasło,Krosno,main_el,26.0,16.9,1.72,appraisal,"{'net_M': 29.0, 'local_M': 0.0, 'om_M': 0.0, 'dt_min': 3.2, 'trips_k': 4726, 'rank': 1, 'passed': 11, 'candidates': 458, 'account_M': 41748, 'threshold': 1.0, 'state': 0}"
2028,2032,upgrade,rail,Lida,Baranowicze,hsr,111.2,1556.4,1.58,appraisal,"{'net_M': 2463.4, 'local_M': 0.0, 'om_M': 0.0, 'dt_min': 20.6, 'trips_k': 73812, 'rank': 2, 'passed': 11, 'candidates': 458, 'account_M': 41748, 'threshold': 1.0, 'state': 0}"
2028,2032,upgrade,rail,Wilno,Lida,hsr,102.3,1647.2,1.06,appraisal,"{'net_M': 1752.6, 'local_M': 0.0, 'om_M': 0.0, 'dt_min': 19.0, 'trips_k': 59907, 'rank': 3, 'passed': 11, 'candidates': 458, 'account_M': 41748, 'threshold': 1.0, 'state': 0}"
2028,2030,upgrade,rail,Święciany,Riga via Daugavpils,main_el,97.3,48.7,1.06,appraisal,"{'net_M': 51.6, 'local_M': 0.0, 'om_M': 0.0, 'dt_min': 11.8, 'trips_k': 3205, 'rank': 4, 'passed': 11, 'candidates': 458, 'account_M': 41748, 'threshold': 1.0, 'state': 0}"
2028,2029,upgrade,rail,Tarnów,Nowy Sącz,main,55.7,53.4,1.05,appraisal,"{'net_M': 56.3, 'local_M': 0.0, 'om_M': 0.0, 'dt_min': 10.3, 'trips_k': 3326, 'rank': 5, 'passed': 11, 'candidates': 458, 'account_M': 41748, 'threshold': 1.0, 'state': 0}"
2028,2030,upgrade,rail,Šiauliai,Mažeikiai,main_el,84.5,42.3,1.03,appraisal,"{'net_M': 43.6, 'local_M': 0.0, 'om_M': 0.0, 'dt_min': 10.3, 'trips_k': 2284, 'rank': 6, 'passed': 11, 'candidates': 458, 'account_M': 41748, 'threshold': 1.0, 'state': 0}"
2028,2029,upgrade,rail,Poznań,Leszno,main_el,78.2,39.1,1.03,appraisal,"{'net_M': 40.1, 'local_M': 0.0, 'om_M': 0.0, 'dt_min': 9.5, 'trips_k': 2242, 'rank': 7, 'passed': 11, 'candidates': 458, 'account_M': 41748, 'threshold': 1.0, 'state': 0}"
2028,2029,upgrade,rail,Katowice,Gleiwitz-Beuthen,main_el,29.1,14.5,1.01,appraisal,"{'net_M': 14.7, 'local_M': 0.0, 'om_M': 0.0, 'dt_min': 3.5, 'trips_k': 3533, 'rank': 8, 'passed': 11, 'candidates': 458, 'account_M': 41748, 'threshold': 1.0, 'state': 0}"
2028,2029,upgrade,rail,Gdynia,Wejherowo,main_el,23.8,11.9,1.01,appraisal,"{'net_M': 12.0, 'local_M': 0.0, 'om_M': 0.0, 'dt_min': 2.9, 'trips_k': 1949, 'rank': 9, 'passed': 11, 'candidates': 458, 'account_M': 41748, 'threshold': 1.0, 'state': 0}"
2028,2031,upgrade,rail,Gródek Jagielloński,Lwów,hsr,32.3,519.8,1.01,appraisal,"{'net_M': 522.8, 'local_M': 0.0, 'om_M': 0.0, 'dt_min': 6.0, 'trips_k': 56831, 'rank': 10, 'passed': 11, 'candidates': 458, 'account_M': 41748, 'threshold': 1.0, 'state': 0}"
2028,2031,upgrade,rail,Toruń,Bydgoszcz,hsr,47.5,664.5,1.0,appraisal,"{'net_M': 666.9, 'local_M': 0.0, 'om_M': 0.0, 'dt_min': 8.8, 'trips_k': 38013, 'rank': 11, 'passed': 11, 'candidates': 458, 'account_M': 41748, 'threshold': 1.0, 'state': 0}"
2028,2031,upgrade,road,Końskie,Jędrzejów,motorway,75.2,180.5,1.07,appraisal,"{'net_M': 216.4, 'local_M': np.float64(42.1), 'om_M': 61.9, 'dt_min': 6.9, 'trips_k': 17518, 'rank': 1, 'passed': 25, 'candidates': 612, 'account_M': 62622, 'threshold': 1.0, 'state': 0}"
2028,2029,upgrade,road,Bydgoszcz,Toruń,express,50.4,80.6,1.06,appraisal,"{'net_M': 0.0, 'local_M': np.float64(107.6), 'om_M': 20.7, 'dt_min': 9.0, 'trips_k': 0, 'rank': 2, 'passed': 25, 'candidates': 612, 'account_M': 62622, 'threshold': 1.0, 'state': 0}"
2028,2029,upgrade,road,Zduńska Wola,Łęczyca,express,66.1,105.8,1.06,appraisal,"{'net_M': 66.9, 'local_M': np.float64(74.3), 'om_M': 27.2, 'dt_min': 11.8, 'trips_k': 7061, 'rank': 3, 'passed': 25, 'candidates': 612, 'account_M': 62622, 'threshold': 1.0, 'state': 0}"
2028,2029,upgrade,road,Radomsko,Częstochowa,express,45.2,72.3,1.06,appraisal,"{'net_M': 0.0, 'local_M': np.float64(96.3), 'om_M': 18.6, 'dt_min': 8.1, 'trips_k': 0, 'rank': 4, 'passed': 25, 'candidates': 612, 'account_M': 62622, 'threshold': 1.0, 'state': 0}"
2028,2029,upgrade,road,Pińsk,Stolin,express,69.4,161.0,1.05,appraisal,"{'net_M': 98.7, 'local_M': np.float64(114.8), 'om_M': 41.4, 'dt_min': 12.4, 'trips_k': 4310, 'rank': 5, 'passed': 25, 'candidates': 612, 'account_M': 62622, 'threshold': 1.0, 'state': 0}"
2028,2029,upgrade,road,Sambor,Gródek Jagielloński,express,53.0,97.5,1.05,appraisal,"{'net_M': 55.9, 'local_M': np.float64(72.9), 'om_M': 25.1, 'dt_min': 9.5, 'trips_k': 3260, 'rank': 6, 'passed': 25, 'candidates': 612, 'account_M': 62622, 'threshold': 1.0, 'state': 0}"
2028,2029,upgrade,road,Łuck,Kostopol,express,97.6,156.2,1.05,appraisal,"{'net_M': 0.0, 'local_M': np.float64(206.4), 'om_M': 40.2, 'dt_min': 17.4, 'trips_k': 0, 'rank': 7, 'passed': 25, 'candidates': 612, 'account_M': 62622, 'threshold': 1.0, 'state': 0}"
2028,2029,upgrade,road,Kowel,Włodzimierz Wołyński,express,59.1,94.6,1.05,appraisal,"{'net_M': 0.0, 'local_M': np.float64(124.4), 'om_M': 24.3, 'dt_min': 10.6, 'trips_k': 0, 'rank': 8, 'passed': 25, 'candidates': 612, 'account_M': 62622, 'threshold': 1.0, 'state': 0}"
2028,2029,upgrade,road,Siedlce,Łuków,express,33.4,53.5,1.04,appraisal,"{'net_M': 0.0, 'local_M': np.float64(69.9), 'om_M': 13.8, 'dt_min': 6.0, 'trips_k': 0, 'rank': 9, 'passed': 25, 'candidates': 612, 'account_M': 62622, 'threshold': 1.0, 'state': 0}"
2028,2029,upgrade,road,Równe,Kostopol,express,39.2,62.8,1.04,appraisal,"{'net_M': 0.0, 'local_M': np.float64(81.9), 'om_M': 16.2, 'dt_min': 7.0, 'trips_k': 0, 'rank': 10, 'passed': 25, 'candidates': 612, 'account_M': 62622, 'threshold': 1.0, 'state': 0}"
2028,2029,upgrade,road,Poznań,Gniezno,express,58.1,93.0,1.03,appraisal,"{'net_M': 0.0, 'local_M': np.float64(120.8), 'om_M': 23.9, 'dt_min': 10.4, 'trips_k': 0, 'rank': 11, 'passed': 25, 'candidates': 612, 'account_M': 62622, 'threshold': 1.0, 'state': 0}"
2028,2029,upgrade,road,Częstochowa,Zawiercie,express,50.5,80.8,1.03,appraisal,"{'net_M': 0.0, 'local_M': np.float64(104.7), 'om_M': 20.8, 'dt_min': 9.0, 'trips_k': 0, 'rank': 12, 'passed': 25, 'candidates': 612, 'account_M': 62622, 'threshold': 1.0, 'state': 0}"
2028,2029,upgrade,road,Wilno,Ukmergė,express,86.1,158.4,1.03,appraisal,"{'net_M': 58.8, 'local_M': np.float64(146.5), 'om_M': 40.8, 'dt_min': 15.4, 'trips_k': 2145, 'rank': 13, 'passed': 25, 'candidates': 612, 'account_M': 62622, 'threshold': 1.0, 'state': 0}"
2028,2029,upgrade,road,Kielce,Starachowice,express,44.8,71.7,1.03,appraisal,"{'net_M': 21.9, 'local_M': np.float64(71.0), 'om_M': 18.5, 'dt_min': 8.0, 'trips_k': 2898, 'rank': 14, 'passed': 25, 'candidates': 612, 'account_M': 62622, 'threshold': 1.0, 'state': 0}"
2028,2029,upgrade,road,Wilno,Oszmiana,express,62.8,115.5,1.03,appraisal,"{'net_M': 44.4, 'local_M': np.float64(104.8), 'om_M': 29.7, 'dt_min': 11.2, 'trips_k': 2913, 'rank': 15, 'passed': 25, 'candidates': 612, 'account_M': 62622, 'threshold': 1.0, 'state': 0}"
2028,2029,upgrade,road,Biała Podlaska,Brześć,express,47.7,76.3,1.03,appraisal,"{'net_M': 0.0, 'local_M': np.float64(98.4), 'om_M': 19.6, 'dt_min': 8.5, 'trips_k': 0, 'rank': 16, 'passed': 25, 'candidates': 612, 'account_M': 62622, 'threshold': 1.0, 'state': 0}"
2028,2029,upgrade,road,Włocławek,Koło,express,70.7,113.0,1.03,appraisal,"{'net_M': 23.6, 'local_M': np.float64(122.1), 'om_M': 29.1, 'dt_min': 12.6, 'trips_k': 1563, 'rank': 17, 'passed': 25, 'candidates': 612, 'account_M': 62622, 'threshold': 1.0, 'state': 0}"
2028,2029,upgrade,road,Raseiniai,Šakiai,express,58.6,93.7,1.02,appraisal,"{'net_M': 74.4, 'local_M': np.float64(45.8), 'om_M': 24.1, 'dt_min': 10.5, 'trips_k': 3705, 'rank': 18, 'passed': 25, 'candidates': 612, 'account_M': 62622, 'threshold': 1.0, 'state': 0}"
2028,2029,upgrade,road,Poznań,Wągrowiec,express,58.6,93.8,1.02,appraisal,"{'net_M': 13.5, 'local_M': np.float64(106.9), 'om_M': 24.2, 'dt_min': 10.5, 'trips_k': 827, 'rank': 19, 'passed': 25, 'candidates': 612, 'account_M': 62622, 'threshold': 1.0, 'state': 0}"
2028,2029,upgrade,road,Włodawa,Brześć,express,75.5,120.8,1.02,appraisal,"{'net_M': 0.0, 'local_M': np.float64(154.3), 'om_M': 31.1, 'dt_min': 13.5, 'trips_k': 0, 'rank': 20, 'passed': 25, 'candidates': 612, 'account_M': 62622, 'threshold': 1.0, 'state': 0}"
2028,2029,upgrade,road,Poznań,Szamotuły,express,39.6,63.4,1.02,appraisal,"{'net_M': 0.0, 'local_M': np.float64(81.0), 'om_M': 16.3, 'dt_min': 7.1, 'trips_k': 0, 'rank': 21, 'passed': 25, 'candidates': 612, 'account_M': 62622, 'threshold': 1.0, 'state': 0}"
2028,2029,upgrade,road,Białystok,Wołkowysk,express,105.0,168.0,1.01,appraisal,"{'net_M': 0.0, 'local_M': np.float64(213.3), 'om_M': 43.2, 'dt_min': 18.8, 'trips_k': 0, 'rank': 22, 'passed': 25, 'candidates': 612, 'account_M': 62622, 'threshold': 1.0, 'state': 0}"
2028,2029,upgrade,road,Toruń,Brodnica,express,73.4,117.5,1.01,appraisal,"{'net_M': 0.0, 'local_M': np.float64(148.6), 'om_M': 30.2, 'dt_min': 13.1, 'trips_k': 0, 'rank': 23, 'passed': 25, 'candidates': 612, 'account_M': 62622, 'threshold': 1.0, 'state': 0}"
2028,2029,upgrade,road,Kraków,Wadowice,express,46.2,85.1,1.01,appraisal,"{'net_M': 0.0, 'local_M': np.float64(107.6), 'om_M': 21.9, 'dt_min': 8.3, 'trips_k': 0, 'rank': 24, 'passed': 25, 'candidates': 612, 'account_M': 62622, 'threshold': 1.0, 'state': 0}"
2028,2029,upgrade,road,Radom,Dęblin,express,63.0,100.8,1.0,appraisal,"{'net_M': 0.0, 'local_M': np.float64(127.2), 'om_M': 25.9, 'dt_min': 11.2, 'trips_k': 0, 'rank': 25, 'passed': 25, 'candidates': 612, 'account_M': 62622, 'threshold': 1.0, 'state': 0}"
2030,2031,upgrade,rail,Buczacz,Czortków,main,35.0,21.0,1.45,appraisal,"{'net_M': 30.3, 'local_M': 0.0, 'om_M': 0.0, 'dt_min': 6.4, 'trips_k': 4058, 'rank': 1, 'passed': 4, 'candidates': 450, 'account_M': 41960, 'threshold': 1.0, 'state': 0}"
2030,2031,upgrade,rail,Tarnów,Nowy Sącz,main_el,55.7,44.5,1.11,appraisal,"{'net_M': 49.6, 'local_M': 0.0, 'om_M': 0.0, 'dt_min': 6.8, 'trips_k': 4807, 'rank': 2, 'passed': 4, 'candidates': 450, 'account_M': 41960, 'threshold': 1.0, 'state': 0}"
2030,2031,upgrade,rail,Sanok,Przemyśl,main,54.9,57.7,1.09,appraisal,"{'net_M': 62.8, 'local_M': 0.0, 'om_M': 0.0, 'dt_min': 10.1, 'trips_k': 3867, 'rank': 3, 'passed': 4, 'candidates': 450, 'account_M': 41960, 'threshold': 1.0, 'state': 0}"
2030,2033,upgrade,rail,Brześć,Kobryń,hsr,54.4,933.2,1.03,appraisal,"{'net_M': 965.5, 'local_M': 0.0, 'om_M': 0.0, 'dt_min': 10.1, 'trips_k': 55297, 'rank': 4, 'passed': 4, 'candidates': 450, 'account_M': 41960, 'threshold': 1.0, 'state': 0}"
2030,2031,upgrade,road,Halicz,Buczacz,express,59.9,95.8,1.32,appraisal,"{'net_M': 121.1, 'local_M': np.float64(38.4), 'om_M': 24.7, 'dt_min': 10.7, 'trips_k': 7484, 'rank': 1, 'passed': 6, 'candidates': 611, 'account_M': 62940, 'threshold': 1.0, 'state': 0}"
2030,2031,upgrade,road,Kałusz,Halicz,express,34.2,54.8,1.12,appraisal,"{'net_M': 53.9, 'local_M': np.float64(23.3), 'om_M': 14.1, 'dt_min': 6.1, 'trips_k': 4859, 'rank': 2, 'passed': 6, 'candidates': 611, 'account_M': 62940, 'threshold': 1.0, 'state': 0}"
2030,2031,upgrade,road,Kalisz,Koło,express,75.3,120.5,1.1,appraisal,"{'net_M': 46.7, 'local_M': np.float64(119.3), 'om_M': 31.0, 'dt_min': 13.5, 'trips_k': 1940, 'rank': 3, 'passed': 6, 'candidates': 611, 'account_M': 62940, 'threshold': 1.0, 'state': 0}"
2030,2033,upgrade,road,Koło,Łęczyca,motorway,50.4,120.8,1.01,appraisal,"{'net_M': 148.4, 'local_M': np.float64(15.0), 'om_M': 41.5, 'dt_min': 4.6, 'trips_k': 15582, 'rank': 4, 'passed': 6, 'candidates': 611, 'account_M': 62940, 'threshold': 1.0, 'state': 0}"
2030,2032,upgrade,road,Grodno,Lida,express,121.2,193.9,1.01,appraisal,"{'net_M': 20.7, 'local_M': np.float64(224.7), 'om_M': 49.9, 'dt_min': 21.6, 'trips_k': 1210, 'rank': 5, 'passed': 6, 'candidates': 611, 'account_M': 62940, 'threshold': 1.0, 'state': 0}"
2030,2031,upgrade,road,Włodzimierz Wołyński,Horochów,express,60.7,97.1,1.0,appraisal,"{'net_M': 29.7, 'local_M': np.float64(92.7), 'om_M': 25.0, 'dt_min': 10.8, 'trips_k': 4028, 'rank': 6, 'passed': 6, 'candidates': 611, 'account_M': 62940, 'threshold': 1.0, 'state': 0}"
