year,language,sex,age,persons
1932,pl,male,0,3.1034e+05
1932,pl,male,1,2.8124e+05
1932,pl,male,2,2.7062e+05
1932,pl,male,3,2.7091e+05
1932,pl,male,4,2.7181e+05
1932,pl,male,5,2.7248e+05
1932,pl,male,6,2.7273e+05
1932,pl,male,7,2.725e+05
1932,pl,male,8,2.7182e+05
1932,pl,male,9,2.7069e+05
1932,pl,male,10,2.6914e+05
1932,pl,male,11,2.3706e+05
1932,pl,male,12,2.0047e+05
1932,pl,male,13,1.4847e+05
1932,pl,male,14,1.3284e+05
1932,pl,male,15,1.3524e+05
1932,pl,male,16,1.7944e+05
1932,pl,male,17,2.3541e+05
1932,pl,male,18,2.2991e+05
1932,pl,male,19,2.2453e+05
1932,pl,male,20,2.1926e+05
1932,pl,male,21,2.1411e+05
1932,pl,male,22,2.0907e+05
1932,pl,male,23,2.0413e+05
1932,pl,male,24,1.993e+05
1932,pl,male,25,1.9457e+05
1932,pl,male,26,1.8993e+05
1932,pl,male,27,1.8539e+05
1932,pl,male,28,1.8094e+05
1932,pl,male,29,1.7658e+05
1932,pl,male,30,1.723e+05
1932,pl,male,31,1.681e+05
1932,pl,male,32,1.5087e+05
1932,pl,male,33,1.4715e+05
1932,pl,male,34,1.435e+05
1932,pl,male,35,1.3991e+05
1932,pl,male,36,1.3638e+05
1932,pl,male,37,1.3292e+05
1932,pl,male,38,1.295e+05
1932,pl,male,39,1.2614e+05
1932,pl,male,40,1.2283e+05
1932,pl,male,41,1.1957e+05
1932,pl,male,42,1.1634e+05
1932,pl,male,43,1.1316e+05
1932,pl,male,44,1.1002e+05
1932,pl,male,45,1.0691e+05
1932,pl,male,46,1.0383e+05
1932,pl,male,47,1.0078e+05
1932,pl,male,48,97755
1932,pl,male,49,94751
1932,pl,male,50,91767
1932,pl,male,51,88798
1932,pl,male,52,85842
1932,pl,male,53,82896
1932,pl,male,54,79958
1932,pl,male,55,77025
1932,pl,male,56,80537
1932,pl,male,57,77352
1932,pl,male,58,74166
1932,pl,male,59,70978
1932,pl,male,60,67787
1932,pl,male,61,64591
1932,pl,male,62,61393
1932,pl,male,63,58193
1932,pl,male,64,54993
1932,pl,male,65,51797
1932,pl,male,66,48608
1932,pl,male,67,45433
1932,pl,male,68,42278
1932,pl,male,69,39152
1932,pl,male,70,36064
1932,pl,male,71,33025
1932,pl,male,72,30048
1932,pl,male,73,27147
1932,pl,male,74,24335
1932,pl,male,75,21629
1932,pl,male,76,19043
1932,pl,male,77,16595
1932,pl,male,78,14298
1932,pl,male,79,12167
1932,pl,male,80,10212
1932,pl,male,81,8443.6
1932,pl,male,82,6867.1
1932,pl,male,83,5484.6
1932,pl,male,84,4294.1
1932,pl,male,85,3289.3
1932,pl,male,86,2460
1932,pl,male,87,1792
1932,pl,male,88,1268.3
1932,pl,male,89,869.69
1932,pl,male,90,576.02
1932,pl,male,91,367.28
1932,pl,male,92,224.63
1932,pl,male,93,131.26
1932,pl,male,94,72.958
1932,pl,male,95,38.395
1932,pl,male,96,19.032
1932,pl,male,97,8.8367
1932,pl,male,98,3.8196
1932,pl,male,99,1.5268
1932,pl,male,100,0.79084
1932,pl,female,0,2.9384e+05
1932,pl,female,1,2.6768e+05
1932,pl,female,2,2.5799e+05
1932,pl,female,3,2.5842e+05
1932,pl,female,4,2.5937e+05
1932,pl,female,5,2.6009e+05
1932,pl,female,6,2.604e+05
1932,pl,female,7,2.6026e+05
1932,pl,female,8,2.5968e+05
1932,pl,female,9,2.5868e+05
1932,pl,female,10,2.5727e+05
1932,pl,female,11,2.2665e+05
1932,pl,female,12,1.9172e+05
1932,pl,female,13,1.4205e+05
1932,pl,female,14,1.2713e+05
1932,pl,female,15,1.2949e+05
1932,pl,female,16,1.7187e+05
1932,pl,female,17,2.2558e+05
1932,pl,female,18,2.204e+05
1932,pl,female,19,2.1533e+05
1932,pl,female,20,2.1036e+05
1932,pl,female,21,2.0551e+05
1932,pl,female,22,2.0076e+05
1932,pl,female,23,1.9611e+05
1932,pl,female,24,1.9156e+05
1932,pl,female,25,1.8711e+05
1932,pl,female,26,1.8275e+05
1932,pl,female,27,1.7848e+05
1932,pl,female,28,1.743e+05
1932,pl,female,29,1.702e+05
1932,pl,female,30,1.6618e+05
1932,pl,female,31,1.6225e+05
1932,pl,female,32,1.5839e+05
1932,pl,female,33,1.5461e+05
1932,pl,female,34,1.509e+05
1932,pl,female,35,1.4726e+05
1932,pl,female,36,1.4369e+05
1932,pl,female,37,1.4018e+05
1932,pl,female,38,1.3673e+05
1932,pl,female,39,1.3334e+05
1932,pl,female,40,1.3e+05
1932,pl,female,41,1.2672e+05
1932,pl,female,42,1.2349e+05
1932,pl,female,43,1.2031e+05
1932,pl,female,44,1.1717e+05
1932,pl,female,45,1.1407e+05
1932,pl,female,46,1.1101e+05
1932,pl,female,47,1.0799e+05
1932,pl,female,48,1.0501e+05
1932,pl,female,49,1.0205e+05
1932,pl,female,50,99117
1932,pl,female,51,96211
1932,pl,female,52,93327
1932,pl,female,53,90462
1932,pl,female,54,87612
1932,pl,female,55,84774
1932,pl,female,56,81947
1932,pl,female,57,79128
1932,pl,female,58,76313
1932,pl,female,59,73500
1932,pl,female,60,70688
1932,pl,female,61,67875
1932,pl,female,62,65059
1932,pl,female,63,62238
1932,pl,female,64,59413
1932,pl,female,65,56583
1932,pl,female,66,53749
1932,pl,female,67,50913
1932,pl,female,68,48076
1932,pl,female,69,45241
1932,pl,female,70,42414
1932,pl,female,71,39599
1932,pl,female,72,36802
1932,pl,female,73,34033
1932,pl,female,74,31298
1932,pl,female,75,28610
1932,pl,female,76,25980
1932,pl,female,77,23420
1932,pl,female,78,20943
1932,pl,female,79,18563
1932,pl,female,80,16295
1932,pl,female,81,14153
1932,pl,female,82,12149
1932,pl,female,83,10296
1932,pl,female,84,8602.6
1932,pl,female,85,7077.4
1932,pl,female,86,5724.2
1932,pl,female,87,4544
1932,pl,female,88,3533.9
1932,pl,female,89,2687
1932,pl,female,90,1993.2
1932,pl,female,91,1439
1932,pl,female,92,1008.4
1932,pl,female,93,683.98
1932,pl,female,94,447.62
1932,pl,female,95,281.67
1932,pl,female,96,169.79
1932,pl,female,97,97.645
1932,pl,female,98,53.333
1932,pl,female,99,27.533
1932,pl,female,100,24.262
1932,uk,male,0,69589
1932,uk,male,1,61631
1932,uk,male,2,58808
1932,uk,male,3,57908
1932,uk,male,4,57277
1932,uk,male,5,56685
1932,uk,male,6,56073
1932,uk,male,7,55427
1932,uk,male,8,54745
1932,uk,male,9,54027
1932,uk,male,10,53275
1932,uk,male,11,46934
1932,uk,male,12,39175
1932,uk,male,13,29366
1932,uk,male,14,26219
1932,uk,male,15,26880
1932,uk,male,16,35663
1932,uk,male,17,45938
1932,uk,male,18,44865
1932,uk,male,19,43814
1932,uk,male,20,42787
1932,uk,male,21,41781
1932,uk,male,22,40796
1932,uk,male,23,39832
1932,uk,male,24,38888
1932,uk,male,25,37964
1932,uk,male,26,37058
1932,uk,male,27,36171
1932,uk,male,28,35301
1932,uk,male,29,34448
1932,uk,male,30,33611
1932,uk,male,31,32791
1932,uk,male,32,29426
1932,uk,male,33,28699
1932,uk,male,34,27984
1932,uk,male,35,27282
1932,uk,male,36,26591
1932,uk,male,37,25911
1932,uk,male,38,25242
1932,uk,male,39,24583
1932,uk,male,40,23933
1932,uk,male,41,23292
1932,uk,male,42,22660
1932,uk,male,43,22035
1932,uk,male,44,21416
1932,uk,male,45,20805
1932,uk,male,46,20199
1932,uk,male,47,19598
1932,uk,male,48,19002
1932,uk,male,49,18410
1932,uk,male,50,17821
1932,uk,male,51,17235
1932,uk,male,52,16651
1932,uk,male,53,16069
1932,uk,male,54,15488
1932,uk,male,55,14908
1932,uk,male,56,15573
1932,uk,male,57,14943
1932,uk,male,58,14312
1932,uk,male,59,13680
1932,uk,male,60,13048
1932,uk,male,61,12415
1932,uk,male,62,11781
1932,uk,male,63,11148
1932,uk,male,64,10514
1932,uk,male,65,9882.3
1932,uk,male,66,9252.3
1932,uk,male,67,8625.7
1932,uk,male,68,8004
1932,uk,male,69,7389.1
1932,uk,male,70,6782.9
1932,uk,male,71,6188
1932,uk,male,72,5606.7
1932,uk,male,73,5042.1
1932,uk,male,74,4497.1
1932,uk,male,75,3974.8
1932,uk,male,76,3478.3
1932,uk,male,77,3010.7
1932,uk,male,78,2574.7
1932,uk,male,79,2173
1932,uk,male,80,1807.5
1932,uk,male,81,1479.6
1932,uk,male,82,1190.1
1932,uk,male,83,939.03
1932,uk,male,84,725.39
1932,uk,male,85,547.47
1932,uk,male,86,402.78
1932,uk,male,87,288.13
1932,uk,male,88,199.87
1932,uk,male,89,134.04
1932,uk,male,90,86.618
1932,uk,male,91,53.742
1932,uk,male,92,31.888
1932,uk,male,93,18.017
1932,uk,male,94,9.6468
1932,uk,male,95,4.8698
1932,uk,male,96,2.3046
1932,uk,male,97,1.0161
1932,uk,female,0,65964
1932,uk,female,1,58837
1932,uk,female,2,56262
1932,uk,female,3,55448
1932,uk,female,4,54871
1932,uk,female,5,54326
1932,uk,female,6,53761
1932,uk,female,7,53162
1932,uk,female,8,52528
1932,uk,female,9,51860
1932,uk,female,10,51159
1932,uk,female,11,45085
1932,uk,female,12,37648
1932,uk,female,13,28233
1932,uk,female,14,25219
1932,uk,female,15,25866
1932,uk,female,16,34334
1932,uk,female,17,44251
1932,uk,female,18,43238
1932,uk,female,19,42247
1932,uk,female,20,41277
1932,uk,female,21,40328
1932,uk,female,22,39399
1932,uk,female,23,38490
1932,uk,female,24,37600
1932,uk,female,25,36729
1932,uk,female,26,35876
1932,uk,female,27,35040
1932,uk,female,28,34221
1932,uk,female,29,33419
1932,uk,female,30,32633
1932,uk,female,31,31862
1932,uk,female,32,31106
1932,uk,female,33,30364
1932,uk,female,34,29636
1932,uk,female,35,28922
1932,uk,female,36,28220
1932,uk,female,37,27531
1932,uk,female,38,26853
1932,uk,female,39,26187
1932,uk,female,40,25531
1932,uk,female,41,24885
1932,uk,female,42,24249
1932,uk,female,43,23622
1932,uk,female,44,23004
1932,uk,female,45,22393
1932,uk,female,46,21790
1932,uk,female,47,21194
1932,uk,female,48,20603
1932,uk,female,49,20019
1932,uk,female,50,19439
1932,uk,female,51,18864
1932,uk,female,52,18292
1932,uk,female,53,17724
1932,uk,female,54,17158
1932,uk,female,55,16595
1932,uk,female,56,16033
1932,uk,female,57,15473
1932,uk,female,58,14912
1932,uk,female,59,14352
1932,uk,female,60,13792
1932,uk,female,61,13231
1932,uk,female,62,12670
1932,uk,female,63,12107
1932,uk,female,64,11543
1932,uk,female,65,10978
1932,uk,female,66,10413
1932,uk,female,67,9846.9
1932,uk,female,68,9281
1932,uk,female,69,8716
1932,uk,female,70,8152.9
1932,uk,female,71,7592.9
1932,uk,female,72,7037.3
1932,uk,female,73,6488
1932,uk,female,74,5946.8
1932,uk,female,75,5416
1932,uk,female,76,4898
1932,uk,female,77,4395.5
1932,uk,female,78,3911.1
1932,uk,female,79,3447.8
1932,uk,female,80,3008.3
1932,uk,female,81,2595.4
1932,uk,female,82,2211.6
1932,uk,female,83,1859
1932,uk,female,84,1539.5
1932,uk,female,85,1254
1932,uk,female,86,1003.3
1932,uk,female,87,786.84
1932,uk,female,88,603.81
1932,uk,female,89,452.39
1932,uk,female,90,330.15
1932,uk,female,91,234.08
1932,uk,female,92,160.8
1932,uk,female,93,106.68
1932,uk,female,94,68.121
1932,uk,female,95,41.716
1932,uk,female,96,24.398
1932,uk,female,97,13.568
1932,uk,female,98,7.1396
1932,uk,female,99,3.5359
1932,uk,female,100,2.8252
1932,be,male,0,17554
1932,be,male,1,15545
1932,be,male,2,14795
1932,be,male,3,14408
1932,be,male,4,14100
1932,be,male,5,13815
1932,be,male,6,13536
1932,be,male,7,13261
1932,be,male,8,12988
1932,be,male,9,12717
1932,be,male,10,12449
1932,be,male,11,10355
1932,be,male,12,8580.9
1932,be,male,13,6395.5
1932,be,male,14,5672.6
1932,be,male,15,5755.7
1932,be,male,16,7775
1932,be,male,17,10535
1932,be,male,18,10277
1932,be,male,19,10025
1932,be,male,20,9778.6
1932,be,male,21,9537.9
1932,be,male,22,9302.6
1932,be,male,23,9072.4
1932,be,male,24,8847.4
1932,be,male,25,8627.2
1932,be,male,26,8411.8
1932,be,male,27,8201
1932,be,male,28,7994.7
1932,be,male,29,7792.6
1932,be,male,30,7594.7
1932,be,male,31,7400.8
1932,be,male,32,6633.9
1932,be,male,33,6462.5
1932,be,male,34,6294.3
1932,be,male,35,6129.3
1932,be,male,36,5967.2
1932,be,male,37,5808.1
1932,be,male,38,5651.6
1932,be,male,39,5497.7
1932,be,male,40,5346.3
1932,be,male,41,5197.2
1932,be,male,42,5050.2
1932,be,male,43,4905.3
1932,be,male,44,4762.2
1932,be,male,45,4620.9
1932,be,male,46,4481.3
1932,be,male,47,4343
1932,be,male,48,4206.1
1932,be,male,49,4070.4
1932,be,male,50,3935.8
1932,be,male,51,3802
1932,be,male,52,3669.1
1932,be,male,53,3536.9
1932,be,male,54,3405.2
1932,be,male,55,3273.9
1932,be,male,56,3416.4
1932,be,male,57,3274.5
1932,be,male,58,3132.8
1932,be,male,59,2991.3
1932,be,male,60,2849.9
1932,be,male,61,2708.8
1932,be,male,62,2567.8
1932,be,male,63,2427.2
1932,be,male,64,2286.9
1932,be,male,65,2147.2
1932,be,male,66,2008.3
1932,be,male,67,1870.5
1932,be,male,68,1734
1932,be,male,69,1599.2
1932,be,male,70,1466.7
1932,be,male,71,1336.8
1932,be,male,72,1210.2
1932,be,male,73,1087.4
1932,be,male,74,969.11
1932,be,male,75,855.89
1932,be,male,76,748.43
1932,be,male,77,647.37
1932,be,male,78,553.27
1932,be,male,79,466.66
1932,be,male,80,387.96
1932,be,male,81,317.43
1932,be,male,82,255.23
1932,be,male,83,201.31
1932,be,male,84,155.47
1932,be,male,85,117.32
1932,be,male,86,86.303
1932,be,male,87,61.739
1932,be,male,88,42.832
1932,be,male,89,28.731
1932,be,male,90,18.573
1932,be,male,91,11.529
1932,be,male,92,6.8453
1932,be,male,93,3.8705
1932,be,male,94,2.0744
1932,be,male,95,1.0483
1932,be,female,0,16636
1932,be,female,1,14833
1932,be,female,2,14146
1932,be,female,3,13788
1932,be,female,4,13500
1932,be,female,5,13232
1932,be,female,6,12970
1932,be,female,7,12712
1932,be,female,8,12455
1932,be,female,9,12200
1932,be,female,10,11947
1932,be,female,11,9941.8
1932,be,female,12,8242
1932,be,female,13,6145.5
1932,be,female,14,5453.3
1932,be,female,15,5535.6
1932,be,female,16,7481.1
1932,be,female,17,10141
1932,be,female,18,9897.8
1932,be,female,19,9659.9
1932,be,female,20,9427.4
1932,be,female,21,9200.1
1932,be,female,22,8977.9
1932,be,female,23,8760.7
1932,be,female,24,8548.4
1932,be,female,25,8340.7
1932,be,female,26,8137.5
1932,be,female,27,7938.8
1932,be,female,28,7744.4
1932,be,female,29,7554.1
1932,be,female,30,7367.9
1932,be,female,31,7185.5
1932,be,female,32,7006.9
1932,be,female,33,6831.9
1932,be,female,34,6660.5
1932,be,female,35,6492.4
1932,be,female,36,6327.6
1932,be,female,37,6165.9
1932,be,female,38,6007.1
1932,be,female,39,5851.3
1932,be,female,40,5698.1
1932,be,female,41,5547.6
1932,be,female,42,5399.6
1932,be,female,43,5253.9
1932,be,female,44,5110.4
1932,be,female,45,4969
1932,be,female,46,4829.5
1932,be,female,47,4691.9
1932,be,female,48,4555.9
1932,be,female,49,4421.5
1932,be,female,50,4288.6
1932,be,female,51,4156.8
1932,be,female,52,4026.3
1932,be,female,53,3896.7
1932,be,female,54,3768.1
1932,be,female,55,3640.2
1932,be,female,56,3513
1932,be,female,57,3386.3
1932,be,female,58,3260
1932,be,female,59,3134.1
1932,be,female,60,3008.3
1932,be,female,61,2882.8
1932,be,female,62,2757.4
1932,be,female,63,2632
1932,be,female,64,2506.7
1932,be,female,65,2381.5
1932,be,female,66,2256.4
1932,be,female,67,2131.5
1932,be,female,68,2006.9
1932,be,female,69,1882.8
1932,be,female,70,1759.4
1932,be,female,71,1636.9
1932,be,female,72,1515.6
1932,be,female,73,1396
1932,be,female,74,1278.3
1932,be,female,75,1163.2
1932,be,female,76,1051
1932,be,female,77,942.35
1932,be,female,78,837.82
1932,be,female,79,737.98
1932,be,female,80,643.43
1932,be,female,81,554.73
1932,be,female,82,472.39
1932,be,female,83,396.84
1932,be,female,84,328.44
1932,be,female,85,267.42
1932,be,female,86,213.85
1932,be,female,87,167.66
1932,be,female,88,128.62
1932,be,female,89,96.35
1932,be,female,90,70.308
1932,be,female,91,49.85
1932,be,female,92,34.246
1932,be,female,93,22.725
1932,be,female,94,14.516
1932,be,female,95,8.8936
1932,be,female,96,5.2048
1932,be,female,97,2.8967
1932,be,female,98,1.5256
1932,be,female,99,0.75638
1932,be,female,100,0.60675
1932,pls,male,0,14074
1932,pls,male,1,12204
1932,pls,male,2,11520
1932,pls,male,3,11065
1932,pls,male,4,10697
1932,pls,male,5,10362
1932,pls,male,6,10045
1932,pls,male,7,9742.7
1932,pls,male,8,9453.1
1932,pls,male,9,9175.5
1932,pls,male,10,8909.4
1932,pls,male,11,7355.9
1932,pls,male,12,6054.6
1932,pls,male,13,4510.4
1932,pls,male,14,3998.6
1932,pls,male,15,4055.2
1932,pls,male,16,5475.2
1932,pls,male,17,7414.9
1932,pls,male,18,7229.8
1932,pls,male,19,7049.1
1932,pls,male,20,6872.5
1932,pls,male,21,6699.9
1932,pls,male,22,6531.3
1932,pls,male,23,6366.5
1932,pls,male,24,6205.4
1932,pls,male,25,6047.9
1932,pls,male,26,5893.8
1932,pls,male,27,5743.2
1932,pls,male,28,5595.7
1932,pls,male,29,5451.4
1932,pls,male,30,5310.1
1932,pls,male,31,5171.8
1932,pls,male,32,4633.3
1932,pls,male,33,4511.1
1932,pls,male,34,4391.2
1932,pls,male,35,4273.7
1932,pls,male,36,4158.3
1932,pls,male,37,4045
1932,pls,male,38,3933.7
1932,pls,male,39,3824.3
1932,pls,male,40,3716.6
1932,pls,male,41,3610.6
1932,pls,male,42,3506.3
1932,pls,male,43,3403.4
1932,pls,male,44,3301.8
1932,pls,male,45,3201.6
1932,pls,male,46,3102.5
1932,pls,male,47,3004.6
1932,pls,male,48,2907.6
1932,pls,male,49,2811.5
1932,pls,male,50,2716.2
1932,pls,male,51,2621.6
1932,pls,male,52,2527.6
1932,pls,male,53,2434.1
1932,pls,male,54,2341.1
1932,pls,male,55,2248.4
1932,pls,male,56,2343.6
1932,pls,male,57,2243.6
1932,pls,male,58,2143.8
1932,pls,male,59,2044.2
1932,pls,male,60,1944.8
1932,pls,male,61,1845.7
1932,pls,male,62,1746.8
1932,pls,male,63,1648.2
1932,pls,male,64,1550.1
1932,pls,male,65,1452.4
1932,pls,male,66,1355.6
1932,pls,male,67,1259.6
1932,pls,male,68,1164.7
1932,pls,male,69,1071.3
1932,pls,male,70,979.61
1932,pls,male,71,890.03
1932,pls,male,72,802.94
1932,pls,male,73,718.77
1932,pls,male,74,637.95
1932,pls,male,75,560.92
1932,pls,male,76,488.12
1932,pls,male,77,419.98
1932,pls,male,78,356.88
1932,pls,male,79,299.13
1932,pls,male,80,246.97
1932,pls,male,81,200.56
1932,pls,male,82,159.94
1932,pls,male,83,125.03
1932,pls,male,84,95.609
1932,pls,male,85,71.373
1932,pls,male,86,51.888
1932,pls,male,87,36.642
1932,pls,male,88,25.062
1932,pls,male,89,16.551
1932,pls,male,90,10.518
1932,pls,male,91,6.4073
1932,pls,male,92,3.7264
1932,pls,male,93,2.0598
1932,pls,male,94,1.0767
1932,pls,male,95,0.52941
1932,pls,female,0,13352
1932,pls,female,1,11677
1932,pls,female,2,11050
1932,pls,female,3,10625
1932,pls,female,4,10278
1932,pls,female,5,9960.9
1932,pls,female,6,9661
1932,pls,female,7,9374.7
1932,pls,female,8,9100.4
1932,pls,female,9,8837.4
1932,pls,female,10,8585.2
1932,pls,female,11,7091.8
1932,pls,female,12,5840.1
1932,pls,female,13,4352.8
1932,pls,female,14,3860.9
1932,pls,female,15,3917.7
1932,pls,female,16,5292.3
1932,pls,female,17,7171.3
1932,pls,female,18,6996.2
1932,pls,female,19,6825.2
1932,pls,female,20,6658.2
1932,pls,female,21,6494.9
1932,pls,female,22,6335.5
1932,pls,female,23,6179.6
1932,pls,female,24,6027.3
1932,pls,female,25,5878.3
1932,pls,female,26,5732.7
1932,pls,female,27,5590.3
1932,pls,female,28,5451.1
1932,pls,female,29,5314.8
1932,pls,female,30,5181.5
1932,pls,female,31,5051
1932,pls,female,32,4923.3
1932,pls,female,33,4798.2
1932,pls,female,34,4675.7
1932,pls,female,35,4555.6
1932,pls,female,36,4437.8
1932,pls,female,37,4322.3
1932,pls,female,38,4209.1
1932,pls,female,39,4097.8
1932,pls,female,40,3988.6
1932,pls,female,41,3881.3
1932,pls,female,42,3775.7
1932,pls,female,43,3671.9
1932,pls,female,44,3569.7
1932,pls,female,45,3469
1932,pls,female,46,3369.7
1932,pls,female,47,3271.7
1932,pls,female,48,3175
1932,pls,female,49,3079.4
1932,pls,female,50,2984.8
1932,pls,female,51,2891.2
1932,pls,female,52,2798.4
1932,pls,female,53,2706.4
1932,pls,female,54,2615
1932,pls,female,55,2524.2
1932,pls,female,56,2433.9
1932,pls,female,57,2344
1932,pls,female,58,2254.5
1932,pls,female,59,2165.2
1932,pls,female,60,2076.2
1932,pls,female,61,1987.3
1932,pls,female,62,1898.6
1932,pls,female,63,1810
1932,pls,female,64,1721.5
1932,pls,female,65,1633.1
1932,pls,female,66,1544.9
1932,pls,female,67,1457
1932,pls,female,68,1369.4
1932,pls,female,69,1282.2
1932,pls,female,70,1195.6
1932,pls,female,71,1109.9
1932,pls,female,72,1025.2
1932,pls,female,73,941.73
1932,pls,female,74,859.9
1932,pls,female,75,780
1932,pls,female,76,702.4
1932,pls,female,77,627.48
1932,pls,female,78,555.64
1932,pls,female,79,487.3
1932,pls,female,80,422.84
1932,pls,female,81,362.66
1932,pls,female,82,307.08
1932,pls,female,83,256.37
1932,pls,female,84,210.75
1932,pls,female,85,170.32
1932,pls,female,86,135.1
1932,pls,female,87,104.98
1932,pls,female,88,79.754
1932,pls,female,89,59.106
1932,pls,female,90,42.628
1932,pls,female,91,29.837
1932,pls,female,92,20.21
1932,pls,female,93,13.204
1932,pls,female,94,8.2924
1932,pls,female,95,4.9863
1932,pls,female,96,2.8587
1932,pls,female,97,1.5554
1932,pls,female,98,0.79908
1932,yi,male,0,29033
1932,yi,male,1,26962
1932,yi,male,2,26316
1932,yi,male,3,27800
1932,yi,male,4,29222
1932,yi,male,5,30520
1932,yi,male,6,31681
1932,yi,male,7,32704
1932,yi,male,8,33591
1932,yi,male,9,34346
1932,yi,male,10,34973
1932,yi,male,11,30646
1932,yi,male,12,26250
1932,yi,male,13,19638
1932,yi,male,14,17498
1932,yi,male,15,17853
1932,yi,male,16,24028
1932,yi,male,17,32123
1932,yi,male,18,31423
1932,yi,male,19,30736
1932,yi,male,20,30063
1932,yi,male,21,29404
1932,yi,male,22,28757
1932,yi,male,23,28123
1932,yi,male,24,27502
1932,yi,male,25,26892
1932,yi,male,26,26294
1932,yi,male,27,25708
1932,yi,male,28,25132
1932,yi,male,29,24566
1932,yi,male,30,24011
1932,yi,male,31,23465
1932,yi,male,32,21094
1932,yi,male,33,20609
1932,yi,male,34,20131
1932,yi,male,35,19661
1932,yi,male,36,19199
1932,yi,male,37,18743
1932,yi,male,38,18293
1932,yi,male,39,17850
1932,yi,male,40,17412
1932,yi,male,41,16979
1932,yi,male,42,16552
1932,yi,male,43,16129
1932,yi,male,44,15710
1932,yi,male,45,15294
1932,yi,male,46,14882
1932,yi,male,47,14473
1932,yi,male,48,14066
1932,yi,male,49,13662
1932,yi,male,50,13259
1932,yi,male,51,12857
1932,yi,male,52,12455
1932,yi,male,53,12055
1932,yi,male,54,11654
1932,yi,male,55,11252
1932,yi,male,56,11794
1932,yi,male,57,11356
1932,yi,male,58,10916
1932,yi,male,59,10475
1932,yi,male,60,10032
1932,yi,male,61,9586.7
1932,yi,male,62,9139.6
1932,yi,male,63,8690.7
1932,yi,male,64,8240.2
1932,yi,male,65,7788.4
1932,yi,male,66,7335.9
1932,yi,male,67,6883.5
1932,yi,male,68,6431.9
1932,yi,male,69,5982.4
1932,yi,male,70,5536.2
1932,yi,male,71,5094.9
1932,yi,male,72,4660.1
1932,yi,male,73,4234
1932,yi,male,74,3818.5
1932,yi,male,75,3415.9
1932,yi,male,76,3028.7
1932,yi,male,77,2659.2
1932,yi,male,78,2309.8
1932,yi,male,79,1982.8
1932,yi,male,80,1680.1
1932,yi,male,81,1403.5
1932,yi,male,82,1154.2
1932,yi,male,83,933.07
1932,yi,male,84,740.2
1932,yi,male,85,575.17
1932,yi,male,86,436.91
1932,yi,male,87,323.73
1932,yi,male,88,233.4
1932,yi,male,89,163.32
1932,yi,male,90,110.59
1932,yi,male,91,72.242
1932,yi,male,92,45.37
1932,yi,male,93,27.291
1932,yi,male,94,15.66
1932,yi,male,95,8.5339
1932,yi,male,96,4.3953
1932,yi,male,97,2.1284
1932,yi,male,98,0.96348
1932,yi,female,0,27467
1932,yi,female,1,25610
1932,yi,female,2,25026
1932,yi,female,3,26449
1932,yi,female,4,27808
1932,yi,female,5,29049
1932,yi,female,6,30160
1932,yi,female,7,31140
1932,yi,female,8,31991
1932,yi,female,9,32717
1932,yi,female,10,33321
1932,yi,female,11,29206
1932,yi,female,12,25022
1932,yi,female,13,18724
1932,yi,female,14,16689
1932,yi,female,15,17032
1932,yi,female,16,22930
1932,yi,female,17,30665
1932,yi,female,18,30006
1932,yi,female,19,29360
1932,yi,female,20,28727
1932,yi,female,21,28107
1932,yi,female,22,27499
1932,yi,female,23,26904
1932,yi,female,24,26320
1932,yi,female,25,25748
1932,yi,female,26,25186
1932,yi,female,27,24636
1932,yi,female,28,24096
1932,yi,female,29,23567
1932,yi,female,30,23047
1932,yi,female,31,22537
1932,yi,female,32,22036
1932,yi,female,33,21544
1932,yi,female,34,21060
1932,yi,female,35,20585
1932,yi,female,36,20117
1932,yi,female,37,19658
1932,yi,female,38,19205
1932,yi,female,39,18760
1932,yi,female,40,18321
1932,yi,female,41,17888
1932,yi,female,42,17461
1932,yi,female,43,17040
1932,yi,female,44,16624
1932,yi,female,45,16212
1932,yi,female,46,15805
1932,yi,female,47,15402
1932,yi,female,48,15003
1932,yi,female,49,14607
1932,yi,female,50,14214
1932,yi,female,51,13823
1932,yi,female,52,13434
1932,yi,female,53,13047
1932,yi,female,54,12662
1932,yi,female,55,12277
1932,yi,female,56,11892
1932,yi,female,57,11508
1932,yi,female,58,11123
1932,yi,female,59,10737
1932,yi,female,60,10351
1932,yi,female,61,9962.9
1932,yi,female,62,9573.6
1932,yi,female,63,9182.6
1932,yi,female,64,8789.6
1932,yi,female,65,8394.8
1932,yi,female,66,7998.1
1932,yi,female,67,7599.6
1932,yi,female,68,7199.7
1932,yi,female,69,6798.5
1932,yi,female,70,6396.8
1932,yi,female,71,5995.2
1932,yi,female,72,5594.6
1932,yi,female,73,5195.9
1932,yi,female,74,4800.5
1932,yi,female,75,4409.8
1932,yi,female,76,4025.4
1932,yi,female,77,3649
1932,yi,female,78,3282.8
1932,yi,female,79,2928.6
1932,yi,female,80,2588.7
1932,yi,female,81,2265.3
1932,yi,female,82,1960.3
1932,yi,female,83,1675.8
1932,yi,female,84,1413.6
1932,yi,female,85,1174.9
1932,yi,female,86,960.91
1932,yi,female,87,772.06
1932,yi,female,88,608.36
1932,yi,female,89,469.24
1932,yi,female,90,353.55
1932,yi,female,91,259.62
1932,yi,female,92,185.34
1932,yi,female,93,128.28
1932,yi,female,94,85.834
1932,yi,female,95,55.338
1932,yi,female,96,34.255
1932,yi,female,97,20.281
1932,yi,female,98,11.436
1932,yi,female,99,6.1139
1932,yi,female,100,5.8449
1932,de,male,0,9761.1
1932,de,male,1,9065.4
1932,de,male,2,8819.4
1932,de,male,3,9080.1
1932,de,male,4,9331.9
1932,de,male,5,9555.4
1932,de,male,6,9746.2
1932,de,male,7,9904.2
1932,de,male,8,10030
1932,de,male,9,10125
1932,de,male,10,10191
1932,de,male,11,9415.7
1932,de,male,12,8147.1
1932,de,male,13,5919.3
1932,de,male,14,5349.9
1932,de,male,15,5423.3
1932,de,male,16,7061.2
1932,de,male,17,9119
1932,de,male,18,8909.5
1932,de,male,19,8704.6
1932,de,male,20,8504
1932,de,male,21,8307.6
1932,de,male,22,8115.3
1932,de,male,23,7927.1
1932,de,male,24,7742.7
1932,de,male,25,7562.2
1932,de,male,26,7385.2
1932,de,male,27,7211.8
1932,de,male,28,7041.8
1932,de,male,29,6875.2
1932,de,male,30,6711.7
1932,de,male,31,6551.4
1932,de,male,32,5882.4
1932,de,male,33,5740.2
1932,de,male,34,5600.6
1932,de,male,35,5463.3
1932,de,male,36,5328.4
1932,de,male,37,5195.7
1932,de,male,38,5065
1932,de,male,39,4936.4
1932,de,male,40,4809.6
1932,de,male,41,4684.6
1932,de,male,42,4561.2
1932,de,male,43,4439.3
1932,de,male,44,4318.9
1932,de,male,45,4199.8
1932,de,male,46,4081.9
1932,de,male,47,3965
1932,de,male,48,3849.1
1932,de,male,49,3734.1
1932,de,male,50,3619.7
1932,de,male,51,3506
1932,de,male,52,3392.7
1932,de,male,53,3279.8
1932,de,male,54,3167.2
1932,de,male,55,3054.8
1932,de,male,56,3198.3
1932,de,male,57,3076.2
1932,de,male,58,2953.9
1932,de,male,59,2831.6
1932,de,male,60,2709
1932,de,male,61,2586.2
1932,de,male,62,2463.2
1932,de,male,63,2339.9
1932,de,male,64,2216.6
1932,de,male,65,2093.2
1932,de,male,66,1969.8
1932,de,male,67,1846.8
1932,de,male,68,1724.3
1932,de,male,69,1602.6
1932,de,male,70,1482.1
1932,de,male,71,1363
1932,de,male,72,1246
1932,de,male,73,1131.5
1932,de,male,74,1020
1932,de,male,75,912.16
1932,de,male,76,808.54
1932,de,male,77,709.78
1932,de,male,78,616.49
1932,de,male,79,529.23
1932,de,male,80,448.52
1932,de,male,81,374.79
1932,de,male,82,308.37
1932,de,male,83,249.44
1932,de,male,84,198.04
1932,de,male,85,154.05
1932,de,male,86,117.16
1932,de,male,87,86.935
1932,de,male,88,62.785
1932,de,male,89,44.018
1932,de,male,90,29.873
1932,de,male,91,19.563
1932,de,male,92,12.321
1932,de,male,93,7.434
1932,de,male,94,4.2801
1932,de,male,95,2.3409
1932,de,male,96,1.2104
1932,de,male,97,0.58848
1932,de,female,0,9232.3
1932,de,female,1,8605.5
1932,de,female,2,8381.3
1932,de,female,3,8632.7
1932,de,female,4,8874.2
1932,de,female,5,9088.7
1932,de,female,6,9272.1
1932,de,female,7,9424.3
1932,de,female,8,9546.1
1932,de,female,9,9638.7
1932,de,female,10,9703.3
1932,de,female,11,8966.1
1932,de,female,12,7759.6
1932,de,female,13,5639.5
1932,de,female,14,5098.2
1932,de,female,15,5169.6
1932,de,female,16,6733.3
1932,de,female,17,8698.8
1932,de,female,18,8501.7
1932,de,female,19,8308.7
1932,de,female,20,8119.9
1932,de,female,21,7935.2
1932,de,female,22,7754.3
1932,de,female,23,7577.3
1932,de,female,24,7404.1
1932,de,female,25,7234.4
1932,de,female,26,7068.2
1932,de,female,27,6905.5
1932,de,female,28,6746
1932,de,female,29,6589.8
1932,de,female,30,6436.7
1932,de,female,31,6286.6
1932,de,female,32,6139.5
1932,de,female,33,5995.1
1932,de,female,34,5853.5
1932,de,female,35,5714.5
1932,de,female,36,5578
1932,de,female,37,5443.9
1932,de,female,38,5312.2
1932,de,female,39,5182.7
1932,de,female,40,5055.3
1932,de,female,41,4930
1932,de,female,42,4806.5
1932,de,female,43,4684.9
1932,de,female,44,4565
1932,de,female,45,4446.7
1932,de,female,46,4329.8
1932,de,female,47,4214.4
1932,de,female,48,4100.3
1932,de,female,49,3987.3
1932,de,female,50,3875.3
1932,de,female,51,3764.4
1932,de,female,52,3654.2
1932,de,female,53,3544.8
1932,de,female,54,3435.9
1932,de,female,55,3327.6
1932,de,female,56,3219.7
1932,de,female,57,3112
1932,de,female,58,3004.5
1932,de,female,59,2897.2
1932,de,female,60,2789.8
1932,de,female,61,2682.3
1932,de,female,62,2574.7
1932,de,female,63,2466.9
1932,de,female,64,2358.9
1932,de,female,65,2250.6
1932,de,female,66,2142.1
1932,de,female,67,2033.4
1932,de,female,68,1924.6
1932,de,female,69,1815.7
1932,de,female,70,1706.9
1932,de,female,71,1598.4
1932,de,female,72,1490.4
1932,de,female,73,1383.1
1932,de,female,74,1277
1932,de,female,75,1172.3
1932,de,female,76,1069.4
1932,de,female,77,968.94
1932,de,female,78,871.28
1932,de,female,79,777
1932,de,female,80,686.62
1932,de,female,81,600.71
1932,de,female,82,519.8
1932,de,female,83,444.38
1932,de,female,84,374.89
1932,de,female,85,311.69
1932,de,female,86,255.03
1932,de,female,87,205.04
1932,de,female,88,161.69
1932,de,female,89,124.84
1932,de,female,90,94.174
1932,de,female,91,69.252
1932,de,female,92,49.522
1932,de,female,93,34.343
1932,de,female,94,23.029
1932,de,female,95,14.884
1932,de,female,96,9.2392
1932,de,female,97,5.4869
1932,de,female,98,3.1044
1932,de,female,99,1.6657
1932,de,female,100,1.6077
1932,ru,male,0,3377.8
1932,ru,male,1,3029
1932,ru,male,2,2899.3
1932,ru,male,3,2862.1
1932,ru,male,4,2835.8
1932,ru,male,5,2810.5
1932,ru,male,6,2783.6
1932,ru,male,7,2754.6
1932,ru,male,8,2723.4
1932,ru,male,9,2690.1
1932,ru,male,10,2654.7
1932,ru,male,11,2227.1
1932,ru,male,12,1858.9
1932,ru,male,13,1385.6
1932,ru,male,14,1229.8
1932,ru,male,15,1248.4
1932,ru,male,16,1686.3
1932,ru,male,17,2284.6
1932,ru,male,18,2229.8
1932,ru,male,19,2176.2
1932,ru,male,20,2123.7
1932,ru,male,21,2072.5
1932,ru,male,22,2022.4
1932,ru,male,23,1973.3
1932,ru,male,24,1925.3
1932,ru,male,25,1878.4
1932,ru,male,26,1832.4
1932,ru,male,27,1787.4
1932,ru,male,28,1743.4
1932,ru,male,29,1700.2
1932,ru,male,30,1657.9
1932,ru,male,31,1616.5
1932,ru,male,32,1449.8
1932,ru,male,33,1413.1
1932,ru,male,34,1377.1
1932,ru,male,35,1341.7
1932,ru,male,36,1307
1932,ru,male,37,1272.9
1932,ru,male,38,1239.4
1932,ru,male,39,1206.4
1932,ru,male,40,1173.9
1932,ru,male,41,1141.8
1932,ru,male,42,1110.3
1932,ru,male,43,1079.1
1932,ru,male,44,1048.4
1932,ru,male,45,1018
1932,ru,male,46,987.95
1932,ru,male,47,958.19
1932,ru,male,48,928.71
1932,ru,male,49,899.47
1932,ru,male,50,870.44
1932,ru,male,51,841.59
1932,ru,male,52,812.9
1932,ru,male,53,784.34
1932,ru,male,54,755.88
1932,ru,male,55,727.5
1932,ru,male,56,759.98
1932,ru,male,57,729.25
1932,ru,male,58,698.53
1932,ru,male,59,667.84
1932,ru,male,60,637.15
1932,ru,male,61,606.46
1932,ru,male,62,575.79
1932,ru,male,63,545.15
1932,ru,male,64,514.55
1932,ru,male,65,484.03
1932,ru,male,66,453.63
1932,ru,male,67,423.41
1932,ru,male,68,393.44
1932,ru,male,69,363.78
1932,ru,male,70,334.55
1932,ru,male,71,305.83
1932,ru,male,72,277.76
1932,ru,male,73,250.45
1932,ru,male,74,224.06
1932,ru,male,75,198.71
1932,ru,male,76,174.55
1932,ru,male,77,151.73
1932,ru,male,78,130.39
1932,ru,male,79,110.64
1932,ru,male,80,92.589
1932,ru,male,81,76.31
1932,ru,male,82,61.85
1932,ru,male,83,49.218
1932,ru,male,84,38.384
1932,ru,male,85,29.281
1932,ru,male,86,21.801
1932,ru,male,87,15.807
1932,ru,male,88,11.131
1932,ru,male,89,7.592
1932,ru,male,90,5
1932,ru,male,91,3.1692
1932,ru,male,92,1.9262
1932,ru,male,93,1.1181
1932,ru,male,94,0.61727
1932,ru,female,0,3199.6
1932,ru,female,1,2886.1
1932,ru,female,2,2767.4
1932,ru,female,3,2733.8
1932,ru,female,4,2709.7
1932,ru,female,5,2686.4
1932,ru,female,6,2661.5
1932,ru,female,7,2634.5
1932,ru,female,8,2605.5
1932,ru,female,9,2574.4
1932,ru,female,10,2541.4
1932,ru,female,11,2132.7
1932,ru,female,12,1780.7
1932,ru,female,13,1327.8
1932,ru,female,14,1179
1932,ru,female,15,1197.3
1932,ru,female,16,1617.9
1932,ru,female,17,2192.9
1932,ru,female,18,2141.1
1932,ru,female,19,2090.6
1932,ru,female,20,2041.1
1932,ru,female,21,1992.8
1932,ru,female,22,1945.5
1932,ru,female,23,1899.3
1932,ru,female,24,1854.1
1932,ru,female,25,1809.9
1932,ru,female,26,1766.6
1932,ru,female,27,1724.2
1932,ru,female,28,1682.8
1932,ru,female,29,1642.2
1932,ru,female,30,1602.5
1932,ru,female,31,1563.5
1932,ru,female,32,1525.4
1932,ru,female,33,1488
1932,ru,female,34,1451.4
1932,ru,female,35,1415.5
1932,ru,female,36,1380.2
1932,ru,female,37,1345.6
1932,ru,female,38,1311.7
1932,ru,female,39,1278.3
1932,ru,female,40,1245.5
1932,ru,female,41,1213.3
1932,ru,female,42,1181.6
1932,ru,female,43,1150.3
1932,ru,female,44,1119.6
1932,ru,female,45,1089.2
1932,ru,female,46,1059.3
1932,ru,female,47,1029.8
1932,ru,female,48,1000.6
1932,ru,female,49,971.68
1932,ru,female,50,943.1
1932,ru,female,51,914.78
1932,ru,female,52,886.69
1932,ru,female,53,858.81
1932,ru,female,54,831.11
1932,ru,female,55,803.57
1932,ru,female,56,776.14
1932,ru,female,57,748.82
1932,ru,female,58,721.57
1932,ru,female,59,694.38
1932,ru,female,60,667.22
1932,ru,female,61,640.08
1932,ru,female,62,612.94
1932,ru,female,63,585.79
1932,ru,female,64,558.63
1932,ru,female,65,531.47
1932,ru,female,66,504.3
1932,ru,female,67,477.14
1932,ru,female,68,450.02
1932,ru,female,69,422.96
1932,ru,female,70,396.01
1932,ru,female,71,369.21
1932,ru,female,72,342.65
1932,ru,female,73,316.38
1932,ru,female,74,290.49
1932,ru,female,75,265.09
1932,ru,female,76,240.28
1932,ru,female,77,216.19
1932,ru,female,78,192.93
1932,ru,female,79,170.64
1932,ru,female,80,149.44
1932,ru,female,81,129.47
1932,ru,female,82,110.85
1932,ru,female,83,93.675
1932,ru,female,84,78.036
1932,ru,female,85,63.994
1932,ru,female,86,51.581
1932,ru,female,87,40.796
1932,ru,female,88,31.602
1932,ru,female,89,23.928
1932,ru,female,90,17.67
1932,ru,female,91,12.696
1932,ru,female,92,8.8519
1932,ru,female,93,5.9716
1932,ru,female,94,3.8857
1932,ru,female,95,2.4304
1932,ru,female,96,1.4557
1932,ru,female,97,0.8316
1932,lt,male,0,28617
1932,lt,male,1,26445
1932,lt,male,2,25580
1932,lt,male,3,25665
1932,lt,male,4,25774
1932,lt,male,5,25849
1932,lt,male,6,25874
1932,lt,male,7,25850
1932,lt,male,8,25777
1932,lt,male,9,25657
1932,lt,male,10,25494
1932,lt,male,11,21611
1932,lt,male,12,18158
1932,lt,male,13,13509
1932,lt,male,14,12000
1932,lt,male,15,12175
1932,lt,male,16,16406
1932,lt,male,17,22162
1932,lt,male,18,21625
1932,lt,male,19,21100
1932,lt,male,20,20586
1932,lt,male,21,20085
1932,lt,male,22,19594
1932,lt,male,23,19114
1932,lt,male,24,18645
1932,lt,male,25,18186
1932,lt,male,26,17737
1932,lt,male,27,17298
1932,lt,male,28,16868
1932,lt,male,29,16447
1932,lt,male,30,16035
1932,lt,male,31,15631
1932,lt,male,32,14016
1932,lt,male,33,13659
1932,lt,male,34,13309
1932,lt,male,35,12965
1932,lt,male,36,12628
1932,lt,male,37,12297
1932,lt,male,38,11972
1932,lt,male,39,11652
1932,lt,male,40,11337
1932,lt,male,41,11028
1932,lt,male,42,10723
1932,lt,male,43,10422
1932,lt,male,44,10126
1932,lt,male,45,9832.8
1932,lt,male,46,9543.6
1932,lt,male,47,9257.6
1932,lt,male,48,8974.6
1932,lt,male,49,8694.3
1932,lt,male,50,8416.3
1932,lt,male,51,8140.4
1932,lt,male,52,7866.4
1932,lt,male,53,7593.9
1932,lt,male,54,7322.7
1932,lt,male,55,7052.7
1932,lt,male,56,7373.3
1932,lt,male,57,7081.5
1932,lt,male,58,6790.2
1932,lt,male,59,6499.2
1932,lt,male,60,6208.6
1932,lt,male,61,5918.2
1932,lt,male,62,5628.1
1932,lt,male,63,5338.3
1932,lt,male,64,5048.9
1932,lt,male,65,4760.2
1932,lt,male,66,4472.5
1932,lt,male,67,4186.3
1932,lt,male,68,3902
1932,lt,male,69,3620.4
1932,lt,male,70,3342.1
1932,lt,male,71,3068.2
1932,lt,male,72,2799.6
1932,lt,male,73,2537.3
1932,lt,male,74,2282.8
1932,lt,male,75,2037.2
1932,lt,male,76,1801.9
1932,lt,male,77,1578.2
1932,lt,male,78,1367.5
1932,lt,male,79,1171
1932,lt,male,80,989.81
1932,lt,male,81,824.77
1932,lt,male,82,676.56
1932,lt,male,83,545.49
1932,lt,male,84,431.57
1932,lt,male,85,334.42
1932,lt,male,86,253.28
1932,lt,male,87,187.08
1932,lt,male,88,134.43
1932,lt,male,89,93.726
1932,lt,male,90,63.213
1932,lt,male,91,41.11
1932,lt,male,92,25.689
1932,lt,male,93,15.365
1932,lt,male,94,8.7588
1932,lt,male,95,4.7368
1932,lt,male,96,2.418
1932,lt,male,97,1.1586
1932,lt,male,98,0.51794
1932,lt,female,0,27065
1932,lt,female,1,25100
1932,lt,female,2,24305
1932,lt,female,3,24398
1932,lt,female,4,24508
1932,lt,female,5,24585
1932,lt,female,6,24615
1932,lt,female,7,24597
1932,lt,female,8,24533
1932,lt,female,9,24425
1932,lt,female,10,24275
1932,lt,female,11,20583
1932,lt,female,12,17299
1932,lt,female,13,12873
1932,lt,female,14,11438
1932,lt,female,15,11609
1932,lt,female,16,15647
1932,lt,female,17,21144
1932,lt,female,18,20637
1932,lt,female,19,20143
1932,lt,female,20,19659
1932,lt,female,21,19187
1932,lt,female,22,18725
1932,lt,female,23,18273
1932,lt,female,24,17832
1932,lt,female,25,17400
1932,lt,female,26,16978
1932,lt,female,27,16566
1932,lt,female,28,16162
1932,lt,female,29,15767
1932,lt,female,30,15380
1932,lt,female,31,15001
1932,lt,female,32,14631
1932,lt,female,33,14268
1932,lt,female,34,13912
1932,lt,female,35,13564
1932,lt,female,36,13222
1932,lt,female,37,12887
1932,lt,female,38,12559
1932,lt,female,39,12236
1932,lt,female,40,11919
1932,lt,female,41,11608
1932,lt,female,42,11302
1932,lt,female,43,11001
1932,lt,female,44,10705
1932,lt,female,45,10414
1932,lt,female,46,10126
1932,lt,female,47,9842.9
1932,lt,female,48,9563.3
1932,lt,female,49,9287
1932,lt,female,50,9013.9
1932,lt,female,51,8743.7
1932,lt,female,52,8476.1
1932,lt,female,53,8210.9
1932,lt,female,54,7947.7
1932,lt,female,55,7686.3
1932,lt,female,56,7426.6
1932,lt,female,57,7168.1
1932,lt,female,58,6910.7
1932,lt,female,59,6654.2
1932,lt,female,60,6398.3
1932,lt,female,61,6142.9
1932,lt,female,62,5887.9
1932,lt,female,63,5633.1
1932,lt,female,64,5378.4
1932,lt,female,65,5123.8
1932,lt,female,66,4869.4
1932,lt,female,67,4615.2
1932,lt,female,68,4361.3
1932,lt,female,69,4108
1932,lt,female,70,3855.7
1932,lt,female,71,3604.6
1932,lt,female,72,3355.4
1932,lt,female,73,3108.6
1932,lt,female,74,2865
1932,lt,female,75,2625.3
1932,lt,female,76,2390.6
1932,lt,female,77,2161.9
1932,lt,female,78,1940.1
1932,lt,female,79,1726.6
1932,lt,female,80,1522.5
1932,lt,female,81,1329.1
1932,lt,female,82,1147.3
1932,lt,female,83,978.45
1932,lt,female,84,823.29
1932,lt,female,85,682.59
1932,lt,female,86,556.84
1932,lt,female,87,446.25
1932,lt,female,88,350.69
1932,lt,female,89,269.75
1932,lt,female,90,202.65
1932,lt,female,91,148.35
1932,lt,female,92,105.56
1932,lt,female,93,72.8
1932,lt,female,94,48.519
1932,lt,female,95,31.143
1932,lt,female,96,19.183
1932,lt,female,97,11.294
1932,lt,female,98,6.3272
1932,lt,female,99,3.3572
1932,lt,female,100,3.1521
1932,csb,male,0,2969.8
1932,csb,male,1,2733.8
1932,csb,male,2,2637.2
1932,csb,male,3,2623.7
1932,csb,male,4,2614.7
1932,csb,male,5,2604
1932,csb,male,6,2590.1
1932,csb,male,7,2572.6
1932,csb,male,8,2551.7
1932,csb,male,9,2527.6
1932,csb,male,10,2500.4
1932,csb,male,11,2396.2
1932,csb,male,12,2071.9
1932,csb,male,13,1474.2
1932,csb,male,14,1345.2
1932,csb,male,15,1357.4
1932,csb,male,16,1721.1
1932,csb,male,17,2152.2
1932,csb,male,18,2099.1
1932,csb,male,19,2047.2
1932,csb,male,20,1996.5
1932,csb,male,21,1946.9
1932,csb,male,22,1898.5
1932,csb,male,23,1851.2
1932,csb,male,24,1805
1932,csb,male,25,1759.8
1932,csb,male,26,1715.5
1932,csb,male,27,1672.3
1932,csb,male,28,1630
1932,csb,male,29,1588.6
1932,csb,male,30,1548.1
1932,csb,male,31,1508.4
1932,csb,male,32,1352
1932,csb,male,33,1316.9
1932,csb,male,34,1282.6
1932,csb,male,35,1248.9
1932,csb,male,36,1215.9
1932,csb,male,37,1183.4
1932,csb,male,38,1151.6
1932,csb,male,39,1120.3
1932,csb,male,40,1089.6
1932,csb,male,41,1059.3
1932,csb,male,42,1029.5
1932,csb,male,43,1000.2
1932,csb,male,44,971.29
1932,csb,male,45,942.76
1932,csb,male,46,914.59
1932,csb,male,47,886.75
1932,csb,male,48,859.22
1932,csb,male,49,831.96
1932,csb,male,50,804.96
1932,csb,male,51,778.17
1932,csb,male,52,751.59
1932,csb,male,53,725.17
1932,csb,male,54,698.91
1932,csb,male,55,672.77
1932,csb,male,56,702.97
1932,csb,male,57,674.76
1932,csb,male,58,646.62
1932,csb,male,59,618.55
1932,csb,male,60,590.53
1932,csb,male,61,562.56
1932,csb,male,62,534.63
1932,csb,male,63,506.76
1932,csb,male,64,478.95
1932,csb,male,65,451.24
1932,csb,male,66,423.65
1932,csb,male,67,396.23
1932,csb,male,68,369.02
1932,csb,male,69,342.09
1932,csb,male,70,315.51
1932,csb,male,71,289.37
1932,csb,male,72,263.77
1932,csb,male,73,238.81
1932,csb,male,74,214.61
1932,csb,male,75,191.28
1932,csb,male,76,168.97
1932,csb,male,77,147.79
1932,csb,male,78,127.87
1932,csb,male,79,109.32
1932,csb,male,80,92.239
1932,csb,male,81,76.714
1932,csb,male,82,62.799
1932,csb,male,83,50.52
1932,csb,male,84,39.872
1932,csb,male,85,30.813
1932,csb,male,86,23.269
1932,csb,male,87,17.132
1932,csb,male,88,12.267
1932,csb,male,89,8.5187
1932,csb,male,90,5.7204
1932,csb,male,91,3.7022
1932,csb,male,92,2.301
1932,csb,male,93,1.368
1932,csb,male,94,0.77458
1932,csb,female,0,2808.9
1932,csb,female,1,2595.3
1932,csb,female,2,2506.4
1932,csb,female,3,2494.8
1932,csb,female,4,2487
1932,csb,female,5,2477.5
1932,csb,female,6,2464.8
1932,csb,female,7,2448.8
1932,csb,female,8,2429.5
1932,csb,female,9,2407.1
1932,csb,female,10,2381.8
1932,csb,female,11,2283.1
1932,csb,female,12,1974.6
1932,csb,female,13,1405.4
1932,csb,female,14,1282.8
1932,csb,female,15,1294.7
1932,csb,female,16,1642.2
1932,csb,female,17,2054.1
1932,csb,female,18,2004.1
1932,csb,female,19,1955.2
1932,csb,female,20,1907.4
1932,csb,female,21,1860.8
1932,csb,female,22,1815.2
1932,csb,female,23,1770.6
1932,csb,female,24,1727.1
1932,csb,female,25,1684.6
1932,csb,female,26,1643
1932,csb,female,27,1602.3
1932,csb,female,28,1562.6
1932,csb,female,29,1523.7
1932,csb,female,30,1485.7
1932,csb,female,31,1448.5
1932,csb,female,32,1412.1
1932,csb,female,33,1376.4
1932,csb,female,34,1341.6
1932,csb,female,35,1307.4
1932,csb,female,36,1273.9
1932,csb,female,37,1241.1
1932,csb,female,38,1208.9
1932,csb,female,39,1177.3
1932,csb,female,40,1146.3
1932,csb,female,41,1115.9
1932,csb,female,42,1086
1932,csb,female,43,1056.6
1932,csb,female,44,1027.7
1932,csb,female,45,999.24
1932,csb,female,46,971.22
1932,csb,female,47,943.6
1932,csb,female,48,916.36
1932,csb,female,49,889.47
1932,csb,female,50,862.91
1932,csb,female,51,836.64
1932,csb,female,52,810.65
1932,csb,female,53,784.89
1932,csb,female,54,759.36
1932,csb,female,55,734.02
1932,csb,female,56,708.85
1932,csb,female,57,683.83
1932,csb,female,58,658.93
1932,csb,female,59,634.13
1932,csb,female,60,609.42
1932,csb,female,61,584.77
1932,csb,female,62,560.17
1932,csb,female,63,535.61
1932,csb,female,64,511.09
1932,csb,female,65,486.6
1932,csb,female,66,462.14
1932,csb,female,67,437.72
1932,csb,female,68,413.36
1932,csb,female,69,389.08
1932,csb,female,70,364.9
1932,csb,female,71,340.88
1932,csb,female,72,317.05
1932,csb,female,73,293.49
1932,csb,female,74,270.24
1932,csb,female,75,247.4
1932,csb,female,76,225.06
1932,csb,female,77,203.31
1932,csb,female,78,182.25
1932,csb,female,79,162
1932,csb,female,80,142.67
1932,csb,female,81,124.37
1932,csb,female,82,107.2
1932,csb,female,83,91.275
1932,csb,female,84,76.668
1932,csb,female,85,63.447
1932,csb,female,86,51.653
1932,csb,female,87,41.302
1932,csb,female,88,32.379
1932,csb,female,89,24.839
1932,csb,female,90,18.606
1932,csb,female,91,13.577
1932,csb,female,92,9.6265
1932,csb,female,93,6.6132
1932,csb,female,94,4.3884
1932,csb,female,95,2.8033
1932,csb,female,96,1.7174
1932,csb,female,97,1.0051
1932,csb,female,98,0.5593
1932,rue,male,0,1712.8
1932,rue,male,1,1549
1932,rue,male,2,1490
1932,rue,male,3,1487.8
1932,rue,male,4,1489.2
1932,rue,male,5,1489.5
1932,rue,male,6,1487.6
1932,rue,male,7,1483.3
1932,rue,male,8,1476.5
1932,rue,male,9,1467.5
1932,rue,male,10,1456.4
1932,rue,male,11,1327.7
1932,rue,male,12,1113.9
1932,rue,male,13,837.06
1932,rue,male,14,749.58
1932,rue,male,15,772.19
1932,rue,male,16,1014.4
1932,rue,male,17,1270.4
1932,rue,male,18,1240.8
1932,rue,male,19,1212
1932,rue,male,20,1183.7
1932,rue,male,21,1156
1932,rue,male,22,1129
1932,rue,male,23,1102.5
1932,rue,male,24,1076.5
1932,rue,male,25,1051.1
1932,rue,male,26,1026.1
1932,rue,male,27,1001.7
1932,rue,male,28,977.78
1932,rue,male,29,954.31
1932,rue,male,30,931.29
1932,rue,male,31,908.71
1932,rue,male,32,815.61
1932,rue,male,33,795.59
1932,rue,male,34,775.92
1932,rue,male,35,756.58
1932,rue,male,36,737.57
1932,rue,male,37,718.87
1932,rue,male,38,700.45
1932,rue,male,39,682.32
1932,rue,male,40,664.44
1932,rue,male,41,646.81
1932,rue,male,42,629.4
1932,rue,male,43,612.21
1932,rue,male,44,595.21
1932,rue,male,45,578.4
1932,rue,male,46,561.74
1932,rue,male,47,545.23
1932,rue,male,48,528.85
1932,rue,male,49,512.57
1932,rue,male,50,496.4
1932,rue,male,51,480.3
1932,rue,male,52,464.27
1932,rue,male,53,448.29
1932,rue,male,54,432.34
1932,rue,male,55,416.42
1932,rue,male,56,435.32
1932,rue,male,57,418.02
1932,rue,male,58,400.71
1932,rue,male,59,383.37
1932,rue,male,60,366.02
1932,rue,male,61,348.64
1932,rue,male,62,331.24
1932,rue,male,63,313.83
1932,rue,male,64,296.42
1932,rue,male,65,279.03
1932,rue,male,66,261.68
1932,rue,male,67,244.41
1932,rue,male,68,227.26
1932,rue,male,69,210.26
1932,rue,male,70,193.48
1932,rue,male,71,176.98
1932,rue,male,72,160.82
1932,rue,male,73,145.09
1932,rue,male,74,129.86
1932,rue,male,75,115.22
1932,rue,male,76,101.25
1932,rue,male,77,88.045
1932,rue,male,78,75.678
1932,rue,male,79,64.224
1932,rue,male,80,53.745
1932,rue,male,81,44.29
1932,rue,male,82,35.886
1932,rue,male,83,28.541
1932,rue,male,84,22.242
1932,rue,male,85,16.948
1932,rue,male,86,12.6
1932,rue,male,87,9.1178
1932,rue,male,88,6.4049
1932,rue,male,89,4.3548
1932,rue,male,90,2.8568
1932,rue,male,91,1.8019
1932,rue,male,92,1.0885
1932,rue,male,93,0.62719
1932,rue,female,0,1621.9
1932,rue,female,1,1474.9
1932,rue,female,2,1421.1
1932,rue,female,3,1419.9
1932,rue,female,4,1421.8
1932,rue,female,5,1422.6
1932,rue,female,6,1421.3
1932,rue,female,7,1417.6
1932,rue,female,8,1411.7
1932,rue,female,9,1403.6
1932,rue,female,10,1393.4
1932,rue,female,11,1270.7
1932,rue,female,12,1066.5
1932,rue,female,13,801.71
1932,rue,female,14,718.2
1932,rue,female,15,740.14
1932,rue,female,16,972.69
1932,rue,female,17,1218.6
1932,rue,female,18,1190.8
1932,rue,female,19,1163.6
1932,rue,female,20,1136.9
1932,rue,female,21,1110.9
1932,rue,female,22,1085.4
1932,rue,female,23,1060.4
1932,rue,female,24,1036
1932,rue,female,25,1012
1932,rue,female,26,988.58
1932,rue,female,27,965.62
1932,rue,female,28,943.13
1932,rue,female,29,921.09
1932,rue,female,30,899.49
1932,rue,female,31,878.31
1932,rue,female,32,857.54
1932,rue,female,33,837.17
1932,rue,female,34,817.18
1932,rue,female,35,797.55
1932,rue,female,36,778.28
1932,rue,female,37,759.35
1932,rue,female,38,740.74
1932,rue,female,39,722.45
1932,rue,female,40,704.44
1932,rue,female,41,686.72
1932,rue,female,42,669.27
1932,rue,female,43,652.06
1932,rue,female,44,635.09
1932,rue,female,45,618.35
1932,rue,female,46,601.8
1932,rue,female,47,585.45
1932,rue,female,48,569.27
1932,rue,female,49,553.25
1932,rue,female,50,537.37
1932,rue,female,51,521.62
1932,rue,female,52,505.98
1932,rue,female,53,490.43
1932,rue,female,54,474.96
1932,rue,female,55,459.55
1932,rue,female,56,444.19
1932,rue,female,57,428.86
1932,rue,female,58,413.56
1932,rue,female,59,398.26
1932,rue,female,60,382.96
1932,rue,female,61,367.64
1932,rue,female,62,352.31
1932,rue,female,63,336.95
1932,rue,female,64,321.55
1932,rue,female,65,306.13
1932,rue,female,66,290.69
1932,rue,female,67,275.22
1932,rue,female,68,259.76
1932,rue,female,69,244.31
1932,rue,female,70,228.89
1932,rue,female,71,213.55
1932,rue,female,72,198.31
1932,rue,female,73,183.23
1932,rue,female,74,168.34
1932,rue,female,75,153.71
1932,rue,female,76,139.41
1932,rue,female,77,125.5
1932,rue,female,78,112.05
1932,rue,female,79,99.153
1932,rue,female,80,86.874
1932,rue,female,81,75.292
1932,rue,female,82,64.479
1932,rue,female,83,54.498
1932,rue,female,84,45.402
1932,rue,female,85,37.229
1932,rue,female,86,30
1932,rue,female,87,23.717
1932,rue,female,88,18.359
1932,rue,female,89,13.887
1932,rue,female,90,10.241
1932,rue,female,91,7.3447
1932,rue,female,92,5.1088
1932,rue,female,93,3.4361
1932,rue,female,94,2.2274
1932,rue,female,95,1.3866
1932,rue,female,96,0.82566
1932,cs,male,0,579.47
1932,cs,male,1,507.94
1932,cs,male,2,481.59
1932,cs,male,3,466.16
1932,cs,male,4,453.79
1932,cs,male,5,442.43
1932,cs,male,6,431.54
1932,cs,male,7,420.98
1932,cs,male,8,410.69
1932,cs,male,9,400.65
1932,cs,male,10,390.87
1932,cs,male,11,324.12
1932,cs,male,12,267.84
1932,cs,male,13,199.6
1932,cs,male,14,177.01
1932,cs,male,15,179.58
1932,cs,male,16,242.54
1932,cs,male,17,328.58
1932,cs,male,18,320.49
1932,cs,male,19,312.58
1932,cs,male,20,304.85
1932,cs,male,21,297.3
1932,cs,male,22,289.92
1932,cs,male,23,282.7
1932,cs,male,24,275.64
1932,cs,male,25,268.74
1932,cs,male,26,261.99
1932,cs,male,27,255.38
1932,cs,male,28,248.91
1932,cs,male,29,242.58
1932,cs,male,30,236.38
1932,cs,male,31,230.31
1932,cs,male,32,206.4
1932,cs,male,33,201.03
1932,cs,male,34,195.77
1932,cs,male,35,190.6
1932,cs,male,36,185.52
1932,cs,male,37,180.54
1932,cs,male,38,175.64
1932,cs,male,39,170.82
1932,cs,male,40,166.08
1932,cs,male,41,161.41
1932,cs,male,42,156.81
1932,cs,male,43,152.27
1932,cs,male,44,147.8
1932,cs,male,45,143.37
1932,cs,male,46,139
1932,cs,male,47,134.68
1932,cs,male,48,130.39
1932,cs,male,49,126.15
1932,cs,male,50,121.93
1932,cs,male,51,117.75
1932,cs,male,52,113.59
1932,cs,male,53,109.45
1932,cs,male,54,105.33
1932,cs,male,55,101.23
1932,cs,male,56,105.58
1932,cs,male,57,101.15
1932,cs,male,58,96.716
1932,cs,male,59,92.293
1932,cs,male,60,87.877
1932,cs,male,61,83.468
1932,cs,male,62,79.067
1932,cs,male,63,74.677
1932,cs,male,64,70.302
1932,cs,male,65,65.947
1932,cs,male,66,61.619
1932,cs,male,67,57.326
1932,cs,male,68,53.08
1932,cs,male,69,48.893
1932,cs,male,70,44.777
1932,cs,male,71,40.75
1932,cs,male,72,36.829
1932,cs,male,73,33.032
1932,cs,male,74,29.379
1932,cs,male,75,25.89
1932,cs,male,76,22.586
1932,cs,male,77,19.485
1932,cs,male,78,16.605
1932,cs,male,79,13.962
1932,cs,male,80,11.568
1932,cs,male,81,9.4293
1932,cs,male,82,7.5503
1932,cs,male,83,5.9284
1932,cs,male,84,4.5557
1932,cs,male,85,3.419
1932,cs,male,86,2.5001
1932,cs,male,87,1.7768
1932,cs,male,88,1.2238
1932,cs,male,89,0.81437
1932,cs,male,90,0.52185
1932,cs,female,0,549.46
1932,cs,female,1,485.33
1932,cs,female,2,461.2
1932,cs,female,3,446.84
1932,cs,female,4,435.23
1932,cs,female,5,424.53
1932,cs,female,6,414.26
1932,cs,female,7,404.29
1932,cs,female,8,394.58
1932,cs,female,9,385.11
1932,cs,female,10,375.87
1932,cs,female,11,311.83
1932,cs,female,12,257.8
1932,cs,female,13,192.2
1932,cs,female,14,170.53
1932,cs,female,15,173.09
1932,cs,female,16,233.9
1932,cs,female,17,317.03
1932,cs,female,18,309.38
1932,cs,female,19,301.91
1932,cs,female,20,294.61
1932,cs,female,21,287.48
1932,cs,female,22,280.5
1932,cs,female,23,273.68
1932,cs,female,24,267.02
1932,cs,female,25,260.5
1932,cs,female,26,254.13
1932,cs,female,27,247.89
1932,cs,female,28,241.79
1932,cs,female,29,235.82
1932,cs,female,30,229.98
1932,cs,female,31,224.26
1932,cs,female,32,218.65
1932,cs,female,33,213.17
1932,cs,female,34,207.79
1932,cs,female,35,202.52
1932,cs,female,36,197.35
1932,cs,female,37,192.28
1932,cs,female,38,187.3
1932,cs,female,39,182.41
1932,cs,female,40,177.61
1932,cs,female,41,172.89
1932,cs,female,42,168.25
1932,cs,female,43,163.68
1932,cs,female,44,159.19
1932,cs,female,45,154.75
1932,cs,female,46,150.38
1932,cs,female,47,146.07
1932,cs,female,48,141.8
1932,cs,female,49,137.59
1932,cs,female,50,133.42
1932,cs,female,51,129.29
1932,cs,female,52,125.2
1932,cs,female,53,121.14
1932,cs,female,54,117.1
1932,cs,female,55,113.09
1932,cs,female,56,109.1
1932,cs,female,57,105.13
1932,cs,female,58,101.17
1932,cs,female,59,97.225
1932,cs,female,60,93.284
1932,cs,female,61,89.349
1932,cs,female,62,85.419
1932,cs,female,63,81.491
1932,cs,female,64,77.566
1932,cs,female,65,73.644
1932,cs,female,66,69.727
1932,cs,female,67,65.818
1932,cs,female,68,61.92
1932,cs,female,69,58.039
1932,cs,female,70,54.182
1932,cs,female,71,50.357
1932,cs,female,72,46.573
1932,cs,female,73,42.842
1932,cs,female,74,39.179
1932,cs,female,75,35.596
1932,cs,female,76,32.111
1932,cs,female,77,28.74
1932,cs,female,78,25.502
1932,cs,female,79,22.415
1932,cs,female,80,19.498
1932,cs,female,81,16.767
1932,cs,female,82,14.238
1932,cs,female,83,11.924
1932,cs,female,84,9.8354
1932,cs,female,85,7.9782
1932,cs,female,86,6.354
1932,cs,female,87,4.9593
1932,cs,female,88,3.7859
1932,cs,female,89,2.8207
1932,cs,female,90,2.0461
1932,cs,female,91,1.4412
1932,cs,female,92,0.983
1932,cs,female,93,0.64714
1932,lv,male,0,209.44
1932,lv,male,1,195.7
1932,lv,male,2,190.39
1932,lv,male,3,193.98
1932,lv,male,4,197.42
1932,lv,male,5,200.35
1932,lv,male,6,202.7
1932,lv,male,7,204.45
1932,lv,male,8,205.63
1932,lv,male,9,206.27
1932,lv,male,10,206.39
1932,lv,male,11,175.12
1932,lv,male,12,147.73
1932,lv,male,13,110.18
1932,lv,male,14,97.792
1932,lv,male,15,99.293
1932,lv,male,16,134.22
1932,lv,male,17,181.99
1932,lv,male,18,177.65
1932,lv,male,19,173.42
1932,lv,male,20,169.28
1932,lv,male,21,165.23
1932,lv,male,22,161.27
1932,lv,male,23,157.39
1932,lv,male,24,153.6
1932,lv,male,25,149.89
1932,lv,male,26,146.26
1932,lv,male,27,142.7
1932,lv,male,28,139.22
1932,lv,male,29,135.81
1932,lv,male,30,132.47
1932,lv,male,31,129.19
1932,lv,male,32,115.9
1932,lv,male,33,113
1932,lv,male,34,110.16
1932,lv,male,35,107.37
1932,lv,male,36,104.63
1932,lv,male,37,101.94
1932,lv,male,38,99.291
1932,lv,male,39,96.689
1932,lv,male,40,94.127
1932,lv,male,41,91.605
1932,lv,male,42,89.119
1932,lv,male,43,86.668
1932,lv,male,44,84.25
1932,lv,male,45,81.861
1932,lv,male,46,79.499
1932,lv,male,47,77.163
1932,lv,male,48,74.85
1932,lv,male,49,72.558
1932,lv,male,50,70.283
1932,lv,male,51,68.025
1932,lv,male,52,65.781
1932,lv,male,53,63.548
1932,lv,male,54,61.325
1932,lv,male,55,59.109
1932,lv,male,56,61.846
1932,lv,male,57,59.449
1932,lv,male,58,57.054
1932,lv,male,59,54.66
1932,lv,male,60,52.267
1932,lv,male,61,49.874
1932,lv,male,62,47.481
1932,lv,male,63,45.088
1932,lv,male,64,42.697
1932,lv,male,65,40.308
1932,lv,male,66,37.925
1932,lv,male,67,35.551
1932,lv,male,68,33.19
1932,lv,male,69,30.847
1932,lv,male,70,28.528
1932,lv,male,71,26.241
1932,lv,male,72,23.994
1932,lv,male,73,21.797
1932,lv,male,74,19.658
1932,lv,male,75,17.59
1932,lv,male,76,15.603
1932,lv,male,77,13.709
1932,lv,male,78,11.919
1932,lv,male,79,10.243
1932,lv,male,80,8.6922
1932,lv,male,81,7.2739
1932,lv,male,82,5.9945
1932,lv,male,83,4.8576
1932,lv,male,84,3.8641
1932,lv,male,85,3.012
1932,lv,male,86,2.2959
1932,lv,male,87,1.7077
1932,lv,male,88,1.2364
1932,lv,male,89,0.86905
1932,lv,male,90,0.59133
1932,lv,female,0,198
1932,lv,female,1,185.56
1932,lv,female,2,180.69
1932,lv,female,3,184.17
1932,lv,female,4,187.48
1932,lv,female,5,190.31
1932,lv,female,6,192.57
1932,lv,female,7,194.28
1932,lv,female,8,195.44
1932,lv,female,9,196.09
1932,lv,female,10,196.25
1932,lv,female,11,166.55
1932,lv,female,12,140.53
1932,lv,female,13,104.84
1932,lv,female,14,93.073
1932,lv,female,15,94.525
1932,lv,female,16,127.81
1932,lv,female,17,173.34
1932,lv,female,18,169.26
1932,lv,female,19,165.27
1932,lv,female,20,161.37
1932,lv,female,21,157.56
1932,lv,female,22,153.84
1932,lv,female,23,150.19
1932,lv,female,24,146.63
1932,lv,female,25,143.14
1932,lv,female,26,139.73
1932,lv,female,27,136.39
1932,lv,female,28,133.12
1932,lv,female,29,129.93
1932,lv,female,30,126.79
1932,lv,female,31,123.73
1932,lv,female,32,120.72
1932,lv,female,33,117.78
1932,lv,female,34,114.9
1932,lv,female,35,112.07
1932,lv,female,36,109.3
1932,lv,female,37,106.58
1932,lv,female,38,103.91
1932,lv,female,39,101.28
1932,lv,female,40,98.709
1932,lv,female,41,96.177
1932,lv,female,42,93.688
1932,lv,female,43,91.238
1932,lv,female,44,88.826
1932,lv,female,45,86.45
1932,lv,female,46,84.108
1932,lv,female,47,81.796
1932,lv,female,48,79.514
1932,lv,female,49,77.259
1932,lv,female,50,75.029
1932,lv,female,51,72.821
1932,lv,female,52,70.634
1932,lv,female,53,68.465
1932,lv,female,54,66.312
1932,lv,female,55,64.172
1932,lv,female,56,62.045
1932,lv,female,57,59.927
1932,lv,female,58,57.816
1932,lv,female,59,55.712
1932,lv,female,60,53.612
1932,lv,female,61,51.514
1932,lv,female,62,49.418
1932,lv,female,63,47.322
1932,lv,female,64,45.226
1932,lv,female,65,43.129
1932,lv,female,66,41.031
1932,lv,female,67,38.933
1932,lv,female,68,36.836
1932,lv,female,69,34.742
1932,lv,female,70,32.652
1932,lv,female,71,30.571
1932,lv,female,72,28.502
1932,lv,female,73,26.45
1932,lv,female,74,24.422
1932,lv,female,75,22.423
1932,lv,female,76,20.461
1932,lv,female,77,18.545
1932,lv,female,78,16.684
1932,lv,female,79,14.887
1932,lv,female,80,13.165
1932,lv,female,81,11.528
1932,lv,female,82,9.985
1932,lv,female,83,8.5461
1932,lv,female,84,7.2193
1932,lv,female,85,6.0112
1932,lv,female,86,4.9266
1932,lv,female,87,3.968
1932,lv,female,88,3.1354
1932,lv,female,89,2.426
1932,lv,female,90,1.8343
1932,lv,female,91,1.3522
1932,lv,female,92,0.96945
1932,lv,female,93,0.67411
1932,rom,male,0,492.77
1932,rom,male,1,444.83
1932,rom,male,2,427.37
1932,rom,male,3,425.97
1932,rom,male,4,425.73
1932,rom,male,5,425.29
1932,rom,male,6,424.3
1932,rom,male,7,422.69
1932,rom,male,8,420.48
1932,rom,male,9,417.67
1932,rom,male,10,414.3
1932,rom,male,11,362.63
1932,rom,male,12,304.48
1932,rom,male,13,227.41
1932,rom,male,14,202.9
1932,rom,male,15,207.31
1932,rom,male,16,276.06
1932,rom,male,17,360.79
1932,rom,male,18,352.33
1932,rom,male,19,344.07
1932,rom,male,20,335.97
1932,rom,male,21,328.06
1932,rom,male,22,320.31
1932,rom,male,23,312.73
1932,rom,male,24,305.3
1932,rom,male,25,298.03
1932,rom,male,26,290.91
1932,rom,male,27,283.93
1932,rom,male,28,277.1
1932,rom,male,29,270.4
1932,rom,male,30,263.83
1932,rom,male,31,257.38
1932,rom,male,32,230.97
1932,rom,male,33,225.26
1932,rom,male,34,219.65
1932,rom,male,35,214.14
1932,rom,male,36,208.73
1932,rom,male,37,203.4
1932,rom,male,38,198.16
1932,rom,male,39,193
1932,rom,male,40,187.91
1932,rom,male,41,182.9
1932,rom,male,42,177.95
1932,rom,male,43,173.06
1932,rom,male,44,168.23
1932,rom,male,45,163.46
1932,rom,male,46,158.73
1932,rom,male,47,154.04
1932,rom,male,48,149.39
1932,rom,male,49,144.78
1932,rom,male,50,140.19
1932,rom,male,51,135.63
1932,rom,male,52,131.09
1932,rom,male,53,126.57
1932,rom,male,54,122.05
1932,rom,male,55,117.55
1932,rom,male,56,122.88
1932,rom,male,57,117.99
1932,rom,male,58,113.09
1932,rom,male,59,108.2
1932,rom,male,60,103.3
1932,rom,male,61,98.391
1932,rom,male,62,93.482
1932,rom,male,63,88.57
1932,rom,male,64,83.66
1932,rom,male,65,78.757
1932,rom,male,66,73.868
1932,rom,male,67,69
1932,rom,male,68,64.167
1932,rom,male,69,59.379
1932,rom,male,70,54.652
1932,rom,male,71,50.004
1932,rom,male,72,45.453
1932,rom,male,73,41.022
1932,rom,male,74,36.731
1932,rom,male,75,32.606
1932,rom,male,76,28.67
1932,rom,male,77,24.946
1932,rom,male,78,21.459
1932,rom,male,79,18.227
1932,rom,male,80,15.268
1932,rom,male,81,12.597
1932,rom,male,82,10.22
1932,rom,male,83,8.1413
1932,rom,male,84,6.3556
1932,rom,male,85,4.853
1932,rom,male,86,3.6167
1932,rom,male,87,2.6244
1932,rom,male,88,1.8494
1932,rom,male,89,1.2621
1932,rom,male,90,0.83157
1932,rom,male,91,0.52715
1932,rom,female,0,466.65
1932,rom,female,1,423.59
1932,rom,female,2,407.64
1932,rom,female,3,406.58
1932,rom,female,4,406.51
1932,rom,female,5,406.22
1932,rom,female,6,405.4
1932,rom,female,7,403.99
1932,rom,female,8,402
1932,rom,female,9,399.44
1932,rom,female,10,396.35
1932,rom,female,11,347.03
1932,rom,female,12,291.48
1932,rom,female,13,217.78
1932,rom,female,14,194.38
1932,rom,female,15,198.68
1932,rom,female,16,264.68
1932,rom,female,17,346.04
1932,rom,female,18,338.07
1932,rom,female,19,330.28
1932,rom,female,20,322.65
1932,rom,female,21,315.19
1932,rom,female,22,307.89
1932,rom,female,23,300.75
1932,rom,female,24,293.76
1932,rom,female,25,286.92
1932,rom,female,26,280.22
1932,rom,female,27,273.66
1932,rom,female,28,267.23
1932,rom,female,29,260.94
1932,rom,female,30,254.77
1932,rom,female,31,248.72
1932,rom,female,32,242.8
1932,rom,female,33,236.99
1932,rom,female,34,231.28
1932,rom,female,35,225.69
1932,rom,female,36,220.2
1932,rom,female,37,214.8
1932,rom,female,38,209.5
1932,rom,female,39,204.29
1932,rom,female,40,199.17
1932,rom,female,41,194.13
1932,rom,female,42,189.16
1932,rom,female,43,184.27
1932,rom,female,44,179.45
1932,rom,female,45,174.69
1932,rom,female,46,169.99
1932,rom,female,47,165.35
1932,rom,female,48,160.75
1932,rom,female,49,156.21
1932,rom,female,50,151.7
1932,rom,female,51,147.24
1932,rom,female,52,142.8
1932,rom,female,53,138.4
1932,rom,female,54,134.02
1932,rom,female,55,129.66
1932,rom,female,56,125.31
1932,rom,female,57,120.97
1932,rom,female,58,116.65
1932,rom,female,59,112.32
1932,rom,female,60,108
1932,rom,female,61,103.67
1932,rom,female,62,99.344
1932,rom,female,63,95.008
1932,rom,female,64,90.666
1932,rom,female,65,86.317
1932,rom,female,66,81.962
1932,rom,female,67,77.604
1932,rom,female,68,73.246
1932,rom,female,69,68.893
1932,rom,female,70,64.552
1932,rom,female,71,60.232
1932,rom,female,72,55.942
1932,rom,female,73,51.695
1932,rom,female,74,47.505
1932,rom,female,75,43.388
1932,rom,female,76,39.362
1932,rom,female,77,35.447
1932,rom,female,78,31.662
1932,rom,female,79,28.03
1932,rom,female,80,24.573
1932,rom,female,81,21.31
1932,rom,female,82,18.263
1932,rom,female,83,15.449
1932,rom,female,84,12.884
1932,rom,female,85,10.576
1932,rom,female,86,8.5339
1932,rom,female,87,6.7566
1932,rom,female,88,5.2394
1932,rom,female,89,3.9711
1932,rom,female,90,2.9354
1932,rom,female,91,2.111
1932,rom,female,92,1.4729
1932,rom,female,93,0.99432
1932,rom,female,94,0.6473
1932,kdr,male,0,8.643
1932,kdr,male,1,7.8066
1932,kdr,male,2,7.5311
1932,kdr,male,3,7.6587
1932,kdr,male,4,7.7967
1932,kdr,male,5,7.9206
1932,kdr,male,6,8.0245
1932,kdr,male,7,8.1073
1932,kdr,male,8,8.1691
1932,kdr,male,9,8.2108
1932,kdr,male,10,8.2331
1932,kdr,male,11,7.0925
1932,kdr,male,12,5.9985
1932,kdr,male,13,4.4877
1932,kdr,male,14,3.9966
1932,kdr,male,15,4.0756
1932,kdr,male,16,5.4921
1932,kdr,male,17,7.3629
1932,kdr,male,18,7.2014
1932,kdr,male,19,7.0432
1932,kdr,male,20,6.8881
1932,kdr,male,21,6.7362
1932,kdr,male,22,6.5872
1932,kdr,male,23,6.4411
1932,kdr,male,24,6.2978
1932,kdr,male,25,6.1573
1932,kdr,male,26,6.0194
1932,kdr,male,27,5.8841
1932,kdr,male,28,5.7512
1932,kdr,male,29,5.6207
1932,kdr,male,30,5.4926
1932,kdr,male,31,5.3666
1932,kdr,male,32,4.8233
1932,kdr,male,33,4.7113
1932,kdr,male,34,4.601
1932,kdr,male,35,4.4924
1932,kdr,male,36,4.3854
1932,kdr,male,37,4.28
1932,kdr,male,38,4.176
1932,kdr,male,39,4.0734
1932,kdr,male,40,3.972
1932,kdr,male,41,3.8718
1932,kdr,male,42,3.7727
1932,kdr,male,43,3.6746
1932,kdr,male,44,3.5774
1932,kdr,male,45,3.4809
1932,kdr,male,46,3.3852
1932,kdr,male,47,3.2901
1932,kdr,male,48,3.1955
1932,kdr,male,49,3.1012
1932,kdr,male,50,3.0073
1932,kdr,male,51,2.9136
1932,kdr,male,52,2.82
1932,kdr,male,53,2.7265
1932,kdr,male,54,2.6328
1932,kdr,male,55,2.5391
1932,kdr,male,56,2.6577
1932,kdr,male,57,2.5552
1932,kdr,male,58,2.4524
1932,kdr,male,59,2.3492
1932,kdr,male,60,2.2455
1932,kdr,male,61,2.1414
1932,kdr,male,62,2.0368
1932,kdr,male,63,1.9319
1932,kdr,male,64,1.8268
1932,kdr,male,65,1.7214
1932,kdr,male,66,1.6161
1932,kdr,male,67,1.5109
1932,kdr,male,68,1.4062
1932,kdr,male,69,1.3022
1932,kdr,male,70,1.1993
1932,kdr,male,71,1.0979
1932,kdr,male,72,0.99843
1932,kdr,male,73,0.90138
1932,kdr,male,74,0.80726
1932,kdr,male,75,0.71664
1932,kdr,male,76,0.63006
1932,kdr,male,77,0.54809
1932,kdr,female,0,8.1871
1932,kdr,female,1,7.4392
1932,kdr,female,2,7.1897
1932,kdr,female,3,7.3168
1932,kdr,female,4,7.4518
1932,kdr,female,5,7.573
1932,kdr,female,6,7.6749
1932,kdr,female,7,7.7567
1932,kdr,female,8,7.8186
1932,kdr,female,9,7.8612
1932,kdr,female,10,7.8853
1932,kdr,female,11,6.7956
1932,kdr,female,12,5.7495
1932,kdr,female,13,4.3032
1932,kdr,female,14,3.8337
1932,kdr,female,15,3.9111
1932,kdr,female,16,5.2726
1932,kdr,female,17,7.0714
1932,kdr,female,18,6.9194
1932,kdr,female,19,6.7704
1932,kdr,female,20,6.6244
1932,kdr,female,21,6.4813
1932,kdr,female,22,6.3411
1932,kdr,female,23,6.2037
1932,kdr,female,24,6.069
1932,kdr,female,25,5.9369
1932,kdr,female,26,5.8073
1932,kdr,female,27,5.6802
1932,kdr,female,28,5.5555
1932,kdr,female,29,5.4331
1932,kdr,female,30,5.313
1932,kdr,female,31,5.195
1932,kdr,female,32,5.0792
1932,kdr,female,33,4.9654
1932,kdr,female,34,4.8535
1932,kdr,female,35,4.7435
1932,kdr,female,36,4.6352
1932,kdr,female,37,4.5287
1932,kdr,female,38,4.4239
1932,kdr,female,39,4.3205
1932,kdr,female,40,4.2187
1932,kdr,female,41,4.1183
1932,kdr,female,42,4.0191
1932,kdr,female,43,3.9212
1932,kdr,female,44,3.8244
1932,kdr,female,45,3.7287
1932,kdr,female,46,3.634
1932,kdr,female,47,3.5401
1932,kdr,female,48,3.447
1932,kdr,female,49,3.3545
1932,kdr,female,50,3.2627
1932,kdr,female,51,3.1714
1932,kdr,female,52,3.0804
1932,kdr,female,53,2.9898
1932,kdr,female,54,2.8994
1932,kdr,female,55,2.8091
1932,kdr,female,56,2.7188
1932,kdr,female,57,2.6284
1932,kdr,female,58,2.5379
1932,kdr,female,59,2.4472
1932,kdr,female,60,2.3562
1932,kdr,female,61,2.2649
1932,kdr,female,62,2.1731
1932,kdr,female,63,2.0809
1932,kdr,female,64,1.9883
1932,kdr,female,65,1.8952
1932,kdr,female,66,1.8017
1932,kdr,female,67,1.7078
1932,kdr,female,68,1.6136
1932,kdr,female,69,1.5193
1932,kdr,female,70,1.4249
1932,kdr,female,71,1.3308
1932,kdr,female,72,1.237
1932,kdr,female,73,1.1439
1932,kdr,female,74,1.0519
1932,kdr,female,75,0.96131
1932,kdr,female,76,0.87252
1932,kdr,female,77,0.786
1932,kdr,female,78,0.70223
1932,kdr,female,79,0.62173
1932,kdr,female,80,0.54499
1932,wym,male,0,21.697
1932,wym,male,1,19.692
1932,wym,male,2,18.952
1932,wym,male,3,18.918
1932,wym,male,4,18.928
1932,wym,male,5,18.925
1932,wym,male,6,18.894
1932,wym,male,7,18.834
1932,wym,male,8,18.744
1932,wym,male,9,18.626
1932,wym,male,10,18.481
1932,wym,male,11,16.846
1932,wym,male,12,14.131
1932,wym,male,13,10.616
1932,wym,male,14,9.5039
1932,wym,male,15,9.7876
1932,wym,male,16,12.854
1932,wym,male,17,16.093
1932,wym,male,18,15.714
1932,wym,male,19,15.344
1932,wym,male,20,14.982
1932,wym,male,21,14.628
1932,wym,male,22,14.281
1932,wym,male,23,13.942
1932,wym,male,24,13.61
1932,wym,male,25,13.285
1932,wym,male,26,12.966
1932,wym,male,27,12.654
1932,wym,male,28,12.348
1932,wym,male,29,12.049
1932,wym,male,30,11.755
1932,wym,male,31,11.467
1932,wym,male,32,10.289
1932,wym,male,33,10.034
1932,wym,male,34,9.7835
1932,wym,male,35,9.5372
1932,wym,male,36,9.2953
1932,wym,male,37,9.0573
1932,wym,male,38,8.8232
1932,wym,male,39,8.5927
1932,wym,male,40,8.3656
1932,wym,male,41,8.1417
1932,wym,male,42,7.9209
1932,wym,male,43,7.7029
1932,wym,male,44,7.4874
1932,wym,male,45,7.2744
1932,wym,male,46,7.0635
1932,wym,male,47,6.8546
1932,wym,male,48,6.6475
1932,wym,male,49,6.4419
1932,wym,male,50,6.2376
1932,wym,male,51,6.0345
1932,wym,male,52,5.8323
1932,wym,male,53,5.6309
1932,wym,male,54,5.43
1932,wym,male,55,5.2295
1932,wym,male,56,5.4666
1932,wym,male,57,5.2491
1932,wym,male,58,5.0316
1932,wym,male,59,4.814
1932,wym,male,60,4.5962
1932,wym,male,61,4.3782
1932,wym,male,62,4.1601
1932,wym,male,63,3.942
1932,wym,male,64,3.724
1932,wym,male,65,3.5062
1932,wym,male,66,3.2891
1932,wym,male,67,3.073
1932,wym,male,68,2.8584
1932,wym,male,69,2.6458
1932,wym,male,70,2.4359
1932,wym,male,71,2.2294
1932,wym,male,72,2.0273
1932,wym,male,73,1.8304
1932,wym,male,74,1.6397
1932,wym,male,75,1.4562
1932,wym,male,76,1.2811
1932,wym,male,77,1.1154
1932,wym,male,78,0.96001
1932,wym,male,79,0.81597
1932,wym,male,80,0.68401
1932,wym,male,81,0.56475
1932,wym,female,0,20.541
1932,wym,female,1,18.738
1932,wym,female,2,18.061
1932,wym,female,3,18.041
1932,wym,female,4,18.058
1932,wym,female,5,18.06
1932,wym,female,6,18.037
1932,wym,female,7,17.985
1932,wym,female,8,17.905
1932,wym,female,9,17.797
1932,wym,female,10,17.665
1932,wym,female,11,16.107
1932,wym,female,12,13.516
1932,wym,female,13,10.157
1932,wym,female,14,9.0964
1932,wym,female,15,9.3714
1932,wym,female,16,12.312
1932,wym,female,17,15.42
1932,wym,female,18,15.063
1932,wym,female,19,14.715
1932,wym,female,20,14.373
1932,wym,female,21,14.04
1932,wym,female,22,13.713
1932,wym,female,23,13.394
1932,wym,female,24,13.081
1932,wym,female,25,12.775
1932,wym,female,26,12.475
1932,wym,female,27,12.182
1932,wym,female,28,11.895
1932,wym,female,29,11.613
1932,wym,female,30,11.337
1932,wym,female,31,11.067
1932,wym,female,32,10.802
1932,wym,female,33,10.543
1932,wym,female,34,10.288
1932,wym,female,35,10.038
1932,wym,female,36,9.7929
1932,wym,female,37,9.5521
1932,wym,female,38,9.3155
1932,wym,female,39,9.0829
1932,wym,female,40,8.8542
1932,wym,female,41,8.6292
1932,wym,female,42,8.4077
1932,wym,female,43,8.1894
1932,wym,female,44,7.9743
1932,wym,female,45,7.7621
1932,wym,female,46,7.5527
1932,wym,female,47,7.3457
1932,wym,female,48,7.1411
1932,wym,female,49,6.9386
1932,wym,female,50,6.738
1932,wym,female,51,6.5391
1932,wym,female,52,6.3418
1932,wym,female,53,6.1458
1932,wym,female,54,5.9509
1932,wym,female,55,5.7569
1932,wym,female,56,5.5637
1932,wym,female,57,5.371
1932,wym,female,58,5.1787
1932,wym,female,59,4.9866
1932,wym,female,60,4.7947
1932,wym,female,61,4.6026
1932,wym,female,62,4.4105
1932,wym,female,63,4.2181
1932,wym,female,64,4.0255
1932,wym,female,65,3.8326
1932,wym,female,66,3.6395
1932,wym,female,67,3.4464
1932,wym,female,68,3.2532
1932,wym,female,69,3.0603
1932,wym,female,70,2.868
1932,wym,female,71,2.6765
1932,wym,female,72,2.4865
1932,wym,female,73,2.2983
1932,wym,female,74,2.1126
1932,wym,female,75,1.9302
1932,wym,female,76,1.7517
1932,wym,female,77,1.5781
1932,wym,female,78,1.4102
1932,wym,female,79,1.2491
1932,wym,female,80,1.0956
1932,wym,female,81,0.95069
1932,wym,female,82,0.81528
1932,wym,female,83,0.69014
1932,wym,female,84,0.57595
1932,oth,male,0,1050.9
1932,oth,male,1,955.34
1932,oth,male,2,921.88
1932,oth,male,3,932.56
1932,oth,male,4,944.5
1932,oth,male,5,954.95
1932,oth,male,6,963.26
1932,oth,male,7,969.3
1932,oth,male,8,973.11
1932,oth,male,9,974.77
1932,oth,male,10,974.37
1932,oth,male,11,851.47
1932,oth,male,12,720.49
1932,oth,male,13,536.65
1932,oth,male,14,479.02
1932,oth,male,15,488.37
1932,oth,male,16,652.47
1932,oth,male,17,862.83
1932,oth,male,18,843.18
1932,oth,male,19,823.95
1932,oth,male,20,805.12
1932,oth,male,21,786.68
1932,oth,male,22,768.62
1932,oth,male,23,750.93
1932,oth,male,24,733.6
1932,oth,male,25,716.62
1932,oth,male,26,699.97
1932,oth,male,27,683.65
1932,oth,male,28,667.65
1932,oth,male,29,651.95
1932,oth,male,30,636.55
1932,oth,male,31,621.43
1932,oth,male,32,558.06
1932,oth,male,33,544.64
1932,oth,male,34,531.45
1932,oth,male,35,518.48
1932,oth,male,36,505.73
1932,oth,male,37,493.17
1932,oth,male,38,480.8
1932,oth,male,39,468.61
1932,oth,male,40,456.59
1932,oth,male,41,444.73
1932,oth,male,42,433.02
1932,oth,male,43,421.44
1932,oth,male,44,409.98
1932,oth,male,45,398.64
1932,oth,male,46,387.4
1932,oth,male,47,376.25
1932,oth,male,48,365.18
1932,oth,male,49,354.18
1932,oth,male,50,343.24
1932,oth,male,51,332.34
1932,oth,male,52,321.48
1932,oth,male,53,310.64
1932,oth,male,54,299.82
1932,oth,male,55,289
1932,oth,male,56,302.37
1932,oth,male,57,290.6
1932,oth,male,58,278.81
1932,oth,male,59,266.99
1932,oth,male,60,255.15
1932,oth,male,61,243.28
1932,oth,male,62,231.38
1932,oth,male,63,219.46
1932,oth,male,64,207.52
1932,oth,male,65,195.59
1932,oth,male,66,183.67
1932,oth,male,67,171.78
1932,oth,male,68,159.96
1932,oth,male,69,148.23
1932,oth,male,70,136.63
1932,oth,male,71,125.2
1932,oth,male,72,113.99
1932,oth,male,73,103.05
1932,oth,male,74,92.444
1932,oth,male,75,82.22
1932,oth,male,76,72.444
1932,oth,male,77,63.174
1932,oth,male,78,54.47
1932,oth,male,79,46.384
1932,oth,male,80,38.962
1932,oth,male,81,32.239
1932,oth,male,82,26.24
1932,oth,male,83,20.974
1932,oth,male,84,16.435
1932,oth,male,85,12.6
1932,oth,male,86,9.4312
1932,oth,male,87,6.8764
1932,oth,male,88,4.8713
1932,oth,male,89,3.3435
1932,oth,male,90,2.2168
1932,oth,male,91,1.415
1932,oth,male,92,0.86638
1932,oth,male,93,0.50685
1932,oth,female,0,995
1932,oth,female,1,909.23
1932,oth,female,2,878.78
1932,oth,female,3,889.5
1932,oth,female,4,901.21
1932,oth,female,5,911.45
1932,oth,female,6,919.64
1932,oth,female,7,925.66
1932,oth,female,8,929.57
1932,oth,female,9,931.43
1932,oth,female,10,931.33
1932,oth,female,11,814.1
1932,oth,female,12,689.08
1932,oth,female,13,513.44
1932,oth,female,14,458.46
1932,oth,female,15,467.59
1932,oth,female,16,624.93
1932,oth,female,17,826.72
1932,oth,female,18,808.21
1932,oth,female,19,790.09
1932,oth,female,20,772.36
1932,oth,female,21,755
1932,oth,female,22,738
1932,oth,female,23,721.35
1932,oth,female,24,705.04
1932,oth,female,25,689.07
1932,oth,female,26,673.43
1932,oth,female,27,658.1
1932,oth,female,28,643.07
1932,oth,female,29,628.34
1932,oth,female,30,613.9
1932,oth,female,31,599.73
1932,oth,female,32,585.84
1932,oth,female,33,572.2
1932,oth,female,34,558.81
1932,oth,female,35,545.66
1932,oth,female,36,532.75
1932,oth,female,37,520.05
1932,oth,female,38,507.57
1932,oth,female,39,495.29
1932,oth,female,40,483.2
1932,oth,female,41,471.29
1932,oth,female,42,459.56
1932,oth,female,43,447.99
1932,oth,female,44,436.57
1932,oth,female,45,425.29
1932,oth,female,46,414.15
1932,oth,female,47,403.13
1932,oth,female,48,392.22
1932,oth,female,49,381.41
1932,oth,female,50,370.69
1932,oth,female,51,360.04
1932,oth,female,52,349.47
1932,oth,female,53,338.95
1932,oth,female,54,328.47
1932,oth,female,55,318.03
1932,oth,female,56,307.62
1932,oth,female,57,297.22
1932,oth,female,58,286.83
1932,oth,female,59,276.43
1932,oth,female,60,266.02
1932,oth,female,61,255.59
1932,oth,female,62,245.14
1932,oth,female,63,234.66
1932,oth,female,64,224.16
1932,oth,female,65,213.61
1932,oth,female,66,203.05
1932,oth,female,67,192.45
1932,oth,female,68,181.85
1932,oth,female,69,171.24
1932,oth,female,70,160.64
1932,oth,female,71,150.07
1932,oth,female,72,139.57
1932,oth,female,73,129.15
1932,oth,female,74,118.85
1932,oth,female,75,108.72
1932,oth,female,76,98.788
1932,oth,female,77,89.113
1932,oth,female,78,79.742
1932,oth,female,79,70.731
1932,oth,female,80,62.132
1932,oth,female,81,54.001
1932,oth,female,82,46.389
1932,oth,female,83,39.341
1932,oth,female,84,32.896
1932,oth,female,85,27.084
1932,oth,female,86,21.923
1932,oth,female,87,17.416
1932,oth,female,88,13.555
1932,oth,female,89,10.316
1932,oth,female,90,7.6586
1932,oth,female,91,5.5339
1932,oth,female,92,3.8816
1932,oth,female,93,2.6353
1932,oth,female,94,1.7263
1932,oth,female,95,1.0874
1932,oth,female,96,0.65624
1939,pl,male,0,2.9965e+05
1939,pl,male,1,2.8311e+05
1939,pl,male,2,2.7633e+05
1939,pl,male,3,2.8829e+05
1939,pl,male,4,2.8012e+05
1939,pl,male,5,2.8651e+05
1939,pl,male,6,2.8798e+05
1939,pl,male,7,2.6854e+05
1939,pl,male,8,2.6357e+05
1939,pl,male,9,2.5912e+05
1939,pl,male,10,2.6094e+05
1939,pl,male,11,2.6224e+05
1939,pl,male,12,2.6302e+05
1939,pl,male,13,2.633e+05
1939,pl,male,14,2.631e+05
1939,pl,male,15,2.6273e+05
1939,pl,male,16,2.619e+05
1939,pl,male,17,2.6065e+05
1939,pl,male,18,2.2978e+05
1939,pl,male,19,1.9443e+05
1939,pl,male,20,1.4402e+05
1939,pl,male,21,1.2882e+05
1939,pl,male,22,1.3115e+05
1939,pl,male,23,1.7373e+05
1939,pl,male,24,2.2754e+05
1939,pl,male,25,2.2182e+05
1939,pl,male,26,2.1625e+05
1939,pl,male,27,2.1078e+05
1939,pl,male,28,2.0549e+05
1939,pl,male,29,2.0052e+05
1939,pl,male,30,1.9573e+05
1939,pl,male,31,1.9108e+05
1939,pl,male,32,1.8655e+05
1939,pl,male,33,1.821e+05
1939,pl,male,34,1.7772e+05
1939,pl,male,35,1.7341e+05
1939,pl,male,36,1.6916e+05
1939,pl,male,37,1.6482e+05
1939,pl,male,38,1.6069e+05
1939,pl,male,39,1.4407e+05
1939,pl,male,40,1.4036e+05
1939,pl,male,41,1.3669e+05
1939,pl,male,42,1.3306e+05
1939,pl,male,43,1.2947e+05
1939,pl,male,44,1.2591e+05
1939,pl,male,45,1.2239e+05
1939,pl,male,46,1.189e+05
1939,pl,male,47,1.1543e+05
1939,pl,male,48,1.1199e+05
1939,pl,male,49,1.0858e+05
1939,pl,male,50,1.0518e+05
1939,pl,male,51,1.018e+05
1939,pl,male,52,98428
1939,pl,male,53,95069
1939,pl,male,54,91716
1939,pl,male,55,88368
1939,pl,male,56,85023
1939,pl,male,57,81597
1939,pl,male,58,78252
1939,pl,male,59,74904
1939,pl,male,60,71551
1939,pl,male,61,68194
1939,pl,male,62,64834
1939,pl,male,63,66815
1939,pl,male,64,63159
1939,pl,male,65,59453
1939,pl,male,66,55761
1939,pl,male,67,52090
1939,pl,male,68,48447
1939,pl,male,69,44842
1939,pl,male,70,41286
1939,pl,male,71,37790
1939,pl,male,72,34402
1939,pl,male,73,31097
1939,pl,male,74,27894
1939,pl,male,75,24809
1939,pl,male,76,21860
1939,pl,male,77,19065
1939,pl,male,78,16442
1939,pl,male,79,14005
1939,pl,male,80,11768
1939,pl,male,81,9741.6
1939,pl,male,82,7933.2
1939,pl,male,83,6345.3
1939,pl,male,84,4975.9
1939,pl,male,85,3818.3
1939,pl,male,86,2861.2
1939,pl,male,87,2088.6
1939,pl,male,88,1481.7
1939,pl,male,89,1018.6
1939,pl,male,90,676.51
1939,pl,male,91,432.68
1939,pl,male,92,265.52
1939,pl,male,93,155.72
1939,pl,male,94,86.915
1939,pl,male,95,45.952
1939,pl,male,96,22.899
1939,pl,male,97,10.701
1939,pl,male,98,4.6652
1939,pl,male,99,1.8904
1939,pl,male,100,1.0868
1939,pl,female,0,2.8397e+05
1939,pl,female,1,2.7e+05
1939,pl,female,2,2.6398e+05
1939,pl,female,3,2.7553e+05
1939,pl,female,4,2.6773e+05
1939,pl,female,5,2.7379e+05
1939,pl,female,6,2.7519e+05
1939,pl,female,7,2.5666e+05
1939,pl,female,8,2.5195e+05
1939,pl,female,9,2.4775e+05
1939,pl,female,10,2.4956e+05
1939,pl,female,11,2.5087e+05
1939,pl,female,12,2.517e+05
1939,pl,female,13,2.5204e+05
1939,pl,female,14,2.5193e+05
1939,pl,female,15,2.5166e+05
1939,pl,female,16,2.5095e+05
1939,pl,female,17,2.4983e+05
1939,pl,female,18,2.203e+05
1939,pl,female,19,1.8648e+05
1939,pl,female,20,1.3817e+05
1939,pl,female,21,1.2361e+05
1939,pl,female,22,1.2591e+05
1939,pl,female,23,1.6685e+05
1939,pl,female,24,2.1861e+05
1939,pl,female,25,2.1319e+05
1939,pl,female,26,2.0793e+05
1939,pl,female,27,2.0285e+05
1939,pl,female,28,1.9798e+05
1939,pl,female,29,1.9332e+05
1939,pl,female,30,1.8882e+05
1939,pl,female,31,1.8447e+05
1939,pl,female,32,1.8022e+05
1939,pl,female,33,1.7606e+05
1939,pl,female,34,1.7197e+05
1939,pl,female,35,1.6795e+05
1939,pl,female,36,1.6399e+05
1939,pl,female,37,1.5995e+05
1939,pl,female,38,1.5611e+05
1939,pl,female,39,1.5232e+05
1939,pl,female,40,1.4858e+05
1939,pl,female,41,1.4489e+05
1939,pl,female,42,1.4125e+05
1939,pl,female,43,1.3766e+05
1939,pl,female,44,1.3411e+05
1939,pl,female,45,1.3061e+05
1939,pl,female,46,1.2714e+05
1939,pl,female,47,1.2371e+05
1939,pl,female,48,1.2032e+05
1939,pl,female,49,1.1695e+05
1939,pl,female,50,1.1362e+05
1939,pl,female,51,1.1031e+05
1939,pl,female,52,1.0702e+05
1939,pl,female,53,1.0375e+05
1939,pl,female,54,1.005e+05
1939,pl,female,55,97263
1939,pl,female,56,94036
1939,pl,female,57,90729
1939,pl,female,58,87517
1939,pl,female,59,84307
1939,pl,female,60,81097
1939,pl,female,61,77885
1939,pl,female,62,74670
1939,pl,female,63,71449
1939,pl,female,64,68222
1939,pl,female,65,64932
1939,pl,female,66,61643
1939,pl,female,67,58355
1939,pl,female,68,55072
1939,pl,female,69,51797
1939,pl,female,70,48535
1939,pl,female,71,45291
1939,pl,female,72,42112
1939,pl,female,73,38962
1939,pl,female,74,35852
1939,pl,female,75,32792
1939,pl,female,76,29797
1939,pl,female,77,26880
1939,pl,female,78,24056
1939,pl,female,79,21341
1939,pl,female,80,18752
1939,pl,female,81,16303
1939,pl,female,82,14011
1939,pl,female,83,11889
1939,pl,female,84,9947.9
1939,pl,female,85,8196.8
1939,pl,female,86,6640.8
1939,pl,female,87,5281.4
1939,pl,female,88,4115.7
1939,pl,female,89,3136.5
1939,pl,female,90,2332.3
1939,pl,female,91,1688.4
1939,pl,female,92,1186.7
1939,pl,female,93,807.49
1939,pl,female,94,530.34
1939,pl,female,95,335.03
1939,pl,female,96,202.83
1939,pl,female,97,117.2
1939,pl,female,98,64.353
1939,pl,female,99,33.42
1939,pl,female,100,30.655
1939,uk,male,0,64621
1939,uk,male,1,59608
1939,uk,male,2,57577
1939,uk,male,3,59659
1939,uk,male,4,57604
1939,uk,male,5,58663
1939,uk,male,6,58747
1939,uk,male,7,58244
1939,uk,male,8,56971
1939,uk,male,9,55823
1939,uk,male,10,55370
1939,uk,male,11,54876
1939,uk,male,12,54340
1939,uk,male,13,53761
1939,uk,male,14,53143
1939,uk,male,15,52475
1939,uk,male,16,51773
1939,uk,male,17,51039
1939,uk,male,18,44956
1939,uk,male,19,37513
1939,uk,male,20,28103
1939,uk,male,21,25069
1939,uk,male,22,25662
1939,uk,male,23,33990
1939,uk,male,24,43703
1939,uk,male,25,42604
1939,uk,male,26,41534
1939,uk,male,27,40511
1939,uk,male,28,39531
1939,uk,male,29,38573
1939,uk,male,30,37648
1939,uk,male,31,36747
1939,uk,male,32,35867
1939,uk,male,33,35004
1939,uk,male,34,34156
1939,uk,male,35,33319
1939,uk,male,36,32495
1939,uk,male,37,31686
1939,uk,male,38,30883
1939,uk,male,39,27683
1939,uk,male,40,26962
1939,uk,male,41,26250
1939,uk,male,42,25545
1939,uk,male,43,24848
1939,uk,male,44,24157
1939,uk,male,45,23473
1939,uk,male,46,22795
1939,uk,male,47,22121
1939,uk,male,48,21453
1939,uk,male,49,20788
1939,uk,male,50,20127
1939,uk,male,51,19468
1939,uk,male,52,18812
1939,uk,male,53,18157
1939,uk,male,54,17503
1939,uk,male,55,16850
1939,uk,male,56,16197
1939,uk,male,57,15546
1939,uk,male,58,14892
1939,uk,male,59,14238
1939,uk,male,60,13583
1939,uk,male,61,12927
1939,uk,male,62,12270
1939,uk,male,63,12623
1939,uk,male,64,11909
1939,uk,male,65,11197
1939,uk,male,66,10488
1939,uk,male,67,9782.4
1939,uk,male,68,9081.8
1939,uk,male,69,8388.5
1939,uk,male,70,7704.7
1939,uk,male,71,7033.2
1939,uk,male,72,6376.1
1939,uk,male,73,5737.6
1939,uk,male,74,5120.8
1939,uk,male,75,4529.4
1939,uk,male,76,3966.9
1939,uk,male,77,3436.6
1939,uk,male,78,2941.9
1939,uk,male,79,2485.5
1939,uk,male,80,2069.8
1939,uk,male,81,1696.6
1939,uk,male,82,1366.6
1939,uk,male,83,1080
1939,uk,male,84,835.71
1939,uk,male,85,631.94
1939,uk,male,86,465.89
1939,uk,male,87,334.05
1939,uk,male,88,232.31
1939,uk,male,89,156.23
1939,uk,male,90,101.27
1939,uk,male,91,63.044
1939,uk,male,92,37.549
1939,uk,male,93,21.305
1939,uk,male,94,11.463
1939,uk,male,95,5.8196
1939,uk,male,96,2.7739
1939,uk,male,97,1.2355
1939,uk,male,98,0.51269
1939,uk,female,0,61312
1939,uk,female,1,57021
1939,uk,female,2,55199
1939,uk,female,3,57235
1939,uk,female,4,55276
1939,uk,female,5,56289
1939,uk,female,6,56373
1939,uk,female,7,55901
1939,uk,female,8,54690
1939,uk,female,9,53607
1939,uk,female,10,53192
1939,uk,female,11,52739
1939,uk,female,12,52244
1939,uk,female,13,51710
1939,uk,female,14,51137
1939,uk,female,15,50516
1939,uk,female,16,49863
1939,uk,female,17,49179
1939,uk,female,18,43335
1939,uk,female,19,36177
1939,uk,female,20,27118
1939,uk,female,21,24205
1939,uk,female,22,24793
1939,uk,female,23,32861
1939,uk,female,24,42282
1939,uk,female,25,41247
1939,uk,female,26,40241
1939,uk,female,27,39267
1939,uk,female,28,38331
1939,uk,female,29,37430
1939,uk,female,30,36559
1939,uk,female,31,35714
1939,uk,female,32,34889
1939,uk,female,33,34080
1939,uk,female,34,33286
1939,uk,female,35,32504
1939,uk,female,36,31734
1939,uk,female,37,30980
1939,uk,female,38,30232
1939,uk,female,39,29495
1939,uk,female,40,28768
1939,uk,female,41,28051
1939,uk,female,42,27343
1939,uk,female,43,26643
1939,uk,female,44,25953
1939,uk,female,45,25270
1939,uk,female,46,24595
1939,uk,female,47,23926
1939,uk,female,48,23264
1939,uk,female,49,22608
1939,uk,female,50,21957
1939,uk,female,51,21311
1939,uk,female,52,20668
1939,uk,female,53,20029
1939,uk,female,54,19393
1939,uk,female,55,18759
1939,uk,female,56,18127
1939,uk,female,57,17498
1939,uk,female,58,16867
1939,uk,female,59,16236
1939,uk,female,60,15605
1939,uk,female,61,14973
1939,uk,female,62,14341
1939,uk,female,63,13707
1939,uk,female,64,13071
1939,uk,female,65,12436
1939,uk,female,66,11800
1939,uk,female,67,11164
1939,uk,female,68,10527
1939,uk,female,69,9890.4
1939,uk,female,70,9256.1
1939,uk,female,71,8624.8
1939,uk,female,72,7997.5
1939,uk,female,73,7377
1939,uk,female,74,6765.5
1939,uk,female,75,6165.5
1939,uk,female,76,5579.7
1939,uk,female,77,5010.9
1939,uk,female,78,4462.5
1939,uk,female,79,3937.4
1939,uk,female,80,3438.9
1939,uk,female,81,2970.2
1939,uk,female,82,2534
1939,uk,female,83,2132.9
1939,uk,female,84,1768.8
1939,uk,female,85,1443.2
1939,uk,female,86,1156.6
1939,uk,female,87,908.89
1939,uk,female,88,698.96
1939,uk,female,89,524.91
1939,uk,female,90,384.06
1939,uk,female,91,273.08
1939,uk,female,92,188.17
1939,uk,female,93,125.26
1939,uk,female,94,80.294
1939,uk,female,95,49.376
1939,uk,female,96,29.012
1939,uk,female,97,16.218
1939,uk,female,98,8.5844
1939,uk,female,99,4.2809
1939,uk,female,100,3.5977
1939,be,male,0,15220
1939,be,male,1,14057
1939,be,male,2,13569
1939,be,male,3,14049
1939,be,male,4,13556
1939,be,male,5,13795
1939,be,male,6,13796
1939,be,male,7,14781
1939,be,male,8,14406
1939,be,male,9,14067
1939,be,male,10,13795
1939,be,male,11,13526
1939,be,male,12,13258
1939,be,male,13,12992
1939,be,male,14,12728
1939,be,male,15,12439
1939,be,male,16,12156
1939,be,male,17,11880
1939,be,male,18,9869.3
1939,be,male,19,8171.5
1939,be,male,20,6084.6
1939,be,male,21,5390.7
1939,be,male,22,5451.3
1939,be,male,23,7347.9
1939,be,male,24,9933
1939,be,male,25,9667.1
1939,be,male,26,9408.7
1939,be,male,27,9184.1
1939,be,male,28,8978.9
1939,be,male,29,8751.6
1939,be,male,30,8531.4
1939,be,male,31,8317.2
1939,be,male,32,8108
1939,be,male,33,7903
1939,be,male,34,7701.7
1939,be,male,35,7503.9
1939,be,male,36,7309.2
1939,be,male,37,7124.8
1939,be,male,38,6935.8
1939,be,male,39,6209.5
1939,be,male,40,6040.6
1939,be,male,41,5873.9
1939,be,male,42,5709.4
1939,be,male,43,5547
1939,be,male,44,5386.5
1939,be,male,45,5227.8
1939,be,male,46,5070.8
1939,be,male,47,4915.3
1939,be,male,48,4761.2
1939,be,male,49,4608.3
1939,be,male,50,4456.6
1939,be,male,51,4305.8
1939,be,male,52,4155.9
1939,be,male,53,4006.7
1939,be,male,54,3858.1
1939,be,male,55,3709.9
1939,be,male,56,3562.2
1939,be,male,57,3418.2
1939,be,male,58,3270.8
1939,be,male,59,3123.6
1939,be,male,60,2976.6
1939,be,male,61,2829.7
1939,be,male,62,2683.1
1939,be,male,63,2757.2
1939,be,male,64,2598.6
1939,be,male,65,2442.9
1939,be,male,66,2287.6
1939,be,male,67,2133.3
1939,be,male,68,1980.1
1939,be,male,69,1828.5
1939,be,male,70,1679.1
1939,be,male,71,1532.4
1939,be,male,72,1388
1939,be,male,73,1247.9
1939,be,male,74,1112.8
1939,be,male,75,983.42
1939,be,male,76,860.58
1939,be,male,77,744.97
1939,be,male,78,637.25
1939,be,male,79,538.02
1939,be,male,80,447.76
1939,be,male,81,366.79
1939,be,male,82,295.3
1939,be,male,83,233.24
1939,be,male,84,180.41
1939,be,male,85,136.37
1939,be,male,86,100.51
1939,be,male,87,72.048
1939,be,male,88,50.097
1939,be,male,89,33.688
1939,be,male,90,21.837
1939,be,male,91,13.595
1939,be,male,92,8.0984
1939,be,male,93,4.5955
1939,be,male,94,2.4726
1939,be,male,95,1.255
1939,be,male,96,0.59749
1939,be,female,0,14439
1939,be,female,1,13442
1939,be,female,2,13004
1939,be,female,3,13472
1939,be,female,4,13001
1939,be,female,5,13229
1939,be,female,6,13230
1939,be,female,7,14176
1939,be,female,8,13820
1939,be,female,9,13499
1939,be,female,10,13243
1939,be,female,11,12990
1939,be,female,12,12739
1939,be,female,13,12488
1939,be,female,14,12239
1939,be,female,15,11967
1939,be,female,16,11700
1939,be,female,17,11439
1939,be,female,18,9507.9
1939,be,female,19,7876
1939,be,female,20,5870.2
1939,be,female,21,5208.6
1939,be,female,22,5273.2
1939,be,female,23,7117.5
1939,be,female,24,9634.9
1939,be,female,25,9390.3
1939,be,female,26,9152.3
1939,be,female,27,8922
1939,be,female,28,8699.9
1939,be,female,29,8485.7
1939,be,female,30,8278.5
1939,be,female,31,8077.1
1939,be,female,32,7880.6
1939,be,female,33,7688.2
1939,be,female,34,7499.5
1939,be,female,35,7314.2
1939,be,female,36,7132.1
1939,be,female,37,6960.2
1939,be,female,38,6783.8
1939,be,female,39,6610.3
1939,be,female,40,6439.5
1939,be,female,41,6271.4
1939,be,female,42,6105.7
1939,be,female,43,5942.5
1939,be,female,44,5781.5
1939,be,female,45,5622.7
1939,be,female,46,5466
1939,be,female,47,5311.2
1939,be,female,48,5158.1
1939,be,female,49,5006.7
1939,be,female,50,4856.9
1939,be,female,51,4708.4
1939,be,female,52,4561.1
1939,be,female,53,4415
1939,be,female,54,4269.8
1939,be,female,55,4125.5
1939,be,female,56,3981.8
1939,be,female,57,3842.6
1939,be,female,58,3699.9
1939,be,female,59,3557.5
1939,be,female,60,3415.3
1939,be,female,61,3273.4
1939,be,female,62,3131.5
1939,be,female,63,2989.8
1939,be,female,64,2848.1
1939,be,female,65,2709
1939,be,female,66,2569.8
1939,be,female,67,2430.4
1939,be,female,68,2291.1
1939,be,female,69,2152
1939,be,female,70,2013.4
1939,be,female,71,1875.6
1939,be,female,72,1737.4
1939,be,female,73,1601
1939,be,female,74,1466.8
1939,be,female,75,1335.5
1939,be,female,76,1207.5
1939,be,female,77,1083.4
1939,be,female,78,963.96
1939,be,female,79,849.81
1939,be,female,80,741.62
1939,be,female,81,640.03
1939,be,female,82,545.63
1939,be,female,83,458.94
1939,be,female,84,380.35
1939,be,female,85,310.14
1939,be,female,86,248.41
1939,be,female,87,195.11
1939,be,female,88,149.97
1939,be,female,89,112.58
1939,be,female,90,82.349
1939,be,female,91,58.539
1939,be,female,92,40.329
1939,be,female,93,26.845
1939,be,female,94,17.207
1939,be,female,95,10.582
1939,be,female,96,6.2183
1939,be,female,97,3.4763
1939,be,female,98,1.84
1939,be,female,99,0.9172
1939,be,female,100,0.77057
1939,pls,male,0,12267
1939,pls,male,1,11129
1939,pls,male,2,10660
1939,pls,male,3,10985
1939,pls,male,4,10565
1939,pls,male,5,10722
1939,pls,male,6,10702
1939,pls,male,7,11539
1939,pls,male,8,11192
1939,pls,male,9,10884
1939,pls,male,10,10539
1939,pls,male,11,10210
1939,pls,male,12,9895.1
1939,pls,male,13,9593.2
1939,pls,male,14,9303.8
1939,pls,male,15,8996.7
1939,pls,male,16,8708.3
1939,pls,male,17,8438.1
1939,pls,male,18,6957.8
1939,pls,male,19,5724.3
1939,pls,male,20,4262.2
1939,pls,male,21,3776.1
1939,pls,male,22,3814.3
1939,pls,male,23,5135.9
1939,pls,male,24,6936
1939,pls,male,25,6743.7
1939,pls,male,26,6556.8
1939,pls,male,27,6415.4
1939,pls,male,28,6295.6
1939,pls,male,29,6133.1
1939,pls,male,30,5975
1939,pls,male,31,5820.7
1939,pls,male,32,5669.8
1939,pls,male,33,5522
1939,pls,male,34,5377
1939,pls,male,35,5234.6
1939,pls,male,36,5094.8
1939,pls,male,37,4962.1
1939,pls,male,38,4826.7
1939,pls,male,39,4318
1939,pls,male,40,4197.3
1939,pls,male,41,4078.4
1939,pls,male,42,3961.2
1939,pls,male,43,3845.5
1939,pls,male,44,3731.4
1939,pls,male,45,3618.6
1939,pls,male,46,3507.1
1939,pls,male,47,3396.8
1939,pls,male,48,3287.6
1939,pls,male,49,3179.3
1939,pls,male,50,3072
1939,pls,male,51,2965.3
1939,pls,male,52,2859.4
1939,pls,male,53,2754
1939,pls,male,54,2649.2
1939,pls,male,55,2544.7
1939,pls,male,56,2440.6
1939,pls,male,57,2339.1
1939,pls,male,58,2235.4
1939,pls,male,59,2132
1939,pls,male,60,2028.8
1939,pls,male,61,1925.8
1939,pls,male,62,1823.1
1939,pls,male,63,1870.3
1939,pls,male,64,1759.5
1939,pls,male,65,1650.8
1939,pls,male,66,1542.6
1939,pls,male,67,1435.2
1939,pls,male,68,1328.8
1939,pls,male,69,1223.8
1939,pls,male,70,1120.6
1939,pls,male,71,1019.5
1939,pls,male,72,920.31
1939,pls,male,73,824.4
1939,pls,male,74,732.25
1939,pls,male,75,644.37
1939,pls,male,76,561.26
1939,pls,male,77,483.39
1939,pls,male,78,411.21
1939,pls,male,79,345.08
1939,pls,male,80,285.3
1939,pls,male,81,232.03
1939,pls,male,82,185.33
1939,pls,male,83,145.12
1939,pls,male,84,111.19
1939,pls,male,85,83.183
1939,pls,male,86,60.615
1939,pls,male,87,42.914
1939,pls,male,88,29.434
1939,pls,male,89,19.499
1939,pls,male,90,12.433
1939,pls,male,91,7.602
1939,pls,male,92,4.4392
1939,pls,male,93,2.4647
1939,pls,male,94,1.2947
1939,pls,male,95,0.64
1939,pls,female,0,11648
1939,pls,female,1,10668
1939,pls,female,2,10245
1939,pls,female,3,10566
1939,pls,female,4,10165
1939,pls,female,5,10315
1939,pls,female,6,10298
1939,pls,female,7,11107
1939,pls,female,8,10777
1939,pls,female,9,10485
1939,pls,female,10,10158
1939,pls,female,11,9845.6
1939,pls,female,12,9546.7
1939,pls,female,13,9260.2
1939,pls,female,14,8985.5
1939,pls,female,15,8693.5
1939,pls,female,16,8419.3
1939,pls,female,17,8162.6
1939,pls,female,18,6734.4
1939,pls,female,19,5543.8
1939,pls,female,20,4134.2
1939,pls,female,21,3672.6
1939,pls,female,22,3718.2
1939,pls,female,23,5018.8
1939,pls,female,24,6794.6
1939,pls,female,25,6622.6
1939,pls,female,26,6455
1939,pls,female,27,6292
1939,pls,female,28,6133.9
1939,pls,female,29,5980.5
1939,pls,female,30,5831.3
1939,pls,female,31,5685.8
1939,pls,female,32,5543.6
1939,pls,female,33,5404.5
1939,pls,female,34,5268.1
1939,pls,female,35,5134.4
1939,pls,female,36,5003.1
1939,pls,female,37,4879
1939,pls,female,38,4752.2
1939,pls,female,39,4627.6
1939,pls,female,40,4505.2
1939,pls,female,41,4384.7
1939,pls,female,42,4266.2
1939,pls,female,43,4149.5
1939,pls,female,44,4034.6
1939,pls,female,45,3921.3
1939,pls,female,46,3809.5
1939,pls,female,47,3699.2
1939,pls,female,48,3590.3
1939,pls,female,49,3482.6
1939,pls,female,50,3376
1939,pls,female,51,3270.5
1939,pls,female,52,3165.9
1939,pls,female,53,3062.1
1939,pls,female,54,2959.1
1939,pls,female,55,2856.8
1939,pls,female,56,2754.9
1939,pls,female,57,2656.2
1939,pls,female,58,2555.1
1939,pls,female,59,2454.3
1939,pls,female,60,2353.8
1939,pls,female,61,2253.5
1939,pls,female,62,2153.3
1939,pls,female,63,2053.3
1939,pls,female,64,1953.4
1939,pls,female,65,1855.4
1939,pls,female,66,1757.3
1939,pls,female,67,1659.2
1939,pls,female,68,1561.3
1939,pls,female,69,1463.7
1939,pls,female,70,1366.6
1939,pls,female,71,1270.2
1939,pls,female,72,1173.8
1939,pls,female,73,1078.9
1939,pls,female,74,985.78
1939,pls,female,75,894.8
1939,pls,female,76,806.38
1939,pls,female,77,720.96
1939,pls,female,78,639
1939,pls,female,79,560.97
1939,pls,female,80,487.3
1939,pls,female,81,418.45
1939,pls,female,82,354.78
1939,pls,female,83,296.63
1939,pls,female,84,244.23
1939,pls,female,85,197.73
1939,pls,female,86,157.14
1939,pls,female,87,122.36
1939,pls,female,88,93.179
1939,pls,female,89,69.232
1939,pls,female,90,50.07
1939,pls,female,91,35.154
1939,pls,female,92,23.892
1939,pls,female,93,15.668
1939,pls,female,94,9.8794
1939,pls,female,95,5.967
1939,pls,female,96,3.4377
1939,pls,female,97,1.8804
1939,pls,female,98,0.97175
1939,yi,male,0,16801
1939,yi,male,1,16116
1939,yi,male,2,15880
1939,yi,male,3,16692
1939,yi,male,4,16354
1939,yi,male,5,16877
1939,yi,male,6,17119
1939,yi,male,7,25401
1939,yi,male,8,25215
1939,yi,male,9,25072
1939,yi,male,10,26638
1939,yi,male,11,28061
1939,yi,male,12,29341
1939,yi,male,13,30481
1939,yi,male,14,31486
1939,yi,male,15,32160
1939,yi,male,16,32700
1939,yi,male,17,33115
1939,yi,male,18,28865
1939,yi,male,19,24589
1939,yi,male,20,18272
1939,yi,male,21,16134
1939,yi,male,22,16200
1939,yi,male,23,21596
1939,yi,male,24,28562
1939,yi,male,25,27634
1939,yi,male,26,26755
1939,yi,male,27,25979
1939,yi,male,28,25314
1939,yi,male,29,24724
1939,yi,male,30,24213
1939,yi,male,31,23753
1939,yi,male,32,23322
1939,yi,male,33,22904
1939,yi,male,34,22488
1939,yi,male,35,22071
1939,yi,male,36,21649
1939,yi,male,37,21345
1939,yi,male,38,20911
1939,yi,male,39,18835
1939,yi,male,40,18428
1939,yi,male,41,18018
1939,yi,male,42,17605
1939,yi,male,43,17191
1939,yi,male,44,16776
1939,yi,male,45,16360
1939,yi,male,46,15943
1939,yi,male,47,15525
1939,yi,male,48,15106
1939,yi,male,49,14687
1939,yi,male,50,14266
1939,yi,male,51,13846
1939,yi,male,52,13424
1939,yi,male,53,13000
1939,yi,male,54,12576
1939,yi,male,55,12149
1939,yi,male,56,11721
1939,yi,male,57,11358
1939,yi,male,58,10924
1939,yi,male,59,10486
1939,yi,male,60,10047
1939,yi,male,61,9604.9
1939,yi,male,62,9160.5
1939,yi,male,63,9471.7
1939,yi,male,64,8984.1
1939,yi,male,65,8540.4
1939,yi,male,66,8090.5
1939,yi,male,67,7635.2
1939,yi,male,68,7175.4
1939,yi,male,69,6712.5
1939,yi,male,70,6247.9
1939,yi,male,71,5783.4
1939,yi,male,72,5293.4
1939,yi,male,73,4812.8
1939,yi,male,74,4343.8
1939,yi,male,75,3889.2
1939,yi,male,76,3451.4
1939,yi,male,77,3033.4
1939,yi,male,78,2637.7
1939,yi,male,79,2266.9
1939,yi,male,80,1923.3
1939,yi,male,81,1608.9
1939,yi,male,82,1325.2
1939,yi,male,83,1073.1
1939,yi,male,84,852.85
1939,yi,male,85,664.05
1939,yi,male,86,505.54
1939,yi,male,87,375.47
1939,yi,male,88,271.42
1939,yi,male,89,190.47
1939,yi,male,90,129.38
1939,yi,male,91,84.802
1939,yi,male,92,53.455
1939,yi,male,93,32.284
1939,yi,male,94,18.606
1939,yi,male,95,10.187
1939,yi,male,96,5.2738
1939,yi,male,97,2.5679
1939,yi,male,98,1.1694
1939,yi,female,0,15909
1939,yi,female,1,15339
1939,yi,female,2,15135
1939,yi,female,3,15915
1939,yi,female,4,15592
1939,yi,female,5,16088
1939,yi,female,6,16319
1939,yi,female,7,24207
1939,yi,female,8,24031
1939,yi,female,9,23900
1939,yi,female,10,25397
1939,yi,female,11,26758
1939,yi,female,12,27984
1939,yi,female,13,29078
1939,yi,female,14,30043
1939,yi,female,15,30693
1939,yi,female,16,31217
1939,yi,female,17,31621
1939,yi,female,18,27572
1939,yi,female,19,23494
1939,yi,female,20,17472
1939,yi,female,21,15448
1939,yi,female,22,15505
1939,yi,female,23,20682
1939,yi,female,24,27371
1939,yi,female,25,26499
1939,yi,female,26,25674
1939,yi,female,27,24926
1939,yi,female,28,24278
1939,yi,female,29,23725
1939,yi,female,30,23248
1939,yi,female,31,22820
1939,yi,female,32,22420
1939,yi,female,33,22033
1939,yi,female,34,21649
1939,yi,female,35,21264
1939,yi,female,36,20876
1939,yi,female,37,20601
1939,yi,female,38,20202
1939,yi,female,39,19800
1939,yi,female,40,19394
1939,yi,female,41,18986
1939,yi,female,42,18577
1939,yi,female,43,18167
1939,yi,female,44,17756
1939,yi,female,45,17345
1939,yi,female,46,16935
1939,yi,female,47,16524
1939,yi,female,48,16115
1939,yi,female,49,15706
1939,yi,female,50,15297
1939,yi,female,51,14889
1939,yi,female,52,14481
1939,yi,female,53,14073
1939,yi,female,54,13665
1939,yi,female,55,13257
1939,yi,female,56,12848
1939,yi,female,57,12512
1939,yi,female,58,12099
1939,yi,female,59,11684
1939,yi,female,60,11268
1939,yi,female,61,10849
1939,yi,female,62,10429
1939,yi,female,63,10007
1939,yi,female,64,9581.9
1939,yi,female,65,9203.6
1939,yi,female,66,8818.5
1939,yi,female,67,8426.8
1939,yi,female,68,8028.6
1939,yi,female,69,7624.5
1939,yi,female,70,7215
1939,yi,female,71,6800.8
1939,yi,female,72,6350
1939,yi,female,73,5901.1
1939,yi,female,74,5455.7
1939,yi,female,75,5015.3
1939,yi,female,76,4581.6
1939,yi,female,77,4156.9
1939,yi,female,78,3743.1
1939,yi,female,79,3342.7
1939,yi,female,80,2958.1
1939,yi,female,81,2591.6
1939,yi,female,82,2245.7
1939,yi,female,83,1922.6
1939,yi,female,84,1624.3
1939,yi,female,85,1352.5
1939,yi,female,86,1108.3
1939,yi,female,87,892.34
1939,yi,female,88,704.77
1939,yi,female,89,544.98
1939,yi,female,90,411.75
1939,yi,female,91,303.27
1939,yi,female,92,217.22
1939,yi,female,93,150.9
1939,yi,female,94,101.36
1939,yi,female,95,65.632
1939,yi,female,96,40.819
1939,yi,female,97,24.291
1939,yi,female,98,13.774
1939,yi,female,99,7.4085
1939,yi,female,100,7.3372
1939,de,male,0,7442.8
1939,de,male,1,7223.6
1939,de,male,2,7191
1939,de,male,3,7641.5
1939,de,male,4,7555.7
1939,de,male,5,7881.7
1939,de,male,6,8096
1939,de,male,7,8435.4
1939,de,male,8,8354.9
1939,de,male,9,8283.4
1939,de,male,10,8585.8
1939,de,male,11,8852.3
1939,de,male,12,9083.4
1939,de,male,13,9280.4
1939,de,male,14,9444.4
1939,de,male,15,9565.1
1939,de,male,16,9655.7
1939,de,male,17,9717.6
1939,de,male,18,8978.5
1939,de,male,19,7761.6
1939,de,male,20,5619.1
1939,de,male,21,5040.4
1939,de,male,22,5043.4
1939,de,male,23,6462.4
1939,de,male,24,8187.5
1939,de,male,25,7833.4
1939,de,male,26,7494.5
1939,de,male,27,7197.7
1939,de,male,28,6957.7
1939,de,male,29,6769.3
1939,de,male,30,6626.2
1939,de,male,31,6513
1939,de,male,32,6415.9
1939,de,male,33,6325.6
1939,de,male,34,6235.9
1939,de,male,35,6143.6
1939,de,male,36,6047.3
1939,de,male,37,5951.7
1939,de,male,38,5846.3
1939,de,male,39,5277.8
1939,de,male,40,5173.7
1939,de,male,41,5066.6
1939,de,male,42,4957.1
1939,de,male,43,4845.4
1939,de,male,44,4732
1939,de,male,45,4617.2
1939,de,male,46,4501.1
1939,de,male,47,4384
1939,de,male,48,4266
1939,de,male,49,4147.3
1939,de,male,50,4027.9
1939,de,male,51,3908
1939,de,male,52,3787.5
1939,de,male,53,3666.4
1939,de,male,54,3544.9
1939,de,male,55,3422.8
1939,de,male,56,3300.2
1939,de,male,57,3180.1
1939,de,male,58,3056.2
1939,de,male,59,2931.8
1939,de,male,60,2806.8
1939,de,male,61,2681.3
1939,de,male,62,2555.3
1939,de,male,63,2640.1
1939,de,male,64,2502.3
1939,de,male,65,2366.4
1939,de,male,66,2230.1
1939,de,male,67,2093.7
1939,de,male,68,1957.5
1939,de,male,69,1821.9
1939,de,male,70,1687.1
1939,de,male,71,1553.8
1939,de,male,72,1421.2
1939,de,male,73,1291.4
1939,de,male,74,1164.9
1939,de,male,75,1042.4
1939,de,male,76,924.7
1939,de,male,77,812.39
1939,de,male,78,706.21
1939,de,male,79,606.81
1939,de,male,80,514.78
1939,de,male,81,430.63
1939,de,male,82,354.73
1939,de,male,83,287.31
1939,de,male,84,228.43
1939,de,male,85,177.95
1939,de,male,86,135.56
1939,de,male,87,100.77
1939,de,male,88,72.919
1939,de,male,89,51.232
1939,de,male,90,34.849
1939,de,male,91,22.879
1939,de,male,92,14.448
1939,de,male,93,8.7432
1939,de,male,94,5.0499
1939,de,male,95,2.7715
1939,de,male,96,1.4383
1939,de,male,97,0.70211
1939,de,female,0,7046.1
1939,de,female,1,6871.3
1939,de,female,2,6848.4
1939,de,female,3,7279.3
1939,de,female,4,7197.2
1939,de,female,5,7506
1939,de,female,6,7709.3
1939,de,female,7,8032.8
1939,de,female,8,7956.4
1939,de,female,9,7889.8
1939,de,female,10,8179.2
1939,de,female,11,8434.7
1939,de,female,12,8656.8
1939,de,female,13,8846.5
1939,de,female,14,9005
1939,de,female,15,9122.3
1939,de,female,16,9211.1
1939,de,female,17,9272.5
1939,de,female,18,8568.5
1939,de,female,19,7409
1939,de,female,20,5366.7
1939,de,female,21,4816.9
1939,de,female,22,4821.5
1939,de,female,23,6181.9
1939,de,female,24,7837.3
1939,de,female,25,7502.9
1939,de,female,26,7182.7
1939,de,female,27,6898.4
1939,de,female,28,6666.9
1939,de,female,29,6489.8
1939,de,female,30,6356.1
1939,de,female,31,6251.2
1939,de,female,32,6162
1939,de,female,33,6079.2
1939,de,female,34,5997.4
1939,de,female,35,5913.3
1939,de,female,36,5825.4
1939,de,female,37,5738.4
1939,de,female,38,5642.3
1939,de,female,39,5542.4
1939,de,female,40,5439.2
1939,de,female,41,5333.1
1939,de,female,42,5224.8
1939,de,female,43,5114.5
1939,de,female,44,5002.6
1939,de,female,45,4889.5
1939,de,female,46,4775.4
1939,de,female,47,4660.6
1939,de,female,48,4545.2
1939,de,female,49,4429.3
1939,de,female,50,4313.1
1939,de,female,51,4196.7
1939,de,female,52,4080
1939,de,female,53,3963.2
1939,de,female,54,3846.2
1939,de,female,55,3729
1939,de,female,56,3611.6
1939,de,female,57,3497.3
1939,de,female,58,3379.2
1939,de,female,59,3260.9
1939,de,female,60,3142.1
1939,de,female,61,3023
1939,de,female,62,2903.5
1939,de,female,63,2783.5
1939,de,female,64,2663
1939,de,female,65,2544.4
1939,de,female,66,2425.1
1939,de,female,67,2305.1
1939,de,female,68,2184.7
1939,de,female,69,2063.9
1939,de,female,70,1942.8
1939,de,female,71,1821.7
1939,de,female,72,1699.5
1939,de,female,73,1578.1
1939,de,female,74,1457.9
1939,de,female,75,1339.2
1939,de,female,76,1222.6
1939,de,female,77,1108.5
1939,de,female,78,997.56
1939,de,female,79,890.37
1939,de,female,80,787.54
1939,de,female,81,689.7
1939,de,female,82,597.45
1939,de,female,83,511.38
1939,de,female,84,431.98
1939,de,female,85,359.67
1939,de,female,86,294.74
1939,de,female,87,237.37
1939,de,female,88,187.53
1939,de,female,89,145.09
1939,de,female,90,109.69
1939,de,female,91,80.855
1939,de,female,92,57.971
1939,de,female,93,40.319
1939,de,female,94,27.121
1939,de,female,95,17.589
1939,de,female,96,10.959
1939,de,female,97,6.5344
1939,de,female,98,3.7134
1939,de,female,99,2.0019
1939,de,female,100,1.9922
1939,ru,male,0,2951.9
1939,ru,male,1,2757.6
1939,ru,male,2,2678.4
1939,ru,male,3,2785.5
1939,ru,male,4,2697.6
1939,ru,male,5,2752.9
1939,ru,male,6,2761.2
1939,ru,male,7,2890.8
1939,ru,male,8,2826.9
1939,ru,male,9,2769.2
1939,ru,male,10,2751.2
1939,ru,male,11,2730.7
1939,ru,male,12,2707.7
1939,ru,male,13,2682.2
1939,ru,male,14,2654.4
1939,ru,male,15,2620.9
1939,ru,male,16,2585.6
1939,ru,male,17,2548.8
1939,ru,male,18,2136.1
1939,ru,male,19,1781.4
1939,ru,male,20,1326.4
1939,ru,male,21,1175.9
1939,ru,male,22,1190.6
1939,ru,male,23,1605.9
1939,ru,male,24,2172.1
1939,ru,male,25,2116.4
1939,ru,male,26,2062.3
1939,ru,male,27,2011.8
1939,ru,male,28,1963.8
1939,ru,male,29,1915.1
1939,ru,male,30,1867.9
1939,ru,male,31,1821.8
1939,ru,male,32,1776.8
1939,ru,male,33,1732.7
1939,ru,male,34,1689.3
1939,ru,male,35,1646.7
1939,ru,male,36,1604.8
1939,ru,male,37,1564.9
1939,ru,male,38,1524.1
1939,ru,male,39,1365.3
1939,ru,male,40,1328.9
1939,ru,male,41,1293
1939,ru,male,42,1257.5
1939,ru,male,43,1222.5
1939,ru,male,44,1187.9
1939,ru,male,45,1153.7
1939,ru,male,46,1119.8
1939,ru,male,47,1086.2
1939,ru,male,48,1052.9
1939,ru,male,49,1019.9
1939,ru,male,50,987.13
1939,ru,male,51,954.53
1939,ru,male,52,922.1
1939,ru,male,53,889.81
1939,ru,male,54,857.63
1939,ru,male,55,825.53
1939,ru,male,56,793.49
1939,ru,male,57,762.17
1939,ru,male,58,730.17
1939,ru,male,59,698.19
1939,ru,male,60,666.21
1939,ru,male,61,634.23
1939,ru,male,62,602.26
1939,ru,male,63,619.92
1939,ru,male,64,585.25
1939,ru,male,65,551.12
1939,ru,male,66,517.07
1939,ru,male,67,483.15
1939,ru,male,68,449.44
1939,ru,male,69,416.03
1939,ru,male,70,383.03
1939,ru,male,71,350.57
1939,ru,male,72,318.53
1939,ru,male,73,287.36
1939,ru,male,74,257.21
1939,ru,male,75,228.24
1939,ru,male,76,200.63
1939,ru,male,77,174.53
1939,ru,male,78,150.09
1939,ru,male,79,127.47
1939,ru,male,80,106.77
1939,ru,male,81,88.089
1939,ru,male,82,71.476
1939,ru,male,83,56.948
1939,ru,male,84,44.472
1939,ru,male,85,33.974
1939,ru,male,86,25.336
1939,ru,male,87,18.401
1939,ru,male,88,12.982
1939,ru,male,89,8.8727
1939,ru,male,90,5.8564
1939,ru,male,91,3.7209
1939,ru,male,92,2.2673
1939,ru,male,93,1.3198
1939,ru,male,94,0.73079
1939,ru,female,0,2798.9
1939,ru,female,1,2633.4
1939,ru,female,2,2562.6
1939,ru,female,3,2666.3
1939,ru,female,4,2582.3
1939,ru,female,5,2634.9
1939,ru,female,6,2642.7
1939,ru,female,7,2767
1939,ru,female,8,2706.3
1939,ru,female,9,2651.8
1939,ru,female,10,2635.3
1939,ru,female,11,2616.5
1939,ru,female,12,2595.3
1939,ru,female,13,2571.7
1939,ru,female,14,2545.9
1939,ru,female,15,2514.6
1939,ru,female,16,2481.7
1939,ru,female,17,2447.2
1939,ru,female,18,2051.8
1939,ru,female,19,1711.7
1939,ru,female,20,1275.4
1939,ru,female,21,1131.6
1939,ru,female,22,1146.5
1939,ru,female,23,1547.6
1939,ru,female,24,2095
1939,ru,female,25,2043.1
1939,ru,female,26,1992.5
1939,ru,female,27,1943.4
1939,ru,female,28,1896
1939,ru,female,29,1850.2
1939,ru,female,30,1805.8
1939,ru,female,31,1762.5
1939,ru,female,32,1720.3
1939,ru,female,33,1679
1939,ru,female,34,1638.4
1939,ru,female,35,1598.6
1939,ru,female,36,1559.4
1939,ru,female,37,1522.3
1939,ru,female,38,1484.3
1939,ru,female,39,1447
1939,ru,female,40,1410.3
1939,ru,female,41,1374.2
1939,ru,female,42,1338.5
1939,ru,female,43,1303.4
1939,ru,female,44,1268.8
1939,ru,female,45,1234.6
1939,ru,female,46,1200.9
1939,ru,female,47,1167.6
1939,ru,female,48,1134.6
1939,ru,female,49,1102
1939,ru,female,50,1069.7
1939,ru,female,51,1037.7
1939,ru,female,52,1006
1939,ru,female,53,974.44
1939,ru,female,54,943.11
1939,ru,female,55,911.95
1939,ru,female,56,880.93
1939,ru,female,57,850.77
1939,ru,female,58,819.91
1939,ru,female,59,789.12
1939,ru,female,60,758.36
1939,ru,female,61,727.62
1939,ru,female,62,696.88
1939,ru,female,63,666.13
1939,ru,female,64,635.37
1939,ru,female,65,605.11
1939,ru,female,66,574.78
1939,ru,female,67,544.4
1939,ru,female,68,514
1939,ru,female,69,483.62
1939,ru,female,70,453.3
1939,ru,female,71,423.1
1939,ru,female,72,392.81
1939,ru,female,73,362.86
1939,ru,female,74,333.33
1939,ru,female,75,304.35
1939,ru,female,76,276.03
1939,ru,female,77,248.51
1939,ru,female,78,221.93
1939,ru,female,79,196.44
1939,ru,female,80,172.19
1939,ru,female,81,149.32
1939,ru,female,82,127.97
1939,ru,female,83,108.26
1939,ru,female,84,90.301
1939,ru,female,85,74.152
1939,ru,female,86,59.857
1939,ru,female,87,47.418
1939,ru,female,88,36.796
1939,ru,female,89,27.915
1939,ru,female,90,20.658
1939,ru,female,91,14.877
1939,ru,female,92,10.398
1939,ru,female,93,7.0341
1939,ru,female,94,4.5907
1939,ru,female,95,2.8806
1939,ru,female,96,1.7315
1939,ru,female,97,0.99286
1939,ru,female,98,0.54075
1939,lt,male,0,26138
1939,lt,male,1,25187
1939,lt,male,2,24822
1939,lt,male,3,26065
1939,lt,male,4,25431
1939,lt,male,5,26095
1939,lt,male,6,26310
1939,lt,male,7,25533
1939,lt,male,8,25093
1939,lt,male,9,24680
1939,lt,male,10,24877
1939,lt,male,11,25015
1939,lt,male,12,25097
1939,lt,male,13,25125
1939,lt,male,14,25102
1939,lt,male,15,25043
1939,lt,male,16,24938
1939,lt,male,17,24788
1939,lt,male,18,21020
1939,lt,male,19,17663
1939,lt,male,20,13137
1939,lt,male,21,11660
1939,lt,male,22,11820
1939,lt,male,23,15899
1939,lt,male,24,21436
1939,lt,male,25,20875
1939,lt,male,26,20331
1939,lt,male,27,19798
1939,lt,male,28,19285
1939,lt,male,29,18802
1939,lt,male,30,18338
1939,lt,male,31,17888
1939,lt,male,32,17449
1939,lt,male,33,17020
1939,lt,male,34,16598
1939,lt,male,35,16183
1939,lt,male,36,15774
1939,lt,male,37,15366
1939,lt,male,38,14969
1939,lt,male,39,13411
1939,lt,male,40,13056
1939,lt,male,41,12705
1939,lt,male,42,12359
1939,lt,male,43,12017
1939,lt,male,44,11679
1939,lt,male,45,11345
1939,lt,male,46,11014
1939,lt,male,47,10687
1939,lt,male,48,10362
1939,lt,male,49,10041
1939,lt,male,50,9721.3
1939,lt,male,51,9404.3
1939,lt,male,52,9089.2
1939,lt,male,53,8775.7
1939,lt,male,54,8463.6
1939,lt,male,55,8152.6
1939,lt,male,56,7842.4
1939,lt,male,57,7530.1
1939,lt,male,58,7221.2
1939,lt,male,59,6912.7
1939,lt,male,60,6604.5
1939,lt,male,61,6296.4
1939,lt,male,62,5988.6
1939,lt,male,63,6175
1939,lt,male,64,5841.1
1939,lt,male,65,5505.9
1939,lt,male,66,5172
1939,lt,male,67,4840
1939,lt,male,68,4510.5
1939,lt,male,69,4184.3
1939,lt,male,70,3862.1
1939,lt,male,71,3545.1
1939,lt,male,72,3235.5
1939,lt,male,73,2933.2
1939,lt,male,74,2639.7
1939,lt,male,75,2356.5
1939,lt,male,76,2085
1939,lt,male,77,1826.9
1939,lt,male,78,1583.7
1939,lt,male,79,1356.7
1939,lt,male,80,1147.4
1939,lt,male,81,956.58
1939,lt,male,82,785.15
1939,lt,male,83,633.47
1939,lt,male,84,501.54
1939,lt,male,85,388.94
1939,lt,male,86,294.83
1939,lt,male,87,217.98
1939,lt,male,88,156.8
1939,lt,male,89,109.44
1939,lt,male,90,73.907
1939,lt,male,91,48.131
1939,lt,male,92,30.122
1939,lt,male,93,18.046
1939,lt,male,94,10.306
1939,lt,male,95,5.5846
1939,lt,male,96,2.8571
1939,lt,male,97,1.3725
1939,lt,male,98,0.61548
1939,lt,female,0,24747
1939,lt,female,1,23963
1939,lt,female,2,23645
1939,lt,female,3,24833
1939,lt,female,4,24226
1939,lt,female,5,24852
1939,lt,female,6,25053
1939,lt,female,7,24313
1939,lt,female,8,23894
1939,lt,female,9,23504
1939,lt,female,10,23697
1939,lt,female,11,23834
1939,lt,female,12,23918
1939,lt,female,13,23951
1939,lt,female,14,23936
1939,lt,female,15,23886
1939,lt,female,16,23792
1939,lt,female,17,23657
1939,lt,female,18,20066
1939,lt,female,19,16867
1939,lt,female,20,12547
1939,lt,female,21,11138
1939,lt,female,22,11295
1939,lt,female,23,15198
1939,lt,female,24,20496
1939,lt,female,25,19966
1939,lt,female,26,19452
1939,lt,female,27,18956
1939,lt,female,28,18483
1939,lt,female,29,18030
1939,lt,female,30,17594
1939,lt,female,31,17173
1939,lt,female,32,16762
1939,lt,female,33,16361
1939,lt,female,34,15967
1939,lt,female,35,15580
1939,lt,female,36,15200
1939,lt,female,37,14820
1939,lt,female,38,14451
1939,lt,female,39,14088
1939,lt,female,40,13730
1939,lt,female,41,13378
1939,lt,female,42,13031
1939,lt,female,43,12689
1939,lt,female,44,12351
1939,lt,female,45,12019
1939,lt,female,46,11690
1939,lt,female,47,11366
1939,lt,female,48,11045
1939,lt,female,49,10728
1939,lt,female,50,10415
1939,lt,female,51,10104
1939,lt,female,52,9796.9
1939,lt,female,53,9491.7
1939,lt,female,54,9188.9
1939,lt,female,55,8888
1939,lt,female,56,8588.8
1939,lt,female,57,8287.8
1939,lt,female,58,7991.3
1939,lt,female,59,7695.7
1939,lt,female,60,7400.8
1939,lt,female,61,7106.4
1939,lt,female,62,6812.4
1939,lt,female,63,6518.5
1939,lt,female,64,6224.8
1939,lt,female,65,5928.9
1939,lt,female,66,5633.3
1939,lt,female,67,5338.3
1939,lt,female,68,5043.8
1939,lt,female,69,4750.2
1939,lt,female,70,4457.9
1939,lt,female,71,4167.2
1939,lt,female,72,3880.2
1939,lt,female,73,3595.8
1939,lt,female,74,3315.1
1939,lt,female,75,3038.9
1939,lt,female,76,2768.3
1939,lt,female,77,2504.4
1939,lt,female,78,2248.6
1939,lt,female,79,2002.2
1939,lt,female,80,1766.5
1939,lt,female,81,1543
1939,lt,female,82,1332.9
1939,lt,female,83,1137.5
1939,lt,female,84,957.93
1939,lt,female,85,794.93
1939,lt,female,86,649.12
1939,lt,female,87,520.76
1939,lt,female,88,409.73
1939,lt,female,89,315.56
1939,lt,female,90,237.4
1939,lt,female,91,174.06
1939,lt,female,92,124.06
1939,lt,female,93,85.724
1939,lt,female,94,57.249
1939,lt,female,95,36.83
1939,lt,female,96,22.742
1939,lt,female,97,13.425
1939,lt,female,98,7.5437
1939,lt,female,99,4.0158
1939,lt,female,100,3.8802
1939,csb,male,0,2075.2
1939,csb,male,1,2001.9
1939,csb,male,2,1973.8
1939,csb,male,3,2075.1
1939,csb,male,4,2028.4
1939,csb,male,5,2089.1
1939,csb,male,6,2119.1
1939,csb,male,7,2649.7
1939,csb,male,8,2596.8
1939,csb,male,9,2547.7
1939,csb,male,10,2546.2
1939,csb,male,11,2540.7
1939,csb,male,12,2531.1
1939,csb,male,13,2517.7
1939,csb,male,14,2500.6
1939,csb,male,15,2472.3
1939,csb,male,16,2441.1
1939,csb,male,17,2407.4
1939,csb,male,18,2300.2
1939,csb,male,19,1983.3
1939,csb,male,20,1407.1
1939,csb,male,21,1280.2
1939,csb,male,22,1285.7
1939,csb,male,23,1628.4
1939,csb,male,24,2033.6
1939,csb,male,25,1980.7
1939,csb,male,26,1929.2
1939,csb,male,27,1879.6
1939,csb,male,28,1831.7
1939,csb,male,29,1785.1
1939,csb,male,30,1739.9
1939,csb,male,31,1695.9
1939,csb,male,32,1653
1939,csb,male,33,1610.9
1939,csb,male,34,1569.6
1939,csb,male,35,1529
1939,csb,male,36,1489.2
1939,csb,male,37,1453.3
1939,csb,male,38,1414.7
1939,csb,male,39,1266.5
1939,csb,male,40,1232.1
1939,csb,male,41,1198.2
1939,csb,male,42,1164.8
1939,csb,male,43,1131.8
1939,csb,male,44,1099.3
1939,csb,male,45,1067.2
1939,csb,male,46,1035.5
1939,csb,male,47,1004.1
1939,csb,male,48,973.05
1939,csb,male,49,942.31
1939,csb,male,50,911.84
1939,csb,male,51,881.62
1939,csb,male,52,851.61
1939,csb,male,53,821.79
1939,csb,male,54,792.12
1939,csb,male,55,762.6
1939,csb,male,56,733.19
1939,csb,male,57,705.99
1939,csb,male,58,676.66
1939,csb,male,59,647.39
1939,csb,male,60,618.18
1939,csb,male,61,589.01
1939,csb,male,62,559.88
1939,csb,male,63,576.97
1939,csb,male,64,545.45
1939,csb,male,65,515.37
1939,csb,male,66,485.27
1939,csb,male,67,455.18
1939,csb,male,68,425.17
1939,csb,male,69,395.32
1939,csb,male,70,365.72
1939,csb,male,71,336.45
1939,csb,male,72,306.84
1939,csb,male,73,277.96
1939,csb,male,74,249.95
1939,csb,male,75,222.94
1939,csb,male,76,197.08
1939,csb,male,77,172.52
1939,csb,male,78,149.4
1939,csb,male,79,127.86
1939,csb,male,80,108
1939,csb,male,81,89.936
1939,csb,male,82,73.722
1939,csb,male,83,59.395
1939,csb,male,84,46.952
1939,csb,male,85,36.35
1939,csb,male,86,27.504
1939,csb,male,87,20.293
1939,csb,male,88,14.565
1939,csb,male,89,10.141
1939,csb,male,90,6.829
1939,csb,male,91,4.4336
1939,csb,male,92,2.765
1939,csb,male,93,1.65
1939,csb,male,94,0.93816
1939,csb,male,95,0.50583
1939,csb,female,0,1964.5
1939,csb,female,1,1904.2
1939,csb,female,2,1879.9
1939,csb,female,3,1977
1939,csb,female,4,1932.5
1939,csb,female,5,1990
1939,csb,female,6,2018.4
1939,csb,female,7,2523.6
1939,csb,female,8,2473.3
1939,csb,female,9,2426.9
1939,csb,female,10,2426.2
1939,csb,female,11,2421.5
1939,csb,female,12,2413
1939,csb,female,13,2400.8
1939,csb,female,14,2385.2
1939,csb,female,15,2358.8
1939,csb,female,16,2329.8
1939,csb,female,17,2298.3
1939,csb,female,18,2196.7
1939,csb,female,19,1894.6
1939,csb,female,20,1344.9
1939,csb,female,21,1224.5
1939,csb,female,22,1229.7
1939,csb,female,23,1558.1
1939,csb,female,24,1946.6
1939,csb,female,25,1896.9
1939,csb,female,26,1848.6
1939,csb,female,27,1801.7
1939,csb,female,28,1756.4
1939,csb,female,29,1712.7
1939,csb,female,30,1670.3
1939,csb,female,31,1629
1939,csb,female,32,1588.8
1939,csb,female,33,1549.4
1939,csb,female,34,1510.8
1939,csb,female,35,1472.9
1939,csb,female,36,1435.7
1939,csb,female,37,1402.5
1939,csb,female,38,1366.5
1939,csb,female,39,1331.2
1939,csb,female,40,1296.5
1939,csb,female,41,1262.4
1939,csb,female,42,1228.9
1939,csb,female,43,1195.9
1939,csb,female,44,1163.4
1939,csb,female,45,1131.3
1939,csb,female,46,1099.8
1939,csb,female,47,1068.7
1939,csb,female,48,1038
1939,csb,female,49,1007.6
1939,csb,female,50,977.67
1939,csb,female,51,948.02
1939,csb,female,52,918.67
1939,csb,female,53,889.6
1939,csb,female,54,860.76
1939,csb,female,55,832.14
1939,csb,female,56,803.71
1939,csb,female,57,777.78
1939,csb,female,58,749.56
1939,csb,female,59,721.46
1939,csb,female,60,693.45
1939,csb,female,61,665.52
1939,csb,female,62,637.64
1939,csb,female,63,609.81
1939,csb,female,64,582.01
1939,csb,female,65,555.7
1939,csb,female,66,529.28
1939,csb,female,67,502.75
1939,csb,female,68,476.15
1939,csb,female,69,449.5
1939,csb,female,70,422.83
1939,csb,female,71,396.18
1939,csb,female,72,368.66
1939,csb,female,73,341.43
1939,csb,female,74,314.56
1939,csb,female,75,288.15
1939,csb,female,76,262.3
1939,csb,female,77,237.13
1939,csb,female,78,212.74
1939,csb,female,79,189.27
1939,csb,female,80,166.84
1939,csb,female,81,145.6
1939,csb,female,82,125.65
1939,csb,female,83,107.12
1939,csb,female,84,90.108
1939,csb,female,85,74.686
1939,csb,female,86,60.908
1939,csb,female,87,48.795
1939,csb,female,88,38.333
1939,csb,female,89,29.474
1939,csb,female,90,22.133
1939,csb,female,91,16.195
1939,csb,female,92,11.518
1939,csb,female,93,7.9388
1939,csb,female,94,5.2872
1939,csb,female,95,3.391
1939,csb,female,96,2.0867
1939,csb,female,97,1.227
1939,csb,female,98,0.68644
1939,rue,male,0,1500.4
1939,rue,male,1,1413.7
1939,rue,male,2,1379.2
1939,rue,male,3,1439.1
1939,rue,male,4,1397.9
1939,rue,male,5,1431.6
1939,rue,male,6,1441.3
1939,rue,male,7,1476
1939,rue,male,8,1449.2
1939,rue,male,9,1425
1939,rue,male,10,1431.5
1939,rue,male,11,1435.1
1939,rue,male,12,1436
1939,rue,male,13,1434.3
1939,rue,male,14,1430.1
1939,rue,male,15,1422.3
1939,rue,male,16,1412.3
1939,rue,male,17,1400.5
1939,rue,male,18,1276
1939,rue,male,19,1069.9
1939,rue,male,20,803.48
1939,rue,male,21,718.87
1939,rue,male,22,738.98
1939,rue,male,23,969.06
1939,rue,male,24,1211.2
1939,rue,male,25,1180.8
1939,rue,male,26,1151.1
1939,rue,male,27,1123.7
1939,rue,male,28,1097.8
1939,rue,male,29,1071.4
1939,rue,male,30,1045.9
1939,rue,male,31,1021
1939,rue,male,32,996.69
1939,rue,male,33,972.83
1939,rue,male,34,949.37
1939,rue,male,35,926.27
1939,rue,male,36,903.49
1939,rue,male,37,881.41
1939,rue,male,38,859.23
1939,rue,male,39,770.34
1939,rue,male,40,750.44
1939,rue,male,41,730.78
1939,rue,male,42,711.33
1939,rue,male,43,692.09
1939,rue,male,44,673.04
1939,rue,male,45,654.18
1939,rue,male,46,635.47
1939,rue,male,47,616.91
1939,rue,male,48,598.48
1939,rue,male,49,580.17
1939,rue,male,50,561.95
1939,rue,male,51,543.82
1939,rue,male,52,525.74
1939,rue,male,53,507.72
1939,rue,male,54,489.73
1939,rue,male,55,471.76
1939,rue,male,56,453.79
1939,rue,male,57,436
1939,rue,male,58,418.01
1939,rue,male,59,399.99
1939,rue,male,60,381.95
1939,rue,male,61,363.88
1939,rue,male,62,345.79
1939,rue,male,63,356.18
1939,rue,male,64,336.5
1939,rue,male,65,316.96
1939,rue,male,66,297.45
1939,rue,male,67,278.01
1939,rue,male,68,258.67
1939,rue,male,69,239.5
1939,rue,male,70,220.55
1939,rue,male,71,201.9
1939,rue,male,72,183.55
1939,rue,male,73,165.68
1939,rue,male,74,148.37
1939,rue,male,75,131.72
1939,rue,male,76,115.82
1939,rue,male,77,100.79
1939,rue,male,78,86.699
1939,rue,male,79,73.64
1939,rue,male,80,61.684
1939,rue,male,81,50.884
1939,rue,male,82,41.276
1939,rue,male,83,32.87
1939,rue,male,84,25.649
1939,rue,male,85,19.574
1939,rue,male,86,14.577
1939,rue,male,87,10.567
1939,rue,male,88,7.4376
1939,rue,male,89,5.068
1939,rue,male,90,3.3325
1939,rue,male,91,2.1074
1939,rue,male,92,1.2767
1939,rue,male,93,0.73792
1939,rue,female,0,1422.2
1939,rue,female,1,1349
1939,rue,female,2,1318.5
1939,rue,female,3,1376.4
1939,rue,female,4,1337.1
1939,rue,female,5,1369.1
1939,rue,female,6,1378.2
1939,rue,female,7,1411.5
1939,rue,female,8,1386
1939,rue,female,9,1363.3
1939,rue,female,10,1369.9
1939,rue,female,11,1373.9
1939,rue,female,12,1375.3
1939,rue,female,13,1374.1
1939,rue,female,14,1370.6
1939,rue,female,15,1363.6
1939,rue,female,16,1354.6
1939,rue,female,17,1343.8
1939,rue,female,18,1224.8
1939,rue,female,19,1027.5
1939,rue,female,20,772.09
1939,rue,female,21,691.38
1939,rue,female,22,711.22
1939,rue,female,23,933.43
1939,rue,female,24,1167.7
1939,rue,female,25,1139.3
1939,rue,female,26,1111.7
1939,rue,female,27,1085
1939,rue,female,28,1059.2
1939,rue,female,29,1034.4
1939,rue,female,30,1010.4
1939,rue,female,31,987.11
1939,rue,female,32,964.34
1939,rue,female,33,942.02
1939,rue,female,34,920.1
1939,rue,female,35,898.54
1939,rue,female,36,877.32
1939,rue,female,37,856.78
1939,rue,female,38,836.17
1939,rue,female,39,815.85
1939,rue,female,40,795.82
1939,rue,female,41,776.06
1939,rue,female,42,756.56
1939,rue,female,43,737.32
1939,rue,female,44,718.31
1939,rue,female,45,699.52
1939,rue,female,46,680.95
1939,rue,female,47,662.57
1939,rue,female,48,644.38
1939,rue,female,49,626.34
1939,rue,female,50,608.46
1939,rue,female,51,590.71
1939,rue,female,52,573.08
1939,rue,female,53,555.54
1939,rue,female,54,538.09
1939,rue,female,55,520.71
1939,rue,female,56,503.37
1939,rue,female,57,486.28
1939,rue,female,58,469
1939,rue,female,59,451.71
1939,rue,female,60,434.43
1939,rue,female,61,417.12
1939,rue,female,62,399.8
1939,rue,female,63,382.43
1939,rue,female,64,365.04
1939,rue,female,65,347.75
1939,rue,female,66,330.41
1939,rue,female,67,313.04
1939,rue,female,68,295.64
1939,rue,female,69,278.25
1939,rue,female,70,260.88
1939,rue,female,71,243.57
1939,rue,female,72,226.28
1939,rue,female,73,209.16
1939,rue,female,74,192.26
1939,rue,female,75,175.65
1939,rue,female,76,159.4
1939,rue,female,77,143.58
1939,rue,female,78,128.29
1939,rue,female,79,113.61
1939,rue,female,80,99.623
1939,rue,female,81,86.422
1939,rue,female,82,74.086
1939,rue,female,83,62.689
1939,rue,female,84,52.29
1939,rue,female,85,42.936
1939,rue,female,86,34.65
1939,rue,female,87,27.437
1939,rue,female,88,21.277
1939,rue,female,89,16.126
1939,rue,female,90,11.918
1939,rue,female,91,8.5674
1939,rue,female,92,5.9747
1939,rue,female,93,4.03
1939,rue,female,94,2.6205
1939,rue,female,95,1.6369
1939,rue,female,96,0.97831
1939,rue,female,97,0.55709
1939,cs,male,0,506.35
1939,cs,male,1,464.42
1939,cs,male,2,447.81
1939,cs,male,3,463.77
1939,cs,male,4,447.82
1939,cs,male,5,456.07
1939,cs,male,6,456.62
1939,cs,male,7,480.48
1939,cs,male,8,467.64
1939,cs,male,9,455.95
1939,cs,male,10,444.71
1939,cs,male,11,433.81
1939,cs,male,12,423.18
1939,cs,male,13,412.82
1939,cs,male,14,402.71
1939,cs,male,15,392.33
1939,cs,male,16,382.27
1939,cs,male,17,372.52
1939,cs,male,18,308.59
1939,cs,male,19,254.75
1939,cs,male,20,189.59
1939,cs,male,21,167.84
1939,cs,male,22,169.76
1939,cs,male,23,228.83
1939,cs,male,24,309.34
1939,cs,male,25,301.06
1939,cs,male,26,293.02
1939,cs,male,27,285.55
1939,cs,male,28,278.49
1939,cs,male,29,271.39
1939,cs,male,30,264.54
1939,cs,male,31,257.88
1939,cs,male,32,251.39
1939,cs,male,33,245.03
1939,cs,male,34,238.79
1939,cs,male,35,232.65
1939,cs,male,36,226.61
1939,cs,male,37,220.88
1939,cs,male,38,215
1939,cs,male,39,192.47
1939,cs,male,40,187.21
1939,cs,male,41,182.02
1939,cs,male,42,176.9
1939,cs,male,43,171.84
1939,cs,male,44,166.84
1939,cs,male,45,161.89
1939,cs,male,46,156.99
1939,cs,male,47,152.14
1939,cs,male,48,147.33
1939,cs,male,49,142.56
1939,cs,male,50,137.83
1939,cs,male,51,133.12
1939,cs,male,52,128.44
1939,cs,male,53,123.79
1939,cs,male,54,119.15
1939,cs,male,55,114.53
1939,cs,male,56,109.91
1939,cs,male,57,105.41
1939,cs,male,58,100.82
1939,cs,male,59,96.225
1939,cs,male,60,91.639
1939,cs,male,61,87.06
1939,cs,male,62,82.488
1939,cs,male,63,84.703
1939,cs,male,64,79.761
1939,cs,male,65,74.906
1939,cs,male,66,70.071
1939,cs,male,67,65.266
1939,cs,male,68,60.503
1939,cs,male,69,55.796
1939,cs,male,70,51.161
1939,cs,male,71,46.618
1939,cs,male,72,42.154
1939,cs,male,73,37.83
1939,cs,male,74,33.667
1939,cs,male,75,29.69
1939,cs,male,76,25.92
1939,cs,male,77,22.38
1939,cs,male,78,19.09
1939,cs,male,79,16.067
1939,cs,male,80,13.326
1939,cs,male,81,10.876
1939,cs,male,82,8.7204
1939,cs,male,83,6.8571
1939,cs,male,84,5.2779
1939,cs,male,85,3.968
1939,cs,male,86,2.9072
1939,cs,male,87,2.0705
1939,cs,male,88,1.4294
1939,cs,male,89,0.95364
1939,cs,male,90,0.61282
1939,cs,female,0,480.59
1939,cs,female,1,444.68
1939,cs,female,2,429.78
1939,cs,female,3,445.43
1939,cs,female,4,430.2
1939,cs,female,5,438.1
1939,cs,female,6,438.67
1939,cs,female,7,461.69
1939,cs,female,8,449.46
1939,cs,female,9,438.4
1939,cs,female,10,427.78
1939,cs,female,11,417.47
1939,cs,female,12,407.43
1939,cs,female,13,397.64
1939,cs,female,14,388.09
1939,cs,female,15,378.27
1939,cs,female,16,368.75
1939,cs,female,17,359.52
1939,cs,female,18,297.98
1939,cs,female,19,246.12
1939,cs,female,20,183.31
1939,cs,female,21,162.44
1939,cs,female,22,164.4
1939,cs,female,23,221.81
1939,cs,female,24,300.12
1939,cs,female,25,292.36
1939,cs,female,26,284.83
1939,cs,female,27,277.56
1939,cs,female,28,270.58
1939,cs,female,29,263.88
1939,cs,female,30,257.42
1939,cs,female,31,251.16
1939,cs,female,32,245.06
1939,cs,female,33,239.09
1939,cs,female,34,233.23
1939,cs,female,35,227.47
1939,cs,female,36,221.82
1939,cs,female,37,216.47
1939,cs,female,38,210.98
1939,cs,female,39,205.58
1939,cs,female,40,200.25
1939,cs,female,41,195.01
1939,cs,female,42,189.84
1939,cs,female,43,184.75
1939,cs,female,44,179.73
1939,cs,female,45,174.77
1939,cs,female,46,169.87
1939,cs,female,47,165.04
1939,cs,female,48,160.25
1939,cs,female,49,155.52
1939,cs,female,50,150.84
1939,cs,female,51,146.19
1939,cs,female,52,141.59
1939,cs,female,53,137.02
1939,cs,female,54,132.48
1939,cs,female,55,127.96
1939,cs,female,56,123.47
1939,cs,female,57,119.11
1939,cs,female,58,114.64
1939,cs,female,59,110.18
1939,cs,female,60,105.74
1939,cs,female,61,101.3
1939,cs,female,62,96.858
1939,cs,female,63,92.424
1939,cs,female,64,87.992
1939,cs,female,65,83.636
1939,cs,female,66,79.276
1939,cs,female,67,74.915
1939,cs,female,68,70.558
1939,cs,female,69,66.211
1939,cs,female,70,61.881
1939,cs,female,71,57.58
1939,cs,female,72,53.277
1939,cs,female,73,49.034
1939,cs,female,74,44.864
1939,cs,female,75,40.786
1939,cs,female,76,36.816
1939,cs,female,77,32.975
1939,cs,female,78,29.283
1939,cs,female,79,25.76
1939,cs,female,80,22.429
1939,cs,female,81,19.307
1939,cs,female,82,16.413
1939,cs,female,83,13.763
1939,cs,female,84,11.368
1939,cs,female,85,9.2354
1939,cs,female,86,7.3674
1939,cs,female,87,5.7608
1939,cs,female,88,4.4066
1939,cs,female,89,3.2903
1939,cs,female,90,2.3925
1939,cs,female,91,1.6898
1939,cs,female,92,1.1559
1939,cs,female,93,0.76338
1939,lv,male,0,173.07
1939,lv,male,1,168.75
1939,lv,male,2,167.62
1939,lv,male,3,177.24
1939,lv,male,4,174.04
1939,lv,male,5,179.69
1939,lv,male,6,182.2
1939,lv,male,7,189.4
1939,lv,male,8,186.85
1939,lv,male,9,184.46
1939,lv,male,10,188.7
1939,lv,male,11,192.26
1939,lv,male,12,195.17
1939,lv,male,13,197.46
1939,lv,male,14,199.16
1939,lv,male,15,200.09
1939,lv,male,16,200.51
1939,lv,male,17,200.43
1939,lv,male,18,169.91
1939,lv,male,19,143.21
1939,lv,male,20,106.7
1939,lv,male,21,94.571
1939,lv,male,22,95.793
1939,lv,male,23,129.29
1939,lv,male,24,175.02
1939,lv,male,25,170.57
1939,lv,male,26,166.24
1939,lv,male,27,162.15
1939,lv,male,28,158.25
1939,lv,male,29,154.37
1939,lv,male,30,150.61
1939,lv,male,31,146.95
1939,lv,male,32,143.37
1939,lv,male,33,139.87
1939,lv,male,34,136.42
1939,lv,male,35,133.04
1939,lv,male,36,129.71
1939,lv,male,37,126.53
1939,lv,male,38,123.29
1939,lv,male,39,110.5
1939,lv,male,40,107.6
1939,lv,male,41,104.75
1939,lv,male,42,101.94
1939,lv,male,43,99.157
1939,lv,male,44,96.41
1939,lv,male,45,93.695
1939,lv,male,46,91.008
1939,lv,male,47,88.347
1939,lv,male,48,85.711
1939,lv,male,49,83.097
1939,lv,male,50,80.502
1939,lv,male,51,77.924
1939,lv,male,52,75.361
1939,lv,male,53,72.81
1939,lv,male,54,70.269
1939,lv,male,55,67.736
1939,lv,male,56,65.209
1939,lv,male,57,62.735
1939,lv,male,58,60.213
1939,lv,male,59,57.692
1939,lv,male,60,55.171
1939,lv,male,61,52.649
1939,lv,male,62,50.128
1939,lv,male,63,51.746
1939,lv,male,64,49.006
1939,lv,male,65,46.303
1939,lv,male,66,43.602
1939,lv,male,67,40.905
1939,lv,male,68,38.22
1939,lv,male,69,35.551
1939,lv,male,70,32.905
1939,lv,male,71,30.292
1939,lv,male,72,27.704
1939,lv,male,73,25.172
1939,lv,male,74,22.707
1939,lv,male,75,20.323
1939,lv,male,76,18.032
1939,lv,male,77,15.848
1939,lv,male,78,13.783
1939,lv,male,79,11.849
1939,lv,male,80,10.059
1939,lv,male,81,8.4214
1939,lv,male,82,6.9434
1939,lv,male,83,5.6294
1939,lv,male,84,4.4806
1939,lv,male,85,3.4947
1939,lv,male,86,2.6657
1939,lv,male,87,1.9842
1939,lv,male,88,1.4378
1939,lv,male,89,1.0115
1939,lv,male,90,0.68895
1939,lv,female,0,163.79
1939,lv,female,1,160.4
1939,lv,female,2,159.49
1939,lv,female,3,168.67
1939,lv,female,4,165.59
1939,lv,female,5,170.91
1939,lv,female,6,173.26
1939,lv,female,7,180.09
1939,lv,female,8,177.67
1939,lv,female,9,175.42
1939,lv,female,10,179.48
1939,lv,female,11,182.91
1939,lv,female,12,185.72
1939,lv,female,13,187.94
1939,lv,female,14,189.61
1939,lv,female,15,190.54
1939,lv,female,16,190.99
1939,lv,female,17,190.97
1939,lv,female,18,161.93
1939,lv,female,19,136.53
1939,lv,female,20,101.76
1939,lv,female,21,90.254
1939,lv,female,22,91.454
1939,lv,female,23,123.51
1939,lv,female,24,167.28
1939,lv,female,25,163.12
1939,lv,female,26,159.07
1939,lv,female,27,155.15
1939,lv,female,28,151.37
1939,lv,female,29,147.73
1939,lv,female,30,144.21
1939,lv,female,31,140.78
1939,lv,female,32,137.44
1939,lv,female,33,134.16
1939,lv,female,34,130.95
1939,lv,female,35,127.8
1939,lv,female,36,124.7
1939,lv,female,37,121.74
1939,lv,female,38,118.74
1939,lv,female,39,115.79
1939,lv,female,40,112.88
1939,lv,female,41,110.02
1939,lv,female,42,107.2
1939,lv,female,43,104.42
1939,lv,female,44,101.68
1939,lv,female,45,98.982
1939,lv,female,46,96.317
1939,lv,female,47,93.686
1939,lv,female,48,91.086
1939,lv,female,49,88.514
1939,lv,female,50,85.97
1939,lv,female,51,83.45
1939,lv,female,52,80.953
1939,lv,female,53,78.475
1939,lv,female,54,76.015
1939,lv,female,55,73.569
1939,lv,female,56,71.137
1939,lv,female,57,68.769
1939,lv,female,58,66.353
1939,lv,female,59,63.945
1939,lv,female,60,61.54
1939,lv,female,61,59.139
1939,lv,female,62,56.739
1939,lv,female,63,54.339
1939,lv,female,64,51.938
1939,lv,female,65,49.572
1939,lv,female,66,47.201
1939,lv,female,67,44.825
1939,lv,female,68,42.447
1939,lv,female,69,40.067
1939,lv,female,70,37.69
1939,lv,female,71,35.318
1939,lv,female,72,32.935
1939,lv,female,73,30.572
1939,lv,female,74,28.235
1939,lv,female,75,25.932
1939,lv,female,76,23.671
1939,lv,female,77,21.462
1939,lv,female,78,19.316
1939,lv,female,79,17.244
1939,lv,female,80,15.256
1939,lv,female,81,13.366
1939,lv,female,82,11.584
1939,lv,female,83,9.9213
1939,lv,female,84,8.3869
1939,lv,female,85,6.9888
1939,lv,female,86,5.7327
1939,lv,female,87,4.6216
1939,lv,female,88,3.6557
1939,lv,female,89,2.8318
1939,lv,female,90,2.1438
1939,lv,female,91,1.5825
1939,lv,female,92,1.1362
1939,lv,female,93,0.79138
1939,lv,female,94,0.53308
1939,rom,male,0,555.01
1939,rom,male,1,501.9
1939,rom,male,2,484.95
1939,rom,male,3,505.24
1939,rom,male,4,491.28
1939,rom,male,5,503.57
1939,rom,male,6,506.94
1939,rom,male,7,392.77
1939,rom,male,8,402.99
1939,rom,male,9,400.55
1939,rom,male,10,402.97
1939,rom,male,11,403.77
1939,rom,male,12,403.64
1939,rom,male,13,402.77
1939,rom,male,14,401.26
1939,rom,male,15,398.9
1939,rom,male,16,395.98
1939,rom,male,17,392.55
1939,rom,male,18,343.39
1939,rom,male,19,288.15
1939,rom,male,20,215.02
1939,rom,male,21,191.64
1939,rom,male,22,195.43
1939,rom,male,23,259.87
1939,rom,male,24,339.08
1939,rom,male,25,330.59
1939,rom,male,26,322.32
1939,rom,male,27,314.39
1939,rom,male,28,306.78
1939,rom,male,29,299.32
1939,rom,male,30,292.1
1939,rom,male,31,285.06
1939,rom,male,32,278.19
1939,rom,male,33,271.44
1939,rom,male,34,264.8
1939,rom,male,35,258.27
1939,rom,male,36,251.83
1939,rom,male,37,245.6
1939,rom,male,38,239.33
1939,rom,male,39,214.5
1939,rom,male,40,208.88
1939,rom,male,41,203.32
1939,rom,male,42,197.83
1939,rom,male,43,192.4
1939,rom,male,44,187.03
1939,rom,male,45,181.7
1939,rom,male,46,176.42
1939,rom,male,47,171.19
1939,rom,male,48,165.98
1939,rom,male,49,160.81
1939,rom,male,50,155.67
1939,rom,male,51,150.55
1939,rom,male,52,145.45
1939,rom,male,53,140.36
1939,rom,male,54,135.28
1939,rom,male,55,130.21
1939,rom,male,56,125.14
1939,rom,male,57,120.12
1939,rom,male,58,115.05
1939,rom,male,59,109.96
1939,rom,male,60,104.87
1939,rom,male,61,99.781
1939,rom,male,62,94.684
1939,rom,male,63,97.376
1939,rom,male,64,91.838
1939,rom,male,65,86.348
1939,rom,male,66,80.873
1939,rom,male,67,75.423
1939,rom,male,68,70.012
1939,rom,male,69,64.656
1939,rom,male,70,59.374
1939,rom,male,71,54.185
1939,rom,male,72,49.094
1939,rom,male,73,44.149
1939,rom,male,74,39.376
1939,rom,male,75,34.803
1939,rom,male,76,30.456
1939,rom,male,77,26.363
1939,rom,male,78,22.547
1939,rom,male,79,19.031
1939,rom,male,80,15.832
1939,rom,male,81,12.962
1939,rom,male,82,10.429
1939,rom,male,83,8.2313
1939,rom,male,84,6.3612
1939,rom,male,85,4.8035
1939,rom,male,86,3.5362
1939,rom,male,87,2.5317
1939,rom,male,88,1.758
1939,rom,male,89,1.1804
1939,rom,male,90,0.764
1939,rom,female,0,527.59
1939,rom,female,1,482.55
1939,rom,female,2,467.7
1939,rom,female,3,487.76
1939,rom,female,4,474.41
1939,rom,female,5,486.26
1939,rom,female,6,489.58
1939,rom,female,7,378.41
1939,rom,female,8,386.63
1939,rom,female,9,383.98
1939,rom,female,10,386.29
1939,rom,female,11,387.16
1939,rom,female,12,387.14
1939,rom,female,13,386.44
1939,rom,female,14,385.13
1939,rom,female,15,383
1939,rom,female,16,380.34
1939,rom,female,17,377.18
1939,rom,female,18,330.07
1939,rom,female,19,277.09
1939,rom,female,20,206.88
1939,rom,female,21,184.49
1939,rom,female,22,188.23
1939,rom,female,23,250.44
1939,rom,female,24,326.97
1939,rom,female,25,318.98
1939,rom,female,26,311.2
1939,rom,female,27,303.67
1939,rom,female,28,296.4
1939,rom,female,29,289.39
1939,rom,female,30,282.6
1939,rom,female,31,276
1939,rom,female,32,269.55
1939,rom,female,33,263.24
1939,rom,female,34,257.03
1939,rom,female,35,250.93
1939,rom,female,36,244.92
1939,rom,female,37,239.12
1939,rom,female,38,233.3
1939,rom,female,39,227.55
1939,rom,female,40,221.89
1939,rom,female,41,216.31
1939,rom,female,42,210.81
1939,rom,female,43,205.37
1939,rom,female,44,200
1939,rom,female,45,194.7
1939,rom,female,46,189.46
1939,rom,female,47,184.27
1939,rom,female,48,179.13
1939,rom,female,49,174.04
1939,rom,female,50,168.99
1939,rom,female,51,163.98
1939,rom,female,52,159
1939,rom,female,53,154.05
1939,rom,female,54,149.12
1939,rom,female,55,144.22
1939,rom,female,56,139.32
1939,rom,female,57,134.5
1939,rom,female,58,129.62
1939,rom,female,59,124.74
1939,rom,female,60,119.85
1939,rom,female,61,114.97
1939,rom,female,62,110.08
1939,rom,female,63,105.18
1939,rom,female,64,100.27
1939,rom,female,65,95.395
1939,rom,female,66,90.511
1939,rom,female,67,85.62
1939,rom,female,68,80.726
1939,rom,female,69,75.838
1939,rom,female,70,70.962
1939,rom,female,71,66.11
1939,rom,female,72,61.269
1939,rom,female,73,56.484
1939,rom,female,74,51.772
1939,rom,female,75,47.15
1939,rom,female,76,42.641
1939,rom,female,77,38.267
1939,rom,female,78,34.052
1939,rom,female,79,30.021
1939,rom,female,80,26.197
1939,rom,female,81,22.605
1939,rom,female,82,19.266
1939,rom,female,83,16.199
1939,rom,female,84,13.418
1939,rom,female,85,10.935
1939,rom,female,86,8.752
1939,rom,female,87,6.868
1939,rom,female,88,5.274
1939,rom,female,89,3.9548
1939,rom,female,90,2.8891
1939,rom,female,91,2.0509
1939,rom,female,92,1.4108
1939,rom,female,93,0.9376
1939,rom,female,94,0.59998
1939,kdr,male,0,5.2175
1939,kdr,male,1,4.9505
1939,kdr,male,2,4.8743
1939,kdr,male,3,5.1342
1939,kdr,male,4,5.0314
1939,kdr,male,5,5.1893
1939,kdr,male,6,5.2552
1939,kdr,male,7,7.3885
1939,kdr,male,8,7.2807
1939,kdr,male,9,7.1895
1939,kdr,male,10,7.3582
1939,kdr,male,11,7.504
1939,kdr,male,12,7.6272
1939,kdr,male,13,7.7282
1939,kdr,male,14,7.808
1939,kdr,male,15,7.8502
1939,kdr,male,16,7.873
1939,kdr,male,17,7.8773
1939,kdr,male,18,6.7713
1939,kdr,male,19,5.7145
1939,kdr,male,20,4.2652
1939,kdr,male,21,3.788
1939,kdr,male,22,3.8499
1939,kdr,male,23,5.1798
1939,kdr,male,24,6.9326
1939,kdr,male,25,6.7684
1939,kdr,male,26,6.6084
1939,kdr,male,27,6.4542
1939,kdr,male,28,6.3059
1939,kdr,male,29,6.1624
1939,kdr,male,30,6.0235
1939,kdr,male,31,5.8883
1939,kdr,male,32,5.7561
1939,kdr,male,33,5.6261
1939,kdr,male,34,5.4981
1939,kdr,male,35,5.3717
1939,kdr,male,36,5.2469
1939,kdr,male,37,5.1281
1939,kdr,male,38,5.0059
1939,kdr,male,39,4.4942
1939,kdr,male,40,4.3841
1939,kdr,male,41,4.2751
1939,kdr,male,42,4.167
1939,kdr,male,43,4.0598
1939,kdr,male,44,3.9534
1939,kdr,male,45,3.8478
1939,kdr,male,46,3.7428
1939,kdr,male,47,3.6383
1939,kdr,male,48,3.5344
1939,kdr,male,49,3.4308
1939,kdr,male,50,3.3275
1939,kdr,male,51,3.2243
1939,kdr,male,52,3.1212
1939,kdr,male,53,3.0182
1939,kdr,male,54,2.915
1939,kdr,male,55,2.8116
1939,kdr,male,56,2.708
1939,kdr,male,57,2.6098
1939,kdr,male,58,2.5052
1939,kdr,male,59,2.4002
1939,kdr,male,60,2.2948
1939,kdr,male,61,2.1889
1939,kdr,male,62,2.0826
1939,kdr,male,63,2.1476
1939,kdr,male,64,2.0313
1939,kdr,male,65,1.9185
1939,kdr,male,66,1.8052
1939,kdr,male,67,1.6916
1939,kdr,male,68,1.578
1939,kdr,male,69,1.4648
1939,kdr,male,70,1.3523
1939,kdr,male,71,1.2409
1939,kdr,male,72,1.1292
1939,kdr,male,73,1.0201
1939,kdr,male,74,0.91432
1939,kdr,male,75,0.81234
1939,kdr,male,76,0.71485
1939,kdr,male,77,0.62247
1939,kdr,male,78,0.53578
1939,kdr,female,0,4.9463
1939,kdr,female,1,4.7259
1939,kdr,female,2,4.662
1939,kdr,female,3,4.9133
1939,kdr,female,4,4.8154
1939,kdr,female,5,4.9661
1939,kdr,female,6,5.0296
1939,kdr,female,7,7.0727
1939,kdr,female,8,6.971
1939,kdr,female,9,6.8859
1939,kdr,female,10,7.0498
1939,kdr,female,11,7.192
1939,kdr,female,12,7.3126
1939,kdr,female,13,7.4122
1939,kdr,female,14,7.4916
1939,kdr,female,15,7.5351
1939,kdr,female,16,7.56
1939,kdr,female,17,7.5672
1939,kdr,female,18,6.5077
1939,kdr,female,19,5.4944
1939,kdr,female,20,4.1032
1939,kdr,female,21,3.6466
1939,kdr,female,22,3.7073
1939,kdr,female,23,4.9905
1939,kdr,female,24,6.6827
1939,kdr,female,25,6.5282
1939,kdr,female,26,6.3778
1939,kdr,female,27,6.2323
1939,kdr,female,28,6.0923
1939,kdr,female,29,5.9576
1939,kdr,female,30,5.8275
1939,kdr,female,31,5.701
1939,kdr,female,32,5.5773
1939,kdr,female,33,5.456
1939,kdr,female,34,5.3366
1939,kdr,female,35,5.2189
1939,kdr,female,36,5.1029
1939,kdr,female,37,4.9927
1939,kdr,female,38,4.8794
1939,kdr,female,39,4.7676
1939,kdr,female,40,4.657
1939,kdr,female,41,4.5477
1939,kdr,female,42,4.4396
1939,kdr,female,43,4.3327
1939,kdr,female,44,4.2269
1939,kdr,female,45,4.122
1939,kdr,female,46,4.0181
1939,kdr,female,47,3.9151
1939,kdr,female,48,3.8128
1939,kdr,female,49,3.7112
1939,kdr,female,50,3.6102
1939,kdr,female,51,3.5096
1939,kdr,female,52,3.4095
1939,kdr,female,53,3.3096
1939,kdr,female,54,3.21
1939,kdr,female,55,3.1105
1939,kdr,female,56,3.0109
1939,kdr,female,57,2.9177
1939,kdr,female,58,2.8177
1939,kdr,female,59,2.7174
1939,kdr,female,60,2.6169
1939,kdr,female,61,2.5159
1939,kdr,female,62,2.4144
1939,kdr,female,63,2.3125
1939,kdr,female,64,2.2101
1939,kdr,female,65,2.1113
1939,kdr,female,66,2.0116
1939,kdr,female,67,1.911
1939,kdr,female,68,1.8097
1939,kdr,female,69,1.7078
1939,kdr,female,70,1.6054
1939,kdr,female,71,1.5028
1939,kdr,female,72,1.3977
1939,kdr,female,73,1.2933
1939,kdr,female,74,1.19
1939,kdr,female,75,1.0882
1939,kdr,female,76,0.98844
1939,kdr,female,77,0.89117
1939,kdr,female,78,0.79692
1939,kdr,female,79,0.70627
1939,kdr,female,80,0.61978
1939,kdr,female,81,0.53802
1939,wym,male,0,3.8417
1939,wym,male,1,3.6801
1939,wym,male,2,3.6992
1939,wym,male,3,3.9511
1939,wym,male,4,3.9508
1939,wym,male,5,4.2213
1939,wym,male,6,4.3542
1939,wym,male,7,18.839
1939,wym,male,8,18.485
1939,wym,male,9,18.166
1939,wym,male,10,18.238
1939,wym,male,11,18.276
1939,wym,male,12,18.28
1939,wym,male,13,18.252
1939,wym,male,14,18.193
1939,wym,male,15,17.865
1939,wym,male,16,17.521
1939,wym,male,17,17.166
1939,wym,male,18,15.458
1939,wym,male,19,12.82
1939,wym,male,20,9.5249
1939,wym,male,21,8.4345
1939,wym,male,22,8.5566
1939,wym,male,23,11.217
1939,wym,male,24,14.015
1939,wym,male,25,13.656
1939,wym,male,26,13.309
1939,wym,male,27,12.98
1939,wym,male,28,12.667
1939,wym,male,29,12.359
1939,wym,male,30,12.061
1939,wym,male,31,11.771
1939,wym,male,32,11.489
1939,wym,male,33,11.211
1939,wym,male,34,10.939
1939,wym,male,35,10.671
1939,wym,male,36,10.407
1939,wym,male,37,10.213
1939,wym,male,38,9.954
1939,wym,male,39,8.9224
1939,wym,male,40,8.6902
1939,wym,male,41,8.4607
1939,wym,male,42,8.2339
1939,wym,male,43,8.0096
1939,wym,male,44,7.7876
1939,wym,male,45,7.5678
1939,wym,male,46,7.35
1939,wym,male,47,7.1341
1939,wym,male,48,6.9197
1939,wym,male,49,6.7068
1939,wym,male,50,6.4952
1939,wym,male,51,6.2846
1939,wym,male,52,6.0749
1939,wym,male,53,5.8658
1939,wym,male,54,5.6573
1939,wym,male,55,5.4492
1939,wym,male,56,5.2412
1939,wym,male,57,5.1008
1939,wym,male,58,4.8901
1939,wym,male,59,4.6793
1939,wym,male,60,4.4683
1939,wym,male,61,4.2571
1939,wym,male,62,4.0458
1939,wym,male,63,4.1678
1939,wym,male,64,3.9381
1939,wym,male,65,3.7503
1939,wym,male,66,3.5583
1939,wym,male,67,3.3625
1939,wym,male,68,3.1636
1939,wym,male,69,2.962
1939,wym,male,70,2.7584
1939,wym,male,71,2.5538
1939,wym,male,72,2.3234
1939,wym,male,73,2.0988
1939,wym,male,74,1.8813
1939,wym,male,75,1.6719
1939,wym,male,76,1.4719
1939,wym,male,77,1.2825
1939,wym,male,78,1.1048
1939,wym,male,79,0.93993
1939,wym,male,80,0.78876
1939,wym,male,81,0.65198
1939,wym,male,82,0.53006
1939,wym,female,0,3.6405
1939,wym,female,1,3.5094
1939,wym,female,2,3.5336
1939,wym,female,3,3.7758
1939,wym,female,4,3.7755
1939,wym,female,5,4.0331
1939,wym,female,6,4.1599
1939,wym,female,7,18
1939,wym,female,8,17.663
1939,wym,female,9,17.363
1939,wym,female,10,17.437
1939,wym,female,11,17.479
1939,wym,female,12,17.489
1939,wym,female,13,17.468
1939,wym,female,14,17.418
1939,wym,female,15,17.11
1939,wym,female,16,16.786
1939,wym,female,17,16.453
1939,wym,female,18,14.822
1939,wym,female,19,12.297
1939,wym,female,20,9.1458
1939,wym,female,21,8.1135
1939,wym,female,22,8.2215
1939,wym,female,23,10.784
1939,wym,female,24,13.482
1939,wym,female,25,13.146
1939,wym,female,26,12.82
1939,wym,female,27,12.506
1939,wym,female,28,12.205
1939,wym,female,29,11.915
1939,wym,female,30,11.635
1939,wym,female,31,11.364
1939,wym,female,32,11.1
1939,wym,female,33,10.84
1939,wym,female,34,10.586
1939,wym,female,35,10.336
1939,wym,female,36,10.089
1939,wym,female,37,9.9117
1939,wym,female,38,9.671
1939,wym,female,39,9.4338
1939,wym,female,40,9.2
1939,wym,female,41,8.9695
1939,wym,female,42,8.742
1939,wym,female,43,8.5176
1939,wym,female,44,8.296
1939,wym,female,45,8.0772
1939,wym,female,46,7.8609
1939,wym,female,47,7.6469
1939,wym,female,48,7.4352
1939,wym,female,49,7.2255
1939,wym,female,50,7.0177
1939,wym,female,51,6.8115
1939,wym,female,52,6.6068
1939,wym,female,53,6.4034
1939,wym,female,54,6.2011
1939,wym,female,55,5.9997
1939,wym,female,56,5.799
1939,wym,female,57,5.6738
1939,wym,female,58,5.4714
1939,wym,female,59,5.2691
1939,wym,female,60,5.067
1939,wym,female,61,4.8648
1939,wym,female,62,4.6625
1939,wym,female,63,4.4599
1939,wym,female,64,4.257
1939,wym,female,65,4.0992
1939,wym,female,66,3.9371
1939,wym,female,67,3.7706
1939,wym,female,68,3.5999
1939,wym,female,69,3.4253
1939,wym,female,70,3.2467
1939,wym,female,71,3.0649
1939,wym,female,72,2.8484
1939,wym,female,73,2.6341
1939,wym,female,74,2.4226
1939,wym,female,75,2.2146
1939,wym,female,76,2.0111
1939,wym,female,77,1.8131
1939,wym,female,78,1.6214
1939,wym,female,79,1.4374
1939,wym,female,80,1.2619
1939,wym,female,81,1.0961
1939,wym,female,82,0.94102
1939,wym,female,83,0.79756
1939,wym,female,84,0.66648
1939,wym,female,85,0.54836
1939,oth,male,0,669.74
1939,oth,male,1,637.63
1939,oth,male,2,627.9
1939,oth,male,3,660.92
1939,oth,male,4,647.54
1939,oth,male,5,668.49
1939,oth,male,6,677.94
1939,oth,male,7,911.1
1939,oth,male,8,896.54
1939,oth,male,9,883.69
1939,oth,male,10,899.17
1939,oth,male,11,912.15
1939,oth,male,12,922.67
1939,oth,male,13,930.81
1939,oth,male,14,936.66
1939,oth,male,15,935.5
1939,oth,male,16,932.51
1939,oth,male,17,927.89
1939,oth,male,18,807.59
1939,oth,male,19,681.01
1939,oth,male,20,505.63
1939,oth,male,21,449.99
1939,oth,male,22,455.48
1939,oth,male,23,607.27
1939,oth,male,24,801.22
1939,oth,male,25,781.39
1939,oth,male,26,762.05
1939,oth,male,27,745.14
1939,oth,male,28,729.59
1939,oth,male,29,712.41
1939,oth,male,30,695.72
1939,oth,male,31,679.42
1939,oth,male,32,663.46
1939,oth,male,33,647.79
1939,oth,male,34,632.37
1939,oth,male,35,617.19
1939,oth,male,36,602.23
1939,oth,male,37,589.8
1939,oth,male,38,575.18
1939,oth,male,39,515.93
1939,oth,male,40,502.82
1939,oth,male,41,489.85
1939,oth,male,42,477.04
1939,oth,male,43,464.36
1939,oth,male,44,451.8
1939,oth,male,45,439.37
1939,oth,male,46,427.03
1939,oth,male,47,414.79
1939,oth,male,48,402.63
1939,oth,male,49,390.54
1939,oth,male,50,378.51
1939,oth,male,51,366.53
1939,oth,male,52,354.59
1939,oth,male,53,342.67
1939,oth,male,54,330.76
1939,oth,male,55,318.87
1939,oth,male,56,306.96
1939,oth,male,57,296.22
1939,oth,male,58,284.24
1939,oth,male,59,272.24
1939,oth,male,60,260.2
1939,oth,male,61,248.14
1939,oth,male,62,236.05
1939,oth,male,63,243.4
1939,oth,male,64,230.22
1939,oth,male,65,217.83
1939,oth,male,66,205.35
1939,oth,male,67,192.82
1939,oth,male,68,180.25
1939,oth,male,69,167.7
1939,oth,male,70,155.19
1939,oth,male,71,142.78
1939,oth,male,72,130.07
1939,oth,male,73,117.66
1939,oth,male,74,105.62
1939,oth,male,75,94.012
1939,oth,male,76,82.903
1939,oth,male,77,72.362
1939,oth,male,78,62.456
1939,oth,male,79,53.245
1939,oth,male,80,44.782
1939,oth,male,81,37.108
1939,oth,male,82,30.251
1939,oth,male,83,24.224
1939,oth,male,84,19.021
1939,oth,male,85,14.618
1939,oth,male,86,10.973
1939,oth,male,87,8.0273
1939,oth,male,88,5.7102
1939,oth,male,89,3.9402
1939,oth,male,90,2.6309
1939,oth,male,91,1.6961
1939,oth,male,92,1.054
1939,oth,male,93,0.63123
1939,oth,female,0,634.71
1939,oth,female,1,608.17
1939,oth,female,2,599.91
1939,oth,female,3,631.75
1939,oth,female,4,618.97
1939,oth,female,5,638.89
1939,oth,female,6,647.89
1939,oth,female,7,870.66
1939,oth,female,8,856.87
1939,oth,female,9,844.82
1939,oth,female,10,859.84
1939,oth,female,11,872.5
1939,oth,female,12,882.83
1939,oth,female,13,890.9
1939,oth,female,14,896.78
1939,oth,female,15,895.97
1939,oth,female,16,893.41
1939,oth,female,17,889.3
1939,oth,female,18,774.28
1939,oth,female,19,653.15
1939,oth,female,20,485.42
1939,oth,female,21,432.71
1939,oth,female,22,438.16
1939,oth,female,23,584.88
1939,oth,female,24,772.6
1939,oth,female,25,754.37
1939,oth,female,26,736.6
1939,oth,female,27,719.36
1939,oth,female,28,702.7
1939,oth,female,29,686.57
1939,oth,female,30,670.92
1939,oth,female,31,655.67
1939,oth,female,32,640.75
1939,oth,female,33,626.11
1939,oth,female,34,611.73
1939,oth,female,35,597.59
1939,oth,female,36,583.66
1939,oth,female,37,572.21
1939,oth,female,38,558.65
1939,oth,female,39,545.28
1939,oth,female,40,532.1
1939,oth,female,41,519.11
1939,oth,female,42,506.28
1939,oth,female,43,493.62
1939,oth,female,44,481.12
1939,oth,female,45,468.76
1939,oth,female,46,456.53
1939,oth,female,47,444.44
1939,oth,female,48,432.45
1939,oth,female,49,420.58
1939,oth,female,50,408.79
1939,oth,female,51,397.09
1939,oth,female,52,385.46
1939,oth,female,53,373.9
1939,oth,female,54,362.38
1939,oth,female,55,350.89
1939,oth,female,56,339.44
1939,oth,female,57,329.31
1939,oth,female,58,317.83
1939,oth,female,59,306.35
1939,oth,female,60,294.85
1939,oth,female,61,283.34
1939,oth,female,62,271.8
1939,oth,female,63,260.23
1939,oth,female,64,248.62
1939,oth,female,65,237.85
1939,oth,female,66,226.95
1939,oth,female,67,215.94
1939,oth,female,68,204.83
1939,oth,female,69,193.63
1939,oth,female,70,182.36
1939,oth,female,71,171.04
1939,oth,female,72,159.14
1939,oth,female,73,147.34
1939,oth,female,74,135.67
1939,oth,female,75,124.18
1939,oth,female,76,112.91
1939,oth,female,77,101.93
1939,oth,female,78,91.293
1939,oth,female,79,81.052
1939,oth,female,80,71.273
1939,oth,female,81,62.017
1939,oth,female,82,53.343
1939,oth,female,83,45.302
1939,oth,female,84,37.94
1939,oth,female,85,31.292
1939,oth,female,86,25.378
1939,oth,female,87,20.207
1939,oth,female,88,15.767
1939,oth,female,89,12.033
1939,oth,female,90,8.9637
1939,oth,female,91,6.5028
1939,oth,female,92,4.5833
1939,oth,female,93,3.1308
1939,oth,female,94,2.0675
1939,oth,female,95,1.3171
1939,oth,female,96,0.80811
1950,pl,male,0,3.2476e+05
1950,pl,male,1,2.8665e+05
1950,pl,male,2,2.8144e+05
1950,pl,male,3,2.7603e+05
1950,pl,male,4,2.6048e+05
1950,pl,male,5,2.5423e+05
1950,pl,male,6,2.4569e+05
1950,pl,male,7,2.4883e+05
1950,pl,male,8,2.4627e+05
1950,pl,male,9,2.4765e+05
1950,pl,male,10,2.5104e+05
1950,pl,male,11,2.5579e+05
1950,pl,male,12,2.5998e+05
1950,pl,male,13,2.5889e+05
1950,pl,male,14,2.7168e+05
1950,pl,male,15,2.6464e+05
1950,pl,male,16,2.7105e+05
1950,pl,male,17,2.7271e+05
1950,pl,male,18,2.5482e+05
1950,pl,male,19,2.5024e+05
1950,pl,male,20,2.4583e+05
1950,pl,male,21,2.4698e+05
1950,pl,male,22,2.4713e+05
1950,pl,male,23,2.4643e+05
1950,pl,male,24,2.4511e+05
1950,pl,male,25,2.4361e+05
1950,pl,male,26,2.4165e+05
1950,pl,male,27,2.3956e+05
1950,pl,male,28,2.3741e+05
1950,pl,male,29,2.0875e+05
1950,pl,male,30,1.7641e+05
1950,pl,male,31,1.306e+05
1950,pl,male,32,1.1692e+05
1950,pl,male,33,1.1936e+05
1950,pl,male,34,1.585e+05
1950,pl,male,35,2.0815e+05
1950,pl,male,36,2.0342e+05
1950,pl,male,37,1.9873e+05
1950,pl,male,38,1.939e+05
1950,pl,male,39,1.8907e+05
1950,pl,male,40,1.8463e+05
1950,pl,male,41,1.8026e+05
1950,pl,male,42,1.7593e+05
1950,pl,male,43,1.7162e+05
1950,pl,male,44,1.6731e+05
1950,pl,male,45,1.63e+05
1950,pl,male,46,1.5868e+05
1950,pl,male,47,1.5436e+05
1950,pl,male,48,1.4973e+05
1950,pl,male,49,1.4539e+05
1950,pl,male,50,1.2976e+05
1950,pl,male,51,1.2576e+05
1950,pl,male,52,1.2175e+05
1950,pl,male,53,1.1774e+05
1950,pl,male,54,1.1371e+05
1950,pl,male,55,1.0968e+05
1950,pl,male,56,1.0563e+05
1950,pl,male,57,1.0157e+05
1950,pl,male,58,97504
1950,pl,male,59,93421
1950,pl,male,60,89325
1950,pl,male,61,85218
1950,pl,male,62,81099
1950,pl,male,63,76972
1950,pl,male,64,72839
1950,pl,male,65,68638
1950,pl,male,66,64449
1950,pl,male,67,60278
1950,pl,male,68,56034
1950,pl,male,69,51941
1950,pl,male,70,47899
1950,pl,male,71,43920
1950,pl,male,72,40020
1950,pl,male,73,36216
1950,pl,male,74,35356
1950,pl,male,75,31492
1950,pl,male,76,27796
1950,pl,male,77,24289
1950,pl,male,78,20993
1950,pl,male,79,17925
1950,pl,male,80,15104
1950,pl,male,81,12543
1950,pl,male,82,10250
1950,pl,male,83,8239.1
1950,pl,male,84,6496
1950,pl,male,85,5014.4
1950,pl,male,86,3781.9
1950,pl,male,87,2780.6
1950,pl,male,88,1988
1950,pl,male,89,1378.4
1950,pl,male,90,924.2
1950,pl,male,91,597.24
1950,pl,male,92,370.69
1950,pl,male,93,220.14
1950,pl,male,94,124.57
1950,pl,male,95,66.875
1950,pl,male,96,33.901
1950,pl,male,97,16.155
1950,pl,male,98,7.211
1950,pl,male,99,3.0138
1950,pl,male,100,1.8457
1950,pl,female,0,3.081e+05
1950,pl,female,1,2.741e+05
1950,pl,female,2,2.6979e+05
1950,pl,female,3,2.6486e+05
1950,pl,female,4,2.5008e+05
1950,pl,female,5,2.441e+05
1950,pl,female,6,2.3587e+05
1950,pl,female,7,2.3889e+05
1950,pl,female,8,2.3645e+05
1950,pl,female,9,2.3777e+05
1950,pl,female,10,2.4105e+05
1950,pl,female,11,2.4565e+05
1950,pl,female,12,2.497e+05
1950,pl,female,13,2.4867e+05
1950,pl,female,14,2.6097e+05
1950,pl,female,15,2.542e+05
1950,pl,female,16,2.6032e+05
1950,pl,female,17,2.6192e+05
1950,pl,female,18,2.4482e+05
1950,pl,female,19,2.4047e+05
1950,pl,female,20,2.363e+05
1950,pl,female,21,2.3746e+05
1950,pl,female,22,2.3766e+05
1950,pl,female,23,2.3705e+05
1950,pl,female,24,2.3585e+05
1950,pl,female,25,2.3454e+05
1950,pl,female,26,2.3272e+05
1950,pl,female,27,2.3078e+05
1950,pl,female,28,2.2877e+05
1950,pl,female,29,2.0118e+05
1950,pl,female,30,1.7005e+05
1950,pl,female,31,1.2592e+05
1950,pl,female,32,1.1274e+05
1950,pl,female,33,1.1529e+05
1950,pl,female,34,1.5321e+05
1950,pl,female,35,2.0135e+05
1950,pl,female,36,1.9693e+05
1950,pl,female,37,1.9257e+05
1950,pl,female,38,1.8829e+05
1950,pl,female,39,1.8409e+05
1950,pl,female,40,1.8e+05
1950,pl,female,41,1.7597e+05
1950,pl,female,42,1.72e+05
1950,pl,female,43,1.6805e+05
1950,pl,female,44,1.6412e+05
1950,pl,female,45,1.6019e+05
1950,pl,female,46,1.5626e+05
1950,pl,female,47,1.5234e+05
1950,pl,female,48,1.4812e+05
1950,pl,female,49,1.4421e+05
1950,pl,female,50,1.403e+05
1950,pl,female,51,1.364e+05
1950,pl,female,52,1.325e+05
1950,pl,female,53,1.286e+05
1950,pl,female,54,1.247e+05
1950,pl,female,55,1.2081e+05
1950,pl,female,56,1.1691e+05
1950,pl,female,57,1.1301e+05
1950,pl,female,58,1.0911e+05
1950,pl,female,59,1.0521e+05
1950,pl,female,60,1.0129e+05
1950,pl,female,61,97368
1950,pl,female,62,93434
1950,pl,female,63,89489
1950,pl,female,64,85532
1950,pl,female,65,81486
1950,pl,female,66,77437
1950,pl,female,67,73386
1950,pl,female,68,69213
1950,pl,female,69,65185
1950,pl,female,70,61167
1950,pl,female,71,57168
1950,pl,female,72,53197
1950,pl,female,73,49263
1950,pl,female,74,45378
1950,pl,female,75,41558
1950,pl,female,76,37816
1950,pl,female,77,34170
1950,pl,female,78,30638
1950,pl,female,79,27239
1950,pl,female,80,23992
1950,pl,female,81,20917
1950,pl,female,82,18031
1950,pl,female,83,15368
1950,pl,female,84,12921
1950,pl,female,85,10704
1950,pl,female,86,8722.8
1950,pl,female,87,6982
1950,pl,female,88,5479.5
1950,pl,female,89,4208.2
1950,pl,female,90,3156.1
1950,pl,female,91,2306.1
1950,pl,female,92,1637.6
1950,pl,female,93,1126.9
1950,pl,female,94,749.36
1950,pl,female,95,479.87
1950,pl,female,96,294.89
1950,pl,female,97,173.22
1950,pl,female,98,96.853
1950,pl,female,99,51.32
1950,pl,female,100,49.095
1950,uk,male,0,71293
1950,uk,male,1,61771
1950,uk,male,2,60181
1950,uk,male,3,58802
1950,uk,male,4,55388
1950,uk,male,5,54027
1950,uk,male,6,52172
1950,uk,male,7,52847
1950,uk,male,8,52239
1950,uk,male,9,52363
1950,uk,male,10,52813
1950,uk,male,11,53463
1950,uk,male,12,53980
1950,uk,male,13,53435
1950,uk,male,14,55753
1950,uk,male,15,53932
1950,uk,male,16,54949
1950,uk,male,17,55031
1950,uk,male,18,54550
1950,uk,male,19,53323
1950,uk,male,20,52154
1950,uk,male,21,51541
1950,uk,male,22,50798
1950,uk,male,23,49951
1950,uk,male,24,49046
1950,uk,male,25,48115
1950,uk,male,26,47205
1950,uk,male,27,46325
1950,uk,male,28,45483
1950,uk,male,29,39948
1950,uk,male,30,33289
1950,uk,male,31,24940
1950,uk,male,32,22274
1950,uk,male,33,22838
1950,uk,male,34,30318
1950,uk,male,35,39074
1950,uk,male,36,38172
1950,uk,male,37,37280
1950,uk,male,38,36430
1950,uk,male,39,35605
1950,uk,male,40,34756
1950,uk,male,41,33917
1950,uk,male,42,33084
1950,uk,male,43,32256
1950,uk,male,44,31428
1950,uk,male,45,30600
1950,uk,male,46,29772
1950,uk,male,47,28942
1950,uk,male,48,28122
1950,uk,male,49,27290
1950,uk,male,50,24341
1950,uk,male,51,23573
1950,uk,male,52,22805
1950,uk,male,53,22035
1950,uk,male,54,21264
1950,uk,male,55,20491
1950,uk,male,56,19716
1950,uk,male,57,18939
1950,uk,male,58,18160
1950,uk,male,59,17378
1950,uk,male,60,16594
1950,uk,male,61,15808
1950,uk,male,62,15020
1950,uk,male,63,14231
1950,uk,male,64,13441
1950,uk,male,65,12653
1950,uk,male,66,11867
1950,uk,male,67,11084
1950,uk,male,68,10308
1950,uk,male,69,9536.8
1950,uk,male,70,8774.6
1950,uk,male,71,8025
1950,uk,male,72,7290.9
1950,uk,male,73,6576.1
1950,uk,male,74,6395.8
1950,uk,male,75,5672.8
1950,uk,male,76,4983.2
1950,uk,male,77,4331.3
1950,uk,male,78,3721.1
1950,uk,male,79,3156.3
1950,uk,male,80,2639.8
1950,uk,male,81,2174
1950,uk,male,82,1760.2
1950,uk,male,83,1398.7
1950,uk,male,84,1089
1950,uk,male,85,828.96
1950,uk,male,86,615.64
1950,uk,male,87,444.98
1950,uk,male,88,312.2
1950,uk,male,89,212
1950,uk,male,90,138.89
1950,uk,male,91,87.491
1950,uk,male,92,52.788
1950,uk,male,93,30.384
1950,uk,male,94,16.611
1950,uk,male,95,8.5876
1950,uk,male,96,4.1809
1950,uk,male,97,1.9116
1950,uk,male,98,0.82237
1950,uk,female,0,67700
1950,uk,female,1,59216
1950,uk,female,2,57867
1950,uk,female,3,56613
1950,uk,female,4,53367
1950,uk,female,5,52069
1950,uk,female,6,50280
1950,uk,female,7,50936
1950,uk,female,8,50361
1950,uk,female,9,50487
1950,uk,female,10,50933
1950,uk,female,11,51575
1950,uk,female,12,52084
1950,uk,female,13,51564
1950,uk,female,14,53810
1950,uk,female,15,52060
1950,uk,female,16,53041
1950,uk,female,17,53126
1950,uk,female,18,52676
1950,uk,female,19,51507
1950,uk,female,20,50402
1950,uk,female,21,49836
1950,uk,female,22,49145
1950,uk,female,23,48354
1950,uk,female,24,47506
1950,uk,female,25,46633
1950,uk,female,26,45783
1950,uk,female,27,44962
1950,uk,female,28,44180
1950,uk,female,29,38835
1950,uk,female,30,32392
1950,uk,female,31,24293
1950,uk,female,32,21721
1950,uk,female,33,22288
1950,uk,female,34,29619
1950,uk,female,35,38220
1950,uk,female,36,37381
1950,uk,female,37,36552
1950,uk,female,38,35736
1950,uk,female,39,34935
1950,uk,female,40,34149
1950,uk,female,41,33375
1950,uk,female,42,32610
1950,uk,female,43,31849
1950,uk,female,44,31091
1950,uk,female,45,30334
1950,uk,female,46,29579
1950,uk,female,47,28824
1950,uk,female,48,28080
1950,uk,female,49,27327
1950,uk,female,50,26575
1950,uk,female,51,25824
1950,uk,female,52,25073
1950,uk,female,53,24324
1950,uk,female,54,23574
1950,uk,female,55,22825
1950,uk,female,56,22076
1950,uk,female,57,21326
1950,uk,female,58,20575
1950,uk,female,59,19823
1950,uk,female,60,19069
1950,uk,female,61,18313
1950,uk,female,62,17555
1950,uk,female,63,16794
1950,uk,female,64,16032
1950,uk,female,65,15270
1950,uk,female,66,14505
1950,uk,female,67,13739
1950,uk,female,68,12976
1950,uk,female,69,12208
1950,uk,female,70,11442
1950,uk,female,71,10680
1950,uk,female,72,9921.3
1950,uk,female,73,9170.2
1950,uk,female,74,8428.6
1950,uk,female,75,7699.5
1950,uk,female,76,6986.1
1950,uk,female,77,6291.9
1950,uk,female,78,5620.7
1950,uk,female,79,4976.2
1950,uk,female,80,4362.4
1950,uk,female,81,3783.2
1950,uk,female,82,3242
1950,uk,female,83,2741.8
1950,uk,female,84,2285.8
1950,uk,female,85,1875.7
1950,uk,female,86,1512.8
1950,uk,female,87,1197
1950,uk,female,88,927.58
1950,uk,female,89,702.45
1950,uk,female,90,518.7
1950,uk,female,91,372.55
1950,uk,female,92,259.56
1950,uk,female,93,174.91
1950,uk,female,94,113.62
1950,uk,female,95,70.904
1950,uk,female,96,42.342
1950,uk,female,97,24.097
1950,uk,female,98,13.011
1950,uk,female,99,6.6358
1950,uk,female,100,5.8363
1950,be,male,0,16585
1950,be,male,1,14351
1950,be,male,2,13976
1950,be,male,3,13666
1950,be,male,4,12903
1950,be,male,5,12624
1950,be,male,6,12230
1950,be,male,7,12425
1950,be,male,8,12326
1950,be,male,9,12384
1950,be,male,10,12507
1950,be,male,11,12663
1950,be,male,12,12772
1950,be,male,13,12627
1950,be,male,14,13160
1950,be,male,15,12692
1950,be,male,16,12893
1950,be,male,17,12866
1950,be,male,18,13747
1950,be,male,19,13362
1950,be,male,20,12997
1950,be,male,21,12676
1950,be,male,22,12342
1950,be,male,23,12000
1950,be,male,24,11657
1950,be,male,25,11314
1950,be,male,26,11002
1950,be,male,27,10708
1950,be,male,28,10432
1950,be,male,29,8649.1
1950,be,male,30,7154.5
1950,be,male,31,5330.3
1950,be,male,32,4731.6
1950,be,male,33,4782.6
1950,be,male,34,6455.2
1950,be,male,35,8738.6
1950,be,male,36,8515.7
1950,be,male,37,8296.8
1950,be,male,38,8139.3
1950,be,male,39,8007.5
1950,be,male,40,7804.4
1950,be,male,41,7604.5
1950,be,male,42,7406.9
1950,be,male,43,7210.8
1950,be,male,44,7015.7
1950,be,male,45,6821.4
1950,be,male,46,6627.7
1950,be,male,47,6434.5
1950,be,male,48,6258.3
1950,be,male,49,6065.3
1950,be,male,50,5402.9
1950,be,male,51,5226
1950,be,male,52,5049.4
1950,be,male,53,4873
1950,be,male,54,4696.7
1950,be,male,55,4520.5
1950,be,male,56,4344.3
1950,be,male,57,4168.1
1950,be,male,58,3991.8
1950,be,male,59,3815.5
1950,be,male,60,3639.1
1950,be,male,61,3462.6
1950,be,male,62,3286.2
1950,be,male,63,3110
1950,be,male,64,2934
1950,be,male,65,2762.2
1950,be,male,66,2590.6
1950,be,male,67,2419.7
1950,be,male,68,2254.2
1950,be,male,69,2085.2
1950,be,male,70,1918.2
1950,be,male,71,1754
1950,be,male,72,1593.3
1950,be,male,73,1436.8
1950,be,male,74,1397.2
1950,be,male,75,1239
1950,be,male,76,1088.1
1950,be,male,77,945.58
1950,be,male,78,812.18
1950,be,male,79,688.73
1950,be,male,80,575.88
1950,be,male,81,474.15
1950,be,male,82,383.81
1950,be,male,83,304.7
1950,be,male,84,236.99
1950,be,male,85,180.23
1950,be,male,86,133.73
1950,be,male,87,96.567
1950,be,male,88,67.688
1950,be,male,89,45.921
1950,be,male,90,30.056
1950,be,male,91,18.912
1950,be,male,92,11.397
1950,be,male,93,6.5506
1950,be,male,94,3.5742
1950,be,male,95,1.8421
1950,be,male,96,0.89185
1950,be,female,0,15749
1950,be,female,1,13757
1950,be,female,2,13437
1950,be,female,3,13155
1950,be,female,4,12429
1950,be,female,5,12163
1950,be,female,6,11783
1950,be,female,7,11972
1950,be,female,8,11878
1950,be,female,9,11935
1950,be,female,10,12055
1950,be,female,11,12210
1950,be,female,12,12317
1950,be,female,13,12179
1950,be,female,14,12695
1950,be,female,15,12244
1950,be,female,16,12437
1950,be,female,17,12412
1950,be,female,18,13264
1950,be,female,19,12897
1950,be,female,20,12553
1950,be,female,21,12253
1950,be,female,22,11940
1950,be,female,23,11620
1950,be,female,24,11299
1950,be,female,25,10975
1950,be,female,26,10686
1950,be,female,27,10416
1950,be,female,28,10167
1950,be,female,29,8447.3
1950,be,female,30,7005.3
1950,be,female,31,5234.7
1950,be,female,32,4662.9
1950,be,female,33,4714
1950,be,female,34,6374.3
1950,be,female,35,8645.3
1950,be,female,36,8440.9
1950,be,female,37,8240
1950,be,female,38,8043
1950,be,female,39,7850.5
1950,be,female,40,7662.1
1950,be,female,41,7477.1
1950,be,female,42,7294.6
1950,be,female,43,7114
1950,be,female,44,6934.7
1950,be,female,45,6756.4
1950,be,female,46,6579.1
1950,be,female,47,6402.7
1950,be,female,48,6243.6
1950,be,female,49,6068.2
1950,be,female,50,5893.5
1950,be,female,51,5719.7
1950,be,female,52,5546.5
1950,be,female,53,5374
1950,be,female,54,5202
1950,be,female,55,5030.5
1950,be,female,56,4859.4
1950,be,female,57,4688.7
1950,be,female,58,4518.1
1950,be,female,59,4347.7
1950,be,female,60,4177.4
1950,be,female,61,4007.1
1950,be,female,62,3836.7
1950,be,female,63,3666.2
1950,be,female,64,3495.7
1950,be,female,65,3329.5
1950,be,female,66,3162.8
1950,be,female,67,2995.7
1950,be,female,68,2834
1950,be,female,69,2665.9
1950,be,female,70,2498.2
1950,be,female,71,2331.1
1950,be,female,72,2165.2
1950,be,female,73,2000.8
1950,be,female,74,1838.5
1950,be,female,75,1679.1
1950,be,female,76,1523.1
1950,be,female,77,1371.4
1950,be,female,78,1224.7
1950,be,female,79,1084
1950,be,female,80,949.99
1950,be,female,81,823.59
1950,be,female,82,705.56
1950,be,female,83,596.1
1950,be,female,84,496.43
1950,be,female,85,406.97
1950,be,female,86,327.89
1950,be,female,87,259.2
1950,be,female,88,200.65
1950,be,female,89,151.81
1950,be,female,90,111.99
1950,be,female,91,80.357
1950,be,female,92,55.932
1950,be,female,93,37.653
1950,be,female,94,24.435
1950,be,female,95,15.232
1950,be,female,96,9.0851
1950,be,female,97,5.1625
1950,be,female,98,2.7818
1950,be,female,99,1.4141
1950,be,female,100,1.2354
1950,pls,male,0,12897
1950,pls,male,1,11124
1950,pls,male,2,10867
1950,pls,male,3,10677
1950,pls,male,4,10146
1950,pls,male,5,9990.3
1950,pls,male,6,9730.4
1950,pls,male,7,9925
1950,pls,male,8,9856.7
1950,pls,male,9,9879.1
1950,pls,male,10,9930.3
1950,pls,male,11,10006
1950,pls,male,12,10040
1950,pls,male,13,9879.3
1950,pls,male,14,10256
1950,pls,male,15,9840.3
1950,pls,male,16,9948.3
1950,pls,male,17,9888.5
1950,pls,male,18,10614
1950,pls,male,19,10250
1950,pls,male,20,9916.7
1950,pls,male,21,9543
1950,pls,male,22,9180.8
1950,pls,male,23,8830.8
1950,pls,male,24,8495.1
1950,pls,male,25,8174.4
1950,pls,male,26,7887.1
1950,pls,male,27,7620.4
1950,pls,male,28,7374.3
1950,pls,male,29,6075.8
1950,pls,male,30,4997.1
1950,pls,male,31,3724.9
1950,pls,male,32,3308.5
1950,pls,male,33,3336.2
1950,pls,male,34,4491.8
1950,pls,male,35,6065.6
1950,pls,male,36,5896.6
1950,pls,male,37,5731.7
1950,pls,male,38,5661.4
1950,pls,male,39,5628
1950,pls,male,40,5476.7
1950,pls,male,41,5328
1950,pls,male,42,5181.2
1950,pls,male,43,5036.1
1950,pls,male,44,4892.5
1950,pls,male,45,4750
1950,pls,male,46,4608.5
1950,pls,male,47,4468.1
1950,pls,male,48,4339.8
1950,pls,male,49,4200.6
1950,pls,male,50,3737.2
1950,pls,male,51,3610.4
1950,pls,male,52,3484.2
1950,pls,male,53,3358.4
1950,pls,male,54,3232.9
1950,pls,male,55,3107.8
1950,pls,male,56,2983
1950,pls,male,57,2858.4
1950,pls,male,58,2734
1950,pls,male,59,2609.7
1950,pls,male,60,2485.6
1950,pls,male,61,2361.6
1950,pls,male,62,2237.9
1950,pls,male,63,2114.5
1950,pls,male,64,1991.4
1950,pls,male,65,1871.6
1950,pls,male,66,1752.1
1950,pls,male,67,1633.3
1950,pls,male,68,1518.3
1950,pls,male,69,1401.2
1950,pls,male,70,1285.8
1950,pls,male,71,1172.6
1950,pls,male,72,1062.1
1950,pls,male,73,954.73
1950,pls,male,74,925.2
1950,pls,male,75,817.39
1950,pls,male,76,714.98
1950,pls,male,77,618.57
1950,pls,male,78,528.76
1950,pls,male,79,446.04
1950,pls,male,80,370.83
1950,pls,male,81,303.42
1950,pls,male,82,243.95
1950,pls,male,83,192.24
1950,pls,male,84,148.32
1950,pls,male,85,111.81
1950,pls,male,86,82.157
1950,pls,male,87,58.703
1950,pls,male,88,40.672
1950,pls,male,89,27.244
1950,pls,male,90,17.584
1950,pls,male,91,10.896
1950,pls,male,92,6.4571
1950,pls,male,93,3.6432
1950,pls,male,94,1.9479
1950,pls,male,95,0.98175
1950,pls,female,0,12255
1950,pls,female,1,10682
1950,pls,female,2,10470
1950,pls,female,3,10303
1950,pls,female,4,9799.4
1950,pls,female,5,9652
1950,pls,female,6,9401.2
1950,pls,female,7,9589.8
1950,pls,female,8,9526
1950,pls,female,9,9549.8
1950,pls,female,10,9603.2
1950,pls,female,11,9680.7
1950,pls,female,12,9716.7
1950,pls,female,13,9563.6
1950,pls,female,14,9930.9
1950,pls,female,15,9529.1
1950,pls,female,16,9633.7
1950,pls,female,17,9578.1
1950,pls,female,18,10285
1950,pls,female,19,9937.1
1950,pls,female,20,9623.4
1950,pls,female,21,9272.7
1950,pls,female,22,8932.9
1950,pls,female,23,8604.8
1950,pls,female,24,8290.2
1950,pls,female,25,7989.5
1950,pls,female,26,7727.3
1950,pls,female,27,7487.4
1950,pls,female,28,7270.1
1950,pls,female,29,6013.9
1950,pls,female,30,4969.3
1950,pls,female,31,3724.3
1950,pls,female,32,3328.5
1950,pls,female,33,3361.1
1950,pls,female,34,4538.9
1950,pls,female,35,6147.8
1950,pls,female,36,5994.5
1950,pls,female,37,5844.2
1950,pls,female,38,5697
1950,pls,female,39,5553
1950,pls,female,40,5411.9
1950,pls,female,41,5273.5
1950,pls,female,42,5137.2
1950,pls,female,43,5002.8
1950,pls,female,44,4869.9
1950,pls,female,45,4738.4
1950,pls,female,46,4608.2
1950,pls,female,47,4479.1
1950,pls,female,48,4362.6
1950,pls,female,49,4235.3
1950,pls,female,50,4109
1950,pls,female,51,3983.6
1950,pls,female,52,3859.1
1950,pls,female,53,3735.2
1950,pls,female,54,3612.1
1950,pls,female,55,3489.6
1950,pls,female,56,3367.5
1950,pls,female,57,3245.9
1950,pls,female,58,3124.7
1950,pls,female,59,3003.7
1950,pls,female,60,2882.9
1950,pls,female,61,2762.3
1950,pls,female,62,2641.7
1950,pls,female,63,2521.3
1950,pls,female,64,2401
1950,pls,female,65,2284
1950,pls,female,66,2166.7
1950,pls,female,67,2049.3
1950,pls,female,68,1935.6
1950,pls,female,69,1817.8
1950,pls,female,70,1700.4
1950,pls,female,71,1583.7
1950,pls,female,72,1467.8
1950,pls,female,73,1353.3
1950,pls,female,74,1240.6
1950,pls,female,75,1130
1950,pls,female,76,1022.1
1950,pls,female,77,917.38
1950,pls,female,78,816.49
1950,pls,female,79,719.99
1950,pls,female,80,628.46
1950,pls,female,81,542.45
1950,pls,female,82,462.49
1950,pls,female,83,388.73
1950,pls,female,84,321.92
1950,pls,female,85,262.28
1950,pls,female,86,209.9
1950,pls,female,87,164.71
1950,pls,female,88,126.49
1950,pls,female,89,94.853
1950,pls,female,90,69.3
1950,pls,female,91,49.202
1950,pls,female,92,33.851
1950,pls,female,93,22.5
1950,pls,female,94,14.398
1950,pls,female,95,8.8384
1950,pls,female,96,5.1833
1950,pls,female,97,2.8912
1950,pls,female,98,1.5264
1950,pls,female,99,0.75873
1950,pls,female,100,0.63252
1950,yi,male,0,18773
1950,yi,male,1,16756
1950,yi,male,2,16470
1950,yi,male,3,16141
1950,yi,male,4,15193
1950,yi,male,5,14785
1950,yi,male,6,14217
1950,yi,male,7,14323
1950,yi,male,8,14109
1950,yi,male,9,14107
1950,yi,male,10,14246
1950,yi,male,11,14521
1950,yi,male,12,14809
1950,yi,male,13,14849
1950,yi,male,14,15695
1950,yi,male,15,15367
1950,yi,male,16,15829
1950,yi,male,17,16020
1950,yi,male,18,23569
1950,yi,male,19,23286
1950,yi,male,20,22990
1950,yi,male,21,24133
1950,yi,male,22,25024
1950,yi,male,23,25680
1950,yi,male,24,26142
1950,yi,male,25,26274
1950,yi,male,26,26467
1950,yi,male,27,26575
1950,yi,male,28,26616
1950,yi,male,29,22985
1950,yi,male,30,19436
1950,yi,male,31,14400
1950,yi,male,32,12726
1950,yi,male,33,12737
1950,yi,male,34,17071
1950,yi,male,35,22732
1950,yi,male,36,22156
1950,yi,male,37,21607
1950,yi,male,38,21141
1950,yi,male,39,20750
1950,yi,male,40,20366
1950,yi,male,41,20024
1950,yi,male,42,19704
1950,yi,male,43,19390
1950,yi,male,44,19068
1950,yi,male,45,18734
1950,yi,male,46,18384
1950,yi,male,47,18017
1950,yi,male,48,17878
1950,yi,male,49,17474
1950,yi,male,50,15691
1950,yi,male,51,15293
1950,yi,male,52,14884
1950,yi,male,53,14465
1950,yi,male,54,14037
1950,yi,male,55,13600
1950,yi,male,56,13155
1950,yi,male,57,12703
1950,yi,male,58,12243
1950,yi,male,59,11777
1950,yi,male,60,11305
1950,yi,male,61,10828
1950,yi,male,62,10345
1950,yi,male,63,9857
1950,yi,male,64,9365.1
1950,yi,male,65,8924.3
1950,yi,male,66,8475.2
1950,yi,male,67,8018.5
1950,yi,male,68,7641.2
1950,yi,male,69,7162.4
1950,yi,male,70,6680.6
1950,yi,male,71,6197.6
1950,yi,male,72,5715.5
1950,yi,male,73,5236.6
1950,yi,male,74,5178
1950,yi,male,75,4673.6
1950,yi,male,76,4182.1
1950,yi,male,77,3707
1950,yi,male,78,3251.9
1950,yi,male,79,2820.4
1950,yi,male,80,2415.6
1950,yi,male,81,2040.7
1950,yi,male,82,1698.1
1950,yi,male,83,1382.5
1950,yi,male,84,1105.3
1950,yi,male,85,866.14
1950,yi,male,86,664.03
1950,yi,male,87,496.99
1950,yi,male,88,362.28
1950,yi,male,89,256.56
1950,yi,male,90,176.01
1950,yi,male,91,116.62
1950,yi,male,92,74.383
1950,yi,male,93,45.502
1950,yi,male,94,26.59
1950,yi,male,95,14.779
1950,yi,male,96,7.7765
1950,yi,male,97,3.8536
1950,yi,male,98,1.7884
1950,yi,male,99,0.77255
1950,yi,female,0,17793
1950,yi,female,1,15985
1950,yi,female,2,15745
1950,yi,female,3,15442
1950,yi,female,4,14541
1950,yi,female,5,14152
1950,yi,female,6,13608
1950,yi,female,7,13709
1950,yi,female,8,13504
1950,yi,female,9,13503
1950,yi,female,10,13637
1950,yi,female,11,13902
1950,yi,female,12,14179
1950,yi,female,13,14217
1950,yi,female,14,15029
1950,yi,female,15,14713
1950,yi,female,16,15154
1950,yi,female,17,15338
1950,yi,female,18,22559
1950,yi,female,19,22293
1950,yi,female,20,22022
1950,yi,female,21,23137
1950,yi,female,22,24012
1950,yi,female,23,24667
1950,yi,female,24,25135
1950,yi,female,25,25237
1950,yi,female,26,25447
1950,yi,female,27,25581
1950,yi,female,28,25657
1950,yi,female,29,22194
1950,yi,female,30,18805
1950,yi,female,31,13965
1950,yi,female,32,12376
1950,yi,female,33,12306
1950,yi,female,34,16509
1950,yi,female,35,22005
1950,yi,female,36,21470
1950,yi,female,37,20962
1950,yi,female,38,20497
1950,yi,female,39,20090
1950,yi,female,40,19741
1950,yi,female,41,19434
1950,yi,female,42,19149
1950,yi,female,43,18871
1950,yi,female,44,18588
1950,yi,female,45,18294
1950,yi,female,46,17985
1950,yi,female,47,17662
1950,yi,female,48,17564
1950,yi,female,49,17208
1950,yi,female,50,16840
1950,yi,female,51,16461
1950,yi,female,52,16071
1950,yi,female,53,15673
1950,yi,female,54,15266
1950,yi,female,55,14851
1950,yi,female,56,14430
1950,yi,female,57,14003
1950,yi,female,58,13569
1950,yi,female,59,13130
1950,yi,female,60,12686
1950,yi,female,61,12237
1950,yi,female,62,11782
1950,yi,female,63,11323
1950,yi,female,64,10859
1950,yi,female,65,10455
1950,yi,female,66,10041
1950,yi,female,67,9618.5
1950,yi,female,68,9290.7
1950,yi,female,69,8839.4
1950,yi,female,70,8380.7
1950,yi,female,71,7915.6
1950,yi,female,72,7445.2
1950,yi,female,73,6970.7
1950,yi,female,74,6493.8
1950,yi,female,75,6016.3
1950,yi,female,76,5540.2
1950,yi,female,77,5067.9
1950,yi,female,78,4602.1
1950,yi,female,79,4145.7
1950,yi,female,80,3701.8
1950,yi,female,81,3273.6
1950,yi,female,82,2864.4
1950,yi,female,83,2464.4
1950,yi,female,84,2093.2
1950,yi,female,85,1753.1
1950,yi,female,86,1445.8
1950,yi,female,87,1172.3
1950,yi,female,88,933
1950,yi,female,89,727.55
1950,yi,female,90,554.76
1950,yi,female,91,412.73
1950,yi,female,92,298.89
1950,yi,female,93,210.14
1950,yi,female,94,143.03
1950,yi,female,95,93.944
1950,yi,female,96,59.347
1950,yi,female,97,35.923
1950,yi,female,98,20.751
1950,yi,female,99,11.389
1950,yi,female,100,11.77
1950,de,male,0,7694.4
1950,de,male,1,6931.5
1950,de,male,2,6900.7
1950,de,male,3,6837.1
1950,de,male,4,6478.9
1950,de,male,5,6343.1
1950,de,male,6,6126.1
1950,de,male,7,6197.5
1950,de,male,8,6128.2
1950,de,male,9,6151.9
1950,de,male,10,6253.6
1950,de,male,11,6424.2
1950,de,male,12,6613
1950,de,male,13,6697.3
1950,de,male,14,7158.8
1950,de,male,15,7090.1
1950,de,male,16,7400.7
1950,de,male,17,7603.8
1950,de,male,18,7919
1950,de,male,19,7836.5
1950,de,male,20,7746.7
1950,de,male,21,7981.4
1950,de,male,22,8152.2
1950,de,male,23,8264.4
1950,de,male,24,8327.5
1950,de,male,25,8339.3
1950,de,male,26,8335
1950,de,male,27,8307.2
1950,de,male,28,8260.5
1950,de,male,29,7552
1950,de,male,30,6467.4
1950,de,male,31,4650.3
1950,de,male,32,4162
1950,de,male,33,4165.7
1950,de,male,34,5362.4
1950,de,male,35,6839.1
1950,de,male,36,6594.4
1950,de,male,37,6358.8
1950,de,male,38,6157.5
1950,de,male,39,5999
1950,de,male,40,5870.5
1950,de,male,41,5774.5
1950,de,male,42,5698.2
1950,de,male,43,5630.3
1950,de,male,44,5563
1950,de,male,45,5491.2
1950,de,male,46,5412.6
1950,de,male,47,5326
1950,de,male,48,5242.7
1950,de,male,49,5140.1
1950,de,male,50,4627.8
1950,de,male,51,4520.8
1950,de,male,52,4408.3
1950,de,male,53,4290.8
1950,de,male,54,4169
1950,de,male,55,4043.3
1950,de,male,56,3914
1950,de,male,57,3781.5
1950,de,male,58,3646.1
1950,de,male,59,3508
1950,de,male,60,3367.7
1950,de,male,61,3225.2
1950,de,male,62,3080.8
1950,de,male,63,2934.7
1950,de,male,64,2787.3
1950,de,male,65,2641.6
1950,de,male,66,2494.8
1950,de,male,67,2347.1
1950,de,male,68,2203.1
1950,de,male,69,2054.4
1950,de,male,70,1906.2
1950,de,male,71,1759.1
1950,de,male,72,1613.6
1950,de,male,73,1470.5
1950,de,male,74,1446.2
1950,de,male,75,1298.2
1950,de,male,76,1155.4
1950,de,male,77,1018.5
1950,de,male,78,888.58
1950,de,male,79,766.4
1950,de,male,80,652.77
1950,de,male,81,548.39
1950,de,male,82,453.78
1950,de,male,83,369.01
1950,de,male,84,294.67
1950,de,male,85,230.65
1950,de,male,86,176.62
1950,de,male,87,132.03
1950,de,male,88,96.129
1950,de,male,89,67.991
1950,de,male,90,46.587
1950,de,male,91,30.828
1950,de,male,92,19.636
1950,de,male,93,11.995
1950,de,male,94,6.9989
1950,de,male,95,3.8838
1950,de,male,96,2.0399
1950,de,male,97,1.0088
1950,de,female,0,7292.9
1950,de,female,1,6612.4
1950,de,female,2,6595.7
1950,de,female,3,6539.6
1950,de,female,4,6199.1
1950,de,female,5,6069.2
1950,de,female,6,5860.6
1950,de,female,7,5928.6
1950,de,female,8,5862.5
1950,de,female,9,5884.8
1950,de,female,10,5982.2
1950,de,female,11,6145.8
1950,de,female,12,6326.5
1950,de,female,13,6406.9
1950,de,female,14,6848.2
1950,de,female,15,6781.7
1950,de,female,16,7077.5
1950,de,female,17,7271.5
1950,de,female,18,7573.7
1950,de,female,19,7495.7
1950,de,female,20,7412.6
1950,de,female,21,7640.8
1950,de,female,22,7808.2
1950,de,female,23,7919.7
1950,de,female,24,7984.6
1950,de,female,25,7996.6
1950,de,female,26,7997.3
1950,de,female,27,7976.2
1950,de,female,28,7937.4
1950,de,female,29,7261.6
1950,de,female,30,6224.4
1950,de,female,31,4481
1950,de,female,32,4015.4
1950,de,female,33,4017.3
1950,de,female,34,5176.5
1950,de,female,35,6609.2
1950,de,female,36,6379.2
1950,de,female,37,6157.9
1950,de,female,38,5961.2
1950,de,female,39,5802.9
1950,de,female,40,5685
1950,de,female,41,5598.9
1950,de,female,42,5532.2
1950,de,female,43,5474.2
1950,de,female,44,5417.2
1950,de,female,45,5356.4
1950,de,female,46,5289.5
1950,de,female,47,5215.4
1950,de,female,48,5145.1
1950,de,female,49,5056.5
1950,de,female,50,4961.5
1950,de,female,51,4860.6
1950,de,female,52,4754.4
1950,de,female,53,4643.6
1950,de,female,54,4528.7
1950,de,female,55,4410.1
1950,de,female,56,4288.2
1950,de,female,57,4163.4
1950,de,female,58,4035.9
1950,de,female,59,3906.1
1950,de,female,60,3774
1950,de,female,61,3640
1950,de,female,62,3504.1
1950,de,female,63,3366.6
1950,de,female,64,3227.4
1950,de,female,65,3090.3
1950,de,female,66,2951.6
1950,de,female,67,2811.4
1950,de,female,68,2674.9
1950,de,female,69,2531.7
1950,de,female,70,2387.8
1950,de,female,71,2243.4
1950,de,female,72,2098.8
1950,de,female,73,1954.5
1950,de,female,74,1811
1950,de,female,75,1668.7
1950,de,female,76,1528.2
1950,de,female,77,1390.3
1950,de,female,78,1255.6
1950,de,female,79,1124.8
1950,de,female,80,998.81
1950,de,female,81,878.38
1950,de,female,82,764.28
1950,de,female,83,656.76
1950,de,female,84,557.18
1950,de,female,85,466.09
1950,de,female,86,383.92
1950,de,female,87,310.91
1950,de,female,88,247.15
1950,de,female,89,192.49
1950,de,female,90,146.59
1950,de,female,91,108.92
1950,de,female,92,78.779
1950,de,female,93,55.314
1950,de,female,94,37.598
1950,de,female,95,24.662
1950,de,female,96,15.557
1950,de,female,97,9.4028
1950,de,female,98,5.4229
1950,de,female,99,2.971
1950,de,female,100,3.06
1950,ru,male,0,3273.8
1950,ru,male,1,2848.6
1950,ru,male,2,2775.4
1950,ru,male,3,2710.6
1950,ru,male,4,2553.1
1950,ru,male,5,2490.3
1950,ru,male,6,2405.4
1950,ru,male,7,2439
1950,ru,male,8,2416.5
1950,ru,male,9,2427.9
1950,ru,male,10,2455.6
1950,ru,male,11,2493.7
1950,ru,male,12,2524.8
1950,ru,male,13,2506.3
1950,ru,male,14,2622.4
1950,ru,male,15,2540.9
1950,ru,male,16,2591.2
1950,ru,male,17,2596.2
1950,ru,male,18,2714.3
1950,ru,male,19,2650
1950,ru,male,20,2589.2
1950,ru,male,21,2562.2
1950,ru,male,22,2529.5
1950,ru,male,23,2492.2
1950,ru,male,24,2452
1950,ru,male,25,2408.1
1950,ru,male,26,2366.8
1950,ru,male,27,2326.1
1950,ru,male,28,2286.4
1950,ru,male,29,1912.6
1950,ru,male,30,1593.5
1950,ru,male,31,1186.6
1950,ru,male,32,1053
1950,ru,male,33,1066
1950,ru,male,34,1439.6
1950,ru,male,35,1949.6
1950,ru,male,36,1901.8
1950,ru,male,37,1854.6
1950,ru,male,38,1812.7
1950,ru,male,39,1773.3
1950,ru,male,40,1728.8
1950,ru,male,41,1684.9
1950,ru,male,42,1641.6
1950,ru,male,43,1598.6
1950,ru,male,44,1555.8
1950,ru,male,45,1513.2
1950,ru,male,46,1470.8
1950,ru,male,47,1428.5
1950,ru,male,48,1389.4
1950,ru,male,49,1347.3
1950,ru,male,50,1200.8
1950,ru,male,51,1162.2
1950,ru,male,52,1123.7
1950,ru,male,53,1085.2
1950,ru,male,54,1046.8
1950,ru,male,55,1008.3
1950,ru,male,56,969.89
1950,ru,male,57,931.44
1950,ru,male,58,892.96
1950,ru,male,59,854.45
1950,ru,male,60,815.9
1950,ru,male,61,777.31
1950,ru,male,62,738.7
1950,ru,male,63,700.08
1950,ru,male,64,661.48
1950,ru,male,65,623.63
1950,ru,male,66,585.81
1950,ru,male,67,548.09
1950,ru,male,68,511.43
1950,ru,male,69,474.05
1950,ru,male,70,437.09
1950,ru,male,71,400.66
1950,ru,male,72,364.94
1950,ru,male,73,330.07
1950,ru,male,74,322
1950,ru,male,75,286.56
1950,ru,male,76,252.66
1950,ru,male,77,220.5
1950,ru,male,78,190.29
1950,ru,male,79,162.2
1950,ru,male,80,136.4
1950,ru,male,81,113.01
1950,ru,male,82,92.111
1950,ru,male,83,73.69
1950,ru,male,84,57.805
1950,ru,male,85,44.376
1950,ru,male,86,33.269
1950,ru,male,87,24.303
1950,ru,male,88,17.254
1950,ru,male,89,11.873
1950,ru,male,90,7.8951
1950,ru,male,91,5.0564
1950,ru,male,92,3.1079
1950,ru,male,93,1.8261
1950,ru,male,94,1.0213
1950,ru,male,95,0.54121
1950,ru,female,0,3107.4
1950,ru,female,1,2727.5
1950,ru,female,2,2664.7
1950,ru,female,3,2605.4
1950,ru,female,4,2455.5
1950,ru,female,5,2395.5
1950,ru,female,6,2313.7
1950,ru,female,7,2346
1950,ru,female,8,2324.5
1950,ru,female,9,2335.6
1950,ru,female,10,2362.5
1950,ru,female,11,2399.7
1950,ru,female,12,2429.9
1950,ru,female,13,2412.1
1950,ru,female,14,2524.1
1950,ru,female,15,2445.6
1950,ru,female,16,2493.6
1950,ru,female,17,2498.5
1950,ru,female,18,2612.6
1950,ru,female,19,2551.4
1950,ru,female,20,2494
1950,ru,female,21,2469.4
1950,ru,female,22,2439.4
1950,ru,female,23,2404.9
1950,ru,female,24,2367.6
1950,ru,female,25,2326.1
1950,ru,female,26,2288
1950,ru,female,27,2250.8
1950,ru,female,28,2214.6
1950,ru,female,29,1854.7
1950,ru,female,30,1547.4
1950,ru,female,31,1154.1
1950,ru,female,32,1026
1950,ru,female,33,1038.6
1950,ru,female,34,1404.2
1950,ru,female,35,1904
1950,ru,female,36,1859.7
1950,ru,female,37,1816
1950,ru,female,38,1773.1
1950,ru,female,39,1731.1
1950,ru,female,40,1689.9
1950,ru,female,41,1649.3
1950,ru,female,42,1609.4
1950,ru,female,43,1569.8
1950,ru,female,44,1530.5
1950,ru,female,45,1491.5
1950,ru,female,46,1452.7
1950,ru,female,47,1414.2
1950,ru,female,48,1378.9
1950,ru,female,49,1340.7
1950,ru,female,50,1302.7
1950,ru,female,51,1264.8
1950,ru,female,52,1227.2
1950,ru,female,53,1189.6
1950,ru,female,54,1152.3
1950,ru,female,55,1115
1950,ru,female,56,1077.8
1950,ru,female,57,1040.7
1950,ru,female,58,1003.6
1950,ru,female,59,966.57
1950,ru,female,60,929.52
1950,ru,female,61,892.46
1950,ru,female,62,855.37
1950,ru,female,63,818.24
1950,ru,female,64,781.08
1950,ru,female,65,744.68
1950,ru,female,66,708.16
1950,ru,female,67,671.55
1950,ru,female,68,635.96
1950,ru,female,69,599.12
1950,ru,female,70,562.32
1950,ru,female,71,525.64
1950,ru,female,72,489.14
1950,ru,female,73,452.95
1950,ru,female,74,417.16
1950,ru,female,75,381.93
1950,ru,female,76,347.39
1950,ru,female,77,313.72
1950,ru,female,78,281.08
1950,ru,female,79,249.67
1950,ru,female,80,219.66
1950,ru,female,81,191.25
1950,ru,female,82,164.62
1950,ru,female,83,139.81
1950,ru,female,84,117.11
1950,ru,female,85,96.616
1950,ru,female,86,78.389
1950,ru,female,87,62.446
1950,ru,female,88,48.755
1950,ru,female,89,37.234
1950,ru,female,90,27.756
1950,ru,female,91,20.148
1950,ru,female,92,14.205
1950,ru,female,93,9.7001
1950,ru,female,94,6.3959
1950,ru,female,95,4.0584
1950,ru,female,96,2.4691
1950,ru,female,97,1.4346
1950,ru,female,98,0.79251
1950,lt,male,0,27513
1950,lt,male,1,24559
1950,lt,male,2,24284
1950,lt,male,3,23914
1950,lt,male,4,22644
1950,lt,male,5,22132
1950,lt,male,6,21401
1950,lt,male,7,21735
1950,lt,male,8,21599
1950,lt,male,9,21827
1950,lt,male,10,22253
1950,lt,male,11,22818
1950,lt,male,12,23340
1950,lt,male,13,23387
1950,lt,male,14,24681
1950,lt,male,15,24128
1950,lt,male,16,24784
1950,lt,male,17,25007
1950,lt,male,18,24286
1950,lt,male,19,23867
1950,lt,male,20,23438
1950,lt,male,21,23537
1950,lt,male,22,23521
1950,lt,male,23,23411
1950,lt,male,24,23234
1950,lt,male,25,23023
1950,lt,male,26,22785
1950,lt,male,27,22539
1950,lt,male,28,22294
1950,lt,male,29,18849
1950,lt,male,30,15818
1950,lt,male,31,11764
1950,lt,male,32,10457
1950,lt,male,33,10634
1950,lt,male,34,14350
1950,lt,male,35,19413
1950,lt,male,36,18968
1950,lt,male,37,18527
1950,lt,male,38,18079
1950,lt,male,39,17633
1950,lt,male,40,17215
1950,lt,male,41,16803
1950,lt,male,42,16396
1950,lt,male,43,15989
1950,lt,male,44,15583
1950,lt,male,45,15176
1950,lt,male,46,14769
1950,lt,male,47,14361
1950,lt,male,48,13940
1950,lt,male,49,13531
1950,lt,male,50,12072
1950,lt,male,51,11695
1950,lt,male,52,11317
1950,lt,male,53,10939
1950,lt,male,54,10561
1950,lt,male,55,10183
1950,lt,male,56,9804.3
1950,lt,male,57,9425.1
1950,lt,male,58,9045.4
1950,lt,male,59,8665.1
1950,lt,male,60,8284.3
1950,lt,male,61,7902.9
1950,lt,male,62,7521.2
1950,lt,male,63,7139.2
1950,lt,male,64,6757.3
1950,lt,male,65,6372.6
1950,lt,male,66,5989.1
1950,lt,male,67,5607.5
1950,lt,male,68,5224.5
1950,lt,male,69,4849.4
1950,lt,male,70,4478.8
1950,lt,male,71,4113.8
1950,lt,male,72,3755.8
1950,lt,male,73,3406.2
1950,lt,male,74,3333.5
1950,lt,male,75,2977.3
1950,lt,male,76,2635.9
1950,lt,male,77,2311.1
1950,lt,male,78,2005
1950,lt,male,79,1719.1
1950,lt,male,80,1455.3
1950,lt,male,81,1214.6
1950,lt,male,82,998.22
1950,lt,male,83,806.82
1950,lt,male,84,640.04
1950,lt,male,85,497.41
1950,lt,male,86,377.95
1950,lt,male,87,280.15
1950,lt,male,88,202.09
1950,lt,male,89,141.49
1950,lt,male,90,95.874
1950,lt,male,91,62.669
1950,lt,male,92,39.38
1950,lt,male,93,23.698
1950,lt,male,94,13.601
1950,lt,male,95,7.4106
1950,lt,male,96,3.8145
1950,lt,male,97,1.8452
1950,lt,male,98,0.83427
1950,lt,female,0,26088
1950,lt,female,1,23451
1950,lt,female,2,23237
1950,lt,female,3,22897
1950,lt,female,4,21688
1950,lt,female,5,21197
1950,lt,female,6,20493
1950,lt,female,7,20810
1950,lt,female,8,20680
1950,lt,female,9,20895
1950,lt,female,10,21302
1950,lt,female,11,21842
1950,lt,female,12,22340
1950,lt,female,13,22384
1950,lt,female,14,23619
1950,lt,female,15,23087
1950,lt,female,16,23709
1950,lt,female,17,23920
1950,lt,female,18,23232
1950,lt,female,19,22833
1950,lt,female,20,22428
1950,lt,female,21,22528
1950,lt,female,22,22521
1950,lt,female,23,22422
1950,lt,female,24,22260
1950,lt,female,25,22067
1950,lt,female,26,21846
1950,lt,female,27,21617
1950,lt,female,28,21389
1950,lt,female,29,18089
1950,lt,female,30,15184
1950,lt,female,31,11296
1950,lt,female,32,10044
1950,lt,female,33,10224
1950,lt,female,34,13806
1950,lt,female,35,18689
1950,lt,female,36,18274
1950,lt,female,37,17864
1950,lt,female,38,17461
1950,lt,female,39,17067
1950,lt,female,40,16682
1950,lt,female,41,16304
1950,lt,female,42,15930
1950,lt,female,43,15558
1950,lt,female,44,15187
1950,lt,female,45,14816
1950,lt,female,46,14445
1950,lt,female,47,14075
1950,lt,female,48,13694
1950,lt,female,49,13325
1950,lt,female,50,12956
1950,lt,female,51,12588
1950,lt,female,52,12220
1950,lt,female,53,11854
1950,lt,female,54,11488
1950,lt,female,55,11123
1950,lt,female,56,10758
1950,lt,female,57,10394
1950,lt,female,58,10030
1950,lt,female,59,9666.4
1950,lt,female,60,9302.7
1950,lt,female,61,8938.9
1950,lt,female,62,8574.9
1950,lt,female,63,8210.5
1950,lt,female,64,7845.9
1950,lt,female,65,7477.2
1950,lt,female,66,7108.7
1950,lt,female,67,6740.4
1950,lt,female,68,6367.9
1950,lt,female,69,6001.5
1950,lt,female,70,5636.3
1950,lt,female,71,5273
1950,lt,female,72,4912.3
1950,lt,female,73,4555
1950,lt,female,74,4202.1
1950,lt,female,75,3854.9
1950,lt,female,76,3514.6
1950,lt,female,77,3182.6
1950,lt,female,78,2860.7
1950,lt,female,79,2550.3
1950,lt,female,80,2253.2
1950,lt,female,81,1971.1
1950,lt,female,82,1705.7
1950,lt,female,83,1459
1950,lt,female,84,1231.7
1950,lt,female,85,1024.9
1950,lt,female,86,839.48
1950,lt,female,87,675.7
1950,lt,female,88,533.57
1950,lt,female,89,412.58
1950,lt,female,90,311.75
1950,lt,female,91,229.67
1950,lt,female,92,164.56
1950,lt,female,93,114.37
1950,lt,female,94,76.863
1950,lt,female,95,49.793
1950,lt,female,96,30.982
1950,lt,female,97,18.443
1950,lt,female,98,10.46
1950,lt,female,99,5.6251
1950,lt,female,100,5.5545
1950,csb,male,0,2186.4
1950,csb,male,1,1963.1
1950,csb,male,2,1946.1
1950,csb,male,3,1925.3
1950,csb,male,4,1829.4
1950,csb,male,5,1794.1
1950,csb,male,6,1738.2
1950,csb,male,7,1763.8
1950,csb,male,8,1749.8
1950,csb,male,9,1762.1
1950,csb,male,10,1791.8
1950,csb,male,11,1834
1950,csb,male,12,1873
1950,csb,male,13,1875.6
1950,csb,male,14,1980.6
1950,csb,male,15,1933.3
1950,csb,male,16,1986.6
1950,csb,male,17,2010
1950,csb,male,18,2505
1950,csb,male,19,2447.3
1950,csb,male,20,2391.3
1950,csb,male,21,2376.9
1950,csb,male,22,2355.8
1950,csb,male,23,2328.9
1950,csb,male,24,2297.7
1950,csb,male,25,2258.1
1950,csb,male,26,2222.7
1950,csb,male,27,2186.5
1950,csb,male,28,2150.1
1950,csb,male,29,2050.1
1950,csb,male,30,1765.5
1950,csb,male,31,1252.3
1950,csb,male,32,1140.3
1950,csb,male,33,1141.9
1950,csb,male,34,1447.3
1950,csb,male,35,1809
1950,csb,male,36,1763.4
1950,csb,male,37,1718.7
1950,csb,male,38,1675.5
1950,csb,male,39,1633.5
1950,csb,male,40,1591.8
1950,csb,male,41,1550.7
1950,csb,male,42,1510.3
1950,csb,male,43,1470.2
1950,csb,male,44,1430.4
1950,csb,male,45,1390.9
1950,csb,male,46,1351.6
1950,csb,male,47,1312.4
1950,csb,male,48,1280.8
1950,csb,male,49,1241.8
1950,csb,male,50,1106.6
1950,csb,male,51,1071
1950,csb,male,52,1035.5
1950,csb,male,53,1000.1
1950,csb,male,54,964.76
1950,csb,male,55,929.52
1950,csb,male,56,894.34
1950,csb,male,57,859.2
1950,csb,male,58,824.1
1950,csb,male,59,789.03
1950,csb,male,60,753.97
1950,csb,male,61,718.93
1950,csb,male,62,683.91
1950,csb,male,63,648.92
1950,csb,male,64,613.98
1950,csb,male,65,580.86
1950,csb,male,66,547.65
1950,csb,male,67,514.42
1950,csb,male,68,484.01
1950,csb,male,69,450.57
1950,csb,male,70,417.36
1950,csb,male,71,384.49
1950,csb,male,72,352.1
1950,csb,male,73,320.32
1950,csb,male,74,314.47
1950,csb,male,75,281.78
1950,csb,male,76,250.3
1950,csb,male,77,220.2
1950,csb,male,78,191.69
1950,csb,male,79,164.94
1950,csb,male,80,140.13
1950,csb,male,81,117.4
1950,csb,male,82,96.853
1950,csb,male,83,78.358
1950,csb,male,84,62.227
1950,csb,male,85,48.419
1950,csb,male,86,36.839
1950,csb,male,87,27.347
1950,csb,male,88,19.759
1950,csb,male,89,13.859
1950,csb,male,90,9.4083
1950,csb,male,91,6.1624
1950,csb,male,92,3.8808
1950,csb,male,93,2.3407
1950,csb,male,94,1.3466
1950,csb,male,95,0.73544
1950,csb,female,0,2072.6
1950,csb,female,1,1873.3
1950,csb,female,2,1860.8
1950,csb,female,3,1842.1
1950,csb,female,4,1750.9
1950,csb,female,5,1717.1
1950,csb,female,6,1663.3
1950,csb,female,7,1687.7
1950,csb,female,8,1674.3
1950,csb,female,9,1685.9
1950,csb,female,10,1714.2
1950,csb,female,11,1754.6
1950,csb,female,12,1791.9
1950,csb,female,13,1794.6
1950,csb,female,14,1895
1950,csb,female,15,1849.7
1950,csb,female,16,1900.6
1950,csb,female,17,1922.9
1950,csb,female,18,2396.3
1950,csb,female,19,2341.4
1950,csb,female,20,2288.7
1950,csb,female,21,2276.2
1950,csb,female,22,2257.3
1950,csb,female,23,2232.8
1950,csb,female,24,2204.3
1950,csb,female,25,2166
1950,csb,female,26,2133.4
1950,csb,female,27,2100.2
1950,csb,female,28,2066.9
1950,csb,female,29,1972.8
1950,csb,female,30,1700.9
1950,csb,female,31,1208.3
1950,csb,female,32,1102.1
1950,csb,female,33,1100.3
1950,csb,female,34,1395.7
1950,csb,female,35,1745.9
1950,csb,female,36,1703.4
1950,csb,female,37,1661.8
1950,csb,female,38,1621.3
1950,csb,female,39,1581.7
1950,csb,female,40,1543
1950,csb,female,41,1505.2
1950,csb,female,42,1467.9
1950,csb,female,43,1431
1950,csb,female,44,1394.5
1950,csb,female,45,1358.3
1950,csb,female,46,1322.4
1950,csb,female,47,1286.7
1950,csb,female,48,1258.5
1950,csb,female,49,1223.1
1950,csb,female,50,1188
1950,csb,female,51,1153.1
1950,csb,female,52,1118.4
1950,csb,female,53,1083.9
1950,csb,female,54,1049.6
1950,csb,female,55,1015.5
1950,csb,female,56,981.5
1950,csb,female,57,947.65
1950,csb,female,58,913.91
1950,csb,female,59,880.26
1950,csb,female,60,846.68
1950,csb,female,61,813.16
1950,csb,female,62,779.67
1950,csb,female,63,746.21
1950,csb,female,64,712.78
1950,csb,female,65,681.38
1950,csb,female,66,649.82
1950,csb,female,67,618.09
1950,csb,female,68,589.62
1950,csb,female,69,557.24
1950,csb,female,70,524.81
1950,csb,female,71,492.39
1950,csb,female,72,460.03
1950,csb,female,73,427.83
1950,csb,female,74,395.87
1950,csb,female,75,364.26
1950,csb,female,76,333.13
1950,csb,female,77,302.62
1950,csb,female,78,272.87
1950,csb,female,79,244.06
1950,csb,female,80,216.34
1950,csb,female,81,189.9
1950,csb,female,82,164.91
1950,csb,female,83,141.14
1950,csb,female,84,119.24
1950,csb,female,85,99.303
1950,csb,female,86,81.407
1950,csb,female,87,65.593
1950,csb,female,88,51.856
1950,csb,female,89,40.149
1950,csb,female,90,30.38
1950,csb,female,91,22.416
1950,csb,female,92,16.089
1950,csb,female,93,11.202
1950,csb,female,94,7.5436
1950,csb,female,95,4.8973
1950,csb,female,96,3.0541
1950,csb,female,97,1.8224
1950,csb,female,98,1.0361
1950,csb,female,99,0.55857
1950,csb,female,100,0.55364
1950,rue,male,0,1534.4
1950,rue,male,1,1360.2
1950,rue,male,2,1345.1
1950,rue,male,3,1329.4
1950,rue,male,4,1263.2
1950,rue,male,5,1240.3
1950,rue,male,6,1204.4
1950,rue,male,7,1226.6
1950,rue,male,8,1219.6
1950,rue,male,9,1230.1
1950,rue,male,10,1249.5
1950,rue,male,11,1274.8
1950,rue,male,12,1296.1
1950,rue,male,13,1291
1950,rue,male,14,1355
1950,rue,male,15,1317.3
1950,rue,male,16,1348.5
1950,rue,male,17,1356.7
1950,rue,male,18,1388
1950,rue,male,19,1360.9
1950,rue,male,20,1334.9
1950,rue,male,21,1335.1
1950,rue,male,22,1330.3
1950,rue,male,23,1321.3
1950,rue,male,24,1309.2
1950,rue,male,25,1294.7
1950,rue,male,26,1280
1950,rue,male,27,1264.8
1950,rue,male,28,1249.6
1950,rue,male,29,1135.7
1950,rue,male,30,951.21
1950,rue,male,31,714.55
1950,rue,male,32,640.29
1950,rue,male,33,658.82
1950,rue,male,34,865.63
1950,rue,male,35,1084.2
1950,rue,male,36,1058.9
1950,rue,male,37,1033.9
1950,rue,male,38,1012.2
1950,rue,male,39,991.99
1950,rue,male,40,968.44
1950,rue,male,41,945.19
1950,rue,male,42,922.14
1950,rue,male,43,899.2
1950,rue,male,44,876.29
1950,rue,male,45,853.39
1950,rue,male,46,830.48
1950,rue,male,47,807.55
1950,rue,male,48,785.49
1950,rue,male,49,762.5
1950,rue,male,50,680.33
1950,rue,male,51,659.14
1950,rue,male,52,637.92
1950,rue,male,53,616.67
1950,rue,male,54,595.38
1950,rue,male,55,574.04
1950,rue,male,56,552.66
1950,rue,male,57,531.21
1950,rue,male,58,509.71
1950,rue,male,59,488.14
1950,rue,male,60,466.5
1950,rue,male,61,444.8
1950,rue,male,62,423.04
1950,rue,male,63,401.25
1950,rue,male,64,379.42
1950,rue,male,65,357.79
1950,rue,male,66,336.16
1950,rue,male,67,314.57
1950,rue,male,68,293.33
1950,rue,male,69,271.95
1950,rue,male,70,250.8
1950,rue,male,71,229.94
1950,rue,male,72,209.47
1950,rue,male,73,189.49
1950,rue,male,74,184.87
1950,rue,male,75,164.54
1950,rue,male,76,145.08
1950,rue,male,77,126.61
1950,rue,male,78,109.25
1950,rue,male,79,93.111
1950,rue,male,80,78.28
1950,rue,male,81,64.833
1950,rue,male,82,52.819
1950,rue,male,83,42.245
1950,rue,male,84,33.124
1950,rue,male,85,25.411
1950,rue,male,86,19.033
1950,rue,male,87,13.885
1950,rue,male,88,9.8411
1950,rue,male,89,6.7569
1950,rue,male,90,4.4804
1950,rue,male,91,2.8594
1950,rue,male,92,1.7498
1950,rue,male,93,1.0226
1950,rue,male,94,0.56812
1950,rue,female,0,1456
1950,rue,female,1,1301.5
1950,rue,female,2,1290.4
1950,rue,female,3,1276.7
1950,rue,female,4,1213.9
1950,rue,female,5,1192.1
1950,rue,female,6,1157.5
1950,rue,female,7,1178.8
1950,rue,female,8,1172.1
1950,rue,female,9,1182.1
1950,rue,female,10,1200.8
1950,rue,female,11,1225.3
1950,rue,female,12,1246
1950,rue,female,13,1241.2
1950,rue,female,14,1302.9
1950,rue,female,15,1266.6
1950,rue,female,16,1296.5
1950,rue,female,17,1304.3
1950,rue,female,18,1334.6
1950,rue,female,19,1308.8
1950,rue,female,20,1284.4
1950,rue,female,21,1285.3
1950,rue,female,22,1281.5
1950,rue,female,23,1273.5
1950,rue,female,24,1262.6
1950,rue,female,25,1249.5
1950,rue,female,26,1236.2
1950,rue,female,27,1222.7
1950,rue,female,28,1209.2
1950,rue,female,29,1100.4
1950,rue,female,30,922.93
1950,rue,female,31,694.44
1950,rue,female,32,623.47
1950,rue,female,33,641.83
1950,rue,female,34,844.33
1950,rue,female,35,1058.8
1950,rue,female,36,1035.5
1950,rue,female,37,1012.5
1950,rue,female,38,989.9
1950,rue,female,39,967.74
1950,rue,female,40,946
1950,rue,female,41,924.6
1950,rue,female,42,903.43
1950,rue,female,43,882.4
1950,rue,female,44,861.45
1950,rue,female,45,840.56
1950,rue,female,46,819.71
1950,rue,female,47,798.89
1950,rue,female,48,778.99
1950,rue,female,49,758.22
1950,rue,female,50,737.49
1950,rue,female,51,716.8
1950,rue,female,52,696.13
1950,rue,female,53,675.5
1950,rue,female,54,654.88
1950,rue,female,55,634.28
1950,rue,female,56,613.67
1950,rue,female,57,593.06
1950,rue,female,58,572.43
1950,rue,female,59,551.76
1950,rue,female,60,531.06
1950,rue,female,61,510.3
1950,rue,female,62,489.49
1950,rue,female,63,468.62
1950,rue,female,64,447.69
1950,rue,female,65,426.93
1950,rue,female,66,406.09
1950,rue,female,67,385.18
1950,rue,female,68,364.53
1950,rue,female,69,343.5
1950,rue,female,70,322.49
1950,rue,female,71,301.52
1950,rue,female,72,280.66
1950,rue,female,73,259.95
1950,rue,female,74,239.46
1950,rue,female,75,219.28
1950,rue,female,76,199.49
1950,rue,female,77,180.18
1950,rue,female,78,161.46
1950,rue,female,79,143.43
1950,rue,female,80,126.2
1950,rue,female,81,109.88
1950,rue,female,82,94.572
1950,rue,female,83,80.343
1950,rue,female,84,67.31
1950,rue,female,85,55.535
1950,rue,female,86,45.055
1950,rue,female,87,35.883
1950,rue,female,88,28.004
1950,rue,female,89,21.373
1950,rue,female,90,15.917
1950,rue,female,91,11.539
1950,rue,female,92,8.122
1950,rue,female,93,5.5341
1950,rue,female,94,3.6388
1950,rue,female,95,2.3009
1950,rue,female,96,1.3937
1950,rue,female,97,0.80537
1950,cs,male,0,567.4
1950,cs,male,1,486.49
1950,cs,male,2,470.14
1950,cs,male,3,456.82
1950,cs,male,4,428.88
1950,cs,male,5,417.8
1950,cs,male,6,403.72
1950,cs,male,7,409.63
1950,cs,male,8,405.58
1950,cs,male,9,406.6
1950,cs,male,10,409.91
1950,cs,male,11,414.79
1950,cs,male,12,418.74
1950,cs,male,13,414.39
1950,cs,male,14,432.33
1950,cs,male,15,417.8
1950,cs,male,16,425.25
1950,cs,male,17,425.35
1950,cs,male,18,446.8
1950,cs,male,19,434.12
1950,cs,male,20,421.96
1950,cs,male,21,409.46
1950,cs,male,22,396.62
1950,cs,male,23,383.65
1950,cs,male,24,370.88
1950,cs,male,25,357.73
1950,cs,male,26,346.2
1950,cs,male,27,335.44
1950,cs,male,28,325.47
1950,cs,male,29,268.82
1950,cs,male,30,221.57
1950,cs,male,31,164.89
1950,cs,male,32,146.16
1950,cs,male,33,147.8
1950,cs,male,34,199.64
1950,cs,male,35,270.47
1950,cs,male,36,263.76
1950,cs,male,37,257.17
1950,cs,male,38,251.41
1950,cs,male,39,246.06
1950,cs,male,40,239.91
1950,cs,male,41,233.86
1950,cs,male,42,227.87
1950,cs,male,43,221.93
1950,cs,male,44,216.01
1950,cs,male,45,210.09
1950,cs,male,46,204.18
1950,cs,male,47,198.27
1950,cs,male,48,192.92
1950,cs,male,49,186.99
1950,cs,male,50,166.58
1950,cs,male,51,161.12
1950,cs,male,52,155.67
1950,cs,male,53,150.21
1950,cs,male,54,144.76
1950,cs,male,55,139.3
1950,cs,male,56,133.84
1950,cs,male,57,128.38
1950,cs,male,58,122.91
1950,cs,male,59,117.44
1950,cs,male,60,111.96
1950,cs,male,61,106.49
1950,cs,male,62,101.01
1950,cs,male,63,95.539
1950,cs,male,64,90.077
1950,cs,male,65,84.736
1950,cs,male,66,79.406
1950,cs,male,67,74.098
1950,cs,male,68,68.963
1950,cs,male,69,63.72
1950,cs,male,70,58.548
1950,cs,male,71,53.468
1950,cs,male,72,48.5
1950,cs,male,73,43.67
1950,cs,male,74,42.394
1950,cs,male,75,37.526
1950,cs,male,76,32.893
1950,cs,male,77,28.523
1950,cs,male,78,24.443
1950,cs,male,79,20.675
1950,cs,male,80,17.24
1950,cs,male,81,14.152
1950,cs,male,82,11.418
1950,cs,male,83,9.0327
1950,cs,male,84,6.9986
1950,cs,male,85,5.3001
1950,cs,male,86,3.9143
1950,cs,male,87,2.8123
1950,cs,male,88,1.9604
1950,cs,male,89,1.3218
1950,cs,male,90,0.85938
1950,cs,male,91,0.5368
1950,cs,female,0,538.89
1950,cs,female,1,466.58
1950,cs,female,2,452.35
1950,cs,female,3,440.15
1950,cs,female,4,413.58
1950,cs,female,5,403.04
1950,cs,female,6,389.46
1950,cs,female,7,395.19
1950,cs,female,8,391.39
1950,cs,female,9,392.47
1950,cs,female,10,395.82
1950,cs,female,11,400.68
1950,cs,female,12,404.57
1950,cs,female,13,400.42
1950,cs,female,14,417.83
1950,cs,female,15,403.83
1950,cs,female,16,411.02
1950,cs,female,17,411.18
1950,cs,female,18,432.06
1950,cs,female,19,419.93
1950,cs,female,20,408.46
1950,cs,female,21,396.73
1950,cs,female,22,384.65
1950,cs,female,23,372.44
1950,cs,female,24,360.42
1950,cs,female,25,347.72
1950,cs,female,26,336.88
1950,cs,female,27,326.8
1950,cs,female,28,317.51
1950,cs,female,29,262.63
1950,cs,female,30,216.81
1950,cs,female,31,161.63
1950,cs,female,32,143.54
1950,cs,female,33,145.06
1950,cs,female,34,196.19
1950,cs,female,35,266.16
1950,cs,female,36,259.93
1950,cs,female,37,253.81
1950,cs,female,38,247.81
1950,cs,female,39,241.97
1950,cs,female,40,236.26
1950,cs,female,41,230.66
1950,cs,female,42,225.14
1950,cs,female,43,219.67
1950,cs,female,44,214.23
1950,cs,female,45,208.8
1950,cs,female,46,203.39
1950,cs,female,47,198
1950,cs,female,48,193.17
1950,cs,female,49,187.78
1950,cs,female,50,182.4
1950,cs,female,51,177.03
1950,cs,female,52,171.68
1950,cs,female,53,166.34
1950,cs,female,54,161.01
1950,cs,female,55,155.7
1950,cs,female,56,150.39
1950,cs,female,57,145.08
1950,cs,female,58,139.78
1950,cs,female,59,134.48
1950,cs,female,60,129.18
1950,cs,female,61,123.87
1950,cs,female,62,118.57
1950,cs,female,63,113.26
1950,cs,female,64,107.94
1950,cs,female,65,102.76
1950,cs,female,66,97.553
1950,cs,female,67,92.338
1950,cs,female,68,87.293
1950,cs,female,69,82.052
1950,cs,female,70,76.824
1950,cs,female,71,71.62
1950,cs,female,72,66.455
1950,cs,female,73,61.343
1950,cs,female,74,56.303
1950,cs,female,75,51.354
1950,cs,female,76,46.52
1950,cs,female,77,41.823
1950,cs,female,78,37.29
1950,cs,female,79,32.946
1950,cs,female,80,28.818
1950,cs,female,81,24.932
1950,cs,female,82,21.31
1950,cs,female,83,17.96
1950,cs,female,84,14.918
1950,cs,female,85,12.194
1950,cs,female,86,9.7931
1950,cs,female,87,7.7144
1950,cs,female,88,5.9492
1950,cs,female,89,4.482
1950,cs,female,90,3.2912
1950,cs,female,91,2.3496
1950,cs,female,92,1.6264
1950,cs,female,93,1.0882
1950,cs,female,94,0.70148
1950,lv,male,0,178.52
1950,lv,male,1,160.78
1950,lv,male,2,159.85
1950,lv,male,3,158.12
1950,lv,male,4,150.22
1950,lv,male,5,147.26
1950,lv,male,6,142.63
1950,lv,male,7,145.02
1950,lv,male,8,144.34
1950,lv,male,9,146.07
1950,lv,male,10,149.36
1950,lv,male,11,153.86
1950,lv,male,12,158.19
1950,lv,male,13,159.43
1950,lv,male,14,169.3
1950,lv,male,15,166.28
1950,lv,male,16,171.6
1950,lv,male,17,173.87
1950,lv,male,18,180.53
1950,lv,male,19,177.86
1950,lv,male,20,175.16
1950,lv,male,21,178.45
1950,lv,male,22,180.8
1950,lv,male,23,182.29
1950,lv,male,24,183.09
1950,lv,male,25,183.11
1950,lv,male,26,182.99
1950,lv,male,27,182.55
1950,lv,male,28,181.87
1950,lv,male,29,153.82
1950,lv,male,30,129.5
1950,lv,male,31,96.481
1950,lv,male,32,85.605
1950,lv,male,33,86.735
1950,lv,male,34,117.27
1950,lv,male,35,159.01
1950,lv,male,36,155.22
1950,lv,male,37,151.48
1950,lv,male,38,148.03
1950,lv,male,39,144.74
1950,lv,male,40,141.22
1950,lv,male,41,137.74
1950,lv,male,42,134.31
1950,lv,male,43,130.9
1950,lv,male,44,127.51
1950,lv,male,45,124.13
1950,lv,male,46,120.76
1950,lv,male,47,117.39
1950,lv,male,48,114.27
1950,lv,male,49,110.91
1950,lv,male,50,98.955
1950,lv,male,51,95.878
1950,lv,male,52,92.805
1950,lv,male,53,89.736
1950,lv,male,54,86.668
1950,lv,male,55,83.601
1950,lv,male,56,80.533
1950,lv,male,57,77.463
1950,lv,male,58,74.391
1950,lv,male,59,71.315
1950,lv,male,60,68.235
1950,lv,male,61,65.15
1950,lv,male,62,62.061
1950,lv,male,63,58.97
1950,lv,male,64,55.876
1950,lv,male,65,52.835
1950,lv,male,66,49.792
1950,lv,male,67,46.751
1950,lv,male,68,43.786
1950,lv,male,69,40.76
1950,lv,male,70,37.758
1950,lv,male,71,34.789
1950,lv,male,72,31.866
1950,lv,male,73,29
1950,lv,male,74,28.483
1950,lv,male,75,25.536
1950,lv,male,76,22.699
1950,lv,male,77,19.987
1950,lv,male,78,17.417
1950,lv,male,79,15.005
1950,lv,male,80,12.767
1950,lv,male,81,10.713
1950,lv,male,82,8.8552
1950,lv,male,83,7.1941
1950,lv,male,84,5.7388
1950,lv,male,85,4.4871
1950,lv,male,86,3.4319
1950,lv,male,87,2.5621
1950,lv,male,88,1.8625
1950,lv,male,89,1.315
1950,lv,male,90,0.89919
1950,lv,male,91,0.59359
1950,lv,female,0,169.2
1950,lv,female,1,153.35
1950,lv,female,2,152.74
1950,lv,female,3,151.17
1950,lv,female,4,143.65
1950,lv,female,5,140.81
1950,lv,female,6,136.35
1950,lv,female,7,138.62
1950,lv,female,8,137.97
1950,lv,female,9,139.61
1950,lv,female,10,142.75
1950,lv,female,11,147.05
1950,lv,female,12,151.18
1950,lv,female,13,152.36
1950,lv,female,14,161.76
1950,lv,female,15,158.85
1950,lv,female,16,163.88
1950,lv,female,17,166.03
1950,lv,female,18,172.38
1950,lv,female,19,169.85
1950,lv,female,20,167.33
1950,lv,female,21,170.56
1950,lv,female,22,172.89
1950,lv,female,23,174.42
1950,lv,female,24,175.29
1950,lv,female,25,175.33
1950,lv,female,26,175.33
1950,lv,female,27,175.04
1950,lv,female,28,174.52
1950,lv,female,29,147.74
1950,lv,female,30,124.5
1950,lv,female,31,92.86
1950,lv,female,32,82.495
1950,lv,female,33,83.555
1950,lv,female,34,113.07
1950,lv,female,35,153.46
1950,lv,female,36,149.94
1950,lv,female,37,146.48
1950,lv,female,38,143.08
1950,lv,female,39,139.76
1950,lv,female,40,136.51
1950,lv,female,41,133.31
1950,lv,female,42,130.15
1950,lv,female,43,127.03
1950,lv,female,44,123.92
1950,lv,female,45,120.84
1950,lv,female,46,117.77
1950,lv,female,47,114.72
1950,lv,female,48,111.91
1950,lv,female,49,108.88
1950,lv,female,50,105.86
1950,lv,female,51,102.86
1950,lv,female,52,99.87
1950,lv,female,53,96.893
1950,lv,female,54,93.927
1950,lv,female,55,90.971
1950,lv,female,56,88.022
1950,lv,female,57,85.079
1950,lv,female,58,82.141
1950,lv,female,59,79.206
1950,lv,female,60,76.272
1950,lv,female,61,73.338
1950,lv,female,62,70.401
1950,lv,female,63,67.463
1950,lv,female,64,64.52
1950,lv,female,65,61.634
1950,lv,female,66,58.737
1950,lv,female,67,55.832
1950,lv,female,68,53.002
1950,lv,female,69,50.075
1950,lv,female,70,47.148
1950,lv,female,71,44.225
1950,lv,female,72,41.313
1950,lv,female,73,38.417
1950,lv,female,74,35.546
1950,lv,female,75,32.71
1950,lv,female,76,29.919
1950,lv,female,77,27.185
1950,lv,female,78,24.522
1950,lv,female,79,21.944
1950,lv,female,80,19.464
1950,lv,female,81,17.099
1950,lv,female,82,14.863
1950,lv,female,83,12.761
1950,lv,female,84,10.817
1950,lv,female,85,9.0408
1950,lv,female,86,7.4403
1950,lv,female,87,6.02
1950,lv,female,88,4.7807
1950,lv,female,89,3.7194
1950,lv,female,90,2.8292
1950,lv,female,91,2.0995
1950,lv,female,92,1.5161
1950,lv,female,93,1.0627
1950,lv,female,94,0.72083
1950,rom,male,0,573.4
1950,rom,male,1,486.09
1950,rom,male,2,472.35
1950,rom,male,3,462.17
1950,rom,male,4,436.18
1950,rom,male,5,426.34
1950,rom,male,6,412.89
1950,rom,male,7,419.35
1950,rom,male,8,416.3
1950,rom,male,9,419.74
1950,rom,male,10,426.37
1950,rom,male,11,435.24
1950,rom,male,12,443.13
1950,rom,male,13,441.99
1950,rom,male,14,464.58
1950,rom,male,15,452.65
1950,rom,male,16,464.1
1950,rom,male,17,467.08
1950,rom,male,18,361.65
1950,rom,male,19,370.69
1950,rom,male,20,367.68
1950,rom,male,21,368.53
1950,rom,male,22,367.27
1950,rom,male,23,364.73
1950,rom,male,24,361.35
1950,rom,male,25,357.34
1950,rom,male,26,353.24
1950,rom,male,27,349.03
1950,rom,male,28,344.79
1950,rom,male,29,300.94
1950,rom,male,30,252.26
1950,rom,male,31,188.23
1950,rom,male,32,167.94
1950,rom,male,33,171.4
1950,rom,male,34,228.31
1950,rom,male,35,298.43
1950,rom,male,36,291.42
1950,rom,male,37,284.48
1950,rom,male,38,277.81
1950,rom,male,39,271.31
1950,rom,male,40,264.67
1950,rom,male,41,258.11
1950,rom,male,42,251.61
1950,rom,male,43,245.14
1950,rom,male,44,238.69
1950,rom,male,45,232.24
1950,rom,male,46,225.8
1950,rom,male,47,219.36
1950,rom,male,48,213.17
1950,rom,male,49,206.72
1950,rom,male,50,184.25
1950,rom,male,51,178.31
1950,rom,male,52,172.37
1950,rom,male,53,166.42
1950,rom,male,54,160.46
1950,rom,male,55,154.49
1950,rom,male,56,148.5
1950,rom,male,57,142.5
1950,rom,male,58,136.49
1950,rom,male,59,130.46
1950,rom,male,60,124.42
1950,rom,male,61,118.36
1950,rom,male,62,112.29
1950,rom,male,63,106.22
1950,rom,male,64,100.15
1950,rom,male,65,94.132
1950,rom,male,66,88.131
1950,rom,male,67,82.157
1950,rom,male,68,76.293
1950,rom,male,69,70.411
1950,rom,male,70,64.611
1950,rom,male,71,58.915
1950,rom,male,72,53.352
1950,rom,male,73,47.947
1950,rom,male,74,46.446
1950,rom,male,75,41.015
1950,rom,male,76,35.855
1950,rom,male,77,30.998
1950,rom,male,78,26.474
1950,rom,male,79,22.31
1950,rom,male,80,18.526
1950,rom,male,81,15.138
1950,rom,male,82,12.151
1950,rom,male,83,9.5621
1950,rom,male,84,7.3653
1950,rom,male,85,5.5414
1950,rom,male,86,4.0631
1950,rom,male,87,2.896
1950,rom,male,88,2.001
1950,rom,male,89,1.3363
1950,rom,male,90,0.85962
1950,rom,male,91,0.53077
1950,rom,female,0,545.72
1950,rom,female,1,468.71
1950,rom,female,2,457.32
1950,rom,female,3,448.2
1950,rom,female,4,423.39
1950,rom,female,5,413.97
1950,rom,female,6,400.91
1950,rom,female,7,407.23
1950,rom,female,8,404.37
1950,rom,female,9,407.77
1950,rom,female,10,414.34
1950,rom,female,11,423.12
1950,rom,female,12,430.9
1950,rom,female,13,429.91
1950,rom,female,14,452.01
1950,rom,female,15,440.46
1950,rom,female,16,451.59
1950,rom,female,17,454.59
1950,rom,female,18,351.17
1950,rom,female,19,358.47
1950,rom,female,20,355.32
1950,rom,female,21,356.21
1950,rom,female,22,355.14
1950,rom,female,23,352.85
1950,rom,female,24,349.78
1950,rom,female,25,346.04
1950,rom,female,26,342.28
1950,rom,female,27,338.43
1950,rom,female,28,334.57
1950,rom,female,29,292.25
1950,rom,female,30,245.19
1950,rom,female,31,183.16
1950,rom,female,32,163.6
1950,rom,female,33,167.02
1950,rom,female,34,222.69
1950,rom,female,35,291.39
1950,rom,female,36,284.86
1950,rom,female,37,278.4
1950,rom,female,38,272.04
1950,rom,female,39,265.79
1950,rom,female,40,259.65
1950,rom,female,41,253.6
1950,rom,female,42,247.62
1950,rom,female,43,241.68
1950,rom,female,44,235.77
1950,rom,female,45,229.88
1950,rom,female,46,224
1950,rom,female,47,218.15
1950,rom,female,48,212.55
1950,rom,female,49,206.72
1950,rom,female,50,200.9
1950,rom,female,51,195.09
1950,rom,female,52,189.3
1950,rom,female,53,183.51
1950,rom,female,54,177.73
1950,rom,female,55,171.95
1950,rom,female,56,166.18
1950,rom,female,57,160.4
1950,rom,female,58,154.62
1950,rom,female,59,148.82
1950,rom,female,60,143.02
1950,rom,female,61,137.2
1950,rom,female,62,131.37
1950,rom,female,63,125.53
1950,rom,female,64,119.67
1950,rom,female,65,113.86
1950,rom,female,66,108.03
1950,rom,female,67,102.19
1950,rom,female,68,96.425
1950,rom,female,69,90.57
1950,rom,female,70,84.73
1950,rom,female,71,78.917
1950,rom,female,72,73.147
1950,rom,female,73,67.438
1950,rom,female,74,61.811
1950,rom,female,75,56.291
1950,rom,female,76,50.902
1950,rom,female,77,45.672
1950,rom,female,78,40.631
1950,rom,female,79,35.809
1950,rom,female,80,31.235
1950,rom,female,81,26.938
1950,rom,female,82,22.945
1950,rom,female,83,19.27
1950,rom,female,84,15.943
1950,rom,female,85,12.974
1950,rom,female,86,10.368
1950,rom,female,87,8.1225
1950,rom,female,88,6.2256
1950,rom,female,89,4.6585
1950,rom,female,90,3.3952
1950,rom,female,91,2.404
1950,rom,female,92,1.649
1950,rom,female,93,1.0923
1950,rom,female,94,0.6965
1950,kdr,male,0,5.3422
1950,kdr,male,1,4.7245
1950,kdr,male,2,4.6614
1950,kdr,male,3,4.5909
1950,kdr,male,4,4.3488
1950,kdr,male,5,4.2537
1950,kdr,male,6,4.1164
1950,kdr,male,7,4.1824
1950,kdr,male,8,4.1605
1950,kdr,male,9,4.2039
1950,kdr,male,10,4.2903
1950,kdr,male,11,4.4126
1950,kdr,male,12,4.5299
1950,kdr,male,13,4.5569
1950,kdr,male,14,4.8294
1950,kdr,male,15,4.7337
1950,kdr,male,16,4.8775
1950,kdr,male,17,4.9328
1950,kdr,male,18,6.9194
1950,kdr,male,19,6.8037
1950,kdr,male,20,6.695
1950,kdr,male,21,6.8142
1950,kdr,male,22,6.8972
1950,kdr,male,23,6.9481
1950,kdr,male,24,6.9734
1950,kdr,male,25,6.9546
1950,kdr,male,26,6.9465
1950,kdr,male,27,6.9289
1950,kdr,male,28,6.9042
1950,kdr,male,29,5.9179
1950,kdr,male,30,4.9874
1950,kdr,male,31,3.7227
1950,kdr,male,32,3.3103
1950,kdr,male,33,3.3642
1950,kdr,male,34,4.5366
1950,kdr,male,35,6.0863
1950,kdr,male,36,5.9549
1950,kdr,male,37,5.8247
1950,kdr,male,38,5.6975
1950,kdr,male,39,5.5728
1950,kdr,male,40,5.4485
1950,kdr,male,41,5.3256
1950,kdr,male,42,5.2036
1950,kdr,male,43,5.0818
1950,kdr,male,44,4.9598
1950,kdr,male,45,4.8375
1950,kdr,male,46,4.7147
1950,kdr,male,47,4.5913
1950,kdr,male,48,4.4776
1950,kdr,male,49,4.3529
1950,kdr,male,50,3.8895
1950,kdr,male,51,3.7737
1950,kdr,male,52,3.6575
1950,kdr,male,53,3.5407
1950,kdr,male,54,3.4233
1950,kdr,male,55,3.3052
1950,kdr,male,56,3.1866
1950,kdr,male,57,3.0672
1950,kdr,male,58,2.9471
1950,kdr,male,59,2.8263
1950,kdr,male,60,2.7047
1950,kdr,male,61,2.5824
1950,kdr,male,62,2.4595
1950,kdr,male,63,2.3359
1950,kdr,male,64,2.2119
1950,kdr,male,65,2.0923
1950,kdr,male,66,1.972
1950,kdr,male,67,1.8512
1950,kdr,male,68,1.7375
1950,kdr,male,69,1.6156
1950,kdr,male,70,1.4942
1950,kdr,male,71,1.3739
1950,kdr,male,72,1.2553
1950,kdr,male,73,1.1388
1950,kdr,male,74,1.1143
1950,kdr,male,75,0.99456
1950,kdr,male,76,0.87945
1950,kdr,male,77,0.7697
1950,kdr,male,78,0.66608
1950,kdr,male,79,0.56931
1950,kdr,female,0,5.0694
1950,kdr,female,1,4.5208
1950,kdr,female,2,4.472
1950,kdr,female,3,4.4088
1950,kdr,female,4,4.1788
1950,kdr,female,5,4.0881
1950,kdr,female,6,3.9561
1950,kdr,female,7,4.0198
1950,kdr,female,8,3.9995
1950,kdr,female,9,4.0416
1950,kdr,female,10,4.1254
1950,kdr,female,11,4.2438
1950,kdr,female,12,4.3571
1950,kdr,female,13,4.3837
1950,kdr,female,14,4.6464
1950,kdr,female,15,4.5544
1950,kdr,female,16,4.6926
1950,kdr,female,17,4.7465
1950,kdr,female,18,6.6599
1950,kdr,female,19,6.5506
1950,kdr,female,20,6.4496
1950,kdr,female,21,6.569
1950,kdr,female,22,6.6539
1950,kdr,female,23,6.7082
1950,kdr,female,24,6.7381
1950,kdr,female,25,6.7177
1950,kdr,female,26,6.7146
1950,kdr,female,27,6.7027
1950,kdr,female,28,6.6843
1950,kdr,female,29,5.7349
1950,kdr,female,30,4.838
1950,kdr,female,31,3.6152
1950,kdr,female,32,3.2188
1950,kdr,female,33,3.2671
1950,kdr,female,34,4.4096
1950,kdr,female,35,5.9213
1950,kdr,female,36,5.7993
1950,kdr,female,37,5.6787
1950,kdr,female,38,5.5599
1950,kdr,female,39,5.4434
1950,kdr,female,40,5.3291
1950,kdr,female,41,5.2164
1950,kdr,female,42,5.1048
1950,kdr,female,43,4.9936
1950,kdr,female,44,4.8826
1950,kdr,female,45,4.7715
1950,kdr,female,46,4.6602
1950,kdr,female,47,4.5487
1950,kdr,female,48,4.4471
1950,kdr,female,49,4.335
1950,kdr,female,50,4.2228
1950,kdr,female,51,4.1103
1950,kdr,female,52,3.9976
1950,kdr,female,53,3.8848
1950,kdr,female,54,3.7716
1950,kdr,female,55,3.6582
1950,kdr,female,56,3.5444
1950,kdr,female,57,3.4303
1950,kdr,female,58,3.3156
1950,kdr,female,59,3.2004
1950,kdr,female,60,3.0847
1950,kdr,female,61,2.9683
1950,kdr,female,62,2.8512
1950,kdr,female,63,2.7334
1950,kdr,female,64,2.615
1950,kdr,female,65,2.5016
1950,kdr,female,66,2.3871
1950,kdr,female,67,2.2714
1950,kdr,female,68,2.1638
1950,kdr,female,69,2.045
1950,kdr,female,70,1.9255
1950,kdr,female,71,1.8056
1950,kdr,female,72,1.6856
1950,kdr,female,73,1.5658
1950,kdr,female,74,1.4466
1950,kdr,female,75,1.3285
1950,kdr,female,76,1.2121
1950,kdr,female,77,1.098
1950,kdr,female,78,0.9867
1950,kdr,female,79,0.87903
1950,kdr,female,80,0.77566
1950,kdr,female,81,0.67729
1950,kdr,female,82,0.58461
1950,wym,male,0,4.6623
1950,wym,male,1,4.0317
1950,wym,male,2,3.9055
1950,wym,male,3,3.8097
1950,wym,male,4,3.5603
1950,wym,male,5,3.4441
1950,wym,male,6,3.2897
1950,wym,male,7,3.2796
1950,wym,male,8,3.2392
1950,wym,male,9,3.1881
1950,wym,male,10,3.2014
1950,wym,male,11,3.2833
1950,wym,male,12,3.3843
1950,wym,male,13,3.4704
1950,wym,male,14,3.7278
1950,wym,male,15,3.692
1950,wym,male,16,3.9031
1950,wym,male,17,3.9824
1950,wym,male,18,16.979
1950,wym,male,19,16.458
1950,wym,male,20,15.953
1950,wym,male,21,15.759
1950,wym,male,22,15.511
1950,wym,male,23,15.219
1950,wym,male,24,14.894
1950,wym,male,25,14.373
1950,wym,male,26,14.031
1950,wym,male,27,13.693
1950,wym,male,28,13.365
1950,wym,male,29,12.003
1950,wym,male,30,9.9397
1950,wym,male,31,7.3895
1950,wym,male,32,6.5596
1950,wym,male,33,6.5698
1950,wym,male,34,8.6202
1950,wym,male,35,10.783
1950,wym,male,36,10.521
1950,wym,male,37,10.267
1950,wym,male,38,10.033
1950,wym,male,39,9.8116
1950,wym,male,40,9.581
1950,wym,male,41,9.3552
1950,wym,male,42,9.1319
1950,wym,male,43,8.9099
1950,wym,male,44,8.688
1950,wym,male,45,8.4658
1950,wym,male,46,8.243
1950,wym,male,47,8.0193
1950,wym,male,48,7.9323
1950,wym,male,49,7.7026
1950,wym,male,50,6.8745
1950,wym,male,51,6.6621
1950,wym,male,52,6.449
1950,wym,male,53,6.2354
1950,wym,male,54,6.0211
1950,wym,male,55,5.8062
1950,wym,male,56,5.5906
1950,wym,male,57,5.3742
1950,wym,male,58,5.1572
1950,wym,male,59,4.9394
1950,wym,male,60,4.7209
1950,wym,male,61,4.5018
1950,wym,male,62,4.282
1950,wym,male,63,4.0618
1950,wym,male,64,3.8414
1950,wym,male,65,3.6674
1950,wym,male,66,3.4887
1950,wym,male,67,3.3056
1950,wym,male,68,3.2014
1950,wym,male,69,3.0004
1950,wym,male,70,2.7973
1950,wym,male,71,2.593
1950,wym,male,72,2.3886
1950,wym,male,73,2.1849
1950,wym,male,74,2.1561
1950,wym,male,75,1.941
1950,wym,male,76,1.7314
1950,wym,male,77,1.5288
1950,wym,male,78,1.3349
1950,wym,male,79,1.1514
1950,wym,male,80,0.97983
1950,wym,male,81,0.82156
1950,wym,male,82,0.67776
1950,wym,male,83,0.54315
1950,wym,female,0,4.424
1950,wym,female,1,3.8573
1950,wym,female,2,3.7462
1950,wym,female,3,3.658
1950,wym,female,4,3.4202
1950,wym,female,5,3.3087
1950,wym,female,6,3.16
1950,wym,female,7,3.1502
1950,wym,female,8,3.1116
1950,wym,female,9,3.0622
1950,wym,female,10,3.075
1950,wym,female,11,3.1537
1950,wym,female,12,3.2508
1950,wym,female,13,3.3336
1950,wym,female,14,3.581
1950,wym,female,15,3.5464
1950,wym,female,16,3.7485
1950,wym,female,17,3.8247
1950,wym,female,18,16.308
1950,wym,female,19,15.811
1950,wym,female,20,15.341
1950,wym,female,21,15.176
1950,wym,female,22,14.959
1950,wym,female,23,14.699
1950,wym,female,24,14.408
1950,wym,female,25,13.869
1950,wym,female,26,13.557
1950,wym,female,27,13.252
1950,wym,female,28,12.959
1950,wym,female,29,11.668
1950,wym,female,30,9.6918
1950,wym,female,31,7.2329
1950,wym,female,32,6.4513
1950,wym,female,33,6.3741
1950,wym,female,34,8.3718
1950,wym,female,35,10.483
1950,wym,female,36,10.24
1950,wym,female,37,10.004
1950,wym,female,38,9.7764
1950,wym,female,39,9.5569
1950,wym,female,40,9.3443
1950,wym,female,41,9.1366
1950,wym,female,42,8.9319
1950,wym,female,43,8.7288
1950,wym,female,44,8.5264
1950,wym,female,45,8.324
1950,wym,female,46,8.1216
1950,wym,female,47,7.9189
1950,wym,female,48,7.852
1950,wym,female,49,7.6449
1950,wym,female,50,7.4377
1950,wym,female,51,7.2305
1950,wym,female,52,7.0232
1950,wym,female,53,6.816
1950,wym,female,54,6.6087
1950,wym,female,55,6.4012
1950,wym,female,56,6.1937
1950,wym,female,57,5.9859
1950,wym,female,58,5.7778
1950,wym,female,59,5.5693
1950,wym,female,60,5.3603
1950,wym,female,61,5.1509
1950,wym,female,62,4.9408
1950,wym,female,63,4.7302
1950,wym,female,64,4.5189
1950,wym,female,65,4.3623
1950,wym,female,66,4.2005
1950,wym,female,67,4.0335
1950,wym,female,68,3.9638
1950,wym,female,69,3.7751
1950,wym,female,70,3.5822
1950,wym,female,71,3.3855
1950,wym,female,72,3.1856
1950,wym,female,73,2.9828
1950,wym,female,74,2.7782
1950,wym,female,75,2.5725
1950,wym,female,76,2.3667
1950,wym,female,77,2.1619
1950,wym,female,78,1.9594
1950,wym,female,79,1.7607
1950,wym,female,80,1.5673
1950,wym,female,81,1.3807
1950,wym,female,82,1.2025
1950,wym,female,83,1.0229
1950,wym,female,84,0.85816
1950,wym,female,85,0.70916
1950,wym,female,86,0.57636
1950,oth,male,0,655.99
1950,oth,male,1,584.94
1950,oth,male,2,580.18
1950,oth,male,3,576.02
1950,oth,male,4,550.07
1950,oth,male,5,542.68
1950,oth,male,6,529.23
1950,oth,male,7,541.13
1950,oth,male,8,540.84
1950,oth,male,9,547.51
1950,oth,male,10,558.76
1950,oth,male,11,573.98
1950,oth,male,12,588.06
1950,oth,male,13,590.71
1950,oth,male,14,625.17
1950,oth,male,15,610.9
1950,oth,male,16,628.25
1950,oth,male,17,634.52
1950,oth,male,18,847.55
1950,oth,male,19,829.81
1950,oth,male,20,812.91
1950,oth,male,21,820.69
1950,oth,male,22,824.86
1950,oth,male,23,825.82
1950,oth,male,24,824.13
1950,oth,male,25,817.71
1950,oth,male,26,813.09
1950,oth,male,27,807.57
1950,oth,male,28,801.46
1950,oth,male,29,697.28
1950,oth,male,30,588.66
1950,oth,male,31,439.09
1950,oth,male,32,392.34
1950,oth,male,33,395.4
1950,oth,male,34,525.64
1950,oth,male,35,692.48
1950,oth,male,36,676.06
1950,oth,male,37,659.87
1950,oth,male,38,647.71
1950,oth,male,39,637.25
1950,oth,male,40,622.09
1950,oth,male,41,607.11
1950,oth,male,42,592.27
1950,oth,male,43,577.5
1950,oth,male,44,562.79
1950,oth,male,45,548.12
1950,oth,male,46,533.46
1950,oth,male,47,518.83
1950,oth,male,48,509
1950,oth,male,49,494.24
1950,oth,male,50,441.26
1950,oth,male,51,427.67
1950,oth,male,52,414.08
1950,oth,male,53,400.48
1950,oth,male,54,386.86
1950,oth,male,55,373.22
1950,oth,male,56,359.55
1950,oth,male,57,345.84
1950,oth,male,58,332.09
1950,oth,male,59,318.3
1950,oth,male,60,304.46
1950,oth,male,61,290.57
1950,oth,male,62,276.64
1950,oth,male,63,262.68
1950,oth,male,64,248.68
1950,oth,male,65,235.68
1950,oth,male,66,222.57
1950,oth,male,67,209.37
1950,oth,male,68,197.6
1950,oth,male,69,184.14
1950,oth,male,70,170.7
1950,oth,male,71,157.35
1950,oth,male,72,144.14
1950,oth,male,73,131.14
1950,oth,male,74,128.68
1950,oth,male,75,115.24
1950,oth,male,76,102.28
1950,oth,male,77,89.866
1950,oth,male,78,78.104
1950,oth,male,79,67.071
1950,oth,male,80,56.845
1950,oth,male,81,47.487
1950,oth,male,82,39.049
1950,oth,male,83,31.447
1950,oth,male,84,24.852
1950,oth,male,85,19.238
1950,oth,male,86,14.562
1950,oth,male,87,10.757
1950,oth,male,88,7.7405
1950,oth,male,89,5.4161
1950,oth,male,90,3.68
1950,oth,male,91,2.4268
1950,oth,male,92,1.5552
1950,oth,male,93,0.97286
1950,oth,male,94,0.60024
1950,oth,female,0,622.32
1950,oth,female,1,559.33
1950,oth,female,2,556.12
1950,oth,female,3,552.64
1950,oth,female,4,527.99
1950,oth,female,5,520.95
1950,oth,female,6,507.97
1950,oth,female,7,519.39
1950,oth,female,8,519.16
1950,oth,female,9,525.57
1950,oth,female,10,536.42
1950,oth,female,11,551.13
1950,oth,female,12,564.71
1950,oth,female,13,567.3
1950,oth,female,14,600.47
1950,oth,female,15,586.74
1950,oth,female,16,603.34
1950,oth,female,17,609.38
1950,oth,female,18,814
1950,oth,female,19,797.14
1950,oth,female,20,781.37
1950,oth,female,21,789.44
1950,oth,female,22,794.06
1950,oth,female,23,795.59
1950,oth,female,24,794.6
1950,oth,female,25,788.25
1950,oth,female,26,784.66
1950,oth,female,27,780.41
1950,oth,female,28,775.85
1950,oth,female,29,676.32
1950,oth,female,30,572.31
1950,oth,female,31,428.06
1950,oth,female,32,383.91
1950,oth,female,33,385.51
1950,oth,female,34,513.66
1950,oth,female,35,678.13
1950,oth,female,36,663.18
1950,oth,female,37,648.45
1950,oth,female,38,633.96
1950,oth,female,39,619.75
1950,oth,female,40,605.8
1950,oth,female,41,592.06
1950,oth,female,42,578.47
1950,oth,female,43,564.99
1950,oth,female,44,551.58
1950,oth,female,45,538.23
1950,oth,female,46,524.94
1950,oth,female,47,511.69
1950,oth,female,48,503.22
1950,oth,female,49,489.92
1950,oth,female,50,476.67
1950,oth,female,51,463.45
1950,oth,female,52,450.26
1950,oth,female,53,437.1
1950,oth,female,54,423.95
1950,oth,female,55,410.82
1950,oth,female,56,397.69
1950,oth,female,57,384.55
1950,oth,female,58,371.4
1950,oth,female,59,358.24
1950,oth,female,60,345.04
1950,oth,female,61,331.81
1950,oth,female,62,318.53
1950,oth,female,63,305.22
1950,oth,female,64,291.85
1950,oth,female,65,279.63
1950,oth,female,66,267.25
1950,oth,female,67,254.73
1950,oth,female,68,243.9
1950,oth,female,69,230.9
1950,oth,female,70,217.8
1950,oth,female,71,204.62
1950,oth,female,72,191.4
1950,oth,female,73,178.17
1950,oth,female,74,164.99
1950,oth,female,75,151.9
1950,oth,female,76,138.95
1950,oth,female,77,126.22
1950,oth,female,78,113.78
1950,oth,female,79,101.7
1950,oth,female,80,90.063
1950,oth,female,81,78.95
1950,oth,female,82,68.439
1950,oth,female,83,58.397
1950,oth,female,84,49.163
1950,oth,female,85,40.784
1950,oth,female,86,33.29
1950,oth,female,87,26.697
1950,oth,female,88,20.999
1950,oth,female,89,16.172
1950,oth,female,90,12.172
1950,oth,female,91,8.9356
1950,oth,female,92,6.3859
1950,oth,female,93,4.4349
1950,oth,female,94,2.989
1950,oth,female,95,1.9541
1950,oth,female,96,1.241
1950,oth,female,97,0.76945
1960,pl,male,0,3.222e+05
1960,pl,male,1,3.0739e+05
1960,pl,male,2,3.1636e+05
1960,pl,male,3,3.0732e+05
1960,pl,male,4,3.0953e+05
1960,pl,male,5,3.06e+05
1960,pl,male,6,3.057e+05
1960,pl,male,7,3.0164e+05
1960,pl,male,8,2.9645e+05
1960,pl,male,9,2.9042e+05
1960,pl,male,10,2.852e+05
1960,pl,male,11,2.6685e+05
1960,pl,male,12,2.6638e+05
1960,pl,male,13,2.6265e+05
1960,pl,male,14,2.4838e+05
1960,pl,male,15,2.4286e+05
1960,pl,male,16,2.3505e+05
1960,pl,male,17,2.3836e+05
1960,pl,male,18,2.3617e+05
1960,pl,male,19,2.376e+05
1960,pl,male,20,2.4063e+05
1960,pl,male,21,2.4439e+05
1960,pl,male,22,2.4699e+05
1960,pl,male,23,2.4408e+05
1960,pl,male,24,2.5389e+05
1960,pl,male,25,2.4491e+05
1960,pl,male,26,2.4845e+05
1960,pl,male,27,2.4773e+05
1960,pl,male,28,2.3053e+05
1960,pl,male,29,2.2488e+05
1960,pl,male,30,2.1992e+05
1960,pl,male,31,2.2065e+05
1960,pl,male,32,2.2109e+05
1960,pl,male,33,2.2123e+05
1960,pl,male,34,2.2107e+05
1960,pl,male,35,2.2091e+05
1960,pl,male,36,2.2021e+05
1960,pl,male,37,2.193e+05
1960,pl,male,38,2.1819e+05
1960,pl,male,39,1.9248e+05
1960,pl,male,40,1.6309e+05
1960,pl,male,41,1.2094e+05
1960,pl,male,42,1.0839e+05
1960,pl,male,43,1.1079e+05
1960,pl,male,44,1.4714e+05
1960,pl,male,45,1.9316e+05
1960,pl,male,46,1.8858e+05
1960,pl,male,47,1.8394e+05
1960,pl,male,48,1.7897e+05
1960,pl,male,49,1.7389e+05
1960,pl,male,50,1.6923e+05
1960,pl,male,51,1.6456e+05
1960,pl,male,52,1.5985e+05
1960,pl,male,53,1.551e+05
1960,pl,male,54,1.5029e+05
1960,pl,male,55,1.4541e+05
1960,pl,male,56,1.4047e+05
1960,pl,male,57,1.3547e+05
1960,pl,male,58,1.3005e+05
1960,pl,male,59,1.2494e+05
1960,pl,male,60,1.1019e+05
1960,pl,male,61,1.054e+05
1960,pl,male,62,1.0057e+05
1960,pl,male,63,95707
1960,pl,male,64,90815
1960,pl,male,65,85820
1960,pl,male,66,80821
1960,pl,male,67,75827
1960,pl,male,68,70849
1960,pl,male,69,65899
1960,pl,male,70,60993
1960,pl,male,71,56147
1960,pl,male,72,51379
1960,pl,male,73,46711
1960,pl,male,74,42164
1960,pl,male,75,37762
1960,pl,male,76,33529
1960,pl,male,77,29490
1960,pl,male,78,25619
1960,pl,male,79,22048
1960,pl,male,80,18739
1960,pl,male,81,15708
1960,pl,male,82,12970
1960,pl,male,83,10533
1960,pl,male,84,9129.6
1960,pl,male,85,7136
1960,pl,male,86,5456.7
1960,pl,male,87,4073.2
1960,pl,male,88,2961.2
1960,pl,male,89,2091.3
1960,pl,male,90,1430.7
1960,pl,male,91,945.23
1960,pl,male,92,601.11
1960,pl,male,93,367.07
1960,pl,male,94,214.15
1960,pl,male,95,118.86
1960,pl,male,96,62.483
1960,pl,male,97,30.97
1960,pl,male,98,14.416
1960,pl,male,99,6.2884
1960,pl,male,100,4.1243
1960,pl,female,0,3.0563e+05
1960,pl,female,1,2.9379e+05
1960,pl,female,2,3.0312e+05
1960,pl,female,3,2.9475e+05
1960,pl,female,4,2.9702e+05
1960,pl,female,5,2.9378e+05
1960,pl,female,6,2.9362e+05
1960,pl,female,7,2.8984e+05
1960,pl,female,8,2.85e+05
1960,pl,female,9,2.7936e+05
1960,pl,female,10,2.7451e+05
1960,pl,female,11,2.5702e+05
1960,pl,female,12,2.5671e+05
1960,pl,female,13,2.5323e+05
1960,pl,female,14,2.3958e+05
1960,pl,female,15,2.3429e+05
1960,pl,female,16,2.2673e+05
1960,pl,female,17,2.2994e+05
1960,pl,female,18,2.2786e+05
1960,pl,female,19,2.2927e+05
1960,pl,female,20,2.3222e+05
1960,pl,female,21,2.3589e+05
1960,pl,female,22,2.3841e+05
1960,pl,female,23,2.3563e+05
1960,pl,female,24,2.4512e+05
1960,pl,female,25,2.3645e+05
1960,pl,female,26,2.3985e+05
1960,pl,female,27,2.3918e+05
1960,pl,female,28,2.2263e+05
1960,pl,female,29,2.1724e+05
1960,pl,female,30,2.1254e+05
1960,pl,female,31,2.1334e+05
1960,pl,female,32,2.1386e+05
1960,pl,female,33,2.1411e+05
1960,pl,female,34,2.1408e+05
1960,pl,female,35,2.1421e+05
1960,pl,female,36,2.1365e+05
1960,pl,female,37,2.1288e+05
1960,pl,female,38,2.1192e+05
1960,pl,female,39,1.8705e+05
1960,pl,female,40,1.5857e+05
1960,pl,female,41,1.1767e+05
1960,pl,female,42,1.0551e+05
1960,pl,female,43,1.0819e+05
1960,pl,female,44,1.4391e+05
1960,pl,female,45,1.8923e+05
1960,pl,female,46,1.8508e+05
1960,pl,female,47,1.8089e+05
1960,pl,female,48,1.7669e+05
1960,pl,female,49,1.7251e+05
1960,pl,female,50,1.6835e+05
1960,pl,female,51,1.642e+05
1960,pl,female,52,1.6003e+05
1960,pl,female,53,1.5582e+05
1960,pl,female,54,1.5158e+05
1960,pl,female,55,1.4729e+05
1960,pl,female,56,1.4295e+05
1960,pl,female,57,1.3856e+05
1960,pl,female,58,1.3376e+05
1960,pl,female,59,1.2929e+05
1960,pl,female,60,1.2478e+05
1960,pl,female,61,1.2023e+05
1960,pl,female,62,1.1564e+05
1960,pl,female,63,1.1102e+05
1960,pl,female,64,1.0636e+05
1960,pl,female,65,1.0158e+05
1960,pl,female,66,96779
1960,pl,female,67,91961
1960,pl,female,68,87130
1960,pl,female,69,82293
1960,pl,female,70,77457
1960,pl,female,71,72630
1960,pl,female,72,67822
1960,pl,female,73,63046
1960,pl,female,74,58315
1960,pl,female,75,53644
1960,pl,female,76,49053
1960,pl,female,77,44560
1960,pl,female,78,40112
1960,pl,female,79,35892
1960,pl,female,80,31837
1960,pl,female,81,27971
1960,pl,female,82,24318
1960,pl,female,83,20898
1960,pl,female,84,17733
1960,pl,female,85,14839
1960,pl,female,86,12229
1960,pl,female,87,9910.2
1960,pl,female,88,7884.2
1960,pl,female,89,6146.7
1960,pl,female,90,4686.7
1960,pl,female,91,3487.4
1960,pl,female,92,2526.5
1960,pl,female,93,1779.5
1960,pl,female,94,1213.7
1960,pl,female,95,799.17
1960,pl,female,96,506.33
1960,pl,female,97,307.53
1960,pl,female,98,178.37
1960,pl,female,99,98.371
1960,pl,female,100,102.52
1960,uk,male,0,75397
1960,uk,male,1,70987
1960,uk,male,2,72443
1960,uk,male,3,69887
1960,uk,male,4,69966
1960,uk,male,5,68682
1960,uk,male,6,68132
1960,uk,male,7,66695
1960,uk,male,8,64994
1960,uk,male,9,63098
1960,uk,male,10,61510
1960,uk,male,11,57125
1960,uk,male,12,56743
1960,uk,male,13,55771
1960,uk,male,14,52648
1960,uk,male,15,51394
1960,uk,male,16,49649
1960,uk,male,17,50303
1960,uk,male,18,49726
1960,uk,male,19,49822
1960,uk,male,20,50162
1960,uk,male,21,50583
1960,uk,male,22,50766
1960,uk,male,23,49864
1960,uk,male,24,51572
1960,uk,male,25,49445
1960,uk,male,26,49937
1960,uk,male,27,49597
1960,uk,male,28,48789
1960,uk,male,29,47387
1960,uk,male,30,46142
1960,uk,male,31,45510
1960,uk,male,32,44878
1960,uk,male,33,44242
1960,uk,male,34,43600
1960,uk,male,35,42949
1960,uk,male,36,42317
1960,uk,male,37,41693
1960,uk,male,38,41078
1960,uk,male,39,36181
1960,uk,male,40,30222
1960,uk,male,41,22684
1960,uk,male,42,20284
1960,uk,male,43,20802
1960,uk,male,44,27612
1960,uk,male,45,35564
1960,uk,male,46,34697
1960,uk,male,47,33822
1960,uk,male,48,32986
1960,uk,male,49,32162
1960,uk,male,50,31278
1960,uk,male,51,30390
1960,uk,male,52,29495
1960,uk,male,53,28591
1960,uk,male,54,27676
1960,uk,male,55,26750
1960,uk,male,56,25813
1960,uk,male,57,24865
1960,uk,male,58,23919
1960,uk,male,59,22951
1960,uk,male,60,20216
1960,uk,male,61,19310
1960,uk,male,62,18397
1960,uk,male,63,17479
1960,uk,male,64,16556
1960,uk,male,65,15634
1960,uk,male,66,14709
1960,uk,male,67,13785
1960,uk,male,68,12863
1960,uk,male,69,11946
1960,uk,male,70,11037
1960,uk,male,71,10139
1960,uk,male,72,9256.3
1960,uk,male,73,8392.7
1960,uk,male,74,7552.6
1960,uk,male,75,6740.7
1960,uk,male,76,5961.7
1960,uk,male,77,5220.5
1960,uk,male,78,4522.8
1960,uk,male,79,3870.5
1960,uk,male,80,3268.8
1960,uk,male,81,2720.9
1960,uk,male,82,2229
1960,uk,male,83,1794.3
1960,uk,male,84,1540.1
1960,uk,male,85,1190.8
1960,uk,male,86,899.56
1960,uk,male,87,662.48
1960,uk,male,88,474.43
1960,uk,male,89,329.5
1960,uk,male,90,221.26
1960,uk,male,91,143.2
1960,uk,male,92,88.997
1960,uk,male,93,52.908
1960,uk,male,94,29.965
1960,uk,male,95,16.099
1960,uk,male,96,8.1705
1960,uk,male,97,3.9032
1960,uk,male,98,1.7539
1960,uk,male,99,0.74677
1960,uk,female,0,71562
1960,uk,female,1,67947
1960,uk,female,2,69536
1960,uk,female,3,67160
1960,uk,female,4,67278
1960,uk,female,5,66086
1960,uk,female,6,65595
1960,uk,female,7,64249
1960,uk,female,8,62654
1960,uk,female,9,60876
1960,uk,female,10,59397
1960,uk,female,11,55212
1960,uk,female,12,54886
1960,uk,female,13,53984
1960,uk,female,14,50995
1960,uk,female,15,49793
1960,uk,female,16,48104
1960,uk,female,17,48745
1960,uk,female,18,48201
1960,uk,female,19,48304
1960,uk,female,20,48650
1960,uk,female,21,49081
1960,uk,female,22,49275
1960,uk,female,23,48415
1960,uk,female,24,50090
1960,uk,female,25,48041
1960,uk,female,26,48528
1960,uk,female,27,48214
1960,uk,female,28,47451
1960,uk,female,29,46114
1960,uk,female,30,44935
1960,uk,female,31,44354
1960,uk,female,32,43775
1960,uk,female,33,43193
1960,uk,female,34,42607
1960,uk,female,35,42008
1960,uk,female,36,41438
1960,uk,female,37,40880
1960,uk,female,38,40334
1960,uk,female,39,35576
1960,uk,female,40,29766
1960,uk,female,41,22383
1960,uk,female,42,20055
1960,uk,female,43,20596
1960,uk,female,44,27392
1960,uk,female,45,35357
1960,uk,female,46,34572
1960,uk,female,47,33780
1960,uk,female,48,32985
1960,uk,female,49,32192
1960,uk,female,50,31399
1960,uk,female,51,30607
1960,uk,female,52,29810
1960,uk,female,53,29007
1960,uk,female,54,28197
1960,uk,female,55,27378
1960,uk,female,56,26551
1960,uk,female,57,25715
1960,uk,female,58,24884
1960,uk,female,59,24032
1960,uk,female,60,23173
1960,uk,female,61,22307
1960,uk,female,62,21434
1960,uk,female,63,20554
1960,uk,female,64,19669
1960,uk,female,65,18781
1960,uk,female,66,17889
1960,uk,female,67,16991
1960,uk,female,68,16090
1960,uk,female,69,15186
1960,uk,female,70,14282
1960,uk,female,71,13378
1960,uk,female,72,12476
1960,uk,female,73,11581
1960,uk,female,74,10693
1960,uk,female,75,9816.7
1960,uk,female,76,8955.7
1960,uk,female,77,8113.8
1960,uk,female,78,7297.1
1960,uk,female,79,6506.3
1960,uk,female,80,5748.1
1960,uk,female,81,5027.4
1960,uk,female,82,4348.5
1960,uk,female,83,3715.8
1960,uk,female,84,3133
1960,uk,female,85,2603
1960,uk,female,86,2128.1
1960,uk,female,87,1709.2
1960,uk,female,88,1346.3
1960,uk,female,89,1038
1960,uk,female,90,781.71
1960,uk,female,91,573.71
1960,uk,female,92,409.3
1960,uk,female,93,283.04
1960,uk,female,94,189.16
1960,uk,female,95,121.78
1960,uk,female,96,75.249
1960,uk,female,97,44.455
1960,uk,female,98,25.005
1960,uk,female,99,13.333
1960,uk,female,100,12.85
1960,be,male,0,17543
1960,be,male,1,16570
1960,be,male,2,16961
1960,be,male,3,16424
1960,be,male,4,16457
1960,be,male,5,16168
1960,be,male,6,16022
1960,be,male,7,15656
1960,be,male,8,15223
1960,be,male,9,14758
1960,be,male,10,14352
1960,be,male,11,13305
1960,be,male,12,13207
1960,be,male,13,12988
1960,be,male,14,12289
1960,be,male,15,12001
1960,be,male,16,11601
1960,be,male,17,11760
1960,be,male,18,11637
1960,be,male,19,11660
1960,be,male,20,11727
1960,be,male,21,11804
1960,be,male,22,11814
1960,be,male,23,11574
1960,be,male,24,11944
1960,be,male,25,11430
1960,be,male,26,11522
1960,be,male,27,11414
1960,be,male,28,12095
1960,be,male,29,11688
1960,be,male,30,11323
1960,be,male,31,11022
1960,be,male,32,10733
1960,be,male,33,10453
1960,be,male,34,10182
1960,be,male,35,9908.4
1960,be,male,36,9670.3
1960,be,male,37,9444.7
1960,be,male,38,9231.5
1960,be,male,39,7676
1960,be,male,40,6365.7
1960,be,male,41,4753
1960,be,male,42,4227.1
1960,be,male,43,4266.2
1960,be,male,44,5754.3
1960,be,male,45,7780.9
1960,be,male,46,7569.9
1960,be,male,47,7359.7
1960,be,male,48,7228.5
1960,be,male,49,7126
1960,be,male,50,6918.9
1960,be,male,51,6712
1960,be,male,52,6504.6
1960,be,male,53,6296
1960,be,male,54,6086
1960,be,male,55,5874.3
1960,be,male,56,5660.8
1960,be,male,57,5445.7
1960,be,male,58,5250.2
1960,be,male,59,5031.1
1960,be,male,60,4425.7
1960,be,male,61,4221.8
1960,be,male,62,4017
1960,be,male,63,3811.5
1960,be,male,64,3605.6
1960,be,male,65,3405.1
1960,be,male,66,3203.9
1960,be,male,67,3002.6
1960,be,male,68,2801.7
1960,be,male,69,2601.8
1960,be,male,70,2403.5
1960,be,male,71,2207.6
1960,be,male,72,2015
1960,be,male,73,1826.5
1960,be,male,74,1643.2
1960,be,male,75,1466
1960,be,male,76,1296.1
1960,be,male,77,1134.4
1960,be,male,78,984.02
1960,be,male,79,841.5
1960,be,male,80,710.12
1960,be,male,81,590.59
1960,be,male,82,483.36
1960,be,male,83,388.71
1960,be,male,84,333.27
1960,be,male,85,257.35
1960,be,male,86,194.15
1960,be,male,87,142.77
1960,be,male,88,102.07
1960,be,male,89,70.761
1960,be,male,90,47.42
1960,be,male,91,30.618
1960,be,male,92,18.979
1960,be,male,93,11.24
1960,be,male,94,6.3372
1960,be,male,95,3.3857
1960,be,male,96,1.705
1960,be,male,97,0.8048
1960,be,female,0,16653
1960,be,female,1,15864
1960,be,female,2,16285
1960,be,female,3,15788
1960,be,female,4,15830
1960,be,female,5,15561
1960,be,female,6,15428
1960,be,female,7,15084
1960,be,female,8,14676
1960,be,female,9,14238
1960,be,female,10,13859
1960,be,female,11,12859
1960,be,female,12,12774
1960,be,female,13,12571
1960,be,female,14,11900
1960,be,female,15,11624
1960,be,female,16,11237
1960,be,female,17,11393
1960,be,female,18,11277
1960,be,female,19,11300
1960,be,female,20,11370
1960,be,female,21,11453
1960,be,female,22,11471
1960,be,female,23,11244
1960,be,female,24,11610
1960,be,female,25,11117
1960,be,female,26,11212
1960,be,female,27,11113
1960,be,female,28,11784
1960,be,female,29,11398
1960,be,female,30,11053
1960,be,female,31,10772
1960,be,female,32,10503
1960,be,female,33,10242
1960,be,female,34,9990.9
1960,be,female,35,9729.2
1960,be,female,36,9518.1
1960,be,female,37,9321.6
1960,be,female,38,9140.3
1960,be,female,39,7628.2
1960,be,female,40,6353
1960,be,female,41,4766.8
1960,be,female,42,4263
1960,be,female,43,4301.1
1960,be,female,44,5817.1
1960,be,female,45,7887.8
1960,be,female,46,7696.5
1960,be,female,47,7505.7
1960,be,female,48,7315.9
1960,be,female,49,7127.8
1960,be,female,50,6941.2
1960,be,female,51,6755.5
1960,be,female,52,6569.8
1960,be,female,53,6383.7
1960,be,female,54,6196.6
1960,be,female,55,6008.4
1960,be,female,56,5819
1960,be,female,57,5628.4
1960,be,female,58,5458.7
1960,be,female,59,5264.9
1960,be,female,60,5070.1
1960,be,female,61,4874.3
1960,be,female,62,4677.5
1960,be,female,63,4479.9
1960,be,female,64,4281.4
1960,be,female,65,4088.8
1960,be,female,66,3894.8
1960,be,female,67,3699.6
1960,be,female,68,3503.4
1960,be,female,69,3306.5
1960,be,female,70,3109.3
1960,be,female,71,2912.1
1960,be,female,72,2715.5
1960,be,female,73,2520.1
1960,be,female,74,2326.4
1960,be,female,75,2135.2
1960,be,female,76,1947.3
1960,be,female,77,1763.6
1960,be,female,78,1588.2
1960,be,female,79,1415.3
1960,be,female,80,1249.6
1960,be,female,81,1092.1
1960,be,female,82,943.96
1960,be,female,83,805.96
1960,be,female,84,678.94
1960,be,female,85,563.55
1960,be,female,86,460.24
1960,be,female,87,369.23
1960,be,female,88,290.47
1960,be,female,89,223.65
1960,be,female,90,168.18
1960,be,female,91,123.23
1960,be,female,92,87.755
1960,be,female,93,60.519
1960,be,female,94,40.328
1960,be,female,95,25.88
1960,be,female,96,15.936
1960,be,female,97,9.3773
1960,be,female,98,5.2501
1960,be,female,99,2.7833
1960,be,female,100,2.6509
1960,pls,male,0,13849
1960,pls,male,1,12966
1960,pls,male,2,13194
1960,pls,male,3,12726
1960,pls,male,4,12715
1960,pls,male,5,12472
1960,pls,male,6,12323
1960,pls,male,7,12025
1960,pls,male,8,11699
1960,pls,male,9,11366
1960,pls,male,10,11090
1960,pls,male,11,10320
1960,pls,male,12,10291
1960,pls,male,13,10171
1960,pls,male,14,9682.5
1960,pls,male,15,9492.6
1960,pls,male,16,9202.7
1960,pls,male,17,9342.3
1960,pls,male,18,9233.7
1960,pls,male,19,9208.7
1960,pls,male,20,9202.2
1960,pls,male,21,9207.5
1960,pls,male,22,9165.2
1960,pls,male,23,8940.6
1960,pls,male,24,9197.6
1960,pls,male,25,8782.1
1960,pls,male,26,8835.3
1960,pls,male,27,8740.4
1960,pls,male,28,9333.3
1960,pls,male,29,8976.8
1960,pls,male,30,8659.6
1960,pls,male,31,8319.6
1960,pls,male,32,7999.4
1960,pls,male,33,7696.6
1960,pls,male,34,7410
1960,pls,male,35,7136.9
1960,pls,male,36,6902.1
1960,pls,male,37,6684.8
1960,pls,male,38,6484.4
1960,pls,male,39,5355.1
1960,pls,male,40,4414.4
1960,pls,male,41,3297.8
1960,pls,male,42,2935.4
1960,pls,male,43,2951.8
1960,pls,male,44,3967.5
1960,pls,male,45,5346.6
1960,pls,male,46,5185
1960,pls,male,47,5025.9
1960,pls,male,48,4993.4
1960,pls,male,49,5005.8
1960,pls,male,50,4850.2
1960,pls,male,51,4695.4
1960,pls,male,52,4541.1
1960,pls,male,53,4386.8
1960,pls,male,54,4232.3
1960,pls,male,55,4077.5
1960,pls,male,56,3922.4
1960,pls,male,57,3766.8
1960,pls,male,58,3625.4
1960,pls,male,59,3468.3
1960,pls,male,60,3046
1960,pls,male,61,2901
1960,pls,male,62,2755.7
1960,pls,male,63,2610.5
1960,pls,male,64,2465.3
1960,pls,male,65,2324.6
1960,pls,male,66,2183.8
1960,pls,male,67,2043.2
1960,pls,male,68,1903.1
1960,pls,male,69,1763.9
1960,pls,male,70,1626.2
1960,pls,male,71,1490.5
1960,pls,male,72,1357.3
1960,pls,male,73,1227.3
1960,pls,male,74,1101.2
1960,pls,male,75,979.62
1960,pls,male,76,863.37
1960,pls,male,77,753.12
1960,pls,male,78,650.87
1960,pls,male,79,554.38
1960,pls,male,80,465.81
1960,pls,male,81,385.57
1960,pls,male,82,313.95
1960,pls,male,83,251.06
1960,pls,male,84,213.93
1960,pls,male,85,164.1
1960,pls,male,86,122.9
1960,pls,male,87,89.652
1960,pls,male,88,63.539
1960,pls,male,89,43.627
1960,pls,male,90,28.931
1960,pls,male,91,18.467
1960,pls,male,92,11.304
1960,pls,male,93,6.6029
1960,pls,male,94,3.6673
1960,pls,male,95,1.9272
1960,pls,male,96,0.95312
1960,pls,female,0,13150
1960,pls,female,1,12425
1960,pls,female,2,12684
1960,pls,female,3,12250
1960,pls,female,4,12247
1960,pls,female,5,12021
1960,pls,female,6,11885
1960,pls,female,7,11605
1960,pls,female,8,11299
1960,pls,female,9,10989
1960,pls,female,10,10732
1960,pls,female,11,9997.7
1960,pls,female,12,9979.5
1960,pls,female,13,9871.6
1960,pls,female,14,9404.7
1960,pls,female,15,9223.2
1960,pls,female,16,8942.2
1960,pls,female,17,9078.9
1960,pls,female,18,8976.1
1960,pls,female,19,8954.6
1960,pls,female,20,8955.9
1960,pls,female,21,8971.6
1960,pls,female,22,8940.3
1960,pls,female,23,8730.3
1960,pls,female,24,8990.8
1960,pls,female,25,8593.2
1960,pls,female,26,8653.3
1960,pls,female,27,8570.7
1960,pls,female,28,9163
1960,pls,female,29,8826.6
1960,pls,female,30,8529.1
1960,pls,female,31,8209.2
1960,pls,female,32,7908.4
1960,pls,female,33,7624.7
1960,pls,female,34,7356.8
1960,pls,female,35,7101
1960,pls,female,36,6897.3
1960,pls,female,37,6713.7
1960,pls,female,38,6550.2
1960,pls,female,39,5445.5
1960,pls,female,40,4522.8
1960,pls,female,41,3407.6
1960,pls,female,42,3061.9
1960,pls,female,43,3082
1960,pls,female,44,4158.3
1960,pls,female,45,5625.7
1960,pls,female,46,5477.3
1960,pls,female,47,5330.6
1960,pls,female,48,5185.6
1960,pls,female,49,5042.4
1960,pls,female,50,4900.9
1960,pls,female,51,4760.6
1960,pls,female,52,4621.1
1960,pls,female,53,4482
1960,pls,female,54,4343.1
1960,pls,female,55,4204.2
1960,pls,female,56,4065.2
1960,pls,female,57,3926.1
1960,pls,female,58,3802
1960,pls,female,59,3661.9
1960,pls,female,60,3521.5
1960,pls,female,61,3380.9
1960,pls,female,62,3240.1
1960,pls,female,63,3099
1960,pls,female,64,2957.8
1960,pls,female,65,2821.4
1960,pls,female,66,2684.3
1960,pls,female,67,2546.5
1960,pls,female,68,2408.2
1960,pls,female,69,2269.7
1960,pls,female,70,2131.2
1960,pls,female,71,1992.9
1960,pls,female,72,1855.2
1960,pls,female,73,1718.6
1960,pls,female,74,1583.4
1960,pls,female,75,1450.2
1960,pls,female,76,1319.7
1960,pls,female,77,1192.3
1960,pls,female,78,1070.8
1960,pls,female,79,951.52
1960,pls,female,80,837.52
1960,pls,female,81,729.53
1960,pls,female,82,628.24
1960,pls,female,83,534.25
1960,pls,female,84,448.1
1960,pls,female,85,370.18
1960,pls,female,86,300.75
1960,pls,female,87,239.91
1960,pls,female,88,187.57
1960,pls,female,89,143.45
1960,pls,female,90,107.07
1960,pls,female,91,77.819
1960,pls,female,92,54.929
1960,pls,female,93,37.517
1960,pls,female,94,24.737
1960,pls,female,95,15.692
1960,pls,female,96,9.5403
1960,pls,female,97,5.5362
1960,pls,female,98,3.0526
1960,pls,female,99,1.5913
1960,pls,female,100,1.4612
1960,yi,male,0,16483
1960,yi,male,1,16068
1960,yi,male,2,16842
1960,yi,male,3,16710
1960,yi,male,4,17147
1960,yi,male,5,17284
1960,yi,male,6,17534
1960,yi,male,7,17498
1960,yi,male,8,17337
1960,yi,male,9,17063
1960,yi,male,10,16799
1960,yi,male,11,15713
1960,yi,male,12,15658
1960,yi,male,13,15415
1960,yi,male,14,14538
1960,yi,male,15,14124
1960,yi,male,16,13555
1960,yi,male,17,13627
1960,yi,male,18,13392
1960,yi,male,19,13352
1960,yi,male,20,13420
1960,yi,male,21,13578
1960,yi,male,22,13705
1960,yi,male,23,13568
1960,yi,male,24,14139
1960,yi,male,25,13674
1960,yi,male,26,13911
1960,yi,male,27,13907
1960,yi,male,28,19849
1960,yi,male,29,19405
1960,yi,male,30,19012
1960,yi,male,31,19828
1960,yi,male,32,20521
1960,yi,male,33,21097
1960,yi,male,34,21567
1960,yi,male,35,21726
1960,yi,male,36,22023
1960,yi,male,37,22250
1960,yi,male,38,22415
1960,yi,male,39,19461
1960,yi,male,40,16534
1960,yi,male,41,12309
1960,yi,male,42,10923
1960,yi,male,43,10905
1960,yi,male,44,14635
1960,yi,male,45,19500
1960,yi,male,46,19007
1960,yi,male,47,18524
1960,yi,male,48,18116
1960,yi,male,49,17767
1960,yi,male,50,17391
1960,yi,male,51,17041
1960,yi,male,52,16701
1960,yi,male,53,16355
1960,yi,male,54,15995
1960,yi,male,55,15616
1960,yi,male,56,15215
1960,yi,male,57,14793
1960,yi,male,58,14638
1960,yi,male,59,14165
1960,yi,male,60,12580
1960,yi,male,61,12112
1960,yi,male,62,11629
1960,yi,male,63,11134
1960,yi,male,64,10627
1960,yi,male,65,10173
1960,yi,male,66,9704.7
1960,yi,male,67,9223.1
1960,yi,male,68,8729.6
1960,yi,male,69,8226.2
1960,yi,male,70,7714.6
1960,yi,male,71,7197.3
1960,yi,male,72,6676.6
1960,yi,male,73,6155.1
1960,yi,male,74,5636
1960,yi,male,75,5122.4
1960,yi,male,76,4617.8
1960,yi,male,77,4126.1
1960,yi,male,78,3692.7
1960,yi,male,79,3230.2
1960,yi,male,80,2792.5
1960,yi,male,81,2383.2
1960,yi,male,82,2005.2
1960,yi,male,83,1661.1
1960,yi,male,84,1470.5
1960,yi,male,85,1175.3
1960,yi,male,86,920.3
1960,yi,male,87,704.54
1960,yi,male,88,526.17
1960,yi,male,89,382.43
1960,yi,male,90,269.81
1960,yi,male,91,184.24
1960,yi,male,92,121.39
1960,yi,male,93,76.478
1960,yi,male,94,46.154
1960,yi,male,95,26.571
1960,yi,male,96,14.528
1960,yi,male,97,7.5066
1960,yi,male,98,3.6461
1960,yi,male,99,1.6552
1960,yi,male,100,1.1574
1960,yi,female,0,15622
1960,yi,female,1,15325
1960,yi,female,2,16097
1960,yi,female,3,15985
1960,yi,female,4,16409
1960,yi,female,5,16547
1960,yi,female,6,16791
1960,yi,female,7,16762
1960,yi,female,8,16615
1960,yi,female,9,16360
1960,yi,female,10,16116
1960,yi,female,11,15082
1960,yi,female,12,15036
1960,yi,female,13,14808
1960,yi,female,14,13972
1960,yi,female,15,13575
1960,yi,female,16,13027
1960,yi,female,17,13097
1960,yi,female,18,12873
1960,yi,female,19,12836
1960,yi,female,20,12907
1960,yi,female,21,13067
1960,yi,female,22,13198
1960,yi,female,23,13074
1960,yi,female,24,13632
1960,yi,female,25,13192
1960,yi,female,26,13427
1960,yi,female,27,13433
1960,yi,female,28,19185
1960,yi,female,29,18772
1960,yi,female,30,18412
1960,yi,female,31,19226
1960,yi,female,32,19923
1960,yi,female,33,20510
1960,yi,female,34,20997
1960,yi,female,35,21070
1960,yi,female,36,21396
1960,yi,female,37,21661
1960,yi,female,38,21873
1960,yi,female,39,19044
1960,yi,female,40,16233
1960,yi,female,41,12129
1960,yi,female,42,10810
1960,yi,female,43,10678
1960,yi,female,44,14355
1960,yi,female,45,19164
1960,yi,female,46,18716
1960,yi,female,47,18281
1960,yi,female,48,17872
1960,yi,female,49,17505
1960,yi,female,50,17178
1960,yi,female,51,16879
1960,yi,female,52,16592
1960,yi,female,53,16303
1960,yi,female,54,16002
1960,yi,female,55,15685
1960,yi,female,56,15349
1960,yi,female,57,14993
1960,yi,female,58,14913
1960,yi,female,59,14514
1960,yi,female,60,14098
1960,yi,female,61,13667
1960,yi,female,62,13222
1960,yi,female,63,12763
1960,yi,female,64,12292
1960,yi,female,65,11884
1960,yi,female,66,11461
1960,yi,female,67,11022
1960,yi,female,68,10570
1960,yi,female,69,10104
1960,yi,female,70,9626.5
1960,yi,female,71,9137.6
1960,yi,female,72,8639
1960,yi,female,73,8132.1
1960,yi,female,74,7618.6
1960,yi,female,75,7100.6
1960,yi,female,76,6580.5
1960,yi,female,77,6060.7
1960,yi,female,78,5607.3
1960,yi,female,79,5087.6
1960,yi,female,80,4578.5
1960,yi,female,81,4083.4
1960,yi,female,82,3606.2
1960,yi,female,83,3150.5
1960,yi,female,84,2719.9
1960,yi,female,85,2317.8
1960,yi,female,86,1947.1
1960,yi,female,87,1610.1
1960,yi,female,88,1308.7
1960,yi,female,89,1043.8
1960,yi,female,90,815.46
1960,yi,female,91,622.7
1960,yi,female,92,463.78
1960,yi,female,93,334.26
1960,yi,female,94,233.77
1960,yi,female,95,158.19
1960,yi,female,96,103.24
1960,yi,female,97,64.762
1960,yi,female,98,38.897
1960,yi,female,99,22.277
1960,yi,female,100,25.298
1960,de,male,0,6350.6
1960,de,male,1,6226.5
1960,de,male,2,6547.9
1960,de,male,3,6513.7
1960,de,male,4,6695.4
1960,de,male,5,6758.8
1960,de,male,6,6879.6
1960,de,male,7,6907.3
1960,de,male,8,6912.7
1960,de,male,9,6885
1960,de,male,10,6862.4
1960,de,male,11,6483.5
1960,de,male,12,6545.3
1960,de,male,13,6516.2
1960,de,male,14,6188.2
1960,de,male,15,6059.9
1960,de,male,16,5851.9
1960,de,male,17,5918.4
1960,de,male,18,5849.4
1960,de,male,19,5865.2
1960,de,male,20,5944.4
1960,de,male,21,6071.3
1960,de,male,22,6195.9
1960,de,male,23,6206.7
1960,de,male,24,6553
1960,de,male,25,6413.3
1960,de,male,26,6615.4
1960,de,male,27,6720.1
1960,de,male,28,6921.6
1960,de,male,29,6787
1960,de,male,30,6665.6
1960,de,male,31,6849.2
1960,de,male,32,7002.3
1960,de,male,33,7125.3
1960,de,male,34,7219.3
1960,de,male,35,7268.5
1960,de,male,36,7312.1
1960,de,male,37,7332.9
1960,de,male,38,7332.5
1960,de,male,39,6738.8
1960,de,male,40,5795.7
1960,de,male,41,4180.9
1960,de,male,42,3752.3
1960,de,male,43,3758.4
1960,de,male,44,4842.5
1960,de,male,45,6177.7
1960,de,male,46,5955.4
1960,de,male,47,5737.8
1960,de,male,48,5552
1960,de,male,49,5403.3
1960,de,male,50,5273.2
1960,de,male,51,5169.5
1960,de,male,52,5080.6
1960,de,male,53,4996.2
1960,de,male,54,4909.4
1960,de,male,55,4815.7
1960,de,male,56,4713
1960,de,male,57,4600.6
1960,de,male,58,4492.6
1960,de,male,59,4360.7
1960,de,male,60,3882.5
1960,de,male,61,3745.9
1960,de,male,62,3602.8
1960,de,male,63,3453.9
1960,de,male,64,3299.9
1960,de,male,65,3145.4
1960,de,male,66,2986.8
1960,de,male,67,2824.7
1960,de,male,68,2659.9
1960,de,male,69,2493
1960,de,male,70,2324.9
1960,de,male,71,2156.4
1960,de,male,72,1988.4
1960,de,male,73,1821.7
1960,de,male,74,1657.4
1960,de,male,75,1496.4
1960,de,male,76,1339.8
1960,de,male,77,1188.7
1960,de,male,78,1046.2
1960,de,male,79,908.83
1960,de,male,80,780.11
1960,de,male,81,660.86
1960,de,male,82,551.83
1960,de,male,83,453.54
1960,de,male,84,398.2
1960,de,male,85,315.57
1960,de,male,86,244.92
1960,de,male,87,185.77
1960,de,male,88,137.41
1960,de,male,89,98.87
1960,de,male,90,69.02
1960,de,male,91,46.609
1960,de,male,92,30.351
1960,de,male,93,18.976
1960,de,male,94,11.357
1960,de,male,95,6.4791
1960,de,male,96,3.5076
1960,de,male,97,1.793
1960,de,male,98,0.86068
1960,de,female,0,6019.9
1960,de,female,1,5941.1
1960,de,female,2,6261.4
1960,de,female,3,6234
1960,de,female,4,6410.4
1960,de,female,5,6473.6
1960,de,female,6,6591.2
1960,de,female,7,6619.6
1960,de,female,8,6627
1960,de,female,9,6603
1960,de,female,10,6584.2
1960,de,female,11,6223.4
1960,de,female,12,6285
1960,de,female,13,6259
1960,de,female,14,5945.6
1960,de,female,15,5822.5
1960,de,female,16,5622
1960,de,female,17,5685.9
1960,de,female,18,5620.1
1960,de,female,19,5635.4
1960,de,female,20,5713
1960,de,female,21,5837.3
1960,de,female,22,5959.1
1960,de,female,23,5971.3
1960,de,female,24,6306.5
1960,de,female,25,6173.6
1960,de,female,26,6369.4
1960,de,female,27,6472.4
1960,de,female,28,6667.9
1960,de,female,29,6541.6
1960,de,female,30,6428.9
1960,de,female,31,6610.4
1960,de,female,32,6763.1
1960,de,female,33,6887.4
1960,de,female,34,6984.1
1960,de,female,35,7028.8
1960,de,female,36,7079
1960,de,female,37,7108.1
1960,de,female,38,7117.7
1960,de,female,39,6550.3
1960,de,female,40,5643
1960,de,female,41,4079.3
1960,de,female,42,3669.1
1960,de,female,43,3672.8
1960,de,female,44,4740.8
1960,de,female,45,6060
1960,de,female,46,5853.5
1960,de,female,47,5651.7
1960,de,female,48,5469.6
1960,de,female,49,5320.1
1960,de,female,50,5205.3
1960,de,female,51,5117.2
1960,de,female,52,5044.6
1960,de,female,53,4977.4
1960,de,female,54,4908.8
1960,de,female,55,4834.3
1960,de,female,56,4752
1960,de,female,57,4660.9
1960,de,female,58,4575.5
1960,de,female,59,4466.7
1960,de,female,60,4350
1960,de,female,61,4226
1960,de,female,62,4095.5
1960,de,female,63,3958.9
1960,de,female,64,3817.1
1960,de,female,65,3674.9
1960,de,female,66,3528.1
1960,de,female,67,3377.1
1960,de,female,68,3222.3
1960,de,female,69,3064.4
1960,de,female,70,2903.7
1960,de,female,71,2740.8
1960,de,female,72,2576.2
1960,de,female,73,2410.6
1960,de,female,74,2244.6
1960,de,female,75,2078.8
1960,de,female,76,1914
1960,de,female,77,1751.1
1960,de,female,78,1593.9
1960,de,female,79,1436.9
1960,de,female,80,1284.6
1960,de,female,81,1137.9
1960,de,female,82,997.91
1960,de,female,83,865.54
1960,de,female,84,741.71
1960,de,female,85,627.21
1960,de,female,86,522.72
1960,de,female,87,428.73
1960,de,female,88,345.53
1960,de,female,89,273.17
1960,de,female,90,211.45
1960,de,female,91,159.93
1960,de,female,92,117.93
1960,de,female,93,84.496
1960,de,female,94,58.719
1960,de,female,95,39.462
1960,de,female,96,25.563
1960,de,female,97,15.906
1960,de,female,98,9.4699
1960,de,female,99,5.3719
1960,de,female,100,5.9723
1960,ru,male,0,3395.9
1960,ru,male,1,3222.4
1960,ru,male,2,3305.3
1960,ru,male,3,3205.6
1960,ru,male,4,3222.8
1960,ru,male,5,3175.9
1960,ru,male,6,3156.2
1960,ru,male,7,3094.3
1960,ru,male,8,3018.6
1960,ru,male,9,2933.7
1960,ru,male,10,2859.2
1960,ru,male,11,2653.3
1960,ru,male,12,2631.6
1960,ru,male,13,2583.9
1960,ru,male,14,2438.4
1960,ru,male,15,2376.9
1960,ru,male,16,2293.9
1960,ru,male,17,2323.4
1960,ru,male,18,2299.2
1960,ru,male,19,2306.4
1960,ru,male,20,2326.5
1960,ru,male,21,2352.6
1960,ru,male,22,2367.8
1960,ru,male,23,2333.5
1960,ru,male,24,2422.2
1960,ru,male,25,2330.7
1960,ru,male,26,2360.6
1960,ru,male,27,2349.7
1960,ru,male,28,2441.9
1960,ru,male,29,2372.1
1960,ru,male,30,2309.4
1960,ru,male,31,2281.9
1960,ru,male,32,2253.6
1960,ru,male,33,2224.3
1960,ru,male,34,2194
1960,ru,male,35,2159.7
1960,ru,male,36,2129.1
1960,ru,male,37,2098.4
1960,ru,male,38,2067.6
1960,ru,male,39,1733.1
1960,ru,male,40,1446.2
1960,ru,male,41,1078.1
1960,ru,male,42,957.38
1960,ru,male,43,967.89
1960,ru,male,44,1306
1960,ru,male,45,1766.3
1960,ru,male,46,1719.8
1960,ru,male,47,1673.3
1960,ru,male,48,1632.9
1960,ru,male,49,1594.9
1960,ru,male,50,1548.7
1960,ru,male,51,1502.6
1960,ru,male,52,1456.4
1960,ru,male,53,1409.9
1960,ru,male,54,1363.2
1960,ru,male,55,1316.2
1960,ru,male,56,1268.9
1960,ru,male,57,1221.2
1960,ru,male,58,1177.2
1960,ru,male,59,1128.8
1960,ru,male,60,993.68
1960,ru,male,61,948.68
1960,ru,male,62,903.5
1960,ru,male,63,858.16
1960,ru,male,64,812.72
1960,ru,male,65,768.17
1960,ru,male,66,723.51
1960,ru,male,67,678.83
1960,ru,male,68,634.23
1960,ru,male,69,589.84
1960,ru,male,70,545.78
1960,ru,male,71,502.21
1960,ru,male,72,459.32
1960,ru,male,73,417.3
1960,ru,male,74,376.34
1960,ru,male,75,336.69
1960,ru,male,76,298.56
1960,ru,male,77,262.19
1960,ru,male,78,228.2
1960,ru,male,79,195.94
1960,ru,male,80,166.09
1960,ru,male,81,138.82
1960,ru,male,82,114.23
1960,ru,male,83,92.416
1960,ru,male,84,79.761
1960,ru,male,85,62.045
1960,ru,male,86,47.188
1960,ru,male,87,35.012
1960,ru,male,88,25.283
1960,ru,male,89,17.721
1960,ru,male,90,12.022
1960,ru,male,91,7.8691
1960,ru,male,92,4.9525
1960,ru,male,93,2.9834
1960,ru,male,94,1.7145
1960,ru,male,95,0.93575
1960,ru,female,0,3222.8
1960,ru,female,1,3083.5
1960,ru,female,2,3171.5
1960,ru,female,3,3079.4
1960,ru,female,4,3097.6
1960,ru,female,5,3054.2
1960,ru,female,6,3036.6
1960,ru,female,7,2978.4
1960,ru,female,8,2907.1
1960,ru,female,9,2827.2
1960,ru,female,10,2757.3
1960,ru,female,11,2560.5
1960,ru,female,12,2541.2
1960,ru,female,13,2496.5
1960,ru,female,14,2357.1
1960,ru,female,15,2298.1
1960,ru,female,16,2217.7
1960,ru,female,17,2246.4
1960,ru,female,18,2223.4
1960,ru,female,19,2230.6
1960,ru,female,20,2250.8
1960,ru,female,21,2277.1
1960,ru,female,22,2292.8
1960,ru,female,23,2260.3
1960,ru,female,24,2347.2
1960,ru,female,25,2259.2
1960,ru,female,26,2288.6
1960,ru,female,27,2279.1
1960,ru,female,28,2369.2
1960,ru,female,29,2302.9
1960,ru,female,30,2243.9
1960,ru,female,31,2219
1960,ru,female,32,2193.4
1960,ru,female,33,2166.9
1960,ru,female,34,2139.5
1960,ru,female,35,2106.6
1960,ru,female,36,2079.7
1960,ru,female,37,2053
1960,ru,female,38,2026.5
1960,ru,female,39,1702.2
1960,ru,female,40,1423.7
1960,ru,female,41,1064.2
1960,ru,female,42,948
1960,ru,female,43,958.11
1960,ru,female,44,1295.4
1960,ru,female,45,1755.8
1960,ru,female,46,1713.6
1960,ru,female,47,1671.4
1960,ru,female,48,1629.4
1960,ru,female,49,1587.6
1960,ru,female,50,1546
1960,ru,female,51,1504.7
1960,ru,female,52,1463.3
1960,ru,female,53,1421.9
1960,ru,female,54,1380.3
1960,ru,female,55,1338.6
1960,ru,female,56,1296.7
1960,ru,female,57,1254.6
1960,ru,female,58,1216.3
1960,ru,female,59,1173.6
1960,ru,female,60,1130.7
1960,ru,female,61,1087.7
1960,ru,female,62,1044.5
1960,ru,female,63,1001.1
1960,ru,female,64,957.51
1960,ru,female,65,914.9
1960,ru,female,66,872.04
1960,ru,female,67,828.94
1960,ru,female,68,785.66
1960,ru,female,69,742.24
1960,ru,female,70,698.75
1960,ru,female,71,655.26
1960,ru,female,72,611.89
1960,ru,female,73,568.73
1960,ru,female,74,525.92
1960,ru,female,75,483.62
1960,ru,female,76,441.99
1960,ru,female,77,401.22
1960,ru,female,78,362.15
1960,ru,female,79,323.63
1960,ru,female,80,286.63
1960,ru,female,81,251.38
1960,ru,female,82,218.1
1960,ru,female,83,186.99
1960,ru,female,84,158.24
1960,ru,female,85,132.01
1960,ru,female,86,108.41
1960,ru,female,87,87.505
1960,ru,female,88,69.307
1960,ru,female,89,53.763
1960,ru,female,90,40.765
1960,ru,female,91,30.144
1960,ru,female,92,21.687
1960,ru,female,93,15.127
1960,ru,female,94,10.208
1960,ru,female,95,6.6439
1960,ru,female,96,4.1557
1960,ru,female,97,2.4885
1960,ru,female,98,1.4208
1960,ru,female,99,0.76994
1960,ru,female,100,0.7717
1960,lt,male,0,24974
1960,lt,male,1,24046
1960,lt,male,2,25016
1960,lt,male,3,24533
1960,lt,male,4,24984
1960,lt,male,5,24943
1960,lt,male,6,25161
1960,lt,male,7,25059
1960,lt,male,8,24825
1960,lt,male,9,24491
1960,lt,male,10,24270
1960,lt,male,11,22848
1960,lt,male,12,22943
1960,lt,male,13,22709
1960,lt,male,14,21551
1960,lt,male,15,21096
1960,lt,male,16,20424
1960,lt,male,17,20764
1960,lt,male,18,20651
1960,lt,male,19,20872
1960,lt,male,20,21245
1960,lt,male,21,21690
1960,lt,male,22,22025
1960,lt,male,23,21860
1960,lt,male,24,22817
1960,lt,male,25,22046
1960,lt,male,26,22386
1960,lt,male,27,22344
1960,lt,male,28,21504
1960,lt,male,29,20962
1960,lt,male,30,20471
1960,lt,male,31,20522
1960,lt,male,32,20542
1960,lt,male,33,20533
1960,lt,male,34,20495
1960,lt,male,35,20441
1960,lt,male,36,20358
1960,lt,male,37,20257
1960,lt,male,38,20141
1960,lt,male,39,17109
1960,lt,male,40,14411
1960,lt,male,41,10747
1960,lt,male,42,9572.6
1960,lt,male,43,9751.1
1960,lt,male,44,13169
1960,lt,male,45,17816
1960,lt,male,46,17399
1960,lt,male,47,16976
1960,lt,male,48,16530
1960,lt,male,49,16076
1960,lt,male,50,15647
1960,lt,male,51,15217
1960,lt,male,52,14782
1960,lt,male,53,14342
1960,lt,male,54,13895
1960,lt,male,55,13442
1960,lt,male,56,12982
1960,lt,male,57,12516
1960,lt,male,58,12030
1960,lt,male,59,11554
1960,lt,male,60,10187
1960,lt,male,61,9740.1
1960,lt,male,62,9290
1960,lt,male,63,8837.2
1960,lt,male,64,8382.1
1960,lt,male,65,7921.3
1960,lt,male,66,7460.1
1960,lt,male,67,6999.6
1960,lt,male,68,6540.6
1960,lt,male,69,6084.5
1960,lt,male,70,5632.5
1960,lt,male,71,5186.2
1960,lt,male,72,4747.2
1960,lt,male,73,4317.3
1960,lt,male,74,3898.7
1960,lt,male,75,3493.4
1960,lt,male,76,3103.7
1960,lt,male,77,2731.6
1960,lt,male,78,2377.6
1960,lt,male,79,2048
1960,lt,male,80,1742.2
1960,lt,male,81,1462.1
1960,lt,male,82,1208.7
1960,lt,male,83,982.89
1960,lt,male,84,853.2
1960,lt,male,85,667.98
1960,lt,male,86,511.68
1960,lt,male,87,382.68
1960,lt,male,88,278.77
1960,lt,male,89,197.3
1960,lt,male,90,135.28
1960,lt,male,91,89.584
1960,lt,male,92,57.103
1960,lt,male,93,34.925
1960,lt,male,94,20.403
1960,lt,male,95,11.335
1960,lt,male,96,5.9606
1960,lt,male,97,2.9516
1960,lt,male,98,1.3692
1960,lt,male,99,0.59205
1960,lt,female,0,23688
1960,lt,female,1,22978
1960,lt,female,2,23964
1960,lt,female,3,23523
1960,lt,female,4,23966
1960,lt,female,5,23936
1960,lt,female,6,24151
1960,lt,female,7,24059
1960,lt,female,8,23842
1960,lt,female,9,23530
1960,lt,female,10,23326
1960,lt,female,11,21968
1960,lt,female,12,22066
1960,lt,female,13,21846
1960,lt,female,14,20736
1960,lt,female,15,20298
1960,lt,female,16,19649
1960,lt,female,17,19975
1960,lt,female,18,19867
1960,lt,female,19,20079
1960,lt,female,20,20438
1960,lt,female,21,20867
1960,lt,female,22,21190
1960,lt,female,23,21031
1960,lt,female,24,21951
1960,lt,female,25,21209
1960,lt,female,26,21534
1960,lt,female,27,21494
1960,lt,female,28,20690
1960,lt,female,29,20173
1960,lt,female,30,19709
1960,lt,female,31,19768
1960,lt,female,32,19798
1960,lt,female,33,19800
1960,lt,female,34,19776
1960,lt,female,35,19742
1960,lt,female,36,19673
1960,lt,female,37,19589
1960,lt,female,38,19491
1960,lt,female,39,16567
1960,lt,female,40,13965
1960,lt,female,41,10423
1960,lt,female,42,9291.2
1960,lt,female,43,9483.6
1960,lt,female,44,12826
1960,lt,female,45,17381
1960,lt,female,46,17004
1960,lt,female,47,16622
1960,lt,female,48,16239
1960,lt,female,49,15855
1960,lt,female,50,15473
1960,lt,female,51,15091
1960,lt,female,52,14706
1960,lt,female,53,14318
1960,lt,female,54,13924
1960,lt,female,55,13526
1960,lt,female,56,13123
1960,lt,female,57,12715
1960,lt,female,58,12288
1960,lt,female,59,11871
1960,lt,female,60,11451
1960,lt,female,61,11028
1960,lt,female,62,10601
1960,lt,female,63,10172
1960,lt,female,64,9739.4
1960,lt,female,65,9300
1960,lt,female,66,8858.8
1960,lt,female,67,8416.5
1960,lt,female,68,7973.3
1960,lt,female,69,7529.8
1960,lt,female,70,7086.8
1960,lt,female,71,6644.8
1960,lt,female,72,6205
1960,lt,female,73,5768.2
1960,lt,female,74,5335.9
1960,lt,female,75,4909.3
1960,lt,female,76,4490.1
1960,lt,female,77,4080
1960,lt,female,78,3678.1
1960,lt,female,79,3292.5
1960,lt,female,80,2922
1960,lt,female,81,2568.7
1960,lt,female,82,2234.8
1960,lt,female,83,1922.1
1960,lt,female,84,1632.5
1960,lt,female,85,1367.6
1960,lt,female,86,1128.3
1960,lt,female,87,915.58
1960,lt,female,88,729.46
1960,lt,female,89,569.6
1960,lt,female,90,435.07
1960,lt,female,91,324.34
1960,lt,female,92,235.45
1960,lt,female,93,166.07
1960,lt,female,94,113.43
1960,lt,female,95,74.804
1960,lt,female,96,47.462
1960,lt,female,97,28.865
1960,lt,female,98,16.759
1960,lt,female,99,9.2481
1960,lt,female,100,9.6493
1960,csb,male,0,1755.1
1960,csb,male,1,1733.6
1960,csb,male,2,1839.8
1960,csb,male,3,1842.6
1960,csb,male,4,1911.1
1960,csb,male,5,1943.2
1960,csb,male,6,1990.8
1960,csb,male,7,2004.3
1960,csb,male,8,2002.8
1960,csb,male,9,1984.7
1960,csb,male,10,1967.1
1960,csb,male,11,1853.9
1960,csb,male,12,1863
1960,csb,male,13,1850.7
1960,csb,male,14,1761.1
1960,csb,male,15,1723.5
1960,csb,male,16,1665.9
1960,csb,male,17,1686.2
1960,csb,male,18,1668.5
1960,csb,male,19,1675.3
1960,csb,male,20,1696.7
1960,csb,male,21,1726.9
1960,csb,male,22,1751.1
1960,csb,male,23,1738.9
1960,csb,male,24,1819.5
1960,csb,male,25,1764.2
1960,csb,male,26,1801
1960,csb,male,27,1810.8
1960,csb,male,28,2241
1960,csb,male,29,2178.8
1960,csb,male,30,2121.6
1960,csb,male,31,2105.1
1960,csb,male,32,2086.2
1960,csb,male,33,2064.9
1960,csb,male,34,2041.3
1960,csb,male,35,2007.8
1960,csb,male,36,1981.2
1960,csb,male,37,1953.5
1960,csb,male,38,1924.8
1960,csb,male,39,1838.4
1960,csb,male,40,1585.2
1960,csb,male,41,1125.6
1960,csb,male,42,1025.6
1960,csb,male,43,1023.7
1960,csb,male,44,1296.5
1960,csb,male,45,1618.6
1960,csb,male,46,1575.2
1960,csb,male,47,1532.1
1960,csb,male,48,1490.1
1960,csb,male,49,1448.7
1960,csb,male,50,1406.8
1960,csb,male,51,1365.1
1960,csb,male,52,1323.4
1960,csb,male,53,1281.5
1960,csb,male,54,1239.5
1960,csb,male,55,1197.2
1960,csb,male,56,1154.6
1960,csb,male,57,1111.8
1960,csb,male,58,1078
1960,csb,male,59,1034.3
1960,csb,male,60,911.18
1960,csb,male,61,870.63
1960,csb,male,62,829.93
1960,csb,male,63,789.12
1960,csb,male,64,748.24
1960,csb,male,65,709.51
1960,csb,male,66,670.53
1960,csb,male,67,631.39
1960,csb,male,68,592.17
1960,csb,male,69,552.96
1960,csb,male,70,513.88
1960,csb,male,71,475.07
1960,csb,male,72,436.68
1960,csb,male,73,398.87
1960,csb,male,74,361.82
1960,csb,male,75,325.73
1960,csb,male,76,290.8
1960,csb,male,77,257.26
1960,csb,male,78,226.61
1960,csb,male,79,196.21
1960,csb,male,80,167.83
1960,csb,male,81,141.65
1960,csb,male,82,117.82
1960,csb,male,83,96.427
1960,csb,male,84,84.279
1960,csb,male,85,66.465
1960,csb,male,86,51.308
1960,csb,male,87,38.69
1960,csb,male,88,28.434
1960,csb,male,89,20.313
1960,csb,male,90,14.069
1960,csb,male,91,9.4176
1960,csb,male,92,6.0726
1960,csb,male,93,3.7482
1960,csb,male,94,2.2116
1960,csb,male,95,1.242
1960,csb,male,96,0.66072
1960,csb,female,0,1664.1
1960,csb,female,1,1654.9
1960,csb,female,2,1760.2
1960,csb,female,3,1764.5
1960,csb,female,4,1830.9
1960,csb,female,5,1862.5
1960,csb,female,6,1908.6
1960,csb,female,7,1922.1
1960,csb,female,8,1921.2
1960,csb,female,9,1904.6
1960,csb,female,10,1888.5
1960,csb,female,11,1780.6
1960,csb,female,12,1790
1960,csb,female,13,1778.6
1960,csb,female,14,1692.9
1960,csb,female,15,1656.7
1960,csb,female,16,1601.1
1960,csb,female,17,1620.7
1960,csb,female,18,1603.8
1960,csb,female,19,1610.3
1960,csb,female,20,1631.1
1960,csb,female,21,1660.8
1960,csb,female,22,1684.6
1960,csb,female,23,1673.6
1960,csb,female,24,1751.9
1960,csb,female,25,1699.3
1960,csb,female,26,1735.3
1960,csb,female,27,1745.4
1960,csb,female,28,2160
1960,csb,female,29,2101.1
1960,csb,female,30,2047.3
1960,csb,female,31,2033.1
1960,csb,female,32,2016.5
1960,csb,female,33,1997.6
1960,csb,female,34,1976.6
1960,csb,female,35,1941.9
1960,csb,female,36,1918.5
1960,csb,female,37,1894.2
1960,csb,female,38,1869.3
1960,csb,female,39,1788.7
1960,csb,female,40,1545.7
1960,csb,female,41,1100.3
1960,csb,female,42,1005.6
1960,csb,female,43,998.51
1960,csb,female,44,1266.7
1960,csb,female,45,1584
1960,csb,female,46,1544.5
1960,csb,female,47,1505.3
1960,csb,female,48,1466.7
1960,csb,female,49,1428.6
1960,csb,female,50,1390.9
1960,csb,female,51,1353.5
1960,csb,female,52,1316.2
1960,csb,female,53,1278.9
1960,csb,female,54,1241.5
1960,csb,female,55,1204
1960,csb,female,56,1166.4
1960,csb,female,57,1128.7
1960,csb,female,58,1100.2
1960,csb,female,59,1061.8
1960,csb,female,60,1023.3
1960,csb,female,61,984.63
1960,csb,female,62,945.87
1960,csb,female,63,907
1960,csb,female,64,868.03
1960,csb,female,65,831.52
1960,csb,female,66,794.67
1960,csb,female,67,757.51
1960,csb,female,68,720.08
1960,csb,female,69,682.41
1960,csb,female,70,644.56
1960,csb,female,71,606.6
1960,csb,female,72,568.61
1960,csb,female,73,530.66
1960,csb,female,74,492.87
1960,csb,female,75,455.36
1960,csb,female,76,418.28
1960,csb,female,77,381.79
1960,csb,female,78,348.07
1960,csb,female,79,312.97
1960,csb,female,80,279.04
1960,csb,female,81,246.49
1960,csb,female,82,215.54
1960,csb,female,83,186.38
1960,csb,female,84,159.2
1960,csb,female,85,134.16
1960,csb,female,86,111.39
1960,csb,female,87,90.994
1960,csb,female,88,73.012
1960,csb,female,89,57.444
1960,csb,female,90,44.23
1960,csb,female,91,33.257
1960,csb,female,92,24.364
1960,csb,female,93,17.299
1960,csb,female,94,11.904
1960,csb,female,95,7.9132
1960,csb,female,96,5.0651
1960,csb,female,97,3.1103
1960,csb,female,98,1.8248
1960,csb,female,99,1.0184
1960,csb,female,100,1.0887
1960,rue,male,0,1352.5
1960,rue,male,1,1303.3
1960,rue,male,2,1357.6
1960,rue,male,3,1336.9
1960,rue,male,4,1366.9
1960,rue,male,5,1371.7
1960,rue,male,6,1387.3
1960,rue,male,7,1384.4
1960,rue,male,8,1374.4
1960,rue,male,9,1356.8
1960,rue,male,10,1344.2
1960,rue,male,11,1266.3
1960,rue,male,12,1273.9
1960,rue,male,13,1265.7
1960,rue,male,14,1205.1
1960,rue,male,15,1183.1
1960,rue,male,16,1148.3
1960,rue,male,17,1168.8
1960,rue,male,18,1161.2
1960,rue,male,19,1169.8
1960,rue,male,20,1185.2
1960,rue,male,21,1203.5
1960,rue,male,22,1215.4
1960,rue,male,23,1200.3
1960,rue,male,24,1248
1960,rue,male,25,1202.6
1960,rue,male,26,1220.5
1960,rue,male,27,1217.8
1960,rue,male,28,1236.5
1960,rue,male,29,1204.7
1960,rue,male,30,1176.5
1960,rue,male,31,1174.5
1960,rue,male,32,1170.9
1960,rue,male,33,1165.8
1960,rue,male,34,1159.1
1960,rue,male,35,1150.8
1960,rue,male,36,1142.5
1960,rue,male,37,1133.4
1960,rue,male,38,1123.8
1960,rue,male,39,1024.5
1960,rue,male,40,860.31
1960,rue,male,41,647.61
1960,rue,male,42,581.25
1960,rue,male,43,597.95
1960,rue,male,44,785.51
1960,rue,male,45,983.08
1960,rue,male,46,958.93
1960,rue,male,47,934.63
1960,rue,male,48,914.14
1960,rue,male,49,895.05
1960,rue,male,50,870.67
1960,rue,male,51,846.2
1960,rue,male,52,821.55
1960,rue,male,53,796.66
1960,rue,male,54,771.47
1960,rue,male,55,745.98
1960,rue,male,56,720.18
1960,rue,male,57,694.08
1960,rue,male,58,668.84
1960,rue,male,59,642.15
1960,rue,male,60,565.99
1960,rue,male,61,540.99
1960,rue,male,62,515.81
1960,rue,male,63,490.47
1960,rue,male,64,465
1960,rue,male,65,439.71
1960,rue,male,66,414.34
1960,rue,male,67,388.92
1960,rue,male,68,363.52
1960,rue,male,69,338.21
1960,rue,male,70,313.07
1960,rue,male,71,288.2
1960,rue,male,72,263.69
1960,rue,male,73,239.65
1960,rue,male,74,216.21
1960,rue,male,75,193.49
1960,rue,male,76,171.64
1960,rue,male,77,150.78
1960,rue,male,78,131.16
1960,rue,male,79,112.65
1960,rue,male,80,95.521
1960,rue,male,81,79.855
1960,rue,male,82,65.727
1960,rue,male,83,53.181
1960,rue,male,84,45.901
1960,rue,male,85,35.704
1960,rue,male,86,27.15
1960,rue,male,87,20.137
1960,rue,male,88,14.533
1960,rue,male,89,10.179
1960,rue,male,90,6.8976
1960,rue,male,91,4.5081
1960,rue,male,92,2.8316
1960,rue,male,93,1.7021
1960,rue,male,94,0.97533
1960,rue,male,95,0.53031
1960,rue,female,0,1283.1
1960,rue,female,1,1246.1
1960,rue,female,2,1301.4
1960,rue,female,3,1282.9
1960,rue,female,4,1312.4
1960,rue,female,5,1317.7
1960,rue,female,6,1333.3
1960,rue,female,7,1331.1
1960,rue,female,8,1322.2
1960,rue,female,9,1306.1
1960,rue,female,10,1294.9
1960,rue,female,11,1220.8
1960,rue,female,12,1228.8
1960,rue,female,13,1221.6
1960,rue,female,14,1163.7
1960,rue,female,15,1142.7
1960,rue,female,16,1109.1
1960,rue,female,17,1128.9
1960,rue,female,18,1121.7
1960,rue,female,19,1130
1960,rue,female,20,1145.2
1960,rue,female,21,1163.3
1960,rue,female,22,1175.2
1960,rue,female,23,1161.1
1960,rue,female,24,1207.6
1960,rue,female,25,1164
1960,rue,female,26,1181.5
1960,rue,female,27,1179.2
1960,rue,female,28,1197.7
1960,rue,female,29,1167.6
1960,rue,female,30,1141.1
1960,rue,female,31,1140.1
1960,rue,female,32,1137.6
1960,rue,female,33,1133.6
1960,rue,female,34,1128.3
1960,rue,female,35,1121.1
1960,rue,female,36,1114.6
1960,rue,female,37,1107.6
1960,rue,female,38,1100.2
1960,rue,female,39,1005.2
1960,rue,female,40,846.16
1960,rue,female,41,638.77
1960,rue,female,42,575.19
1960,rue,female,43,592.15
1960,rue,female,44,779.49
1960,rue,female,45,977.7
1960,rue,female,46,955.93
1960,rue,female,47,934.03
1960,rue,female,48,912.12
1960,rue,female,49,890.27
1960,rue,female,50,868.48
1960,rue,female,51,846.68
1960,rue,female,52,824.79
1960,rue,female,53,802.74
1960,rue,female,54,780.49
1960,rue,female,55,758.01
1960,rue,female,56,735.31
1960,rue,female,57,712.38
1960,rue,female,58,690.42
1960,rue,female,59,667.03
1960,rue,female,60,643.44
1960,rue,female,61,619.66
1960,rue,female,62,595.7
1960,rue,female,63,571.57
1960,rue,female,64,547.27
1960,rue,female,65,523.15
1960,rue,female,66,498.86
1960,rue,female,67,474.4
1960,rue,female,68,449.81
1960,rue,female,69,425.12
1960,rue,female,70,400.37
1960,rue,female,71,375.59
1960,rue,female,72,350.86
1960,rue,female,73,326.23
1960,rue,female,74,301.79
1960,rue,female,75,277.62
1960,rue,female,76,253.81
1960,rue,female,77,230.48
1960,rue,female,78,207.93
1960,rue,female,79,185.89
1960,rue,female,80,164.7
1960,rue,female,81,144.5
1960,rue,female,82,125.41
1960,rue,female,83,107.56
1960,rue,female,84,91.05
1960,rue,female,85,75.978
1960,rue,female,86,62.409
1960,rue,female,87,50.383
1960,rue,female,88,39.908
1960,rue,female,89,30.957
1960,rue,female,90,23.469
1960,rue,female,91,17.349
1960,rue,female,92,12.474
1960,rue,female,93,8.6977
1960,rue,female,94,5.8654
1960,rue,female,95,3.813
1960,rue,female,96,2.3811
1960,rue,female,97,1.4226
1960,rue,female,98,0.80979
1960,cs,male,0,636.76
1960,cs,male,1,598.44
1960,cs,male,2,609.04
1960,cs,male,3,586.12
1960,cs,male,4,583.68
1960,cs,male,5,569.32
1960,cs,male,6,559.93
1960,cs,male,7,543.31
1960,cs,male,8,524.57
1960,cs,male,9,504.66
1960,cs,male,10,487.45
1960,cs,male,11,448.94
1960,cs,male,12,442.61
1960,cs,male,13,432.71
1960,cs,male,14,407.17
1960,cs,male,15,396.44
1960,cs,male,16,382.72
1960,cs,male,17,387.91
1960,cs,male,18,383.6
1960,cs,male,19,383.89
1960,cs,male,20,385.75
1960,cs,male,21,388.17
1960,cs,male,22,388.84
1960,cs,male,23,381.16
1960,cs,male,24,393.49
1960,cs,male,25,376.67
1960,cs,male,26,379.8
1960,cs,male,27,376.52
1960,cs,male,28,391.83
1960,cs,male,29,378.06
1960,cs,male,30,365.7
1960,cs,male,31,354.13
1960,cs,male,32,343.19
1960,cs,male,33,332.8
1960,cs,male,34,322.93
1960,cs,male,35,312.17
1960,cs,male,36,303.46
1960,cs,male,37,295.26
1960,cs,male,38,287.56
1960,cs,male,39,238.26
1960,cs,male,40,196.9
1960,cs,male,41,146.83
1960,cs,male,42,130.35
1960,cs,male,43,131.62
1960,cs,male,44,177.76
1960,cs,male,45,240.65
1960,cs,male,46,234.4
1960,cs,male,47,228.14
1960,cs,male,48,222.9
1960,cs,male,49,218.06
1960,cs,male,50,211.86
1960,cs,male,51,205.67
1960,cs,male,52,199.45
1960,cs,male,53,193.18
1960,cs,male,54,186.85
1960,cs,male,55,180.44
1960,cs,male,56,173.96
1960,cs,male,57,167.42
1960,cs,male,58,161.56
1960,cs,male,59,154.85
1960,cs,male,60,136.23
1960,cs,male,61,129.97
1960,cs,male,62,123.66
1960,cs,male,63,117.33
1960,cs,male,64,110.98
1960,cs,male,65,104.78
1960,cs,male,66,98.561
1960,cs,male,67,92.334
1960,cs,male,68,86.118
1960,cs,male,69,79.931
1960,cs,male,70,73.797
1960,cs,male,71,67.74
1960,cs,male,72,61.786
1960,cs,male,73,55.964
1960,cs,male,74,50.304
1960,cs,male,75,44.839
1960,cs,male,76,39.601
1960,cs,male,77,34.623
1960,cs,male,78,29.997
1960,cs,male,79,25.619
1960,cs,male,80,21.588
1960,cs,male,81,17.926
1960,cs,male,82,14.647
1960,cs,male,83,11.757
1960,cs,male,84,10.06
1960,cs,male,85,7.7516
1960,cs,male,86,5.8342
1960,cs,male,87,4.2792
1960,cs,male,88,3.051
1960,cs,male,89,2.1086
1960,cs,male,90,1.4084
1960,cs,male,91,0.90614
1960,cs,male,92,0.5595
1960,cs,female,0,604.42
1960,cs,female,1,572.95
1960,cs,female,2,584.77
1960,cs,female,3,563.43
1960,cs,female,4,561.46
1960,cs,female,5,548.03
1960,cs,female,6,539.33
1960,cs,female,7,523.62
1960,cs,female,8,505.93
1960,cs,female,9,487.14
1960,cs,female,10,470.98
1960,cs,female,11,434.18
1960,cs,female,12,428.44
1960,cs,female,13,419.2
1960,cs,female,14,394.76
1960,cs,female,15,384.48
1960,cs,female,16,371.2
1960,cs,female,17,376.28
1960,cs,female,18,372.23
1960,cs,female,19,372.64
1960,cs,female,20,374.71
1960,cs,female,21,377.41
1960,cs,female,22,378.33
1960,cs,female,23,371.12
1960,cs,female,24,383.43
1960,cs,female,25,367.31
1960,cs,female,26,370.59
1960,cs,female,27,367.69
1960,cs,female,28,382.82
1960,cs,female,29,369.73
1960,cs,female,30,358.07
1960,cs,female,31,347.19
1960,cs,female,32,336.92
1960,cs,female,33,327.2
1960,cs,female,34,317.96
1960,cs,female,35,307.02
1960,cs,female,36,299
1960,cs,female,37,291.52
1960,cs,female,38,284.54
1960,cs,female,39,236.34
1960,cs,female,40,195.82
1960,cs,female,41,146.45
1960,cs,female,42,130.41
1960,cs,female,43,131.47
1960,cs,female,44,177.94
1960,cs,female,45,241.46
1960,cs,female,46,235.76
1960,cs,female,47,230.06
1960,cs,female,48,224.39
1960,cs,female,49,218.77
1960,cs,female,50,213.2
1960,cs,female,51,207.65
1960,cs,female,52,202.1
1960,cs,female,53,196.51
1960,cs,female,54,190.88
1960,cs,female,55,185.2
1960,cs,female,56,179.46
1960,cs,female,57,173.66
1960,cs,female,58,168.6
1960,cs,female,59,162.66
1960,cs,female,60,156.68
1960,cs,female,61,150.66
1960,cs,female,62,144.59
1960,cs,female,63,138.49
1960,cs,female,64,132.36
1960,cs,female,65,126.39
1960,cs,female,66,120.37
1960,cs,female,67,114.31
1960,cs,female,68,108.22
1960,cs,female,69,102.11
1960,cs,female,70,95.978
1960,cs,female,71,89.853
1960,cs,female,72,83.747
1960,cs,female,73,77.677
1960,cs,female,74,71.664
1960,cs,female,75,65.731
1960,cs,female,76,59.904
1960,cs,female,77,54.211
1960,cs,female,78,48.779
1960,cs,female,79,43.427
1960,cs,female,80,38.303
1960,cs,female,81,33.44
1960,cs,female,82,28.869
1960,cs,female,83,24.616
1960,cs,female,84,20.707
1960,cs,female,85,17.161
1960,cs,female,86,13.992
1960,cs,female,87,11.205
1960,cs,female,88,8.7973
1960,cs,female,89,6.759
1960,cs,female,90,5.0707
1960,cs,female,91,3.706
1960,cs,female,92,2.6319
1960,cs,female,93,1.8097
1960,cs,female,94,1.2021
1960,cs,female,95,0.76877
1960,lv,male,0,152.23
1960,lv,male,1,148.05
1960,lv,male,2,155.25
1960,lv,male,3,153.86
1960,lv,male,4,158.05
1960,lv,male,5,159.3
1960,lv,male,6,161.93
1960,lv,male,7,162.23
1960,lv,male,8,162.01
1960,lv,male,9,161.17
1960,lv,male,10,160.49
1960,lv,male,11,151.51
1960,lv,male,12,152.66
1960,lv,male,13,151.64
1960,lv,male,14,144.29
1960,lv,male,15,141.4
1960,lv,male,16,136.87
1960,lv,male,17,139.07
1960,lv,male,18,138.29
1960,lv,male,19,139.78
1960,lv,male,20,142.57
1960,lv,male,21,146.23
1960,lv,male,22,149.42
1960,lv,male,23,149.46
1960,lv,male,24,157.37
1960,lv,male,25,153.37
1960,lv,male,26,157.07
1960,lv,male,27,157.99
1960,lv,male,28,162.89
1960,lv,male,29,159.59
1960,lv,male,30,156.55
1960,lv,male,31,159.23
1960,lv,male,32,161.39
1960,lv,male,33,163.05
1960,lv,male,34,164.27
1960,lv,male,35,164.7
1960,lv,male,36,165.17
1960,lv,male,37,165.32
1960,lv,male,38,165.17
1960,lv,male,39,140.03
1960,lv,male,40,118.12
1960,lv,male,41,88.123
1960,lv,male,42,78.26
1960,lv,male,43,79.223
1960,lv,male,44,107.06
1960,lv,male,45,145.04
1960,lv,male,46,141.38
1960,lv,male,47,137.7
1960,lv,male,48,134.35
1960,lv,male,49,131.11
1960,lv,male,50,127.46
1960,lv,male,51,123.81
1960,lv,male,52,120.15
1960,lv,male,53,116.47
1960,lv,male,54,112.76
1960,lv,male,55,109.01
1960,lv,male,56,105.24
1960,lv,male,57,101.43
1960,lv,male,58,97.893
1960,lv,male,59,94.014
1960,lv,male,60,82.899
1960,lv,male,61,79.284
1960,lv,male,62,75.648
1960,lv,male,63,71.996
1960,lv,male,64,68.329
1960,lv,male,65,64.725
1960,lv,male,66,61.107
1960,lv,male,67,57.481
1960,lv,male,68,53.855
1960,lv,male,69,50.238
1960,lv,male,70,46.641
1960,lv,male,71,43.074
1960,lv,male,72,39.551
1960,lv,male,73,36.089
1960,lv,male,74,32.701
1960,lv,male,75,29.408
1960,lv,male,76,26.225
1960,lv,male,77,23.174
1960,lv,male,78,20.303
1960,lv,male,79,17.563
1960,lv,male,80,15.009
1960,lv,male,81,12.656
1960,lv,male,82,10.517
1960,lv,male,83,8.5991
1960,lv,male,84,7.5082
1960,lv,male,85,5.915
1960,lv,male,86,4.5613
1960,lv,male,87,3.4357
1960,lv,male,88,2.522
1960,lv,male,89,1.7996
1960,lv,male,90,1.2448
1960,lv,male,91,0.83218
1960,lv,male,92,0.53586
1960,lv,female,0,144.35
1960,lv,female,1,141.37
1960,lv,female,2,148.58
1960,lv,female,3,147.37
1960,lv,female,4,151.44
1960,lv,female,5,152.69
1960,lv,female,6,155.24
1960,lv,female,7,155.57
1960,lv,female,8,155.4
1960,lv,female,9,154.63
1960,lv,female,10,154.01
1960,lv,female,11,145.44
1960,lv,female,12,146.57
1960,lv,female,13,145.61
1960,lv,female,14,138.58
1960,lv,female,15,135.8
1960,lv,female,16,131.43
1960,lv,female,17,133.53
1960,lv,female,18,132.79
1960,lv,female,19,134.22
1960,lv,female,20,136.93
1960,lv,female,21,140.5
1960,lv,female,22,143.6
1960,lv,female,23,143.68
1960,lv,female,24,151.33
1960,lv,female,25,147.51
1960,lv,female,26,151.09
1960,lv,female,27,152.02
1960,lv,female,28,156.74
1960,lv,female,29,153.63
1960,lv,female,30,150.81
1960,lv,female,31,153.5
1960,lv,female,32,155.7
1960,lv,female,33,157.45
1960,lv,female,34,158.76
1960,lv,female,35,159.13
1960,lv,female,36,159.77
1960,lv,female,37,160.12
1960,lv,female,38,160.21
1960,lv,female,39,136.05
1960,lv,female,40,114.96
1960,lv,female,41,85.938
1960,lv,female,42,76.487
1960,lv,female,43,77.387
1960,lv,female,44,104.76
1960,lv,female,45,142.18
1960,lv,female,46,138.86
1960,lv,female,47,135.54
1960,lv,female,48,132.23
1960,lv,female,49,128.94
1960,lv,female,50,125.67
1960,lv,female,51,122.42
1960,lv,female,52,119.16
1960,lv,female,53,115.9
1960,lv,female,54,112.62
1960,lv,female,55,109.32
1960,lv,female,56,106
1960,lv,female,57,102.66
1960,lv,female,58,99.605
1960,lv,female,59,96.216
1960,lv,female,60,92.808
1960,lv,female,61,89.383
1960,lv,female,62,85.941
1960,lv,female,63,82.482
1960,lv,female,64,79.008
1960,lv,female,65,75.603
1960,lv,female,66,72.175
1960,lv,female,67,68.728
1960,lv,female,68,65.262
1960,lv,female,69,61.782
1960,lv,female,70,58.293
1960,lv,female,71,54.8
1960,lv,female,72,51.311
1960,lv,female,73,47.834
1960,lv,female,74,44.377
1960,lv,female,75,40.954
1960,lv,female,76,37.575
1960,lv,female,77,34.257
1960,lv,female,78,31.061
1960,lv,female,79,27.902
1960,lv,female,80,24.853
1960,lv,female,81,21.933
1960,lv,female,82,19.159
1960,lv,female,83,16.55
1960,lv,female,84,14.122
1960,lv,female,85,11.887
1960,lv,female,86,9.8591
1960,lv,female,87,8.0445
1960,lv,female,88,6.4472
1960,lv,female,89,5.0663
1960,lv,female,90,3.8959
1960,lv,female,91,2.9256
1960,lv,female,92,2.1403
1960,lv,female,93,1.5206
1960,lv,female,94,1.0469
1960,lv,female,95,0.6963
1960,rom,male,0,602.37
1960,rom,male,1,550.16
1960,rom,male,2,554.86
1960,rom,male,3,531.21
1960,rom,male,4,528.38
1960,rom,male,5,516.19
1960,rom,male,6,510.49
1960,rom,male,7,500.13
1960,rom,male,8,489.47
1960,rom,male,9,478.38
1960,rom,male,10,469.45
1960,rom,male,11,438.78
1960,rom,male,12,437.94
1960,rom,male,13,431.88
1960,rom,male,14,408.68
1960,rom,male,15,399.68
1960,rom,male,16,387.1
1960,rom,male,17,393.1
1960,rom,male,18,390.13
1960,rom,male,19,393.04
1960,rom,male,20,398.44
1960,rom,male,21,405.12
1960,rom,male,22,410.01
1960,rom,male,23,405.88
1960,rom,male,24,423.02
1960,rom,male,25,408.77
1960,rom,male,26,415.72
1960,rom,male,27,415.19
1960,rom,male,28,319.19
1960,rom,male,29,325.23
1960,rom,male,30,321.28
1960,rom,male,31,321.5
1960,rom,male,32,320.61
1960,rom,male,33,319.14
1960,rom,male,34,317.25
1960,rom,male,35,314.82
1960,rom,male,36,312.37
1960,rom,male,37,309.69
1960,rom,male,38,306.83
1960,rom,male,39,268.46
1960,rom,male,40,225.44
1960,rom,male,41,168.42
1960,rom,male,42,150.36
1960,rom,male,43,153.36
1960,rom,male,44,204.12
1960,rom,male,45,266.47
1960,rom,male,46,259.73
1960,rom,male,47,252.91
1960,rom,male,48,246.3
1960,rom,male,49,239.74
1960,rom,male,50,232.85
1960,rom,male,51,225.93
1960,rom,male,52,218.97
1960,rom,male,53,211.94
1960,rom,male,54,204.85
1960,rom,male,55,197.68
1960,rom,male,56,190.44
1960,rom,male,57,183.13
1960,rom,male,58,176.05
1960,rom,male,59,168.59
1960,rom,male,60,148.2
1960,rom,male,61,141.24
1960,rom,male,62,134.24
1960,rom,male,63,127.22
1960,rom,male,64,120.17
1960,rom,male,65,113.17
1960,rom,male,66,106.17
1960,rom,male,67,99.184
1960,rom,male,68,92.226
1960,rom,male,69,85.321
1960,rom,male,70,78.493
1960,rom,male,71,71.771
1960,rom,male,72,65.185
1960,rom,male,73,58.768
1960,rom,male,74,52.555
1960,rom,male,75,46.582
1960,rom,male,76,40.887
1960,rom,male,77,35.505
1960,rom,male,78,30.497
1960,rom,male,79,25.834
1960,rom,male,80,21.575
1960,rom,male,81,17.738
1960,rom,male,82,14.336
1960,rom,male,83,11.37
1960,rom,male,84,9.6005
1960,rom,male,85,7.2905
1960,rom,male,86,5.3998
1960,rom,male,87,3.8914
1960,rom,male,88,2.7213
1960,rom,male,89,1.8412
1960,rom,male,90,1.2015
1960,rom,male,91,0.75346
1960,rom,female,0,573.09
1960,rom,female,1,529.8
1960,rom,female,2,536.44
1960,rom,female,3,514.37
1960,rom,female,4,512.06
1960,rom,female,5,500.64
1960,rom,female,6,495.45
1960,rom,female,7,485.72
1960,rom,female,8,475.76
1960,rom,female,9,465.41
1960,rom,female,10,457.2
1960,rom,female,11,427.8
1960,rom,female,12,427.39
1960,rom,female,13,421.83
1960,rom,female,14,399.47
1960,rom,female,15,390.8
1960,rom,female,16,378.51
1960,rom,female,17,384.45
1960,rom,female,18,381.67
1960,rom,female,19,384.62
1960,rom,female,20,390.07
1960,rom,female,21,396.83
1960,rom,female,22,401.8
1960,rom,female,23,397.93
1960,rom,female,24,414.93
1960,rom,female,25,401.1
1960,rom,female,26,408
1960,rom,female,27,407.67
1960,rom,female,28,312.74
1960,rom,female,29,317.45
1960,rom,female,30,313.47
1960,rom,female,31,313.82
1960,rom,female,32,313.17
1960,rom,female,33,311.99
1960,rom,female,34,310.42
1960,rom,female,35,308.22
1960,rom,female,36,306.17
1960,rom,female,37,303.93
1960,rom,female,38,301.53
1960,rom,female,39,264.22
1960,rom,female,40,222.25
1960,rom,female,41,166.36
1960,rom,female,42,148.84
1960,rom,female,43,151.91
1960,rom,female,44,202.58
1960,rom,female,45,265.01
1960,rom,female,46,258.89
1960,rom,female,47,252.72
1960,rom,female,48,246.52
1960,rom,female,49,240.33
1960,rom,female,50,234.15
1960,rom,female,51,227.96
1960,rom,female,52,221.76
1960,rom,female,53,215.51
1960,rom,female,54,209.21
1960,rom,female,55,202.87
1960,rom,female,56,196.47
1960,rom,female,57,190.01
1960,rom,female,58,183.82
1960,rom,female,59,177.25
1960,rom,female,60,170.64
1960,rom,female,61,163.98
1960,rom,female,62,157.27
1960,rom,female,63,150.52
1960,rom,female,64,143.74
1960,rom,female,65,137
1960,rom,female,66,130.21
1960,rom,female,67,123.4
1960,rom,female,68,116.57
1960,rom,female,69,109.72
1960,rom,female,70,102.87
1960,rom,female,71,96.042
1960,rom,female,72,89.246
1960,rom,female,73,82.505
1960,rom,female,74,75.844
1960,rom,female,75,69.291
1960,rom,female,76,62.874
1960,rom,female,77,56.627
1960,rom,female,78,50.63
1960,rom,female,79,44.818
1960,rom,female,80,39.282
1960,rom,female,81,34.058
1960,rom,female,82,29.177
1960,rom,female,83,24.67
1960,rom,female,84,20.56
1960,rom,female,85,16.865
1960,rom,female,86,13.596
1960,rom,female,87,10.753
1960,rom,female,88,8.3273
1960,rom,female,89,6.302
1960,rom,female,90,4.6501
1960,rom,female,91,3.3371
1960,rom,female,92,2.323
1960,rom,female,93,1.5631
1960,rom,female,94,1.0139
1960,rom,female,95,0.63164
1960,kdr,male,0,3.9597
1960,kdr,male,1,3.9015
1960,kdr,male,2,4.17
1960,kdr,male,3,4.236
1960,kdr,male,4,4.442
1960,kdr,male,5,4.5704
1960,kdr,male,6,4.733
1960,kdr,male,7,4.7869
1960,kdr,male,8,4.7835
1960,kdr,male,9,4.7317
1960,kdr,male,10,4.6702
1960,kdr,male,11,4.3922
1960,kdr,male,12,4.4093
1960,kdr,male,13,4.3662
1960,kdr,male,14,4.1446
1960,kdr,male,15,4.0507
1960,kdr,male,16,3.9155
1960,kdr,male,17,3.9731
1960,kdr,male,18,3.9467
1960,kdr,male,19,3.9801
1960,kdr,male,20,4.0478
1960,kdr,male,21,4.1396
1960,kdr,male,22,4.216
1960,kdr,male,23,4.2003
1960,kdr,male,24,4.4039
1960,kdr,male,25,4.2763
1960,kdr,male,26,4.3654
1960,kdr,male,27,4.3763
1960,kdr,male,28,6.0828
1960,kdr,male,29,5.9407
1960,kdr,male,30,5.8186
1960,kdr,male,31,5.9105
1960,kdr,male,32,5.9863
1960,kdr,male,33,6.0464
1960,kdr,male,34,6.0916
1960,kdr,male,35,6.0881
1960,kdr,male,36,6.1076
1960,kdr,male,37,6.1169
1960,kdr,male,38,6.117
1960,kdr,male,39,5.2588
1960,kdr,male,40,4.4427
1960,kdr,male,41,3.3224
1960,kdr,male,42,2.9582
1960,kdr,male,43,3.0029
1960,kdr,male,44,4.0493
1960,kdr,male,45,5.4294
1960,kdr,male,46,5.3059
1960,kdr,male,47,5.1808
1960,kdr,male,48,5.0565
1960,kdr,male,49,4.9322
1960,kdr,male,50,4.8053
1960,kdr,male,51,4.6776
1960,kdr,male,52,4.5486
1960,kdr,male,53,4.4178
1960,kdr,male,54,4.2849
1960,kdr,male,55,4.1499
1960,kdr,male,56,4.0127
1960,kdr,male,57,3.8733
1960,kdr,male,58,3.7448
1960,kdr,male,59,3.6008
1960,kdr,male,60,3.1786
1960,kdr,male,61,3.0428
1960,kdr,male,62,2.9056
1960,kdr,male,63,2.767
1960,kdr,male,64,2.6272
1960,kdr,male,65,2.4925
1960,kdr,male,66,2.3565
1960,kdr,male,67,2.2192
1960,kdr,male,68,2.0812
1960,kdr,male,69,1.9427
1960,kdr,male,70,1.8042
1960,kdr,male,71,1.6663
1960,kdr,male,72,1.5296
1960,kdr,male,73,1.3948
1960,kdr,male,74,1.2626
1960,kdr,male,75,1.1337
1960,kdr,male,76,1.0091
1960,kdr,male,77,0.88946
1960,kdr,male,78,0.77903
1960,kdr,male,79,0.6713
1960,kdr,male,80,0.57108
1960,kdr,female,0,3.7569
1960,kdr,female,1,3.7311
1960,kdr,female,2,3.9985
1960,kdr,female,3,4.066
1960,kdr,female,4,4.2659
1960,kdr,female,5,4.3915
1960,kdr,female,6,4.5496
1960,kdr,female,7,4.6034
1960,kdr,female,8,4.6028
1960,kdr,female,9,4.5558
1960,kdr,female,10,4.4995
1960,kdr,female,11,4.2346
1960,kdr,female,12,4.2536
1960,kdr,female,13,4.2141
1960,kdr,female,14,4.0021
1960,kdr,female,15,3.9123
1960,kdr,female,16,3.7818
1960,kdr,female,17,3.8381
1960,kdr,female,18,3.8134
1960,kdr,female,19,3.8464
1960,kdr,female,20,3.9136
1960,kdr,female,21,4.0047
1960,kdr,female,22,4.0809
1960,kdr,female,23,4.068
1960,kdr,female,24,4.2677
1960,kdr,female,25,4.146
1960,kdr,female,26,4.2342
1960,kdr,female,27,4.2475
1960,kdr,female,28,5.905
1960,kdr,female,29,5.7715
1960,kdr,female,30,5.6582
1960,kdr,female,31,5.7532
1960,kdr,female,32,5.833
1960,kdr,female,33,5.898
1960,kdr,female,34,5.949
1960,kdr,female,35,5.9336
1960,kdr,female,36,5.9598
1960,kdr,female,37,5.9768
1960,kdr,female,38,5.9855
1960,kdr,female,39,5.1541
1960,kdr,female,40,4.3619
1960,kdr,female,41,3.2683
1960,kdr,female,42,2.9163
1960,kdr,female,43,2.9543
1960,kdr,female,44,3.9906
1960,kdr,female,45,5.3606
1960,kdr,female,46,5.2494
1960,kdr,female,47,5.137
1960,kdr,female,48,5.0242
1960,kdr,female,49,4.9114
1960,kdr,female,50,4.7987
1960,kdr,female,51,4.6858
1960,kdr,female,52,4.572
1960,kdr,female,53,4.4569
1960,kdr,female,54,4.3403
1960,kdr,female,55,4.2221
1960,kdr,female,56,4.1022
1960,kdr,female,57,3.9806
1960,kdr,female,58,3.8707
1960,kdr,female,59,3.7453
1960,kdr,female,60,3.6184
1960,kdr,female,61,3.4901
1960,kdr,female,62,3.3602
1960,kdr,female,63,3.2289
1960,kdr,female,64,3.0963
1960,kdr,female,65,2.9697
1960,kdr,female,66,2.8412
1960,kdr,female,67,2.7109
1960,kdr,female,68,2.5788
1960,kdr,female,69,2.4453
1960,kdr,female,70,2.3105
1960,kdr,female,71,2.1747
1960,kdr,female,72,2.0382
1960,kdr,female,73,1.9014
1960,kdr,female,74,1.7647
1960,kdr,female,75,1.6288
1960,kdr,female,76,1.4941
1960,kdr,female,77,1.3613
1960,kdr,female,78,1.2364
1960,kdr,female,79,1.1089
1960,kdr,female,80,0.98562
1960,kdr,female,81,0.8675
1960,kdr,female,82,0.75534
1960,kdr,female,83,0.64994
1960,kdr,female,84,0.55201
1960,wym,male,0,2.4707
1960,wym,male,1,2.6434
1960,wym,male,2,3.0624
1960,wym,male,3,3.3373
1960,wym,male,4,3.691
1960,wym,male,5,3.9658
1960,wym,male,6,4.1764
1960,wym,male,7,4.2699
1960,wym,male,8,4.2884
1960,wym,male,9,4.2128
1960,wym,male,10,4.0969
1960,wym,male,11,3.7613
1960,wym,male,12,3.7051
1960,wym,male,13,3.6329
1960,wym,male,14,3.4016
1960,wym,male,15,3.255
1960,wym,male,16,3.0748
1960,wym,male,17,3.0311
1960,wym,male,18,2.9604
1960,wym,male,19,2.8798
1960,wym,male,20,2.8528
1960,wym,male,21,2.8794
1960,wym,male,22,2.9152
1960,wym,male,23,2.9318
1960,wym,male,24,3.0854
1960,wym,male,25,3.0268
1960,wym,male,26,3.1695
1960,wym,male,27,3.2038
1960,wym,male,28,13.446
1960,wym,male,29,12.938
1960,wym,male,30,12.476
1960,wym,male,31,12.288
1960,wym,male,32,12.086
1960,wym,male,33,11.871
1960,wym,male,34,11.644
1960,wym,male,35,11.176
1960,wym,male,36,10.95
1960,wym,male,37,10.725
1960,wym,male,38,10.504
1960,wym,male,39,9.4662
1960,wym,male,40,7.864
1960,wym,male,41,5.8657
1960,wym,male,42,5.2241
1960,wym,male,43,5.168
1960,wym,male,44,6.78
1960,wym,male,45,8.4766
1960,wym,male,46,8.2632
1960,wym,male,47,8.0531
1960,wym,male,48,7.8616
1960,wym,male,49,7.6793
1960,wym,male,50,7.4796
1960,wym,male,51,7.2804
1960,wym,male,52,7.0799
1960,wym,male,53,6.8767
1960,wym,male,54,6.6701
1960,wym,male,55,6.4598
1960,wym,male,56,6.2455
1960,wym,male,57,6.0273
1960,wym,male,58,5.9668
1960,wym,male,59,5.7345
1960,wym,male,60,5.0591
1960,wym,male,61,4.8399
1960,wym,male,62,4.6182
1960,wym,male,63,4.3945
1960,wym,male,64,4.169
1960,wym,male,65,3.9934
1960,wym,male,66,3.8114
1960,wym,male,67,3.6234
1960,wym,male,68,3.4297
1960,wym,male,69,3.2314
1960,wym,male,70,3.0289
1960,wym,male,71,2.8235
1960,wym,male,72,2.6161
1960,wym,male,73,2.4078
1960,wym,male,74,2.2
1960,wym,male,75,1.9942
1960,wym,male,76,1.792
1960,wym,male,77,1.5948
1960,wym,male,78,1.4419
1960,wym,male,79,1.2528
1960,wym,male,80,1.0748
1960,wym,male,81,0.90921
1960,wym,male,82,0.75742
1960,wym,male,83,0.6204
1960,wym,male,84,0.54222
1960,wym,female,0,2.3441
1960,wym,female,1,2.5276
1960,wym,female,2,2.9357
1960,wym,female,3,3.2023
1960,wym,female,4,3.5435
1960,wym,female,5,3.8089
1960,wym,female,6,4.0127
1960,wym,female,7,4.1044
1960,wym,female,8,4.1247
1960,wym,female,9,4.0546
1960,wym,female,10,3.9458
1960,wym,female,11,3.6253
1960,wym,female,12,3.5734
1960,wym,female,13,3.5055
1960,wym,female,14,3.2836
1960,wym,female,15,3.1424
1960,wym,female,16,2.9681
1960,wym,female,17,2.9261
1960,wym,female,18,2.8582
1960,wym,female,19,2.7803
1960,wym,female,20,2.7564
1960,wym,female,21,2.786
1960,wym,female,22,2.8243
1960,wym,female,23,2.8444
1960,wym,female,24,2.9977
1960,wym,female,25,2.9447
1960,wym,female,26,3.0874
1960,wym,female,27,3.1255
1960,wym,female,28,13.11
1960,wym,female,29,12.633
1960,wym,female,30,12.202
1960,wym,female,31,12.04
1960,wym,female,32,11.865
1960,wym,female,33,11.676
1960,wym,female,34,11.477
1960,wym,female,35,10.908
1960,wym,female,36,10.714
1960,wym,female,37,10.525
1960,wym,female,38,10.346
1960,wym,female,39,9.3641
1960,wym,female,40,7.8206
1960,wym,female,41,5.8709
1960,wym,female,42,5.2695
1960,wym,female,43,5.0861
1960,wym,female,44,6.6848
1960,wym,female,45,8.3741
1960,wym,female,46,8.1806
1960,wym,female,47,7.991
1960,wym,female,48,7.8059
1960,wym,female,49,7.6254
1960,wym,female,50,7.4479
1960,wym,female,51,7.2717
1960,wym,female,52,7.095
1960,wym,female,53,6.9165
1960,wym,female,54,6.7353
1960,wym,female,55,6.5512
1960,wym,female,56,6.364
1960,wym,female,57,6.1736
1960,wym,female,58,6.1464
1960,wym,female,59,5.9438
1960,wym,female,60,5.7386
1960,wym,female,61,5.5309
1960,wym,female,62,5.3208
1960,wym,female,63,5.1085
1960,wym,female,64,4.8941
1960,wym,female,65,4.7385
1960,wym,female,66,4.5761
1960,wym,female,67,4.4069
1960,wym,female,68,4.231
1960,wym,female,69,4.0487
1960,wym,female,70,3.8604
1960,wym,female,71,3.6666
1960,wym,female,72,3.4679
1960,wym,female,73,3.2647
1960,wym,female,74,3.0579
1960,wym,female,75,2.8484
1960,wym,female,76,2.6372
1960,wym,female,77,2.4254
1960,wym,female,78,2.2733
1960,wym,female,79,2.055
1960,wym,female,80,1.8413
1960,wym,female,81,1.6339
1960,wym,female,82,1.4345
1960,wym,female,83,1.2447
1960,wym,female,84,1.0662
1960,wym,female,85,0.90052
1960,wym,female,86,0.74881
1960,wym,female,87,0.61209
1960,oth,male,0,509.65
1960,oth,male,1,501.95
1960,oth,male,2,534.25
1960,oth,male,3,537.19
1960,oth,male,4,558.14
1960,oth,male,5,568.4
1960,oth,male,6,582.15
1960,oth,male,7,586.89
1960,oth,male,8,586.95
1960,oth,male,9,583.31
1960,oth,male,10,579.56
1960,oth,male,11,548.04
1960,oth,male,12,552.46
1960,oth,male,13,551.18
1960,oth,male,14,527.32
1960,oth,male,15,518.27
1960,oth,male,16,503.38
1960,oth,male,17,512.5
1960,oth,male,18,510.04
1960,oth,male,19,513.96
1960,oth,male,20,521.6
1960,oth,male,21,532.06
1960,oth,male,22,540.54
1960,oth,male,23,537.8
1960,oth,male,24,562.92
1960,oth,male,25,546.38
1960,oth,male,26,557.67
1960,oth,male,27,559.15
1960,oth,male,28,736.96
1960,oth,male,29,717.58
1960,oth,male,30,700.37
1960,oth,male,31,705.62
1960,oth,male,32,709.14
1960,oth,male,33,710.97
1960,oth,male,34,711.14
1960,oth,male,35,706.21
1960,oth,male,36,704.49
1960,oth,male,37,701.89
1960,oth,male,38,698.58
1960,oth,male,39,610
1960,oth,male,40,516.79
1960,oth,male,41,387.21
1960,oth,male,42,346.89
1960,oth,male,43,347.96
1960,oth,male,44,460.99
1960,oth,male,45,605.53
1960,oth,male,46,590.19
1960,oth,male,47,574.82
1960,oth,male,48,564.36
1960,oth,male,49,555.7
1960,oth,male,50,540.47
1960,oth,male,51,525.21
1960,oth,male,52,509.86
1960,oth,male,53,494.4
1960,oth,male,54,478.79
1960,oth,male,55,463.04
1960,oth,male,56,447.13
1960,oth,male,57,431.06
1960,oth,male,58,420.6
1960,oth,male,59,404.02
1960,oth,male,60,356.48
1960,oth,male,61,340.97
1960,oth,male,62,325.35
1960,oth,male,63,309.63
1960,oth,male,64,293.83
1960,oth,male,65,279.2
1960,oth,male,66,264.4
1960,oth,male,67,249.44
1960,oth,male,68,234.36
1960,oth,male,69,219.21
1960,oth,male,70,204.03
1960,oth,male,71,188.88
1960,oth,male,72,173.83
1960,oth,male,73,158.94
1960,oth,male,74,144.3
1960,oth,male,75,129.99
1960,oth,male,76,116.1
1960,oth,male,77,102.73
1960,oth,male,78,90.651
1960,oth,male,79,78.456
1960,oth,male,80,67.064
1960,oth,male,81,56.551
1960,oth,male,82,46.982
1960,oth,male,83,38.4
1960,oth,male,84,33.478
1960,oth,male,85,26.358
1960,oth,male,86,20.316
1960,oth,male,87,15.302
1960,oth,male,88,11.243
1960,oth,male,89,8.0439
1960,oth,male,90,5.5961
1960,oth,male,91,3.7827
1960,oth,male,92,2.4859
1960,oth,male,93,1.588
1960,oth,male,94,0.99739
1960,oth,male,95,0.62553
1960,oth,female,0,483.43
1960,oth,female,1,479.73
1960,oth,female,2,511.85
1960,oth,female,3,515.17
1960,oth,female,4,535.51
1960,oth,female,5,545.62
1960,oth,female,6,559.04
1960,oth,female,7,563.79
1960,oth,female,8,564.11
1960,oth,female,9,560.9
1960,oth,female,10,557.62
1960,oth,female,11,527.6
1960,oth,female,12,532.13
1960,oth,female,13,531.14
1960,oth,female,14,508.35
1960,oth,female,15,499.69
1960,oth,female,16,485.31
1960,oth,female,17,494.15
1960,oth,female,18,491.86
1960,oth,female,19,495.69
1960,oth,female,20,503.26
1960,oth,female,21,513.65
1960,oth,female,22,522.07
1960,oth,female,23,519.61
1960,oth,female,24,544.14
1960,oth,female,25,528.32
1960,oth,female,26,539.44
1960,oth,female,27,541.2
1960,oth,female,28,713.74
1960,oth,female,29,695.51
1960,oth,female,30,679.46
1960,oth,female,31,685.26
1960,oth,female,32,689.44
1960,oth,female,33,692.02
1960,oth,female,34,693.05
1960,oth,female,35,687.27
1960,oth,female,36,687.12
1960,oth,female,37,686.39
1960,oth,female,38,685.33
1960,oth,female,39,600.47
1960,oth,female,40,510.76
1960,oth,female,41,384.38
1960,oth,female,42,346.39
1960,oth,female,43,345.33
1960,oth,female,44,459.18
1960,oth,female,45,605.2
1960,oth,female,46,591.48
1960,oth,female,47,577.75
1960,oth,female,48,564.06
1960,oth,female,49,550.44
1960,oth,female,50,536.87
1960,oth,female,51,523.32
1960,oth,female,52,509.75
1960,oth,female,53,496.1
1960,oth,female,54,482.36
1960,oth,female,55,468.52
1960,oth,female,56,454.57
1960,oth,female,57,440.51
1960,oth,female,58,432.24
1960,oth,female,59,417.76
1960,oth,female,60,403.18
1960,oth,female,61,388.48
1960,oth,female,62,373.69
1960,oth,female,63,358.79
1960,oth,female,64,343.8
1960,oth,female,65,330.16
1960,oth,female,66,316.3
1960,oth,female,67,302.23
1960,oth,female,68,287.95
1960,oth,female,69,273.49
1960,oth,female,70,258.86
1960,oth,female,71,244.09
1960,oth,female,72,229.22
1960,oth,female,73,214.28
1960,oth,female,74,199.33
1960,oth,female,75,184.41
1960,oth,female,76,169.6
1960,oth,female,77,154.96
1960,oth,female,78,141.65
1960,oth,female,79,127.42
1960,oth,female,80,113.64
1960,oth,female,81,100.38
1960,oth,female,82,87.748
1960,oth,female,83,75.831
1960,oth,female,84,64.714
1960,oth,female,85,54.471
1960,oth,female,86,45.161
1960,oth,female,87,36.828
1960,oth,female,88,29.494
1960,oth,female,89,23.158
1960,oth,female,90,17.796
1960,oth,female,91,13.36
1960,oth,female,92,9.7796
1960,oth,female,93,6.9432
1960,oth,female,94,4.7911
1960,oth,female,95,3.2108
1960,oth,female,96,2.091
1960,oth,female,97,1.3276
1960,oth,female,98,0.82838
1960,oth,female,99,0.51611
1960,oth,female,100,0.64721
1970,pl,male,0,2.6562e+05
1970,pl,male,1,2.5943e+05
1970,pl,male,2,2.582e+05
1970,pl,male,3,2.5674e+05
1970,pl,male,4,2.6707e+05
1970,pl,male,5,2.6892e+05
1970,pl,male,6,2.7129e+05
1970,pl,male,7,2.7368e+05
1970,pl,male,8,2.7774e+05
1970,pl,male,9,2.8453e+05
1970,pl,male,10,2.9258e+05
1970,pl,male,11,2.9068e+05
1970,pl,male,12,3.027e+05
1970,pl,male,13,2.9522e+05
1970,pl,male,14,2.9788e+05
1970,pl,male,15,2.95e+05
1970,pl,male,16,2.9515e+05
1970,pl,male,17,2.9162e+05
1970,pl,male,18,2.8694e+05
1970,pl,male,19,2.8129e+05
1970,pl,male,20,2.7604e+05
1970,pl,male,21,2.5755e+05
1970,pl,male,22,2.5579e+05
1970,pl,male,23,2.5046e+05
1970,pl,male,24,2.3499e+05
1970,pl,male,25,2.2772e+05
1970,pl,male,26,2.1845e+05
1970,pl,male,27,2.1967e+05
1970,pl,male,28,2.1594e+05
1970,pl,male,29,2.1577e+05
1970,pl,male,30,2.1744e+05
1970,pl,male,31,2.2036e+05
1970,pl,male,32,2.2284e+05
1970,pl,male,33,2.2085e+05
1970,pl,male,34,2.307e+05
1970,pl,male,35,2.2361e+05
1970,pl,male,36,2.2794e+05
1970,pl,male,37,2.2832e+05
1970,pl,male,38,2.14e+05
1970,pl,male,39,2.0946e+05
1970,pl,male,40,2.0539e+05
1970,pl,male,41,2.0657e+05
1970,pl,male,42,2.0734e+05
1970,pl,male,43,2.077e+05
1970,pl,male,44,2.0766e+05
1970,pl,male,45,2.0756e+05
1970,pl,male,46,2.0675e+05
1970,pl,male,47,2.0563e+05
1970,pl,male,48,2.042e+05
1970,pl,male,49,1.7968e+05
1970,pl,male,50,1.5178e+05
1970,pl,male,51,1.1212e+05
1970,pl,male,52,1.0004e+05
1970,pl,male,53,1.018e+05
1970,pl,male,54,1.3447e+05
1970,pl,male,55,1.7543e+05
1970,pl,male,56,1.7007e+05
1970,pl,male,57,1.6458e+05
1970,pl,male,58,1.5866e+05
1970,pl,male,59,1.5255e+05
1970,pl,male,60,1.4686e+05
1970,pl,male,61,1.411e+05
1970,pl,male,62,1.3526e+05
1970,pl,male,63,1.2933e+05
1970,pl,male,64,1.233e+05
1970,pl,male,65,1.1708e+05
1970,pl,male,66,1.108e+05
1970,pl,male,67,1.0446e+05
1970,pl,male,68,97782
1970,pl,male,69,91421
1970,pl,male,70,78263
1970,pl,male,71,72449
1970,pl,male,72,66689
1970,pl,male,73,61010
1970,pl,male,74,55439
1970,pl,male,75,50007
1970,pl,male,76,44744
1970,pl,male,77,39683
1970,pl,male,78,34854
1970,pl,male,79,30289
1970,pl,male,80,26016
1970,pl,male,81,22062
1970,pl,male,82,18448
1970,pl,male,83,15190
1970,pl,male,84,12298
1970,pl,male,85,9773.1
1970,pl,male,86,7610.1
1970,pl,male,87,5795
1970,pl,male,88,4296.4
1970,pl,male,89,3107.9
1970,pl,male,90,2183
1970,pl,male,91,1484.6
1970,pl,male,92,974.52
1970,pl,male,93,615.42
1970,pl,male,94,404.89
1970,pl,male,95,234.02
1970,pl,male,96,128.62
1970,pl,male,97,66.947
1970,pl,male,98,32.879
1970,pl,male,99,15.207
1970,pl,male,100,11.103
1970,pl,female,0,2.5195e+05
1970,pl,female,1,2.479e+05
1970,pl,female,2,2.4733e+05
1970,pl,female,3,2.4618e+05
1970,pl,female,4,2.5623e+05
1970,pl,female,5,2.5814e+05
1970,pl,female,6,2.6056e+05
1970,pl,female,7,2.63e+05
1970,pl,female,8,2.6705e+05
1970,pl,female,9,2.7372e+05
1970,pl,female,10,2.8155e+05
1970,pl,female,11,2.7984e+05
1970,pl,female,12,2.916e+05
1970,pl,female,13,2.8454e+05
1970,pl,female,14,2.8722e+05
1970,pl,female,15,2.8459e+05
1970,pl,female,16,2.8486e+05
1970,pl,female,17,2.8159e+05
1970,pl,female,18,2.7723e+05
1970,pl,female,19,2.7194e+05
1970,pl,female,20,2.6704e+05
1970,pl,female,21,2.4932e+05
1970,pl,female,22,2.4775e+05
1970,pl,female,23,2.4272e+05
1970,pl,female,24,2.2783e+05
1970,pl,female,25,2.2082e+05
1970,pl,female,26,2.1182e+05
1970,pl,female,27,2.1303e+05
1970,pl,female,28,2.0946e+05
1970,pl,female,29,2.0934e+05
1970,pl,female,30,2.1103e+05
1970,pl,female,31,2.1394e+05
1970,pl,female,32,2.1642e+05
1970,pl,female,33,2.1457e+05
1970,pl,female,34,2.2422e+05
1970,pl,female,35,2.1741e+05
1970,pl,female,36,2.2168e+05
1970,pl,female,37,2.2216e+05
1970,pl,female,38,2.0834e+05
1970,pl,female,39,2.0408e+05
1970,pl,female,40,2.0032e+05
1970,pl,female,41,2.0167e+05
1970,pl,female,42,2.0266e+05
1970,pl,female,43,2.0326e+05
1970,pl,female,44,2.035e+05
1970,pl,female,45,2.039e+05
1970,pl,female,46,2.0339e+05
1970,pl,female,47,2.0258e+05
1970,pl,female,48,2.015e+05
1970,pl,female,49,1.7759e+05
1970,pl,female,50,1.5029e+05
1970,pl,female,51,1.1124e+05
1970,pl,female,52,99458
1970,pl,female,53,1.0177e+05
1970,pl,female,54,1.3491e+05
1970,pl,female,55,1.7671e+05
1970,pl,female,56,1.7205e+05
1970,pl,female,57,1.673e+05
1970,pl,female,58,1.6248e+05
1970,pl,female,59,1.5761e+05
1970,pl,female,60,1.5271e+05
1970,pl,female,61,1.4775e+05
1970,pl,female,62,1.4273e+05
1970,pl,female,63,1.3763e+05
1970,pl,female,64,1.3244e+05
1970,pl,female,65,1.2704e+05
1970,pl,female,66,1.2156e+05
1970,pl,female,67,1.1602e+05
1970,pl,female,68,1.1007e+05
1970,pl,female,69,1.0443e+05
1970,pl,female,70,98756
1970,pl,female,71,93053
1970,pl,female,72,87336
1970,pl,female,73,81621
1970,pl,female,74,75927
1970,pl,female,75,70271
1970,pl,female,76,64677
1970,pl,female,77,59167
1970,pl,female,78,53767
1970,pl,female,79,48504
1970,pl,female,80,43408
1970,pl,female,81,38507
1970,pl,female,82,33832
1970,pl,female,83,29413
1970,pl,female,84,25275
1970,pl,female,85,21445
1970,pl,female,86,17943
1970,pl,female,87,14784
1970,pl,female,88,11953
1970,pl,female,89,9507.7
1970,pl,female,90,7410.8
1970,pl,female,91,5649.4
1970,pl,female,92,4202.8
1970,pl,female,93,3044.2
1970,pl,female,94,2141.2
1970,pl,female,95,1458.5
1970,pl,female,96,959.12
1970,pl,female,97,606.9
1970,pl,female,98,368.2
1970,pl,female,99,213.36
1970,pl,female,100,249.33
1970,uk,male,0,64722
1970,uk,male,1,62921
1970,uk,male,2,62372
1970,uk,male,3,61664
1970,uk,male,4,64036
1970,uk,male,5,64222
1970,uk,male,6,64523
1970,uk,male,7,64773
1970,uk,male,8,65404
1970,uk,male,9,66438
1970,uk,male,10,67932
1970,uk,male,11,66977
1970,uk,male,12,69253
1970,uk,male,13,67089
1970,uk,male,14,67278
1970,uk,male,15,66079
1970,uk,male,16,65568
1970,uk,male,17,64194
1970,uk,male,18,62556
1970,uk,male,19,60704
1970,uk,male,20,59077
1970,uk,male,21,54670
1970,uk,male,22,54005
1970,uk,male,23,52705
1970,uk,male,24,49356
1970,uk,male,25,47794
1970,uk,male,26,45804
1970,uk,male,27,46054
1970,uk,male,28,45201
1970,uk,male,29,45003
1970,uk,male,30,45101
1970,uk,male,31,45379
1970,uk,male,32,45554
1970,uk,male,33,44843
1970,uk,male,34,46535
1970,uk,male,35,44790
1970,uk,male,36,45414
1970,uk,male,37,45270
1970,uk,male,38,44675
1970,uk,male,39,43509
1970,uk,male,40,42456
1970,uk,male,41,41939
1970,uk,male,42,41399
1970,uk,male,43,40831
1970,uk,male,44,40237
1970,uk,male,45,39610
1970,uk,male,46,38988
1970,uk,male,47,38354
1970,uk,male,48,37712
1970,uk,male,49,33130
1970,uk,male,50,27588
1970,uk,male,51,20631
1970,uk,male,52,18369
1970,uk,male,53,18739
1970,uk,male,54,24730
1970,uk,male,55,31642
1970,uk,male,56,30645
1970,uk,male,57,29627
1970,uk,male,58,28643
1970,uk,male,59,27661
1970,uk,male,60,26596
1970,uk,male,61,25517
1970,uk,male,62,24422
1970,uk,male,63,23312
1970,uk,male,64,22185
1970,uk,male,65,21051
1970,uk,male,66,19903
1970,uk,male,67,18746
1970,uk,male,68,17593
1970,uk,male,69,16426
1970,uk,male,70,14039
1970,uk,male,71,12972
1970,uk,male,72,11915
1970,uk,male,73,10875
1970,uk,male,74,9855
1970,uk,male,75,8862.2
1970,uk,male,76,7902.1
1970,uk,male,77,6981
1970,uk,male,78,6104.7
1970,uk,male,79,5279
1970,uk,male,80,4509.4
1970,uk,male,81,3800.5
1970,uk,male,82,3156
1970,uk,male,83,2578.7
1970,uk,male,84,2069.7
1970,uk,male,85,1629
1970,uk,male,86,1255
1970,uk,male,87,944.26
1970,uk,male,88,692.51
1970,uk,male,89,493.53
1970,uk,male,90,340.94
1970,uk,male,91,227.62
1970,uk,male,92,146.38
1970,uk,male,93,90.362
1970,uk,male,94,57.965
1970,uk,male,95,32.59
1970,uk,male,96,17.386
1970,uk,male,97,8.7745
1970,uk,male,98,4.1864
1970,uk,male,99,1.8998
1970,uk,male,100,1.3612
1970,uk,female,0,61424
1970,uk,female,1,60204
1970,uk,female,2,59839
1970,uk,female,3,59226
1970,uk,female,4,61546
1970,uk,female,5,61756
1970,uk,female,6,62082
1970,uk,female,7,62360
1970,uk,female,8,63006
1970,uk,female,9,64038
1970,uk,female,10,65504
1970,uk,female,11,64618
1970,uk,female,12,66864
1970,uk,female,13,64815
1970,uk,female,14,65031
1970,uk,female,15,63914
1970,uk,female,16,63459
1970,uk,female,17,62169
1970,uk,female,18,60629
1970,uk,female,19,58886
1970,uk,female,20,57366
1970,uk,female,21,53142
1970,uk,female,22,52545
1970,uk,female,23,51325
1970,uk,female,24,48104
1970,uk,female,25,46602
1970,uk,female,26,44673
1970,uk,female,27,44933
1970,uk,female,28,44124
1970,uk,female,29,43952
1970,uk,female,30,44073
1970,uk,female,31,44375
1970,uk,female,32,44573
1970,uk,female,33,43903
1970,uk,female,34,45590
1970,uk,female,35,43911
1970,uk,female,36,44548
1970,uk,female,37,44441
1970,uk,female,38,43895
1970,uk,female,39,42795
1970,uk,female,40,41815
1970,uk,female,41,41363
1970,uk,female,42,40892
1970,uk,female,43,40398
1970,uk,female,44,39880
1970,uk,female,45,39327
1970,uk,female,46,38796
1970,uk,female,47,38260
1970,uk,female,48,37721
1970,uk,female,49,33233
1970,uk,female,50,27764
1970,uk,female,51,20837
1970,uk,female,52,18626
1970,uk,female,53,19061
1970,uk,female,54,25257
1970,uk,female,55,32464
1970,uk,female,56,31592
1970,uk,female,57,30701
1970,uk,female,58,29797
1970,uk,female,59,28883
1970,uk,female,60,27960
1970,uk,female,61,27025
1970,uk,female,62,26077
1970,uk,female,63,25113
1970,uk,female,64,24134
1970,uk,female,65,23146
1970,uk,female,66,22142
1970,uk,female,67,21124
1970,uk,female,68,20106
1970,uk,female,69,19063
1970,uk,female,70,18012
1970,uk,female,71,16955
1970,uk,female,72,15895
1970,uk,female,73,14835
1970,uk,female,74,13778
1970,uk,female,75,12728
1970,uk,female,76,11690
1970,uk,female,77,10668
1970,uk,female,78,9667.9
1970,uk,female,79,8694.2
1970,uk,female,80,7753
1970,uk,female,81,6850.1
1970,uk,female,82,5991.2
1970,uk,female,83,5181.9
1970,uk,female,84,4427.5
1970,uk,female,85,3732.4
1970,uk,female,86,3100.4
1970,uk,female,87,2534
1970,uk,female,88,2035.1
1970,uk,female,89,1602.4
1970,uk,female,90,1234.9
1970,uk,female,91,929.52
1970,uk,female,92,681.82
1970,uk,female,93,486.13
1970,uk,female,94,335.99
1970,uk,female,95,224.43
1970,uk,female,96,144.4
1970,uk,female,97,89.188
1970,uk,female,98,52.675
1970,uk,female,99,29.632
1970,uk,female,100,32.168
1970,be,male,0,14097
1970,be,male,1,13813
1970,be,male,2,13798
1970,be,male,3,13774
1970,be,male,4,14383
1970,be,male,5,14533
1970,be,male,6,14729
1970,be,male,7,14844
1970,be,male,8,15054
1970,be,male,9,15367
1970,be,male,10,15802
1970,be,male,11,15652
1970,be,male,12,16237
1970,be,male,13,15789
1970,be,male,14,15846
1970,be,male,15,15535
1970,be,male,16,15357
1970,be,male,17,14969
1970,be,male,18,14517
1970,be,male,19,14031
1970,be,male,20,13589
1970,be,male,21,12523
1970,be,male,22,12338
1970,be,male,23,12026
1970,be,male,24,11269
1970,be,male,25,10926
1970,be,male,26,10486
1970,be,male,27,10555
1970,be,male,28,10376
1970,be,male,29,10334
1970,be,male,30,10348
1970,be,male,31,10392
1970,be,male,32,10399
1970,be,male,33,10201
1970,be,male,34,10552
1970,be,male,35,10127
1970,be,male,36,10239
1970,be,male,37,10169
1970,be,male,38,10787
1970,be,male,39,10445
1970,be,male,40,10133
1970,be,male,41,9873.9
1970,be,male,42,9619.7
1970,be,male,43,9369.4
1970,be,male,44,9122.9
1970,be,male,45,8865.3
1970,be,male,46,8645.7
1970,be,male,47,8434.3
1970,be,male,48,8231.3
1970,be,male,49,6831.2
1970,be,male,50,5651.9
1970,be,male,51,4208.6
1970,be,male,52,3731.1
1970,be,male,53,3741.2
1970,be,male,54,5016.6
1970,be,male,55,6738.5
1970,be,male,56,6507.6
1970,be,male,57,6275.1
1970,be,male,58,6129.1
1970,be,male,59,6010.3
1970,be,male,60,5770.1
1970,be,male,61,5528
1970,be,male,62,5283.5
1970,be,male,63,5036.3
1970,be,male,64,4786.6
1970,be,male,65,4544.3
1970,be,male,66,4298.7
1970,be,male,67,4050.4
1970,be,male,68,3818.6
1970,be,male,69,3565.7
1970,be,male,70,3047.8
1970,be,male,71,2816.1
1970,be,male,72,2586.6
1970,be,male,73,2360.3
1970,be,male,74,2138.5
1970,be,male,75,1922.5
1970,be,male,76,1713.5
1970,be,male,77,1513.1
1970,be,male,78,1322.4
1970,be,male,79,1142.8
1970,be,male,80,975.39
1970,be,male,81,821.31
1970,be,male,82,681.35
1970,be,male,83,556.06
1970,be,male,84,445.74
1970,be,male,85,350.33
1970,be,male,86,269.44
1970,be,male,87,202.37
1970,be,male,88,148.38
1970,be,male,89,105.49
1970,be,male,90,72.676
1970,be,male,91,48.371
1970,be,male,92,30.998
1970,be,male,93,19.056
1970,be,male,94,12.166
1970,be,male,95,6.7973
1970,be,male,96,3.595
1970,be,male,97,1.7905
1970,be,male,98,0.83484
1970,be,female,0,13380
1970,be,female,1,13219
1970,be,female,2,13241
1970,be,female,3,13233
1970,be,female,4,13829
1970,be,female,5,13981
1970,be,female,6,14178
1970,be,female,7,14297
1970,be,female,8,14509
1970,be,female,9,14820
1970,be,female,10,15245
1970,be,female,11,15107
1970,be,female,12,15683
1970,be,female,13,15259
1970,be,female,14,15323
1970,be,female,15,15031
1970,be,female,16,14868
1970,be,female,17,14500
1970,be,female,18,14073
1970,be,female,19,13613
1970,be,female,20,13198
1970,be,female,21,12179
1970,be,female,22,12013
1970,be,female,23,11722
1970,be,female,24,10995
1970,be,female,25,10668
1970,be,female,26,10244
1970,be,female,27,10318
1970,be,female,28,10151
1970,be,female,29,10117
1970,be,female,30,10140
1970,be,female,31,10193
1970,be,female,32,10209
1970,be,female,33,10024
1970,be,female,34,10380
1970,be,female,35,9970.8
1970,be,female,36,10089
1970,be,female,37,10032
1970,be,female,38,10650
1970,be,female,39,10327
1970,be,female,40,10037
1970,be,female,41,9797.6
1970,be,female,42,9564.2
1970,be,female,43,9335.1
1970,be,female,44,9110.2
1970,be,female,45,8864
1970,be,female,46,8679.1
1970,be,female,47,8505.6
1970,be,female,48,8344.1
1970,be,female,49,6965.9
1970,be,female,50,5802.2
1970,be,female,51,4353.5
1970,be,female,52,3892.7
1970,be,female,53,3905.2
1970,be,female,54,5261.6
1970,be,female,55,7104
1970,be,female,56,6898.3
1970,be,female,57,6690.9
1970,be,female,58,6482.6
1970,be,female,59,6273.7
1970,be,female,60,6064
1970,be,female,61,5853
1970,be,female,62,5639.9
1970,be,female,63,5424.4
1970,be,female,64,5206.1
1970,be,female,65,4995.9
1970,be,female,66,4781.8
1970,be,female,67,4564.1
1970,be,female,68,4364.1
1970,be,female,69,4138.7
1970,be,female,70,3911.1
1970,be,female,71,3682
1970,be,female,72,3451.8
1970,be,female,73,3221.5
1970,be,female,74,2991.6
1970,be,female,75,2763.2
1970,be,female,76,2537.3
1970,be,female,77,2314.8
1970,be,female,78,2096.9
1970,be,female,79,1884.8
1970,be,female,80,1679.8
1970,be,female,81,1483.2
1970,be,female,82,1296.3
1970,be,female,83,1120.3
1970,be,female,84,956.3
1970,be,female,85,805.33
1970,be,female,86,668.18
1970,be,female,87,545.4
1970,be,female,88,438.16
1970,be,female,89,344.39
1970,be,female,90,264.9
1970,be,female,91,198.97
1970,be,female,92,145.61
1970,be,female,93,103.55
1970,be,female,94,71.358
1970,be,female,95,47.508
1970,be,female,96,30.455
1970,be,female,97,18.728
1970,be,female,98,11.004
1970,be,female,99,6.1503
1970,be,female,100,6.5789
1970,pls,male,0,11261
1970,pls,male,1,11090
1970,pls,male,2,11082
1970,pls,male,3,11111
1970,pls,male,4,11592
1970,pls,male,5,11691
1970,pls,male,6,11786
1970,pls,male,7,11881
1970,pls,male,8,11994
1970,pls,male,9,12191
1970,pls,male,10,12468
1970,pls,male,11,12282
1970,pls,male,12,12674
1970,pls,male,13,12274
1970,pls,male,14,12279
1970,pls,male,15,11985
1970,pls,male,16,11781
1970,pls,male,17,11436
1970,pls,male,18,11068
1970,pls,male,19,10696
1970,pls,male,20,10370
1970,pls,male,21,9578.6
1970,pls,male,22,9472.7
1970,pls,male,23,9277.5
1970,pls,male,24,8748
1970,pls,male,25,8535.4
1970,pls,male,26,8234.4
1970,pls,male,27,8318.8
1970,pls,male,28,8183.5
1970,pls,male,29,8125.5
1970,pls,male,30,8092.5
1970,pls,male,31,8080.8
1970,pls,male,32,8036.5
1970,pls,male,33,7839.8
1970,pls,male,34,8070.1
1970,pls,male,35,7712.5
1970,pls,male,36,7766.6
1970,pls,male,37,7689.6
1970,pls,male,38,8212.1
1970,pls,male,39,7901.9
1970,pls,male,40,7623.7
1970,pls,male,41,7323
1970,pls,male,42,7037.5
1970,pls,male,43,6765.4
1970,pls,male,44,6505.9
1970,pls,male,45,6256.2
1970,pls,male,46,6047.2
1970,pls,male,47,5852.6
1970,pls,male,48,5671.9
1970,pls,male,49,4678.8
1970,pls,male,50,3851.4
1970,pls,male,51,2872.4
1970,pls,male,52,2551.5
1970,pls,male,53,2548
1970,pls,male,54,3403.5
1970,pls,male,55,4554.9
1970,pls,male,56,4383.6
1970,pls,male,57,4213.3
1970,pls,male,58,4183.2
1970,pls,male,59,4197.7
1970,pls,male,60,4020.5
1970,pls,male,61,3842.9
1970,pls,male,62,3664.5
1970,pls,male,63,3485.2
1970,pls,male,64,3305
1970,pls,male,65,3132.5
1970,pls,male,66,2958.1
1970,pls,male,67,2782.4
1970,pls,male,68,2618.5
1970,pls,male,69,2440.5
1970,pls,male,70,2082.1
1970,pls,male,71,1920
1970,pls,male,72,1759.9
1970,pls,male,73,1602.4
1970,pls,male,74,1448.4
1970,pls,male,75,1298.9
1970,pls,male,76,1154.7
1970,pls,male,77,1016.8
1970,pls,male,78,885.95
1970,pls,male,79,763.13
1970,pls,male,80,649.09
1970,pls,male,81,544.5
1970,pls,male,82,449.86
1970,pls,male,83,365.52
1970,pls,male,84,291.58
1970,pls,male,85,227.97
1970,pls,male,86,174.33
1970,pls,male,87,130.12
1970,pls,male,88,94.75
1970,pls,male,89,66.862
1970,pls,male,90,45.69
1970,pls,male,91,30.14
1970,pls,male,92,19.128
1970,pls,male,93,11.634
1970,pls,male,94,7.3412
1970,pls,male,95,4.0494
1970,pls,male,96,2.1119
1970,pls,male,97,1.0358
1970,pls,female,0,10692
1970,pls,female,1,10623
1970,pls,female,2,10645
1970,pls,female,3,10687
1970,pls,female,4,11158
1970,pls,female,5,11260
1970,pls,female,6,11358
1970,pls,female,7,11456
1970,pls,female,8,11574
1970,pls,female,9,11771
1970,pls,female,10,12044
1970,pls,female,11,11871
1970,pls,female,12,12260
1970,pls,female,13,11882
1970,pls,female,14,11893
1970,pls,female,15,11616
1970,pls,female,16,11426
1970,pls,female,17,11099
1970,pls,female,18,10752
1970,pls,female,19,10400
1970,pls,female,20,10098
1970,pls,female,21,9343.8
1970,pls,female,22,9256.2
1970,pls,female,23,9080.1
1970,pls,female,24,8574.9
1970,pls,female,25,8375.8
1970,pls,female,26,8087.8
1970,pls,female,27,8178.9
1970,pls,female,28,8055.5
1970,pls,female,29,8008.3
1970,pls,female,30,7987.6
1970,pls,female,31,7988.5
1970,pls,female,32,7956.8
1970,pls,female,33,7773.6
1970,pls,female,34,8014.3
1970,pls,female,35,7670.5
1970,pls,female,36,7735.6
1970,pls,female,37,7672.7
1970,pls,female,38,8206.1
1970,pls,female,39,7913.7
1970,pls,female,40,7653.7
1970,pls,female,41,7371.2
1970,pls,female,42,7103.8
1970,pls,female,43,6850
1970,pls,female,44,6608.7
1970,pls,female,45,6375.9
1970,pls,female,46,6204.9
1970,pls,female,47,6051.8
1970,pls,female,48,5916.6
1970,pls,female,49,4928.9
1970,pls,female,50,4102.3
1970,pls,female,51,3097.1
1970,pls,female,52,2788.3
1970,pls,female,53,2789.4
1970,pls,female,54,3747.9
1970,pls,female,55,5046.8
1970,pls,female,56,4888.5
1970,pls,female,57,4730.5
1970,pls,female,58,4573.1
1970,pls,female,59,4416.2
1970,pls,female,60,4259.5
1970,pls,female,61,4102.7
1970,pls,female,62,3945.2
1970,pls,female,63,3786.8
1970,pls,female,64,3627.4
1970,pls,female,65,3476.1
1970,pls,female,66,3322.4
1970,pls,female,67,3166.6
1970,pls,female,68,3023.5
1970,pls,female,69,2863.2
1970,pls,female,70,2701.7
1970,pls,female,71,2539.4
1970,pls,female,72,2376.9
1970,pls,female,73,2214.5
1970,pls,female,74,2052.9
1970,pls,female,75,1892.6
1970,pls,female,76,1734.4
1970,pls,female,77,1579
1970,pls,female,78,1427.2
1970,pls,female,79,1279.8
1970,pls,female,80,1137.7
1970,pls,female,81,1001.7
1970,pls,female,82,872.88
1970,pls,female,83,751.91
1970,pls,female,84,639.58
1970,pls,female,85,536.55
1970,pls,female,86,443.32
1970,pls,female,87,360.23
1970,pls,female,88,287.96
1970,pls,female,89,225.12
1970,pls,female,90,172.14
1970,pls,female,91,128.46
1970,pls,female,92,93.349
1970,pls,female,93,65.874
1970,pls,female,94,45.015
1970,pls,female,95,29.694
1970,pls,female,96,18.843
1970,pls,female,97,11.46
1970,pls,female,98,6.652
1970,pls,female,99,3.6687
1970,pls,female,100,3.8069
1970,yi,male,0,13444
1970,yi,male,1,13146
1970,yi,male,2,13027
1970,yi,male,3,12902
1970,yi,male,4,13422
1970,yi,male,5,13515
1970,yi,male,6,13678
1970,yi,male,7,13841
1970,yi,male,8,14161
1970,yi,male,9,14630
1970,yi,male,10,15247
1970,yi,male,11,15342
1970,yi,male,12,16231
1970,yi,male,13,16155
1970,yi,male,14,16600
1970,yi,male,15,16706
1970,yi,male,16,16915
1970,yi,male,17,16843
1970,yi,male,18,16647
1970,yi,male,19,16334
1970,yi,male,20,16008
1970,yi,male,21,14872
1970,yi,male,22,14687
1970,yi,male,23,14306
1970,yi,male,24,13336
1970,yi,male,25,12837
1970,yi,male,26,12207
1970,yi,male,27,12165
1970,yi,male,28,11856
1970,yi,male,29,11736
1970,yi,male,30,11733
1970,yi,male,31,11837
1970,yi,male,32,11946
1970,yi,male,33,11848
1970,yi,male,34,12387
1970,yi,male,35,12026
1970,yi,male,36,12283
1970,yi,male,37,12325
1970,yi,male,38,17373
1970,yi,male,39,17044
1970,yi,male,40,16747
1970,yi,male,41,17466
1970,yi,male,42,18074
1970,yi,male,43,18575
1970,yi,male,44,18978
1970,yi,male,45,19047
1970,yi,male,46,19289
1970,yi,male,47,19462
1970,yi,male,48,19573
1970,yi,male,49,16960
1970,yi,male,50,14375
1970,yi,male,51,10678
1970,yi,male,52,9450.1
1970,yi,male,53,9355.3
1970,yi,male,54,12492
1970,yi,male,55,16548
1970,yi,male,56,16025
1970,yi,male,57,15505
1970,yi,male,58,15052
1970,yi,male,59,14644
1970,yi,male,60,14189
1970,yi,male,61,13746
1970,yi,male,62,13303
1970,yi,male,63,12849
1970,yi,male,64,12376
1970,yi,male,65,11958
1970,yi,male,66,11513
1970,yi,male,67,11041
1970,yi,male,68,10792
1970,yi,male,69,10254
1970,yi,male,70,8919.8
1970,yi,male,71,8389.7
1970,yi,male,72,7846.7
1970,yi,male,73,7294.3
1970,yi,male,74,6736.2
1970,yi,male,75,6176.6
1970,yi,male,76,5619.7
1970,yi,male,77,5069.9
1970,yi,male,78,4531.8
1970,yi,male,79,4010.2
1970,yi,male,80,3509.8
1970,yi,male,81,3035.1
1970,yi,male,82,2590.2
1970,yi,male,83,2178.9
1970,yi,male,84,1804.1
1970,yi,male,85,1468.2
1970,yi,male,86,1172.3
1970,yi,male,87,916.77
1970,yi,male,88,709.08
1970,yi,male,89,528.25
1970,yi,male,90,382.88
1970,yi,male,91,269.3
1970,yi,male,92,183.27
1970,yi,male,93,120.29
1970,yi,male,94,82.497
1970,yi,male,95,49.842
1970,yi,male,96,28.717
1970,yi,male,97,15.708
1970,yi,male,98,8.1173
1970,yi,male,99,3.9418
1970,yi,male,100,3.1309
1970,yi,female,0,12741
1970,yi,female,1,12537
1970,yi,female,2,12450
1970,yi,female,3,12341
1970,yi,female,4,12845
1970,yi,female,5,12940
1970,yi,female,6,13102
1970,yi,female,7,13264
1970,yi,female,8,13577
1970,yi,female,9,14033
1970,yi,female,10,14628
1970,yi,female,11,14725
1970,yi,female,12,15586
1970,yi,female,13,15520
1970,yi,female,14,15953
1970,yi,female,15,16061
1970,yi,female,16,16267
1970,yi,female,17,16204
1970,yi,female,18,16023
1970,yi,female,19,15731
1970,yi,female,20,15429
1970,yi,female,21,14349
1970,yi,female,22,14185
1970,yi,female,23,13829
1970,yi,female,24,12903
1970,yi,female,25,12427
1970,yi,female,26,11823
1970,yi,female,27,11790
1970,yi,female,28,11499
1970,yi,female,29,11389
1970,yi,female,30,11395
1970,yi,female,31,11506
1970,yi,female,32,11622
1970,yi,female,33,11537
1970,yi,female,34,12074
1970,yi,female,35,11733
1970,yi,female,36,11994
1970,yi,female,37,12049
1970,yi,female,38,17006
1970,yi,female,39,16707
1970,yi,female,40,16442
1970,yi,female,41,17180
1970,yi,female,42,17814
1970,yi,female,43,18348
1970,yi,female,44,18788
1970,yi,female,45,18749
1970,yi,female,46,19045
1970,yi,female,47,19282
1970,yi,female,48,19470
1970,yi,female,49,16948
1970,yi,female,50,14439
1970,yi,female,51,10789
1970,yi,female,52,9611.8
1970,yi,female,53,9393.8
1970,yi,female,54,12590
1970,yi,female,55,16745
1970,yi,female,56,16287
1970,yi,female,57,15833
1970,yi,female,58,15397
1970,yi,female,59,14990
1970,yi,female,60,14611
1970,yi,female,61,14249
1970,yi,female,62,13890
1970,yi,female,63,13522
1970,yi,female,64,13138
1970,yi,female,65,12816
1970,yi,female,66,12469
1970,yi,female,67,12095
1970,yi,female,68,11970
1970,yi,female,69,11532
1970,yi,female,70,11070
1970,yi,female,71,10586
1970,yi,female,72,10084
1970,yi,female,73,9563.4
1970,yi,female,74,9028.2
1970,yi,female,75,8480.5
1970,yi,female,76,7923.2
1970,yi,female,77,7359.4
1970,yi,female,78,6792.1
1970,yi,female,79,6225.3
1970,yi,female,80,5662.7
1970,yi,female,81,5108.7
1970,yi,female,82,4567.5
1970,yi,female,83,4043.5
1970,yi,female,84,3541.1
1970,yi,female,85,3064.6
1970,yi,female,86,2618.1
1970,yi,female,87,2205
1970,yi,female,88,1849.8
1970,yi,female,89,1506.8
1970,yi,female,90,1204.6
1970,yi,female,91,943.38
1970,yi,female,92,722.34
1970,yi,female,93,539.58
1970,yi,female,94,392.28
1970,yi,female,95,276.84
1970,yi,female,96,189.11
1970,yi,female,97,124.65
1970,yi,female,98,79.011
1970,yi,female,99,47.982
1970,yi,female,100,62.616
1970,de,male,0,4755.5
1970,de,male,1,4690.4
1970,de,male,2,4695.9
1970,de,male,3,4693.5
1970,de,male,4,4928.6
1970,de,male,5,4999
1970,de,male,6,5103.5
1970,de,male,7,5209.2
1970,de,male,8,5363.1
1970,de,male,9,5562.6
1970,de,male,10,5832.3
1970,de,male,11,5914.7
1970,de,male,12,6282.8
1970,de,male,13,6272.5
1970,de,male,14,6458.5
1970,de,male,15,6519.1
1970,de,male,16,6633.6
1970,de,male,17,6657.2
1970,de,male,18,6658.2
1970,de,male,19,6623.7
1970,de,male,20,6584.1
1970,de,male,21,6189.2
1970,de,male,22,6201.9
1970,de,male,23,6116.9
1970,de,male,24,5748
1970,de,male,25,5573
1970,de,male,26,5328.1
1970,de,male,27,5336.2
1970,de,male,28,5225
1970,de,male,29,5195.7
1970,de,male,30,5233.7
1970,de,male,31,5329.8
1970,de,male,32,5440.6
1970,de,male,33,5465.6
1970,de,male,34,5796.3
1970,de,male,35,5702.2
1970,de,male,36,5913.2
1970,de,male,37,6037
1970,de,male,38,6243.1
1970,de,male,39,6145.9
1970,de,male,40,6055.9
1970,de,male,41,6239.7
1970,de,male,42,6392.5
1970,de,male,43,6514.2
1970,de,male,44,6605.6
1970,de,male,45,6647.1
1970,de,male,46,6685.9
1970,de,male,47,6700.2
1970,de,male,48,6691.5
1970,de,male,49,6139.9
1970,de,male,50,5268.6
1970,de,male,51,3789.2
1970,de,male,52,3389.1
1970,de,male,53,3376.6
1970,de,male,54,4328.1
1970,de,male,55,5489.1
1970,de,male,56,5257.1
1970,de,male,57,5028
1970,de,male,58,4828.6
1970,de,male,59,4660.7
1970,de,male,60,4502.3
1970,de,male,61,4364
1970,de,male,62,4235.5
1970,de,male,63,4107.8
1970,de,male,64,3974.9
1970,de,male,65,3839
1970,de,male,66,3692.9
1970,de,male,67,3536.2
1970,de,male,68,3382.4
1970,de,male,69,3206
1970,de,male,70,2780.4
1970,de,male,71,2605.8
1970,de,male,72,2427.1
1970,de,male,73,2245.7
1970,de,male,74,2063.2
1970,de,male,75,1881.2
1970,de,male,76,1701.3
1970,de,male,77,1524.9
1970,de,male,78,1353.7
1970,de,male,79,1189.1
1970,de,male,80,1032.7
1970,de,male,81,885.77
1970,de,male,82,749.44
1970,de,male,83,624.72
1970,de,male,84,512.33
1970,de,male,85,412.72
1970,de,male,86,326.05
1970,de,male,87,252.12
1970,de,male,88,190.79
1970,de,male,89,140.43
1970,de,male,90,100.49
1970,de,male,91,69.723
1970,de,male,92,46.764
1970,de,male,93,30.224
1970,de,male,94,20.386
1970,de,male,95,12.1
1970,de,male,96,6.8402
1970,de,male,97,3.6658
1970,de,male,98,1.8531
1970,de,male,99,0.87877
1970,de,male,100,0.66741
1970,de,female,0,4507.7
1970,de,female,1,4474.8
1970,de,female,2,4489.7
1970,de,female,3,4491.5
1970,de,female,4,4719
1970,de,female,5,4788.4
1970,de,female,6,4890.9
1970,de,female,7,4994.7
1970,de,female,8,5144.8
1970,de,female,9,5338.5
1970,de,female,10,5598.9
1970,de,female,11,5680.2
1970,de,female,12,6037.1
1970,de,female,13,6029.7
1970,de,female,14,6210.5
1970,de,female,15,6271.3
1970,de,female,16,6383.5
1970,de,female,17,6408.3
1970,de,female,18,6411.9
1970,de,female,19,6381.6
1970,de,female,20,6347.6
1970,de,female,21,5971.5
1970,de,female,22,5987.9
1970,de,female,23,5909.7
1970,de,female,24,5556.7
1970,de,female,25,5389.7
1970,de,female,26,5154.2
1970,de,female,27,5164
1970,de,female,28,5058.9
1970,de,female,29,5032.7
1970,de,female,30,5072.4
1970,de,female,31,5168.6
1970,de,female,32,5279.1
1970,de,female,33,5306.4
1970,de,female,34,5630.8
1970,de,female,35,5542.5
1970,de,female,36,5750.7
1970,de,female,37,5875.3
1970,de,female,38,6077.8
1970,de,female,39,5988.9
1970,de,female,40,5908.2
1970,de,female,41,6095.1
1970,de,female,42,6252.6
1970,de,female,43,6381
1970,de,female,44,6480.8
1970,de,female,45,6519.3
1970,de,female,46,6571.8
1970,de,female,47,6601.8
1970,de,female,48,6611
1970,de,female,49,6082.7
1970,de,female,50,5236.4
1970,de,female,51,3780.6
1970,de,female,52,3395.1
1970,de,female,53,3383.8
1970,de,female,54,4354
1970,de,female,55,5545.1
1970,de,female,56,5334.1
1970,de,female,57,5126.1
1970,de,female,58,4934.6
1970,de,female,59,4771.3
1970,de,female,60,4637.3
1970,de,female,61,4525
1970,de,female,62,4424
1970,de,female,63,4325.2
1970,de,female,64,4222.3
1970,de,female,65,4117.7
1970,de,female,66,4003.2
1970,de,female,67,3878.3
1970,de,female,68,3757.3
1970,de,female,69,3611.7
1970,de,female,70,3457.5
1970,de,female,71,3295.6
1970,de,female,72,3127.1
1970,de,female,73,2953.1
1970,de,female,74,2774.6
1970,de,female,75,2592.9
1970,de,female,76,2409.1
1970,de,female,77,2224.3
1970,de,female,78,2040
1970,de,female,79,1857.3
1970,de,female,80,1677.7
1970,de,female,81,1502.4
1970,de,female,82,1332.9
1970,de,female,83,1170.4
1970,de,female,84,1016.3
1970,de,female,85,871.76
1970,de,female,86,737.79
1970,de,female,87,615.32
1970,de,female,88,505.94
1970,de,female,89,407.91
1970,de,female,90,322.57
1970,de,female,91,249.74
1970,de,female,92,188.92
1970,de,female,93,139.31
1970,de,female,94,99.903
1970,de,female,95,69.484
1970,de,female,96,46.733
1970,de,female,97,30.298
1970,de,female,98,18.867
1970,de,female,99,11.243
1970,de,female,100,14.04
1970,ru,male,0,2743.7
1970,ru,male,1,2687.1
1970,ru,male,2,2675.8
1970,ru,male,3,2667.8
1970,ru,male,4,2788.6
1970,ru,male,5,2816
1970,ru,male,6,2853.4
1970,ru,male,7,2877.4
1970,ru,male,8,2921.5
1970,ru,male,9,2987.2
1970,ru,male,10,3075.9
1970,ru,male,11,3052.9
1970,ru,male,12,3171.2
1970,ru,male,13,3087.7
1970,ru,male,14,3108.9
1970,ru,male,15,3061.3
1970,ru,male,16,3039.1
1970,ru,male,17,2976
1970,ru,male,18,2899.5
1970,ru,male,19,2813.4
1970,ru,male,20,2734.7
1970,ru,male,21,2527.1
1970,ru,male,22,2492.2
1970,ru,male,23,2430.3
1970,ru,male,24,2276.1
1970,ru,male,25,2204.6
1970,ru,male,26,2114
1970,ru,male,27,2128.1
1970,ru,male,28,2093.7
1970,ru,male,29,2089.6
1970,ru,male,30,2099.9
1970,ru,male,31,2119.4
1970,ru,male,32,2133.1
1970,ru,male,33,2105.2
1970,ru,male,34,2190.3
1970,ru,male,35,2113.2
1970,ru,male,36,2146.1
1970,ru,male,37,2141.5
1970,ru,male,38,2229.9
1970,ru,male,39,2169.8
1970,ru,male,40,2115
1970,ru,male,41,2091.5
1970,ru,male,42,2066.2
1970,ru,male,43,2039
1970,ru,male,44,2009.9
1970,ru,male,45,1975.4
1970,ru,male,46,1944.8
1970,ru,male,47,1913.4
1970,ru,male,48,1881.2
1970,ru,male,49,1572.7
1970,ru,male,50,1308.3
1970,ru,male,51,971.74
1970,ru,male,52,859.38
1970,ru,male,53,863.46
1970,ru,male,54,1158.2
1970,ru,male,55,1556
1970,ru,male,56,1503.9
1970,ru,male,57,1451.2
1970,ru,male,58,1404.9
1970,ru,male,59,1360.5
1970,ru,male,60,1306.3
1970,ru,male,61,1251.7
1970,ru,male,62,1196.6
1970,ru,male,63,1141
1970,ru,male,64,1084.8
1970,ru,male,65,1029.8
1970,ru,male,66,974.14
1970,ru,male,67,918.09
1970,ru,male,68,865.12
1970,ru,male,69,808.34
1970,ru,male,70,691.52
1970,ru,male,71,639.64
1970,ru,male,72,588.25
1970,ru,male,73,537.58
1970,ru,male,74,487.9
1970,ru,male,75,439.46
1970,ru,male,76,392.57
1970,ru,male,77,347.5
1970,ru,male,78,304.55
1970,ru,male,79,264.01
1970,ru,male,80,226.12
1970,ru,male,81,191.14
1970,ru,male,82,159.25
1970,ru,male,83,130.58
1970,ru,male,84,105.23
1970,ru,male,85,83.187
1970,ru,male,86,64.396
1970,ru,male,87,48.713
1970,ru,male,88,35.993
1970,ru,male,89,25.817
1970,ru,male,90,17.963
1970,ru,male,91,12.088
1970,ru,male,92,7.8416
1970,ru,male,93,4.8869
1970,ru,male,94,3.1679
1970,ru,male,95,1.8004
1970,ru,male,96,0.97063
1970,ru,female,0,2603.7
1970,ru,female,1,2570.7
1970,ru,female,2,2566.7
1970,ru,female,3,2561.8
1970,ru,female,4,2679.6
1970,ru,female,5,2707.4
1970,ru,female,6,2744.8
1970,ru,female,7,2769.6
1970,ru,female,8,2813.7
1970,ru,female,9,2878.5
1970,ru,female,10,2964.9
1970,ru,female,11,2944.2
1970,ru,female,12,3060.5
1970,ru,female,13,2981.7
1970,ru,female,14,3003.6
1970,ru,female,15,2959.2
1970,ru,female,16,2939.2
1970,ru,female,17,2879.6
1970,ru,female,18,2807.3
1970,ru,female,19,2725.8
1970,ru,female,20,2651.9
1970,ru,female,21,2453
1970,ru,female,22,2421.4
1970,ru,female,23,2363.3
1970,ru,female,24,2215.1
1970,ru,female,25,2146.6
1970,ru,female,26,2059
1970,ru,female,27,2073.6
1970,ru,female,28,2041.2
1970,ru,female,29,2038.1
1970,ru,female,30,2049.5
1970,ru,female,31,2070
1970,ru,female,32,2084.8
1970,ru,female,33,2058.8
1970,ru,female,34,2143.6
1970,ru,female,35,2069.5
1970,ru,female,36,2102.9
1970,ru,female,37,2100.2
1970,ru,female,38,2188.1
1970,ru,female,39,2131.5
1970,ru,female,40,2080.6
1970,ru,female,41,2060.4
1970,ru,female,42,2038.6
1970,ru,female,43,2015.2
1970,ru,female,44,1990.1
1970,ru,female,45,1957.1
1970,ru,female,46,1932
1970,ru,female,47,1906.3
1970,ru,female,48,1880.4
1970,ru,female,49,1577.9
1970,ru,female,50,1318.1
1970,ru,female,51,983.66
1970,ru,female,52,874.55
1970,ru,female,53,879.37
1970,ru,female,54,1184.4
1970,ru,female,55,1598.4
1970,ru,female,56,1552.4
1970,ru,female,57,1506
1970,ru,female,58,1459.2
1970,ru,female,59,1412.2
1970,ru,female,60,1364.9
1970,ru,female,61,1317.4
1970,ru,female,62,1269.4
1970,ru,female,63,1221
1970,ru,female,64,1172
1970,ru,female,65,1124.2
1970,ru,female,66,1075.8
1970,ru,female,67,1026.7
1970,ru,female,68,980.89
1970,ru,female,69,930.49
1970,ru,female,70,879.71
1970,ru,female,71,828.66
1970,ru,female,72,777.47
1970,ru,female,73,726.26
1970,ru,female,74,675.21
1970,ru,female,75,624.47
1970,ru,female,76,574.27
1970,ru,female,77,524.8
1970,ru,female,78,476.32
1970,ru,female,79,429.07
1970,ru,female,80,383.34
1970,ru,female,81,339.39
1970,ru,female,82,297.52
1970,ru,female,83,257.97
1970,ru,female,84,221.03
1970,ru,female,85,186.9
1970,ru,female,86,155.77
1970,ru,female,87,127.79
1970,ru,female,88,103.21
1970,ru,female,89,81.626
1970,ru,female,90,63.217
1970,ru,female,91,47.846
1970,ru,female,92,35.31
1970,ru,female,93,25.347
1970,ru,female,94,17.651
1970,ru,female,95,11.889
1970,ru,female,96,7.7206
1970,ru,female,97,4.8171
1970,ru,female,98,2.8765
1970,ru,female,99,1.6372
1970,ru,female,100,1.8315
1970,lt,male,0,19533
1970,lt,male,1,19084
1970,lt,male,2,19044
1970,lt,male,3,18958
1970,lt,male,4,19809
1970,lt,male,5,20054
1970,lt,male,6,20426
1970,lt,male,7,20698
1970,lt,male,8,21165
1970,lt,male,9,21784
1970,lt,male,10,22624
1970,lt,male,11,22674
1970,lt,male,12,23870
1970,lt,male,13,23505
1970,lt,male,14,23983
1970,lt,male,15,23976
1970,lt,male,16,24212
1970,lt,male,17,24137
1970,lt,male,18,23931
1970,lt,male,19,23613
1970,lt,male,20,23367
1970,lt,male,21,21914
1970,lt,male,22,21862
1970,lt,male,23,21454
1970,lt,male,24,20159
1970,lt,male,25,19526
1970,lt,male,26,18708
1970,lt,male,27,18828
1970,lt,male,28,18550
1970,lt,male,29,18595
1970,lt,male,30,18815
1970,lt,male,31,19157
1970,lt,male,32,19468
1970,lt,male,33,19387
1970,lt,male,34,20339
1970,lt,male,35,19766
1970,lt,male,36,20189
1970,lt,male,37,20263
1970,lt,male,38,19610
1970,lt,male,39,19198
1970,lt,male,40,18817
1970,lt,male,41,18926
1970,lt,male,42,18993
1970,lt,male,43,19019
1970,lt,male,44,19006
1970,lt,male,45,18968
1970,lt,male,46,18887
1970,lt,male,47,18778
1970,lt,male,48,18645
1970,lt,male,49,15806
1970,lt,male,50,13279
1970,lt,male,51,9867.5
1970,lt,male,52,8753.2
1970,lt,male,53,8876.5
1970,lt,male,54,11923
1970,lt,male,55,16031
1970,lt,male,56,15547
1970,lt,male,57,15051
1970,lt,male,58,14524
1970,lt,male,59,13983
1970,lt,male,60,13463
1970,lt,male,61,12935
1970,lt,male,62,12399
1970,lt,male,63,11853
1970,lt,male,64,11298
1970,lt,male,65,10728
1970,lt,male,66,10151
1970,lt,male,67,9569.2
1970,lt,male,68,8970.8
1970,lt,male,69,8384.2
1970,lt,male,70,7174.4
1970,lt,male,71,6638
1970,lt,male,72,6106.8
1970,lt,male,73,5583.1
1970,lt,male,74,5069.7
1970,lt,male,75,4569.3
1970,lt,male,76,4084.9
1970,lt,male,77,3619.4
1970,lt,male,78,3175.7
1970,lt,male,79,2756.7
1970,lt,male,80,2365
1970,lt,male,81,2002.9
1970,lt,male,82,1672.3
1970,lt,male,83,1374.8
1970,lt,male,84,1111
1970,lt,male,85,881.21
1970,lt,male,86,684.69
1970,lt,male,87,520.1
1970,lt,male,88,385.03
1970,lt,male,89,277.65
1970,lt,male,90,194.33
1970,lt,male,91,131.62
1970,lt,male,92,86
1970,lt,male,93,54.018
1970,lt,male,94,35.317
1970,lt,male,95,20.262
1970,lt,male,96,11.037
1970,lt,male,97,5.6824
1970,lt,male,98,2.7517
1970,lt,male,99,1.2482
1970,lt,male,100,0.87356
1970,lt,female,0,18527
1970,lt,female,1,18235
1970,lt,female,2,18241
1970,lt,female,3,18176
1970,lt,female,4,19004
1970,lt,female,5,19248
1970,lt,female,6,19615
1970,lt,female,7,19888
1970,lt,female,8,20348
1970,lt,female,9,20953
1970,lt,female,10,21767
1970,lt,female,11,21824
1970,lt,female,12,22989
1970,lt,female,13,22649
1970,lt,female,14,23117
1970,lt,female,15,23120
1970,lt,female,16,23354
1970,lt,female,17,23289
1970,lt,female,18,23098
1970,lt,female,19,22801
1970,lt,female,20,22574
1970,lt,female,21,21180
1970,lt,female,22,21138
1970,lt,female,23,20750
1970,lt,female,24,19504
1970,lt,female,25,18893
1970,lt,female,26,18101
1970,lt,female,27,18219
1970,lt,female,28,17953
1970,lt,female,29,17998
1970,lt,female,30,18215
1970,lt,female,31,18552
1970,lt,female,32,18857
1970,lt,female,33,18785
1970,lt,female,34,19713
1970,lt,female,35,19163
1970,lt,female,36,19578
1970,lt,female,37,19659
1970,lt,female,38,19037
1970,lt,female,39,18652
1970,lt,female,40,18299
1970,lt,female,41,18425
1970,lt,female,42,18511
1970,lt,female,43,18560
1970,lt,female,44,18574
1970,lt,female,45,18571
1970,lt,female,46,18520
1970,lt,female,47,18445
1970,lt,female,48,18346
1970,lt,female,49,15582
1970,lt,female,50,13117
1970,lt,female,51,9769.3
1970,lt,female,52,8686.8
1970,lt,female,53,8845.7
1970,lt,female,54,11924
1970,lt,female,55,16095
1970,lt,female,56,15677
1970,lt,female,57,15247
1970,lt,female,58,14811
1970,lt,female,59,14369
1970,lt,female,60,13923
1970,lt,female,61,13471
1970,lt,female,62,13011
1970,lt,female,63,12543
1970,lt,female,64,12066
1970,lt,female,65,11574
1970,lt,female,66,11074
1970,lt,female,67,10567
1970,lt,female,68,10040
1970,lt,female,69,9522.2
1970,lt,female,70,9000.6
1970,lt,female,71,8476.5
1970,lt,female,72,7951.1
1970,lt,female,73,7426.2
1970,lt,female,74,6903.3
1970,lt,female,75,6384.3
1970,lt,female,76,5871.3
1970,lt,female,77,5366.5
1970,lt,female,78,4872.2
1970,lt,female,79,4391
1970,lt,female,80,3925.5
1970,lt,female,81,3478.3
1970,lt,female,82,3052.4
1970,lt,female,83,2650.1
1970,lt,female,84,2274.1
1970,lt,female,85,1926.5
1970,lt,female,86,1609.2
1970,lt,female,87,1323.5
1970,lt,female,88,1069.2
1970,lt,female,89,848.53
1970,lt,female,90,659.75
1970,lt,female,91,501.54
1970,lt,female,92,371.95
1970,lt,female,93,268.46
1970,lt,female,94,188.08
1970,lt,female,95,127.53
1970,lt,female,96,83.423
1970,lt,female,97,52.468
1970,lt,female,98,31.607
1970,lt,female,99,18.163
1970,lt,female,100,20.778
1970,csb,male,0,1247.3
1970,csb,male,1,1228.8
1970,csb,male,2,1235.1
1970,csb,male,3,1236
1970,csb,male,4,1301.7
1970,csb,male,5,1330.6
1970,csb,male,6,1363.4
1970,csb,male,7,1397.5
1970,csb,male,8,1451.2
1970,csb,male,9,1528.4
1970,csb,male,10,1619.3
1970,csb,male,11,1657.2
1970,csb,male,12,1776.5
1970,csb,male,13,1784.8
1970,csb,male,14,1853.5
1970,csb,male,15,1880.5
1970,csb,male,16,1921.8
1970,csb,male,17,1930
1970,csb,male,18,1923.4
1970,csb,male,19,1900.3
1970,csb,male,20,1875.8
1970,csb,male,21,1758
1970,csb,male,22,1754
1970,csb,male,23,1728
1970,csb,male,24,1629.5
1970,csb,male,25,1584.4
1970,csb,male,26,1521.5
1970,csb,male,27,1530.4
1970,csb,male,28,1505.4
1970,csb,male,29,1503.7
1970,csb,male,30,1516.9
1970,csb,male,31,1540.8
1970,csb,male,32,1562
1970,csb,male,33,1553
1970,csb,male,34,1628.5
1970,csb,male,35,1582.9
1970,csb,male,36,1620.1
1970,csb,male,37,1632.7
1970,csb,male,38,2022.8
1970,csb,male,39,1969.9
1970,csb,male,40,1920.5
1970,csb,male,41,1906.9
1970,csb,male,42,1890.3
1970,csb,male,43,1870.6
1970,csb,male,44,1848
1970,csb,male,45,1813.3
1970,csb,male,46,1787.1
1970,csb,male,47,1759.1
1970,csb,male,48,1729.5
1970,csb,male,49,1647.7
1970,csb,male,50,1416.7
1970,csb,male,51,1002.6
1970,csb,male,52,910.02
1970,csb,male,53,901.42
1970,csb,male,54,1135.4
1970,csb,male,55,1408.7
1970,csb,male,56,1361.5
1970,csb,male,57,1314.1
1970,csb,male,58,1267.4
1970,csb,male,59,1220.9
1970,csb,male,60,1173.4
1970,csb,male,61,1125.5
1970,csb,male,62,1077.3
1970,csb,male,63,1028.6
1970,csb,male,64,979.38
1970,csb,male,65,933.05
1970,csb,male,66,885.97
1970,csb,male,67,838.24
1970,csb,male,68,798.1
1970,csb,male,69,748.73
1970,csb,male,70,643.25
1970,csb,male,71,597.67
1970,csb,male,72,552.28
1970,csb,male,73,507.28
1970,csb,male,74,462.91
1970,csb,male,75,419.39
1970,csb,male,76,376.98
1970,csb,male,77,335.95
1970,csb,male,78,296.56
1970,csb,male,79,259.09
1970,csb,male,80,223.8
1970,csb,male,81,190.91
1970,csb,male,82,160.64
1970,csb,male,83,133.15
1970,csb,male,84,108.56
1970,csb,male,85,86.916
1970,csb,male,86,68.216
1970,csb,male,87,52.383
1970,csb,male,88,39.504
1970,csb,male,89,28.834
1970,csb,male,90,20.446
1970,csb,male,91,14.045
1970,csb,male,92,9.3178
1970,csb,male,93,5.9497
1970,csb,male,94,3.96
1970,csb,male,95,2.3158
1970,csb,male,96,1.2877
1970,csb,male,97,0.67753
1970,csb,female,0,1182.6
1970,csb,female,1,1173
1970,csb,female,2,1181.7
1970,csb,female,3,1183.6
1970,csb,female,4,1247.2
1970,csb,female,5,1275.5
1970,csb,female,6,1307.6
1970,csb,female,7,1341.1
1970,csb,female,8,1393.4
1970,csb,female,9,1468.1
1970,csb,female,10,1555.8
1970,csb,female,11,1592.6
1970,csb,female,12,1708.2
1970,csb,female,13,1717.1
1970,csb,female,14,1783.8
1970,csb,female,15,1810.6
1970,csb,female,16,1851
1970,csb,female,17,1859.4
1970,csb,female,18,1853.8
1970,csb,female,19,1832.3
1970,csb,female,20,1809.8
1970,csb,female,21,1697.5
1970,csb,female,22,1694.9
1970,csb,female,23,1670.8
1970,csb,female,24,1576.6
1970,csb,female,25,1533.5
1970,csb,female,26,1473
1970,csb,female,27,1482.3
1970,csb,female,28,1458.9
1970,csb,female,29,1457.8
1970,csb,female,30,1471.4
1970,csb,female,31,1495.4
1970,csb,female,32,1516.9
1970,csb,female,33,1509.2
1970,csb,female,34,1583.7
1970,csb,female,35,1540.5
1970,csb,female,36,1577.6
1970,csb,female,37,1591.2
1970,csb,female,38,1970.9
1970,csb,female,39,1921.3
1970,csb,female,40,1875.4
1970,csb,female,41,1864.7
1970,csb,female,42,1851.1
1970,csb,female,43,1834.7
1970,csb,female,44,1815.7
1970,csb,female,45,1778.7
1970,csb,female,46,1757
1970,csb,female,47,1733.9
1970,csb,female,48,1709.9
1970,csb,female,49,1634.5
1970,csb,female,50,1410.8
1970,csb,female,51,1002.9
1970,csb,female,52,915.06
1970,csb,female,53,901.07
1970,csb,female,54,1139.1
1970,csb,female,55,1418.8
1970,csb,female,56,1377.3
1970,csb,female,57,1335.7
1970,csb,female,58,1294.3
1970,csb,female,59,1252.9
1970,csb,female,60,1211.6
1970,csb,female,61,1170.1
1970,csb,female,62,1128.4
1970,csb,female,63,1086.2
1970,csb,female,64,1043.6
1970,csb,female,65,1004.1
1970,csb,female,66,963.79
1970,csb,female,67,922.76
1970,csb,female,68,890.1
1970,csb,female,69,847.07
1970,csb,female,70,803.54
1970,csb,female,71,759.6
1970,csb,female,72,715.33
1970,csb,female,73,670.87
1970,csb,female,74,626.33
1970,csb,female,75,581.87
1970,csb,female,76,537.65
1970,csb,female,77,493.86
1970,csb,female,78,450.71
1970,csb,female,79,408.42
1970,csb,female,80,367.22
1970,csb,female,81,327.38
1970,csb,female,82,289.14
1970,csb,female,83,252.75
1970,csb,female,84,218.47
1970,csb,female,85,186.51
1970,csb,female,86,157.07
1970,csb,female,87,130.32
1970,csb,female,88,106.99
1970,csb,female,89,85.729
1970,csb,female,90,67.348
1970,csb,female,91,51.77
1970,csb,female,92,38.857
1970,csb,female,93,28.41
1970,csb,female,94,20.184
1970,csb,female,95,13.894
1970,csb,female,96,9.2387
1970,csb,female,97,5.9141
1970,csb,female,98,3.6313
1970,csb,female,99,2.1301
1970,csb,female,100,2.5539
1970,rue,male,0,1026.1
1970,rue,male,1,1007.9
1970,rue,male,2,1008.4
1970,rue,male,3,1008.1
1970,rue,male,4,1061
1970,rue,male,5,1074.7
1970,rue,male,6,1092.4
1970,rue,male,7,1112.3
1970,rue,male,8,1141.9
1970,rue,male,9,1180.8
1970,rue,male,10,1228.3
1970,rue,male,11,1233.8
1970,rue,male,12,1300.5
1970,rue,male,13,1285.7
1970,rue,male,14,1316.7
1970,rue,male,15,1320.9
1970,rue,male,16,1335.3
1970,rue,male,17,1331.5
1970,rue,male,18,1320.8
1970,rue,male,19,1302.3
1970,rue,male,20,1286.9
1970,rue,male,21,1206.9
1970,rue,male,22,1206.2
1970,rue,male,23,1188.7
1970,rue,male,24,1121.6
1970,rue,male,25,1092
1970,rue,male,26,1051.2
1970,rue,male,27,1061.6
1970,rue,male,28,1046.9
1970,rue,male,29,1047.8
1970,rue,male,30,1056.6
1970,rue,male,31,1070.6
1970,rue,male,32,1081.4
1970,rue,male,33,1070.3
1970,rue,male,34,1116.6
1970,rue,male,35,1080.3
1970,rue,male,36,1100.7
1970,rue,male,37,1102.4
1970,rue,male,38,1122.8
1970,rue,male,39,1097
1970,rue,male,40,1073.7
1970,rue,male,41,1073.6
1970,rue,male,42,1071.5
1970,rue,male,43,1067.4
1970,rue,male,44,1061.3
1970,rue,male,45,1053
1970,rue,male,46,1044.6
1970,rue,male,47,1035
1970,rue,male,48,1024.4
1970,rue,male,49,931.82
1970,rue,male,50,780.34
1970,rue,male,51,585.53
1970,rue,male,52,523.57
1970,rue,male,53,535.64
1970,rue,male,54,699.66
1970,rue,male,55,870.04
1970,rue,male,56,842.57
1970,rue,male,57,814.62
1970,rue,male,58,790.71
1970,rue,male,59,767.93
1970,rue,male,60,738.75
1970,rue,male,61,709.2
1970,rue,male,62,679.22
1970,rue,male,63,648.78
1970,rue,male,64,617.9
1970,rue,male,65,587.11
1970,rue,male,66,555.9
1970,rue,male,67,524.35
1970,rue,male,68,493.56
1970,rue,male,69,461.53
1970,rue,male,70,395.11
1970,rue,male,71,365.72
1970,rue,male,72,336.56
1970,rue,male,73,307.77
1970,rue,male,74,279.49
1970,rue,male,75,251.9
1970,rue,male,76,225.15
1970,rue,male,77,199.41
1970,rue,male,78,174.86
1970,rue,male,79,151.66
1970,rue,male,80,129.96
1970,rue,male,81,109.91
1970,rue,male,82,91.607
1970,rue,male,83,75.148
1970,rue,male,84,60.578
1970,rue,male,85,47.904
1970,rue,male,86,37.091
1970,rue,male,87,28.062
1970,rue,male,88,20.715
1970,rue,male,89,14.857
1970,rue,male,90,10.334
1970,rue,male,91,6.9501
1970,rue,male,92,4.5048
1970,rue,male,93,2.8039
1970,rue,male,94,1.8144
1970,rue,male,95,1.0288
1970,rue,male,96,0.5529
1970,rue,female,0,973.42
1970,rue,female,1,963.43
1970,rue,female,2,966.4
1970,rue,female,3,967.14
1970,rue,female,4,1018.5
1970,rue,female,5,1032.1
1970,rue,female,6,1049.8
1970,rue,female,7,1069.5
1970,rue,female,8,1098.5
1970,rue,female,9,1136.4
1970,rue,female,10,1182.5
1970,rue,female,11,1188.5
1970,rue,female,12,1253.6
1970,rue,female,13,1240
1970,rue,female,14,1270.5
1970,rue,female,15,1275.2
1970,rue,female,16,1289.8
1970,rue,female,17,1286.8
1970,rue,female,18,1277.3
1970,rue,female,19,1260.2
1970,rue,female,20,1246.4
1970,rue,female,21,1170
1970,rue,female,22,1170.3
1970,rue,female,23,1154.3
1970,rue,female,24,1090
1970,rue,female,25,1061.7
1970,rue,female,26,1022.3
1970,rue,female,27,1032.7
1970,rue,female,28,1018.9
1970,rue,female,29,1020.1
1970,rue,female,30,1029.2
1970,rue,female,31,1043.4
1970,rue,female,32,1054.6
1970,rue,female,33,1044.5
1970,rue,female,34,1090.4
1970,rue,female,35,1055.6
1970,rue,female,36,1076.1
1970,rue,female,37,1078.5
1970,rue,female,38,1099.2
1970,rue,female,39,1075.1
1970,rue,female,40,1053.6
1970,rue,female,41,1055.1
1970,rue,female,42,1054.6
1970,rue,female,43,1052.3
1970,rue,female,44,1048.2
1970,rue,female,45,1041.6
1970,rue,female,46,1036
1970,rue,female,47,1029.6
1970,rue,female,48,1022.5
1970,rue,female,49,933.64
1970,rue,female,50,785.25
1970,rue,female,51,592.12
1970,rue,female,52,532.43
1970,rue,female,53,545.88
1970,rue,female,54,716
1970,rue,female,55,894.38
1970,rue,female,56,870.38
1970,rue,female,57,845.99
1970,rue,female,58,821.27
1970,rue,female,59,796.32
1970,rue,female,60,771.13
1970,rue,female,61,745.64
1970,rue,female,62,719.79
1970,rue,female,63,693.53
1970,rue,female,64,666.83
1970,rue,female,65,640.23
1970,rue,female,66,613.17
1970,rue,female,67,585.67
1970,rue,female,68,558.91
1970,rue,female,69,530.58
1970,rue,female,70,501.97
1970,rue,female,71,473.16
1970,rue,female,72,444.2
1970,rue,female,73,415.2
1970,rue,female,74,386.23
1970,rue,female,75,357.41
1970,rue,female,76,328.85
1970,rue,female,77,300.69
1970,rue,female,78,273.05
1970,rue,female,79,246.1
1970,rue,female,80,219.98
1970,rue,female,81,194.85
1970,rue,female,82,170.89
1970,rue,female,83,148.25
1970,rue,female,84,127.07
1970,rue,female,85,107.5
1970,rue,female,86,89.633
1970,rue,female,87,73.558
1970,rue,female,88,59.374
1970,rue,female,89,46.972
1970,rue,female,90,36.386
1970,rue,female,91,27.543
1970,rue,female,92,20.326
1970,rue,female,93,14.588
1970,rue,female,94,10.154
1970,rue,female,95,6.8347
1970,rue,female,96,4.4338
1970,rue,female,97,2.7622
1970,rue,female,98,1.6461
1970,rue,female,99,0.93438
1970,rue,female,100,1.0358
1970,cs,male,0,533.25
1970,cs,male,1,520.03
1970,cs,male,2,517.3
1970,cs,male,3,514.03
1970,cs,male,4,535.7
1970,cs,male,5,538.81
1970,cs,male,6,543.48
1970,cs,male,7,545.07
1970,cs,male,8,550.67
1970,cs,male,9,560.5
1970,cs,male,10,572.92
1970,cs,male,11,564.13
1970,cs,male,12,581.8
1970,cs,male,13,562.3
1970,cs,male,14,560.94
1970,cs,male,15,546.62
1970,cs,male,16,536.95
1970,cs,male,17,520.29
1970,cs,male,18,501.59
1970,cs,male,19,481.61
1970,cs,male,20,463.61
1970,cs,male,21,424.64
1970,cs,male,22,415.53
1970,cs,male,23,402.58
1970,cs,male,24,375.05
1970,cs,male,25,362.02
1970,cs,male,26,346.48
1970,cs,male,27,348.26
1970,cs,male,28,341.69
1970,cs,male,29,339.55
1970,cs,male,30,339.46
1970,cs,male,31,340.74
1970,cs,male,32,341.33
1970,cs,male,33,335.26
1970,cs,male,34,347.23
1970,cs,male,35,333.65
1970,cs,male,36,337.72
1970,cs,male,37,336.01
1970,cs,male,38,350.4
1970,cs,male,39,339.01
1970,cs,male,40,328.65
1970,cs,male,41,318.77
1970,cs,male,42,309.26
1970,cs,male,43,300.06
1970,cs,male,44,291.17
1970,cs,male,45,280.74
1970,cs,male,46,272.71
1970,cs,male,47,265.03
1970,cs,male,48,257.67
1970,cs,male,49,213.03
1970,cs,male,50,175.57
1970,cs,male,51,130.49
1970,cs,male,52,115.39
1970,cs,male,53,115.72
1970,cs,male,54,155.39
1970,cs,male,55,209.02
1970,cs,male,56,202.12
1970,cs,male,57,195.15
1970,cs,male,58,189.3
1970,cs,male,59,183.78
1970,cs,male,60,176.59
1970,cs,male,61,169.33
1970,cs,male,62,161.98
1970,cs,male,63,154.53
1970,cs,male,64,146.98
1970,cs,male,65,139.65
1970,cs,male,66,132.18
1970,cs,male,67,124.61
1970,cs,male,68,117.65
1970,cs,male,69,109.89
1970,cs,male,70,93.944
1970,cs,male,71,86.817
1970,cs,male,72,79.747
1970,cs,male,73,72.772
1970,cs,male,74,65.931
1970,cs,male,75,59.265
1970,cs,male,76,52.816
1970,cs,male,77,46.628
1970,cs,male,78,40.742
1970,cs,male,79,35.198
1970,cs,male,80,30.034
1970,cs,male,81,25.28
1970,cs,male,82,20.964
1970,cs,male,83,17.102
1970,cs,male,84,13.702
1970,cs,male,85,10.764
1970,cs,male,86,8.2744
1970,cs,male,87,6.211
1970,cs,male,88,4.5512
1970,cs,male,89,3.2336
1970,cs,male,90,2.2262
1970,cs,male,91,1.4806
1970,cs,male,92,0.94814
1970,cs,male,93,0.58242
1970,cs,female,0,506.12
1970,cs,female,1,497.66
1970,cs,female,2,496.39
1970,cs,female,3,493.8
1970,cs,female,4,514.95
1970,cs,female,5,518.2
1970,cs,female,6,522.99
1970,cs,female,7,524.85
1970,cs,female,8,530.57
1970,cs,female,9,540.33
1970,cs,female,10,552.55
1970,cs,female,11,544.41
1970,cs,female,12,561.91
1970,cs,female,13,543.42
1970,cs,female,14,542.41
1970,cs,female,15,528.94
1970,cs,female,16,519.92
1970,cs,female,17,504.12
1970,cs,female,18,486.39
1970,cs,female,19,467.44
1970,cs,female,20,450.55
1970,cs,female,21,413.29
1970,cs,female,22,405.01
1970,cs,female,23,392.93
1970,cs,female,24,366.55
1970,cs,female,25,354.15
1970,cs,female,26,339.19
1970,cs,female,27,341.2
1970,cs,female,28,335.1
1970,cs,female,29,333.35
1970,cs,female,30,333.66
1970,cs,female,31,335.33
1970,cs,female,32,336.27
1970,cs,female,33,330.65
1970,cs,female,34,342.85
1970,cs,female,35,329.82
1970,cs,female,36,334.2
1970,cs,female,37,332.94
1970,cs,female,38,347.29
1970,cs,female,39,336.52
1970,cs,female,40,326.82
1970,cs,female,41,317.61
1970,cs,female,42,308.79
1970,cs,female,43,300.28
1970,cs,female,44,292.08
1970,cs,female,45,281.03
1970,cs,female,46,273.86
1970,cs,female,47,267.07
1970,cs,female,48,260.65
1970,cs,female,49,216.38
1970,cs,female,50,179.13
1970,cs,female,51,133.79
1970,cs,female,52,118.94
1970,cs,female,53,119.11
1970,cs,female,54,160.64
1970,cs,female,55,217.08
1970,cs,female,56,210.97
1970,cs,female,57,204.79
1970,cs,female,58,198.58
1970,cs,female,59,192.35
1970,cs,female,60,186.09
1970,cs,female,61,179.78
1970,cs,female,62,173.4
1970,cs,female,63,166.93
1970,cs,female,64,160.35
1970,cs,female,65,153.99
1970,cs,female,66,147.5
1970,cs,female,67,140.87
1970,cs,female,68,134.89
1970,cs,female,69,127.97
1970,cs,female,70,120.97
1970,cs,female,71,113.91
1970,cs,female,72,106.8
1970,cs,female,73,99.686
1970,cs,female,74,92.579
1970,cs,female,75,85.511
1970,cs,female,76,78.515
1970,cs,female,77,71.623
1970,cs,female,78,64.872
1970,cs,female,79,58.302
1970,cs,female,80,51.951
1970,cs,female,81,45.86
1970,cs,female,82,40.07
1970,cs,female,83,34.619
1970,cs,female,84,29.542
1970,cs,female,85,24.869
1970,cs,female,86,20.626
1970,cs,female,87,16.829
1970,cs,female,88,13.514
1970,cs,female,89,10.617
1970,cs,female,90,8.1623
1970,cs,female,91,6.1276
1970,cs,female,92,4.4816
1970,cs,female,93,3.1852
1970,cs,female,94,2.1937
1970,cs,female,95,1.4596
1970,cs,female,96,0.93503
1970,cs,female,97,0.57462
1970,lv,male,0,113.47
1970,lv,male,1,111.99
1970,lv,male,2,112.12
1970,lv,male,3,112.58
1970,lv,male,4,118.54
1970,lv,male,5,120.68
1970,lv,male,6,122.85
1970,lv,male,7,125.26
1970,lv,male,8,128.88
1970,lv,male,9,133.7
1970,lv,male,10,139.95
1970,lv,male,11,141.12
1970,lv,male,12,149.53
1970,lv,male,13,148.69
1970,lv,male,14,152.95
1970,lv,male,15,154.06
1970,lv,male,16,156.47
1970,lv,male,17,156.62
1970,lv,male,18,156.25
1970,lv,male,19,155.22
1970,lv,male,20,154.17
1970,lv,male,21,144.93
1970,lv,male,22,145.18
1970,lv,male,23,143.17
1970,lv,male,24,135.16
1970,lv,male,25,131.51
1970,lv,male,26,126.4
1970,lv,male,27,127.55
1970,lv,male,28,126.03
1970,lv,male,29,126.66
1970,lv,male,30,128.66
1970,lv,male,31,131.7
1970,lv,male,32,134.59
1970,lv,male,33,134.85
1970,lv,male,34,142.38
1970,lv,male,35,139.21
1970,lv,male,36,143.03
1970,lv,male,37,144.3
1970,lv,male,38,149.1
1970,lv,male,39,146.39
1970,lv,male,40,143.84
1970,lv,male,41,146.47
1970,lv,male,42,148.55
1970,lv,male,43,150.11
1970,lv,male,44,151.17
1970,lv,male,45,151.32
1970,lv,male,46,151.59
1970,lv,male,47,151.49
1970,lv,male,48,151.04
1970,lv,male,49,127.73
1970,lv,male,50,107.41
1970,lv,male,51,79.855
1970,lv,male,52,70.627
1970,lv,male,53,71.075
1970,lv,male,54,95.511
1970,lv,male,55,128.57
1970,lv,male,56,124.44
1970,lv,male,57,120.25
1970,lv,male,58,116.38
1970,lv,male,59,112.59
1970,lv,male,60,108.28
1970,lv,male,61,103.93
1970,lv,male,62,99.522
1970,lv,male,63,95.067
1970,lv,male,64,90.559
1970,lv,male,65,86.131
1970,lv,male,66,81.645
1970,lv,male,67,77.111
1970,lv,male,68,72.81
1970,lv,male,69,68.194
1970,lv,male,70,58.486
1970,lv,male,71,54.244
1970,lv,male,72,50.031
1970,lv,male,73,45.865
1970,lv,male,74,41.767
1970,lv,male,75,37.76
1970,lv,male,76,33.865
1970,lv,male,77,30.108
1970,lv,male,78,26.512
1970,lv,male,79,23.101
1970,lv,male,80,19.897
1970,lv,male,81,16.922
1970,lv,male,82,14.193
1970,lv,male,83,11.723
1970,lv,male,84,9.522
1970,lv,male,85,7.5929
1970,lv,male,86,5.9333
1970,lv,male,87,4.5345
1970,lv,male,88,3.3872
1970,lv,male,89,2.4592
1970,lv,male,90,1.7336
1970,lv,male,91,1.1833
1970,lv,male,92,0.77958
1970,lv,female,0,107.6
1970,lv,female,1,106.95
1970,lv,female,2,107.33
1970,lv,female,3,107.87
1970,lv,female,4,113.63
1970,lv,female,5,115.73
1970,lv,female,6,117.87
1970,lv,female,7,120.24
1970,lv,female,8,123.78
1970,lv,female,9,128.46
1970,lv,female,10,134.5
1970,lv,female,11,135.69
1970,lv,female,12,143.85
1970,lv,female,13,143.09
1970,lv,female,14,147.23
1970,lv,female,15,148.36
1970,lv,female,16,150.71
1970,lv,female,17,150.9
1970,lv,female,18,150.6
1970,lv,female,19,149.65
1970,lv,female,20,148.71
1970,lv,female,21,139.89
1970,lv,female,22,140.22
1970,lv,female,23,138.36
1970,lv,female,24,130.68
1970,lv,female,25,127.2
1970,lv,female,26,122.29
1970,lv,female,27,123.45
1970,lv,female,28,122.04
1970,lv,female,29,122.7
1970,lv,female,30,124.7
1970,lv,female,31,127.72
1970,lv,female,32,130.59
1970,lv,female,33,130.92
1970,lv,female,34,138.31
1970,lv,female,35,135.3
1970,lv,female,36,139.07
1970,lv,female,37,140.39
1970,lv,female,38,145.08
1970,lv,female,39,142.58
1970,lv,female,40,140.26
1970,lv,female,41,143.01
1970,lv,female,42,145.25
1970,lv,female,43,147.01
1970,lv,female,44,148.3
1970,lv,female,45,148.41
1970,lv,female,46,149.01
1970,lv,female,47,149.29
1970,lv,female,48,149.27
1970,lv,female,49,126.62
1970,lv,female,50,106.84
1970,lv,female,51,79.73
1970,lv,female,52,70.811
1970,lv,female,53,71.292
1970,lv,female,54,96.162
1970,lv,female,55,129.98
1970,lv,female,56,126.36
1970,lv,female,57,122.7
1970,lv,female,58,119.01
1970,lv,female,59,115.3
1970,lv,female,60,111.58
1970,lv,female,61,107.83
1970,lv,female,62,104.04
1970,lv,female,63,100.2
1970,lv,female,64,96.319
1970,lv,female,65,92.523
1970,lv,female,66,88.666
1970,lv,female,67,84.75
1970,lv,female,68,81.082
1970,lv,female,69,77.044
1970,lv,female,70,72.969
1970,lv,female,71,68.866
1970,lv,female,72,64.743
1970,lv,female,73,60.611
1970,lv,female,74,56.484
1970,lv,female,75,52.375
1970,lv,female,76,48.3
1970,lv,female,77,44.274
1970,lv,female,78,40.319
1970,lv,female,79,36.452
1970,lv,female,80,32.697
1970,lv,female,81,29.075
1970,lv,female,82,25.609
1970,lv,female,83,22.322
1970,lv,female,84,19.234
1970,lv,female,85,16.366
1970,lv,female,86,13.733
1970,lv,female,87,11.351
1970,lv,female,88,9.24
1970,lv,female,89,7.3728
1970,lv,female,90,5.7656
1970,lv,female,91,4.41
1970,lv,female,92,3.2921
1970,lv,female,93,2.3929
1970,lv,female,94,1.6891
1970,lv,female,95,1.1545
1970,lv,female,96,0.76174
1970,rom,male,0,505.6
1970,rom,male,1,480.34
1970,rom,male,2,474.51
1970,rom,male,3,470.99
1970,rom,male,4,488.67
1970,rom,male,5,490.52
1970,rom,male,6,492.81
1970,rom,male,7,494.46
1970,rom,male,8,498.42
1970,rom,male,9,506.48
1970,rom,male,10,516.1
1970,rom,male,11,506.93
1970,rom,male,12,521.69
1970,rom,male,13,502.49
1970,rom,male,14,500.9
1970,rom,male,15,489.53
1970,rom,male,16,484.13
1970,rom,male,17,474.23
1970,rom,male,18,463.97
1970,rom,male,19,453.12
1970,rom,male,20,443.8
1970,rom,male,21,413.27
1970,rom,male,22,410.18
1970,rom,male,23,401.66
1970,rom,male,24,377.08
1970,rom,male,25,365.98
1970,rom,male,26,351.79
1970,rom,male,27,354.66
1970,rom,male,28,349.61
1970,rom,male,29,350.13
1970,rom,male,30,353.41
1970,rom,male,31,358.6
1970,rom,male,32,363
1970,rom,male,33,360.05
1970,rom,male,34,376.4
1970,rom,male,35,365
1970,rom,male,36,372.5
1970,rom,male,37,373.21
1970,rom,male,38,287.67
1970,rom,male,39,293.76
1970,rom,male,40,290.67
1970,rom,male,41,291.2
1970,rom,male,42,290.56
1970,rom,male,43,289.23
1970,rom,male,44,287.37
1970,rom,male,45,284.79
1970,rom,male,46,282.13
1970,rom,male,47,279.13
1970,rom,male,48,275.82
1970,rom,male,49,240.55
1970,rom,male,50,201.24
1970,rom,male,51,149.67
1970,rom,male,52,132.94
1970,rom,male,53,134.73
1970,rom,male,54,178.12
1970,rom,male,55,230.77
1970,rom,male,56,223.03
1970,rom,male,57,215.13
1970,rom,male,58,207.37
1970,rom,male,59,199.58
1970,rom,male,60,191.35
1970,rom,male,61,183.03
1970,rom,male,62,174.6
1970,rom,male,63,166.07
1970,rom,male,64,157.45
1970,rom,male,65,148.85
1970,rom,male,66,140.18
1970,rom,male,67,131.46
1970,rom,male,68,122.97
1970,rom,male,69,114.22
1970,rom,male,70,97.077
1970,rom,male,71,89.15
1970,rom,male,72,81.341
1970,rom,male,73,73.69
1970,rom,male,74,66.242
1970,rom,male,75,59.042
1970,rom,male,76,52.135
1970,rom,male,77,45.566
1970,rom,male,78,39.379
1970,rom,male,79,33.615
1970,rom,male,80,28.308
1970,rom,male,81,23.488
1970,rom,male,82,19.172
1970,rom,male,83,15.371
1970,rom,male,84,12.084
1970,rom,male,85,9.2965
1970,rom,male,86,6.9843
1970,rom,male,87,5.1123
1970,rom,male,88,3.64
1970,rom,male,89,2.5092
1970,rom,male,90,1.6711
1970,rom,male,91,1.0717
1970,rom,male,92,0.6594
1970,rom,female,0,481.05
1970,rom,female,1,462.49
1970,rom,female,2,458.61
1970,rom,female,3,455.88
1970,rom,female,4,473.4
1970,rom,female,5,475.53
1970,rom,female,6,478.12
1970,rom,female,7,480.11
1970,rom,female,8,484.35
1970,rom,female,9,492.54
1970,rom,female,10,502.14
1970,rom,female,11,493.56
1970,rom,female,12,508.4
1970,rom,female,13,490.08
1970,rom,female,14,488.85
1970,rom,female,15,478.13
1970,rom,female,16,473.19
1970,rom,female,17,463.86
1970,rom,female,18,454.25
1970,rom,female,19,444.07
1970,rom,female,20,435.45
1970,rom,female,21,406
1970,rom,female,22,403.41
1970,rom,female,23,395.43
1970,rom,female,24,371.59
1970,rom,female,25,360.83
1970,rom,female,26,346.93
1970,rom,female,27,349.92
1970,rom,female,28,345.13
1970,rom,female,29,345.83
1970,rom,female,30,349.31
1970,rom,female,31,354.71
1970,rom,female,32,359.33
1970,rom,female,33,356.69
1970,rom,female,34,373.2
1970,rom,female,35,362.16
1970,rom,female,36,369.83
1970,rom,female,37,370.89
1970,rom,female,38,285.39
1970,rom,female,39,290.49
1970,rom,female,40,287.49
1970,rom,female,41,288.34
1970,rom,female,42,288.13
1970,rom,female,43,287.29
1970,rom,female,44,285.95
1970,rom,female,45,283.78
1970,rom,female,46,281.78
1970,rom,female,47,279.48
1970,rom,female,48,276.93
1970,rom,female,49,242.27
1970,rom,female,50,203.37
1970,rom,female,51,151.84
1970,rom,female,52,135.45
1970,rom,female,53,137.59
1970,rom,female,54,182.69
1970,rom,female,55,237.8
1970,rom,female,56,231.01
1970,rom,female,57,224.09
1970,rom,female,58,217.06
1970,rom,female,59,209.95
1970,rom,female,60,202.77
1970,rom,female,61,195.51
1970,rom,female,62,188.16
1970,rom,female,63,180.7
1970,rom,female,64,173.14
1970,rom,female,65,165.6
1970,rom,female,66,157.95
1970,rom,female,67,150.21
1970,rom,female,68,142.67
1970,rom,female,69,134.76
1970,rom,female,70,126.81
1970,rom,female,71,118.84
1970,rom,female,72,110.86
1970,rom,female,73,102.92
1970,rom,female,74,95.024
1970,rom,female,75,87.221
1970,rom,female,76,79.544
1970,rom,female,77,72.03
1970,rom,female,78,64.721
1970,rom,female,79,57.66
1970,rom,female,80,50.891
1970,rom,female,81,44.458
1970,rom,female,82,38.403
1970,rom,female,83,32.765
1970,rom,female,84,27.577
1970,rom,female,85,22.867
1970,rom,female,86,18.653
1970,rom,female,87,14.945
1970,rom,female,88,11.75
1970,rom,female,89,9.031
1970,rom,female,90,6.7778
1970,rom,female,91,4.9555
1970,rom,female,92,3.5206
1970,rom,female,93,2.4236
1970,rom,female,94,1.6118
1970,rom,female,95,1.032
1970,rom,female,96,0.63381
1970,kdr,male,0,2.589
1970,kdr,male,1,2.5468
1970,kdr,male,2,2.5464
1970,kdr,male,3,2.581
1970,kdr,male,4,2.7368
1970,kdr,male,5,2.8178
1970,kdr,male,6,2.9266
1970,kdr,male,7,3.0262
1970,kdr,male,8,3.1659
1970,kdr,male,9,3.3434
1970,kdr,male,10,3.5873
1970,kdr,male,11,3.6887
1970,kdr,male,12,3.9913
1970,kdr,male,13,4.0707
1970,kdr,male,14,4.2758
1970,kdr,male,15,4.395
1970,kdr,male,16,4.5455
1970,kdr,male,17,4.5907
1970,kdr,male,18,4.5802
1970,kdr,male,19,4.5214
1970,kdr,male,20,4.4472
1970,kdr,male,21,4.1594
1970,kdr,male,22,4.1441
1970,kdr,male,23,4.0661
1970,kdr,male,24,3.8207
1970,kdr,male,25,3.7021
1970,kdr,male,26,3.548
1970,kdr,male,27,3.5708
1970,kdr,male,28,3.5197
1970,kdr,male,29,3.5254
1970,kdr,male,30,3.5679
1970,kdr,male,31,3.6405
1970,kdr,male,32,3.7087
1970,kdr,male,33,3.7033
1970,kdr,male,34,3.8965
1970,kdr,male,35,3.7989
1970,kdr,male,36,3.894
1970,kdr,male,37,3.9186
1970,kdr,male,38,5.46
1970,kdr,male,39,5.3477
1970,kdr,male,40,5.2498
1970,kdr,male,41,5.3416
1970,kdr,male,42,5.4161
1970,kdr,male,43,5.4735
1970,kdr,male,44,5.5147
1970,kdr,male,45,5.4976
1970,kdr,male,46,5.5102
1970,kdr,male,47,5.5107
1970,kdr,male,48,5.5001
1970,kdr,male,49,4.7167
1970,kdr,male,50,3.9728
1970,kdr,male,51,2.9605
1970,kdr,male,52,2.6251
1970,kdr,male,53,2.6477
1970,kdr,male,54,3.5503
1970,kdr,male,55,4.7304
1970,kdr,male,56,4.5899
1970,kdr,male,57,4.4461
1970,kdr,male,58,4.3012
1970,kdr,male,59,4.1547
1970,kdr,male,60,4.0035
1970,kdr,male,61,3.8498
1970,kdr,male,62,3.6933
1970,kdr,male,63,3.5338
1970,kdr,male,64,3.3713
1970,kdr,male,65,3.2148
1970,kdr,male,66,3.0549
1970,kdr,male,67,2.8918
1970,kdr,male,68,2.7374
1970,kdr,male,69,2.5688
1970,kdr,male,70,2.2069
1970,kdr,male,71,2.0499
1970,kdr,male,72,1.8931
1970,kdr,male,73,1.7373
1970,kdr,male,74,1.5833
1970,kdr,male,75,1.4321
1970,kdr,male,76,1.2846
1970,kdr,male,77,1.1419
1970,kdr,male,78,1.005
1970,kdr,male,79,0.87495
1970,kdr,male,80,0.75261
1970,kdr,male,81,0.63892
1970,kdr,male,82,0.53464
1970,kdr,female,0,2.4562
1970,kdr,female,1,2.4348
1970,kdr,female,2,2.4406
1970,kdr,female,3,2.4762
1970,kdr,female,4,2.6274
1970,kdr,female,5,2.7066
1970,kdr,female,6,2.8127
1970,kdr,female,7,2.9102
1970,kdr,female,8,3.0464
1970,kdr,female,9,3.2189
1970,kdr,female,10,3.4548
1970,kdr,female,11,3.5543
1970,kdr,female,12,3.8485
1970,kdr,female,13,3.9273
1970,kdr,female,14,4.1268
1970,kdr,female,15,4.244
1970,kdr,female,16,4.3914
1970,kdr,female,17,4.4373
1970,kdr,female,18,4.43
1970,kdr,female,19,4.3761
1970,kdr,female,20,4.3083
1970,kdr,female,21,4.0339
1970,kdr,female,22,4.023
1970,kdr,female,23,3.9509
1970,kdr,female,24,3.7158
1970,kdr,female,25,3.6028
1970,kdr,female,26,3.4545
1970,kdr,female,27,3.4788
1970,kdr,female,28,3.4316
1970,kdr,female,29,3.4395
1970,kdr,female,30,3.4837
1970,kdr,female,31,3.5576
1970,kdr,female,32,3.6272
1970,kdr,female,33,3.625
1970,kdr,female,34,3.8175
1970,kdr,female,35,3.725
1970,kdr,female,36,3.8214
1970,kdr,female,37,3.8496
1970,kdr,female,38,5.3636
1970,kdr,female,39,5.2601
1970,kdr,female,40,5.1714
1970,kdr,female,41,5.2703
1970,kdr,female,42,5.353
1970,kdr,female,43,5.4197
1970,kdr,female,44,5.4713
1970,kdr,female,45,5.438
1970,kdr,female,46,5.4629
1970,kdr,female,47,5.477
1970,kdr,female,48,5.4815
1970,kdr,female,49,4.7151
1970,kdr,female,50,3.9848
1970,kdr,female,51,2.9803
1970,kdr,female,52,2.6535
1970,kdr,female,53,2.6721
1970,kdr,female,54,3.5967
1970,kdr,female,55,4.8121
1970,kdr,female,56,4.6906
1970,kdr,female,57,4.5664
1970,kdr,female,58,4.4401
1970,kdr,female,59,4.3122
1970,kdr,female,60,4.1827
1970,kdr,female,61,4.0513
1970,kdr,female,62,3.9175
1970,kdr,female,63,3.781
1970,kdr,female,64,3.6416
1970,kdr,female,65,3.5089
1970,kdr,female,66,3.3727
1970,kdr,female,67,3.2329
1970,kdr,female,68,3.1026
1970,kdr,female,69,2.9556
1970,kdr,female,70,2.806
1970,kdr,female,71,2.6542
1970,kdr,female,72,2.5005
1970,kdr,female,73,2.3453
1970,kdr,female,74,2.1894
1970,kdr,female,75,2.0331
1970,kdr,female,76,1.8773
1970,kdr,female,77,1.7226
1970,kdr,female,78,1.5699
1970,kdr,female,79,1.42
1970,kdr,female,80,1.2739
1970,kdr,female,81,1.1326
1970,kdr,female,82,0.99699
1970,kdr,female,83,0.86817
1970,kdr,female,84,0.74703
1970,kdr,female,85,0.63443
1970,kdr,female,86,0.53112
1970,wym,male,0,0.91262
1970,wym,male,1,0.91501
1970,wym,male,2,0.94414
1970,wym,male,3,0.99246
1970,wym,male,4,1.0994
1970,wym,male,5,1.1933
1970,wym,male,6,1.3162
1970,wym,male,7,1.4737
1970,wym,male,8,1.6796
1970,wym,male,9,1.9321
1970,wym,male,10,2.2441
1970,wym,male,11,2.5045
1970,wym,male,12,2.9365
1970,wym,male,13,3.2126
1970,wym,male,14,3.5586
1970,wym,male,15,3.7804
1970,wym,male,16,3.9356
1970,wym,male,17,3.9775
1970,wym,male,18,3.9483
1970,wym,male,19,3.8321
1970,wym,male,20,3.675
1970,wym,male,21,3.3194
1970,wym,male,22,3.2107
1970,wym,male,23,3.0866
1970,wym,male,24,2.8306
1970,wym,male,25,2.6833
1970,wym,male,26,2.5107
1970,wym,male,27,2.4518
1970,wym,male,28,2.3734
1970,wym,male,29,2.2895
1970,wym,male,30,2.2542
1970,wym,male,31,2.2679
1970,wym,male,32,2.2943
1970,wym,male,33,2.3102
1970,wym,male,34,2.4375
1970,wym,male,35,2.3988
1970,wym,male,36,2.5204
1970,wym,male,37,2.5557
1970,wym,male,38,10.694
1970,wym,male,39,10.316
1970,wym,male,40,9.9681
1970,wym,male,41,9.8303
1970,wym,male,42,9.676
1970,wym,male,43,9.5066
1970,wym,male,44,9.3234
1970,wym,male,45,8.8671
1970,wym,male,46,8.6852
1970,wym,male,47,8.5022
1970,wym,male,48,8.3203
1970,wym,male,49,7.4899
1970,wym,male,50,6.214
1970,wym,male,51,4.6287
1970,wym,male,52,4.1163
1970,wym,male,53,4.0025
1970,wym,male,54,5.2238
1970,wym,male,55,6.4929
1970,wym,male,56,6.2882
1970,wym,male,57,6.0841
1970,wym,male,58,5.8957
1970,wym,male,59,5.7128
1970,wym,male,60,5.5089
1970,wym,male,61,5.3027
1970,wym,male,62,5.0926
1970,wym,male,63,4.8779
1970,wym,male,64,4.6582
1970,wym,male,65,4.4982
1970,wym,male,66,4.3272
1970,wym,male,67,4.1458
1970,wym,male,68,4.0888
1970,wym,male,69,3.8771
1970,wym,male,70,3.3652
1970,wym,male,71,3.1575
1970,wym,male,72,2.9451
1970,wym,male,73,2.7292
1970,wym,male,74,2.5114
1970,wym,male,75,2.2933
1970,wym,male,76,2.0767
1970,wym,male,77,1.8634
1970,wym,male,78,1.6553
1970,wym,male,79,1.4544
1970,wym,male,80,1.2626
1970,wym,male,81,1.0818
1970,wym,male,82,0.9136
1970,wym,male,83,0.75945
1970,wym,male,84,0.62046
1970,wym,female,0,0.86585
1970,wym,female,1,0.87484
1970,wym,female,2,0.90498
1970,wym,female,3,0.95226
1970,wym,female,4,1.0555
1970,wym,female,5,1.1462
1970,wym,female,6,1.265
1970,wym,female,7,1.4171
1970,wym,female,8,1.616
1970,wym,female,9,1.86
1970,wym,female,10,2.161
1970,wym,female,11,2.4128
1970,wym,female,12,2.8307
1970,wym,female,13,3.0983
1970,wym,female,14,3.4333
1970,wym,female,15,3.649
1970,wym,female,16,3.8004
1970,wym,female,17,3.8428
1970,wym,female,18,3.8172
1970,wym,female,19,3.7075
1970,wym,female,20,3.5608
1970,wym,female,21,3.2229
1970,wym,female,22,3.1234
1970,wym,female,23,3.0082
1970,wym,female,24,2.7636
1970,wym,female,25,2.6237
1970,wym,female,26,2.4582
1970,wym,female,27,2.4042
1970,wym,female,28,2.3311
1970,wym,female,29,2.2521
1970,wym,female,30,2.221
1970,wym,female,31,2.2384
1970,wym,female,32,2.2683
1970,wym,female,33,2.2881
1970,wym,female,34,2.4185
1970,wym,female,35,2.3843
1970,wym,female,36,2.5093
1970,wym,female,37,2.5494
1970,wym,female,38,10.638
1970,wym,female,39,10.283
1970,wym,female,40,9.9587
1970,wym,female,41,9.8452
1970,wym,female,42,9.7159
1970,wym,female,43,9.5719
1970,wym,female,44,9.4145
1970,wym,female,45,8.808
1970,wym,female,46,8.6637
1970,wym,female,47,8.5234
1970,wym,female,48,8.3904
1970,wym,female,49,7.606
1970,wym,female,50,6.363
1970,wym,female,51,4.7866
1970,wym,female,52,4.3065
1970,wym,female,53,4.0468
1970,wym,female,54,5.3024
1970,wym,female,55,6.6189
1970,wym,female,56,6.4403
1970,wym,female,57,6.2631
1970,wym,female,58,6.0878
1970,wym,female,59,5.914
1970,wym,female,60,5.7404
1970,wym,female,61,5.5653
1970,wym,female,62,5.387
1970,wym,female,63,5.2046
1970,wym,female,64,5.0174
1970,wym,female,65,4.8955
1970,wym,female,66,4.7632
1970,wym,female,67,4.6206
1970,wym,female,68,4.6197
1970,wym,female,69,4.4467
1970,wym,female,70,4.2648
1970,wym,female,71,4.0745
1970,wym,female,72,3.8764
1970,wym,female,73,3.6712
1970,wym,female,74,3.4599
1970,wym,female,75,3.2434
1970,wym,female,76,3.023
1970,wym,female,77,2.7997
1970,wym,female,78,2.5749
1970,wym,female,79,2.3504
1970,wym,female,80,2.1277
1970,wym,female,81,1.9089
1970,wym,female,82,1.6957
1970,wym,female,83,1.49
1970,wym,female,84,1.2939
1970,wym,female,85,1.1089
1970,wym,female,86,0.93697
1970,wym,female,87,0.77931
1970,wym,female,88,0.65425
1970,wym,female,89,0.52386
1970,oth,male,0,342.23
1970,oth,male,1,339.45
1970,oth,male,2,343.41
1970,oth,male,3,347.89
1970,oth,male,4,368.93
1970,oth,male,5,378.74
1970,oth,male,6,390.79
1970,oth,male,7,403.03
1970,oth,male,8,420.2
1970,oth,male,9,442.18
1970,oth,male,10,468.73
1970,oth,male,11,480.65
1970,oth,male,12,516.98
1970,oth,male,13,521.48
1970,oth,male,14,542.24
1970,oth,male,15,549.77
1970,oth,male,16,560.47
1970,oth,male,17,562.42
1970,oth,male,18,559.87
1970,oth,male,19,553.8
1970,oth,male,20,547.49
1970,oth,male,21,515.22
1970,oth,male,22,516.56
1970,oth,male,23,512.38
1970,oth,male,24,487.54
1970,oth,male,25,478.14
1970,oth,male,26,463.39
1970,oth,male,27,469.71
1970,oth,male,28,465.64
1970,oth,male,29,467.07
1970,oth,male,30,471.94
1970,oth,male,31,479.69
1970,oth,male,32,486.23
1970,oth,male,33,483.55
1970,oth,male,34,505.21
1970,oth,male,35,491.06
1970,oth,male,36,501.02
1970,oth,male,37,502.46
1970,oth,male,38,656.41
1970,oth,male,39,639.78
1970,oth,male,40,624.75
1970,oth,male,41,629.1
1970,oth,male,42,631.74
1970,oth,male,43,632.68
1970,oth,male,44,631.94
1970,oth,male,45,625.49
1970,oth,male,46,623.01
1970,oth,male,47,619.59
1970,oth,male,48,615.39
1970,oth,male,49,536.7
1970,oth,male,50,454.11
1970,oth,male,51,340.19
1970,oth,male,52,304.07
1970,oth,male,53,302.24
1970,oth,male,54,396.84
1970,oth,male,55,516.79
1970,oth,male,56,500.06
1970,oth,male,57,483.15
1970,oth,male,58,471.41
1970,oth,male,59,461.31
1970,oth,male,60,443.81
1970,oth,male,61,426.13
1970,oth,male,62,408.23
1970,oth,male,63,390.09
1970,oth,male,64,371.73
1970,oth,male,65,354.92
1970,oth,male,66,337.74
1970,oth,male,67,320.22
1970,oth,male,68,307.3
1970,oth,male,69,288.84
1970,oth,male,70,248.84
1970,oth,male,71,231.61
1970,oth,male,72,214.38
1970,oth,male,73,197.22
1970,oth,male,74,180.23
1970,oth,male,75,163.51
1970,oth,male,76,147.16
1970,oth,male,77,131.3
1970,oth,male,78,116.03
1970,oth,male,79,101.47
1970,oth,male,80,87.72
1970,oth,male,81,74.894
1970,oth,male,82,63.075
1970,oth,male,83,52.334
1970,oth,male,84,42.722
1970,oth,male,85,34.266
1970,oth,male,86,26.963
1970,oth,male,87,20.786
1970,oth,male,88,15.797
1970,oth,male,89,11.637
1970,oth,male,90,8.372
1970,oth,male,91,5.8844
1970,oth,male,92,4.0487
1970,oth,male,93,2.7401
1970,oth,male,94,1.9566
1970,oth,male,95,1.3131
1970,oth,male,96,0.90434
1970,oth,male,97,0.65394
1970,oth,male,98,0.50488
1970,oth,male,100,0.62037
1970,oth,female,0,324.49
1970,oth,female,1,324.13
1970,oth,female,2,328.6
1970,oth,female,3,333.16
1970,oth,female,4,353.51
1970,oth,female,5,363.06
1970,oth,female,6,374.78
1970,oth,female,7,386.72
1970,oth,female,8,403.43
1970,oth,female,9,424.75
1970,oth,female,10,450.43
1970,oth,female,11,462.09
1970,oth,female,12,497.38
1970,oth,female,13,502
1970,oth,female,14,522.24
1970,oth,female,15,529.8
1970,oth,female,16,540.39
1970,oth,female,17,542.52
1970,oth,female,18,540.38
1970,oth,female,19,534.82
1970,oth,female,20,529.12
1970,oth,female,21,498.24
1970,oth,female,22,499.73
1970,oth,female,23,495.76
1970,oth,female,24,471.68
1970,oth,female,25,462.5
1970,oth,female,26,448.08
1970,oth,female,27,454.27
1970,oth,female,28,450.46
1970,oth,female,29,452.05
1970,oth,female,30,457.1
1970,oth,female,31,465.06
1970,oth,female,32,471.88
1970,oth,female,33,469.74
1970,oth,female,34,491.52
1970,oth,female,35,478.21
1970,oth,female,36,488.59
1970,oth,female,37,490.71
1970,oth,female,38,642.29
1970,oth,female,39,626.93
1970,oth,female,40,613.25
1970,oth,female,41,618.69
1970,oth,female,42,622.53
1970,oth,female,43,624.76
1970,oth,female,44,625.43
1970,oth,female,45,617.88
1970,oth,female,46,617.82
1970,oth,female,47,617.18
1970,oth,female,48,616.2
1970,oth,female,49,540.36
1970,oth,female,50,460.08
1970,oth,female,51,346.97
1970,oth,female,52,312.88
1970,oth,female,53,308.83
1970,oth,female,54,408.07
1970,oth,female,55,534.66
1970,oth,female,56,520.08
1970,oth,female,57,505.34
1970,oth,female,58,490.49
1970,oth,female,59,475.55
1970,oth,female,60,460.51
1970,oth,female,61,445.33
1970,oth,female,62,429.96
1970,oth,female,63,414.39
1970,oth,female,64,398.59
1970,oth,female,65,384.48
1970,oth,female,66,369.99
1970,oth,female,67,355.12
1970,oth,female,68,345.4
1970,oth,female,69,329.47
1970,oth,female,70,313.25
1970,oth,female,71,296.77
1970,oth,female,72,280.07
1970,oth,female,73,263.19
1970,oth,female,74,246.19
1970,oth,female,75,229.13
1970,oth,female,76,212.08
1970,oth,female,77,195.12
1970,oth,female,78,178.32
1970,oth,female,79,161.8
1970,oth,female,80,145.65
1970,oth,female,81,129.98
1970,oth,female,82,114.89
1970,oth,female,83,100.51
1970,oth,female,84,86.923
1970,oth,female,85,74.242
1970,oth,female,86,62.55
1970,oth,female,87,51.92
1970,oth,female,88,42.728
1970,oth,female,89,34.264
1970,oth,female,90,26.953
1970,oth,female,91,20.766
1970,oth,female,92,15.648
1970,oth,female,93,11.517
1970,oth,female,94,8.2714
1970,oth,female,95,5.7965
1970,oth,female,96,3.9686
1970,oth,female,97,2.6648
1970,oth,female,98,1.7686
1970,oth,female,99,1.1762
1970,oth,female,100,1.6995
1980,pl,male,0,2.6455e+05
1980,pl,male,1,2.6129e+05
1980,pl,male,2,2.5628e+05
1980,pl,male,3,2.5649e+05
1980,pl,male,4,2.5411e+05
1980,pl,male,5,2.4931e+05
1980,pl,male,6,2.4432e+05
1980,pl,male,7,2.4772e+05
1980,pl,male,8,2.4872e+05
1980,pl,male,9,2.4651e+05
1980,pl,male,10,2.4806e+05
1980,pl,male,11,2.4884e+05
1980,pl,male,12,2.4964e+05
1980,pl,male,13,2.4891e+05
1980,pl,male,14,2.5926e+05
1980,pl,male,15,2.6144e+05
1980,pl,male,16,2.6409e+05
1980,pl,male,17,2.6673e+05
1980,pl,male,18,2.7097e+05
1980,pl,male,19,2.7779e+05
1980,pl,male,20,2.856e+05
1980,pl,male,21,2.8333e+05
1980,pl,male,22,2.9418e+05
1980,pl,male,23,2.8573e+05
1980,pl,male,24,2.8683e+05
1980,pl,male,25,2.8221e+05
1980,pl,male,26,2.8036e+05
1980,pl,male,27,2.7495e+05
1980,pl,male,28,2.6852e+05
1980,pl,male,29,2.6142e+05
1980,pl,male,30,2.5516e+05
1980,pl,male,31,2.3739e+05
1980,pl,male,32,2.3571e+05
1980,pl,male,33,2.3124e+05
1980,pl,male,34,2.1765e+05
1980,pl,male,35,2.1172e+05
1980,pl,male,36,2.0389e+05
1980,pl,male,37,2.0578e+05
1980,pl,male,38,2.0294e+05
1980,pl,male,39,2.0334e+05
1980,pl,male,40,2.0536e+05
1980,pl,male,41,2.0845e+05
1980,pl,male,42,2.1103e+05
1980,pl,male,43,2.0927e+05
1980,pl,male,44,2.1862e+05
1980,pl,male,45,2.1181e+05
1980,pl,male,46,2.1572e+05
1980,pl,male,47,2.1578e+05
1980,pl,male,48,2.024e+05
1980,pl,male,49,1.9762e+05
1980,pl,male,50,1.9322e+05
1980,pl,male,51,1.937e+05
1980,pl,male,52,1.9369e+05
1980,pl,male,53,1.9317e+05
1980,pl,male,54,1.9216e+05
1980,pl,male,55,1.91e+05
1980,pl,male,56,1.8902e+05
1980,pl,male,57,1.8663e+05
1980,pl,male,58,1.8383e+05
1980,pl,male,59,1.6028e+05
1980,pl,male,60,1.3404e+05
1980,pl,male,61,97908
1980,pl,male,62,86273
1980,pl,male,63,86638
1980,pl,male,64,1.1274e+05
1980,pl,male,65,1.4455e+05
1980,pl,male,66,1.3748e+05
1980,pl,male,67,1.3027e+05
1980,pl,male,68,1.2269e+05
1980,pl,male,69,1.15e+05
1980,pl,male,70,1.0769e+05
1980,pl,male,71,1.0037e+05
1980,pl,male,72,93054
1980,pl,male,73,85772
1980,pl,male,74,78554
1980,pl,male,75,71437
1980,pl,male,76,64465
1980,pl,male,77,57686
1980,pl,male,78,50978
1980,pl,male,79,44747
1980,pl,male,80,35741
1980,pl,male,81,30659
1980,pl,male,82,25955
1980,pl,male,83,21659
1980,pl,male,84,17791
1980,pl,male,85,14362
1980,pl,male,86,11377
1980,pl,male,87,8826.8
1980,pl,male,88,6693.8
1980,pl,male,89,4951.1
1980,pl,male,90,3563.2
1980,pl,male,91,2488.6
1980,pl,male,92,1681.9
1980,pl,male,93,1096.5
1980,pl,male,94,687.29
1980,pl,male,95,412.61
1980,pl,male,96,236.32
1980,pl,male,97,128.57
1980,pl,male,98,65.934
1980,pl,male,99,31.922
1980,pl,male,100,25.49
1980,pl,female,0,2.5108e+05
1980,pl,female,1,2.4994e+05
1980,pl,female,2,2.4568e+05
1980,pl,female,3,2.4601e+05
1980,pl,female,4,2.4384e+05
1980,pl,female,5,2.3937e+05
1980,pl,female,6,2.3465e+05
1980,pl,female,7,2.38e+05
1980,pl,female,8,2.3903e+05
1980,pl,female,9,2.3699e+05
1980,pl,female,10,2.3861e+05
1980,pl,female,11,2.3952e+05
1980,pl,female,12,2.4044e+05
1980,pl,female,13,2.3987e+05
1980,pl,female,14,2.4997e+05
1980,pl,female,15,2.5221e+05
1980,pl,female,16,2.5491e+05
1980,pl,female,17,2.5762e+05
1980,pl,female,18,2.6188e+05
1980,pl,female,19,2.6863e+05
1980,pl,female,20,2.7628e+05
1980,pl,female,21,2.742e+05
1980,pl,female,22,2.8489e+05
1980,pl,female,23,2.7685e+05
1980,pl,female,24,2.7804e+05
1980,pl,female,25,2.7372e+05
1980,pl,female,26,2.7206e+05
1980,pl,female,27,2.6695e+05
1980,pl,female,28,2.6087e+05
1980,pl,female,29,2.5416e+05
1980,pl,female,30,2.4828e+05
1980,pl,female,31,2.3119e+05
1980,pl,female,32,2.2973e+05
1980,pl,female,33,2.2555e+05
1980,pl,female,34,2.1245e+05
1980,pl,female,35,2.0677e+05
1980,pl,female,36,1.9919e+05
1980,pl,female,37,2.0114e+05
1980,pl,female,38,1.985e+05
1980,pl,female,39,1.9902e+05
1980,pl,female,40,2.0117e+05
1980,pl,female,41,2.044e+05
1980,pl,female,42,2.0713e+05
1980,pl,female,43,2.0563e+05
1980,pl,female,44,2.1507e+05
1980,pl,female,45,2.0862e+05
1980,pl,female,46,2.1274e+05
1980,pl,female,47,2.1312e+05
1980,pl,female,48,2.0025e+05
1980,pl,female,49,1.9592e+05
1980,pl,female,50,1.9201e+05
1980,pl,female,51,1.9297e+05
1980,pl,female,52,1.935e+05
1980,pl,female,53,1.9357e+05
1980,pl,female,54,1.9321e+05
1980,pl,female,55,1.9299e+05
1980,pl,female,56,1.9171e+05
1980,pl,female,57,1.9005e+05
1980,pl,female,58,1.8803e+05
1980,pl,female,59,1.6473e+05
1980,pl,female,60,1.3848e+05
1980,pl,female,61,1.0174e+05
1980,pl,female,62,90208
1980,pl,female,63,91552
1980,pl,female,64,1.202e+05
1980,pl,female,65,1.5563e+05
1980,pl,female,66,1.4961e+05
1980,pl,female,67,1.4346e+05
1980,pl,female,68,1.3721e+05
1980,pl,female,69,1.3089e+05
1980,pl,female,70,1.245e+05
1980,pl,female,71,1.1805e+05
1980,pl,female,72,1.1154e+05
1980,pl,female,73,1.0496e+05
1980,pl,female,74,98345
1980,pl,female,75,91701
1980,pl,female,76,85057
1980,pl,female,77,78443
1980,pl,female,78,71661
1980,pl,female,79,65233
1980,pl,female,80,58942
1980,pl,female,81,52827
1980,pl,female,82,46929
1980,pl,female,83,41287
1980,pl,female,84,35939
1980,pl,female,85,30923
1980,pl,female,86,26269
1980,pl,female,87,22007
1980,pl,female,88,18156
1980,pl,female,89,14729
1980,pl,female,90,11731
1980,pl,female,91,9157.1
1980,pl,female,92,6991.4
1980,pl,female,93,5210
1980,pl,female,94,3780.7
1980,pl,female,95,2664.8
1980,pl,female,96,1819.4
1980,pl,female,97,1199.5
1980,pl,female,98,759.21
1980,pl,female,99,462.11
1980,pl,female,100,612.13
1980,uk,male,0,67734
1980,uk,male,1,66111
1980,uk,male,2,64258
1980,uk,male,3,63634
1980,uk,male,4,62631
1980,uk,male,5,61170
1980,uk,male,6,59768
1980,uk,male,7,60409
1980,uk,male,8,60436
1980,uk,male,9,59869
1980,uk,male,10,60149
1980,uk,male,11,60294
1980,uk,male,12,60299
1980,uk,male,13,59788
1980,uk,male,14,62163
1980,uk,male,15,62362
1980,uk,male,16,62660
1980,uk,male,17,62901
1980,uk,male,18,63505
1980,uk,male,19,64481
1980,uk,male,20,65851
1980,uk,male,21,64771
1980,uk,male,22,66732
1980,uk,male,23,64347
1980,uk,male,24,64175
1980,uk,male,25,62668
1980,uk,male,26,61791
1980,uk,male,27,60091
1980,uk,male,28,58161
1980,uk,male,29,56083
1980,uk,male,30,54309
1980,uk,male,31,50117
1980,uk,male,32,49478
1980,uk,male,33,48347
1980,uk,male,34,45384
1980,uk,male,35,44077
1980,uk,male,36,42371
1980,uk,male,37,42723
1980,uk,male,38,42036
1980,uk,male,39,41938
1980,uk,male,40,42095
1980,uk,male,41,42401
1980,uk,male,42,42590
1980,uk,male,43,41932
1980,uk,male,44,43500
1980,uk,male,45,41837
1980,uk,male,46,42367
1980,uk,male,47,42162
1980,uk,male,48,41516
1980,uk,male,49,40326
1980,uk,male,50,39227
1980,uk,male,51,38607
1980,uk,male,52,37949
1980,uk,male,53,37249
1980,uk,male,54,36508
1980,uk,male,55,35719
1980,uk,male,56,34921
1980,uk,male,57,34095
1980,uk,male,58,33245
1980,uk,male,59,28936
1980,uk,male,60,23849
1980,uk,male,61,17633
1980,uk,male,62,15504
1980,uk,male,63,15593
1980,uk,male,64,20259
1980,uk,male,65,25493
1980,uk,male,66,24238
1980,uk,male,67,22959
1980,uk,male,68,21707
1980,uk,male,69,20452
1980,uk,male,70,19128
1980,uk,male,71,17799
1980,uk,male,72,16472
1980,uk,male,73,15150
1980,uk,male,74,13840
1980,uk,male,75,12551
1980,uk,male,76,11291
1980,uk,male,77,10068
1980,uk,male,78,8896.9
1980,uk,male,79,7774.8
1980,uk,male,80,6179.1
1980,uk,male,81,5271
1980,uk,male,82,4434.7
1980,uk,male,83,3675
1980,uk,male,84,2995.3
1980,uk,male,85,2397.3
1980,uk,male,86,1880.7
1980,uk,male,87,1443.5
1980,uk,male,88,1081.6
1980,uk,male,89,789.36
1980,uk,male,90,559.64
1980,uk,male,91,384.39
1980,uk,male,92,254.98
1980,uk,male,93,162.81
1980,uk,male,94,99.706
1980,uk,male,95,58.328
1980,uk,male,96,32.459
1980,uk,male,97,17.105
1980,uk,male,98,8.5008
1980,uk,male,99,3.9663
1980,uk,male,100,2.9549
1980,uk,female,0,64315
1980,uk,female,1,63316
1980,uk,female,2,61690
1980,uk,female,3,61127
1980,uk,female,4,60193
1980,uk,female,5,58824
1980,uk,female,6,57497
1980,uk,female,7,58135
1980,uk,female,8,58183
1980,uk,female,9,57658
1980,uk,female,10,57967
1980,uk,female,11,58147
1980,uk,female,12,58193
1980,uk,female,13,57735
1980,uk,female,14,60063
1980,uk,female,15,60286
1980,uk,female,16,60612
1980,uk,female,17,60886
1980,uk,female,18,61512
1980,uk,female,19,62497
1980,uk,female,20,63859
1980,uk,female,21,62854
1980,uk,female,22,64814
1980,uk,female,23,62547
1980,uk,female,24,62423
1980,uk,female,25,61008
1980,uk,female,26,60203
1980,uk,female,27,58597
1980,uk,female,28,56772
1980,uk,female,29,54804
1980,uk,female,30,53138
1980,uk,female,31,49097
1980,uk,female,32,48530
1980,uk,female,33,47475
1980,uk,female,34,44616
1980,uk,female,35,43365
1980,uk,female,36,41711
1980,uk,female,37,42091
1980,uk,female,38,41454
1980,uk,female,39,41398
1980,uk,female,40,41599
1980,uk,female,41,41956
1980,uk,female,42,42196
1980,uk,female,43,41599
1980,uk,female,44,43218
1980,uk,female,45,41630
1980,uk,female,46,42223
1980,uk,female,47,42096
1980,uk,female,48,41534
1980,uk,female,49,40439
1980,uk,female,50,39444
1980,uk,female,51,38936
1980,uk,female,52,38396
1980,uk,female,53,37821
1980,uk,female,54,37212
1980,uk,female,55,36551
1980,uk,female,56,35907
1980,uk,female,57,35245
1980,uk,female,58,34567
1980,uk,female,59,30277
1980,uk,female,60,25130
1980,uk,female,61,18725
1980,uk,female,62,16605
1980,uk,female,63,16832
1980,uk,female,64,22077
1980,uk,female,65,28070
1980,uk,female,66,26988
1980,uk,female,67,25879
1980,uk,female,68,24748
1980,uk,female,69,23599
1980,uk,female,70,22434
1980,uk,female,71,21254
1980,uk,female,72,20060
1980,uk,female,73,18853
1980,uk,female,74,17638
1980,uk,female,75,16417
1980,uk,female,76,15197
1980,uk,female,77,13983
1980,uk,female,78,12791
1980,uk,female,79,11609
1980,uk,female,80,10454
1980,uk,female,81,9334.4
1980,uk,female,82,8257.1
1980,uk,female,83,7229.9
1980,uk,female,84,6259.9
1980,uk,female,85,5353.9
1980,uk,female,86,4517.9
1980,uk,female,87,3756.4
1980,uk,female,88,3073.1
1980,uk,female,89,2469.8
1980,uk,female,90,1946.6
1980,uk,female,91,1501.7
1980,uk,female,92,1131.6
1980,uk,female,93,830.97
1980,uk,female,94,593.2
1980,uk,female,95,410.52
1980,uk,female,96,274.59
1980,uk,female,97,176.94
1980,uk,female,98,109.47
1980,uk,female,99,64.748
1980,uk,female,100,79.467
1980,be,male,0,13954
1980,be,male,1,13663
1980,be,male,2,13352
1980,be,male,3,13322
1980,be,male,4,13169
1980,be,male,5,12915
1980,be,male,6,12703
1980,be,male,7,12913
1980,be,male,8,12969
1980,be,male,9,12959
1980,be,male,10,13103
1980,be,male,11,13248
1980,be,male,12,13353
1980,be,male,13,13367
1980,be,male,14,13975
1980,be,male,15,14087
1980,be,male,16,14240
1980,be,male,17,14312
1980,be,male,18,14473
1980,be,male,19,14729
1980,be,male,20,15087
1980,be,male,21,14868
1980,be,male,22,15331
1980,be,male,23,14804
1980,be,male,24,14743
1980,be,male,25,14376
1980,be,male,26,14128
1980,be,male,27,13685
1980,be,male,28,13188
1980,be,male,29,12670
1980,be,male,30,12213
1980,be,male,31,11223
1980,be,male,32,11046
1980,be,male,33,10772
1980,be,male,34,10109
1980,be,male,35,9820
1980,be,male,36,9443.2
1980,be,male,37,9523.3
1980,be,male,38,9376.6
1980,be,male,39,9350.5
1980,be,male,40,9371.1
1980,be,male,41,9415.5
1980,be,male,42,9422
1980,be,male,43,9240.6
1980,be,male,44,9552.4
1980,be,male,45,9158.1
1980,be,male,46,9245.4
1980,be,male,47,9165.8
1980,be,male,48,9688.4
1980,be,male,49,9356
1980,be,male,50,9048.7
1980,be,male,51,8784.4
1980,be,male,52,8522.1
1980,be,male,53,8260.6
1980,be,male,54,7999.8
1980,be,male,55,7723.5
1980,be,male,56,7485.2
1980,be,male,57,7251.6
1980,be,male,58,7022.8
1980,be,male,59,5778.7
1980,be,male,60,4736.2
1980,be,male,61,3490.3
1980,be,male,62,3058.9
1980,be,male,63,3020.8
1980,be,male,64,3987.9
1980,be,male,65,5283.3
1980,be,male,66,5023.3
1980,be,male,67,4759.3
1980,be,male,68,4566.7
1980,be,male,69,4388.4
1980,be,male,70,4106
1980,be,male,71,3822.5
1980,be,male,72,3538.7
1980,be,male,73,3255.6
1980,be,male,74,2974.8
1980,be,male,75,2698
1980,be,male,76,2427
1980,be,male,77,2163.9
1980,be,male,78,1919.8
1980,be,male,79,1676.8
1980,be,male,80,1331.8
1980,be,male,81,1135.2
1980,be,male,82,954.15
1980,be,male,83,789.81
1980,be,male,84,642.91
1980,be,male,85,513.78
1980,be,male,86,402.39
1980,be,male,87,308.25
1980,be,male,88,230.47
1980,be,male,89,167.79
1980,be,male,90,118.63
1980,be,male,91,81.232
1980,be,male,92,53.699
1980,be,male,93,34.155
1980,be,male,94,20.824
1980,be,male,95,12.12
1980,be,male,96,6.7045
1980,be,male,97,3.5075
1980,be,male,98,1.7299
1980,be,male,99,0.79614
1980,be,male,100,0.57192
1980,be,female,0,13252
1980,be,female,1,13090
1980,be,female,2,12823
1980,be,female,3,12803
1980,be,female,4,12662
1980,be,female,5,12426
1980,be,female,6,12227
1980,be,female,7,12433
1980,be,female,8,12491
1980,be,female,9,12486
1980,be,female,10,12632
1980,be,female,11,12781
1980,be,female,12,12891
1980,be,female,13,12914
1980,be,female,14,13509
1980,be,female,15,13625
1980,be,female,16,13782
1980,be,female,17,13861
1980,be,female,18,14028
1980,be,female,19,14285
1980,be,female,20,14641
1980,be,female,21,14441
1980,be,female,22,14907
1980,be,female,23,14409
1980,be,female,24,14364
1980,be,female,25,14021
1980,be,female,26,13794
1980,be,female,27,13376
1980,be,female,28,12906
1980,be,female,29,12416
1980,be,female,30,11985
1980,be,female,31,11031
1980,be,female,32,10872
1980,be,female,33,10618
1980,be,female,34,9977.6
1980,be,female,35,9702.7
1980,be,female,36,9338.9
1980,be,female,37,9428.4
1980,be,female,38,9294.7
1980,be,female,39,9280.1
1980,be,female,40,9313.7
1980,be,female,41,9372.9
1980,be,female,42,9394.8
1980,be,female,43,9229.4
1980,be,female,44,9558
1980,be,female,45,9180.3
1980,be,female,46,9284.9
1980,be,female,47,9225.4
1980,be,female,48,9769.3
1980,be,female,49,9460.3
1980,be,female,50,9178.4
1980,be,female,51,8941
1980,be,female,52,8706.5
1980,be,female,53,8473.6
1980,be,female,54,8242.3
1980,be,female,55,7983.1
1980,be,female,56,7791.8
1980,be,female,57,7609
1980,be,female,58,7435.2
1980,be,female,59,6180
1980,be,female,60,5122.6
1980,be,female,61,3823
1980,be,female,62,3398.1
1980,be,female,63,3370.7
1980,be,female,64,4495.3
1980,be,female,65,6017.2
1980,be,female,66,5785.8
1980,be,female,67,5549.6
1980,be,female,68,5309.2
1980,be,female,69,5065.2
1980,be,female,70,4817.7
1980,be,female,71,4566.7
1980,be,female,72,4312.2
1980,be,female,73,4054.5
1980,be,female,74,3794.3
1980,be,female,75,3532.6
1980,be,female,76,3270.6
1980,be,female,77,3009.6
1980,be,female,78,2764.3
1980,be,female,79,2508.2
1980,be,female,80,2257.8
1980,be,female,81,2015
1980,be,female,82,1781.3
1980,be,female,83,1558.5
1980,be,female,84,1348.2
1980,be,female,85,1151.8
1980,be,female,86,970.77
1980,be,female,87,806.04
1980,be,female,88,658.38
1980,be,female,89,528.19
1980,be,female,90,415.46
1980,be,female,91,319.79
1980,be,female,92,240.37
1980,be,female,93,176.02
1980,be,female,94,125.27
1980,be,female,95,86.39
1980,be,female,96,57.562
1980,be,female,97,36.931
1980,be,female,98,22.781
1980,be,female,99,13.398
1980,be,female,100,16.207
1980,pls,male,0,10624
1980,pls,male,1,10393
1980,pls,male,2,10149
1980,pls,male,3,10148
1980,pls,male,4,10098
1980,pls,male,5,9952.2
1980,pls,male,6,9833.9
1980,pls,male,7,10066
1980,pls,male,8,10203
1980,pls,male,9,10296
1980,pls,male,10,10467
1980,pls,male,11,10663
1980,pls,male,12,10755
1980,pls,male,13,10813
1980,pls,male,14,11291
1980,pls,male,15,11326
1980,pls,male,16,11353
1980,pls,male,17,11379
1980,pls,male,18,11421
1980,pls,male,19,11539
1980,pls,male,20,11724
1980,pls,male,21,11464
1980,pls,male,22,11736
1980,pls,male,23,11269
1980,pls,male,24,11174
1980,pls,male,25,10865
1980,pls,male,26,10636
1980,pls,male,27,10278
1980,pls,male,28,9900.7
1980,pls,male,29,9523.7
1980,pls,male,30,9199.3
1980,pls,male,31,8475.5
1980,pls,male,32,8368.6
1980,pls,male,33,8190
1980,pls,male,34,7721
1980,pls,male,35,7533.9
1980,pls,male,36,7269.5
1980,pls,male,37,7344.9
1980,pls,male,38,7225.5
1980,pls,male,39,7172.9
1980,pls,male,40,7141.1
1980,pls,male,41,7126.5
1980,pls,male,42,7081.9
1980,pls,male,43,6901.5
1980,pls,male,44,7095.3
1980,pls,male,45,6770.6
1980,pls,male,46,6805.6
1980,pls,male,47,6723.6
1980,pls,male,48,7158.9
1980,pls,male,49,6868.8
1980,pls,male,50,6605.1
1980,pls,male,51,6320.5
1980,pls,male,52,6048.1
1980,pls,male,53,5786.3
1980,pls,male,54,5534.3
1980,pls,male,55,5289.4
1980,pls,male,56,5085
1980,pls,male,57,4891.9
1980,pls,male,58,4709.4
1980,pls,male,59,3856.1
1980,pls,male,60,3148.3
1980,pls,male,61,2326.6
1980,pls,male,62,2045.8
1980,pls,male,63,2011.2
1980,pls,male,64,2644.2
1980,pls,male,65,3496.3
1980,pls,male,66,3318.3
1980,pls,male,67,3138.8
1980,pls,male,68,3075.7
1980,pls,male,69,3037.3
1980,pls,male,70,2835.9
1980,pls,male,71,2634.3
1980,pls,male,72,2433.2
1980,pls,male,73,2233.4
1980,pls,male,74,2035.8
1980,pls,male,75,1841.7
1980,pls,male,76,1652.4
1980,pls,male,77,1469.2
1980,pls,male,78,1299.7
1980,pls,male,79,1131.7
1980,pls,male,80,895.94
1980,pls,male,81,761.04
1980,pls,male,82,637.32
1980,pls,male,83,525.47
1980,pls,male,84,425.91
1980,pls,male,85,338.81
1980,pls,male,86,264.04
1980,pls,male,87,201.18
1980,pls,male,88,149.54
1980,pls,male,89,108.17
1980,pls,male,90,75.954
1980,pls,male,91,51.616
1980,pls,male,92,33.84
1980,pls,male,93,21.33
1980,pls,male,94,12.877
1980,pls,male,95,7.4141
1980,pls,male,96,4.0529
1980,pls,male,97,2.093
1980,pls,male,98,1.0176
1980,pls,female,0,10093
1980,pls,female,1,9965.8
1980,pls,female,2,9757.5
1980,pls,female,3,9762.9
1980,pls,female,4,9720.7
1980,pls,female,5,9586
1980,pls,female,6,9475.3
1980,pls,female,7,9702.6
1980,pls,female,8,9837.6
1980,pls,female,9,9931.8
1980,pls,female,10,10104
1980,pls,female,11,10301
1980,pls,female,12,10397
1980,pls,female,13,10460
1980,pls,female,14,10930
1980,pls,female,15,10969
1980,pls,female,16,11003
1980,pls,female,17,11035
1980,pls,female,18,11085
1980,pls,female,19,11208
1980,pls,female,20,11397
1980,pls,female,21,11157
1980,pls,female,22,11440
1980,pls,female,23,11001
1980,pls,female,24,10922
1980,pls,female,25,10635
1980,pls,female,26,10426
1980,pls,female,27,10090
1980,pls,female,28,9736.8
1980,pls,female,29,9383.9
1980,pls,female,30,9082.4
1980,pls,female,31,8385.4
1980,pls,female,32,8296.7
1980,pls,female,33,8135.9
1980,pls,female,34,7684.9
1980,pls,female,35,7510.3
1980,pls,female,36,7256.6
1980,pls,female,37,7342.8
1980,pls,female,38,7236
1980,pls,female,39,7196.5
1980,pls,female,40,7179.7
1980,pls,female,41,7181.3
1980,pls,female,42,7152.5
1980,pls,female,43,6986.4
1980,pls,female,44,7200.1
1980,pls,female,45,6887.6
1980,pls,female,46,6940.9
1980,pls,female,47,6877.8
1980,pls,female,48,7340.8
1980,pls,female,49,7069.2
1980,pls,female,50,6825.2
1980,pls,female,51,6559.9
1980,pls,female,52,6307
1980,pls,female,53,6065.1
1980,pls,female,54,5833.4
1980,pls,female,55,5607.5
1980,pls,female,56,5448.9
1980,pls,female,57,5305.3
1980,pls,female,58,5176.5
1980,pls,female,59,4302.5
1980,pls,female,60,3571.4
1980,pls,female,61,2687.8
1980,pls,female,62,2410.7
1980,pls,female,63,2383.6
1980,pls,female,64,3169.3
1980,pls,female,65,4233.8
1980,pls,female,66,4063.4
1980,pls,female,67,3890.7
1980,pls,female,68,3715.9
1980,pls,female,69,3539
1980,pls,female,70,3360.2
1980,pls,female,71,3179.3
1980,pls,female,72,2996.5
1980,pls,female,73,2812
1980,pls,female,74,2626.3
1980,pls,female,75,2440.2
1980,pls,female,76,2254.5
1980,pls,female,77,2070
1980,pls,female,78,1897
1980,pls,female,79,1717.1
1980,pls,female,80,1541.8
1980,pls,female,81,1372.3
1980,pls,female,82,1209.7
1980,pls,female,83,1055.2
1980,pls,female,84,909.88
1980,pls,female,85,774.68
1980,pls,female,86,650.46
1980,pls,female,87,537.9
1980,pls,female,88,437.44
1980,pls,female,89,349.26
1980,pls,female,90,273.3
1980,pls,female,91,209.18
1980,pls,female,92,156.27
1980,pls,female,93,113.67
1980,pls,female,94,80.297
1980,pls,female,95,54.933
1980,pls,female,96,36.281
1980,pls,female,97,23.054
1980,pls,female,98,14.07
1980,pls,female,99,8.1795
1980,pls,female,100,9.6175
1980,yi,male,0,14490
1980,yi,male,1,14343
1980,yi,male,2,14036
1980,yi,male,3,13950
1980,yi,male,4,13732
1980,yi,male,5,13350
1980,yi,male,6,12986
1980,yi,male,7,13053
1980,yi,male,8,12952
1980,yi,male,9,12747
1980,yi,male,10,12738
1980,yi,male,11,12714
1980,yi,male,12,12676
1980,yi,male,13,12582
1980,yi,male,14,13101
1980,yi,male,15,13176
1980,yi,male,16,13316
1980,yi,male,17,13452
1980,yi,male,18,13738
1980,yi,male,19,14161
1980,yi,male,20,14709
1980,yi,male,21,14729
1980,yi,male,22,15483
1980,yi,male,23,15289
1980,yi,male,24,15573
1980,yi,male,25,15559
1980,yi,male,26,15633
1980,yi,male,27,15443
1980,yi,male,28,15143
1980,yi,male,29,14750
1980,yi,male,30,14374
1980,yi,male,31,13311
1980,yi,male,32,13137
1980,yi,male,33,12811
1980,yi,male,34,11972
1980,yi,male,35,11559
1980,yi,male,36,11027
1980,yi,male,37,11024
1980,yi,male,38,10776
1980,yi,male,39,10692
1980,yi,male,40,10710
1980,yi,male,41,10818
1980,yi,male,42,10923
1980,yi,male,43,10833
1980,yi,male,44,11320
1980,yi,male,45,10979
1980,yi,male,46,11197
1980,yi,male,47,11215
1980,yi,male,48,15572
1980,yi,male,49,15240
1980,yi,male,50,14933
1980,yi,male,51,15491
1980,yi,male,52,15943
1980,yi,male,53,16293
1980,yi,male,54,16546
1980,yi,male,55,16464
1980,yi,male,56,16561
1980,yi,male,57,16589
1980,yi,male,58,16554
1980,yi,male,59,14223
1980,yi,male,60,11943
1980,yi,male,61,8787.1
1980,yi,male,62,7694.6
1980,yi,male,63,7497.4
1980,yi,male,64,9871.5
1980,yi,male,65,12954
1980,yi,male,66,12409
1980,yi,male,67,11856
1980,yi,male,68,11351
1980,yi,male,69,10868
1980,yi,male,70,10334
1980,yi,male,71,9801.3
1980,yi,male,72,9261.3
1980,yi,male,73,8708.1
1980,yi,male,74,8139.1
1980,yi,male,75,7555.4
1980,yi,male,76,6960.5
1980,yi,male,77,6359.4
1980,yi,male,78,5895.1
1980,yi,male,79,5283
1980,yi,male,80,4309.5
1980,yi,male,81,3777.1
1980,yi,male,82,3269
1980,yi,male,83,2790.6
1980,yi,male,84,2346.9
1980,yi,male,85,1941.8
1980,yi,male,86,1578.1
1980,yi,male,87,1257.8
1980,yi,male,88,981.37
1980,yi,male,89,748
1980,yi,male,90,555.74
1980,yi,male,91,401.51
1980,yi,male,92,281.34
1980,yi,male,93,190.64
1980,yi,male,94,124.53
1980,yi,male,95,78.148
1980,yi,male,96,46.934
1980,yi,male,97,26.866
1980,yi,male,98,14.778
1980,yi,male,99,7.5735
1980,yi,male,100,6.7625
1980,yi,female,0,13741
1980,yi,female,1,13694
1980,yi,female,2,13424
1980,yi,female,3,13348
1980,yi,female,4,13145
1980,yi,female,5,12786
1980,yi,female,6,12440
1980,yi,female,7,12507
1980,yi,female,8,12413
1980,yi,female,9,12221
1980,yi,female,10,12218
1980,yi,female,11,12202
1980,yi,female,12,12173
1980,yi,female,13,12088
1980,yi,female,14,12592
1980,yi,female,15,12670
1980,yi,female,16,12812
1980,yi,female,17,12950
1980,yi,female,18,13232
1980,yi,female,19,13646
1980,yi,female,20,14180
1980,yi,female,21,14211
1980,yi,female,22,14952
1980,yi,female,23,14777
1980,yi,female,24,15063
1980,yi,female,25,15062
1980,yi,female,26,15146
1980,yi,female,27,14976
1980,yi,female,28,14700
1980,yi,female,29,14335
1980,yi,female,30,13986
1980,yi,female,31,12968
1980,yi,female,32,12813
1980,yi,female,33,12509
1980,yi,female,34,11704
1980,yi,female,35,11310
1980,yi,female,36,10799
1980,yi,female,37,10806
1980,yi,female,38,10574
1980,yi,female,39,10504
1980,yi,female,40,10534
1980,yi,female,41,10655
1980,yi,female,42,10775
1980,yi,female,43,10703
1980,yi,female,44,11204
1980,yi,female,45,10886
1980,yi,female,46,11123
1980,yi,female,47,11164
1980,yi,female,48,15541
1980,yi,female,49,15250
1980,yi,female,50,14985
1980,yi,female,51,15600
1980,yi,female,52,16115
1980,yi,female,53,16535
1980,yi,female,54,16864
1980,yi,female,55,16684
1980,yi,female,56,16878
1980,yi,female,57,17015
1980,yi,female,58,17101
1980,yi,female,59,14813
1980,yi,female,60,12552
1980,yi,female,61,9329.2
1980,yi,female,62,8262.6
1980,yi,female,63,7958.8
1980,yi,female,64,10570
1980,yi,female,65,14002
1980,yi,female,66,13550
1980,yi,female,67,13093
1980,yi,female,68,12640
1980,yi,female,69,12201
1980,yi,female,70,11774
1980,yi,female,71,11350
1980,yi,female,72,10919
1980,yi,female,73,10470
1980,yi,female,74,9998.8
1980,yi,female,75,9504
1980,yi,female,76,8986.3
1980,yi,female,77,8447.8
1980,yi,female,78,8079.1
1980,yi,female,79,7493.7
1980,yi,female,80,6900.2
1980,yi,female,81,6303.9
1980,yi,female,82,5710.2
1980,yi,female,83,5124.6
1980,yi,female,84,4553.1
1980,yi,female,85,4001.2
1980,yi,female,86,3474.5
1980,yi,female,87,2978
1980,yi,female,88,2516.3
1980,yi,female,89,2093.3
1980,yi,female,90,1712
1980,yi,female,91,1374.3
1980,yi,female,92,1080.9
1980,yi,female,93,831.38
1980,yi,female,94,624
1980,yi,female,95,455.98
1980,yi,female,96,323.58
1980,yi,female,97,222.37
1980,yi,female,98,149.37
1980,yi,female,99,95.314
1980,yi,female,100,142.78
1980,de,male,0,4298.1
1980,de,male,1,4335.4
1980,de,male,2,4339.2
1980,de,male,3,4403.8
1980,de,male,4,4406.9
1980,de,male,5,4375.1
1980,de,male,6,4328.7
1980,de,male,7,4422.1
1980,de,male,8,4441.2
1980,de,male,9,4426.2
1980,de,male,10,4479.3
1980,de,male,11,4516
1980,de,male,12,4551.5
1980,de,male,13,4560.4
1980,de,male,14,4794.8
1980,de,male,15,4861.1
1980,de,male,16,4959.8
1980,de,male,17,5058.8
1980,de,male,18,5203.8
1980,de,male,19,5390.4
1980,de,male,20,5638
1980,de,male,21,5693.8
1980,de,male,22,6012.6
1980,de,male,23,5959.2
1980,de,male,24,6085.4
1980,de,male,25,6095.5
1980,de,male,26,6152.8
1980,de,male,27,6124.5
1980,de,male,28,6076.8
1980,de,male,29,6001.7
1980,de,male,30,5933.6
1980,de,male,31,5562.1
1980,de,male,32,5572.8
1980,de,male,33,5507.3
1980,de,male,34,5192.1
1980,de,male,35,5053.7
1980,de,male,36,4850.9
1980,de,male,37,4876.6
1980,de,male,38,4791.1
1980,de,male,39,4777.9
1980,de,male,40,4824.3
1980,de,male,41,4922
1980,de,male,42,5031.1
1980,de,male,43,5058.5
1980,de,male,44,5366.4
1980,de,male,45,5278.4
1980,de,male,46,5470.3
1980,de,male,47,5578.7
1980,de,male,48,5757
1980,de,male,49,5655.6
1980,de,male,50,5558.3
1980,de,male,51,5709.7
1980,de,male,52,5828.5
1980,de,male,53,5914.8
1980,de,male,54,5969.2
1980,de,male,55,5970.1
1980,de,male,56,5969.2
1980,de,male,57,5942
1980,de,male,58,5890
1980,de,male,59,5360.8
1980,de,male,60,4557.9
1980,de,male,61,3244.2
1980,de,male,62,2868.9
1980,de,male,63,2819.6
1980,de,male,64,3562.6
1980,de,male,65,4454.8
1980,de,male,66,4200.4
1980,de,male,67,3948
1980,de,male,68,3720.1
1980,de,male,69,3515.5
1980,de,male,70,3315.4
1980,de,male,71,3129.1
1980,de,male,72,2948.6
1980,de,male,73,2767.8
1980,de,male,74,2583.4
1980,de,male,75,2394.2
1980,de,male,76,2200.9
1980,de,male,77,2004.9
1980,de,male,78,1815.4
1980,de,male,79,1620.1
1980,de,male,80,1315
1980,de,male,81,1145.9
1980,de,male,82,985.23
1980,de,male,83,834.93
1980,de,male,84,696.51
1980,de,male,85,571.18
1980,de,male,86,459.76
1980,de,male,87,362.63
1980,de,male,88,279.74
1980,de,male,89,210.63
1980,de,male,90,154.45
1980,de,male,91,110.01
1980,de,male,92,75.92
1980,de,male,93,50.605
1980,de,male,94,32.475
1980,de,male,95,19.992
1980,de,male,96,11.76
1980,de,male,97,6.5824
1980,de,male,98,3.4961
1980,de,male,99,1.7458
1980,de,male,100,1.4768
1980,de,female,0,4076.5
1980,de,female,1,4140.7
1980,de,female,2,4152.2
1980,de,female,3,4215.8
1980,de,female,4,4220.5
1980,de,female,5,4192.2
1980,de,female,6,4148.9
1980,de,female,7,4239.5
1980,de,female,8,4258.8
1980,de,female,9,4245.6
1980,de,female,10,4298.8
1980,de,female,11,4336.5
1980,de,female,12,4373.2
1980,de,female,13,4384
1980,de,female,14,4611.5
1980,de,female,15,4677.3
1980,de,female,16,4774.8
1980,de,female,17,4872.9
1980,de,female,18,5015.3
1980,de,female,19,5197.9
1980,de,female,20,5439.3
1980,de,female,21,5497.1
1980,de,female,22,5810.1
1980,de,female,23,5762.8
1980,de,female,24,5888.8
1980,de,female,25,5903.1
1980,de,female,26,5962.8
1980,de,female,27,5939.6
1980,de,female,28,5898
1980,de,female,29,5830.1
1980,de,female,30,5769.4
1980,de,female,31,5413.4
1980,de,female,32,5428.8
1980,de,female,33,5369.8
1980,de,female,34,5067
1980,de,female,35,4935.3
1980,de,female,36,4740.1
1980,de,female,37,4768.9
1980,de,female,38,4689.6
1980,de,female,39,4680.9
1980,de,female,40,4731.3
1980,de,female,41,4832.7
1980,de,female,42,4945.7
1980,de,female,43,4978.7
1980,de,female,44,5288.9
1980,de,female,45,5209.4
1980,de,female,46,5406.5
1980,de,female,47,5523
1980,de,female,48,5706
1980,de,female,49,5617.6
1980,de,female,50,5535
1980,de,female,51,5700.9
1980,de,female,52,5836.6
1980,de,female,53,5942.1
1980,de,female,54,6018
1980,de,female,55,6025.8
1980,de,female,56,6053.1
1980,de,female,57,6056.7
1980,de,female,58,6038
1980,de,female,59,5528.6
1980,de,female,60,4732.9
1980,de,female,61,3395.5
1980,de,female,62,3028.2
1980,de,female,63,2988.8
1980,de,female,64,3810.3
1980,de,female,65,4810.8
1980,de,female,66,4583.4
1980,de,female,67,4357.4
1980,de,female,68,4144.3
1980,de,female,69,3953.4
1980,de,female,70,3785
1980,de,female,71,3631.9
1980,de,female,72,3485.3
1980,de,female,73,3337.7
1980,de,female,74,3184.4
1980,de,female,75,3023.2
1980,de,female,76,2853.6
1980,de,female,77,2676.2
1980,de,female,78,2501.9
1980,de,female,79,2312.4
1980,de,female,80,2120.2
1980,de,female,81,1927.4
1980,de,female,82,1736
1980,de,female,83,1548.2
1980,de,female,84,1365.9
1980,de,female,85,1191.2
1980,de,female,86,1025.8
1980,de,female,87,871.38
1980,de,female,88,729.2
1980,de,female,89,600.36
1980,de,female,90,485.56
1980,de,female,91,385.16
1980,de,female,92,299.09
1980,de,female,93,226.92
1980,de,female,94,167.83
1980,de,female,95,120.73
1980,de,female,96,84.232
1980,de,female,97,56.841
1980,de,female,98,37.054
1980,de,female,99,23.16
1980,de,female,100,32.815
1980,ru,male,0,2757.8
1980,ru,male,1,2707.1
1980,ru,male,2,2645.5
1980,ru,male,3,2638.9
1980,ru,male,4,2607.1
1980,ru,male,5,2557.7
1980,ru,male,6,2511.1
1980,ru,male,7,2547.8
1980,ru,male,8,2551.8
1980,ru,male,9,2538.3
1980,ru,male,10,2558.8
1980,ru,male,11,2582.2
1980,ru,male,12,2593.4
1980,ru,male,13,2592.7
1980,ru,male,14,2713
1980,ru,male,15,2736.8
1980,ru,male,16,2769.6
1980,ru,male,17,2789.2
1980,ru,male,18,2827.8
1980,ru,male,19,2886.6
1980,ru,male,20,2965.2
1980,ru,male,21,2933.2
1980,ru,male,22,3033.8
1980,ru,male,23,2938.8
1980,ru,male,24,2942
1980,ru,male,25,2883.2
1980,ru,male,26,2847.7
1980,ru,male,27,2773.5
1980,ru,male,28,2687.3
1980,ru,male,29,2594.1
1980,ru,male,30,2511.4
1980,ru,male,31,2315.3
1980,ru,male,32,2281.9
1980,ru,male,33,2226.7
1980,ru,male,34,2088.6
1980,ru,male,35,2026.9
1980,ru,male,36,1947.5
1980,ru,male,37,1964
1980,ru,male,38,1935.2
1980,ru,male,39,1933.7
1980,ru,male,40,1944.7
1980,ru,male,41,1963.6
1980,ru,male,42,1976.3
1980,ru,male,43,1949.8
1980,ru,male,44,2027
1980,ru,male,45,1953.5
1980,ru,male,46,1980.7
1980,ru,male,47,1972.6
1980,ru,male,48,2048.8
1980,ru,male,49,1987.8
1980,ru,male,50,1931.2
1980,ru,male,51,1902.5
1980,ru,male,52,1871.3
1980,ru,male,53,1837.7
1980,ru,male,54,1801.6
1980,ru,male,55,1758.9
1980,ru,male,56,1720.2
1980,ru,male,57,1680
1980,ru,male,58,1638.2
1980,ru,male,59,1357.2
1980,ru,male,60,1117.8
1980,ru,male,61,821.11
1980,ru,male,62,717.36
1980,ru,male,63,710.19
1980,ru,male,64,937.99
1980,ru,male,65,1241.4
1980,ru,male,66,1179.8
1980,ru,male,67,1117.4
1980,ru,male,68,1060.1
1980,ru,male,69,1003.7
1980,ru,male,70,938.97
1980,ru,male,71,874.11
1980,ru,male,72,809.32
1980,ru,male,73,744.86
1980,ru,male,74,681.04
1980,ru,male,75,618.22
1980,ru,male,76,556.79
1980,ru,male,77,497.16
1980,ru,male,78,441.48
1980,ru,male,79,386.46
1980,ru,male,80,307.73
1980,ru,male,81,263.08
1980,ru,male,82,221.88
1980,ru,male,83,184.37
1980,ru,male,84,150.73
1980,ru,male,85,121.04
1980,ru,male,86,95.319
1980,ru,male,87,73.466
1980,ru,male,88,55.305
1980,ru,male,89,40.571
1980,ru,male,90,28.931
1980,ru,male,91,19.999
1980,ru,male,92,13.362
1980,ru,male,93,8.6005
1980,ru,male,94,5.3138
1980,ru,male,95,3.1393
1980,ru,male,96,1.7659
1980,ru,male,97,0.94141
1980,ru,female,0,2618.4
1980,ru,female,1,2592.3
1980,ru,female,2,2539.4
1980,ru,female,3,2534.6
1980,ru,female,4,2505.3
1980,ru,female,5,2459.3
1980,ru,female,6,2415.4
1980,ru,female,7,2451.5
1980,ru,female,8,2456.2
1980,ru,female,9,2444.1
1980,ru,female,10,2465.4
1980,ru,female,11,2489.7
1980,ru,female,12,2502.3
1980,ru,female,13,2503.1
1980,ru,female,14,2620.7
1980,ru,female,15,2645.1
1980,ru,female,16,2678.4
1980,ru,female,17,2699.2
1980,ru,female,18,2738.3
1980,ru,female,19,2796.9
1980,ru,female,20,2874.6
1980,ru,female,21,2845.7
1980,ru,female,22,2946.2
1980,ru,female,23,2856.5
1980,ru,female,24,2861.8
1980,ru,female,25,2807
1980,ru,female,26,2774.7
1980,ru,female,27,2704.6
1980,ru,female,28,2623.2
1980,ru,female,29,2534.9
1980,ru,female,30,2456.9
1980,ru,female,31,2267.8
1980,ru,female,32,2237.6
1980,ru,female,33,2186.1
1980,ru,female,34,2052.8
1980,ru,female,35,1993.8
1980,ru,female,36,1916.9
1980,ru,female,37,1934.7
1980,ru,female,38,1908.3
1980,ru,female,39,1908.6
1980,ru,female,40,1921.7
1980,ru,female,41,1942.9
1980,ru,female,42,1958.1
1980,ru,female,43,1934.4
1980,ru,female,44,2014.1
1980,ru,female,45,1944
1980,ru,female,46,1974.2
1980,ru,female,47,1969.8
1980,ru,female,48,2048.9
1980,ru,female,49,1992.8
1980,ru,female,50,1941.5
1980,ru,female,51,1918.3
1980,ru,female,52,1893.1
1980,ru,female,53,1865.6
1980,ru,female,54,1836.1
1980,ru,female,55,1797.1
1980,ru,female,56,1767
1980,ru,female,57,1735.8
1980,ru,female,58,1703.8
1980,ru,female,59,1421.9
1980,ru,female,60,1180.6
1980,ru,female,61,875.23
1980,ru,female,62,772.43
1980,ru,female,63,768.44
1980,ru,female,64,1024.6
1980,ru,female,65,1369.8
1980,ru,female,66,1316.4
1980,ru,female,67,1261.9
1980,ru,female,68,1206.6
1980,ru,female,69,1150.5
1980,ru,female,70,1093.7
1980,ru,female,71,1036.3
1980,ru,female,72,978.29
1980,ru,female,73,919.76
1980,ru,female,74,860.86
1980,ru,female,75,801.78
1980,ru,female,76,742.76
1980,ru,female,77,684.07
1980,ru,female,78,628.46
1980,ru,female,79,571.05
1980,ru,female,80,514.93
1980,ru,female,81,460.48
1980,ru,female,82,408.03
1980,ru,female,83,357.96
1980,ru,female,84,310.6
1980,ru,female,85,266.29
1980,ru,female,86,225.3
1980,ru,female,87,187.89
1980,ru,female,88,154.22
1980,ru,female,89,124.4
1980,ru,female,90,98.449
1980,ru,female,91,76.296
1980,ru,female,92,57.784
1980,ru,female,93,42.675
1980,ru,female,94,30.658
1980,ru,female,95,21.367
1980,ru,female,96,14.406
1980,ru,female,97,9.3652
1980,ru,female,98,5.8615
1980,ru,female,99,3.505
1980,ru,female,100,4.4303
1980,lt,male,0,18528
1980,lt,male,1,18471
1980,lt,male,2,18274
1980,lt,male,3,18401
1980,lt,male,4,18371
1980,lt,male,5,18034
1980,lt,male,6,17814
1980,lt,male,7,18133
1980,lt,male,8,18195
1980,lt,male,9,18043
1980,lt,male,10,18208
1980,lt,male,11,18268
1980,lt,male,12,18376
1980,lt,male,13,18346
1980,lt,male,14,19197
1980,lt,male,15,19454
1980,lt,male,16,19831
1980,lt,male,17,20110
1980,lt,male,18,20575
1980,lt,male,19,21179
1980,lt,male,20,21978
1980,lt,male,21,21974
1980,lt,male,22,23041
1980,lt,male,23,22566
1980,lt,male,24,22876
1980,lt,male,25,22698
1980,lt,male,26,22734
1980,lt,male,27,22468
1980,lt,male,28,22082
1980,lt,male,29,21614
1980,lt,male,30,21257
1980,lt,male,31,19868
1980,lt,male,32,19815
1980,lt,male,33,19486
1980,lt,male,34,18379
1980,lt,male,35,17880
1980,lt,male,36,17209
1980,lt,male,37,17394
1980,lt,male,38,17203
1980,lt,male,39,17303
1980,lt,male,40,17555
1980,lt,male,41,17914
1980,lt,male,42,18234
1980,lt,male,43,18178
1980,lt,male,44,19079
1980,lt,male,45,18542
1980,lt,male,46,18928
1980,lt,male,47,18977
1980,lt,male,48,18345
1980,lt,male,49,17922
1980,lt,male,50,17519
1980,lt,male,51,17569
1980,lt,male,52,17569
1980,lt,male,53,17520
1980,lt,male,54,17423
1980,lt,male,55,17293
1980,lt,male,56,17110
1980,lt,male,57,16891
1980,lt,male,58,16636
1980,lt,male,59,13978
1980,lt,male,60,11626
1980,lt,male,61,8542.4
1980,lt,male,62,7483.8
1980,lt,male,63,7487.2
1980,lt,male,64,9905.5
1980,lt,male,65,13091
1980,lt,male,66,12458
1980,lt,male,67,11812
1980,lt,male,68,11139
1980,lt,male,69,10455
1980,lt,male,70,9790.9
1980,lt,male,71,9124.7
1980,lt,male,72,8457.8
1980,lt,male,73,7792.6
1980,lt,male,74,7132.3
1980,lt,male,75,6480.9
1980,lt,male,76,5842.5
1980,lt,male,77,5221.7
1980,lt,male,78,4616.3
1980,lt,male,79,4045.4
1980,lt,male,80,3225.1
1980,lt,male,81,2760.6
1980,lt,male,82,2331.5
1980,lt,male,83,1940.4
1980,lt,male,84,1589
1980,lt,male,85,1278.5
1980,lt,male,86,1009
1980,lt,male,87,779.56
1980,lt,male,88,588.43
1980,lt,male,89,432.96
1980,lt,male,90,309.77
1980,lt,male,91,214.92
1980,lt,male,92,144.17
1980,lt,male,93,93.203
1980,lt,male,94,57.861
1980,lt,male,95,34.36
1980,lt,male,96,19.435
1980,lt,male,97,10.423
1980,lt,male,98,5.2656
1980,lt,male,99,2.5002
1980,lt,male,100,1.9127
1980,lt,female,0,17584
1980,lt,female,1,17668
1980,lt,female,2,17517
1980,lt,female,3,17647
1980,lt,female,4,17626
1980,lt,female,5,17314
1980,lt,female,6,17108
1980,lt,female,7,17420
1980,lt,female,8,17485
1980,lt,female,9,17345
1980,lt,female,10,17513
1980,lt,female,11,17583
1980,lt,female,12,17699
1980,lt,female,13,17679
1980,lt,female,14,18508
1980,lt,female,15,18765
1980,lt,female,16,19139
1980,lt,female,17,19420
1980,lt,female,18,19882
1980,lt,female,19,20478
1980,lt,female,20,21258
1980,lt,female,21,21265
1980,lt,female,22,22312
1980,lt,female,23,21865
1980,lt,female,24,22176
1980,lt,female,25,22014
1980,lt,female,26,22059
1980,lt,female,27,21810
1980,lt,female,28,21447
1980,lt,female,29,21004
1980,lt,female,30,20670
1980,lt,female,31,19332
1980,lt,female,32,19293
1980,lt,female,33,18984
1980,lt,female,34,17916
1980,lt,female,35,17437
1980,lt,female,36,16788
1980,lt,female,37,16977
1980,lt,female,38,16802
1980,lt,female,39,16909
1980,lt,female,40,17169
1980,lt,female,41,17535
1980,lt,female,42,17864
1980,lt,female,43,17827
1980,lt,female,44,18731
1980,lt,female,45,18224
1980,lt,female,46,18626
1980,lt,female,47,18702
1980,lt,female,48,18112
1980,lt,female,49,17730
1980,lt,female,50,17373
1980,lt,female,51,17467
1980,lt,female,52,17517
1980,lt,female,53,17522
1980,lt,female,54,17486
1980,lt,female,55,17427
1980,lt,female,56,17311
1980,lt,female,57,17163
1980,lt,female,58,16984
1980,lt,female,59,14343
1980,lt,female,60,11996
1980,lt,female,61,8868.4
1980,lt,female,62,7821.3
1980,lt,female,63,7896.4
1980,lt,female,64,10540
1980,lt,female,65,14066
1980,lt,female,66,13530
1980,lt,female,67,12981
1980,lt,female,68,12420
1980,lt,female,69,11850
1980,lt,female,70,11274
1980,lt,female,71,10690
1980,lt,female,72,10099
1980,lt,female,73,9500.8
1980,lt,female,74,8897.5
1980,lt,female,75,8291.2
1980,lt,female,76,7684.2
1980,lt,female,77,7079.9
1980,lt,female,78,6472
1980,lt,female,79,5883.6
1980,lt,female,80,5308.2
1980,lt,female,81,4749.4
1980,lt,female,82,4211.2
1980,lt,female,83,3697.1
1980,lt,female,84,3210.7
1980,lt,female,85,2755.4
1980,lt,female,86,2334.1
1980,lt,female,87,1949.2
1980,lt,female,88,1602.4
1980,lt,female,89,1295
1980,lt,female,90,1027
1980,lt,female,91,797.75
1980,lt,female,92,605.81
1980,lt,female,93,448.75
1980,lt,female,94,323.45
1980,lt,female,95,226.26
1980,lt,female,96,153.16
1980,lt,female,97,100.01
1980,lt,female,98,62.694
1980,lt,female,99,37.684
1980,lt,female,100,48.216
1980,csb,male,0,1144.3
1980,csb,male,1,1149.9
1980,csb,male,2,1151
1980,csb,male,3,1170.4
1980,csb,male,4,1177.1
1980,csb,male,5,1160.9
1980,csb,male,6,1143.1
1980,csb,male,7,1161.2
1980,csb,male,8,1172.2
1980,csb,male,9,1165.6
1980,csb,male,10,1178.8
1980,csb,male,11,1188.3
1980,csb,male,12,1202.5
1980,csb,male,13,1205.9
1980,csb,male,14,1271.2
1980,csb,male,15,1296.3
1980,csb,male,16,1324.9
1980,csb,male,17,1354.5
1980,csb,male,18,1402.6
1980,csb,male,19,1472.8
1980,csb,male,20,1554.6
1980,csb,male,21,1583.4
1980,csb,male,22,1687.6
1980,csb,male,23,1684.4
1980,csb,male,24,1736.5
1980,csb,male,25,1753.1
1980,csb,male,26,1781.9
1980,csb,male,27,1779.1
1980,csb,male,28,1762.8
1980,csb,male,29,1732.1
1980,csb,male,30,1702.4
1980,csb,male,31,1591.3
1980,csb,male,32,1586.4
1980,csb,male,33,1563.6
1980,csb,male,34,1476.6
1980,csb,male,35,1438.3
1980,csb,male,36,1383.9
1980,csb,male,37,1394.5
1980,csb,male,38,1373.8
1980,csb,male,39,1373.9
1980,csb,male,40,1387.2
1980,csb,male,41,1409.7
1980,csb,male,42,1429.3
1980,csb,male,43,1420.8
1980,csb,male,44,1488.9
1980,csb,male,45,1445.9
1980,csb,male,46,1477.8
1980,csb,male,47,1486.7
1980,csb,male,48,1836.4
1980,csb,male,49,1783.8
1980,csb,male,50,1733.7
1980,csb,male,51,1715.3
1980,csb,male,52,1693.3
1980,csb,male,53,1668
1980,csb,male,54,1639.3
1980,csb,male,55,1597.2
1980,csb,male,56,1564.1
1980,csb,male,57,1528.8
1980,csb,male,58,1491.5
1980,csb,male,59,1408.7
1980,csb,male,60,1199.7
1980,csb,male,61,840.21
1980,csb,male,62,753.94
1980,csb,male,63,735.29
1980,csb,male,64,912.75
1980,csb,male,65,1118.6
1980,csb,male,66,1066.2
1980,csb,male,67,1013.1
1980,csb,male,68,959.95
1980,csb,male,69,906.52
1980,csb,male,70,851.87
1980,csb,male,71,796.87
1980,csb,male,72,741.61
1980,csb,male,73,686.27
1980,csb,male,74,631.08
1980,csb,male,75,576.35
1980,csb,male,76,522.43
1980,csb,male,77,469.67
1980,csb,male,78,422.76
1980,csb,male,79,372.87
1980,csb,male,80,299.33
1980,csb,male,81,258.14
1980,csb,male,82,219.77
1980,csb,male,83,184.48
1980,csb,male,84,152.48
1980,csb,male,85,123.91
1980,csb,male,86,98.843
1980,csb,male,87,77.252
1980,csb,male,88,59.041
1980,csb,male,89,44.028
1980,csb,male,90,31.96
1980,csb,male,91,22.525
1980,csb,male,92,15.369
1980,csb,male,93,10.121
1980,csb,male,94,6.4097
1980,csb,male,95,3.8896
1980,csb,male,96,2.2523
1980,csb,male,97,1.239
1980,csb,male,98,0.64834
1980,csb,female,0,1085.6
1980,csb,female,1,1099
1980,csb,female,2,1102.1
1980,csb,female,3,1121.1
1980,csb,female,4,1128
1980,csb,female,5,1113
1980,csb,female,6,1096.4
1980,csb,female,7,1114.1
1980,csb,female,8,1125
1980,csb,female,9,1119
1980,csb,female,10,1132.2
1980,csb,female,11,1142.1
1980,csb,female,12,1156.4
1980,csb,female,13,1160.3
1980,csb,female,14,1223.7
1980,csb,female,15,1248.5
1980,csb,female,16,1276.7
1980,csb,female,17,1306
1980,csb,female,18,1353.3
1980,csb,female,19,1421.7
1980,csb,female,20,1501.4
1980,csb,female,21,1530.1
1980,csb,female,22,1632.3
1980,csb,female,23,1630.6
1980,csb,female,24,1682.2
1980,csb,female,25,1699.7
1980,csb,female,26,1728.8
1980,csb,female,27,1727.4
1980,csb,female,28,1712.9
1980,csb,female,29,1684.5
1980,csb,female,30,1657.3
1980,csb,female,31,1550.7
1980,csb,female,32,1547.4
1980,csb,female,33,1526.5
1980,csb,female,34,1442.9
1980,csb,female,35,1406.5
1980,csb,female,36,1354.1
1980,csb,female,37,1365.6
1980,csb,female,38,1346.7
1980,csb,female,39,1347.9
1980,csb,female,40,1362.3
1980,csb,female,41,1386
1980,csb,female,42,1407
1980,csb,female,43,1400.5
1980,csb,female,44,1469.8
1980,csb,female,45,1429.5
1980,csb,female,46,1463.3
1980,csb,female,47,1474.8
1980,csb,female,48,1822.4
1980,csb,female,49,1774.1
1980,csb,female,50,1728.7
1980,csb,female,51,1715.3
1980,csb,female,52,1698.6
1980,csb,female,53,1678.7
1980,csb,female,54,1655.9
1980,csb,female,55,1612.5
1980,csb,female,56,1586.8
1980,csb,female,57,1559.4
1980,csb,female,58,1530.6
1980,csb,female,59,1455.6
1980,csb,female,60,1249.2
1980,csb,female,61,882.56
1980,csb,female,62,799.84
1980,csb,female,63,777.32
1980,csb,female,64,973.45
1980,csb,female,65,1204.5
1980,csb,female,66,1160.3
1980,csb,female,67,1115.3
1980,csb,female,68,1069.7
1980,csb,female,69,1023.5
1980,csb,female,70,976.64
1980,csb,female,71,929.1
1980,csb,female,72,880.82
1980,csb,female,73,831.82
1980,csb,female,74,782.2
1980,csb,female,75,732.1
1980,csb,female,76,681.73
1980,csb,female,77,631.29
1980,csb,female,78,587.02
1980,csb,female,79,536.56
1980,csb,female,80,486.92
1980,csb,female,81,438.4
1980,csb,female,82,391.32
1980,csb,female,83,346.02
1980,csb,female,84,302.81
1980,csb,female,85,262
1980,csb,female,86,223.89
1980,csb,female,87,188.74
1980,csb,female,88,156.74
1980,csb,female,89,128.04
1980,csb,female,90,102.74
1980,csb,female,91,80.821
1980,csb,female,92,62.217
1980,csb,female,93,46.77
1980,csb,female,94,34.252
1980,csb,female,95,24.377
1980,csb,female,96,16.813
1980,csb,female,97,11.204
1980,csb,female,98,7.2331
1980,csb,female,99,4.4514
1980,csb,female,100,6.0475
1980,rue,male,0,951.44
1980,rue,male,1,947.02
1980,rue,male,2,938.99
1980,rue,male,3,945.44
1980,rue,male,4,946.42
1980,rue,male,5,937.97
1980,rue,male,6,925.55
1980,rue,male,7,941.9
1980,rue,male,8,948.38
1980,rue,male,9,946.08
1980,rue,male,10,958.32
1980,rue,male,11,967.61
1980,rue,male,12,975.98
1980,rue,male,13,978.35
1980,rue,male,14,1030.9
1980,rue,male,15,1043.7
1980,rue,male,16,1060.1
1980,rue,male,17,1078.5
1980,rue,male,18,1106.2
1980,rue,male,19,1142.4
1980,rue,male,20,1185.8
1980,rue,male,21,1187.1
1980,rue,male,22,1245.5
1980,rue,male,23,1224.2
1980,rue,male,24,1245.4
1980,rue,male,25,1241.7
1980,rue,male,26,1246.8
1980,rue,male,27,1234.5
1980,rue,male,28,1215.9
1980,rue,male,29,1190.8
1980,rue,male,30,1170.7
1980,rue,male,31,1094.7
1980,rue,male,32,1093.4
1980,rue,male,33,1078.9
1980,rue,male,34,1020.5
1980,rue,male,35,996.54
1980,rue,male,36,962.33
1980,rue,male,37,974.68
1980,rue,male,38,963.73
1980,rue,male,39,966.66
1980,rue,male,40,976.41
1980,rue,male,41,990.53
1980,rue,male,42,1001.3
1980,rue,male,43,991.38
1980,rue,male,44,1034.1
1980,rue,male,45,999.77
1980,rue,male,46,1017.6
1980,rue,male,47,1017.6
1980,rue,male,48,1034.2
1980,rue,male,49,1007.9
1980,rue,male,50,983.56
1980,rue,male,51,980.01
1980,rue,male,52,974.11
1980,rue,male,53,965.83
1980,rue,male,54,955.29
1980,rue,male,55,942.02
1980,rue,male,56,928.45
1980,rue,male,57,913.31
1980,rue,male,58,896.75
1980,rue,male,59,808.52
1980,rue,male,60,670.46
1980,rue,male,61,497.66
1980,rue,male,62,439.7
1980,rue,male,63,443.46
1980,rue,male,64,570.48
1980,rue,male,65,698.46
1980,rue,male,66,664.8
1980,rue,male,67,630.51
1980,rue,male,68,599.52
1980,rue,male,69,569.04
1980,rue,male,70,533.06
1980,rue,male,71,496.91
1980,rue,male,72,460.69
1980,rue,male,73,424.54
1980,rue,male,74,388.63
1980,rue,male,75,353.19
1980,rue,male,76,318.44
1980,rue,male,77,284.62
1980,rue,male,78,252.52
1980,rue,male,79,221.26
1980,rue,male,80,176.35
1980,rue,male,81,150.89
1980,rue,male,82,127.37
1980,rue,male,83,105.92
1980,rue,male,84,86.662
1980,rue,male,85,69.644
1980,rue,male,86,54.879
1980,rue,male,87,42.322
1980,rue,male,88,31.875
1980,rue,male,89,23.392
1980,rue,male,90,16.684
1980,rue,male,91,11.534
1980,rue,male,92,7.7043
1980,rue,male,93,4.9563
1980,rue,male,94,3.0595
1980,rue,male,95,1.805
1980,rue,male,96,1.0133
1980,rue,male,97,0.53869
1980,rue,female,0,903.02
1980,rue,female,1,906.03
1980,rue,female,2,900.34
1980,rue,female,3,907.08
1980,rue,female,4,908.52
1980,rue,female,5,900.95
1980,rue,female,6,889.35
1980,rue,female,7,905.41
1980,rue,female,8,911.91
1980,rue,female,9,909.99
1980,rue,female,10,922.3
1980,rue,female,11,931.88
1980,rue,female,12,940.59
1980,rue,female,13,943.44
1980,rue,female,14,994.68
1980,rue,female,15,1007.4
1980,rue,female,16,1024
1980,rue,female,17,1042.4
1980,rue,female,18,1069.7
1980,rue,female,19,1105.3
1980,rue,female,20,1148
1980,rue,female,21,1150.1
1980,rue,female,22,1207.7
1980,rue,female,23,1188
1980,rue,female,24,1209.4
1980,rue,female,25,1206.8
1980,rue,female,26,1212.7
1980,rue,female,27,1201.7
1980,rue,female,28,1184.6
1980,rue,female,29,1161.4
1980,rue,female,30,1143
1980,rue,female,31,1070.1
1980,rue,female,32,1070
1980,rue,female,33,1057
1980,rue,female,34,1000.8
1980,rue,female,35,978.13
1980,rue,female,36,945.11
1980,rue,female,37,957.92
1980,rue,female,38,947.97
1980,rue,female,39,951.66
1980,rue,female,40,962.28
1980,rue,female,41,977.37
1980,rue,female,42,989.24
1980,rue,female,43,980.76
1980,rue,female,44,1024.5
1980,rue,female,45,992
1980,rue,female,46,1011.2
1980,rue,female,47,1012.9
1980,rue,female,48,1031.3
1980,rue,female,49,1007.4
1980,rue,female,50,985.69
1980,rue,female,51,985.06
1980,rue,female,52,982.3
1980,rue,female,53,977.4
1980,rue,female,54,970.45
1980,rue,female,55,960.51
1980,rue,female,56,951.73
1980,rue,female,57,941.81
1980,rue,female,58,930.89
1980,rue,female,59,845.57
1980,rue,female,60,707.06
1980,rue,female,61,529.75
1980,rue,female,62,473
1980,rue,female,63,480.17
1980,rue,female,64,623.58
1980,rue,female,65,771.2
1980,rue,female,66,742.19
1980,rue,female,67,712.48
1980,rue,female,68,682.15
1980,rue,female,69,651.32
1980,rue,female,70,620.01
1980,rue,female,71,588.24
1980,rue,female,72,556.01
1980,rue,female,73,523.38
1980,rue,female,74,490.43
1980,rue,female,75,457.27
1980,rue,female,76,424.04
1980,rue,female,77,390.92
1980,rue,female,78,358.79
1980,rue,female,79,326.32
1980,rue,female,80,294.51
1980,rue,female,81,263.59
1980,rue,female,82,233.76
1980,rue,female,83,205.24
1980,rue,female,84,178.22
1980,rue,female,85,152.91
1980,rue,female,86,129.47
1980,rue,female,87,108.04
1980,rue,female,88,88.741
1980,rue,female,89,71.625
1980,rue,female,90,56.713
1980,rue,female,91,43.971
1980,rue,female,92,33.314
1980,rue,female,93,24.608
1980,rue,female,94,17.679
1980,rue,female,95,12.319
1980,rue,female,96,8.301
1980,rue,female,97,5.3918
1980,rue,female,98,3.3667
1980,rue,female,99,2.0094
1980,rue,female,100,2.519
1980,cs,male,0,558.81
1980,cs,male,1,544.21
1980,cs,male,2,527.19
1980,cs,male,3,521.87
1980,cs,male,4,512.17
1980,cs,male,5,499.32
1980,cs,male,6,488.85
1980,cs,male,7,494.65
1980,cs,male,8,495.12
1980,cs,male,9,491
1980,cs,male,10,494.85
1980,cs,male,11,497.89
1980,cs,male,12,499.76
1980,cs,male,13,498.09
1980,cs,male,14,519.75
1980,cs,male,15,522.09
1980,cs,male,16,525.83
1980,cs,male,17,526.51
1980,cs,male,18,530.98
1980,cs,male,19,539.34
1980,cs,male,20,549.59
1980,cs,male,21,538.74
1980,cs,male,22,552.44
1980,cs,male,23,530.31
1980,cs,male,24,524.99
1980,cs,male,25,508.32
1980,cs,male,26,495.85
1980,cs,male,27,476.93
1980,cs,male,28,456.36
1980,cs,male,29,435.1
1980,cs,male,30,416.57
1980,cs,male,31,380.38
1980,cs,male,32,371.91
1980,cs,male,33,360.67
1980,cs,male,34,336.73
1980,cs,male,35,325.9
1980,cs,male,36,312.79
1980,cs,male,37,315.22
1980,cs,male,38,309.98
1980,cs,male,39,308.62
1980,cs,male,40,308.97
1980,cs,male,41,310.44
1980,cs,male,42,311.15
1980,cs,male,43,305.65
1980,cs,male,44,316.46
1980,cs,male,45,303.86
1980,cs,male,46,307.21
1980,cs,male,47,305.15
1980,cs,male,48,317.26
1980,cs,male,49,306.19
1980,cs,male,50,295.95
1980,cs,male,51,286.04
1980,cs,male,52,276.38
1980,cs,male,53,266.92
1980,cs,male,54,257.65
1980,cs,male,55,246.47
1980,cs,male,56,237.9
1980,cs,male,57,229.54
1980,cs,male,58,221.4
1980,cs,male,59,181.42
1980,cs,male,60,148.04
1980,cs,male,61,108.83
1980,cs,male,62,95.073
1980,cs,male,63,93.863
1980,cs,male,64,124.11
1980,cs,male,65,164.63
1980,cs,male,66,156.71
1980,cs,male,67,148.64
1980,cs,male,68,141.48
1980,cs,male,69,134.46
1980,cs,male,70,125.95
1980,cs,male,71,117.39
1980,cs,male,72,108.79
1980,cs,male,73,100.2
1980,cs,male,74,91.654
1980,cs,male,75,83.206
1980,cs,male,76,74.917
1980,cs,male,77,66.849
1980,cs,male,78,59.413
1980,cs,male,79,51.926
1980,cs,male,80,41.266
1980,cs,male,81,35.194
1980,cs,male,82,29.598
1980,cs,male,83,24.514
1980,cs,male,84,19.965
1980,cs,male,85,15.964
1980,cs,male,86,12.51
1980,cs,male,87,9.5892
1980,cs,male,88,7.1742
1980,cs,male,89,5.2266
1980,cs,male,90,3.6983
1980,cs,male,91,2.5345
1980,cs,male,92,1.6771
1980,cs,male,93,1.0679
1980,cs,male,94,0.65189
1980,cs,female,0,530.64
1980,cs,female,1,521.28
1980,cs,female,2,506.19
1980,cs,female,3,501.39
1980,cs,female,4,492.33
1980,cs,female,5,480.27
1980,cs,female,6,470.36
1980,cs,female,7,476.13
1980,cs,female,8,476.77
1980,cs,female,9,472.98
1980,cs,female,10,477.01
1980,cs,female,11,480.27
1980,cs,female,12,482.43
1980,cs,female,13,481.09
1980,cs,female,14,502.29
1980,cs,female,15,504.81
1980,cs,female,16,508.73
1980,cs,female,17,509.73
1980,cs,female,18,514.42
1980,cs,female,19,522.83
1980,cs,female,20,533.18
1980,cs,female,21,523.26
1980,cs,female,22,537.28
1980,cs,female,23,516.36
1980,cs,female,24,511.76
1980,cs,female,25,496.15
1980,cs,female,26,484.59
1980,cs,female,27,466.7
1980,cs,female,28,447.22
1980,cs,female,29,427.07
1980,cs,female,30,409.59
1980,cs,female,31,374.66
1980,cs,female,32,366.96
1980,cs,female,33,356.49
1980,cs,female,34,333.38
1980,cs,female,35,323.09
1980,cs,female,36,310.43
1980,cs,female,37,313.22
1980,cs,female,38,308.48
1980,cs,female,39,307.6
1980,cs,female,40,308.5
1980,cs,female,41,310.54
1980,cs,female,42,311.79
1980,cs,female,43,306.84
1980,cs,female,44,318.32
1980,cs,female,45,306.26
1980,cs,female,46,310.27
1980,cs,female,47,308.94
1980,cs,female,48,321.43
1980,cs,female,49,311.11
1980,cs,female,50,301.68
1980,cs,female,51,292.62
1980,cs,female,52,283.83
1980,cs,female,53,275.26
1980,cs,female,54,266.9
1980,cs,female,55,254.93
1980,cs,female,56,247.54
1980,cs,female,57,240.42
1980,cs,female,58,233.56
1980,cs,female,59,192.89
1980,cs,female,60,158.75
1980,cs,female,61,117.8
1980,cs,female,62,103.95
1980,cs,female,63,102.83
1980,cs,female,64,137.29
1980,cs,female,65,183.97
1980,cs,female,66,177.07
1980,cs,female,67,170.01
1980,cs,female,68,162.82
1980,cs,female,69,155.51
1980,cs,female,70,148.08
1980,cs,female,71,140.53
1980,cs,female,72,132.84
1980,cs,female,73,125.04
1980,cs,female,74,117.14
1980,cs,female,75,109.17
1980,cs,female,76,101.16
1980,cs,female,77,93.168
1980,cs,female,78,85.725
1980,cs,female,79,77.83
1980,cs,female,80,70.102
1980,cs,female,81,62.595
1980,cs,female,82,55.364
1980,cs,female,83,48.463
1980,cs,female,84,41.943
1980,cs,female,85,35.852
1980,cs,female,86,30.231
1980,cs,female,87,25.114
1980,cs,female,88,20.524
1980,cs,female,89,16.474
1980,cs,female,90,12.966
1980,cs,female,91,9.9868
1980,cs,female,92,7.5121
1980,cs,female,93,5.5056
1980,cs,female,94,3.9216
1980,cs,female,95,2.7073
1980,cs,female,96,1.806
1980,cs,female,97,1.1602
1980,cs,female,98,0.71674
1980,cs,female,100,0.51301
1980,lv,male,0,98.047
1980,lv,male,1,99.769
1980,lv,male,2,100.86
1980,lv,male,3,101.3
1980,lv,male,4,103.1
1980,lv,male,5,103.84
1980,lv,male,6,103.15
1980,lv,male,7,105.47
1980,lv,male,8,106.29
1980,lv,male,9,106.14
1980,lv,male,10,106.84
1980,lv,male,11,108.07
1980,lv,male,12,108.97
1980,lv,male,13,109.67
1980,lv,male,14,115.59
1980,lv,male,15,117.56
1980,lv,male,16,119.54
1980,lv,male,17,121.73
1980,lv,male,18,125.09
1980,lv,male,19,129.56
1980,lv,male,20,135.3
1980,lv,male,21,135.97
1980,lv,male,22,143.43
1980,lv,male,23,141.87
1980,lv,male,24,145.06
1980,lv,male,25,145.36
1980,lv,male,26,146.8
1980,lv,male,27,146.07
1980,lv,male,28,144.84
1980,lv,male,29,143.07
1980,lv,male,30,141.48
1980,lv,male,31,132.67
1980,lv,male,32,132.81
1980,lv,male,33,131.1
1980,lv,male,34,123.98
1980,lv,male,35,120.91
1980,lv,male,36,116.49
1980,lv,male,37,117.81
1980,lv,male,38,116.62
1980,lv,male,39,117.38
1980,lv,male,40,119.37
1980,lv,male,41,122.28
1980,lv,male,42,125
1980,lv,male,43,125.23
1980,lv,male,44,132.16
1980,lv,male,45,129.1
1980,lv,male,46,132.46
1980,lv,male,47,133.4
1980,lv,male,48,137.48
1980,lv,male,49,134.63
1980,lv,male,50,131.88
1980,lv,male,51,133.8
1980,lv,male,52,135.14
1980,lv,male,53,135.92
1980,lv,male,54,136.16
1980,lv,male,55,135.38
1980,lv,male,56,134.74
1980,lv,male,57,133.68
1980,lv,male,58,132.22
1980,lv,male,59,110.83
1980,lv,male,60,92.285
1980,lv,male,61,67.864
1980,lv,male,62,59.304
1980,lv,male,63,58.824
1980,lv,male,64,77.873
1980,lv,male,65,103.32
1980,lv,male,66,98.38
1980,lv,male,67,93.36
1980,lv,male,68,88.585
1980,lv,male,69,83.829
1980,lv,male,70,78.607
1980,lv,male,71,73.36
1980,lv,male,72,68.103
1980,lv,male,73,62.854
1980,lv,male,74,57.638
1980,lv,male,75,52.485
1980,lv,male,76,47.426
1980,lv,male,77,42.496
1980,lv,male,78,37.87
1980,lv,male,79,33.283
1980,lv,male,80,26.617
1980,lv,male,81,22.86
1980,lv,male,82,19.377
1980,lv,male,83,16.188
1980,lv,male,84,13.312
1980,lv,male,85,10.758
1980,lv,male,86,8.53
1980,lv,male,87,6.6234
1980,lv,male,88,5.0262
1980,lv,male,89,3.7193
1980,lv,male,90,2.6772
1980,lv,male,91,1.8695
1980,lv,male,92,1.2627
1980,lv,male,93,0.8223
1980,lv,male,94,0.51446
1980,lv,female,0,93.033
1980,lv,female,1,95.387
1980,lv,female,2,96.623
1980,lv,female,3,97.092
1980,lv,female,4,98.855
1980,lv,female,5,99.622
1980,lv,female,6,98.991
1980,lv,female,7,101.26
1980,lv,female,8,102.07
1980,lv,female,9,101.96
1980,lv,female,10,102.69
1980,lv,female,11,103.93
1980,lv,female,12,104.87
1980,lv,female,13,105.6
1980,lv,female,14,111.35
1980,lv,female,15,113.29
1980,lv,female,16,115.26
1980,lv,female,17,117.43
1980,lv,female,18,120.73
1980,lv,female,19,125.12
1980,lv,female,20,130.73
1980,lv,female,21,131.48
1980,lv,female,22,138.83
1980,lv,female,23,137.43
1980,lv,female,24,140.61
1980,lv,female,25,141.02
1980,lv,female,26,142.51
1980,lv,female,27,141.9
1980,lv,female,28,140.82
1980,lv,female,29,139.21
1980,lv,female,30,137.77
1980,lv,female,31,129.31
1980,lv,female,32,129.56
1980,lv,female,33,127.98
1980,lv,female,34,121.14
1980,lv,female,35,118.22
1980,lv,female,36,113.96
1980,lv,female,37,115.33
1980,lv,female,38,114.28
1980,lv,female,39,115.12
1980,lv,female,40,117.19
1980,lv,female,41,120.18
1980,lv,female,42,122.99
1980,lv,female,43,123.37
1980,lv,female,44,130.36
1980,lv,female,45,127.52
1980,lv,female,46,131.02
1980,lv,female,47,132.17
1980,lv,female,48,136.34
1980,lv,female,49,133.8
1980,lv,female,50,131.39
1980,lv,female,51,133.69
1980,lv,female,52,135.45
1980,lv,female,53,136.69
1980,lv,female,54,137.43
1980,lv,female,55,136.82
1980,lv,female,56,136.84
1980,lv,female,57,136.49
1980,lv,female,58,135.8
1980,lv,female,59,114.57
1980,lv,female,60,96.094
1980,lv,female,61,71.229
1980,lv,female,62,62.791
1980,lv,female,63,62.557
1980,lv,female,64,83.561
1980,lv,female,65,111.94
1980,lv,female,66,107.73
1980,lv,female,67,103.42
1980,lv,female,68,99.045
1980,lv,female,69,94.602
1980,lv,female,70,90.097
1980,lv,female,71,85.532
1980,lv,female,72,80.907
1980,lv,female,73,76.227
1980,lv,female,74,71.504
1980,lv,female,75,66.752
1980,lv,female,76,61.99
1980,lv,female,77,57.241
1980,lv,female,78,52.723
1980,lv,female,79,48.048
1980,lv,female,80,43.464
1980,lv,female,81,39.001
1980,lv,female,82,34.686
1980,lv,female,83,30.551
1980,lv,female,84,26.625
1980,lv,female,85,22.934
1980,lv,female,86,19.503
1980,lv,female,87,16.355
1980,lv,female,88,13.506
1980,lv,female,89,10.966
1980,lv,female,90,8.7402
1980,lv,female,91,6.8259
1980,lv,female,92,5.2131
1980,lv,female,93,3.885
1980,lv,female,94,2.8184
1980,lv,female,95,1.9851
1980,lv,female,96,1.3536
1980,lv,female,97,0.89073
1980,lv,female,98,0.5646
1980,rom,male,0,505.65
1980,rom,male,1,484.61
1980,rom,male,2,469.7
1980,rom,male,3,468.16
1980,rom,male,4,461.93
1980,rom,male,5,452.07
1980,rom,male,6,442.7
1980,rom,male,7,448.91
1980,rom,male,8,450.74
1980,rom,male,9,446.53
1980,rom,male,10,449.14
1980,rom,male,11,450.27
1980,rom,male,12,451.55
1980,rom,male,13,450.24
1980,rom,male,14,467.91
1980,rom,male,15,469.73
1980,rom,male,16,471.85
1980,rom,male,17,473.28
1980,rom,male,18,476.87
1980,rom,male,19,484.23
1980,rom,male,20,492.68
1980,rom,male,21,482.64
1980,rom,male,22,494.78
1980,rom,male,23,474.25
1980,rom,male,24,470.08
1980,rom,male,25,456.82
1980,rom,male,26,449
1980,rom,male,27,436.98
1980,rom,male,28,424.76
1980,rom,male,29,412.32
1980,rom,male,30,401.93
1980,rom,male,31,373.28
1980,rom,male,32,370.29
1980,rom,male,33,363
1980,rom,male,34,341.53
1980,rom,male,35,332.35
1980,rom,male,36,320.33
1980,rom,male,37,323.75
1980,rom,male,38,319.81
1980,rom,male,39,320.82
1980,rom,male,40,324.21
1980,rom,male,41,329.19
1980,rom,male,42,333.29
1980,rom,male,43,330.49
1980,rom,male,44,345.23
1980,rom,male,45,334.33
1980,rom,male,46,340.6
1980,rom,male,47,340.47
1980,rom,male,48,261.67
1980,rom,male,49,266.32
1980,rom,male,50,262.49
1980,rom,male,51,261.81
1980,rom,male,52,259.91
1980,rom,male,53,257.24
1980,rom,male,54,253.94
1980,rom,male,55,249.8
1980,rom,male,56,245.5
1980,rom,male,57,240.74
1980,rom,male,58,235.54
1980,rom,male,59,203.2
1980,rom,male,60,167.96
1980,rom,male,61,123.26
1980,rom,male,62,107.88
1980,rom,male,63,107.51
1980,rom,male,64,139.58
1980,rom,male,65,177.41
1980,rom,male,66,167.87
1980,rom,male,67,158.17
1980,rom,male,68,148.58
1980,rom,male,69,138.98
1980,rom,male,70,129.08
1980,rom,male,71,119.21
1980,rom,male,72,109.41
1980,rom,male,73,99.725
1980,rom,male,74,90.211
1980,rom,male,75,80.931
1980,rom,male,76,71.95
1980,rom,male,77,63.335
1980,rom,male,78,55.26
1980,rom,male,79,47.547
1980,rom,male,80,37.151
1980,rom,male,81,31.106
1980,rom,male,82,25.641
1980,rom,male,83,20.776
1980,rom,male,84,16.521
1980,rom,male,85,12.87
1980,rom,male,86,9.801
1980,rom,male,87,7.281
1980,rom,male,88,5.2637
1980,rom,male,89,3.6932
1980,rom,male,90,2.5078
1980,rom,male,91,1.6427
1980,rom,male,92,1.0344
1980,rom,male,93,0.62383
1980,rom,female,0,481.54
1980,rom,female,1,467.47
1980,rom,female,2,454.68
1980,rom,female,3,453.61
1980,rom,female,4,447.88
1980,rom,female,5,438.66
1980,rom,female,6,429.76
1980,rom,female,7,435.99
1980,rom,female,8,437.96
1980,rom,female,9,434.06
1980,rom,female,10,436.93
1980,rom,female,11,438.39
1980,rom,female,12,440.01
1980,rom,female,13,439.06
1980,rom,female,14,456.61
1980,rom,female,15,458.71
1980,rom,female,16,461.16
1980,rom,female,17,462.97
1980,rom,female,18,466.88
1980,rom,female,19,474.47
1980,rom,female,20,483.06
1980,rom,female,21,473.61
1980,rom,female,22,486.06
1980,rom,female,23,466.34
1980,rom,female,24,462.63
1980,rom,female,25,450.03
1980,rom,female,26,442.74
1980,rom,female,27,431.31
1980,rom,female,28,419.72
1980,rom,female,29,407.95
1980,rom,female,30,398.24
1980,rom,female,31,370.41
1980,rom,female,32,367.95
1980,rom,female,33,361.19
1980,rom,female,34,340.26
1980,rom,female,35,331.41
1980,rom,female,36,319.63
1980,rom,female,37,323.33
1980,rom,female,38,319.74
1980,rom,female,39,321.09
1980,rom,female,40,324.9
1980,rom,female,41,330.38
1980,rom,female,42,334.99
1980,rom,female,43,332.7
1980,rom,female,44,348.13
1980,rom,female,45,337.73
1980,rom,female,46,344.64
1980,rom,female,47,345.26
1980,rom,female,48,265.22
1980,rom,female,49,269.45
1980,rom,female,50,266.06
1980,rom,female,51,266.12
1980,rom,female,52,265.09
1980,rom,female,53,263.35
1980,rom,female,54,261.05
1980,rom,female,55,257.76
1980,rom,female,56,254.63
1980,rom,female,57,251.11
1980,rom,female,58,247.23
1980,rom,female,59,214.76
1980,rom,female,60,178.87
1980,rom,female,61,132.39
1980,rom,female,62,116.97
1980,rom,female,63,117.44
1980,rom,female,64,154.05
1980,rom,female,65,198.01
1980,rom,female,66,189.68
1980,rom,female,67,181.16
1980,rom,female,68,172.49
1980,rom,female,69,163.69
1980,rom,female,70,154.79
1980,rom,female,71,145.81
1980,rom,female,72,136.76
1980,rom,female,73,127.66
1980,rom,female,74,118.54
1980,rom,female,75,109.45
1980,rom,female,76,100.42
1980,rom,female,77,91.516
1980,rom,female,78,82.946
1980,rom,female,79,74.416
1980,rom,female,80,66.171
1980,rom,female,81,58.268
1980,rom,female,82,50.764
1980,rom,female,83,43.712
1980,rom,female,84,37.16
1980,rom,female,85,31.148
1980,rom,female,86,25.709
1980,rom,female,87,20.863
1980,rom,female,88,16.619
1980,rom,female,89,12.971
1980,rom,female,90,9.8995
1980,rom,female,91,7.372
1980,rom,female,92,5.3437
1980,rom,female,93,3.7606
1980,rom,female,94,2.5619
1980,rom,female,95,1.6843
1980,rom,female,96,1.0649
1980,rom,female,97,0.64502
1980,kdr,male,0,2.245
1980,kdr,male,1,2.2702
1980,kdr,male,2,2.2641
1980,kdr,male,3,2.3218
1980,kdr,male,4,2.3404
1980,kdr,male,5,2.3235
1980,kdr,male,6,2.2886
1980,kdr,male,7,2.3404
1980,kdr,male,8,2.3612
1980,kdr,male,9,2.3679
1980,kdr,male,10,2.4167
1980,kdr,male,11,2.4444
1980,kdr,male,12,2.4639
1980,kdr,male,13,2.5042
1980,kdr,male,14,2.6587
1980,kdr,male,15,2.7337
1980,kdr,male,16,2.8349
1980,kdr,male,17,2.9266
1980,kdr,male,18,3.0563
1980,kdr,male,19,3.221
1980,kdr,male,20,3.4455
1980,kdr,male,21,3.5275
1980,kdr,male,22,3.7953
1980,kdr,male,23,3.8447
1980,kdr,male,24,4.0078
1980,kdr,male,25,4.0933
1980,kdr,male,26,4.2042
1980,kdr,male,27,4.2151
1980,kdr,male,28,4.1747
1980,kdr,male,29,4.0928
1980,kdr,male,30,4.0046
1980,kdr,male,31,3.7345
1980,kdr,male,32,3.7185
1980,kdr,male,33,3.6531
1980,kdr,male,34,3.4412
1980,kdr,male,35,3.3444
1980,kdr,male,36,3.2153
1980,kdr,male,37,3.2454
1980,kdr,male,38,3.2073
1980,kdr,male,39,3.2194
1980,kdr,male,40,3.2637
1980,kdr,male,41,3.3341
1980,kdr,male,42,3.399
1980,kdr,male,43,3.3949
1980,kdr,male,44,3.5713
1980,kdr,male,45,3.4796
1980,kdr,male,46,3.5628
1980,kdr,male,47,3.5796
1980,kdr,male,48,4.9734
1980,kdr,male,49,4.8589
1980,kdr,male,50,4.7556
1980,kdr,male,51,4.8215
1980,kdr,male,52,4.8686
1980,kdr,male,53,4.8972
1980,kdr,male,54,4.9079
1980,kdr,male,55,4.8549
1980,kdr,male,56,4.834
1980,kdr,male,57,4.799
1980,kdr,male,58,4.7508
1980,kdr,male,59,4.0371
1980,kdr,male,60,3.3664
1980,kdr,male,61,2.4808
1980,kdr,male,62,2.173
1980,kdr,male,63,2.1589
1980,kdr,male,64,2.8513
1980,kdr,male,65,3.7469
1980,kdr,male,66,3.5795
1980,kdr,male,67,3.4072
1980,kdr,male,68,3.2324
1980,kdr,male,69,3.0546
1980,kdr,male,70,2.8721
1980,kdr,male,71,2.6873
1980,kdr,male,72,2.5007
1980,kdr,male,73,2.3131
1980,kdr,male,74,2.1255
1980,kdr,male,75,1.939
1980,kdr,male,76,1.7548
1980,kdr,male,77,1.5745
1980,kdr,male,78,1.4052
1980,kdr,male,79,1.236
1980,kdr,male,80,0.98891
1980,kdr,male,81,0.84948
1980,kdr,male,82,0.7199
1980,kdr,male,83,0.60111
1980,kdr,female,0,2.131
1980,kdr,female,1,2.1724
1980,kdr,female,2,2.1713
1980,kdr,female,3,2.2279
1980,kdr,female,4,2.2468
1980,kdr,female,5,2.232
1980,kdr,female,6,2.1993
1980,kdr,female,7,2.2499
1980,kdr,female,8,2.2705
1980,kdr,female,9,2.2778
1980,kdr,female,10,2.3261
1980,kdr,female,11,2.3544
1980,kdr,female,12,2.3749
1980,kdr,female,13,2.4151
1980,kdr,female,14,2.5654
1980,kdr,female,15,2.6392
1980,kdr,female,16,2.7386
1980,kdr,female,17,2.829
1980,kdr,female,18,2.9564
1980,kdr,female,19,3.1176
1980,kdr,female,20,3.3369
1980,kdr,female,21,3.4193
1980,kdr,female,22,3.6829
1980,kdr,female,23,3.7344
1980,kdr,female,24,3.896
1980,kdr,female,25,3.9828
1980,kdr,female,26,4.0944
1980,kdr,female,27,4.1089
1980,kdr,female,28,4.074
1980,kdr,female,29,3.9989
1980,kdr,female,30,3.9176
1980,kdr,female,31,3.6581
1980,kdr,female,32,3.6469
1980,kdr,female,33,3.587
1980,kdr,female,34,3.383
1980,kdr,female,35,3.2911
1980,kdr,female,36,3.1666
1980,kdr,female,37,3.1995
1980,kdr,female,38,3.1656
1980,kdr,female,39,3.1813
1980,kdr,female,40,3.2293
1980,kdr,female,41,3.3037
1980,kdr,female,42,3.3729
1980,kdr,female,43,3.3741
1980,kdr,female,44,3.5554
1980,kdr,female,45,3.4699
1980,kdr,female,46,3.5591
1980,kdr,female,47,3.5836
1980,kdr,female,48,4.9814
1980,kdr,female,49,4.8792
1980,kdr,female,50,4.7893
1980,kdr,female,51,4.8708
1980,kdr,female,52,4.9353
1980,kdr,female,53,4.9827
1980,kdr,female,54,5.0138
1980,kdr,female,55,4.9478
1980,kdr,female,56,4.9503
1980,kdr,female,57,4.9407
1980,kdr,female,58,4.9196
1980,kdr,female,59,4.2078
1980,kdr,female,60,3.5336
1980,kdr,female,61,2.6245
1980,kdr,female,62,2.3187
1980,kdr,female,63,2.3081
1980,kdr,female,64,3.0763
1980,kdr,female,65,4.0831
1980,kdr,female,66,3.9435
1980,kdr,female,67,3.7992
1980,kdr,female,68,3.6506
1980,kdr,female,69,3.4981
1980,kdr,female,70,3.3421
1980,kdr,female,71,3.1825
1980,kdr,female,72,3.0193
1980,kdr,female,73,2.8527
1980,kdr,female,74,2.6831
1980,kdr,female,75,2.511
1980,kdr,female,76,2.3373
1980,kdr,female,77,2.1628
1980,kdr,female,78,1.9966
1980,kdr,female,79,1.8227
1980,kdr,female,80,1.6512
1980,kdr,female,81,1.4834
1980,kdr,female,82,1.3205
1980,kdr,female,83,1.1638
1980,kdr,female,84,1.0146
1980,kdr,female,85,0.87397
1980,kdr,female,86,0.743
1980,kdr,female,87,0.62262
1980,kdr,female,88,0.51355
1980,wym,male,0,0.79418
1980,wym,male,1,0.81253
1980,wym,male,2,0.81916
1980,wym,male,3,0.83302
1980,wym,male,4,0.83667
1980,wym,male,5,0.82536
1980,wym,male,6,0.81471
1980,wym,male,7,0.82781
1980,wym,male,8,0.8344
1980,wym,male,9,0.83425
1980,wym,male,10,0.85196
1980,wym,male,11,0.87883
1980,wym,male,12,0.91433
1980,wym,male,13,0.96374
1980,wym,male,14,1.0689
1980,wym,male,15,1.1468
1980,wym,male,16,1.2503
1980,wym,male,17,1.3834
1980,wym,male,18,1.5579
1980,wym,male,19,1.7702
1980,wym,male,20,2.0282
1980,wym,male,21,2.2289
1980,wym,male,22,2.5702
1980,wym,male,23,2.7625
1980,wym,male,24,3.0039
1980,wym,male,25,3.1689
1980,wym,male,26,3.2733
1980,wym,male,27,3.2801
1980,wym,male,28,3.2275
1980,wym,male,29,3.106
1980,wym,male,30,2.959
1980,wym,male,31,2.6617
1980,wym,male,32,2.5698
1980,wym,male,33,2.4706
1980,wym,male,34,2.2685
1980,wym,male,35,2.1546
1980,wym,male,36,2.0202
1980,wym,male,37,1.9768
1980,wym,male,38,1.9173
1980,wym,male,39,1.8523
1980,wym,male,40,1.8259
1980,wym,male,41,1.8386
1980,wym,male,42,1.8611
1980,wym,male,43,1.8747
1980,wym,male,44,1.9779
1980,wym,male,45,1.9459
1980,wym,male,46,2.043
1980,wym,male,47,2.0691
1980,wym,male,48,8.599
1980,wym,male,49,8.2789
1980,wym,male,50,7.9794
1980,wym,male,51,7.8433
1980,wym,male,52,7.6906
1980,wym,male,53,7.5227
1980,wym,male,54,7.3408
1980,wym,male,55,6.8852
1980,wym,male,56,6.7064
1980,wym,male,57,6.5247
1980,wym,male,58,6.3418
1980,wym,male,59,5.6661
1980,wym,male,60,4.6625
1980,wym,male,61,3.4424
1980,wym,male,62,3.032
1980,wym,male,63,2.8738
1980,wym,male,64,3.6959
1980,wym,male,65,4.5887
1980,wym,male,66,4.4313
1980,wym,male,67,4.2669
1980,wym,male,68,4.1079
1980,wym,male,69,3.9451
1980,wym,male,70,3.7584
1980,wym,male,71,3.5635
1980,wym,male,72,3.3602
1980,wym,male,73,3.149
1980,wym,male,74,2.9307
1980,wym,male,75,2.7071
1980,wym,male,76,2.4801
1980,wym,male,77,2.2519
1980,wym,male,78,2.0938
1980,wym,male,79,1.8607
1980,wym,male,80,1.5039
1980,wym,male,81,1.3047
1980,wym,male,82,1.1165
1980,wym,male,83,0.94125
1980,wym,male,84,0.78059
1980,wym,male,85,0.63584
1980,wym,male,86,0.50786
1980,wym,female,0,0.75389
1980,wym,female,1,0.77767
1980,wym,female,2,0.7858
1980,wym,female,3,0.79951
1980,wym,female,4,0.80338
1980,wym,female,5,0.79295
1980,wym,female,6,0.78295
1980,wym,female,7,0.79584
1980,wym,female,8,0.80251
1980,wym,female,9,0.8027
1980,wym,female,10,0.82023
1980,wym,female,11,0.84662
1980,wym,female,12,0.88138
1980,wym,female,13,0.92952
1980,wym,female,14,1.0314
1980,wym,female,15,1.1072
1980,wym,female,16,1.2079
1980,wym,female,17,1.3373
1980,wym,female,18,1.5069
1980,wym,female,19,1.7132
1980,wym,female,20,1.965
1980,wym,female,21,2.1631
1980,wym,female,22,2.499
1980,wym,female,23,2.6908
1980,wym,female,24,2.9308
1980,wym,female,25,3.0974
1980,wym,female,26,3.2051
1980,wym,female,27,3.218
1980,wym,female,28,3.1731
1980,wym,female,29,3.0604
1980,wym,female,30,2.9223
1980,wym,female,31,2.6351
1980,wym,female,32,2.55
1980,wym,female,33,2.4569
1980,wym,female,34,2.2609
1980,wym,female,35,2.1514
1980,wym,female,36,2.0208
1980,wym,female,37,1.9814
1980,wym,female,38,1.9257
1980,wym,female,39,1.8642
1980,wym,female,40,1.8418
1980,wym,female,41,1.859
1980,wym,female,42,1.8862
1980,wym,female,43,1.9047
1980,wym,female,44,2.0148
1980,wym,female,45,1.9872
1980,wym,female,46,2.0919
1980,wym,female,47,2.125
1980,wym,female,48,8.7942
1980,wym,female,49,8.4948
1980,wym,female,50,8.2175
1980,wym,female,51,8.1099
1980,wym,female,52,7.9864
1980,wym,female,53,7.8482
1980,wym,female,54,7.6965
1980,wym,female,55,7.0668
1980,wym,female,56,6.9346
1980,wym,female,57,6.8049
1980,wym,female,58,6.6802
1980,wym,female,59,6.0378
1980,wym,female,60,5.0354
1980,wym,female,61,3.7759
1980,wym,female,62,3.3859
1980,wym,female,63,3.0834
1980,wym,female,64,4.0024
1980,wym,female,65,5.0189
1980,wym,female,66,4.9002
1980,wym,female,67,4.7754
1980,wym,female,68,4.6451
1980,wym,female,69,4.5085
1980,wym,female,70,4.3643
1980,wym,female,71,4.2113
1980,wym,female,72,4.0483
1980,wym,female,73,3.8749
1980,wym,female,74,3.6912
1980,wym,female,75,3.4977
1980,wym,female,76,3.2955
1980,wym,female,77,3.0858
1980,wym,female,78,2.9678
1980,wym,female,79,2.7371
1980,wym,female,80,2.5047
1980,wym,female,81,2.2725
1980,wym,female,82,2.0427
1980,wym,female,83,1.8176
1980,wym,female,84,1.5995
1980,wym,female,85,1.3906
1980,wym,female,86,1.1931
1980,wym,female,87,1.0088
1980,wym,female,88,0.83958
1980,wym,female,89,0.68666
1980,wym,female,90,0.55095
1980,oth,male,0,293.78
1980,oth,male,1,296.71
1980,oth,male,2,297.22
1980,oth,male,3,303.16
1980,oth,male,4,305.8
1980,oth,male,5,304.55
1980,oth,male,6,303.37
1980,oth,male,7,312.3
1980,oth,male,8,317.14
1980,oth,male,9,319.42
1980,oth,male,10,326.25
1980,oth,male,11,331.98
1980,oth,male,12,338
1980,oth,male,13,342.85
1980,oth,male,14,363.34
1980,oth,male,15,371.05
1980,oth,male,16,380.8
1980,oth,male,17,390.65
1980,oth,male,18,405.1
1980,oth,male,19,423.94
1980,oth,male,20,446.66
1980,oth,male,21,454.99
1980,oth,male,22,485.64
1980,oth,male,23,486.17
1980,oth,male,24,501.42
1980,oth,male,25,506.8
1980,oth,male,26,515.17
1980,oth,male,27,515.94
1980,oth,male,28,513.21
1980,oth,male,29,507.81
1980,oth,male,30,502.59
1980,oth,male,31,474.77
1980,oth,male,32,476.26
1980,oth,male,33,472.69
1980,oth,male,34,450.78
1980,oth,male,35,442.17
1980,oth,male,36,428.66
1980,oth,male,37,433.6
1980,oth,male,38,429.3
1980,oth,male,39,429.79
1980,oth,male,40,433.29
1980,oth,male,41,439.29
1980,oth,male,42,444.16
1980,oth,male,43,440.77
1980,oth,male,44,458.94
1980,oth,male,45,445.17
1980,oth,male,46,452.74
1980,oth,male,47,452.6
1980,oth,male,48,585.9
1980,oth,male,49,569.25
1980,oth,male,50,553.89
1980,oth,male,51,555.27
1980,oth,male,52,554.9
1980,oth,male,53,552.78
1980,oth,male,54,548.94
1980,oth,male,55,539.14
1980,oth,male,56,533.52
1980,oth,male,57,526.84
1980,oth,male,58,519.22
1980,oth,male,59,449.36
1980,oth,male,60,377.08
1980,oth,male,61,280.22
1980,oth,male,62,247.9
1980,oth,male,63,242.32
1980,oth,male,64,312.69
1980,oth,male,65,402.15
1980,oth,male,66,384.32
1980,oth,male,67,366.06
1980,oth,male,68,351.88
1980,oth,male,69,338.47
1980,oth,male,70,318.67
1980,oth,male,71,298.61
1980,oth,male,72,278.35
1980,oth,male,73,257.96
1980,oth,male,74,237.54
1980,oth,male,75,217.22
1980,oth,male,76,197.12
1980,oth,male,77,177.41
1980,oth,male,78,160.8
1980,oth,male,79,141.93
1980,oth,male,80,114.19
1980,oth,male,81,98.536
1980,oth,male,82,83.933
1980,oth,male,83,70.489
1980,oth,male,84,58.289
1980,oth,male,85,47.394
1980,oth,male,86,37.831
1980,oth,male,87,29.598
1980,oth,male,88,22.657
1980,oth,male,89,16.94
1980,oth,male,90,12.348
1980,oth,male,91,8.7603
1980,oth,male,92,6.041
1980,oth,male,93,4.046
1980,oth,male,94,2.6332
1980,oth,male,95,1.67
1980,oth,male,96,1.0391
1980,oth,male,97,0.64262
1980,oth,female,0,278.8
1980,oth,female,1,283.81
1980,oth,female,2,284.88
1980,oth,female,3,290.67
1980,oth,female,4,293.27
1980,oth,female,5,292.13
1980,oth,female,6,290.98
1980,oth,female,7,299.52
1980,oth,female,8,304.08
1980,oth,female,9,306.26
1980,oth,female,10,312.92
1980,oth,female,11,318.54
1980,oth,female,12,324.48
1980,oth,female,13,329.32
1980,oth,female,14,349.26
1980,oth,female,15,356.87
1980,oth,female,16,366.5
1980,oth,female,17,376.24
1980,oth,female,18,390.47
1980,oth,female,19,408.92
1980,oth,female,20,431.17
1980,oth,female,21,439.61
1980,oth,female,22,469.77
1980,oth,female,23,470.67
1980,oth,female,24,485.79
1980,oth,female,25,491.35
1980,oth,female,26,499.71
1980,oth,female,27,500.61
1980,oth,female,28,498.05
1980,oth,female,29,492.85
1980,oth,female,30,487.85
1980,oth,female,31,460.74
1980,oth,female,32,462.35
1980,oth,female,33,459.08
1980,oth,female,34,437.86
1980,oth,female,35,429.7
1980,oth,female,36,416.71
1980,oth,female,37,422.04
1980,oth,female,38,418.36
1980,oth,female,39,419.46
1980,oth,female,40,423.64
1980,oth,female,41,430.4
1980,oth,female,42,436.09
1980,oth,female,43,433.63
1980,oth,female,44,452.77
1980,oth,female,45,440.07
1980,oth,female,46,448.73
1980,oth,female,47,449.83
1980,oth,female,48,584.23
1980,oth,female,49,569.24
1980,oth,female,50,555.64
1980,oth,female,51,559.01
1980,oth,female,52,560.75
1980,oth,female,53,560.87
1980,oth,female,54,559.39
1980,oth,female,55,548.93
1980,oth,female,56,546.95
1980,oth,female,57,544.32
1980,oth,female,58,541.23
1980,oth,female,59,472.82
1980,oth,female,60,400.97
1980,oth,female,61,301.33
1980,oth,female,62,270.38
1980,oth,female,63,263.08
1980,oth,female,64,343.6
1980,oth,female,65,447.11
1980,oth,female,66,432.02
1980,oth,female,67,416.47
1980,oth,female,68,400.51
1980,oth,female,69,384.17
1980,oth,female,70,367.44
1980,oth,female,71,350.32
1980,oth,female,72,332.8
1980,oth,female,73,314.91
1980,oth,female,74,296.68
1980,oth,female,75,278.17
1980,oth,female,76,259.47
1980,oth,female,77,240.65
1980,oth,female,78,225.43
1980,oth,female,79,206.32
1980,oth,female,80,187.45
1980,oth,female,81,168.94
1980,oth,female,82,150.93
1980,oth,female,83,133.54
1980,oth,female,84,116.92
1980,oth,female,85,101.2
1980,oth,female,86,86.5
1980,oth,female,87,72.921
1980,oth,female,88,60.554
1980,oth,female,89,49.462
1980,oth,female,90,39.682
1980,oth,female,91,31.217
1980,oth,female,92,24.039
1980,oth,female,93,18.088
1980,oth,female,94,13.274
1980,oth,female,95,9.4835
1980,oth,female,96,6.5852
1980,oth,female,97,4.4391
1980,oth,female,98,2.9262
1980,oth,female,99,1.8593
1980,oth,female,100,2.8311
1990,pl,male,0,2.3704e+05
1990,pl,male,1,2.3329e+05
1990,pl,male,2,2.4076e+05
1990,pl,male,3,2.4391e+05
1990,pl,male,4,2.4482e+05
1990,pl,male,5,2.5004e+05
1990,pl,male,6,2.4891e+05
1990,pl,male,7,2.5134e+05
1990,pl,male,8,2.5062e+05
1990,pl,male,9,2.5617e+05
1990,pl,male,10,2.5011e+05
1990,pl,male,11,2.5255e+05
1990,pl,male,12,2.4934e+05
1990,pl,male,13,2.5011e+05
1990,pl,male,14,2.4805e+05
1990,pl,male,15,2.4368e+05
1990,pl,male,16,2.3908e+05
1990,pl,male,17,2.4266e+05
1990,pl,male,18,2.4387e+05
1990,pl,male,19,2.4183e+05
1990,pl,male,20,2.4323e+05
1990,pl,male,21,2.4347e+05
1990,pl,male,22,2.433e+05
1990,pl,male,23,2.4136e+05
1990,pl,male,24,2.4994e+05
1990,pl,male,25,2.5041e+05
1990,pl,male,26,2.5139e+05
1990,pl,male,27,2.5247e+05
1990,pl,male,28,2.552e+05
1990,pl,male,29,2.6054e+05
1990,pl,male,30,2.671e+05
1990,pl,male,31,2.6469e+05
1990,pl,male,32,2.7502e+05
1990,pl,male,33,2.6767e+05
1990,pl,male,34,2.6947e+05
1990,pl,male,35,2.6599e+05
1990,pl,male,36,2.6508e+05
1990,pl,male,37,2.6072e+05
1990,pl,male,38,2.5526e+05
1990,pl,male,39,2.4903e+05
1990,pl,male,40,2.4347e+05
1990,pl,male,41,2.2677e+05
1990,pl,male,42,2.2533e+05
1990,pl,male,43,2.2112e+05
1990,pl,male,44,2.0809e+05
1990,pl,male,45,2.023e+05
1990,pl,male,46,1.9463e+05
1990,pl,male,47,1.9614e+05
1990,pl,male,48,1.9307e+05
1990,pl,male,49,1.9298e+05
1990,pl,male,50,1.9434e+05
1990,pl,male,51,1.9661e+05
1990,pl,male,52,1.9828e+05
1990,pl,male,53,1.9577e+05
1990,pl,male,54,2.035e+05
1990,pl,male,55,1.9607e+05
1990,pl,male,56,1.9845e+05
1990,pl,male,57,1.9713e+05
1990,pl,male,58,1.8391e+05
1990,pl,male,59,1.7803e+05
1990,pl,male,60,1.7241e+05
1990,pl,male,61,1.7107e+05
1990,pl,male,62,1.6913e+05
1990,pl,male,63,1.6658e+05
1990,pl,male,64,1.6343e+05
1990,pl,male,65,1.5985e+05
1990,pl,male,66,1.5539e+05
1990,pl,male,67,1.5044e+05
1990,pl,male,68,1.4504e+05
1990,pl,male,69,1.2354e+05
1990,pl,male,70,1.007e+05
1990,pl,male,71,71492
1990,pl,male,72,61075
1990,pl,male,73,59287
1990,pl,male,74,74309
1990,pl,male,75,91523
1990,pl,male,76,83289
1990,pl,male,77,75187
1990,pl,male,78,67132
1990,pl,male,79,59334
1990,pl,male,80,52080
1990,pl,male,81,45206
1990,pl,male,82,38758
1990,pl,male,83,32782
1990,pl,male,84,27316
1990,pl,male,85,22392
1990,pl,male,86,18029
1990,pl,male,87,14235
1990,pl,male,88,10960
1990,pl,male,89,8272.7
1990,pl,male,90,5599
1990,pl,male,91,4004.7
1990,pl,male,92,2777.5
1990,pl,male,93,1862.6
1990,pl,male,94,1203.8
1990,pl,male,95,747.36
1990,pl,male,96,444
1990,pl,male,97,251.41
1990,pl,male,98,135.1
1990,pl,male,99,68.599
1990,pl,male,100,59.97
1990,pl,female,0,2.2472e+05
1990,pl,female,1,2.2263e+05
1990,pl,female,2,2.3033e+05
1990,pl,female,3,2.3371e+05
1990,pl,female,4,2.349e+05
1990,pl,female,5,2.4017e+05
1990,pl,female,6,2.3924e+05
1990,pl,female,7,2.4168e+05
1990,pl,female,8,2.4112e+05
1990,pl,female,9,2.4661e+05
1990,pl,female,10,2.4092e+05
1990,pl,female,11,2.4342e+05
1990,pl,female,12,2.4037e+05
1990,pl,female,13,2.4112e+05
1990,pl,female,14,2.3923e+05
1990,pl,female,15,2.3515e+05
1990,pl,female,16,2.3079e+05
1990,pl,female,17,2.3434e+05
1990,pl,female,18,2.3559e+05
1990,pl,female,19,2.3372e+05
1990,pl,female,20,2.3521e+05
1990,pl,female,21,2.356e+05
1990,pl,female,22,2.356e+05
1990,pl,female,23,2.3385e+05
1990,pl,female,24,2.423e+05
1990,pl,female,25,2.4289e+05
1990,pl,female,26,2.44e+05
1990,pl,female,27,2.4522e+05
1990,pl,female,28,2.4805e+05
1990,pl,female,29,2.5341e+05
1990,pl,female,30,2.5993e+05
1990,pl,female,31,2.5775e+05
1990,pl,female,32,2.6805e+05
1990,pl,female,33,2.611e+05
1990,pl,female,34,2.6306e+05
1990,pl,female,35,2.5988e+05
1990,pl,female,36,2.5921e+05
1990,pl,female,37,2.5518e+05
1990,pl,female,38,2.5012e+05
1990,pl,female,39,2.443e+05
1990,pl,female,40,2.3917e+05
1990,pl,female,41,2.2309e+05
1990,pl,female,42,2.2199e+05
1990,pl,female,43,2.1816e+05
1990,pl,female,44,2.0562e+05
1990,pl,female,45,2.0017e+05
1990,pl,female,46,1.9282e+05
1990,pl,female,47,1.9463e+05
1990,pl,female,48,1.9193e+05
1990,pl,female,49,1.9221e+05
1990,pl,female,50,1.94e+05
1990,pl,female,51,1.9675e+05
1990,pl,female,52,1.9895e+05
1990,pl,female,53,1.97e+05
1990,pl,female,54,2.0544e+05
1990,pl,female,55,1.9861e+05
1990,pl,female,56,2.0176e+05
1990,pl,female,57,2.0127e+05
1990,pl,female,58,1.8864e+05
1990,pl,female,59,1.8357e+05
1990,pl,female,60,1.7884e+05
1990,pl,female,61,1.7859e+05
1990,pl,female,62,1.7781e+05
1990,pl,female,63,1.7649e+05
1990,pl,female,64,1.7463e+05
1990,pl,female,65,1.7265e+05
1990,pl,female,66,1.6951e+05
1990,pl,female,67,1.6592e+05
1990,pl,female,68,1.6189e+05
1990,pl,female,69,1.3969e+05
1990,pl,female,70,1.1551e+05
1990,pl,female,71,83323
1990,pl,female,72,72425
1990,pl,female,73,71930
1990,pl,female,74,92191
1990,pl,female,75,1.1636e+05
1990,pl,female,76,1.0878e+05
1990,pl,female,77,1.0115e+05
1990,pl,female,78,93513
1990,pl,female,79,85930
1990,pl,female,80,78443
1990,pl,female,81,71089
1990,pl,female,82,63905
1990,pl,female,83,56937
1990,pl,female,84,50232
1990,pl,female,85,43842
1990,pl,female,86,37817
1990,pl,female,87,32202
1990,pl,female,88,26943
1990,pl,female,89,22275
1990,pl,female,90,18108
1990,pl,female,91,14452
1990,pl,female,92,11303
1990,pl,female,93,8647.8
1990,pl,female,94,6458
1990,pl,female,95,4696.8
1990,pl,female,96,3318.5
1990,pl,female,97,2271.5
1990,pl,female,98,1502
1990,pl,female,99,956.23
1990,pl,female,100,1425.1
1990,uk,male,0,65496
1990,uk,male,1,64153
1990,uk,male,2,65762
1990,uk,male,3,66384
1990,uk,male,4,65877
1990,uk,male,5,66729
1990,uk,male,6,66130
1990,uk,male,7,65821
1990,uk,male,8,64904
1990,uk,male,9,65907
1990,uk,male,10,63805
1990,uk,male,11,63855
1990,uk,male,12,62515
1990,uk,male,13,62053
1990,uk,male,14,61134
1990,uk,male,15,59715
1990,uk,male,16,58345
1990,uk,male,17,58962
1990,uk,male,18,58975
1990,uk,male,19,58386
1990,uk,male,20,58571
1990,uk,male,21,58542
1990,uk,male,22,58294
1990,uk,male,23,57491
1990,uk,male,24,59423
1990,uk,male,25,59281
1990,uk,male,26,59248
1990,uk,male,27,59182
1990,uk,male,28,59484
1990,uk,male,29,60170
1990,uk,male,30,61284
1990,uk,male,31,60205
1990,uk,male,32,62041
1990,uk,male,33,59905
1990,uk,male,34,59865
1990,uk,male,35,58592
1990,uk,male,36,57902
1990,uk,male,37,56424
1990,uk,male,38,54707
1990,uk,male,39,52824
1990,uk,male,40,51204
1990,uk,male,41,47280
1990,uk,male,42,46687
1990,uk,male,43,45611
1990,uk,male,44,42791
1990,uk,male,45,41518
1990,uk,male,46,39856
1990,uk,male,47,40115
1990,uk,male,48,39384
1990,uk,male,49,39189
1990,uk,male,50,39215
1990,uk,male,51,39359
1990,uk,male,52,39375
1990,uk,male,53,38588
1990,uk,male,54,39824
1990,uk,male,55,38080
1990,uk,male,56,38314
1990,uk,male,57,37855
1990,uk,male,58,36976
1990,uk,male,59,35599
1990,uk,male,60,34290
1990,uk,male,61,33385
1990,uk,male,62,32426
1990,uk,male,63,31411
1990,uk,male,64,30342
1990,uk,male,65,29228
1990,uk,male,66,28093
1990,uk,male,67,26917
1990,uk,male,68,25705
1990,uk,male,69,21867
1990,uk,male,70,17571
1990,uk,male,71,12633
1990,uk,male,72,10769
1990,uk,male,73,10467
1990,uk,male,74,13097
1990,uk,male,75,15802
1990,uk,male,76,14346
1990,uk,male,77,12915
1990,uk,male,78,11546
1990,uk,male,79,10228
1990,uk,male,80,8936.9
1990,uk,male,81,7717
1990,uk,male,82,6577.2
1990,uk,male,83,5525.9
1990,uk,male,84,4570.2
1990,uk,male,85,3715.2
1990,uk,male,86,2963.6
1990,uk,male,87,2315.7
1990,uk,male,88,1770.1
1990,uk,male,89,1319
1990,uk,male,90,880.03
1990,uk,male,91,619.46
1990,uk,male,92,422.06
1990,uk,male,93,277.47
1990,uk,male,94,175.41
1990,uk,male,95,106.25
1990,uk,male,96,61.413
1990,uk,male,97,33.735
1990,uk,male,98,17.536
1990,uk,male,99,8.5929
1990,uk,male,100,6.9861
1990,uk,female,0,62127
1990,uk,female,1,61304
1990,uk,female,2,63015
1990,uk,female,3,63718
1990,uk,female,4,63323
1990,uk,female,5,64214
1990,uk,female,6,63680
1990,uk,female,7,63408
1990,uk,female,8,62561
1990,uk,female,9,63564
1990,uk,female,10,61573
1990,uk,female,11,61660
1990,uk,female,12,60383
1990,uk,female,13,59940
1990,uk,female,14,59073
1990,uk,female,15,57738
1990,uk,female,16,56435
1990,uk,female,17,57057
1990,uk,female,18,57093
1990,uk,female,19,56550
1990,uk,female,20,56773
1990,uk,female,21,56792
1990,uk,female,22,56601
1990,uk,female,23,55863
1990,uk,female,24,57784
1990,uk,female,25,57686
1990,uk,female,26,57700
1990,uk,female,27,57687
1990,uk,female,28,58033
1990,uk,female,29,58754
1990,uk,female,30,59886
1990,uk,female,31,58886
1990,uk,female,32,60750
1990,uk,female,33,58721
1990,uk,female,34,58739
1990,uk,female,35,57558
1990,uk,female,36,56947
1990,uk,female,37,55563
1990,uk,female,38,53949
1990,uk,female,39,52176
1990,uk,female,40,50666
1990,uk,female,41,46869
1990,uk,female,42,46367
1990,uk,female,43,45382
1990,uk,female,44,42658
1990,uk,female,45,41458
1990,uk,female,46,39860
1990,uk,female,47,40193
1990,uk,female,48,39544
1990,uk,female,49,39437
1990,uk,female,50,39562
1990,uk,female,51,39821
1990,uk,female,52,39954
1990,uk,female,53,39280
1990,uk,female,54,40682
1990,uk,female,55,39049
1990,uk,female,56,39447
1990,uk,female,57,39152
1990,uk,female,58,38434
1990,uk,female,59,37213
1990,uk,female,60,36073
1990,uk,female,61,35366
1990,uk,female,62,34613
1990,uk,female,63,33811
1990,uk,female,64,32960
1990,uk,female,65,32059
1990,uk,female,66,31162
1990,uk,female,67,30230
1990,uk,female,68,29263
1990,uk,female,69,25264
1990,uk,female,70,20636
1990,uk,female,71,15106
1990,uk,female,72,13135
1990,uk,female,73,13027
1990,uk,female,74,16681
1990,uk,female,75,20645
1990,uk,female,76,19271
1990,uk,female,77,17886
1990,uk,female,78,16501
1990,uk,female,79,15123
1990,uk,female,80,13763
1990,uk,female,81,12427
1990,uk,female,82,11124
1990,uk,female,83,9863.8
1990,uk,female,84,8655.6
1990,uk,female,85,7509.2
1990,uk,female,86,6433.7
1990,uk,female,87,5437.3
1990,uk,female,88,4530
1990,uk,female,89,3710.3
1990,uk,female,90,2984.9
1990,uk,female,91,2354.6
1990,uk,female,92,1817.8
1990,uk,female,93,1370.7
1990,uk,female,94,1007.1
1990,uk,female,95,719.31
1990,uk,female,96,498.03
1990,uk,female,97,333.28
1990,uk,female,98,214.86
1990,uk,female,99,132.97
1990,uk,female,100,182.9
1990,be,male,0,12606
1990,be,male,1,12417
1990,be,male,2,12828
1990,be,male,3,13024
1990,be,male,4,13063
1990,be,male,5,13311
1990,be,male,6,13262
1990,be,male,7,13302
1990,be,male,8,13261
1990,be,male,9,13533
1990,be,male,10,13144
1990,be,male,11,13206
1990,be,male,12,13001
1990,be,male,13,13003
1990,be,male,14,12865
1990,be,male,15,12585
1990,be,male,16,12345
1990,be,male,17,12513
1990,be,male,18,12531
1990,be,male,19,12481
1990,be,male,20,12567
1990,be,male,21,12636
1990,be,male,22,12651
1990,be,male,23,12568
1990,be,male,24,13032
1990,be,male,25,13067
1990,be,male,26,13142
1990,be,male,27,13145
1990,be,male,28,13235
1990,be,male,29,13417
1990,be,male,30,13705
1990,be,male,31,13487
1990,be,male,32,13904
1990,be,male,33,13435
1990,be,male,34,13397
1990,be,male,35,13082
1990,be,male,36,12875
1990,be,male,37,12487
1990,be,male,38,12044
1990,be,male,39,11578
1990,be,male,40,11164
1990,be,male,41,10259
1990,be,male,42,10093
1990,be,male,43,9836.4
1990,be,male,44,9220.9
1990,be,male,45,8945.4
1990,be,male,46,8587.5
1990,be,male,47,8642.4
1990,be,male,48,8488.5
1990,be,male,49,8441
1990,be,male,50,8432
1990,be,male,51,8440.6
1990,be,male,52,8411.4
1990,be,male,53,8211.2
1990,be,male,54,8444.3
1990,be,male,55,8049
1990,be,male,56,8073.6
1990,be,male,57,7947.2
1990,be,male,58,8324.6
1990,be,male,59,7969.1
1990,be,male,60,7633
1990,be,male,61,7330.8
1990,be,male,62,7027.8
1990,be,male,63,6723.3
1990,be,male,64,6417.4
1990,be,male,65,6120.1
1990,be,male,66,5853.6
1990,be,male,67,5586
1990,be,male,68,5317.7
1990,be,male,69,4291.4
1990,be,male,70,3440.8
1990,be,male,71,2473.6
1990,be,male,72,2108.3
1990,be,male,73,2017.3
1990,be,male,74,2571.8
1990,be,male,75,3266.5
1990,be,male,76,2964.8
1990,be,male,77,2669
1990,be,male,78,2420.9
1990,be,male,79,2186.7
1990,be,male,80,1910.8
1990,be,male,81,1649.8
1990,be,male,82,1405.9
1990,be,male,83,1180.8
1990,be,male,84,976.12
1990,be,male,85,792.98
1990,be,male,86,632.02
1990,be,male,87,493.32
1990,be,male,88,378.23
1990,be,male,89,281.37
1990,be,male,90,187.36
1990,be,male,91,131.59
1990,be,male,92,89.423
1990,be,male,93,58.612
1990,be,male,94,36.927
1990,be,male,95,22.277
1990,be,male,96,12.815
1990,be,male,97,6.9981
1990,be,male,98,3.6096
1990,be,male,99,1.7491
1990,be,male,100,1.384
1990,be,female,0,11958
1990,be,female,1,11866
1990,be,female,2,12294
1990,be,female,3,12503
1990,be,female,4,12560
1990,be,female,5,12812
1990,be,female,6,12775
1990,be,female,7,12819
1990,be,female,8,12787
1990,be,female,9,13058
1990,be,female,10,12690
1990,be,female,11,12759
1990,be,female,12,12564
1990,be,female,13,12567
1990,be,female,14,12438
1990,be,female,15,12176
1990,be,female,16,11948
1990,be,female,17,12116
1990,be,female,18,12138
1990,be,female,19,12095
1990,be,female,20,12188
1990,be,female,21,12268
1990,be,female,22,12296
1990,be,female,23,12228
1990,be,female,24,12693
1990,be,female,25,12740
1990,be,female,26,12827
1990,be,female,27,12844
1990,be,female,28,12948
1990,be,female,29,13141
1990,be,female,30,13436
1990,be,female,31,13237
1990,be,female,32,13665
1990,be,female,33,13221
1990,be,female,34,13201
1990,be,female,35,12909
1990,be,female,36,12722
1990,be,female,37,12356
1990,be,female,38,11939
1990,be,female,39,11498
1990,be,female,40,11109
1990,be,female,41,10230
1990,be,female,42,10086
1990,be,female,43,9850.7
1990,be,female,44,9254.1
1990,be,female,45,8994.8
1990,be,female,46,8651.1
1990,be,female,47,8725.1
1990,be,female,48,8590.3
1990,be,female,49,8563.4
1990,be,female,50,8578.6
1990,be,female,51,8614.5
1990,be,female,52,8613.5
1990,be,female,53,8438.4
1990,be,female,54,8711.5
1990,be,female,55,8338
1990,be,female,56,8399.9
1990,be,female,57,8309.5
1990,be,female,58,8744.9
1990,be,female,59,8422.7
1990,be,female,60,8122.6
1990,be,female,61,7859.6
1990,be,female,62,7596.6
1990,be,female,63,7332.7
1990,be,female,64,7067.8
1990,be,female,65,6798
1990,be,female,66,6591.2
1990,be,female,67,6385.7
1990,be,female,68,6181.7
1990,be,female,69,5082
1990,be,female,70,4159.1
1990,be,female,71,3058.5
1990,be,female,72,2672.8
1990,be,female,73,2598.8
1990,be,female,74,3390.9
1990,be,female,75,4417.8
1990,be,female,76,4123.3
1990,be,female,77,3827.3
1990,be,female,78,3531.4
1990,be,female,79,3237.3
1990,be,female,80,2946.6
1990,be,female,81,2661
1990,be,female,82,2382.2
1990,be,female,83,2112.2
1990,be,female,84,1853.1
1990,be,female,85,1607.1
1990,be,female,86,1376.3
1990,be,female,87,1162.4
1990,be,female,88,971.73
1990,be,female,89,794.96
1990,be,female,90,638.66
1990,be,female,91,502.99
1990,be,female,92,387.61
1990,be,female,93,291.65
1990,be,female,94,213.79
1990,be,female,95,152.28
1990,be,female,96,105.11
1990,be,female,97,70.092
1990,be,female,98,45.009
1990,be,female,99,27.73
1990,be,female,100,37.666
1990,pls,male,0,10030
1990,pls,male,1,9851.7
1990,pls,male,2,10150
1990,pls,male,3,10239
1990,pls,male,4,10223
1990,pls,male,5,10342
1990,pls,male,6,10264
1990,pls,male,7,10250
1990,pls,male,8,10190
1990,pls,male,9,10346
1990,pls,male,10,10018
1990,pls,male,11,10072
1990,pls,male,12,9909.9
1990,pls,male,13,9930.1
1990,pls,male,14,9888.9
1990,pls,male,15,9690.8
1990,pls,male,16,9519.9
1990,pls,male,17,9687.5
1990,pls,male,18,9759.7
1990,pls,male,19,9787.7
1990,pls,male,20,9880.7
1990,pls,male,21,9987
1990,pls,male,22,9986.6
1990,pls,male,23,9949.2
1990,pls,male,24,10291
1990,pls,male,25,10284
1990,pls,male,26,10270
1990,pls,male,27,10255
1990,pls,male,28,10256
1990,pls,male,29,10329
1990,pls,male,30,10468
1990,pls,male,31,10219
1990,pls,male,32,10451
1990,pls,male,33,10030
1990,pls,male,34,9942.8
1990,pls,male,35,9666.2
1990,pls,male,36,9460.4
1990,pls,male,37,9138.5
1990,pls,male,38,8798.5
1990,pls,male,39,8457.3
1990,pls,male,40,8161.9
1990,pls,male,41,7511.5
1990,pls,male,42,7407.2
1990,pls,male,43,7238.2
1990,pls,male,44,6812.1
1990,pls,male,45,6634.3
1990,pls,male,46,6387.4
1990,pls,male,47,6437.8
1990,pls,male,48,6315.7
1990,pls,male,49,6250.5
1990,pls,male,50,6201.4
1990,pls,male,51,6165.3
1990,pls,male,52,6100.9
1990,pls,male,53,5917.9
1990,pls,male,54,6052.9
1990,pls,male,55,5743
1990,pls,male,56,5736.3
1990,pls,male,57,5627.4
1990,pls,male,58,5942.3
1990,pls,male,59,5652.5
1990,pls,male,60,5383.6
1990,pls,male,61,5097.2
1990,pls,male,62,4820.3
1990,pls,male,63,4551.9
1990,pls,male,64,4291.4
1990,pls,male,65,4065.8
1990,pls,male,66,3872
1990,pls,male,67,3682.2
1990,pls,male,68,3496.1
1990,pls,male,69,2816.1
1990,pls,male,70,2255.4
1990,pls,male,71,1629.9
1990,pls,male,72,1396.7
1990,pls,male,73,1332.3
1990,pls,male,74,1694
1990,pls,male,75,2146.1
1990,pls,male,76,1943
1990,pls,male,77,1744.9
1990,pls,male,78,1615.2
1990,pls,male,79,1498.1
1990,pls,male,80,1305
1990,pls,male,81,1123.2
1990,pls,male,82,953.88
1990,pls,male,83,798.3
1990,pls,male,84,657.41
1990,pls,male,85,531.93
1990,pls,male,86,422.16
1990,pls,male,87,328.02
1990,pls,male,88,250.26
1990,pls,male,89,185.2
1990,pls,male,90,122.63
1990,pls,male,91,85.604
1990,pls,male,92,57.791
1990,pls,male,93,37.609
1990,pls,male,94,23.511
1990,pls,male,95,14.064
1990,pls,male,96,8.0164
1990,pls,male,97,4.3337
1990,pls,male,98,2.2109
1990,pls,male,99,1.0586
1990,pls,male,100,0.81813
1990,pls,female,0,9517.6
1990,pls,female,1,9421.8
1990,pls,female,2,9734.6
1990,pls,female,3,9837.2
1990,pls,female,4,9836.9
1990,pls,female,5,9964.5
1990,pls,female,6,9895
1990,pls,female,7,9885
1990,pls,female,8,9833.2
1990,pls,female,9,9990.9
1990,pls,female,10,9682.4
1990,pls,female,11,9742
1990,pls,female,12,9588.8
1990,pls,female,13,9609.4
1990,pls,female,14,9573.4
1990,pls,female,15,9387.5
1990,pls,female,16,9225.4
1990,pls,female,17,9391.5
1990,pls,female,18,9465.5
1990,pls,female,19,9497.6
1990,pls,female,20,9598.5
1990,pls,female,21,9715.2
1990,pls,female,22,9728.2
1990,pls,female,23,9704.6
1990,pls,female,24,10052
1990,pls,female,25,10057
1990,pls,female,26,10058
1990,pls,female,27,10058
1990,pls,female,28,10076
1990,pls,female,29,10162
1990,pls,female,30,10313
1990,pls,female,31,10083
1990,pls,female,32,10331
1990,pls,female,33,9932.3
1990,pls,female,34,9861.9
1990,pls,female,35,9604.9
1990,pls,female,36,9418.1
1990,pls,female,37,9115.8
1990,pls,female,38,8796.2
1990,pls,female,39,8475.8
1990,pls,female,40,8200.9
1990,pls,female,41,7568.2
1990,pls,female,42,7483.7
1990,pls,female,43,7333.4
1990,pls,female,44,6920.8
1990,pls,female,45,6756.8
1990,pls,female,46,6520.8
1990,pls,female,47,6589.4
1990,pls,female,48,6483.5
1990,pls,female,49,6437
1990,pls,female,50,6409.3
1990,pls,female,51,6396.6
1990,pls,female,52,6355.5
1990,pls,female,53,6191.1
1990,pls,female,54,6361.4
1990,pls,female,55,6064.9
1990,pls,female,56,6089.1
1990,pls,female,57,6008.5
1990,pls,female,58,6378.1
1990,pls,female,59,6110.4
1990,pls,female,60,5865.5
1990,pls,female,61,5601.2
1990,pls,female,62,5346.7
1990,pls,female,63,5100.9
1990,pls,female,64,4862.9
1990,pls,female,65,4658.4
1990,pls,female,66,4514.1
1990,pls,female,67,4376.1
1990,pls,female,68,4243.7
1990,pls,female,69,3498.4
1990,pls,female,70,2873.8
1990,pls,female,71,2135.1
1990,pls,female,72,1885.2
1990,pls,female,73,1828.1
1990,pls,female,74,2379.3
1990,pls,female,75,3092.2
1990,pls,female,76,2879
1990,pls,female,77,2666
1990,pls,female,78,2454.2
1990,pls,female,79,2244.4
1990,pls,female,80,2037.7
1990,pls,female,81,1835.3
1990,pls,female,82,1638.5
1990,pls,female,83,1448.6
1990,pls,female,84,1267
1990,pls,female,85,1095.3
1990,pls,female,86,934.82
1990,pls,female,87,786.71
1990,pls,female,88,655.16
1990,pls,female,89,533.79
1990,pls,female,90,426.97
1990,pls,female,91,334.69
1990,pls,female,92,256.6
1990,pls,female,93,192.02
1990,pls,female,94,139.91
1990,pls,female,95,99.01
1990,pls,female,96,67.859
1990,pls,female,97,44.904
1990,pls,female,98,28.593
1990,pls,female,99,17.454
1990,pls,female,100,23.147
1990,yi,male,0,13385
1990,yi,male,1,13187
1990,yi,male,2,13572
1990,yi,male,3,13719
1990,yi,male,4,13743
1990,yi,male,5,13989
1990,yi,male,6,13925
1990,yi,male,7,13979
1990,yi,male,8,13918
1990,yi,male,9,14242
1990,yi,male,10,13860
1990,yi,male,11,13959
1990,yi,male,12,13730
1990,yi,male,13,13670
1990,yi,male,14,13467
1990,yi,male,15,13078
1990,yi,male,16,12705
1990,yi,male,17,12753
1990,yi,male,18,12635
1990,yi,male,19,12412
1990,yi,male,20,12368
1990,yi,male,21,12291
1990,yi,male,22,12184
1990,yi,male,23,12010
1990,yi,male,24,12414
1990,yi,male,25,12412
1990,yi,male,26,12472
1990,yi,male,27,12530
1990,yi,male,28,12729
1990,yi,male,29,13060
1990,yi,male,30,13517
1990,yi,male,31,13509
1990,yi,male,32,14191
1990,yi,male,33,14020
1990,yi,male,34,14298
1990,yi,male,35,14305
1990,yi,male,36,14396
1990,yi,male,37,14243
1990,yi,male,38,13983
1990,yi,male,39,13634
1990,yi,male,40,13296
1990,yi,male,41,12317
1990,yi,male,42,12157
1990,yi,male,43,11853
1990,yi,male,44,11071
1990,yi,male,45,10678
1990,yi,male,46,10175
1990,yi,male,47,10157
1990,yi,male,48,9909.2
1990,yi,male,49,9810.3
1990,yi,male,50,9799.1
1990,yi,male,51,9864
1990,yi,male,52,9919.8
1990,yi,male,53,9792.5
1990,yi,male,54,10181
1990,yi,male,55,9817
1990,yi,male,56,9947.7
1990,yi,male,57,9893.1
1990,yi,male,58,13477
1990,yi,male,59,13082
1990,yi,male,60,12702
1990,yi,male,61,13022
1990,yi,male,62,13235
1990,yi,male,63,13347
1990,yi,male,64,13362
1990,yi,male,65,13140
1990,yi,male,66,13073
1990,yi,male,67,12935
1990,yi,male,68,12731
1990,yi,male,69,10769
1990,yi,male,70,8885.6
1990,yi,male,71,6410
1990,yi,male,72,5488.9
1990,yi,male,73,5211.8
1990,yi,male,74,6671.5
1990,yi,male,75,8432.2
1990,yi,male,76,7749.9
1990,yi,male,77,7075
1990,yi,male,78,6442.5
1990,yi,male,79,5837.9
1990,yi,male,80,5224.6
1990,yi,male,81,4636.1
1990,yi,male,82,4071.6
1990,yi,male,83,3532.7
1990,yi,male,84,3022.7
1990,yi,male,85,2546.6
1990,yi,male,86,2109
1990,yi,male,87,1714.2
1990,yi,male,88,1398.6
1990,yi,male,89,1088.7
1990,yi,male,90,760.87
1990,yi,male,91,562.83
1990,yi,male,92,404.42
1990,yi,male,93,281.52
1990,yi,male,94,189.3
1990,yi,male,95,122.56
1990,yi,male,96,76.137
1990,yi,male,97,45.21
1990,yi,male,98,25.553
1990,yi,male,99,13.686
1990,yi,male,100,13.352
1990,yi,female,0,12681
1990,yi,female,1,12564
1990,yi,female,2,12958
1990,yi,female,3,13117
1990,yi,female,4,13157
1990,yi,female,5,13405
1990,yi,female,6,13351
1990,yi,female,7,13407
1990,yi,female,8,13355
1990,yi,female,9,13673
1990,yi,female,10,13314
1990,yi,female,11,13416
1990,yi,female,12,13197
1990,yi,female,13,13140
1990,yi,female,14,12949
1990,yi,female,15,12582
1990,yi,female,16,12226
1990,yi,female,17,12276
1990,yi,female,18,12167
1990,yi,female,19,11956
1990,yi,female,20,11922
1990,yi,female,21,11858
1990,yi,female,22,11766
1990,yi,female,23,11607
1990,yi,female,24,12006
1990,yi,female,25,12015
1990,yi,female,26,12084
1990,yi,female,27,12152
1990,yi,female,28,12356
1990,yi,female,29,12689
1990,yi,female,30,13144
1990,yi,female,31,13149
1990,yi,female,32,13830
1990,yi,female,33,13678
1990,yi,female,34,13965
1990,yi,female,35,13989
1990,yi,female,36,14095
1990,yi,female,37,13963
1990,yi,female,38,13728
1990,yi,female,39,13406
1990,yi,female,40,13096
1990,yi,female,41,12154
1990,yi,female,42,12018
1990,yi,female,43,11738
1990,yi,female,44,10984
1990,yi,female,45,10614
1990,yi,female,46,10130
1990,yi,female,47,10132
1990,yi,female,48,9906.1
1990,yi,female,49,9829.4
1990,yi,female,50,9843.2
1990,yi,female,51,9936.9
1990,yi,female,52,10024
1990,yi,female,53,9929.3
1990,yi,female,54,10361
1990,yi,female,55,10030
1990,yi,female,56,10207
1990,yi,female,57,10200
1990,yi,female,58,13972
1990,yi,female,59,13640
1990,yi,female,60,13327
1990,yi,female,61,13764
1990,yi,female,62,14101
1990,yi,female,63,14342
1990,yi,female,64,14493
1990,yi,female,65,14223
1990,yi,female,66,14318
1990,yi,female,67,14353
1990,yi,female,68,14331
1990,yi,female,69,12319
1990,yi,female,70,10347
1990,yi,female,71,7612.3
1990,yi,female,72,6661.7
1990,yi,female,73,6322
1990,yi,female,74,8267.5
1990,yi,female,75,10697
1990,yi,female,76,10088
1990,yi,female,77,9474.2
1990,yi,female,78,8864.6
1990,yi,female,79,8266.9
1990,yi,female,80,7681.2
1990,yi,female,81,7102.7
1990,yi,female,82,6526.6
1990,yi,female,83,5951.2
1990,yi,female,84,5377.7
1990,yi,female,85,4810.4
1990,yi,female,86,4254.7
1990,yi,female,87,3717.2
1990,yi,female,88,3281.9
1990,yi,female,89,2786.8
1990,yi,female,90,2329.1
1990,yi,female,91,1913.1
1990,yi,female,92,1542
1990,yi,female,93,1217.5
1990,yi,female,94,939.94
1990,yi,female,95,708.07
1990,yi,female,96,519.3
1990,yi,female,97,369.87
1990,yi,female,98,255.14
1990,yi,female,99,169.96
1990,yi,female,100,287.5
1990,de,male,0,3379
1990,de,male,1,3365.9
1990,de,male,2,3505.2
1990,de,male,3,3575.1
1990,de,male,4,3635.8
1990,de,male,5,3747.8
1990,de,male,6,3805.1
1990,de,male,7,3887.5
1990,de,male,8,3951.6
1990,de,male,9,4111.2
1990,de,male,10,4086.8
1990,de,male,11,4199.1
1990,de,male,12,4226.7
1990,de,male,13,4298.7
1990,de,male,14,4306.3
1990,de,male,15,4272.7
1990,de,male,16,4224.2
1990,de,male,17,4311.7
1990,de,male,18,4325.9
1990,de,male,19,4305.2
1990,de,male,20,4345.1
1990,de,male,21,4360.8
1990,de,male,22,4367
1990,de,male,23,4341.5
1990,de,male,24,4525.7
1990,de,male,25,4554.2
1990,de,male,26,4613.1
1990,de,male,27,4673.4
1990,de,male,28,4777.6
1990,de,male,29,4922.5
1990,de,male,30,5129.5
1990,de,male,31,5172.2
1990,de,male,32,5464.3
1990,de,male,33,5426.9
1990,de,male,34,5558.7
1990,de,male,35,5587.1
1990,de,male,36,5659.1
1990,de,male,37,5651.1
1990,de,male,38,5623.1
1990,de,male,39,5566.9
1990,de,male,40,5514.5
1990,de,male,41,5176.6
1990,de,male,42,5191.7
1990,de,male,43,5133.5
1990,de,male,44,4840
1990,de,male,45,4709.3
1990,de,male,46,4516.7
1990,de,male,47,4535
1990,de,male,48,4448
1990,de,male,49,4426.4
1990,de,male,50,4458
1990,de,male,51,4534.5
1990,de,male,52,4618.8
1990,de,male,53,4625.3
1990,de,male,54,4884.5
1990,de,male,55,4779.5
1990,de,male,56,4924.6
1990,de,male,57,4989.6
1990,de,male,58,5109.4
1990,de,male,59,4979.1
1990,de,male,60,4849.9
1990,de,male,61,4933.4
1990,de,male,62,4981.7
1990,de,male,63,4995.1
1990,de,male,64,4974.8
1990,de,male,65,4909.4
1990,de,male,66,4839.5
1990,de,male,67,4741.6
1990,de,male,68,4617.7
1990,de,male,69,4122.3
1990,de,male,70,3429.5
1990,de,male,71,2381.8
1990,de,male,72,2050.2
1990,de,male,73,1955.1
1990,de,male,74,2389.2
1990,de,male,75,2874.1
1990,de,male,76,2597.9
1990,de,male,77,2330.8
1990,de,male,78,2086.7
1990,de,male,79,1863.9
1990,de,male,80,1652.3
1990,de,male,81,1456.8
1990,de,male,82,1273.8
1990,de,male,83,1101.3
1990,de,male,84,939.07
1990,de,male,85,788.04
1990,de,male,86,649.54
1990,de,male,87,524.92
1990,de,male,88,416.73
1990,de,male,89,321.89
1990,de,male,90,222.97
1990,de,male,91,163.26
1990,de,male,92,115.98
1990,de,male,93,79.712
1990,de,male,94,52.847
1990,de,male,95,33.686
1990,de,male,96,20.57
1990,de,male,97,11.986
1990,de,male,98,6.6358
1990,de,male,99,3.4741
1990,de,male,100,3.223
1990,de,female,0,3201.4
1990,de,female,1,3207.3
1990,de,female,2,3347.3
1990,de,female,3,3419
1990,de,female,4,3481.6
1990,de,female,5,3592.5
1990,de,female,6,3649.6
1990,de,female,7,3729.9
1990,de,female,8,3793.3
1990,de,female,9,3948.8
1990,de,female,10,3927.8
1990,de,female,11,4038
1990,de,female,12,4065.2
1990,de,female,13,4134.3
1990,de,female,14,4143
1990,de,female,15,4112.8
1990,de,female,16,4067.4
1990,de,female,17,4153
1990,de,female,18,4167.9
1990,de,female,19,4149.5
1990,de,female,20,4191.1
1990,de,female,21,4210
1990,de,female,22,4219.9
1990,de,female,23,4198.8
1990,de,female,24,4380.6
1990,de,female,25,4411.6
1990,de,female,26,4472.7
1990,de,female,27,4535.5
1990,de,female,28,4641
1990,de,female,29,4786.2
1990,de,female,30,4991.4
1990,de,female,31,5037.5
1990,de,female,32,5327.9
1990,de,female,33,5296.8
1990,de,female,34,5430.5
1990,de,female,35,5464.1
1990,de,female,36,5540.2
1990,de,female,37,5538.4
1990,de,female,38,5517.5
1990,de,female,39,5469.5
1990,de,female,40,5425.7
1990,de,female,41,5101.1
1990,de,female,42,5123.7
1990,de,female,43,5074.1
1990,de,female,44,4791.8
1990,de,female,45,4669.4
1990,de,female,46,4485.1
1990,de,female,47,4511.2
1990,de,female,48,4433.5
1990,de,female,49,4421.2
1990,de,female,50,4463.3
1990,de,female,51,4551.8
1990,de,female,52,4649.3
1990,de,female,53,4669.8
1990,de,female,54,4947.7
1990,de,female,55,4858.5
1990,de,female,56,5024.9
1990,de,female,57,5113.1
1990,de,female,58,5255.5
1990,de,female,59,5148.8
1990,de,female,60,5045.2
1990,de,female,61,5165.2
1990,de,female,62,5252.8
1990,de,female,63,5308
1990,de,female,64,5331.7
1990,de,female,65,5293.5
1990,de,female,66,5274.6
1990,de,female,67,5229.5
1990,de,female,68,5159.6
1990,de,female,69,4670.9
1990,de,female,70,3947.1
1990,de,female,71,2790
1990,de,female,72,2447.9
1990,de,female,73,2371.6
1990,de,female,74,2962.2
1990,de,female,75,3650.1
1990,de,female,76,3386.5
1990,de,female,77,3126.9
1990,de,female,78,2879.9
1990,de,female,79,2651.7
1990,de,female,80,2441.8
1990,de,female,81,2244.8
1990,de,female,82,2055.1
1990,de,female,83,1868.8
1990,de,female,84,1684.4
1990,de,female,85,1502.2
1990,de,female,86,1323.8
1990,de,female,87,1151.3
1990,de,female,88,990.71
1990,de,female,89,836.02
1990,de,female,90,693.63
1990,de,female,91,565.01
1990,de,female,92,451.15
1990,de,female,93,352.51
1990,de,female,94,269.01
1990,de,female,95,200.08
1990,de,female,96,144.7
1990,de,female,97,101.5
1990,de,female,98,68.853
1990,de,female,99,45.037
1990,de,female,100,72.096
1990,ru,male,0,2500.8
1990,ru,male,1,2463.8
1990,ru,male,2,2543.4
1990,ru,male,3,2575.6
1990,ru,male,4,2582.8
1990,ru,male,5,2636.5
1990,ru,male,6,2622.8
1990,ru,male,7,2629.5
1990,ru,male,8,2620.8
1990,ru,male,9,2677.9
1990,ru,male,10,2605
1990,ru,male,11,2620.7
1990,ru,male,12,2579.1
1990,ru,male,13,2578.4
1990,ru,male,14,2549.5
1990,ru,male,15,2498.2
1990,ru,male,16,2449.2
1990,ru,male,17,2481.3
1990,ru,male,18,2481.3
1990,ru,male,19,2463.6
1990,ru,male,20,2476.8
1990,ru,male,21,2489.9
1990,ru,male,22,2488.1
1990,ru,male,23,2473
1990,ru,male,24,2571.6
1990,ru,male,25,2581.9
1990,ru,male,26,2601.1
1990,ru,male,27,2608.6
1990,ru,male,28,2634.8
1990,ru,male,29,2680.9
1990,ru,male,30,2747.7
1990,ru,male,31,2715.1
1990,ru,male,32,2808.4
1990,ru,male,33,2723
1990,ru,male,34,2729.7
1990,ru,male,35,2679.5
1990,ru,male,36,2650.5
1990,ru,male,37,2584.7
1990,ru,male,38,2507
1990,ru,male,39,2421.8
1990,ru,male,40,2345.4
1990,ru,male,41,2162.4
1990,ru,male,42,2130.5
1990,ru,male,43,2077.7
1990,ru,male,44,1946.9
1990,ru,male,45,1886.9
1990,ru,male,46,1809.9
1990,ru,male,47,1821.5
1990,ru,male,48,1790.4
1990,ru,male,49,1783.9
1990,ru,male,50,1788.3
1990,ru,male,51,1799
1990,ru,male,52,1803.2
1990,ru,male,53,1770.7
1990,ru,male,54,1831.3
1990,ru,male,55,1754.5
1990,ru,male,56,1767.6
1990,ru,male,57,1747.7
1990,ru,male,58,1800.5
1990,ru,male,59,1731.7
1990,ru,male,60,1666
1990,ru,male,61,1623.7
1990,ru,male,62,1578.4
1990,ru,male,63,1529.9
1990,ru,male,64,1478.4
1990,ru,male,65,1423.2
1990,ru,male,66,1371
1990,ru,male,67,1316.5
1990,ru,male,68,1259.7
1990,ru,male,69,1021.9
1990,ru,male,70,822.14
1990,ru,male,71,588.36
1990,ru,male,72,499.31
1990,ru,male,73,478.57
1990,ru,male,74,609.93
1990,ru,male,75,774.47
1990,ru,male,76,703.29
1990,ru,male,77,633.49
1990,ru,male,78,568.74
1990,ru,male,79,506.73
1990,ru,male,80,443.35
1990,ru,male,81,383.42
1990,ru,male,82,327.38
1990,ru,male,83,275.63
1990,ru,male,84,228.52
1990,ru,male,85,186.28
1990,ru,male,86,149.08
1990,ru,male,87,116.91
1990,ru,male,88,90.037
1990,ru,male,89,67.398
1990,ru,male,90,45.197
1990,ru,male,91,31.999
1990,ru,male,92,21.943
1990,ru,male,93,14.531
1990,ru,male,94,9.2611
1990,ru,male,95,5.6602
1990,ru,male,96,3.3044
1990,ru,male,97,1.8347
1990,ru,male,98,0.96428
1990,ru,female,0,2371.8
1990,ru,female,1,2353.6
1990,ru,female,2,2436.2
1990,ru,female,3,2471.3
1990,ru,female,4,2481.9
1990,ru,female,5,2536.3
1990,ru,female,6,2525
1990,ru,female,7,2532.5
1990,ru,female,8,2525.5
1990,ru,female,9,2582.1
1990,ru,female,10,2513.3
1990,ru,female,11,2530.1
1990,ru,female,12,2490.6
1990,ru,female,13,2490.1
1990,ru,female,14,2463.1
1990,ru,female,15,2415
1990,ru,female,16,2368.6
1990,ru,female,17,2400.7
1990,ru,female,18,2401.6
1990,ru,female,19,2385.5
1990,ru,female,20,2400.3
1990,ru,female,21,2415.3
1990,ru,female,22,2415.9
1990,ru,female,23,2403.3
1990,ru,female,24,2501.2
1990,ru,female,25,2513.4
1990,ru,female,26,2534.5
1990,ru,female,27,2544.3
1990,ru,female,28,2572.3
1990,ru,female,29,2619.8
1990,ru,female,30,2687.2
1990,ru,female,31,2658
1990,ru,female,32,2752.7
1990,ru,female,33,2672
1990,ru,female,34,2681.5
1990,ru,female,35,2635.2
1990,ru,female,36,2609.7
1990,ru,female,37,2548.1
1990,ru,female,38,2475
1990,ru,female,39,2394.5
1990,ru,female,40,2323
1990,ru,female,41,2145.5
1990,ru,female,42,2117.7
1990,ru,female,43,2069
1990,ru,female,44,1942.5
1990,ru,female,45,1885.7
1990,ru,female,46,1811.6
1990,ru,female,47,1826.6
1990,ru,female,48,1799.3
1990,ru,female,49,1796.8
1990,ru,female,50,1805.8
1990,ru,female,51,1821.8
1990,ru,female,52,1831.5
1990,ru,female,53,1804.3
1990,ru,female,54,1872.6
1990,ru,female,55,1800.9
1990,ru,female,56,1821.6
1990,ru,female,57,1809.5
1990,ru,female,58,1872.2
1990,ru,female,59,1810.9
1990,ru,female,60,1753.5
1990,ru,female,61,1720.8
1990,ru,female,62,1685.6
1990,ru,female,63,1647.5
1990,ru,female,64,1606.7
1990,ru,female,65,1558.9
1990,ru,female,66,1519.4
1990,ru,female,67,1477.9
1990,ru,female,68,1434.5
1990,ru,female,69,1182.1
1990,ru,female,70,967.67
1990,ru,female,71,705.97
1990,ru,female,72,611.96
1990,ru,female,73,596.5
1990,ru,female,74,777.79
1990,ru,female,75,1012.7
1990,ru,female,76,945.28
1990,ru,female,77,877.59
1990,ru,female,78,809.98
1990,ru,female,79,742.84
1990,ru,female,80,676.55
1990,ru,female,81,611.49
1990,ru,female,82,548.05
1990,ru,female,83,486.66
1990,ru,female,84,427.78
1990,ru,female,85,371.86
1990,ru,female,86,319.33
1990,ru,female,87,270.59
1990,ru,female,88,226.87
1990,ru,female,89,186.43
1990,ru,female,90,150.54
1990,ru,female,91,119.25
1990,ru,female,92,92.502
1990,ru,female,93,70.121
1990,ru,female,94,51.832
1990,ru,female,95,37.27
1990,ru,female,96,26
1990,ru,female,97,17.548
1990,ru,female,98,11.421
1990,ru,female,99,7.1447
1990,ru,female,100,10.136
1990,lt,male,0,15121
1990,lt,male,1,14912
1990,lt,male,2,15513
1990,lt,male,3,15902
1990,lt,male,4,16140
1990,lt,male,5,16639
1990,lt,male,6,16757
1990,lt,male,7,16975
1990,lt,male,8,17128
1990,lt,male,9,17769
1990,lt,male,10,17492
1990,lt,male,11,17826
1990,lt,male,12,17753
1990,lt,male,13,17919
1990,lt,male,14,17910
1990,lt,male,15,17595
1990,lt,male,16,17392
1990,lt,male,17,17712
1990,lt,male,18,17780
1990,lt,male,19,17631
1990,lt,male,20,17769
1990,lt,male,21,17771
1990,lt,male,22,17785
1990,lt,male,23,17639
1990,lt,male,24,18323
1990,lt,male,25,18431
1990,lt,male,26,18656
1990,lt,male,27,18796
1990,lt,male,28,19120
1990,lt,male,29,19588
1990,lt,male,30,20260
1990,lt,male,31,20233
1990,lt,male,32,21232
1990,lt,male,33,20844
1990,lt,male,34,21200
1990,lt,male,35,21113
1990,lt,male,36,21224
1990,lt,male,37,21048
1990,lt,male,38,20749
1990,lt,male,39,20362
1990,lt,male,40,20066
1990,lt,male,41,18785
1990,lt,male,42,18755
1990,lt,male,43,18454
1990,lt,male,44,17407
1990,lt,male,45,16928
1990,lt,male,46,16279
1990,lt,male,47,16433
1990,lt,male,48,16224
1990,lt,male,49,16281
1990,lt,male,50,16474
1990,lt,male,51,16757
1990,lt,male,52,16993
1990,lt,male,53,16870
1990,lt,male,54,17620
1990,lt,male,55,17031
1990,lt,male,56,17278
1990,lt,male,57,17203
1990,lt,male,58,16511
1990,lt,male,59,15993
1990,lt,male,60,15486
1990,lt,male,61,15373
1990,lt,male,62,15200
1990,lt,male,63,14968
1990,lt,male,64,14680
1990,lt,male,65,14343
1990,lt,male,66,13945
1990,lt,male,67,13503
1990,lt,male,68,13020
1990,lt,male,69,10688
1990,lt,male,70,8663.8
1990,lt,male,71,6187.3
1990,lt,male,72,5254.3
1990,lt,male,73,5080.1
1990,lt,male,74,6472.4
1990,lt,male,75,8211
1990,lt,male,76,7470.9
1990,lt,male,77,6741.7
1990,lt,male,78,6020
1990,lt,male,79,5320.6
1990,lt,male,80,4664.1
1990,lt,male,81,4042
1990,lt,male,82,3458.6
1990,lt,male,83,2918.3
1990,lt,male,84,2424.9
1990,lt,male,85,1981.2
1990,lt,male,86,1589.2
1990,lt,male,87,1249.2
1990,lt,male,88,958.95
1990,lt,male,89,719.75
1990,lt,male,90,484.02
1990,lt,male,91,343.7
1990,lt,male,92,236.43
1990,lt,male,93,157.08
1990,lt,male,94,100.46
1990,lt,male,95,61.628
1990,lt,male,96,36.116
1990,lt,male,97,20.134
1990,lt,male,98,10.627
1990,lt,male,99,5.2851
1990,lt,male,100,4.4114
1990,lt,female,0,14334
1990,lt,female,1,14228
1990,lt,female,2,14838
1990,lt,female,3,15234
1990,lt,female,4,15484
1990,lt,female,5,15980
1990,lt,female,6,16104
1990,lt,female,7,16320
1990,lt,female,8,16477
1990,lt,female,9,17105
1990,lt,female,10,16848
1990,lt,female,11,17181
1990,lt,female,12,17113
1990,lt,female,13,17273
1990,lt,female,14,17270
1990,lt,female,15,16978
1990,lt,female,16,16788
1990,lt,female,17,17104
1990,lt,female,18,17176
1990,lt,female,19,17038
1990,lt,female,20,17183
1990,lt,female,21,17198
1990,lt,female,22,17224
1990,lt,female,23,17094
1990,lt,female,24,17768
1990,lt,female,25,17883
1990,lt,female,26,18114
1990,lt,female,27,18264
1990,lt,female,28,18594
1990,lt,female,29,19063
1990,lt,female,30,19729
1990,lt,female,31,19716
1990,lt,female,32,20709
1990,lt,female,33,20347
1990,lt,female,34,20711
1990,lt,female,35,20642
1990,lt,female,36,20768
1990,lt,female,37,20612
1990,lt,female,38,20339
1990,lt,female,39,19980
1990,lt,female,40,19712
1990,lt,female,41,18477
1990,lt,female,42,18471
1990,lt,female,43,18198
1990,lt,female,44,17189
1990,lt,female,45,16737
1990,lt,female,46,16116
1990,lt,female,47,16294
1990,lt,female,48,16115
1990,lt,female,49,16201
1990,lt,female,50,16428
1990,lt,female,51,16750
1990,lt,female,52,17030
1990,lt,female,53,16954
1990,lt,female,54,17764
1990,lt,female,55,17227
1990,lt,female,56,17541
1990,lt,female,57,17539
1990,lt,female,58,16914
1990,lt,female,59,16470
1990,lt,female,60,16043
1990,lt,female,61,16029
1990,lt,female,62,15963
1990,lt,female,63,15843
1990,lt,female,64,15673
1990,lt,female,65,15465
1990,lt,female,66,15192
1990,lt,female,67,14877
1990,lt,female,68,14522
1990,lt,female,69,12082
1990,lt,female,70,9939.9
1990,lt,female,71,7215.5
1990,lt,female,72,6237.7
1990,lt,female,73,6161.7
1990,lt,female,74,8028.3
1990,lt,female,75,10439
1990,lt,female,76,9758.1
1990,lt,female,77,9071.2
1990,lt,female,78,8382.9
1990,lt,female,79,7698.2
1990,lt,female,80,7021.3
1990,lt,female,81,6355.7
1990,lt,female,82,5705.3
1990,lt,female,83,5074.2
1990,lt,female,84,4467.2
1990,lt,female,85,3889.3
1990,lt,female,86,3345.2
1990,lt,female,87,2839.2
1990,lt,female,88,2371.1
1990,lt,female,89,1952
1990,lt,female,90,1579.3
1990,lt,female,91,1253.7
1990,lt,female,92,974.63
1990,lt,female,93,740.58
1990,lt,female,94,548.82
1990,lt,female,95,395.72
1990,lt,female,96,276.87
1990,lt,female,97,187.44
1990,lt,female,98,122.4
1990,lt,female,99,76.831
1990,lt,female,100,109.8
1990,csb,male,0,803.6
1990,csb,male,1,805.59
1990,csb,male,2,848.01
1990,csb,male,3,895.52
1990,csb,male,4,923.81
1990,csb,male,5,976.9
1990,csb,male,6,995.84
1990,csb,male,7,1030.9
1990,csb,male,8,1062.9
1990,csb,male,9,1104.6
1990,csb,male,10,1091.7
1990,csb,male,11,1118.5
1990,csb,male,12,1125.8
1990,csb,male,13,1146.9
1990,csb,male,14,1154.5
1990,csb,male,15,1135.6
1990,csb,male,16,1115.3
1990,csb,male,17,1129.8
1990,csb,male,18,1137.3
1990,csb,male,19,1127.4
1990,csb,male,20,1135.5
1990,csb,male,21,1138.6
1990,csb,male,22,1144.7
1990,csb,male,23,1139.5
1990,csb,male,24,1191.8
1990,csb,male,25,1209.2
1990,csb,male,26,1229.9
1990,csb,male,27,1251.8
1990,csb,male,28,1291
1990,csb,male,29,1350.8
1990,csb,male,30,1422.4
1990,csb,male,31,1447
1990,csb,male,32,1542.4
1990,csb,male,33,1540.9
1990,csb,male,34,1590.8
1990,csb,male,35,1608.6
1990,csb,male,36,1637.5
1990,csb,male,37,1637.2
1990,csb,male,38,1623.8
1990,csb,male,39,1596.8
1990,csb,male,40,1570.1
1990,csb,male,41,1467.8
1990,csb,male,42,1462.9
1990,csb,male,43,1441.1
1990,csb,male,44,1359.7
1990,csb,male,45,1322.9
1990,csb,male,46,1270.8
1990,csb,male,47,1278.1
1990,csb,male,48,1256.4
1990,csb,male,49,1253.1
1990,csb,male,50,1261.4
1990,csb,male,51,1277.5
1990,csb,male,52,1290.1
1990,csb,male,53,1276.9
1990,csb,male,54,1331.6
1990,csb,male,55,1286.1
1990,csb,male,56,1306.5
1990,csb,male,57,1305.6
1990,csb,male,58,1599.4
1990,csb,male,59,1540.8
1990,csb,male,60,1483.9
1990,csb,male,61,1453.3
1990,csb,male,62,1418.7
1990,csb,male,63,1380.2
1990,csb,male,64,1338
1990,csb,male,65,1287.7
1990,csb,male,66,1245.1
1990,csb,male,67,1199.6
1990,csb,male,68,1151.4
1990,csb,male,69,1067.9
1990,csb,male,70,890.96
1990,csb,male,71,609.8
1990,csb,male,72,533.28
1990,csb,male,73,505.16
1990,csb,male,74,607.38
1990,csb,male,75,715.7
1990,csb,male,76,653.3
1990,csb,male,77,591.91
1990,csb,male,78,532.29
1990,csb,male,79,474.54
1990,csb,male,80,418.57
1990,csb,male,81,365.21
1990,csb,male,82,314.83
1990,csb,male,83,267.81
1990,csb,male,84,224.51
1990,csb,male,85,185.22
1990,csb,male,86,150.14
1990,csb,male,87,119.38
1990,csb,male,88,93.9
1990,csb,male,89,71.413
1990,csb,male,90,48.719
1990,csb,male,91,35.138
1990,csb,male,92,24.585
1990,csb,male,93,16.637
1990,csb,male,94,10.855
1990,csb,male,95,6.8049
1990,csb,male,96,4.0828
1990,csb,male,97,2.3346
1990,csb,male,98,1.2665
1990,csb,male,99,0.64862
1990,csb,male,100,0.57428
1990,csb,female,0,761.53
1990,csb,female,1,768.05
1990,csb,female,2,810.33
1990,csb,female,3,856.95
1990,csb,female,4,885.1
1990,csb,female,5,936.95
1990,csb,female,6,955.75
1990,csb,female,7,989.72
1990,csb,female,8,1021.1
1990,csb,female,9,1061.9
1990,csb,female,10,1050.2
1990,csb,female,11,1076.6
1990,csb,female,12,1083.8
1990,csb,female,13,1103.9
1990,csb,female,14,1111.5
1990,csb,female,15,1094
1990,csb,female,16,1074.8
1990,csb,female,17,1089.2
1990,csb,female,18,1096.9
1990,csb,female,19,1087.7
1990,csb,female,20,1096.3
1990,csb,female,21,1100.4
1990,csb,female,22,1107.4
1990,csb,female,23,1103.3
1990,csb,female,24,1154.9
1990,csb,female,25,1172.7
1990,csb,female,26,1193.9
1990,csb,female,27,1216.4
1990,csb,female,28,1255.8
1990,csb,female,29,1315.2
1990,csb,female,30,1385.9
1990,csb,female,31,1411.1
1990,csb,female,32,1505.8
1990,csb,female,33,1506
1990,csb,female,34,1556.4
1990,csb,female,35,1575.5
1990,csb,female,36,1605.6
1990,csb,female,37,1607
1990,csb,female,38,1595.9
1990,csb,female,39,1571.3
1990,csb,female,40,1547.4
1990,csb,female,41,1448.8
1990,csb,female,42,1446.3
1990,csb,female,43,1427
1990,csb,female,44,1348.6
1990,csb,female,45,1314.1
1990,csb,female,46,1264.3
1990,csb,female,47,1273.9
1990,csb,female,48,1254.8
1990,csb,female,49,1254.1
1990,csb,female,50,1265.4
1990,csb,female,51,1284.8
1990,csb,female,52,1301.3
1990,csb,female,53,1292
1990,csb,female,54,1351.9
1990,csb,female,55,1310.6
1990,csb,female,56,1336.7
1990,csb,female,57,1341.5
1990,csb,female,58,1648.2
1990,csb,female,59,1596.4
1990,csb,female,60,1546.7
1990,csb,female,61,1525
1990,csb,female,62,1499.6
1990,csb,female,63,1470.6
1990,csb,female,64,1438.2
1990,csb,female,65,1389.7
1990,csb,female,66,1358.7
1990,csb,female,67,1325.1
1990,csb,female,68,1289.3
1990,csb,female,69,1213.9
1990,csb,female,70,1029.9
1990,csb,female,71,718.13
1990,csb,female,72,641.17
1990,csb,female,73,612.27
1990,csb,female,74,752.5
1990,csb,female,75,908.35
1990,csb,female,76,851.44
1990,csb,female,77,794.23
1990,csb,female,78,737.01
1990,csb,female,79,680
1990,csb,female,80,623.45
1990,csb,female,81,567.57
1990,csb,female,82,512.66
1990,csb,female,83,459.05
1990,csb,female,84,407.14
1990,csb,female,85,357.33
1990,csb,female,86,310.03
1990,csb,female,87,265.64
1990,csb,female,88,226.8
1990,csb,female,89,188.74
1990,csb,female,90,154.51
1990,csb,female,91,124.22
1990,csb,female,92,97.913
1990,csb,female,93,75.523
1990,csb,female,94,56.886
1990,csb,female,95,41.746
1990,csb,female,96,29.772
1990,csb,female,97,20.579
1990,csb,female,98,13.745
1990,csb,female,99,8.8411
1990,csb,female,100,13.504
1990,rue,male,0,761.82
1990,rue,male,1,762.11
1990,rue,male,2,791.9
1990,rue,male,3,819.62
1990,rue,male,4,826.83
1990,rue,male,5,847.58
1990,rue,male,6,859.17
1990,rue,male,7,873.33
1990,rue,male,8,881.85
1990,rue,male,9,910.82
1990,rue,male,10,900.24
1990,rue,male,11,916.22
1990,rue,male,12,914.4
1990,rue,male,13,922.71
1990,rue,male,14,924.56
1990,rue,male,15,915.68
1990,rue,male,16,902.78
1990,rue,male,17,917.85
1990,rue,male,18,923.17
1990,rue,male,19,919.6
1990,rue,male,20,929.18
1990,rue,male,21,934.39
1990,rue,male,22,937.19
1990,rue,male,23,933.14
1990,rue,male,24,976.11
1990,rue,male,25,982.12
1990,rue,male,26,991.78
1990,rue,male,27,1003.5
1990,rue,male,28,1024.3
1990,rue,male,29,1053.5
1990,rue,male,30,1090.5
1990,rue,male,31,1090.4
1990,rue,male,32,1144.4
1990,rue,male,33,1126.5
1990,rue,male,34,1148.7
1990,rue,male,35,1148.2
1990,rue,male,36,1155.8
1990,rue,male,37,1147
1990,rue,male,38,1131.9
1990,rue,male,39,1110.3
1990,rue,male,40,1092.7
1990,rue,male,41,1022.5
1990,rue,male,42,1021.7
1990,rue,male,43,1008.1
1990,rue,male,44,952.97
1990,rue,male,45,929.83
1990,rue,male,46,896.76
1990,rue,male,47,906.76
1990,rue,male,48,894.7
1990,rue,male,49,895.16
1990,rue,male,50,901.52
1990,rue,male,51,911.44
1990,rue,male,52,917.75
1990,rue,male,53,904.64
1990,rue,male,54,938.91
1990,rue,male,55,902.67
1990,rue,male,56,913.02
1990,rue,male,57,906.67
1990,rue,male,58,914.24
1990,rue,male,59,883.34
1990,rue,male,60,853.78
1990,rue,male,61,841.75
1990,rue,male,62,826.96
1990,rue,male,63,809.43
1990,rue,male,64,789.28
1990,rue,male,65,767.31
1990,rue,male,66,744.56
1990,rue,male,67,719.82
1990,rue,male,68,693.24
1990,rue,male,69,611.76
1990,rue,male,70,495.35
1990,rue,male,71,358.08
1990,rue,male,72,307.22
1990,rue,male,73,299.88
1990,rue,male,74,372.12
1990,rue,male,75,437.25
1990,rue,male,76,397.76
1990,rue,male,77,358.91
1990,rue,male,78,323.05
1990,rue,male,79,288.66
1990,rue,male,80,253.01
1990,rue,male,81,219.21
1990,rue,male,82,187.51
1990,rue,male,83,158.16
1990,rue,male,84,131.36
1990,rue,male,85,107.27
1990,rue,male,86,85.984
1990,rue,male,87,67.54
1990,rue,male,88,51.993
1990,rue,male,89,38.978
1990,rue,male,90,26.174
1990,rue,male,91,18.554
1990,rue,male,92,12.737
1990,rue,male,93,8.4413
1990,rue,male,94,5.3827
1990,rue,male,95,3.2903
1990,rue,male,96,1.9201
1990,rue,male,97,1.065
1990,rue,male,98,0.5587
1990,rue,female,0,722.26
1990,rue,female,1,727.37
1990,rue,female,2,757.71
1990,rue,female,3,785.5
1990,rue,female,4,793.51
1990,rue,female,5,814.3
1990,rue,female,6,825.98
1990,rue,female,7,839.96
1990,rue,female,8,848.66
1990,rue,female,9,877.07
1990,rue,female,10,867.38
1990,rue,female,11,883.34
1990,rue,female,12,881.8
1990,rue,female,13,889.91
1990,rue,female,14,892.09
1990,rue,female,15,884.06
1990,rue,female,16,871.96
1990,rue,female,17,886.91
1990,rue,female,18,892.38
1990,rue,female,19,889.28
1990,rue,female,20,899.19
1990,rue,female,21,905.05
1990,rue,female,22,908.6
1990,rue,female,23,905.43
1990,rue,female,24,947.84
1990,rue,female,25,954.37
1990,rue,female,26,964.6
1990,rue,female,27,976.91
1990,rue,female,28,997.98
1990,rue,female,29,1027.3
1990,rue,female,30,1064.2
1990,rue,female,31,1065.1
1990,rue,female,32,1119.2
1990,rue,female,33,1102.9
1990,rue,female,34,1125.7
1990,rue,female,35,1126.4
1990,rue,female,36,1135.2
1990,rue,female,37,1127.9
1990,rue,female,38,1114.5
1990,rue,female,39,1094.9
1990,rue,female,40,1079.4
1990,rue,female,41,1011.8
1990,rue,female,42,1012.7
1990,rue,female,43,1001
1990,rue,female,44,948.09
1990,rue,female,45,926.59
1990,rue,female,46,895.02
1990,rue,female,47,906.57
1990,rue,female,48,896.3
1990,rue,female,49,898.66
1990,rue,female,50,907.24
1990,rue,female,51,919.72
1990,rue,female,52,928.8
1990,rue,female,53,918.45
1990,rue,female,54,956.58
1990,rue,female,55,923.09
1990,rue,female,56,937.34
1990,rue,female,57,934.96
1990,rue,female,58,947.09
1990,rue,female,59,920.24
1990,rue,female,60,895.05
1990,rue,female,61,888.56
1990,rue,female,62,879.58
1990,rue,female,63,868.11
1990,rue,female,64,854.23
1990,rue,female,65,838.18
1990,rue,female,66,822.93
1990,rue,female,67,805.96
1990,rue,female,68,787.41
1990,rue,female,69,705.97
1990,rue,female,70,581.76
1990,rue,female,71,428.8
1990,rue,female,72,375.92
1990,rue,female,73,373.79
1990,rue,female,74,474.51
1990,rue,female,75,571.66
1990,rue,female,76,534.51
1990,rue,female,77,497.06
1990,rue,female,78,459.52
1990,rue,female,79,422.14
1990,rue,female,80,385.13
1990,rue,female,81,348.69
1990,rue,female,82,313.06
1990,rue,female,83,278.46
1990,rue,female,84,245.18
1990,rue,female,85,213.48
1990,rue,female,86,183.61
1990,rue,female,87,155.83
1990,rue,female,88,130.6
1990,rue,female,89,107.48
1990,rue,female,90,86.92
1990,rue,female,91,68.952
1990,rue,female,92,53.557
1990,rue,female,93,40.65
1990,rue,female,94,30.081
1990,rue,female,95,21.65
1990,rue,female,96,15.114
1990,rue,female,97,10.204
1990,rue,female,98,6.6416
1990,rue,female,99,4.1525
1990,rue,female,100,5.8597
1990,cs,male,0,532.62
1990,cs,male,1,522.54
1990,cs,male,2,538.36
1990,cs,male,3,543.08
1990,cs,male,4,540.86
1990,cs,male,5,548.57
1990,cs,male,6,543.17
1990,cs,male,7,543.24
1990,cs,male,8,536.78
1990,cs,male,9,545.44
1990,cs,male,10,525.84
1990,cs,male,11,525.32
1990,cs,male,12,512.64
1990,cs,male,13,508.7
1990,cs,male,14,499.75
1990,cs,male,15,486.48
1990,cs,male,16,475.46
1990,cs,male,17,480.24
1990,cs,male,18,479.77
1990,cs,male,19,474.7
1990,cs,male,20,476.76
1990,cs,male,21,477.25
1990,cs,male,22,475.92
1990,cs,male,23,470.7
1990,cs,male,24,487.15
1990,cs,male,25,486.27
1990,cs,male,26,486.78
1990,cs,male,27,484.66
1990,cs,male,28,486.25
1990,cs,male,29,491.69
1990,cs,male,30,499.47
1990,cs,male,31,488.9
1990,cs,male,32,501.35
1990,cs,male,33,481.83
1990,cs,male,34,477.88
1990,cs,male,35,463.68
1990,cs,male,36,453.24
1990,cs,male,37,436.76
1990,cs,male,38,418.57
1990,cs,male,39,399.55
1990,cs,male,40,382.84
1990,cs,male,41,349.73
1990,cs,male,42,341.96
1990,cs,male,43,331.52
1990,cs,male,44,309.3
1990,cs,male,45,299.03
1990,cs,male,46,286.58
1990,cs,male,47,288.27
1990,cs,male,48,282.84
1990,cs,male,49,280.85
1990,cs,male,50,280.3
1990,cs,male,51,280.64
1990,cs,male,52,280.15
1990,cs,male,53,273.95
1990,cs,male,54,282.2
1990,cs,male,55,269.43
1990,cs,male,56,270.67
1990,cs,male,57,266.98
1990,cs,male,58,275.17
1990,cs,male,59,263.28
1990,cs,male,60,252.04
1990,cs,male,61,241.03
1990,cs,male,62,230.17
1990,cs,male,63,219.42
1990,cs,male,64,208.78
1990,cs,male,65,196.9
1990,cs,male,66,187.42
1990,cs,male,67,178
1990,cs,male,68,168.65
1990,cs,male,69,135.45
1990,cs,male,70,108.06
1990,cs,male,71,77.459
1990,cs,male,72,65.784
1990,cs,male,73,62.914
1990,cs,male,74,80.335
1990,cs,male,75,102.19
1990,cs,male,76,92.898
1990,cs,male,77,83.753
1990,cs,male,78,75.385
1990,cs,male,79,67.361
1990,cs,male,80,58.949
1990,cs,male,81,50.977
1990,cs,male,82,43.506
1990,cs,male,83,36.595
1990,cs,male,84,30.295
1990,cs,male,85,24.647
1990,cs,male,86,19.672
1990,cs,male,87,15.376
1990,cs,male,88,11.818
1990,cs,male,89,8.803
1990,cs,male,90,5.8698
1990,cs,male,91,4.1286
1990,cs,male,92,2.8101
1990,cs,male,93,1.845
1990,cs,male,94,1.1645
1990,cs,male,95,0.704
1990,cs,female,0,505.24
1990,cs,female,1,499.37
1990,cs,female,2,515.88
1990,cs,female,3,521.28
1990,cs,female,4,519.92
1990,cs,female,5,527.96
1990,cs,female,6,523.12
1990,cs,female,7,523.4
1990,cs,female,8,517.48
1990,cs,female,9,526.14
1990,cs,female,10,507.54
1990,cs,female,11,507.35
1990,cs,female,12,495.24
1990,cs,female,13,491.45
1990,cs,female,14,483
1990,cs,female,15,470.47
1990,cs,female,16,460
1990,cs,female,17,464.83
1990,cs,female,18,464.58
1990,cs,female,19,459.88
1990,cs,female,20,462.33
1990,cs,female,21,463.37
1990,cs,female,22,462.64
1990,cs,female,23,458.08
1990,cs,female,24,474.61
1990,cs,female,25,474.26
1990,cs,female,26,475.32
1990,cs,female,27,473.86
1990,cs,female,28,476.04
1990,cs,female,29,481.96
1990,cs,female,30,490.17
1990,cs,female,31,480.47
1990,cs,female,32,493.48
1990,cs,female,33,474.97
1990,cs,female,34,471.76
1990,cs,female,35,458.49
1990,cs,female,36,448.91
1990,cs,female,37,433.32
1990,cs,female,38,416.06
1990,cs,female,39,397.99
1990,cs,female,40,382.21
1990,cs,female,41,349.98
1990,cs,female,42,343.03
1990,cs,female,43,333.36
1990,cs,female,44,311.78
1990,cs,female,45,302.09
1990,cs,female,46,290.11
1990,cs,female,47,292.48
1990,cs,female,48,287.73
1990,cs,female,49,286.52
1990,cs,female,50,286.86
1990,cs,female,51,288.18
1990,cs,female,52,288.67
1990,cs,female,53,283.32
1990,cs,female,54,293.03
1990,cs,female,55,280.97
1990,cs,female,56,283.55
1990,cs,female,57,281.12
1990,cs,female,58,290.65
1990,cs,female,59,279.82
1990,cs,female,60,269.73
1990,cs,female,61,259.91
1990,cs,female,62,250.26
1990,cs,female,63,240.74
1990,cs,female,64,231.34
1990,cs,female,65,218.72
1990,cs,female,66,210.78
1990,cs,female,67,202.92
1990,cs,female,68,195.12
1990,cs,female,69,159.25
1990,cs,female,70,129.32
1990,cs,female,71,94.505
1990,cs,female,72,81.969
1990,cs,female,73,79.475
1990,cs,female,74,103.84
1990,cs,female,75,135.47
1990,cs,female,76,126.6
1990,cs,female,77,117.66
1990,cs,female,78,108.71
1990,cs,female,79,99.792
1990,cs,female,80,90.96
1990,cs,female,81,82.261
1990,cs,female,82,73.747
1990,cs,female,83,65.481
1990,cs,female,84,57.527
1990,cs,female,85,49.956
1990,cs,female,86,42.835
1990,cs,female,87,36.222
1990,cs,female,88,30.349
1990,cs,female,89,24.856
1990,cs,female,90,19.992
1990,cs,female,91,15.763
1990,cs,female,92,12.162
1990,cs,female,93,9.1632
1990,cs,female,94,6.7261
1990,cs,female,95,4.7982
1990,cs,female,96,3.3175
1990,cs,female,97,2.2164
1990,cs,female,98,1.4262
1990,cs,female,99,0.88078
1990,cs,female,100,1.2046
1990,lv,male,0,76.164
1990,lv,male,1,75.506
1990,lv,male,2,79.149
1990,lv,male,3,81.446
1990,lv,male,4,83.337
1990,lv,male,5,85.528
1990,lv,male,6,86.278
1990,lv,male,7,89.557
1990,lv,male,8,91.122
1990,lv,male,9,95.269
1990,lv,male,10,93.322
1990,lv,male,11,96.912
1990,lv,male,12,98.545
1990,lv,male,13,99.173
1990,lv,male,14,101.01
1990,lv,male,15,101.61
1990,lv,male,16,100.79
1990,lv,male,17,102.91
1990,lv,male,18,103.55
1990,lv,male,19,103.21
1990,lv,male,20,103.6
1990,lv,male,21,104.36
1990,lv,male,22,104.68
1990,lv,male,23,104.7
1990,lv,male,24,109.62
1990,lv,male,25,110.91
1990,lv,male,26,112.23
1990,lv,male,27,113.77
1990,lv,male,28,116.43
1990,lv,male,29,120.17
1990,lv,male,30,125.19
1990,lv,male,31,125.68
1990,lv,male,32,132.59
1990,lv,male,33,131.29
1990,lv,male,34,134.47
1990,lv,male,35,135
1990,lv,male,36,136.57
1990,lv,male,37,136.1
1990,lv,male,38,135.13
1990,lv,male,39,133.61
1990,lv,male,40,132.2
1990,lv,male,41,124
1990,lv,male,42,124.13
1990,lv,male,43,122.47
1990,lv,male,44,115.73
1990,lv,male,45,112.74
1990,lv,male,46,108.45
1990,lv,male,47,109.47
1990,lv,male,48,108.12
1990,lv,male,49,108.54
1990,lv,male,50,110.04
1990,lv,male,51,112.33
1990,lv,male,52,114.37
1990,lv,male,53,114.07
1990,lv,male,54,119.78
1990,lv,male,55,116.35
1990,lv,male,56,118.64
1990,lv,male,57,118.66
1990,lv,male,58,121.31
1990,lv,male,59,117.78
1990,lv,male,60,114.29
1990,lv,male,61,114.75
1990,lv,male,62,114.57
1990,lv,male,63,113.77
1990,lv,male,64,112.39
1990,lv,male,65,110.18
1990,lv,male,66,108.06
1990,lv,male,67,105.45
1990,lv,male,68,102.4
1990,lv,male,69,84.077
1990,lv,male,70,68.424
1990,lv,male,71,49.051
1990,lv,male,72,41.667
1990,lv,male,73,40.046
1990,lv,male,74,51.204
1990,lv,male,75,65.246
1990,lv,male,76,59.427
1990,lv,male,77,53.701
1990,lv,male,78,48.28
1990,lv,male,79,43.054
1990,lv,male,80,37.817
1990,lv,male,81,32.841
1990,lv,male,82,28.166
1990,lv,male,83,23.827
1990,lv,male,84,19.854
1990,lv,male,85,16.272
1990,lv,male,86,13.097
1990,lv,male,87,10.334
1990,lv,male,88,8.0084
1990,lv,male,89,6.0366
1990,lv,male,90,4.0784
1990,lv,male,91,2.9105
1990,lv,male,92,2.0128
1990,lv,male,93,1.3449
1990,lv,male,94,0.86537
1990,lv,male,95,0.53425
1990,lv,female,0,72.187
1990,lv,female,1,72.013
1990,lv,female,2,75.666
1990,lv,female,3,77.983
1990,lv,female,4,79.901
1990,lv,female,5,82.089
1990,lv,female,6,82.864
1990,lv,female,7,86.048
1990,lv,female,8,87.601
1990,lv,female,9,91.643
1990,lv,female,10,89.826
1990,lv,female,11,93.338
1990,lv,female,12,94.927
1990,lv,female,13,95.527
1990,lv,female,14,97.328
1990,lv,female,15,97.961
1990,lv,female,16,97.21
1990,lv,female,17,99.294
1990,lv,female,18,99.945
1990,lv,female,19,99.659
1990,lv,female,20,100.12
1990,lv,female,21,100.96
1990,lv,female,22,101.37
1990,lv,female,23,101.48
1990,lv,female,24,106.34
1990,lv,female,25,107.69
1990,lv,female,26,109.08
1990,lv,female,27,110.69
1990,lv,female,28,113.38
1990,lv,female,29,117.14
1990,lv,female,30,122.14
1990,lv,female,31,122.74
1990,lv,female,32,129.64
1990,lv,female,33,128.5
1990,lv,female,34,131.74
1990,lv,female,35,132.39
1990,lv,female,36,134.08
1990,lv,female,37,133.77
1990,lv,female,38,132.97
1990,lv,female,39,131.63
1990,lv,female,40,130.42
1990,lv,female,41,122.5
1990,lv,female,42,122.8
1990,lv,female,43,121.34
1990,lv,female,44,114.84
1990,lv,female,45,112.04
1990,lv,female,46,107.93
1990,lv,female,47,109.14
1990,lv,female,48,108.02
1990,lv,female,49,108.66
1990,lv,female,50,110.42
1990,lv,female,51,113.01
1990,lv,female,52,115.38
1990,lv,female,53,115.43
1990,lv,female,54,121.61
1990,lv,female,55,118.54
1990,lv,female,56,121.33
1990,lv,female,57,121.87
1990,lv,female,58,125.03
1990,lv,female,59,122.05
1990,lv,female,60,119.16
1990,lv,female,61,120.45
1990,lv,female,62,121.15
1990,lv,female,63,121.28
1990,lv,female,64,120.87
1990,lv,female,65,119.24
1990,lv,female,66,118.25
1990,lv,female,67,116.82
1990,lv,female,68,114.97
1990,lv,female,69,95.808
1990,lv,female,70,79.251
1990,lv,female,71,57.839
1990,lv,female,72,50.109
1990,lv,female,73,48.948
1990,lv,female,74,63.993
1990,lv,female,75,83.556
1990,lv,female,76,78.174
1990,lv,female,77,72.754
1990,lv,female,78,67.326
1990,lv,female,79,61.921
1990,lv,female,80,56.568
1990,lv,female,81,51.295
1990,lv,female,82,46.134
1990,lv,female,83,41.118
1990,lv,female,84,36.286
1990,lv,female,85,31.675
1990,lv,female,86,27.323
1990,lv,female,87,23.264
1990,lv,female,88,19.6
1990,lv,female,89,16.195
1990,lv,female,90,13.154
1990,lv,female,91,10.486
1990,lv,female,92,8.1892
1990,lv,female,93,6.253
1990,lv,female,94,4.6581
1990,lv,female,95,3.3773
1990,lv,female,96,2.377
1990,lv,female,97,1.6193
1990,lv,female,98,1.0644
1990,lv,female,99,0.67281
1990,lv,female,100,0.97878
1990,rom,male,0,471.1
1990,rom,male,1,451.07
1990,rom,male,2,460.69
1990,rom,male,3,463.06
1990,rom,male,4,462.47
1990,rom,male,5,470.1
1990,rom,male,6,464.76
1990,rom,male,7,467.25
1990,rom,male,8,462.74
1990,rom,male,9,470.2
1990,rom,male,10,456.3
1990,rom,male,11,458.38
1990,rom,male,12,450.14
1990,rom,male,13,450.44
1990,rom,male,14,445.07
1990,rom,male,15,435.56
1990,rom,male,16,426.41
1990,rom,male,17,432.22
1990,rom,male,18,433.76
1990,rom,male,19,429.32
1990,rom,male,20,431.04
1990,rom,male,21,430.72
1990,rom,male,22,429.94
1990,rom,male,23,426.25
1990,rom,male,24,440.22
1990,rom,male,25,439.44
1990,rom,male,26,439.04
1990,rom,male,27,438.2
1990,rom,male,28,439.55
1990,rom,male,29,444.65
1990,rom,male,30,451.21
1990,rom,male,31,441.49
1990,rom,male,32,452.7
1990,rom,male,33,434.49
1990,rom,male,34,431.5
1990,rom,male,35,420.24
1990,rom,male,36,413.92
1990,rom,male,37,403.59
1990,rom,male,38,392.89
1990,rom,male,39,381.8
1990,rom,male,40,372.44
1990,rom,male,41,345.98
1990,rom,male,42,343.14
1990,rom,male,43,336.18
1990,rom,male,44,315.97
1990,rom,male,45,307.02
1990,rom,male,46,295.35
1990,rom,male,47,297.79
1990,rom,male,48,293.33
1990,rom,male,49,293.28
1990,rom,male,50,295.23
1990,rom,male,51,298.45
1990,rom,male,52,300.67
1990,rom,male,53,296.47
1990,rom,male,54,307.75
1990,rom,male,55,295.95
1990,rom,male,56,299.15
1990,rom,male,57,296.46
1990,rom,male,58,225.64
1990,rom,male,59,227.22
1990,rom,male,60,221.34
1990,rom,male,61,217.92
1990,rom,male,62,213.28
1990,rom,male,63,207.8
1990,rom,male,64,201.6
1990,rom,male,65,194.7
1990,rom,male,66,187.53
1990,rom,male,67,179.84
1990,rom,male,68,171.69
1990,rom,male,69,144.15
1990,rom,male,70,115.63
1990,rom,male,71,82.092
1990,rom,male,72,69.276
1990,rom,male,73,66.307
1990,rom,male,74,82.348
1990,rom,male,75,99.588
1990,rom,male,76,89.214
1990,rom,male,77,79.151
1990,rom,male,78,69.582
1990,rom,male,79,60.504
1990,rom,male,80,51.858
1990,rom,male,81,43.842
1990,rom,male,82,36.51
1990,rom,male,83,29.904
1990,rom,male,84,24.052
1990,rom,male,85,18.964
1990,rom,male,86,14.629
1990,rom,male,87,11.019
1990,rom,male,88,8.101
1990,rom,male,89,5.7752
1990,rom,male,90,3.6704
1990,rom,male,91,2.4495
1990,rom,male,92,1.5741
1990,rom,male,93,0.97042
1990,rom,male,94,0.57168
1990,rom,female,0,448.2
1990,rom,female,1,434.17
1990,rom,female,2,445.22
1990,rom,female,3,448.54
1990,rom,female,4,448.8
1990,rom,female,5,456.84
1990,rom,female,6,452.03
1990,rom,female,7,454.69
1990,rom,female,8,450.63
1990,rom,female,9,458.26
1990,rom,female,10,445.04
1990,rom,female,11,447.42
1990,rom,female,12,439.52
1990,rom,female,13,439.86
1990,rom,female,14,434.83
1990,rom,female,15,425.87
1990,rom,female,16,417.12
1990,rom,female,17,423.02
1990,rom,female,18,424.74
1990,rom,female,19,420.63
1990,rom,female,20,422.69
1990,rom,female,21,422.79
1990,rom,female,22,422.45
1990,rom,female,23,419.21
1990,rom,female,24,433.33
1990,rom,female,25,432.95
1990,rom,female,26,433.01
1990,rom,female,27,432.65
1990,rom,female,28,434.48
1990,rom,female,29,439.99
1990,rom,female,30,446.87
1990,rom,female,31,437.72
1990,rom,female,32,449.46
1990,rom,female,33,431.92
1990,rom,female,34,429.46
1990,rom,female,35,418.82
1990,rom,female,36,413.07
1990,rom,female,37,403.33
1990,rom,female,38,393.29
1990,rom,female,39,382.88
1990,rom,female,40,374.25
1990,rom,female,41,348.41
1990,rom,female,42,346.28
1990,rom,female,43,339.98
1990,rom,female,44,320.24
1990,rom,female,45,311.74
1990,rom,female,46,300.41
1990,rom,female,47,303.52
1990,rom,female,48,299.68
1990,rom,female,49,300.37
1990,rom,female,50,303.24
1990,rom,female,51,307.52
1990,rom,female,52,310.86
1990,rom,female,53,307.64
1990,rom,female,54,320.63
1990,rom,female,55,309.65
1990,rom,female,56,314.4
1990,rom,female,57,313.2
1990,rom,female,58,239.06
1990,rom,female,59,241.19
1990,rom,female,60,236.33
1990,rom,female,61,234.39
1990,rom,female,62,231.31
1990,rom,female,63,227.43
1990,rom,female,64,222.88
1990,rom,female,65,217.44
1990,rom,female,66,212.03
1990,rom,female,67,206.11
1990,rom,female,68,199.73
1990,rom,female,69,170.47
1990,rom,female,70,139.24
1990,rom,female,71,100.85
1990,rom,female,72,86.998
1990,rom,female,73,85.06
1990,rom,female,74,108.37
1990,rom,female,75,134.79
1990,rom,female,76,124.54
1990,rom,female,77,114.3
1990,rom,female,78,104.15
1990,rom,female,79,94.178
1990,rom,female,80,84.443
1990,rom,female,81,75.017
1990,rom,female,82,65.968
1990,rom,female,83,57.364
1990,rom,female,84,49.274
1990,rom,female,85,41.758
1990,rom,female,86,34.871
1990,rom,female,87,28.654
1990,rom,female,88,23.179
1990,rom,female,89,18.353
1990,rom,female,90,14.226
1990,rom,female,91,10.773
1990,rom,female,92,7.9533
1990,rom,female,93,5.7094
1990,rom,female,94,3.9748
1990,rom,female,95,2.6756
1990,rom,female,96,1.7359
1990,rom,female,97,1.0816
1990,rom,female,98,0.64468
1990,kdr,male,0,1.5565
1990,kdr,male,1,1.5597
1990,kdr,male,2,1.6351
1990,kdr,male,3,1.699
1990,kdr,male,4,1.7554
1990,kdr,male,5,1.8342
1990,kdr,male,6,1.8846
1990,kdr,male,7,1.9608
1990,kdr,male,8,2.0108
1990,kdr,male,9,2.1273
1990,kdr,male,10,2.1221
1990,kdr,male,11,2.1955
1990,kdr,male,12,2.2042
1990,kdr,male,13,2.2654
1990,kdr,male,14,2.2858
1990,kdr,male,15,2.2658
1990,kdr,male,16,2.2279
1990,kdr,male,17,2.2742
1990,kdr,male,18,2.29
1990,kdr,male,19,2.2913
1990,kdr,male,20,2.3306
1990,kdr,male,21,2.3455
1990,kdr,male,22,2.3489
1990,kdr,male,23,2.3691
1990,kdr,male,24,2.4946
1990,kdr,male,25,2.5491
1990,kdr,male,26,2.6278
1990,kdr,male,27,2.6979
1990,kdr,male,28,2.8036
1990,kdr,male,29,2.9422
1990,kdr,male,30,3.1381
1990,kdr,male,31,3.2089
1990,kdr,male,32,3.4536
1990,kdr,male,33,3.5038
1990,kdr,male,34,3.6604
1990,kdr,male,35,3.7476
1990,kdr,male,36,3.8583
1990,kdr,male,37,3.8767
1990,kdr,male,38,3.8466
1990,kdr,male,39,3.7767
1990,kdr,male,40,3.6993
1990,kdr,male,41,3.452
1990,kdr,male,42,3.4381
1990,kdr,male,43,3.3772
1990,kdr,male,44,3.1795
1990,kdr,male,45,3.0873
1990,kdr,male,46,2.9641
1990,kdr,male,47,2.9867
1990,kdr,male,48,2.9454
1990,kdr,male,49,2.9489
1990,kdr,male,50,2.9805
1990,kdr,male,51,3.0342
1990,kdr,male,52,3.0811
1990,kdr,male,53,3.0636
1990,kdr,male,54,3.2065
1990,kdr,male,55,3.1065
1990,kdr,male,56,3.1607
1990,kdr,male,57,3.1533
1990,kdr,male,58,4.3439
1990,kdr,male,59,4.2072
1990,kdr,male,60,4.0784
1990,kdr,male,61,4.0911
1990,kdr,male,62,4.0828
1990,kdr,male,63,4.0539
1990,kdr,male,64,4.0051
1990,kdr,male,65,3.9053
1990,kdr,male,66,3.833
1990,kdr,male,67,3.7444
1990,kdr,male,68,3.6404
1990,kdr,male,69,3.0316
1990,kdr,male,70,2.4716
1990,kdr,male,71,1.7762
1990,kdr,male,72,1.5128
1990,kdr,male,73,1.4567
1990,kdr,male,74,1.8588
1990,kdr,male,75,2.3443
1990,kdr,male,76,2.1405
1990,kdr,male,77,1.9384
1990,kdr,male,78,1.7407
1990,kdr,male,79,1.5483
1990,kdr,male,80,1.3619
1990,kdr,male,81,1.1841
1990,kdr,male,82,1.0164
1990,kdr,male,83,0.86028
1990,kdr,male,84,0.71696
1990,kdr,male,85,0.58748
1990,kdr,female,0,1.4759
1990,kdr,female,1,1.489
1990,kdr,female,2,1.565
1990,kdr,female,3,1.6288
1990,kdr,female,4,1.6854
1990,kdr,female,5,1.763
1990,kdr,female,6,1.8126
1990,kdr,female,7,1.8864
1990,kdr,female,8,1.9357
1990,kdr,female,9,2.049
1990,kdr,female,10,2.0453
1990,kdr,female,11,2.1173
1990,kdr,female,12,2.1261
1990,kdr,female,13,2.1853
1990,kdr,female,14,2.2058
1990,kdr,female,15,2.1879
1990,kdr,female,16,2.1522
1990,kdr,female,17,2.1979
1990,kdr,female,18,2.214
1990,kdr,female,19,2.2161
1990,kdr,female,20,2.256
1990,kdr,female,21,2.2729
1990,kdr,female,22,2.2786
1990,kdr,female,23,2.3004
1990,kdr,female,24,2.4246
1990,kdr,female,25,2.4798
1990,kdr,female,26,2.5591
1990,kdr,female,27,2.6302
1990,kdr,female,28,2.7363
1990,kdr,female,29,2.8747
1990,kdr,female,30,3.0688
1990,kdr,female,31,3.1414
1990,kdr,female,32,3.3855
1990,kdr,female,33,3.4388
1990,kdr,female,34,3.5964
1990,kdr,female,35,3.6867
1990,kdr,female,36,3.8004
1990,kdr,female,37,3.8236
1990,kdr,female,38,3.7997
1990,kdr,female,39,3.7369
1990,kdr,female,40,3.6667
1990,kdr,female,41,3.428
1990,kdr,female,42,3.4206
1990,kdr,female,43,3.3663
1990,kdr,female,44,3.1755
1990,kdr,female,45,3.0889
1990,kdr,female,46,2.971
1990,kdr,female,47,2.9998
1990,kdr,female,48,2.965
1990,kdr,female,49,2.9758
1990,kdr,female,50,3.0158
1990,kdr,female,51,3.0791
1990,kdr,female,52,3.1364
1990,kdr,female,53,3.1292
1990,kdr,female,54,3.2874
1990,kdr,female,55,3.1973
1990,kdr,female,56,3.2669
1990,kdr,female,57,3.275
1990,kdr,female,58,4.5248
1990,kdr,female,59,4.4081
1990,kdr,female,60,4.3009
1990,kdr,female,61,4.345
1990,kdr,female,62,4.37
1990,kdr,female,63,4.376
1990,kdr,female,64,4.3637
1990,kdr,female,65,4.2631
1990,kdr,female,66,4.2311
1990,kdr,female,67,4.1844
1990,kdr,female,68,4.1233
1990,kdr,female,69,3.4853
1990,kdr,female,70,2.8882
1990,kdr,female,71,2.1132
1990,kdr,female,72,1.8357
1990,kdr,female,73,1.7925
1990,kdr,female,74,2.3396
1990,kdr,female,75,3.025
1990,kdr,female,76,2.8385
1990,kdr,female,77,2.649
1990,kdr,female,78,2.4576
1990,kdr,female,79,2.2656
1990,kdr,female,80,2.0742
1990,kdr,female,81,1.8845
1990,kdr,female,82,1.6978
1990,kdr,female,83,1.5154
1990,kdr,female,84,1.3389
1990,kdr,female,85,1.1697
1990,kdr,female,86,1.0095
1990,kdr,female,87,0.85964
1990,kdr,female,88,0.72438
1990,kdr,female,89,0.59814
1990,wym,male,5,0.55307
1990,wym,male,6,0.58865
1990,wym,male,7,0.63239
1990,wym,male,8,0.67359
1990,wym,male,9,0.73102
1990,wym,male,10,0.75102
1990,wym,male,11,0.78629
1990,wym,male,12,0.79803
1990,wym,male,13,0.81333
1990,wym,male,14,0.81766
1990,wym,male,15,0.79738
1990,wym,male,16,0.77788
1990,wym,male,17,0.78106
1990,wym,male,18,0.77778
1990,wym,male,19,0.7681
1990,wym,male,20,0.77355
1990,wym,male,21,0.78528
1990,wym,male,22,0.80281
1990,wym,male,23,0.8306
1990,wym,male,24,0.90376
1990,wym,male,25,0.96274
1990,wym,male,26,1.0424
1990,wym,male,27,1.1454
1990,wym,male,28,1.2819
1990,wym,male,29,1.4484
1990,wym,male,30,1.6534
1990,wym,male,31,1.8137
1990,wym,male,32,2.0908
1990,wym,male,33,2.2492
1990,wym,male,34,2.4493
1990,wym,male,35,2.5885
1990,wym,male,36,2.6781
1990,wym,male,37,2.6872
1990,wym,male,38,2.6466
1990,wym,male,39,2.5486
1990,wym,male,40,2.4286
1990,wym,male,41,2.1845
1990,wym,male,42,2.1085
1990,wym,male,43,2.0259
1990,wym,male,44,1.8586
1990,wym,male,45,1.7632
1990,wym,male,46,1.6508
1990,wym,male,47,1.6124
1990,wym,male,48,1.5606
1990,wym,male,49,1.5038
1990,wym,male,50,1.478
1990,wym,male,51,1.4835
1990,wym,male,52,1.4961
1990,wym,male,53,1.5009
1990,wym,male,54,1.5764
1990,wym,male,55,1.5429
1990,wym,male,56,1.6107
1990,wym,male,57,1.6208
1990,wym,male,58,6.6552
1990,wym,male,59,6.3566
1990,wym,male,60,6.0718
1990,wym,male,61,5.9076
1990,wym,male,62,5.7271
1990,wym,male,63,5.5321
1990,wym,male,64,5.3238
1990,wym,male,65,4.9532
1990,wym,male,66,4.8185
1990,wym,male,67,4.6734
1990,wym,male,68,4.5189
1990,wym,male,69,4.0075
1990,wym,male,70,3.2651
1990,wym,male,71,2.3802
1990,wym,male,72,2.0633
1990,wym,male,73,1.9146
1990,wym,male,74,2.4083
1990,wym,male,75,2.8695
1990,wym,male,76,2.6484
1990,wym,male,77,2.4262
1990,wym,male,78,2.2111
1990,wym,male,79,1.9989
1990,wym,male,80,1.7818
1990,wym,male,81,1.5702
1990,wym,male,82,1.3661
1990,wym,male,83,1.1718
1990,wym,male,84,0.98943
1990,wym,male,85,0.82124
1990,wym,male,86,0.66896
1990,wym,male,87,0.53383
1990,wym,female,5,0.53152
1990,wym,female,6,0.56607
1990,wym,female,7,0.60841
1990,wym,female,8,0.64847
1990,wym,female,9,0.70422
1990,wym,female,10,0.72397
1990,wym,female,11,0.75847
1990,wym,female,12,0.76999
1990,wym,female,13,0.78476
1990,wym,female,14,0.7892
1990,wym,female,15,0.77006
1990,wym,female,16,0.75148
1990,wym,female,17,0.75488
1990,wym,female,18,0.75207
1990,wym,female,19,0.74309
1990,wym,female,20,0.74934
1990,wym,female,21,0.76208
1990,wym,female,22,0.78055
1990,wym,female,23,0.80901
1990,wym,female,24,0.88181
1990,wym,female,25,0.94103
1990,wym,female,26,1.0209
1990,wym,female,27,1.1239
1990,wym,female,28,1.2604
1990,wym,female,29,1.4269
1990,wym,female,30,1.6318
1990,wym,female,31,1.7935
1990,wym,female,32,2.0719
1990,wym,female,33,2.2335
1990,wym,female,34,2.4371
1990,wym,female,35,2.5813
1990,wym,female,36,2.6765
1990,wym,female,37,2.692
1990,wym,female,38,2.6583
1990,wym,female,39,2.5669
1990,wym,female,40,2.4532
1990,wym,female,41,2.2133
1990,wym,female,42,2.1427
1990,wym,female,43,2.0649
1990,wym,female,44,1.9
1990,wym,female,45,1.8075
1990,wym,female,46,1.6969
1990,wym,female,47,1.6625
1990,wym,female,48,1.6143
1990,wym,female,49,1.5607
1990,wym,female,50,1.5395
1990,wym,female,51,1.5511
1990,wym,female,52,1.5707
1990,wym,female,53,1.5826
1990,wym,female,54,1.6697
1990,wym,female,55,1.6422
1990,wym,female,56,1.723
1990,wym,female,57,1.7437
1990,wym,female,58,7.1343
1990,wym,female,59,6.8589
1990,wym,female,60,6.5994
1990,wym,female,61,6.4724
1990,wym,female,62,6.3294
1990,wym,female,63,6.1717
1990,wym,female,64,6.0004
1990,wym,female,65,5.4591
1990,wym,female,66,5.3856
1990,wym,female,67,5.3064
1990,wym,female,68,5.2229
1990,wym,female,69,4.7254
1990,wym,female,70,3.9377
1990,wym,female,71,2.9444
1990,wym,female,72,2.6263
1990,wym,female,73,2.3651
1990,wym,female,74,3.0431
1990,wym,female,75,3.7173
1990,wym,female,76,3.526
1990,wym,female,77,3.3287
1990,wym,female,78,3.1263
1990,wym,female,79,2.9195
1990,wym,female,80,2.7085
1990,wym,female,81,2.494
1990,wym,female,82,2.2772
1990,wym,female,83,2.0597
1990,wym,female,84,1.8436
1990,wym,female,85,1.6314
1990,wym,female,86,1.4257
1990,wym,female,87,1.229
1990,wym,female,88,1.0795
1990,wym,female,89,0.90103
1990,wym,female,90,0.73885
1990,wym,female,91,0.59426
1990,oth,male,0,211.64
1990,oth,male,1,212.78
1990,oth,male,2,223.85
1990,oth,male,3,232.07
1990,oth,male,4,238.95
1990,oth,male,5,250.06
1990,oth,male,6,254.57
1990,oth,male,7,263.26
1990,oth,male,8,270.12
1990,oth,male,9,283.17
1990,oth,male,10,282.86
1990,oth,male,11,291.69
1990,oth,male,12,293.76
1990,oth,male,13,299.91
1990,oth,male,14,302.51
1990,oth,male,15,299.76
1990,oth,male,16,297.08
1990,oth,male,17,304.15
1990,oth,male,18,307.24
1990,oth,male,19,307.85
1990,oth,male,20,312.77
1990,oth,male,21,316.67
1990,oth,male,22,320.92
1990,oth,male,23,324.12
1990,oth,male,24,341.61
1990,oth,male,25,348.8
1990,oth,male,26,357.9
1990,oth,male,27,367.11
1990,oth,male,28,380.28
1990,oth,male,29,396.98
1990,oth,male,30,416.83
1990,oth,male,31,423.74
1990,oth,male,32,450.35
1990,oth,male,33,450.3
1990,oth,male,34,463.37
1990,oth,male,35,467.71
1990,oth,male,36,474.74
1990,oth,male,37,474.99
1990,oth,male,38,472.08
1990,oth,male,39,466.74
1990,oth,male,40,461.49
1990,oth,male,41,435.88
1990,oth,male,42,436.49
1990,oth,male,43,432.47
1990,oth,male,44,411.91
1990,oth,male,45,403.2
1990,oth,male,46,390.02
1990,oth,male,47,393.25
1990,oth,male,48,388.13
1990,oth,male,49,387.17
1990,oth,male,50,388.75
1990,oth,male,51,392.38
1990,oth,male,52,394.84
1990,oth,male,53,389.86
1990,oth,male,54,403.52
1990,oth,male,55,389.14
1990,oth,male,56,393.05
1990,oth,male,57,390.04
1990,oth,male,58,499.06
1990,oth,male,59,480.73
1990,oth,male,60,463.34
1990,oth,male,61,459.53
1990,oth,male,62,453.86
1990,oth,male,63,446.33
1990,oth,male,64,436.99
1990,oth,male,65,424.62
1990,oth,male,66,415.75
1990,oth,male,67,405.49
1990,oth,male,68,393.97
1990,oth,male,69,335.64
1990,oth,male,70,276.65
1990,oth,male,71,201.56
1990,oth,male,72,174.16
1990,oth,male,73,165.52
1990,oth,male,74,206.72
1990,oth,male,75,255.04
1990,oth,male,76,233.21
1990,oth,male,77,211.61
1990,oth,male,78,192.83
1990,oth,male,79,174.88
1990,oth,male,80,154.35
1990,oth,male,81,134.72
1990,oth,male,82,116.16
1990,oth,male,83,98.816
1990,oth,male,84,82.834
1990,oth,male,85,68.33
1990,oth,male,86,55.388
1990,oth,male,87,44.05
1990,oth,male,88,34.882
1990,oth,male,89,26.562
1990,oth,male,90,18.237
1990,oth,male,91,13.222
1990,oth,male,92,9.3326
1990,oth,male,93,6.4084
1990,oth,male,94,4.2834
1990,oth,male,95,2.7944
1990,oth,male,96,1.791
1990,oth,male,97,1.142
1990,oth,male,98,0.73934
1990,oth,male,100,0.70958
1990,oth,female,0,200.56
1990,oth,female,1,202.9
1990,oth,female,2,213.91
1990,oth,female,3,222.06
1990,oth,female,4,228.92
1990,oth,female,5,239.76
1990,oth,female,6,244.15
1990,oth,female,7,252.52
1990,oth,female,8,259.26
1990,oth,female,9,271.97
1990,oth,female,10,271.84
1990,oth,female,11,280.52
1990,oth,female,12,282.58
1990,oth,female,13,288.5
1990,oth,female,14,291.08
1990,oth,female,15,288.54
1990,oth,female,16,285.97
1990,oth,female,17,292.82
1990,oth,female,18,295.75
1990,oth,female,19,296.37
1990,oth,female,20,301.27
1990,oth,female,21,305.19
1990,oth,female,22,309.39
1990,oth,female,23,312.53
1990,oth,female,24,329.54
1990,oth,female,25,336.56
1990,oth,female,26,345.47
1990,oth,female,27,354.51
1990,oth,female,28,367.5
1990,oth,female,29,384.03
1990,oth,female,30,403.71
1990,oth,female,31,410.89
1990,oth,female,32,437.57
1990,oth,female,33,438.15
1990,oth,female,34,451.61
1990,oth,female,35,456.53
1990,oth,female,36,464.02
1990,oth,female,37,464.77
1990,oth,female,38,462.35
1990,oth,female,39,457.49
1990,oth,female,40,452.75
1990,oth,female,41,427.78
1990,oth,female,42,428.91
1990,oth,female,43,425.51
1990,oth,female,44,405.66
1990,oth,female,45,397.66
1990,oth,female,46,385.19
1990,oth,female,47,389.35
1990,oth,female,48,385.23
1990,oth,female,49,385.38
1990,oth,female,50,388.24
1990,oth,female,51,393.33
1990,oth,female,52,397.34
1990,oth,female,53,393.88
1990,oth,female,54,409.7
1990,oth,female,55,396.79
1990,oth,female,56,402.86
1990,oth,female,57,401.99
1990,oth,female,58,517.48
1990,oth,female,59,501.52
1990,oth,female,60,486.64
1990,oth,female,61,486.27
1990,oth,female,62,484.16
1990,oth,female,63,480.33
1990,oth,female,64,474.79
1990,oth,female,65,462.99
1990,oth,female,66,459.36
1990,oth,female,67,454.7
1990,oth,female,68,449.12
1990,oth,female,69,389.37
1990,oth,female,70,327.2
1990,oth,female,71,243.32
1990,oth,female,72,215.46
1990,oth,female,73,206.12
1990,oth,female,74,264.05
1990,oth,female,75,334.61
1990,oth,female,76,314.37
1990,oth,female,77,293.84
1990,oth,female,78,273.13
1990,oth,female,79,252.36
1990,oth,female,80,231.62
1990,oth,female,81,211.04
1990,oth,female,82,190.74
1990,oth,female,83,170.87
1990,oth,female,84,151.57
1990,oth,female,85,133.03
1990,oth,female,86,115.4
1990,oth,female,87,98.839
1990,oth,female,88,84.866
1990,oth,female,89,70.578
1990,oth,female,90,57.733
1990,oth,female,91,46.381
1990,oth,female,92,36.538
1990,oth,female,93,28.178
1990,oth,female,94,21.236
1990,oth,female,95,15.613
1990,oth,female,96,11.181
1990,oth,female,97,7.7888
1990,oth,female,98,5.2749
1990,oth,female,99,3.4759
1990,oth,female,100,5.5803
2000,pl,male,0,2.0754e+05
2000,pl,male,1,2.0786e+05
2000,pl,male,2,2.0615e+05
2000,pl,male,3,2.1004e+05
2000,pl,male,4,2.1143e+05
2000,pl,male,5,2.1639e+05
2000,pl,male,6,2.1756e+05
2000,pl,male,7,2.1604e+05
2000,pl,male,8,2.2526e+05
2000,pl,male,9,2.2375e+05
2000,pl,male,10,2.2706e+05
2000,pl,male,11,2.2685e+05
2000,pl,male,12,2.3522e+05
2000,pl,male,13,2.3873e+05
2000,pl,male,14,2.3984e+05
2000,pl,male,15,2.4529e+05
2000,pl,male,16,2.4448e+05
2000,pl,male,17,2.4714e+05
2000,pl,male,18,2.4667e+05
2000,pl,male,19,2.5229e+05
2000,pl,male,20,2.4623e+05
2000,pl,male,21,2.4815e+05
2000,pl,male,22,2.4411e+05
2000,pl,male,23,2.4367e+05
2000,pl,male,24,2.4031e+05
2000,pl,male,25,2.3454e+05
2000,pl,male,26,2.2862e+05
2000,pl,male,27,2.3063e+05
2000,pl,male,28,2.3046e+05
2000,pl,male,29,2.2743e+05
2000,pl,male,30,2.2793e+05
2000,pl,male,31,2.2779e+05
2000,pl,male,32,2.2773e+05
2000,pl,male,33,2.2638e+05
2000,pl,male,34,2.3514e+05
2000,pl,male,35,2.3639e+05
2000,pl,male,36,2.3814e+05
2000,pl,male,37,2.3994e+05
2000,pl,male,38,2.4323e+05
2000,pl,male,39,2.4892e+05
2000,pl,male,40,2.5569e+05
2000,pl,male,41,2.5376e+05
2000,pl,male,42,2.6395e+05
2000,pl,male,43,2.5706e+05
2000,pl,male,44,2.5883e+05
2000,pl,male,45,2.5543e+05
2000,pl,male,46,2.5439e+05
2000,pl,male,47,2.4994e+05
2000,pl,male,48,2.4435e+05
2000,pl,male,49,2.3793e+05
2000,pl,male,50,2.3208e+05
2000,pl,male,51,2.1556e+05
2000,pl,male,52,2.1349e+05
2000,pl,male,53,2.0872e+05
2000,pl,male,54,1.9559e+05
2000,pl,male,55,1.8923e+05
2000,pl,male,56,1.8107e+05
2000,pl,male,57,1.8136e+05
2000,pl,male,58,1.7731e+05
2000,pl,male,59,1.7589e+05
2000,pl,male,60,1.7564e+05
2000,pl,male,61,1.7604e+05
2000,pl,male,62,1.7571e+05
2000,pl,male,63,1.7152e+05
2000,pl,male,64,1.7607e+05
2000,pl,male,65,1.6718e+05
2000,pl,male,66,1.6652e+05
2000,pl,male,67,1.6254e+05
2000,pl,male,68,1.4887e+05
2000,pl,male,69,1.4106e+05
2000,pl,male,70,1.3345e+05
2000,pl,male,71,1.291e+05
2000,pl,male,72,1.2413e+05
2000,pl,male,73,1.1858e+05
2000,pl,male,74,1.1252e+05
2000,pl,male,75,1.0619e+05
2000,pl,male,76,99258
2000,pl,male,77,92040
2000,pl,male,78,84625
2000,pl,male,79,68450
2000,pl,male,80,52699
2000,pl,male,81,35113
2000,pl,male,82,27986
2000,pl,male,83,25169
2000,pl,male,84,28993
2000,pl,male,85,32545
2000,pl,male,86,26757
2000,pl,male,87,21601
2000,pl,male,88,17060
2000,pl,male,89,13176
2000,pl,male,90,9970.8
2000,pl,male,91,7353.6
2000,pl,male,92,5272.4
2000,pl,male,93,3665.1
2000,pl,male,94,2463
2000,pl,male,95,1595.1
2000,pl,male,96,992.15
2000,pl,male,97,590.59
2000,pl,male,98,333.62
2000,pl,male,99,179.77
2000,pl,male,100,164.01
2000,pl,female,0,1.9644e+05
2000,pl,female,1,1.9767e+05
2000,pl,female,2,1.964e+05
2000,pl,female,3,2.003e+05
2000,pl,female,4,2.0177e+05
2000,pl,female,5,2.0661e+05
2000,pl,female,6,2.0784e+05
2000,pl,female,7,2.0653e+05
2000,pl,female,8,2.1556e+05
2000,pl,female,9,2.1434e+05
2000,pl,female,10,2.1775e+05
2000,pl,female,11,2.1775e+05
2000,pl,female,12,2.2599e+05
2000,pl,female,13,2.2963e+05
2000,pl,female,14,2.3101e+05
2000,pl,female,15,2.3651e+05
2000,pl,female,16,2.3589e+05
2000,pl,female,17,2.3857e+05
2000,pl,female,18,2.3827e+05
2000,pl,female,19,2.4386e+05
2000,pl,female,20,2.3815e+05
2000,pl,female,21,2.4016e+05
2000,pl,female,22,2.3631e+05
2000,pl,female,23,2.359e+05
2000,pl,female,24,2.3274e+05
2000,pl,female,25,2.2729e+05
2000,pl,female,26,2.2165e+05
2000,pl,female,27,2.2369e+05
2000,pl,female,28,2.2362e+05
2000,pl,female,29,2.2079e+05
2000,pl,female,30,2.2144e+05
2000,pl,female,31,2.2149e+05
2000,pl,female,32,2.2164e+05
2000,pl,female,33,2.205e+05
2000,pl,female,34,2.2922e+05
2000,pl,female,35,2.3064e+05
2000,pl,female,36,2.3258e+05
2000,pl,female,37,2.3459e+05
2000,pl,female,38,2.3808e+05
2000,pl,female,39,2.4392e+05
2000,pl,female,40,2.5081e+05
2000,pl,female,41,2.4922e+05
2000,pl,female,42,2.5961e+05
2000,pl,female,43,2.532e+05
2000,pl,female,44,2.5532e+05
2000,pl,female,45,2.5239e+05
2000,pl,female,46,2.5179e+05
2000,pl,female,47,2.4785e+05
2000,pl,female,48,2.4282e+05
2000,pl,female,49,2.37e+05
2000,pl,female,50,2.3177e+05
2000,pl,female,51,2.1588e+05
2000,pl,female,52,2.1444e+05
2000,pl,female,53,2.1031e+05
2000,pl,female,54,1.9774e+05
2000,pl,female,55,1.9197e+05
2000,pl,female,56,1.8433e+05
2000,pl,female,57,1.8537e+05
2000,pl,female,58,1.8205e+05
2000,pl,female,59,1.8147e+05
2000,pl,female,60,1.8221e+05
2000,pl,female,61,1.8373e+05
2000,pl,female,62,1.846e+05
2000,pl,female,63,1.815e+05
2000,pl,female,64,1.878e+05
2000,pl,female,65,1.7987e+05
2000,pl,female,66,1.8086e+05
2000,pl,female,67,1.7841e+05
2000,pl,female,68,1.6533e+05
2000,pl,female,69,1.587e+05
2000,pl,female,70,1.5231e+05
2000,pl,female,71,1.4966e+05
2000,pl,female,72,1.4639e+05
2000,pl,female,73,1.4251e+05
2000,pl,female,74,1.3805e+05
2000,pl,female,75,1.3347e+05
2000,pl,female,76,1.2787e+05
2000,pl,female,77,1.2182e+05
2000,pl,female,78,1.1538e+05
2000,pl,female,79,96403
2000,pl,female,80,76916
2000,pl,female,81,53314
2000,pl,female,82,44369
2000,pl,female,83,42006
2000,pl,female,84,51056
2000,pl,female,85,60790
2000,pl,female,86,53314
2000,pl,female,87,46209
2000,pl,female,88,39543
2000,pl,female,89,33374
2000,pl,female,90,27745
2000,pl,female,91,22687
2000,pl,female,92,18217
2000,pl,female,93,14338
2000,pl,female,94,11041
2000,pl,female,95,8300.9
2000,pl,female,96,6079.6
2000,pl,female,97,4327.3
2000,pl,female,98,2973.1
2000,pl,female,99,1982.4
2000,pl,female,100,3377.4
2000,uk,male,0,57962
2000,uk,male,1,57959
2000,uk,male,2,57243
2000,uk,male,3,58428
2000,uk,male,4,58571
2000,uk,male,5,60023
2000,uk,male,6,60860
2000,uk,male,7,60312
2000,uk,male,8,62539
2000,uk,male,9,62105
2000,uk,male,10,62601
2000,uk,male,11,62395
2000,uk,male,12,64293
2000,uk,male,13,65018
2000,uk,male,14,64577
2000,uk,male,15,65418
2000,uk,male,16,64827
2000,uk,male,17,64516
2000,uk,male,18,63603
2000,uk,male,19,64550
2000,uk,male,20,62407
2000,uk,male,21,62289
2000,uk,male,22,60736
2000,uk,male,23,59981
2000,uk,male,24,58754
2000,uk,male,25,57071
2000,uk,male,26,55454
2000,uk,male,27,55743
2000,uk,male,28,55478
2000,uk,male,29,54684
2000,uk,male,30,54682
2000,uk,male,31,54569
2000,uk,male,32,54342
2000,uk,male,33,53666
2000,uk,male,34,55589
2000,uk,male,35,55595
2000,uk,male,36,55703
2000,uk,male,37,55769
2000,uk,male,38,56165
2000,uk,male,39,56906
2000,uk,male,40,58032
2000,uk,male,41,57060
2000,uk,male,42,58826
2000,uk,male,43,56805
2000,uk,male,44,56749
2000,uk,male,45,55505
2000,uk,male,46,54792
2000,uk,male,47,53317
2000,uk,male,48,51599
2000,uk,male,49,49711
2000,uk,male,50,48059
2000,uk,male,51,44238
2000,uk,male,52,43528
2000,uk,male,53,42352
2000,uk,male,54,39552
2000,uk,male,55,38178
2000,uk,male,56,36439
2000,uk,male,57,36441
2000,uk,male,58,35522
2000,uk,male,59,35066
2000,uk,male,60,34782
2000,uk,male,61,34573
2000,uk,male,62,34216
2000,uk,male,63,33137
2000,uk,male,64,33752
2000,uk,male,65,31831
2000,uk,male,66,31539
2000,uk,male,67,30636
2000,uk,male,68,29368
2000,uk,male,69,27693
2000,uk,male,70,26072
2000,uk,male,71,24751
2000,uk,male,72,23381
2000,uk,male,73,21966
2000,uk,male,74,20513
2000,uk,male,75,19028
2000,uk,male,76,17545
2000,uk,male,77,16060
2000,uk,male,78,14585
2000,uk,male,79,11743
2000,uk,male,80,8880.6
2000,uk,male,81,5972.4
2000,uk,male,82,4731
2000,uk,male,83,4241.6
2000,uk,male,84,4855.4
2000,uk,male,85,5310.8
2000,uk,male,86,4330
2000,uk,male,87,3463
2000,uk,male,88,2717.7
2000,uk,male,89,2085.9
2000,uk,male,90,1556.4
2000,uk,male,91,1129.8
2000,uk,male,92,795.64
2000,uk,male,93,542.08
2000,uk,male,94,356.2
2000,uk,male,95,224.99
2000,uk,male,96,136.11
2000,uk,male,97,78.578
2000,uk,male,98,43.158
2000,uk,male,99,22.445
2000,uk,male,100,18.955
2000,uk,female,0,54890
2000,uk,female,1,55178
2000,uk,female,2,54610
2000,uk,female,3,55804
2000,uk,female,4,55983
2000,uk,female,5,57402
2000,uk,female,6,58235
2000,uk,female,7,57758
2000,uk,female,8,59955
2000,uk,female,9,59604
2000,uk,female,10,60145
2000,uk,female,11,60007
2000,uk,female,12,61897
2000,uk,female,13,62674
2000,uk,female,14,62332
2000,uk,female,15,63216
2000,uk,female,16,62689
2000,uk,female,17,62416
2000,uk,female,18,61572
2000,uk,female,19,62530
2000,uk,female,20,60494
2000,uk,female,21,60425
2000,uk,female,22,58942
2000,uk,female,23,58220
2000,uk,female,24,57059
2000,uk,female,25,55468
2000,uk,female,26,53927
2000,uk,female,27,54243
2000,uk,female,28,54019
2000,uk,female,29,53283
2000,uk,female,30,53334
2000,uk,female,31,53280
2000,uk,female,32,53116
2000,uk,female,33,52508
2000,uk,female,34,54446
2000,uk,female,35,54506
2000,uk,female,36,54675
2000,uk,female,37,54807
2000,uk,female,38,55269
2000,uk,female,39,56073
2000,uk,female,40,57253
2000,uk,female,41,56375
2000,uk,female,42,58222
2000,uk,female,43,56318
2000,uk,female,44,56359
2000,uk,female,45,55232
2000,uk,female,46,54635
2000,uk,female,47,53281
2000,uk,female,48,51693
2000,uk,female,49,49941
2000,uk,female,50,48428
2000,uk,female,51,44724
2000,uk,female,52,44155
2000,uk,female,53,43116
2000,uk,female,54,40419
2000,uk,female,55,39160
2000,uk,female,56,37520
2000,uk,female,57,37685
2000,uk,female,58,36914
2000,uk,female,59,36633
2000,uk,female,60,36549
2000,uk,female,61,36565
2000,uk,female,62,36442
2000,uk,female,63,35561
2000,uk,female,64,36528
2000,uk,female,65,34764
2000,uk,female,66,34788
2000,uk,female,67,34166
2000,uk,female,68,33149
2000,uk,female,69,31683
2000,uk,female,70,30277
2000,uk,female,71,29219
2000,uk,female,72,28102
2000,uk,female,73,26928
2000,uk,female,74,25700
2000,uk,female,75,24406
2000,uk,female,76,23108
2000,uk,female,77,21777
2000,uk,female,78,20420
2000,uk,female,79,17025
2000,uk,female,80,13382
2000,uk,female,81,9389.6
2000,uk,female,82,7793
2000,uk,female,83,7342.7
2000,uk,female,84,8885.5
2000,uk,female,85,10332
2000,uk,female,86,9006.9
2000,uk,female,87,7753.5
2000,uk,female,88,6583.1
2000,uk,female,89,5506.3
2000,uk,female,90,4530.7
2000,uk,female,91,3661.7
2000,uk,female,92,2901.6
2000,uk,female,93,2250.2
2000,uk,female,94,1704.2
2000,uk,female,95,1257.7
2000,uk,female,96,902.21
2000,uk,female,97,627.47
2000,uk,female,98,422.15
2000,uk,female,99,273.5
2000,uk,female,100,426.31
2000,be,male,0,10050
2000,be,male,1,10147
2000,be,male,2,10151
2000,be,male,3,10455
2000,be,male,4,10640
2000,be,male,5,11005
2000,be,male,6,11186
2000,be,male,7,11212
2000,be,male,8,11783
2000,be,male,9,11845
2000,be,male,10,12063
2000,be,male,11,12091
2000,be,male,12,12556
2000,be,male,13,12770
2000,be,male,14,12818
2000,be,male,15,13027
2000,be,male,16,12943
2000,be,male,17,12945
2000,be,male,18,12866
2000,be,male,19,13088
2000,be,male,20,12661
2000,be,male,21,12655
2000,be,male,22,12378
2000,be,male,23,12287
2000,be,male,24,12059
2000,be,male,25,11734
2000,be,male,26,11448
2000,be,male,27,11544
2000,be,male,28,11503
2000,be,male,29,11406
2000,be,male,30,11446
2000,be,male,31,11488
2000,be,male,32,11497
2000,be,male,33,11430
2000,be,male,34,11869
2000,be,male,35,11922
2000,be,male,36,12010
2000,be,male,37,12032
2000,be,male,38,12130
2000,be,male,39,12309
2000,be,male,40,12582
2000,be,male,41,12386
2000,be,male,42,12769
2000,be,male,43,12334
2000,be,male,44,12290
2000,be,male,45,11989
2000,be,male,46,11782
2000,be,male,47,11406
2000,be,male,48,10978
2000,be,male,49,10526
2000,be,male,50,10120
2000,be,male,51,9268.1
2000,be,male,52,9083.9
2000,be,male,53,8815.4
2000,be,male,54,8224.6
2000,be,male,55,7936.7
2000,be,male,56,7574.4
2000,be,male,57,7573.1
2000,be,male,58,7384.7
2000,be,male,59,7284.8
2000,be,male,60,7213
2000,be,male,61,7150.2
2000,be,male,62,7049.3
2000,be,male,63,6800.4
2000,be,male,64,6902.6
2000,be,male,65,6513.4
2000,be,male,66,6457.8
2000,be,male,67,6272.7
2000,be,male,68,6468
2000,be,male,69,6087
2000,be,male,70,5719.1
2000,be,male,71,5374.8
2000,be,male,72,5028.8
2000,be,male,73,4681.6
2000,be,male,74,4334.5
2000,be,male,75,3979.6
2000,be,male,76,3650.7
2000,be,male,77,3327.5
2000,be,male,78,3011.8
2000,be,male,79,2299.4
2000,be,male,80,1734.6
2000,be,male,81,1166.1
2000,be,male,82,923.32
2000,be,male,83,814.57
2000,be,male,84,949.91
2000,be,male,85,1093.9
2000,be,male,86,891.34
2000,be,male,87,712.56
2000,be,male,88,567.27
2000,be,male,89,443.88
2000,be,male,90,331.01
2000,be,male,91,240.07
2000,be,male,92,168.88
2000,be,male,93,114.9
2000,be,male,94,75.362
2000,be,male,95,47.488
2000,be,male,96,28.641
2000,be,male,97,16.465
2000,be,male,98,9.0296
2000,be,male,99,4.6509
2000,be,male,100,3.8323
2000,be,female,0,9518
2000,be,female,1,9661.3
2000,be,female,2,9684.7
2000,be,female,3,9986
2000,be,female,4,10170
2000,be,female,5,10526
2000,be,female,6,10704
2000,be,female,7,10738
2000,be,female,8,11297
2000,be,female,9,11368
2000,be,female,10,11591
2000,be,female,11,11629
2000,be,female,12,12089
2000,be,female,13,12312
2000,be,female,14,12376
2000,be,female,15,12592
2000,be,female,16,12520
2000,be,female,17,12528
2000,be,female,18,12461
2000,be,female,19,12685
2000,be,female,20,12280
2000,be,female,21,12285
2000,be,female,22,12023
2000,be,female,23,11940
2000,be,female,24,11727
2000,be,female,25,11423
2000,be,female,26,11155
2000,be,female,27,11258
2000,be,female,28,11228
2000,be,female,29,11145
2000,be,female,30,11198
2000,be,female,31,11253
2000,be,female,32,11277
2000,be,female,33,11226
2000,be,female,34,11672
2000,be,female,35,11739
2000,be,female,36,11843
2000,be,female,37,11882
2000,be,female,38,11998
2000,be,female,39,12195
2000,be,female,40,12483
2000,be,female,41,12309
2000,be,female,42,12714
2000,be,female,43,12305
2000,be,female,44,12286
2000,be,female,45,12011
2000,be,female,46,11831
2000,be,female,47,11481
2000,be,female,48,11081
2000,be,female,49,10657
2000,be,female,50,10280
2000,be,female,51,9448.1
2000,be,female,52,9294.3
2000,be,female,53,9054.2
2000,be,female,54,8481.5
2000,be,female,55,8217.2
2000,be,female,56,7874.7
2000,be,female,57,7910.2
2000,be,female,58,7753.2
2000,be,female,59,7690.7
2000,be,female,60,7662
2000,be,female,61,7647.4
2000,be,female,62,7595.4
2000,be,female,63,7386
2000,be,female,64,7563.1
2000,be,female,65,7202.8
2000,be,female,66,7213.2
2000,be,female,67,7085.4
2000,be,female,68,7390.1
2000,be,female,69,7051
2000,be,female,70,6726.3
2000,be,female,71,6428.1
2000,be,female,72,6125.7
2000,be,female,73,5818.9
2000,be,female,74,5508.1
2000,be,female,75,5171.6
2000,be,female,76,4883.4
2000,be,female,77,4595.5
2000,be,female,78,4308.6
2000,be,female,79,3419.8
2000,be,female,80,2692.7
2000,be,female,81,1897.7
2000,be,female,82,1582.7
2000,be,female,83,1461.4
2000,be,female,84,1801.9
2000,be,female,85,2205.8
2000,be,female,86,1922.3
2000,be,female,87,1654.4
2000,be,female,88,1404.5
2000,be,female,89,1174.6
2000,be,female,90,966.21
2000,be,female,91,780.56
2000,be,female,92,618.17
2000,be,female,93,479
2000,be,female,94,362.4
2000,be,female,95,267.1
2000,be,female,96,191.3
2000,be,female,97,132.79
2000,be,female,98,89.528
2000,be,female,99,57.833
2000,be,female,100,89.396
2000,pls,male,0,7564.8
2000,pls,male,1,7719.6
2000,pls,male,2,7788
2000,pls,male,3,8100.1
2000,pls,male,4,8310.8
2000,pls,male,5,8635.9
2000,pls,male,6,8843.5
2000,pls,male,7,8899.6
2000,pls,male,8,9363.3
2000,pls,male,9,9414.1
2000,pls,male,10,9611.1
2000,pls,male,11,9619.5
2000,pls,male,12,9963.3
2000,pls,male,13,10067
2000,pls,male,14,10056
2000,pls,male,15,10113
2000,pls,male,16,9975.1
2000,pls,male,17,9900.5
2000,pls,male,18,9781.5
2000,pls,male,19,9868.6
2000,pls,male,20,9490.8
2000,pls,male,21,9468.4
2000,pls,male,22,9238
2000,pls,male,23,9172.9
2000,pls,male,24,9047.8
2000,pls,male,25,8831.3
2000,pls,male,26,8640.3
2000,pls,male,27,8756.3
2000,pls,male,28,8784.9
2000,pls,male,29,8775.5
2000,pls,male,30,8831.9
2000,pls,male,31,8909.1
2000,pls,male,32,8897.8
2000,pls,male,33,8859
2000,pls,male,34,9161.7
2000,pls,male,35,9154.3
2000,pls,male,36,9141.6
2000,pls,male,37,9127.3
2000,pls,male,38,9127.3
2000,pls,male,39,9189
2000,pls,male,40,9308.4
2000,pls,male,41,9080.3
2000,pls,male,42,9277.9
2000,pls,male,43,8894.3
2000,pls,male,44,8804.6
2000,pls,male,45,8545.2
2000,pls,male,46,8346.5
2000,pls,male,47,8043.6
2000,pls,male,48,7723.6
2000,pls,male,49,7401.7
2000,pls,male,50,7119.2
2000,pls,male,51,6527.5
2000,pls,male,52,6410.3
2000,pls,male,53,6235.8
2000,pls,male,54,5839.4
2000,pls,male,55,5655.7
2000,pls,male,56,5412.4
2000,pls,male,57,5418.7
2000,pls,male,58,5277
2000,pls,male,59,5180.3
2000,pls,male,60,5093.9
2000,pls,male,61,5014.6
2000,pls,male,62,4908.8
2000,pls,male,63,4705.1
2000,pls,male,64,4749.6
2000,pls,male,65,4477.9
2000,pls,male,66,4437
2000,pls,male,67,4310.3
2000,pls,male,68,4497
2000,pls,male,69,4218.5
2000,pls,male,70,3953
2000,pls,male,71,3672.8
2000,pls,male,72,3398.8
2000,pls,male,73,3131.2
2000,pls,male,74,2870.1
2000,pls,male,75,2615.2
2000,pls,male,76,2386
2000,pls,male,77,2164.7
2000,pls,male,78,1951.5
2000,pls,male,79,1485
2000,pls,male,80,1117.2
2000,pls,male,81,753.76
2000,pls,male,82,598.9
2000,pls,male,83,525.65
2000,pls,male,84,609.95
2000,pls,male,85,698.8
2000,pls,male,86,566.44
2000,pls,male,87,450.39
2000,pls,male,88,364.83
2000,pls,male,89,292.23
2000,pls,male,90,216.42
2000,pls,male,91,155.79
2000,pls,male,92,108.72
2000,pls,male,93,73.331
2000,pls,male,94,47.65
2000,pls,male,95,29.725
2000,pls,male,96,17.734
2000,pls,male,97,10.076
2000,pls,male,98,5.4556
2000,pls,male,99,2.7717
2000,pls,male,100,2.2217
2000,pls,female,0,7167
2000,pls,female,1,7356.7
2000,pls,female,2,7438.3
2000,pls,female,3,7745.3
2000,pls,female,4,7953.4
2000,pls,female,5,8268.9
2000,pls,female,6,8472.5
2000,pls,female,7,8533.3
2000,pls,female,8,8987.6
2000,pls,female,9,9046.5
2000,pls,female,10,9245.9
2000,pls,female,11,9262.9
2000,pls,female,12,9603.5
2000,pls,female,13,9715.6
2000,pls,female,14,9719.6
2000,pls,female,15,9786.9
2000,pls,female,16,9659.9
2000,pls,female,17,9591.5
2000,pls,female,18,9482.8
2000,pls,female,19,9575
2000,pls,female,20,9218
2000,pls,female,21,9207.5
2000,pls,female,22,8991.2
2000,pls,female,23,8934
2000,pls,female,24,8821.4
2000,pls,female,25,8621.9
2000,pls,female,26,8445.1
2000,pls,female,27,8569.1
2000,pls,female,28,8608.4
2000,pls,female,29,8612
2000,pls,female,30,8682.2
2000,pls,female,31,8772.4
2000,pls,female,32,8775.9
2000,pls,female,33,8751.9
2000,pls,female,34,9065.9
2000,pls,female,35,9073.5
2000,pls,female,36,9076.9
2000,pls,female,37,9079.8
2000,pls,female,38,9097.9
2000,pls,female,39,9177.6
2000,pls,female,40,9313.8
2000,pls,female,41,9104.6
2000,pls,female,42,9325.9
2000,pls,female,43,8962.2
2000,pls,female,44,8892.9
2000,pls,female,45,8653.6
2000,pls,female,46,8475.9
2000,pls,female,47,8192.8
2000,pls,female,48,7893
2000,pls,female,49,7591.7
2000,pls,female,50,7330.6
2000,pls,female,51,6749.7
2000,pls,female,52,6657.6
2000,pls,female,53,6505.8
2000,pls,female,54,6121
2000,pls,female,55,5955.8
2000,pls,female,56,5726.5
2000,pls,female,57,5763
2000,pls,female,58,5644.9
2000,pls,female,59,5576.4
2000,pls,female,60,5521.9
2000,pls,female,61,5477.7
2000,pls,female,62,5406.3
2000,pls,female,63,5227.9
2000,pls,female,64,5328.3
2000,pls,female,65,5072.4
2000,pls,female,66,5079.4
2000,pls,female,67,4993.3
2000,pls,female,68,5270.8
2000,pls,female,69,5016.8
2000,pls,female,70,4776.9
2000,pls,female,71,4517
2000,pls,female,72,4261.5
2000,pls,female,73,4010
2000,pls,female,74,3762.2
2000,pls,female,75,3515.4
2000,pls,female,76,3314.8
2000,pls,female,77,3118.5
2000,pls,female,78,2925.9
2000,pls,female,79,2326.2
2000,pls,female,80,1836.3
2000,pls,female,81,1305.8
2000,pls,female,82,1098.8
2000,pls,female,83,1010.3
2000,pls,female,84,1240.4
2000,pls,female,85,1511.7
2000,pls,female,86,1311.5
2000,pls,female,87,1123.5
2000,pls,female,88,949.09
2000,pls,female,89,789.6
2000,pls,female,90,645.94
2000,pls,female,91,518.73
2000,pls,female,92,408.18
2000,pls,female,93,314.11
2000,pls,female,94,235.89
2000,pls,female,95,172.47
2000,pls,female,96,122.46
2000,pls,female,97,84.218
2000,pls,female,98,56.205
2000,pls,female,99,35.912
2000,pls,female,100,53.901
2000,yi,male,0,12751
2000,yi,male,1,12672
2000,yi,male,2,12424
2000,yi,male,3,12532
2000,yi,male,4,12496
2000,yi,male,5,12688
2000,yi,male,6,12680
2000,yi,male,7,12515
2000,yi,male,8,12946
2000,yi,male,9,12841
2000,yi,male,10,12948
2000,yi,male,11,12906
2000,yi,male,12,13331
2000,yi,male,13,13493
2000,yi,male,14,13526
2000,yi,male,15,13756
2000,yi,male,16,13679
2000,yi,male,17,13716
2000,yi,male,18,13639
2000,yi,male,19,13933
2000,yi,male,20,13526
2000,yi,male,21,13572
2000,yi,male,22,13281
2000,yi,male,23,13143
2000,yi,male,24,12860
2000,yi,male,25,12420
2000,yi,male,26,12000
2000,yi,male,27,11982
2000,yi,male,28,11812
2000,yi,male,29,11551
2000,yi,male,30,11471
2000,yi,male,31,11381
2000,yi,male,32,11280
2000,yi,male,33,11130
2000,yi,male,34,11525
2000,yi,male,35,11547
2000,yi,male,36,11627
2000,yi,male,37,11702
2000,yi,male,38,11905
2000,yi,male,39,12227
2000,yi,male,40,12663
2000,yi,male,41,12660
2000,yi,male,42,13297
2000,yi,male,43,13127
2000,yi,male,44,13376
2000,yi,male,45,13364
2000,yi,male,46,13428
2000,yi,male,47,13260
2000,yi,male,48,12990
2000,yi,male,49,12633
2000,yi,male,50,12286
2000,yi,male,51,11345
2000,yi,male,52,11159
2000,yi,male,53,10837
2000,yi,male,54,10078
2000,yi,male,55,9674.2
2000,yi,male,56,9169
2000,yi,male,57,9099.5
2000,yi,male,58,8820
2000,yi,male,59,8669.4
2000,yi,male,60,8590.1
2000,yi,male,61,8568.7
2000,yi,male,62,8530.3
2000,yi,male,63,8326.4
2000,yi,male,64,8550.3
2000,yi,male,65,8158.3
2000,yi,male,66,8170
2000,yi,male,67,8019.1
2000,yi,male,68,10703
2000,yi,male,69,10236
2000,yi,male,70,9772.4
2000,yi,male,71,9829.4
2000,yi,male,72,9784.4
2000,yi,male,73,9642.6
2000,yi,male,74,9410.7
2000,yi,male,75,8948.5
2000,yi,male,76,8580.7
2000,yi,male,77,8153.1
2000,yi,male,78,7674.5
2000,yi,male,79,6181.3
2000,yi,male,80,4832.9
2000,yi,male,81,3285.1
2000,yi,male,82,2635.1
2000,yi,male,83,2327.7
2000,yi,male,84,2753.8
2000,yi,male,85,3192.3
2000,yi,male,86,2667.6
2000,yi,male,87,2193.5
2000,yi,male,88,1780.6
2000,yi,male,89,1422.1
2000,yi,male,90,1108
2000,yi,male,91,844.43
2000,yi,male,92,627.61
2000,yi,male,93,453.45
2000,yi,male,94,317.45
2000,yi,male,95,214.65
2000,yi,male,96,139.71
2000,yi,male,97,87.231
2000,yi,male,98,53.419
2000,yi,male,99,30.327
2000,yi,male,100,30.981
2000,yi,female,0,12063
2000,yi,female,1,12035
2000,yi,female,2,11819
2000,yi,female,3,11931
2000,yi,female,4,11904
2000,yi,female,5,12092
2000,yi,female,6,12089
2000,yi,female,7,11939
2000,yi,female,8,12362
2000,yi,female,9,12273
2000,yi,female,10,12387
2000,yi,female,11,12357
2000,yi,female,12,12775
2000,yi,female,13,12944
2000,yi,female,14,12992
2000,yi,female,15,13226
2000,yi,female,16,13159
2000,yi,female,17,13200
2000,yi,female,18,13133
2000,yi,female,19,13425
2000,yi,female,20,13041
2000,yi,female,21,13094
2000,yi,female,22,12819
2000,yi,female,23,12688
2000,yi,female,24,12423
2000,yi,female,25,12008
2000,yi,female,26,11609
2000,yi,female,27,11599
2000,yi,female,28,11443
2000,yi,female,29,11199
2000,yi,female,30,11133
2000,yi,female,31,11057
2000,yi,female,32,10971
2000,yi,female,33,10837
2000,yi,female,34,11233
2000,yi,female,35,11267
2000,yi,female,36,11359
2000,yi,female,37,11447
2000,yi,female,38,11661
2000,yi,female,39,11993
2000,yi,female,40,12437
2000,yi,female,41,12453
2000,yi,female,42,13102
2000,yi,female,43,12958
2000,yi,female,44,13228
2000,yi,female,45,13243
2000,yi,female,46,13333
2000,yi,female,47,13196
2000,yi,female,48,12958
2000,yi,female,49,12637
2000,yi,female,50,12325
2000,yi,female,51,11417
2000,yi,female,52,11267
2000,yi,female,53,10979
2000,yi,female,54,10247
2000,yi,female,55,9872.8
2000,yi,female,56,9393.1
2000,yi,female,57,9361.5
2000,yi,female,58,9117
2000,yi,female,59,9007.1
2000,yi,female,60,8975.5
2000,yi,female,61,9010
2000,yi,female,62,9031.8
2000,yi,female,63,8883.1
2000,yi,female,64,9197.8
2000,yi,female,65,8854
2000,yi,female,66,8952.6
2000,yi,female,67,8882.1
2000,yi,female,68,11997
2000,yi,female,69,11621
2000,yi,female,70,11253
2000,yi,female,71,11501
2000,yi,female,72,11649
2000,yi,female,73,11700
2000,yi,female,74,11658
2000,yi,female,75,11205
2000,yi,female,76,11026
2000,yi,female,77,10780
2000,yi,female,78,10472
2000,yi,female,79,8733.3
2000,yi,female,80,7095.5
2000,yi,female,81,5031.6
2000,yi,female,82,4229.1
2000,yi,female,83,3836.8
2000,yi,female,84,4778.5
2000,yi,female,85,5860.6
2000,yi,female,86,5210.4
2000,yi,female,87,4586.1
2000,yi,female,88,3995.9
2000,yi,female,89,3445.7
2000,yi,female,90,2937.5
2000,yi,female,91,2471.3
2000,yi,female,92,2047.1
2000,yi,female,93,1665.8
2000,yi,female,94,1328.5
2000,yi,female,95,1036.3
2000,yi,female,96,788.87
2000,yi,female,97,584.69
2000,yi,female,98,431.7
2000,yi,female,99,301.01
2000,yi,female,100,586.01
2000,de,male,0,2773
2000,de,male,1,2811.9
2000,de,male,2,2805.2
2000,de,male,3,2876.8
2000,de,male,4,2916.1
2000,de,male,5,2993.9
2000,de,male,6,3028.4
2000,de,male,7,3028
2000,de,male,8,3180.1
2000,de,male,9,3181.2
2000,de,male,10,3252.2
2000,de,male,11,3279.6
2000,de,male,12,3428.9
2000,de,male,13,3503.1
2000,de,male,14,3565.9
2000,de,male,15,3673.2
2000,de,male,16,3726.3
2000,de,male,17,3803.5
2000,de,male,18,3862.2
2000,de,male,19,4012.4
2000,de,male,20,3978.4
2000,de,male,21,4070.1
2000,de,male,22,4072
2000,de,male,23,4110.6
2000,de,male,24,4083.7
2000,de,male,25,4022.2
2000,de,male,26,3947.8
2000,de,male,27,4001.4
2000,de,male,28,3988.3
2000,de,male,29,3946.4
2000,de,male,30,3966.7
2000,de,male,31,3973.5
2000,de,male,32,3980.3
2000,de,male,33,3964.8
2000,de,male,34,4145.7
2000,de,male,35,4186.4
2000,de,male,36,4255.7
2000,de,male,37,4326
2000,de,male,38,4435.7
2000,de,male,39,4582
2000,de,male,40,4785
2000,de,male,41,4833
2000,de,male,42,5112.1
2000,de,male,43,5081.2
2000,de,male,44,5206.3
2000,de,male,45,5232.5
2000,de,male,46,5297.2
2000,de,male,47,5285
2000,de,male,48,5251.8
2000,de,male,49,5190.4
2000,de,male,50,5130.4
2000,de,male,51,4803.6
2000,de,male,52,4803.1
2000,de,male,53,4732.5
2000,de,male,54,4443.9
2000,de,male,55,4304.1
2000,de,male,56,4106.9
2000,de,male,57,4099.7
2000,de,male,58,3995.1
2000,de,male,59,3947.2
2000,de,male,60,3943.8
2000,de,male,61,3976.2
2000,de,male,62,4010.8
2000,de,male,63,3973.4
2000,de,male,64,4146.4
2000,de,male,65,4011.9
2000,de,male,66,4081.7
2000,de,male,67,4077.6
2000,de,male,68,4108.6
2000,de,male,69,3934.3
2000,de,male,70,3758.2
2000,de,male,71,3741.8
2000,de,male,72,3689.7
2000,de,male,73,3603.3
2000,de,male,74,3485.3
2000,de,male,75,3324.2
2000,de,male,76,3156.2
2000,de,male,77,2967.5
2000,de,male,78,2761.8
2000,de,male,79,2347.4
2000,de,male,80,1849.3
2000,de,male,81,1208.7
2000,de,male,82,973.79
2000,de,male,83,863.22
2000,de,male,84,973.03
2000,de,male,85,1071
2000,de,male,86,878.57
2000,de,male,87,708.54
2000,de,male,88,564.15
2000,de,male,89,443.01
2000,de,male,90,340.89
2000,de,male,91,257.3
2000,de,male,92,189.69
2000,de,male,93,136
2000,de,male,94,94.433
2000,de,male,95,63.262
2000,de,male,96,40.732
2000,de,male,97,25.11
2000,de,male,98,14.82
2000,de,male,99,8.2717
2000,de,male,100,8.0874
2000,de,female,0,2623.3
2000,de,female,1,2670.4
2000,de,female,2,2668.3
2000,de,female,3,2738.9
2000,de,female,4,2778.1
2000,de,female,5,2853.5
2000,de,female,6,2887.5
2000,de,female,7,2889
2000,de,female,8,3036.9
2000,de,female,9,3041
2000,de,female,10,3111.9
2000,de,female,11,3140.8
2000,de,female,12,3286.7
2000,de,female,13,3361.6
2000,de,female,14,3426.1
2000,de,female,15,3532.9
2000,de,female,16,3586.3
2000,de,female,17,3662
2000,de,female,18,3720.6
2000,de,female,19,3867.8
2000,de,female,20,3837.9
2000,de,female,21,3929.6
2000,de,female,22,3933.1
2000,de,female,23,3971.4
2000,de,female,24,3948
2000,de,female,25,3892.1
2000,de,female,26,3822.6
2000,de,female,27,3877.4
2000,de,female,28,3867.6
2000,de,female,29,3830.1
2000,de,female,30,3853.9
2000,de,female,31,3864.6
2000,de,female,32,3875.6
2000,de,female,33,3864.7
2000,de,female,34,4045.3
2000,de,female,35,4089.4
2000,de,female,36,4162.1
2000,de,female,37,4236.2
2000,de,female,38,4349.4
2000,de,female,39,4498.9
2000,de,female,40,4704
2000,de,female,41,4757.8
2000,de,female,42,5040.9
2000,de,female,43,5018.5
2000,de,female,44,5150.4
2000,de,female,45,5185.6
2000,de,female,46,5259.5
2000,de,female,47,5257.6
2000,de,female,48,5236.1
2000,de,female,49,5187.1
2000,de,female,50,5140.7
2000,de,female,51,4826.9
2000,de,female,52,4840.6
2000,de,female,53,4784.4
2000,de,female,54,4508
2000,de,female,55,4381.2
2000,de,female,56,4195.6
2000,de,female,57,4205.5
2000,de,female,58,4117.1
2000,de,female,59,4087.9
2000,de,female,60,4106.9
2000,de,female,61,4165.8
2000,de,female,62,4229.8
2000,de,female,63,4220.5
2000,de,female,64,4439.1
2000,de,female,65,4331.4
2000,de,female,66,4447.5
2000,de,female,67,4488.8
2000,de,female,68,4569.4
2000,de,female,69,4430.9
2000,de,female,70,4292.1
2000,de,female,71,4338.9
2000,de,female,72,4350.5
2000,de,female,73,4327.6
2000,de,female,74,4271.4
2000,de,female,75,4152.2
2000,de,female,76,4042.4
2000,de,female,77,3906.7
2000,de,female,78,3747.8
2000,de,female,79,3291.4
2000,de,female,80,2689.2
2000,de,female,81,1830.5
2000,de,female,82,1541.5
2000,de,female,83,1427.2
2000,de,female,84,1695.3
2000,de,female,85,1976.6
2000,de,female,86,1726.5
2000,de,female,87,1491.9
2000,de,female,88,1277.4
2000,de,female,89,1085.6
2000,de,female,90,915.33
2000,de,female,91,763.84
2000,de,female,92,628.74
2000,de,female,93,508.72
2000,de,female,94,403.36
2000,de,female,95,312.54
2000,de,female,96,236.05
2000,de,female,97,173.34
2000,de,female,98,123.91
2000,de,female,99,85.332
2000,de,female,100,158.55
2000,ru,male,0,2085.9
2000,ru,male,1,2100.2
2000,ru,male,2,2088.6
2000,ru,male,3,2146.8
2000,ru,male,4,2174.4
2000,ru,male,5,2234.9
2000,ru,male,6,2266.1
2000,ru,male,7,2259.4
2000,ru,male,8,2360.5
2000,ru,male,9,2361.8
2000,ru,male,10,2397.6
2000,ru,male,11,2401.8
2000,ru,male,12,2491.5
2000,ru,male,13,2527.3
2000,ru,male,14,2536.3
2000,ru,male,15,2585.6
2000,ru,male,16,2568.6
2000,ru,male,17,2571.3
2000,ru,male,18,2558.7
2000,ru,male,19,2609.7
2000,ru,male,20,2532.1
2000,ru,male,21,2538.1
2000,ru,male,22,2485.8
2000,ru,male,23,2471
2000,ru,male,24,2428.1
2000,ru,male,25,2367.8
2000,ru,male,26,2310.3
2000,ru,male,27,2329.8
2000,ru,male,28,2319.7
2000,ru,male,29,2294.2
2000,ru,male,30,2300
2000,ru,male,31,2308.7
2000,ru,male,32,2306.8
2000,ru,male,33,2294.9
2000,ru,male,34,2390.1
2000,ru,male,35,2404
2000,ru,male,36,2426.3
2000,ru,male,37,2437.3
2000,ru,male,38,2465.1
2000,ru,male,39,2511
2000,ru,male,40,2575.5
2000,ru,male,41,2545.9
2000,ru,male,42,2633.6
2000,ru,male,43,2552.8
2000,ru,male,44,2557.5
2000,ru,male,45,2508
2000,ru,male,46,2477.5
2000,ru,male,47,2411.9
2000,ru,male,48,2334.6
2000,ru,male,49,2249.7
2000,ru,male,50,2172.6
2000,ru,male,51,1996.5
2000,ru,male,52,1959.8
2000,ru,male,53,1903.3
2000,ru,male,54,1775.2
2000,ru,male,55,1711.4
2000,ru,male,56,1632.1
2000,ru,male,57,1631.9
2000,ru,male,58,1592.7
2000,ru,male,59,1574.4
2000,ru,male,60,1564.5
2000,ru,male,61,1558.8
2000,ru,male,62,1545.8
2000,ru,male,63,1500.2
2000,ru,male,64,1531.5
2000,ru,male,65,1449.8
2000,ru,male,66,1441
2000,ru,male,67,1403.4
2000,ru,male,68,1421.5
2000,ru,male,69,1341.6
2000,ru,male,70,1263.9
2000,ru,male,71,1203.6
2000,ru,male,72,1140.2
2000,ru,male,73,1074.1
2000,ru,male,74,1005.7
2000,ru,male,75,932.83
2000,ru,male,76,862.68
2000,ru,male,77,792.01
2000,ru,male,78,721.39
2000,ru,male,79,554.36
2000,ru,male,80,420.2
2000,ru,male,81,281.59
2000,ru,male,82,222.33
2000,ru,male,83,196.82
2000,ru,male,84,229.88
2000,ru,male,85,265.19
2000,ru,male,86,216.71
2000,ru,male,87,173.82
2000,ru,male,88,137.36
2000,ru,male,89,106.36
2000,ru,male,90,79.739
2000,ru,male,91,58.194
2000,ru,male,92,41.236
2000,ru,male,93,28.292
2000,ru,male,94,18.738
2000,ru,male,95,11.94
2000,ru,male,96,7.2941
2000,ru,male,97,4.2552
2000,ru,male,98,2.3707
2000,ru,male,99,1.2446
2000,ru,male,100,1.0715
2000,ru,female,0,1975.2
2000,ru,female,1,1999.1
2000,ru,female,2,1992
2000,ru,female,3,2049.7
2000,ru,female,4,2077.6
2000,ru,female,5,2136.6
2000,ru,female,6,2167.7
2000,ru,female,7,2162.9
2000,ru,female,8,2262
2000,ru,female,9,2265.7
2000,ru,female,10,2302.6
2000,ru,female,11,2308.8
2000,ru,female,12,2397.6
2000,ru,female,13,2435.2
2000,ru,female,14,2447.2
2000,ru,female,15,2497.7
2000,ru,female,16,2483
2000,ru,female,17,2486.8
2000,ru,female,18,2476.2
2000,ru,female,19,2527.2
2000,ru,female,20,2453.9
2000,ru,female,21,2461.7
2000,ru,female,22,2412.2
2000,ru,female,23,2398.5
2000,ru,female,24,2358.4
2000,ru,female,25,2302
2000,ru,female,26,2247.7
2000,ru,female,27,2268.4
2000,ru,female,28,2260.2
2000,ru,female,29,2237.3
2000,ru,female,30,2245.4
2000,ru,female,31,2256.5
2000,ru,female,32,2257.4
2000,ru,female,33,2248.2
2000,ru,female,34,2344.1
2000,ru,female,35,2360.4
2000,ru,female,36,2385.3
2000,ru,female,37,2399.3
2000,ru,female,38,2430.1
2000,ru,female,39,2478.7
2000,ru,female,40,2545.6
2000,ru,female,41,2520.2
2000,ru,female,42,2611.7
2000,ru,female,43,2536.1
2000,ru,female,44,2545.3
2000,ru,female,45,2500.9
2000,ru,female,46,2475.5
2000,ru,female,47,2415.2
2000,ru,female,48,2343.5
2000,ru,female,49,2264.4
2000,ru,female,50,2193.2
2000,ru,female,51,2021.9
2000,ru,female,52,1991.4
2000,ru,female,53,1940.8
2000,ru,female,54,1817
2000,ru,female,55,1758.3
2000,ru,female,56,1683.2
2000,ru,female,57,1690.4
2000,ru,female,58,1657.8
2000,ru,female,59,1647.3
2000,ru,female,60,1646.6
2000,ru,female,61,1651.2
2000,ru,female,62,1649
2000,ru,female,63,1612.5
2000,ru,female,64,1660
2000,ru,female,65,1585.6
2000,ru,female,66,1591.4
2000,ru,female,67,1566.9
2000,ru,female,68,1604.9
2000,ru,female,69,1535.1
2000,ru,female,70,1467.9
2000,ru,female,71,1420.6
2000,ru,female,72,1370
2000,ru,female,73,1316
2000,ru,female,74,1258.9
2000,ru,female,75,1193.1
2000,ru,female,76,1133.3
2000,ru,female,77,1071.6
2000,ru,female,78,1008.3
2000,ru,female,79,802.94
2000,ru,female,80,633.02
2000,ru,female,81,443.03
2000,ru,female,82,366.9
2000,ru,female,83,340.09
2000,ru,female,84,419.62
2000,ru,female,85,514.15
2000,ru,female,86,448.91
2000,ru,female,87,387.22
2000,ru,female,88,329.59
2000,ru,female,89,276.48
2000,ru,female,90,228.27
2000,ru,female,91,185.21
2000,ru,female,92,147.43
2000,ru,female,93,114.92
2000,ru,female,94,87.547
2000,ru,female,95,65.042
2000,ru,female,96,47.015
2000,ru,female,97,32.98
2000,ru,female,98,22.483
2000,ru,female,99,14.725
2000,ru,female,100,23.771
2000,lt,male,0,12755
2000,lt,male,1,12914
2000,lt,male,2,12811
2000,lt,male,3,13201
2000,lt,male,4,13298
2000,lt,male,5,13664
2000,lt,male,6,13787
2000,lt,male,7,13698
2000,lt,male,8,14271
2000,lt,male,9,14277
2000,lt,male,10,14468
2000,lt,male,11,14479
2000,lt,male,12,15133
2000,lt,male,13,15542
2000,lt,male,14,15792
2000,lt,male,15,16292
2000,lt,male,16,16418
2000,lt,male,17,16641
2000,lt,male,18,16798
2000,lt,male,19,17427
2000,lt,male,20,17135
2000,lt,male,21,17412
2000,lt,male,22,17256
2000,lt,male,23,17307
2000,lt,male,24,17174
2000,lt,male,25,16745
2000,lt,male,26,16428
2000,lt,male,27,16612
2000,lt,male,28,16566
2000,lt,male,29,16333
2000,lt,male,30,16393
2000,lt,male,31,16365
2000,lt,male,32,16386
2000,lt,male,33,16290
2000,lt,male,34,16981
2000,lt,male,35,17149
2000,lt,male,36,17428
2000,lt,male,37,17625
2000,lt,male,38,17991
2000,lt,male,39,18486
2000,lt,male,40,19167
2000,lt,male,41,19178
2000,lt,male,42,20154
2000,lt,male,43,19806
2000,lt,male,44,20155
2000,lt,male,45,20073
2000,lt,male,46,20172
2000,lt,male,47,19988
2000,lt,male,48,19681
2000,lt,male,49,19280
2000,lt,male,50,18960
2000,lt,male,51,17704
2000,lt,male,52,17621
2000,lt,male,53,17275
2000,lt,male,54,16226
2000,lt,male,55,15705
2000,lt,male,56,15021
2000,lt,male,57,15072
2000,lt,male,58,14779
2000,lt,male,59,14718
2000,lt,male,60,14768
2000,lt,male,61,14882
2000,lt,male,62,14936
2000,lt,male,63,14660
2000,lt,male,64,15119
2000,lt,male,65,14409
2000,lt,male,66,14392
2000,lt,male,67,14085
2000,lt,male,68,13266
2000,lt,male,69,12584
2000,lt,male,70,11907
2000,lt,male,71,11527
2000,lt,male,72,11085
2000,lt,male,73,10588
2000,lt,male,74,10041
2000,lt,male,75,9458.3
2000,lt,male,76,8833.7
2000,lt,male,77,8183.8
2000,lt,male,78,7516.5
2000,lt,male,79,5850.4
2000,lt,male,80,4472.3
2000,lt,male,81,2993.4
2000,lt,male,82,2367.6
2000,lt,male,83,2117.1
2000,lt,male,84,2474.6
2000,lt,male,85,2855.5
2000,lt,male,86,2341.6
2000,lt,male,87,1884.6
2000,lt,male,88,1483.6
2000,lt,male,89,1141.3
2000,lt,male,90,859.03
2000,lt,male,91,629.57
2000,lt,male,92,448.09
2000,lt,male,93,308.84
2000,lt,male,94,205.5
2000,lt,male,95,131.57
2000,lt,male,96,80.761
2000,lt,male,97,47.343
2000,lt,male,98,26.332
2000,lt,male,99,13.897
2000,lt,male,100,12.062
2000,lt,female,0,12071
2000,lt,female,1,12277
2000,lt,female,2,12201
2000,lt,female,3,12585
2000,lt,female,4,12686
2000,lt,female,5,13042
2000,lt,female,6,13167
2000,lt,female,7,13092
2000,lt,female,8,13653
2000,lt,female,9,13674
2000,lt,female,10,13871
2000,lt,female,11,13894
2000,lt,female,12,14536
2000,lt,female,13,14947
2000,lt,female,14,15207
2000,lt,female,15,15707
2000,lt,female,16,15839
2000,lt,female,17,16062
2000,lt,female,18,16224
2000,lt,female,19,16843
2000,lt,female,20,16572
2000,lt,female,21,16852
2000,lt,female,22,16706
2000,lt,female,23,16757
2000,lt,female,24,16635
2000,lt,female,25,16232
2000,lt,female,26,15932
2000,lt,female,27,16119
2000,lt,female,28,16083
2000,lt,female,29,15866
2000,lt,female,30,15937
2000,lt,female,31,15925
2000,lt,female,32,15961
2000,lt,female,33,15882
2000,lt,female,34,16570
2000,lt,female,35,16749
2000,lt,female,36,17039
2000,lt,female,37,17252
2000,lt,female,38,17631
2000,lt,female,39,18137
2000,lt,female,40,18825
2000,lt,female,41,18859
2000,lt,female,42,19850
2000,lt,female,43,19535
2000,lt,female,44,19908
2000,lt,female,45,19860
2000,lt,female,46,19990
2000,lt,female,47,19843
2000,lt,female,48,19576
2000,lt,female,49,19220
2000,lt,female,50,18947
2000,lt,female,51,17738
2000,lt,female,52,17704
2000,lt,female,53,17408
2000,lt,female,54,16404
2000,lt,female,55,15929
2000,lt,female,56,15290
2000,lt,female,57,15402
2000,lt,female,58,15170
2000,lt,female,59,15182
2000,lt,female,60,15315
2000,lt,female,61,15526
2000,lt,female,62,15685
2000,lt,female,63,15505
2000,lt,female,64,16118
2000,lt,female,65,15494
2000,lt,female,66,15623
2000,lt,female,67,15452
2000,lt,female,68,14727
2000,lt,female,69,14152
2000,lt,female,70,13587
2000,lt,female,71,13362
2000,lt,female,72,13075
2000,lt,female,73,12730
2000,lt,female,74,12328
2000,lt,female,75,11889
2000,lt,female,76,11387
2000,lt,female,77,10845
2000,lt,female,78,10268
2000,lt,female,79,8261.6
2000,lt,female,80,6550.2
2000,lt,female,81,4564.5
2000,lt,female,82,3773
2000,lt,female,83,3548.2
2000,lt,female,84,4378.6
2000,lt,female,85,5362.9
2000,lt,female,86,4694.8
2000,lt,female,87,4060.3
2000,lt,female,88,3465.4
2000,lt,female,89,2915.6
2000,lt,female,90,2414.9
2000,lt,female,91,1966
2000,lt,female,92,1570.5
2000,lt,female,93,1228.8
2000,lt,female,94,939.67
2000,lt,female,95,700.85
2000,lt,female,96,508.62
2000,lt,female,97,358.23
2000,lt,female,98,243.7
2000,lt,female,99,160.27
2000,lt,female,100,260.76
2000,csb,male,0,639.82
2000,csb,male,1,643.91
2000,csb,male,2,638.55
2000,csb,male,3,664.54
2000,csb,male,4,670.61
2000,csb,male,5,697.04
2000,csb,male,6,704.16
2000,csb,male,7,703.89
2000,csb,male,8,747.77
2000,csb,male,9,756.6
2000,csb,male,10,775.98
2000,csb,male,11,787.96
2000,csb,male,12,832.69
2000,csb,male,13,880.59
2000,csb,male,14,909.03
2000,csb,male,15,958.78
2000,csb,male,16,974.72
2000,csb,male,17,1006.2
2000,csb,male,18,1034.6
2000,csb,male,19,1071.8
2000,csb,male,20,1055.2
2000,csb,male,21,1075.5
2000,csb,male,22,1075.7
2000,csb,male,23,1087.9
2000,csb,male,24,1086.3
2000,csb,male,25,1063
2000,csb,male,26,1038.6
2000,csb,male,27,1046.9
2000,csb,male,28,1048.7
2000,csb,male,29,1035.2
2000,csb,male,30,1039.3
2000,csb,male,31,1040.6
2000,csb,male,32,1045.9
2000,csb,male,33,1042.2
2000,csb,male,34,1091.8
2000,csb,male,35,1109.9
2000,csb,male,36,1131.2
2000,csb,male,37,1153.4
2000,csb,male,38,1191.5
2000,csb,male,39,1248.2
2000,csb,male,40,1315.6
2000,csb,male,41,1339.3
2000,csb,male,42,1427.9
2000,csb,male,43,1426.5
2000,csb,male,44,1472.1
2000,csb,male,45,1487.3
2000,csb,male,46,1512.2
2000,csb,male,47,1509.6
2000,csb,male,48,1494.4
2000,csb,male,49,1466.1
2000,csb,male,50,1437.7
2000,csb,male,51,1339.9
2000,csb,male,52,1330.8
2000,csb,male,53,1305.8
2000,csb,male,54,1226.7
2000,csb,male,55,1187.6
2000,csb,male,56,1134.6
2000,csb,male,57,1134.2
2000,csb,male,58,1107.4
2000,csb,male,59,1096.3
2000,csb,male,60,1094.5
2000,csb,male,61,1098.4
2000,csb,male,62,1098.2
2000,csb,male,63,1074.9
2000,csb,male,64,1107.4
2000,csb,male,65,1059.3
2000,csb,male,66,1064.3
2000,csb,male,67,1050.2
2000,csb,male,68,1268
2000,csb,male,69,1202.1
2000,csb,male,70,1136.9
2000,csb,male,71,1091.1
2000,csb,male,72,1041.2
2000,csb,male,73,987.61
2000,csb,male,74,930.78
2000,csb,male,75,864.85
2000,csb,male,76,804.58
2000,csb,male,77,742.98
2000,csb,male,78,680.67
2000,csb,male,79,599.73
2000,csb,male,80,472.96
2000,csb,male,81,304.25
2000,csb,male,82,248.53
2000,csb,male,83,218.41
2000,csb,male,84,241.82
2000,csb,male,85,260.25
2000,csb,male,86,215.03
2000,csb,male,87,174.59
2000,csb,male,88,139.18
2000,csb,male,89,108.68
2000,csb,male,90,82.867
2000,csb,male,91,61.606
2000,csb,male,92,44.542
2000,csb,male,93,31.234
2000,csb,male,94,21.179
2000,csb,male,95,13.842
2000,csb,male,96,8.6893
2000,csb,male,97,5.2192
2000,csb,male,98,3.0174
2000,csb,male,99,1.6373
2000,csb,male,100,1.5077
2000,csb,female,0,605.38
2000,csb,female,1,611.78
2000,csb,female,2,607.73
2000,csb,female,3,633.03
2000,csb,female,4,639.22
2000,csb,female,5,664.74
2000,csb,female,6,671.84
2000,csb,female,7,672.05
2000,csb,female,8,714.64
2000,csb,female,9,723.83
2000,csb,female,10,743.12
2000,csb,female,11,755.24
2000,csb,female,12,798.81
2000,csb,female,13,845.68
2000,csb,female,14,874.01
2000,csb,female,15,922.82
2000,csb,female,16,938.83
2000,csb,female,17,969.56
2000,csb,female,18,997.55
2000,csb,female,19,1034.2
2000,csb,female,20,1019
2000,csb,female,21,1039.5
2000,csb,female,22,1040.1
2000,csb,female,23,1052
2000,csb,female,24,1051.2
2000,csb,female,25,1029.6
2000,csb,female,26,1006.7
2000,csb,female,27,1015.6
2000,csb,female,28,1018.2
2000,csb,female,29,1005.9
2000,csb,female,30,1011.1
2000,csb,female,31,1013.5
2000,csb,female,32,1019.8
2000,csb,female,33,1017.3
2000,csb,female,34,1066.9
2000,csb,female,35,1085.8
2000,csb,female,36,1108
2000,csb,female,37,1131.3
2000,csb,female,38,1170.3
2000,csb,female,39,1227.6
2000,csb,female,40,1295.5
2000,csb,female,41,1320.6
2000,csb,female,42,1410.4
2000,csb,female,43,1411.4
2000,csb,female,44,1459
2000,csb,female,45,1476.8
2000,csb,female,46,1504.4
2000,csb,female,47,1504.8
2000,csb,female,48,1493
2000,csb,female,49,1468.3
2000,csb,female,50,1443.8
2000,csb,female,51,1349.5
2000,csb,female,52,1344.4
2000,csb,female,53,1323.4
2000,csb,female,54,1247.5
2000,csb,female,55,1211.9
2000,csb,female,56,1162.2
2000,csb,female,57,1166.7
2000,csb,female,58,1144.4
2000,csb,female,59,1138.6
2000,csb,female,60,1143
2000,csb,female,61,1154.1
2000,csb,female,62,1161.7
2000,csb,female,63,1145.5
2000,csb,female,64,1189.7
2000,csb,female,65,1147.9
2000,csb,female,66,1164.2
2000,csb,female,67,1160.8
2000,csb,female,68,1414.5
2000,csb,female,69,1358.1
2000,csb,female,70,1302.9
2000,csb,female,71,1270
2000,csb,female,72,1232.9
2000,csb,female,73,1191.7
2000,csb,female,74,1146.5
2000,csb,female,75,1083.9
2000,csb,female,76,1034.5
2000,csb,female,77,982.68
2000,csb,female,78,928.77
2000,csb,female,79,846.95
2000,csb,female,80,693.78
2000,csb,female,81,465.43
2000,csb,female,82,398.26
2000,csb,female,83,362.91
2000,csb,female,84,423.66
2000,csb,female,85,483.28
2000,csb,female,86,425.66
2000,csb,female,87,370.79
2000,csb,female,88,319.11
2000,csb,female,89,271.02
2000,csb,female,90,226.84
2000,csb,female,91,186.83
2000,csb,female,92,151.16
2000,csb,female,93,119.93
2000,csb,female,94,93.13
2000,csb,female,95,70.634
2000,csb,female,96,52.207
2000,csb,female,97,37.511
2000,csb,female,98,26.398
2000,csb,female,99,17.77
2000,csb,female,100,30.974
2000,rue,male,0,606.02
2000,rue,male,1,612.5
2000,rue,male,2,610.77
2000,rue,male,3,625.64
2000,rue,male,4,628.51
2000,rue,male,5,649.82
2000,rue,male,6,661.56
2000,rue,male,7,658.67
2000,rue,male,8,698.32
2000,rue,male,9,709.76
2000,rue,male,10,730.33
2000,rue,male,11,741.8
2000,rue,male,12,774.4
2000,rue,male,13,802.9
2000,rue,male,14,810.68
2000,rue,male,15,830.4
2000,rue,male,16,841.03
2000,rue,male,17,854.08
2000,rue,male,18,861.5
2000,rue,male,19,888.57
2000,rue,male,20,876.18
2000,rue,male,21,888.33
2000,rue,male,22,881.8
2000,rue,male,23,883.99
2000,rue,male,24,879.3
2000,rue,male,25,865.36
2000,rue,male,26,847.83
2000,rue,male,27,856.82
2000,rue,male,28,856.96
2000,rue,male,29,849.44
2000,rue,male,30,855.21
2000,rue,male,31,858.54
2000,rue,male,32,861.22
2000,rue,male,33,858.86
2000,rue,male,34,900.64
2000,rue,male,35,908.8
2000,rue,male,36,920.43
2000,rue,male,37,933.88
2000,rue,male,38,955.49
2000,rue,male,39,984.69
2000,rue,male,40,1020.9
2000,rue,male,41,1022
2000,rue,male,42,1073.4
2000,rue,male,43,1057.1
2000,rue,male,44,1077.8
2000,rue,male,45,1076.8
2000,rue,male,46,1082.9
2000,rue,male,47,1073.3
2000,rue,male,48,1057.4
2000,rue,male,49,1035
2000,rue,male,50,1016
2000,rue,male,51,947.94
2000,rue,male,52,943.86
2000,rue,male,53,927.64
2000,rue,male,54,873.06
2000,rue,male,55,847.59
2000,rue,male,56,812.88
2000,rue,male,57,816.8
2000,rue,male,58,800.35
2000,rue,male,59,794.59
2000,rue,male,60,793.41
2000,rue,male,61,794.57
2000,rue,male,62,791.73
2000,rue,male,63,771.43
2000,rue,male,64,790.49
2000,rue,male,65,750.59
2000,rue,male,66,748.7
2000,rue,male,67,732.04
2000,rue,male,68,725.44
2000,rue,male,69,687.58
2000,rue,male,70,650.53
2000,rue,male,71,626.37
2000,rue,male,72,599.45
2000,rue,male,73,569.97
2000,rue,male,74,538.25
2000,rue,male,75,504.26
2000,rue,male,76,469.81
2000,rue,male,77,434.33
2000,rue,male,78,398.21
2000,rue,male,79,332.91
2000,rue,male,80,254
2000,rue,male,81,171.98
2000,rue,male,82,137.32
2000,rue,male,83,123.83
2000,rue,male,84,140.84
2000,rue,male,85,150.37
2000,rue,male,86,123.11
2000,rue,male,87,98.914
2000,rue,male,88,78.365
2000,rue,male,89,60.847
2000,rue,male,90,45.69
2000,rue,male,91,33.394
2000,rue,male,92,23.694
2000,rue,male,93,16.273
2000,rue,male,94,10.785
2000,rue,male,95,6.8737
2000,rue,male,96,4.1976
2000,rue,male,97,2.4461
2000,rue,male,98,1.3571
2000,rue,male,99,0.7103
2000,rue,male,100,0.60469
2000,rue,female,0,573.65
2000,rue,female,1,582.5
2000,rue,female,2,581.92
2000,rue,female,3,596.7
2000,rue,female,4,599.88
2000,rue,female,5,620.56
2000,rue,female,6,632.09
2000,rue,female,7,629.8
2000,rue,female,8,668.4
2000,rue,female,9,680.09
2000,rue,female,10,700.54
2000,rue,female,11,712.16
2000,rue,female,12,744.18
2000,rue,female,13,772.52
2000,rue,female,14,781.03
2000,rue,female,15,800.91
2000,rue,female,16,811.72
2000,rue,female,17,824.72
2000,rue,female,18,832.43
2000,rue,female,19,859.17
2000,rue,female,20,847.78
2000,rue,female,21,860.21
2000,rue,female,22,854.26
2000,rue,female,23,856.64
2000,rue,female,24,852.67
2000,rue,female,25,839.86
2000,rue,female,26,823.41
2000,rue,female,27,832.74
2000,rue,female,28,833.44
2000,rue,female,29,826.73
2000,rue,female,30,833.17
2000,rue,female,31,837.33
2000,rue,female,32,840.9
2000,rue,female,33,839.5
2000,rue,female,34,881.25
2000,rue,female,35,890.15
2000,rue,female,36,902.61
2000,rue,female,37,916.94
2000,rue,female,38,939.34
2000,rue,female,39,969.31
2000,rue,female,40,1006.2
2000,rue,female,41,1008.8
2000,rue,female,42,1061.4
2000,rue,female,43,1047.1
2000,rue,female,44,1069.4
2000,rue,female,45,1070.4
2000,rue,female,46,1078.7
2000,rue,female,47,1071.4
2000,rue,female,48,1058
2000,rue,female,49,1038.4
2000,rue,female,50,1022.3
2000,rue,female,51,956.77
2000,rue,female,52,955.79
2000,rue,female,53,942.63
2000,rue,female,54,890.46
2000,rue,female,55,867.69
2000,rue,female,56,835.3
2000,rue,female,57,842.87
2000,rue,female,58,829.78
2000,rue,female,59,828.02
2000,rue,female,60,831.52
2000,rue,female,61,838.02
2000,rue,female,62,840.81
2000,rue,female,63,825.48
2000,rue,female,64,852.93
2000,rue,female,65,817.14
2000,rue,female,66,822.99
2000,rue,female,67,813.37
2000,rue,female,68,815.35
2000,rue,female,69,783.12
2000,rue,female,70,751.92
2000,rue,female,71,735.81
2000,rue,female,72,716.82
2000,rue,female,73,695.01
2000,rue,female,74,670.55
2000,rue,female,75,642.79
2000,rue,female,76,615.13
2000,rue,female,77,585.7
2000,rue,female,78,554.75
2000,rue,female,79,480.7
2000,rue,female,80,381.55
2000,rue,female,81,269.86
2000,rue,female,82,226.08
2000,rue,female,83,213.83
2000,rue,female,84,256.91
2000,rue,female,85,291.33
2000,rue,female,86,254.83
2000,rue,female,87,220.2
2000,rue,female,88,187.75
2000,rue,female,89,157.78
2000,rue,female,90,130.49
2000,rue,female,91,106.06
2000,rue,female,92,84.561
2000,rue,female,93,66.013
2000,rue,female,94,50.355
2000,rue,female,95,37.451
2000,rue,female,96,27.091
2000,rue,female,97,19.011
2000,rue,female,98,12.932
2000,rue,female,99,8.4636
2000,rue,female,100,13.567
2000,cs,male,0,441.31
2000,cs,male,1,444.71
2000,cs,male,2,443.45
2000,cs,male,3,455.67
2000,cs,male,4,459.47
2000,cs,male,5,472.77
2000,cs,male,6,481
2000,cs,male,7,481.56
2000,cs,male,8,503.22
2000,cs,male,9,502.38
2000,cs,male,10,508.63
2000,cs,male,11,507.87
2000,cs,male,12,526.02
2000,cs,male,13,531.63
2000,cs,male,14,529.92
2000,cs,male,15,536.61
2000,cs,male,16,530.39
2000,cs,male,17,529.47
2000,cs,male,18,522.14
2000,cs,male,19,529.33
2000,cs,male,20,508.64
2000,cs,male,21,505.7
2000,cs,male,22,490.42
2000,cs,male,23,483.04
2000,cs,male,24,470.73
2000,cs,male,25,455.32
2000,cs,male,26,442.17
2000,cs,male,27,443.87
2000,cs,male,28,440.83
2000,cs,male,29,433.87
2000,cs,male,30,434.1
2000,cs,male,31,433.72
2000,cs,male,32,432.41
2000,cs,male,33,428.15
2000,cs,male,34,443.98
2000,cs,male,35,444.22
2000,cs,male,36,445.73
2000,cs,male,37,444.76
2000,cs,male,38,447.07
2000,cs,male,39,452.75
2000,cs,male,40,460.45
2000,cs,male,41,451.06
2000,cs,male,42,462.72
2000,cs,male,43,444.7
2000,cs,male,44,440.89
2000,cs,male,45,427.47
2000,cs,male,46,417.37
2000,cs,male,47,401.58
2000,cs,male,48,384.11
2000,cs,male,49,365.8
2000,cs,male,50,349.55
2000,cs,male,51,318.31
2000,cs,male,52,310.12
2000,cs,male,53,299.42
2000,cs,male,54,278.06
2000,cs,male,55,267.45
2000,cs,male,56,254.84
2000,cs,male,57,254.7
2000,cs,male,58,248.12
2000,cs,male,59,244.44
2000,cs,male,60,241.84
2000,cs,male,61,239.8
2000,cs,male,62,236.84
2000,cs,male,63,228.9
2000,cs,male,64,232.76
2000,cs,male,65,219.84
2000,cs,male,66,218.16
2000,cs,male,67,212.2
2000,cs,male,68,215.17
2000,cs,male,69,202.26
2000,cs,male,70,189.8
2000,cs,male,71,177.5
2000,cs,male,72,165.32
2000,cs,male,73,153.27
2000,cs,male,74,141.38
2000,cs,male,75,128.39
2000,cs,male,76,117.25
2000,cs,male,77,106.39
2000,cs,male,78,95.871
2000,cs,male,79,72.867
2000,cs,male,80,54.717
2000,cs,male,81,36.694
2000,cs,male,82,28.962
2000,cs,male,83,25.551
2000,cs,male,84,29.86
2000,cs,male,85,34.46
2000,cs,male,86,28.142
2000,cs,male,87,22.547
2000,cs,male,88,17.823
2000,cs,male,89,13.803
2000,cs,male,90,10.316
2000,cs,male,91,7.4978
2000,cs,male,92,5.286
2000,cs,male,93,3.6043
2000,cs,male,94,2.3694
2000,cs,male,95,1.4966
2000,cs,male,96,0.90493
2000,cs,male,97,0.52166
2000,cs,female,0,417.93
2000,cs,female,1,423.41
2000,cs,female,2,423.09
2000,cs,female,3,435.24
2000,cs,female,4,439.21
2000,cs,female,5,452.19
2000,cs,female,6,460.33
2000,cs,female,7,461.24
2000,cs,female,8,482.47
2000,cs,female,9,482.2
2000,cs,female,10,488.73
2000,cs,female,11,488.48
2000,cs,female,12,506.44
2000,cs,female,13,512.48
2000,cs,female,14,511.55
2000,cs,female,15,518.62
2000,cs,female,16,512.98
2000,cs,female,17,512.32
2000,cs,female,18,505.55
2000,cs,female,19,512.86
2000,cs,female,20,493.2
2000,cs,female,21,490.83
2000,cs,female,22,476.32
2000,cs,female,23,469.4
2000,cs,female,24,457.84
2000,cs,female,25,443.38
2000,cs,female,26,431.01
2000,cs,female,27,433.14
2000,cs,female,28,430.67
2000,cs,female,29,424.38
2000,cs,female,30,425.21
2000,cs,female,31,425.46
2000,cs,female,32,424.8
2000,cs,female,33,421.19
2000,cs,female,34,437.37
2000,cs,female,35,438.21
2000,cs,female,36,440.36
2000,cs,female,37,440.13
2000,cs,female,38,443.17
2000,cs,female,39,449.56
2000,cs,female,40,457.97
2000,cs,female,41,449.5
2000,cs,female,42,462.12
2000,cs,female,43,445.07
2000,cs,female,44,442.2
2000,cs,female,45,429.78
2000,cs,female,46,420.68
2000,cs,female,47,405.83
2000,cs,female,48,389.32
2000,cs,female,49,371.98
2000,cs,female,50,356.71
2000,cs,female,51,326.05
2000,cs,female,52,318.91
2000,cs,female,53,309.18
2000,cs,female,54,288.37
2000,cs,female,55,278.54
2000,cs,female,56,266.56
2000,cs,female,57,267.68
2000,cs,female,58,262.18
2000,cs,female,59,259.8
2000,cs,female,60,258.7
2000,cs,female,61,258.34
2000,cs,female,62,257.06
2000,cs,female,63,250.46
2000,cs,female,64,256.96
2000,cs,female,65,244.95
2000,cs,female,66,245.52
2000,cs,female,67,241.51
2000,cs,female,68,247.24
2000,cs,female,69,235.6
2000,cs,female,70,224.47
2000,cs,female,71,213.45
2000,cs,female,72,202.48
2000,cs,female,73,191.54
2000,cs,female,74,180.62
2000,cs,female,75,166.73
2000,cs,female,76,156.51
2000,cs,female,77,146.38
2000,cs,female,78,136.36
2000,cs,female,79,107.48
2000,cs,female,80,83.989
2000,cs,female,81,58.84
2000,cs,female,82,48.72
2000,cs,female,83,44.873
2000,cs,female,84,55.423
2000,cs,female,85,67.968
2000,cs,female,86,59.336
2000,cs,female,87,51.157
2000,cs,female,88,43.505
2000,cs,female,89,36.447
2000,cs,female,90,30.036
2000,cs,female,91,24.309
2000,cs,female,92,19.287
2000,cs,female,93,14.971
2000,cs,female,94,11.347
2000,cs,female,95,8.3781
2000,cs,female,96,6.0116
2000,cs,female,97,4.181
2000,cs,female,98,2.8279
2000,cs,female,99,1.8307
2000,cs,female,100,2.8481
2000,lv,male,0,63.11
2000,lv,male,1,64.053
2000,lv,male,2,63.683
2000,lv,male,3,65.682
2000,lv,male,4,66.804
2000,lv,male,5,68.732
2000,lv,male,6,69.445
2000,lv,male,7,68.805
2000,lv,male,8,71.476
2000,lv,male,9,72.482
2000,lv,male,10,73.454
2000,lv,male,11,73.798
2000,lv,male,12,77.671
2000,lv,male,13,80.04
2000,lv,male,14,81.955
2000,lv,male,15,83.992
2000,lv,male,16,84.601
2000,lv,male,17,87.68
2000,lv,male,18,89.066
2000,lv,male,19,92.943
2000,lv,male,20,90.797
2000,lv,male,21,93.919
2000,lv,male,22,95.011
2000,lv,male,23,95.027
2000,lv,male,24,96.145
2000,lv,male,25,96.207
2000,lv,male,26,94.933
2000,lv,male,27,96.438
2000,lv,male,28,96.572
2000,lv,male,29,95.848
2000,lv,male,30,95.922
2000,lv,male,31,96.491
2000,lv,male,32,96.781
2000,lv,male,33,96.904
2000,lv,male,34,101.64
2000,lv,male,35,103.06
2000,lv,male,36,104.5
2000,lv,male,37,106.14
2000,lv,male,38,108.8
2000,lv,male,39,112.45
2000,lv,male,40,117.26
2000,lv,male,41,117.8
2000,lv,male,42,124.32
2000,lv,male,43,123.09
2000,lv,male,44,126.01
2000,lv,male,45,126.4
2000,lv,male,46,127.73
2000,lv,male,47,127.1
2000,lv,male,48,125.95
2000,lv,male,49,124.25
2000,lv,male,50,122.61
2000,lv,male,51,114.65
2000,lv,male,52,114.37
2000,lv,male,53,112.39
2000,lv,male,54,105.73
2000,lv,male,55,102.48
2000,lv,male,56,98.036
2000,lv,male,57,98.347
2000,lv,male,58,96.471
2000,lv,male,59,96.106
2000,lv,male,60,96.611
2000,lv,male,61,97.706
2000,lv,male,62,98.461
2000,lv,male,63,97.094
2000,lv,male,64,100.68
2000,lv,male,65,96.68
2000,lv,male,66,97.308
2000,lv,male,67,95.916
2000,lv,male,68,96.45
2000,lv,male,69,91.956
2000,lv,male,70,87.436
2000,lv,male,71,85.829
2000,lv,male,72,83.571
2000,lv,male,73,80.711
2000,lv,male,74,77.302
2000,lv,male,75,73.083
2000,lv,male,76,68.867
2000,lv,male,77,64.318
2000,lv,male,78,59.508
2000,lv,male,79,46.335
2000,lv,male,80,35.57
2000,lv,male,81,23.913
2000,lv,male,82,18.929
2000,lv,male,83,16.834
2000,lv,male,84,19.765
2000,lv,male,85,22.931
2000,lv,male,86,18.84
2000,lv,male,87,15.198
2000,lv,male,88,12.059
2000,lv,male,89,9.3716
2000,lv,male,90,7.0748
2000,lv,male,91,5.2012
2000,lv,male,92,3.7142
2000,lv,male,93,2.5692
2000,lv,male,94,1.7161
2000,lv,male,95,1.1033
2000,lv,male,96,0.68023
2000,lv,female,0,59.724
2000,lv,female,1,60.881
2000,lv,female,2,60.636
2000,lv,female,3,62.598
2000,lv,female,4,63.71
2000,lv,female,5,65.581
2000,lv,female,6,66.291
2000,lv,female,7,65.725
2000,lv,female,8,68.339
2000,lv,female,9,69.371
2000,lv,female,10,70.376
2000,lv,female,11,70.771
2000,lv,female,12,74.555
2000,lv,female,13,76.921
2000,lv,female,14,78.862
2000,lv,female,15,80.91
2000,lv,female,16,81.555
2000,lv,female,17,84.562
2000,lv,female,18,85.953
2000,lv,female,19,89.756
2000,lv,female,20,87.753
2000,lv,female,21,90.852
2000,lv,female,22,91.955
2000,lv,female,23,92.001
2000,lv,female,24,93.152
2000,lv,female,25,93.307
2000,lv,female,26,92.149
2000,lv,female,27,93.697
2000,lv,female,28,93.913
2000,lv,female,29,93.3
2000,lv,female,30,93.481
2000,lv,female,31,94.145
2000,lv,female,32,94.548
2000,lv,female,33,94.775
2000,lv,female,34,99.517
2000,lv,female,35,101.02
2000,lv,female,36,102.56
2000,lv,female,37,104.31
2000,lv,female,38,107.07
2000,lv,female,39,110.81
2000,lv,female,40,115.71
2000,lv,female,41,116.41
2000,lv,female,42,123.06
2000,lv,female,43,122.04
2000,lv,female,44,125.14
2000,lv,female,45,125.76
2000,lv,female,46,127.32
2000,lv,female,47,126.94
2000,lv,female,48,126.08
2000,lv,female,49,124.66
2000,lv,female,50,123.33
2000,lv,female,51,115.65
2000,lv,female,52,115.7
2000,lv,female,53,114.05
2000,lv,female,54,107.66
2000,lv,female,55,104.71
2000,lv,female,56,100.53
2000,lv,female,57,101.27
2000,lv,female,58,99.806
2000,lv,female,59,99.93
2000,lv,female,60,101.02
2000,lv,female,61,102.79
2000,lv,female,62,104.28
2000,lv,female,63,103.59
2000,lv,female,64,108.28
2000,lv,female,65,104.87
2000,lv,female,66,106.54
2000,lv,female,67,106.12
2000,lv,female,68,107.79
2000,lv,female,69,104.1
2000,lv,female,70,100.41
2000,lv,female,71,100.14
2000,lv,female,72,99.213
2000,lv,female,73,97.665
2000,lv,female,74,95.527
2000,lv,female,75,92.109
2000,lv,female,76,89.083
2000,lv,female,77,85.612
2000,lv,female,78,81.74
2000,lv,female,79,65.883
2000,lv,female,80,52.535
2000,lv,female,81,36.825
2000,lv,female,82,30.519
2000,lv,female,83,28.392
2000,lv,female,84,35.181
2000,lv,female,85,43.305
2000,lv,female,86,37.97
2000,lv,female,87,32.899
2000,lv,female,88,28.139
2000,lv,female,89,23.729
2000,lv,female,90,19.702
2000,lv,female,91,16.081
2000,lv,female,92,12.883
2000,lv,female,93,10.11
2000,lv,female,94,7.7572
2000,lv,female,95,5.8068
2000,lv,female,96,4.2308
2000,lv,female,97,2.9926
2000,lv,female,98,2.057
2000,lv,female,99,1.3593
2000,lv,female,100,2.2426
2000,rom,male,0,418.85
2000,rom,male,1,410.6
2000,rom,male,2,404.12
2000,rom,male,3,410.44
2000,rom,male,4,411.99
2000,rom,male,5,420.71
2000,rom,male,6,421.88
2000,rom,male,7,418.16
2000,rom,male,8,434.91
2000,rom,male,9,429.51
2000,rom,male,10,433.62
2000,rom,male,11,430.55
2000,rom,male,12,444.28
2000,rom,male,13,448
2000,rom,male,14,447.99
2000,rom,male,15,455.34
2000,rom,male,16,450.04
2000,rom,male,17,452.28
2000,rom,male,18,447.69
2000,rom,male,19,454.54
2000,rom,male,20,440.36
2000,rom,male,21,441.02
2000,rom,male,22,431.18
2000,rom,male,23,429.09
2000,rom,male,24,421.37
2000,rom,male,25,410.01
2000,rom,male,26,399.1
2000,rom,male,27,402.33
2000,rom,male,28,401.7
2000,rom,male,29,395.82
2000,rom,male,30,396.08
2000,rom,male,31,395.12
2000,rom,male,32,394.4
2000,rom,male,33,391.54
2000,rom,male,34,405.21
2000,rom,male,35,405.47
2000,rom,male,36,406.08
2000,rom,male,37,406.18
2000,rom,male,38,408.19
2000,rom,male,39,413.52
2000,rom,male,40,420.04
2000,rom,male,41,411.23
2000,rom,male,42,421.73
2000,rom,male,43,404.63
2000,rom,male,44,401.55
2000,rom,male,45,390.62
2000,rom,male,46,384.12
2000,rom,male,47,373.76
2000,rom,male,48,362.93
2000,rom,male,49,351.64
2000,rom,male,50,341.82
2000,rom,male,51,316.26
2000,rom,male,52,312.24
2000,rom,male,53,304.33
2000,rom,male,54,284.37
2000,rom,male,55,274.52
2000,rom,male,56,262.18
2000,rom,male,57,262.22
2000,rom,male,58,255.99
2000,rom,male,59,253.43
2000,rom,male,60,252.34
2000,rom,male,61,252.02
2000,rom,male,62,250.52
2000,rom,male,63,243.41
2000,rom,male,64,248.6
2000,rom,male,65,235.03
2000,rom,male,66,233.12
2000,rom,male,67,226.25
2000,rom,male,68,168.27
2000,rom,male,69,165.17
2000,rom,male,70,156.43
2000,rom,male,71,149.32
2000,rom,male,72,141.23
2000,rom,male,73,132.52
2000,rom,male,74,123.34
2000,rom,male,75,113.71
2000,rom,male,76,104.06
2000,rom,male,77,94.335
2000,rom,male,78,84.657
2000,rom,male,79,66.414
2000,rom,male,80,49.441
2000,rom,male,81,32.328
2000,rom,male,82,24.925
2000,rom,male,83,21.599
2000,rom,male,84,24.048
2000,rom,male,85,25.792
2000,rom,male,86,20.248
2000,rom,male,87,15.536
2000,rom,male,88,11.642
2000,rom,male,89,8.4916
2000,rom,male,90,5.9992
2000,rom,male,91,4.1011
2000,rom,male,92,2.7041
2000,rom,male,93,1.7139
2000,rom,male,94,1.0402
2000,rom,male,95,0.60211
2000,rom,female,0,397.72
2000,rom,female,1,393.44
2000,rom,female,2,388.51
2000,rom,female,3,395.22
2000,rom,female,4,397.17
2000,rom,female,5,405.94
2000,rom,female,6,407.42
2000,rom,female,7,404.26
2000,rom,female,8,421.02
2000,rom,female,9,416.39
2000,rom,female,10,420.98
2000,rom,female,11,418.54
2000,rom,female,12,432.44
2000,rom,female,13,436.75
2000,rom,female,14,437.48
2000,rom,female,15,445.28
2000,rom,female,16,440.49
2000,rom,female,17,442.94
2000,rom,female,18,438.8
2000,rom,female,19,445.9
2000,rom,female,20,432.35
2000,rom,female,21,433.4
2000,rom,female,22,423.93
2000,rom,female,23,421.99
2000,rom,female,24,414.66
2000,rom,female,25,403.86
2000,rom,female,26,393.4
2000,rom,female,27,396.87
2000,rom,female,28,396.55
2000,rom,female,29,391.06
2000,rom,female,30,391.76
2000,rom,female,31,391.29
2000,rom,female,32,391.08
2000,rom,female,33,388.7
2000,rom,female,34,402.76
2000,rom,female,35,403.52
2000,rom,female,36,404.7
2000,rom,female,37,405.42
2000,rom,female,38,408.07
2000,rom,female,39,414.06
2000,rom,female,40,421.2
2000,rom,female,41,413.07
2000,rom,female,42,424.49
2000,rom,female,43,408.11
2000,rom,female,44,405.82
2000,rom,female,45,395.66
2000,rom,female,46,390
2000,rom,female,47,380.44
2000,rom,female,48,370.47
2000,rom,female,49,360.08
2000,rom,female,50,351.25
2000,rom,female,51,326.21
2000,rom,female,52,323.32
2000,rom,female,53,316.42
2000,rom,female,54,296.95
2000,rom,female,55,287.88
2000,rom,female,56,276.13
2000,rom,female,57,277.54
2000,rom,female,58,272.45
2000,rom,female,59,271.33
2000,rom,female,60,271.97
2000,rom,female,61,273.65
2000,rom,female,62,274.2
2000,rom,female,63,268.76
2000,rom,female,64,277.14
2000,rom,female,65,264.74
2000,rom,female,66,265.56
2000,rom,female,67,260.99
2000,rom,female,68,196.24
2000,rom,female,69,194.74
2000,rom,female,70,187.36
2000,rom,female,71,182.11
2000,rom,female,72,175.76
2000,rom,female,73,168.62
2000,rom,female,74,160.83
2000,rom,female,75,152.16
2000,rom,female,76,143.46
2000,rom,female,77,134.38
2000,rom,female,78,125.01
2000,rom,female,79,102.02
2000,rom,female,80,79.325
2000,rom,female,81,54.418
2000,rom,female,82,44.226
2000,rom,female,83,40.492
2000,rom,female,84,47.997
2000,rom,female,85,55.143
2000,rom,female,86,46.688
2000,rom,female,87,38.926
2000,rom,female,88,31.912
2000,rom,female,89,25.685
2000,rom,female,90,20.262
2000,rom,female,91,15.635
2000,rom,female,92,11.776
2000,rom,female,93,8.6374
2000,rom,female,94,6.1537
2000,rom,female,95,4.2467
2000,rom,female,96,2.8302
2000,rom,female,97,1.8155
2000,rom,female,98,1.1192
2000,rom,female,99,0.65767
2000,rom,female,100,0.79497
2000,kdr,male,0,1.1214
2000,kdr,male,1,1.1388
2000,kdr,male,2,1.149
2000,kdr,male,3,1.1929
2000,kdr,male,4,1.2232
2000,kdr,male,5,1.2685
2000,kdr,male,6,1.3001
2000,kdr,male,7,1.3164
2000,kdr,male,8,1.395
2000,kdr,male,9,1.4387
2000,kdr,male,10,1.4919
2000,kdr,male,11,1.5183
2000,kdr,male,12,1.5992
2000,kdr,male,13,1.6645
2000,kdr,male,14,1.7214
2000,kdr,male,15,1.7957
2000,kdr,male,16,1.8418
2000,kdr,male,17,1.9127
2000,kdr,male,18,1.9577
2000,kdr,male,19,2.0665
2000,kdr,male,20,2.0548
2000,kdr,male,21,2.1157
2000,kdr,male,22,2.1109
2000,kdr,male,23,2.1534
2000,kdr,male,24,2.1551
2000,kdr,male,25,2.1228
2000,kdr,male,26,2.0742
2000,kdr,male,27,2.1046
2000,kdr,male,28,2.1072
2000,kdr,male,29,2.0978
2000,kdr,male,30,2.126
2000,kdr,male,31,2.1361
2000,kdr,male,32,2.1395
2000,kdr,male,33,2.161
2000,kdr,male,34,2.281
2000,kdr,male,35,2.3372
2000,kdr,male,36,2.416
2000,kdr,male,37,2.4868
2000,kdr,male,38,2.5901
2000,kdr,male,39,2.7233
2000,kdr,male,40,2.9088
2000,kdr,male,41,2.9777
2000,kdr,male,42,3.2068
2000,kdr,male,43,3.2541
2000,kdr,male,44,3.399
2000,kdr,male,45,3.4779
2000,kdr,male,46,3.5771
2000,kdr,male,47,3.5893
2000,kdr,male,48,3.5552
2000,kdr,male,49,3.4831
2000,kdr,male,50,3.4029
2000,kdr,male,51,3.1658
2000,kdr,male,52,3.1421
2000,kdr,male,53,3.0742
2000,kdr,male,54,2.8814
2000,kdr,male,55,2.7837
2000,kdr,male,56,2.6577
2000,kdr,male,57,2.6612
2000,kdr,male,58,2.6061
2000,kdr,male,59,2.5891
2000,kdr,male,60,2.5945
2000,kdr,male,61,2.6163
2000,kdr,male,62,2.629
2000,kdr,male,63,2.584
2000,kdr,male,64,2.6702
2000,kdr,male,65,2.5579
2000,kdr,male,66,2.5696
2000,kdr,male,67,2.5271
2000,kdr,male,68,3.4245
2000,kdr,male,69,3.2576
2000,kdr,male,70,3.0951
2000,kdr,male,71,3.0362
2000,kdr,male,72,2.9559
2000,kdr,male,73,2.8551
2000,kdr,male,74,2.7356
2000,kdr,male,75,2.5712
2000,kdr,male,76,2.4237
2000,kdr,male,77,2.2648
2000,kdr,male,78,2.097
2000,kdr,male,79,1.655
2000,kdr,male,80,1.272
2000,kdr,male,81,0.85659
2000,kdr,male,82,0.67926
2000,kdr,male,83,0.60461
2000,kdr,male,84,0.70767
2000,kdr,male,85,0.81173
2000,kdr,male,86,0.66765
2000,kdr,male,87,0.53896
2000,kdr,female,0,1.0615
2000,kdr,female,1,1.0831
2000,kdr,female,2,1.0948
2000,kdr,female,3,1.1378
2000,kdr,female,4,1.1675
2000,kdr,female,5,1.2114
2000,kdr,female,6,1.2422
2000,kdr,female,7,1.2588
2000,kdr,female,8,1.3355
2000,kdr,female,9,1.3788
2000,kdr,female,10,1.4313
2000,kdr,female,11,1.4581
2000,kdr,female,12,1.5373
2000,kdr,female,13,1.6022
2000,kdr,female,14,1.6591
2000,kdr,female,15,1.7327
2000,kdr,female,16,1.7784
2000,kdr,female,17,1.8476
2000,kdr,female,18,1.8923
2000,kdr,female,19,1.9987
2000,kdr,female,20,1.9889
2000,kdr,female,21,2.0497
2000,kdr,female,22,2.0461
2000,kdr,female,23,2.0881
2000,kdr,female,24,2.0913
2000,kdr,female,25,2.062
2000,kdr,female,26,2.0166
2000,kdr,female,27,2.048
2000,kdr,female,28,2.0523
2000,kdr,female,29,2.045
2000,kdr,female,30,2.075
2000,kdr,female,31,2.0874
2000,kdr,female,32,2.0934
2000,kdr,female,33,2.117
2000,kdr,female,34,2.2371
2000,kdr,female,35,2.2951
2000,kdr,female,36,2.3757
2000,kdr,female,37,2.4489
2000,kdr,female,38,2.5544
2000,kdr,female,39,2.6898
2000,kdr,female,40,2.8769
2000,kdr,female,41,2.9497
2000,kdr,female,42,3.1827
2000,kdr,female,43,3.2356
2000,kdr,female,44,3.3857
2000,kdr,female,45,3.4713
2000,kdr,female,46,3.5779
2000,kdr,female,47,3.5981
2000,kdr,female,48,3.5731
2000,kdr,female,49,3.5104
2000,kdr,female,50,3.4399
2000,kdr,female,51,3.2107
2000,kdr,female,52,3.1974
2000,kdr,female,53,3.1394
2000,kdr,female,54,2.9537
2000,kdr,female,55,2.8646
2000,kdr,female,56,2.7458
2000,kdr,female,57,2.7619
2000,kdr,female,58,2.7182
2000,kdr,female,59,2.7151
2000,kdr,female,60,2.737
2000,kdr,female,61,2.7781
2000,kdr,female,62,2.8114
2000,kdr,female,63,2.7848
2000,kdr,female,64,2.9023
2000,kdr,female,65,2.8054
2000,kdr,female,66,2.8461
2000,kdr,female,67,2.83
2000,kdr,female,68,3.8714
2000,kdr,female,69,3.7324
2000,kdr,female,70,3.5991
2000,kdr,female,71,3.5885
2000,kdr,female,72,3.5563
2000,kdr,female,73,3.503
2000,kdr,female,74,3.4294
2000,kdr,female,75,3.2736
2000,kdr,female,76,3.1675
2000,kdr,female,77,3.0461
2000,kdr,female,78,2.9108
2000,kdr,female,79,2.3785
2000,kdr,female,80,1.8991
2000,kdr,female,81,1.3337
2000,kdr,female,82,1.1075
2000,kdr,female,83,1.029
2000,kdr,female,84,1.2719
2000,kdr,female,85,1.5488
2000,kdr,female,86,1.3605
2000,kdr,female,87,1.1806
2000,kdr,female,88,1.011
2000,kdr,female,89,0.8532
2000,kdr,female,90,0.70871
2000,kdr,female,91,0.57851
2000,wym,male,15,0.53615
2000,wym,male,16,0.56383
2000,wym,male,17,0.5985
2000,wym,male,18,0.6299
2000,wym,male,19,0.67524
2000,wym,male,20,0.68445
2000,wym,male,21,0.70576
2000,wym,male,22,0.7044
2000,wym,male,23,0.70493
2000,wym,male,24,0.69531
2000,wym,male,25,0.6729
2000,wym,male,26,0.6513
2000,wym,male,27,0.64893
2000,wym,male,28,0.64125
2000,wym,male,29,0.62903
2000,wym,male,30,0.63044
2000,wym,male,31,0.63831
2000,wym,male,32,0.65202
2000,wym,male,33,0.67502
2000,wym,male,34,0.73567
2000,wym,male,35,0.78522
2000,wym,male,36,0.85205
2000,wym,male,37,0.9379
2000,wym,male,38,1.0515
2000,wym,male,39,1.1899
2000,wym,male,40,1.3602
2000,wym,male,41,1.4935
2000,wym,male,42,1.7226
2000,wym,male,43,1.8536
2000,wym,male,44,2.0182
2000,wym,male,45,2.1319
2000,wym,male,46,2.2034
2000,wym,male,47,2.2074
2000,wym,male,48,2.1697
2000,wym,male,49,2.0842
2000,wym,male,50,1.9805
2000,wym,male,51,1.7756
2000,wym,male,52,1.7075
2000,wym,male,53,1.634
2000,wym,male,54,1.4923
2000,wym,male,55,1.4086
2000,wym,male,56,1.3115
2000,wym,male,57,1.2731
2000,wym,male,58,1.2238
2000,wym,male,59,1.1703
2000,wym,male,60,1.1406
2000,wym,male,61,1.1343
2000,wym,male,62,1.1324
2000,wym,male,63,1.1235
2000,wym,male,64,1.1656
2000,wym,male,65,1.1421
2000,wym,male,66,1.1918
2000,wym,male,67,1.1966
2000,wym,male,68,4.8802
2000,wym,male,69,4.6346
2000,wym,male,70,4.3918
2000,wym,male,71,4.2285
2000,wym,male,72,4.0461
2000,wym,male,73,3.8464
2000,wym,male,74,3.6314
2000,wym,male,75,3.2555
2000,wym,male,76,3.0409
2000,wym,male,77,2.8206
2000,wym,male,78,2.5967
2000,wym,male,79,2.1819
2000,wym,male,80,1.6754
2000,wym,male,81,1.1442
2000,wym,male,82,0.9233
2000,wym,male,83,0.79137
2000,wym,male,84,0.91274
2000,wym,male,85,0.98861
2000,wym,male,86,0.8216
2000,wym,male,87,0.67062
2000,wym,male,88,0.53829
2000,wym,female,15,0.5173
2000,wym,female,16,0.54436
2000,wym,female,17,0.57812
2000,wym,female,18,0.6089
2000,wym,female,19,0.6532
2000,wym,female,20,0.66283
2000,wym,female,21,0.68447
2000,wym,female,22,0.68394
2000,wym,female,23,0.68516
2000,wym,female,24,0.67682
2000,wym,female,25,0.6562
2000,wym,female,26,0.63624
2000,wym,female,27,0.63515
2000,wym,female,28,0.62894
2000,wym,female,29,0.61831
2000,wym,female,30,0.62108
2000,wym,female,31,0.63015
2000,wym,female,32,0.64507
2000,wym,female,33,0.66921
2000,wym,female,34,0.73084
2000,wym,female,35,0.78172
2000,wym,female,36,0.85019
2000,wym,female,37,0.9381
2000,wym,female,38,1.0543
2000,wym,female,39,1.1959
2000,wym,female,40,1.3701
2000,wym,female,41,1.5081
2000,wym,female,42,1.7443
2000,wym,female,43,1.882
2000,wym,female,44,2.0548
2000,wym,female,45,2.1769
2000,wym,female,46,2.2568
2000,wym,female,47,2.2685
2000,wym,female,48,2.2379
2000,wym,female,49,2.1582
2000,wym,female,50,2.0594
2000,wym,female,51,1.8546
2000,wym,female,52,1.7916
2000,wym,female,53,1.7225
2000,wym,female,54,1.5808
2000,wym,female,55,1.4993
2000,wym,female,56,1.4029
2000,wym,female,57,1.3693
2000,wym,female,58,1.3242
2000,wym,female,59,1.2744
2000,wym,female,60,1.2506
2000,wym,female,61,1.253
2000,wym,female,62,1.261
2000,wym,female,63,1.262
2000,wym,female,64,1.3216
2000,wym,female,65,1.3066
2000,wym,female,66,1.3767
2000,wym,female,67,1.3975
2000,wym,female,68,5.7055
2000,wym,female,69,5.4914
2000,wym,female,70,5.2816
2000,wym,female,71,5.1694
2000,wym,female,72,5.0364
2000,wym,female,73,4.8836
2000,wym,female,74,4.7119
2000,wym,female,75,4.1873
2000,wym,female,76,4.0266
2000,wym,female,77,3.8574
2000,wym,female,78,3.6811
2000,wym,female,79,3.2193
2000,wym,female,80,2.5844
2000,wym,female,81,1.8547
2000,wym,female,82,1.5813
2000,wym,female,83,1.354
2000,wym,female,84,1.6493
2000,wym,female,85,1.8969
2000,wym,female,86,1.6839
2000,wym,female,87,1.4779
2000,wym,female,88,1.2809
2000,wym,female,89,1.0948
2000,wym,female,90,0.92147
2000,wym,female,91,0.76231
2000,wym,female,92,0.61869
2000,oth,male,0,165.52
2000,oth,male,1,169.42
2000,oth,male,2,171.17
2000,oth,male,3,177.1
2000,oth,male,4,181.64
2000,oth,male,5,188.85
2000,oth,male,6,192.58
2000,oth,male,7,194.83
2000,oth,male,8,205.26
2000,oth,male,9,208.26
2000,oth,male,10,215.13
2000,oth,male,11,218.47
2000,oth,male,12,229.46
2000,oth,male,13,237.16
2000,oth,male,14,243.44
2000,oth,male,15,252.64
2000,oth,male,16,255.36
2000,oth,male,17,262.14
2000,oth,male,18,267.17
2000,oth,male,19,278.42
2000,oth,male,20,277.65
2000,oth,male,21,286.85
2000,oth,male,22,290.91
2000,oth,male,23,299.57
2000,oth,male,24,304.95
2000,oth,male,25,306.32
2000,oth,male,26,307.21
2000,oth,male,27,316.4
2000,oth,male,28,321.49
2000,oth,male,29,323.66
2000,oth,male,30,328.72
2000,oth,male,31,331.77
2000,oth,male,32,334.09
2000,oth,male,33,334.75
2000,oth,male,34,347.69
2000,oth,male,35,351.38
2000,oth,male,36,356.8
2000,oth,male,37,362.45
2000,oth,male,38,371.82
2000,oth,male,39,384.53
2000,oth,male,40,400.24
2000,oth,male,41,404.43
2000,oth,male,42,426.45
2000,oth,male,43,424.53
2000,oth,male,44,434.47
2000,oth,male,45,436.58
2000,oth,male,46,441.1
2000,oth,male,47,439.52
2000,oth,male,48,435.09
2000,oth,male,49,428.48
2000,oth,male,50,421.91
2000,oth,male,51,397.18
2000,oth,male,52,395.75
2000,oth,male,53,390.11
2000,oth,male,54,369.83
2000,oth,male,55,359.93
2000,oth,male,56,346.08
2000,oth,male,57,346.36
2000,oth,male,58,339.27
2000,oth,male,59,335.58
2000,oth,male,60,333.82
2000,oth,male,61,333.53
2000,oth,male,62,331.93
2000,oth,male,63,323.91
2000,oth,male,64,330.75
2000,oth,male,65,316.42
2000,oth,male,66,316.4
2000,oth,male,67,310.45
2000,oth,male,68,390.81
2000,oth,male,69,371.13
2000,oth,male,70,351.91
2000,oth,male,71,342.54
2000,oth,male,72,331.25
2000,oth,male,73,318.11
2000,oth,male,74,303.27
2000,oth,male,75,284.34
2000,oth,male,76,267.67
2000,oth,male,77,250.04
2000,oth,male,78,231.69
2000,oth,male,79,187.72
2000,oth,male,80,146.53
2000,oth,male,81,100.84
2000,oth,male,82,81.617
2000,oth,male,83,71.979
2000,oth,male,84,82.156
2000,oth,male,85,91.976
2000,oth,male,86,76.179
2000,oth,male,87,62.033
2000,oth,male,88,50.205
2000,oth,male,89,40.003
2000,oth,male,90,30.701
2000,oth,male,91,23.045
2000,oth,male,92,16.909
2000,oth,male,93,12.128
2000,oth,male,94,8.518
2000,oth,male,95,5.881
2000,oth,male,96,4.0217
2000,oth,male,97,2.758
2000,oth,male,98,1.948
2000,oth,male,99,1.4157
2000,oth,male,100,2.1233
2000,oth,female,0,156.34
2000,oth,female,1,160.52
2000,oth,female,2,162.21
2000,oth,female,3,167.81
2000,oth,female,4,172.17
2000,oth,female,5,179
2000,oth,female,6,182.52
2000,oth,female,7,184.66
2000,oth,female,8,194.69
2000,oth,female,9,197.75
2000,oth,female,10,204.58
2000,oth,female,11,207.98
2000,oth,female,12,218.76
2000,oth,female,13,226.46
2000,oth,female,14,232.84
2000,oth,female,15,241.97
2000,oth,female,16,244.75
2000,oth,female,17,251.4
2000,oth,female,18,256.46
2000,oth,female,19,267.5
2000,oth,female,20,266.8
2000,oth,female,21,275.55
2000,oth,female,22,278.99
2000,oth,female,23,286.63
2000,oth,female,24,291.16
2000,oth,female,25,291.9
2000,oth,female,26,292.18
2000,oth,female,27,300.64
2000,oth,female,28,305.14
2000,oth,female,29,307
2000,oth,female,30,311.94
2000,oth,female,31,315.08
2000,oth,female,32,317.71
2000,oth,female,33,318.85
2000,oth,female,34,332.16
2000,oth,female,35,336.44
2000,oth,female,36,342.48
2000,oth,female,37,348.75
2000,oth,female,38,358.76
2000,oth,female,39,372.14
2000,oth,female,40,388.54
2000,oth,female,41,393.67
2000,oth,female,42,416.7
2000,oth,female,43,415.95
2000,oth,female,44,427.01
2000,oth,female,45,430.3
2000,oth,female,46,435.95
2000,oth,female,47,435.42
2000,oth,female,48,432.02
2000,oth,female,49,426.37
2000,oth,female,50,420.81
2000,oth,female,51,396.83
2000,oth,female,52,396.55
2000,oth,female,53,392.1
2000,oth,female,54,372.75
2000,oth,female,55,364.06
2000,oth,female,56,351.31
2000,oth,female,57,353.39
2000,oth,female,58,347.96
2000,oth,female,59,346.23
2000,oth,female,60,346.72
2000,oth,female,61,348.99
2000,oth,female,62,350.08
2000,oth,female,63,344.46
2000,oth,female,64,355.22
2000,oth,female,65,342.96
2000,oth,female,66,346.64
2000,oth,female,67,344.06
2000,oth,female,68,438.77
2000,oth,female,69,422.28
2000,oth,female,70,406.36
2000,oth,female,71,402.07
2000,oth,female,72,395.8
2000,oth,female,73,387.59
2000,oth,female,74,377.47
2000,oth,female,75,359.9
2000,oth,female,76,348.35
2000,oth,female,77,335.56
2000,oth,female,78,321.68
2000,oth,female,79,270.2
2000,oth,female,80,219.36
2000,oth,female,81,157.29
2000,oth,female,82,133.58
2000,oth,female,83,121.83
2000,oth,female,84,147.44
2000,oth,female,85,175.73
2000,oth,female,86,154.97
2000,oth,female,87,135.11
2000,oth,female,88,116.35
2000,oth,female,89,98.856
2000,oth,female,90,82.765
2000,oth,female,91,68.191
2000,oth,female,92,55.213
2000,oth,female,93,43.872
2000,oth,female,94,34.163
2000,oth,female,95,26.037
2000,oth,female,96,19.403
2000,oth,female,97,14.13
2000,oth,female,98,10.215
2000,oth,female,99,7.1153
2000,oth,female,100,12.991
2010,pl,male,0,1.9749e+05
2010,pl,male,1,1.9617e+05
2010,pl,male,2,1.9714e+05
2010,pl,male,3,2.0313e+05
2010,pl,male,4,2.0084e+05
2010,pl,male,5,2.0019e+05
2010,pl,male,6,2.0349e+05
2010,pl,male,7,2.0018e+05
2010,pl,male,8,2.001e+05
2010,pl,male,9,1.9684e+05
2010,pl,male,10,2.0121e+05
2010,pl,male,11,2.035e+05
2010,pl,male,12,2.0247e+05
2010,pl,male,13,2.0657e+05
2010,pl,male,14,2.0811e+05
2010,pl,male,15,2.1326e+05
2010,pl,male,16,2.1467e+05
2010,pl,male,17,2.1341e+05
2010,pl,male,18,2.2275e+05
2010,pl,male,19,2.214e+05
2010,pl,male,20,2.2465e+05
2010,pl,male,21,2.2409e+05
2010,pl,male,22,2.3165e+05
2010,pl,male,23,2.341e+05
2010,pl,male,24,2.3402e+05
2010,pl,male,25,2.379e+05
2010,pl,male,26,2.3571e+05
2010,pl,male,27,2.3689e+05
2010,pl,male,28,2.3516e+05
2010,pl,male,29,2.3937e+05
2010,pl,male,30,2.3281e+05
2010,pl,male,31,2.3424e+05
2010,pl,male,32,2.3052e+05
2010,pl,male,33,2.3054e+05
2010,pl,male,34,2.2801e+05
2010,pl,male,35,2.2326e+05
2010,pl,male,36,2.1834e+05
2010,pl,male,37,2.2094e+05
2010,pl,male,38,2.214e+05
2010,pl,male,39,2.1902e+05
2010,pl,male,40,2.1993e+05
2010,pl,male,41,2.2014e+05
2010,pl,male,42,2.2032e+05
2010,pl,male,43,2.1917e+05
2010,pl,male,44,2.2771e+05
2010,pl,male,45,2.2891e+05
2010,pl,male,46,2.3049e+05
2010,pl,male,47,2.3204e+05
2010,pl,male,48,2.3494e+05
2010,pl,male,49,2.4005e+05
2010,pl,male,50,2.4609e+05
2010,pl,male,51,2.4366e+05
2010,pl,male,52,2.5274e+05
2010,pl,male,53,2.4535e+05
2010,pl,male,54,2.4615e+05
2010,pl,male,55,2.4192e+05
2010,pl,male,56,2.3982e+05
2010,pl,male,57,2.3441e+05
2010,pl,male,58,2.2785e+05
2010,pl,male,59,2.2045e+05
2010,pl,male,60,2.1349e+05
2010,pl,male,61,1.9674e+05
2010,pl,male,62,1.9316e+05
2010,pl,male,63,1.8704e+05
2010,pl,male,64,1.7342e+05
2010,pl,male,65,1.6571e+05
2010,pl,male,66,1.564e+05
2010,pl,male,67,1.5431e+05
2010,pl,male,68,1.484e+05
2010,pl,male,69,1.4457e+05
2010,pl,male,70,1.4154e+05
2010,pl,male,71,1.3882e+05
2010,pl,male,72,1.353e+05
2010,pl,male,73,1.2868e+05
2010,pl,male,74,1.2836e+05
2010,pl,male,75,1.1821e+05
2010,pl,male,76,1.1384e+05
2010,pl,male,77,1.0708e+05
2010,pl,male,78,94043
2010,pl,male,79,85194
2010,pl,male,80,76717
2010,pl,male,81,70344
2010,pl,male,82,63772
2010,pl,male,83,57109
2010,pl,male,84,50474
2010,pl,male,85,44070
2010,pl,male,86,37813
2010,pl,male,87,31920
2010,pl,male,88,26474
2010,pl,male,89,19149
2010,pl,male,90,13031
2010,pl,male,91,7567.7
2010,pl,male,92,5194.4
2010,pl,male,93,3963.5
2010,pl,male,94,3807.4
2010,pl,male,95,3503
2010,pl,male,96,2319
2010,pl,male,97,1476.7
2010,pl,male,98,899.86
2010,pl,male,99,523.65
2010,pl,male,100,617.54
2010,pl,female,0,1.866e+05
2010,pl,female,1,1.8577e+05
2010,pl,female,2,1.869e+05
2010,pl,female,3,1.9271e+05
2010,pl,female,4,1.9067e+05
2010,pl,female,5,1.9019e+05
2010,pl,female,6,1.9341e+05
2010,pl,female,7,1.9041e+05
2010,pl,female,8,1.9051e+05
2010,pl,female,9,1.8755e+05
2010,pl,female,10,1.9186e+05
2010,pl,female,11,1.9424e+05
2010,pl,female,12,1.9341e+05
2010,pl,female,13,1.9748e+05
2010,pl,female,14,1.9908e+05
2010,pl,female,15,2.0413e+05
2010,pl,female,16,2.0559e+05
2010,pl,female,17,2.0454e+05
2010,pl,female,18,2.1371e+05
2010,pl,female,19,2.1266e+05
2010,pl,female,20,2.1602e+05
2010,pl,female,21,2.157e+05
2010,pl,female,22,2.2319e+05
2010,pl,female,23,2.2584e+05
2010,pl,female,24,2.2608e+05
2010,pl,female,25,2.3009e+05
2010,pl,female,26,2.2814e+05
2010,pl,female,27,2.294e+05
2010,pl,female,28,2.2789e+05
2010,pl,female,29,2.3214e+05
2010,pl,female,30,2.2594e+05
2010,pl,female,31,2.2751e+05
2010,pl,female,32,2.2399e+05
2010,pl,female,33,2.2406e+05
2010,pl,female,34,2.2173e+05
2010,pl,female,35,2.173e+05
2010,pl,female,36,2.1266e+05
2010,pl,female,37,2.1535e+05
2010,pl,female,38,2.1595e+05
2010,pl,female,39,2.1381e+05
2010,pl,female,40,2.1495e+05
2010,pl,female,41,2.1544e+05
2010,pl,female,42,2.1592e+05
2010,pl,female,43,2.1509e+05
2010,pl,female,44,2.238e+05
2010,pl,female,45,2.2533e+05
2010,pl,female,46,2.2729e+05
2010,pl,female,47,2.2925e+05
2010,pl,female,48,2.3258e+05
2010,pl,female,49,2.3814e+05
2010,pl,female,50,2.4466e+05
2010,pl,female,51,2.4283e+05
2010,pl,female,52,2.5258e+05
2010,pl,female,53,2.4592e+05
2010,pl,female,54,2.4748e+05
2010,pl,female,55,2.4405e+05
2010,pl,female,56,2.4282e+05
2010,pl,female,57,2.3829e+05
2010,pl,female,58,2.3265e+05
2010,pl,female,59,2.2619e+05
2010,pl,female,60,2.2024e+05
2010,pl,female,61,2.0417e+05
2010,pl,female,62,2.0173e+05
2010,pl,female,63,1.9668e+05
2010,pl,female,64,1.8372e+05
2010,pl,female,65,1.7694e+05
2010,pl,female,66,1.6842e+05
2010,pl,female,67,1.6776e+05
2010,pl,female,68,1.6303e+05
2010,pl,female,69,1.6066e+05
2010,pl,female,70,1.593e+05
2010,pl,female,71,1.5845e+05
2010,pl,female,72,1.5682e+05
2010,pl,female,73,1.5167e+05
2010,pl,female,74,1.5413e+05
2010,pl,female,75,1.4484e+05
2010,pl,female,76,1.4262e+05
2010,pl,female,77,1.3748e+05
2010,pl,female,78,1.241e+05
2010,pl,female,79,1.1584e+05
2010,pl,female,80,1.0781e+05
2010,pl,female,81,1.0246e+05
2010,pl,female,82,96616
2010,pl,female,83,90345
2010,pl,female,84,83731
2010,pl,female,85,77126
2010,pl,female,86,70051
2010,pl,female,87,62942
2010,pl,female,88,55903
2010,pl,female,89,43566
2010,pl,female,90,32183
2010,pl,female,91,20468
2010,pl,female,92,15513
2010,pl,female,93,13252
2010,pl,female,94,14372
2010,pl,female,95,15101
2010,pl,female,96,11556
2010,pl,female,97,8624.3
2010,pl,female,98,6262.8
2010,pl,female,99,4414.9
2010,pl,female,100,8860.4
2010,uk,male,0,55851
2010,uk,male,1,55061
2010,uk,male,2,55253
2010,uk,male,3,56857
2010,uk,male,4,55818
2010,uk,male,5,55652
2010,uk,male,6,56525
2010,uk,male,7,55621
2010,uk,male,8,55607
2010,uk,male,9,54980
2010,uk,male,10,56146
2010,uk,male,11,56790
2010,uk,male,12,56288
2010,uk,male,13,57530
2010,uk,male,14,57710
2010,uk,male,15,59138
2010,uk,male,16,59956
2010,uk,male,17,59405
2010,uk,male,18,61582
2010,uk,male,19,61121
2010,uk,male,20,61535
2010,uk,male,21,61192
2010,uk,male,22,62832
2010,uk,male,23,63256
2010,uk,male,24,62507
2010,uk,male,25,63010
2010,uk,male,26,62132
2010,uk,male,27,61533
2010,uk,male,28,60380
2010,uk,male,29,61023
2010,uk,male,30,58812
2010,uk,male,31,58606
2010,uk,male,32,57140
2010,uk,male,33,56496
2010,uk,male,34,55447
2010,uk,male,35,53980
2010,uk,male,36,52572
2010,uk,male,37,52958
2010,uk,male,38,52804
2010,uk,male,39,52128
2010,uk,male,40,52188
2010,uk,male,41,52126
2010,uk,male,42,51935
2010,uk,male,43,51297
2010,uk,male,44,53125
2010,uk,male,45,53103
2010,uk,male,46,53160
2010,uk,male,47,53159
2010,uk,male,48,53454
2010,uk,male,49,54057
2010,uk,male,50,55001
2010,uk,male,51,53937
2010,uk,male,52,55437
2010,uk,male,53,53346
2010,uk,male,54,53085
2010,uk,male,55,51692
2010,uk,male,56,50776
2010,uk,male,57,49137
2010,uk,male,58,47263
2010,uk,male,59,45226
2010,uk,male,60,43395
2010,uk,male,61,39614
2010,uk,male,62,38620
2010,uk,male,63,37198
2010,uk,male,64,34351
2010,uk,male,65,32773
2010,uk,male,66,30878
2010,uk,male,67,30440
2010,uk,male,68,29205
2010,uk,male,69,28330
2010,uk,male,70,27562
2010,uk,male,71,26815
2010,uk,male,72,25919
2010,uk,male,73,24455
2010,uk,male,74,24202
2010,uk,male,75,22096
2010,uk,male,76,21127
2010,uk,male,77,19732
2010,uk,male,78,18116
2010,uk,male,79,16290
2010,uk,male,80,14557
2010,uk,male,81,13050
2010,uk,male,82,11576
2010,uk,male,83,10149
2010,uk,male,84,8785.1
2010,uk,male,85,7496.4
2010,uk,male,86,6306.4
2010,uk,male,87,5219.6
2010,uk,male,88,4244
2010,uk,male,89,3027.6
2010,uk,male,90,2004.1
2010,uk,male,91,1164.6
2010,uk,male,92,785.75
2010,uk,male,93,590.6
2010,uk,male,94,556.64
2010,uk,male,95,491.71
2010,uk,male,96,317.63
2010,uk,male,97,196.83
2010,uk,male,98,116.89
2010,uk,male,99,66.223
2010,uk,male,100,71.722
2010,uk,female,0,52788
2010,uk,female,1,52178
2010,uk,female,2,52425
2010,uk,female,3,53989
2010,uk,female,4,53044
2010,uk,female,5,52929
2010,uk,female,6,53786
2010,uk,female,7,52969
2010,uk,female,8,53012
2010,uk,female,9,52460
2010,uk,female,10,53620
2010,uk,female,11,54292
2010,uk,female,12,53863
2010,uk,female,13,55098
2010,uk,female,14,55310
2010,uk,female,15,56711
2010,uk,female,16,57530
2010,uk,female,17,57050
2010,uk,female,18,59207
2010,uk,female,19,58832
2010,uk,female,20,59299
2010,uk,female,21,59030
2010,uk,female,22,60680
2010,uk,female,23,61172
2010,uk,female,24,60535
2010,uk,female,25,61099
2010,uk,female,26,60298
2010,uk,female,27,59753
2010,uk,female,28,58681
2010,uk,female,29,59357
2010,uk,female,30,57256
2010,uk,female,31,57110
2010,uk,female,32,55717
2010,uk,female,33,55113
2010,uk,female,34,54132
2010,uk,female,35,52757
2010,uk,female,36,51426
2010,uk,female,37,51856
2010,uk,female,38,51758
2010,uk,female,39,51152
2010,uk,female,40,51285
2010,uk,female,41,51302
2010,uk,female,42,51196
2010,uk,female,43,50648
2010,uk,female,44,52540
2010,uk,female,45,52607
2010,uk,female,46,52765
2010,uk,female,47,52874
2010,uk,female,48,53286
2010,uk,female,49,54013
2010,uk,female,50,55087
2010,uk,female,51,54166
2010,uk,female,52,55846
2010,uk,female,53,53913
2010,uk,female,54,53828
2010,uk,female,55,52614
2010,uk,female,56,51891
2010,uk,female,57,50437
2010,uk,female,58,48751
2010,uk,female,59,46902
2010,uk,female,60,45272
2010,uk,female,61,41594
2010,uk,female,62,40832
2010,uk,female,63,39621
2010,uk,female,64,36884
2010,uk,female,65,35484
2010,uk,female,66,33731
2010,uk,female,67,33585
2010,uk,female,68,32580
2010,uk,female,69,31986
2010,uk,female,70,31535
2010,uk,female,71,31135
2010,uk,female,72,30580
2010,uk,female,73,29363
2010,uk,female,74,29626
2010,uk,female,75,27628
2010,uk,female,76,27035
2010,uk,female,77,25906
2010,uk,female,78,24461
2010,uk,female,79,22692
2010,uk,female,80,20985
2010,uk,female,81,19536
2010,uk,female,82,18061
2010,uk,female,83,16571
2010,uk,female,84,15077
2010,uk,female,85,13586
2010,uk,female,86,12141
2010,uk,female,87,10739
2010,uk,female,88,9392.1
2010,uk,female,89,7256.3
2010,uk,female,90,5243.8
2010,uk,female,91,3354.9
2010,uk,female,92,2515.8
2010,uk,female,93,2120
2010,uk,female,94,2268.5
2010,uk,female,95,2303.5
2010,uk,female,96,1731.6
2010,uk,female,97,1266.5
2010,uk,female,98,898.93
2010,uk,female,99,617.44
2010,uk,female,100,1130.6
2010,be,male,0,8695.5
2010,be,male,1,8711.6
2010,be,male,2,8860.1
2010,be,male,3,9251.3
2010,be,male,4,9193
2010,be,male,5,9261.7
2010,be,male,6,9511.5
2010,be,male,7,9470.6
2010,be,male,8,9517
2010,be,male,9,9482.2
2010,be,male,10,9739.9
2010,be,male,11,9948.6
2010,be,male,12,9987.5
2010,be,male,13,10301
2010,be,male,14,10489
2010,be,male,15,10818
2010,be,male,16,10963
2010,be,male,17,10956
2010,be,male,18,11478
2010,be,male,19,11500
2010,be,male,20,11666
2010,be,male,21,11635
2010,be,male,22,12009
2010,be,male,23,12129
2010,be,male,24,12083
2010,be,male,25,12222
2010,be,male,26,12085
2010,be,male,27,12030
2010,be,male,28,11902
2010,be,male,29,12057
2010,be,male,30,11625
2010,be,male,31,11598
2010,be,male,32,11338
2010,be,male,33,11260
2010,be,male,34,11064
2010,be,male,35,10781
2010,be,male,36,10533
2010,be,male,37,10636
2010,be,male,38,10610
2010,be,male,39,10530
2010,be,male,40,10573
2010,be,male,41,10616
2010,be,male,42,10625
2010,be,male,43,10561
2010,be,male,44,10961
2010,be,male,45,10999
2010,be,male,46,11068
2010,be,male,47,11071
2010,be,male,48,11142
2010,be,male,49,11282
2010,be,male,50,11504
2010,be,male,51,11292
2010,be,male,52,11604
2010,be,male,53,11168
2010,be,male,54,11083
2010,be,male,55,10761
2010,be,male,56,10521
2010,be,male,57,10127
2010,be,male,58,9685.9
2010,be,male,59,9222.7
2010,be,male,60,8798.2
2010,be,male,61,7989.3
2010,be,male,62,7757.3
2010,be,male,63,7450.7
2010,be,male,64,6872.7
2010,be,male,65,6579.4
2010,be,male,66,6221.1
2010,be,male,67,6154
2010,be,male,68,5928.2
2010,be,male,69,5767.3
2010,be,male,70,5621.2
2010,be,male,71,5473.8
2010,be,male,72,5289.1
2010,be,male,73,4988.4
2010,be,male,74,4936.6
2010,be,male,75,4508.4
2010,be,male,76,4311.9
2010,be,male,77,4025.7
2010,be,male,78,3974.5
2010,be,male,79,3565.2
2010,be,male,80,3177.6
2010,be,male,81,2818.3
2010,be,male,82,2474.3
2010,be,male,83,2148
2010,be,male,84,1841.7
2010,be,male,85,1553.9
2010,be,male,86,1299.3
2010,be,male,87,1069.7
2010,be,male,88,865.79
2010,be,male,89,584.67
2010,be,male,90,385.48
2010,be,male,91,223.54
2010,be,male,92,150.49
2010,be,male,93,111.06
2010,be,male,94,106.52
2010,be,male,95,98.98
2010,be,male,96,63.736
2010,be,male,97,39.34
2010,be,male,98,23.593
2010,be,male,99,13.53
2010,be,male,100,14.413
2010,be,female,0,8219.3
2010,be,female,1,8257.2
2010,be,female,2,8409.1
2010,be,female,3,8787.4
2010,be,female,4,8739.2
2010,be,female,5,8811.6
2010,be,female,6,9054
2010,be,female,7,9022.1
2010,be,female,8,9075.8
2010,be,female,9,9050.1
2010,be,female,10,9303.9
2010,be,female,11,9513.3
2010,be,female,12,9559.1
2010,be,female,13,9866.4
2010,be,female,14,10054
2010,be,female,15,10376
2010,be,female,16,10521
2010,be,female,17,10523
2010,be,female,18,11037
2010,be,female,19,11071
2010,be,female,20,11244
2010,be,female,21,11226
2010,be,female,22,11601
2010,be,female,23,11734
2010,be,female,24,11709
2010,be,female,25,11860
2010,be,female,26,11740
2010,be,female,27,11696
2010,be,female,28,11584
2010,be,female,29,11748
2010,be,female,30,11341
2010,be,female,31,11328
2010,be,female,32,11084
2010,be,female,33,11017
2010,be,female,34,10837
2010,be,female,35,10575
2010,be,female,36,10346
2010,be,female,37,10461
2010,be,female,38,10449
2010,be,female,39,10386
2010,be,female,40,10446
2010,be,female,41,10507
2010,be,female,42,10535
2010,be,female,43,10491
2010,be,female,44,10909
2010,be,female,45,10969
2010,be,female,46,11062
2010,be,female,47,11091
2010,be,female,48,11190
2010,be,female,49,11361
2010,be,female,50,11614
2010,be,female,51,11433
2010,be,female,52,11788
2010,be,female,53,11384
2010,be,female,54,11338
2010,be,female,55,11054
2010,be,female,56,10854
2010,be,female,57,10496
2010,be,female,58,10090
2010,be,female,59,9661.9
2010,be,female,60,9274.7
2010,be,female,61,8479.2
2010,be,female,62,8292.4
2010,be,female,63,8026.2
2010,be,female,64,7465.3
2010,be,female,65,7207
2010,be,female,66,6876.5
2010,be,female,67,6871.3
2010,be,female,68,6693.3
2010,be,female,69,6591.1
2010,be,female,70,6511.1
2010,be,female,71,6435.4
2010,be,female,72,6320.2
2010,be,female,73,6067.7
2010,be,female,74,6123.3
2010,be,female,75,5713
2010,be,female,76,5593.2
2010,be,female,77,5358.9
2010,be,female,78,5438.6
2010,be,female,79,5034.7
2010,be,female,80,4646.1
2010,be,female,81,4281.1
2010,be,female,82,3919.4
2010,be,female,83,3562.7
2010,be,female,84,3213
2010,be,female,85,2860.2
2010,be,female,86,2547.5
2010,be,female,87,2248.3
2010,be,female,88,1964.5
2010,be,female,89,1443.1
2010,be,female,90,1043.7
2010,be,female,91,670
2010,be,female,92,504.35
2010,be,female,93,415.9
2010,be,female,94,453.04
2010,be,female,95,484.05
2010,be,female,96,363.24
2010,be,female,97,265.19
2010,be,female,98,187.83
2010,be,female,99,128.68
2010,be,female,100,233.73
2010,pls,male,0,6143.9
2010,pls,male,1,6182.9
2010,pls,male,2,6317.2
2010,pls,male,3,6606.7
2010,pls,male,4,6593
2010,pls,male,5,6658.5
2010,pls,male,6,6877.5
2010,pls,male,7,6911.8
2010,pls,male,8,6995.8
2010,pls,male,9,7036.9
2010,pls,male,10,7336.8
2010,pls,male,11,7587.3
2010,pls,male,12,7683.3
2010,pls,male,13,8000.5
2010,pls,male,14,8212.2
2010,pls,male,15,8479.3
2010,pls,male,16,8627.6
2010,pls,male,17,8626.4
2010,pls,male,18,9016.9
2010,pls,male,19,9005.6
2010,pls,male,20,9129.3
2010,pls,male,21,9068.6
2010,pls,male,22,9315.5
2010,pls,male,23,9329.5
2010,pls,male,24,9233.3
2010,pls,male,25,9254.8
2010,pls,male,26,9096.6
2010,pls,male,27,8996.1
2010,pls,male,28,8855.1
2010,pls,male,29,8902.8
2010,pls,male,30,8536.1
2010,pls,male,31,8496.5
2010,pls,male,32,8276.8
2010,pls,male,33,8209.7
2010,pls,male,34,8092.1
2010,pls,male,35,7894.3
2010,pls,male,36,7720
2010,pls,male,37,7819.8
2010,pls,male,38,7840.4
2010,pls,male,39,7826.5
2010,pls,male,40,7871.3
2010,pls,male,41,7934.1
2010,pls,male,42,7917
2010,pls,male,43,7873.9
2010,pls,male,44,8132.6
2010,pls,male,45,8113.7
2010,pls,male,46,8088.4
2010,pls,male,47,8059.7
2010,pls,male,48,8041.8
2010,pls,male,49,8076.1
2010,pls,male,50,8158.4
2010,pls,male,51,7933.9
2010,pls,male,52,8078.5
2010,pls,male,53,7714.8
2010,pls,male,54,7604.1
2010,pls,male,55,7344.6
2010,pls,male,56,7135.3
2010,pls,male,57,6835.4
2010,pls,male,58,6520
2010,pls,male,59,6202.7
2010,pls,male,60,5918.1
2010,pls,male,61,5378.4
2010,pls,male,62,5230.8
2010,pls,male,63,5034.3
2010,pls,male,64,4659.3
2010,pls,male,65,4494.3
2010,pls,male,66,4277.5
2010,pls,male,67,4252.9
2010,pls,male,68,4106.3
2010,pls,male,69,3989.5
2010,pls,male,70,3874.7
2010,pls,male,71,3759.2
2010,pls,male,72,3617.9
2010,pls,male,73,3400.3
2010,pls,male,74,3355.7
2010,pls,male,75,3058.1
2010,pls,male,76,2919.1
2010,pls,male,77,2721.6
2010,pls,male,78,2713.9
2010,pls,male,79,2422.1
2010,pls,male,80,2148.8
2010,pls,male,81,1879.9
2010,pls,male,82,1628.5
2010,pls,male,83,1395.2
2010,pls,male,84,1180.8
2010,pls,male,85,985.67
2010,pls,male,86,816.86
2010,pls,male,87,666.84
2010,pls,male,88,535.41
2010,pls,male,89,358.77
2010,pls,male,90,234.77
2010,pls,male,91,135.92
2010,pls,male,92,91.311
2010,pls,male,93,66.628
2010,pls,male,94,63.157
2010,pls,male,95,57.966
2010,pls,male,96,36.841
2010,pls,male,97,22.428
2010,pls,male,98,13.58
2010,pls,male,99,7.9097
2010,pls,male,100,8.1466
2010,pls,female,0,5809.1
2010,pls,female,1,5864.3
2010,pls,female,2,6000.5
2010,pls,female,3,6281.4
2010,pls,female,4,6274.1
2010,pls,female,5,6341.8
2010,pls,female,6,6553.9
2010,pls,female,7,6592.5
2010,pls,female,8,6680.3
2010,pls,female,9,6725.5
2010,pls,female,10,7018.1
2010,pls,female,11,7265.1
2010,pls,female,12,7363.8
2010,pls,female,13,7674.2
2010,pls,female,14,7883.2
2010,pls,female,15,8144.2
2010,pls,female,16,8291.5
2010,pls,female,17,8297.6
2010,pls,female,18,8683.1
2010,pls,female,19,8682.5
2010,pls,female,20,8812
2010,pls,female,21,8762.5
2010,pls,female,22,9011.3
2010,pls,female,23,9038.5
2010,pls,female,24,8961.7
2010,pls,female,25,8997.9
2010,pls,female,26,8854.2
2010,pls,female,27,8765
2010,pls,female,28,8639.3
2010,pls,female,29,8699.2
2010,pls,female,30,8354.9
2010,pls,female,31,8330.6
2010,pls,female,32,8126.7
2010,pls,female,33,8070.8
2010,pls,female,34,7968
2010,pls,female,35,7788.1
2010,pls,female,36,7629.5
2010,pls,female,37,7742.4
2010,pls,female,38,7777.9
2010,pls,female,39,7780.8
2010,pls,female,40,7843.1
2010,pls,female,41,7922.6
2010,pls,female,42,7922.9
2010,pls,female,43,7897.3
2010,pls,female,44,8175.5
2010,pls,female,45,8175.8
2010,pls,female,46,8171
2010,pls,female,47,8164.4
2010,pls,female,48,8170.2
2010,pls,female,49,8229.9
2010,pls,female,50,8338.5
2010,pls,female,51,8136.2
2010,pls,female,52,8316.8
2010,pls,female,53,7974
2010,pls,female,54,7891.5
2010,pls,female,55,7656.5
2010,pls,female,56,7474.4
2010,pls,female,57,7197.8
2010,pls,female,58,6905.8
2010,pls,female,59,6611.8
2010,pls,female,60,6352.3
2010,pls,female,61,5816.5
2010,pls,female,62,5702.3
2010,pls,female,63,5535.2
2010,pls,female,64,5169.8
2010,pls,female,65,5031
2010,pls,female,66,4833.8
2010,pls,female,67,4856.3
2010,pls,female,68,4743.6
2010,pls,female,69,4667.7
2010,pls,female,70,4598
2010,pls,female,71,4530.9
2010,pls,female,72,4435.1
2010,pls,female,73,4246.1
2010,pls,female,74,4276.4
2010,pls,female,75,3984.5
2010,pls,female,76,3896.7
2010,pls,female,77,3732.2
2010,pls,female,78,3828.4
2010,pls,female,79,3530.6
2010,pls,female,80,3247.1
2010,pls,female,81,2955.6
2010,pls,female,82,2674.1
2010,pls,female,83,2403
2010,pls,female,84,2143.3
2010,pls,female,85,1894.3
2010,pls,female,86,1680.6
2010,pls,female,87,1478.6
2010,pls,female,88,1289
2010,pls,female,89,945.35
2010,pls,female,90,682.99
2010,pls,female,91,440.69
2010,pls,female,92,333.31
2010,pls,female,93,272.42
2010,pls,female,94,293.96
2010,pls,female,95,310.97
2010,pls,female,96,230.91
2010,pls,female,97,166.7
2010,pls,female,98,116.66
2010,pls,female,99,78.895
2010,pls,female,100,138
2010,yi,male,0,13300
2010,yi,male,1,13147
2010,yi,male,2,13167
2010,yi,male,3,13487
2010,yi,male,4,13184
2010,yi,male,5,13021
2010,yi,male,6,13127
2010,yi,male,7,12833
2010,yi,male,8,12680
2010,yi,male,9,12361
2010,yi,male,10,12453
2010,yi,male,11,12469
2010,yi,male,12,12256
2010,yi,male,13,12374
2010,yi,male,14,12345
2010,yi,male,15,12525
2010,yi,male,16,12506
2010,yi,male,17,12332
2010,yi,male,18,12743
2010,yi,male,19,12622
2010,yi,male,20,12701
2010,yi,male,21,12621
2010,yi,male,22,12981
2010,yi,male,23,13069
2010,yi,male,24,13025
2010,yi,male,25,13183
2010,yi,male,26,13046
2010,yi,male,27,13019
2010,yi,male,28,12885
2010,yi,male,29,13109
2010,yi,male,30,12686
2010,yi,male,31,12707
2010,yi,male,32,12432
2010,yi,male,33,12314
2010,yi,male,34,12068
2010,yi,male,35,11678
2010,yi,male,36,11305
2010,yi,male,37,11308
2010,yi,male,38,11165
2010,yi,male,39,10932
2010,yi,male,40,10866
2010,yi,male,41,10788
2010,yi,male,42,10696
2010,yi,male,43,10553
2010,yi,male,44,10924
2010,yi,male,45,10938
2010,yi,male,46,11001
2010,yi,male,47,11057
2010,yi,male,48,11228
2010,yi,male,49,11507
2010,yi,male,50,11887
2010,yi,male,51,11850
2010,yi,male,52,12404
2010,yi,male,53,12198
2010,yi,male,54,12377
2010,yi,male,55,12308
2010,yi,male,56,12304
2010,yi,male,57,12083
2010,yi,male,58,11764
2010,yi,male,59,11366
2010,yi,male,60,10974
2010,yi,male,61,10054
2010,yi,male,62,9804.5
2010,yi,male,63,9432
2010,yi,male,64,8681.5
2010,yi,male,65,8262.2
2010,yi,male,66,7755.8
2010,yi,male,67,7614.4
2010,yi,male,68,7291.4
2010,yi,male,69,7069.9
2010,yi,male,70,6898.7
2010,yi,male,71,6764.4
2010,yi,male,72,6606.4
2010,yi,male,73,6312.9
2010,yi,male,74,6331.5
2010,yi,male,75,5867.2
2010,yi,male,76,5689.7
2010,yi,male,77,5390.5
2010,yi,male,78,6937.2
2010,yi,male,79,6359
2010,yi,male,80,5795.4
2010,yi,male,81,5544.2
2010,yi,male,82,5223
2010,yi,male,83,4844.7
2010,yi,male,84,4423.7
2010,yi,male,85,3908.5
2010,yi,male,86,3458.7
2010,yi,male,87,3008.9
2010,yi,male,88,2571
2010,yi,male,89,1861.8
2010,yi,male,90,1295.6
2010,yi,male,91,774.28
2010,yi,male,92,539.39
2010,yi,male,93,407.67
2010,yi,male,94,407.15
2010,yi,male,95,392.19
2010,yi,male,96,267.44
2010,yi,male,97,176.02
2010,yi,male,98,111.97
2010,yi,male,99,68.484
2010,yi,male,100,90.507
2010,yi,female,0,12563
2010,yi,female,1,12441
2010,yi,female,2,12471
2010,yi,female,3,12781
2010,yi,female,4,12502
2010,yi,female,5,12355
2010,yi,female,6,12461
2010,yi,female,7,12189
2010,yi,female,8,12054
2010,yi,female,9,11759
2010,yi,female,10,11854
2010,yi,female,11,11880
2010,yi,female,12,11685
2010,yi,female,13,11806
2010,yi,female,14,11785
2010,yi,female,15,11962
2010,yi,female,16,11949
2010,yi,female,17,11790
2010,yi,female,18,12196
2010,yi,female,19,12092
2010,yi,female,20,12180
2010,yi,female,21,12114
2010,yi,female,22,12471
2010,yi,female,23,12572
2010,yi,female,24,12546
2010,yi,female,25,12714
2010,yi,female,26,12591
2010,yi,female,27,12573
2010,yi,female,28,12454
2010,yi,female,29,12682
2010,yi,female,30,12285
2010,yi,female,31,12317
2010,yi,female,32,12058
2010,yi,female,33,11949
2010,yi,female,34,11722
2010,yi,female,35,11356
2010,yi,female,36,11004
2010,yi,female,37,11018
2010,yi,female,38,10891
2010,yi,female,39,10676
2010,yi,female,40,10628
2010,yi,female,41,10567
2010,yi,female,42,10494
2010,yi,female,43,10370
2010,yi,female,44,10752
2010,yi,female,45,10784
2010,yi,female,46,10868
2010,yi,female,47,10946
2010,yi,female,48,11139
2010,yi,female,49,11443
2010,yi,female,50,11849
2010,yi,female,51,11843
2010,yi,female,52,12435
2010,yi,female,53,12268
2010,yi,female,54,12490
2010,yi,female,55,12466
2010,yi,female,56,12511
2010,yi,female,57,12338
2010,yi,female,58,12069
2010,yi,female,59,11721
2010,yi,female,60,11380
2010,yi,female,61,10490
2010,yi,female,62,10296
2010,yi,female,63,9974.7
2010,yi,female,64,9250.8
2010,yi,female,65,8873.5
2010,yi,female,66,8400.2
2010,yi,female,67,8324.4
2010,yi,female,68,8054.2
2010,yi,female,69,7898.1
2010,yi,female,70,7803.7
2010,yi,female,71,7758.5
2010,yi,female,72,7693.2
2010,yi,female,73,7475.1
2010,yi,female,74,7635.6
2010,yi,female,75,7218.8
2010,yi,female,76,7155.8
2010,yi,female,77,6946
2010,yi,female,78,9174.7
2010,yi,female,79,8657.8
2010,yi,female,80,8147
2010,yi,female,81,8073.3
2010,yi,female,82,7904.3
2010,yi,female,83,7648.1
2010,yi,female,84,7314.2
2010,yi,female,85,6717.8
2010,yi,female,86,6290.9
2010,yi,female,87,5824.6
2010,yi,female,88,5330
2010,yi,female,89,4162.5
2010,yi,female,90,3147
2010,yi,female,91,2060.8
2010,yi,female,92,1587.3
2010,yi,female,93,1306.5
2010,yi,female,94,1464.7
2010,yi,female,95,1601
2010,yi,female,96,1254.2
2010,yi,female,97,960.9
2010,yi,female,98,719.09
2010,yi,female,99,524.86
2010,yi,female,100,1206.4
2010,de,male,0,2418.9
2010,de,male,1,2436.8
2010,de,male,2,2491.9
2010,de,male,3,2584.6
2010,de,male,4,2573.4
2010,de,male,5,2582.4
2010,de,male,6,2649.8
2010,de,male,7,2642.8
2010,de,male,8,2662.5
2010,de,male,9,2625.5
2010,de,male,10,2697.5
2010,de,male,11,2756.4
2010,de,male,12,2757.2
2010,de,male,13,2831.1
2010,de,male,14,2872.2
2010,de,male,15,2946.3
2010,de,male,16,2977.3
2010,de,male,17,2973.7
2010,de,male,18,3119.5
2010,de,male,19,3115.9
2010,de,male,20,3177.7
2010,de,male,21,3191.9
2010,de,male,22,3318.6
2010,de,male,23,3367.1
2010,de,male,24,3401.3
2010,de,male,25,3480.5
2010,de,male,26,3507.8
2010,de,male,27,3557.5
2010,de,male,28,3590.3
2010,de,male,29,3709.8
2010,de,male,30,3663.9
2010,de,male,31,3741
2010,de,male,32,3743.2
2010,de,male,33,3785.3
2010,de,male,34,3770.8
2010,de,male,35,3725.8
2010,de,male,36,3668.7
2010,de,male,37,3730
2010,de,male,38,3728
2010,de,male,39,3697.7
2010,de,male,40,3724.3
2010,de,male,41,3736.8
2010,de,male,42,3747.9
2010,de,male,43,3736.4
2010,de,male,44,3908.6
2010,de,male,45,3947.2
2010,de,male,46,4011.4
2010,de,male,47,4075.1
2010,de,male,48,4174.2
2010,de,male,49,4305.9
2010,de,male,50,4488.9
2010,de,male,51,4524.2
2010,de,male,52,4773.5
2010,de,male,53,4730.8
2010,de,male,54,4831
2010,de,male,55,4836.7
2010,de,male,56,4875.5
2010,de,male,57,4840.6
2010,de,male,58,4784.3
2010,de,male,59,4699.9
2010,de,male,60,4614.7
2010,de,male,61,4288.8
2010,de,male,62,4253.3
2010,de,male,63,4153
2010,de,male,64,3860.9
2010,de,male,65,3705.8
2010,de,male,66,3500
2010,de,male,67,3454
2010,de,male,68,3322.9
2010,de,male,69,3236.1
2010,de,male,70,3181.9
2010,de,male,71,3151.3
2010,de,male,72,3116.2
2010,de,male,73,3019.9
2010,de,male,74,3075.3
2010,de,male,75,2890.4
2010,de,male,76,2848.3
2010,de,male,77,2747.4
2010,de,male,78,2662.7
2010,de,male,79,2443.9
2010,de,male,80,2228.3
2010,de,male,81,2109.1
2010,de,male,82,1967.2
2010,de,male,83,1807.3
2010,de,male,84,1634.6
2010,de,male,85,1448.1
2010,de,male,86,1267.9
2010,de,male,87,1090.5
2010,de,male,88,920.4
2010,de,male,89,704.08
2010,de,male,90,493.43
2010,de,male,91,283.03
2010,de,male,92,197.9
2010,de,male,93,150.04
2010,de,male,94,142.28
2010,de,male,95,129.52
2010,de,male,96,86.437
2010,de,male,97,55.589
2010,de,male,98,34.529
2010,de,male,99,20.653
2010,de,male,100,26.212
2010,de,female,0,2284.7
2010,de,female,1,2305.6
2010,de,female,2,2359.8
2010,de,female,3,2448.9
2010,de,female,4,2439.8
2010,de,female,5,2449.7
2010,de,female,6,2514.7
2010,de,female,7,2509.7
2010,de,female,8,2530.6
2010,de,female,9,2497.1
2010,de,female,10,2567.4
2010,de,female,11,2625.7
2010,de,female,12,2628.6
2010,de,female,13,2701
2010,de,female,14,2741.8
2010,de,female,15,2813.9
2010,de,female,16,2844.8
2010,de,female,17,2843.4
2010,de,female,18,2985.7
2010,de,female,19,2985.4
2010,de,female,20,3047.8
2010,de,female,21,3064.2
2010,de,female,22,3189
2010,de,female,23,3239.7
2010,de,female,24,3277.3
2010,de,female,25,3357.9
2010,de,female,26,3387.3
2010,de,female,27,3437.7
2010,de,female,28,3472.7
2010,de,female,29,3591.9
2010,de,female,30,3551.3
2010,de,female,31,3630
2010,de,female,32,3634.8
2010,de,female,33,3677.8
2010,de,female,34,3667.2
2010,de,female,35,3627.9
2010,de,female,36,3576.1
2010,de,female,37,3639.9
2010,de,female,38,3642.1
2010,de,female,39,3617
2010,de,female,40,3648.4
2010,de,female,41,3666.2
2010,de,female,42,3682.9
2010,de,female,43,3677.4
2010,de,female,44,3853.1
2010,de,female,45,3897.9
2010,de,female,46,3968.7
2010,de,female,47,4039.9
2010,de,female,48,4147.1
2010,de,female,49,4287.7
2010,de,female,50,4479.9
2010,de,female,51,4526.7
2010,de,female,52,4790
2010,de,female,53,4761.3
2010,de,female,54,4877.3
2010,de,female,55,4899.9
2010,de,female,56,4957.2
2010,de,female,57,4941.4
2010,de,female,58,4905.3
2010,de,female,59,4841.9
2010,de,female,60,4779.3
2010,de,female,61,4467.4
2010,de,female,62,4457.8
2010,de,female,63,4381.9
2010,de,female,64,4103.5
2010,de,female,65,3968.5
2010,de,female,66,3779
2010,de,female,67,3763.7
2010,de,female,68,3657.8
2010,de,female,69,3602.1
2010,de,female,70,3585.5
2010,de,female,71,3599.4
2010,de,female,72,3612.4
2010,de,female,73,3558
2010,de,female,74,3688.4
2010,de,female,75,3535.2
2010,de,female,76,3559.3
2010,de,female,77,3515.5
2010,de,female,78,3493.8
2010,de,female,79,3300.4
2010,de,female,80,3106.5
2010,de,female,81,3044
2010,de,female,82,2949.3
2010,de,female,83,2825.3
2010,de,female,84,2675.5
2010,de,female,85,2485.1
2010,de,female,86,2301.3
2010,de,female,87,2105.2
2010,de,female,88,1901.3
2010,de,female,89,1564.9
2010,de,female,90,1189.5
2010,de,female,91,746.79
2010,de,female,92,576.11
2010,de,female,93,484.15
2010,de,female,94,516.59
2010,de,female,95,535.27
2010,de,female,96,411.32
2010,de,female,97,308.78
2010,de,female,98,226.57
2010,de,female,99,162.55
2010,de,female,100,358.96
2010,ru,male,0,1909.3
2010,ru,male,1,1904.9
2010,ru,male,2,1923.2
2010,ru,male,3,1990.8
2010,ru,male,4,1967.1
2010,ru,male,5,1965.7
2010,ru,male,6,2004.3
2010,ru,male,7,1987.4
2010,ru,male,8,1992.9
2010,ru,male,9,1975.5
2010,ru,male,10,2024.5
2010,ru,male,11,2061.1
2010,ru,male,12,2056.6
2010,ru,male,13,2116.6
2010,ru,male,14,2145
2010,ru,male,15,2201.6
2010,ru,male,16,2228.8
2010,ru,male,17,2218.6
2010,ru,male,18,2314
2010,ru,male,19,2310.8
2010,ru,male,20,2340.1
2010,ru,male,21,2336.1
2010,ru,male,22,2412.6
2010,ru,male,23,2434.3
2010,ru,male,24,2428.8
2010,ru,male,25,2465.3
2010,ru,male,26,2438.5
2010,ru,male,27,2430.8
2010,ru,male,28,2409.1
2010,ru,male,29,2448.2
2010,ru,male,30,2368.8
2010,ru,male,31,2370.9
2010,ru,male,32,2321.4
2010,ru,male,33,2309.3
2010,ru,male,34,2272.3
2010,ru,male,35,2219.4
2010,ru,male,36,2169
2010,ru,male,37,2190.5
2010,ru,male,38,2183.7
2010,ru,male,39,2161.8
2010,ru,male,40,2168.8
2010,ru,male,41,2178
2010,ru,male,42,2176.5
2010,ru,male,43,2164.9
2010,ru,male,44,2253.7
2010,ru,male,45,2265.1
2010,ru,male,46,2283.6
2010,ru,male,47,2290.7
2010,ru,male,48,2313
2010,ru,male,49,2351.3
2010,ru,male,50,2406
2010,ru,male,51,2371.9
2010,ru,male,52,2446
2010,ru,male,53,2362.6
2010,ru,male,54,2357.6
2010,ru,male,55,2301.6
2010,ru,male,56,2262.4
2010,ru,male,57,2190.4
2010,ru,male,58,2107.1
2010,ru,male,59,2016.7
2010,ru,male,60,1933
2010,ru,male,61,1761.7
2010,ru,male,62,1713.5
2010,ru,male,63,1647.3
2010,ru,male,64,1519.5
2010,ru,male,65,1450.5
2010,ru,male,66,1367.9
2010,ru,male,67,1350.8
2010,ru,male,68,1300
2010,ru,male,69,1265
2010,ru,male,70,1235.3
2010,ru,male,71,1207.1
2010,ru,male,72,1171.3
2010,ru,male,73,1109.7
2010,ru,male,74,1103
2010,ru,male,75,1011.3
2010,ru,male,76,970.34
2010,ru,male,77,909.14
2010,ru,male,78,882.56
2010,ru,male,79,794.83
2010,ru,male,80,711.27
2010,ru,male,81,640.32
2010,ru,male,82,570.32
2010,ru,male,83,502.05
2010,ru,male,84,436.34
2010,ru,male,85,372.96
2010,ru,male,86,315.29
2010,ru,male,87,262.29
2010,ru,male,88,214.4
2010,ru,male,89,146.32
2010,ru,male,90,97.36
2010,ru,male,91,56.513
2010,ru,male,92,38.117
2010,ru,male,93,28.381
2010,ru,male,94,27.421
2010,ru,male,95,25.693
2010,ru,male,96,16.716
2010,ru,male,97,10.441
2010,ru,male,98,6.2716
2010,ru,male,99,3.5949
2010,ru,male,100,3.9884
2010,ru,female,0,1804.5
2010,ru,female,1,1805
2010,ru,female,2,1824.6
2010,ru,female,3,1890.2
2010,ru,female,4,1869.2
2010,ru,female,5,1869.3
2010,ru,female,6,1906.9
2010,ru,female,7,1892.4
2010,ru,female,8,1899.7
2010,ru,female,9,1884.6
2010,ru,female,10,1933
2010,ru,female,11,1970
2010,ru,female,12,1967.4
2010,ru,female,13,2026.4
2010,ru,female,14,2055.1
2010,ru,female,15,2110.4
2010,ru,female,16,2137.8
2010,ru,female,17,2129.8
2010,ru,female,18,2223.8
2010,ru,female,19,2223.3
2010,ru,female,20,2254
2010,ru,female,21,2252.5
2010,ru,female,22,2329
2010,ru,female,23,2353.2
2010,ru,female,24,2351.6
2010,ru,female,25,2390.2
2010,ru,female,26,2366.5
2010,ru,female,27,2360.7
2010,ru,female,28,2341.7
2010,ru,female,29,2382.1
2010,ru,female,30,2307.3
2010,ru,female,31,2311.7
2010,ru,female,32,2265.3
2010,ru,female,33,2254.8
2010,ru,female,34,2220.8
2010,ru,female,35,2171.8
2010,ru,female,36,2124.8
2010,ru,female,37,2148.3
2010,ru,female,38,2144.2
2010,ru,female,39,2125.4
2010,ru,female,40,2135.6
2010,ru,female,41,2148.1
2010,ru,female,42,2150.3
2010,ru,female,43,2142.4
2010,ru,female,44,2234.1
2010,ru,female,45,2249.5
2010,ru,female,46,2272.4
2010,ru,female,47,2284.4
2010,ru,female,48,2311.9
2010,ru,female,49,2355.8
2010,ru,female,50,2416.3
2010,ru,female,51,2388.6
2010,ru,female,52,2471
2010,ru,female,53,2394.5
2010,ru,female,54,2397.6
2010,ru,female,55,2349.4
2010,ru,female,56,2318.5
2010,ru,female,57,2254.5
2010,ru,female,58,2179.3
2010,ru,female,59,2096.9
2010,ru,female,60,2021.6
2010,ru,female,61,1854.1
2010,ru,female,62,1815.7
2010,ru,female,63,1758.5
2010,ru,female,64,1634.9
2010,ru,female,65,1573.6
2010,ru,female,66,1497.1
2010,ru,female,67,1492.9
2010,ru,female,68,1452.5
2010,ru,female,69,1430.3
2010,ru,female,70,1415.2
2010,ru,female,71,1403
2010,ru,female,72,1383.3
2010,ru,female,73,1333.4
2010,ru,female,74,1350.9
2010,ru,female,75,1264.8
2010,ru,female,76,1241.7
2010,ru,female,77,1193.3
2010,ru,female,78,1190.1
2010,ru,female,79,1105.4
2010,ru,female,80,1023.4
2010,ru,female,81,956.2
2010,ru,female,82,887.16
2010,ru,female,83,816.77
2010,ru,female,84,745.7
2010,ru,female,85,671.36
2010,ru,female,86,602.78
2010,ru,female,87,535.74
2010,ru,female,88,470.95
2010,ru,female,89,348.1
2010,ru,female,90,252.86
2010,ru,female,91,161.67
2010,ru,female,92,121.25
2010,ru,female,93,100.76
2010,ru,female,94,110.3
2010,ru,female,95,118.51
2010,ru,female,96,89.582
2010,ru,female,97,65.953
2010,ru,female,98,47.17
2010,ru,female,99,32.685
2010,ru,female,100,61.872
2010,lt,male,0,11488
2010,lt,male,1,11458
2010,lt,male,2,11667
2010,lt,male,3,12104
2010,lt,male,4,12041
2010,lt,male,5,12053
2010,lt,male,6,12364
2010,lt,male,7,12220
2010,lt,male,8,12289
2010,lt,male,9,12112
2010,lt,male,10,12354
2010,lt,male,11,12625
2010,lt,male,12,12565
2010,lt,male,13,12966
2010,lt,male,14,13073
2010,lt,male,15,13442
2010,lt,male,16,13571
2010,lt,male,17,13490
2010,lt,male,18,14059
2010,lt,male,19,14065
2010,lt,male,20,14239
2010,lt,male,21,14212
2010,lt,male,22,14790
2010,lt,male,23,15102
2010,lt,male,24,15244
2010,lt,male,25,15618
2010,lt,male,26,15630
2010,lt,male,27,15737
2010,lt,male,28,15785
2010,lt,male,29,16286
2010,lt,male,30,15949
2010,lt,male,31,16177
2010,lt,male,32,16039
2010,lt,male,33,16122
2010,lt,male,34,16050
2010,lt,male,35,15709
2010,lt,male,36,15470
2010,lt,male,37,15701
2010,lt,male,38,15709
2010,lt,male,39,15532
2010,lt,male,40,15626
2010,lt,male,41,15629
2010,lt,male,42,15672
2010,lt,male,43,15596
2010,lt,male,44,16267
2010,lt,male,45,16431
2010,lt,male,46,16695
2010,lt,male,47,16874
2010,lt,male,48,17207
2010,lt,male,49,17656
2010,lt,male,50,18274
2010,lt,male,51,18245
2010,lt,male,52,19124
2010,lt,male,53,18736
2010,lt,male,54,19000
2010,lt,male,55,18847
2010,lt,male,56,18855
2010,lt,male,57,18588
2010,lt,male,58,18198
2010,lt,male,59,17715
2010,lt,male,60,17298
2010,lt,male,61,16026
2010,lt,male,62,15813
2010,lt,male,63,15354
2010,lt,male,64,14268
2010,lt,male,65,13646
2010,lt,male,66,12881
2010,lt,male,67,12737
2010,lt,male,68,12290
2010,lt,male,69,12026
2010,lt,male,70,11834
2010,lt,male,71,11672
2010,lt,male,72,11443
2010,lt,male,73,10943
2010,lt,male,74,10969
2010,lt,male,75,10132
2010,lt,male,76,9778.6
2010,lt,male,77,9215.5
2010,lt,male,78,8321.1
2010,lt,male,79,7540
2010,lt,male,80,6784.8
2010,lt,male,81,6215.9
2010,lt,male,82,5626.7
2010,lt,male,83,5028.3
2010,lt,male,84,4432.4
2010,lt,male,85,3852.8
2010,lt,male,86,3294.2
2010,lt,male,87,2769.5
2010,lt,male,88,2286.4
2010,lt,male,89,1584
2010,lt,male,90,1065
2010,lt,male,91,618.58
2010,lt,male,92,418.92
2010,lt,male,93,315.92
2010,lt,male,94,306.01
2010,lt,male,95,287.24
2010,lt,male,96,187.94
2010,lt,male,97,118.06
2010,lt,male,98,70.77
2010,lt,male,99,40.365
2010,lt,male,100,45.216
2010,lt,female,0,10854
2010,lt,female,1,10849
2010,lt,female,2,11058
2010,lt,female,3,11479
2010,lt,female,4,11427
2010,lt,female,5,11446
2010,lt,female,6,11746
2010,lt,female,7,11618
2010,lt,female,8,11695
2010,lt,female,9,11535
2010,lt,female,10,11775
2010,lt,female,11,12045
2010,lt,female,12,11998
2010,lt,female,13,12390
2010,lt,female,14,12501
2010,lt,female,15,12861
2010,lt,female,16,12992
2010,lt,female,17,12925
2010,lt,female,18,13484
2010,lt,female,19,13505
2010,lt,female,20,13687
2010,lt,female,21,13675
2010,lt,female,22,14246
2010,lt,female,23,14566
2010,lt,female,24,14724
2010,lt,female,25,15104
2010,lt,female,26,15128
2010,lt,female,27,15240
2010,lt,female,28,15299
2010,lt,female,29,15797
2010,lt,female,30,15484
2010,lt,female,31,15719
2010,lt,female,32,15592
2010,lt,female,33,15677
2010,lt,female,34,15619
2010,lt,female,35,15301
2010,lt,female,36,15081
2010,lt,female,37,15319
2010,lt,female,38,15340
2010,lt,female,39,15181
2010,lt,female,40,15292
2010,lt,female,41,15317
2010,lt,female,42,15382
2010,lt,female,43,15329
2010,lt,female,44,16013
2010,lt,female,45,16200
2010,lt,female,46,16489
2010,lt,female,47,16699
2010,lt,female,48,17064
2010,lt,female,49,17547
2010,lt,female,50,18201
2010,lt,female,51,18216
2010,lt,female,52,19148
2010,lt,female,53,18815
2010,lt,female,54,19138
2010,lt,female,55,19048
2010,lt,female,56,19124
2010,lt,female,57,18927
2010,lt,female,58,18610
2010,lt,female,59,18203
2010,lt,female,60,17867
2010,lt,female,61,16648
2010,lt,female,62,16529
2010,lt,female,63,16157
2010,lt,female,64,15125
2010,lt,female,65,14579
2010,lt,female,66,13880
2010,lt,female,67,13856
2010,lt,female,68,13511
2010,lt,female,69,13373
2010,lt,female,70,13328
2010,lt,female,71,13332
2010,lt,female,72,13273
2010,lt,female,73,12910
2010,lt,female,74,13184
2010,lt,female,75,12429
2010,lt,female,76,12267
2010,lt,female,77,11851
2010,lt,female,78,11001
2010,lt,female,79,10274
2010,lt,female,80,9558.9
2010,lt,female,81,9083
2010,lt,female,82,8558.8
2010,lt,female,83,7993.6
2010,lt,female,84,7396.3
2010,lt,female,85,6784.1
2010,lt,female,86,6148.9
2010,lt,female,87,5511.6
2010,lt,female,88,4881.6
2010,lt,female,89,3651.9
2010,lt,female,90,2671.9
2010,lt,female,91,1703.6
2010,lt,female,92,1277.6
2010,lt,female,93,1079.9
2010,lt,female,94,1184.4
2010,lt,female,95,1274.3
2010,lt,female,96,968.02
2010,lt,female,97,716.26
2010,lt,female,98,514.95
2010,lt,female,99,358.76
2010,lt,female,100,688.4
2010,csb,male,0,537.01
2010,csb,male,1,548.31
2010,csb,male,2,560.36
2010,csb,male,3,581.9
2010,csb,male,4,574.52
2010,csb,male,5,583.73
2010,csb,male,6,600.96
2010,csb,male,7,597.68
2010,csb,male,8,596.68
2010,csb,male,9,602.61
2010,csb,male,10,624.73
2010,csb,male,11,633.58
2010,csb,male,12,629.87
2010,csb,male,13,656.17
2010,csb,male,14,662.54
2010,csb,male,15,686.72
2010,csb,male,16,691.73
2010,csb,male,17,689.47
2010,csb,male,18,730.25
2010,csb,male,19,736.48
2010,csb,male,20,752.41
2010,csb,male,21,760.3
2010,csb,male,22,798.65
2010,csb,male,23,838.82
2010,csb,male,24,859.45
2010,csb,male,25,902.3
2010,csb,male,26,913
2010,csb,male,27,938.14
2010,csb,male,28,960.33
2010,csb,male,29,990.85
2010,csb,male,30,972.48
2010,csb,male,31,989.58
2010,csb,male,32,989.43
2010,csb,male,33,1001.3
2010,csb,male,34,1001.2
2010,csb,male,35,981.47
2010,csb,male,36,960.65
2010,csb,male,37,969.9
2010,csb,male,38,972.98
2010,csb,male,39,961.54
2010,csb,male,40,966.33
2010,csb,male,41,968.17
2010,csb,male,42,973.47
2010,csb,male,43,970.11
2010,csb,male,44,1016.1
2010,csb,male,45,1032.3
2010,csb,male,46,1051.3
2010,csb,male,47,1070.8
2010,csb,male,48,1104.5
2010,csb,male,49,1155.1
2010,csb,male,50,1215
2010,csb,male,51,1233.9
2010,csb,male,52,1312
2010,csb,male,53,1306.6
2010,csb,male,54,1343.5
2010,csb,male,55,1351.9
2010,csb,male,56,1368.2
2010,csb,male,57,1358.8
2010,csb,male,58,1337.5
2010,csb,male,59,1303.9
2010,csb,male,60,1269.8
2010,csb,male,61,1174.3
2010,csb,male,62,1156.5
2010,csb,male,63,1124.2
2010,csb,male,64,1045.2
2010,csb,male,65,1004.4
2010,csb,male,66,951.37
2010,csb,male,67,941.69
2010,csb,male,68,909.15
2010,csb,male,69,888.64
2010,csb,male,70,874.45
2010,csb,male,71,863.38
2010,csb,male,72,847.58
2010,csb,male,73,812.76
2010,csb,male,74,818.27
2010,csb,male,75,759.97
2010,csb,male,76,739.18
2010,csb,male,77,703.82
2010,csb,male,78,817.4
2010,csb,male,79,742.21
2010,csb,male,80,669.51
2010,csb,male,81,610
2010,csb,male,82,549.81
2010,csb,male,83,489.8
2010,csb,male,84,430.87
2010,csb,male,85,371.13
2010,csb,male,86,317.7
2010,csb,male,87,267.75
2010,csb,male,88,221.86
2010,csb,male,89,175.06
2010,csb,male,90,122.31
2010,csb,male,91,68.87
2010,csb,male,92,48.603
2010,csb,male,93,36.366
2010,csb,male,94,33.748
2010,csb,male,95,29.919
2010,csb,male,96,19.979
2010,csb,male,97,12.84
2010,csb,male,98,7.9184
2010,csb,male,99,4.6651
2010,csb,male,100,5.5965
2010,csb,female,0,507.25
2010,csb,female,1,518.85
2010,csb,female,2,530.75
2010,csb,female,3,551.47
2010,csb,female,4,544.82
2010,csb,female,5,553.9
2010,csb,female,6,570.51
2010,csb,female,7,567.79
2010,csb,female,8,567.31
2010,csb,female,9,573.33
2010,csb,female,10,594.84
2010,csb,female,11,603.88
2010,csb,female,12,600.88
2010,csb,female,13,626.41
2010,csb,female,14,632.87
2010,csb,female,15,656.31
2010,csb,female,16,661.44
2010,csb,female,17,659.75
2010,csb,female,18,699.49
2010,csb,female,19,706.24
2010,csb,female,20,722.29
2010,csb,female,21,730.54
2010,csb,female,22,768.14
2010,csb,female,23,807.78
2010,csb,female,24,828.75
2010,csb,female,25,871.22
2010,csb,female,26,882.41
2010,csb,female,27,907.36
2010,csb,female,28,929.77
2010,csb,female,29,960.41
2010,csb,female,30,943.7
2010,csb,female,31,961.4
2010,csb,female,32,961.89
2010,csb,female,33,973.91
2010,csb,female,34,974.78
2010,csb,female,35,956.79
2010,csb,female,36,937.56
2010,csb,female,37,947.75
2010,csb,female,38,951.94
2010,csb,female,39,941.98
2010,csb,female,40,948.1
2010,csb,female,41,951.41
2010,csb,female,42,958.19
2010,csb,female,43,956.42
2010,csb,female,44,1003.4
2010,csb,female,45,1021.3
2010,csb,female,46,1042.1
2010,csb,female,47,1063.6
2010,csb,female,48,1099.6
2010,csb,female,49,1152.6
2010,csb,female,50,1215.1
2010,csb,female,51,1237.1
2010,csb,female,52,1319.2
2010,csb,female,53,1317.9
2010,csb,female,54,1359.5
2010,csb,female,55,1372.8
2010,csb,female,56,1394.6
2010,csb,female,57,1390.7
2010,csb,female,58,1375
2010,csb,female,59,1347
2010,csb,female,60,1318.9
2010,csb,female,61,1226.9
2010,csb,female,62,1215.9
2010,csb,female,63,1190.1
2010,csb,female,64,1114.7
2010,csb,female,65,1079.4
2010,csb,female,66,1031
2010,csb,female,67,1030
2010,csb,female,68,1004.7
2010,csb,female,69,993.08
2010,csb,female,70,989.38
2010,csb,female,71,990.3
2010,csb,female,72,986.89
2010,csb,female,73,962.14
2010,csb,female,74,986.42
2010,csb,female,75,934.58
2010,csb,female,76,929.08
2010,csb,female,77,906.2
2010,csb,female,78,1078.1
2010,csb,female,79,1008
2010,csb,female,80,939.11
2010,csb,female,81,886.54
2010,csb,female,82,830.82
2010,csb,female,83,772.53
2010,csb,female,84,712.31
2010,csb,female,85,642.55
2010,csb,female,86,582.56
2010,csb,female,87,522.97
2010,csb,female,88,464.53
2010,csb,female,89,395.68
2010,csb,female,90,300.73
2010,csb,female,91,185.79
2010,csb,female,92,145.21
2010,csb,female,93,119.76
2010,csb,female,94,125.32
2010,csb,female,95,126.76
2010,csb,female,96,97.825
2010,csb,female,97,73.698
2010,csb,female,98,54.075
2010,csb,female,99,38.544
2010,csb,female,100,79.87
2010,rue,male,0,536.37
2010,rue,male,1,531.56
2010,rue,male,2,541.59
2010,rue,male,3,568.04
2010,rue,male,4,560.58
2010,rue,male,5,559.72
2010,rue,male,6,573.42
2010,rue,male,7,569.89
2010,rue,male,8,575.24
2010,rue,male,9,573.48
2010,rue,male,10,588.26
2010,rue,male,11,600.28
2010,rue,male,12,600.46
2010,rue,male,13,615.88
2010,rue,male,14,619.17
2010,rue,male,15,639.59
2010,rue,male,16,650.49
2010,rue,male,17,646.96
2010,rue,male,18,685.12
2010,rue,male,19,695.35
2010,rue,male,20,713.9
2010,rue,male,21,722.56
2010,rue,male,22,750.61
2010,rue,male,23,773.54
2010,rue,male,24,775.77
2010,rue,male,25,790.15
2010,rue,male,26,795.68
2010,rue,male,27,803.54
2010,rue,male,28,806.23
2010,rue,male,29,827.67
2010,rue,male,30,813.26
2010,rue,male,31,823.1
2010,rue,male,32,817.04
2010,rue,male,33,820.21
2010,rue,male,34,817.69
2010,rue,male,35,806.84
2010,rue,male,36,792.64
2010,rue,male,37,803.07
2010,rue,male,38,805.01
2010,rue,male,39,799.46
2010,rue,male,40,806.13
2010,rue,male,41,810.24
2010,rue,male,42,813.43
2010,rue,male,43,811.57
2010,rue,male,44,851.12
2010,rue,male,45,858.63
2010,rue,male,46,869.09
2010,rue,male,47,880.94
2010,rue,male,48,900.15
2010,rue,male,49,926.12
2010,rue,male,50,958.22
2010,rue,male,51,956.96
2010,rue,male,52,1002.3
2010,rue,male,53,983.83
2010,rue,male,54,999.37
2010,rue,male,55,994.25
2010,rue,male,56,995.21
2010,rue,male,57,981.14
2010,rue,male,58,960.85
2010,rue,male,59,934.39
2010,rue,male,60,910.61
2010,rue,male,61,842.76
2010,rue,male,62,831.7
2010,rue,male,63,809.42
2010,rue,male,64,753.59
2010,rue,male,65,724.2
2010,rue,male,66,686.66
2010,rue,male,67,681.24
2010,rue,male,68,658.09
2010,rue,male,69,643.09
2010,rue,male,70,630.92
2010,rue,male,71,619.58
2010,rue,male,72,604.08
2010,rue,male,73,574.55
2010,rue,male,74,573.19
2010,rue,male,75,527.46
2010,rue,male,76,508.31
2010,rue,male,77,478.49
2010,rue,male,78,454.8
2010,rue,male,79,411.72
2010,rue,male,80,370.38
2010,rue,male,81,337.4
2010,rue,male,82,303.82
2010,rue,male,83,270.18
2010,rue,male,84,237.05
2010,rue,male,85,204.83
2010,rue,male,86,174.61
2010,rue,male,87,146.41
2010,rue,male,88,120.58
2010,rue,male,89,89.6
2010,rue,male,90,60.063
2010,rue,male,91,35.277
2010,rue,male,92,24.092
2010,rue,male,93,18.297
2010,rue,male,94,17.234
2010,rue,male,95,14.957
2010,rue,male,96,9.7526
2010,rue,male,97,6.1019
2010,rue,male,98,3.6731
2010,rue,male,99,2.1092
2010,rue,male,100,2.3306
2010,rue,female,0,506.78
2010,rue,female,1,503.32
2010,rue,female,2,513.36
2010,rue,female,3,538.78
2010,rue,female,4,532.07
2010,rue,female,5,531.62
2010,rue,female,6,544.9
2010,rue,female,7,541.98
2010,rue,female,8,547.61
2010,rue,female,9,546.38
2010,rue,female,10,560.94
2010,rue,female,11,572.98
2010,rue,female,12,573.65
2010,rue,female,13,588.84
2010,rue,female,14,592.41
2010,rue,female,15,612.29
2010,rue,female,16,623.06
2010,rue,female,17,620.17
2010,rue,female,18,657.46
2010,rue,female,19,668.04
2010,rue,female,20,686.64
2010,rue,female,21,695.62
2010,rue,female,22,723.4
2010,rue,female,23,746.5
2010,rue,female,24,749.75
2010,rue,female,25,764.62
2010,rue,female,26,770.66
2010,rue,female,27,778.82
2010,rue,female,28,782.14
2010,rue,female,29,803.69
2010,rue,female,30,790.45
2010,rue,female,31,800.84
2010,rue,female,32,795.49
2010,rue,female,33,799.04
2010,rue,female,34,797.35
2010,rue,female,35,787.68
2010,rue,female,36,774.6
2010,rue,female,37,785.66
2010,rue,female,38,788.39
2010,rue,female,39,783.85
2010,rue,female,40,791.53
2010,rue,female,41,796.79
2010,rue,female,42,801.26
2010,rue,female,43,800.73
2010,rue,female,44,841.12
2010,rue,female,45,849.98
2010,rue,female,46,862.01
2010,rue,female,47,875.56
2010,rue,female,48,896.58
2010,rue,female,49,924.56
2010,rue,female,50,958.88
2010,rue,female,51,960.18
2010,rue,female,52,1008.8
2010,rue,female,53,993.32
2010,rue,female,54,1012.3
2010,rue,female,55,1010.8
2010,rue,female,56,1015.8
2010,rue,female,57,1005.7
2010,rue,female,58,989.59
2010,rue,female,59,967.38
2010,rue,female,60,948.17
2010,rue,female,61,883.02
2010,rue,female,62,877.3
2010,rue,female,63,859.99
2010,rue,female,64,806.98
2010,rue,female,65,781.84
2010,rue,female,66,747.79
2010,rue,female,67,749.05
2010,rue,female,68,731.36
2010,rue,female,69,723.07
2010,rue,female,70,718.63
2010,rue,female,71,715.87
2010,rue,female,72,708.99
2010,rue,female,73,686.05
2010,rue,female,74,697.51
2010,rue,female,75,655.32
2010,rue,female,76,645.98
2010,rue,female,77,623.51
2010,rue,female,78,608.96
2010,rue,female,79,568.38
2010,rue,female,80,528.82
2010,rue,female,81,499.91
2010,rue,female,82,468.84
2010,rue,female,83,435.97
2010,rue,female,84,401.74
2010,rue,female,85,366.14
2010,rue,female,86,331.46
2010,rue,female,87,296.92
2010,rue,female,88,262.99
2010,rue,female,89,211.7
2010,rue,female,90,154.96
2010,rue,female,91,100.27
2010,rue,female,92,76.171
2010,rue,female,93,64.687
2010,rue,female,94,69.048
2010,rue,female,95,68.748
2010,rue,female,96,52.12
2010,rue,female,97,38.48
2010,rue,female,98,27.595
2010,rue,female,99,19.168
2010,rue,female,100,36.356
2010,cs,male,0,396.44
2010,cs,male,1,394.76
2010,cs,male,2,399.07
2010,cs,male,3,412.41
2010,cs,male,4,409.35
2010,cs,male,5,411.57
2010,cs,male,6,421.08
2010,cs,male,7,416.91
2010,cs,male,8,419.62
2010,cs,male,9,416.57
2010,cs,male,10,427.19
2010,cs,male,11,435.47
2010,cs,male,12,435.79
2010,cs,male,13,448.42
2010,cs,male,14,452.48
2010,cs,male,15,464.73
2010,cs,male,16,471.91
2010,cs,male,17,471.51
2010,cs,male,18,491.67
2010,cs,male,19,489.68
2010,cs,male,20,494.21
2010,cs,male,21,491.36
2010,cs,male,22,506.04
2010,cs,male,23,507.99
2010,cs,male,24,502.6
2010,cs,male,25,506.11
2010,cs,male,26,497.4
2010,cs,male,27,493.72
2010,cs,male,28,484.22
2010,cs,male,29,488.45
2010,cs,male,30,467.59
2010,cs,male,31,463.89
2010,cs,male,32,449.66
2010,cs,male,33,443.23
2010,cs,male,34,432.63
2010,cs,male,35,419.27
2010,cs,male,36,407.96
2010,cs,male,37,410.28
2010,cs,male,38,408.11
2010,cs,male,39,402.18
2010,cs,male,40,402.8
2010,cs,male,41,402.76
2010,cs,male,42,401.7
2010,cs,male,43,397.76
2010,cs,male,44,412.36
2010,cs,male,45,412.33
2010,cs,male,46,413.33
2010,cs,male,47,411.92
2010,cs,male,48,413.38
2010,cs,male,49,417.82
2010,cs,male,50,423.95
2010,cs,male,51,414.19
2010,cs,male,52,423.59
2010,cs,male,53,405.68
2010,cs,male,54,400.62
2010,cs,male,55,386.7
2010,cs,male,56,375.69
2010,cs,male,57,359.48
2010,cs,male,58,341.72
2010,cs,male,59,323.22
2010,cs,male,60,306.53
2010,cs,male,61,276.82
2010,cs,male,62,267.22
2010,cs,male,63,255.4
2010,cs,male,64,234.54
2010,cs,male,65,223.66
2010,cs,male,66,211.03
2010,cs,male,67,208.56
2010,cs,male,68,200.6
2010,cs,male,69,194.8
2010,cs,male,70,189.62
2010,cs,male,71,184.61
2010,cs,male,72,178.63
2010,cs,male,73,168.72
2010,cs,male,74,167.21
2010,cs,male,75,152.92
2010,cs,male,76,146.47
2010,cs,male,77,137.02
2010,cs,male,78,133.09
2010,cs,male,79,119.32
2010,cs,male,80,106.3
2010,cs,male,81,93.888
2010,cs,male,82,82.127
2010,cs,male,83,71.067
2010,cs,male,84,60.771
2010,cs,male,85,50.769
2010,cs,male,86,42.311
2010,cs,male,87,34.726
2010,cs,male,88,28.027
2010,cs,male,89,18.874
2010,cs,male,90,12.411
2010,cs,male,91,7.1938
2010,cs,male,92,4.8389
2010,cs,male,93,3.5803
2010,cs,male,94,3.4516
2010,cs,male,95,3.2254
2010,cs,male,96,2.0894
2010,cs,male,97,1.2979
2010,cs,male,98,0.77621
2010,cs,female,0,374.71
2010,cs,female,1,374.12
2010,cs,female,2,378.68
2010,cs,female,3,391.64
2010,cs,female,4,389.04
2010,cs,female,5,391.47
2010,cs,female,6,400.72
2010,cs,female,7,397.07
2010,cs,female,8,400.07
2010,cs,female,9,397.5
2010,cs,female,10,407.99
2010,cs,female,11,416.36
2010,cs,female,12,417.07
2010,cs,female,13,429.51
2010,cs,female,14,433.72
2010,cs,female,15,445.73
2010,cs,female,16,452.9
2010,cs,female,17,452.9
2010,cs,female,18,472.77
2010,cs,female,19,471.4
2010,cs,female,20,476.32
2010,cs,female,21,474.07
2010,cs,female,22,488.78
2010,cs,female,23,491.38
2010,cs,female,24,486.98
2010,cs,female,25,491.13
2010,cs,female,26,483.22
2010,cs,female,27,480.09
2010,cs,female,28,471.39
2010,cs,female,29,476.11
2010,cs,female,30,456.37
2010,cs,female,31,453.4
2010,cs,female,32,439.97
2010,cs,female,33,434.1
2010,cs,female,34,424.28
2010,cs,female,35,411.86
2010,cs,female,36,401.35
2010,cs,female,37,404.28
2010,cs,female,38,402.81
2010,cs,female,39,397.66
2010,cs,female,40,399.04
2010,cs,female,41,399.76
2010,cs,female,42,399.5
2010,cs,female,43,396.34
2010,cs,female,44,411.7
2010,cs,female,45,412.52
2010,cs,female,46,414.46
2010,cs,female,47,414.06
2010,cs,female,48,416.62
2010,cs,female,49,422.22
2010,cs,female,50,429.6
2010,cs,female,51,421.03
2010,cs,female,52,432.09
2010,cs,female,53,415.31
2010,cs,female,54,411.67
2010,cs,female,55,399.04
2010,cs,female,56,389.42
2010,cs,female,57,374.4
2010,cs,female,58,357.81
2010,cs,female,59,340.43
2010,cs,female,60,324.93
2010,cs,female,61,295.47
2010,cs,female,62,287.35
2010,cs,female,63,276.83
2010,cs,female,64,256.41
2010,cs,female,65,246.6
2010,cs,female,66,234.78
2010,cs,female,67,234.37
2010,cs,female,68,227.96
2010,cs,female,69,224.09
2010,cs,female,70,221.1
2010,cs,female,71,218.49
2010,cs,female,72,214.84
2010,cs,female,73,206.53
2010,cs,female,74,208.7
2010,cs,female,75,194.97
2010,cs,female,76,191.13
2010,cs,female,77,183.46
2010,cs,female,78,182.81
2010,cs,female,79,169.1
2010,cs,female,80,155.93
2010,cs,female,81,143.05
2010,cs,female,82,130.45
2010,cs,female,83,118.16
2010,cs,female,84,106.25
2010,cs,female,85,93.042
2010,cs,female,86,82.457
2010,cs,female,87,72.397
2010,cs,female,88,62.915
2010,cs,female,89,45.949
2010,cs,female,90,33.024
2010,cs,female,91,21.103
2010,cs,female,92,15.795
2010,cs,female,93,13.013
2010,cs,female,94,14.228
2010,cs,female,95,15.263
2010,cs,female,96,11.503
2010,cs,female,97,8.4355
2010,cs,female,98,6.0029
2010,cs,female,99,4.1331
2010,cs,female,100,7.6148
2010,lv,male,0,54.02
2010,lv,male,1,54.068
2010,lv,male,2,54.913
2010,lv,male,3,57.407
2010,lv,male,4,57.312
2010,lv,male,5,57.613
2010,lv,male,6,59.426
2010,lv,male,7,59.836
2010,lv,male,8,60.038
2010,lv,male,9,59.527
2010,lv,male,10,61.519
2010,lv,male,11,62.975
2010,lv,male,12,62.782
2010,lv,male,13,64.822
2010,lv,male,14,65.968
2010,lv,male,15,67.766
2010,lv,male,16,68.356
2010,lv,male,17,67.61
2010,lv,male,18,70.109
2010,lv,male,19,70.953
2010,lv,male,20,71.715
2010,lv,male,21,71.787
2010,lv,male,22,75.193
2010,lv,male,23,77.048
2010,lv,male,24,78.401
2010,lv,male,25,79.976
2010,lv,male,26,80.183
2010,lv,male,27,82.721
2010,lv,male,28,83.654
2010,lv,male,29,86.949
2010,lv,male,30,84.688
2010,lv,male,31,87.461
2010,lv,male,32,88.461
2010,lv,male,33,88.55
2010,lv,male,34,89.734
2010,lv,male,35,89.956
2010,lv,male,36,88.928
2010,lv,male,37,90.491
2010,lv,male,38,90.75
2010,lv,male,39,90.178
2010,lv,male,40,90.335
2010,lv,male,41,90.931
2010,lv,male,42,91.239
2010,lv,male,43,91.358
2010,lv,male,44,95.797
2010,lv,male,45,97.077
2010,lv,male,46,98.353
2010,lv,male,47,99.78
2010,lv,male,48,102.13
2010,lv,male,49,105.36
2010,lv,male,50,109.63
2010,lv,male,51,109.85
2010,lv,male,52,115.59
2010,lv,male,53,114.07
2010,lv,male,54,116.34
2010,lv,male,55,116.21
2010,lv,male,56,116.88
2010,lv,male,57,115.69
2010,lv,male,58,113.97
2010,lv,male,59,111.7
2010,lv,male,60,109.44
2010,lv,male,61,101.53
2010,lv,male,62,100.39
2010,lv,male,63,97.7
2010,lv,male,64,90.938
2010,lv,male,65,87.326
2010,lv,male,66,82.665
2010,lv,male,67,81.954
2010,lv,male,68,79.33
2010,lv,male,69,77.863
2010,lv,male,70,76.981
2010,lv,male,71,76.42
2010,lv,male,72,75.43
2010,lv,male,73,72.686
2010,lv,male,74,73.459
2010,lv,male,75,68.396
2010,lv,male,76,66.542
2010,lv,male,77,63.185
2010,lv,male,78,60.977
2010,lv,male,79,55.565
2010,lv,male,80,50.272
2010,lv,male,81,46.724
2010,lv,male,82,42.844
2010,lv,male,83,38.735
2010,lv,male,84,34.503
2010,lv,male,85,30.119
2010,lv,male,86,26.001
2010,lv,male,87,22.054
2010,lv,male,88,18.357
2010,lv,male,89,12.726
2010,lv,male,90,8.5986
2010,lv,male,91,5.0247
2010,lv,male,92,3.41
2010,lv,male,93,2.561
2010,lv,male,94,2.4978
2010,lv,male,95,2.3642
2010,lv,male,96,1.5532
2010,lv,male,97,0.98002
2010,lv,male,98,0.59357
2010,lv,female,0,51.034
2010,lv,female,1,51.18
2010,lv,female,2,52.03
2010,lv,female,3,54.429
2010,lv,female,4,54.375
2010,lv,female,5,54.699
2010,lv,female,6,56.445
2010,lv,female,7,56.877
2010,lv,female,8,57.124
2010,lv,female,9,56.678
2010,lv,female,10,58.619
2010,lv,female,11,60.063
2010,lv,female,12,59.93
2010,lv,female,13,61.923
2010,lv,female,14,63.057
2010,lv,female,15,64.809
2010,lv,female,16,65.405
2010,lv,female,17,64.738
2010,lv,female,18,67.196
2010,lv,female,19,68.078
2010,lv,female,20,68.887
2010,lv,female,21,69.025
2010,lv,female,22,72.377
2010,lv,female,23,74.265
2010,lv,female,24,75.684
2010,lv,female,25,77.31
2010,lv,female,26,77.591
2010,lv,female,27,80.116
2010,lv,female,28,81.105
2010,lv,female,29,84.395
2010,lv,female,30,82.298
2010,lv,female,31,85.098
2010,lv,female,32,86.144
2010,lv,female,33,86.289
2010,lv,female,34,87.537
2010,lv,female,35,87.876
2010,lv,female,36,86.979
2010,lv,female,37,88.627
2010,lv,female,38,89.001
2010,lv,female,39,88.565
2010,lv,female,40,88.862
2010,lv,female,41,89.592
2010,lv,female,42,90.05
2010,lv,female,43,90.316
2010,lv,female,44,94.864
2010,lv,female,45,96.301
2010,lv,female,46,97.759
2010,lv,female,47,99.384
2010,lv,female,48,101.95
2010,lv,female,49,105.42
2010,lv,female,50,109.95
2010,lv,female,51,110.46
2010,lv,female,52,116.59
2010,lv,female,53,115.4
2010,lv,female,54,118.07
2010,lv,female,55,118.36
2010,lv,female,56,119.49
2010,lv,female,57,118.75
2010,lv,female,58,117.52
2010,lv,female,59,115.74
2010,lv,female,60,114
2010,lv,female,61,106.37
2010,lv,female,62,105.84
2010,lv,female,63,103.71
2010,lv,female,64,97.257
2010,lv,female,65,94.121
2010,lv,female,66,89.849
2010,lv,female,67,89.916
2010,lv,female,68,87.951
2010,lv,female,69,87.314
2010,lv,female,70,87.421
2010,lv,female,71,87.999
2010,lv,female,72,88.195
2010,lv,female,73,86.423
2010,lv,female,74,88.967
2010,lv,female,75,84.526
2010,lv,female,76,84.078
2010,lv,female,77,81.819
2010,lv,female,78,81.011
2010,lv,female,79,76.065
2010,lv,female,80,71.134
2010,lv,female,81,68.566
2010,lv,female,82,65.44
2010,lv,female,83,61.824
2010,lv,female,84,57.798
2010,lv,female,85,53.026
2010,lv,female,86,48.557
2010,lv,female,87,43.946
2010,lv,female,88,39.278
2010,lv,female,89,29.444
2010,lv,female,90,21.68
2010,lv,female,91,13.923
2010,lv,female,92,10.48
2010,lv,female,93,8.7711
2010,lv,female,94,9.6769
2010,lv,female,95,10.485
2010,lv,female,96,7.991
2010,lv,female,97,5.9344
2010,lv,female,98,4.2833
2010,lv,female,99,2.9964
2010,lv,female,100,5.8164
2010,rom,male,0,403.81
2010,rom,male,1,395.45
2010,rom,male,2,394.36
2010,rom,male,3,405.11
2010,rom,male,4,399.83
2010,rom,male,5,397.34
2010,rom,male,6,403.15
2010,rom,male,7,394.14
2010,rom,male,8,393.46
2010,rom,male,9,385.58
2010,rom,male,10,392.8
2010,rom,male,11,395.78
2010,rom,male,12,392.63
2010,rom,male,13,399.77
2010,rom,male,14,401.69
2010,rom,male,15,410.12
2010,rom,male,16,411.11
2010,rom,male,17,407.3
2010,rom,male,18,423.39
2010,rom,male,19,417.78
2010,rom,male,20,421.11
2010,rom,male,21,416.97
2010,rom,male,22,428.53
2010,rom,male,23,429.93
2010,rom,male,24,427.48
2010,rom,male,25,432.22
2010,rom,male,26,424.94
2010,rom,male,27,424.87
2010,rom,male,28,418.52
2010,rom,male,29,423.08
2010,rom,male,30,408.55
2010,rom,male,31,408.48
2010,rom,male,32,399.34
2010,rom,male,33,397.87
2010,rom,male,34,391.46
2010,rom,male,35,381.75
2010,rom,male,36,372.41
2010,rom,male,37,376.18
2010,rom,male,38,376.24
2010,rom,male,39,371.22
2010,rom,male,40,371.83
2010,rom,male,41,371.13
2010,rom,male,42,370.51
2010,rom,male,43,367.72
2010,rom,male,44,380.31
2010,rom,male,45,380.15
2010,rom,male,46,380.17
2010,rom,male,47,379.55
2010,rom,male,48,380.55
2010,rom,male,49,384.47
2010,rom,male,50,389.28
2010,rom,male,51,379.72
2010,rom,male,52,387.78
2010,rom,male,53,370.31
2010,rom,male,54,365.53
2010,rom,male,55,353.47
2010,rom,male,56,345.28
2010,rom,male,57,333.5
2010,rom,male,58,321.2
2010,rom,male,59,308.4
2010,rom,male,60,296.79
2010,rom,male,61,271.58
2010,rom,male,62,264.87
2010,rom,male,63,254.7
2010,rom,male,64,234.49
2010,rom,male,65,222.9
2010,rom,male,66,209.26
2010,rom,male,67,205.36
2010,rom,male,68,196.33
2010,rom,male,69,189.91
2010,rom,male,70,184.32
2010,rom,male,71,178.96
2010,rom,male,72,172.44
2010,rom,male,73,161.89
2010,rom,male,74,159.19
2010,rom,male,75,144.21
2010,rom,male,76,136.49
2010,rom,male,77,125.8
2010,rom,male,78,88.394
2010,rom,male,79,81.518
2010,rom,male,80,72.085
2010,rom,male,81,63.821
2010,rom,male,82,55.574
2010,rom,male,83,47.616
2010,rom,male,84,40.109
2010,rom,male,85,33.134
2010,rom,male,86,26.879
2010,rom,male,87,21.346
2010,rom,male,88,16.563
2010,rom,male,89,11.077
2010,rom,male,90,6.9205
2010,rom,male,91,3.7308
2010,rom,male,92,2.3276
2010,rom,male,93,1.5984
2010,rom,male,94,1.3786
2010,rom,male,95,1.1173
2010,rom,male,96,0.64488
2010,rom,female,0,382.6
2010,rom,female,1,376.92
2010,rom,female,2,376.77
2010,rom,female,3,387.55
2010,rom,female,4,382.94
2010,rom,female,5,380.97
2010,rom,female,6,386.85
2010,rom,female,7,378.62
2010,rom,female,8,378.47
2010,rom,female,9,371.3
2010,rom,female,10,378.68
2010,rom,female,11,382.07
2010,rom,female,12,379.49
2010,rom,female,13,386.81
2010,rom,female,14,389.08
2010,rom,female,15,397.59
2010,rom,female,16,398.92
2010,rom,female,17,395.67
2010,rom,female,18,411.88
2010,rom,female,19,407.04
2010,rom,female,20,410.9
2010,rom,female,21,407.43
2010,rom,female,22,419.31
2010,rom,female,23,421.39
2010,rom,female,24,419.76
2010,rom,female,25,425.07
2010,rom,female,26,418.35
2010,rom,female,27,418.62
2010,rom,female,28,412.77
2010,rom,female,29,417.72
2010,rom,female,30,403.82
2010,rom,female,31,404.22
2010,rom,female,32,395.47
2010,rom,female,33,394.22
2010,rom,female,34,388.25
2010,rom,female,35,379.11
2010,rom,female,36,370.24
2010,rom,female,37,374.42
2010,rom,female,38,374.93
2010,rom,female,39,370.41
2010,rom,female,40,371.63
2010,rom,female,41,371.6
2010,rom,female,42,371.68
2010,rom,female,43,369.58
2010,rom,female,44,382.99
2010,rom,female,45,383.63
2010,rom,female,46,384.55
2010,rom,female,47,384.9
2010,rom,female,48,386.96
2010,rom,female,49,392.05
2010,rom,female,50,398.07
2010,rom,female,51,389.54
2010,rom,female,52,399.29
2010,rom,female,53,382.76
2010,rom,female,54,379.34
2010,rom,female,55,368.45
2010,rom,female,56,361.63
2010,rom,female,57,351.1
2010,rom,female,58,340.1
2010,rom,female,59,328.62
2010,rom,female,60,318.48
2010,rom,female,61,293.65
2010,rom,female,62,288.73
2010,rom,female,63,280.09
2010,rom,female,64,260.32
2010,rom,female,65,249.89
2010,rom,female,66,237.07
2010,rom,female,67,235.4
2010,rom,female,68,227.98
2010,rom,female,69,223.67
2010,rom,female,70,220.53
2010,rom,female,71,217.86
2010,rom,female,72,213.93
2010,rom,female,73,205.05
2010,rom,female,74,206.29
2010,rom,female,75,191.6
2010,rom,female,76,186.34
2010,rom,female,77,177.02
2010,rom,female,78,128.21
2010,rom,female,79,122.1
2010,rom,female,80,112.28
2010,rom,female,81,103.86
2010,rom,female,82,94.92
2010,rom,female,83,85.771
2010,rom,female,84,76.597
2010,rom,female,85,67.409
2010,rom,female,86,58.695
2010,rom,female,87,50.38
2010,rom,female,88,42.577
2010,rom,female,89,31.273
2010,rom,female,90,21.657
2010,rom,female,91,13.077
2010,rom,female,92,9.2391
2010,rom,female,93,7.252
2010,rom,female,94,7.2586
2010,rom,female,95,6.9265
2010,rom,female,96,4.7824
2010,rom,female,97,3.1864
2010,rom,female,98,2.0416
2010,rom,female,99,1.2531
2010,rom,female,100,1.6793
2010,kdr,male,0,0.89787
2010,kdr,male,1,0.90815
2010,kdr,male,2,0.92736
2010,kdr,male,3,0.97678
2010,kdr,male,4,0.98249
2010,kdr,male,5,0.99924
2010,kdr,male,6,1.0373
2010,kdr,male,7,1.0405
2010,kdr,male,8,1.0557
2010,kdr,male,9,1.05
2010,kdr,male,10,1.0883
2010,kdr,male,11,1.1161
2010,kdr,male,12,1.1297
2010,kdr,male,13,1.1744
2010,kdr,male,14,1.2051
2010,kdr,male,15,1.2475
2010,kdr,male,16,1.2761
2010,kdr,male,17,1.2895
2010,kdr,male,18,1.3637
2010,kdr,male,19,1.4031
2010,kdr,male,20,1.4504
2010,kdr,male,21,1.4696
2010,kdr,male,22,1.5392
2010,kdr,male,23,1.5912
2010,kdr,male,24,1.6332
2010,kdr,male,25,1.6942
2010,kdr,male,26,1.7279
2010,kdr,male,27,1.7844
2010,kdr,male,28,1.8168
2010,kdr,male,29,1.9086
2010,kdr,male,30,1.8911
2010,kdr,male,31,1.9437
2010,kdr,male,32,1.939
2010,kdr,male,33,1.9804
2010,kdr,male,34,1.986
2010,kdr,male,35,1.9609
2010,kdr,male,36,1.9208
2010,kdr,male,37,1.9535
2010,kdr,male,38,1.9599
2010,kdr,male,39,1.9544
2010,kdr,male,40,1.9834
2010,kdr,male,41,1.9949
2010,kdr,male,42,1.9995
2010,kdr,male,43,2.0203
2010,kdr,male,44,2.1324
2010,kdr,male,45,2.1841
2010,kdr,male,46,2.2561
2010,kdr,male,47,2.3198
2010,kdr,male,48,2.4127
2010,kdr,male,49,2.5324
2010,kdr,male,50,2.6991
2010,kdr,male,51,2.7561
2010,kdr,male,52,2.9595
2010,kdr,male,53,2.9931
2010,kdr,male,54,3.1144
2010,kdr,male,55,3.173
2010,kdr,male,56,3.2477
2010,kdr,male,57,3.2412
2010,kdr,male,58,3.1912
2010,kdr,male,59,3.1057
2010,kdr,male,60,3.0119
2010,kdr,male,61,2.7793
2010,kdr,male,62,2.7337
2010,kdr,male,63,2.6482
2010,kdr,male,64,2.455
2010,kdr,male,65,2.3503
2010,kdr,male,66,2.2207
2010,kdr,male,67,2.1977
2010,kdr,male,68,2.124
2010,kdr,male,69,2.079
2010,kdr,male,70,2.0489
2010,kdr,male,71,2.028
2010,kdr,male,72,1.9958
2010,kdr,male,73,1.9166
2010,kdr,male,74,1.9299
2010,kdr,male,75,1.7912
2010,kdr,male,76,1.7378
2010,kdr,male,77,1.6449
2010,kdr,male,78,2.1373
2010,kdr,male,79,1.9411
2010,kdr,male,80,1.7527
2010,kdr,male,81,1.6263
2010,kdr,male,82,1.4893
2010,kdr,male,83,1.345
2010,kdr,male,84,1.197
2010,kdr,male,85,1.0372
2010,kdr,male,86,0.89433
2010,kdr,male,87,0.75776
2010,kdr,male,88,0.63008
2010,kdr,female,0,0.84842
2010,kdr,female,1,0.8601
2010,kdr,female,2,0.87925
2010,kdr,female,3,0.92674
2010,kdr,female,4,0.93283
2010,kdr,female,5,0.94944
2010,kdr,female,6,0.98607
2010,kdr,female,7,0.98982
2010,kdr,female,8,1.0053
2010,kdr,female,9,1.0006
2010,kdr,female,10,1.038
2010,kdr,female,11,1.0655
2010,kdr,female,12,1.0794
2010,kdr,female,13,1.123
2010,kdr,female,14,1.1531
2010,kdr,female,15,1.1944
2010,kdr,female,16,1.2224
2010,kdr,female,17,1.2364
2010,kdr,female,18,1.309
2010,kdr,female,19,1.3483
2010,kdr,female,20,1.3954
2010,kdr,female,21,1.4154
2010,kdr,female,22,1.484
2010,kdr,female,23,1.5364
2010,kdr,female,24,1.5794
2010,kdr,female,25,1.6407
2010,kdr,female,26,1.6749
2010,kdr,female,27,1.731
2010,kdr,female,28,1.7642
2010,kdr,female,29,1.8554
2010,kdr,female,30,1.8405
2010,kdr,female,31,1.8938
2010,kdr,female,32,1.8909
2010,kdr,female,33,1.9327
2010,kdr,female,34,1.9402
2010,kdr,female,35,1.9184
2010,kdr,female,36,1.8816
2010,kdr,female,37,1.916
2010,kdr,female,38,1.9248
2010,kdr,female,39,1.9221
2010,kdr,female,40,1.9538
2010,kdr,female,41,1.9685
2010,kdr,female,42,1.9765
2010,kdr,female,43,2.0005
2010,kdr,female,44,2.1152
2010,kdr,female,45,2.1706
2010,kdr,female,46,2.2469
2010,kdr,female,47,2.3155
2010,kdr,female,48,2.414
2010,kdr,female,49,2.54
2010,kdr,female,50,2.7139
2010,kdr,female,51,2.7789
2010,kdr,female,52,2.9936
2010,kdr,female,53,3.0375
2010,kdr,female,54,3.1714
2010,kdr,female,55,3.2433
2010,kdr,female,56,3.3331
2010,kdr,female,57,3.341
2010,kdr,female,58,3.3056
2010,kdr,female,59,3.2344
2010,kdr,female,60,3.1551
2010,kdr,female,61,2.93
2010,kdr,female,62,2.9017
2010,kdr,female,63,2.8316
2010,kdr,female,64,2.646
2010,kdr,female,65,2.554
2010,kdr,female,66,2.4346
2010,kdr,female,67,2.4332
2010,kdr,female,68,2.3773
2010,kdr,female,69,2.3548
2010,kdr,female,70,2.3514
2010,kdr,female,71,2.3612
2010,kdr,female,72,2.3608
2010,kdr,female,73,2.3068
2010,kdr,female,74,2.3676
2010,kdr,female,75,2.2437
2010,kdr,female,76,2.2272
2010,kdr,female,77,2.1623
2010,kdr,female,78,2.8812
2010,kdr,female,79,2.6984
2010,kdr,female,80,2.5204
2010,kdr,female,81,2.427
2010,kdr,female,82,2.3149
2010,kdr,female,83,2.1862
2010,kdr,female,84,2.0436
2010,kdr,female,85,1.8538
2010,kdr,female,86,1.6963
2010,kdr,female,87,1.5341
2010,kdr,female,88,1.3704
2010,kdr,female,89,1.0399
2010,kdr,female,90,0.76542
2010,wym,male,27,0.50159
2010,wym,male,28,0.52464
2010,wym,male,29,0.55899
2010,wym,male,30,0.56392
2010,wym,male,31,0.5797
2010,wym,male,32,0.57779
2010,wym,male,33,0.57808
2010,wym,male,34,0.57057
2010,wym,male,35,0.55272
2010,wym,male,36,0.53555
2010,wym,male,37,0.53417
2010,wym,male,38,0.52823
2010,wym,male,39,0.51862
2010,wym,male,40,0.52021
2010,wym,male,41,0.52704
2010,wym,male,42,0.53859
2010,wym,male,43,0.55767
2010,wym,male,44,0.60774
2010,wym,male,45,0.64838
2010,wym,male,46,0.70311
2010,wym,male,47,0.77301
2010,wym,male,48,0.86552
2010,wym,male,49,0.97777
2010,wym,male,50,1.1157
2010,wym,male,51,1.2222
2010,wym,male,52,1.406
2010,wym,male,53,1.5085
2010,wym,male,54,1.6366
2010,wym,male,55,1.7219
2010,wym,male,56,1.7713
2010,wym,male,57,1.765
2010,wym,male,58,1.7243
2010,wym,male,59,1.6453
2010,wym,male,60,1.5516
2010,wym,male,61,1.3796
2010,wym,male,62,1.3147
2010,wym,male,63,1.2457
2010,wym,male,64,1.1253
2010,wym,male,65,1.0656
2010,wym,male,66,0.994
2010,wym,male,67,0.9654
2010,wym,male,68,0.92715
2010,wym,male,69,0.88431
2010,wym,male,70,0.858
2010,wym,male,71,0.8477
2010,wym,male,72,0.8389
2010,wym,male,73,0.82298
2010,wym,male,74,0.84194
2010,wym,male,75,0.79926
2010,wym,male,76,0.80544
2010,wym,male,77,0.77828
2010,wym,male,78,3.0447
2010,wym,male,79,2.7605
2010,wym,male,80,2.4859
2010,wym,male,81,2.2633
2010,wym,male,82,2.0366
2010,wym,male,83,1.8097
2010,wym,male,84,1.5864
2010,wym,male,85,1.3102
2010,wym,male,86,1.119
2010,wym,male,87,0.94066
2010,wym,male,88,0.77733
2010,wym,male,89,0.58011
2010,wym,female,28,0.51113
2010,wym,female,29,0.54568
2010,wym,female,30,0.55167
2010,wym,female,31,0.5684
2010,wym,female,32,0.56765
2010,wym,female,33,0.56899
2010,wym,female,34,0.5629
2010,wym,female,35,0.54675
2010,wym,female,36,0.53112
2010,wym,female,37,0.53123
2010,wym,female,38,0.52689
2010,wym,female,39,0.51888
2010,wym,female,40,0.52198
2010,wym,female,41,0.53019
2010,wym,female,42,0.54325
2010,wym,female,43,0.56399
2010,wym,female,44,0.61626
2010,wym,female,45,0.65931
2010,wym,female,46,0.71712
2010,wym,female,47,0.79097
2010,wym,female,48,0.88854
2010,wym,female,49,1.0072
2010,wym,female,50,1.1531
2010,wym,female,51,1.2679
2010,wym,female,52,1.4644
2010,wym,female,53,1.5776
2010,wym,female,54,1.7191
2010,wym,female,55,1.8172
2010,wym,female,56,1.8787
2010,wym,female,57,1.8824
2010,wym,female,58,1.8501
2010,wym,female,59,1.7768
2010,wym,female,60,1.6876
2010,wym,female,61,1.512
2010,wym,female,62,1.4525
2010,wym,female,63,1.3879
2010,wym,female,64,1.2652
2010,wym,female,65,1.208
2010,wym,female,66,1.1369
2010,wym,female,67,1.1153
2010,wym,female,68,1.0829
2010,wym,female,69,1.0452
2010,wym,female,70,1.0276
2010,wym,female,71,1.03
2010,wym,female,72,1.0356
2010,wym,female,73,1.0338
2010,wym,female,74,1.078
2010,wym,female,75,1.0449
2010,wym,female,76,1.0773
2010,wym,female,77,1.0676
2010,wym,female,78,4.2469
2010,wym,female,79,3.9708
2010,wym,female,80,3.6994
2010,wym,female,81,3.4965
2010,wym,female,82,3.2782
2010,wym,female,83,3.0473
2010,wym,female,84,2.8069
2010,wym,female,85,2.3688
2010,wym,female,86,2.1538
2010,wym,female,87,1.94
2010,wym,female,88,1.7303
2010,wym,female,89,1.4049
2010,wym,female,90,1.0395
2010,wym,female,91,0.68209
2010,wym,female,92,0.52707
2010,oth,male,0,164.85
2010,oth,male,1,167.04
2010,oth,male,2,170.28
2010,oth,male,3,177.45
2010,oth,male,4,177.33
2010,oth,male,5,178.27
2010,oth,male,6,183.03
2010,oth,male,7,182.43
2010,oth,male,8,183.67
2010,oth,male,9,182.28
2010,oth,male,10,186.58
2010,oth,male,11,190.08
2010,oth,male,12,190.61
2010,oth,male,13,195.14
2010,oth,male,14,198.35
2010,oth,male,15,203.23
2010,oth,male,16,204.79
2010,oth,male,17,205.02
2010,oth,male,18,213.43
2010,oth,male,19,216.06
2010,oth,male,20,226.04
2010,oth,male,21,237.43
2010,oth,male,22,259.63
2010,oth,male,23,279.96
2010,oth,male,24,298.37
2010,oth,male,25,318.8
2010,oth,male,26,330.7
2010,oth,male,27,343.41
2010,oth,male,28,351.8
2010,oth,male,29,363.47
2010,oth,male,30,362.19
2010,oth,male,31,367.68
2010,oth,male,32,366.66
2010,oth,male,33,368.37
2010,oth,male,34,366.43
2010,oth,male,35,360.65
2010,oth,male,36,354.58
2010,oth,male,37,356.32
2010,oth,male,38,354.83
2010,oth,male,39,351.2
2010,oth,male,40,350.65
2010,oth,male,41,348.73
2010,oth,male,42,346.52
2010,oth,male,43,343.16
2010,oth,male,44,351.25
2010,oth,male,45,351.22
2010,oth,male,46,353.01
2010,oth,male,47,355.2
2010,oth,male,48,360.91
2010,oth,male,49,369.73
2010,oth,male,50,381.29
2010,oth,male,51,382.51
2010,oth,male,52,399.69
2010,oth,male,53,395.4
2010,oth,male,54,401.64
2010,oth,male,55,400.82
2010,oth,male,56,402.04
2010,oth,male,57,397.78
2010,oth,male,58,390.95
2010,oth,male,59,382.15
2010,oth,male,60,373.29
2010,oth,male,61,348.86
2010,oth,male,62,344.24
2010,oth,male,63,335.89
2010,oth,male,64,315.27
2010,oth,male,65,305.02
2010,oth,male,66,291.31
2010,oth,male,67,288.88
2010,oth,male,68,280.17
2010,oth,male,69,273.89
2010,oth,male,70,268.78
2010,oth,male,71,264.4
2010,oth,male,72,258.57
2010,oth,male,73,247.52
2010,oth,male,74,247.01
2010,oth,male,75,229.42
2010,oth,male,76,221.78
2010,oth,male,77,209.79
2010,oth,male,78,252.46
2010,oth,male,79,229.57
2010,oth,male,80,207.57
2010,oth,male,81,191.7
2010,oth,male,82,175.02
2010,oth,male,83,157.84
2010,oth,male,84,140.5
2010,oth,male,85,122.26
2010,oth,male,86,106.06
2010,oth,male,87,90.648
2010,oth,male,88,76.271
2010,oth,male,89,56.23
2010,oth,male,90,39.917
2010,oth,male,91,25.437
2010,oth,male,92,18.756
2010,oth,male,93,14.807
2010,oth,male,94,14.077
2010,oth,male,95,13.019
2010,oth,male,96,9.6282
2010,oth,male,97,7.1679
2010,oth,male,98,5.4693
2010,oth,male,99,4.3023
2010,oth,male,100,6.9137
2010,oth,female,0,154.5
2010,oth,female,1,156.28
2010,oth,female,2,159.09
2010,oth,female,3,165.61
2010,oth,female,4,165.23
2010,oth,female,5,165.99
2010,oth,female,6,170.47
2010,oth,female,7,169.99
2010,oth,female,8,171.25
2010,oth,female,9,169.94
2010,oth,female,10,174.11
2010,oth,female,11,177.59
2010,oth,female,12,178.21
2010,oth,female,13,182.64
2010,oth,female,14,185.92
2010,oth,female,15,190.75
2010,oth,female,16,192.37
2010,oth,female,17,192.74
2010,oth,female,18,200.98
2010,oth,female,19,203.6
2010,oth,female,20,212.79
2010,oth,female,21,222.58
2010,oth,female,22,242.24
2010,oth,female,23,259.98
2010,oth,female,24,275.97
2010,oth,female,25,294.1
2010,oth,female,26,304.28
2010,oth,female,27,315.64
2010,oth,female,28,323.34
2010,oth,female,29,334.57
2010,oth,female,30,333.45
2010,oth,female,31,339.11
2010,oth,female,32,338.47
2010,oth,female,33,340.55
2010,oth,female,34,339.25
2010,oth,female,35,334.36
2010,oth,female,36,329.17
2010,oth,female,37,331.69
2010,oth,female,38,330.99
2010,oth,female,39,328.29
2010,oth,female,40,328.77
2010,oth,female,41,327.97
2010,oth,female,42,327.01
2010,oth,female,43,324.98
2010,oth,female,44,334.4
2010,oth,female,45,335.75
2010,oth,female,46,338.93
2010,oth,female,47,342.5
2010,oth,female,48,349.63
2010,oth,female,49,359.96
2010,oth,female,50,373.13
2010,oth,female,51,376.01
2010,oth,female,52,395.26
2010,oth,female,53,392.8
2010,oth,female,54,401.07
2010,oth,female,55,402.23
2010,oth,female,56,405.47
2010,oth,female,57,403.06
2010,oth,female,58,398
2010,oth,female,59,390.88
2010,oth,female,60,383.79
2010,oth,female,61,360.3
2010,oth,female,62,357.79
2010,oth,female,63,351.47
2010,oth,female,64,332.06
2010,oth,female,65,323.73
2010,oth,female,66,311.69
2010,oth,female,67,312.28
2010,oth,female,68,306.14
2010,oth,female,69,302.93
2010,oth,female,70,301.32
2010,oth,female,71,300.88
2010,oth,female,72,299.05
2010,oth,female,73,291.26
2010,oth,female,74,296.55
2010,oth,female,75,281.03
2010,oth,female,76,278.03
2010,oth,female,77,269.65
2010,oth,female,78,334.23
2010,oth,female,79,312.98
2010,oth,female,80,292.26
2010,oth,female,81,279.7
2010,oth,female,82,265.49
2010,oth,female,83,249.8
2010,oth,female,84,232.86
2010,oth,female,85,211.68
2010,oth,female,86,194.38
2010,oth,female,87,176.75
2010,oth,female,88,159.08
2010,oth,female,89,125.26
2010,oth,female,90,94.965
2010,oth,female,91,63.713
2010,oth,female,92,49.988
2010,oth,female,93,41.59
2010,oth,female,94,44.42
2010,oth,female,95,46.335
2010,oth,female,96,36.243
2010,oth,female,97,27.839
2010,oth,female,98,21.013
2010,oth,female,99,15.619
2010,oth,female,100,32.795
2020,pl,male,0,1.7827e+05
2020,pl,male,1,1.8341e+05
2020,pl,male,2,1.8442e+05
2020,pl,male,3,1.841e+05
2020,pl,male,4,1.8808e+05
2020,pl,male,5,1.8679e+05
2020,pl,male,6,1.9242e+05
2020,pl,male,7,1.8995e+05
2020,pl,male,8,1.8749e+05
2020,pl,male,9,1.9502e+05
2020,pl,male,10,1.9328e+05
2020,pl,male,11,1.9296e+05
2020,pl,male,12,1.9428e+05
2020,pl,male,13,2.0038e+05
2020,pl,male,14,1.9825e+05
2020,pl,male,15,1.9784e+05
2020,pl,male,16,2.0132e+05
2020,pl,male,17,1.9826e+05
2020,pl,male,18,1.9837e+05
2020,pl,male,19,1.9526e+05
2020,pl,male,20,1.9952e+05
2020,pl,male,21,2.0142e+05
2020,pl,male,22,1.9969e+05
2020,pl,male,23,2.0277e+05
2020,pl,male,24,2.0317e+05
2020,pl,male,25,2.0692e+05
2020,pl,male,26,2.0709e+05
2020,pl,male,27,2.0479e+05
2020,pl,male,28,2.1278e+05
2020,pl,male,29,2.1073e+05
2020,pl,male,30,2.1332e+05
2020,pl,male,31,2.1264e+05
2020,pl,male,32,2.2e+05
2020,pl,male,33,2.228e+05
2020,pl,male,34,2.2337e+05
2020,pl,male,35,2.2778e+05
2020,pl,male,36,2.2639e+05
2020,pl,male,37,2.2819e+05
2020,pl,male,38,2.2712e+05
2020,pl,male,39,2.317e+05
2020,pl,male,40,2.2576e+05
2020,pl,male,41,2.2749e+05
2020,pl,male,42,2.2412e+05
2020,pl,male,43,2.243e+05
2020,pl,male,44,2.2193e+05
2020,pl,male,45,2.1732e+05
2020,pl,male,46,2.1248e+05
2020,pl,male,47,2.1488e+05
2020,pl,male,48,2.1512e+05
2020,pl,male,49,2.1255e+05
2020,pl,male,50,2.1309e+05
2020,pl,male,51,2.1287e+05
2020,pl,male,52,2.1255e+05
2020,pl,male,53,2.1086e+05
2020,pl,male,54,2.1839e+05
2020,pl,male,55,2.1875e+05
2020,pl,male,56,2.1938e+05
2020,pl,male,57,2.1985e+05
2020,pl,male,58,2.2147e+05
2020,pl,male,59,2.25e+05
2020,pl,male,60,2.2923e+05
2020,pl,male,61,2.2539e+05
2020,pl,male,62,2.32e+05
2020,pl,male,63,2.2333e+05
2020,pl,male,64,2.2197e+05
2020,pl,male,65,2.1576e+05
2020,pl,male,66,2.1132e+05
2020,pl,male,67,2.0384e+05
2020,pl,male,68,1.953e+05
2020,pl,male,69,1.86e+05
2020,pl,male,70,1.7705e+05
2020,pl,male,71,1.6011e+05
2020,pl,male,72,1.5397e+05
2020,pl,male,73,1.4575e+05
2020,pl,male,74,1.3181e+05
2020,pl,male,75,1.2265e+05
2020,pl,male,76,1.1243e+05
2020,pl,male,77,1.0743e+05
2020,pl,male,78,99725
2020,pl,male,79,93456
2020,pl,male,80,87677
2020,pl,male,81,82060
2020,pl,male,82,75972
2020,pl,male,83,68282
2020,pl,male,84,64012
2020,pl,male,85,55060
2020,pl,male,86,49194
2020,pl,male,87,42612
2020,pl,male,88,34090
2020,pl,male,89,27956
2020,pl,male,90,22571
2020,pl,male,91,18391
2020,pl,male,92,14650
2020,pl,male,93,11386
2020,pl,male,94,8616.3
2020,pl,male,95,6349.3
2020,pl,male,96,4524.3
2020,pl,male,97,3117
2020,pl,male,98,2070.6
2020,pl,male,99,1179.2
2020,pl,male,100,1308.7
2020,pl,female,0,1.6834e+05
2020,pl,female,1,1.7342e+05
2020,pl,female,2,1.7449e+05
2020,pl,female,3,1.7427e+05
2020,pl,female,4,1.7809e+05
2020,pl,female,5,1.7693e+05
2020,pl,female,6,1.8231e+05
2020,pl,female,7,1.8002e+05
2020,pl,female,8,1.7774e+05
2020,pl,female,9,1.8494e+05
2020,pl,female,10,1.8334e+05
2020,pl,female,11,1.8312e+05
2020,pl,female,12,1.8448e+05
2020,pl,female,13,1.9039e+05
2020,pl,female,14,1.885e+05
2020,pl,female,15,1.8825e+05
2020,pl,female,16,1.9165e+05
2020,pl,female,17,1.8888e+05
2020,pl,female,18,1.8918e+05
2020,pl,female,19,1.8636e+05
2020,pl,female,20,1.9059e+05
2020,pl,female,21,1.926e+05
2020,pl,female,22,1.9113e+05
2020,pl,female,23,1.9423e+05
2020,pl,female,24,1.9477e+05
2020,pl,female,25,1.9848e+05
2020,pl,female,26,1.9877e+05
2020,pl,female,27,1.9674e+05
2020,pl,female,28,2.0465e+05
2020,pl,female,29,2.0294e+05
2020,pl,female,30,2.0569e+05
2020,pl,female,31,2.0526e+05
2020,pl,female,32,2.1261e+05
2020,pl,female,33,2.1563e+05
2020,pl,female,34,2.165e+05
2020,pl,female,35,2.2108e+05
2020,pl,female,36,2.1994e+05
2020,pl,female,37,2.2185e+05
2020,pl,female,38,2.2102e+05
2020,pl,female,39,2.2571e+05
2020,pl,female,40,2.2017e+05
2020,pl,female,41,2.2211e+05
2020,pl,female,42,2.1899e+05
2020,pl,female,43,2.1933e+05
2020,pl,female,44,2.1725e+05
2020,pl,female,45,2.1304e+05
2020,pl,female,46,2.0856e+05
2020,pl,female,47,2.1122e+05
2020,pl,female,48,2.1177e+05
2020,pl,female,49,2.0959e+05
2020,pl,female,50,2.1057e+05
2020,pl,female,51,2.1085e+05
2020,pl,female,52,2.1107e+05
2020,pl,female,53,2.0995e+05
2020,pl,female,54,2.1806e+05
2020,pl,female,55,2.191e+05
2020,pl,female,56,2.2048e+05
2020,pl,female,57,2.2178e+05
2020,pl,female,58,2.2432e+05
2020,pl,female,59,2.2889e+05
2020,pl,female,60,2.3425e+05
2020,pl,female,61,2.3151e+05
2020,pl,female,62,2.3967e+05
2020,pl,female,63,2.3213e+05
2020,pl,female,64,2.3225e+05
2020,pl,female,65,2.2741e+05
2020,pl,female,66,2.2451e+05
2020,pl,female,67,2.1845e+05
2020,pl,female,68,2.1132e+05
2020,pl,female,69,2.0339e+05
2020,pl,female,70,1.9586e+05
2020,pl,female,71,1.7939e+05
2020,pl,female,72,1.7492e+05
2020,pl,female,73,1.6809e+05
2020,pl,female,74,1.5455e+05
2020,pl,female,75,1.464e+05
2020,pl,female,76,1.3683e+05
2020,pl,female,77,1.3357e+05
2020,pl,female,78,1.2697e+05
2020,pl,female,79,1.2212e+05
2020,pl,female,80,1.1789e+05
2020,pl,female,81,1.1387e+05
2020,pl,female,82,1.0912e+05
2020,pl,female,83,1.0186e+05
2020,pl,female,84,99546
2020,pl,female,85,89618
2020,pl,female,86,84178
2020,pl,female,87,77045
2020,pl,female,88,65571
2020,pl,female,89,57482
2020,pl,female,90,49939
2020,pl,female,91,44055
2020,pl,female,92,38285
2020,pl,female,93,32733
2020,pl,female,94,27500
2020,pl,female,95,22752
2020,pl,female,96,18368
2020,pl,female,97,14506
2020,pl,female,98,11186
2020,pl,female,99,7486.3
2020,pl,female,100,14391
2020,uk,male,0,49751
2020,uk,male,1,51128
2020,uk,male,2,51562
2020,uk,male,3,51310
2020,uk,male,4,52412
2020,uk,male,5,51882
2020,uk,male,6,53642
2020,uk,male,7,53330
2020,uk,male,8,52941
2020,uk,male,9,55199
2020,uk,male,10,54695
2020,uk,male,11,54235
2020,uk,male,12,54530
2020,uk,male,13,56162
2020,uk,male,14,55167
2020,uk,male,15,54998
2020,uk,male,16,55850
2020,uk,male,17,54944
2020,uk,male,18,54914
2020,uk,male,19,54262
2020,uk,male,20,55336
2020,uk,male,21,55826
2020,uk,male,22,55118
2020,uk,male,23,56058
2020,uk,male,24,55928
2020,uk,male,25,57024
2020,uk,male,26,57538
2020,uk,male,27,56766
2020,uk,male,28,58626
2020,uk,male,29,58010
2020,uk,male,30,58282
2020,uk,male,31,57910
2020,uk,male,32,59488
2020,uk,male,33,59970
2020,uk,male,34,59374
2020,uk,male,35,59981
2020,uk,male,36,59270
2020,uk,male,37,58813
2020,uk,male,38,57809
2020,uk,male,39,58506
2020,uk,male,40,56448
2020,uk,male,41,56293
2020,uk,male,42,54911
2020,uk,male,43,54300
2020,uk,male,44,53284
2020,uk,male,45,51852
2020,uk,male,46,50462
2020,uk,male,47,50779
2020,uk,male,48,50563
2020,uk,male,49,49832
2020,uk,male,50,49791
2020,uk,male,51,49617
2020,uk,male,52,49303
2020,uk,male,53,48550
2020,uk,male,54,50107
2020,uk,male,55,49891
2020,uk,male,56,49728
2020,uk,male,57,49486
2020,uk,male,58,49493
2020,uk,male,59,49752
2020,uk,male,60,50286
2020,uk,male,61,48952
2020,uk,male,62,49907
2020,uk,male,63,47596
2020,uk,male,64,46897
2020,uk,male,65,45203
2020,uk,male,66,43904
2020,uk,male,67,41959
2020,uk,male,68,39804
2020,uk,male,69,37511
2020,uk,male,70,35389
2020,uk,male,71,31710
2020,uk,male,72,30285
2020,uk,male,73,28515
2020,uk,male,74,25682
2020,uk,male,75,23818
2020,uk,male,76,21754
2020,uk,male,77,20724
2020,uk,male,78,19150
2020,uk,male,79,17824
2020,uk,male,80,16570
2020,uk,male,81,15335
2020,uk,male,82,14029
2020,uk,male,83,12459
2020,uk,male,84,11535
2020,uk,male,85,9788
2020,uk,male,86,8634.4
2020,uk,male,87,7381.3
2020,uk,male,88,6148
2020,uk,male,89,4968.2
2020,uk,male,90,3948.1
2020,uk,male,91,3113.1
2020,uk,male,92,2398.7
2020,uk,male,93,1802.1
2020,uk,male,94,1316.8
2020,uk,male,95,933.31
2020,uk,male,96,640.71
2020,uk,male,97,424.49
2020,uk,male,98,270.57
2020,uk,male,99,148.16
2020,uk,male,100,149.04
2020,uk,female,0,46988
2020,uk,female,1,48366
2020,uk,female,2,48817
2020,uk,female,3,48606
2020,uk,female,4,49667
2020,uk,female,5,49180
2020,uk,female,6,50867
2020,uk,female,7,50584
2020,uk,female,8,50231
2020,uk,female,9,52391
2020,uk,female,10,51931
2020,uk,female,11,51519
2020,uk,female,12,51836
2020,uk,female,13,53422
2020,uk,female,14,52515
2020,uk,female,15,52397
2020,uk,female,16,53239
2020,uk,female,17,52420
2020,uk,female,18,52449
2020,uk,female,19,51874
2020,uk,female,20,52951
2020,uk,female,21,53480
2020,uk,female,22,52855
2020,uk,female,23,53806
2020,uk,female,24,53723
2020,uk,female,25,54812
2020,uk,female,26,55344
2020,uk,female,27,54654
2020,uk,female,28,56512
2020,uk,female,29,55989
2020,uk,female,30,56323
2020,uk,female,31,56031
2020,uk,female,32,57632
2020,uk,female,33,58191
2020,uk,female,34,57711
2020,uk,female,35,58391
2020,uk,female,36,57764
2020,uk,female,37,57373
2020,uk,female,38,56460
2020,uk,female,39,57211
2020,uk,female,40,55269
2020,uk,female,41,55195
2020,uk,female,42,53901
2020,uk,female,43,53353
2020,uk,female,44,52426
2020,uk,female,45,51104
2020,uk,female,46,49813
2020,uk,female,47,50215
2020,uk,female,48,50093
2020,uk,female,49,49469
2020,uk,female,50,49549
2020,uk,female,51,49504
2020,uk,female,52,49329
2020,uk,female,53,48716
2020,uk,female,54,50433
2020,uk,female,55,50381
2020,uk,female,56,50400
2020,uk,female,57,50355
2020,uk,female,58,50581
2020,uk,female,59,51082
2020,uk,female,60,51884
2020,uk,female,61,50785
2020,uk,female,62,52095
2020,uk,female,63,50012
2020,uk,female,64,49626
2020,uk,female,65,48208
2020,uk,female,66,47220
2020,uk,female,67,45548
2020,uk,female,68,43654
2020,uk,female,69,41606
2020,uk,female,70,39744
2020,uk,female,71,36097
2020,uk,female,72,34987
2020,uk,female,73,33475
2020,uk,female,74,30682
2020,uk,female,75,28996
2020,uk,female,76,27029
2020,uk,female,77,26337
2020,uk,female,78,24951
2020,uk,female,79,23865
2020,uk,female,80,22864
2020,uk,female,81,21873
2020,uk,female,82,20749
2020,uk,female,83,19176
2020,uk,female,84,18551
2020,uk,female,85,16517
2020,uk,female,86,15359
2020,uk,female,87,13916
2020,uk,female,88,12354
2020,uk,female,89,10710
2020,uk,female,90,9194.5
2020,uk,female,91,7889.9
2020,uk,female,92,6670.4
2020,uk,female,93,5547.8
2020,uk,female,94,4532.2
2020,uk,female,95,3628.3
2020,uk,female,96,2848.2
2020,uk,female,97,2185.3
2020,uk,female,98,1635.3
2020,uk,female,99,1066
2020,uk,female,100,1844.3
2020,be,male,0,6980.4
2020,be,male,1,7262.1
2020,be,male,2,7348.4
2020,be,male,3,7387.2
2020,be,male,4,7643.3
2020,be,male,5,7650.5
2020,be,male,6,8009.2
2020,be,male,7,8047.3
2020,be,male,8,8092
2020,be,male,9,8515.6
2020,be,male,10,8517.9
2020,be,male,11,8585.1
2020,be,male,12,8748.9
2020,be,male,13,9142.9
2020,be,male,14,9089.9
2020,be,male,15,9130.6
2020,be,male,16,9348.2
2020,be,male,17,9279
2020,be,male,18,9294.9
2020,be,male,19,9228.6
2020,be,male,20,9439.9
2020,be,male,21,9591.5
2020,be,male,22,9567
2020,be,male,23,9794.4
2020,be,male,24,9895.4
2020,be,male,25,10158
2020,be,male,26,10248
2020,be,male,27,10199
2020,be,male,28,10646
2020,be,male,29,10632
2020,be,male,30,10761
2020,be,male,31,10720
2020,be,male,32,11064
2020,be,male,33,11181
2020,be,male,34,11153
2020,be,male,35,11297
2020,be,male,36,11186
2020,be,male,37,11150
2020,be,male,38,11043
2020,be,male,39,11196
2020,be,male,40,10801
2020,be,male,41,10778
2020,be,male,42,10536
2020,be,male,43,10461
2020,be,male,44,10272
2020,be,male,45,10001
2020,be,male,46,9760.2
2020,be,male,47,9841.4
2020,be,male,48,9801
2020,be,male,49,9707.4
2020,be,male,50,9726
2020,be,male,51,9741.1
2020,be,male,52,9721.6
2020,be,male,53,9631.6
2020,be,male,54,9960.6
2020,be,male,55,9955.3
2020,be,male,56,9972.4
2020,be,male,57,9925.6
2020,be,male,58,9933.6
2020,be,male,59,9997.7
2020,be,male,60,10125
2020,be,male,61,9865.2
2020,be,male,62,10054
2020,be,male,63,9588.6
2020,be,male,64,9420.6
2020,be,male,65,9087.6
2020,be,male,66,8817.4
2020,be,male,67,8412.3
2020,be,male,68,7963.9
2020,be,male,69,7495.4
2020,be,male,70,7056.4
2020,be,male,71,6312.5
2020,be,male,72,6026.5
2020,be,male,73,5679.1
2020,be,male,74,5127.8
2020,be,male,75,4771.1
2020,be,male,76,4372.2
2020,be,male,77,4178.8
2020,be,male,78,3875.9
2020,be,male,79,3617
2020,be,male,80,3367.7
2020,be,male,81,3118.5
2020,be,male,82,2850.9
2020,be,male,83,2529.9
2020,be,male,84,2341.4
2020,be,male,85,1986.4
2020,be,male,86,1751.9
2020,be,male,87,1496.2
2020,be,male,88,1339.9
2020,be,male,89,1079.3
2020,be,male,90,854.81
2020,be,male,91,666.11
2020,be,male,92,507.41
2020,be,male,93,376.99
2020,be,male,94,272.54
2020,be,male,95,190.73
2020,be,male,96,129.98
2020,be,male,97,85.552
2020,be,male,98,54.22
2020,be,male,99,28.029
2020,be,male,100,27.959
2020,be,female,0,6593
2020,be,female,1,6870.6
2020,be,female,2,6958.1
2020,be,female,3,6998.9
2020,be,female,4,7244.2
2020,be,female,5,7253.7
2020,be,female,6,7596.7
2020,be,female,7,7635
2020,be,female,8,7679.8
2020,be,female,9,8084.7
2020,be,female,10,8089.9
2020,be,female,11,8158.1
2020,be,female,12,8319.7
2020,be,female,13,8700.3
2020,be,female,14,8656.8
2020,be,female,15,8702.8
2020,be,female,16,8915.2
2020,be,female,17,8856.5
2020,be,female,18,8881.3
2020,be,female,19,8825.8
2020,be,female,20,9036.1
2020,be,female,21,9191.4
2020,be,female,22,9176.9
2020,be,female,23,9403
2020,be,female,24,9507.4
2020,be,female,25,9767
2020,be,female,26,9860.5
2020,be,female,27,9822.5
2020,be,female,28,10265
2020,be,female,29,10265
2020,be,female,30,10403
2020,be,female,31,10377
2020,be,female,32,10725
2020,be,female,33,10860
2020,be,female,34,10854
2020,be,female,35,11014
2020,be,female,36,10923
2020,be,female,37,10901
2020,be,female,38,10813
2020,be,female,39,10981
2020,be,female,40,10612
2020,be,female,41,10608
2020,be,female,42,10386
2020,be,female,43,10326
2020,be,female,44,10158
2020,be,female,45,9911.6
2020,be,female,46,9693.1
2020,be,female,47,9795
2020,be,female,48,9776.8
2020,be,female,49,9707.4
2020,be,female,50,9752.7
2020,be,female,51,9795.2
2020,be,female,52,9805.2
2020,be,female,53,9745.1
2020,be,female,54,10112
2020,be,female,55,10143
2020,be,female,56,10200
2020,be,female,57,10195
2020,be,female,58,10251
2020,be,female,59,10368
2020,be,female,60,10553
2020,be,female,61,10341
2020,be,female,62,10607
2020,be,female,63,10185
2020,be,female,64,10081
2020,be,female,65,9801.2
2020,be,female,66,9591.3
2020,be,female,67,9236.4
2020,be,female,68,8835.1
2020,be,female,69,8410.6
2020,be,female,70,8018.1
2020,be,female,71,7272
2020,be,female,72,7046.5
2020,be,female,73,6748.7
2020,be,female,74,6201.9
2020,be,female,75,5880.8
2020,be,female,76,5501.4
2020,be,female,77,5379.1
2020,be,female,78,5116.1
2020,be,female,79,4907.3
2020,be,female,80,4709.7
2020,be,female,81,4509.2
2020,be,female,82,4276.2
2020,be,female,83,3950.2
2020,be,female,84,3820.9
2020,be,female,85,3402.3
2020,be,female,86,3164.3
2020,be,female,87,2865.4
2020,be,female,88,2733.6
2020,be,female,89,2363.5
2020,be,female,90,2023.4
2020,be,female,91,1717.2
2020,be,female,92,1436.4
2020,be,female,93,1182.5
2020,be,female,94,956.53
2020,be,female,95,755.63
2020,be,female,96,590.58
2020,be,female,97,451.69
2020,be,female,98,337.4
2020,be,female,99,208.77
2020,be,female,100,365.25
2020,pls,male,0,4660.3
2020,pls,male,1,4907.2
2020,pls,male,2,5006
2020,pls,male,3,5086.4
2020,pls,male,4,5280.1
2020,pls,male,5,5310.4
2020,pls,male,6,5587.2
2020,pls,male,7,5624.2
2020,pls,male,8,5647.2
2020,pls,male,9,5988.4
2020,pls,male,10,6031.8
2020,pls,male,11,6111.2
2020,pls,male,12,6256.4
2020,pls,male,13,6547.5
2020,pls,male,14,6535.7
2020,pls,male,15,6558.2
2020,pls,male,16,6729.9
2020,pls,male,17,6719
2020,pls,male,18,6755.8
2020,pls,male,19,6748.9
2020,pls,male,20,6985.1
2020,pls,male,21,7166.7
2020,pls,male,22,7195.7
2020,pls,male,23,7424.8
2020,pls,male,24,7549.7
2020,pls,male,25,7772.3
2020,pls,male,26,7884
2020,pls,male,27,7859.6
2020,pls,male,28,8191.9
2020,pls,male,29,8160.1
2020,pls,male,30,8252.8
2020,pls,male,31,8184.3
2020,pls,male,32,8396.2
2020,pls,male,33,8400.4
2020,pls,male,34,8307.9
2020,pls,male,35,8322.8
2020,pls,male,36,8176.3
2020,pls,male,37,8081.8
2020,pls,male,38,7950
2020,pls,male,39,7987.4
2020,pls,male,40,7651.9
2020,pls,male,41,7608.5
2020,pls,male,42,7403.1
2020,pls,male,43,7333.1
2020,pls,male,44,7216.8
2020,pls,male,45,7027.9
2020,pls,male,46,6859.4
2020,pls,male,47,6933.2
2020,pls,male,48,6934.7
2020,pls,male,49,6904.4
2020,pls,male,50,6925.1
2020,pls,male,51,6960.3
2020,pls,male,52,6923.4
2020,pls,male,53,6861.7
2020,pls,male,54,7059.8
2020,pls,male,55,7013.4
2020,pls,male,56,6958.5
2020,pls,male,57,6897.6
2020,pls,male,58,6843
2020,pls,male,59,6828.8
2020,pls,male,60,6850.7
2020,pls,male,61,6611.4
2020,pls,male,62,6675.3
2020,pls,male,63,6315.7
2020,pls,male,64,6161.4
2020,pls,male,65,5936.8
2020,pls,male,66,5746.8
2020,pls,male,67,5478
2020,pls,male,68,5192.1
2020,pls,male,69,4900.6
2020,pls,male,70,4631.4
2020,pls,male,71,4161.5
2020,pls,male,72,3993.5
2020,pls,male,73,3783.9
2020,pls,male,74,3439.3
2020,pls,male,75,3220.7
2020,pls,male,76,2967.1
2020,pls,male,77,2846.3
2020,pls,male,78,2642.1
2020,pls,male,79,2458.2
2020,pls,male,80,2276.6
2020,pls,male,81,2096.1
2020,pls,male,82,1904.4
2020,pls,male,83,1680.1
2020,pls,male,84,1546.5
2020,pls,male,85,1305.5
2020,pls,male,86,1145.6
2020,pls,male,87,973.78
2020,pls,male,88,877.11
2020,pls,male,89,700.01
2020,pls,male,90,549.33
2020,pls,male,91,420.13
2020,pls,male,92,314.04
2020,pls,male,93,228.9
2020,pls,male,94,162.3
2020,pls,male,95,111.6
2020,pls,male,96,74.828
2020,pls,male,97,48.459
2020,pls,male,98,30.216
2020,pls,male,99,15.368
2020,pls,male,100,14.872
2020,pls,female,0,4402.5
2020,pls,female,1,4644.6
2020,pls,female,2,4742.4
2020,pls,female,3,4821.8
2020,pls,female,4,5007.8
2020,pls,female,5,5038.7
2020,pls,female,6,5303.5
2020,pls,female,7,5340.2
2020,pls,female,8,5364.3
2020,pls,female,9,5690.8
2020,pls,female,10,5734.2
2020,pls,female,11,5812.9
2020,pls,female,12,5955.7
2020,pls,female,13,6237.6
2020,pls,female,14,6232
2020,pls,female,15,6258.9
2020,pls,female,16,6426.4
2020,pls,female,17,6422.1
2020,pls,female,18,6465
2020,pls,female,19,6464.5
2020,pls,female,20,6696.8
2020,pls,female,21,6878.3
2020,pls,female,22,6913
2020,pls,female,23,7139.6
2020,pls,female,24,7265.8
2020,pls,female,25,7485
2020,pls,female,26,7597.8
2020,pls,female,27,7581.7
2020,pls,female,28,7912.2
2020,pls,female,29,7891.8
2020,pls,female,30,7992
2020,pls,female,31,7935.2
2020,pls,female,32,8153
2020,pls,female,33,8174.6
2020,pls,female,34,8104.6
2020,pls,female,35,8138.2
2020,pls,female,36,8009.4
2020,pls,female,37,7929.8
2020,pls,female,38,7816.3
2020,pls,female,39,7870.7
2020,pls,female,40,7558.2
2020,pls,female,41,7534.2
2020,pls,female,42,7346.9
2020,pls,female,43,7292.3
2020,pls,female,44,7194.3
2020,pls,female,45,7025.7
2020,pls,female,46,6875.7
2020,pls,female,47,6969.6
2020,pls,female,48,6992.2
2020,pls,female,49,6984.7
2020,pls,female,50,7029.3
2020,pls,female,51,7087.9
2020,pls,female,52,7074.4
2020,pls,female,53,7036.2
2020,pls,female,54,7266.7
2020,pls,female,55,7247.7
2020,pls,female,56,7222.1
2020,pls,female,57,7192.8
2020,pls,female,58,7172.2
2020,pls,female,59,7196.2
2020,pls,female,60,7259.6
2020,pls,female,61,7049.8
2020,pls,female,62,7168.4
2020,pls,female,63,6833
2020,pls,female,64,6718.9
2020,pls,female,65,6527.2
2020,pls,female,66,6374.9
2020,pls,female,67,6136.6
2020,pls,female,68,5879.9
2020,pls,female,69,5616.8
2020,pls,female,70,5378.4
2020,pls,female,71,4902.8
2020,pls,female,72,4778.8
2020,pls,female,73,4605.4
2020,pls,female,74,4263.6
2020,pls,female,75,4072.1
2020,pls,female,76,3832.5
2020,pls,female,77,3763.9
2020,pls,female,78,3585.9
2020,pls,female,79,3432.9
2020,pls,female,80,3281
2020,pls,female,81,3127.5
2020,pls,female,82,2951.4
2020,pls,female,83,2714.2
2020,pls,female,84,2615.1
2020,pls,female,85,2320.8
2020,pls,female,86,2151.3
2020,pls,female,87,1942.7
2020,pls,female,88,1867.6
2020,pls,female,89,1603.8
2020,pls,female,90,1363.9
2020,pls,female,91,1139.3
2020,pls,female,92,938.02
2020,pls,female,93,760.11
2020,pls,female,94,605.24
2020,pls,female,95,472.33
2020,pls,female,96,365.72
2020,pls,female,97,277.23
2020,pls,female,98,205.33
2020,pls,female,99,126.01
2020,pls,female,100,214.83
2020,yi,male,0,12634
2020,yi,male,1,12902
2020,yi,male,2,12848
2020,yi,male,3,12707
2020,yi,male,4,12943
2020,yi,male,5,12786
2020,yi,male,6,13141
2020,yi,male,7,12948
2020,yi,male,8,12760
2020,yi,male,9,13258
2020,yi,male,10,13087
2020,yi,male,11,12986
2020,yi,male,12,13024
2020,yi,male,13,13349
2020,yi,male,14,13055
2020,yi,male,15,12886
2020,yi,male,16,12981
2020,yi,male,17,12680
2020,yi,male,18,12517
2020,yi,male,19,12188
2020,yi,male,20,12255
2020,yi,male,21,12235
2020,yi,male,22,11975
2020,yi,male,23,12029
2020,yi,male,24,11933
2020,yi,male,25,12052
2020,yi,male,26,11981
2020,yi,male,27,11765
2020,yi,male,28,12113
2020,yi,male,29,11959
2020,yi,male,30,12006
2020,yi,male,31,11918
2020,yi,male,32,12259
2020,yi,male,33,12355
2020,yi,male,34,12332
2020,yi,male,35,12505
2020,yi,male,36,12396
2020,yi,male,37,12391
2020,yi,male,38,12279
2020,yi,male,39,12506
2020,yi,male,40,12113
2020,yi,male,41,12139
2020,yi,male,42,11880
2020,yi,male,43,11767
2020,yi,male,44,11529
2020,yi,male,45,11150
2020,yi,male,46,10786
2020,yi,male,47,10777
2020,yi,male,48,10626
2020,yi,male,49,10387
2020,yi,male,50,10305
2020,yi,male,51,10208
2020,yi,male,52,10095
2020,yi,male,53,9930.6
2020,yi,male,54,10246
2020,yi,male,55,10221
2020,yi,male,56,10237
2020,yi,male,57,10241
2020,yi,male,58,10344
2020,yi,male,59,10539
2020,yi,male,60,10818
2020,yi,male,61,10707
2020,yi,male,62,11120
2020,yi,male,63,10840
2020,yi,male,64,10896
2020,yi,male,65,10746
2020,yi,male,66,10646
2020,yi,male,67,10352
2020,yi,male,68,9969.7
2020,yi,male,69,9516.8
2020,yi,male,70,9066.8
2020,yi,male,71,8184.7
2020,yi,male,72,7851.6
2020,yi,male,73,7416.5
2020,yi,male,74,6689
2020,yi,male,75,6206.3
2020,yi,male,76,5665.3
2020,yi,male,77,5393.6
2020,yi,male,78,4993.1
2020,yi,male,79,4664.7
2020,yi,male,80,4369.6
2020,yi,male,81,4096.6
2020,yi,male,82,3808.5
2020,yi,male,83,3447.5
2020,yi,male,84,3257.8
2020,yi,male,85,2827.9
2020,yi,male,86,2552.3
2020,yi,male,87,2234.6
2020,yi,male,88,2652
2020,yi,male,89,2212.6
2020,yi,male,90,1818.8
2020,yi,male,91,1557.5
2020,yi,male,92,1299.2
2020,yi,male,93,1054.6
2020,yi,male,94,831.95
2020,yi,male,95,625.84
2020,yi,male,96,464.69
2020,yi,male,97,333.66
2020,yi,male,98,231.12
2020,yi,male,99,132.95
2020,yi,male,100,160.91
2020,yi,female,0,11927
2020,yi,female,1,12193
2020,yi,female,2,12148
2020,yi,female,3,12021
2020,yi,female,4,12247
2020,yi,female,5,12102
2020,yi,female,6,12441
2020,yi,female,7,12260
2020,yi,female,8,12085
2020,yi,female,9,12560
2020,yi,female,10,12402
2020,yi,female,11,12310
2020,yi,female,12,12353
2020,yi,female,13,12667
2020,yi,female,14,12396
2020,yi,female,15,12243
2020,yi,female,16,12339
2020,yi,female,17,12061
2020,yi,female,18,11916
2020,yi,female,19,11612
2020,yi,female,20,11684
2020,yi,female,21,11675
2020,yi,female,22,11436
2020,yi,female,23,11496
2020,yi,female,24,11413
2020,yi,female,25,11532
2020,yi,female,26,11470
2020,yi,female,27,11272
2020,yi,female,28,11617
2020,yi,female,29,11483
2020,yi,female,30,11542
2020,yi,female,31,11469
2020,yi,female,32,11811
2020,yi,female,33,11921
2020,yi,female,34,11919
2020,yi,female,35,12104
2020,yi,female,36,12012
2020,yi,female,37,12018
2020,yi,female,38,11925
2020,yi,female,39,12161
2020,yi,female,40,11795
2020,yi,female,41,11837
2020,yi,female,42,11597
2020,yi,female,43,11499
2020,yi,female,44,11283
2020,yi,female,45,10932
2020,yi,female,46,10592
2020,yi,female,47,10601
2020,yi,female,48,10473
2020,yi,female,49,10258
2020,yi,female,50,10201
2020,yi,female,51,10130
2020,yi,female,52,10045
2020,yi,female,53,9908.9
2020,yi,female,54,10253
2020,yi,female,55,10261
2020,yi,female,56,10314
2020,yi,female,57,10357
2020,yi,female,58,10505
2020,yi,female,59,10751
2020,yi,female,60,11087
2020,yi,female,61,11031
2020,yi,female,62,11524
2020,yi,female,63,11305
2020,yi,female,64,11440
2020,yi,female,65,11366
2020,yi,female,66,11350
2020,yi,female,67,11132
2020,yi,female,68,10823
2020,yi,female,69,10440
2020,yi,female,70,10060
2020,yi,female,71,9196
2020,yi,female,72,8942.2
2020,yi,female,73,8572.3
2020,yi,female,74,7857.2
2020,yi,female,75,7418.4
2020,yi,female,76,6901.4
2020,yi,female,77,6709.3
2020,yi,female,78,6356
2020,yi,female,79,6089.9
2020,yi,female,80,5865.7
2020,yi,female,81,5670.5
2020,yi,female,82,5452.4
2020,yi,female,83,5121.6
2020,yi,female,84,5040.4
2020,yi,female,85,4574.4
2020,yi,female,86,4335.1
2020,yi,female,87,4005.2
2020,yi,female,88,5029.7
2020,yi,female,89,4474.7
2020,yi,female,90,3946.9
2020,yi,female,91,3648.8
2020,yi,female,92,3310.1
2020,yi,female,93,2945.5
2020,yi,female,94,2569.5
2020,yi,female,95,2132
2020,yi,female,96,1787.6
2020,yi,female,97,1466.2
2020,yi,female,98,1175
2020,yi,female,99,793.21
2020,yi,female,100,1695
2020,de,male,0,1987.9
2020,de,male,1,2064.3
2020,de,male,2,2086.4
2020,de,male,3,2096
2020,de,male,4,2162.5
2020,de,male,5,2168.6
2020,de,male,6,2268.1
2020,de,male,7,2258.4
2020,de,male,8,2246.2
2020,de,male,9,2359.2
2020,de,male,10,2371.5
2020,de,male,11,2398.4
2020,de,male,12,2456.6
2020,de,male,13,2550.3
2020,de,male,14,2541
2020,de,male,15,2547.4
2020,de,male,16,2611.1
2020,de,male,17,2601.3
2020,de,male,18,2617.5
2020,de,male,19,2577
2020,de,male,20,2640.8
2020,de,male,21,2687.3
2020,de,male,22,2672.6
2020,de,male,23,2725
2020,de,male,24,2743.1
2020,de,male,25,2795.9
2020,de,male,26,2808.1
2020,de,male,27,2788.6
2020,de,male,28,2910.3
2020,de,male,29,2894.3
2020,de,male,30,2942.8
2020,de,male,31,2952.2
2020,de,male,32,3070.7
2020,de,male,33,3120.9
2020,de,male,34,3161
2020,de,male,35,3244.3
2020,de,male,36,3279.8
2020,de,male,37,3335.8
2020,de,male,38,3375.2
2020,de,male,39,3495.2
2020,de,male,40,3458.4
2020,de,male,41,3536.3
2020,de,male,42,3542.3
2020,de,male,43,3584.8
2020,de,male,44,3572.4
2020,de,male,45,3529.9
2020,de,male,46,3474.8
2020,de,male,47,3530.8
2020,de,male,48,3525.7
2020,de,male,49,3492.8
2020,de,male,50,3512.8
2020,de,male,51,3518.3
2020,de,male,52,3521.2
2020,de,male,53,3501.5
2020,de,male,54,3652.2
2020,de,male,55,3676.2
2020,de,male,56,3722
2020,de,male,57,3765.3
2020,de,male,58,3838.7
2020,de,male,59,3939
2020,de,male,60,4082.5
2020,de,male,61,4088.2
2020,de,male,62,4282.6
2020,de,male,63,4210.9
2020,de,male,64,4262.6
2020,de,male,65,4235.4
2020,de,male,66,4232.8
2020,de,male,67,4162.1
2020,de,male,68,4069.5
2020,de,male,69,3949.6
2020,de,male,70,3826.1
2020,de,male,71,3502.7
2020,de,male,72,3416
2020,de,male,73,3273.9
2020,de,male,74,2981.1
2020,de,male,75,2790.6
2020,de,male,76,2564
2020,de,male,77,2454.6
2020,de,male,78,2283.9
2020,de,male,79,2144
2020,de,male,80,2024.6
2020,de,male,81,1918.1
2020,de,male,82,1806.5
2020,de,male,83,1659.4
2020,de,male,84,1593.2
2020,de,male,85,1403.6
2020,de,male,86,1288.4
2020,de,male,87,1149.4
2020,de,male,88,1022
2020,de,male,89,853.84
2020,de,male,90,702.21
2020,de,male,91,594.27
2020,de,male,92,490.21
2020,de,male,93,393.57
2020,de,male,94,307.03
2020,de,male,95,231.28
2020,de,male,96,169.52
2020,de,male,97,120
2020,de,male,98,81.813
2020,de,male,99,49.775
2020,de,male,100,57.666
2020,de,female,0,1876.7
2020,de,female,1,1950.7
2020,de,female,2,1972.6
2020,de,female,3,1982.4
2020,de,female,4,2045.8
2020,de,female,5,2052
2020,de,female,6,2146.8
2020,de,female,7,2138
2020,de,female,8,2126.9
2020,de,female,9,2234.5
2020,de,female,10,2246.7
2020,de,female,11,2272.9
2020,de,female,12,2329.3
2020,de,female,13,2419.4
2020,de,female,14,2412.1
2020,de,female,15,2419.6
2020,de,female,16,2481.2
2020,de,female,17,2473.6
2020,de,female,18,2491.3
2020,de,female,19,2454.4
2020,de,female,20,2517.1
2020,de,female,21,2563.9
2020,de,female,22,2552
2020,de,female,23,2604
2020,de,female,24,2623.2
2020,de,female,25,2675.1
2020,de,female,26,2688.2
2020,de,female,27,2671.7
2020,de,female,28,2791.4
2020,de,female,29,2779.3
2020,de,female,30,2829.2
2020,de,female,31,2841.3
2020,de,female,32,2958.9
2020,de,female,33,3012.2
2020,de,female,34,3056.4
2020,de,female,35,3142.1
2020,de,female,36,3180.7
2020,de,female,37,3238.5
2020,de,female,38,3281.1
2020,de,female,39,3402.8
2020,de,female,40,3372
2020,de,female,41,3453.5
2020,de,female,42,3463.6
2020,de,female,43,3509.1
2020,de,female,44,3502.4
2020,de,female,45,3467.2
2020,de,female,46,3419
2020,de,female,47,3480.5
2020,de,female,48,3482.3
2020,de,female,49,3457.1
2020,de,female,50,3485.1
2020,de,female,51,3499.1
2020,de,female,52,3511.3
2020,de,female,53,3501.3
2020,de,female,54,3662.6
2020,de,female,55,3698.1
2020,de,female,56,3757.1
2020,de,female,57,3815.1
2020,de,female,58,3905.3
2020,de,female,59,4024.8
2020,de,female,60,4190.5
2020,de,female,61,4217.5
2020,de,female,62,4443.2
2020,de,female,63,4395.2
2020,de,female,64,4478.1
2020,de,female,65,4480.6
2020,de,female,66,4511.8
2020,de,female,67,4473.3
2020,de,female,68,4413.7
2020,de,female,69,4326.8
2020,de,female,70,4237.8
2020,de,female,71,3926.8
2020,de,female,72,3880.2
2020,de,female,73,3772.5
2020,de,female,74,3489.7
2020,de,female,75,3322.8
2020,de,female,76,3110.3
2020,de,female,77,3039.8
2020,de,female,78,2893.4
2020,de,female,79,2784.8
2020,de,female,80,2703.1
2020,de,female,81,2639.6
2020,de,female,82,2569.8
2020,de,female,83,2448
2020,de,female,84,2446.3
2020,de,female,85,2251.9
2020,de,female,86,2168.9
2020,de,female,87,2040.4
2020,de,female,88,1921.2
2020,de,female,89,1711.3
2020,de,female,90,1510.1
2020,de,female,91,1379.7
2020,de,female,92,1237.9
2020,de,female,93,1090
2020,de,female,94,940.87
2020,de,female,95,789.43
2020,de,female,96,653.91
2020,de,female,97,529.29
2020,de,female,98,418
2020,de,female,99,298.03
2020,de,female,100,598.11
2020,ru,male,0,1606.5
2020,ru,male,1,1666.4
2020,ru,male,2,1682.3
2020,ru,male,3,1687.4
2020,ru,male,4,1734.9
2020,ru,male,5,1726.5
2020,ru,male,6,1794.4
2020,ru,male,7,1791.8
2020,ru,male,8,1792.9
2020,ru,male,9,1879.9
2020,ru,male,10,1872.5
2020,ru,male,11,1878.7
2020,ru,male,12,1900.3
2020,ru,male,13,1968.6
2020,ru,male,14,1946.1
2020,ru,male,15,1941.7
2020,ru,male,16,1976.6
2020,ru,male,17,1956.6
2020,ru,male,18,1958.7
2020,ru,male,19,1937.6
2020,ru,male,20,1980.5
2020,ru,male,21,2008.8
2020,ru,male,22,1994.7
2020,ru,male,23,2041.1
2020,ru,male,24,2055.9
2020,ru,male,25,2100.8
2020,ru,male,26,2118
2020,ru,male,27,2100.3
2020,ru,male,28,2183.2
2020,ru,male,29,2174.1
2020,ru,male,30,2197.2
2020,ru,male,31,2191.6
2020,ru,male,32,2263.7
2020,ru,male,33,2286.2
2020,ru,male,34,2284.3
2020,ru,male,35,2322.5
2020,ru,male,36,2300.9
2020,ru,male,37,2297
2020,ru,male,38,2279.3
2020,ru,male,39,2318.5
2020,ru,male,40,2244.9
2020,ru,male,41,2247.7
2020,ru,male,42,2201.1
2020,ru,male,43,2189.3
2020,ru,male,44,2153.2
2020,ru,male,45,2101.6
2020,ru,male,46,2051.8
2020,ru,male,47,2069.6
2020,ru,male,48,2059.9
2020,ru,male,49,2035.5
2020,ru,male,50,2037.8
2020,ru,male,51,2041.5
2020,ru,male,52,2034.6
2020,ru,male,53,2017.4
2020,ru,male,54,2092.9
2020,ru,male,55,2095.3
2020,ru,male,56,2103.2
2020,ru,male,57,2099.6
2020,ru,male,58,2108.6
2020,ru,male,59,2130.8
2020,ru,male,60,2166.1
2020,ru,male,61,2120
2020,ru,male,62,2168.7
2020,ru,male,63,2076.3
2020,ru,male,64,2051.7
2020,ru,male,65,1986.4
2020,ru,male,66,1934.1
2020,ru,male,67,1852.7
2020,ru,male,68,1761.1
2020,ru,male,69,1663.2
2020,ru,male,70,1570.5
2020,ru,male,71,1407.6
2020,ru,male,72,1343.9
2020,ru,male,73,1265.5
2020,ru,male,74,1140.8
2020,ru,male,75,1059
2020,ru,male,76,968.52
2020,ru,male,77,924.66
2020,ru,male,78,857.45
2020,ru,male,79,801.08
2020,ru,male,80,747.98
2020,ru,male,81,695.73
2020,ru,male,82,639.54
2020,ru,male,83,570.85
2020,ru,male,84,531.4
2020,ru,male,85,453.36
2020,ru,male,86,401.9
2020,ru,male,87,345.18
2020,ru,male,88,304.63
2020,ru,male,89,247.01
2020,ru,male,90,196.99
2020,ru,male,91,156.46
2020,ru,male,92,121.46
2020,ru,male,93,91.976
2020,ru,male,94,67.78
2020,ru,male,95,48.353
2020,ru,male,96,33.541
2020,ru,male,97,22.473
2020,ru,male,98,14.499
2020,ru,male,99,7.6432
2020,ru,male,100,7.88
2020,ru,female,0,1517.2
2020,ru,female,1,1576.3
2020,ru,female,2,1592.5
2020,ru,female,3,1598.3
2020,ru,female,4,1643.8
2020,ru,female,5,1636.4
2020,ru,female,6,1701.4
2020,ru,female,7,1699.4
2020,ru,female,8,1701
2020,ru,female,9,1784.1
2020,ru,female,10,1777.7
2020,ru,female,11,1784.4
2020,ru,female,12,1806.2
2020,ru,female,13,1872.3
2020,ru,female,14,1852.4
2020,ru,female,15,1849.7
2020,ru,female,16,1884
2020,ru,female,17,1866.5
2020,ru,female,18,1870.5
2020,ru,female,19,1852
2020,ru,female,20,1894.7
2020,ru,female,21,1923.8
2020,ru,female,22,1912.2
2020,ru,female,23,1958.5
2020,ru,female,24,1974.1
2020,ru,female,25,2018.6
2020,ru,female,26,2036.5
2020,ru,female,27,2021.4
2020,ru,female,28,2103.7
2020,ru,female,29,2097.5
2020,ru,female,30,2122.6
2020,ru,female,31,2119.8
2020,ru,female,32,2192.5
2020,ru,female,33,2218.2
2020,ru,female,34,2220.5
2020,ru,female,35,2261.4
2020,ru,female,36,2243.3
2020,ru,female,37,2242
2020,ru,female,38,2227.6
2020,ru,female,39,2269.2
2020,ru,female,40,2200.4
2020,ru,female,41,2206.7
2020,ru,female,42,2163.7
2020,ru,female,43,2154.6
2020,ru,female,44,2122.4
2020,ru,female,45,2075.5
2020,ru,female,46,2030
2020,ru,female,47,2051.5
2020,ru,female,48,2046.1
2020,ru,female,49,2026.3
2020,ru,female,50,2033.8
2020,ru,female,51,2042.9
2020,ru,female,52,2041.8
2020,ru,female,53,2030.6
2020,ru,female,54,2113.1
2020,ru,female,55,2122.7
2020,ru,female,56,2138.6
2020,ru,female,57,2143.6
2020,ru,female,58,2162.2
2020,ru,female,59,2195.2
2020,ru,female,60,2242.4
2020,ru,female,61,2206.7
2020,ru,female,62,2271.4
2020,ru,female,63,2189
2020,ru,female,64,2178.4
2020,ru,female,65,2125.2
2020,ru,female,66,2086.4
2020,ru,female,67,2016.8
2020,ru,female,68,1936.5
2020,ru,female,69,1849.1
2020,ru,female,70,1767.3
2020,ru,female,71,1605.2
2020,ru,female,72,1554.9
2020,ru,female,73,1487.6
2020,ru,female,74,1364.2
2020,ru,female,75,1290.2
2020,ru,female,76,1204
2020,ru,female,77,1175.4
2020,ru,female,78,1117.1
2020,ru,female,79,1072.2
2020,ru,female,80,1031.4
2020,ru,female,81,991.24
2020,ru,female,82,944.47
2020,ru,female,83,876.86
2020,ru,female,84,852.37
2020,ru,female,85,762.55
2020,ru,female,86,712.12
2020,ru,female,87,647.73
2020,ru,female,88,608.22
2020,ru,female,89,528.62
2020,ru,female,90,455
2020,ru,female,91,392.68
2020,ru,female,92,333.94
2020,ru,female,93,279.43
2020,ru,female,94,229.74
2020,ru,female,95,184.37
2020,ru,female,96,145.95
2020,ru,female,97,113
2020,ru,female,98,85.4
2020,ru,female,99,53.511
2020,ru,female,100,96.369
2020,lt,male,0,9834.4
2020,lt,male,1,10158
2020,lt,male,2,10248
2020,lt,male,3,10270
2020,lt,male,4,10612
2020,lt,male,5,10492
2020,lt,male,6,10855
2020,lt,male,7,10835
2020,lt,male,8,10748
2020,lt,male,9,11299
2020,lt,male,10,11225
2020,lt,male,11,11251
2020,lt,male,12,11478
2020,lt,male,13,11921
2020,lt,male,14,11868
2020,lt,male,15,11887
2020,lt,male,16,12200
2020,lt,male,17,12063
2020,lt,male,18,12135
2020,lt,male,19,11960
2020,lt,male,20,12184
2020,lt,male,21,12414
2020,lt,male,22,12294
2020,lt,male,23,12604
2020,lt,male,24,12617
2020,lt,male,25,12879
2020,lt,male,26,12913
2020,lt,male,27,12757
2020,lt,male,28,13223
2020,lt,male,29,13172
2020,lt,male,30,13296
2020,lt,male,31,13260
2020,lt,male,32,13813
2020,lt,male,33,14140
2020,lt,male,34,14320
2020,lt,male,35,14727
2020,lt,male,36,14793
2020,lt,male,37,14947
2020,lt,male,38,15040
2020,lt,male,39,15560
2020,lt,male,40,15274
2020,lt,male,41,15522
2020,lt,male,42,15412
2020,lt,male,43,15508
2020,lt,male,44,15450
2020,lt,male,45,15126
2020,lt,male,46,14896
2020,lt,male,47,15111
2020,lt,male,48,15107
2020,lt,male,49,14920
2020,lt,male,50,14988
2020,lt,male,51,14964
2020,lt,male,52,14971
2020,lt,male,53,14859
2020,lt,male,54,15451
2020,lt,male,55,15552
2020,lt,male,56,15739
2020,lt,male,57,15837
2020,lt,male,58,16069
2020,lt,male,59,16396
2020,lt,male,60,16864
2020,lt,male,61,16721
2020,lt,male,62,17392
2020,lt,male,63,16895
2020,lt,male,64,16973
2020,lt,male,65,16663
2020,lt,male,66,16479
2020,lt,male,67,16041
2020,lt,male,68,15488
2020,lt,male,69,14847
2020,lt,male,70,14254
2020,lt,male,71,12962
2020,lt,male,72,12530
2020,lt,male,73,11894
2020,lt,male,74,10782
2020,lt,male,75,10034
2020,lt,male,76,9192.6
2020,lt,male,77,8795.4
2020,lt,male,78,8185
2020,lt,male,79,7695.7
2020,lt,male,80,7247.9
2020,lt,male,81,6812.5
2020,lt,male,82,6333.5
2020,lt,male,83,5714
2020,lt,male,84,5371.3
2020,lt,male,85,4623.3
2020,lt,male,86,4128.5
2020,lt,male,87,3572.5
2020,lt,male,88,2932.5
2020,lt,male,89,2396.7
2020,lt,male,90,1925.6
2020,lt,male,91,1558.7
2020,lt,male,92,1231.6
2020,lt,male,93,948.15
2020,lt,male,94,709.6
2020,lt,male,95,515.5
2020,lt,male,96,361.97
2020,lt,male,97,245.22
2020,lt,male,98,159.78
2020,lt,male,99,85.581
2020,lt,male,100,89.086
2020,lt,female,0,9285.7
2020,lt,female,1,9602.7
2020,lt,female,2,9694.4
2020,lt,female,3,9719.6
2020,lt,female,4,10046
2020,lt,female,5,9935.3
2020,lt,female,6,10282
2020,lt,female,7,10267
2020,lt,female,8,10187
2020,lt,female,9,10712
2020,lt,female,10,10645
2020,lt,female,11,10674
2020,lt,female,12,10896
2020,lt,female,13,11322
2020,lt,female,14,11280
2020,lt,female,15,11306
2020,lt,female,16,11608
2020,lt,female,17,11488
2020,lt,female,18,11568
2020,lt,female,19,11410
2020,lt,female,20,11633
2020,lt,female,21,11865
2020,lt,female,22,11761
2020,lt,female,23,12068
2020,lt,female,24,12089
2020,lt,female,25,12348
2020,lt,female,26,12389
2020,lt,female,27,12250
2020,lt,female,28,12713
2020,lt,female,29,12680
2020,lt,female,30,12816
2020,lt,female,31,12795
2020,lt,female,32,13345
2020,lt,female,33,13681
2020,lt,female,34,13879
2020,lt,female,35,14293
2020,lt,female,36,14374
2020,lt,female,37,14535
2020,lt,female,38,14643
2020,lt,female,39,15166
2020,lt,female,40,14906
2020,lt,female,41,15167
2020,lt,female,42,15074
2020,lt,female,43,15179
2020,lt,female,44,15141
2020,lt,female,45,14846
2020,lt,female,46,14641
2020,lt,female,47,14877
2020,lt,female,48,14897
2020,lt,female,49,14739
2020,lt,female,50,14839
2020,lt,female,51,14851
2020,lt,female,52,14897
2020,lt,female,53,14826
2020,lt,female,54,15461
2020,lt,female,55,15610
2020,lt,female,56,15853
2020,lt,female,57,16012
2020,lt,female,58,16314
2020,lt,female,59,16719
2020,lt,female,60,17276
2020,lt,female,61,17218
2020,lt,female,62,18014
2020,lt,female,63,17608
2020,lt,female,64,17807
2020,lt,female,65,17610
2020,lt,female,66,17554
2020,lt,female,67,17236
2020,lt,female,68,16801
2020,lt,female,69,16276
2020,lt,female,70,15807
2020,lt,female,71,14558
2020,lt,female,72,14269
2020,lt,female,73,13751
2020,lt,female,74,12674
2020,lt,female,75,12010
2020,lt,female,76,11221
2020,lt,female,77,10973
2020,lt,female,78,10460
2020,lt,female,79,10097
2020,lt,female,80,9789.9
2020,lt,female,81,9501.1
2020,lt,female,82,9148.7
2020,lt,female,83,8578.7
2020,lt,female,84,8414.1
2020,lt,female,85,7588.1
2020,lt,female,86,7132.3
2020,lt,female,87,6530.3
2020,lt,female,88,5708.6
2020,lt,female,89,4996
2020,lt,female,90,4327.9
2020,lt,female,91,3803.7
2020,lt,female,92,3289.8
2020,lt,female,93,2796.6
2020,lt,female,94,2333.5
2020,lt,female,95,1911
2020,lt,female,96,1529.2
2020,lt,female,97,1195.4
2020,lt,female,98,911.22
2020,lt,female,99,578.89
2020,lt,female,100,1055.7
2020,csb,male,0,408.57
2020,csb,male,1,425.6
2020,csb,male,2,435.39
2020,csb,male,3,445.11
2020,csb,male,4,460.33
2020,csb,male,5,455.25
2020,csb,male,6,477.24
2020,csb,male,7,479.3
2020,csb,male,8,484.26
2020,csb,male,9,521.6
2020,csb,male,10,528.35
2020,csb,male,11,541.49
2020,csb,male,12,554.17
2020,csb,male,13,575.87
2020,csb,male,14,568.84
2020,csb,male,15,576.3
2020,csb,male,16,591.58
2020,csb,male,17,586.58
2020,csb,male,18,583.78
2020,csb,male,19,587.63
2020,csb,male,20,606.73
2020,csb,male,21,612.06
2020,csb,male,22,604.49
2020,csb,male,23,625.12
2020,csb,male,24,626.19
2020,csb,male,25,645.88
2020,csb,male,26,647.66
2020,csb,male,27,642.89
2020,csb,male,28,678.37
2020,csb,male,29,682.02
2020,csb,male,30,695.24
2020,csb,male,31,701.86
2020,csb,male,32,737.39
2020,csb,male,33,775.33
2020,csb,male,34,795.65
2020,csb,male,35,836.9
2020,csb,male,36,848.38
2020,csb,male,37,873.22
2020,csb,male,38,895.22
2020,csb,male,39,924.76
2020,csb,male,40,908.43
2020,csb,male,41,924.98
2020,csb,male,42,925.1
2020,csb,male,43,936.18
2020,csb,male,44,935.88
2020,csb,male,45,916.94
2020,csb,male,46,896.81
2020,csb,male,47,904.53
2020,csb,male,48,906.17
2020,csb,male,49,894.13
2020,csb,male,50,896.96
2020,csb,male,51,896.84
2020,csb,male,52,899.58
2020,csb,male,53,894.06
2020,csb,male,54,933.55
2020,csb,male,55,945.22
2020,csb,male,56,958.85
2020,csb,male,57,972.42
2020,csb,male,58,998.27
2020,csb,male,59,1038.4
2020,csb,male,60,1085.8
2020,csb,male,61,1095.5
2020,csb,male,62,1156.5
2020,csb,male,63,1142.5
2020,csb,male,64,1164.5
2020,csb,male,65,1164.8
2020,csb,male,66,1170.7
2020,csb,male,67,1153.4
2020,csb,male,68,1124.9
2020,csb,male,69,1085.1
2020,csb,male,70,1044.2
2020,csb,male,71,952.78
2020,csb,male,72,924.14
2020,csb,male,73,883.13
2020,csb,male,74,805.49
2020,csb,male,75,754.62
2020,csb,male,76,695.12
2020,csb,male,77,667.27
2020,csb,male,78,622.84
2020,csb,male,79,586.63
2020,csb,male,80,554.21
2020,csb,male,81,523.22
2020,csb,male,82,488.96
2020,csb,male,83,444.14
2020,csb,male,84,421.28
2020,csb,male,85,366.46
2020,csb,male,86,331.67
2020,csb,male,87,291.79
2020,csb,male,88,310.95
2020,csb,male,89,256.64
2020,csb,male,90,208.48
2020,csb,male,91,169.35
2020,csb,male,92,134.57
2020,csb,male,93,104.4
2020,csb,male,94,78.906
2020,csb,male,95,57.532
2020,csb,male,96,41.026
2020,csb,male,97,28.296
2020,csb,male,98,18.821
2020,csb,male,99,11.672
2020,csb,male,100,13.009
2020,csb,female,0,385.71
2020,csb,female,1,402.21
2020,csb,female,2,411.69
2020,csb,female,3,421.05
2020,csb,female,4,435.54
2020,csb,female,5,430.83
2020,csb,female,6,451.74
2020,csb,female,7,453.77
2020,csb,female,8,458.58
2020,csb,female,9,494.09
2020,csb,female,10,500.63
2020,csb,female,11,513.28
2020,csb,female,12,525.59
2020,csb,female,13,546.45
2020,csb,female,14,540.12
2020,csb,female,15,547.56
2020,csb,female,16,562.34
2020,csb,female,17,558
2020,csb,female,18,555.83
2020,csb,female,19,559.89
2020,csb,female,20,578.58
2020,csb,female,21,584.29
2020,csb,female,22,577.61
2020,csb,female,23,597.79
2020,csb,female,24,599.22
2020,csb,female,25,618.43
2020,csb,female,26,620.51
2020,csb,female,27,616.46
2020,csb,female,28,651.21
2020,csb,female,29,655.52
2020,csb,female,30,669.03
2020,csb,female,31,676.13
2020,csb,female,32,711.23
2020,csb,female,33,749.02
2020,csb,female,34,769.96
2020,csb,female,35,811.24
2020,csb,female,36,823.5
2020,csb,female,37,848.55
2020,csb,female,38,871.19
2020,csb,female,39,901.36
2020,csb,female,40,886.89
2020,csb,female,41,904.53
2020,csb,female,42,905.73
2020,csb,female,43,917.55
2020,csb,female,44,918.66
2020,csb,female,45,901.84
2020,csb,female,46,883.66
2020,csb,female,47,893.03
2020,csb,female,48,896.5
2020,csb,female,49,886.53
2020,csb,female,50,891.5
2020,csb,female,51,893.65
2020,csb,female,52,898.83
2020,csb,female,53,895.8
2020,csb,female,54,938.15
2020,csb,female,55,952.91
2020,csb,female,56,970.07
2020,csb,female,57,987.6
2020,csb,female,58,1018.1
2020,csb,female,59,1063.6
2020,csb,female,60,1117.3
2020,csb,female,61,1133
2020,csb,female,62,1202.9
2020,csb,female,63,1195.8
2020,csb,female,64,1226.8
2020,csb,female,65,1235.9
2020,csb,female,66,1251.8
2020,csb,female,67,1243.6
2020,csb,female,68,1224
2020,csb,female,69,1192.9
2020,csb,female,70,1160.8
2020,csb,female,71,1072.3
2020,csb,female,72,1054
2020,csb,female,73,1022
2020,csb,female,74,947.18
2020,csb,female,75,902.82
2020,csb,female,76,847.47
2020,csb,female,77,830.71
2020,csb,female,78,793.47
2020,csb,female,79,766.38
2020,csb,female,80,744.4
2020,csb,female,81,724.6
2020,csb,female,82,700.29
2020,csb,female,83,660.06
2020,csb,female,84,652.06
2020,csb,female,85,593.07
2020,csb,female,86,563.7
2020,csb,female,87,523.35
2020,csb,female,88,590.12
2020,csb,female,89,519.84
2020,csb,female,90,453.65
2020,csb,female,91,398.64
2020,csb,female,92,345.31
2020,csb,female,93,294.49
2020,csb,female,94,246.95
2020,csb,female,95,200.69
2020,csb,female,96,162.29
2020,csb,female,97,128.5
2020,csb,female,98,99.447
2020,csb,female,99,72.825
2020,csb,female,100,140.32
2020,rue,male,0,446.19
2020,rue,male,1,462.61
2020,rue,male,2,472.58
2020,rue,male,3,470.67
2020,rue,male,4,481.94
2020,rue,male,5,482.77
2020,rue,male,6,505.16
2020,rue,male,7,504.06
2020,rue,male,8,500.77
2020,rue,male,9,523.99
2020,rue,male,10,525.53
2020,rue,male,11,523.29
2020,rue,male,12,534.11
2020,rue,male,13,560.7
2020,rue,male,14,553.68
2020,rue,male,15,552.29
2020,rue,male,16,565.22
2020,rue,male,17,561.1
2020,rue,male,18,565.67
2020,rue,male,19,563.07
2020,rue,male,20,576.15
2020,rue,male,21,585.64
2020,rue,male,22,582.63
2020,rue,male,23,593.64
2020,rue,male,24,592.47
2020,rue,male,25,608.4
2020,rue,male,26,615.32
2020,rue,male,27,608.91
2020,rue,male,28,641.96
2020,rue,male,29,649.19
2020,rue,male,30,664.88
2020,rue,male,31,672.31
2020,rue,male,32,698.82
2020,rue,male,33,721.37
2020,rue,male,34,725.16
2020,rue,male,35,740.6
2020,rue,male,36,747.76
2020,rue,male,37,757.03
2020,rue,male,38,761.22
2020,rue,male,39,782.93
2020,rue,male,40,770.45
2020,rue,male,41,780.66
2020,rue,male,42,775.51
2020,rue,male,43,778.87
2020,rue,male,44,776.56
2020,rue,male,45,766.07
2020,rue,male,46,752.19
2020,rue,male,47,761.46
2020,rue,male,48,762.41
2020,rue,male,49,756.05
2020,rue,male,50,761.01
2020,rue,male,51,763.29
2020,rue,male,52,764.43
2020,rue,male,53,760.53
2020,rue,male,54,795.03
2020,rue,male,55,799.13
2020,rue,male,56,805.56
2020,rue,male,57,812.8
2020,rue,male,58,826.27
2020,rue,male,59,845.28
2020,rue,male,60,869.07
2020,rue,male,61,861.86
2020,rue,male,62,895.72
2020,rue,male,63,871.69
2020,rue,male,64,877.09
2020,rue,male,65,865.02
2020,rue,male,66,857.42
2020,rue,male,67,836.08
2020,rue,male,68,808.83
2020,rue,male,69,775.88
2020,rue,male,70,744.74
2020,rue,male,71,677.73
2020,rue,male,72,656.43
2020,rue,male,73,625.7
2020,rue,male,74,569.27
2020,rue,male,75,532.35
2020,rue,male,76,489.84
2020,rue,male,77,470.2
2020,rue,male,78,438.03
2020,rue,male,79,411.3
2020,rue,male,80,386.18
2020,rue,male,81,361.36
2020,rue,male,82,334.07
2020,rue,male,83,299.68
2020,rue,male,84,280.33
2020,rue,male,85,240.33
2020,rue,male,86,214.25
2020,rue,male,87,185.13
2020,rue,male,88,160.15
2020,rue,male,89,130.74
2020,rue,male,90,104.99
2020,rue,male,91,84.435
2020,rue,male,92,66.313
2020,rue,male,93,50.751
2020,rue,male,94,37.764
2020,rue,male,95,27.234
2020,rue,male,96,19.04
2020,rue,male,97,12.845
2020,rue,male,98,8.3352
2020,rue,male,99,4.7702
2020,rue,male,100,4.9256
2020,rue,female,0,421.32
2020,rue,female,1,437.39
2020,rue,female,2,447.12
2020,rue,female,3,445.52
2020,rue,female,4,456.3
2020,rue,female,5,457.2
2020,rue,female,6,478.56
2020,rue,female,7,477.63
2020,rue,female,8,474.64
2020,rue,female,9,496.81
2020,rue,female,10,498.41
2020,rue,female,11,496.51
2020,rue,female,12,507.08
2020,rue,female,13,532.62
2020,rue,female,14,526.32
2020,rue,female,15,525.37
2020,rue,female,16,537.94
2020,rue,female,17,534.47
2020,rue,female,18,539.4
2020,rue,female,19,537.37
2020,rue,female,20,550.36
2020,rue,female,21,560.03
2020,rue,female,22,557.67
2020,rue,female,23,568.69
2020,rue,female,24,568.02
2020,rue,female,25,583.66
2020,rue,female,26,590.68
2020,rue,female,27,585.05
2020,rue,female,28,617.55
2020,rue,female,29,625.31
2020,rue,female,30,641.22
2020,rue,female,31,649.11
2020,rue,female,32,675.56
2020,rue,female,33,698.51
2020,rue,female,34,703.41
2020,rue,female,35,719.52
2020,rue,female,36,727.37
2020,rue,female,37,737.15
2020,rue,female,38,742.19
2020,rue,female,39,764.38
2020,rue,female,40,753.22
2020,rue,female,41,764.35
2020,rue,female,42,760.2
2020,rue,female,43,764.35
2020,rue,female,44,763.26
2020,rue,female,45,754.31
2020,rue,female,46,741.9
2020,rue,female,47,752.43
2020,rue,female,48,754.79
2020,rue,female,49,750.02
2020,rue,female,50,756.75
2020,rue,female,51,760.98
2020,rue,female,52,764.25
2020,rue,female,53,762.54
2020,rue,female,54,799.54
2020,rue,female,55,806.25
2020,rue,female,56,815.69
2020,rue,female,57,826.23
2020,rue,female,58,843.45
2020,rue,female,59,866.78
2020,rue,female,60,895.48
2020,rue,female,61,892.84
2020,rue,female,62,933.54
2020,rue,female,63,914.38
2020,rue,female,64,926.4
2020,rue,female,65,920.56
2020,rue,female,66,919.97
2020,rue,female,67,905.14
2020,rue,female,68,884.34
2020,rue,female,69,857.64
2020,rue,female,70,833.14
2020,rue,female,71,768.19
2020,rue,female,72,754.75
2020,rue,female,73,730.71
2020,rue,female,74,676.23
2020,rue,female,75,644.07
2020,rue,female,76,604.54
2020,rue,female,77,593.17
2020,rue,female,78,566.12
2020,rue,female,79,545.87
2020,rue,female,80,527.78
2020,rue,female,81,510.06
2020,rue,female,82,488.57
2020,rue,female,83,455.71
2020,rue,female,84,444.95
2020,rue,female,85,399.84
2020,rue,female,86,375.3
2020,rue,female,87,343.25
2020,rue,female,88,315.95
2020,rue,female,89,276.31
2020,rue,female,90,239.34
2020,rue,female,91,209.16
2020,rue,female,92,179.96
2020,rue,female,93,152.22
2020,rue,female,94,126.42
2020,rue,female,95,102.77
2020,rue,female,96,82.075
2020,rue,female,97,64.069
2020,rue,female,98,48.793
2020,rue,female,99,33.28
2020,rue,female,100,60.083
2020,cs,male,0,333.12
2020,cs,male,1,344.63
2020,cs,male,2,349.09
2020,cs,male,3,350.21
2020,cs,male,4,360.28
2020,cs,male,5,359.02
2020,cs,male,6,372.53
2020,cs,male,7,371.65
2020,cs,male,8,371.08
2020,cs,male,9,388.78
2020,cs,male,10,387.88
2020,cs,male,11,388.55
2020,cs,male,12,393.58
2020,cs,male,13,407.12
2020,cs,male,14,404.34
2020,cs,male,15,405.73
2020,cs,male,16,414.24
2020,cs,male,17,409.28
2020,cs,male,18,411.02
2020,cs,male,19,407
2020,cs,male,20,415.97
2020,cs,male,21,422.07
2020,cs,male,22,419.83
2020,cs,male,23,428.94
2020,cs,male,24,429.52
2020,cs,male,25,438.75
2020,cs,male,26,443.21
2020,cs,male,27,440.68
2020,cs,male,28,457.53
2020,cs,male,29,454.03
2020,cs,male,30,457.04
2020,cs,male,31,453.86
2020,cs,male,32,467.41
2020,cs,male,33,469.63
2020,cs,male,34,465.35
2020,cs,male,35,469.46
2020,cs,male,36,462.21
2020,cs,male,37,459.52
2020,cs,male,38,451.29
2020,cs,male,39,455.73
2020,cs,male,40,436.62
2020,cs,male,41,433.39
2020,cs,male,42,420.18
2020,cs,male,43,414.12
2020,cs,male,44,404.06
2020,cs,male,45,391.31
2020,cs,male,46,380.37
2020,cs,male,47,382.04
2020,cs,male,48,379.42
2020,cs,male,49,373.2
2020,cs,male,50,372.98
2020,cs,male,51,372.07
2020,cs,male,52,370.08
2020,cs,male,53,365.3
2020,cs,male,54,377.39
2020,cs,male,55,375.88
2020,cs,male,56,375.14
2020,cs,male,57,372.03
2020,cs,male,58,371.33
2020,cs,male,59,373.06
2020,cs,male,60,376.02
2020,cs,male,61,364.67
2020,cs,male,62,369.93
2020,cs,male,63,351.13
2020,cs,male,64,343.34
2020,cs,male,65,329.07
2020,cs,male,66,317.1
2020,cs,male,67,300.57
2020,cs,male,68,282.67
2020,cs,male,69,264.13
2020,cs,male,70,247.08
2020,cs,male,71,219.7
2020,cs,male,72,208.42
2020,cs,male,73,195.34
2020,cs,male,74,175.51
2020,cs,male,75,162.72
2020,cs,male,76,148.85
2020,cs,male,77,142.19
2020,cs,male,78,131.74
2020,cs,male,79,122.77
2020,cs,male,80,114.23
2020,cs,male,81,105.82
2020,cs,male,82,96.942
2020,cs,male,83,86.216
2020,cs,male,84,79.973
2020,cs,male,85,68.007
2020,cs,male,86,60.131
2020,cs,male,87,51.52
2020,cs,male,88,45.428
2020,cs,male,89,36.616
2020,cs,male,90,29.027
2020,cs,male,91,22.561
2020,cs,male,92,17.154
2020,cs,male,93,12.731
2020,cs,male,94,9.2005
2020,cs,male,95,6.3894
2020,cs,male,96,4.3531
2020,cs,male,97,2.8663
2020,cs,male,98,1.8185
2020,cs,male,99,0.94178
2020,cs,male,100,0.95023
2020,cs,female,0,314.62
2020,cs,female,1,326.04
2020,cs,female,2,330.53
2020,cs,female,3,331.78
2020,cs,female,4,341.45
2020,cs,female,5,340.38
2020,cs,female,6,353.32
2020,cs,female,7,352.58
2020,cs,female,8,352.14
2020,cs,female,9,369.06
2020,cs,female,10,368.34
2020,cs,female,11,369.15
2020,cs,female,12,374.19
2020,cs,female,13,387.31
2020,cs,female,14,384.96
2020,cs,female,15,386.61
2020,cs,female,16,394.94
2020,cs,female,17,390.53
2020,cs,female,18,392.62
2020,cs,female,19,389.14
2020,cs,female,20,398.09
2020,cs,female,21,404.4
2020,cs,female,22,402.67
2020,cs,female,23,411.78
2020,cs,female,24,412.68
2020,cs,female,25,421.83
2020,cs,female,26,426.42
2020,cs,female,27,424.4
2020,cs,female,28,441.15
2020,cs,female,29,438.33
2020,cs,female,30,441.82
2020,cs,female,31,439.28
2020,cs,female,32,453.05
2020,cs,female,33,456.09
2020,cs,female,34,452.93
2020,cs,female,35,457.86
2020,cs,female,36,451.54
2020,cs,female,37,449.57
2020,cs,female,38,442.28
2020,cs,female,39,447.45
2020,cs,female,40,429.51
2020,cs,female,41,427.2
2020,cs,female,42,414.9
2020,cs,female,43,409.59
2020,cs,female,44,400.48
2020,cs,female,45,388.78
2020,cs,female,46,378.79
2020,cs,female,47,381.41
2020,cs,female,48,379.78
2020,cs,female,49,374.6
2020,cs,female,50,375.49
2020,cs,female,51,375.67
2020,cs,female,52,374.84
2020,cs,female,53,371.19
2020,cs,female,54,384.77
2020,cs,female,55,384.61
2020,cs,female,56,385.38
2020,cs,female,57,383.84
2020,cs,female,58,384.91
2020,cs,female,59,388.63
2020,cs,female,60,393.78
2020,cs,female,61,384.16
2020,cs,female,62,392.25
2020,cs,female,63,374.9
2020,cs,female,64,369.32
2020,cs,female,65,356.78
2020,cs,female,66,346.76
2020,cs,female,67,331.77
2020,cs,female,68,315.26
2020,cs,female,69,297.97
2020,cs,female,70,282.25
2020,cs,female,71,254.43
2020,cs,female,72,244.99
2020,cs,female,73,233.38
2020,cs,female,74,213.42
2020,cs,female,75,201.65
2020,cs,female,76,188.28
2020,cs,female,77,183.96
2020,cs,female,78,174.76
2020,cs,female,79,167.39
2020,cs,female,80,160.52
2020,cs,female,81,153.72
2020,cs,female,82,146.02
2020,cs,female,83,135.14
2020,cs,female,84,130.96
2020,cs,female,85,116.84
2020,cs,female,86,108.88
2020,cs,female,87,98.856
2020,cs,female,88,92.636
2020,cs,female,89,80.092
2020,cs,female,90,68.578
2020,cs,female,91,58.002
2020,cs,female,92,48.38
2020,cs,female,93,39.738
2020,cs,female,94,32.094
2020,cs,female,95,24.967
2020,cs,female,96,19.45
2020,cs,female,97,14.827
2020,cs,female,98,11.04
2020,cs,female,99,6.8082
2020,cs,female,100,11.924
2020,lv,male,0,44.33
2020,lv,male,1,45.906
2020,lv,male,2,46.246
2020,lv,male,3,46.671
2020,lv,male,4,48.014
2020,lv,male,5,48.388
2020,lv,male,6,50.65
2020,lv,male,7,50.309
2020,lv,male,8,50.144
2020,lv,male,9,53.198
2020,lv,male,10,53.1
2020,lv,male,11,53.371
2020,lv,male,12,54.287
2020,lv,male,13,56.795
2020,lv,male,14,56.728
2020,lv,male,15,56.931
2020,lv,male,16,58.62
2020,lv,male,17,58.919
2020,lv,male,18,59.008
2020,lv,male,19,58.38
2020,lv,male,20,60.161
2020,lv,male,21,61.34
2020,lv,male,22,60.836
2020,lv,male,23,62.43
2020,lv,male,24,63.115
2020,lv,male,25,64.53
2020,lv,male,26,64.805
2020,lv,male,27,63.836
2020,lv,male,28,65.959
2020,lv,male,29,66.557
2020,lv,male,30,67.137
2020,lv,male,31,67.146
2020,lv,male,32,70.347
2020,lv,male,33,72.158
2020,lv,male,34,73.542
2020,lv,male,35,75.155
2020,lv,male,36,75.489
2020,lv,male,37,78.01
2020,lv,male,38,78.998
2020,lv,male,39,82.204
2020,lv,male,40,80.135
2020,lv,male,41,82.806
2020,lv,male,42,83.777
2020,lv,male,43,83.857
2020,lv,male,44,84.955
2020,lv,male,45,85.116
2020,lv,male,46,84.07
2020,lv,male,47,85.45
2020,lv,male,48,85.574
2020,lv,male,49,84.89
2020,lv,male,50,84.875
2020,lv,male,51,85.247
2020,lv,male,52,85.319
2020,lv,male,53,85.182
2020,lv,male,54,89.029
2020,lv,male,55,89.888
2020,lv,male,56,90.697
2020,lv,male,57,91.592
2020,lv,male,58,93.268
2020,lv,male,59,95.676
2020,lv,male,60,98.935
2020,lv,male,61,98.448
2020,lv,male,62,102.8
2020,lv,male,63,100.6
2020,lv,male,64,101.64
2020,lv,male,65,100.74
2020,lv,male,66,100.43
2020,lv,male,67,98.419
2020,lv,male,68,95.874
2020,lv,male,69,92.783
2020,lv,male,70,89.625
2020,lv,male,71,81.835
2020,lv,male,72,79.499
2020,lv,male,73,75.861
2020,lv,male,74,69.078
2020,lv,male,75,64.576
2020,lv,male,76,59.348
2020,lv,male,77,56.955
2020,lv,male,78,53.195
2020,lv,male,79,50.197
2020,lv,male,80,47.527
2020,lv,male,81,44.987
2020,lv,male,82,42.137
2020,lv,male,83,38.329
2020,lv,male,84,36.356
2020,lv,male,85,31.569
2020,lv,male,86,28.445
2020,lv,male,87,24.824
2020,lv,male,88,21.834
2020,lv,male,89,17.968
2020,lv,male,90,14.534
2020,lv,male,91,11.946
2020,lv,male,92,9.5713
2020,lv,male,93,7.462
2020,lv,male,94,5.6494
2020,lv,male,95,4.1256
2020,lv,male,96,2.9284
2020,lv,male,97,2.0041
2020,lv,male,98,1.3184
2020,lv,male,99,0.70625
2020,lv,male,100,0.74498
2020,lv,female,0,41.854
2020,lv,female,1,43.393
2020,lv,female,2,43.741
2020,lv,female,3,44.165
2020,lv,female,4,45.448
2020,lv,female,5,45.816
2020,lv,female,6,47.971
2020,lv,female,7,47.657
2020,lv,female,8,47.511
2020,lv,female,9,50.419
2020,lv,female,10,50.341
2020,lv,female,11,50.617
2020,lv,female,12,51.515
2020,lv,female,13,53.924
2020,lv,female,14,53.897
2020,lv,female,15,54.129
2020,lv,female,16,55.762
2020,lv,female,17,56.091
2020,lv,female,18,56.231
2020,lv,female,19,55.676
2020,lv,female,20,57.421
2020,lv,female,21,58.605
2020,lv,female,22,58.177
2020,lv,female,23,59.75
2020,lv,female,24,60.449
2020,lv,female,25,61.841
2020,lv,female,26,62.14
2020,lv,female,27,61.261
2020,lv,female,28,63.367
2020,lv,female,29,64.019
2020,lv,female,30,64.659
2020,lv,female,31,64.742
2020,lv,female,32,67.92
2020,lv,female,33,69.793
2020,lv,female,34,71.271
2020,lv,female,35,72.964
2020,lv,female,36,73.397
2020,lv,female,37,75.947
2020,lv,female,38,77.025
2020,lv,female,39,80.281
2020,lv,female,40,78.393
2020,lv,female,41,81.149
2020,lv,female,42,82.215
2020,lv,female,43,82.397
2020,lv,female,44,83.621
2020,lv,female,45,83.952
2020,lv,female,46,83.084
2020,lv,female,47,84.628
2020,lv,female,48,84.937
2020,lv,female,49,84.456
2020,lv,female,50,84.657
2020,lv,female,51,85.249
2020,lv,female,52,85.562
2020,lv,female,53,85.67
2020,lv,female,54,89.81
2020,lv,female,55,90.97
2020,lv,female,56,92.119
2020,lv,female,57,93.389
2020,lv,female,58,95.499
2020,lv,female,59,98.408
2020,lv,female,60,102.24
2020,lv,female,61,102.28
2020,lv,female,62,107.44
2020,lv,female,63,105.79
2020,lv,female,64,107.61
2020,lv,female,65,107.43
2020,lv,female,66,107.94
2020,lv,female,67,106.69
2020,lv,female,68,104.92
2020,lv,female,69,102.59
2020,lv,female,70,100.23
2020,lv,female,71,92.677
2020,lv,female,72,91.268
2020,lv,female,73,88.402
2020,lv,female,74,81.83
2020,lv,female,75,77.871
2020,lv,female,76,72.974
2020,lv,female,77,71.559
2020,lv,female,78,68.445
2020,lv,female,79,66.295
2020,lv,female,80,64.602
2020,lv,female,81,63.118
2020,lv,female,82,61.214
2020,lv,female,83,57.855
2020,lv,female,84,57.234
2020,lv,female,85,52.047
2020,lv,female,86,49.337
2020,lv,female,87,45.533
2020,lv,female,88,42.53
2020,lv,female,89,37.454
2020,lv,female,90,32.644
2020,lv,female,91,29.124
2020,lv,female,92,25.532
2020,lv,female,93,21.972
2020,lv,female,94,18.54
2020,lv,female,95,15.198
2020,lv,female,96,12.299
2020,lv,female,97,9.7184
2020,lv,female,98,7.4845
2020,lv,female,99,4.765
2020,lv,female,100,8.8564
2020,rom,male,0,379.78
2020,rom,male,1,383.5
2020,rom,male,2,382.53
2020,rom,male,3,379.86
2020,rom,male,4,385.24
2020,rom,male,5,381.3
2020,rom,male,6,389.62
2020,rom,male,7,382.61
2020,rom,male,8,375.77
2020,rom,male,9,389.55
2020,rom,male,10,385.19
2020,rom,male,11,384.19
2020,rom,male,12,385.19
2020,rom,male,13,396.42
2020,rom,male,14,391.58
2020,rom,male,15,389.03
2020,rom,male,16,394.56
2020,rom,male,17,385.56
2020,rom,male,18,384.67
2020,rom,male,19,376.62
2020,rom,male,20,383
2020,rom,male,21,384.74
2020,rom,male,22,379.97
2020,rom,male,23,384.74
2020,rom,male,24,384.22
2020,rom,male,25,390.14
2020,rom,male,26,389.05
2020,rom,male,27,383.63
2020,rom,male,28,397.12
2020,rom,male,29,390.5
2020,rom,male,30,392.69
2020,rom,male,31,388.45
2020,rom,male,32,399.36
2020,rom,male,33,401.22
2020,rom,male,34,399.73
2020,rom,male,35,405.05
2020,rom,male,36,399.09
2020,rom,male,37,399.81
2020,rom,male,38,394.48
2020,rom,male,39,399.29
2020,rom,male,40,385.93
2020,rom,male,41,386.06
2020,rom,male,42,377.48
2020,rom,male,43,376
2020,rom,male,44,369.72
2020,rom,male,45,360.19
2020,rom,male,46,350.9
2020,rom,male,47,353.83
2020,rom,male,48,353.13
2020,rom,male,49,347.54
2020,rom,male,50,347.07
2020,rom,male,51,345.23
2020,rom,male,52,343.32
2020,rom,male,53,339.24
2020,rom,male,54,349.12
2020,rom,male,55,347.05
2020,rom,male,56,344.93
2020,rom,male,57,342.01
2020,rom,male,58,340.31
2020,rom,male,59,340.92
2020,rom,male,60,341.99
2020,rom,male,61,330.16
2020,rom,male,62,333.36
2020,rom,male,63,314.37
2020,rom,male,64,306.06
2020,rom,male,65,291.74
2020,rom,male,66,280.49
2020,rom,male,67,266.2
2020,rom,male,68,251.46
2020,rom,male,69,236.32
2020,rom,male,70,222.11
2020,rom,male,71,198.01
2020,rom,male,72,187.64
2020,rom,male,73,174.79
2020,rom,male,74,155.39
2020,rom,male,75,141.99
2020,rom,male,76,127.64
2020,rom,male,77,119.42
2020,rom,male,78,108.33
2020,rom,male,79,98.911
2020,rom,male,80,90.099
2020,rom,male,81,81.588
2020,rom,male,82,72.812
2020,rom,male,83,62.827
2020,rom,male,84,56.308
2020,rom,male,85,46.069
2020,rom,male,86,38.979
2020,rom,male,87,31.766
2020,rom,male,88,19.493
2020,rom,male,89,15.492
2020,rom,male,90,11.636
2020,rom,male,91,8.6158
2020,rom,male,92,6.1659
2020,rom,male,93,4.2596
2020,rom,male,94,2.8331
2020,rom,male,95,1.806
2020,rom,male,96,1.1027
2020,rom,male,97,0.6412
2020,rom,female,0,359.41
2020,rom,female,1,364.51
2020,rom,female,2,364.24
2020,rom,female,3,362.07
2020,rom,female,4,367.46
2020,rom,female,5,363.93
2020,rom,female,6,372.12
2020,rom,female,7,365.63
2020,rom,female,8,359.31
2020,rom,female,9,372.73
2020,rom,female,10,368.8
2020,rom,female,11,368.13
2020,rom,female,12,369.47
2020,rom,female,13,380.61
2020,rom,female,14,376.37
2020,rom,female,15,374.33
2020,rom,female,16,379.98
2020,rom,female,17,371.73
2020,rom,female,18,371.39
2020,rom,female,19,364.04
2020,rom,female,20,370.66
2020,rom,female,21,372.88
2020,rom,female,22,368.73
2020,rom,female,23,373.81
2020,rom,female,24,373.73
2020,rom,female,25,379.87
2020,rom,female,26,379.21
2020,rom,female,27,374.4
2020,rom,female,28,388.17
2020,rom,female,29,382.34
2020,rom,female,30,385.14
2020,rom,female,31,381.58
2020,rom,female,32,392.94
2020,rom,female,33,395.55
2020,rom,female,34,394.93
2020,rom,female,35,400.95
2020,rom,female,36,395.61
2020,rom,female,37,396.79
2020,rom,female,38,392.06
2020,rom,female,39,397.46
2020,rom,female,40,384.77
2020,rom,female,41,385.57
2020,rom,female,42,377.51
2020,rom,female,43,376.48
2020,rom,female,44,370.82
2020,rom,female,45,362.02
2020,rom,female,46,353.37
2020,rom,female,47,357.08
2020,rom,female,48,357.18
2020,rom,female,49,352.38
2020,rom,female,50,352.93
2020,rom,female,51,352.18
2020,rom,female,52,351.43
2020,rom,female,53,348.49
2020,rom,female,54,360.01
2020,rom,female,55,359.34
2020,rom,female,56,358.78
2020,rom,female,57,357.52
2020,rom,female,58,357.67
2020,rom,female,59,360.39
2020,rom,female,60,363.7
2020,rom,female,61,353.52
2020,rom,female,62,359.67
2020,rom,female,63,341.96
2020,rom,female,64,335.84
2020,rom,female,65,323.22
2020,rom,female,66,314.03
2020,rom,female,67,301.46
2020,rom,female,68,288.38
2020,rom,female,69,274.82
2020,rom,female,70,262.28
2020,rom,female,71,237.78
2020,rom,female,72,229.46
2020,rom,female,73,218.03
2020,rom,female,74,198.06
2020,rom,female,75,185.24
2020,rom,female,76,170.77
2020,rom,female,77,164.31
2020,rom,female,78,153.71
2020,rom,female,79,145.17
2020,rom,female,80,137.25
2020,rom,female,81,129.48
2020,rom,female,82,120.86
2020,rom,female,83,109.56
2020,rom,female,84,103.67
2020,rom,female,85,90.006
2020,rom,female,86,81.28
2020,rom,female,87,71.169
2020,rom,female,88,47.121
2020,rom,female,89,40.664
2020,rom,female,90,33.558
2020,rom,female,91,27.572
2020,rom,female,92,22.124
2020,rom,female,93,17.33
2020,rom,female,94,13.229
2020,rom,female,95,9.8004
2020,rom,female,96,7.064
2020,rom,female,97,4.9279
2020,rom,female,98,3.3173
2020,rom,female,99,1.8995
2020,rom,female,100,2.2053
2020,kdr,male,0,0.64998
2020,kdr,male,1,0.6829
2020,kdr,male,2,0.70353
2020,kdr,male,3,0.71511
2020,kdr,male,4,0.75084
2020,kdr,male,5,0.75561
2020,kdr,male,6,0.80065
2020,kdr,male,7,0.81079
2020,kdr,male,8,0.82046
2020,kdr,male,9,0.8746
2020,kdr,male,10,0.87966
2020,kdr,male,11,0.89423
2020,kdr,male,12,0.91482
2020,kdr,male,13,0.96445
2020,kdr,male,14,0.97068
2020,kdr,male,15,0.98533
2020,kdr,male,16,1.0208
2020,kdr,male,17,1.0218
2020,kdr,male,18,1.0346
2020,kdr,male,19,1.0264
2020,kdr,male,20,1.0603
2020,kdr,male,21,1.0823
2020,kdr,male,22,1.0887
2020,kdr,male,23,1.1235
2020,kdr,male,24,1.1438
2020,kdr,male,25,1.1774
2020,kdr,male,26,1.1979
2020,kdr,male,27,1.2046
2020,kdr,male,28,1.2684
2020,kdr,male,29,1.3004
2020,kdr,male,30,1.341
2020,kdr,male,31,1.3575
2020,kdr,male,32,1.4223
2020,kdr,male,33,1.4725
2020,kdr,male,34,1.5145
2020,kdr,male,35,1.5749
2020,kdr,male,36,1.61
2020,kdr,male,37,1.6663
2020,kdr,male,38,1.6998
2020,kdr,male,39,1.7886
2020,kdr,male,40,1.7745
2020,kdr,male,41,1.8254
2020,kdr,male,42,1.8221
2020,kdr,male,43,1.8614
2020,kdr,male,44,1.8665
2020,kdr,male,45,1.8423
2020,kdr,male,46,1.8034
2020,kdr,male,47,1.8323
2020,kdr,male,48,1.8359
2020,kdr,male,49,1.8279
2020,kdr,male,50,1.8515
2020,kdr,male,51,1.8582
2020,kdr,male,52,1.8578
2020,kdr,male,53,1.8717
2020,kdr,male,54,1.9691
2020,kdr,male,55,2.0094
2020,kdr,male,56,2.067
2020,kdr,male,57,2.1154
2020,kdr,male,58,2.1888
2020,kdr,male,59,2.2842
2020,kdr,male,60,2.4189
2020,kdr,male,61,2.4526
2020,kdr,male,62,2.613
2020,kdr,male,63,2.6198
2020,kdr,male,64,2.7001
2020,kdr,male,65,2.73
2020,kdr,male,66,2.7702
2020,kdr,male,67,2.7375
2020,kdr,male,68,2.6655
2020,kdr,male,69,2.5618
2020,kdr,male,70,2.4498
2020,kdr,male,71,2.2252
2020,kdr,male,72,2.1505
2020,kdr,male,73,2.0427
2020,kdr,male,74,1.8526
2020,kdr,male,75,1.7256
2020,kdr,male,76,1.5822
2020,kdr,male,77,1.5148
2020,kdr,male,78,1.4117
2020,kdr,male,79,1.3275
2020,kdr,male,80,1.252
2020,kdr,male,81,1.1807
2020,kdr,male,82,1.1017
2020,kdr,male,83,0.99782
2020,kdr,male,84,0.94208
2020,kdr,male,85,0.81459
2020,kdr,male,86,0.73112
2020,kdr,male,87,0.63527
2020,kdr,male,88,0.75161
2020,kdr,male,89,0.61564
2020,kdr,female,0,0.61374
2020,kdr,female,1,0.64565
2020,kdr,female,2,0.66561
2020,kdr,female,3,0.67692
2020,kdr,female,4,0.71098
2020,kdr,female,5,0.7157
2020,kdr,female,6,0.75863
2020,kdr,female,7,0.76844
2020,kdr,female,8,0.77785
2020,kdr,female,9,0.82945
2020,kdr,female,10,0.83452
2020,kdr,female,11,0.84873
2020,kdr,female,12,0.8688
2020,kdr,female,13,0.91646
2020,kdr,female,14,0.92303
2020,kdr,female,15,0.93769
2020,kdr,female,16,0.97196
2020,kdr,female,17,0.9737
2020,kdr,female,18,0.98685
2020,kdr,female,19,0.97985
2020,kdr,female,20,1.0131
2020,kdr,female,21,1.0351
2020,kdr,female,22,1.0422
2020,kdr,female,23,1.0764
2020,kdr,female,24,1.0967
2020,kdr,female,25,1.1297
2020,kdr,female,26,1.1501
2020,kdr,female,27,1.1577
2020,kdr,female,28,1.2205
2020,kdr,female,29,1.2529
2020,kdr,female,30,1.2937
2020,kdr,female,31,1.3112
2020,kdr,female,32,1.3757
2020,kdr,female,33,1.4268
2020,kdr,female,34,1.4705
2020,kdr,female,35,1.5318
2020,kdr,female,36,1.5681
2020,kdr,female,37,1.6249
2020,kdr,female,38,1.66
2020,kdr,female,39,1.7494
2020,kdr,female,40,1.7384
2020,kdr,female,41,1.7914
2020,kdr,female,42,1.7907
2020,kdr,female,43,1.8317
2020,kdr,female,44,1.8398
2020,kdr,female,45,1.8198
2020,kdr,female,46,1.7849
2020,kdr,female,47,1.8173
2020,kdr,female,48,1.8248
2020,kdr,female,49,1.821
2020,kdr,female,50,1.8494
2020,kdr,female,51,1.8612
2020,kdr,female,52,1.8662
2020,kdr,female,53,1.8857
2020,kdr,female,54,1.9901
2020,kdr,female,55,2.0377
2020,kdr,female,56,2.104
2020,kdr,female,57,2.1622
2020,kdr,female,58,2.247
2020,kdr,female,59,2.356
2020,kdr,female,60,2.5073
2020,kdr,female,61,2.5561
2020,kdr,female,62,2.7402
2020,kdr,female,63,2.7655
2020,kdr,female,64,2.8702
2020,kdr,female,65,2.9239
2020,kdr,female,66,2.9914
2020,kdr,female,67,2.9828
2020,kdr,female,68,2.9334
2020,kdr,female,69,2.8504
2020,kdr,female,70,2.7587
2020,kdr,female,71,2.539
2020,kdr,female,72,2.4891
2020,kdr,female,73,2.4014
2020,kdr,female,74,2.2153
2020,kdr,female,75,2.1019
2020,kdr,female,76,1.9661
2020,kdr,female,77,1.9246
2020,kdr,female,78,1.8379
2020,kdr,female,79,1.7753
2020,kdr,female,80,1.7243
2020,kdr,female,81,1.6797
2020,kdr,female,82,1.624
2020,kdr,female,83,1.5295
2020,kdr,female,84,1.5074
2020,kdr,female,85,1.3662
2020,kdr,female,86,1.2912
2020,kdr,female,87,1.1877
2020,kdr,female,88,1.4918
2020,kdr,female,89,1.3089
2020,kdr,female,90,1.1381
2020,kdr,female,91,1.0136
2020,kdr,female,92,0.88729
2020,kdr,female,93,0.76267
2020,kdr,female,94,0.64291
2020,kdr,female,95,0.52053
2020,wym,male,55,0.52654
2020,wym,male,56,0.56874
2020,wym,male,57,0.6224
2020,wym,male,58,0.69342
2020,wym,male,59,0.77902
2020,wym,male,60,0.88358
2020,wym,male,61,0.96147
2020,wym,male,62,1.0978
2020,wym,male,63,1.1681
2020,wym,male,64,1.2557
2020,wym,male,65,1.3276
2020,wym,male,66,1.3705
2020,wym,male,67,1.3687
2020,wym,male,68,1.3383
2020,wym,male,69,1.2764
2020,wym,male,70,1.2014
2020,wym,male,71,1.0644
2020,wym,male,72,1.0089
2020,wym,male,73,0.94884
2020,wym,male,74,0.84884
2020,wym,male,75,0.78207
2020,wym,male,76,0.70786
2020,wym,male,77,0.66508
2020,wym,male,78,0.61586
2020,wym,male,79,0.56435
2020,wym,male,80,0.52397
2020,wym,male,88,1.0704
2020,wym,male,89,0.87514
2020,wym,male,90,0.70354
2020,wym,male,91,0.56567
2020,wym,female,54,0.51638
2020,wym,female,55,0.55132
2020,wym,female,56,0.5983
2020,wym,female,57,0.65807
2020,wym,female,58,0.73708
2020,wym,female,59,0.83272
2020,wym,female,60,0.94997
2020,wym,female,61,1.0403
2020,wym,female,62,1.1962
2020,wym,female,63,1.2822
2020,wym,female,64,1.3894
2020,wym,female,65,1.4801
2020,wym,female,66,1.5407
2020,wym,female,67,1.553
2020,wym,female,68,1.5342
2020,wym,female,69,1.4797
2020,wym,female,70,1.4102
2020,wym,female,71,1.2664
2020,wym,female,72,1.218
2020,wym,female,73,1.1638
2020,wym,female,74,1.0592
2020,wym,female,75,0.99417
2020,wym,female,76,0.91816
2020,wym,female,77,0.88215
2020,wym,female,78,0.83717
2020,wym,female,79,0.788
2020,wym,female,80,0.75357
2020,wym,female,81,0.73276
2020,wym,female,82,0.71248
2020,wym,female,83,0.68549
2020,wym,female,84,0.68642
2020,wym,female,85,0.63634
2020,wym,female,86,0.62468
2020,wym,female,87,0.58664
2020,wym,female,88,2.2008
2020,wym,female,89,1.928
2020,wym,female,90,1.6722
2020,wym,female,91,1.4613
2020,wym,female,92,1.257
2020,wym,female,93,1.0632
2020,wym,female,94,0.8828
2020,wym,female,95,0.66379
2020,wym,female,96,0.53264
2020,oth,male,0,160.52
2020,oth,male,1,171.27
2020,oth,male,2,178.9
2020,oth,male,3,185.25
2020,oth,male,4,195.12
2020,oth,male,5,198
2020,oth,male,6,206.65
2020,oth,male,7,204.78
2020,oth,male,8,202.96
2020,oth,male,9,209.03
2020,oth,male,10,206.23
2020,oth,male,11,205.72
2020,oth,male,12,206.1
2020,oth,male,13,210.53
2020,oth,male,14,207.97
2020,oth,male,15,205.49
2020,oth,male,16,207.02
2020,oth,male,17,203.52
2020,oth,male,18,202.11
2020,oth,male,19,198.71
2020,oth,male,20,201.91
2020,oth,male,21,205.73
2020,oth,male,22,207.92
2020,oth,male,23,214.68
2020,oth,male,24,221.41
2020,oth,male,25,233.23
2020,oth,male,26,246.28
2020,oth,male,27,263.46
2020,oth,male,28,293.2
2020,oth,male,29,320.48
2020,oth,male,30,352.36
2020,oth,male,31,378.8
2020,oth,male,32,406.22
2020,oth,male,33,424.15
2020,oth,male,34,434.81
2020,oth,male,35,443.98
2020,oth,male,36,443.85
2020,oth,male,37,443.96
2020,oth,male,38,440.32
2020,oth,male,39,440.25
2020,oth,male,40,429.13
2020,oth,male,41,424.96
2020,oth,male,42,415.65
2020,oth,male,43,409.57
2020,oth,male,44,400.82
2020,oth,male,45,389.2
2020,oth,male,46,377.86
2020,oth,male,47,374.13
2020,oth,male,48,367.9
2020,oth,male,49,360.12
2020,oth,male,50,355.47
2020,oth,male,51,349.85
2020,oth,male,52,344.21
2020,oth,male,53,337.72
2020,oth,male,54,341.65
2020,oth,male,55,338.4
2020,oth,male,56,336.86
2020,oth,male,57,335.72
2020,oth,male,58,337.67
2020,oth,male,59,342.26
2020,oth,male,60,349.09
2020,oth,male,61,346.77
2020,oth,male,62,357.97
2020,oth,male,63,350.56
2020,oth,male,64,351.88
2020,oth,male,65,349.01
2020,oth,male,66,347.56
2020,oth,male,67,341.28
2020,oth,male,68,332.6
2020,oth,male,69,322.06
2020,oth,male,70,311.22
2020,oth,male,71,287.73
2020,oth,male,72,279.86
2020,oth,male,73,268.75
2020,oth,male,74,248.08
2020,oth,male,75,233.91
2020,oth,male,76,217.27
2020,oth,male,77,208.66
2020,oth,male,78,195.53
2020,oth,male,79,184.01
2020,oth,male,80,173.14
2020,oth,male,81,162.61
2020,oth,male,82,151.18
2020,oth,male,83,137.04
2020,oth,male,84,128.51
2020,oth,male,85,111.91
2020,oth,male,86,100.56
2020,oth,male,87,87.908
2020,oth,male,88,96.089
2020,oth,male,89,79.6
2020,oth,male,90,65.039
2020,oth,male,91,53.75
2020,oth,male,92,43.519
2020,oth,male,93,34.485
2020,oth,male,94,26.723
2020,oth,male,95,20.09
2020,oth,male,96,14.929
2020,oth,male,97,10.873
2020,oth,male,98,7.7849
2020,oth,male,99,5.109
2020,oth,male,100,9.3442
2020,oth,female,0,151.2
2020,oth,female,1,161.35
2020,oth,female,2,168.49
2020,oth,female,3,174.43
2020,oth,female,4,183.55
2020,oth,female,5,185.54
2020,oth,female,6,192.96
2020,oth,female,7,190.08
2020,oth,female,8,187.31
2020,oth,female,9,191.94
2020,oth,female,10,188.58
2020,oth,female,11,187.98
2020,oth,female,12,188.42
2020,oth,female,13,192.69
2020,oth,female,14,190.33
2020,oth,female,15,188.19
2020,oth,female,16,189.93
2020,oth,female,17,186.97
2020,oth,female,18,185.96
2020,oth,female,19,182.9
2020,oth,female,20,186.03
2020,oth,female,21,189.6
2020,oth,female,22,191.38
2020,oth,female,23,197.41
2020,oth,female,24,203.32
2020,oth,female,25,213.65
2020,oth,female,26,224.56
2020,oth,female,27,238.72
2020,oth,female,28,264.26
2020,oth,female,29,286.98
2020,oth,female,30,314.02
2020,oth,female,31,336.14
2020,oth,female,32,360.09
2020,oth,female,33,375.96
2020,oth,female,34,385.74
2020,oth,female,35,394.77
2020,oth,female,36,395.28
2020,oth,female,37,396.48
2020,oth,female,38,394.49
2020,oth,female,39,396.2
2020,oth,female,40,387.21
2020,oth,female,41,385.1
2020,oth,female,42,377.83
2020,oth,female,43,373.66
2020,oth,female,44,366.96
2020,oth,female,45,357.45
2020,oth,female,46,348.12
2020,oth,female,47,346.28
2020,oth,female,48,341.86
2020,oth,female,49,335.92
2020,oth,female,50,333.18
2020,oth,female,51,329.5
2020,oth,female,52,325.87
2020,oth,female,53,321.43
2020,oth,female,54,327.58
2020,oth,female,55,326.47
2020,oth,female,56,327.11
2020,oth,female,57,328.16
2020,oth,female,58,332.44
2020,oth,female,59,339.57
2020,oth,female,60,349.18
2020,oth,female,61,349.45
2020,oth,female,62,364.17
2020,oth,female,63,359.46
2020,oth,female,64,364.07
2020,oth,female,65,364.27
2020,oth,female,66,366.1
2020,oth,female,67,362.79
2020,oth,female,68,356.95
2020,oth,female,69,349.11
2020,oth,female,70,341.07
2020,oth,female,71,318.68
2020,oth,female,72,314.15
2020,oth,female,73,306.07
2020,oth,female,74,286.72
2020,oth,female,75,275
2020,oth,female,76,260.16
2020,oth,female,77,255.36
2020,oth,female,78,244.93
2020,oth,female,79,236.54
2020,oth,female,80,229.05
2020,oth,female,81,222.05
2020,oth,female,82,213.66
2020,oth,female,83,200.95
2020,oth,female,84,196.59
2020,oth,female,85,178.73
2020,oth,female,86,168.68
2020,oth,female,87,155.46
2020,oth,female,88,181.31
2020,oth,female,89,159.8
2020,oth,female,90,139.63
2020,oth,female,91,124.22
2020,oth,female,92,108.87
2020,oth,female,93,93.893
2020,oth,female,94,79.6
2020,oth,female,95,65.285
2020,oth,female,96,53.572
2020,oth,female,97,43.12
2020,oth,female,98,34.014
2020,oth,female,99,23.56
2020,oth,female,100,53.266
2032,pl,male,0,1.5423e+05
2032,pl,male,1,1.5558e+05
2032,pl,male,2,1.575e+05
2032,pl,male,3,1.5803e+05
2032,pl,male,4,1.5507e+05
2032,pl,male,5,1.6157e+05
2032,pl,male,6,1.6177e+05
2032,pl,male,7,1.6374e+05
2032,pl,male,8,1.6339e+05
2032,pl,male,9,1.7283e+05
2032,pl,male,10,1.7356e+05
2032,pl,male,11,1.7307e+05
2032,pl,male,12,1.7491e+05
2032,pl,male,13,1.8058e+05
2032,pl,male,14,1.8183e+05
2032,pl,male,15,1.8178e+05
2032,pl,male,16,1.8595e+05
2032,pl,male,17,1.8488e+05
2032,pl,male,18,1.9065e+05
2032,pl,male,19,1.8836e+05
2032,pl,male,20,1.8594e+05
2032,pl,male,21,1.9322e+05
2032,pl,male,22,1.9109e+05
2032,pl,male,23,1.9019e+05
2032,pl,male,24,1.9081e+05
2032,pl,male,25,1.9604e+05
2032,pl,male,26,1.9317e+05
2032,pl,male,27,1.9189e+05
2032,pl,male,28,1.9437e+05
2032,pl,male,29,1.9057e+05
2032,pl,male,30,1.8984e+05
2032,pl,male,31,1.8618e+05
2032,pl,male,32,1.8969e+05
2032,pl,male,33,1.9127e+05
2032,pl,male,34,1.8973e+05
2032,pl,male,35,1.9301e+05
2032,pl,male,36,1.9392e+05
2032,pl,male,37,1.9811e+05
2032,pl,male,38,1.9889e+05
2032,pl,male,39,1.9725e+05
2032,pl,male,40,2.0547e+05
2032,pl,male,41,2.0394e+05
2032,pl,male,42,2.0681e+05
2032,pl,male,43,2.0643e+05
2032,pl,male,44,2.1378e+05
2032,pl,male,45,2.1663e+05
2032,pl,male,46,2.1722e+05
2032,pl,male,47,2.2147e+05
2032,pl,male,48,2.2001e+05
2032,pl,male,49,2.2154e+05
2032,pl,male,50,2.2022e+05
2032,pl,male,51,2.2429e+05
2032,pl,male,52,2.1811e+05
2032,pl,male,53,2.1924e+05
2032,pl,male,54,2.1539e+05
2032,pl,male,55,2.1486e+05
2032,pl,male,56,2.1181e+05
2032,pl,male,57,2.0655e+05
2032,pl,male,58,2.0101e+05
2032,pl,male,59,2.0222e+05
2032,pl,male,60,2.0127e+05
2032,pl,male,61,1.9758e+05
2032,pl,male,62,1.9665e+05
2032,pl,male,63,1.9489e+05
2032,pl,male,64,1.9287e+05
2032,pl,male,65,1.8931e+05
2032,pl,male,66,1.938e+05
2032,pl,male,67,1.9165e+05
2032,pl,male,68,1.8953e+05
2032,pl,male,69,1.8706e+05
2032,pl,male,70,1.8529e+05
2032,pl,male,71,1.8482e+05
2032,pl,male,72,1.8454e+05
2032,pl,male,73,1.7749e+05
2032,pl,male,74,1.7834e+05
2032,pl,male,75,1.6719e+05
2032,pl,male,76,1.6144e+05
2032,pl,male,77,1.5215e+05
2032,pl,male,78,1.4405e+05
2032,pl,male,79,1.3389e+05
2032,pl,male,80,1.2316e+05
2032,pl,male,81,1.1218e+05
2032,pl,male,82,1.0166e+05
2032,pl,male,83,87115
2032,pl,male,84,78965
2032,pl,male,85,70039
2032,pl,male,86,58975
2032,pl,male,87,50734
2032,pl,male,88,42669
2032,pl,male,89,37084
2032,pl,male,90,31027
2032,pl,male,91,25945
2032,pl,male,92,21483
2032,pl,male,93,17536
2032,pl,male,94,13975
2032,pl,male,95,10658
2032,pl,male,96,8345.5
2032,pl,male,97,5895.9
2032,pl,male,98,4247
2032,pl,male,99,2907.5
2032,pl,male,100,4816.7
2032,pl,female,0,1.4556e+05
2032,pl,female,1,1.4691e+05
2032,pl,female,2,1.4876e+05
2032,pl,female,3,1.493e+05
2032,pl,female,4,1.4655e+05
2032,pl,female,5,1.5273e+05
2032,pl,female,6,1.5296e+05
2032,pl,female,7,1.5487e+05
2032,pl,female,8,1.5456e+05
2032,pl,female,9,1.6351e+05
2032,pl,female,10,1.6424e+05
2032,pl,female,11,1.6381e+05
2032,pl,female,12,1.6558e+05
2032,pl,female,13,1.7099e+05
2032,pl,female,14,1.7225e+05
2032,pl,female,15,1.7228e+05
2032,pl,female,16,1.7628e+05
2032,pl,female,17,1.7533e+05
2032,pl,female,18,1.8087e+05
2032,pl,female,19,1.7874e+05
2032,pl,female,20,1.7651e+05
2032,pl,female,21,1.8349e+05
2032,pl,female,22,1.8154e+05
2032,pl,female,23,1.8078e+05
2032,pl,female,24,1.815e+05
2032,pl,female,25,1.8659e+05
2032,pl,female,26,1.8402e+05
2032,pl,female,27,1.8294e+05
2032,pl,female,28,1.8542e+05
2032,pl,female,29,1.8195e+05
2032,pl,female,30,1.8147e+05
2032,pl,female,31,1.7813e+05
2032,pl,female,32,1.8167e+05
2032,pl,female,33,1.8341e+05
2032,pl,female,34,1.8213e+05
2032,pl,female,35,1.8547e+05
2032,pl,female,36,1.8653e+05
2032,pl,female,37,1.9072e+05
2032,pl,female,38,1.9165e+05
2032,pl,female,39,1.903e+05
2032,pl,female,40,1.9852e+05
2032,pl,female,41,1.9736e+05
2032,pl,female,42,2.0048e+05
2032,pl,female,43,2.0042e+05
2032,pl,female,44,2.0789e+05
2032,pl,female,45,2.1107e+05
2032,pl,female,46,2.1208e+05
2032,pl,female,47,2.1665e+05
2032,pl,female,48,2.1557e+05
2032,pl,female,49,2.174e+05
2032,pl,female,50,2.165e+05
2032,pl,female,51,2.2094e+05
2032,pl,female,52,2.1529e+05
2032,pl,female,53,2.1691e+05
2032,pl,female,54,2.1354e+05
2032,pl,female,55,2.1346e+05
2032,pl,female,56,2.1098e+05
2032,pl,female,57,2.0638e+05
2032,pl,female,58,2.0147e+05
2032,pl,female,59,2.0338e+05
2032,pl,female,60,2.0318e+05
2032,pl,female,61,2.0028e+05
2032,pl,female,62,2.0031e+05
2032,pl,female,63,1.9958e+05
2032,pl,female,64,1.9867e+05
2032,pl,female,65,1.9623e+05
2032,pl,female,66,2.0227e+05
2032,pl,female,67,2.0153e+05
2032,pl,female,68,2.0095e+05
2032,pl,female,69,2.0012e+05
2032,pl,female,70,2.002e+05
2032,pl,female,71,2.0185e+05
2032,pl,female,72,2.0389e+05
2032,pl,female,73,1.9863e+05
2032,pl,female,74,2.0243e+05
2032,pl,female,75,1.9273e+05
2032,pl,female,76,1.8925e+05
2032,pl,female,77,1.8168e+05
2032,pl,female,78,1.7552e+05
2032,pl,female,79,1.6677e+05
2032,pl,female,80,1.5718e+05
2032,pl,female,81,1.4702e+05
2032,pl,female,82,1.372e+05
2032,pl,female,83,1.214e+05
2032,pl,female,84,1.1397e+05
2032,pl,female,85,1.0505e+05
2032,pl,female,86,92255
2032,pl,female,87,83091
2032,pl,female,88,73476
2032,pl,female,89,67490
2032,pl,female,90,60001
2032,pl,female,91,53624
2032,pl,female,92,47762
2032,pl,female,93,42230
2032,pl,female,94,36731
2032,pl,female,95,30827
2032,pl,female,96,26807
2032,pl,female,97,21235
2032,pl,female,98,17334
2032,pl,female,99,13604
2032,pl,female,100,37341
2032,uk,male,0,41905
2032,uk,male,1,42154
2032,uk,male,2,42632
2032,uk,male,3,43148
2032,uk,male,4,42794
2032,uk,male,5,44428
2032,uk,male,6,44577
2032,uk,male,7,45326
2032,uk,male,8,45247
2032,uk,male,9,47867
2032,uk,male,10,48383
2032,uk,male,11,48337
2032,uk,male,12,48875
2032,uk,male,13,50425
2032,uk,male,14,50927
2032,uk,male,15,50688
2032,uk,male,16,51774
2032,uk,male,17,51242
2032,uk,male,18,52967
2032,uk,male,19,52635
2032,uk,male,20,52200
2032,uk,male,21,54327
2032,uk,male,22,53689
2032,uk,male,23,53061
2032,uk,male,24,53148
2032,uk,male,25,54513
2032,uk,male,26,53326
2032,uk,male,27,52965
2032,uk,male,28,53580
2032,uk,male,29,52519
2032,uk,male,30,52299
2032,uk,male,31,51509
2032,uk,male,32,52393
2032,uk,male,33,52788
2032,uk,male,34,52123
2032,uk,male,35,53069
2032,uk,male,36,53036
2032,uk,male,37,54181
2032,uk,male,38,54778
2032,uk,male,39,54144
2032,uk,male,40,56004
2032,uk,male,41,55487
2032,uk,male,42,55799
2032,uk,male,43,55476
2032,uk,male,44,57000
2032,uk,male,45,57455
2032,uk,male,46,56859
2032,uk,male,47,57397
2032,uk,male,48,56655
2032,uk,male,49,56139
2032,uk,male,50,55085
2032,uk,male,51,55631
2032,uk,male,52,53543
2032,uk,male,53,53245
2032,uk,male,54,51769
2032,uk,male,55,51005
2032,uk,male,56,49844
2032,uk,male,57,48280
2032,uk,male,58,46744
2032,uk,male,59,46767
2032,uk,male,60,46271
2032,uk,male,61,45281
2032,uk,male,62,44891
2032,uk,male,63,44349
2032,uk,male,64,43651
2032,uk,male,65,42566
2032,uk,male,66,43455
2032,uk,male,67,42750
2032,uk,male,68,42045
2032,uk,male,69,41228
2032,uk,male,70,40565
2032,uk,male,71,40048
2032,uk,male,72,39678
2032,uk,male,73,37784
2032,uk,male,74,37596
2032,uk,male,75,34907
2032,uk,male,76,33394
2032,uk,male,77,31138
2032,uk,male,78,29161
2032,uk,male,79,26777
2032,uk,male,80,24311
2032,uk,male,81,21832
2032,uk,male,82,19534
2032,uk,male,83,16513
2032,uk,male,84,14794
2032,uk,male,85,12984
2032,uk,male,86,10826
2032,uk,male,87,9224.7
2032,uk,male,88,7676.5
2032,uk,male,89,6602.7
2032,uk,male,90,5453.9
2032,uk,male,91,4488.5
2032,uk,male,92,3645.7
2032,uk,male,93,2909.4
2032,uk,male,94,2262.3
2032,uk,male,95,1681.2
2032,uk,male,96,1280.2
2032,uk,male,97,877.3
2032,uk,male,98,612.54
2032,uk,male,99,405.78
2032,uk,male,100,642.51
2032,uk,female,0,39552
2032,uk,female,1,39814
2032,uk,female,2,40279
2032,uk,female,3,40779
2032,uk,female,4,40457
2032,uk,female,5,42015
2032,uk,female,6,42169
2032,uk,female,7,42890
2032,uk,female,8,42825
2032,uk,female,9,45312
2032,uk,female,10,45812
2032,uk,female,11,45777
2032,uk,female,12,46296
2032,uk,female,13,47781
2032,uk,female,14,48281
2032,uk,female,15,48079
2032,uk,female,16,49127
2032,uk,female,17,48639
2032,uk,female,18,50297
2032,uk,female,19,49997
2032,uk,female,20,49601
2032,uk,female,21,51643
2032,uk,female,22,51055
2032,uk,female,23,50484
2032,uk,female,24,50602
2032,uk,female,25,51938
2032,uk,female,26,50848
2032,uk,female,27,50548
2032,uk,female,28,51170
2032,uk,female,29,50203
2032,uk,female,30,50055
2032,uk,female,31,49352
2032,uk,female,32,50256
2032,uk,female,33,50702
2032,uk,female,34,50125
2032,uk,female,35,51094
2032,uk,female,36,51117
2032,uk,female,37,52270
2032,uk,female,38,52899
2032,uk,female,39,52355
2032,uk,female,40,54239
2032,uk,female,41,53828
2032,uk,female,42,54223
2032,uk,female,43,54000
2032,uk,female,44,55587
2032,uk,female,45,56155
2032,uk,female,46,55705
2032,uk,female,47,56360
2032,uk,female,48,55740
2032,uk,female,49,55333
2032,uk,female,50,54410
2032,uk,female,51,55075
2032,uk,female,52,53136
2032,uk,female,53,52981
2032,uk,female,54,51642
2032,uk,female,55,51006
2032,uk,female,56,49996
2032,uk,female,57,48598
2032,uk,female,58,47220
2032,uk,female,59,47431
2032,uk,female,60,47127
2032,uk,female,61,46334
2032,uk,female,62,46180
2032,uk,female,63,45886
2032,uk,female,64,45448
2032,uk,female,65,44615
2032,uk,female,66,45879
2032,uk,female,67,45490
2032,uk,female,68,45131
2032,uk,female,69,44677
2032,uk,female,70,44420
2032,uk,female,71,44354
2032,uk,female,72,44487
2032,uk,female,73,42944
2032,uk,female,74,43380
2032,uk,female,75,40944
2032,uk,female,76,39874
2032,uk,female,77,37919
2032,uk,female,78,36284
2032,uk,female,79,34112
2032,uk,female,80,31785
2032,uk,female,81,29370
2032,uk,female,82,27117
2032,uk,female,83,23725
2032,uk,female,84,22069
2032,uk,female,85,20181
2032,uk,female,86,17601
2032,uk,female,87,15750
2032,uk,female,88,13827
2032,uk,female,89,12613
2032,uk,female,90,11115
2032,uk,female,91,9818.5
2032,uk,female,92,8619.6
2032,uk,female,93,7491.2
2032,uk,female,94,6395.1
2032,uk,female,95,5263.5
2032,uk,female,96,4483.1
2032,uk,female,97,3471.1
2032,uk,female,98,2768.9
2032,uk,female,99,2120.4
2032,uk,female,100,5472.2
2032,be,male,0,5208.8
2032,be,male,1,5318.3
2032,be,male,2,5437.7
2032,be,male,3,5544.2
2032,be,male,4,5517.8
2032,be,male,5,5837.9
2032,be,male,6,5917.2
2032,be,male,7,6106.2
2032,be,male,8,6151.5
2032,be,male,9,6530.5
2032,be,male,10,6666.4
2032,be,male,11,6713.4
2032,be,male,12,6858.8
2032,be,male,13,7164.9
2032,be,male,14,7260.7
2032,be,male,15,7278.8
2032,be,male,16,7508.4
2032,be,male,17,7492
2032,be,male,18,7817.7
2032,be,male,19,7828
2032,be,male,20,7840.3
2032,be,male,21,8211.2
2032,be,male,22,8167.2
2032,be,male,23,8179.8
2032,be,male,24,8279.2
2032,be,male,25,8591
2032,be,male,26,8480.5
2032,be,male,27,8486.1
2032,be,male,28,8655.9
2032,be,male,29,8560.6
2032,be,male,30,8545.3
2032,be,male,31,8456.9
2032,be,male,32,8629.3
2032,be,male,33,8756.3
2032,be,male,34,8732.8
2032,be,male,35,8947.6
2032,be,male,36,9052.2
2032,be,male,37,9307.7
2032,be,male,38,9404.6
2032,be,male,39,9372.3
2032,be,male,40,9793.6
2032,be,male,41,9788.6
2032,be,male,42,9912
2032,be,male,43,9876.4
2032,be,male,44,10191
2032,be,male,45,10293
2032,be,male,46,10257
2032,be,male,47,10376
2032,be,male,48,10259
2032,be,male,49,10207
2032,be,male,50,10087
2032,be,male,51,10202
2032,be,male,52,9814
2032,be,male,53,9762.3
2032,be,male,54,9509
2032,be,male,55,9403.4
2032,be,male,56,9192.9
2032,be,male,57,8906
2032,be,male,58,8644.2
2032,be,male,59,8663.6
2032,be,male,60,8570.8
2032,be,male,61,8426.9
2032,be,male,62,8375.7
2032,be,male,63,8315.4
2032,be,male,64,8218.8
2032,be,male,65,8093.7
2032,be,male,66,8310.9
2032,be,male,67,8237.8
2032,be,male,68,8173.1
2032,be,male,69,8045.5
2032,be,male,70,7951.4
2032,be,male,71,7889
2032,be,male,72,7861.2
2032,be,male,73,7520.9
2032,be,male,74,7508.9
2032,be,male,75,6998
2032,be,male,76,6700.3
2032,be,male,77,6252
2032,be,male,78,5848.4
2032,be,male,79,5360.3
2032,be,male,80,4855.9
2032,be,male,81,4354.4
2032,be,male,82,3887.3
2032,be,male,83,3280.4
2032,be,male,84,2937.3
2032,be,male,85,2579.9
2032,be,male,86,2156.2
2032,be,male,87,1843
2032,be,male,88,1538.7
2032,be,male,89,1327.7
2032,be,male,90,1100.8
2032,be,male,91,908.26
2032,be,male,92,738.82
2032,be,male,93,589.91
2032,be,male,94,458.38
2032,be,male,95,340.32
2032,be,male,96,259.02
2032,be,male,97,177.37
2032,be,male,98,123.75
2032,be,male,99,81.781
2032,be,male,100,138.26
2032,be,female,0,4916.5
2032,be,female,1,5023.4
2032,be,female,2,5138.1
2032,be,female,3,5240.5
2032,be,female,4,5217.3
2032,be,female,5,5521.6
2032,be,female,6,5598.4
2032,be,female,7,5779
2032,be,female,8,5823.3
2032,be,female,9,6183.3
2032,be,female,10,6313.5
2032,be,female,11,6359.4
2032,be,female,12,6498.5
2032,be,female,13,6790.8
2032,be,female,14,6885
2032,be,female,15,6905.8
2032,be,female,16,7126.4
2032,be,female,17,7113.6
2032,be,female,18,7426.1
2032,be,female,19,7438.3
2032,be,female,20,7452.7
2032,be,female,21,7808.6
2032,be,female,22,7770.1
2032,be,female,23,7786.8
2032,be,female,24,7887.8
2032,be,female,25,8191.1
2032,be,female,26,8092.9
2032,be,female,27,8105.9
2032,be,female,28,8273.7
2032,be,female,29,8190.3
2032,be,female,30,8185.7
2032,be,female,31,8109.5
2032,be,female,32,8283.7
2032,be,female,33,8416.5
2032,be,female,34,8403.8
2032,be,female,35,8619.7
2032,be,female,36,8729.5
2032,be,female,37,8984.6
2032,be,female,38,9087.5
2032,be,female,39,9067.9
2032,be,female,40,9490.4
2032,be,female,41,9501.6
2032,be,female,42,9638.3
2032,be,female,43,9620.3
2032,be,female,44,9947.3
2032,be,female,45,10073
2032,be,female,46,10067
2032,be,female,47,10212
2032,be,female,48,10122
2032,be,female,49,10094
2032,be,female,50,10001
2032,be,female,51,10144
2032,be,female,52,9787.4
2032,be,female,53,9766.9
2032,be,female,54,9542
2032,be,female,55,9464.4
2032,be,female,56,9285.8
2032,be,female,57,9032.8
2032,be,female,58,8803.6
2032,be,female,59,8862.9
2032,be,female,60,8809.7
2032,be,female,61,8706.8
2032,be,female,62,8703.1
2032,be,female,63,8692.1
2032,be,female,64,8647.3
2032,be,female,65,8573.4
2032,be,female,66,8868.3
2032,be,female,67,8860.9
2032,be,female,68,8868.8
2032,be,female,69,8814.9
2032,be,female,70,8804.3
2032,be,female,71,8836.1
2032,be,female,72,8914.3
2032,be,female,73,8645.6
2032,be,female,74,8763.6
2032,be,female,75,8303.3
2032,be,female,76,8094.6
2032,be,female,77,7704
2032,be,female,78,7364.1
2032,be,female,79,6911.3
2032,be,female,80,6426.6
2032,be,female,81,5930.6
2032,be,female,82,5464.1
2032,be,female,83,4773.1
2032,be,female,84,4438.3
2032,be,female,85,4062.5
2032,be,female,86,3552
2032,be,female,87,3188.9
2032,be,female,88,2809.2
2032,be,female,89,2571.4
2032,be,female,90,2274.7
2032,be,female,91,2015
2032,be,female,92,1772
2032,be,female,93,1541.2
2032,be,female,94,1315.2
2032,be,female,95,1082
2032,be,female,96,921.44
2032,be,female,97,713.49
2032,be,female,98,569.26
2032,be,female,99,435.72
2032,be,female,100,1193.8
2032,pls,male,0,2869.1
2032,pls,male,1,2963.7
2032,pls,male,2,3091.1
2032,pls,male,3,3198.3
2032,pls,male,4,3236.3
2032,pls,male,5,3457.3
2032,pls,male,6,3575.5
2032,pls,male,7,3739.3
2032,pls,male,8,3828.9
2032,pls,male,9,4176.4
2032,pls,male,10,4314.2
2032,pls,male,11,4447
2032,pls,male,12,4593.7
2032,pls,male,13,4858.3
2032,pls,male,14,4962.7
2032,pls,male,15,5010.7
2032,pls,male,16,5167.4
2032,pls,male,17,5162.5
2032,pls,male,18,5394.9
2032,pls,male,19,5393.2
2032,pls,male,20,5376.4
2032,pls,male,21,5657.4
2032,pls,male,22,5651.7
2032,pls,male,23,5676.9
2032,pls,male,24,5759.8
2032,pls,male,25,5972.6
2032,pls,male,26,5906.9
2032,pls,male,27,5911.3
2032,pls,male,28,6049.5
2032,pls,male,29,6022.6
2032,pls,male,30,6039.5
2032,pls,male,31,6016.9
2032,pls,male,32,6212.8
2032,pls,male,33,6363.5
2032,pls,male,34,6382.7
2032,pls,male,35,6582
2032,pls,male,36,6690.5
2032,pls,male,37,6886.6
2032,pls,male,38,6983.2
2032,pls,male,39,6958.4
2032,pls,male,40,7248
2032,pls,male,41,7213.9
2032,pls,male,42,7288.1
2032,pls,male,43,7219.3
2032,pls,male,44,7394.3
2032,pls,male,45,7383.3
2032,pls,male,46,7286.1
2032,pls,male,47,7282.2
2032,pls,male,48,7135.7
2032,pls,male,49,7033.8
2032,pls,male,50,6898
2032,pls,male,51,6908.2
2032,pls,male,52,6594.6
2032,pls,male,53,6531.7
2032,pls,male,54,6328.6
2032,pls,male,55,6239.6
2032,pls,male,56,6109.4
2032,pls,male,57,5916.3
2032,pls,male,58,5739.5
2032,pls,male,59,5763.1
2032,pls,male,60,5722.4
2032,pls,male,61,5652.6
2032,pls,male,62,5621.6
2032,pls,male,63,5598.5
2032,pls,male,64,5513
2032,pls,male,65,5454.8
2032,pls,male,66,5596.6
2032,pls,male,67,5537.3
2032,pls,male,68,5464.3
2032,pls,male,69,5379.1
2032,pls,male,70,5290.9
2032,pls,male,71,5225.5
2032,pls,male,72,5177.8
2032,pls,male,73,4924.5
2032,pls,male,74,4888.3
2032,pls,male,75,4534.9
2032,pls,male,76,4325.4
2032,pls,male,77,4025.7
2032,pls,male,78,3751.2
2032,pls,male,79,3429.3
2032,pls,male,80,3104.5
2032,pls,male,81,2786.2
2032,pls,male,82,2491.4
2032,pls,male,83,2106.5
2032,pls,male,84,1890.9
2032,pls,male,85,1665
2032,pls,male,86,1396.3
2032,pls,male,87,1196.9
2032,pls,male,88,1000.7
2032,pls,male,89,862.96
2032,pls,male,90,712.68
2032,pls,male,91,583.28
2032,pls,male,92,469.31
2032,pls,male,93,370.34
2032,pls,male,94,284.11
2032,pls,male,95,208.22
2032,pls,male,96,156.44
2032,pls,male,97,105.74
2032,pls,male,98,72.764
2032,pls,male,99,47.43
2032,pls,male,100,77.43
2032,pls,female,0,2708.3
2032,pls,female,1,2800
2032,pls,female,2,2921.7
2032,pls,female,3,3024.2
2032,pls,female,4,3061.3
2032,pls,female,5,3271.5
2032,pls,female,6,3384.4
2032,pls,female,7,3540.6
2032,pls,female,8,3626.4
2032,pls,female,9,3956.3
2032,pls,female,10,4088.1
2032,pls,female,11,4215
2032,pls,female,12,4355.1
2032,pls,female,13,4607.6
2032,pls,female,14,4709.1
2032,pls,female,15,4757.4
2032,pls,female,16,4908.6
2032,pls,female,17,4906.3
2032,pls,female,18,5129.4
2032,pls,female,19,5129.6
2032,pls,female,20,5115.9
2032,pls,female,21,5385.9
2032,pls,female,22,5382.9
2032,pls,female,23,5410.4
2032,pls,female,24,5494.1
2032,pls,female,25,5702.1
2032,pls,female,26,5644.9
2032,pls,female,27,5654.6
2032,pls,female,28,5790.9
2032,pls,female,29,5771.3
2032,pls,female,30,5795.2
2032,pls,female,31,5779.9
2032,pls,female,32,5974.6
2032,pls,female,33,6127.2
2032,pls,female,34,6153.1
2032,pls,female,35,6352.4
2032,pls,female,36,6464.2
2032,pls,female,37,6659.9
2032,pls,female,38,6759.9
2032,pls,female,39,6744.9
2032,pls,female,40,7037
2032,pls,female,41,7016
2032,pls,female,42,7100.6
2032,pls,female,43,7045.5
2032,pls,female,44,7233
2032,pls,female,45,7245.7
2032,pls,female,46,7176.1
2032,pls,female,47,7197.4
2032,pls,female,48,7073.9
2032,pls,female,49,6993.4
2032,pls,female,50,6881.6
2032,pls,female,51,6917.2
2032,pls,female,52,6629.1
2032,pls,female,53,6593
2032,pls,female,54,6413.1
2032,pls,female,55,6347.6
2032,pls,female,56,6243
2032,pls,female,57,6075.8
2032,pls,female,58,5923.9
2032,pls,female,59,5980.2
2032,pls,female,60,5972.3
2032,pls,female,61,5936.5
2032,pls,female,62,5942.3
2032,pls,female,63,5956.6
2032,pls,female,64,5906.9
2032,pls,female,65,5885.6
2032,pls,female,66,6084.8
2032,pls,female,67,6070.2
2032,pls,female,68,6044.9
2032,pls,female,69,6010.4
2032,pls,female,70,5977
2032,pls,female,71,5973.8
2032,pls,female,72,5995.3
2032,pls,female,73,5783.5
2032,pls,female,74,5832.7
2032,pls,female,75,5504.8
2032,pls,female,76,5349.2
2032,pls,female,77,5081.8
2032,pls,female,78,4843.1
2032,pls,female,79,4538.2
2032,pls,female,80,4221.7
2032,pls,female,81,3903.9
2032,pls,female,82,3607.2
2032,pls,female,83,3161.8
2032,pls,female,84,2951.9
2032,pls,female,85,2713.3
2032,pls,female,86,2384.7
2032,pls,female,87,2151.1
2032,pls,female,88,1901.3
2032,pls,female,89,1742.9
2032,pls,female,90,1539.4
2032,pls,female,91,1356.1
2032,pls,female,92,1183
2032,pls,female,93,1020
2032,pls,female,94,862.19
2032,pls,female,95,702.55
2032,pls,female,96,592.74
2032,pls,female,97,454.72
2032,pls,female,98,359.29
2032,pls,female,99,272.37
2032,pls,female,100,717.2
2032,yi,male,0,12806
2032,yi,male,1,12750
2032,yi,male,2,12771
2032,yi,male,3,12667
2032,yi,male,4,12273
2032,yi,male,5,12554
2032,yi,male,6,12401
2032,yi,male,7,12399
2032,yi,male,8,12182
2032,yi,male,9,12695
2032,yi,male,10,12634
2032,yi,male,11,12444
2032,yi,male,12,12455
2032,yi,male,13,12752
2032,yi,male,14,12712
2032,yi,male,15,12569
2032,yi,male,16,12796
2032,yi,male,17,12633
2032,yi,male,18,12974
2032,yi,male,19,12772
2032,yi,male,20,12568
2032,yi,male,21,13028
2032,yi,male,22,12819
2032,yi,male,23,12670
2032,yi,male,24,12651
2032,yi,male,25,12908
2032,yi,male,26,12565
2032,yi,male,27,12357
2032,yi,male,28,12405
2032,yi,male,29,12076
2032,yi,male,30,11883
2032,yi,male,31,11538
2032,yi,male,32,11576
2032,yi,male,33,11544
2032,yi,male,34,11300
2032,yi,male,35,11363
2032,yi,male,36,11291
2032,yi,male,37,11425
2032,yi,male,38,11378
2032,yi,male,39,11191
2032,yi,male,40,11538
2032,yi,male,41,11403
2032,yi,male,42,11457
2032,yi,male,43,11379
2032,yi,male,44,11706
2032,yi,male,45,11794
2032,yi,male,46,11766
2032,yi,male,47,11920
2032,yi,male,48,11804
2032,yi,male,49,11781
2032,yi,male,50,11653
2032,yi,male,51,11843
2032,yi,male,52,11443
2032,yi,male,53,11436
2032,yi,male,54,11157
2032,yi,male,55,11013
2032,yi,male,56,10748
2032,yi,male,57,10351
2032,yi,male,58,9964.6
2032,yi,male,59,9903.1
2032,yi,male,60,9707.2
2032,yi,male,61,9427.4
2032,yi,male,62,9285.3
2032,yi,male,63,9125.8
2032,yi,male,64,8946.7
2032,yi,male,65,8730.5
2032,yi,male,66,8927.6
2032,yi,male,67,8817.6
2032,yi,male,68,8734
2032,yi,male,69,8630.4
2032,yi,male,70,8598.2
2032,yi,male,71,8628.7
2032,yi,male,72,8709.2
2032,yi,male,73,8462.3
2032,yi,male,74,8610.5
2032,yi,male,75,8207
2032,yi,male,76,8047.1
2032,yi,male,77,7705.7
2032,yi,male,78,7390.8
2032,yi,male,79,6935.5
2032,yi,male,80,6423.1
2032,yi,male,81,5873.9
2032,yi,male,82,5338.5
2032,yi,male,83,4575.8
2032,yi,male,84,4146.6
2032,yi,male,85,3679.3
2032,yi,male,86,3097.8
2032,yi,male,87,2665.1
2032,yi,male,88,2238.9
2032,yi,male,89,1945.8
2032,yi,male,90,1629.7
2032,yi,male,91,1364.1
2032,yi,male,92,1132.8
2032,yi,male,93,930.64
2032,yi,male,94,748.64
2032,yi,male,95,578.31
2032,yi,male,96,459.29
2032,yi,male,97,329.6
2032,yi,male,98,241.54
2032,yi,male,99,168.37
2032,yi,male,100,461.74
2032,yi,female,0,12084
2032,yi,female,1,12037
2032,yi,female,2,12059
2032,yi,female,3,11963
2032,yi,female,4,11594
2032,yi,female,5,11862
2032,yi,female,6,11720
2032,yi,female,7,11721
2032,yi,female,8,11517
2032,yi,female,9,12004
2032,yi,female,10,11949
2032,yi,female,11,11771
2032,yi,female,12,11782
2032,yi,female,13,12066
2032,yi,female,14,12033
2032,yi,female,15,11901
2032,yi,female,16,12120
2032,yi,female,17,11969
2032,yi,female,18,12296
2032,yi,female,19,12107
2032,yi,female,20,11916
2032,yi,female,21,12357
2032,yi,female,22,12162
2032,yi,female,23,12026
2032,yi,female,24,12016
2032,yi,female,25,12267
2032,yi,female,26,11949
2032,yi,female,27,11760
2032,yi,female,28,11812
2032,yi,female,29,11508
2032,yi,female,30,11336
2032,yi,female,31,11016
2032,yi,female,32,11062
2032,yi,female,33,11043
2032,yi,female,34,10821
2032,yi,female,35,10891
2032,yi,female,36,10831
2032,yi,female,37,10968
2032,yi,female,38,10931
2032,yi,female,39,10763
2032,yi,female,40,11112
2032,yi,female,41,10999
2032,yi,female,42,11069
2032,yi,female,43,11009
2032,yi,female,44,11344
2032,yi,female,45,11454
2032,yi,female,46,11453
2032,yi,female,47,11629
2032,yi,female,48,11537
2032,yi,female,49,11535
2032,yi,female,50,11435
2032,yi,female,51,11647
2032,yi,female,52,11282
2032,yi,female,53,11304
2032,yi,female,54,11055
2032,yi,female,55,10939
2032,yi,female,56,10707
2032,yi,female,57,10347
2032,yi,female,58,9995.1
2032,yi,female,59,9970.9
2032,yi,female,60,9813.3
2032,yi,female,61,9572.9
2032,yi,female,62,9475.8
2032,yi,female,63,9362.6
2032,yi,female,64,9232.3
2032,yi,female,65,9064.8
2032,yi,female,66,9331.4
2032,yi,female,67,9283.9
2032,yi,female,68,9270.3
2032,yi,female,69,9241.1
2032,yi,female,70,9295.8
2032,yi,female,71,9426.9
2032,yi,female,72,9623
2032,yi,female,73,9467.7
2032,yi,female,74,9768.3
2032,yi,female,75,9452.1
2032,yi,female,76,9420.9
2032,yi,female,77,9185.2
2032,yi,female,78,8984.4
2032,yi,female,79,8614
2032,yi,female,80,8168.5
2032,yi,female,81,7666.2
2032,yi,female,82,7168.5
2032,yi,female,83,6339.1
2032,yi,female,84,5943.6
2032,yi,female,85,5474.1
2032,yi,female,86,4801.3
2032,yi,female,87,4318.9
2032,yi,female,88,3809.6
2032,yi,female,89,3493.1
2032,yi,female,90,3103
2032,yi,female,91,2770.4
2032,yi,female,92,2469.4
2032,yi,female,93,2192.7
2032,yi,female,94,1920.5
2032,yi,female,95,1628.4
2032,yi,female,96,1432.2
2032,yi,female,97,1149.1
2032,yi,female,98,951.31
2032,yi,female,99,757.85
2032,yi,female,100,3489
2032,de,male,0,1589.6
2032,de,male,1,1614.4
2032,de,male,2,1649.5
2032,de,male,3,1666.2
2032,de,male,4,1653.9
2032,de,male,5,1734.4
2032,de,male,6,1750.4
2032,de,male,7,1788.1
2032,de,male,8,1778.6
2032,de,male,9,1883.6
2032,de,male,10,1907
2032,de,male,11,1915.8
2032,de,male,12,1952.1
2032,de,male,13,2032.8
2032,de,male,14,2057.3
2032,de,male,15,2065.1
2032,de,male,16,2128.6
2032,de,male,17,2132.3
2032,de,male,18,2227.5
2032,de,male,19,2214.6
2032,de,male,20,2197.5
2032,de,male,21,2300.1
2032,de,male,22,2301
2032,de,male,23,2313.7
2032,de,male,24,2354.7
2032,de,male,25,2428.2
2032,de,male,26,2403
2032,de,male,27,2396.6
2032,de,male,28,2444.5
2032,de,male,29,2423.8
2032,de,male,30,2427.9
2032,de,male,31,2380.8
2032,de,male,32,2432.7
2032,de,male,33,2472.4
2032,de,male,34,2460.1
2032,de,male,35,2513.1
2032,de,male,36,2536.8
2032,de,male,37,2593.6
2032,de,male,38,2613.1
2032,de,male,39,2602.5
2032,de,male,40,2723.1
2032,de,male,41,2714
2032,de,male,42,2764.5
2032,de,male,43,2777.1
2032,de,male,44,2891
2032,de,male,45,2939.5
2032,de,male,46,2977.6
2032,de,male,47,3055.2
2032,de,male,48,3086.9
2032,de,male,49,3136.6
2032,de,male,50,3169.5
2032,de,male,51,3276.8
2032,de,male,52,3235.9
2032,de,male,53,3301
2032,de,male,54,3297.6
2032,de,male,55,3326.7
2032,de,male,56,3303.3
2032,de,male,57,3250.8
2032,de,male,58,3185.7
2032,de,male,59,3220.7
2032,de,male,60,3198.1
2032,de,male,61,3148.6
2032,de,male,62,3145.1
2032,de,male,63,3126.3
2032,de,male,64,3102.9
2032,de,male,65,3063.9
2032,de,male,66,3170.2
2032,de,male,67,3162.1
2032,de,male,68,3168.9
2032,de,male,69,3169
2032,de,male,70,3189.3
2032,de,male,71,3225.5
2032,de,male,72,3289.5
2032,de,male,73,3235.4
2032,de,male,74,3322.1
2032,de,male,75,3194.8
2032,de,male,76,3155.5
2032,de,male,77,3044.9
2032,de,male,78,2947
2032,de,male,79,2797.5
2032,de,male,80,2631.6
2032,de,male,81,2448.1
2032,de,male,82,2263.6
2032,de,male,83,1968.9
2032,de,male,84,1815.3
2032,de,male,85,1635.7
2032,de,male,86,1391.6
2032,de,male,87,1209
2032,de,male,88,1023.4
2032,de,male,89,895.26
2032,de,male,90,754.4
2032,de,male,91,635.09
2032,de,male,92,532.19
2032,de,male,93,442.28
2032,de,male,94,360.79
2032,de,male,95,283.11
2032,de,male,96,228.68
2032,de,male,97,166.66
2032,de,male,98,124.28
2032,de,male,99,88.32
2032,de,male,100,174.74
2032,de,female,0,1500.1
2032,de,female,1,1524.1
2032,de,female,2,1557.5
2032,de,female,3,1573.6
2032,de,female,4,1562.2
2032,de,female,5,1638.6
2032,de,female,6,1654.1
2032,de,female,7,1690
2032,de,female,8,1681.4
2032,de,female,9,1780.8
2032,de,female,10,1803.3
2032,de,female,11,1811.9
2032,de,female,12,1846.4
2032,de,female,13,1923.2
2032,de,female,14,1946.9
2032,de,female,15,1955.1
2032,de,female,16,2015.6
2032,de,female,17,2019.7
2032,de,female,18,2110.5
2032,de,female,19,2098.7
2032,de,female,20,2083.2
2032,de,female,21,2181
2032,de,female,22,2182.6
2032,de,female,23,2195.5
2032,de,female,24,2235.8
2032,de,female,25,2306.9
2032,de,female,26,2284.5
2032,de,female,27,2280.1
2032,de,female,28,2326.9
2032,de,female,29,2309.1
2032,de,female,30,2315.3
2032,de,female,31,2272.3
2032,de,female,32,2324
2032,de,female,33,2364.5
2032,de,female,34,2355.2
2032,de,female,35,2408.3
2032,de,female,36,2433.2
2032,de,female,37,2489.6
2032,de,female,38,2510.4
2032,de,female,39,2502.9
2032,de,female,40,2622.6
2032,de,female,41,2617.8
2032,de,female,42,2670.7
2032,de,female,43,2686.9
2032,de,female,44,2802.2
2032,de,female,45,2855.8
2032,de,female,46,2900.1
2032,de,female,47,2982.9
2032,de,female,48,3020.4
2032,de,female,49,3075.1
2032,de,female,50,3114.4
2032,de,female,51,3227.9
2032,de,female,52,3196
2032,de,female,53,3269.4
2032,de,female,54,3274.3
2032,de,female,55,3311.6
2032,de,female,56,3298.5
2032,de,female,57,3257.6
2032,de,female,58,3203.7
2032,de,female,59,3251.4
2032,de,female,60,3241.9
2032,de,female,61,3206.2
2032,de,female,62,3218.5
2032,de,female,63,3216.2
2032,de,female,64,3210.4
2032,de,female,65,3189.1
2032,de,female,66,3321.3
2032,de,female,67,3336.4
2032,de,female,68,3369.8
2032,de,female,69,3399
2032,de,female,70,3453
2032,de,female,71,3528.3
2032,de,female,72,3638.2
2032,de,female,73,3622.2
2032,de,female,74,3770.1
2032,de,female,75,3679.2
2032,de,female,76,3692.5
2032,de,female,77,3626.4
2032,de,female,78,3577.7
2032,de,female,79,3468.3
2032,de,female,80,3338.9
2032,de,female,81,3185.8
2032,de,female,82,3028.9
2032,de,female,83,2716.5
2032,de,female,84,2589.7
2032,de,female,85,2420.5
2032,de,female,86,2143.9
2032,de,female,87,1946.3
2032,de,female,88,1728.7
2032,de,female,89,1594.7
2032,de,female,90,1424.5
2032,de,female,91,1278.6
2032,de,female,92,1149.5
2032,de,female,93,1031.9
2032,de,female,94,916.06
2032,de,female,95,788.58
2032,de,female,96,705.08
2032,de,female,97,574.41
2032,de,female,98,483.86
2032,de,female,99,393.01
2032,de,female,100,1313
2032,ru,male,0,1273.6
2032,ru,male,1,1291.6
2032,ru,male,2,1314.3
2032,ru,male,3,1335.3
2032,ru,male,4,1320.5
2032,ru,male,5,1381.4
2032,ru,male,6,1396.7
2032,ru,male,7,1432.1
2032,ru,male,8,1436.8
2032,ru,male,9,1523.2
2032,ru,male,10,1547.4
2032,ru,male,11,1554.4
2032,ru,male,12,1580.1
2032,ru,male,13,1645.2
2032,ru,male,14,1663.1
2032,ru,male,15,1666
2032,ru,male,16,1710.2
2032,ru,male,17,1699.2
2032,ru,male,18,1762.9
2032,ru,male,19,1756.9
2032,ru,male,20,1753.7
2032,ru,male,21,1832.9
2032,ru,male,22,1818.2
2032,ru,male,23,1815.6
2032,ru,male,24,1827.1
2032,ru,male,25,1882.7
2032,ru,male,26,1851.1
2032,ru,male,27,1840.5
2032,ru,male,28,1867.2
2032,ru,male,29,1842.1
2032,ru,male,30,1838.2
2032,ru,male,31,1813.1
2032,ru,male,32,1849.2
2032,ru,male,33,1873.5
2032,ru,male,34,1860.4
2032,ru,male,35,1905.5
2032,ru,male,36,1922.1
2032,ru,male,37,1967.5
2032,ru,male,38,1986.8
2032,ru,male,39,1973.1
2032,ru,male,40,2053.5
2032,ru,male,41,2046.9
2032,ru,male,42,2070
2032,ru,male,43,2065.4
2032,ru,male,44,2133.3
2032,ru,male,45,2153.6
2032,ru,male,46,2150.3
2032,ru,male,47,2183.9
2032,ru,male,48,2160.9
2032,ru,male,49,2153.7
2032,ru,male,50,2133
2032,ru,male,51,2164.8
2032,ru,male,52,2090.7
2032,ru,male,53,2087.1
2032,ru,male,54,2037
2032,ru,male,55,2018.4
2032,ru,male,56,1976.8
2032,ru,male,57,1920.4
2032,ru,male,58,1865.1
2032,ru,male,59,1870.4
2032,ru,male,60,1849.8
2032,ru,male,61,1815
2032,ru,male,62,1803
2032,ru,male,63,1790.9
2032,ru,male,64,1768
2032,ru,male,65,1739.5
2032,ru,male,66,1788.5
2032,ru,male,67,1772.5
2032,ru,male,68,1759.2
2032,ru,male,69,1733.9
2032,ru,male,70,1716.7
2032,ru,male,71,1707.3
2032,ru,male,72,1704.9
2032,ru,male,73,1635.8
2032,ru,male,74,1636.9
2032,ru,male,75,1529.1
2032,ru,male,76,1470.5
2032,ru,male,77,1378.1
2032,ru,male,78,1294.8
2032,ru,male,79,1192.7
2032,ru,male,80,1086.1
2032,ru,male,81,978.41
2032,ru,male,82,877.19
2032,ru,male,83,742.66
2032,ru,male,84,665.98
2032,ru,male,85,585.48
2032,ru,male,86,489.37
2032,ru,male,87,418.12
2032,ru,male,88,349.05
2032,ru,male,89,301.5
2032,ru,male,90,250.5
2032,ru,male,91,207.46
2032,ru,male,92,169.73
2032,ru,male,93,136.57
2032,ru,male,94,107.08
2032,ru,male,95,80.287
2032,ru,male,96,61.733
2032,ru,male,97,42.711
2032,ru,male,98,30.1
2032,ru,male,99,20.113
2032,ru,male,100,34.62
2032,ru,female,0,1202
2032,ru,female,1,1219.9
2032,ru,female,2,1241.7
2032,ru,female,3,1262
2032,ru,female,4,1248.3
2032,ru,female,5,1306.3
2032,ru,female,6,1321.1
2032,ru,female,7,1355.1
2032,ru,female,8,1359.8
2032,ru,female,9,1441.8
2032,ru,female,10,1465.1
2032,ru,female,11,1472
2032,ru,female,12,1496.6
2032,ru,female,13,1558.8
2032,ru,female,14,1576.5
2032,ru,female,15,1580
2032,ru,female,16,1622.6
2032,ru,female,17,1612.7
2032,ru,female,18,1673.9
2032,ru,female,19,1668.7
2032,ru,female,20,1666.3
2032,ru,female,21,1742.2
2032,ru,female,22,1729
2032,ru,female,23,1727.5
2032,ru,female,24,1739.7
2032,ru,female,25,1794
2032,ru,female,26,1765.4
2032,ru,female,27,1756.9
2032,ru,female,28,1783.5
2032,ru,female,29,1761.3
2032,ru,female,30,1759.7
2032,ru,female,31,1737.5
2032,ru,female,32,1773.9
2032,ru,female,33,1799.5
2032,ru,female,34,1789
2032,ru,female,35,1834.4
2032,ru,female,36,1852.3
2032,ru,female,37,1897.8
2032,ru,female,38,1918.3
2032,ru,female,39,1907.4
2032,ru,female,40,1988.3
2032,ru,female,41,1985.1
2032,ru,female,42,2011
2032,ru,female,43,2009.8
2032,ru,female,44,2080
2032,ru,female,45,2104.9
2032,ru,female,46,2107.1
2032,ru,female,47,2145.5
2032,ru,female,48,2127.4
2032,ru,female,49,2124.7
2032,ru,female,50,2109.2
2032,ru,female,51,2146
2032,ru,female,52,2078.1
2032,ru,female,53,2080.5
2032,ru,female,54,2036
2032,ru,female,55,2022.9
2032,ru,female,56,1987.6
2032,ru,female,57,1938.1
2032,ru,female,58,1889.5
2032,ru,female,59,1902.6
2032,ru,female,60,1890
2032,ru,female,61,1863.5
2032,ru,female,62,1861.1
2032,ru,female,63,1859.4
2032,ru,female,64,1847.3
2032,ru,female,65,1829.4
2032,ru,female,66,1894.4
2032,ru,female,67,1892.2
2032,ru,female,68,1894.1
2032,ru,female,69,1884.6
2032,ru,female,70,1885.2
2032,ru,female,71,1895.9
2032,ru,female,72,1916.2
2032,ru,female,73,1863.3
2032,ru,female,74,1892.5
2032,ru,female,75,1796.6
2032,ru,female,76,1758.4
2032,ru,female,77,1680.1
2032,ru,female,78,1612.2
2032,ru,female,79,1519.8
2032,ru,female,80,1419.6
2032,ru,female,81,1315.1
2032,ru,female,82,1215.8
2032,ru,female,83,1064.6
2032,ru,female,84,990.57
2032,ru,female,85,906.71
2032,ru,female,86,792.12
2032,ru,female,87,710.18
2032,ru,female,88,624.94
2032,ru,female,89,572
2032,ru,female,90,506.47
2032,ru,female,91,449.75
2032,ru,female,92,397.22
2032,ru,female,93,347.62
2032,ru,female,94,298.83
2032,ru,female,95,247.79
2032,ru,female,96,212.76
2032,ru,female,97,166.1
2032,ru,female,98,133.58
2032,ru,female,99,103.14
2032,ru,female,100,290.33
2032,lt,male,0,8209.2
2032,lt,male,1,8328.8
2032,lt,male,2,8485.4
2032,lt,male,3,8542.2
2032,lt,male,4,8335.9
2032,lt,male,5,8706.7
2032,lt,male,6,8764.2
2032,lt,male,7,8905.6
2032,lt,male,8,8846
2032,lt,male,9,9292.7
2032,lt,male,10,9407.8
2032,lt,male,11,9444.1
2032,lt,male,12,9627.9
2032,lt,male,13,9978.8
2032,lt,male,14,10084
2032,lt,male,15,10114
2032,lt,male,16,10458
2032,lt,male,17,10346
2032,lt,male,18,10709
2032,lt,male,19,10691
2032,lt,male,20,10598
2032,lt,male,21,11118
2032,lt,male,22,11007
2032,lt,male,23,10983
2032,lt,male,24,11146
2032,lt,male,25,11511
2032,lt,male,26,11396
2032,lt,male,27,11350
2032,lt,male,28,11584
2032,lt,male,29,11394
2032,lt,male,30,11404
2032,lt,male,31,11188
2032,lt,male,32,11361
2032,lt,male,33,11559
2032,lt,male,34,11454
2032,lt,male,35,11770
2032,lt,male,36,11820
2032,lt,male,37,12110
2032,lt,male,38,12187
2032,lt,male,39,12083
2032,lt,male,40,12564
2032,lt,male,41,12549
2032,lt,male,42,12696
2032,lt,male,43,12684
2032,lt,male,44,13231
2032,lt,male,45,13557
2032,lt,male,46,13737
2032,lt,male,47,14128
2032,lt,male,48,14188
2032,lt,male,49,14326
2032,lt,male,50,14401
2032,lt,male,51,14877
2032,lt,male,52,14576
2032,lt,male,53,14779
2032,lt,male,54,14636
2032,lt,male,55,14681
2032,lt,male,56,14572
2032,lt,male,57,14208
2032,lt,male,58,13927
2032,lt,male,59,14055
2032,lt,male,60,13969
2032,lt,male,61,13706
2032,lt,male,62,13668
2032,lt,male,63,13535
2032,lt,male,64,13421
2032,lt,male,65,13189
2032,lt,male,66,13564
2032,lt,male,67,13489
2032,lt,male,68,13470
2032,lt,male,69,13355
2032,lt,male,70,13332
2032,lt,male,71,13361
2032,lt,male,72,13473
2032,lt,male,73,13071
2032,lt,male,74,13274
2032,lt,male,75,12559
2032,lt,male,76,12257
2032,lt,male,77,11655
2032,lt,male,78,11131
2032,lt,male,79,10427
2032,lt,male,80,9651.5
2032,lt,male,81,8833.2
2032,lt,male,82,8059.7
2032,lt,male,83,6931
2032,lt,male,84,6300.8
2032,lt,male,85,5590.1
2032,lt,male,86,4704.7
2032,lt,male,87,4035.1
2032,lt,male,88,3379.3
2032,lt,male,89,2929.6
2032,lt,male,90,2446.1
2032,lt,male,91,2041.6
2032,lt,male,92,1687
2032,lt,male,93,1373.5
2032,lt,male,94,1090.6
2032,lt,male,95,827.48
2032,lt,male,96,643.11
2032,lt,male,97,449.3
2032,lt,male,98,319.13
2032,lt,male,99,214.9
2032,lt,male,100,345.41
2032,lt,female,0,7747.3
2032,lt,female,1,7864.2
2032,lt,female,2,8014.1
2032,lt,female,3,8069.8
2032,lt,female,4,7877
2032,lt,female,5,8229.6
2032,lt,female,6,8286
2032,lt,female,7,8421.8
2032,lt,female,8,8367
2032,lt,female,9,8790.9
2032,lt,female,10,8901.6
2032,lt,female,11,8937.3
2032,lt,female,12,9112.5
2032,lt,female,13,9447
2032,lt,female,14,9550
2032,lt,female,15,9583.3
2032,lt,female,16,9912.2
2032,lt,female,17,9809
2032,lt,female,18,10156
2032,lt,female,19,10143
2032,lt,female,20,10057
2032,lt,female,21,10555
2032,lt,female,22,10453
2032,lt,female,23,10435
2032,lt,female,24,10597
2032,lt,female,25,10952
2032,lt,female,26,10851
2032,lt,female,27,10815
2032,lt,female,28,11045
2032,lt,female,29,10874
2032,lt,female,30,10895
2032,lt,female,31,10699
2032,lt,female,32,10875
2032,lt,female,33,11078
2032,lt,female,34,10990
2032,lt,female,35,11304
2032,lt,female,36,11363
2032,lt,female,37,11652
2032,lt,female,38,11738
2032,lt,female,39,11652
2032,lt,female,40,12134
2032,lt,female,41,12139
2032,lt,female,42,12302
2032,lt,female,43,12311
2032,lt,female,44,12863
2032,lt,female,45,13207
2032,lt,female,46,13413
2032,lt,female,47,13824
2032,lt,female,48,13909
2032,lt,female,49,14067
2032,lt,female,50,14168
2032,lt,female,51,14668
2032,lt,female,52,14404
2032,lt,female,53,14641
2032,lt,female,54,14531
2032,lt,female,55,14607
2032,lt,female,56,14540
2032,lt,female,57,14223
2032,lt,female,58,13988
2032,lt,female,59,14168
2032,lt,female,60,14136
2032,lt,female,61,13930
2032,lt,female,62,13961
2032,lt,female,63,13901
2032,lt,female,64,13866
2032,lt,female,65,13714
2032,lt,female,66,14202
2032,lt,female,67,14230
2032,lt,female,68,14329
2032,lt,female,69,14338
2032,lt,female,70,14457
2032,lt,female,71,14648
2032,lt,female,72,14946
2032,lt,female,73,14690
2032,lt,female,74,15135
2032,lt,female,75,14547
2032,lt,female,76,14441
2032,lt,female,77,13994
2032,lt,female,78,13641
2032,lt,female,79,13069
2032,lt,female,80,12400
2032,lt,female,81,11662
2032,lt,female,82,10963
2032,lt,female,83,9742.2
2032,lt,female,84,9180.3
2032,lt,female,85,8472.5
2032,lt,female,86,7445.8
2032,lt,female,87,6695.8
2032,lt,female,88,5906.1
2032,lt,female,89,5421.1
2032,lt,female,90,4820
2032,lt,female,91,4310.2
2032,lt,female,92,3841.9
2032,lt,female,93,3399.4
2032,lt,female,94,2957.2
2032,lt,female,95,2480.1
2032,lt,female,96,2151.6
2032,lt,female,97,1695.6
2032,lt,female,98,1374.3
2032,lt,female,99,1069.5
2032,lt,female,100,2866.2
2032,csb,male,0,298.86
2032,csb,male,1,307.68
2032,csb,male,2,321.71
2032,csb,male,3,326.7
2032,csb,male,4,323.33
2032,csb,male,5,340.63
2032,csb,male,6,344.48
2032,csb,male,7,350.84
2032,csb,male,8,350.28
2032,csb,male,9,376.69
2032,csb,male,10,380.89
2032,csb,male,11,390.63
2032,csb,male,12,402.55
2032,csb,male,13,420.43
2032,csb,male,14,430.58
2032,csb,male,15,438.99
2032,csb,male,16,452.69
2032,csb,male,17,446.32
2032,csb,male,18,466.43
2032,csb,male,19,466.9
2032,csb,male,20,469.9
2032,csb,male,21,503.8
2032,csb,male,22,507.4
2032,csb,male,23,516.73
2032,csb,male,24,525.21
2032,csb,male,25,541.9
2032,csb,male,26,531.41
2032,csb,male,27,536.36
2032,csb,male,28,548.52
2032,csb,male,29,541.85
2032,csb,male,30,537.3
2032,csb,male,31,539.21
2032,csb,male,32,555.44
2032,csb,male,33,559.59
2032,csb,male,34,552.65
2032,csb,male,35,572.23
2032,csb,male,36,574.21
2032,csb,male,37,593.41
2032,csb,male,38,596.25
2032,csb,male,39,592.99
2032,csb,male,40,626.66
2032,csb,male,41,630.8
2032,csb,male,42,643.59
2032,csb,male,43,650.11
2032,csb,male,44,683.15
2032,csb,male,45,718.23
2032,csb,male,46,736.69
2032,csb,male,47,774.32
2032,csb,male,48,784.13
2032,csb,male,49,806
2032,csb,male,50,824.98
2032,csb,male,51,850.52
2032,csb,male,52,833.58
2032,csb,male,53,846.53
2032,csb,male,54,844.05
2032,csb,male,55,851.22
2032,csb,male,56,847.65
2032,csb,male,57,826.96
2032,csb,male,58,804.99
2032,csb,male,59,807.69
2032,csb,male,60,804.42
2032,csb,male,61,788.68
2032,csb,male,62,785.64
2032,csb,male,63,779.52
2032,csb,male,64,775.26
2032,csb,male,65,766.4
2032,csb,male,66,795.21
2032,csb,male,67,799.21
2032,csb,male,68,803.84
2032,csb,male,69,807.23
2032,csb,male,70,819.41
2032,csb,male,71,841.46
2032,csb,male,72,867.24
2032,csb,male,73,860.78
2032,csb,male,74,892.06
2032,csb,male,75,863.26
2032,csb,male,76,859.7
2032,csb,male,77,834.79
2032,csb,male,78,812.12
2032,csb,male,79,771.92
2032,csb,male,80,723.79
2032,csb,male,81,668.69
2032,csb,male,82,613.62
2032,csb,male,83,531.4
2032,csb,male,84,486.69
2032,csb,male,85,436.68
2032,csb,male,86,371.63
2032,csb,male,87,322.63
2032,csb,male,88,273.35
2032,csb,male,89,239.36
2032,csb,male,90,201.97
2032,csb,male,91,170.27
2032,csb,male,92,142.42
2032,csb,male,93,117.63
2032,csb,male,94,94.912
2032,csb,male,95,73.368
2032,csb,male,96,58.293
2032,csb,male,97,41.743
2032,csb,male,98,30.517
2032,csb,male,99,21.242
2032,csb,male,100,47.386
2032,csb,female,0,282.02
2032,csb,female,1,290.47
2032,csb,female,2,303.78
2032,csb,female,3,308.55
2032,csb,female,4,305.43
2032,csb,female,5,321.85
2032,csb,female,6,325.55
2032,csb,female,7,331.64
2032,csb,female,8,331.17
2032,csb,female,9,356.18
2032,csb,female,10,360.22
2032,csb,female,11,369.47
2032,csb,female,12,380.8
2032,csb,female,13,397.8
2032,csb,female,14,407.55
2032,csb,female,15,415.67
2032,csb,female,16,428.73
2032,csb,female,17,422.8
2032,csb,female,18,441.98
2032,csb,female,19,442.52
2032,csb,female,20,445.5
2032,csb,female,21,477.81
2032,csb,female,22,481.39
2032,csb,female,23,490.46
2032,csb,female,24,498.82
2032,csb,female,25,514.98
2032,csb,female,26,505.37
2032,csb,female,27,510.46
2032,csb,female,28,522.33
2032,csb,female,29,516.43
2032,csb,female,30,512.6
2032,csb,female,31,514.86
2032,csb,female,32,530.89
2032,csb,female,33,535.52
2032,csb,female,34,529.48
2032,csb,female,35,548.77
2032,csb,female,36,551.17
2032,csb,female,37,570.08
2032,csb,female,38,573.31
2032,csb,female,39,570.82
2032,csb,female,40,604.11
2032,csb,female,41,609.06
2032,csb,female,42,622.4
2032,csb,female,43,629.65
2032,csb,female,44,662.85
2032,csb,female,45,698.48
2032,csb,female,46,718.2
2032,csb,female,47,756.76
2032,csb,female,48,768.05
2032,csb,female,49,791.06
2032,csb,female,50,811.66
2032,csb,female,51,838.99
2032,csb,female,52,824.56
2032,csb,female,53,839.77
2032,csb,female,54,839.43
2032,csb,female,55,848.68
2032,csb,female,56,847.74
2032,csb,female,57,830.1
2032,csb,female,58,811.05
2032,csb,female,59,817.04
2032,csb,female,60,817.24
2032,csb,female,61,804.96
2032,csb,female,62,805.92
2032,csb,female,63,803.97
2032,csb,female,64,804.27
2032,csb,female,65,799.92
2032,csb,female,66,835.48
2032,csb,female,67,845.75
2032,csb,female,68,857.44
2032,csb,female,69,868.62
2032,csb,female,70,890.17
2032,csb,female,71,923.61
2032,csb,female,72,962.54
2032,csb,female,73,967.15
2032,csb,female,74,1016.1
2032,csb,female,75,998.14
2032,csb,female,76,1010.3
2032,csb,female,77,998.76
2032,csb,female,78,990.77
2032,csb,female,79,962.07
2032,csb,female,80,923.53
2032,csb,female,81,875.57
2032,csb,female,82,826.63
2032,csb,female,83,738.55
2032,csb,female,84,699.92
2032,csb,female,85,651.92
2032,csb,female,86,578.05
2032,csb,female,87,524.84
2032,csb,female,88,467.04
2032,csb,female,89,431.71
2032,csb,female,90,386.6
2032,csb,female,91,347.86
2032,csb,female,92,312.58
2032,csb,female,93,279.32
2032,csb,female,94,245.73
2032,csb,female,95,208.88
2032,csb,female,96,184.2
2032,csb,female,97,147.89
2032,csb,female,98,122.56
2032,csb,female,99,97.899
2032,csb,female,100,360.86
2032,rue,male,0,335.86
2032,rue,male,1,342.94
2032,rue,male,2,352.98
2032,rue,male,3,355.28
2032,rue,male,4,355.27
2032,rue,male,5,374.87
2032,rue,male,6,379.76
2032,rue,male,7,391.04
2032,rue,male,8,398.48
2032,rue,male,9,426.52
2032,rue,male,10,433.21
2032,rue,male,11,427.9
2032,rue,male,12,437.97
2032,rue,male,13,455.62
2032,rue,male,14,466.11
2032,rue,male,15,463.9
2032,rue,male,16,474.58
2032,rue,male,17,474.89
2032,rue,male,18,496.35
2032,rue,male,19,494.56
2032,rue,male,20,490.28
2032,rue,male,21,511.37
2032,rue,male,22,510.6
2032,rue,male,23,505.77
2032,rue,male,24,513.22
2032,rue,male,25,535.49
2032,rue,male,26,525.52
2032,rue,male,27,521.79
2032,rue,male,28,531.58
2032,rue,male,29,525.4
2032,rue,male,30,527.45
2032,rue,male,31,523.06
2032,rue,male,32,533.74
2032,rue,male,33,541.88
2032,rue,male,34,539.29
2032,rue,male,35,550.38
2032,rue,male,36,550.62
2032,rue,male,37,566.95
2032,rue,male,38,575
2032,rue,male,39,570.48
2032,rue,male,40,602.8
2032,rue,male,41,610.77
2032,rue,male,42,626.47
2032,rue,male,43,634.16
2032,rue,male,44,659.63
2032,rue,male,45,681.1
2032,rue,male,46,684.61
2032,rue,male,47,698.91
2032,rue,male,48,705.1
2032,rue,male,49,713.02
2032,rue,male,50,715.91
2032,rue,male,51,734.97
2032,rue,male,52,721.64
2032,rue,male,53,729.3
2032,rue,male,54,722.29
2032,rue,male,55,722.92
2032,rue,male,56,717.95
2032,rue,male,57,705.14
2032,rue,male,58,688.97
2032,rue,male,59,693.65
2032,rue,male,60,690.3
2032,rue,male,61,679.93
2032,rue,male,62,679.31
2032,rue,male,63,675.78
2032,rue,male,64,670.67
2032,rue,male,65,661.83
2032,rue,male,66,685.51
2032,rue,male,67,681.96
2032,rue,male,68,679.52
2032,rue,male,69,676.79
2032,rue,male,70,678.1
2032,rue,male,71,682.57
2032,rue,male,72,689.25
2032,rue,male,73,669.97
2032,rue,male,74,680.98
2032,rue,male,75,646.57
2032,rue,male,76,633.07
2032,rue,male,77,604.76
2032,rue,male,78,578.8
2032,rue,male,79,543.1
2032,rue,male,80,503.66
2032,rue,male,81,461.22
2032,rue,male,82,420.69
2032,rue,male,83,361.96
2032,rue,male,84,329.64
2032,rue,male,85,293.65
2032,rue,male,86,248.01
2032,rue,male,87,213.72
2032,rue,male,88,179.76
2032,rue,male,89,156.34
2032,rue,male,90,130.68
2032,rue,male,91,108.93
2032,rue,male,92,89.733
2032,rue,male,93,72.723
2032,rue,male,94,57.41
2032,rue,male,95,43.296
2032,rue,male,96,33.472
2032,rue,male,97,23.278
2032,rue,male,98,16.496
2032,rue,male,99,11.083
2032,rue,male,100,18.747
2032,rue,female,0,316.96
2032,rue,female,1,323.82
2032,rue,female,2,333.38
2032,rue,female,3,335.64
2032,rue,female,4,335.73
2032,rue,female,5,354.34
2032,rue,female,6,359.06
2032,rue,female,7,369.82
2032,rue,female,8,376.94
2032,rue,female,9,403.53
2032,rue,female,10,409.94
2032,rue,female,11,404.98
2032,rue,female,12,414.58
2032,rue,female,13,431.41
2032,rue,female,14,441.52
2032,rue,female,15,439.61
2032,rue,female,16,449.85
2032,rue,female,17,450.29
2032,rue,female,18,470.8
2032,rue,female,19,469.23
2032,rue,female,20,465.33
2032,rue,female,21,485.51
2032,rue,female,22,484.96
2032,rue,female,23,480.62
2032,rue,female,24,488.04
2032,rue,female,25,509.53
2032,rue,female,26,500.44
2032,rue,female,27,497.29
2032,rue,female,28,506.93
2032,rue,female,29,501.52
2032,rue,female,30,504.08
2032,rue,female,31,500.38
2032,rue,female,32,511.15
2032,rue,female,33,519.59
2032,rue,female,34,517.69
2032,rue,female,35,528.9
2032,rue,female,36,529.67
2032,rue,female,37,545.88
2032,rue,female,38,554.13
2032,rue,female,39,550.44
2032,rue,female,40,582.53
2032,rue,female,41,591.22
2032,rue,female,42,607.42
2032,rue,female,43,615.85
2032,rue,female,44,641.75
2032,rue,female,45,664.16
2032,rue,female,46,669.21
2032,rue,female,47,684.78
2032,rue,female,48,692.25
2032,rue,female,49,701.39
2032,rue,female,50,705.8
2032,rue,female,51,726.33
2032,rue,female,52,714.94
2032,rue,female,53,724.5
2032,rue,female,54,719.36
2032,rue,female,55,721.86
2032,rue,female,56,719.16
2032,rue,female,57,708.84
2032,rue,female,58,695.11
2032,rue,female,59,702.62
2032,rue,female,60,702.17
2032,rue,female,61,694.82
2032,rue,female,62,697.78
2032,rue,female,63,698.06
2032,rue,female,64,697.05
2032,rue,female,65,692.33
2032,rue,female,66,722.12
2032,rue,female,67,723.85
2032,rue,female,68,727.37
2032,rue,female,69,731.14
2032,rue,female,70,739.94
2032,rue,female,71,753.04
2032,rue,female,72,769.52
2032,rue,female,73,757.94
2032,rue,female,74,781.76
2032,rue,female,75,754.16
2032,rue,female,76,751.29
2032,rue,female,77,731.49
2032,rue,female,78,714.82
2032,rue,female,79,686.21
2032,rue,female,80,652.57
2032,rue,female,81,614.34
2032,rue,female,82,577.62
2032,rue,female,83,513.81
2032,rue,female,84,485.3
2032,rue,female,85,449.9
2032,rue,female,86,396.98
2032,rue,female,87,358.79
2032,rue,female,88,317.93
2032,rue,female,89,292.8
2032,rue,female,90,260.66
2032,rue,female,91,232.83
2032,rue,female,92,206.96
2032,rue,female,93,182.35
2032,rue,female,94,157.78
2032,rue,female,95,131.59
2032,rue,female,96,113.62
2032,rue,female,97,89.197
2032,rue,female,98,72.173
2032,rue,female,99,56.083
2032,rue,female,100,157.48
2032,cs,male,0,257.34
2032,cs,male,1,261.67
2032,cs,male,2,266.25
2032,cs,male,3,270.86
2032,cs,male,4,271.14
2032,cs,male,5,283.97
2032,cs,male,6,286.59
2032,cs,male,7,294.76
2032,cs,male,8,296.61
2032,cs,male,9,314.96
2032,cs,male,10,320.87
2032,cs,male,11,321.9
2032,cs,male,12,326.89
2032,cs,male,13,339.58
2032,cs,male,14,344.51
2032,cs,male,15,345
2032,cs,male,16,354.23
2032,cs,male,17,352.24
2032,cs,male,18,364.69
2032,cs,male,19,362.93
2032,cs,male,20,361.24
2032,cs,male,21,376.96
2032,cs,male,22,374.18
2032,cs,male,23,372.62
2032,cs,male,24,375.03
2032,cs,male,25,385.34
2032,cs,male,26,380.11
2032,cs,male,27,379.75
2032,cs,male,28,386.03
2032,cs,male,29,379.81
2032,cs,male,30,379.87
2032,cs,male,31,374.8
2032,cs,male,32,382
2032,cs,male,33,387.04
2032,cs,male,34,384.97
2032,cs,male,35,393.75
2032,cs,male,36,394.98
2032,cs,male,37,404.28
2032,cs,male,38,409.21
2032,cs,male,39,407.6
2032,cs,male,40,423.8
2032,cs,male,41,421.05
2032,cs,male,42,424.19
2032,cs,male,43,421.46
2032,cs,male,44,434.01
2032,cs,male,45,435.84
2032,cs,male,46,431.5
2032,cs,male,47,434.82
2032,cs,male,48,427.46
2032,cs,male,49,424.19
2032,cs,male,50,415.69
2032,cs,male,51,418.75
2032,cs,male,52,400.07
2032,cs,male,53,395.85
2032,cs,male,54,382.43
2032,cs,male,55,375.41
2032,cs,male,56,364.69
2032,cs,male,57,351.44
2032,cs,male,58,339.76
2032,cs,male,59,339.22
2032,cs,male,60,334.66
2032,cs,male,61,326.79
2032,cs,male,62,324.02
2032,cs,male,63,320.43
2032,cs,male,64,315.69
2032,cs,male,65,309.56
2032,cs,male,66,317.36
2032,cs,male,67,313.31
2032,cs,male,68,309.54
2032,cs,male,69,303.46
2032,cs,male,70,298.95
2032,cs,male,71,295.94
2032,cs,male,72,293.36
2032,cs,male,73,279.24
2032,cs,male,74,277.39
2032,cs,male,75,257.19
2032,cs,male,76,244.99
2032,cs,male,77,227.2
2032,cs,male,78,211.15
2032,cs,male,79,192.35
2032,cs,male,80,173.18
2032,cs,male,81,154.26
2032,cs,male,82,136.9
2032,cs,male,83,114.9
2032,cs,male,84,102.29
2032,cs,male,85,89.424
2032,cs,male,86,74.429
2032,cs,male,87,63.448
2032,cs,male,88,52.932
2032,cs,male,89,45.702
2032,cs,male,90,37.902
2032,cs,male,91,31.281
2032,cs,male,92,25.474
2032,cs,male,93,20.391
2032,cs,male,94,15.915
2032,cs,male,95,11.875
2032,cs,male,96,9.0876
2032,cs,male,97,6.2607
2032,cs,male,98,4.3972
2032,cs,male,99,2.9297
2032,cs,male,100,4.9333
2032,cs,female,0,242.89
2032,cs,female,1,247.16
2032,cs,female,2,251.58
2032,cs,female,3,256.02
2032,cs,female,4,256.37
2032,cs,female,5,268.58
2032,cs,female,6,271.15
2032,cs,female,7,278.96
2032,cs,female,8,280.77
2032,cs,female,9,298.19
2032,cs,female,10,303.86
2032,cs,female,11,304.91
2032,cs,female,12,309.69
2032,cs,female,13,321.83
2032,cs,female,14,326.66
2032,cs,female,15,327.3
2032,cs,female,16,336.18
2032,cs,female,17,334.42
2032,cs,female,18,346.39
2032,cs,female,19,344.82
2032,cs,female,20,343.34
2032,cs,female,21,358.42
2032,cs,female,22,355.93
2032,cs,female,23,354.65
2032,cs,female,24,357.21
2032,cs,female,25,367.3
2032,cs,female,26,362.63
2032,cs,female,27,362.62
2032,cs,female,28,368.87
2032,cs,female,29,363.28
2032,cs,female,30,363.78
2032,cs,female,31,359.3
2032,cs,female,32,366.62
2032,cs,female,33,371.95
2032,cs,female,34,370.41
2032,cs,female,35,379.29
2032,cs,female,36,380.88
2032,cs,female,37,390.21
2032,cs,female,38,395.38
2032,cs,female,39,394.32
2032,cs,female,40,410.63
2032,cs,female,41,408.65
2032,cs,female,42,412.41
2032,cs,female,43,410.44
2032,cs,female,44,423.57
2032,cs,female,45,426.58
2032,cs,female,46,423.67
2032,cs,female,47,428.22
2032,cs,female,48,422.13
2032,cs,female,49,419.97
2032,cs,female,50,412.76
2032,cs,female,51,417.09
2032,cs,female,52,399.79
2032,cs,female,53,396.95
2032,cs,female,54,384.76
2032,cs,female,55,378.96
2032,cs,female,56,369.57
2032,cs,female,57,357.72
2032,cs,female,58,347.37
2032,cs,female,59,348.49
2032,cs,female,60,345.57
2032,cs,female,61,339.31
2032,cs,female,62,338.42
2032,cs,female,63,336.72
2032,cs,female,64,333.92
2032,cs,female,65,329.62
2032,cs,female,66,340.37
2032,cs,female,67,338.68
2032,cs,female,68,337.52
2032,cs,female,69,334.06
2032,cs,female,70,332.54
2032,cs,female,71,332.94
2032,cs,female,72,334.12
2032,cs,female,73,322.41
2032,cs,female,74,325.14
2032,cs,female,75,306.44
2032,cs,female,76,297.16
2032,cs,female,77,281.07
2032,cs,female,78,266.9
2032,cs,female,79,248.94
2032,cs,female,80,230.02
2032,cs,female,81,210.81
2032,cs,female,82,193.05
2032,cs,female,83,167.68
2032,cs,female,84,155
2032,cs,female,85,141.18
2032,cs,female,86,122.9
2032,cs,female,87,110
2032,cs,female,88,96.781
2032,cs,female,89,88.586
2032,cs,female,90,78.34
2032,cs,female,91,69.365
2032,cs,female,92,61.017
2032,cs,female,93,53.151
2032,cs,female,94,45.499
2032,cs,female,95,37.559
2032,cs,female,96,32.107
2032,cs,female,97,24.962
2032,cs,female,98,20.005
2032,cs,female,99,15.396
2032,cs,female,100,41.617
2032,lv,male,0,34.455
2032,lv,male,1,35.187
2032,lv,male,2,36.185
2032,lv,male,3,36.564
2032,lv,male,4,36.138
2032,lv,male,5,38.18
2032,lv,male,6,38.29
2032,lv,male,7,39.309
2032,lv,male,8,39.617
2032,lv,male,9,41.969
2032,lv,male,10,42.646
2032,lv,male,11,42.737
2032,lv,male,12,43.653
2032,lv,male,13,45.337
2032,lv,male,14,45.727
2032,lv,male,15,46.079
2032,lv,male,16,47.326
2032,lv,male,17,47.61
2032,lv,male,18,49.742
2032,lv,male,19,49.304
2032,lv,male,20,49.013
2032,lv,male,21,51.817
2032,lv,male,22,51.494
2032,lv,male,23,51.493
2032,lv,male,24,52.087
2032,lv,male,25,54.181
2032,lv,male,26,53.8
2032,lv,male,27,53.791
2032,lv,male,28,55.188
2032,lv,male,29,55.275
2032,lv,male,30,55.169
2032,lv,male,31,54.417
2032,lv,male,32,55.95
2032,lv,male,33,56.987
2032,lv,male,34,56.529
2032,lv,male,35,58.079
2032,lv,male,36,58.818
2032,lv,male,37,60.255
2032,lv,male,38,60.631
2032,lv,male,39,59.828
2032,lv,male,40,61.91
2032,lv,male,41,62.548
2032,lv,male,42,63.149
2032,lv,male,43,63.19
2032,lv,male,44,66.209
2032,lv,male,45,67.893
2032,lv,male,46,69.154
2032,lv,male,47,70.607
2032,lv,male,48,70.838
2032,lv,male,49,73.097
2032,lv,male,50,73.885
2032,lv,male,51,76.719
2032,lv,male,52,74.602
2032,lv,male,53,76.871
2032,lv,male,54,77.524
2032,lv,male,55,77.313
2032,lv,male,56,78.012
2032,lv,male,57,77.806
2032,lv,male,58,76.463
2032,lv,male,59,77.286
2032,lv,male,60,76.922
2032,lv,male,61,75.79
2032,lv,male,62,75.217
2032,lv,male,63,74.931
2032,lv,male,64,74.321
2032,lv,male,65,73.666
2032,lv,male,66,76.359
2032,lv,male,67,76.374
2032,lv,male,68,76.246
2032,lv,male,69,76.08
2032,lv,male,70,76.434
2032,lv,male,71,77.227
2032,lv,male,72,78.514
2032,lv,male,73,76.661
2032,lv,male,74,78.378
2032,lv,male,75,74.91
2032,lv,male,76,73.736
2032,lv,male,77,70.814
2032,lv,male,78,68.187
2032,lv,male,79,64.321
2032,lv,male,80,60.088
2032,lv,male,81,55.536
2032,lv,male,82,50.999
2032,lv,male,83,44.048
2032,lv,male,84,40.254
2032,lv,male,85,35.916
2032,lv,male,86,30.378
2032,lv,male,87,26.186
2032,lv,male,88,22.015
2032,lv,male,89,19.157
2032,lv,male,90,16.068
2032,lv,male,91,13.472
2032,lv,male,92,11.202
2032,lv,male,93,9.1935
2032,lv,male,94,7.3616
2032,lv,male,95,5.6371
2032,lv,male,96,4.4255
2032,lv,male,97,3.1223
2032,lv,male,98,2.2402
2032,lv,male,99,1.5229
2032,lv,male,100,2.6832
2032,lv,female,0,32.516
2032,lv,female,1,33.223
2032,lv,female,2,34.175
2032,lv,female,3,34.54
2032,lv,female,4,34.147
2032,lv,female,5,36.085
2032,lv,female,6,36.198
2032,lv,female,7,37.17
2032,lv,female,8,37.468
2032,lv,female,9,39.696
2032,lv,female,10,40.345
2032,lv,female,11,40.438
2032,lv,female,12,41.309
2032,lv,female,13,42.913
2032,lv,female,14,43.299
2032,lv,female,15,43.652
2032,lv,female,16,44.846
2032,lv,female,17,45.131
2032,lv,female,18,47.167
2032,lv,female,19,46.762
2032,lv,female,20,46.499
2032,lv,female,21,49.176
2032,lv,female,22,48.886
2032,lv,female,23,48.907
2032,lv,female,24,49.503
2032,lv,female,25,51.526
2032,lv,female,26,51.203
2032,lv,female,27,51.236
2032,lv,female,28,52.599
2032,lv,female,29,52.728
2032,lv,female,30,52.687
2032,lv,female,31,52.016
2032,lv,female,32,53.534
2032,lv,female,33,54.59
2032,lv,female,34,54.212
2032,lv,female,35,55.754
2032,lv,female,36,56.517
2032,lv,female,37,57.947
2032,lv,female,38,58.36
2032,lv,female,39,57.651
2032,lv,female,40,59.743
2032,lv,female,41,60.453
2032,lv,female,42,61.137
2032,lv,female,43,61.274
2032,lv,female,44,64.327
2032,lv,female,45,66.134
2032,lv,female,46,67.548
2032,lv,female,47,69.15
2032,lv,female,48,69.543
2032,lv,female,49,71.924
2032,lv,female,50,72.885
2032,lv,female,51,75.889
2032,lv,female,52,74.009
2032,lv,female,53,76.494
2032,lv,female,54,77.36
2032,lv,female,55,77.365
2032,lv,female,56,78.329
2032,lv,female,57,78.425
2032,lv,female,58,77.375
2032,lv,female,59,78.542
2032,lv,female,60,78.528
2032,lv,female,61,77.753
2032,lv,female,62,77.576
2032,lv,female,63,77.713
2032,lv,female,64,77.552
2032,lv,female,65,77.353
2032,lv,female,66,80.728
2032,lv,female,67,81.347
2032,lv,female,68,81.882
2032,lv,female,69,82.443
2032,lv,female,70,83.646
2032,lv,female,71,85.43
2032,lv,female,72,87.872
2032,lv,female,73,86.912
2032,lv,female,74,90.136
2032,lv,female,75,87.495
2032,lv,female,76,87.59
2032,lv,female,77,85.699
2032,lv,female,78,84.218
2032,lv,female,79,81.238
2032,lv,female,80,77.78
2032,lv,female,81,73.85
2032,lv,female,82,69.855
2032,lv,female,83,62.331
2032,lv,female,84,59.029
2032,lv,female,85,54.769
2032,lv,female,86,48.357
2032,lv,female,87,43.688
2032,lv,female,88,38.668
2032,lv,female,89,35.611
2032,lv,female,90,31.79
2032,lv,female,91,28.541
2032,lv,female,92,25.587
2032,lv,female,93,22.808
2032,lv,female,94,19.998
2032,lv,female,95,16.916
2032,lv,female,96,14.814
2032,lv,female,97,11.782
2032,lv,female,98,9.6394
2032,lv,female,99,7.5683
2032,lv,female,100,22.324
2032,rom,male,0,341.47
2032,rom,male,1,341.1
2032,rom,male,2,343.54
2032,rom,male,3,342.75
2032,rom,male,4,334.83
2032,rom,male,5,347.37
2032,rom,male,6,346.34
2032,rom,male,7,349.15
2032,rom,male,8,347.52
2032,rom,male,9,366.2
2032,rom,male,10,365.69
2032,rom,male,11,362.14
2032,rom,male,12,364.34
2032,rom,male,13,373.22
2032,rom,male,14,373.9
2032,rom,male,15,371.56
2032,rom,male,16,376.81
2032,rom,male,17,372.84
2032,rom,male,18,380.78
2032,rom,male,19,373.65
2032,rom,male,20,366.46
2032,rom,male,21,378.97
2032,rom,male,22,373.43
2032,rom,male,23,370.87
2032,rom,male,24,370.04
2032,rom,male,25,378.91
2032,rom,male,26,372.36
2032,rom,male,27,368.32
2032,rom,male,28,371.97
2032,rom,male,29,361.97
2032,rom,male,30,359.69
2032,rom,male,31,350.91
2032,rom,male,32,355.88
2032,rom,male,33,357
2032,rom,male,34,352.6
2032,rom,male,35,357.45
2032,rom,male,36,357.63
2032,rom,male,37,363.9
2032,rom,male,38,363.63
2032,rom,male,39,359.22
2032,rom,male,40,372.41
2032,rom,male,41,366.6
2032,rom,male,42,368.91
2032,rom,male,43,365.03
2032,rom,male,44,375.2
2032,rom,male,45,376.7
2032,rom,male,46,374.91
2032,rom,male,47,379.33
2032,rom,male,48,373.03
2032,rom,male,49,372.82
2032,rom,male,50,366.79
2032,rom,male,51,370.03
2032,rom,male,52,356.28
2032,rom,male,53,354.85
2032,rom,male,54,345.24
2032,rom,male,55,341.98
2032,rom,male,56,334.17
2032,rom,male,57,323.31
2032,rom,male,58,312.53
2032,rom,male,59,312.45
2032,rom,male,60,308.88
2032,rom,male,61,300.81
2032,rom,male,62,296.94
2032,rom,male,63,291.61
2032,rom,male,64,285.93
2032,rom,male,65,278.42
2032,rom,male,66,281.92
2032,rom,male,67,275.25
2032,rom,male,68,268.17
2032,rom,male,69,260.13
2032,rom,male,70,252.62
2032,rom,male,71,246.38
2032,rom,male,72,239.93
2032,rom,male,73,224.19
2032,rom,male,74,218.36
2032,rom,male,75,197.91
2032,rom,male,76,184.43
2032,rom,male,77,167.39
2032,rom,male,78,152.51
2032,rom,male,79,136.42
2032,rom,male,80,120.77
2032,rom,male,81,105.68
2032,rom,male,82,91.832
2032,rom,male,83,75.112
2032,rom,male,84,64.748
2032,rom,male,85,54.357
2032,rom,male,86,43.103
2032,rom,male,87,34.737
2032,rom,male,88,27.204
2032,rom,male,89,21.874
2032,rom,male,90,16.8
2032,rom,male,91,12.778
2032,rom,male,92,9.5241
2032,rom,male,93,6.9195
2032,rom,male,94,4.8489
2032,rom,male,95,3.2086
2032,rom,male,96,2.149
2032,rom,male,97,1.2773
2032,rom,male,98,0.76121
2032,rom,female,0,322.76
2032,rom,female,1,323.24
2032,rom,female,2,325.9
2032,rom,female,3,325.4
2032,rom,female,4,318.11
2032,rom,female,5,330.22
2032,rom,female,6,329.46
2032,rom,female,7,332.34
2032,rom,female,8,330.94
2032,rom,female,9,348.88
2032,rom,female,10,348.58
2032,rom,female,11,345.35
2032,rom,female,12,347.61
2032,rom,female,13,356.3
2032,rom,female,14,357.23
2032,rom,female,15,355.29
2032,rom,female,16,360.55
2032,rom,female,17,356.99
2032,rom,female,18,364.86
2032,rom,female,19,358.25
2032,rom,female,20,351.59
2032,rom,female,21,363.87
2032,rom,female,22,358.81
2032,rom,female,23,356.67
2032,rom,female,24,356.28
2032,rom,female,25,365.21
2032,rom,female,26,359.33
2032,rom,female,27,355.89
2032,rom,female,28,359.76
2032,rom,female,29,350.55
2032,rom,female,30,348.9
2032,rom,female,31,340.84
2032,rom,female,32,346.17
2032,rom,female,33,347.85
2032,rom,female,34,344.1
2032,rom,female,35,349.35
2032,rom,female,36,350.05
2032,rom,female,37,356.68
2032,rom,female,38,356.93
2032,rom,female,39,353.21
2032,rom,female,40,366.93
2032,rom,female,41,362.01
2032,rom,female,42,365.13
2032,rom,female,43,362.09
2032,rom,female,44,373.07
2032,rom,female,45,375.62
2032,rom,female,46,374.96
2032,rom,female,47,380.49
2032,rom,female,48,375.1
2032,rom,female,49,375.77
2032,rom,female,50,370.71
2032,rom,female,51,375.1
2032,rom,female,52,362.3
2032,rom,female,53,362.09
2032,rom,female,54,353.42
2032,rom,female,55,351.22
2032,rom,female,56,344.57
2032,rom,female,57,334.89
2032,rom,female,58,325.25
2032,rom,female,59,326.83
2032,rom,female,60,324.89
2032,rom,female,61,318.32
2032,rom,female,62,316.4
2032,rom,female,63,313.07
2032,rom,female,64,309.49
2032,rom,female,65,304.03
2032,rom,female,66,310.8
2032,rom,female,67,306.63
2032,rom,female,68,302.22
2032,rom,female,69,296.88
2032,rom,female,70,292.32
2032,rom,female,71,289.42
2032,rom,female,72,286.46
2032,rom,female,73,272.53
2032,rom,female,74,270.79
2032,rom,female,75,250.81
2032,rom,female,76,239.32
2032,rom,female,77,222.94
2032,rom,female,78,208.98
2032,rom,female,79,192.86
2032,rom,female,80,176.69
2032,rom,female,81,160.57
2032,rom,female,82,145.45
2032,rom,female,83,124.51
2032,rom,female,84,112.81
2032,rom,female,85,100.01
2032,rom,female,86,84.186
2032,rom,female,87,72.41
2032,rom,female,88,60.889
2032,rom,female,89,52.948
2032,rom,female,90,44.326
2032,rom,female,91,37.052
2032,rom,female,92,30.636
2032,rom,female,93,24.945
2032,rom,female,94,19.806
2032,rom,female,95,15.031
2032,rom,female,96,11.701
2032,rom,female,97,8.1991
2032,rom,female,98,5.8521
2032,rom,female,99,3.9585
2032,rom,female,100,5.3469
2032,kdr,male,5,0.51589
2032,kdr,male,6,0.5269
2032,kdr,male,7,0.54731
2032,kdr,male,8,0.55245
2032,kdr,male,9,0.59592
2032,kdr,male,10,0.61151
2032,kdr,male,11,0.61829
2032,kdr,male,12,0.63842
2032,kdr,male,13,0.67299
2032,kdr,male,14,0.69428
2032,kdr,male,15,0.70455
2032,kdr,male,16,0.73837
2032,kdr,male,17,0.74158
2032,kdr,male,18,0.78413
2032,kdr,male,19,0.79218
2032,kdr,male,20,0.79917
2032,kdr,male,21,0.84843
2032,kdr,male,22,0.84891
2032,kdr,male,23,0.85778
2032,kdr,male,24,0.87181
2032,kdr,male,25,0.91283
2032,kdr,male,26,0.91241
2032,kdr,male,27,0.92209
2032,kdr,male,28,0.95115
2032,kdr,male,29,0.94808
2032,kdr,male,30,0.95605
2032,kdr,male,31,0.94508
2032,kdr,male,32,0.97366
2032,kdr,male,33,0.99258
2032,kdr,male,34,0.99869
2032,kdr,male,35,1.0322
2032,kdr,male,36,1.0532
2032,kdr,male,37,1.0869
2032,kdr,male,38,1.1086
2032,kdr,male,39,1.1174
2032,kdr,male,40,1.179
2032,kdr,male,41,1.2107
2032,kdr,male,42,1.2501
2032,kdr,male,43,1.2666
2032,kdr,male,44,1.3277
2032,kdr,male,45,1.3746
2032,kdr,male,46,1.4134
2032,kdr,male,47,1.4688
2032,kdr,male,48,1.5
2032,kdr,male,49,1.5504
2032,kdr,male,50,1.5789
2032,kdr,male,51,1.658
2032,kdr,male,52,1.641
2032,kdr,male,53,1.6834
2032,kdr,male,54,1.6751
2032,kdr,male,55,1.705
2032,kdr,male,56,1.7028
2032,kdr,male,57,1.6731
2032,kdr,male,58,1.6296
2032,kdr,male,59,1.6464
2032,kdr,male,60,1.6395
2032,kdr,male,61,1.6212
2032,kdr,male,62,1.6298
2032,kdr,male,63,1.6222
2032,kdr,male,64,1.6072
2032,kdr,male,65,1.6079
2032,kdr,male,66,1.6779
2032,kdr,male,67,1.6965
2032,kdr,male,68,1.727
2032,kdr,male,69,1.7467
2032,kdr,male,70,1.7834
2032,kdr,male,71,1.8333
2032,kdr,male,72,1.9091
2032,kdr,male,73,1.8995
2032,kdr,male,74,1.9815
2032,kdr,male,75,1.9407
2032,kdr,male,76,1.9487
2032,kdr,male,77,1.9085
2032,kdr,male,78,1.87
2032,kdr,male,79,1.7783
2032,kdr,male,80,1.6599
2032,kdr,male,81,1.523
2032,kdr,male,82,1.384
2032,kdr,male,83,1.1887
2032,kdr,male,84,1.0803
2032,kdr,male,85,0.95908
2032,kdr,male,86,0.80764
2032,kdr,male,87,0.6934
2032,kdr,male,88,0.58133
2032,kdr,male,89,0.50451
2032,kdr,female,7,0.5176
2032,kdr,female,8,0.52256
2032,kdr,female,9,0.56377
2032,kdr,female,10,0.57865
2032,kdr,female,11,0.58517
2032,kdr,female,12,0.60431
2032,kdr,female,13,0.6372
2032,kdr,female,14,0.65765
2032,kdr,female,15,0.66769
2032,kdr,female,16,0.69998
2032,kdr,female,17,0.70325
2032,kdr,female,18,0.7439
2032,kdr,female,19,0.75177
2032,kdr,female,20,0.75868
2032,kdr,female,21,0.80576
2032,kdr,female,22,0.80653
2032,kdr,female,23,0.81538
2032,kdr,female,24,0.82928
2032,kdr,female,25,0.86888
2032,kdr,female,26,0.86917
2032,kdr,female,27,0.87916
2032,kdr,female,28,0.90742
2032,kdr,female,29,0.90532
2032,kdr,female,30,0.91399
2032,kdr,female,31,0.90436
2032,kdr,female,32,0.93266
2032,kdr,female,33,0.95194
2032,kdr,female,34,0.95887
2032,kdr,female,35,0.99205
2032,kdr,female,36,1.0133
2032,kdr,female,37,1.0467
2032,kdr,female,38,1.0685
2032,kdr,female,39,1.0784
2032,kdr,female,40,1.1396
2032,kdr,female,41,1.1722
2032,kdr,female,42,1.2125
2032,kdr,female,43,1.2306
2032,kdr,female,44,1.2925
2032,kdr,female,45,1.3416
2032,kdr,female,46,1.3833
2032,kdr,female,47,1.4412
2032,kdr,female,48,1.4753
2032,kdr,female,49,1.5281
2032,kdr,female,50,1.5601
2032,kdr,female,51,1.6426
2032,kdr,female,52,1.6303
2032,kdr,female,53,1.6775
2032,kdr,female,54,1.674
2032,kdr,female,55,1.7087
2032,kdr,female,56,1.7122
2032,kdr,female,57,1.689
2032,kdr,female,58,1.6516
2032,kdr,female,59,1.6758
2032,kdr,female,60,1.6763
2032,kdr,female,61,1.6657
2032,kdr,female,62,1.6836
2032,kdr,female,63,1.6855
2032,kdr,female,64,1.6803
2032,kdr,female,65,1.6919
2032,kdr,female,66,1.7781
2032,kdr,female,67,1.8117
2032,kdr,female,68,1.8599
2032,kdr,female,69,1.8987
2032,kdr,female,70,1.9582
2032,kdr,female,71,2.0355
2032,kdr,female,72,2.1449
2032,kdr,female,73,2.1625
2032,kdr,female,74,2.2893
2032,kdr,female,75,2.278
2032,kdr,female,76,2.3273
2032,kdr,female,77,2.323
2032,kdr,female,78,2.324
2032,kdr,female,79,2.261
2032,kdr,female,80,2.1642
2032,kdr,female,81,2.0414
2032,kdr,female,82,1.9122
2032,kdr,female,83,1.6979
2032,kdr,female,84,1.6002
2032,kdr,female,85,1.4783
2032,kdr,female,86,1.3003
2032,kdr,female,87,1.1708
2032,kdr,female,88,1.034
2032,kdr,female,89,0.95016
2032,kdr,female,90,0.84649
2032,kdr,female,91,0.75759
2032,kdr,female,92,0.67673
2032,kdr,female,93,0.60126
2032,kdr,female,94,0.52543
2032,kdr,female,100,0.77651
2032,wym,male,70,0.52496
2032,wym,male,71,0.58832
2032,wym,male,72,0.66445
2032,wym,male,73,0.71845
2032,wym,male,74,0.8133
2032,wym,male,75,0.85582
2032,wym,male,76,0.9074
2032,wym,male,77,0.9293
2032,wym,male,78,0.92643
2032,wym,male,79,0.89046
2032,wym,male,80,0.83486
2032,wym,male,81,0.76029
2032,wym,male,82,0.68026
2032,wym,male,83,0.57004
2032,wym,male,84,0.50822
2032,wym,female,69,0.53349
2032,wym,female,70,0.59999
2032,wym,female,71,0.67988
2032,wym,female,72,0.77704
2032,wym,female,73,0.85132
2032,wym,female,74,0.9779
2032,wym,female,75,1.0455
2032,wym,female,76,1.1279
2032,wym,female,77,1.1773
2032,wym,female,78,1.1985
2032,wym,female,79,1.1788
2032,wym,female,80,1.1337
2032,wym,female,81,1.0617
2032,wym,female,82,0.97947
2032,wym,female,83,0.84882
2032,wym,female,84,0.78501
2032,wym,female,85,0.71844
2032,wym,female,86,0.62366
2032,wym,female,87,0.55567
2032,wym,female,100,1.1244
2032,oth,male,0,243.6
2032,oth,male,1,244.96
2032,oth,male,2,245.83
2032,oth,male,3,241.91
2032,oth,male,4,235.06
2032,oth,male,5,236.89
2032,oth,male,6,234.03
2032,oth,male,7,232.43
2032,oth,male,8,229.86
2032,oth,male,9,236.43
2032,oth,male,10,236.3
2032,oth,male,11,234.86
2032,oth,male,12,236.69
2032,oth,male,13,242.32
2032,oth,male,14,245.13
2032,oth,male,15,245.71
2032,oth,male,16,250.17
2032,oth,male,17,248.18
2032,oth,male,18,252.58
2032,oth,male,19,250.45
2032,oth,male,20,258.51
2032,oth,male,21,290.15
2032,oth,male,22,329.89
2032,oth,male,23,383.14
2032,oth,male,24,440.22
2032,oth,male,25,495.76
2032,oth,male,26,534.19
2032,oth,male,27,561.01
2032,oth,male,28,578.85
2032,oth,male,29,581.1
2032,oth,male,30,576.21
2032,oth,male,31,562.51
2032,oth,male,32,548.99
2032,oth,male,33,531.55
2032,oth,male,34,509.65
2032,oth,male,35,490.39
2032,oth,male,36,471.1
2032,oth,male,37,457.42
2032,oth,male,38,446.63
2032,oth,male,39,441.67
2032,oth,male,40,450.13
2032,oth,male,41,458.47
2032,oth,male,42,472.79
2032,oth,male,43,483.71
2032,oth,male,44,496.67
2032,oth,male,45,502.01
2032,oth,male,46,501.67
2032,oth,male,47,500.75
2032,oth,male,48,492.16
2032,oth,male,49,484.39
2032,oth,male,50,473.83
2032,oth,male,51,466.96
2032,oth,male,52,450.73
2032,oth,male,53,441.13
2032,oth,male,54,427.34
2032,oth,male,55,416.75
2032,oth,male,56,404.11
2032,oth,male,57,389.2
2032,oth,male,58,374.8
2032,oth,male,59,367.19
2032,oth,male,60,357.56
2032,oth,male,61,346.73
2032,oth,male,62,338.64
2032,oth,male,63,329.79
2032,oth,male,64,320.9
2032,oth,male,65,312.88
2032,oth,male,66,313.38
2032,oth,male,67,307.77
2032,oth,male,68,303.4
2032,oth,male,69,299.13
2032,oth,male,70,297.08
2032,oth,male,71,296.75
2032,oth,male,72,297.72
2032,oth,male,73,291.09
2032,oth,male,74,294.29
2032,oth,male,75,282.89
2032,oth,male,76,277.53
2032,oth,male,77,267.23
2032,oth,male,78,257.57
2032,oth,male,79,244.34
2032,oth,male,80,229.47
2032,oth,male,81,213.51
2032,oth,male,82,197.54
2032,oth,male,83,175.01
2032,oth,male,84,161.51
2032,oth,male,85,146.68
2032,oth,male,86,128.11
2032,oth,male,87,113.4
2032,oth,male,88,98.634
2032,oth,male,89,87.693
2032,oth,male,90,75.996
2032,oth,male,91,65.714
2032,oth,male,92,56.512
2032,oth,male,93,48.287
2032,oth,male,94,40.797
2032,oth,male,95,33.842
2032,oth,male,96,28.647
2032,oth,male,97,23.357
2032,oth,male,98,19.518
2032,oth,male,99,16.313
2032,oth,male,100,38.187
2032,oth,female,0,227.09
2032,oth,female,1,225.91
2032,oth,female,2,224.42
2032,oth,female,3,218.7
2032,oth,female,4,211.07
2032,oth,female,5,212.28
2032,oth,female,6,209.37
2032,oth,female,7,207.73
2032,oth,female,8,205.54
2032,oth,female,9,212.08
2032,oth,female,10,212.29
2032,oth,female,11,211.37
2032,oth,female,12,213.54
2032,oth,female,13,219.41
2032,oth,female,14,222.61
2032,oth,female,15,223.69
2032,oth,female,16,228.24
2032,oth,female,17,226.13
2032,oth,female,18,229.95
2032,oth,female,19,226.77
2032,oth,female,20,232.02
2032,oth,female,21,257.47
2032,oth,female,22,288.82
2032,oth,female,23,332.08
2032,oth,female,24,378.74
2032,oth,female,25,424.65
2032,oth,female,26,455.7
2032,oth,female,27,477.5
2032,oth,female,28,492.51
2032,oth,female,29,494.24
2032,oth,female,30,490.35
2032,oth,female,31,478.87
2032,oth,female,32,468.27
2032,oth,female,33,454.43
2032,oth,female,34,436.56
2032,oth,female,35,421.32
2032,oth,female,36,405.99
2032,oth,female,37,395.52
2032,oth,female,38,387.04
2032,oth,female,39,383.22
2032,oth,female,40,391.43
2032,oth,female,41,398.85
2032,oth,female,42,411.67
2032,oth,female,43,421.31
2032,oth,female,44,433.59
2032,oth,female,45,439.38
2032,oth,female,46,440.37
2032,oth,female,47,441.32
2032,oth,female,48,435.13
2032,oth,female,49,430.07
2032,oth,female,50,422.59
2032,oth,female,51,418.92
2032,oth,female,52,405.95
2032,oth,female,53,399.57
2032,oth,female,54,388.86
2032,oth,female,55,381.23
2032,oth,female,56,371.56
2032,oth,female,57,359.6
2032,oth,female,58,348.01
2032,oth,female,59,343.25
2032,oth,female,60,336.31
2032,oth,female,61,328.15
2032,oth,female,62,322.87
2032,oth,female,63,316.8
2032,oth,female,64,310.77
2032,oth,female,65,305.58
2032,oth,female,66,309.5
2032,oth,female,67,307.04
2032,oth,female,68,305.97
2032,oth,female,69,305.11
2032,oth,female,70,306.82
2032,oth,female,71,310.7
2032,oth,female,72,316.35
2032,oth,female,73,313.74
2032,oth,female,74,322.81
2032,oth,female,75,315.25
2032,oth,female,76,314.95
2032,oth,female,77,308.96
2032,oth,female,78,303.81
2032,oth,female,79,294.24
2032,oth,female,80,282.46
2032,oth,female,81,268.99
2032,oth,female,82,255.25
2032,oth,female,83,231.74
2032,oth,female,84,220.44
2032,oth,female,85,206.72
2032,oth,female,86,186.32
2032,oth,female,87,170.94
2032,oth,female,88,154.25
2032,oth,female,89,143.21
2032,oth,female,90,129.58
2032,oth,female,91,117.32
2032,oth,female,92,105.86
2032,oth,female,93,95
2032,oth,female,94,84.154
2032,oth,female,95,72.651
2032,oth,female,96,64.328
2032,oth,female,97,53.359
2032,oth,female,98,45.322
2032,oth,female,99,37.633
2032,oth,female,100,134.47
