year,region,rural,urban,births,deaths,tfr,e0_male,e0_female,emigrants,immigrants,internal_in,internal_out,rel_income,market_access
1933,WAW,4892,1.185e+06,1.995e+04,1.451e+04,1.895,55.74,59,1461,8.088,2.227e+04,8102,2.313,3054
1933,WAR,1.984e+06,5.784e+05,7.836e+04,3.894e+04,3.872,50.15,53.41,2244,0.5985,1.214e+04,1.496e+04,0.9006,2126
1933,LOD,1.445e+06,1.221e+06,6.803e+04,3.851e+04,3.096,51.26,54.53,3298,2.715,2.296e+04,1.462e+04,1.32,2545
1933,KIE,2.274e+06,7.038e+05,9.503e+04,4.682e+04,4.09,49.34,52.6,2345,0.8158,1.521e+04,1.632e+04,0.9531,1860
1933,LUB,2.041e+06,4.577e+05,8.621e+04,4.326e+04,4.504,47.08,50.34,2165,0.3408,1.138e+04,1.706e+04,0.7639,1519
1933,BIA,1.291e+06,3.758e+05,5.405e+04,2.686e+04,4.171,48.76,52.02,1425,0.3034,8125,1.075e+04,0.7955,1189
1933,WIL,1.002e+06,2.889e+05,4.073e+04,2.177e+04,4.007,47.54,50.81,932,0.2034,4050,8669,0.7429,637.3
1933,NOW,9.556e+05,1.163e+05,3.823e+04,1.926e+04,4.694,46.18,49.44,751.9,0.05077,3080,7937,0.5848,515.4
1933,POL,9.928e+05,1.609e+05,4.542e+04,2.294e+04,5.343,43.87,47.13,708.7,0.05358,3962,6963,0.511,744.7
1933,WOL,1.822e+06,2.951e+05,8.029e+04,4.058e+04,5.089,44.74,48,1886,0.1288,5555,1.503e+04,0.5848,652.5
1933,POZ,1.358e+06,7.762e+05,5.43e+04,2.691e+04,3.147,54.47,57.73,2222,2.161,1.388e+04,1.092e+04,1.477,1517
1933,POM,7.451e+05,3.55e+05,3.085e+04,1.43e+04,3.572,53.61,56.87,1186,0.9301,1.014e+04,5532,1.433,1141
1933,SLA,8.488e+05,4.708e+05,3.027e+04,1.608e+04,2.786,55.17,58.43,1171,2.402,1.828e+04,6720,2,1824
1933,KRA,1.701e+06,6.23e+05,6.578e+04,3.502e+04,3.535,50.14,53.4,1596,0.7221,1.21e+04,1.257e+04,0.9531,1424
1933,LWO,2.38e+06,7.79e+05,8.49e+04,4.977e+04,3.304,48.89,52.16,2709,0.8636,1.646e+04,1.536e+04,0.9321,940.3
1933,STA,1.237e+06,2.576e+05,4.423e+04,2.623e+04,3.705,46.17,49.43,1324,0.1566,6062,8299,0.6902,595.9
1933,TAR,1.334e+06,2.777e+05,4.521e+04,2.769e+04,3.457,46.64,49.91,1323,0.1537,5767,1.033e+04,0.6586,529.7
1933,LT_KAU,1.477e+05,1.217e+05,6297,3234,2.806,56.04,59.3,318.2,0.2073,3154,1497,1.155,552.5
1933,LT_LAU,4.584e+05,5.335e+04,1.447e+04,6741,3.524,53.65,56.91,425,0.04422,2728,3239,0.806,310.1
1933,LT_ZEM,5.176e+05,6.007e+04,1.648e+04,7561,3.565,53.82,57.08,491.7,0.04978,2845,3647,0.806,279.3
1933,LT_SUV,4.358e+05,3.98e+04,1.322e+04,6072,3.442,54.47,57.73,508.7,0.03299,1883,2967,0.806,332.5
1933,LT_NEA,4.031e+05,3.211e+04,1.256e+04,5770,3.609,53.51,56.78,345.3,0.02159,1707,2977,0.726,143.6
1933,LT_KLA,1.056e+05,4.61e+04,3192,1667,2.501,58.15,61.41,582.9,0.1001,1382,662.3,1.304,156.6
1934,WAW,1.102e+04,1.202e+06,2.012e+04,1.463e+04,1.851,56.19,59.51,1497,5.799,2.758e+04,8328,2.297,3075
1934,WAR,2.002e+06,5.916e+05,7.716e+04,3.865e+04,3.759,50.58,53.91,2282,0.4394,1.213e+04,1.528e+04,0.9013,2182
1934,LOD,1.462e+06,1.238e+06,6.721e+04,3.827e+04,2.999,51.8,55.12,3268,1.963,2.281e+04,1.498e+04,1.317,2622
1934,KIE,2.299e+06,7.204e+05,9.389e+04,4.662e+04,3.98,49.73,53.06,2417,0.5988,1.514e+04,1.67e+04,0.9535,1921
1934,LUB,2.062e+06,4.694e+05,8.52e+04,4.279e+04,4.401,47.6,50.92,2220,0.2516,1.123e+04,1.74e+04,0.7656,1546
1934,BIA,1.305e+06,3.842e+05,5.341e+04,2.663e+04,4.065,49.23,52.56,1461,0.2231,8013,1.097e+04,0.7969,1212
1934,WIL,1.012e+06,2.926e+05,4.014e+04,2.153e+04,3.908,48.06,51.39,959.4,0.1484,4009,8814,0.7446,647.5
1934,NOW,9.663e+05,1.202e+05,3.783e+04,1.907e+04,4.597,46.67,49.99,777.4,0.03791,3049,8085,0.5874,530.1
1934,POL,1.01e+06,1.652e+05,4.524e+04,2.271e+04,5.239,44.47,47.79,729.9,0.03986,3930,7144,0.5138,762.5
1934,WOL,1.846e+06,3.018e+05,7.95e+04,4.01e+04,4.989,45.3,48.62,1899,0.0952,5511,1.531e+04,0.5874,670.3
1934,POZ,1.371e+06,7.901e+05,5.327e+04,2.682e+04,3.025,54.85,58.18,2154,1.566,1.384e+04,1.119e+04,1.472,1601
1934,POM,7.545e+05,3.653e+05,3.048e+04,1.427e+04,3.437,54.02,57.34,1152,0.6892,1.03e+04,5708,1.437,1208
1934,SLA,8.567e+05,4.869e+05,2.998e+04,1.607e+04,2.669,55.65,58.97,1146,1.76,1.821e+04,6962,1.988,1883
1934,KRA,1.715e+06,6.346e+05,6.464e+04,3.461e+04,3.422,50.7,54.03,1648,0.5275,1.206e+04,1.283e+04,0.9535,1475
1934,LWO,2.397e+06,7.929e+05,8.365e+04,4.927e+04,3.208,49.44,52.77,2768,0.6305,1.62e+04,1.566e+04,0.9326,961.8
1934,STA,1.245e+06,2.632e+05,4.348e+04,2.576e+04,3.601,46.87,50.2,1346,0.1154,5974,8436,0.6923,610.4
1934,TAR,1.34e+06,2.827e+05,4.423e+04,2.736e+04,3.353,47.15,50.47,1356,0.1129,5685,1.046e+04,0.6609,543.5
1934,LT_KAU,1.495e+05,1.242e+05,6242,3241,2.708,56.43,59.76,321.2,0.1512,3204,1541,1.154,557.6
1934,LT_LAU,4.621e+05,5.625e+04,1.424e+04,6747,3.414,53.9,57.23,438.7,0.03352,2774,3312,0.8074,313.5
1934,LT_ZEM,5.218e+05,6.318e+04,1.622e+04,7539,3.455,54.16,57.48,505.5,0.03766,2893,3728,0.8074,281.8
1934,LT_SUV,4.388e+05,4.205e+04,1.299e+04,6049,3.336,54.83,58.15,511,0.02506,1921,3027,0.8074,337.3
1934,LT_NEA,4.06e+05,3.415e+04,1.234e+04,5750,3.499,53.84,57.17,357.1,0.01655,1741,3035,0.7279,146.7
1934,LT_KLA,1.061e+05,4.723e+04,3141,1674,2.416,58.44,61.77,547.2,0.07317,1411,680.5,1.302,157.2
1935,WAW,1.588e+04,1.221e+06,2.001e+04,1.482e+04,1.78,56.39,59.77,1530,5.519,2.814e+04,8572,2.275,3183
1935,WAR,2.019e+06,6.044e+05,7.476e+04,3.841e+04,3.601,50.88,54.26,2310,0.4292,1.232e+04,1.554e+04,0.9017,2252
1935,LOD,1.478e+06,1.254e+06,6.538e+04,3.837e+04,2.871,51.96,55.34,3232,1.892,2.308e+04,1.527e+04,1.314,2690
1935,KIE,2.32e+06,7.366e+05,9.129e+04,4.678e+04,3.821,49.8,53.19,2476,0.5857,1.536e+04,1.7e+04,0.9541,2088
1935,LUB,2.081e+06,4.809e+05,8.291e+04,4.245e+04,4.244,47.93,51.31,2264,0.2466,1.138e+04,1.769e+04,0.7661,1598
1935,BIA,1.318e+06,3.924e+05,5.194e+04,2.668e+04,3.91,49.34,52.73,1491,0.2179,8185,1.116e+04,0.7974,1268
1935,WIL,1.021e+06,2.963e+05,3.895e+04,2.145e+04,3.763,48.26,51.65,982.2,0.1437,4099,8936,0.7452,676.9
1935,NOW,9.76e+05,1.24e+05,3.687e+04,1.906e+04,4.443,46.81,50.19,798,0.03768,3107,8199,0.5898,555.6
1935,POL,1.027e+06,1.695e+05,4.44e+04,2.272e+04,5.071,44.66,48.05,747.8,0.03945,4012,7298,0.5162,792.5
1935,WOL,1.868e+06,3.085e+05,7.756e+04,4.021e+04,4.827,45.35,48.74,1905,0.09372,5618,1.552e+04,0.5897,700.1
1935,POZ,1.383e+06,8.037e+05,5.145e+04,2.693e+04,2.872,54.96,58.34,2081,1.521,1.414e+04,1.142e+04,1.472,1655
1935,POM,7.631e+05,3.756e+05,2.964e+04,1.433e+04,3.263,54.17,57.55,1115,0.6843,1.059e+04,5865,1.444,1247
1935,SLA,8.637e+05,5.03e+05,2.921e+04,1.628e+04,2.526,55.68,59.06,1119,1.719,1.85e+04,7178,1.978,1946
1935,KRA,1.726e+06,6.462e+05,6.255e+04,3.469e+04,3.271,50.78,54.17,1693,0.5142,1.251e+04,1.304e+04,0.9544,1605
1935,LWO,2.411e+06,8.064e+05,8.107e+04,4.934e+04,3.073,49.55,52.94,2816,0.6123,1.632e+04,1.592e+04,0.9323,998.8
1935,STA,1.253e+06,2.687e+05,4.208e+04,2.564e+04,3.454,47.08,50.46,1362,0.113,6037,8547,0.6939,635.8
1935,TAR,1.344e+06,2.877e+05,4.263e+04,2.731e+04,3.213,47.23,50.62,1382,0.1104,5747,1.056e+04,0.6628,566.8
1935,LT_KAU,1.512e+05,1.267e+05,6100,3298,2.586,56.33,59.71,323.6,0.1462,3255,1579,1.15,583.5
1935,LT_LAU,4.652e+05,5.916e+04,1.38e+04,6741,3.264,54.09,57.48,450.4,0.03365,2818,3379,0.8069,330.4
1935,LT_ZEM,5.254e+05,6.631e+04,1.572e+04,7587,3.304,54.17,57.56,517.2,0.0377,2939,3804,0.8068,296.7
1935,LT_SUV,4.414e+05,4.431e+04,1.254e+04,6052,3.188,54.97,58.36,511.5,0.02522,1960,3081,0.8073,355.1
1935,LT_NEA,4.083e+05,3.622e+04,1.192e+04,5803,3.348,53.76,57.15,366.8,0.01681,1779,3082,0.729,155.7
1935,LT_KLA,1.065e+05,4.838e+04,3048,1697,2.306,58.39,61.77,512,0.07085,1438,697,1.295,165.7
1936,WAW,2.023e+04,1.24e+06,2.085e+04,1.518e+04,1.809,56.27,59.72,1559,5.79,2.851e+04,8787,2.257,3260
1936,WAR,2.035e+06,6.177e+05,7.612e+04,3.889e+04,3.642,50.76,54.21,2332,0.4595,1.247e+04,1.577e+04,0.901,2316
1936,LOD,1.494e+06,1.27e+06,6.673e+04,3.892e+04,2.9,51.85,55.3,3191,1.992,2.326e+04,1.55e+04,1.308,2760
1936,KIE,2.342e+06,7.539e+05,9.33e+04,4.735e+04,3.873,49.71,53.16,2523,0.6352,1.564e+04,1.714e+04,0.9588,2164
1936,LUB,2.1e+06,4.93e+05,8.485e+04,4.281e+04,4.321,47.91,51.36,2301,0.2655,1.155e+04,1.792e+04,0.7666,1658
1936,BIA,1.331e+06,4.01e+05,5.311e+04,2.705e+04,3.97,49.19,52.64,1516,0.2345,8319,1.13e+04,0.7988,1324
1936,WIL,1.03e+06,3.008e+05,3.973e+04,2.171e+04,3.824,48.11,51.56,1001,0.1537,4164,9015,0.7469,706.1
1936,NOW,9.862e+05,1.281e+05,3.78e+04,1.935e+04,4.535,46.62,50.06,815.8,0.04119,3165,8285,0.5925,583.3
1936,POL,1.044e+06,1.745e+05,4.586e+04,2.3e+04,5.182,44.65,48.1,763.8,0.043,4096,7434,0.5185,826.5
1936,WOL,1.891e+06,3.163e+05,7.964e+04,4.054e+04,4.931,45.34,48.79,1906,0.1016,5714,1.569e+04,0.5921,732.8
1936,POZ,1.395e+06,8.175e+05,5.225e+04,2.741e+04,2.881,54.76,58.21,2009,1.608,1.435e+04,1.162e+04,1.465,1707
1936,POM,7.721e+05,3.861e+05,3.03e+04,1.451e+04,3.272,54.18,57.63,1078,0.7383,1.081e+04,6008,1.444,1283
1936,SLA,8.707e+05,5.195e+05,2.99e+04,1.664e+04,2.527,55.5,58.95,1093,1.836,1.872e+04,7375,1.964,2011
1936,KRA,1.738e+06,6.586e+05,6.361e+04,3.514e+04,3.3,50.63,54.07,1728,0.5553,1.288e+04,1.313e+04,0.9592,1697
1936,LWO,2.426e+06,8.207e+05,8.253e+04,4.982e+04,3.106,49.48,52.93,2857,0.6533,1.64e+04,1.613e+04,0.932,1037
1936,STA,1.26e+06,2.746e+05,4.283e+04,2.571e+04,3.498,47.14,50.59,1375,0.1217,6088,8631,0.6956,662
1936,TAR,1.348e+06,2.931e+05,4.319e+04,2.744e+04,3.249,47.19,50.64,1403,0.1187,5797,1.062e+04,0.6647,591
1936,LT_KAU,1.529e+05,1.291e+05,6247,3384,2.605,56.03,59.48,324.6,0.156,3244,1611,1.148,616.9
1936,LT_LAU,4.684e+05,6.208e+04,1.404e+04,6876,3.294,53.83,57.27,459.7,0.03724,2826,3422,0.809,349.4
1936,LT_ZEM,5.291e+05,6.945e+04,1.598e+04,7686,3.336,54.07,57.52,526.1,0.04163,2944,3851,0.8088,313.2
1936,LT_SUV,4.441e+05,4.661e+04,1.272e+04,6162,3.218,54.73,58.18,510,0.02798,2008,3114,0.8093,459.8
1936,LT_NEA,4.107e+05,3.83e+04,1.21e+04,5925,3.383,53.43,56.88,374.5,0.01881,1792,3109,0.7321,172
1936,LT_KLA,1.07e+05,4.958e+04,3122,1739,2.335,58.09,61.54,476.6,0.07599,1449,711.9,1.293,175.3
1937,WAW,2.411e+04,1.259e+06,2.019e+04,1.537e+04,1.727,56.4,59.91,1576,6.659,2.872e+04,8959,2.238,3335
1937,WAR,2.047e+06,6.317e+05,7.176e+04,3.875e+04,3.432,50.99,54.5,2336,0.5407,1.258e+04,1.591e+04,0.9003,2382
1937,LOD,1.506e+06,1.287e+06,6.311e+04,3.891e+04,2.733,52.07,55.58,3128,2.307,2.338e+04,1.566e+04,1.303,2830
1937,KIE,2.358e+06,7.721e+05,8.832e+04,4.706e+04,3.657,50.02,53.53,2554,0.749,1.577e+04,1.732e+04,0.9585,2231
1937,LUB,2.115e+06,5.059e+05,8.049e+04,4.28e+04,4.098,48.06,51.57,2318,0.315,1.166e+04,1.803e+04,0.7679,1724
1937,BIA,1.34e+06,4.102e+05,5.03e+04,2.691e+04,3.755,49.47,52.98,1528,0.2776,8392,1.137e+04,0.8005,1371
1937,WIL,1.037e+06,3.058e+05,3.752e+04,2.156e+04,3.617,48.41,51.92,1011,0.181,4209,9044,0.7487,733.6
1937,NOW,9.944e+05,1.324e+05,3.593e+04,1.92e+04,4.312,46.95,50.46,826.2,0.0496,3206,8319,0.5955,610.8
1937,POL,1.059e+06,1.8e+05,4.394e+04,2.299e+04,4.934,44.91,48.42,773.6,0.05167,4155,7525,0.5213,857.9
1937,WOL,1.909e+06,3.25e+05,7.585e+04,4.021e+04,4.693,45.71,49.22,1893,0.1215,5792,1.577e+04,0.595,768.3
1937,POZ,1.403e+06,8.319e+05,4.917e+04,2.74e+04,2.694,54.97,58.48,1927,1.87,1.451e+04,1.177e+04,1.459,1760
1937,POM,7.792e+05,3.97e+05,2.871e+04,1.45e+04,3.057,54.46,57.97,1036,0.8747,1.1e+04,6123,1.444,1321
1937,SLA,8.765e+05,5.357e+05,2.834e+04,1.67e+04,2.359,55.74,59.25,1061,2.154,1.889e+04,7536,1.951,2075
1937,KRA,1.744e+06,6.719e+05,5.999e+04,3.502e+04,3.103,50.86,54.37,1753,0.6556,1.301e+04,1.322e+04,0.9613,1756
1937,LWO,2.435e+06,8.362e+05,7.789e+04,4.948e+04,2.927,49.79,53.3,2877,0.7673,1.643e+04,1.625e+04,0.9322,1078
1937,STA,1.264e+06,2.81e+05,4.039e+04,2.543e+04,3.301,47.54,51.06,1378,0.1444,6112,8670,0.6975,688.8
1937,TAR,1.35e+06,2.991e+05,4.052e+04,2.715e+04,3.061,47.52,51.03,1413,0.1405,5822,1.063e+04,0.6669,616.2
1937,LT_KAU,1.544e+05,1.315e+05,5929,3420,2.453,56.06,59.57,323.1,0.1833,3216,1634,1.149,642.8
1937,LT_LAU,4.708e+05,6.493e+04,1.322e+04,6884,3.1,53.96,57.47,464.8,0.04519,2808,3440,0.8119,366.5
1937,LT_ZEM,5.319e+05,7.251e+04,1.505e+04,7714,3.141,54.15,57.66,530.2,0.05041,2924,3871,0.8114,328.5
1937,LT_SUV,4.461e+05,4.894e+04,1.195e+04,6151,3.027,54.93,58.44,499,0.03578,2062,3038,0.8321,483.1
1937,LT_NEA,4.124e+05,4.035e+04,1.137e+04,5943,3.185,53.48,56.99,377.8,0.02328,1799,3101,0.7391,181.3
1937,LT_KLA,1.073e+05,5.074e+04,2944,1750,2.192,58.2,61.71,439.7,0.08957,1446,723.6,1.293,184.5
1938,WAW,2.763e+04,1.279e+06,2.05e+04,1.556e+04,1.743,56.49,60.07,1579,9.311,2.891e+04,9108,2.218,3460
1938,WAR,2.056e+06,6.481e+05,7.13e+04,3.836e+04,3.428,51.31,54.88,2315,0.7758,1.269e+04,1.604e+04,0.8993,2483
1938,LOD,1.515e+06,1.307e+06,6.284e+04,3.879e+04,2.729,52.3,55.87,3041,3.255,2.348e+04,1.578e+04,1.297,2947
1938,KIE,2.371e+06,7.934e+05,8.813e+04,4.67e+04,3.661,50.31,53.88,2554,1.085,1.589e+04,1.739e+04,0.961,2325
1938,LUB,2.127e+06,5.212e+05,8.054e+04,4.235e+04,4.121,48.4,51.97,2307,0.46,1.179e+04,1.805e+04,0.7721,1802
1938,BIA,1.348e+06,4.211e+05,5.023e+04,2.681e+04,3.766,49.65,53.22,1525,0.3999,8451,1.144e+04,0.801,1435
1938,WIL,1.042e+06,3.123e+05,3.735e+04,2.147e+04,3.628,48.55,52.12,1010,0.2599,4246,9068,0.7499,766.8
1938,NOW,1.002e+06,1.375e+05,3.605e+04,1.913e+04,4.349,47.12,50.7,827.6,0.07282,3238,8348,0.5981,644.7
1938,POL,1.073e+06,1.866e+05,4.445e+04,2.287e+04,4.982,45.21,48.78,776,0.07572,4202,7615,0.5236,897.9
1938,WOL,1.927e+06,3.356e+05,7.626e+04,3.996e+04,4.737,45.94,49.51,1862,0.1774,5840,1.583e+04,0.5976,807.2
1938,POZ,1.409e+06,8.485e+05,4.881e+04,2.747e+04,2.672,55.06,58.63,1833,2.649,1.462e+04,1.191e+04,1.452,1833
1938,POM,7.852e+05,4.092e+05,2.869e+04,1.451e+04,3.029,54.67,58.24,987.1,1.262,1.116e+04,6235,1.443,1375
1938,SLA,8.821e+05,5.519e+05,2.833e+04,1.673e+04,2.339,55.97,59.55,1022,3.068,1.892e+04,7685,1.938,2159
1938,KRA,1.749e+06,6.876e+05,5.96e+04,3.485e+04,3.092,51.06,54.63,1763,0.9386,1.318e+04,1.334e+04,0.9603,1861
1938,LWO,2.44e+06,8.554e+05,7.746e+04,4.907e+04,2.924,50.09,53.67,2863,1.113,1.646e+04,1.623e+04,0.9376,1121
1938,STA,1.268e+06,2.886e+05,4.02e+04,2.519e+04,3.304,47.83,51.4,1368,0.2088,6094,8703,0.6991,717.4
1938,TAR,1.349e+06,3.063e+05,4.01e+04,2.69e+04,3.058,47.74,51.31,1409,0.2028,5806,1.063e+04,0.6689,642.9
1938,LT_KAU,1.555e+05,1.34e+05,5902,3439,2.441,56.15,59.72,318.7,0.2611,3219,1653,1.147,672.8
1938,LT_LAU,4.729e+05,6.784e+04,1.311e+04,6931,3.095,53.89,57.47,464.7,0.06647,2811,3456,0.8136,385.9
1938,LT_ZEM,5.345e+05,7.57e+04,1.492e+04,7705,3.134,54.27,57.85,528.5,0.07408,2929,3888,0.8131,345.5
1938,LT_SUV,4.477e+05,5.146e+04,1.182e+04,6151,3.02,55.02,58.6,488.8,0.05293,2072,3049,0.8336,510.5
1938,LT_NEA,4.14e+05,4.24e+04,1.126e+04,5936,3.183,53.58,57.15,377.8,0.03451,1807,3105,0.7416,192.3
1938,LT_KLA,1.075e+05,5.202e+04,2920,1761,2.174,58.26,61.83,401.4,0.1284,1455,734.5,1.291,194.5
1939,WAW,3.084e+04,1.299e+06,2.029e+04,1.57e+04,1.727,56.71,60.34,1572,11.89,2.903e+04,9252,2.2,3540
1939,WAR,2.062e+06,6.658e+05,6.937e+04,3.828e+04,3.372,51.5,55.14,2282,1.018,1.277e+04,1.616e+04,0.8988,2551
1939,LOD,1.521e+06,1.328e+06,6.125e+04,3.861e+04,2.683,52.63,56.26,2940,4.201,2.355e+04,1.591e+04,1.293,3021
1939,KIE,2.38e+06,8.166e+05,8.613e+04,4.678e+04,3.607,50.43,54.06,2540,1.435,1.606e+04,1.747e+04,0.9635,2398
1939,LUB,2.137e+06,5.381e+05,7.899e+04,4.224e+04,4.08,48.61,52.25,2284,0.6132,1.192e+04,1.808e+04,0.7758,1864
1939,BIA,1.355e+06,4.329e+05,4.914e+04,2.668e+04,3.717,49.94,53.57,1513,0.5267,8511,1.152e+04,0.8016,1485
1939,WIL,1.046e+06,3.196e+05,3.645e+04,2.136e+04,3.584,48.8,52.44,1004,0.3411,4287,9100,0.7508,796.9
1939,NOW,1.009e+06,1.431e+05,3.546e+04,1.902e+04,4.32,47.42,51.06,824.7,0.09772,3277,8382,0.6005,675
1939,POL,1.087e+06,1.939e+05,4.408e+04,2.289e+04,4.953,45.45,49.08,774.6,0.1015,4256,7708,0.5258,932.3
1939,WOL,1.943e+06,3.474e+05,7.518e+04,4.002e+04,4.707,46.08,49.71,1824,0.2366,5901,1.591e+04,0.5998,843.4
1939,POZ,1.412e+06,8.664e+05,4.754e+04,2.755e+04,2.61,55.19,58.82,1735,3.428,1.474e+04,1.205e+04,1.446,1890
1939,POM,7.9e+05,4.221e+05,2.812e+04,1.447e+04,2.956,55.01,58.64,936,1.662,1.131e+04,6350,1.442,1415
1939,SLA,8.868e+05,5.684e+05,2.78e+04,1.683e+04,2.287,56.16,59.79,981.2,3.987,1.904e+04,7834,1.925,2227
1939,KRA,1.75e+06,7.047e+05,5.802e+04,3.47e+04,3.033,51.32,54.95,1761,1.232,1.327e+04,1.344e+04,0.9611,1925
1939,LWO,2.441e+06,8.771e+05,7.556e+04,4.885e+04,2.878,50.36,53.99,2837,1.473,1.656e+04,1.624e+04,0.942,1165
1939,STA,1.27e+06,2.97e+05,3.92e+04,2.512e+04,3.254,48.01,51.64,1353,0.2756,6102,8746,0.7001,747
1939,TAR,1.347e+06,3.143e+05,3.893e+04,2.667e+04,3.01,48.02,51.66,1399,0.2672,5814,1.064e+04,0.6701,670.2
1939,LT_KAU,1.564e+05,1.367e+05,5757,3450,2.395,56.33,59.96,312.5,0.3394,3228,1672,1.145,700.5
1939,LT_LAU,4.746e+05,7.09e+04,1.273e+04,6920,3.04,54.08,57.72,462,0.08909,2818,3473,0.8147,404.1
1939,LT_ZEM,5.364e+05,7.907e+04,1.449e+04,7706,3.081,54.43,58.06,523.9,0.09922,2937,3907,0.8141,361.8
1939,LT_SUV,4.49e+05,5.409e+04,1.147e+04,6174,2.968,55.09,58.72,476.4,0.07137,2085,3061,0.8349,535.9
1939,LT_NEA,4.152e+05,4.454e+04,1.093e+04,5977,3.133,53.53,57.17,375.8,0.04665,1819,3109,0.7438,202.4
1939,LT_KLA,1.075e+05,5.34e+04,2855,1779,2.134,58.28,61.92,363,0.1679,1465,745.9,1.289,204.4
1940,WAW,3.381e+04,1.318e+06,2e+04,1.582e+04,1.707,56.92,60.62,1557,16.82,2.923e+04,9410,2.181,3631
1940,WAR,2.064e+06,6.849e+05,6.726e+04,3.816e+04,3.311,51.68,55.38,2237,1.482,1.288e+04,1.632e+04,0.8979,2649
1940,LOD,1.524e+06,1.351e+06,5.951e+04,3.849e+04,2.634,52.89,56.59,2831,6.005,2.368e+04,1.608e+04,1.287,3106
1940,KIE,2.386e+06,8.417e+05,8.385e+04,4.647e+04,3.548,50.71,54.41,2510,2.107,1.621e+04,1.759e+04,0.9659,2478
1940,LUB,2.143e+06,5.565e+05,7.72e+04,4.214e+04,4.034,48.78,52.48,2248,0.907,1.211e+04,1.816e+04,0.7794,1951
1940,BIA,1.359e+06,4.457e+05,4.79e+04,2.65e+04,3.665,50.22,53.92,1493,0.7696,8595,1.162e+04,0.8022,1540
1940,WIL,1.048e+06,3.278e+05,3.545e+04,2.123e+04,3.535,49.02,52.72,991.5,0.4974,4342,9151,0.7521,830
1940,NOW,1.015e+06,1.492e+05,3.477e+04,1.891e+04,4.285,47.7,51.4,816.5,0.1456,3329,8436,0.6032,710.4
1940,POL,1.1e+06,2.02e+05,4.356e+04,2.273e+04,4.917,45.84,49.53,769.1,0.1512,4330,7821,0.5281,981.6
1940,WOL,1.956e+06,3.604e+05,7.385e+04,3.98e+04,4.671,46.34,50.04,1777,0.3507,5946,1.603e+04,0.6022,883.6
1940,POZ,1.412e+06,8.854e+05,4.626e+04,2.743e+04,2.548,55.49,59.19,1635,4.922,1.486e+04,1.222e+04,1.439,1952
1940,POM,7.935e+05,4.357e+05,2.751e+04,1.451e+04,2.883,55.19,58.89,883.4,2.427,1.15e+04,6479,1.441,1463
1940,SLA,8.903e+05,5.854e+05,2.726e+04,1.696e+04,2.236,56.28,59.98,937.8,5.744,1.914e+04,7998,1.912,2303
1940,KRA,1.748e+06,7.23e+05,5.636e+04,3.465e+04,2.972,51.47,55.17,1750,1.789,1.331e+04,1.359e+04,0.9603,1996
1940,LWO,2.438e+06,9.011e+05,7.347e+04,4.854e+04,2.826,50.64,54.33,2797,2.169,1.682e+04,1.626e+04,0.9472,1225
1940,STA,1.27e+06,3.063e+05,3.815e+04,2.494e+04,3.203,48.27,51.97,1329,0.4047,6144,8799,0.7018,788.5
1940,TAR,1.344e+06,3.232e+05,3.774e+04,2.641e+04,2.96,48.32,52.01,1380,0.3917,5859,1.067e+04,0.6721,708.5
1940,LT_KAU,1.569e+05,1.396e+05,5604,3475,2.349,56.39,60.09,305,0.4896,3241,1694,1.143,731.3
1940,LT_LAU,4.756e+05,7.412e+04,1.233e+04,6930,2.984,54.17,57.87,456.1,0.1325,2829,3496,0.8163,424.1
1940,LT_ZEM,5.376e+05,8.263e+04,1.404e+04,7755,3.026,54.4,58.1,515.7,0.1475,2951,3932,0.8157,379.1
1940,LT_SUV,4.496e+05,5.685e+04,1.109e+04,6202,2.912,55.1,58.79,461.6,0.1067,2101,3078,0.8365,564.3
1940,LT_NEA,4.159e+05,4.68e+04,1.06e+04,5962,3.084,53.69,57.38,371.1,0.06992,1832,3120,0.7462,213.6
1940,LT_KLA,1.074e+05,5.488e+04,2791,1787,2.091,58.42,62.12,325.8,0.2439,1479,759.3,1.287,215.2
1941,WAW,3.659e+04,1.337e+06,1.992e+04,1.592e+04,1.701,57.18,60.94,1739,14.73,2.947e+04,9596,2.161,3721
1941,WAR,2.066e+06,7.026e+05,6.558e+04,3.782e+04,3.266,52.01,55.77,3018,1.336,1.303e+04,1.652e+04,0.8975,2726
1941,LOD,1.528e+06,1.371e+06,5.818e+04,3.808e+04,2.6,53.36,57.12,3402,5.309,2.384e+04,1.629e+04,1.281,3192
1941,KIE,2.39e+06,8.652e+05,8.203e+04,4.579e+04,3.507,51.21,54.97,3384,1.911,1.644e+04,1.78e+04,0.9673,2562
1941,LUB,2.149e+06,5.741e+05,7.58e+04,4.165e+04,4.007,49.18,52.94,3057,0.8329,1.231e+04,1.828e+04,0.784,2021
1941,BIA,1.362e+06,4.576e+05,4.693e+04,2.625e+04,3.63,50.58,54.34,1994,0.6964,8700,1.176e+04,0.803,1597
1941,WIL,1.049e+06,3.353e+05,3.465e+04,2.097e+04,3.502,49.42,53.18,1384,0.4499,4412,9229,0.7539,864
1941,NOW,1.021e+06,1.551e+05,3.425e+04,1.869e+04,4.27,48.11,51.87,1167,0.1349,3396,8507,0.6072,745.8
1941,POL,1.112e+06,2.099e+05,4.32e+04,2.252e+04,4.903,46.28,50.04,1038,0.1406,4431,7940,0.5327,1017
1941,WOL,1.969e+06,3.73e+05,7.285e+04,3.912e+04,4.655,46.91,50.67,2372,0.3232,6054,1.618e+04,0.6059,926.1
1941,POZ,1.414e+06,9.031e+05,4.536e+04,2.717e+04,2.502,55.95,59.7,2089,4.369,1.504e+04,1.243e+04,1.432,2016
1941,POM,7.972e+05,4.486e+05,2.708e+04,1.449e+04,2.827,55.49,59.25,1120,2.189,1.169e+04,6626,1.438,1514
1941,SLA,8.941e+05,6.016e+05,2.693e+04,1.691e+04,2.2,56.68,60.43,1184,5.115,1.934e+04,8181,1.898,2382
1941,KRA,1.746e+06,7.398e+05,5.507e+04,3.436e+04,2.927,51.81,55.57,2452,1.605,1.343e+04,1.38e+04,0.9587,2076
1941,LWO,2.434e+06,9.239e+05,7.189e+04,4.803e+04,2.788,51.05,54.81,3666,1.979,1.702e+04,1.634e+04,0.9527,1291
1941,STA,1.269e+06,3.15e+05,3.735e+04,2.463e+04,3.167,48.68,52.44,1829,0.3698,6204,8860,0.7053,824.1
1941,TAR,1.339e+06,3.314e+05,3.682e+04,2.6e+04,2.924,48.79,52.55,1946,0.3575,5917,1.07e+04,0.676,741.3
1941,LT_KAU,1.575e+05,1.422e+05,5498,3462,2.319,56.74,60.5,379.4,0.4367,3263,1721,1.141,763.1
1941,LT_LAU,4.764e+05,7.717e+04,1.203e+04,6902,2.944,54.41,58.16,645.2,0.1219,2851,3530,0.818,444.5
1941,LT_ZEM,5.385e+05,8.601e+04,1.37e+04,7682,2.986,54.77,58.53,728.2,0.1356,2975,3971,0.8173,397.4
1941,LT_SUV,4.5e+05,5.948e+04,1.08e+04,6175,2.87,55.33,59.09,627.2,0.09862,2125,3106,0.8381,592.9
1941,LT_NEA,4.163e+05,4.895e+04,1.033e+04,5912,3.047,54,57.76,534.6,0.06484,1854,3141,0.7491,225.2
1941,LT_KLA,1.074e+05,5.626e+04,2753,1794,2.061,58.61,62.37,343.8,0.219,1497,774.9,1.284,226.4
1942,WAW,3.925e+04,1.357e+06,1.999e+04,1.599e+04,1.698,57.51,61.33,1942,11.32,2.991e+04,9813,2.141,3835
1942,WAR,2.068e+06,7.181e+05,6.45e+04,3.762e+04,3.237,52.28,56.1,3833,1.05,1.321e+04,1.68e+04,0.8964,2818
1942,LOD,1.533e+06,1.389e+06,5.757e+04,3.816e+04,2.584,53.53,57.35,4014,4.109,2.41e+04,1.656e+04,1.275,3291
1942,KIE,2.396e+06,8.863e+05,8.092e+04,4.548e+04,3.481,51.53,55.35,4292,1.514,1.65e+04,1.807e+04,0.9687,2675
1942,LUB,2.154e+06,5.902e+05,7.499e+04,4.156e+04,3.998,49.36,53.18,3895,0.6666,1.268e+04,1.848e+04,0.7877,2158
1942,BIA,1.366e+06,4.682e+05,4.635e+04,2.624e+04,3.611,50.73,54.55,2517,0.5508,8843,1.194e+04,0.8039,1672
1942,WIL,1.051e+06,3.421e+05,3.416e+04,2.099e+04,3.486,49.5,53.32,1789,0.3556,4494,9337,0.7558,905.2
1942,NOW,1.026e+06,1.605e+05,3.397e+04,1.868e+04,4.272,48.27,52.09,1529,0.1091,3484,8610,0.6111,791.6
1942,POL,1.125e+06,2.174e+05,4.31e+04,2.239e+04,4.909,46.67,50.49,1323,0.1138,4568,8099,0.5362,1067
1942,WOL,1.981e+06,3.845e+05,7.232e+04,3.897e+04,4.659,47.16,50.98,2991,0.2602,6019,1.639e+04,0.6097,975.9
1942,POZ,1.416e+06,9.187e+05,4.493e+04,2.734e+04,2.469,56.03,59.85,2575,3.393,1.523e+04,1.267e+04,1.424,2086
1942,POM,8.013e+05,4.605e+05,2.689e+04,1.463e+04,2.786,55.55,59.37,1374,1.726,1.192e+04,6788,1.435,1570
1942,SLA,8.977e+05,6.173e+05,2.687e+04,1.705e+04,2.175,56.84,60.66,1450,3.991,1.931e+04,8383,1.885,2465
1942,KRA,1.744e+06,7.543e+05,5.432e+04,3.442e+04,2.898,51.9,55.72,3182,1.26,1.336e+04,1.403e+04,0.9578,2159
1942,LWO,2.431e+06,9.451e+05,7.097e+04,4.791e+04,2.763,51.28,55.1,4566,1.58,1.78e+04,1.644e+04,0.9584,1431
1942,STA,1.269e+06,3.228e+05,3.687e+04,2.453e+04,3.145,48.91,52.73,2346,0.2946,6360,8952,0.708,926.3
1942,TAR,1.335e+06,3.388e+05,3.627e+04,2.594e+04,2.903,48.92,52.74,2529,0.2844,6082,1.078e+04,0.6791,835.2
1942,LT_KAU,1.582e+05,1.445e+05,5450,3488,2.302,56.84,60.66,458.5,0.3408,3293,1753,1.138,800.1
1942,LT_LAU,4.769e+05,7.998e+04,1.184e+04,6949,2.917,54.4,58.22,840.7,0.09785,2878,3575,0.8198,467.9
1942,LT_ZEM,5.392e+05,8.913e+04,1.349e+04,7741,2.959,54.74,58.56,947.7,0.1089,3004,4022,0.8191,418.1
1942,LT_SUV,4.502e+05,6.19e+04,1.061e+04,6223,2.84,55.3,59.12,798.8,0.07947,2152,3144,0.8398,626.6
1942,LT_NEA,4.166e+05,5.095e+04,1.017e+04,5953,3.023,53.97,57.79,702.5,0.05247,1879,3171,0.7521,238.5
1942,LT_KLA,1.074e+05,5.752e+04,2756,1812,2.051,58.66,62.48,365.8,0.172,1518,792.1,1.281,239
1943,WAW,4.177e+04,1.377e+06,2.039e+04,1.627e+04,1.712,57.53,61.42,2141,17.21,3.032e+04,1.005e+04,2.12,3928
1943,WAR,2.066e+06,7.358e+05,6.442e+04,3.793e+04,3.231,52.26,56.14,4588,1.638,1.341e+04,1.717e+04,0.8943,2919
1943,LOD,1.535e+06,1.409e+06,5.786e+04,3.854e+04,2.585,53.54,57.43,4594,6.299,2.439e+04,1.689e+04,1.267,3376
1943,KIE,2.397e+06,9.102e+05,8.099e+04,4.566e+04,3.48,51.64,55.52,5133,2.382,1.682e+04,1.842e+04,0.9696,2764
1943,LUB,2.157e+06,6.087e+05,7.524e+04,4.169e+04,4.017,49.48,53.36,4658,1.065,1.296e+04,1.873e+04,0.7927,2233
1943,BIA,1.368e+06,4.804e+05,4.644e+04,2.643e+04,3.619,50.74,54.62,3000,0.8652,9002,1.217e+04,0.8044,1734
1943,WIL,1.05e+06,3.5e+05,3.418e+04,2.101e+04,3.495,49.63,53.52,2161,0.5582,4591,9490,0.7569,941.7
1943,NOW,1.03e+06,1.668e+05,3.415e+04,1.88e+04,4.306,48.3,52.18,1860,0.1754,3573,8749,0.6147,829.6
1943,POL,1.136e+06,2.26e+05,4.352e+04,2.253e+04,4.949,46.8,50.68,1590,0.1832,4692,8293,0.5397,1103
1943,WOL,1.992e+06,3.979e+05,7.269e+04,3.886e+04,4.696,47.43,51.31,3564,0.416,6149,1.668e+04,0.6128,1021
1943,POZ,1.415e+06,9.362e+05,4.516e+04,2.759e+04,2.455,56.1,59.98,3033,5.22,1.549e+04,1.294e+04,1.415,2152
1943,POM,8.041e+05,4.735e+05,2.709e+04,1.489e+04,2.767,55.47,59.35,1614,2.693,1.218e+04,6968,1.43,1623
1943,SLA,9.012e+05,6.33e+05,2.717e+04,1.733e+04,2.17,56.82,60.7,1704,6.151,1.959e+04,8599,1.868,2542
1943,KRA,1.739e+06,7.706e+05,5.433e+04,3.484e+04,2.889,51.77,55.66,3856,1.958,1.353e+04,1.434e+04,0.9553,2240
1943,LWO,2.424e+06,9.7e+05,7.117e+04,4.822e+04,2.76,51.32,55.2,5373,2.531,1.819e+04,1.65e+04,0.9681,1500
1943,STA,1.266e+06,3.322e+05,3.693e+04,2.464e+04,3.147,48.96,52.84,2803,0.4737,6491,9009,0.7157,969.3
1943,TAR,1.329e+06,3.478e+05,3.626e+04,2.586e+04,2.904,49.14,53.02,3039,0.457,6208,1.081e+04,0.687,875.1
1943,LT_KAU,1.586e+05,1.471e+05,5506,3544,2.308,56.76,60.65,533.4,0.5271,3342,1792,1.135,834.2
1943,LT_LAU,4.769e+05,8.307e+04,1.184e+04,7037,2.91,54.28,58.17,1021,0.1557,2920,3638,0.8206,489.8
1943,LT_ZEM,5.393e+05,9.256e+04,1.349e+04,7799,2.952,54.77,58.65,1150,0.1732,3049,4093,0.8199,437.9
1943,LT_SUV,4.499e+05,6.455e+04,1.06e+04,6317,2.83,55.12,59.01,956.8,0.127,2190,3197,0.8405,657.8
1943,LT_NEA,4.164e+05,5.314e+04,1.017e+04,6000,3.021,53.96,57.84,856.2,0.08415,1914,3217,0.7542,251.4
1943,LT_KLA,1.073e+05,5.892e+04,2795,1847,2.055,58.53,62.42,387.2,0.2676,1548,811.1,1.277,251.1
1944,WAW,4.419e+04,1.397e+06,2.047e+04,1.633e+04,1.688,57.93,61.88,2376,16.86,3.09e+04,1.031e+04,2.101,4032
1944,WAR,2.063e+06,7.528e+05,6.293e+04,3.763e+04,3.132,52.65,56.6,5435,1.646,1.366e+04,1.752e+04,0.8941,3009
1944,LOD,1.536e+06,1.429e+06,5.679e+04,3.839e+04,2.511,53.93,57.87,5259,6.213,2.476e+04,1.723e+04,1.261,3484
1944,KIE,2.397e+06,9.334e+05,7.93e+04,4.538e+04,3.382,52.01,55.95,6079,2.405,1.704e+04,1.879e+04,0.9708,2888
1944,LUB,2.158e+06,6.271e+05,7.38e+04,4.122e+04,3.923,49.96,53.9,5522,1.086,1.334e+04,1.905e+04,0.796,2349
1944,BIA,1.369e+06,4.921e+05,4.551e+04,2.625e+04,3.524,51.12,55.06,3544,0.873,9150,1.241e+04,0.8055,1795
1944,WIL,1.049e+06,3.578e+05,3.345e+04,2.08e+04,3.405,50.07,54.01,2576,0.5632,4685,9647,0.7588,978.2
1944,NOW,1.033e+06,1.73e+05,3.356e+04,1.861e+04,4.218,48.76,52.71,2230,0.1809,3659,8901,0.6185,868.9
1944,POL,1.146e+06,2.346e+05,4.291e+04,2.24e+04,4.849,47.22,51.16,1895,0.1891,4813,8503,0.543,1137
1944,WOL,2.001e+06,4.112e+05,7.138e+04,3.849e+04,4.599,47.88,51.83,4208,0.4274,6232,1.699e+04,0.6166,1072
1944,POZ,1.414e+06,9.53e+05,4.431e+04,2.748e+04,2.372,56.49,60.44,3549,5.168,1.579e+04,1.321e+04,1.408,2221
1944,POM,8.067e+05,4.862e+05,2.666e+04,1.481e+04,2.673,55.94,59.88,1888,2.703,1.247e+04,7154,1.426,1675
1944,SLA,9.042e+05,6.485e+05,2.687e+04,1.727e+04,2.106,57.3,61.25,1993,6.104,1.979e+04,8821,1.855,2616
1944,KRA,1.734e+06,7.86e+05,5.311e+04,3.444e+04,2.799,52.27,56.22,4604,1.957,1.364e+04,1.462e+04,0.9544,2317
1944,LWO,2.415e+06,9.945e+05,6.973e+04,4.818e+04,2.679,51.56,55.51,6287,2.574,1.879e+04,1.669e+04,0.9729,1615
1944,STA,1.263e+06,3.414e+05,3.615e+04,2.442e+04,3.061,49.37,53.31,3323,0.4818,6643,9135,0.7185,1051
1944,TAR,1.322e+06,3.565e+05,3.545e+04,2.553e+04,2.823,49.64,53.59,3616,0.4643,6362,1.092e+04,0.6902,950.6
1944,LT_KAU,1.59e+05,1.495e+05,5419,3558,2.24,56.99,60.94,618.6,0.5242,3390,1832,1.132,868
1944,LT_LAU,4.765e+05,8.609e+04,1.158e+04,7011,2.819,54.59,58.53,1221,0.1591,2962,3700,0.8223,511.7
1944,LT_ZEM,5.389e+05,9.594e+04,1.321e+04,7783,2.864,55.03,58.98,1376,0.1771,3094,4164,0.8217,457.3
1944,LT_SUV,4.491e+05,6.715e+04,1.037e+04,6348,2.741,55.21,59.15,1134,0.1302,2228,3250,0.8422,689.6
1944,LT_NEA,4.159e+05,5.53e+04,9951,5956,2.932,54.33,58.28,1027,0.08671,1949,3263,0.7573,283.5
1944,LT_KLA,1.072e+05,6.029e+04,2770,1853,2.003,58.79,62.74,413.2,0.2678,1578,830.5,1.275,263.3
1945,WAW,4.653e+04,1.417e+06,2.105e+04,1.674e+04,1.699,57.8,61.8,2625,17.57,3.144e+04,1.056e+04,2.082,4126
1945,WAR,2.06e+06,7.7e+05,6.469e+04,3.825e+04,3.173,52.47,56.48,6314,1.756,1.39e+04,1.793e+04,0.8927,3088
1945,LOD,1.538e+06,1.448e+06,5.851e+04,3.881e+04,2.544,53.96,57.97,5952,6.529,2.514e+04,1.76e+04,1.255,3572
1945,KIE,2.397e+06,9.57e+05,8.152e+04,4.593e+04,3.427,51.96,55.97,7056,2.59,1.742e+04,1.918e+04,0.9724,2973
1945,LUB,2.16e+06,6.459e+05,7.607e+04,4.161e+04,4,49.98,53.98,6409,1.183,1.365e+04,1.939e+04,0.8,2427
1945,BIA,1.37e+06,5.04e+05,4.686e+04,2.656e+04,3.581,51.07,55.07,4109,0.9363,9334,1.269e+04,0.8057,1855
1945,WIL,1.049e+06,3.657e+05,3.44e+04,2.098e+04,3.461,50.06,54.07,3005,0.6043,4798,9833,0.7599,1016
1945,NOW,1.037e+06,1.794e+05,3.465e+04,1.878e+04,4.312,48.78,52.78,2614,0.1984,3761,9082,0.6217,908.8
1945,POL,1.157e+06,2.436e+05,4.443e+04,2.277e+04,4.957,47.14,51.14,2216,0.2076,4953,8744,0.5458,1167
1945,WOL,2.01e+06,4.25e+05,7.362e+04,3.899e+04,4.701,47.8,51.81,4877,0.4675,6397,1.735e+04,0.6199,1120
1945,POZ,1.413e+06,9.699e+05,4.561e+04,2.801e+04,2.395,56.35,60.35,4082,5.444,1.61e+04,1.35e+04,1.4,2287
1945,POM,8.095e+05,4.99e+05,2.751e+04,1.511e+04,2.695,55.83,59.84,2174,2.882,1.276e+04,7350,1.421,1726
1945,SLA,9.073e+05,6.643e+05,2.784e+04,1.774e+04,2.136,57.07,61.08,2294,6.441,2.014e+04,9048,1.841,2694
1945,KRA,1.728e+06,8.014e+05,5.446e+04,3.49e+04,2.83,52.16,56.17,5372,2.08,1.385e+04,1.494e+04,0.9523,2393
1945,LWO,2.406e+06,1.02e+06,7.156e+04,4.861e+04,2.71,51.57,55.58,7204,2.801,1.922e+04,1.684e+04,0.9797,1680
1945,STA,1.26e+06,3.508e+05,3.712e+04,2.456e+04,3.106,49.43,53.43,3841,0.5259,6788,9241,0.7237,1097
1945,TAR,1.315e+06,3.655e+05,3.637e+04,2.561e+04,2.865,49.75,53.75,4187,0.5063,6500,1.101e+04,0.6957,993.4
1945,LT_KAU,1.594e+05,1.519e+05,5593,3633,2.268,56.83,60.84,707.6,0.5543,3439,1874,1.129,903.3
1945,LT_LAU,4.76e+05,8.913e+04,1.192e+04,7136,2.853,54.39,58.4,1429,0.1728,3002,3773,0.8231,534.5
1945,LT_ZEM,5.384e+05,9.934e+04,1.359e+04,7913,2.898,54.88,58.89,1609,0.1923,3138,4246,0.8225,477.7
1945,LT_SUV,4.484e+05,6.977e+04,1.067e+04,6460,2.772,55.01,59.01,1316,0.1419,2266,3311,0.8429,722.6
1945,LT_NEA,4.154e+05,5.755e+04,1.024e+04,6022,2.969,54.29,58.3,1195,0.09659,2004,3289,0.7658,298.3
1945,LT_KLA,1.071e+05,6.166e+04,2862,1903,2.031,58.5,62.51,440.6,0.285,1609,850.2,1.271,276.2
1946,WAW,4.88e+04,1.437e+06,2.155e+04,1.719e+04,1.701,57.61,61.68,2865,22.32,3.21e+04,1.081e+04,2.065,4238
1946,WAR,2.056e+06,7.883e+05,6.566e+04,3.891e+04,3.156,52.35,56.41,7156,2.284,1.417e+04,1.833e+04,0.8919,3184
1946,LOD,1.539e+06,1.468e+06,5.95e+04,3.972e+04,2.534,53.73,57.8,6618,8.357,2.557e+04,1.796e+04,1.25,3679
1946,KIE,2.395e+06,9.822e+05,8.291e+04,4.672e+04,3.416,51.88,55.95,7999,3.388,1.77e+04,1.961e+04,0.9732,3089
1946,LUB,2.16e+06,6.662e+05,7.748e+04,4.239e+04,4.006,49.86,53.93,7264,1.565,1.406e+04,1.978e+04,0.8032,2554
1946,BIA,1.369e+06,5.167e+05,4.77e+04,2.704e+04,3.577,50.95,55.01,4650,1.225,9491,1.296e+04,0.8067,1917
1946,WIL,1.047e+06,3.743e+05,3.499e+04,2.132e+04,3.461,49.95,54.02,3412,0.7914,4902,1.001e+04,0.7619,1054
1946,NOW,1.04e+06,1.864e+05,3.537e+04,1.907e+04,4.332,48.76,52.83,2980,0.2656,3854,9265,0.6255,949.1
1946,POL,1.167e+06,2.533e+05,4.548e+04,2.317e+04,4.98,47.15,51.21,2530,0.2779,5076,8995,0.5489,1202
1946,WOL,2.018e+06,4.402e+05,7.507e+04,3.959e+04,4.721,47.78,51.84,5520,0.6236,6521,1.771e+04,0.6237,1179
1946,POZ,1.411e+06,9.876e+05,4.624e+04,2.866e+04,2.378,56.14,60.21,4589,6.992,1.645e+04,1.378e+04,1.394,2360
1946,POM,8.117e+05,5.123e+05,2.8e+04,1.551e+04,2.671,55.62,59.68,2449,3.745,1.307e+04,7550,1.417,1782
1946,SLA,9.103e+05,6.801e+05,2.837e+04,1.814e+04,2.128,56.97,61.04,2584,8.283,2.041e+04,9273,1.829,2772
1946,KRA,1.721e+06,8.176e+05,5.508e+04,3.548e+04,2.813,52.03,56.1,6097,2.695,1.401e+04,1.523e+04,0.9513,2475
1946,LWO,2.396e+06,1.047e+06,7.248e+04,4.944e+04,2.696,51.45,55.52,8078,3.687,1.98e+04,1.707e+04,0.9835,1799
1946,STA,1.256e+06,3.609e+05,3.762e+04,2.492e+04,3.098,49.33,53.4,4337,0.6938,6950,9379,0.7265,1181
1946,TAR,1.307e+06,3.752e+05,3.68e+04,2.587e+04,2.859,49.74,53.81,4728,0.6673,6660,1.114e+04,0.6988,1071
1946,LT_KAU,1.596e+05,1.545e+05,5721,3719,2.267,56.65,60.72,792.9,0.7148,3493,1915,1.127,939.3
1946,LT_LAU,4.752e+05,9.235e+04,1.21e+04,7288,2.835,54.18,58.25,1625,0.2289,3048,3840,0.825,558.1
1946,LT_ZEM,5.376e+05,1.029e+05,1.379e+04,8063,2.879,54.73,58.8,1830,0.2547,3187,4323,0.8243,498.3
1946,LT_SUV,4.473e+05,7.253e+04,1.083e+04,6612,2.755,54.72,58.79,1488,0.1885,2307,3368,0.8447,756.2
1946,LT_NEA,4.146e+05,5.993e+04,1.04e+04,6121,2.956,54.19,58.26,1360,0.129,2043,3341,0.7688,313.6
1946,LT_KLA,1.07e+05,6.31e+04,2917,1948,2.03,58.31,62.37,465.9,0.3699,1642,869.4,1.269,289.5
1947,WAW,5.102e+04,1.459e+06,2.275e+04,1.747e+04,1.759,57.75,61.88,3112,26.62,3.269e+04,1.105e+04,2.048,4334
1947,WAR,2.052e+06,8.077e+05,6.871e+04,3.91e+04,3.228,52.62,56.75,8026,2.79,1.443e+04,1.876e+04,0.8909,3264
1947,LOD,1.54e+06,1.49e+06,6.234e+04,4.008e+04,2.599,53.92,58.05,7306,10.04,2.597e+04,1.833e+04,1.245,3767
1947,KIE,2.393e+06,1.009e+06,8.689e+04,4.715e+04,3.497,52.07,56.2,8974,4.167,1.808e+04,2.006e+04,0.9742,3176
1947,LUB,2.161e+06,6.879e+05,8.144e+04,4.276e+04,4.124,50.07,54.2,8143,1.951,1.44e+04,2.017e+04,0.8073,2634
1947,BIA,1.37e+06,5.304e+05,5.006e+04,2.73e+04,3.671,51.12,55.25,5213,1.503,9690,1.326e+04,0.8071,1978
1947,WIL,1.045e+06,3.836e+05,3.667e+04,2.148e+04,3.554,50.15,54.28,3833,0.972,5025,1.021e+04,0.7631,1090
1947,NOW,1.043e+06,1.939e+05,3.725e+04,1.923e+04,4.471,49,53.13,3362,0.3333,3965,9474,0.6285,989.8
1947,POL,1.179e+06,2.638e+05,4.805e+04,2.349e+04,5.141,47.36,51.49,2864,0.3493,5229,9274,0.5516,1229
1947,WOL,2.027e+06,4.566e+05,7.9e+04,3.993e+04,4.873,48.03,52.17,6191,0.7821,6706,1.812e+04,0.6274,1229
1947,POZ,1.409e+06,1.006e+06,4.818e+04,2.896e+04,2.428,56.28,60.41,5112,8.426,1.677e+04,1.406e+04,1.387,2427
1947,POM,8.141e+05,5.264e+05,2.931e+04,1.573e+04,2.722,55.76,59.89,2737,4.563,1.337e+04,7757,1.412,1835
1947,SLA,9.135e+05,6.966e+05,2.974e+04,1.848e+04,2.183,57.01,61.14,2884,9.986,2.077e+04,9498,1.815,2850
1947,KRA,1.714e+06,8.346e+05,5.735e+04,3.586e+04,2.875,52.1,56.23,6839,3.275,1.424e+04,1.555e+04,0.9496,2550
1947,LWO,2.385e+06,1.075e+06,7.549e+04,4.977e+04,2.756,51.65,55.78,8948,4.582,2.026e+04,1.723e+04,0.9896,1867
1947,STA,1.252e+06,3.718e+05,3.924e+04,2.514e+04,3.175,49.46,53.59,4830,0.8652,7107,9494,0.7313,1231
1947,TAR,1.299e+06,3.856e+05,3.828e+04,2.592e+04,2.929,50.02,54.15,5262,0.8314,6810,1.124e+04,0.7039,1117
1947,LT_KAU,1.599e+05,1.571e+05,5977,3782,2.315,56.68,60.81,880.9,0.8642,3552,1957,1.124,975.5
1947,LT_LAU,4.745e+05,9.574e+04,1.266e+04,7377,2.898,54.24,58.37,1827,0.2842,3099,3915,0.826,581.3
1947,LT_ZEM,5.368e+05,1.067e+05,1.443e+04,8191,2.942,54.7,58.84,2057,0.3163,3241,4408,0.8253,519.6
1947,LT_SUV,4.462e+05,7.542e+04,1.13e+04,6687,2.81,54.78,58.91,1666,0.2347,2351,3430,0.8456,790.3
1947,LT_NEA,4.14e+05,6.244e+04,1.089e+04,6176,3.024,54.33,58.46,1530,0.1615,2085,3399,0.771,329.1
1947,LT_KLA,1.068e+05,6.461e+04,3049,1979,2.087,58.33,62.46,491.9,0.4502,1678,888.4,1.265,303.1
1948,WAW,5.316e+04,1.481e+06,2.288e+04,1.748e+04,1.74,58.29,62.48,3169,32.62,3.317e+04,1.126e+04,2.032,4663
1948,WAR,2.047e+06,8.283e+05,6.889e+04,3.854e+04,3.161,53.37,57.57,8231,3.503,1.485e+04,1.916e+04,0.8904,3548
1948,LOD,1.54e+06,1.513e+06,6.246e+04,3.987e+04,2.552,54.49,58.68,7453,12.4,2.642e+04,1.867e+04,1.24,4138
1948,KIE,2.391e+06,1.037e+06,8.736e+04,4.67e+04,3.43,52.74,56.93,9218,5.259,1.851e+04,2.051e+04,0.9749,3518
1948,LUB,2.161e+06,7.111e+05,8.222e+04,4.236e+04,4.068,50.76,54.96,8358,2.489,1.477e+04,2.058e+04,0.8101,2976
1948,BIA,1.37e+06,5.449e+05,5.044e+04,2.703e+04,3.612,51.81,56,5348,1.899,9878,1.355e+04,0.8082,2214
1948,WIL,1.043e+06,3.935e+05,3.688e+04,2.123e+04,3.498,50.86,55.06,3926,1.229,5119,1.04e+04,0.7651,1193
1948,NOW,1.047e+06,2.019e+05,3.769e+04,1.906e+04,4.423,49.71,53.9,3455,0.4305,3958,9675,0.6322,1079
1948,POL,1.19e+06,2.751e+05,4.882e+04,2.326e+04,5.084,48.2,52.4,2966,0.4514,5242,9555,0.5546,1301
1948,WOL,2.036e+06,4.743e+05,7.993e+04,3.936e+04,4.818,48.9,53.09,6357,1.008,6717,1.853e+04,0.6311,1369
1948,POZ,1.407e+06,1.026e+06,4.798e+04,2.882e+04,2.374,56.81,61,5220,10.44,1.752e+04,1.433e+04,1.381,2713
1948,POM,8.162e+05,5.41e+05,2.936e+04,1.57e+04,2.656,56.28,60.48,2809,5.716,1.378e+04,7959,1.407,2034
1948,SLA,9.162e+05,7.136e+05,2.982e+04,1.85e+04,2.149,57.49,61.68,2958,12.39,2.113e+04,9713,1.804,3159
1948,KRA,1.706e+06,8.525e+05,5.716e+04,3.542e+04,2.816,52.79,56.98,6994,4.093,1.449e+04,1.583e+04,0.9487,2850
1948,LWO,2.374e+06,1.105e+06,7.536e+04,4.916e+04,2.703,52.37,56.56,9105,5.814,2.065e+04,1.745e+04,0.9929,2141
1948,STA,1.247e+06,3.833e+05,3.923e+04,2.484e+04,3.118,50.15,54.35,4921,1.101,7169,9629,0.734,1402
1948,TAR,1.291e+06,3.966e+05,3.812e+04,2.564e+04,2.875,50.65,54.84,5347,1.057,6920,1.135e+04,0.7069,1279
1948,LT_KAU,1.6e+05,1.599e+05,6012,3777,2.281,57.15,61.35,900.3,1.075,3579,1995,1.123,1062
1948,LT_LAU,4.735e+05,9.928e+04,1.267e+04,7379,2.835,54.6,58.8,1870,0.3629,3123,3980,0.8278,632.4
1948,LT_ZEM,5.358e+05,1.107e+05,1.445e+04,8166,2.879,55.15,59.34,2106,0.404,3267,4482,0.8272,563.1
1948,LT_SUV,4.45e+05,7.844e+04,1.13e+04,6683,2.749,55.14,59.34,1700,0.3004,2376,3484,0.8474,873.2
1948,LT_NEA,4.132e+05,6.507e+04,1.091e+04,6147,2.962,54.82,59.01,1565,0.2079,2109,3450,0.7739,361.2
1948,LT_KLA,1.066e+05,6.617e+04,3049,1981,2.06,58.71,62.9,489.1,0.5635,1701,906,1.263,326.6
1949,WAW,5.518e+04,1.503e+06,2.255e+04,1.756e+04,1.695,58.66,62.92,3247,32.1,3.35e+04,1.146e+04,2.012,4811
1949,WAR,2.042e+06,8.481e+05,6.828e+04,3.85e+04,3.062,53.69,57.94,8530,3.534,1.501e+04,1.959e+04,0.8885,3662
1949,LOD,1.54e+06,1.535e+06,6.187e+04,3.981e+04,2.483,54.88,59.13,7662,12.35,2.669e+04,1.898e+04,1.235,4275
1949,KIE,2.389e+06,1.065e+06,8.678e+04,4.674e+04,3.325,53.04,57.29,9557,5.352,1.889e+04,2.093e+04,0.9757,3728
1949,LUB,2.162e+06,7.341e+05,8.211e+04,4.205e+04,3.967,51.29,55.54,8652,2.572,1.512e+04,2.094e+04,0.8147,3104
1949,BIA,1.369e+06,5.593e+05,5.022e+04,2.7e+04,3.509,52.15,56.41,5536,1.938,1.017e+04,1.38e+04,0.8102,2363
1949,WIL,1.042e+06,4.032e+05,3.664e+04,2.109e+04,3.401,51.33,55.58,4067,1.247,5261,1.059e+04,0.7654,1271
1949,NOW,1.05e+06,2.098e+05,3.776e+04,1.895e+04,4.325,50.21,54.47,3597,0.4449,4022,9899,0.6338,1145
1949,POL,1.201e+06,2.863e+05,4.914e+04,2.315e+04,4.97,48.76,53.02,3114,0.4654,5330,9871,0.555,1341
1949,WOL,2.044e+06,4.921e+05,8.009e+04,3.91e+04,4.709,49.43,53.69,6599,1.045,6872,1.895e+04,0.6342,1438
1949,POZ,1.404e+06,1.045e+06,4.714e+04,2.885e+04,2.297,57.09,61.35,5372,10.47,1.787e+04,1.457e+04,1.378,2822
1949,POM,8.181e+05,5.554e+05,2.905e+04,1.578e+04,2.565,56.54,60.8,2909,5.772,1.403e+04,8153,1.403,2112
1949,SLA,9.191e+05,7.304e+05,2.945e+04,1.86e+04,2.089,57.76,62.01,3058,12.4,2.179e+04,9911,1.794,3334
1949,KRA,1.698e+06,8.699e+05,5.621e+04,3.526e+04,2.725,53.16,57.42,7215,4.135,1.481e+04,1.607e+04,0.9489,3015
1949,LWO,2.362e+06,1.135e+06,7.416e+04,4.882e+04,2.62,52.83,57.08,9326,5.984,2.1e+04,1.756e+04,0.9994,2238
1949,STA,1.242e+06,3.946e+05,3.87e+04,2.473e+04,3.025,50.52,54.78,5055,1.135,7277,9729,0.7382,1465
1949,TAR,1.282e+06,4.074e+05,3.744e+04,2.545e+04,2.788,51.06,55.32,5475,1.089,7026,1.142e+04,0.7117,1338
1949,LT_KAU,1.602e+05,1.625e+05,5869,3808,2.188,57.3,61.56,928.9,1.071,3628,2029,1.118,1130
1949,LT_LAU,4.723e+05,1.027e+05,1.252e+04,7402,2.742,54.79,59.05,1938,0.3706,3163,4056,0.8267,673.2
1949,LT_ZEM,5.346e+05,1.145e+05,1.427e+04,8248,2.783,55.16,59.42,2182,0.4121,3306,4571,0.8257,598.8
1949,LT_SUV,4.436e+05,8.139e+04,1.115e+04,6723,2.657,55.24,59.5,1754,0.3085,2415,3541,0.8474,937.8
1949,LT_NEA,4.122e+05,6.765e+04,1.078e+04,6166,2.865,55,59.25,1621,0.2141,2144,3508,0.7742,387.8
1949,LT_KLA,1.065e+05,6.768e+04,3010,1996,2.017,58.87,63.13,490.4,0.5628,1729,921.8,1.255,347.2
1950,WAW,5.721e+04,1.526e+06,2.384e+04,1.754e+04,1.779,59.21,63.52,3288,32.39,3.407e+04,1.164e+04,1.996,4954
1950,WAR,2.04e+06,8.686e+05,7.212e+04,3.813e+04,3.167,54.31,58.62,8802,3.644,1.524e+04,2.001e+04,0.8872,3832
1950,LOD,1.543e+06,1.557e+06,6.463e+04,3.938e+04,2.556,55.55,59.87,7834,12.55,2.705e+04,1.93e+04,1.23,4401
1950,KIE,2.39e+06,1.094e+06,9.205e+04,4.602e+04,3.444,53.84,58.15,9861,5.578,1.929e+04,2.134e+04,0.978,3862
1950,LUB,2.167e+06,7.582e+05,8.766e+04,4.141e+04,4.134,52.14,56.46,8948,2.697,1.545e+04,2.141e+04,0.8169,3218
1950,BIA,1.371e+06,5.745e+05,5.338e+04,2.673e+04,3.643,52.84,57.16,5704,2.025,1.041e+04,1.406e+04,0.8133,2537
1950,WIL,1.041e+06,4.135e+05,3.887e+04,2.081e+04,3.534,52.08,56.39,4189,1.302,5446,1.076e+04,0.7686,1345
1950,NOW,1.056e+06,2.182e+05,4.043e+04,1.872e+04,4.516,51.01,55.32,3726,0.4729,4132,1.011e+04,0.6376,1198
1950,POL,1.216e+06,2.981e+05,5.293e+04,2.288e+04,5.191,49.65,53.97,3252,0.4938,5487,1.019e+04,0.5575,1376
1950,WOL,2.058e+06,5.109e+05,8.586e+04,3.852e+04,4.918,50.32,54.64,6838,1.106,7065,1.942e+04,0.6373,1503
1950,POZ,1.403e+06,1.065e+06,4.946e+04,2.86e+04,2.38,57.69,62.01,5519,10.67,1.82e+04,1.482e+04,1.372,2917
1950,POM,8.212e+05,5.701e+05,3.062e+04,1.565e+04,2.646,57.2,61.52,3007,5.937,1.432e+04,8356,1.398,2233
1950,SLA,9.228e+05,7.479e+05,3.082e+04,1.861e+04,2.159,58.22,62.54,3146,12.71,2.219e+04,1.011e+04,1.786,3442
1950,KRA,1.693e+06,8.879e+05,5.897e+04,3.472e+04,2.821,53.9,58.22,7411,4.266,1.506e+04,1.631e+04,0.9494,3118
1950,LWO,2.354e+06,1.165e+06,7.784e+04,4.804e+04,2.715,53.62,57.94,9535,6.229,2.141e+04,1.784e+04,1.001,2354
1950,STA,1.24e+06,4.062e+05,4.071e+04,2.423e+04,3.136,51.43,55.75,5189,1.185,7421,9875,0.7397,1530
1950,TAR,1.276e+06,4.184e+05,3.918e+04,2.503e+04,2.887,51.81,56.12,5603,1.136,7165,1.154e+04,0.7136,1400
1950,LT_KAU,1.606e+05,1.651e+05,6143,3815,2.258,57.64,61.96,950,1.098,3667,2062,1.117,1195
1950,LT_LAU,4.717e+05,1.063e+05,1.315e+04,7371,2.826,55.24,59.56,1993,0.3894,3196,4114,0.8292,712.4
1950,LT_ZEM,5.339e+05,1.185e+05,1.501e+04,8170,2.874,55.74,60.06,2245,0.4331,3341,4637,0.8282,634.1
1950,LT_SUV,4.427e+05,8.444e+04,1.171e+04,6669,2.744,55.77,60.09,1799,0.3255,2449,3585,0.8504,1000
1950,LT_NEA,4.117e+05,7.032e+04,1.135e+04,6132,2.961,55.47,59.79,1666,0.2268,2175,3553,0.7779,414
1950,LT_KLA,1.064e+05,6.922e+04,3149,2001,2.1,59.21,63.53,488.8,0.5797,1755,937.5,1.254,367.9
1951,WAW,5.921e+04,1.55e+06,2.415e+04,1.744e+04,1.794,59.93,64.31,3332,30.6,3.462e+04,1.183e+04,1.981,5083
1951,WAR,2.038e+06,8.893e+05,7.247e+04,3.774e+04,3.123,54.99,59.37,9085,3.528,1.549e+04,2.037e+04,0.8881,3936
1951,LOD,1.546e+06,1.58e+06,6.486e+04,3.905e+04,2.536,56.21,60.58,8022,11.92,2.737e+04,1.96e+04,1.225,4511
1951,KIE,2.393e+06,1.124e+06,9.291e+04,4.551e+04,3.4,54.59,58.97,1.021e+04,5.407,1.97e+04,2.182e+04,0.9781,4008
1951,LUB,2.173e+06,7.828e+05,8.92e+04,4.106e+04,4.109,52.89,57.27,9280,2.641,1.581e+04,2.188e+04,0.8189,3335
1951,BIA,1.374e+06,5.902e+05,5.405e+04,2.653e+04,3.606,53.53,57.91,5885,1.984,1.065e+04,1.43e+04,0.8174,2624
1951,WIL,1.042e+06,4.241e+05,3.926e+04,2.054e+04,3.499,52.86,57.24,4325,1.27,5580,1.093e+04,0.7718,1396
1951,NOW,1.062e+06,2.27e+05,4.125e+04,1.846e+04,4.496,51.91,56.29,3873,0.4688,4243,1.034e+04,0.6408,1251
1951,POL,1.231e+06,3.106e+05,5.439e+04,2.268e+04,5.17,50.57,54.95,3408,0.4899,5644,1.052e+04,0.56,1409
1951,WOL,2.072e+06,5.305e+05,8.78e+04,3.824e+04,4.897,51.11,55.49,7106,1.094,7274,1.989e+04,0.6405,1574
1951,POZ,1.402e+06,1.085e+06,4.95e+04,2.835e+04,2.361,58.33,62.71,5680,10.17,1.849e+04,1.507e+04,1.366,3004
1951,POM,8.244e+05,5.85e+05,3.071e+04,1.563e+04,2.602,57.72,62.1,3109,5.736,1.462e+04,8556,1.396,2302
1951,SLA,9.266e+05,7.655e+05,3.076e+04,1.854e+04,2.134,58.8,63.18,3247,12.12,2.271e+04,1.031e+04,1.774,3575
1951,KRA,1.687e+06,9.057e+05,5.875e+04,3.414e+04,2.779,54.72,59.1,7639,4.095,1.526e+04,1.658e+04,0.9481,3216
1951,LWO,2.346e+06,1.196e+06,7.755e+04,4.742e+04,2.677,54.38,58.76,9756,6.072,2.181e+04,1.811e+04,1.005,2444
1951,STA,1.237e+06,4.179e+05,4.076e+04,2.38e+04,3.098,52.32,56.7,5336,1.157,7558,1.001e+04,0.7418,1594
1951,TAR,1.269e+06,4.294e+05,3.899e+04,2.467e+04,2.85,52.56,56.94,5741,1.108,7296,1.164e+04,0.7161,1459
1951,LT_KAU,1.609e+05,1.677e+05,6141,3810,2.235,58.11,62.49,973,1.052,3706,2094,1.117,1244
1951,LT_LAU,4.709e+05,1.098e+05,1.312e+04,7351,2.777,55.69,60.06,2054,0.3821,3230,4168,0.8317,743.5
1951,LT_ZEM,5.331e+05,1.225e+05,1.5e+04,8192,2.824,56.05,60.43,2314,0.4251,3377,4698,0.8308,661.8
1951,LT_SUV,4.417e+05,8.751e+04,1.168e+04,6620,2.697,56.31,60.69,1847,0.3206,2483,3626,0.8534,1047
1951,LT_NEA,4.112e+05,7.301e+04,1.134e+04,6121,2.911,55.89,60.27,1716,0.2244,2206,3594,0.7816,435.9
1951,LT_KLA,1.063e+05,7.078e+04,3143,2006,2.095,59.57,63.95,487.7,0.5584,1782,952.5,1.252,385.9
1952,WAW,6.123e+04,1.575e+06,2.406e+04,1.738e+04,1.784,60.55,64.99,3385,26.73,3.522e+04,1.202e+04,1.968,5226
1952,WAR,2.037e+06,9.099e+05,7.31e+04,3.732e+04,3.099,55.64,60.08,9422,3.145,1.574e+04,2.075e+04,0.8879,4104
1952,LOD,1.55e+06,1.601e+06,6.482e+04,3.858e+04,2.512,56.89,61.34,8253,10.46,2.774e+04,1.99e+04,1.22,4656
1952,KIE,2.397e+06,1.153e+06,9.417e+04,4.477e+04,3.378,55.39,59.83,1.061e+04,4.848,2.008e+04,2.226e+04,0.9792,4164
1952,LUB,2.181e+06,8.076e+05,9.119e+04,4.049e+04,4.11,53.68,58.12,9655,2.39,1.615e+04,2.234e+04,0.8215,3455
1952,BIA,1.377e+06,6.059e+05,5.494e+04,2.619e+04,3.591,54.27,58.71,6110,1.78,1.086e+04,1.459e+04,0.8186,2727
1952,WIL,1.042e+06,4.347e+05,3.979e+04,2.02e+04,3.484,53.68,58.12,4485,1.141,5756,1.112e+04,0.7738,1471
1952,NOW,1.069e+06,2.359e+05,4.229e+04,1.817e+04,4.501,52.77,57.21,4039,0.4295,4370,1.057e+04,0.6445,1316
1952,POL,1.247e+06,3.234e+05,5.622e+04,2.242e+04,5.18,51.45,55.89,3583,0.4493,5832,1.086e+04,0.563,1481
1952,WOL,2.089e+06,5.505e+05,9.027e+04,3.752e+04,4.905,52.07,56.52,7414,1.002,7477,2.037e+04,0.6443,1644
1952,POZ,1.402e+06,1.104e+06,4.968e+04,2.833e+04,2.354,58.74,63.18,5886,8.958,1.881e+04,1.531e+04,1.36,3104
1952,POM,8.279e+05,5.998e+05,3.093e+04,1.553e+04,2.577,58.31,62.75,3244,5.091,1.49e+04,8754,1.391,2379
1952,SLA,9.304e+05,7.833e+05,3.082e+04,1.842e+04,2.122,59.42,63.86,3368,10.71,2.309e+04,1.051e+04,1.766,3684
1952,KRA,1.683e+06,9.231e+05,5.878e+04,3.366e+04,2.756,55.4,59.84,7895,3.632,1.548e+04,1.684e+04,0.9474,3328
1952,LWO,2.339e+06,1.226e+06,7.78e+04,4.643e+04,2.665,55.28,59.72,1.002e+04,5.451,2.22e+04,1.839e+04,1.007,2592
1952,STA,1.235e+06,4.296e+05,4.093e+04,2.332e+04,3.078,53.18,57.63,5505,1.044,7703,1.014e+04,0.7443,1666
1952,TAR,1.263e+06,4.402e+05,3.893e+04,2.414e+04,2.83,53.42,57.86,5899,0.9975,7439,1.174e+04,0.7189,1528
1952,LT_KAU,1.614e+05,1.702e+05,6170,3809,2.23,58.53,62.97,1001,0.9292,3745,2126,1.116,1313
1952,LT_LAU,4.702e+05,1.134e+05,1.319e+04,7295,2.757,56.19,60.63,2123,0.3454,3262,4223,0.8336,799
1952,LT_ZEM,5.323e+05,1.264e+05,1.506e+04,8167,2.801,56.44,60.88,2393,0.3843,3412,4762,0.8327,703.1
1952,LT_SUV,4.407e+05,9.055e+04,1.167e+04,6566,2.667,56.82,61.26,1907,0.2903,2512,3671,0.8551,1109
1952,LT_NEA,4.106e+05,7.569e+04,1.137e+04,6108,2.88,56.25,60.69,1774,0.2043,2237,3636,0.7847,495.6
1952,LT_KLA,1.063e+05,7.229e+04,3133,2008,2.092,59.92,64.37,496.3,0.4961,1809,967.3,1.251,408.6
1953,WAW,6.323e+04,1.6e+06,2.383e+04,1.738e+04,1.764,61.07,65.57,3431,24.94,3.579e+04,1.221e+04,1.954,5356
1953,WAR,2.036e+06,9.307e+05,7.349e+04,3.706e+04,3.072,56.16,60.66,9714,3.002,1.6e+04,2.11e+04,0.8886,4213
1953,LOD,1.554e+06,1.624e+06,6.517e+04,3.829e+04,2.508,57.47,61.97,8458,9.814,2.81e+04,2.019e+04,1.217,4772
1953,KIE,2.401e+06,1.183e+06,9.518e+04,4.45e+04,3.354,55.94,60.44,1.097e+04,4.636,2.044e+04,2.272e+04,0.9796,4284
1953,LUB,2.191e+06,8.33e+05,9.302e+04,4.011e+04,4.108,54.35,58.85,1.001e+04,2.306,1.648e+04,2.283e+04,0.8233,3564
1953,BIA,1.38e+06,6.219e+05,5.569e+04,2.595e+04,3.572,54.89,59.39,6314,1.707,1.108e+04,1.488e+04,0.8197,2815
1953,WIL,1.043e+06,4.455e+05,4.024e+04,1.998e+04,3.468,54.32,58.82,4626,1.098,5897,1.129e+04,0.7767,1522
1953,NOW,1.077e+06,2.451e+05,4.327e+04,1.805e+04,4.503,53.4,57.91,4192,0.4205,4494,1.079e+04,0.6481,1372
1953,POL,1.265e+06,3.368e+05,5.801e+04,2.219e+04,5.185,52.28,56.78,3747,0.4426,6022,1.119e+04,0.5672,1507
1953,WOL,2.107e+06,5.713e+05,9.27e+04,3.716e+04,4.911,52.8,57.31,7707,0.9782,7689,2.086e+04,0.6474,1714
1953,POZ,1.401e+06,1.123e+06,4.928e+04,2.841e+04,2.324,59.03,63.54,6069,8.421,1.912e+04,1.553e+04,1.355,3195
1953,POM,8.315e+05,6.144e+05,3.092e+04,1.554e+04,2.538,58.73,63.23,3370,4.821,1.518e+04,8949,1.386,2449
1953,SLA,9.342e+05,8.015e+05,3.107e+04,1.839e+04,2.127,59.9,64.4,3483,10.09,2.346e+04,1.072e+04,1.755,3790
1953,KRA,1.678e+06,9.402e+05,5.847e+04,3.321e+04,2.723,56.05,60.55,8121,3.44,1.57e+04,1.709e+04,0.9464,3428
1953,LWO,2.333e+06,1.256e+06,7.746e+04,4.587e+04,2.637,55.93,60.43,1.024e+04,5.242,2.265e+04,1.865e+04,1.011,2689
1953,STA,1.233e+06,4.414e+05,4.101e+04,2.303e+04,3.055,53.84,58.34,5654,1.005,7853,1.027e+04,0.7466,1734
1953,TAR,1.256e+06,4.511e+05,3.878e+04,2.376e+04,2.809,54.11,58.61,6034,0.9593,7587,1.183e+04,0.7216,1593
1953,LT_KAU,1.617e+05,1.728e+05,6170,3829,2.218,58.8,63.3,1025,0.8784,3769,2157,1.116,1366
1953,LT_LAU,4.693e+05,1.17e+05,1.319e+04,7275,2.729,56.57,61.07,2180,0.3355,3288,4262,0.8378,832.4
1953,LT_ZEM,5.313e+05,1.304e+05,1.503e+04,8143,2.767,56.81,61.31,2459,0.3721,3434,4814,0.8357,733.2
1953,LT_SUV,4.396e+05,9.361e+04,1.163e+04,6550,2.636,57.17,61.67,1957,0.2812,2533,3710,0.8576,1161
1953,LT_NEA,4.099e+05,7.851e+04,1.138e+04,6054,2.854,56.76,61.26,1812,0.2024,2279,3642,0.7945,523.7
1953,LT_KLA,1.062e+05,7.381e+04,3141,2027,2.105,60.09,64.59,503.2,0.4713,1828,982.1,1.25,428.2
1954,WAW,6.525e+04,1.624e+06,2.384e+04,1.744e+04,1.759,61.5,66.06,3522,17.71,3.631e+04,1.242e+04,1.942,5502
1954,WAR,2.036e+06,9.498e+05,7.354e+04,3.662e+04,3.041,56.77,61.33,1.015e+04,2.169,1.622e+04,2.144e+04,0.8888,4385
1954,LOD,1.56e+06,1.644e+06,6.488e+04,3.8e+04,2.485,58.05,62.61,8775,6.992,2.841e+04,2.048e+04,1.213,4919
1954,KIE,2.408e+06,1.211e+06,9.58e+04,4.417e+04,3.326,56.49,61.06,1.149e+04,3.36,2.083e+04,2.317e+04,0.9798,4435
1954,LUB,2.203e+06,8.569e+05,9.454e+04,3.936e+04,4.101,55.2,59.77,1.05e+04,1.688,1.678e+04,2.329e+04,0.8256,3684
1954,BIA,1.386e+06,6.367e+05,5.618e+04,2.57e+04,3.547,55.49,60.06,6607,1.241,1.127e+04,1.516e+04,0.8211,2910
1954,WIL,1.045e+06,4.554e+05,4.034e+04,1.976e+04,3.431,54.93,59.5,4836,0.7984,6022,1.146e+04,0.7788,1576
1954,NOW,1.085e+06,2.54e+05,4.411e+04,1.791e+04,4.499,54.02,58.58,4407,0.312,4611,1.101e+04,0.6519,1432
1954,POL,1.284e+06,3.499e+05,5.971e+04,2.206e+04,5.186,52.99,57.56,3979,0.3285,6185,1.155e+04,0.5699,1530
1954,WOL,2.127e+06,5.915e+05,9.494e+04,3.671e+04,4.914,53.58,58.14,8111,0.725,7886,2.134e+04,0.6512,1790
1954,POZ,1.402e+06,1.14e+06,4.904e+04,2.832e+04,2.308,59.46,64.02,6333,6.014,1.944e+04,1.574e+04,1.351,3304
1954,POM,8.359e+05,6.281e+05,3.082e+04,1.548e+04,2.499,59.23,63.8,3542,3.465,1.542e+04,9136,1.381,2527
1954,SLA,9.379e+05,8.199e+05,3.116e+04,1.831e+04,2.122,60.47,65.04,3645,7.229,2.389e+04,1.092e+04,1.746,3923
1954,KRA,1.675e+06,9.558e+05,5.817e+04,3.266e+04,2.698,56.76,61.33,8458,2.473,1.597e+04,1.731e+04,0.9461,3566
1954,LWO,2.329e+06,1.284e+06,7.695e+04,4.536e+04,2.61,56.54,61.1,1.062e+04,3.806,2.309e+04,1.891e+04,1.013,2883
1954,STA,1.232e+06,4.524e+05,4.094e+04,2.27e+04,3.029,54.52,59.09,5881,0.7344,8012,1.038e+04,0.7494,1829
1954,TAR,1.251e+06,4.609e+05,3.833e+04,2.336e+04,2.772,54.81,59.38,6250,0.6997,7746,1.19e+04,0.7247,1678
1954,LT_KAU,1.623e+05,1.751e+05,6165,3834,2.209,59.15,63.71,1064,0.6292,3802,2187,1.115,1423
1954,LT_LAU,4.685e+05,1.204e+05,1.311e+04,7238,2.696,56.98,61.55,2270,0.2455,3316,4309,0.8399,867.6
1954,LT_ZEM,5.305e+05,1.342e+05,1.496e+04,8098,2.734,57.23,61.8,2562,0.2723,3465,4866,0.838,770.6
1954,LT_SUV,4.385e+05,9.646e+04,1.156e+04,6555,2.606,57.42,61.98,2034,0.2061,2560,3745,0.8597,1231
1954,LT_NEA,4.093e+05,8.116e+04,1.132e+04,6011,2.817,57.21,61.78,1886,0.1494,2308,3675,0.7981,554.8
1954,LT_KLA,1.062e+05,7.52e+04,3118,2035,2.098,60.36,64.92,515.9,0.3394,1852,996.4,1.25,449.8
1955,WAW,6.727e+04,1.649e+06,2.404e+04,1.771e+04,1.765,61.67,66.3,3599,14.8,3.684e+04,1.263e+04,1.929,5646
1955,WAR,2.036e+06,9.68e+05,7.253e+04,3.68e+04,2.975,56.94,61.57,1.048e+04,1.848,1.644e+04,2.173e+04,0.8898,4504
1955,LOD,1.566e+06,1.662e+06,6.387e+04,3.812e+04,2.438,58.32,62.95,9025,5.864,2.871e+04,2.074e+04,1.21,5046
1955,KIE,2.414e+06,1.238e+06,9.51e+04,4.412e+04,3.26,56.85,61.48,1.191e+04,2.865,2.113e+04,2.36e+04,0.9798,4565
1955,LUB,2.216e+06,8.804e+05,9.485e+04,3.921e+04,4.05,55.67,60.29,1.091e+04,1.452,1.707e+04,2.375e+04,0.8271,3800
1955,BIA,1.391e+06,6.511e+05,5.593e+04,2.572e+04,3.484,55.8,60.43,6843,1.061,1.147e+04,1.542e+04,0.822,3016
1955,WIL,1.047e+06,4.65e+05,3.991e+04,1.976e+04,3.356,55.24,59.87,5006,0.6824,6346,1.163e+04,0.7802,1723
1955,NOW,1.094e+06,2.629e+05,4.439e+04,1.789e+04,4.446,54.44,59.06,4584,0.272,4705,1.122e+04,0.6551,1492
1955,POL,1.304e+06,3.631e+05,6.07e+04,2.207e+04,5.132,53.5,58.12,4187,0.2863,6348,1.191e+04,0.5719,1553
1955,WOL,2.148e+06,6.116e+05,9.593e+04,3.678e+04,4.859,53.97,58.59,8448,0.6316,8087,2.18e+04,0.6545,1865
1955,POZ,1.403e+06,1.156e+06,4.795e+04,2.848e+04,2.255,59.66,64.29,6541,5.052,1.971e+04,1.593e+04,1.346,3402
1955,POM,8.402e+05,6.411e+05,3.02e+04,1.562e+04,2.424,59.41,64.04,3687,2.926,1.566e+04,9309,1.376,2603
1955,SLA,9.411e+05,8.382e+05,3.073e+04,1.856e+04,2.085,60.61,65.23,3779,6.102,2.424e+04,1.112e+04,1.738,4037
1955,KRA,1.671e+06,9.705e+05,5.723e+04,3.264e+04,2.648,57.05,61.68,8715,2.095,1.618e+04,1.75e+04,0.9462,3676
1955,LWO,2.324e+06,1.31e+06,7.551e+04,4.515e+04,2.554,56.96,61.59,1.088e+04,3.27,2.349e+04,1.915e+04,1.017,2986
1955,STA,1.231e+06,4.63e+05,4.033e+04,2.245e+04,2.969,55.07,59.69,6049,0.6325,8155,1.048e+04,0.7528,1903
1955,TAR,1.246e+06,4.702e+05,3.742e+04,2.317e+04,2.707,55.24,59.87,6403,0.6009,7882,1.195e+04,0.7281,1747
1955,LT_KAU,1.629e+05,1.772e+05,6061,3883,2.167,59.2,63.83,1094,0.5297,3819,2215,1.114,1552
1955,LT_LAU,4.676e+05,1.236e+05,1.285e+04,7238,2.632,57.23,61.85,2340,0.2109,3327,4353,0.8413,944.3
1955,LT_ZEM,5.294e+05,1.378e+05,1.469e+04,8135,2.673,57.37,62,2639,0.2345,3481,4910,0.8403,835
1955,LT_SUV,4.372e+05,9.922e+04,1.133e+04,6622,2.549,57.41,62.03,2090,0.1779,2574,3772,0.8625,1288
1955,LT_NEA,4.085e+05,8.374e+04,1.112e+04,6065,2.754,57.24,61.87,1942,0.1296,2327,3704,0.8013,615.3
1955,LT_KLA,1.063e+05,7.654e+04,3075,2057,2.079,60.46,65.09,525.4,0.2875,1868,1010,1.248,486.6
1956,WAW,6.925e+04,1.674e+06,2.392e+04,1.778e+04,1.747,62.1,66.79,3596,22.15,3.729e+04,1.285e+04,1.919,5788
1956,WAR,2.032e+06,9.894e+05,7.203e+04,3.645e+04,2.934,57.43,62.12,1.052e+04,2.815,1.662e+04,2.203e+04,0.8898,4631
1956,LOD,1.568e+06,1.685e+06,6.399e+04,3.801e+04,2.435,58.74,63.43,9040,8.821,2.911e+04,2.102e+04,1.207,5183
1956,KIE,2.416e+06,1.269e+06,9.473e+04,4.379e+04,3.211,57.35,62.04,1.199e+04,4.378,2.151e+04,2.402e+04,0.9797,4711
1956,LUB,2.226e+06,9.077e+05,9.602e+04,3.887e+04,4.039,56.23,60.92,1.101e+04,2.239,1.73e+04,2.422e+04,0.8285,3923
1956,BIA,1.393e+06,6.68e+05,5.62e+04,2.55e+04,3.457,56.33,61.02,6885,1.627,1.162e+04,1.568e+04,0.8233,3109
1956,WIL,1.047e+06,4.768e+05,3.998e+04,1.955e+04,3.327,55.79,60.48,5007,1.061,6516,1.171e+04,0.7868,1791
1956,NOW,1.102e+06,2.733e+05,4.506e+04,1.776e+04,4.437,54.98,59.67,4631,0.4249,4822,1.145e+04,0.6577,1563
1956,POL,1.323e+06,3.784e+05,6.229e+04,2.199e+04,5.131,54.07,58.76,4285,0.4469,6516,1.23e+04,0.5732,1595
1956,WOL,2.168e+06,6.353e+05,9.788e+04,3.639e+04,4.857,54.62,59.31,8556,0.9859,8249,2.23e+04,0.6571,1943
1956,POZ,1.401e+06,1.175e+06,4.752e+04,2.841e+04,2.236,60.05,64.74,6564,7.61,1.994e+04,1.612e+04,1.343,3498
1956,POM,8.428e+05,6.555e+05,2.999e+04,1.556e+04,2.385,59.87,64.56,3728,4.431,1.586e+04,9479,1.371,2674
1956,SLA,9.443e+05,8.567e+05,3.071e+04,1.856e+04,2.077,61.05,65.74,3811,9.212,2.464e+04,1.131e+04,1.73,4167
1956,KRA,1.665e+06,9.883e+05,5.682e+04,3.249e+04,2.626,57.44,62.13,8725,3.179,1.643e+04,1.77e+04,0.9459,3821
1956,LWO,2.316e+06,1.341e+06,7.494e+04,4.482e+04,2.53,57.46,62.14,1.087e+04,5,2.399e+04,1.939e+04,1.018,3192
1956,STA,1.228e+06,4.755e+05,4.005e+04,2.219e+04,2.936,55.63,60.32,6054,0.9734,8321,1.06e+04,0.7547,2028
1956,TAR,1.238e+06,4.814e+05,3.707e+04,2.281e+04,2.686,55.87,60.56,6380,0.9225,8045,1.203e+04,0.7302,1861
1956,LT_KAU,1.63e+05,1.798e+05,6069,3893,2.166,59.51,64.2,1091,0.8098,3838,2243,1.119,1620
1956,LT_LAU,4.659e+05,1.273e+05,1.27e+04,7235,2.596,57.48,62.17,2331,0.3286,3340,4366,0.8474,986.8
1956,LT_ZEM,5.275e+05,1.42e+05,1.452e+04,8078,2.636,57.78,62.47,2630,0.3652,3495,4928,0.8458,873
1956,LT_SUV,4.353e+05,1.024e+05,1.12e+04,6598,2.518,57.72,62.41,2087,0.2749,2576,3801,0.8643,1345
1956,LT_NEA,4.071e+05,8.678e+04,1.103e+04,6057,2.726,57.51,62.2,1932,0.2041,2347,3707,0.8089,675.5
1956,LT_KLA,1.061e+05,7.808e+04,3069,2064,2.085,60.74,65.43,521.8,0.4402,1882,1024,1.252,511.5
1957,WAW,7.125e+04,1.699e+06,2.375e+04,1.779e+04,1.723,62.63,67.38,3601,21.03,3.779e+04,1.306e+04,1.908,5917
1957,WAR,2.027e+06,1.011e+06,7.033e+04,3.617e+04,2.856,57.87,62.62,1.055e+04,2.72,1.681e+04,2.231e+04,0.8897,4739
1957,LOD,1.569e+06,1.708e+06,6.281e+04,3.781e+04,2.388,59.23,63.98,9054,8.418,2.94e+04,2.127e+04,1.204,5296
1957,KIE,2.418e+06,1.3e+06,9.287e+04,4.314e+04,3.124,57.98,62.73,1.207e+04,4.242,2.18e+04,2.441e+04,0.9797,4831
1957,LUB,2.235e+06,9.349e+05,9.503e+04,3.837e+04,3.952,56.86,61.61,1.11e+04,2.188,1.758e+04,2.466e+04,0.8295,4029
1957,BIA,1.396e+06,6.849e+05,5.536e+04,2.526e+04,3.376,56.84,61.59,6924,1.581,1.18e+04,1.593e+04,0.8239,3199
1957,WIL,1.047e+06,4.885e+05,3.928e+04,1.926e+04,3.246,56.42,61.17,5028,1.033,6641,1.186e+04,0.7884,1845
1957,NOW,1.109e+06,2.839e+05,4.486e+04,1.756e+04,4.357,55.57,60.32,4673,0.4213,4939,1.165e+04,0.6606,1622
1957,POL,1.342e+06,3.941e+05,6.268e+04,2.184e+04,5.047,54.69,59.44,4375,0.4434,6683,1.267e+04,0.5751,1608
1957,WOL,2.186e+06,6.593e+05,9.793e+04,3.593e+04,4.776,55.28,60.03,8656,0.9753,8448,2.277e+04,0.6595,2015
1957,POZ,1.398e+06,1.193e+06,4.604e+04,2.807e+04,2.172,60.67,65.42,6586,7.265,2.019e+04,1.629e+04,1.338,3589
1957,POM,8.451e+05,6.699e+05,2.939e+04,1.544e+04,2.324,60.42,65.17,3768,4.252,1.608e+04,9639,1.366,2747
1957,SLA,9.472e+05,8.752e+05,3.03e+04,1.854e+04,2.045,61.52,66.27,3843,8.827,2.496e+04,1.15e+04,1.722,4272
1957,KRA,1.657e+06,1.006e+06,5.522e+04,3.224e+04,2.556,57.89,62.65,8725,3.064,1.663e+04,1.785e+04,0.9465,3924
1957,LWO,2.306e+06,1.372e+06,7.301e+04,4.421e+04,2.465,58.09,62.85,1.084e+04,4.878,2.438e+04,1.961e+04,1.023,3293
1957,STA,1.224e+06,4.879e+05,3.894e+04,2.188e+04,2.85,56.22,60.98,6044,0.9549,8470,1.067e+04,0.7586,2101
1957,TAR,1.23e+06,4.926e+05,3.604e+04,2.254e+04,2.622,56.41,61.16,6342,0.9029,8190,1.205e+04,0.7342,1931
1957,LT_KAU,1.63e+05,1.822e+05,5891,3897,2.103,59.84,64.59,1091,0.7763,3856,2269,1.119,1678
1957,LT_LAU,4.64e+05,1.311e+05,1.232e+04,7152,2.52,57.99,62.74,2329,0.3212,3352,4397,0.849,1023
1957,LT_ZEM,5.253e+05,1.462e+05,1.412e+04,8056,2.566,58.07,62.83,2629,0.3571,3509,4964,0.8476,905.3
1957,LT_SUV,4.332e+05,1.055e+05,1.086e+04,6552,2.449,58.1,62.85,2083,0.2688,2590,3825,0.8656,1398
1957,LT_NEA,4.055e+05,8.984e+04,1.07e+04,6008,2.648,57.92,62.68,1923,0.2031,2377,3709,0.8154,712.6
1957,LT_KLA,1.058e+05,7.96e+04,3001,2060,2.05,61.15,65.9,519.5,0.4244,1900,1038,1.252,534.6
1958,WAW,7.324e+04,1.725e+06,2.418e+04,1.816e+04,1.743,62.69,67.5,3494,37.37,3.828e+04,1.328e+04,1.899,6074
1958,WAR,2.019e+06,1.036e+06,7.086e+04,3.635e+04,2.873,58.02,62.84,1.019e+04,4.935,1.701e+04,2.256e+04,0.8903,4868
1958,LOD,1.567e+06,1.736e+06,6.382e+04,3.809e+04,2.426,59.42,64.23,8757,15.07,2.967e+04,2.154e+04,1.202,5436
1958,KIE,2.415e+06,1.336e+06,9.385e+04,4.361e+04,3.136,58.04,62.85,1.17e+04,7.709,2.217e+04,2.479e+04,0.9799,4991
1958,LUB,2.242e+06,9.671e+05,9.743e+04,3.853e+04,4.009,57.11,61.93,1.079e+04,4.013,1.794e+04,2.51e+04,0.8309,4193
1958,BIA,1.396e+06,7.051e+05,5.641e+04,2.536e+04,3.415,57.07,61.88,6708,2.887,1.198e+04,1.616e+04,0.8253,3342
1958,WIL,1.045e+06,5.025e+05,3.973e+04,1.926e+04,3.264,56.7,61.51,4863,1.885,6755,1.201e+04,0.7901,1907
1958,NOW,1.115e+06,2.966e+05,4.612e+04,1.763e+04,4.425,55.84,60.65,4540,0.7848,5055,1.186e+04,0.6635,1693
1958,POL,1.359e+06,4.128e+05,6.514e+04,2.215e+04,5.133,54.85,59.67,4307,0.8245,6842,1.306e+04,0.5765,1636
1958,WOL,2.203e+06,6.882e+05,1.012e+05,3.629e+04,4.857,55.47,60.29,8436,1.815,8756,2.325e+04,0.6624,2143
1958,POZ,1.392e+06,1.214e+06,4.636e+04,2.831e+04,2.196,60.82,65.63,6368,13.02,2.046e+04,1.645e+04,1.336,3715
1958,POM,8.456e+05,6.864e+05,2.984e+04,1.567e+04,2.348,60.49,65.3,3671,7.662,1.63e+04,9802,1.363,2864
1958,SLA,9.493e+05,8.953e+05,3.105e+04,1.885e+04,2.093,61.61,66.43,3740,15.84,2.535e+04,1.169e+04,1.715,4425
1958,KRA,1.647e+06,1.027e+06,5.526e+04,3.238e+04,2.563,58.07,62.88,8411,5.533,1.688e+04,1.801e+04,0.9468,4052
1958,LWO,2.293e+06,1.407e+06,7.365e+04,4.444e+04,2.489,58.29,63.1,1.045e+04,8.856,2.462e+04,1.984e+04,1.023,3421
1958,STA,1.219e+06,5.027e+05,3.92e+04,2.188e+04,2.867,56.49,61.31,5824,1.749,8581,1.077e+04,0.7609,2195
1958,TAR,1.221e+06,5.062e+05,3.626e+04,2.258e+04,2.651,56.6,61.41,6084,1.651,8299,1.211e+04,0.7367,2008
1958,LT_KAU,1.626e+05,1.852e+05,6008,3947,2.147,59.9,64.71,1054,1.395,3865,2295,1.119,1743
1958,LT_LAU,4.615e+05,1.354e+05,1.235e+04,7208,2.535,58.04,62.85,2241,0.5893,3362,4426,0.8509,1065
1958,LT_ZEM,5.225e+05,1.512e+05,1.421e+04,8063,2.591,58.29,63.1,2530,0.6557,3520,4998,0.8495,946.1
1958,LT_SUV,4.305e+05,1.092e+05,1.089e+04,6599,2.468,58.15,62.97,2002,0.4938,2613,3846,0.8675,1575
1958,LT_NEA,4.034e+05,9.339e+04,1.071e+04,6048,2.657,57.99,62.8,1847,0.3764,2395,3726,0.8189,756
1958,LT_KLA,1.054e+05,8.135e+04,3030,2095,2.082,61.13,65.94,501.7,0.7671,1916,1051,1.253,561.5
1959,WAW,7.519e+04,1.75e+06,2.352e+04,1.816e+04,1.684,63.22,68.09,3454,44.43,3.871e+04,1.349e+04,1.889,6216
1959,WAR,2.007e+06,1.062e+06,6.701e+04,3.562e+04,2.722,58.75,63.63,1.004e+04,5.991,1.717e+04,2.279e+04,0.8903,4985
1959,LOD,1.562e+06,1.763e+06,6.011e+04,3.758e+04,2.29,60.08,64.96,8631,18.04,2.99e+04,2.176e+04,1.199,5561
1959,KIE,2.408e+06,1.372e+06,8.877e+04,4.28e+04,2.956,58.74,63.61,1.157e+04,9.374,2.242e+04,2.513e+04,0.9798,5123
1959,LUB,2.246e+06,1e+06,9.384e+04,3.789e+04,3.833,57.79,62.67,1.069e+04,4.937,1.822e+04,2.549e+04,0.8327,4312
1959,BIA,1.393e+06,7.257e+05,5.357e+04,2.49e+04,3.229,57.75,62.63,6621,3.535,1.217e+04,1.634e+04,0.8274,3439
1959,WIL,1.04e+06,5.167e+05,3.767e+04,1.886e+04,3.088,57.42,62.3,4797,2.303,6866,1.214e+04,0.7913,1966
1959,NOW,1.119e+06,3.097e+05,4.44e+04,1.739e+04,4.221,56.44,61.32,4498,0.9781,5166,1.204e+04,0.6662,1759
1959,POL,1.373e+06,4.321e+05,6.339e+04,2.174e+04,4.907,55.65,60.53,4319,1.027,6997,1.341e+04,0.5779,1647
1959,WOL,2.215e+06,7.183e+05,9.802e+04,3.557e+04,4.642,56.24,61.11,8366,2.272,8986,2.363e+04,0.6666,2225
1959,POZ,1.385e+06,1.235e+06,4.364e+04,2.802e+04,2.079,61.38,66.26,6277,15.62,2.069e+04,1.659e+04,1.333,3815
1959,POM,8.448e+05,7.031e+05,2.843e+04,1.545e+04,2.234,61.19,66.06,3643,9.263,1.652e+04,9949,1.361,2944
1959,SLA,9.501e+05,9.155e+05,2.967e+04,1.867e+04,2,62.3,67.17,3710,19.04,2.564e+04,1.186e+04,1.709,4541
1959,KRA,1.634e+06,1.048e+06,5.19e+04,3.197e+04,2.419,58.61,63.49,8273,6.687,1.703e+04,1.815e+04,0.9469,4166
1959,LWO,2.277e+06,1.442e+06,6.913e+04,4.377e+04,2.343,58.95,63.83,1.028e+04,10.75,2.488e+04,2.004e+04,1.024,3532
1959,STA,1.212e+06,5.178e+05,3.705e+04,2.144e+04,2.715,57.23,62.11,5726,2.146,8704,1.085e+04,0.7631,2276
1959,TAR,1.209e+06,5.199e+05,3.416e+04,2.215e+04,2.516,57.31,62.19,5960,2.019,8413,1.215e+04,0.7386,2084
1959,LT_KAU,1.62e+05,1.881e+05,5661,3941,2.03,60.29,65.17,1038,1.675,3861,2318,1.119,1808
1959,LT_LAU,4.583e+05,1.398e+05,1.159e+04,7080,2.394,58.71,63.58,2200,0.7229,3360,4449,0.8523,1107
1959,LT_ZEM,5.188e+05,1.562e+05,1.335e+04,7941,2.447,58.88,63.76,2483,0.8058,3520,5022,0.8513,984
1959,LT_SUV,4.273e+05,1.13e+05,1.024e+04,6504,2.339,58.72,63.6,1950,0.6186,2646,3817,0.8769,1642
1959,LT_NEA,4.008e+05,9.698e+04,1.004e+04,5965,2.505,58.52,63.39,1811,0.4665,2405,3735,0.8221,801.2
1959,LT_KLA,1.048e+05,8.311e+04,2885,2088,1.997,61.57,66.45,492.7,0.9276,1925,1064,1.252,589.6
1960,WAW,7.72e+04,1.776e+06,2.396e+04,1.805e+04,1.706,63.89,68.83,3459,42.05,3.913e+04,1.37e+04,1.88,6404
1960,WAR,1.996e+06,1.088e+06,6.64e+04,3.498e+04,2.71,59.4,64.34,1.003e+04,5.782,1.735e+04,2.297e+04,0.8909,5174
1960,LOD,1.557e+06,1.789e+06,5.902e+04,3.713e+04,2.258,60.68,65.62,8616,17.17,3.006e+04,2.196e+04,1.197,5736
1960,KIE,2.402e+06,1.408e+06,8.806e+04,4.213e+04,2.931,59.35,64.29,1.16e+04,9.049,2.266e+04,2.544e+04,0.9797,5307
1960,LUB,2.25e+06,1.034e+06,9.468e+04,3.715e+04,3.848,58.5,63.44,1.075e+04,4.814,1.847e+04,2.588e+04,0.8339,4494
1960,BIA,1.391e+06,7.461e+05,5.347e+04,2.431e+04,3.219,58.54,63.48,6629,3.432,1.229e+04,1.653e+04,0.8288,3619
1960,WIL,1.036e+06,5.307e+05,3.75e+04,1.845e+04,3.077,58.16,63.1,4796,2.235,6951,1.224e+04,0.793,2035
1960,NOW,1.123e+06,3.229e+05,4.484e+04,1.71e+04,4.237,57.08,62.01,4519,0.9682,5272,1.221e+04,0.6691,1843
1960,POL,1.389e+06,4.517e+05,6.47e+04,2.12e+04,4.937,56.52,61.46,4392,1.015,7143,1.377e+04,0.5792,1689
1960,WOL,2.228e+06,7.488e+05,9.954e+04,3.481e+04,4.667,56.98,61.92,8427,2.248,9299,2.404e+04,0.6695,2413
1960,POZ,1.377e+06,1.256e+06,4.309e+04,2.781e+04,2.069,61.88,66.82,6272,14.89,2.102e+04,1.672e+04,1.331,4006
1960,POM,8.442e+05,7.198e+05,2.838e+04,1.538e+04,2.231,61.67,66.61,3666,8.882,1.686e+04,1.009e+04,1.357,3139
1960,SLA,9.513e+05,9.359e+05,2.992e+04,1.848e+04,2.02,62.98,67.92,3732,18.18,2.592e+04,1.203e+04,1.703,4730
1960,KRA,1.622e+06,1.069e+06,5.138e+04,3.136e+04,2.411,59.32,64.26,8252,6.423,1.72e+04,1.826e+04,0.9474,4323
1960,LWO,2.262e+06,1.477e+06,6.891e+04,4.292e+04,2.347,59.72,64.66,1.026e+04,10.36,2.501e+04,2.023e+04,1.023,3677
1960,STA,1.204e+06,5.328e+05,3.684e+04,2.112e+04,2.711,57.83,62.77,5710,2.09,8785,1.092e+04,0.7654,2391
1960,TAR,1.198e+06,5.334e+05,3.377e+04,2.177e+04,2.511,57.95,62.89,5919,1.962,8498,1.218e+04,0.7411,2177
1960,LT_KAU,1.614e+05,1.909e+05,5643,3898,2.035,60.9,65.84,1036,1.601,3858,2338,1.119,1997
1960,LT_LAU,4.552e+05,1.442e+05,1.145e+04,6938,2.386,59.41,64.35,2189,0.7048,3352,4463,0.8544,1156
1960,LT_ZEM,5.153e+05,1.612e+05,1.32e+04,7793,2.442,59.55,64.49,2471,0.7864,3512,5038,0.8535,1039
1960,LT_SUV,4.241e+05,1.168e+05,1.009e+04,6371,2.329,59.43,64.37,1938,0.6045,2660,3826,0.879,1929
1960,LT_NEA,3.981e+05,1.005e+05,9895,5854,2.492,59.16,64.1,1799,0.4593,2412,3737,0.8259,854.3
1960,LT_KLA,1.042e+05,8.482e+04,2867,2071,2,62.13,67.07,489.3,0.8924,1932,1075,1.253,628.7
1961,WAW,7.918e+04,1.802e+06,2.36e+04,1.823e+04,1.672,64.23,69.23,3432,46.13,3.949e+04,1.39e+04,1.87,6568
1961,WAR,1.983e+06,1.113e+06,6.35e+04,3.513e+04,2.608,59.54,64.54,9898,6.475,1.749e+04,2.313e+04,0.8913,5313
1961,LOD,1.551e+06,1.815e+06,5.702e+04,3.744e+04,2.195,60.81,65.81,8509,18.96,3.022e+04,2.213e+04,1.195,5884
1961,KIE,2.393e+06,1.443e+06,8.474e+04,4.202e+04,2.826,59.66,64.66,1.15e+04,10.12,2.284e+04,2.575e+04,0.9787,5459
1961,LUB,2.252e+06,1.068e+06,9.207e+04,3.71e+04,3.73,58.8,63.8,1.068e+04,5.446,1.87e+04,2.625e+04,0.8346,4632
1961,BIA,1.387e+06,7.663e+05,5.13e+04,2.426e+04,3.09,58.83,63.83,6553,3.873,1.246e+04,1.666e+04,0.8308,3734
1961,WIL,1.031e+06,5.444e+05,3.587e+04,1.84e+04,2.953,58.44,63.44,4739,2.511,7040,1.234e+04,0.7937,2102
1961,NOW,1.126e+06,3.363e+05,4.359e+04,1.712e+04,4.101,57.29,62.29,4485,1.11,5371,1.237e+04,0.6715,1920
1961,POL,1.402e+06,4.717e+05,6.366e+04,2.132e+04,4.798,56.75,61.75,4407,1.164,7288,1.41e+04,0.5806,1705
1961,WOL,2.239e+06,7.803e+05,9.749e+04,3.451e+04,4.534,57.45,62.45,8364,2.6,9543,2.433e+04,0.6746,2511
1961,POZ,1.369e+06,1.276e+06,4.151e+04,2.808e+04,2.012,62,67,6191,16.51,2.122e+04,1.682e+04,1.329,4130
1961,POM,8.426e+05,7.364e+05,2.733e+04,1.554e+04,2.153,61.83,66.83,3640,9.94,1.707e+04,1.022e+04,1.358,3319
1961,SLA,9.517e+05,9.563e+05,2.917e+04,1.87e+04,1.975,63.19,68.19,3711,20.16,2.616e+04,1.219e+04,1.697,4865
1961,KRA,1.609e+06,1.089e+06,4.927e+04,3.141e+04,2.332,59.54,64.54,8139,7.155,1.731e+04,1.837e+04,0.9471,4452
1961,LWO,2.245e+06,1.51e+06,6.608e+04,4.297e+04,2.265,60,65,1.013e+04,11.55,2.518e+04,2.039e+04,1.022,3803
1961,STA,1.196e+06,5.478e+05,3.536e+04,2.111e+04,2.618,58.08,63.08,5628,2.362,8888,1.098e+04,0.7674,2483
1961,TAR,1.186e+06,5.467e+05,3.227e+04,2.175e+04,2.425,58.18,63.18,5814,2.208,8596,1.22e+04,0.7427,2265
1961,LT_KAU,1.606e+05,1.938e+05,5479,3935,1.991,61.04,66.04,1017,1.798,3858,2356,1.126,2075
1961,LT_LAU,4.515e+05,1.485e+05,1.092e+04,6965,2.3,59.55,64.55,2154,0.7955,3331,4475,0.8554,1205
1961,LT_ZEM,5.111e+05,1.661e+05,1.256e+04,7824,2.35,59.68,64.68,2429,0.8904,3496,5045,0.8556,1083
1961,LT_SUV,4.204e+05,1.208e+05,9623,6378,2.248,59.62,64.62,1885,0.7039,2694,3768,0.8921,2014
1961,LT_NEA,3.95e+05,1.041e+05,9445,5854,2.405,59.37,64.37,1767,0.5237,2408,3738,0.8288,909.1
1961,LT_KLA,1.036e+05,8.65e+04,2756,2091,1.94,62.26,67.26,481.1,0.9968,1934,1085,1.255,662.8
1962,WAW,8.106e+04,1.826e+06,2.305e+04,1.866e+04,1.628,64.25,69.32,3459,43.12,3.926e+04,1.389e+04,1.862,6758
1962,WAR,1.968e+06,1.137e+06,6.073e+04,3.521e+04,2.517,59.68,64.75,9871,6.161,1.735e+04,2.291e+04,0.8918,5512
1962,LOD,1.543e+06,1.839e+06,5.562e+04,3.781e+04,2.158,60.89,65.96,8502,17.82,2.99e+04,2.197e+04,1.193,6064
1962,KIE,2.383e+06,1.477e+06,8.151e+04,4.232e+04,2.729,59.72,64.78,1.152e+04,9.633,2.27e+04,2.564e+04,0.9783,5641
1962,LUB,2.253e+06,1.1e+06,8.977e+04,3.731e+04,3.634,58.9,63.96,1.072e+04,5.232,1.864e+04,2.62e+04,0.8355,4820
1962,BIA,1.382e+06,7.856e+05,4.946e+04,2.434e+04,2.989,58.94,64.01,6554,3.706,1.238e+04,1.656e+04,0.8321,3896
1962,WIL,1.025e+06,5.576e+05,3.462e+04,1.84e+04,2.867,58.61,63.68,4729,2.402,7009,1.223e+04,0.7952,2179
1962,NOW,1.128e+06,3.495e+05,4.263e+04,1.711e+04,4.005,57.48,62.55,4496,1.083,5417,1.232e+04,0.6743,2031
1962,POL,1.414e+06,4.915e+05,6.291e+04,2.139e+04,4.696,56.96,62.03,4471,1.133,7371,1.421e+04,0.5817,1768
1962,WOL,2.248e+06,8.113e+05,9.586e+04,3.451e+04,4.433,57.68,62.74,8414,2.536,9714,2.433e+04,0.6773,2674
1962,POZ,1.359e+06,1.295e+06,4.017e+04,2.846e+04,1.968,62.02,67.08,6178,15.54,2.115e+04,1.668e+04,1.327,4282
1962,POM,8.406e+05,7.521e+05,2.621e+04,1.569e+04,2.072,61.99,67.05,3648,9.46,1.701e+04,1.019e+04,1.359,3422
1962,SLA,9.518e+05,9.759e+05,2.858e+04,1.898e+04,1.942,63.3,68.37,3732,19.01,2.6e+04,1.217e+04,1.691,5019
1962,KRA,1.595e+06,1.108e+06,4.723e+04,3.147e+04,2.258,59.72,64.78,8113,6.779,1.718e+04,1.819e+04,0.9474,4621
1962,LWO,2.228e+06,1.542e+06,6.38e+04,4.317e+04,2.204,60.17,65.23,1.012e+04,10.96,2.488e+04,2.024e+04,1.022,3964
1962,STA,1.187e+06,5.623e+05,3.419e+04,2.112e+04,2.551,58.27,63.34,5609,2.269,8882,1.088e+04,0.7695,2611
1962,TAR,1.173e+06,5.592e+05,3.09e+04,2.169e+04,2.35,58.44,63.5,5770,2.115,8536,1.203e+04,0.745,2365
1962,LT_KAU,1.597e+05,1.964e+05,5346,3971,1.961,61.16,66.23,1016,1.696,3793,2339,1.126,2371
1962,LT_LAU,4.476e+05,1.525e+05,1.043e+04,6970,2.226,59.74,64.8,2139,0.764,3256,4412,0.8573,1262
1962,LT_ZEM,5.067e+05,1.708e+05,1.209e+04,7849,2.291,59.8,64.87,2412,0.8562,3420,4976,0.8576,1141
1962,LT_SUV,4.166e+05,1.247e+05,9271,6390,2.197,59.77,64.83,1872,0.6785,2756,3718,0.8937,2224
1962,LT_NEA,3.917e+05,1.076e+05,9085,5913,2.345,59.31,64.37,1752,0.5083,2366,3677,0.8327,972.6
1962,LT_KLA,1.029e+05,8.809e+04,2683,2113,1.907,62.37,67.43,477.3,0.9463,1903,1080,1.256,706.7
1963,WAW,8.284e+04,1.851e+06,2.345e+04,1.867e+04,1.651,64.79,69.92,3405,58.35,3.899e+04,1.389e+04,1.852,6927
1963,WAR,1.952e+06,1.162e+06,5.852e+04,3.466e+04,2.449,60.27,65.4,9579,8.505,1.721e+04,2.268e+04,0.8926,5655
1963,LOD,1.534e+06,1.864e+06,5.399e+04,3.723e+04,2.112,61.6,66.73,8281,24.27,2.958e+04,2.181e+04,1.19,6211
1963,KIE,2.37e+06,1.512e+06,7.918e+04,4.16e+04,2.663,60.34,65.47,1.124e+04,13.28,2.252e+04,2.553e+04,0.9775,5797
1963,LUB,2.252e+06,1.134e+06,8.78e+04,3.644e+04,3.553,59.62,64.74,1.048e+04,7.292,1.857e+04,2.614e+04,0.8365,4961
1963,BIA,1.375e+06,8.061e+05,4.819e+04,2.386e+04,2.923,59.61,64.74,6381,5.147,1.241e+04,1.644e+04,0.8336,4052
1963,WIL,1.017e+06,5.716e+05,3.374e+04,1.802e+04,2.814,59.31,64.44,4594,3.33,6986,1.213e+04,0.7963,2248
1963,NOW,1.128e+06,3.637e+05,4.2e+04,1.672e+04,3.942,58.19,63.32,4383,1.535,5485,1.226e+04,0.6777,2235
1963,POL,1.424e+06,5.128e+05,6.256e+04,2.093e+04,4.63,57.68,62.81,4404,1.608,7415,1.428e+04,0.5842,1803
1963,WOL,2.254e+06,8.446e+05,9.487e+04,3.386e+04,4.367,58.31,63.44,8227,3.601,9799,2.427e+04,0.6812,2782
1963,POZ,1.349e+06,1.316e+06,3.945e+04,2.824e+04,1.954,62.55,67.68,6007,21.19,2.098e+04,1.654e+04,1.324,4402
1963,POM,8.377e+05,7.682e+05,2.559e+04,1.554e+04,2.032,62.58,67.71,3572,12.94,1.689e+04,1.015e+04,1.354,3521
1963,SLA,9.509e+05,9.959e+05,2.79e+04,1.885e+04,1.905,63.92,69.04,3657,25.94,2.58e+04,1.214e+04,1.684,5156
1963,KRA,1.58e+06,1.128e+06,4.57e+04,3.105e+04,2.208,60.29,65.42,7873,9.311,1.703e+04,1.801e+04,0.9477,4756
1963,LWO,2.209e+06,1.575e+06,6.239e+04,4.266e+04,2.173,60.75,65.88,9845,15.08,2.467e+04,2.01e+04,1.021,4097
1963,STA,1.177e+06,5.775e+05,3.307e+04,2.074e+04,2.487,58.94,64.07,5440,3.162,8855,1.077e+04,0.772,2710
1963,TAR,1.16e+06,5.725e+05,2.99e+04,2.126e+04,2.302,59.14,64.26,5577,2.935,8506,1.187e+04,0.7469,2461
1963,LT_KAU,1.586e+05,1.993e+05,5307,3931,1.965,61.8,66.93,980.4,2.369,3757,2322,1.137,2464
1963,LT_LAU,4.433e+05,1.568e+05,1.007e+04,6862,2.18,60.34,65.46,2067,1.063,3192,4351,0.859,1317
1963,LT_ZEM,5.017e+05,1.758e+05,1.164e+04,7737,2.236,60.37,65.5,2331,1.194,3355,4904,0.8599,1193
1963,LT_SUV,4.124e+05,1.288e+05,8918,6290,2.144,60.39,65.51,1801,0.9594,2727,3640,0.9005,2326
1963,LT_NEA,3.88e+05,1.113e+05,8814,5811,2.307,59.94,65.07,1691,0.715,2331,3618,0.8362,1039
1963,LT_KLA,1.021e+05,8.973e+04,2622,2097,1.881,62.92,68.04,462.9,1.303,1879,1074,1.257,749.3
1964,WAW,8.456e+04,1.875e+06,2.37e+04,1.892e+04,1.665,65.07,70.26,3410,59.18,3.867e+04,1.388e+04,1.844,7110
1964,WAR,1.935e+06,1.186e+06,5.706e+04,3.451e+04,2.413,60.61,65.8,9484,8.775,1.706e+04,2.246e+04,0.893,5822
1964,LOD,1.525e+06,1.889e+06,5.339e+04,3.719e+04,2.108,61.99,67.18,8219,24.75,2.922e+04,2.165e+04,1.188,6373
1964,KIE,2.356e+06,1.547e+06,7.679e+04,4.123e+04,2.598,60.79,65.99,1.117e+04,13.7,2.234e+04,2.54e+04,0.977,5983
1964,LUB,2.25e+06,1.168e+06,8.69e+04,3.616e+04,3.521,60.05,65.24,1.046e+04,7.595,1.844e+04,2.608e+04,0.8372,5154
1964,BIA,1.368e+06,8.262e+05,4.72e+04,2.37e+04,2.878,60,65.2,6332,5.353,1.232e+04,1.631e+04,0.8357,4196
1964,WIL,1.009e+06,5.852e+05,3.285e+04,1.799e+04,2.762,59.57,64.76,4550,3.455,6930,1.201e+04,0.7978,2323
1964,NOW,1.128e+06,3.783e+05,4.153e+04,1.649e+04,3.9,58.73,63.92,4341,1.646,5586,1.213e+04,0.6849,2373
1964,POL,1.434e+06,5.343e+05,6.252e+04,2.079e+04,4.597,58.12,63.32,4428,1.702,7517,1.436e+04,0.586,2020
1964,WOL,2.26e+06,8.782e+05,9.459e+04,3.353e+04,4.341,58.77,63.96,8217,3.809,9933,2.426e+04,0.6838,2993
1964,POZ,1.338e+06,1.335e+06,3.862e+04,2.822e+04,1.933,62.94,68.13,5956,21.63,2.082e+04,1.64e+04,1.321,4541
1964,POM,8.347e+05,7.842e+05,2.536e+04,1.553e+04,2.024,63,68.19,3563,13.27,1.676e+04,1.012e+04,1.351,3631
1964,SLA,9.498e+05,1.015e+06,2.749e+04,1.9e+04,1.885,64.23,69.42,3652,26.5,2.564e+04,1.211e+04,1.677,5309
1964,KRA,1.565e+06,1.148e+06,4.43e+04,3.096e+04,2.163,60.63,65.82,7795,9.565,1.69e+04,1.783e+04,0.9479,4992
1964,LWO,2.19e+06,1.608e+06,6.147e+04,4.264e+04,2.16,61.1,66.29,9770,15.52,2.45e+04,1.996e+04,1.02,4262
1964,STA,1.166e+06,5.923e+05,3.216e+04,2.059e+04,2.439,59.36,64.55,5384,3.291,8835,1.066e+04,0.7739,2820
1964,TAR,1.146e+06,5.853e+05,2.911e+04,2.116e+04,2.269,59.49,64.68,5499,3.048,8496,1.17e+04,0.7492,2576
1964,LT_KAU,1.576e+05,2.023e+05,5291,3937,1.979,62.17,67.36,972.8,2.426,3749,2307,1.137,2637
1964,LT_LAU,4.389e+05,1.61e+05,9821,6825,2.159,60.72,65.92,2037,1.108,3125,4288,0.8611,1469
1964,LT_ZEM,4.967e+05,1.806e+05,1.13e+04,7674,2.202,60.8,65.99,2298,1.245,3296,4833,0.8621,1370
1964,LT_SUV,4.082e+05,1.329e+05,8752,6271,2.137,60.73,65.92,1776,1.003,2737,3592,0.9021,2564
1964,LT_NEA,3.843e+05,1.149e+05,8585,5763,2.28,60.36,65.55,1664,0.7527,2258,3558,0.8404,1119
1964,LT_KLA,1.014e+05,9.13e+04,2565,2106,1.858,63.2,68.39,456.4,1.343,1845,1067,1.259,879.7
1965,WAW,8.622e+04,1.9e+06,2.39e+04,1.885e+04,1.674,65.72,70.98,3420,59.51,3.84e+04,1.388e+04,1.834,7277
1965,WAR,1.918e+06,1.21e+06,5.531e+04,3.401e+04,2.363,61.21,66.47,9399,8.973,1.689e+04,2.227e+04,0.8927,5965
1965,LOD,1.516e+06,1.914e+06,5.308e+04,3.688e+04,2.113,62.58,67.83,8170,25.02,2.889e+04,2.15e+04,1.185,6516
1965,KIE,2.343e+06,1.58e+06,7.506e+04,4.063e+04,2.554,61.4,66.65,1.112e+04,14.01,2.214e+04,2.53e+04,0.9759,6140
1965,LUB,2.248e+06,1.202e+06,8.567e+04,3.565e+04,3.477,60.62,65.87,1.043e+04,7.852,1.836e+04,2.603e+04,0.8378,5304
1965,BIA,1.361e+06,8.459e+05,4.599e+04,2.343e+04,2.819,60.53,65.78,6293,5.506,1.225e+04,1.621e+04,0.8362,4319
1965,WIL,1.001e+06,5.983e+05,3.191e+04,1.769e+04,2.704,60.2,65.45,4511,3.55,6900,1.191e+04,0.7983,2395
1965,NOW,1.128e+06,3.928e+05,4.091e+04,1.63e+04,3.843,59.24,64.49,4319,1.732,5608,1.207e+04,0.6883,2468
1965,POL,1.443e+06,5.566e+05,6.224e+04,2.049e+04,4.549,58.74,63.99,4417,1.826,7631,1.432e+04,0.5937,2061
1965,WOL,2.265e+06,9.121e+05,9.38e+04,3.297e+04,4.294,59.4,64.66,8191,4.023,1.003e+04,2.418e+04,0.6883,3113
1965,POZ,1.328e+06,1.354e+06,3.783e+04,2.805e+04,1.912,63.46,68.71,5914,21.88,2.063e+04,1.627e+04,1.318,4662
1965,POM,8.318e+05,7.998e+05,2.507e+04,1.538e+04,2.01,63.65,68.9,3559,13.49,1.664e+04,1.009e+04,1.346,3729
1965,SLA,9.486e+05,1.034e+06,2.704e+04,1.902e+04,1.862,64.69,69.94,3651,26.84,2.541e+04,1.207e+04,1.67,5445
1965,KRA,1.55e+06,1.167e+06,4.355e+04,3.056e+04,2.148,61.23,66.48,7717,9.783,1.677e+04,1.763e+04,0.9491,5129
1965,LWO,2.171e+06,1.639e+06,6.057e+04,4.228e+04,2.145,61.66,66.91,9706,15.85,2.428e+04,1.983e+04,1.019,4405
1965,STA,1.156e+06,6.069e+05,3.135e+04,2.026e+04,2.395,60.02,65.27,5338,3.394,9015,1.057e+04,0.7751,3016
1965,TAR,1.133e+06,5.98e+05,2.853e+04,2.086e+04,2.249,60.11,65.36,5430,3.14,8440,1.156e+04,0.7511,2690
1965,LT_KAU,1.565e+05,2.05e+05,5159,3907,1.947,62.77,68.02,963.8,2.478,3658,2291,1.14,2734
1965,LT_LAU,4.344e+05,1.653e+05,9586,6743,2.137,61.29,66.55,1999,1.162,3066,4192,0.869,1534
1965,LT_ZEM,4.916e+05,1.855e+05,1.097e+04,7566,2.168,61.41,66.66,2249,1.316,3250,4705,0.873,1434
1965,LT_SUV,4.039e+05,1.369e+05,8498,6180,2.103,61.37,66.63,1745,1.052,2685,3522,0.9084,2665
1965,LT_NEA,3.804e+05,1.184e+05,8342,5698,2.245,60.88,66.14,1639,0.7859,2207,3500,0.8443,1196
1965,LT_KLA,1.005e+05,9.288e+04,2526,2091,1.844,63.77,69.03,447.2,1.406,1828,1062,1.275,947.2
1966,WAW,8.788e+04,1.924e+06,2.416e+04,1.908e+04,1.687,66.05,71.37,3462,51.62,3.816e+04,1.388e+04,1.827,7464
1966,WAR,1.901e+06,1.232e+06,5.428e+04,3.375e+04,2.339,61.67,66.99,9415,7.902,1.675e+04,2.207e+04,0.8931,6142
1966,LOD,1.508e+06,1.937e+06,5.284e+04,3.689e+04,2.117,62.98,68.3,8205,21.81,2.859e+04,2.136e+04,1.183,6689
1966,KIE,2.329e+06,1.611e+06,7.291e+04,4.041e+04,2.493,61.82,67.14,1.119e+04,12.33,2.196e+04,2.518e+04,0.9754,6321
1966,LUB,2.247e+06,1.234e+06,8.437e+04,3.536e+04,3.428,61.07,66.39,1.053e+04,6.979,1.826e+04,2.598e+04,0.8386,5467
1966,BIA,1.354e+06,8.646e+05,4.507e+04,2.325e+04,2.774,60.97,66.29,6322,4.874,1.219e+04,1.611e+04,0.8373,4463
1966,WIL,9.926e+05,6.106e+05,3.097e+04,1.756e+04,2.642,60.61,65.93,4519,3.14,6874,1.18e+04,0.7997,2475
1966,NOW,1.127e+06,4.07e+05,4.049e+04,1.616e+04,3.805,59.68,65,4350,1.562,5620,1.203e+04,0.6909,2638
1966,POL,1.451e+06,5.783e+05,6.207e+04,2.043e+04,4.513,59.11,64.43,4490,1.649,7660,1.44e+04,0.5955,2199
1966,WOL,2.27e+06,9.454e+05,9.326e+04,3.287e+04,4.26,59.75,65.07,8274,3.629,1.021e+04,2.417e+04,0.6909,3296
1966,POZ,1.318e+06,1.371e+06,3.724e+04,2.809e+04,1.897,63.81,69.13,5934,19.07,2.045e+04,1.614e+04,1.315,4796
1966,POM,8.29e+05,8.146e+05,2.466e+04,1.55e+04,1.983,63.92,69.24,3590,11.81,1.652e+04,1.005e+04,1.343,3833
1966,SLA,9.477e+05,1.053e+06,2.718e+04,1.923e+04,1.875,64.95,70.27,3687,23.43,2.521e+04,1.205e+04,1.664,5615
1966,KRA,1.536e+06,1.184e+06,4.274e+04,3.045e+04,2.126,61.64,66.96,7736,8.582,1.661e+04,1.747e+04,0.9493,5331
1966,LWO,2.153e+06,1.67e+06,5.993e+04,4.213e+04,2.136,62.11,67.43,9749,13.93,2.422e+04,1.971e+04,1.019,4579
1966,STA,1.146e+06,6.211e+05,3.076e+04,2.006e+04,2.365,60.54,65.86,5335,3.038,9070,1.044e+04,0.7799,3147
1966,TAR,1.119e+06,6.099e+05,2.789e+04,2.074e+04,2.218,60.53,65.85,5421,2.787,8430,1.141e+04,0.7538,2807
1966,LT_KAU,1.555e+05,2.075e+05,5075,3917,1.93,63.12,68.44,967.4,2.166,3632,2276,1.139,2918
1966,LT_LAU,4.299e+05,1.693e+05,9377,6717,2.116,61.68,67,1994,1.033,3002,4135,0.8711,1781
1966,LT_ZEM,4.865e+05,1.901e+05,1.073e+04,7508,2.146,61.87,67.19,2244,1.171,3190,4642,0.8753,1589
1966,LT_SUV,3.996e+05,1.408e+05,8352,6175,2.093,61.69,67.01,1743,0.9366,2708,3481,0.9094,2797
1966,LT_NEA,3.766e+05,1.218e+05,8160,5685,2.221,61.21,66.53,1633,0.7055,2163,3444,0.8485,1297
1966,LT_KLA,9.975e+04,9.435e+04,2495,2101,1.831,64.08,69.4,445.3,1.242,1799,1056,1.279,1041
1967,WAW,8.945e+04,1.948e+06,2.369e+04,1.937e+04,1.646,66.3,71.68,3458,55.44,3.782e+04,1.389e+04,1.818,7633
1967,WAR,1.882e+06,1.254e+06,5.145e+04,3.373e+04,2.231,61.95,67.34,9294,8.618,1.657e+04,2.189e+04,0.8932,6303
1967,LOD,1.498e+06,1.959e+06,5.042e+04,3.715e+04,2.029,63.19,68.57,8124,23.53,2.824e+04,2.123e+04,1.181,6833
1967,KIE,2.313e+06,1.642e+06,6.909e+04,4.009e+04,2.367,62.26,67.64,1.109e+04,13.43,2.172e+04,2.507e+04,0.9745,6482
1967,LUB,2.242e+06,1.266e+06,8.035e+04,3.53e+04,3.26,61.35,66.74,1.046e+04,7.675,1.827e+04,2.593e+04,0.8388,5667
1967,BIA,1.345e+06,8.831e+05,4.288e+04,2.313e+04,2.645,61.34,66.72,6258,5.343,1.213e+04,1.601e+04,0.838,4607
1967,WIL,9.832e+05,6.225e+05,2.927e+04,1.74e+04,2.508,61.03,66.42,4460,3.438,6852,1.169e+04,0.8007,2554
1967,NOW,1.125e+06,4.214e+05,3.871e+04,1.6e+04,3.633,60.1,65.49,4306,1.754,5668,1.195e+04,0.6951,2754
1967,POL,1.457e+06,6.005e+05,5.967e+04,2.03e+04,4.31,59.49,64.87,4476,1.862,7757,1.44e+04,0.6,2270
1967,WOL,2.271e+06,9.789e+05,8.941e+04,3.266e+04,4.068,60.12,65.5,8223,4.065,1.045e+04,2.411e+04,0.6943,3498
1967,POZ,1.307e+06,1.388e+06,3.561e+04,2.834e+04,1.823,63.99,69.38,5870,20.57,2.023e+04,1.601e+04,1.312,4917
1967,POM,8.256e+05,8.288e+05,2.351e+04,1.553e+04,1.892,64.3,69.69,3571,12.79,1.636e+04,1.002e+04,1.338,3932
1967,SLA,9.46e+05,1.07e+06,2.61e+04,1.94e+04,1.801,65.24,70.63,3670,25.33,2.495e+04,1.202e+04,1.657,5757
1967,KRA,1.52e+06,1.202e+06,4.061e+04,3.044e+04,2.031,61.95,67.33,7636,9.34,1.65e+04,1.731e+04,0.9499,5491
1967,LWO,2.134e+06,1.699e+06,5.706e+04,4.218e+04,2.041,62.45,67.83,9648,15.17,2.425e+04,1.959e+04,1.018,4767
1967,STA,1.134e+06,6.35e+05,2.921e+04,2.006e+04,2.253,60.81,66.19,5268,3.343,9117,1.035e+04,0.7817,3284
1967,TAR,1.105e+06,6.217e+05,2.661e+04,2.071e+04,2.13,60.83,66.21,5336,3.058,8349,1.127e+04,0.7557,2949
1967,LT_KAU,1.544e+05,2.099e+05,4849,3939,1.853,63.39,68.77,954.7,2.358,3538,2261,1.142,3033
1967,LT_LAU,4.249e+05,1.734e+05,8895,6755,2.025,61.84,67.22,1942,1.167,2961,4020,0.8836,1854
1967,LT_ZEM,4.809e+05,1.947e+05,1.015e+04,7511,2.046,62.15,67.53,2196,1.308,3121,4545,0.8829,1842
1967,LT_SUV,3.95e+05,1.447e+05,7968,6180,2.015,61.96,67.34,1715,1.034,2660,3442,0.9107,2919
1967,LT_NEA,3.724e+05,1.252e+05,7702,5645,2.114,61.62,67,1601,0.7857,2115,3385,0.8535,1378
1967,LT_KLA,9.888e+04,9.58e+04,2372,2117,1.746,64.31,69.7,437.5,1.364,1814,1050,1.286,1294
1968,WAW,9.094e+04,1.971e+06,2.387e+04,1.963e+04,1.647,66.57,72.01,3369,85.75,3.765e+04,1.39e+04,1.809,7820
1968,WAR,1.862e+06,1.278e+06,5.122e+04,3.361e+04,2.226,62.31,67.76,8933,13.56,1.646e+04,2.174e+04,0.8934,6479
1968,LOD,1.486e+06,1.983e+06,5.024e+04,3.714e+04,2.023,63.58,69.03,7839,36.59,2.799e+04,2.112e+04,1.178,7003
1968,KIE,2.295e+06,1.675e+06,6.826e+04,3.995e+04,2.335,62.62,68.07,1.07e+04,21.1,2.158e+04,2.5e+04,0.9735,6670
1968,LUB,2.234e+06,1.301e+06,8.007e+04,3.519e+04,3.234,61.67,67.12,1.012e+04,12.2,1.823e+04,2.59e+04,0.8399,5885
1968,BIA,1.335e+06,9.032e+05,4.239e+04,2.306e+04,2.609,61.68,67.13,6031,8.449,1.21e+04,1.594e+04,0.8389,4760
1968,WIL,9.727e+05,6.357e+05,2.896e+04,1.725e+04,2.483,61.47,66.92,4286,5.432,6840,1.161e+04,0.8017,2713
1968,NOW,1.122e+06,4.371e+05,3.869e+04,1.583e+04,3.614,60.54,65.99,4158,2.828,5723,1.193e+04,0.6976,2876
1968,POL,1.462e+06,6.247e+05,6.006e+04,2.009e+04,4.299,59.96,65.41,4358,3.012,7859,1.448e+04,0.6022,2549
1968,WOL,2.27e+06,1.016e+06,8.991e+04,3.233e+04,4.064,60.56,66.01,7953,6.583,1.055e+04,2.408e+04,0.6982,3690
1968,POZ,1.294e+06,1.407e+06,3.577e+04,2.831e+04,1.835,64.41,69.86,5656,32,2.01e+04,1.592e+04,1.308,5057
1968,POM,8.213e+05,8.44e+05,2.368e+04,1.566e+04,1.902,64.56,70.01,3458,19.97,1.627e+04,1e+04,1.334,4036
1968,SLA,9.43e+05,1.089e+06,2.608e+04,1.951e+04,1.796,65.61,71.05,3559,39.46,2.48e+04,1.2e+04,1.651,5940
1968,KRA,1.503e+06,1.221e+06,4.023e+04,3.04e+04,2.017,62.29,67.74,7340,14.64,1.638e+04,1.719e+04,0.9498,5698
1968,LWO,2.112e+06,1.731e+06,5.663e+04,4.197e+04,2.026,62.91,68.35,9294,23.84,2.418e+04,1.95e+04,1.018,4949
1968,STA,1.122e+06,6.503e+05,2.899e+04,1.991e+04,2.235,61.28,66.72,5063,5.31,9126,1.028e+04,0.7837,3406
1968,TAR,1.09e+06,6.347e+05,2.653e+04,2.057e+04,2.129,61.26,66.7,5110,4.854,8362,1.115e+04,0.7585,3069
1968,LT_KAU,1.53e+05,2.124e+05,4838,3948,1.853,63.75,69.2,919.4,3.678,3466,2248,1.141,3145
1968,LT_LAU,4.196e+05,1.779e+05,8817,6742,2.018,62.17,67.62,1860,1.851,2898,3980,0.8847,1934
1968,LT_ZEM,4.748e+05,2e+05,1.009e+04,7523,2.045,62.4,67.85,2082,2.132,3109,4427,0.8955,1944
1968,LT_SUV,3.902e+05,1.489e+05,7915,6126,2.013,62.47,67.92,1643,1.645,2612,3409,0.9117,3053
1968,LT_NEA,3.68e+05,1.289e+05,7656,5615,2.112,62.01,67.46,1532,1.257,2081,3343,0.8566,1470
1968,LT_KLA,9.786e+04,9.746e+04,2388,2121,1.757,64.68,70.13,415.6,2.229,1830,1047,1.312,1396
1969,WAW,9.241e+04,1.994e+06,2.412e+04,1.984e+04,1.649,66.91,72.43,3357,96.69,3.741e+04,1.392e+04,1.801,7981
1969,WAR,1.841e+06,1.301e+06,5.018e+04,3.375e+04,2.178,62.54,68.05,8807,15.54,1.632e+04,2.163e+04,0.8935,6635
1969,LOD,1.474e+06,2.006e+06,4.959e+04,3.721e+04,1.993,63.95,69.46,7750,41.49,2.771e+04,2.104e+04,1.176,7140
1969,KIE,2.275e+06,1.708e+06,6.707e+04,3.981e+04,2.284,63.04,68.55,1.058e+04,24.17,2.141e+04,2.496e+04,0.9726,6824
1969,LUB,2.225e+06,1.337e+06,7.95e+04,3.519e+04,3.19,61.95,67.46,1.003e+04,14.14,1.839e+04,2.591e+04,0.8409,6090
1969,BIA,1.323e+06,9.234e+05,4.173e+04,2.289e+04,2.557,62.14,67.65,5962,9.739,1.225e+04,1.589e+04,0.8397,4975
1969,WIL,9.618e+05,6.492e+05,2.857e+04,1.718e+04,2.443,61.86,67.37,4217,6.299,6951,1.15e+04,0.8054,2828
1969,NOW,1.118e+06,4.531e+05,3.83e+04,1.571e+04,3.551,60.98,66.49,4122,3.32,5745,1.193e+04,0.6999,2990
1969,POL,1.466e+06,6.502e+05,5.99e+04,2.005e+04,4.24,60.32,65.83,4321,3.624,8003,1.447e+04,0.6105,2624
1969,WOL,2.268e+06,1.054e+06,8.95e+04,3.22e+04,4.011,60.93,66.44,7897,7.751,1.061e+04,2.412e+04,0.7013,3824
1969,POZ,1.282e+06,1.425e+06,3.575e+04,2.837e+04,1.833,64.78,70.29,5587,36.3,1.993e+04,1.584e+04,1.305,5174
1969,POM,8.167e+05,8.59e+05,2.347e+04,1.581e+04,1.876,64.83,70.34,3432,22.73,1.615e+04,9989,1.33,4131
1969,SLA,9.398e+05,1.108e+06,2.596e+04,1.975e+04,1.778,65.86,71.37,3534,44.84,2.462e+04,1.199e+04,1.645,6072
1969,KRA,1.485e+06,1.239e+06,3.969e+04,3.039e+04,1.988,62.65,68.16,7233,16.74,1.625e+04,1.707e+04,0.9503,5834
1969,LWO,2.09e+06,1.762e+06,5.618e+04,4.2e+04,2.005,63.28,68.79,9184,27.28,2.416e+04,1.943e+04,1.017,5122
1969,STA,1.109e+06,6.655e+05,2.858e+04,1.994e+04,2.196,61.57,67.08,4995,6.134,9143,1.023e+04,0.785,3537
1969,TAR,1.075e+06,6.479e+05,2.62e+04,2.053e+04,2.102,61.61,67.12,5026,5.599,8382,1.106e+04,0.7601,3195
1969,LT_KAU,1.517e+05,2.148e+05,4772,3970,1.827,64.05,69.57,907.9,4.177,3421,2236,1.14,3297
1969,LT_LAU,4.141e+05,1.824e+05,8724,6736,2.001,62.51,68.02,1828,2.141,2850,3946,0.8859,2039
1969,LT_ZEM,4.686e+05,2.052e+05,9922,7516,2.012,62.73,68.24,2046,2.474,3062,4383,0.8977,2152
1969,LT_SUV,3.853e+05,1.53e+05,7811,6123,1.991,62.81,68.32,1615,1.906,2585,3382,0.9127,3216
1969,LT_NEA,3.634e+05,1.326e+05,7545,5627,2.083,62.25,67.77,1503,1.466,2058,3305,0.8598,1585
1969,LT_KLA,9.683e+04,9.913e+04,2372,2136,1.739,64.97,70.48,408.8,2.564,1854,1045,1.315,1619
1970,WAW,9.39e+04,2.017e+06,2.456e+04,1.984e+04,1.66,67.48,73.06,3401,89.31,3.726e+04,1.396e+04,1.793,8174
1970,WAR,1.82e+06,1.324e+06,4.927e+04,3.339e+04,2.129,63.09,68.67,8841,14.57,1.62e+04,2.152e+04,0.8938,6811
1970,LOD,1.463e+06,2.029e+06,4.961e+04,3.689e+04,1.985,64.56,70.13,7797,38.49,2.746e+04,2.097e+04,1.174,7308
1970,KIE,2.255e+06,1.74e+06,6.611e+04,3.932e+04,2.235,63.64,69.22,1.067e+04,22.64,2.134e+04,2.495e+04,0.9718,7018
1970,LUB,2.216e+06,1.372e+06,7.836e+04,3.461e+04,3.113,62.59,68.17,1.014e+04,13.41,1.837e+04,2.594e+04,0.8422,6282
1970,BIA,1.313e+06,9.43e+05,4.09e+04,2.251e+04,2.485,62.81,68.39,5994,9.215,1.224e+04,1.582e+04,0.8422,5128
1970,WIL,9.512e+05,6.621e+05,2.795e+04,1.693e+04,2.375,62.48,68.06,4232,5.952,6952,1.143e+04,0.8078,2916
1970,NOW,1.114e+06,4.689e+05,3.791e+04,1.54e+04,3.48,61.67,67.24,4163,3.185,5762,1.194e+04,0.7022,3109
1970,POL,1.47e+06,6.754e+05,5.955e+04,1.972e+04,4.162,60.96,66.53,4399,3.492,8063,1.459e+04,0.6127,2967
1970,WOL,2.267e+06,1.091e+06,8.878e+04,3.156e+04,3.935,61.61,67.19,7998,7.434,1.086e+04,2.421e+04,0.7033,4051
1970,POZ,1.27e+06,1.443e+06,3.553e+04,2.812e+04,1.816,65.4,70.97,5618,33.69,2.005e+04,1.577e+04,1.302,5357
1970,POM,8.125e+05,8.736e+05,2.338e+04,1.565e+04,1.855,65.51,71.09,3466,21.17,1.605e+04,9986,1.326,4240
1970,SLA,9.368e+05,1.126e+06,2.588e+04,1.959e+04,1.759,66.55,72.12,3572,41.66,2.454e+04,1.199e+04,1.639,6280
1970,KRA,1.468e+06,1.257e+06,3.884e+04,3.001e+04,1.938,63.29,68.87,7263,15.63,1.618e+04,1.699e+04,0.95,6034
1970,LWO,2.069e+06,1.793e+06,5.572e+04,4.154e+04,1.978,63.92,69.5,9237,25.54,2.403e+04,1.938e+04,1.017,5321
1970,STA,1.097e+06,6.803e+05,2.825e+04,1.971e+04,2.157,62.17,67.74,5017,5.802,9101,1.019e+04,0.7869,3726
1970,TAR,1.061e+06,6.607e+05,2.591e+04,2.027e+04,2.072,62.24,67.81,5035,5.29,8617,1.097e+04,0.7624,3475
1970,LT_KAU,1.504e+05,2.171e+05,4690,3932,1.79,64.72,70.29,910.9,3.895,3368,2226,1.141,3420
1970,LT_LAU,4.089e+05,1.868e+05,8671,6648,1.987,63.15,68.72,1828,2.032,2808,3907,0.8887,2291
1970,LT_ZEM,4.625e+05,2.104e+05,9804,7424,1.985,63.35,68.93,2037,2.378,3040,4309,0.9057,2256
1970,LT_SUV,3.805e+05,1.571e+05,7712,6080,1.964,63.31,68.89,1614,1.811,2549,3351,0.915,3347
1970,LT_NEA,3.59e+05,1.363e+05,7482,5509,2.061,63.07,68.65,1501,1.404,2038,3265,0.8647,1694
1970,LT_KLA,9.581e+04,1.008e+05,2340,2124,1.704,65.55,71.13,405.9,2.457,1854,1043,1.33,1705
1971,WAW,9.54e+04,2.04e+06,2.476e+04,2.011e+04,1.651,67.79,73.43,3427,90.16,3.715e+04,1.399e+04,1.784,8348
1971,WAR,1.799e+06,1.346e+06,4.84e+04,3.321e+04,2.075,63.54,69.18,8830,14.92,1.611e+04,2.146e+04,0.8935,6970
1971,LOD,1.452e+06,2.05e+06,4.905e+04,3.704e+04,1.947,64.89,70.53,7802,39.03,2.727e+04,2.091e+04,1.171,7458
1971,KIE,2.235e+06,1.771e+06,6.471e+04,3.951e+04,2.163,63.87,69.51,1.069e+04,23.17,2.123e+04,2.496e+04,0.9708,7185
1971,LUB,2.206e+06,1.407e+06,7.716e+04,3.438e+04,3.025,63.03,68.67,1.019e+04,13.86,1.838e+04,2.603e+04,0.8424,6461
1971,BIA,1.302e+06,9.624e+05,4.031e+04,2.248e+04,2.421,63.16,68.8,6005,9.485,1.23e+04,1.581e+04,0.8425,5324
1971,WIL,9.405e+05,6.747e+05,2.748e+04,1.692e+04,2.311,62.81,68.45,4231,6.121,6978,1.14e+04,0.8083,3012
1971,NOW,1.111e+06,4.846e+05,3.747e+04,1.529e+04,3.392,62.1,67.74,4183,3.334,5803,1.197e+04,0.7039,3283
1971,POL,1.472e+06,7.013e+05,5.906e+04,1.961e+04,4.061,61.39,67.03,4418,3.757,8219,1.46e+04,0.6212,3068
1971,WOL,2.265e+06,1.128e+06,8.801e+04,3.134e+04,3.846,62.03,67.67,8045,7.823,1.104e+04,2.429e+04,0.7066,4230
1971,POZ,1.258e+06,1.46e+06,3.531e+04,2.825e+04,1.794,65.73,71.37,5613,34.25,1.996e+04,1.572e+04,1.3,5487
1971,POM,8.082e+05,8.878e+05,2.32e+04,1.575e+04,1.823,65.85,71.49,3481,21.54,1.598e+04,9988,1.322,4347
1971,SLA,9.336e+05,1.144e+06,2.562e+04,1.967e+04,1.724,66.96,72.6,3587,42.38,2.444e+04,1.2e+04,1.633,6424
1971,KRA,1.451e+06,1.275e+06,3.848e+04,3.004e+04,1.909,63.63,69.27,7248,15.97,1.612e+04,1.692e+04,0.95,6186
1971,LWO,2.048e+06,1.822e+06,5.471e+04,4.162e+04,1.926,64.27,69.91,9238,26.13,2.403e+04,1.934e+04,1.016,5499
1971,STA,1.085e+06,6.949e+05,2.794e+04,1.969e+04,2.113,62.53,68.17,5007,6.012,9152,1.014e+04,0.7894,3869
1971,TAR,1.046e+06,6.735e+05,2.557e+04,2.012e+04,2.031,62.73,68.37,4997,5.515,8660,1.085e+04,0.7679,3621
1971,LT_KAU,1.491e+05,2.193e+05,4638,3957,1.761,65.02,70.66,909.7,3.955,3329,2216,1.14,3550
1971,LT_LAU,4.035e+05,1.912e+05,8556,6605,1.952,63.64,69.28,1808,2.139,2809,3839,0.8976,2402
1971,LT_ZEM,4.563e+05,2.154e+05,9632,7407,1.939,63.75,69.39,2029,2.46,2992,4282,0.9068,2375
1971,LT_SUV,3.757e+05,1.61e+05,7549,6081,1.914,63.65,69.29,1607,1.872,2522,3332,0.9152,3491
1971,LT_NEA,3.545e+05,1.4e+05,7340,5475,2.01,63.54,69.18,1493,1.464,2023,3235,0.8679,1817
1971,LT_KLA,9.48e+04,1.024e+05,2324,2130,1.678,65.95,71.59,404.4,2.512,1836,1043,1.329,1805
1972,WAW,9.691e+04,2.064e+06,2.531e+04,2.009e+04,1.663,68.37,74.08,3363,128.2,3.707e+04,1.404e+04,1.777,8548
1972,WAR,1.777e+06,1.369e+06,4.828e+04,3.274e+04,2.046,64.2,69.9,8578,21.52,1.607e+04,2.14e+04,0.8939,7154
1972,LOD,1.44e+06,2.074e+06,4.924e+04,3.663e+04,1.936,65.57,71.27,7599,55.75,2.714e+04,2.088e+04,1.169,7626
1972,KIE,2.213e+06,1.804e+06,6.462e+04,3.881e+04,2.128,64.61,70.31,1.042e+04,33.41,2.118e+04,2.499e+04,0.9702,7372
1972,LUB,2.195e+06,1.444e+06,7.721e+04,3.391e+04,2.973,63.63,69.33,9966,20.19,1.841e+04,2.614e+04,0.8431,6649
1972,BIA,1.29e+06,9.832e+05,4.03e+04,2.216e+04,2.382,63.82,69.52,5847,13.79,1.235e+04,1.58e+04,0.8444,5498
1972,WIL,9.291e+05,6.883e+05,2.746e+04,1.677e+04,2.277,63.33,69.03,4113,8.881,6990,1.137e+04,0.8099,3159
1972,NOW,1.106e+06,5.017e+05,3.764e+04,1.5e+04,3.346,62.81,68.51,4082,4.942,5931,1.199e+04,0.7076,3502
1972,POL,1.474e+06,7.291e+05,5.97e+04,1.921e+04,4.023,62.12,67.82,4352,5.58,8315,1.476e+04,0.6237,3489
1972,WOL,2.261e+06,1.169e+06,8.887e+04,3.07e+04,3.814,62.75,68.45,7883,11.57,1.125e+04,2.444e+04,0.7093,4427
1972,POZ,1.246e+06,1.479e+06,3.533e+04,2.804e+04,1.78,66.33,72.03,5463,48.95,1.996e+04,1.568e+04,1.297,5648
1972,POM,8.034e+05,9.031e+05,2.356e+04,1.565e+04,1.83,66.47,72.17,3403,30.9,1.595e+04,1e+04,1.319,4480
1972,SLA,9.299e+05,1.163e+06,2.56e+04,1.958e+04,1.702,67.56,73.27,3508,60.6,2.44e+04,1.201e+04,1.628,6601
1972,KRA,1.433e+06,1.294e+06,3.877e+04,2.975e+04,1.907,64.21,69.91,7037,22.97,1.609e+04,1.687e+04,0.95,6360
1972,LWO,2.026e+06,1.854e+06,5.484e+04,4.118e+04,1.911,64.91,70.61,8985,37.63,2.402e+04,1.932e+04,1.016,5678
1972,STA,1.072e+06,7.106e+05,2.791e+04,1.938e+04,2.085,63.25,68.95,4864,8.753,9192,1.012e+04,0.7913,4030
1972,TAR,1.031e+06,6.872e+05,2.545e+04,1.985e+04,2.002,63.38,69.08,4840,8.02,8707,1.079e+04,0.7702,3802
1972,LT_KAU,1.478e+05,2.216e+05,4685,3919,1.766,65.69,71.4,883.5,5.663,3315,2208,1.14,3682
1972,LT_LAU,3.98e+05,1.96e+05,8578,6517,1.944,64.31,70.01,1749,3.122,2792,3814,0.8998,2566
1972,LT_ZEM,4.5e+05,2.208e+05,9637,7318,1.926,64.39,70.09,1962,3.592,2949,4251,0.9094,2539
1972,LT_SUV,3.707e+05,1.652e+05,7580,6030,1.911,64.2,69.91,1556,2.73,2524,3311,0.9166,3647
1972,LT_NEA,3.498e+05,1.439e+05,7343,5418,1.994,64.11,69.82,1442,2.154,2014,3204,0.8723,1961
1972,LT_KLA,9.375e+04,1.04e+05,2322,2112,1.66,66.59,72.3,394.4,3.621,1824,1043,1.33,1993
1973,WAW,9.845e+04,2.086e+06,2.552e+04,2.089e+04,1.65,68.19,73.95,3485,92.91,3.704e+04,1.409e+04,1.769,8723
1973,WAR,1.756e+06,1.39e+06,4.757e+04,3.362e+04,1.991,63.94,69.71,8842,15.8,1.604e+04,2.135e+04,0.8939,7314
1973,LOD,1.429e+06,2.094e+06,4.834e+04,3.783e+04,1.879,65.29,71.06,7837,40.53,2.703e+04,2.083e+04,1.166,7774
1973,KIE,2.193e+06,1.834e+06,6.382e+04,4.006e+04,2.068,64.3,70.07,1.078e+04,24.51,2.114e+04,2.504e+04,0.9692,7536
1973,LUB,2.184e+06,1.477e+06,7.642e+04,3.487e+04,2.885,63.36,69.13,1.035e+04,14.95,1.842e+04,2.628e+04,0.8433,6820
1973,BIA,1.278e+06,1.002e+06,4.016e+04,2.282e+04,2.333,63.54,69.3,6047,10.19,1.238e+04,1.581e+04,0.8452,5655
1973,WIL,9.184e+05,7.007e+05,2.736e+04,1.713e+04,2.235,63.16,68.93,4240,6.578,7007,1.134e+04,0.8123,3255
1973,NOW,1.102e+06,5.179e+05,3.753e+04,1.542e+04,3.27,62.56,68.33,4230,3.732,6116,1.201e+04,0.7116,3708
1973,POL,1.476e+06,7.56e+05,5.958e+04,1.974e+04,3.927,61.93,67.7,4514,4.308,8505,1.479e+04,0.6328,3615
1973,WOL,2.259e+06,1.207e+06,8.884e+04,3.156e+04,3.737,62.53,68.3,8203,8.701,1.137e+04,2.461e+04,0.7117,4574
1973,POZ,1.234e+06,1.495e+06,3.504e+04,2.886e+04,1.749,66.14,71.91,5634,35.64,1.992e+04,1.564e+04,1.294,5780
1973,POM,7.991e+05,9.17e+05,2.337e+04,1.621e+04,1.792,66.25,72.02,3524,22.58,1.594e+04,1.001e+04,1.316,4594
1973,SLA,9.267e+05,1.18e+06,2.572e+04,2.034e+04,1.689,67.32,73.08,3633,44.16,2.432e+04,1.202e+04,1.622,6743
1973,KRA,1.417e+06,1.31e+06,3.812e+04,3.042e+04,1.856,64.06,69.83,7248,16.81,1.603e+04,1.682e+04,0.9495,6513
1973,LWO,2.006e+06,1.882e+06,5.444e+04,4.227e+04,1.875,64.72,70.48,9270,27.56,2.395e+04,1.93e+04,1.015,5838
1973,STA,1.06e+06,7.246e+05,2.753e+04,1.983e+04,2.029,63.07,68.84,5014,6.482,9217,1.01e+04,0.7929,4156
1973,TAR,1.017e+06,6.994e+05,2.522e+04,2.029e+04,1.963,63.18,68.95,4973,5.941,8745,1.072e+04,0.7726,3936
1973,LT_KAU,1.465e+05,2.236e+05,4639,4058,1.735,65.37,71.14,909.5,4.125,3282,2200,1.139,3800
1973,LT_LAU,3.927e+05,2.003e+05,8476,6695,1.904,64.04,69.8,1794,2.326,2782,3781,0.9033,2685
1973,LT_ZEM,4.439e+05,2.257e+05,9568,7487,1.896,64.21,69.98,2013,2.676,2913,4214,0.9129,2665
1973,LT_SUV,3.658e+05,1.69e+05,7552,6165,1.89,64.03,69.8,1598,2.025,2508,3294,0.9175,3789
1973,LT_NEA,3.453e+05,1.475e+05,7253,5576,1.951,63.78,69.55,1479,1.613,2009,3174,0.8767,2100
1973,LT_KLA,9.274e+04,1.055e+05,2301,2181,1.627,66.35,72.11,404.1,2.684,1815,1042,1.337,2107
1974,WAW,1e+05,2.108e+06,2.511e+04,2.105e+04,1.599,68.58,74.41,3565,78.14,3.693e+04,1.413e+04,1.763,8910
1974,WAR,1.736e+06,1.409e+06,4.636e+04,3.35e+04,1.914,64.34,70.17,8993,13.44,1.598e+04,2.128e+04,0.8944,7508
1974,LOD,1.419e+06,2.112e+06,4.753e+04,3.778e+04,1.826,65.71,71.54,7975,34.19,2.687e+04,2.077e+04,1.165,7932
1974,KIE,2.173e+06,1.861e+06,6.244e+04,3.988e+04,1.989,64.74,70.57,1.1e+04,20.84,2.11e+04,2.506e+04,0.9688,7723
1974,LUB,2.174e+06,1.51e+06,7.467e+04,3.459e+04,2.757,63.82,69.65,1.061e+04,12.83,1.847e+04,2.638e+04,0.844,7007
1974,BIA,1.268e+06,1.021e+06,3.965e+04,2.274e+04,2.261,63.93,69.77,6173,8.722,1.237e+04,1.582e+04,0.8464,5822
1974,WIL,9.08e+05,7.123e+05,2.688e+04,1.708e+04,2.159,63.54,69.37,4320,5.628,7010,1.131e+04,0.8138,3369
1974,NOW,1.097e+06,5.34e+05,3.705e+04,1.536e+04,3.155,62.93,68.76,4329,3.264,6372,1.204e+04,0.7158,3990
1974,POL,1.478e+06,7.824e+05,5.903e+04,1.964e+04,3.796,62.35,68.18,4662,3.77,8658,1.496e+04,0.6355,3846
1974,WOL,2.257e+06,1.244e+06,8.764e+04,3.115e+04,3.604,63.07,68.9,8433,7.562,1.15e+04,2.479e+04,0.7137,4780
1974,POZ,1.223e+06,1.51e+06,3.427e+04,2.9e+04,1.695,66.45,72.28,5733,30.08,1.983e+04,1.558e+04,1.292,5938
1974,POM,7.951e+05,9.303e+05,2.324e+04,1.623e+04,1.76,66.69,72.52,3601,19.13,1.59e+04,1.002e+04,1.313,4742
1974,SLA,9.236e+05,1.196e+06,2.514e+04,2.051e+04,1.629,67.65,73.48,3713,37.3,2.43e+04,1.203e+04,1.617,6903
1974,KRA,1.401e+06,1.325e+06,3.736e+04,3.017e+04,1.801,64.59,70.42,7365,14.26,1.602e+04,1.676e+04,0.9497,6681
1974,LWO,1.987e+06,1.908e+06,5.344e+04,4.222e+04,1.819,65.12,70.95,9435,23.4,2.392e+04,1.926e+04,1.014,6023
1974,STA,1.048e+06,7.378e+05,2.704e+04,1.972e+04,1.965,63.51,69.34,5103,5.555,9253,1.008e+04,0.7944,4309
1974,TAR,1.003e+06,7.106e+05,2.456e+04,2.02e+04,1.891,63.59,69.42,5045,5.086,8791,1.066e+04,0.7745,4102
1974,LT_KAU,1.454e+05,2.254e+05,4518,4073,1.676,65.73,71.56,923.7,3.483,3252,2189,1.138,3940
1974,LT_LAU,3.874e+05,2.044e+05,8315,6684,1.852,64.41,70.24,1818,2,2764,3753,0.9055,2934
1974,LT_ZEM,4.379e+05,2.302e+05,9301,7439,1.826,64.69,70.52,2039,2.301,2870,4181,0.9153,2833
1974,LT_SUV,3.61e+05,1.726e+05,7347,6160,1.824,64.37,70.2,1620,1.738,2496,3272,0.9187,3973
1974,LT_NEA,3.408e+05,1.509e+05,7108,5540,1.893,64.24,70.07,1497,1.398,2002,3142,0.8811,2266
1974,LT_KLA,9.179e+04,1.069e+05,2253,2184,1.578,66.76,72.59,410.2,2.284,1817,1041,1.338,2339
1975,WAW,1.017e+05,2.13e+06,2.617e+04,2.172e+04,1.64,68.51,74.4,3275,64.6,3.691e+04,1.417e+04,1.755,9084
1975,WAR,1.718e+06,1.426e+06,4.666e+04,3.407e+04,1.9,64.28,70.17,8155,11.23,1.595e+04,2.121e+04,0.8948,7684
1975,LOD,1.411e+06,2.129e+06,4.864e+04,3.851e+04,1.848,65.7,71.59,7260,28.32,2.677e+04,2.072e+04,1.163,8080
1975,KIE,2.155e+06,1.887e+06,6.301e+04,4.067e+04,1.972,64.66,70.56,1.002e+04,17.4,2.105e+04,2.508e+04,0.9681,7890
1975,LUB,2.166e+06,1.541e+06,7.602e+04,3.522e+04,2.743,63.76,69.65,9694,10.81,1.849e+04,2.651e+04,0.8444,7170
1975,BIA,1.258e+06,1.038e+06,3.993e+04,2.321e+04,2.232,63.84,69.73,5622,7.327,1.24e+04,1.583e+04,0.8471,5991
1975,WIL,8.988e+05,7.233e+05,2.731e+04,1.734e+04,2.156,63.5,69.4,3921,4.73,7023,1.129e+04,0.8152,3477
1975,NOW,1.094e+06,5.498e+05,3.77e+04,1.561e+04,3.131,62.91,68.8,3943,2.81,6530,1.205e+04,0.7207,4205
1975,POL,1.482e+06,8.083e+05,6.051e+04,2.009e+04,3.788,62.26,68.16,4284,3.256,8787,1.51e+04,0.6398,4010
1975,WOL,2.257e+06,1.28e+06,8.938e+04,3.172e+04,3.586,63.03,68.93,7726,6.462,1.163e+04,2.497e+04,0.7162,4943
1975,POZ,1.214e+06,1.524e+06,3.475e+04,2.976e+04,1.705,66.3,72.2,5206,24.95,1.979e+04,1.553e+04,1.29,6070
1975,POM,7.919e+05,9.432e+05,2.379e+04,1.667e+04,1.78,66.62,72.52,3285,15.94,1.59e+04,1.002e+04,1.311,4871
1975,SLA,9.211e+05,1.212e+06,2.56e+04,2.101e+04,1.638,67.66,73.55,3390,30.95,2.423e+04,1.203e+04,1.611,7046
1975,KRA,1.387e+06,1.339e+06,3.744e+04,3.069e+04,1.786,64.55,70.45,6668,11.87,1.596e+04,1.669e+04,0.9494,6831
1975,LWO,1.97e+06,1.932e+06,5.403e+04,4.298e+04,1.819,65.09,70.98,8565,19.51,2.387e+04,1.922e+04,1.013,6188
1975,STA,1.037e+06,7.504e+05,2.758e+04,2.002e+04,1.978,63.49,69.38,4627,4.677,9282,1.006e+04,0.7958,4447
1975,TAR,9.905e+05,7.211e+05,2.475e+04,2.053e+04,1.887,63.51,69.4,4555,4.279,8833,1.059e+04,0.7765,4262
1975,LT_KAU,1.444e+05,2.27e+05,4608,4152,1.697,65.73,71.63,837.1,2.89,3213,2179,1.138,4079
1975,LT_LAU,3.825e+05,2.083e+05,8386,6804,1.852,64.34,70.24,1634,1.704,2752,3703,0.9119,3080
1975,LT_ZEM,4.323e+05,2.344e+05,9308,7578,1.812,64.59,70.49,1837,1.946,2822,4141,0.9185,3065
1975,LT_SUV,3.566e+05,1.76e+05,7369,6252,1.816,64.34,70.23,1461,1.467,2476,3247,0.9203,4175
1975,LT_NEA,3.366e+05,1.542e+05,7139,5608,1.882,64.27,70.17,1348,1.19,1989,3109,0.8857,2463
1975,LT_KLA,9.092e+04,1.082e+05,2262,2228,1.569,66.76,72.66,374.1,1.931,1818,1039,1.347,2552
1976,WAW,1.035e+05,2.152e+06,2.654e+04,2.24e+04,1.638,68.45,74.41,3007,42.79,3.686e+04,1.421e+04,1.749,9252
1976,WAR,1.703e+06,1.441e+06,4.736e+04,3.429e+04,1.904,64.46,70.42,7395,7.508,1.591e+04,2.113e+04,0.8954,7867
1976,LOD,1.406e+06,2.144e+06,4.934e+04,3.897e+04,1.854,65.84,71.8,6608,18.78,2.665e+04,2.067e+04,1.161,8231
1976,KIE,2.142e+06,1.91e+06,6.367e+04,4.118e+04,1.959,64.75,70.71,9119,11.62,2.102e+04,2.51e+04,0.9676,8066
1976,LUB,2.162e+06,1.569e+06,7.701e+04,3.548e+04,2.712,63.93,69.89,8865,7.278,1.85e+04,2.665e+04,0.8448,7352
1976,BIA,1.251e+06,1.053e+06,4.049e+04,2.34e+04,2.219,63.99,69.95,5120,4.925,1.241e+04,1.584e+04,0.8483,6154
1976,WIL,8.914e+05,7.329e+05,2.747e+04,1.747e+04,2.131,63.65,69.61,3559,3.178,7044,1.126e+04,0.8167,3615
1976,NOW,1.093e+06,5.646e+05,3.852e+04,1.574e+04,3.118,63.05,69.01,3600,1.925,6643,1.21e+04,0.7243,4393
1976,POL,1.489e+06,8.327e+05,6.193e+04,2.031e+04,3.769,62.44,68.4,3945,2.236,8961,1.528e+04,0.6428,4192
1976,WOL,2.263e+06,1.314e+06,9.139e+04,3.205e+04,3.573,63.16,69.12,7088,4.404,1.175e+04,2.517e+04,0.7181,5138
1976,POZ,1.206e+06,1.535e+06,3.478e+04,3.022e+04,1.693,66.36,72.32,4726,16.54,1.972e+04,1.546e+04,1.287,6209
1976,POM,7.902e+05,9.552e+05,2.429e+04,1.691e+04,1.797,66.79,72.75,2996,10.63,1.588e+04,1.002e+04,1.308,5006
1976,SLA,9.199e+05,1.227e+06,2.614e+04,2.144e+04,1.652,67.75,73.71,3094,20.56,2.416e+04,1.204e+04,1.606,7197
1976,KRA,1.375e+06,1.35e+06,3.784e+04,3.102e+04,1.789,64.65,70.61,6036,7.909,1.592e+04,1.662e+04,0.9493,6988
1976,LWO,1.956e+06,1.953e+06,5.444e+04,4.353e+04,1.813,65.17,71.13,7773,13.01,2.392e+04,1.917e+04,1.012,6364
1976,STA,1.029e+06,7.618e+05,2.789e+04,2.012e+04,1.973,63.72,69.68,4196,3.147,9342,1.004e+04,0.7973,4599
1976,TAR,9.799e+05,7.302e+05,2.492e+04,2.067e+04,1.882,63.64,69.6,4112,2.877,8901,1.052e+04,0.7786,4425
1976,LT_KAU,1.437e+05,2.283e+05,4628,4234,1.692,65.73,71.69,758.1,1.92,3171,2168,1.137,4209
1976,LT_LAU,3.782e+05,2.119e+05,8537,6898,1.872,64.38,70.34,1474,1.151,2726,3675,0.9143,3226
1976,LT_ZEM,4.273e+05,2.382e+05,9403,7613,1.817,64.81,70.77,1652,1.322,2791,4087,0.9241,3225
1976,LT_SUV,3.526e+05,1.79e+05,7433,6276,1.821,64.56,70.52,1318,0.9905,2454,3218,0.9227,4363
1976,LT_NEA,3.329e+05,1.571e+05,7183,5626,1.877,64.5,70.46,1212,0.8119,1983,3071,0.8915,2655
1976,LT_KLA,9.022e+04,1.094e+05,2338,2258,1.608,66.91,72.87,341.8,1.301,1804,1038,1.353,2706
1977,WAW,1.054e+05,2.175e+06,2.669e+04,2.215e+04,1.624,69.18,75.2,2658,37.2,3.683e+04,1.424e+04,1.742,9414
1977,WAR,1.691e+06,1.456e+06,4.746e+04,3.37e+04,1.885,65.17,71.19,6440,6.585,1.587e+04,2.105e+04,0.896,8055
1977,LOD,1.402e+06,2.158e+06,4.947e+04,3.844e+04,1.84,66.54,72.56,5783,16.34,2.654e+04,2.061e+04,1.159,8372
1977,KIE,2.131e+06,1.932e+06,6.327e+04,4.055e+04,1.914,65.42,71.45,7971,10.18,2.097e+04,2.51e+04,0.9672,8236
1977,LUB,2.16e+06,1.597e+06,7.766e+04,3.475e+04,2.667,64.68,70.7,7786,6.432,1.853e+04,2.678e+04,0.8454,7523
1977,BIA,1.246e+06,1.068e+06,4.054e+04,2.301e+04,2.178,64.67,70.7,4479,4.34,1.242e+04,1.585e+04,0.8493,6335
1977,WIL,8.85e+05,7.424e+05,2.747e+04,1.72e+04,2.095,64.31,70.34,3098,2.806,7112,1.122e+04,0.819,3753
1977,NOW,1.093e+06,5.794e+05,3.897e+04,1.551e+04,3.07,63.68,69.71,3159,1.725,6760,1.216e+04,0.727,4593
1977,POL,1.498e+06,8.572e+05,6.298e+04,2.002e+04,3.718,63.1,69.13,3488,2.016,9080,1.547e+04,0.646,4448
1977,WOL,2.271e+06,1.348e+06,9.298e+04,3.149e+04,3.535,63.85,69.87,6244,3.942,1.197e+04,2.538e+04,0.7206,5327
1977,POZ,1.2e+06,1.547e+06,3.511e+04,2.988e+04,1.699,67,73.03,4122,14.4,1.967e+04,1.539e+04,1.285,6341
1977,POM,7.893e+05,9.668e+05,2.417e+04,1.675e+04,1.769,67.46,73.48,2624,9.294,1.587e+04,1.002e+04,1.306,5147
1977,SLA,9.191e+05,1.242e+06,2.61e+04,2.131e+04,1.63,68.36,74.39,2714,17.93,2.411e+04,1.204e+04,1.601,7337
1977,KRA,1.365e+06,1.361e+06,3.785e+04,3.062e+04,1.774,65.29,71.32,5245,6.913,1.587e+04,1.655e+04,0.9493,7143
1977,LWO,1.945e+06,1.974e+06,5.479e+04,4.314e+04,1.808,65.75,71.78,6774,11.38,2.387e+04,1.912e+04,1.012,6528
1977,STA,1.022e+06,7.73e+05,2.807e+04,1.981e+04,1.961,64.41,70.44,3652,2.78,9369,1.001e+04,0.799,4744
1977,TAR,9.705e+05,7.391e+05,2.49e+04,2.036e+04,1.864,64.32,70.34,3562,2.538,8942,1.045e+04,0.7807,4591
1977,LT_KAU,1.432e+05,2.296e+05,4661,4170,1.694,66.5,72.52,659.7,1.672,3134,2157,1.137,4358
1977,LT_LAU,3.742e+05,2.153e+05,8501,6784,1.852,65.09,71.12,1276,1.019,2704,3647,0.9164,3392
1977,LT_ZEM,4.228e+05,2.419e+05,9325,7496,1.789,65.49,71.51,1429,1.17,2753,4052,0.9266,3405
1977,LT_SUV,3.49e+05,1.819e+05,7384,6193,1.799,65.18,71.21,1141,0.8758,2434,3192,0.9245,4577
1977,LT_NEA,3.295e+05,1.601e+05,7168,5528,1.858,65.23,71.25,1047,0.7248,1982,3037,0.8964,2876
1977,LT_KLA,8.96e+04,1.106e+05,2321,2227,1.585,67.64,73.66,302.2,1.142,1790,1036,1.354,2893
1978,WAW,1.075e+05,2.196e+06,2.661e+04,2.307e+04,1.598,68.93,75.01,2338,21.92,3.668e+04,1.427e+04,1.736,9643
1978,WAR,1.681e+06,1.467e+06,4.727e+04,3.436e+04,1.858,65.07,71.15,5576,3.908,1.582e+04,2.095e+04,0.8967,8345
1978,LOD,1.402e+06,2.169e+06,4.898e+04,3.947e+04,1.806,66.37,72.45,5035,9.629,2.654e+04,2.053e+04,1.158,8579
1978,KIE,2.123e+06,1.95e+06,6.314e+04,4.151e+04,1.884,65.28,71.37,6929,6.035,2.085e+04,2.508e+04,0.9667,8535
1978,LUB,2.163e+06,1.622e+06,7.755e+04,3.526e+04,2.6,64.69,70.78,6801,3.844,1.852e+04,2.69e+04,0.8459,7762
1978,BIA,1.243e+06,1.081e+06,4.032e+04,2.36e+04,2.128,64.47,70.56,3895,2.589,1.243e+04,1.583e+04,0.8506,6542
1978,WIL,8.804e+05,7.5e+05,2.72e+04,1.746e+04,2.043,64.27,70.36,2682,1.675,7172,1.116e+04,0.8212,3905
1978,NOW,1.095e+06,5.927e+05,3.916e+04,1.584e+04,3.004,63.58,69.66,2756,1.046,6853,1.222e+04,0.7299,4905
1978,POL,1.509e+06,8.795e+05,6.361e+04,2.055e+04,3.644,62.98,69.07,3064,1.232,9236,1.562e+04,0.6504,4755
1978,WOL,2.283e+06,1.378e+06,9.4e+04,3.241e+04,3.476,63.64,69.73,5473,2.384,1.213e+04,2.558e+04,0.7227,5557
1978,POZ,1.196e+06,1.556e+06,3.483e+04,3.065e+04,1.677,66.86,72.95,3576,8.485,1.96e+04,1.53e+04,1.283,6518
1978,POM,7.895e+05,9.765e+05,2.386e+04,1.741e+04,1.73,67.14,73.23,2286,5.503,1.581e+04,1e+04,1.304,5441
1978,SLA,9.177e+05,1.257e+06,2.587e+04,2.204e+04,1.598,68.18,74.27,2368,10.6,2.408e+04,1.204e+04,1.595,7537
1978,KRA,1.358e+06,1.37e+06,3.761e+04,3.13e+04,1.75,65.14,71.23,4532,4.09,1.586e+04,1.646e+04,0.9493,7360
1978,LWO,1.938e+06,1.99e+06,5.377e+04,4.406e+04,1.759,65.65,71.73,5869,6.736,2.378e+04,1.905e+04,1.011,6753
1978,STA,1.016e+06,7.824e+05,2.805e+04,2.024e+04,1.938,64.27,70.36,3161,1.66,9380,9983,0.8004,4918
1978,TAR,9.628e+05,7.464e+05,2.479e+04,2.069e+04,1.843,64.24,70.32,3069,1.515,8963,1.038e+04,0.7827,4779
1978,LT_KAU,1.43e+05,2.305e+05,4554,4302,1.647,66.23,72.32,570.6,0.987,3085,2144,1.137,4524
1978,LT_LAU,3.708e+05,2.182e+05,8447,6974,1.831,64.79,70.88,1097,0.6105,2675,3612,0.919,3575
1978,LT_ZEM,4.188e+05,2.449e+05,9200,7630,1.757,65.41,71.5,1228,0.7008,2714,4009,0.9295,3634
1978,LT_SUV,3.458e+05,1.843e+05,7254,6320,1.76,65.02,71.11,981.8,0.5242,2403,3160,0.9267,4788
1978,LT_NEA,3.264e+05,1.627e+05,7105,5661,1.831,65.01,71.1,898.5,0.4382,1974,2997,0.9019,3081
1978,LT_KLA,8.912e+04,1.116e+05,2328,2287,1.582,67.5,73.58,266.1,0.6804,1786,1034,1.357,3403
1979,WAW,1.096e+05,2.217e+06,2.709e+04,2.423e+04,1.608,68.49,74.65,2431,21.12,3.654e+04,1.429e+04,1.729,9847
1979,WAR,1.671e+06,1.479e+06,4.801e+04,3.544e+04,1.871,64.69,70.84,5793,3.8,1.578e+04,2.084e+04,0.8977,8591
1979,LOD,1.401e+06,2.179e+06,4.875e+04,4.068e+04,1.784,66.09,72.24,5225,9.278,2.642e+04,2.044e+04,1.156,8747
1979,KIE,2.115e+06,1.967e+06,6.322e+04,4.289e+04,1.861,64.9,71.05,7220,5.861,2.078e+04,2.502e+04,0.967,8777
1979,LUB,2.165e+06,1.647e+06,7.905e+04,3.627e+04,2.586,64.43,70.58,7141,3.76,1.852e+04,2.703e+04,0.8463,7985
1979,BIA,1.24e+06,1.093e+06,4.103e+04,2.417e+04,2.129,64.27,70.43,4068,2.525,1.244e+04,1.583e+04,0.8512,6754
1979,WIL,8.757e+05,7.574e+05,2.727e+04,1.789e+04,2.02,64.02,70.18,2793,1.634,7226,1.112e+04,0.8227,4060
1979,NOW,1.097e+06,6.062e+05,3.992e+04,1.631e+04,2.981,63.3,69.45,2892,1.04,6947,1.225e+04,0.7338,5153
1979,POL,1.521e+06,9.024e+05,6.539e+04,2.124e+04,3.629,62.74,68.89,3240,1.233,9381,1.578e+04,0.6546,4969
1979,WOL,2.295e+06,1.409e+06,9.655e+04,3.34e+04,3.469,63.39,69.54,5770,2.359,1.228e+04,2.58e+04,0.7247,5790
1979,POZ,1.191e+06,1.564e+06,3.44e+04,3.158e+04,1.652,66.59,72.74,3709,8.175,1.952e+04,1.521e+04,1.28,6680
1979,POM,7.894e+05,9.859e+05,2.388e+04,1.812e+04,1.719,66.76,72.91,2375,5.355,1.58e+04,9981,1.305,5743
1979,SLA,9.162e+05,1.271e+06,2.622e+04,2.292e+04,1.606,67.88,74.03,2468,10.25,2.401e+04,1.203e+04,1.59,7705
1979,KRA,1.35e+06,1.378e+06,3.804e+04,3.23e+04,1.762,64.74,70.9,4704,3.959,1.581e+04,1.637e+04,0.9492,7558
1979,LWO,1.93e+06,2.005e+06,5.422e+04,4.549e+04,1.763,65.27,71.42,6094,6.521,2.367e+04,1.897e+04,1.01,6961
1979,STA,1.011e+06,7.916e+05,2.823e+04,2.079e+04,1.933,63.96,70.11,3288,1.621,9385,9954,0.8015,5098
1979,TAR,9.551e+05,7.531e+05,2.464e+04,2.113e+04,1.821,63.99,70.15,3181,1.476,8984,1.03e+04,0.7842,4979
1979,LT_KAU,1.427e+05,2.313e+05,4595,4447,1.657,65.89,72.04,591,0.9515,3024,2129,1.136,4711
1979,LT_LAU,3.672e+05,2.21e+05,8418,7166,1.819,64.46,70.61,1136,0.5973,2646,3579,0.9209,3816
1979,LT_ZEM,4.147e+05,2.478e+05,9216,7862,1.755,65.03,71.18,1270,0.687,2680,3964,0.9326,3879
1979,LT_SUV,3.425e+05,1.866e+05,7270,6482,1.761,64.72,70.87,1016,0.5117,2361,3132,0.9276,5033
1979,LT_NEA,3.233e+05,1.651e+05,7107,5839,1.823,64.58,70.74,930,0.4312,1982,2966,0.9051,3314
1979,LT_KLA,8.859e+04,1.126e+05,2291,2364,1.551,67.2,73.35,272.3,0.6771,1816,1030,1.374,3656
1980,WAW,1.117e+05,2.236e+06,2.661e+04,2.483e+04,1.565,68.49,74.71,2491,25.98,3.627e+04,1.429e+04,1.723,1.046e+04
1980,WAR,1.659e+06,1.492e+06,4.719e+04,3.598e+04,1.829,64.63,70.84,5920,4.715,1.582e+04,2.071e+04,0.8986,9184
1980,LOD,1.398e+06,2.189e+06,4.774e+04,4.127e+04,1.74,66.12,72.34,5339,11.41,2.661e+04,2.032e+04,1.154,9558
1980,KIE,2.105e+06,1.985e+06,6.267e+04,4.344e+04,1.828,64.92,71.14,7404,7.266,2.091e+04,2.494e+04,0.9669,9417
1980,LUB,2.164e+06,1.673e+06,7.787e+04,3.681e+04,2.491,64.42,70.64,7373,4.697,1.84e+04,2.711e+04,0.8469,8566
1980,BIA,1.235e+06,1.107e+06,4.06e+04,2.439e+04,2.077,64.37,70.59,4177,3.148,1.245e+04,1.58e+04,0.8524,7510
1980,WIL,8.699e+05,7.653e+05,2.682e+04,1.809e+04,1.965,64.03,70.24,2860,2.037,7263,1.105e+04,0.8246,4376
1980,NOW,1.098e+06,6.206e+05,3.966e+04,1.646e+04,2.889,63.38,69.6,2988,1.318,7028,1.229e+04,0.7366,5591
1980,POL,1.531e+06,9.266e+05,6.55e+04,2.145e+04,3.524,62.91,69.12,3377,1.568,9483,1.596e+04,0.6574,5416
1980,WOL,2.306e+06,1.443e+06,9.672e+04,3.377e+04,3.378,63.47,69.69,5984,2.984,1.237e+04,2.599e+04,0.7269,6228
1980,POZ,1.184e+06,1.573e+06,3.364e+04,3.21e+04,1.616,66.59,72.81,3784,10.06,1.951e+04,1.509e+04,1.278,7180
1980,POM,7.881e+05,9.956e+05,2.364e+04,1.857e+04,1.695,66.67,72.88,2428,6.658,1.581e+04,9947,1.307,6122
1980,SLA,9.144e+05,1.285e+06,2.604e+04,2.35e+04,1.584,67.83,74.05,2533,12.64,2.38e+04,1.201e+04,1.585,8178
1980,KRA,1.34e+06,1.387e+06,3.742e+04,3.259e+04,1.729,64.83,71.05,4800,4.894,1.559e+04,1.626e+04,0.9493,8050
1980,LWO,1.919e+06,2.021e+06,5.278e+04,4.597e+04,1.71,65.34,71.56,6224,8.061,2.346e+04,1.886e+04,1.009,7498
1980,STA,1.004e+06,8.011e+05,2.773e+04,2.097e+04,1.887,64.04,70.26,3363,2.022,9362,9906,0.803,5521
1980,TAR,9.463e+05,7.603e+05,2.413e+04,2.128e+04,1.779,64.07,70.29,3241,1.84,8966,1.021e+04,0.7862,5358
1980,LT_KAU,1.421e+05,2.32e+05,4471,4502,1.612,65.99,72.2,601.8,1.173,2941,2112,1.136,5510
1980,LT_LAU,3.633e+05,2.238e+05,8178,7203,1.768,64.59,70.8,1154,0.7489,2594,3531,0.9246,4498
1980,LT_ZEM,4.101e+05,2.509e+05,9075,7957,1.729,65.03,71.25,1291,0.8609,2619,3912,0.9362,4724
1980,LT_SUV,3.388e+05,1.889e+05,7053,6565,1.711,64.67,70.89,1032,0.6391,2303,3096,0.9296,5828
1980,LT_NEA,3.198e+05,1.677e+05,6907,5912,1.771,64.56,70.78,945.3,0.5429,1958,2927,0.9093,3685
1980,LT_KLA,8.797e+04,1.135e+05,2253,2400,1.524,67.27,73.49,276.7,0.8421,1800,1025,1.376,4096
1981,WAW,1.138e+05,2.256e+06,2.721e+04,2.473e+04,1.59,69.02,75.3,2562,29.18,3.638e+04,1.428e+04,1.715,1.085e+04
1981,WAR,1.647e+06,1.505e+06,4.789e+04,3.54e+04,1.852,65.26,71.54,6069,5.343,1.577e+04,2.059e+04,0.8986,9413
1981,LOD,1.395e+06,2.201e+06,4.871e+04,4.079e+04,1.773,66.71,72.99,5457,12.91,2.643e+04,2.02e+04,1.155,9660
1981,KIE,2.094e+06,2.005e+06,6.347e+04,4.272e+04,1.841,65.58,71.86,7610,8.232,2.073e+04,2.485e+04,0.9665,9839
1981,LUB,2.164e+06,1.7e+06,7.943e+04,3.636e+04,2.493,64.95,71.23,7635,5.363,1.839e+04,2.718e+04,0.8472,8746
1981,BIA,1.23e+06,1.121e+06,4.133e+04,2.406e+04,2.093,64.96,71.24,4288,3.615,1.25e+04,1.569e+04,0.8564,7734
1981,WIL,8.642e+05,7.738e+05,2.728e+04,1.784e+04,1.985,64.58,70.86,2938,2.318,7263,1.1e+04,0.8255,4485
1981,NOW,1.099e+06,6.358e+05,4.092e+04,1.618e+04,2.916,64.02,70.3,3099,1.523,7052,1.235e+04,0.7382,5716
1981,POL,1.542e+06,9.524e+05,6.826e+04,2.116e+04,3.567,63.52,69.8,3532,1.823,9552,1.615e+04,0.6599,5529
1981,WOL,2.317e+06,1.478e+06,1.005e+05,3.337e+04,3.42,64.01,70.29,6233,3.442,1.243e+04,2.622e+04,0.7279,6374
1981,POZ,1.178e+06,1.583e+06,3.404e+04,3.173e+04,1.64,67.19,73.47,3869,11.33,1.939e+04,1.496e+04,1.276,7301
1981,POM,7.869e+05,1.006e+06,2.431e+04,1.841e+04,1.74,67.26,73.54,2497,7.508,1.576e+04,9912,1.303,6274
1981,SLA,9.128e+05,1.298e+06,2.607e+04,2.335e+04,1.58,68.39,74.67,2607,14.22,2.364e+04,1.198e+04,1.578,8336
1981,KRA,1.331e+06,1.397e+06,3.812e+04,3.208e+04,1.764,65.49,71.77,4916,5.523,1.558e+04,1.616e+04,0.9483,8377
1981,LWO,1.909e+06,2.038e+06,5.328e+04,4.531e+04,1.727,65.98,72.26,6373,9.11,2.339e+04,1.874e+04,1.009,7769
1981,STA,9.973e+05,8.112e+05,2.812e+04,2.07e+04,1.908,64.62,70.9,3448,2.307,9368,9855,0.8043,5703
1981,TAR,9.376e+05,7.679e+05,2.448e+04,2.102e+04,1.807,64.6,70.88,3314,2.09,8945,1.013e+04,0.7869,5509
1981,LT_KAU,1.415e+05,2.329e+05,4498,4458,1.627,66.57,72.85,610.3,1.345,2883,2094,1.146,5678
1981,LT_LAU,3.593e+05,2.268e+05,8203,7087,1.781,65.23,71.51,1169,0.8702,2555,3450,0.9344,4640
1981,LT_ZEM,4.055e+05,2.543e+05,9163,7864,1.753,65.57,71.85,1304,1.008,2594,3803,0.9496,4910
1981,LT_SUV,3.352e+05,1.915e+05,7188,6481,1.753,65.24,71.52,1046,0.7394,2264,3032,0.9373,6002
1981,LT_NEA,3.163e+05,1.704e+05,6986,5828,1.797,65.13,71.41,964.2,0.6231,1912,2892,0.9121,3808
1981,LT_KLA,8.735e+04,1.145e+05,2274,2374,1.542,67.88,74.16,281.7,0.9566,1758,1020,1.379,4240
1982,WAW,1.16e+05,2.275e+06,2.652e+04,2.526e+04,1.543,69.08,75.43,2641,30.52,3.623e+04,1.425e+04,1.713,1.106e+04
1982,WAR,1.634e+06,1.519e+06,4.675e+04,3.588e+04,1.813,65.23,71.57,6229,5.616,1.565e+04,2.04e+04,0.8995,9626
1982,LOD,1.39e+06,2.212e+06,4.697e+04,4.143e+04,1.713,66.72,73.07,5606,13.44,2.615e+04,2.004e+04,1.153,9809
1982,KIE,2.081e+06,2.024e+06,6.174e+04,4.311e+04,1.788,65.68,72.02,7822,8.686,2.072e+04,2.462e+04,0.9689,1.012e+04
1982,LUB,2.16e+06,1.727e+06,7.763e+04,3.682e+04,2.401,64.97,71.31,7921,5.671,1.833e+04,2.72e+04,0.8476,8976
1982,BIA,1.224e+06,1.135e+06,4.004e+04,2.437e+04,2.015,64.97,71.32,4421,3.818,1.243e+04,1.561e+04,0.8578,7895
1982,WIL,8.578e+05,7.819e+05,2.645e+04,1.801e+04,1.92,64.63,70.97,3023,2.441,7226,1.092e+04,0.8265,4582
1982,NOW,1.099e+06,6.509e+05,4.016e+04,1.628e+04,2.809,64.17,70.52,3223,1.625,7050,1.239e+04,0.7391,5868
1982,POL,1.552e+06,9.785e+05,6.798e+04,2.132e+04,3.46,63.73,70.07,3706,1.955,9591,1.634e+04,0.6612,5694
1982,WOL,2.327e+06,1.513e+06,9.909e+04,3.376e+04,3.296,64.09,70.44,6504,3.675,1.247e+04,2.64e+04,0.729,6596
1982,POZ,1.17e+06,1.591e+06,3.281e+04,3.208e+04,1.591,67.29,73.64,3966,11.8,1.923e+04,1.482e+04,1.274,7487
1982,POM,7.852e+05,1.016e+06,2.375e+04,1.87e+04,1.702,67.36,73.7,2571,7.859,1.569e+04,9860,1.301,6404
1982,SLA,9.107e+05,1.311e+06,2.549e+04,2.374e+04,1.543,68.49,74.83,2689,14.84,2.356e+04,1.193e+04,1.574,8539
1982,KRA,1.32e+06,1.407e+06,3.672e+04,3.238e+04,1.708,65.56,71.9,5031,5.809,1.552e+04,1.596e+04,0.9505,8588
1982,LWO,1.897e+06,2.053e+06,5.166e+04,4.596e+04,1.679,65.98,72.32,6536,9.559,2.328e+04,1.86e+04,1.009,8008
1982,STA,9.899e+05,8.208e+05,2.702e+04,2.092e+04,1.834,64.65,70.99,3541,2.437,9397,9779,0.8059,5931
1982,TAR,9.282e+05,7.753e+05,2.373e+04,2.124e+04,1.76,64.61,70.95,3395,2.201,8926,1.003e+04,0.7881,5690
1982,LT_KAU,1.407e+05,2.336e+05,4273,4528,1.554,66.58,72.93,624.9,1.402,2842,2072,1.146,5812
1982,LT_LAU,3.551e+05,2.296e+05,7848,7141,1.718,65.32,71.66,1196,0.9168,2522,3411,0.9347,4763
1982,LT_ZEM,4.006e+05,2.575e+05,8789,7952,1.694,65.58,71.92,1334,1.064,2564,3758,0.9506,5095
1982,LT_SUV,3.312e+05,1.939e+05,6883,6546,1.693,65.26,71.6,1069,0.7788,2235,2998,0.9374,6140
1982,LT_NEA,3.127e+05,1.73e+05,6721,5847,1.742,65.29,71.63,987,0.658,1889,2862,0.9123,3912
1982,LT_KLA,8.668e+04,1.154e+05,2191,2407,1.493,67.97,74.31,288.1,0.9986,1739,1013,1.376,4568
1983,WAW,1.18e+05,2.293e+06,2.659e+04,2.516e+04,1.543,69.61,76.02,2603,62.86,3.611e+04,1.421e+04,1.708,1.123e+04
1983,WAR,1.617e+06,1.535e+06,4.601e+04,3.538e+04,1.794,65.78,72.19,6078,11.69,1.558e+04,2.02e+04,0.9004,9781
1983,LOD,1.383e+06,2.225e+06,4.667e+04,4.121e+04,1.71,67.16,73.57,5484,27.71,2.59e+04,1.987e+04,1.152,9921
1983,KIE,2.064e+06,2.049e+06,6.134e+04,4.256e+04,1.78,66.23,72.64,7653,18.09,2.055e+04,2.443e+04,0.9697,1.028e+04
1983,LUB,2.152e+06,1.76e+06,7.78e+04,3.626e+04,2.375,65.53,71.93,7808,11.9,1.838e+04,2.719e+04,0.8486,9215
1983,BIA,1.215e+06,1.152e+06,3.977e+04,2.403e+04,1.995,65.53,71.94,4337,7.973,1.236e+04,1.553e+04,0.8584,8029
1983,WIL,8.496e+05,7.922e+05,2.637e+04,1.771e+04,1.915,65.23,71.64,2957,5.092,7219,1.084e+04,0.8273,4685
1983,NOW,1.097e+06,6.686e+05,4.05e+04,1.607e+04,2.786,64.7,71.11,3183,3.442,7094,1.242e+04,0.7404,6014
1983,POL,1.559e+06,1.009e+06,6.921e+04,2.109e+04,3.432,64.25,70.66,3694,4.168,9639,1.651e+04,0.6633,5875
1983,WOL,2.333e+06,1.555e+06,1.009e+05,3.336e+04,3.281,64.6,71.01,6446,7.807,1.262e+04,2.653e+04,0.7312,6814
1983,POZ,1.161e+06,1.602e+06,3.288e+04,3.187e+04,1.609,67.76,74.17,3868,24.37,1.912e+04,1.467e+04,1.273,7609
1983,POM,7.818e+05,1.028e+06,2.349e+04,1.847e+04,1.691,67.99,74.4,2521,16.27,1.561e+04,9804,1.298,6508
1983,SLA,9.087e+05,1.324e+06,2.535e+04,2.358e+04,1.537,69.03,75.44,2640,30.67,2.334e+04,1.187e+04,1.571,8655
1983,KRA,1.307e+06,1.419e+06,3.68e+04,3.206e+04,1.725,66.05,72.46,4903,12.06,1.538e+04,1.579e+04,0.9512,8713
1983,LWO,1.881e+06,2.074e+06,5.132e+04,4.542e+04,1.678,66.53,72.93,6379,19.84,2.307e+04,1.845e+04,1.009,8141
1983,STA,9.805e+05,8.325e+05,2.669e+04,2.066e+04,1.818,65.17,71.57,3454,5.109,9360,9689,0.8084,6039
1983,TAR,9.171e+05,7.847e+05,2.35e+04,2.097e+04,1.756,65.12,71.53,3303,4.598,8887,9911,0.7899,5810
1983,LT_KAU,1.395e+05,2.346e+05,4262,4485,1.563,67.13,73.54,609.5,2.887,2801,2051,1.145,5931
1983,LT_LAU,3.504e+05,2.329e+05,7640,7057,1.691,65.82,72.23,1162,1.911,2490,3371,0.9347,4866
1983,LT_ZEM,3.951e+05,2.614e+05,8672,7858,1.689,66.08,72.49,1296,2.222,2536,3712,0.9515,5232
1983,LT_SUV,3.269e+05,1.968e+05,6775,6418,1.685,65.93,72.34,1040,1.623,2208,2965,0.937,6261
1983,LT_NEA,3.086e+05,1.76e+05,6632,5763,1.737,65.83,72.24,960.5,1.375,1867,2832,0.9121,4013
1983,LT_KLA,8.587e+04,1.165e+05,2185,2392,1.501,68.45,74.86,280.9,2.084,1726,1005,1.38,4676
1984,WAW,1.2e+05,2.311e+06,2.623e+04,2.57e+04,1.519,69.66,76.13,2663,69.64,3.581e+04,1.415e+04,1.704,1.15e+04
1984,WAR,1.6e+06,1.552e+06,4.532e+04,3.566e+04,1.784,65.87,72.35,6167,13.07,1.546e+04,1.998e+04,0.9013,1.003e+04
1984,LOD,1.375e+06,2.239e+06,4.619e+04,4.145e+04,1.705,67.36,73.84,5572,30.75,2.561e+04,1.97e+04,1.151,1.015e+04
1984,KIE,2.046e+06,2.072e+06,5.992e+04,4.305e+04,1.749,66.28,72.75,7791,20.21,2.036e+04,2.424e+04,0.9697,1.057e+04
1984,LUB,2.144e+06,1.793e+06,7.695e+04,3.637e+04,2.332,65.73,72.21,8001,13.45,1.821e+04,2.711e+04,0.8505,9475
1984,BIA,1.206e+06,1.169e+06,3.934e+04,2.413e+04,1.978,65.71,72.18,4423,8.954,1.229e+04,1.543e+04,0.8594,8338
1984,WIL,8.412e+05,8.024e+05,2.609e+04,1.783e+04,1.904,65.33,71.8,3007,5.719,7243,1.073e+04,0.8289,4859
1984,NOW,1.095e+06,6.863e+05,4.036e+04,1.614e+04,2.745,64.86,71.33,3270,3.922,7096,1.243e+04,0.7422,6230
1984,POL,1.566e+06,1.04e+06,7.008e+04,2.119e+04,3.404,64.5,70.97,3829,4.786,9658,1.665e+04,0.6661,6044
1984,WOL,2.338e+06,1.597e+06,1.014e+05,3.354e+04,3.241,64.78,71.25,6646,8.922,1.261e+04,2.663e+04,0.7339,7047
1984,POZ,1.15e+06,1.613e+06,3.19e+04,3.211e+04,1.578,67.94,74.42,3923,27.05,1.92e+04,1.451e+04,1.271,7864
1984,POM,7.78e+05,1.039e+06,2.307e+04,1.867e+04,1.672,68.18,74.65,2568,18.12,1.55e+04,9737,1.296,6657
1984,SLA,9.062e+05,1.336e+06,2.503e+04,2.4e+04,1.522,69.12,75.59,2695,34.03,2.307e+04,1.18e+04,1.567,8848
1984,KRA,1.294e+06,1.432e+06,3.664e+04,3.215e+04,1.737,66.27,72.74,4974,13.45,1.518e+04,1.562e+04,0.9515,8951
1984,LWO,1.864e+06,2.094e+06,5.025e+04,4.572e+04,1.657,66.68,73.15,6482,22.1,2.316e+04,1.828e+04,1.009,8610
1984,STA,9.708e+05,8.44e+05,2.645e+04,2.075e+04,1.815,65.32,71.79,3511,5.737,9345,9608,0.8095,6372
1984,TAR,9.058e+05,7.936e+05,2.297e+04,2.109e+04,1.734,65.21,71.68,3347,5.155,8916,9792,0.7913,6219
1984,LT_KAU,1.384e+05,2.355e+05,4175,4541,1.545,67.2,73.68,618.3,3.197,2751,2028,1.144,6308
1984,LT_LAU,3.455e+05,2.361e+05,7453,7095,1.674,65.94,72.42,1175,2.141,2450,3326,0.935,5158
1984,LT_ZEM,3.896e+05,2.651e+05,8630,7924,1.705,66.16,72.63,1312,2.493,2497,3664,0.9521,5557
1984,LT_SUV,3.225e+05,1.996e+05,6612,6468,1.668,65.99,72.46,1052,1.818,2173,2927,0.937,6644
1984,LT_NEA,3.045e+05,1.79e+05,6513,5750,1.729,66.12,72.59,972.4,1.546,1840,2798,0.9126,4185
1984,LT_KLA,8.504e+04,1.174e+05,2164,2416,1.5,68.61,75.08,284.7,2.311,1696,997,1.377,4834
1985,WAW,1.221e+05,2.328e+06,2.664e+04,2.642e+04,1.542,69.59,76.12,2774,58.95,3.552e+04,1.41e+04,1.699,1.165e+04
1985,WAR,1.583e+06,1.566e+06,4.48e+04,3.628e+04,1.786,65.74,72.28,6373,11.17,1.533e+04,1.974e+04,0.9016,1.018e+04
1985,LOD,1.367e+06,2.25e+06,4.648e+04,4.236e+04,1.731,67.22,73.76,5768,26.08,2.533e+04,1.951e+04,1.149,1.027e+04
1985,KIE,2.029e+06,2.093e+06,6.001e+04,4.369e+04,1.769,66.26,72.79,8076,17.27,2.019e+04,2.401e+04,0.9696,1.074e+04
1985,LUB,2.136e+06,1.823e+06,7.657e+04,3.676e+04,2.312,65.77,72.31,8359,11.58,1.813e+04,2.703e+04,0.8509,9624
1985,BIA,1.198e+06,1.184e+06,3.921e+04,2.456e+04,1.982,65.61,72.15,4589,7.701,1.224e+04,1.529e+04,0.8609,8473
1985,WIL,8.333e+05,8.118e+05,2.602e+04,1.803e+04,1.916,65.32,71.85,3115,4.911,7220,1.061e+04,0.8304,4952
1985,NOW,1.094e+06,7.031e+05,4.046e+04,1.638e+04,2.73,64.82,71.36,3423,3.411,7111,1.242e+04,0.7437,6362
1985,POL,1.575e+06,1.07e+06,7.124e+04,2.183e+04,3.401,64.31,70.85,4050,4.18,9702,1.68e+04,0.6674,6185
1985,WOL,2.344e+06,1.638e+06,1.027e+05,3.42e+04,3.237,64.69,71.23,6988,7.767,1.264e+04,2.673e+04,0.7353,7191
1985,POZ,1.141e+06,1.623e+06,3.167e+04,3.274e+04,1.585,67.87,74.4,4051,22.98,1.9e+04,1.434e+04,1.271,7974
1985,POM,7.745e+05,1.05e+06,2.298e+04,1.918e+04,1.679,68.04,74.58,2666,15.4,1.536e+04,9659,1.293,6754
1985,SLA,9.037e+05,1.347e+06,2.503e+04,2.448e+04,1.53,69.15,75.68,2803,28.84,2.284e+04,1.171e+04,1.562,8974
1985,KRA,1.281e+06,1.443e+06,3.64e+04,3.268e+04,1.748,66.18,72.72,5140,11.46,1.504e+04,1.545e+04,0.9515,9091
1985,LWO,1.848e+06,2.111e+06,5.004e+04,4.641e+04,1.666,66.64,73.18,6694,18.94,2.303e+04,1.811e+04,1.011,8757
1985,STA,9.617e+05,8.546e+05,2.627e+04,2.108e+04,1.821,65.22,71.76,3628,4.95,9327,9488,0.8125,6498
1985,TAR,8.949e+05,8.018e+05,2.272e+04,2.132e+04,1.738,65.16,71.7,3444,4.454,8897,9622,0.7957,6343
1985,LT_KAU,1.373e+05,2.362e+05,4059,4614,1.519,67.19,73.73,637.2,2.726,2705,2003,1.147,6427
1985,LT_LAU,3.407e+05,2.389e+05,7337,7210,1.676,65.81,72.35,1208,1.843,2414,3265,0.9378,5260
1985,LT_ZEM,3.842e+05,2.685e+05,8560,8053,1.719,66.04,72.57,1350,2.148,2461,3601,0.9549,5694
1985,LT_SUV,3.181e+05,2.022e+05,6611,6505,1.696,66.09,72.63,1081,1.567,2142,2875,0.9399,6761
1985,LT_NEA,3.004e+05,1.816e+05,6380,5818,1.722,66.09,72.63,1003,1.329,1809,2759,0.9132,4276
1985,LT_KLA,8.426e+04,1.183e+05,2149,2467,1.506,68.53,75.07,293.4,1.958,1664,987.3,1.374,4941
1986,WAW,1.244e+05,2.344e+06,2.661e+04,2.648e+04,1.54,69.95,76.55,2921,41.13,3.518e+04,1.403e+04,1.695,1.182e+04
1986,WAR,1.568e+06,1.577e+06,4.376e+04,3.583e+04,1.772,66.23,72.83,6654,7.851,1.52e+04,1.946e+04,0.9027,1.036e+04
1986,LOD,1.36e+06,2.259e+06,4.436e+04,4.226e+04,1.67,67.55,74.15,6032,18.2,2.499e+04,1.929e+04,1.149,1.04e+04
1986,KIE,2.014e+06,2.111e+06,5.854e+04,4.337e+04,1.748,66.67,73.27,8457,12.13,1.997e+04,2.373e+04,0.9701,1.093e+04
1986,LUB,2.129e+06,1.85e+06,7.456e+04,3.637e+04,2.251,66.22,72.82,8822,8.201,1.801e+04,2.688e+04,0.8519,9791
1986,BIA,1.191e+06,1.197e+06,3.804e+04,2.429e+04,1.939,66.09,72.69,4814,5.434,1.22e+04,1.513e+04,0.862,8640
1986,WIL,8.263e+05,8.197e+05,2.533e+04,1.785e+04,1.887,65.74,72.34,3261,3.464,7214,1.048e+04,0.8319,5083
1986,NOW,1.093e+06,7.184e+05,3.971e+04,1.622e+04,2.668,65.24,71.84,3620,2.437,7112,1.238e+04,0.7454,6508
1986,POL,1.584e+06,1.098e+06,7.105e+04,2.172e+04,3.345,64.72,71.32,4325,3.007,9750,1.69e+04,0.6697,6369
1986,WOL,2.353e+06,1.675e+06,1.011e+05,3.379e+04,3.156,65.16,71.76,7424,5.555,1.266e+04,2.676e+04,0.737,7390
1986,POZ,1.132e+06,1.629e+06,3.036e+04,3.266e+04,1.54,68.22,74.82,4230,16.03,1.873e+04,1.415e+04,1.269,8115
1986,POM,7.716e+05,1.058e+06,2.207e+04,1.909e+04,1.629,68.5,75.1,2795,10.78,1.522e+04,9564,1.291,6860
1986,SLA,9.01e+05,1.359e+06,2.5e+04,2.449e+04,1.537,69.53,76.13,2945,20.17,2.258e+04,1.162e+04,1.559,9110
1986,KRA,1.269e+06,1.451e+06,3.436e+04,3.243e+04,1.675,66.59,73.19,5365,8.036,1.486e+04,1.522e+04,0.9522,9240
1986,LWO,1.834e+06,2.126e+06,4.904e+04,4.622e+04,1.652,67,73.6,7007,13.27,2.281e+04,1.791e+04,1.011,8938
1986,STA,9.533e+05,8.634e+05,2.536e+04,2.101e+04,1.78,65.53,72.13,3796,3.493,9271,9374,0.8139,6635
1986,TAR,8.849e+05,8.083e+05,2.202e+04,2.112e+04,1.709,65.56,72.16,3594,3.137,8825,9481,0.7971,6477
1986,LT_KAU,1.362e+05,2.365e+05,3922,4599,1.486,67.56,74.16,665.8,1.898,2657,1975,1.146,6599
1986,LT_LAU,3.363e+05,2.413e+05,7138,7127,1.661,66.29,72.89,1259,1.297,2373,3212,0.9381,5701
1986,LT_ZEM,3.792e+05,2.713e+05,8294,7968,1.696,66.49,73.09,1407,1.512,2423,3545,0.9554,5852
1986,LT_SUV,3.14e+05,2.043e+05,6255,6428,1.634,66.56,73.16,1126,1.102,2108,2831,0.9399,7021
1986,LT_NEA,2.965e+05,1.838e+05,6089,5761,1.673,66.51,73.11,1045,0.9369,1781,2716,0.9135,4392
1986,LT_KLA,8.359e+04,1.19e+05,2123,2456,1.506,68.95,75.55,305.4,1.366,1639,976.3,1.371,5088
1987,WAW,1.267e+05,2.359e+06,2.636e+04,2.654e+04,1.528,70.37,76.93,2981,44.65,3.482e+04,1.395e+04,1.691,1.197e+04
1987,WAR,1.553e+06,1.589e+06,4.334e+04,3.566e+04,1.784,66.62,73.18,6719,8.591,1.503e+04,1.917e+04,0.9037,1.051e+04
1987,LOD,1.353e+06,2.267e+06,4.362e+04,4.225e+04,1.661,67.89,74.45,6108,19.77,2.465e+04,1.906e+04,1.148,1.051e+04
1987,KIE,1.999e+06,2.13e+06,5.811e+04,4.319e+04,1.761,67.07,73.63,8563,13.27,1.975e+04,2.343e+04,0.9704,1.11e+04
1987,LUB,2.122e+06,1.877e+06,7.368e+04,3.618e+04,2.229,66.6,73.16,8998,9.035,1.789e+04,2.67e+04,0.8527,9931
1987,BIA,1.183e+06,1.21e+06,3.723e+04,2.424e+04,1.917,66.42,72.98,4882,5.968,1.211e+04,1.495e+04,0.8631,8779
1987,WIL,8.192e+05,8.275e+05,2.484e+04,1.78e+04,1.875,66.07,72.63,3298,3.807,7175,1.032e+04,0.8337,5188
1987,NOW,1.092e+06,7.341e+05,3.982e+04,1.62e+04,2.669,65.54,72.1,3700,2.71,7109,1.233e+04,0.7469,6655
1987,POL,1.594e+06,1.127e+06,7.159e+04,2.149e+04,3.327,65.25,71.81,4463,3.37,9780,1.697e+04,0.6722,6509
1987,WOL,2.361e+06,1.713e+06,1.019e+05,3.357e+04,3.15,65.57,72.13,7623,6.193,1.266e+04,2.676e+04,0.7391,7524
1987,POZ,1.123e+06,1.636e+06,3.034e+04,3.273e+04,1.56,68.53,75.09,4276,17.42,1.848e+04,1.395e+04,1.268,8225
1987,POM,7.683e+05,1.067e+06,2.158e+04,1.917e+04,1.611,68.84,75.4,2836,11.74,1.51e+04,9460,1.289,6966
1987,SLA,8.983e+05,1.37e+06,2.492e+04,2.458e+04,1.545,69.89,76.45,2995,21.94,2.232e+04,1.152e+04,1.556,9230
1987,KRA,1.256e+06,1.459e+06,3.375e+04,3.239e+04,1.673,66.9,73.46,5416,8.765,1.469e+04,1.499e+04,0.9526,9370
1987,LWO,1.819e+06,2.141e+06,4.848e+04,4.619e+04,1.653,67.33,73.89,7095,14.47,2.257e+04,1.77e+04,1.011,9076
1987,STA,9.448e+05,8.721e+05,2.501e+04,2.1e+04,1.78,65.8,72.36,3839,3.835,9203,9256,0.8151,6751
1987,TAR,8.749e+05,8.149e+05,2.163e+04,2.09e+04,1.705,66.03,72.59,3627,3.437,8743,9339,0.7983,6593
1987,LT_KAU,1.352e+05,2.368e+05,3879,4600,1.489,67.91,74.47,672.9,2.06,2599,1946,1.147,6714
1987,LT_LAU,3.317e+05,2.437e+05,7002,7082,1.661,66.68,73.24,1261,1.44,2345,3129,0.9449,5813
1987,LT_ZEM,3.741e+05,2.74e+05,8050,7906,1.679,66.92,73.48,1417,1.657,2374,3485,0.956,5980
1987,LT_SUV,3.098e+05,2.064e+05,6099,6367,1.623,67.04,73.6,1132,1.212,2070,2777,0.9418,7136
1987,LT_NEA,2.925e+05,1.861e+05,5963,5732,1.671,66.87,73.43,1053,1.029,1745,2671,0.914,4485
1987,LT_KLA,8.29e+04,1.197e+05,2099,2456,1.509,69.32,75.88,308.4,1.484,1606,964.7,1.369,5196
1988,WAW,1.29e+05,2.375e+06,2.632e+04,2.634e+04,1.529,70.96,77.48,3021,52.74,3.442e+04,1.386e+04,1.687,1.21e+04
1988,WAR,1.538e+06,1.602e+06,4.219e+04,3.496e+04,1.768,67.31,73.83,6728,10.23,1.484e+04,1.887e+04,0.9048,1.065e+04
1988,LOD,1.345e+06,2.275e+06,4.234e+04,4.13e+04,1.632,68.66,75.18,6138,23.38,2.429e+04,1.882e+04,1.147,1.06e+04
1988,KIE,1.982e+06,2.148e+06,5.672e+04,4.243e+04,1.747,67.73,74.25,8596,15.8,1.951e+04,2.311e+04,0.9708,1.125e+04
1988,LUB,2.112e+06,1.905e+06,7.155e+04,3.583e+04,2.173,67.08,73.6,9097,10.83,1.774e+04,2.649e+04,0.8536,1.008e+04
1988,BIA,1.175e+06,1.224e+06,3.655e+04,2.391e+04,1.905,67,73.52,4909,7.134,1.21e+04,1.477e+04,0.8643,8930
1988,WIL,8.116e+05,8.355e+05,2.428e+04,1.744e+04,1.86,66.75,73.27,3308,4.55,7150,1.017e+04,0.8354,5291
1988,NOW,1.09e+06,7.501e+05,3.909e+04,1.588e+04,2.618,66.21,72.73,3749,3.281,7091,1.227e+04,0.7488,6781
1988,POL,1.603e+06,1.157e+06,7.153e+04,2.113e+04,3.288,65.88,72.4,4568,4.105,9825,1.703e+04,0.6745,6649
1988,WOL,2.368e+06,1.753e+06,1.012e+05,3.29e+04,3.104,66.22,72.74,7765,7.503,1.266e+04,2.675e+04,0.7407,7674
1988,POZ,1.113e+06,1.644e+06,2.994e+04,3.228e+04,1.562,69.15,75.67,4290,20.6,1.82e+04,1.376e+04,1.267,8325
1988,POM,7.644e+05,1.075e+06,2.073e+04,1.908e+04,1.566,69.34,75.86,2854,13.92,1.492e+04,9350,1.288,7059
1988,SLA,8.956e+05,1.38e+06,2.475e+04,2.433e+04,1.547,70.51,77.03,3023,25.97,2.203e+04,1.141e+04,1.553,9344
1988,KRA,1.243e+06,1.468e+06,3.323e+04,3.179e+04,1.675,67.59,74.11,5424,10.41,1.451e+04,1.475e+04,0.9533,9537
1988,LWO,1.804e+06,2.155e+06,4.693e+04,4.553e+04,1.621,67.95,74.47,7129,17.17,2.233e+04,1.749e+04,1.01,9206
1988,STA,9.357e+05,8.809e+05,2.431e+04,2.069e+04,1.757,66.4,72.92,3852,4.581,9139,9131,0.8164,6864
1988,TAR,8.647e+05,8.217e+05,2.132e+04,2.054e+04,1.709,66.65,73.17,3632,4.1,8660,9197,0.7996,6707
1988,LT_KAU,1.341e+05,2.372e+05,3822,4547,1.488,68.49,75.01,675.2,2.43,2550,1917,1.146,6859
1988,LT_LAU,3.272e+05,2.461e+05,6796,6932,1.645,67.41,73.93,1261,1.716,2302,3076,0.9452,5933
1988,LT_ZEM,3.689e+05,2.767e+05,7700,7752,1.638,67.59,74.11,1416,1.975,2332,3425,0.9564,6130
1988,LT_SUV,3.054e+05,2.086e+05,5896,6276,1.6,67.61,74.13,1132,1.444,2035,2731,0.9419,7271
1988,LT_NEA,2.885e+05,1.884e+05,5789,5639,1.654,67.48,74,1053,1.229,1716,2626,0.9143,4593
1988,LT_KLA,8.219e+04,1.203e+05,2049,2428,1.495,69.91,76.43,309.4,1.753,1583,952.7,1.366,5341
1989,WAW,1.314e+05,2.389e+06,2.573e+04,2.663e+04,1.498,71.22,77.7,3083,54.75,3.401e+04,1.377e+04,1.683,1.224e+04
1989,WAR,1.521e+06,1.613e+06,4.025e+04,3.479e+04,1.719,67.69,74.17,6787,10.71,1.465e+04,1.855e+04,0.9058,1.079e+04
1989,LOD,1.337e+06,2.283e+06,4.115e+04,4.094e+04,1.606,69.17,75.65,6216,24.29,2.393e+04,1.857e+04,1.147,1.069e+04
1989,KIE,1.965e+06,2.165e+06,5.39e+04,4.242e+04,1.689,68.05,74.53,8690,16.52,1.926e+04,2.277e+04,0.9712,1.141e+04
1989,LUB,2.101e+06,1.931e+06,6.856e+04,3.553e+04,2.095,67.51,73.99,9259,11.41,1.759e+04,2.623e+04,0.8547,1.022e+04
1989,BIA,1.166e+06,1.236e+06,3.488e+04,2.386e+04,1.842,67.32,73.8,4970,7.494,1.198e+04,1.456e+04,0.8656,9061
1989,WIL,8.038e+05,8.43e+05,2.313e+04,1.728e+04,1.801,67.2,73.68,3342,4.778,7093,1e+04,0.837,5411
1989,NOW,1.088e+06,7.659e+05,3.781e+04,1.574e+04,2.536,66.64,73.12,3826,3.488,7070,1.219e+04,0.7503,6907
1989,POL,1.61e+06,1.186e+06,6.974e+04,2.108e+04,3.179,66.27,72.75,4707,4.394,9833,1.707e+04,0.6766,6782
1989,WOL,2.373e+06,1.792e+06,9.815e+04,3.274e+04,2.996,66.59,73.07,7962,7.99,1.263e+04,2.668e+04,0.7424,7805
1989,POZ,1.104e+06,1.65e+06,2.856e+04,3.22e+04,1.512,69.55,76.03,4337,21.4,1.793e+04,1.356e+04,1.266,8422
1989,POM,7.601e+05,1.083e+06,1.989e+04,1.919e+04,1.521,69.64,76.12,2894,14.5,1.473e+04,9233,1.286,7272
1989,SLA,8.926e+05,1.39e+06,2.394e+04,2.442e+04,1.51,70.87,77.35,3073,27.02,2.174e+04,1.129e+04,1.55,9452
1989,KRA,1.23e+06,1.476e+06,3.15e+04,3.173e+04,1.616,67.91,74.39,5471,10.88,1.433e+04,1.45e+04,0.9544,9663
1989,LWO,1.787e+06,2.169e+06,4.51e+04,4.543e+04,1.579,68.3,74.78,7217,17.9,2.204e+04,1.726e+04,1.01,9339
1989,STA,9.264e+05,8.893e+05,2.334e+04,2.044e+04,1.714,66.94,73.42,3893,4.809,9056,9001,0.8175,6975
1989,TAR,8.542e+05,8.28e+05,2.04e+04,2.041e+04,1.66,67.03,73.51,3665,4.297,8566,9050,0.8009,6820
1989,LT_KAU,1.329e+05,2.374e+05,3650,4559,1.442,68.78,75.26,682.2,2.522,2500,1887,1.146,6973
1989,LT_LAU,3.225e+05,2.484e+05,6517,6885,1.609,67.82,74.3,1270,1.797,2259,3021,0.9457,6037
1989,LT_ZEM,3.636e+05,2.791e+05,7271,7717,1.579,67.95,74.43,1425,2.068,2290,3359,0.9571,6248
1989,LT_SUV,3.01e+05,2.105e+05,5584,6255,1.545,67.94,74.42,1139,1.512,1998,2682,0.9422,7387
1989,LT_NEA,2.843e+05,1.905e+05,5528,5600,1.612,67.89,74.37,1060,1.29,1686,2579,0.915,4700
1989,LT_KLA,8.145e+04,1.209e+05,1990,2432,1.472,70.25,76.73,312.5,1.822,1555,940.2,1.365,5443
1990,WAW,1.338e+05,2.402e+06,2.622e+04,2.709e+04,1.531,71.36,77.8,3192,45.9,3.359e+04,1.367e+04,1.68,1.237e+04
1990,WAR,1.506e+06,1.623e+06,3.98e+04,3.495e+04,1.727,67.88,74.32,6947,9.036,1.446e+04,1.823e+04,0.9068,1.093e+04
1990,LOD,1.329e+06,2.289e+06,4.058e+04,4.125e+04,1.604,69.37,75.81,6385,20.37,2.356e+04,1.832e+04,1.146,1.08e+04
1990,KIE,1.948e+06,2.18e+06,5.364e+04,4.278e+04,1.712,68.2,74.64,8911,13.94,1.9e+04,2.242e+04,0.9716,1.157e+04
1990,LUB,2.091e+06,1.955e+06,6.832e+04,3.593e+04,2.104,67.59,74.03,9561,9.693,1.742e+04,2.596e+04,0.8555,1.036e+04
1990,BIA,1.158e+06,1.248e+06,3.464e+04,2.4e+04,1.856,67.51,73.95,5107,6.347,1.191e+04,1.435e+04,0.8666,9201
1990,WIL,7.965e+05,8.497e+05,2.298e+04,1.736e+04,1.821,67.38,73.82,3425,4.051,7040,9831,0.8389,5529
1990,NOW,1.085e+06,7.81e+05,3.793e+04,1.582e+04,2.553,66.82,73.26,3962,2.99,7040,1.21e+04,0.7518,7035
1990,POL,1.618e+06,1.215e+06,7.023e+04,2.128e+04,3.181,66.43,72.87,4921,3.79,9865,1.709e+04,0.6787,6918
1990,WOL,2.378e+06,1.829e+06,9.868e+04,3.289e+04,3.004,66.78,73.22,8285,6.857,1.264e+04,2.662e+04,0.7439,7971
1990,POZ,1.094e+06,1.655e+06,2.818e+04,3.256e+04,1.513,69.68,76.12,4450,17.93,1.764e+04,1.336e+04,1.265,8541
1990,POM,7.561e+05,1.09e+06,1.982e+04,1.94e+04,1.534,69.85,76.29,2973,12.23,1.456e+04,9116,1.287,7365
1990,SLA,8.896e+05,1.4e+06,2.404e+04,2.465e+04,1.531,71.12,77.56,3170,22.69,2.144e+04,1.118e+04,1.547,9566
1990,KRA,1.217e+06,1.482e+06,3.119e+04,3.205e+04,1.628,68,74.44,5602,9.155,1.412e+04,1.425e+04,0.9549,9790
1990,LWO,1.772e+06,2.181e+06,4.5e+04,4.588e+04,1.598,68.42,74.86,7415,15.06,2.175e+04,1.703e+04,1.01,9486
1990,STA,9.177e+05,8.969e+05,2.324e+04,2.046e+04,1.735,67.19,73.63,3994,4.072,8969,8872,0.8187,7088
1990,TAR,8.441e+05,8.336e+05,1.999e+04,2.043e+04,1.654,67.24,73.68,3754,3.632,8466,8904,0.802,6936
1990,LT_KAU,1.318e+05,2.374e+05,3681,4585,1.475,69.01,75.45,699.9,2.11,2450,1857,1.145,7095
1990,LT_LAU,3.18e+05,2.503e+05,6481,6966,1.632,67.83,74.27,1298,1.517,2218,2969,0.9458,6151
1990,LT_ZEM,3.585e+05,2.812e+05,7240,7695,1.605,68.24,74.68,1457,1.745,2249,3299,0.9572,6379
1990,LT_SUV,2.967e+05,2.122e+05,5563,6290,1.569,68.09,74.53,1165,1.276,1963,2635,0.9422,7514
1990,LT_NEA,2.803e+05,1.924e+05,5423,5640,1.613,68.01,74.45,1084,1.092,1658,2532,0.9156,4797
1990,LT_KLA,8.076e+04,1.214e+05,1995,2464,1.496,70.36,76.8,320.1,1.526,1527,927.6,1.362,5556
1991,WAW,1.362e+05,2.415e+06,2.573e+04,2.742e+04,1.507,71.56,77.96,3161,70.86,3.318e+04,1.357e+04,1.676,1.25e+04
1991,WAR,1.488e+06,1.633e+06,3.856e+04,3.501e+04,1.704,68.12,74.52,6786,14.07,1.427e+04,1.791e+04,0.9078,1.106e+04
1991,LOD,1.319e+06,2.296e+06,3.955e+04,4.138e+04,1.583,69.64,76.04,6267,31.49,2.32e+04,1.807e+04,1.146,1.089e+04
1991,KIE,1.929e+06,2.196e+06,5.219e+04,4.276e+04,1.696,68.51,74.91,8721,21.68,1.876e+04,2.207e+04,0.9719,1.171e+04
1991,LUB,2.078e+06,1.982e+06,6.723e+04,3.587e+04,2.086,67.91,74.31,9418,15.19,1.726e+04,2.57e+04,0.8564,1.048e+04
1991,BIA,1.148e+06,1.26e+06,3.399e+04,2.407e+04,1.847,67.74,74.14,5007,9.914,1.18e+04,1.415e+04,0.8678,9315
1991,WIL,7.881e+05,8.572e+05,2.249e+04,1.735e+04,1.812,67.66,74.06,3349,6.331,6982,9666,0.8407,5615
1991,NOW,1.082e+06,7.973e+05,3.735e+04,1.585e+04,2.521,67.07,73.47,3912,4.727,7016,1.202e+04,0.7533,7152
1991,POL,1.623e+06,1.245e+06,6.936e+04,2.14e+04,3.121,66.67,73.07,4905,6.029,9865,1.71e+04,0.6807,7045
1991,WOL,2.381e+06,1.87e+06,9.814e+04,3.292e+04,2.978,67.06,73.46,8221,10.87,1.261e+04,2.653e+04,0.7458,8098
1991,POZ,1.084e+06,1.66e+06,2.766e+04,3.276e+04,1.506,69.89,76.29,4361,27.72,1.736e+04,1.316e+04,1.264,8634
1991,POM,7.512e+05,1.097e+06,1.954e+04,1.953e+04,1.53,70.13,76.53,2922,18.95,1.436e+04,9002,1.286,7446
1991,SLA,8.862e+05,1.409e+06,2.379e+04,2.494e+04,1.53,71.32,77.72,3123,35.1,2.114e+04,1.106e+04,1.544,9671
1991,KRA,1.203e+06,1.489e+06,3.086e+04,3.211e+04,1.638,68.24,74.64,5476,14.21,1.393e+04,1.401e+04,0.9555,9910
1991,LWO,1.754e+06,2.194e+06,4.37e+04,4.595e+04,1.573,68.69,75.09,7272,23.36,2.147e+04,1.681e+04,1.01,9610
1991,STA,9.08e+05,9.053e+05,2.277e+04,2.038e+04,1.726,67.55,73.95,3910,6.357,8884,8745,0.8198,7195
1991,TAR,8.329e+05,8.398e+05,1.961e+04,2.045e+04,1.648,67.46,73.86,3670,5.662,8370,8760,0.8033,7044
1991,LT_KAU,1.306e+05,2.377e+05,3716,4598,1.511,69.29,75.69,685.7,3.255,2403,1828,1.145,7200
1991,LT_LAU,3.132e+05,2.525e+05,6300,6931,1.617,68.21,74.61,1267,2.361,2178,2917,0.9461,6251
1991,LT_ZEM,3.531e+05,2.836e+05,7199,7692,1.628,68.51,74.91,1421,2.717,2210,3240,0.9576,6489
1991,LT_SUV,2.921e+05,2.141e+05,5372,6285,1.545,68.37,74.77,1137,1.987,1928,2588,0.9423,7618
1991,LT_NEA,2.76e+05,1.944e+05,5297,5637,1.607,68.26,74.66,1058,1.704,1630,2487,0.9159,4884
1991,LT_KLA,7.999e+04,1.219e+05,1963,2482,1.493,70.56,76.96,314.2,2.356,1500,915.2,1.36,5656
1992,WAW,1.385e+05,2.428e+06,2.629e+04,2.713e+04,1.543,72.14,78.5,3025,121,3.273e+04,1.348e+04,1.673,1.265e+04
1992,WAR,1.469e+06,1.646e+06,3.775e+04,3.448e+04,1.699,68.7,75.06,6394,24.23,1.407e+04,1.76e+04,0.9088,1.123e+04
1992,LOD,1.307e+06,2.306e+06,4.006e+04,4.11e+04,1.623,70.08,76.44,5940,53.9,2.284e+04,1.784e+04,1.145,1.119e+04
1992,KIE,1.908e+06,2.216e+06,5.2e+04,4.226e+04,1.72,69.05,75.41,8233,37.34,1.859e+04,2.174e+04,0.9724,1.191e+04
1992,LUB,2.062e+06,2.012e+06,6.718e+04,3.557e+04,2.101,68.37,74.73,8945,26.36,1.712e+04,2.545e+04,0.8573,1.071e+04
1992,BIA,1.137e+06,1.274e+06,3.388e+04,2.383e+04,1.868,68.24,74.6,4735,17.14,1.169e+04,1.396e+04,0.8688,9461
1992,WIL,7.789e+05,8.657e+05,2.222e+04,1.722e+04,1.819,68.08,74.44,3159,10.94,6920,9515,0.8421,5733
1992,NOW,1.077e+06,8.15e+05,3.718e+04,1.566e+04,2.518,67.58,73.94,3724,8.274,6987,1.194e+04,0.7548,7317
1992,POL,1.627e+06,1.278e+06,6.988e+04,2.125e+04,3.126,67.12,73.48,4713,10.62,9880,1.712e+04,0.6827,7184
1992,WOL,2.38e+06,1.915e+06,9.893e+04,3.265e+04,2.994,67.5,73.86,7867,19.06,1.262e+04,2.647e+04,0.7473,8320
1992,POZ,1.072e+06,1.667e+06,2.798e+04,3.224e+04,1.542,70.51,76.87,4128,47.4,1.707e+04,1.298e+04,1.263,8750
1992,POM,7.456e+05,1.105e+06,1.949e+04,1.949e+04,1.543,70.56,76.92,2773,32.48,1.42e+04,8896,1.284,7580
1992,SLA,8.822e+05,1.419e+06,2.388e+04,2.468e+04,1.55,71.89,78.25,2970,60.1,2.09e+04,1.095e+04,1.542,9804
1992,KRA,1.188e+06,1.499e+06,3.12e+04,3.16e+04,1.684,68.85,75.21,5164,24.42,1.374e+04,1.379e+04,0.9562,1.006e+04
1992,LWO,1.734e+06,2.209e+06,4.359e+04,4.544e+04,1.59,69.21,75.57,6881,40.11,2.117e+04,1.659e+04,1.009,9796
1992,STA,8.973e+05,9.148e+05,2.269e+04,2.024e+04,1.746,67.97,74.33,3692,10.99,8790,8625,0.821,7323
1992,TAR,8.211e+05,8.472e+05,1.95e+04,2.024e+04,1.663,67.91,74.27,3461,9.771,8337,8626,0.8045,7226
1992,LT_KAU,1.293e+05,2.381e+05,3745,4569,1.544,69.75,76.11,648.4,5.557,2358,1801,1.144,7314
1992,LT_LAU,3.083e+05,2.549e+05,6278,6876,1.639,68.64,75,1193,4.067,2140,2869,0.9463,6437
1992,LT_ZEM,3.475e+05,2.863e+05,7006,7600,1.615,69.02,75.38,1337,4.68,2173,3185,0.9577,6745
1992,LT_SUV,2.874e+05,2.163e+05,5435,6218,1.59,68.84,75.2,1071,3.423,1895,2546,0.9424,7755
1992,LT_NEA,2.715e+05,1.967e+05,5232,5580,1.617,68.7,75.06,995.5,2.942,1604,2446,0.9162,4977
1992,LT_KLA,7.917e+04,1.225e+05,1987,2468,1.53,71,77.36,298.7,4.023,1474,903.5,1.357,5824
1993,WAW,1.408e+05,2.44e+06,2.549e+04,2.718e+04,1.5,72.52,78.84,3021,121.7,3.232e+04,1.338e+04,1.668,1.276e+04
1993,WAR,1.45e+06,1.657e+06,3.635e+04,3.429e+04,1.663,69.08,75.4,6301,24.57,1.389e+04,1.73e+04,0.9096,1.135e+04
1993,LOD,1.296e+06,2.314e+06,3.817e+04,4.11e+04,1.564,70.4,76.72,5873,54.5,2.254e+04,1.76e+04,1.147,1.128e+04
1993,KIE,1.887e+06,2.233e+06,4.979e+04,4.209e+04,1.675,69.44,75.76,8126,37.85,1.836e+04,2.141e+04,0.9726,1.205e+04
1993,LUB,2.045e+06,2.04e+06,6.35e+04,3.538e+04,2.003,68.76,75.08,8876,26.94,1.697e+04,2.516e+04,0.8586,1.084e+04
1993,BIA,1.125e+06,1.287e+06,3.222e+04,2.36e+04,1.8,68.72,75.04,4683,17.43,1.157e+04,1.377e+04,0.8695,9566
1993,WIL,7.696e+05,8.734e+05,2.12e+04,1.713e+04,1.763,68.45,74.77,3117,11.13,6855,9364,0.8433,5809
1993,NOW,1.071e+06,8.32e+05,3.549e+04,1.555e+04,2.414,67.98,74.3,3706,8.523,6960,1.185e+04,0.7562,7443
1993,POL,1.629e+06,1.311e+06,6.748e+04,2.121e+04,3.009,67.48,73.8,4735,11,9873,1.713e+04,0.6843,7328
1993,WOL,2.377e+06,1.959e+06,9.541e+04,3.253e+04,2.886,67.86,74.18,7865,19.71,1.26e+04,2.637e+04,0.7493,8455
1993,POZ,1.061e+06,1.673e+06,2.63e+04,3.213e+04,1.467,70.9,77.22,4084,47.7,1.68e+04,1.279e+04,1.262,8834
1993,POM,7.4e+05,1.112e+06,1.849e+04,1.949e+04,1.478,70.96,77.28,2749,32.79,1.401e+04,8787,1.283,7653
1993,SLA,8.781e+05,1.429e+06,2.303e+04,2.477e+04,1.508,72.23,78.55,2951,60.56,2.061e+04,1.083e+04,1.538,9897
1993,KRA,1.173e+06,1.507e+06,2.972e+04,3.168e+04,1.629,69.08,75.4,5095,24.69,1.355e+04,1.357e+04,0.9565,1.017e+04
1993,LWO,1.714e+06,2.223e+06,4.121e+04,4.53e+04,1.521,69.57,75.89,6805,40.55,2.089e+04,1.637e+04,1.009,9914
1993,STA,8.867e+05,9.235e+05,2.161e+04,2.009e+04,1.686,68.41,74.73,3648,11.17,8702,8508,0.8219,7420
1993,TAR,8.093e+05,8.539e+05,1.863e+04,2.005e+04,1.612,68.34,74.66,3414,9.939,8247,8487,0.8061,7325
1993,LT_KAU,1.279e+05,2.384e+05,3619,4540,1.512,70.19,76.51,641.2,5.581,2312,1774,1.143,7408
1993,LT_LAU,3.034e+05,2.571e+05,6031,6832,1.601,69.02,75.34,1175,4.133,2104,2820,0.9473,6527
1993,LT_ZEM,3.418e+05,2.888e+05,6647,7593,1.56,69.31,75.63,1315,4.764,2140,3122,0.9596,6846
1993,LT_SUV,2.827e+05,2.183e+05,5124,6145,1.525,69.34,75.66,1055,3.471,1861,2504,0.9421,7853
1993,LT_NEA,2.671e+05,1.988e+05,5014,5552,1.576,69.05,75.37,981,2.987,1575,2406,0.9159,5056
1993,LT_KLA,7.835e+04,1.231e+05,1927,2469,1.502,71.34,77.66,295.5,4.052,1449,891.9,1.356,5918
1994,WAW,1.432e+05,2.452e+06,2.63e+04,2.699e+04,1.549,73.03,79.31,3040,112.2,3.196e+04,1.329e+04,1.665,1.296e+04
1994,WAR,1.431e+06,1.668e+06,3.598e+04,3.382e+04,1.674,69.63,75.91,6260,22.82,1.371e+04,1.701e+04,0.9106,1.165e+04
1994,LOD,1.285e+06,2.321e+06,3.789e+04,4.041e+04,1.568,71.01,77.29,5860,50.31,2.221e+04,1.737e+04,1.146,1.142e+04
1994,KIE,1.867e+06,2.25e+06,4.966e+04,4.187e+04,1.698,69.85,76.13,8085,35.14,1.814e+04,2.109e+04,0.9731,1.225e+04
1994,LUB,2.03e+06,2.068e+06,6.369e+04,3.481e+04,2.027,69.35,75.63,8881,25.2,1.679e+04,2.489e+04,0.8595,1.104e+04
1994,BIA,1.115e+06,1.3e+06,3.224e+04,2.332e+04,1.824,69.25,75.53,4669,16.24,1.143e+04,1.359e+04,0.8704,9709
1994,WIL,7.611e+05,8.807e+05,2.116e+04,1.688e+04,1.785,69,75.28,3102,10.36,6777,9222,0.8445,5947
1994,NOW,1.067e+06,8.487e+05,3.574e+04,1.53e+04,2.441,68.56,74.84,3719,8.04,6922,1.176e+04,0.7578,7580
1994,POL,1.632e+06,1.343e+06,6.81e+04,2.098e+04,3.027,67.98,74.26,4792,10.44,9901,1.713e+04,0.6865,7554
1994,WOL,2.376e+06,2.003e+06,9.591e+04,3.214e+04,2.9,68.35,74.63,7929,18.63,1.254e+04,2.628e+04,0.7509,8667
1994,POZ,1.05e+06,1.678e+06,2.66e+04,3.207e+04,1.5,71.26,77.54,4073,43.99,1.654e+04,1.262e+04,1.261,8948
1994,POM,7.348e+05,1.12e+06,1.895e+04,1.934e+04,1.528,71.48,77.76,2749,30.31,1.382e+04,8689,1.281,7877
1994,SLA,8.743e+05,1.437e+06,2.282e+04,2.452e+04,1.507,72.79,79.07,2954,55.92,2.031e+04,1.071e+04,1.536,1.003e+04
1994,KRA,1.159e+06,1.514e+06,2.969e+04,3.109e+04,1.651,69.72,76,5068,22.88,1.335e+04,1.335e+04,0.9571,1.033e+04
1994,LWO,1.696e+06,2.237e+06,4.18e+04,4.459e+04,1.561,70.17,76.45,6787,37.55,2.069e+04,1.616e+04,1.009,1.015e+04
1994,STA,8.767e+05,9.318e+05,2.149e+04,1.985e+04,1.692,68.93,75.21,3633,10.41,8634,8392,0.823,7670
1994,TAR,7.983e+05,8.601e+05,1.85e+04,1.972e+04,1.622,68.91,75.19,3397,9.246,8212,8358,0.8073,7640
1994,LT_KAU,1.267e+05,2.387e+05,3603,4465,1.525,70.81,77.09,639.1,5.139,2270,1748,1.143,7520
1994,LT_LAU,2.988e+05,2.592e+05,6043,6703,1.629,69.66,75.94,1169,3.837,2069,2776,0.9474,6632
1994,LT_ZEM,3.364e+05,2.91e+05,6571,7467,1.568,69.88,76.16,1306,4.42,2104,3069,0.9596,6983
1994,LT_SUV,2.783e+05,2.201e+05,5178,6082,1.565,69.79,76.07,1048,3.223,1830,2464,0.9421,7973
1994,LT_NEA,2.629e+05,2.008e+05,5099,5457,1.628,69.63,75.91,975.1,2.779,1551,2368,0.916,5144
1994,LT_KLA,7.758e+04,1.236e+05,1948,2439,1.536,71.87,78.15,294.9,3.734,1426,880.8,1.353,6125
1995,WAW,1.457e+05,2.464e+06,2.651e+04,2.753e+04,1.562,73.11,79.35,3046,109.5,3.159e+04,1.321e+04,1.662,1.308e+04
1995,WAR,1.413e+06,1.678e+06,3.534e+04,3.456e+04,1.669,69.51,75.75,6184,22.49,1.356e+04,1.67e+04,0.9124,1.177e+04
1995,LOD,1.275e+06,2.327e+06,3.81e+04,4.135e+04,1.591,70.93,77.17,5822,49.14,2.189e+04,1.714e+04,1.146,1.151e+04
1995,KIE,1.848e+06,2.264e+06,4.829e+04,4.267e+04,1.665,69.83,76.07,8006,34.52,1.791e+04,2.077e+04,0.9732,1.239e+04
1995,LUB,2.015e+06,2.094e+06,6.291e+04,3.545e+04,2.018,69.35,75.59,8842,24.94,1.664e+04,2.463e+04,0.8603,1.116e+04
1995,BIA,1.105e+06,1.311e+06,3.191e+04,2.379e+04,1.826,69.2,75.44,4635,16.01,1.131e+04,1.342e+04,0.8709,9811
1995,WIL,7.526e+05,8.876e+05,2.099e+04,1.708e+04,1.793,69.07,75.31,3073,10.22,6717,9084,0.8458,6026
1995,NOW,1.062e+06,8.649e+05,3.543e+04,1.556e+04,2.428,68.58,74.82,3716,8.014,6892,1.168e+04,0.7587,7688
1995,POL,1.635e+06,1.374e+06,6.754e+04,2.14e+04,2.993,68.01,74.25,4824,10.5,9905,1.712e+04,0.6889,7677
1995,WOL,2.374e+06,2.045e+06,9.446e+04,3.257e+04,2.852,68.45,74.69,7951,18.63,1.251e+04,2.619e+04,0.7525,8791
1995,POZ,1.04e+06,1.682e+06,2.631e+04,3.26e+04,1.499,71.3,77.54,4045,42.92,1.629e+04,1.244e+04,1.259,9035
1995,POM,7.296e+05,1.126e+06,1.908e+04,1.983e+04,1.55,71.44,77.68,2735,29.76,1.366e+04,8596,1.281,7955
1995,SLA,8.702e+05,1.445e+06,2.262e+04,2.529e+04,1.505,72.68,78.92,2943,54.63,2.003e+04,1.06e+04,1.532,1.012e+04
1995,KRA,1.145e+06,1.52e+06,2.942e+04,3.173e+04,1.658,69.63,75.87,5019,22.43,1.317e+04,1.315e+04,0.9574,1.044e+04
1995,LWO,1.678e+06,2.249e+06,4.197e+04,4.544e+04,1.583,70.14,76.38,6737,36.85,2.043e+04,1.596e+04,1.009,1.027e+04
1995,STA,8.666e+05,9.393e+05,2.086e+04,2.015e+04,1.661,68.92,75.16,3597,10.3,8562,8265,0.8252,7773
1995,TAR,7.875e+05,8.659e+05,1.834e+04,1.998e+04,1.626,68.89,75.13,3358,9.151,8140,8212,0.8103,7746
1995,LT_KAU,1.255e+05,2.388e+05,3602,4548,1.542,70.8,77.04,634.4,5.005,2232,1723,1.141,7617
1995,LT_LAU,2.943e+05,2.611e+05,6029,6796,1.647,69.66,75.9,1158,3.767,2035,2738,0.9467,6723
1995,LT_ZEM,3.31e+05,2.93e+05,6476,7552,1.57,69.93,76.17,1291,4.339,2072,3020,0.9592,7086
1995,LT_SUV,2.738e+05,2.218e+05,4959,6151,1.521,69.83,76.07,1037,3.165,1801,2426,0.9415,8072
1995,LT_NEA,2.588e+05,2.026e+05,5070,5546,1.643,69.59,75.83,965.5,2.733,1528,2334,0.9154,5227
1995,LT_KLA,7.683e+04,1.241e+05,1937,2497,1.544,71.78,78.02,292.6,3.651,1406,869.9,1.352,6221
1996,WAW,1.484e+05,2.475e+06,2.606e+04,2.824e+04,1.536,73.09,79.29,3124,79.95,3.117e+04,1.312e+04,1.659,1.321e+04
1996,WAR,1.396e+06,1.685e+06,3.416e+04,3.498e+04,1.636,69.54,75.74,6268,16.51,1.339e+04,1.642e+04,0.9134,1.191e+04
1996,LOD,1.265e+06,2.33e+06,3.704e+04,4.194e+04,1.56,70.98,77.18,5925,35.9,2.159e+04,1.692e+04,1.145,1.169e+04
1996,KIE,1.829e+06,2.276e+06,4.708e+04,4.323e+04,1.646,69.89,76.09,8126,25.34,1.764e+04,2.045e+04,0.9736,1.254e+04
1996,LUB,2e+06,2.116e+06,6.098e+04,3.596e+04,1.969,69.41,75.61,9022,18.43,1.646e+04,2.435e+04,0.8612,1.13e+04
1996,BIA,1.095e+06,1.321e+06,3.094e+04,2.41e+04,1.788,69.26,75.46,4716,11.79,1.118e+04,1.324e+04,0.8718,9925
1996,WIL,7.447e+05,8.93e+05,2.024e+04,1.734e+04,1.746,69.04,75.24,3122,7.525,6652,8946,0.847,6123
1996,NOW,1.057e+06,8.796e+05,3.446e+04,1.579e+04,2.369,68.61,74.81,3805,5.968,6865,1.16e+04,0.76,7836
1996,POL,1.637e+06,1.404e+06,6.616e+04,2.181e+04,2.924,68.03,74.23,4980,7.866,9878,1.71e+04,0.6907,7868
1996,WOL,2.373e+06,2.083e+06,9.237e+04,3.308e+04,2.787,68.48,74.68,8175,13.91,1.248e+04,2.608e+04,0.7539,8973
1996,POZ,1.029e+06,1.684e+06,2.538e+04,3.319e+04,1.459,71.28,77.48,4114,31.33,1.606e+04,1.227e+04,1.258,9196
1996,POM,7.248e+05,1.132e+06,1.844e+04,2.026e+04,1.508,71.44,77.64,2791,21.77,1.349e+04,8501,1.28,8072
1996,SLA,8.662e+05,1.452e+06,2.221e+04,2.599e+04,1.488,72.6,78.8,3004,39.92,1.988e+04,1.048e+04,1.53,1.04e+04
1996,KRA,1.133e+06,1.525e+06,2.895e+04,3.206e+04,1.651,69.7,75.9,5095,16.44,1.305e+04,1.294e+04,0.9581,1.064e+04
1996,LWO,1.661e+06,2.258e+06,4.081e+04,4.613e+04,1.554,70.15,76.35,6856,26.99,2.013e+04,1.576e+04,1.009,1.041e+04
1996,STA,8.571e+05,9.453e+05,2.025e+04,2.049e+04,1.629,68.87,75.07,3656,7.581,8462,8152,0.8263,7881
1996,TAR,7.772e+05,8.704e+05,1.786e+04,2.015e+04,1.601,68.96,75.16,3411,6.732,8042,8090,0.8114,7869
1996,LT_KAU,1.244e+05,2.387e+05,3512,4630,1.52,70.78,76.98,645.1,3.647,2192,1698,1.141,7722
1996,LT_LAU,2.899e+05,2.625e+05,5827,6859,1.612,69.72,75.92,1175,2.764,2001,2697,0.9468,6818
1996,LT_ZEM,3.259e+05,2.946e+05,6338,7633,1.559,69.98,76.18,1309,3.183,2038,2970,0.9591,7191
1996,LT_SUV,2.694e+05,2.231e+05,4746,6235,1.476,69.8,76,1051,2.323,1771,2386,0.9415,8179
1996,LT_NEA,2.549e+05,2.041e+05,4944,5586,1.623,69.7,75.9,979.8,2.01,1504,2298,0.9156,5317
1996,LT_KLA,7.611e+04,1.243e+05,1860,2532,1.497,71.85,78.05,297.4,2.661,1382,858.7,1.35,6322
1997,WAW,1.509e+05,2.484e+06,2.604e+04,2.893e+04,1.535,73.06,79.22,2991,135.1,3.082e+04,1.303e+04,1.655,1.331e+04
1997,WAR,1.377e+06,1.693e+06,3.393e+04,3.572e+04,1.644,69.4,75.56,5917,28.1,1.322e+04,1.616e+04,0.914,1.202e+04
1997,LOD,1.254e+06,2.334e+06,3.645e+04,4.302e+04,1.547,70.81,76.97,5619,60.83,2.13e+04,1.67e+04,1.145,1.178e+04
1997,KIE,1.808e+06,2.288e+06,4.58e+04,4.407e+04,1.621,69.83,75.99,7679,43.09,1.743e+04,2.015e+04,0.9737,1.267e+04
1997,LUB,1.983e+06,2.14e+06,6.03e+04,3.672e+04,1.956,69.33,75.49,8568,31.56,1.632e+04,2.411e+04,0.8617,1.141e+04
1997,BIA,1.084e+06,1.331e+06,3.021e+04,2.465e+04,1.757,69.14,75.3,4467,20.12,1.107e+04,1.307e+04,0.8723,1.002e+04
1997,WIL,7.358e+05,8.988e+05,1.968e+04,1.763e+04,1.714,68.98,75.14,2952,12.84,6591,8815,0.848,6201
1997,NOW,1.051e+06,8.955e+05,3.422e+04,1.61e+04,2.351,68.55,74.71,3624,10.31,6842,1.152e+04,0.7614,7938
1997,POL,1.637e+06,1.435e+06,6.562e+04,2.238e+04,2.883,67.93,74.09,4779,13.68,9884,1.709e+04,0.6929,7985
1997,WOL,2.368e+06,2.126e+06,9.231e+04,3.395e+04,2.775,68.35,74.51,7818,24.09,1.246e+04,2.599e+04,0.7554,9092
1997,POZ,1.018e+06,1.687e+06,2.535e+04,3.388e+04,1.469,71.19,77.35,3897,53.03,1.583e+04,1.21e+04,1.258,9278
1997,POM,7.191e+05,1.137e+06,1.854e+04,2.068e+04,1.523,71.44,77.6,2655,36.92,1.332e+04,8413,1.278,8143
1997,SLA,8.611e+05,1.459e+06,2.204e+04,2.663e+04,1.485,72.53,78.69,2853,67.83,1.966e+04,1.037e+04,1.53,1.049e+04
1997,KRA,1.119e+06,1.53e+06,2.879e+04,3.243e+04,1.66,69.74,75.9,4813,27.97,1.289e+04,1.274e+04,0.9592,1.075e+04
1997,LWO,1.642e+06,2.269e+06,4.07e+04,4.688e+04,1.563,70.12,76.28,6497,45.8,1.988e+04,1.556e+04,1.008,1.052e+04
1997,STA,8.461e+05,9.518e+05,1.962e+04,2.087e+04,1.592,68.77,74.93,3459,12.93,8379,8049,0.827,7978
1997,TAR,7.661e+05,8.757e+05,1.78e+04,2.046e+04,1.611,68.87,75.03,3223,11.48,7955,7976,0.8123,7968
1997,LT_KAU,1.23e+05,2.387e+05,3526,4727,1.541,70.68,76.84,611,6.156,2156,1674,1.14,7815
1997,LT_LAU,2.853e+05,2.642e+05,5818,6967,1.628,69.65,75.81,1111,4.7,1970,2660,0.9464,6903
1997,LT_ZEM,3.206e+05,2.963e+05,6266,7756,1.561,69.91,76.07,1235,5.408,2006,2924,0.9586,7285
1997,LT_SUV,2.647e+05,2.246e+05,4657,6310,1.466,69.8,75.96,991.9,3.95,1744,2348,0.9411,8273
1997,LT_NEA,2.507e+05,2.057e+05,4806,5671,1.597,69.63,75.79,924.9,3.425,1482,2263,0.9155,5396
1997,LT_KLA,7.531e+04,1.246e+05,1843,2579,1.496,71.81,77.97,283,4.489,1361,848,1.347,6417
1998,WAW,1.535e+05,2.493e+06,2.551e+04,2.899e+04,1.502,73.36,79.48,2970,146.4,3.049e+04,1.294e+04,1.652,1.342e+04
1998,WAR,1.358e+06,1.701e+06,3.309e+04,3.562e+04,1.62,69.7,75.82,5807,30.65,1.306e+04,1.591e+04,0.9149,1.217e+04
1998,LOD,1.242e+06,2.338e+06,3.617e+04,4.306e+04,1.544,71.05,77.17,5538,66.01,2.101e+04,1.65e+04,1.145,1.186e+04
1998,KIE,1.787e+06,2.3e+06,4.486e+04,4.388e+04,1.604,70.2,76.32,7542,47,1.722e+04,1.985e+04,0.9742,1.281e+04
1998,LUB,1.966e+06,2.163e+06,5.85e+04,3.674e+04,1.905,69.62,75.74,8458,34.65,1.62e+04,2.386e+04,0.8626,1.155e+04
1998,BIA,1.073e+06,1.341e+06,2.918e+04,2.474e+04,1.709,69.36,75.48,4398,22.01,1.095e+04,1.29e+04,0.8732,1.012e+04
1998,WIL,7.268e+05,9.044e+05,1.914e+04,1.752e+04,1.68,69.35,75.47,2902,14.04,6530,8687,0.8492,6281
1998,NOW,1.044e+06,9.113e+05,3.343e+04,1.61e+04,2.295,68.85,74.97,3591,11.41,6814,1.145e+04,0.7626,8067
1998,POL,1.636e+06,1.466e+06,6.4e+04,2.239e+04,2.795,68.25,74.37,4770,15.23,9874,1.709e+04,0.6947,8115
1998,WOL,2.361e+06,2.167e+06,9.007e+04,3.396e+04,2.696,68.63,74.75,7776,26.72,1.249e+04,2.591e+04,0.7568,9256
1998,POZ,1.006e+06,1.69e+06,2.513e+04,3.364e+04,1.466,71.58,77.7,3838,57.5,1.561e+04,1.194e+04,1.257,9365
1998,POM,7.131e+05,1.143e+06,1.806e+04,2.094e+04,1.49,71.57,77.69,2623,40.12,1.315e+04,8326,1.277,8220
1998,SLA,8.557e+05,1.465e+06,2.131e+04,2.669e+04,1.443,72.81,78.93,2818,73.62,1.941e+04,1.026e+04,1.528,1.058e+04
1998,KRA,1.105e+06,1.535e+06,2.771e+04,3.238e+04,1.613,70.02,76.14,4728,30.45,1.272e+04,1.255e+04,0.9598,1.088e+04
1998,LWO,1.623e+06,2.278e+06,4.012e+04,4.692e+04,1.552,70.37,76.49,6399,49.83,1.964e+04,1.538e+04,1.008,1.063e+04
1998,STA,8.351e+05,9.581e+05,1.899e+04,2.066e+04,1.552,69.21,75.33,3402,14.14,8297,7945,0.828,8086
1998,TAR,7.552e+05,8.807e+05,1.76e+04,2.037e+04,1.606,69.16,75.28,3168,12.54,7863,7866,0.8133,8077
1998,LT_KAU,1.217e+05,2.386e+05,3478,4712,1.533,70.99,77.11,601.4,6.664,2118,1650,1.139,7902
1998,LT_LAU,2.806e+05,2.658e+05,5514,6903,1.558,70.05,76.17,1091,5.125,1936,2622,0.9465,7012
1998,LT_ZEM,3.152e+05,2.978e+05,5972,7724,1.505,70.21,76.33,1212,5.891,1972,2877,0.9585,7390
1998,LT_SUV,2.6e+05,2.259e+05,4558,6290,1.451,70.08,76.2,972.9,4.308,1715,2311,0.9412,8363
1998,LT_NEA,2.465e+05,2.073e+05,4655,5661,1.564,69.89,76.01,908,3.74,1464,2229,0.9156,5804
1998,LT_KLA,7.451e+04,1.249e+05,1805,2581,1.476,72.08,78.2,279,4.858,1338,837.4,1.344,6516
1999,WAW,1.562e+05,2.5e+06,2.56e+04,2.961e+04,1.505,73.37,79.45,2998,132.8,3.017e+04,1.285e+04,1.649,1.352e+04
1999,WAR,1.34e+06,1.708e+06,3.333e+04,3.588e+04,1.646,69.81,75.89,5799,28,1.292e+04,1.566e+04,0.9161,1.228e+04
1999,LOD,1.231e+06,2.34e+06,3.613e+04,4.339e+04,1.551,71.17,77.25,5551,59.93,2.073e+04,1.63e+04,1.145,1.194e+04
1999,KIE,1.766e+06,2.311e+06,4.434e+04,4.433e+04,1.6,70.31,76.39,7538,42.87,1.702e+04,1.957e+04,0.9745,1.293e+04
1999,LUB,1.949e+06,2.185e+06,5.819e+04,3.745e+04,1.898,69.58,75.66,8495,31.82,1.607e+04,2.362e+04,0.8635,1.166e+04
1999,BIA,1.062e+06,1.349e+06,2.902e+04,2.491e+04,1.708,69.51,75.59,4407,20.13,1.085e+04,1.275e+04,0.8739,1.02e+04
1999,WIL,7.181e+05,9.094e+05,1.897e+04,1.768e+04,1.677,69.43,75.51,2904,12.84,6474,8564,0.8502,6347
1999,NOW,1.038e+06,9.264e+05,3.343e+04,1.631e+04,2.289,68.92,75,3620,10.56,6794,1.138e+04,0.764,8164
1999,POL,1.635e+06,1.496e+06,6.435e+04,2.275e+04,2.792,68.32,74.4,4847,14.18,9875,1.709e+04,0.6964,8228
1999,WOL,2.356e+06,2.208e+06,9.041e+04,3.432e+04,2.692,68.76,74.84,7870,24.81,1.247e+04,2.584e+04,0.7584,9371
1999,POZ,9.959e+05,1.691e+06,2.531e+04,3.412e+04,1.486,71.6,77.68,3844,52.15,1.54e+04,1.178e+04,1.256,9443
1999,POM,7.075e+05,1.148e+06,1.827e+04,2.113e+04,1.512,71.74,77.82,2636,36.48,1.299e+04,8243,1.276,8284
1999,SLA,8.503e+05,1.471e+06,2.147e+04,2.706e+04,1.46,72.9,78.98,2831,66.86,1.917e+04,1.015e+04,1.525,1.066e+04
1999,KRA,1.091e+06,1.54e+06,2.814e+04,3.247e+04,1.652,70.21,76.29,4727,27.76,1.256e+04,1.237e+04,0.9605,1.098e+04
1999,LWO,1.606e+06,2.287e+06,4.055e+04,4.72e+04,1.579,70.52,76.6,6413,45.36,1.941e+04,1.52e+04,1.008,1.073e+04
1999,STA,8.246e+05,9.639e+05,1.911e+04,2.085e+04,1.571,69.29,75.37,3407,12.94,8224,7849,0.829,8177
1999,TAR,7.447e+05,8.852e+05,1.765e+04,2.046e+04,1.622,69.29,75.37,3168,11.47,7784,7760,0.8143,8173
1999,LT_KAU,1.205e+05,2.384e+05,3485,4747,1.549,71.12,77.2,602.1,6.035,2078,1628,1.138,7990
1999,LT_LAU,2.76e+05,2.671e+05,5484,6919,1.563,70.24,76.32,1091,4.678,1901,2584,0.9467,7092
1999,LT_ZEM,3.1e+05,2.991e+05,6019,7811,1.533,70.23,76.31,1209,5.368,1936,2833,0.9584,7478
1999,LT_SUV,2.555e+05,2.271e+05,4562,6284,1.466,70.31,76.39,971.2,3.928,1684,2275,0.9409,8454
1999,LT_NEA,2.425e+05,2.087e+05,4678,5693,1.587,70.01,76.09,902.3,3.466,1451,2176,0.922,5884
1999,LT_KLA,7.375e+04,1.251e+05,1796,2601,1.478,72.21,78.29,279.5,4.398,1314,827.1,1.342,6606
2000,WAW,1.589e+05,2.508e+06,2.573e+04,2.941e+04,1.509,73.8,79.84,2962,152.6,2.986e+04,1.275e+04,1.646,1.362e+04
2000,WAR,1.323e+06,1.715e+06,3.257e+04,3.523e+04,1.621,70.4,76.44,5673,32.39,1.276e+04,1.544e+04,0.917,1.239e+04
2000,LOD,1.22e+06,2.343e+06,3.529e+04,4.291e+04,1.522,71.61,77.65,5446,68.97,2.046e+04,1.61e+04,1.145,1.202e+04
2000,KIE,1.745e+06,2.322e+06,4.351e+04,4.386e+04,1.583,70.79,76.83,7374,49.57,1.682e+04,1.93e+04,0.9749,1.305e+04
2000,LUB,1.932e+06,2.206e+06,5.715e+04,3.697e+04,1.866,70.1,76.14,8353,37.02,1.594e+04,2.339e+04,0.8644,1.177e+04
2000,BIA,1.051e+06,1.358e+06,2.871e+04,2.46e+04,1.697,70.02,76.06,4323,23.35,1.075e+04,1.26e+04,0.8748,1.03e+04
2000,WIL,7.095e+05,9.143e+05,1.868e+04,1.748e+04,1.661,69.91,75.95,2844,14.88,6418,8446,0.8513,6432
2000,NOW,1.032e+06,9.415e+05,3.281e+04,1.61e+04,2.236,69.45,75.49,3573,12.38,6771,1.131e+04,0.7652,8289
2000,POL,1.633e+06,1.527e+06,6.331e+04,2.253e+04,2.722,68.83,74.87,4819,16.72,9870,1.71e+04,0.6981,8375
2000,WOL,2.349e+06,2.249e+06,8.894e+04,3.387e+04,2.628,69.29,75.33,7798,29.16,1.247e+04,2.578e+04,0.7598,9509
2000,POZ,9.855e+05,1.693e+06,2.489e+04,3.367e+04,1.47,72.09,78.13,3768,59.95,1.52e+04,1.163e+04,1.256,9532
2000,POM,7.02e+05,1.153e+06,1.801e+04,2.075e+04,1.494,72.36,78.4,2594,42.03,1.284e+04,8160,1.274,8375
2000,SLA,8.448e+05,1.478e+06,2.133e+04,2.675e+04,1.455,73.39,79.43,2784,76.98,1.893e+04,1.005e+04,1.523,1.074e+04
2000,KRA,1.078e+06,1.545e+06,2.759e+04,3.2e+04,1.631,70.73,76.77,4626,32.06,1.243e+04,1.22e+04,0.9612,1.11e+04
2000,LWO,1.588e+06,2.296e+06,4.001e+04,4.669e+04,1.567,70.97,77.01,6289,52.34,1.922e+04,1.502e+04,1.007,1.085e+04
2000,STA,8.141e+05,9.698e+05,1.891e+04,2.064e+04,1.561,69.74,75.78,3340,15.01,8164,7757,0.8301,8278
2000,TAR,7.346e+05,8.896e+05,1.743e+04,2.01e+04,1.612,69.83,75.87,3101,13.29,7714,7656,0.8154,8279
2000,LT_KAU,1.193e+05,2.382e+05,3342,4657,1.497,71.71,77.75,589.8,6.927,2044,1604,1.138,8100
2000,LT_LAU,2.715e+05,2.685e+05,5413,6823,1.554,70.74,76.78,1068,5.407,1871,2548,0.9468,7253
2000,LT_ZEM,3.049e+05,3.004e+05,5815,7677,1.495,70.76,76.8,1181,6.196,1906,2788,0.9583,7641
2000,LT_SUV,2.511e+05,2.283e+05,4478,6190,1.453,70.81,76.85,948.5,4.541,1657,2240,0.941,8548
2000,LT_NEA,2.384e+05,2.101e+05,4530,5625,1.55,70.45,76.49,882.2,4.012,1430,2144,0.9221,5990
2000,LT_KLA,7.301e+04,1.252e+05,1755,2546,1.453,72.81,78.85,274.4,5.046,1294,816.6,1.339,6823
2001,WAW,1.616e+05,2.516e+06,2.544e+04,2.898e+04,1.488,74.33,80.33,2934,171.2,2.956e+04,1.266e+04,1.643,1.371e+04
2001,WAR,1.305e+06,1.721e+06,3.13e+04,3.474e+04,1.567,70.92,76.92,5564,36.55,1.262e+04,1.522e+04,0.9178,1.248e+04
2001,LOD,1.209e+06,2.346e+06,3.5e+04,4.203e+04,1.515,72.22,78.22,5356,77.45,2.02e+04,1.59e+04,1.144,1.209e+04
2001,KIE,1.724e+06,2.332e+06,4.208e+04,4.325e+04,1.542,71.34,77.34,7234,55.9,1.663e+04,1.903e+04,0.9751,1.316e+04
2001,LUB,1.915e+06,2.227e+06,5.584e+04,3.651e+04,1.822,70.63,76.63,8236,42.01,1.581e+04,2.317e+04,0.8651,1.187e+04
2001,BIA,1.04e+06,1.367e+06,2.773e+04,2.43e+04,1.643,70.55,76.55,4252,26.41,1.065e+04,1.245e+04,0.8755,1.038e+04
2001,WIL,7.009e+05,9.192e+05,1.822e+04,1.723e+04,1.627,70.45,76.45,2791,16.84,6365,8329,0.8524,6502
2001,NOW,1.025e+06,9.566e+05,3.209e+04,1.581e+04,2.175,70.08,76.08,3534,14.17,6752,1.125e+04,0.7666,8381
2001,POL,1.63e+06,1.557e+06,6.163e+04,2.227e+04,2.622,69.37,75.37,4802,19.23,9871,1.71e+04,0.7,8483
2001,WOL,2.341e+06,2.29e+06,8.706e+04,3.326e+04,2.549,69.91,75.91,7748,33.44,1.245e+04,2.573e+04,0.7612,9614
2001,POZ,9.75e+05,1.695e+06,2.422e+04,3.284e+04,1.438,72.77,78.77,3701,67.27,1.5e+04,1.147e+04,1.255,9604
2001,POM,6.965e+05,1.157e+06,1.757e+04,2.043e+04,1.46,72.95,78.95,2557,47.27,1.269e+04,8078,1.273,8434
2001,SLA,8.393e+05,1.484e+06,2.086e+04,2.626e+04,1.426,73.99,79.99,2745,86.47,1.87e+04,9943,1.52,1.082e+04
2001,KRA,1.064e+06,1.55e+06,2.67e+04,3.134e+04,1.588,71.36,77.36,4539,36.14,1.228e+04,1.203e+04,0.9619,1.119e+04
2001,LWO,1.571e+06,2.305e+06,3.901e+04,4.57e+04,1.536,71.62,77.62,6181,58.93,1.9e+04,1.484e+04,1.007,1.095e+04
2001,STA,8.036e+05,9.756e+05,1.845e+04,2.031e+04,1.528,70.32,76.32,3282,16.98,8094,7665,0.831,8364
2001,TAR,7.245e+05,8.94e+05,1.702e+04,1.976e+04,1.583,70.39,76.39,3042,15.02,7641,7554,0.8164,8368
2001,LT_KAU,1.18e+05,2.38e+05,3300,4578,1.488,72.25,78.25,578.8,7.763,2008,1581,1.137,8181
2001,LT_LAU,2.67e+05,2.698e+05,5264,6700,1.523,71.31,77.31,1046,6.112,1842,2507,0.9479,7328
2001,LT_ZEM,2.998e+05,3.016e+05,5729,7531,1.486,71.34,77.34,1156,6.994,1875,2742,0.9592,7722
2001,LT_SUV,2.468e+05,2.294e+05,4356,6139,1.425,71.2,77.2,928.5,5.119,1629,2205,0.941,8631
2001,LT_NEA,2.345e+05,2.113e+05,4404,5504,1.519,71.07,77.07,864.2,4.534,1407,2112,0.9225,6066
2001,LT_KLA,7.225e+04,1.254e+05,1686,2498,1.404,73.39,79.39,269.4,5.673,1275,806,1.34,6907
2002,WAW,1.645e+05,2.524e+06,2.571e+04,2.936e+04,1.5,74.47,80.43,2965,153.3,2.946e+04,1.266e+04,1.64,1.38e+04
2002,WAR,1.288e+06,1.727e+06,3.185e+04,3.496e+04,1.603,71.09,77.05,5580,32.92,1.257e+04,1.512e+04,0.9187,1.257e+04
2002,LOD,1.199e+06,2.348e+06,3.52e+04,4.253e+04,1.53,72.31,78.27,5380,69.45,2.01e+04,1.582e+04,1.144,1.216e+04
2002,KIE,1.705e+06,2.341e+06,4.262e+04,4.361e+04,1.571,71.52,77.48,7254,50.33,1.658e+04,1.891e+04,0.9755,1.326e+04
2002,LUB,1.899e+06,2.248e+06,5.685e+04,3.692e+04,1.853,70.77,76.73,8302,38.06,1.583e+04,2.313e+04,0.8659,1.197e+04
2002,BIA,1.029e+06,1.375e+06,2.813e+04,2.443e+04,1.67,70.77,76.73,4276,23.86,1.065e+04,1.24e+04,0.8763,1.045e+04
2002,WIL,6.929e+05,9.237e+05,1.865e+04,1.744e+04,1.672,70.53,76.49,2802,15.2,6364,8282,0.8535,6581
2002,NOW,1.019e+06,9.711e+05,3.229e+04,1.606e+04,2.173,70.15,76.11,3576,12.93,6787,1.127e+04,0.7677,8472
2002,POL,1.629e+06,1.586e+06,6.225e+04,2.266e+04,2.619,69.44,75.4,4897,17.64,9948,1.725e+04,0.7016,8590
2002,WOL,2.334e+06,2.329e+06,8.769e+04,3.364e+04,2.541,70.08,76.04,7875,30.58,1.254e+04,2.588e+04,0.7624,9751
2002,POZ,9.651e+05,1.696e+06,2.455e+04,3.327e+04,1.465,72.83,78.79,3714,60.25,1.492e+04,1.141e+04,1.254,9674
2002,POM,6.912e+05,1.162e+06,1.766e+04,2.064e+04,1.47,73.14,79.1,2576,42.43,1.264e+04,8058,1.272,8501
2002,SLA,8.342e+05,1.49e+06,2.143e+04,2.646e+04,1.468,74.19,80.15,2765,77.58,1.863e+04,9918,1.518,1.09e+04
2002,KRA,1.051e+06,1.553e+06,2.687e+04,3.159e+04,1.606,71.51,77.47,4554,32.51,1.224e+04,1.196e+04,0.9624,1.128e+04
2002,LWO,1.554e+06,2.313e+06,3.952e+04,4.609e+04,1.563,71.76,77.72,6208,52.96,1.894e+04,1.478e+04,1.007,1.104e+04
2002,STA,7.938e+05,9.809e+05,1.886e+04,2.048e+04,1.567,70.46,76.42,3299,15.34,8090,7635,0.832,8461
2002,TAR,7.149e+05,8.977e+05,1.696e+04,1.986e+04,1.586,70.53,76.49,3050,13.55,7624,7509,0.8174,8448
2002,LT_KAU,1.169e+05,2.378e+05,3351,4594,1.522,72.47,78.43,580.5,6.944,1988,1570,1.137,8257
2002,LT_LAU,2.628e+05,2.711e+05,5386,6711,1.569,71.55,77.51,1048,5.501,1827,2490,0.9479,7422
2002,LT_ZEM,2.949e+05,3.026e+05,5677,7645,1.486,71.33,77.29,1157,6.286,1856,2720,0.959,7807
2002,LT_SUV,2.426e+05,2.303e+05,4386,6115,1.448,71.5,77.46,929,4.606,1616,2187,0.941,8702
2002,LT_NEA,2.307e+05,2.125e+05,4490,5549,1.56,71.17,77.13,865.9,4.085,1396,2097,0.9225,6132
2002,LT_KLA,7.153e+04,1.255e+05,1706,2526,1.428,73.48,79.44,270.5,5.07,1278,801.6,1.337,7076
2003,WAW,1.676e+05,2.531e+06,2.58e+04,2.914e+04,1.502,74.89,80.81,3005,133,2.934e+04,1.266e+04,1.637,1.388e+04
2003,WAR,1.272e+06,1.731e+06,3.151e+04,3.491e+04,1.594,71.41,77.33,5613,28.69,1.252e+04,1.502e+04,0.9195,1.266e+04
2003,LOD,1.189e+06,2.35e+06,3.546e+04,4.221e+04,1.546,72.7,78.62,5419,60.28,1.998e+04,1.575e+04,1.144,1.222e+04
2003,KIE,1.686e+06,2.349e+06,4.236e+04,4.33e+04,1.57,71.96,77.88,7298,43.85,1.651e+04,1.88e+04,0.9759,1.338e+04
2003,LUB,1.884e+06,2.267e+06,5.654e+04,3.678e+04,1.841,71.19,77.11,8395,33.36,1.582e+04,2.309e+04,0.8666,1.208e+04
2003,BIA,1.019e+06,1.383e+06,2.799e+04,2.439e+04,1.665,71.13,77.05,4313,20.85,1.067e+04,1.235e+04,0.877,1.054e+04
2003,WIL,6.853e+05,9.279e+05,1.865e+04,1.735e+04,1.678,70.93,76.85,2822,13.29,6359,8235,0.8547,6700
2003,NOW,1.013e+06,9.85e+05,3.229e+04,1.604e+04,2.159,70.52,76.44,3631,11.41,6817,1.13e+04,0.7688,8572
2003,POL,1.628e+06,1.615e+06,6.273e+04,2.276e+04,2.607,69.75,75.67,5011,15.65,1.007e+04,1.741e+04,0.7032,8779
2003,WOL,2.329e+06,2.367e+06,8.73e+04,3.346e+04,2.501,70.53,76.45,8027,27.06,1.267e+04,2.603e+04,0.7639,9900
2003,POZ,9.556e+05,1.696e+06,2.408e+04,3.323e+04,1.445,73.13,79.05,3736,52.22,1.483e+04,1.134e+04,1.253,9738
2003,POM,6.863e+05,1.166e+06,1.779e+04,2.075e+04,1.482,73.4,79.32,2602,36.87,1.258e+04,8039,1.27,8606
2003,SLA,8.295e+05,1.496e+06,2.161e+04,2.651e+04,1.483,74.47,80.39,2793,67.39,1.855e+04,9894,1.516,1.097e+04
2003,KRA,1.039e+06,1.556e+06,2.646e+04,3.149e+04,1.59,71.83,77.75,4582,28.29,1.218e+04,1.189e+04,0.963,1.138e+04
2003,LWO,1.539e+06,2.319e+06,3.901e+04,4.611e+04,1.551,72.03,77.95,6251,46.06,1.886e+04,1.471e+04,1.007,1.113e+04
2003,STA,7.844e+05,9.858e+05,1.873e+04,2.035e+04,1.561,70.86,76.78,3324,13.41,8080,7602,0.833,8538
2003,TAR,7.059e+05,9.009e+05,1.676e+04,1.973e+04,1.576,70.9,76.82,3068,11.82,7626,7464,0.8182,8538
2003,LT_KAU,1.158e+05,2.375e+05,3358,4576,1.536,72.79,78.71,583.8,6.011,1969,1559,1.136,8362
2003,LT_LAU,2.587e+05,2.721e+05,5296,6658,1.554,71.95,77.87,1053,4.794,1812,2470,0.9481,7528
2003,LT_ZEM,2.901e+05,3.034e+05,5608,7567,1.48,71.75,77.67,1161,5.467,1841,2698,0.9588,7929
2003,LT_SUV,2.386e+05,2.311e+05,4384,6086,1.459,71.83,77.75,932.3,4.009,1604,2169,0.9408,8802
2003,LT_NEA,2.27e+05,2.135e+05,4389,5514,1.537,71.53,77.45,870,3.559,1384,2082,0.9223,6217
2003,LT_KLA,7.085e+04,1.255e+05,1696,2523,1.427,73.76,79.68,271.9,4.398,1268,797.2,1.337,7204
2004,WAW,1.708e+05,2.54e+06,2.636e+04,2.79e+04,1.531,75.82,81.7,2948,165.9,2.926e+04,1.267e+04,1.634,1.396e+04
2004,WAR,1.256e+06,1.738e+06,3.154e+04,3.347e+04,1.602,72.41,78.29,5460,35.97,1.248e+04,1.493e+04,0.9201,1.274e+04
2004,LOD,1.18e+06,2.353e+06,3.587e+04,4.061e+04,1.57,73.59,79.47,5281,75.28,1.989e+04,1.568e+04,1.144,1.229e+04
2004,KIE,1.668e+06,2.36e+06,4.277e+04,4.148e+04,1.593,72.99,78.87,7100,54.99,1.647e+04,1.87e+04,0.9762,1.348e+04
2004,LUB,1.869e+06,2.287e+06,5.696e+04,3.559e+04,1.851,72.07,77.95,8205,42.08,1.584e+04,2.306e+04,0.8674,1.217e+04
2004,BIA,1.009e+06,1.391e+06,2.82e+04,2.359e+04,1.679,72.03,77.91,4206,26.21,1.067e+04,1.231e+04,0.8778,1.061e+04
2004,WIL,6.779e+05,9.328e+05,1.884e+04,1.676e+04,1.701,71.83,77.71,2746,16.73,6366,8189,0.8564,6755
2004,NOW,1.007e+06,9.998e+05,3.261e+04,1.552e+04,2.163,71.4,77.28,3562,14.49,6854,1.133e+04,0.7699,8655
2004,POL,1.626e+06,1.645e+06,6.353e+04,2.196e+04,2.603,70.71,76.59,4955,20.03,1.016e+04,1.756e+04,0.7054,8877
2004,WOL,2.324e+06,2.407e+06,8.839e+04,3.229e+04,2.501,71.45,77.33,7912,34.47,1.275e+04,2.619e+04,0.7653,9996
2004,POZ,9.465e+05,1.698e+06,2.464e+04,3.19e+04,1.486,74.04,79.92,3636,65.12,1.476e+04,1.127e+04,1.253,9800
2004,POM,6.816e+05,1.17e+06,1.793e+04,2.001e+04,1.495,74.29,80.17,2542,46.14,1.254e+04,8020,1.27,8654
2004,SLA,8.251e+05,1.503e+06,2.205e+04,2.539e+04,1.516,75.41,81.29,2729,84.21,1.848e+04,9876,1.514,1.105e+04
2004,KRA,1.027e+06,1.561e+06,2.699e+04,3.038e+04,1.628,72.72,78.6,4459,35.43,1.214e+04,1.183e+04,0.9635,1.149e+04
2004,LWO,1.524e+06,2.328e+06,3.962e+04,4.424e+04,1.583,73,78.88,6087,57.63,1.881e+04,1.465e+04,1.006,1.122e+04
2004,STA,7.755e+05,9.916e+05,1.916e+04,1.953e+04,1.602,71.87,77.75,3238,16.86,8078,7579,0.8337,8611
2004,TAR,6.973e+05,9.047e+05,1.695e+04,1.895e+04,1.602,71.86,77.74,2983,14.84,7615,7422,0.819,8628
2004,LT_KAU,1.147e+05,2.374e+05,3370,4398,1.553,73.7,79.58,567.2,7.491,1950,1548,1.136,8434
2004,LT_LAU,2.547e+05,2.733e+05,5332,6397,1.578,72.89,78.77,1021,6.012,1798,2451,0.9484,7588
2004,LT_ZEM,2.854e+05,3.044e+05,5645,7253,1.502,72.72,78.6,1126,6.849,1822,2677,0.9591,7998
2004,LT_SUV,2.348e+05,2.321e+05,4442,5826,1.492,72.82,78.7,904.1,5.024,1590,2152,0.9409,8871
2004,LT_NEA,2.235e+05,2.146e+05,4401,5268,1.553,72.57,78.45,844.3,4.464,1372,2067,0.9223,6282
2004,LT_KLA,7.019e+04,1.257e+05,1708,2417,1.444,74.67,80.55,265,5.48,1267,793.2,1.335,7340
2005,WAW,1.739e+05,2.548e+06,2.618e+04,2.856e+04,1.517,75.86,81.7,2870,221.1,2.914e+04,1.267e+04,1.632,1.403e+04
2005,WAR,1.239e+06,1.743e+06,3.091e+04,3.402e+04,1.578,72.46,78.3,5268,48.19,1.243e+04,1.483e+04,0.921,1.283e+04
2005,LOD,1.17e+06,2.356e+06,3.491e+04,4.105e+04,1.534,73.73,79.57,5106,100.4,1.978e+04,1.561e+04,1.144,1.234e+04
2005,KIE,1.649e+06,2.37e+06,4.233e+04,4.216e+04,1.584,73.1,78.94,6854,73.64,1.64e+04,1.86e+04,0.9765,1.356e+04
2005,LUB,1.853e+06,2.308e+06,5.556e+04,3.631e+04,1.803,72.12,77.96,7954,56.68,1.583e+04,2.302e+04,0.8682,1.225e+04
2005,BIA,9.99e+05,1.4e+06,2.779e+04,2.407e+04,1.658,72.06,77.9,4070,35.21,1.07e+04,1.226e+04,0.8785,1.07e+04
2005,WIL,6.699e+05,9.378e+05,1.841e+04,1.696e+04,1.668,71.95,77.79,2653,22.46,6361,8150,0.8572,6842
2005,NOW,1e+06,1.015e+06,3.176e+04,1.586e+04,2.09,71.42,77.26,3467,19.65,6882,1.136e+04,0.7709,8739
2005,POL,1.623e+06,1.676e+06,6.275e+04,2.251e+04,2.533,70.74,76.58,4865,27.3,1.029e+04,1.774e+04,0.7069,8972
2005,WOL,2.316e+06,2.447e+06,8.687e+04,3.313e+04,2.426,71.45,77.29,7739,46.85,1.288e+04,2.636e+04,0.7664,1.012e+04
2005,POZ,9.37e+05,1.699e+06,2.436e+04,3.226e+04,1.477,74.16,80,3510,86.77,1.468e+04,1.121e+04,1.252,9859
2005,POM,6.764e+05,1.175e+06,1.774e+04,2.033e+04,1.482,74.41,80.25,2464,61.59,1.249e+04,7999,1.268,8699
2005,SLA,8.2e+05,1.509e+06,2.13e+04,2.591e+04,1.468,75.46,81.3,2645,112.4,1.84e+04,9851,1.512,1.111e+04
2005,KRA,1.015e+06,1.565e+06,2.632e+04,3.097e+04,1.595,72.7,78.54,4303,47.41,1.209e+04,1.175e+04,0.9643,1.156e+04
2005,LWO,1.508e+06,2.336e+06,3.904e+04,4.479e+04,1.567,73.11,78.95,5879,77.03,1.873e+04,1.458e+04,1.006,1.129e+04
2005,STA,7.661e+05,9.971e+05,1.853e+04,1.988e+04,1.554,71.89,77.73,3128,22.63,8066,7548,0.8346,8680
2005,TAR,6.881e+05,9.086e+05,1.655e+04,1.927e+04,1.572,71.87,77.71,2875,19.91,7628,7374,0.82,8725
2005,LT_KAU,1.136e+05,2.372e+05,3268,4442,1.519,73.84,79.68,546.6,9.965,1932,1536,1.135,8522
2005,LT_LAU,2.506e+05,2.745e+05,5210,6491,1.555,72.95,78.79,982.9,8.042,1783,2432,0.9482,7662
2005,LT_ZEM,2.807e+05,3.054e+05,5456,7364,1.464,72.75,78.59,1084,9.148,1806,2656,0.9588,8083
2005,LT_SUV,2.309e+05,2.33e+05,4312,5888,1.461,72.94,78.78,869.7,6.72,1578,2134,0.9408,8960
2005,LT_NEA,2.199e+05,2.157e+05,4267,5322,1.519,72.7,78.54,812.6,5.976,1361,2051,0.9221,6350
2005,LT_KLA,6.949e+04,1.259e+05,1683,2445,1.43,74.8,80.64,256.3,7.299,1257,789.1,1.334,7424
2006,WAW,1.771e+05,2.556e+06,2.613e+04,2.927e+04,1.511,75.87,81.67,2815,268,2.905e+04,1.266e+04,1.629,1.412e+04
2006,WAR,1.222e+06,1.749e+06,3.107e+04,3.451e+04,1.593,72.54,78.34,5125,58.72,1.239e+04,1.474e+04,0.9218,1.292e+04
2006,LOD,1.159e+06,2.359e+06,3.477e+04,4.199e+04,1.534,73.67,79.47,4975,121.9,1.969e+04,1.553e+04,1.143,1.241e+04
2006,KIE,1.629e+06,2.379e+06,4.175e+04,4.343e+04,1.571,72.98,78.78,6670,89.68,1.635e+04,1.85e+04,0.9768,1.367e+04
2006,LUB,1.836e+06,2.328e+06,5.528e+04,3.736e+04,1.793,72.03,77.83,7773,69.43,1.584e+04,2.297e+04,0.8689,1.236e+04
2006,BIA,9.881e+05,1.409e+06,2.785e+04,2.461e+04,1.665,72.04,77.84,3969,43.05,1.07e+04,1.221e+04,0.8795,1.079e+04
2006,WIL,6.618e+05,9.428e+05,1.834e+04,1.719e+04,1.668,72.05,77.85,2583,27.46,6363,8106,0.8586,6907
2006,NOW,9.931e+05,1.029e+06,3.156e+04,1.621e+04,2.061,71.45,77.25,3402,24.23,6916,1.138e+04,0.772,8836
2006,POL,1.62e+06,1.708e+06,6.353e+04,2.306e+04,2.527,70.78,76.58,4818,33.87,1.037e+04,1.792e+04,0.7084,9078
2006,WOL,2.307e+06,2.488e+06,8.657e+04,3.388e+04,2.386,71.49,77.29,7631,57.94,1.295e+04,2.651e+04,0.7678,1.022e+04
2006,POZ,9.274e+05,1.701e+06,2.456e+04,3.277e+04,1.498,74.21,80.01,3415,105.2,1.461e+04,1.114e+04,1.251,9938
2006,POM,6.709e+05,1.18e+06,1.779e+04,2.068e+04,1.489,74.51,80.31,2408,74.8,1.244e+04,7974,1.267,8755
2006,SLA,8.146e+05,1.516e+06,2.142e+04,2.657e+04,1.478,75.43,81.23,2584,136.5,1.833e+04,9828,1.51,1.119e+04
2006,KRA,1.002e+06,1.568e+06,2.634e+04,3.147e+04,1.603,72.72,78.52,4189,57.68,1.205e+04,1.168e+04,0.9648,1.166e+04
2006,LWO,1.492e+06,2.344e+06,3.909e+04,4.569e+04,1.577,73.1,78.9,5725,93.67,1.867e+04,1.452e+04,1.006,1.143e+04
2006,STA,7.563e+05,1.003e+06,1.848e+04,2.027e+04,1.555,71.87,77.67,3047,27.64,8061,7516,0.8354,8767
2006,TAR,6.789e+05,9.124e+05,1.665e+04,1.951e+04,1.591,71.92,77.72,2795,24.3,7617,7327,0.8211,8813
2006,LT_KAU,1.124e+05,2.369e+05,3251,4520,1.524,73.85,79.65,530.7,12.06,1913,1523,1.135,8598
2006,LT_LAU,2.465e+05,2.755e+05,5147,6612,1.551,72.92,78.72,952.9,9.788,1767,2411,0.9482,7726
2006,LT_ZEM,2.758e+05,3.062e+05,5328,7505,1.442,72.69,78.49,1051,11.12,1790,2632,0.9587,8154
2006,LT_SUV,2.269e+05,2.339e+05,4359,6021,1.491,72.85,78.65,843.2,8.183,1565,2115,0.941,9106
2006,LT_NEA,2.162e+05,2.167e+05,4325,5453,1.553,72.58,78.38,788.5,7.28,1349,2035,0.922,6419
2006,LT_KLA,6.877e+04,1.26e+05,1680,2505,1.436,74.73,80.53,249.9,8.827,1245,785,1.332,7500
2007,WAW,1.805e+05,2.565e+06,2.652e+04,2.802e+04,1.53,76.77,82.53,2822,261.2,2.896e+04,1.266e+04,1.627,1.42e+04
2007,WAR,1.207e+06,1.755e+06,3.111e+04,3.33e+04,1.603,73.41,79.17,5100,57.48,1.235e+04,1.464e+04,0.9225,1.3e+04
2007,LOD,1.15e+06,2.362e+06,3.497e+04,4.053e+04,1.551,74.47,80.23,4955,118.8,1.959e+04,1.545e+04,1.143,1.248e+04
2007,KIE,1.611e+06,2.388e+06,4.144e+04,4.198e+04,1.567,73.84,79.6,6640,87.72,1.629e+04,1.839e+04,0.9771,1.376e+04
2007,LUB,1.821e+06,2.348e+06,5.594e+04,3.623e+04,1.816,72.87,78.63,7770,68.34,1.585e+04,2.292e+04,0.8697,1.245e+04
2007,BIA,9.78e+05,1.417e+06,2.809e+04,2.385e+04,1.684,72.89,78.65,3960,42.27,1.07e+04,1.216e+04,0.8803,1.086e+04
2007,WIL,6.544e+05,9.479e+05,1.857e+04,1.664e+04,1.695,72.9,78.66,2575,26.94,6363,8068,0.8594,6960
2007,NOW,9.868e+05,1.044e+06,3.161e+04,1.569e+04,2.052,72.32,78.08,3414,24,6949,1.14e+04,0.773,8920
2007,POL,1.617e+06,1.741e+06,6.479e+04,2.241e+04,2.542,71.63,77.39,4886,33.75,1.045e+04,1.811e+04,0.7098,9175
2007,WOL,2.299e+06,2.528e+06,8.741e+04,3.281e+04,2.381,72.35,78.11,7702,57.51,1.302e+04,2.668e+04,0.7688,1.032e+04
2007,POZ,9.184e+05,1.703e+06,2.471e+04,3.141e+04,1.518,75.11,80.87,3398,102.5,1.454e+04,1.108e+04,1.251,1e+04
2007,POM,6.661e+05,1.185e+06,1.829e+04,2.003e+04,1.536,75.3,81.06,2405,73.03,1.24e+04,7950,1.266,8806
2007,SLA,8.097e+05,1.522e+06,2.17e+04,2.566e+04,1.501,76.22,81.98,2583,133.2,1.827e+04,9808,1.508,1.126e+04
2007,KRA,9.904e+05,1.572e+06,2.641e+04,3.032e+04,1.616,73.6,79.36,4170,56.39,1.2e+04,1.161e+04,0.9653,1.174e+04
2007,LWO,1.477e+06,2.353e+06,3.97e+04,4.44e+04,1.611,73.84,79.6,5702,91.61,1.863e+04,1.446e+04,1.006,1.151e+04
2007,STA,7.474e+05,1.008e+06,1.886e+04,1.975e+04,1.593,72.62,78.38,3036,27.13,8058,7485,0.8362,8841
2007,TAR,6.705e+05,9.162e+05,1.668e+04,1.884e+04,1.602,72.76,78.52,2779,23.82,7604,7282,0.8219,8889
2007,LT_KAU,1.114e+05,2.367e+05,3221,4382,1.525,74.59,80.35,527,11.73,1894,1510,1.135,8671
2007,LT_LAU,2.427e+05,2.765e+05,5221,6436,1.59,73.61,79.37,945.4,9.564,1752,2392,0.948,7785
2007,LT_ZEM,2.713e+05,3.069e+05,5290,7174,1.445,73.68,79.44,1043,10.85,1773,2610,0.9584,8222
2007,LT_SUV,2.232e+05,2.348e+05,4343,5841,1.502,73.59,79.35,835.7,8.013,1554,2094,0.9418,9176
2007,LT_NEA,2.128e+05,2.178e+05,4346,5260,1.577,73.43,79.19,782.6,7.123,1338,2019,0.9219,6485
2007,LT_KLA,6.81e+04,1.261e+05,1695,2408,1.457,75.57,81.33,249,8.576,1233,781.1,1.329,7571
2008,WAW,1.839e+05,2.572e+06,2.531e+04,2.869e+04,1.459,76.81,82.53,2825,256.2,2.885e+04,1.265e+04,1.624,1.431e+04
2008,WAR,1.192e+06,1.76e+06,3.053e+04,3.381e+04,1.583,73.5,79.22,5067,56.65,1.229e+04,1.454e+04,0.9233,1.31e+04
2008,LOD,1.14e+06,2.364e+06,3.366e+04,4.105e+04,1.501,74.58,80.3,4926,116.7,1.948e+04,1.535e+04,1.143,1.256e+04
2008,KIE,1.593e+06,2.394e+06,3.95e+04,4.278e+04,1.503,73.91,79.63,6598,86.35,1.622e+04,1.826e+04,0.9774,1.389e+04
2008,LUB,1.805e+06,2.367e+06,5.411e+04,3.672e+04,1.761,73.04,78.76,7751,67.71,1.584e+04,2.283e+04,0.8704,1.258e+04
2008,BIA,9.679e+05,1.425e+06,2.72e+04,2.416e+04,1.636,73.05,78.77,3944,41.77,1.066e+04,1.21e+04,0.881,1.094e+04
2008,WIL,6.469e+05,9.523e+05,1.801e+04,1.691e+04,1.653,72.98,78.7,2563,26.61,6371,8022,0.8602,7080
2008,NOW,9.796e+05,1.057e+06,2.998e+04,1.598e+04,1.948,72.41,78.13,3420,23.91,6970,1.14e+04,0.774,9033
2008,POL,1.614e+06,1.772e+06,6.306e+04,2.284e+04,2.44,71.77,77.49,4944,33.84,1.049e+04,1.827e+04,0.7112,9323
2008,WOL,2.291e+06,2.567e+06,8.492e+04,3.34e+04,2.288,72.5,78.22,7760,57.46,1.315e+04,2.681e+04,0.7699,1.05e+04
2008,POZ,9.093e+05,1.705e+06,2.426e+04,3.185e+04,1.501,75.21,80.93,3376,100.6,1.446e+04,1.101e+04,1.25,1.009e+04
2008,POM,6.611e+05,1.189e+06,1.784e+04,2.034e+04,1.504,75.45,81.17,2398,71.79,1.234e+04,7916,1.264,8870
2008,SLA,8.048e+05,1.529e+06,2.118e+04,2.594e+04,1.468,76.39,82.11,2578,130.9,1.818e+04,9781,1.506,1.136e+04
2008,KRA,9.783e+05,1.576e+06,2.559e+04,3.076e+04,1.575,73.67,79.39,4143,55.51,1.194e+04,1.153e+04,0.9659,1.184e+04
2008,LWO,1.461e+06,2.36e+06,3.799e+04,4.518e+04,1.551,73.88,79.6,5669,90.1,1.851e+04,1.438e+04,1.006,1.163e+04
2008,STA,7.384e+05,1.013e+06,1.826e+04,1.998e+04,1.55,72.75,78.47,3019,26.8,8060,7444,0.837,9048
2008,TAR,6.62e+05,9.194e+05,1.616e+04,1.912e+04,1.563,72.82,78.54,2759,23.5,7566,7231,0.8227,8986
2008,LT_KAU,1.103e+05,2.363e+05,3076,4463,1.471,74.61,80.33,522.3,11.47,1873,1496,1.134,8781
2008,LT_LAU,2.389e+05,2.773e+05,4972,6484,1.531,73.79,79.51,936,9.406,1734,2369,0.9478,7874
2008,LT_ZEM,2.668e+05,3.075e+05,5171,7239,1.427,73.81,79.53,1034,10.66,1754,2585,0.9581,8295
2008,LT_SUV,2.194e+05,2.354e+05,4172,5902,1.459,73.7,79.42,827.1,7.883,1539,2073,0.9417,9250
2008,LT_NEA,2.093e+05,2.186e+05,4115,5304,1.509,73.58,79.3,775,7.014,1325,2000,0.9217,6587
2008,LT_KLA,6.742e+04,1.262e+05,1634,2447,1.414,75.62,81.34,247.7,8.387,1219,776.4,1.327,7649
2009,WAW,1.874e+05,2.579e+06,2.534e+04,2.823e+04,1.46,77.35,83.03,2750,328.1,2.871e+04,1.263e+04,1.622,1.439e+04
2009,WAR,1.177e+06,1.765e+06,3.031e+04,3.354e+04,1.582,73.94,79.62,4890,72.88,1.223e+04,1.443e+04,0.9239,1.319e+04
2009,LOD,1.13e+06,2.366e+06,3.366e+04,4.052e+04,1.511,75.06,80.74,4759,149.5,1.936e+04,1.525e+04,1.143,1.263e+04
2009,KIE,1.576e+06,2.4e+06,3.916e+04,4.22e+04,1.499,74.45,80.13,6369,111,1.613e+04,1.813e+04,0.9776,1.398e+04
2009,LUB,1.789e+06,2.386e+06,5.356e+04,3.648e+04,1.75,73.5,79.18,7505,87.57,1.582e+04,2.274e+04,0.8711,1.267e+04
2009,BIA,9.58e+05,1.433e+06,2.648e+04,2.378e+04,1.601,73.64,79.32,3813,53.85,1.063e+04,1.203e+04,0.8815,1.101e+04
2009,WIL,6.396e+05,9.566e+05,1.761e+04,1.665e+04,1.625,73.56,79.24,2475,34.35,6363,7963,0.8616,7137
2009,NOW,9.723e+05,1.07e+06,2.95e+04,1.581e+04,1.91,72.93,78.61,3324,31.1,6987,1.139e+04,0.775,9135
2009,POL,1.61e+06,1.803e+06,6.274e+04,2.264e+04,2.397,72.3,77.98,4856,44.31,1.055e+04,1.842e+04,0.7127,9429
2009,WOL,2.281e+06,2.607e+06,8.453e+04,3.312e+04,2.257,73.01,78.69,7585,75.05,1.32e+04,2.691e+04,0.7714,1.06e+04
2009,POZ,9.003e+05,1.707e+06,2.373e+04,3.143e+04,1.48,75.68,81.36,3258,128.8,1.437e+04,1.093e+04,1.249,1.016e+04
2009,POM,6.562e+05,1.194e+06,1.763e+04,2.021e+04,1.494,75.89,81.57,2321,92.1,1.228e+04,7876,1.263,8923
2009,SLA,8e+05,1.535e+06,2.14e+04,2.559e+04,1.487,76.89,82.57,2502,168,1.809e+04,9755,1.504,1.143e+04
2009,KRA,9.662e+05,1.579e+06,2.522e+04,3.045e+04,1.564,74.11,79.79,3996,71.31,1.187e+04,1.144e+04,0.9662,1.192e+04
2009,LWO,1.446e+06,2.367e+06,3.751e+04,4.436e+04,1.542,74.45,80.13,5475,115.7,1.842e+04,1.43e+04,1.005,1.172e+04
2009,STA,7.294e+05,1.018e+06,1.798e+04,1.974e+04,1.535,73.26,78.94,2911,34.67,8053,7389,0.839,9124
2009,TAR,6.537e+05,9.223e+05,1.573e+04,1.885e+04,1.532,73.32,79,2660,30.25,7536,7176,0.8234,9063
2009,LT_KAU,1.092e+05,2.36e+05,3104,4387,1.5,75.13,80.81,502.8,14.67,1852,1482,1.134,8857
2009,LT_LAU,2.351e+05,2.78e+05,4796,6381,1.495,74.32,80,899.4,12.08,1716,2345,0.9477,7935
2009,LT_ZEM,2.624e+05,3.08e+05,5057,7168,1.412,74.24,79.92,994.1,13.66,1734,2559,0.9575,8367
2009,LT_SUV,2.157e+05,2.361e+05,4075,5814,1.443,74.21,79.89,794.7,10.12,1523,2052,0.9413,9386
2009,LT_NEA,2.059e+05,2.194e+05,3984,5261,1.479,73.99,79.67,744.4,9.02,1312,1978,0.9219,6653
2009,LT_KLA,6.676e+04,1.263e+05,1596,2405,1.391,76.13,81.81,239.8,10.7,1205,771.3,1.324,7726
2010,WAW,1.909e+05,2.587e+06,2.576e+04,2.792e+04,1.483,77.83,83.47,2580,570.8,2.858e+04,1.261e+04,1.619,1.45e+04
2010,WAR,1.161e+06,1.77e+06,2.985e+04,3.322e+04,1.569,74.4,80.04,4538,127.4,1.217e+04,1.431e+04,0.9247,1.329e+04
2010,LOD,1.121e+06,2.369e+06,3.309e+04,4.033e+04,1.496,75.42,81.06,4425,260.3,1.923e+04,1.514e+04,1.143,1.275e+04
2010,KIE,1.558e+06,2.408e+06,3.96e+04,4.203e+04,1.527,74.86,80.5,5916,193.7,1.608e+04,1.8e+04,0.9779,1.413e+04
2010,LUB,1.772e+06,2.406e+06,5.368e+04,3.635e+04,1.763,73.93,79.57,6987,153.9,1.576e+04,2.264e+04,0.8718,1.288e+04
2010,BIA,9.479e+05,1.441e+06,2.633e+04,2.358e+04,1.601,74.13,79.77,3546,94.34,1.059e+04,1.196e+04,0.8822,1.109e+04
2010,WIL,6.318e+05,9.613e+05,1.731e+04,1.656e+04,1.611,73.98,79.62,2299,60.15,6335,7910,0.8624,7198
2010,NOW,9.645e+05,1.084e+06,2.959e+04,1.574e+04,1.912,73.39,79.03,3107,54.97,6990,1.138e+04,0.7761,9231
2010,POL,1.605e+06,1.836e+06,6.343e+04,2.259e+04,2.395,72.76,78.4,4586,78.8,1.065e+04,1.857e+04,0.7141,9681
2010,WOL,2.27e+06,2.649e+06,8.487e+04,3.303e+04,2.246,73.46,79.1,7133,133,1.328e+04,2.703e+04,0.7724,1.078e+04
2010,POZ,8.908e+05,1.709e+06,2.353e+04,3.11e+04,1.48,76.13,81.77,3027,224.2,1.433e+04,1.085e+04,1.249,1.033e+04
2010,POM,6.511e+05,1.199e+06,1.755e+04,2.002e+04,1.497,76.35,81.99,2161,160.5,1.221e+04,7834,1.262,8987
2010,SLA,7.95e+05,1.543e+06,2.164e+04,2.539e+04,1.508,77.32,82.96,2338,292.8,1.802e+04,9732,1.502,1.154e+04
2010,KRA,9.537e+05,1.583e+06,2.494e+04,3.042e+04,1.558,74.41,80.05,3707,124.5,1.181e+04,1.135e+04,0.9667,1.205e+04
2010,LWO,1.43e+06,2.376e+06,3.752e+04,4.399e+04,1.554,74.88,80.52,5088,201.9,1.83e+04,1.422e+04,1.005,1.184e+04
2010,STA,7.203e+05,1.024e+06,1.798e+04,1.955e+04,1.546,73.72,79.36,2703,60.73,8017,7348,0.8397,9202
2010,TAR,6.453e+05,9.258e+05,1.579e+04,1.866e+04,1.551,73.76,79.4,2466,52.91,7492,7122,0.8241,9150
2010,LT_KAU,1.081e+05,2.358e+05,3133,4358,1.531,75.5,81.14,466,25.47,1830,1469,1.133,8930
2010,LT_LAU,2.313e+05,2.787e+05,4739,6357,1.496,74.65,80.29,831.1,21.05,1697,2321,0.9474,7993
2010,LT_ZEM,2.58e+05,3.086e+05,5024,7123,1.42,74.61,80.25,918.8,23.79,1715,2533,0.9572,8432
2010,LT_SUV,2.121e+05,2.367e+05,4021,5766,1.443,74.6,80.24,733.5,17.67,1509,2027,0.942,9456
2010,LT_NEA,2.025e+05,2.203e+05,3985,5217,1.498,74.4,80.04,687.6,15.74,1299,1958,0.9217,6723
2010,LT_KLA,6.609e+04,1.264e+05,1600,2382,1.405,76.53,82.17,223.9,18.57,1191,766.4,1.321,7797
2011,WAW,1.945e+05,2.595e+06,2.618e+04,2.864e+04,1.507,77.85,83.45,2507,714.8,2.844e+04,1.26e+04,1.617,1.457e+04
2011,WAR,1.146e+06,1.776e+06,3.027e+04,3.355e+04,1.604,74.57,80.17,4365,160.2,1.21e+04,1.42e+04,0.9251,1.337e+04
2011,LOD,1.111e+06,2.372e+06,3.393e+04,4.077e+04,1.546,75.57,81.17,4261,326.5,1.912e+04,1.504e+04,1.143,1.281e+04
2011,KIE,1.54e+06,2.416e+06,4.008e+04,4.271e+04,1.558,74.99,80.59,5694,243.6,1.6e+04,1.787e+04,0.9781,1.421e+04
2011,LUB,1.754e+06,2.426e+06,5.287e+04,3.696e+04,1.759,74.06,79.66,6735,194.9,1.575e+04,2.252e+04,0.873,1.296e+04
2011,BIA,9.38e+05,1.448e+06,2.625e+04,2.405e+04,1.607,74.2,79.8,3416,118.9,1.055e+04,1.189e+04,0.8825,1.116e+04
2011,WIL,6.243e+05,9.658e+05,1.748e+04,1.682e+04,1.638,74.1,79.7,2215,75.78,6318,7861,0.8627,7248
2011,NOW,9.568e+05,1.099e+06,2.993e+04,1.603e+04,1.932,73.52,79.12,3011,69.89,7004,1.138e+04,0.7768,9311
2011,POL,1.6e+06,1.87e+06,6.428e+04,2.306e+04,2.403,72.9,78.5,4484,101.2,1.072e+04,1.87e+04,0.7164,9774
2011,WOL,2.26e+06,2.691e+06,8.556e+04,3.366e+04,2.248,73.6,79.2,6950,169.8,1.333e+04,2.713e+04,0.7737,1.087e+04
2011,POZ,8.818e+05,1.711e+06,2.359e+04,3.121e+04,1.497,76.37,81.97,2911,281.4,1.426e+04,1.077e+04,1.249,1.04e+04
2011,POM,6.46e+05,1.203e+06,1.745e+04,2.041e+04,1.498,76.44,82.04,2084,201.4,1.214e+04,7789,1.26,9036
2011,SLA,7.901e+05,1.55e+06,2.171e+04,2.603e+04,1.517,77.32,82.92,2264,367.6,1.793e+04,9709,1.5,1.161e+04
2011,KRA,9.414e+05,1.587e+06,2.533e+04,3.075e+04,1.596,74.54,80.14,3563,156.5,1.175e+04,1.127e+04,0.9671,1.212e+04
2011,LWO,1.415e+06,2.383e+06,3.762e+04,4.453e+04,1.571,75.01,80.61,4899,253.6,1.821e+04,1.413e+04,1.005,1.192e+04
2011,STA,7.116e+05,1.029e+06,1.823e+04,1.982e+04,1.578,73.83,79.43,2603,76.55,7993,7312,0.84,9271
2011,TAR,6.369e+05,9.291e+05,1.57e+04,1.889e+04,1.555,73.86,79.46,2370,66.59,7460,7071,0.8245,9217
2011,LT_KAU,1.07e+05,2.355e+05,3141,4386,1.552,75.69,81.29,447.9,31.81,1810,1457,1.132,8998
2011,LT_LAU,2.276e+05,2.794e+05,4793,6437,1.533,74.74,80.34,796.7,26.4,1680,2300,0.9467,8048
2011,LT_ZEM,2.536e+05,3.091e+05,5036,7225,1.441,74.69,80.29,880.6,29.8,1697,2508,0.9563,8493
2011,LT_SUV,2.084e+05,2.373e+05,3927,5886,1.43,74.58,80.18,702.2,22.17,1494,2006,0.9414,9521
2011,LT_NEA,1.991e+05,2.211e+05,4059,5253,1.547,74.59,80.19,658.8,19.77,1287,1940,0.9211,6784
2011,LT_KLA,6.542e+04,1.265e+05,1634,2398,1.446,76.73,82.33,216.2,23.18,1178,761.9,1.318,7865
2012,WAW,1.982e+05,2.601e+06,2.537e+04,2.936e+04,1.46,77.88,83.44,2537,636.2,2.828e+04,1.258e+04,1.614,1.467e+04
2012,WAR,1.131e+06,1.779e+06,2.874e+04,3.408e+04,1.537,74.64,80.21,4380,143.1,1.203e+04,1.407e+04,0.9259,1.346e+04
2012,LOD,1.102e+06,2.373e+06,3.282e+04,4.129e+04,1.508,75.67,81.23,4279,290.8,1.898e+04,1.493e+04,1.143,1.289e+04
2012,KIE,1.523e+06,2.421e+06,3.834e+04,4.342e+04,1.504,75.08,80.65,5718,217.5,1.59e+04,1.773e+04,0.9784,1.432e+04
2012,LUB,1.737e+06,2.443e+06,5.086e+04,3.778e+04,1.702,74.11,79.67,6780,175,1.571e+04,2.238e+04,0.8737,1.307e+04
2012,BIA,9.282e+05,1.454e+06,2.521e+04,2.471e+04,1.556,74.15,79.71,3434,106.5,1.051e+04,1.18e+04,0.8832,1.124e+04
2012,WIL,6.169e+05,9.688e+05,1.646e+04,1.711e+04,1.554,74.17,79.74,2225,67.8,6294,7796,0.8635,7309
2012,NOW,9.491e+05,1.111e+06,2.865e+04,1.64e+04,1.851,73.57,79.13,3046,63.09,7011,1.136e+04,0.7777,9401
2012,POL,1.595e+06,1.901e+06,6.178e+04,2.364e+04,2.292,72.95,78.51,4582,91.91,1.076e+04,1.882e+04,0.7177,9875
2012,WOL,2.248e+06,2.729e+06,8.186e+04,3.456e+04,2.14,73.62,79.18,7070,153.7,1.335e+04,2.72e+04,0.7747,1.101e+04
2012,POZ,8.729e+05,1.712e+06,2.272e+04,3.162e+04,1.455,76.48,82.04,2923,250.5,1.416e+04,1.068e+04,1.248,1.048e+04
2012,POM,6.409e+05,1.207e+06,1.66e+04,2.086e+04,1.438,76.49,82.05,2096,179.5,1.207e+04,7735,1.259,9102
2012,SLA,7.853e+05,1.555e+06,2.104e+04,2.658e+04,1.476,77.36,82.92,2286,327.6,1.782e+04,9675,1.498,1.168e+04
2012,KRA,9.296e+05,1.589e+06,2.445e+04,3.097e+04,1.554,74.71,80.27,3576,139.6,1.167e+04,1.118e+04,0.9675,1.221e+04
2012,LWO,1.4e+06,2.389e+06,3.569e+04,4.483e+04,1.504,75.21,80.77,4922,226.1,1.81e+04,1.403e+04,1.004,1.202e+04
2012,STA,7.029e+05,1.033e+06,1.742e+04,2.012e+04,1.521,73.9,79.47,2616,68.54,7964,7262,0.8407,9358
2012,TAR,6.286e+05,9.314e+05,1.51e+04,1.911e+04,1.51,73.96,79.52,2377,59.53,7423,7011,0.8252,9312
2012,LT_KAU,1.06e+05,2.351e+05,3006,4449,1.502,75.76,81.32,449.4,28.24,1788,1444,1.131,9074
2012,LT_LAU,2.239e+05,2.797e+05,4485,6525,1.455,74.81,80.37,797.3,23.52,1660,2274,0.9465,8228
2012,LT_ZEM,2.493e+05,3.093e+05,4799,7318,1.393,74.76,80.33,881,26.53,1677,2480,0.956,8562
2012,LT_SUV,2.047e+05,2.375e+05,3732,6011,1.38,74.5,80.06,701.5,19.75,1477,1981,0.9413,9695
2012,LT_NEA,1.959e+05,2.216e+05,3861,5305,1.493,74.69,80.26,659,17.64,1274,1919,0.921,6851
2012,LT_KLA,6.476e+04,1.265e+05,1549,2436,1.382,76.79,82.35,217.3,20.56,1164,756.8,1.316,7938
2013,WAW,2.021e+05,2.608e+06,2.605e+04,2.96e+04,1.501,78.08,83.61,2535,628.4,2.812e+04,1.256e+04,1.612,1.475e+04
2013,WAR,1.117e+06,1.781e+06,2.916e+04,3.451e+04,1.576,74.75,80.28,4333,141.8,1.195e+04,1.393e+04,0.9265,1.354e+04
2013,LOD,1.093e+06,2.373e+06,3.349e+04,4.129e+04,1.554,75.94,81.47,4241,287.4,1.884e+04,1.482e+04,1.143,1.296e+04
2013,KIE,1.506e+06,2.425e+06,3.882e+04,4.393e+04,1.537,75.24,80.77,5665,215.4,1.579e+04,1.758e+04,0.9785,1.441e+04
2013,LUB,1.721e+06,2.459e+06,5.094e+04,3.802e+04,1.717,74.37,79.9,6730,174.3,1.566e+04,2.224e+04,0.8743,1.316e+04
2013,BIA,9.191e+05,1.459e+06,2.537e+04,2.504e+04,1.578,74.28,79.81,3405,105.7,1.047e+04,1.17e+04,0.8839,1.132e+04
2013,WIL,6.099e+05,9.715e+05,1.657e+04,1.728e+04,1.579,74.33,79.85,2205,67.28,6279,7730,0.8641,7387
2013,NOW,9.42e+05,1.123e+06,2.861e+04,1.656e+04,1.851,73.79,79.32,3037,63.14,7028,1.133e+04,0.7785,9524
2013,POL,1.591e+06,1.931e+06,6.28e+04,2.388e+04,2.315,73.2,78.73,4615,92.55,1.08e+04,1.893e+04,0.7189,9980
2013,WOL,2.238e+06,2.765e+06,8.23e+04,3.5e+04,2.143,73.82,79.34,7089,154.4,1.339e+04,2.724e+04,0.7758,1.113e+04
2013,POZ,8.646e+05,1.713e+06,2.313e+04,3.187e+04,1.496,76.64,82.16,2895,247.3,1.405e+04,1.06e+04,1.248,1.055e+04
2013,POM,6.36e+05,1.21e+06,1.661e+04,2.09e+04,1.451,76.76,82.29,2078,177.5,1.199e+04,7681,1.258,9155
2013,SLA,7.806e+05,1.56e+06,2.1e+04,2.688e+04,1.479,77.51,83.04,2278,323.9,1.77e+04,9637,1.496,1.175e+04
2013,KRA,9.186e+05,1.591e+06,2.491e+04,3.097e+04,1.599,74.97,80.5,3541,138.3,1.159e+04,1.109e+04,0.9679,1.229e+04
2013,LWO,1.386e+06,2.393e+06,3.606e+04,4.503e+04,1.534,75.43,80.95,4877,223.8,1.798e+04,1.393e+04,1.004,1.21e+04
2013,STA,6.946e+05,1.037e+06,1.741e+04,2.025e+04,1.534,74.1,79.62,2592,68.08,7929,7211,0.8415,9433
2013,TAR,6.209e+05,9.333e+05,1.516e+04,1.921e+04,1.532,74.13,79.66,2352,59.05,7389,6950,0.826,9396
2013,LT_KAU,1.05e+05,2.346e+05,3060,4451,1.547,76.01,81.53,445.2,27.82,1763,1432,1.131,9150
2013,LT_LAU,2.203e+05,2.798e+05,4478,6573,1.474,74.94,80.47,785.9,23.32,1642,2244,0.9479,8289
2013,LT_ZEM,2.451e+05,3.093e+05,4832,7366,1.423,74.91,80.44,869.2,26.19,1655,2451,0.9556,8630
2013,LT_SUV,2.012e+05,2.376e+05,3792,6026,1.424,74.68,80.21,690.8,19.57,1461,1954,0.9422,9810
2013,LT_NEA,1.928e+05,2.22e+05,3821,5321,1.501,74.91,80.44,650,17.45,1259,1898,0.9207,6926
2013,LT_KLA,6.413e+04,1.264e+05,1554,2450,1.399,76.95,82.48,215.7,20.23,1149,751.6,1.313,8009
2014,WAW,2.062e+05,2.613e+06,2.654e+04,3.027e+04,1.531,78.1,83.59,2636,441.9,2.793e+04,1.255e+04,1.61,1.482e+04
2014,WAR,1.104e+06,1.782e+06,2.91e+04,3.509e+04,1.591,74.78,80.28,4466,99.97,1.186e+04,1.379e+04,0.9272,1.361e+04
2014,LOD,1.085e+06,2.373e+06,3.373e+04,4.2e+04,1.581,75.97,81.46,4377,202.1,1.869e+04,1.471e+04,1.143,1.302e+04
2014,KIE,1.49e+06,2.428e+06,3.974e+04,4.488e+04,1.59,75.25,80.74,5848,151.8,1.569e+04,1.744e+04,0.9787,1.449e+04
2014,LUB,1.708e+06,2.472e+06,5.155e+04,3.906e+04,1.752,74.33,79.82,6963,123.5,1.565e+04,2.21e+04,0.8749,1.328e+04
2014,BIA,9.109e+05,1.463e+06,2.595e+04,2.525e+04,1.629,74.47,79.97,3519,74.69,1.042e+04,1.161e+04,0.8845,1.138e+04
2014,WIL,6.037e+05,9.733e+05,1.668e+04,1.752e+04,1.604,74.43,79.92,2277,47.53,6251,7658,0.8651,7447
2014,NOW,9.359e+05,1.134e+06,2.865e+04,1.7e+04,1.86,73.76,79.25,3156,44.98,7040,1.128e+04,0.7797,9649
2014,POL,1.589e+06,1.959e+06,6.353e+04,2.449e+04,2.331,73.25,78.74,4845,66.29,1.085e+04,1.902e+04,0.7201,1.009e+04
2014,WOL,2.231e+06,2.798e+06,8.278e+04,3.611e+04,2.151,73.75,79.24,7409,110.2,1.341e+04,2.727e+04,0.7769,1.123e+04
2014,POZ,8.568e+05,1.712e+06,2.319e+04,3.239e+04,1.517,76.68,82.17,2988,173.8,1.395e+04,1.051e+04,1.247,1.061e+04
2014,POM,6.316e+05,1.212e+06,1.689e+04,2.132e+04,1.49,76.8,82.29,2148,124.9,1.191e+04,7628,1.257,9200
2014,SLA,7.766e+05,1.564e+06,2.135e+04,2.749e+04,1.512,77.49,82.99,2364,227.9,1.757e+04,9597,1.495,1.182e+04
2014,KRA,9.086e+05,1.592e+06,2.475e+04,3.141e+04,1.605,75.02,80.51,3655,97.38,1.152e+04,1.099e+04,0.9683,1.24e+04
2014,LWO,1.373e+06,2.396e+06,3.642e+04,4.582e+04,1.566,75.45,80.94,5037,157.5,1.785e+04,1.383e+04,1.004,1.219e+04
2014,STA,6.871e+05,1.039e+06,1.743e+04,2.055e+04,1.551,74.14,79.63,2677,48.09,7887,7157,0.8421,9499
2014,TAR,6.138e+05,9.342e+05,1.524e+04,1.949e+04,1.557,74.15,79.64,2426,41.67,7341,6888,0.8267,9484
2014,LT_KAU,1.04e+05,2.339e+05,3037,4508,1.554,76.08,81.57,459.8,19.5,1741,1420,1.13,9218
2014,LT_LAU,2.169e+05,2.797e+05,4491,6687,1.501,74.92,80.41,809.1,16.39,1622,2219,0.9476,8346
2014,LT_ZEM,2.411e+05,3.089e+05,4777,7485,1.43,74.9,80.39,893.9,18.4,1635,2422,0.9553,8714
2014,LT_SUV,1.978e+05,2.375e+05,3782,6085,1.445,74.75,80.24,709.5,13.77,1445,1929,0.9426,9896
2014,LT_NEA,1.898e+05,2.221e+05,3844,5385,1.535,74.99,80.48,668.6,12.28,1245,1877,0.9206,6987
2014,LT_KLA,6.353e+04,1.263e+05,1576,2499,1.431,76.93,82.42,222.6,14.16,1135,746.6,1.311,8096
2015,WAW,2.103e+05,2.616e+06,2.583e+04,3.124e+04,1.494,78,83.45,2661,394.3,2.772e+04,1.252e+04,1.608,1.489e+04
2015,WAR,1.092e+06,1.781e+06,2.8e+04,3.573e+04,1.55,74.77,80.23,4463,89.4,1.176e+04,1.363e+04,0.9278,1.368e+04
2015,LOD,1.078e+06,2.369e+06,3.235e+04,4.269e+04,1.535,75.99,81.44,4383,180.3,1.852e+04,1.458e+04,1.142,1.307e+04
2015,KIE,1.475e+06,2.429e+06,3.897e+04,4.598e+04,1.578,75.19,80.64,5855,135.8,1.556e+04,1.728e+04,0.9789,1.456e+04
2015,LUB,1.694e+06,2.482e+06,4.977e+04,4.032e+04,1.706,74.19,79.64,6982,111,1.557e+04,2.191e+04,0.8758,1.336e+04
2015,BIA,9.03e+05,1.466e+06,2.527e+04,2.579e+04,1.602,74.47,79.92,3527,66.97,1.035e+04,1.152e+04,0.8851,1.145e+04
2015,WIL,5.975e+05,9.742e+05,1.62e+04,1.785e+04,1.576,74.44,79.9,2280,42.59,6237,7582,0.8658,7528
2015,NOW,9.297e+05,1.143e+06,2.744e+04,1.745e+04,1.787,73.72,79.18,3178,40.64,7065,1.122e+04,0.781,9780
2015,POL,1.586e+06,1.985e+06,6.127e+04,2.518e+04,2.238,73.23,78.68,4925,60.22,1.085e+04,1.908e+04,0.7213,1.017e+04
2015,WOL,2.223e+06,2.828e+06,8.013e+04,3.707e+04,2.08,73.74,79.19,7503,99.77,1.344e+04,2.726e+04,0.7778,1.136e+04
2015,POZ,8.491e+05,1.709e+06,2.229e+04,3.29e+04,1.477,76.7,82.16,2991,154.9,1.382e+04,1.041e+04,1.247,1.067e+04
2015,POM,6.27e+05,1.214e+06,1.652e+04,2.183e+04,1.474,76.79,82.24,2154,111.5,1.181e+04,7571,1.255,9242
2015,SLA,7.724e+05,1.567e+06,2.083e+04,2.789e+04,1.485,77.56,83.02,2379,203.6,1.743e+04,9547,1.493,1.187e+04
2015,KRA,8.986e+05,1.59e+06,2.4e+04,3.216e+04,1.575,74.92,80.38,3658,87.08,1.143e+04,1.088e+04,0.969,1.246e+04
2015,LWO,1.36e+06,2.396e+06,3.512e+04,4.685e+04,1.528,75.39,80.84,5044,140.7,1.77e+04,1.372e+04,1.004,1.226e+04
2015,STA,6.797e+05,1.041e+06,1.681e+04,2.087e+04,1.513,74.17,79.63,2680,43.1,7837,7095,0.8427,9566
2015,TAR,6.067e+05,9.343e+05,1.474e+04,1.981e+04,1.525,74.12,79.57,2426,37.31,7300,6820,0.8275,9570
2015,LT_KAU,1.031e+05,2.331e+05,2923,4548,1.516,76.18,81.63,460.8,17.35,1717,1407,1.13,9288
2015,LT_LAU,2.135e+05,2.792e+05,4319,6805,1.468,74.86,80.32,807.7,14.61,1600,2192,0.9473,8397
2015,LT_ZEM,2.371e+05,3.082e+05,4534,7607,1.381,74.87,80.33,890.7,16.4,1614,2388,0.9552,8771
2015,LT_SUV,1.945e+05,2.372e+05,3693,6151,1.436,74.79,80.25,707.1,12.29,1427,1903,0.9426,9965
2015,LT_NEA,1.868e+05,2.22e+05,3702,5504,1.504,74.9,80.36,667.1,10.97,1230,1855,0.9203,7064
2015,LT_KLA,6.293e+04,1.26e+05,1553,2568,1.425,76.78,82.24,223.3,12.6,1120,741.1,1.309,8157
2016,WAW,2.15e+05,2.62e+06,2.647e+04,3.077e+04,1.537,78.44,83.86,2914,156.8,2.753e+04,1.25e+04,1.605,1.498e+04
2016,WAR,1.081e+06,1.777e+06,2.792e+04,3.532e+04,1.568,75.18,80.6,4847,35.58,1.166e+04,1.347e+04,0.9284,1.377e+04
2016,LOD,1.072e+06,2.365e+06,3.222e+04,4.203e+04,1.548,76.43,81.84,4765,71.66,1.836e+04,1.445e+04,1.142,1.315e+04
2016,KIE,1.462e+06,2.427e+06,3.91e+04,4.583e+04,1.604,75.51,80.93,6371,54.02,1.543e+04,1.711e+04,0.9791,1.468e+04
2016,LUB,1.684e+06,2.488e+06,5.036e+04,4.005e+04,1.745,74.59,80.01,7618,44.37,1.547e+04,2.173e+04,0.8763,1.343e+04
2016,BIA,8.972e+05,1.467e+06,2.541e+04,2.552e+04,1.63,74.92,80.33,3843,26.72,1.028e+04,1.141e+04,0.8857,1.154e+04
2016,WIL,5.928e+05,9.737e+05,1.627e+04,1.771e+04,1.601,74.83,80.25,2483,16.99,6199,7499,0.8669,7628
2016,NOW,9.258e+05,1.149e+06,2.765e+04,1.739e+04,1.812,74.11,79.53,3482,16.33,7050,1.116e+04,0.7823,9858
2016,POL,1.588e+06,2.006e+06,6.176e+04,2.519e+04,2.254,73.58,79,5448,24.31,1.085e+04,1.912e+04,0.7224,1.025e+04
2016,WOL,2.221e+06,2.852e+06,8.095e+04,3.697e+04,2.105,74.12,79.54,8265,40.19,1.342e+04,2.722e+04,0.7789,1.145e+04
2016,POZ,8.425e+05,1.706e+06,2.205e+04,3.255e+04,1.481,77.07,82.49,3253,61.5,1.37e+04,1.031e+04,1.246,1.074e+04
2016,POM,6.235e+05,1.214e+06,1.676e+04,2.175e+04,1.513,77.11,82.53,2348,44.34,1.172e+04,7514,1.254,9323
2016,SLA,7.682e+05,1.569e+06,2.107e+04,2.76e+04,1.513,77.95,83.37,2601,81.02,1.73e+04,9497,1.491,1.195e+04
2016,KRA,8.907e+05,1.587e+06,2.407e+04,3.155e+04,1.599,75.41,80.83,3983,34.64,1.133e+04,1.078e+04,0.9694,1.256e+04
2016,LWO,1.35e+06,2.393e+06,3.478e+04,4.632e+04,1.533,75.78,81.19,5492,55.92,1.754e+04,1.361e+04,1.003,1.25e+04
2016,STA,6.737e+05,1.041e+06,1.682e+04,2.071e+04,1.533,74.54,79.96,2918,17.19,7834,7028,0.8433,9804
2016,TAR,6.011e+05,9.331e+05,1.482e+04,1.954e+04,1.554,74.54,79.96,2639,14.87,7240,6751,0.8283,9695
2016,LT_KAU,1.022e+05,2.322e+05,2930,4492,1.54,76.56,81.98,502.2,6.877,1694,1394,1.129,9357
2016,LT_LAU,2.106e+05,2.783e+05,4334,6658,1.498,75.36,80.77,878,5.796,1578,2166,0.9471,8454
2016,LT_ZEM,2.336e+05,3.071e+05,4649,7463,1.442,75.34,80.76,966.5,6.503,1593,2357,0.9548,8855
2016,LT_SUV,1.916e+05,2.366e+05,3731,6054,1.479,75.22,80.64,766.7,4.88,1409,1877,0.9425,1.006e+04
2016,LT_NEA,1.841e+05,2.216e+05,3707,5424,1.534,75.32,80.74,724.6,4.36,1215,1832,0.9204,7115
2016,LT_KLA,6.236e+04,1.258e+05,1562,2525,1.449,77.2,82.62,242.6,4.987,1106,735.6,1.307,8245
2017,WAW,2.198e+05,2.621e+06,2.595e+04,3.174e+04,1.513,78.34,83.72,3052,89.06,2.731e+04,1.246e+04,1.603,1.502e+04
2017,WAR,1.071e+06,1.771e+06,2.688e+04,3.608e+04,1.534,75.1,80.49,5025,20.21,1.155e+04,1.329e+04,0.929,1.382e+04
2017,LOD,1.065e+06,2.358e+06,3.118e+04,4.325e+04,1.519,76.27,81.65,4950,40.68,1.818e+04,1.43e+04,1.142,1.319e+04
2017,KIE,1.451e+06,2.421e+06,3.842e+04,4.719e+04,1.599,75.36,80.74,6617,30.7,1.528e+04,1.692e+04,0.9792,1.472e+04
2017,LUB,1.676e+06,2.49e+06,4.907e+04,4.11e+04,1.72,74.52,79.9,7932,25.3,1.537e+04,2.153e+04,0.8766,1.348e+04
2017,BIA,8.92e+05,1.465e+06,2.455e+04,2.632e+04,1.595,74.76,80.14,3996,15.22,1.02e+04,1.129e+04,0.8863,1.157e+04
2017,WIL,5.887e+05,9.717e+05,1.585e+04,1.819e+04,1.581,74.7,80.09,2580,9.68,6155,7406,0.868,7662
2017,NOW,9.226e+05,1.153e+06,2.668e+04,1.797e+04,1.761,73.97,79.35,3640,9.347,7021,1.108e+04,0.7828,9916
2017,POL,1.591e+06,2.023e+06,6.049e+04,2.588e+04,2.208,73.58,78.96,5746,13.99,1.084e+04,1.913e+04,0.7232,1.031e+04
2017,WOL,2.22e+06,2.871e+06,7.902e+04,3.822e+04,2.059,74,79.38,8684,23.08,1.338e+04,2.715e+04,0.7796,1.152e+04
2017,POZ,8.353e+05,1.701e+06,2.139e+04,3.329e+04,1.457,76.99,82.38,3380,34.88,1.356e+04,1.02e+04,1.245,1.078e+04
2017,POM,6.196e+05,1.214e+06,1.649e+04,2.243e+04,1.507,76.97,82.35,2445,25.21,1.162e+04,7454,1.253,9351
2017,SLA,7.637e+05,1.571e+06,2.054e+04,2.841e+04,1.488,77.82,83.21,2716,46.06,1.715e+04,9437,1.489,1.198e+04
2017,KRA,8.825e+05,1.584e+06,2.385e+04,3.221e+04,1.605,75.34,80.72,4142,19.69,1.122e+04,1.067e+04,0.9697,1.261e+04
2017,LWO,1.34e+06,2.388e+06,3.424e+04,4.765e+04,1.529,75.61,80.99,5706,31.84,1.739e+04,1.348e+04,1.004,1.255e+04
2017,STA,6.683e+05,1.039e+06,1.652e+04,2.111e+04,1.527,74.5,79.89,3027,9.824,7787,6940,0.8454,9842
2017,TAR,5.955e+05,9.309e+05,1.46e+04,2.006e+04,1.552,74.36,79.74,2740,8.465,7179,6677,0.8292,9738
2017,LT_KAU,1.013e+05,2.311e+05,2830,4587,1.508,76.49,81.87,522.8,3.892,1670,1380,1.128,9403
2017,LT_LAU,2.078e+05,2.769e+05,4197,6825,1.477,75.18,80.56,910.9,3.281,1555,2138,0.9466,8488
2017,LT_ZEM,2.303e+05,3.055e+05,4454,7653,1.41,75.17,80.55,1000,3.681,1571,2322,0.9545,8894
2017,LT_SUV,1.888e+05,2.355e+05,3586,6195,1.451,75.07,80.45,793,2.766,1390,1849,0.9424,1.011e+04
2017,LT_NEA,1.816e+05,2.208e+05,3578,5597,1.508,75.07,80.45,751.6,2.47,1199,1808,0.9198,7158
2017,LT_KLA,6.177e+04,1.254e+05,1529,2581,1.435,77.12,82.5,252.3,2.822,1091,729.5,1.305,8290
2018,WAW,2.247e+05,2.622e+06,2.588e+04,3.147e+04,1.518,78.69,84.04,3036,90.62,2.708e+04,1.242e+04,1.601,1.505e+04
2018,WAR,1.061e+06,1.765e+06,2.672e+04,3.603e+04,1.55,75.34,80.69,4939,20.57,1.143e+04,1.312e+04,0.9297,1.385e+04
2018,LOD,1.059e+06,2.352e+06,3.134e+04,4.307e+04,1.549,76.54,81.88,4881,41.37,1.799e+04,1.416e+04,1.142,1.321e+04
2018,KIE,1.441e+06,2.415e+06,3.829e+04,4.693e+04,1.618,75.68,81.02,6517,31.23,1.513e+04,1.673e+04,0.9795,1.475e+04
2018,LUB,1.668e+06,2.493e+06,4.961e+04,4.123e+04,1.76,74.76,80.1,7827,25.86,1.525e+04,2.132e+04,0.8772,1.353e+04
2018,BIA,8.868e+05,1.463e+06,2.459e+04,2.651e+04,1.619,74.93,80.28,3939,15.52,1.013e+04,1.116e+04,0.887,1.16e+04
2018,WIL,5.844e+05,9.697e+05,1.556e+04,1.809e+04,1.575,75.03,80.38,2541,9.862,6109,7316,0.8686,7686
2018,NOW,9.194e+05,1.158e+06,2.674e+04,1.803e+04,1.778,74.24,79.59,3606,9.584,6991,1.101e+04,0.7837,9966
2018,POL,1.594e+06,2.04e+06,6.016e+04,2.61e+04,2.196,73.81,79.16,5737,14.43,1.083e+04,1.913e+04,0.7243,1.037e+04
2018,WOL,2.219e+06,2.89e+06,7.907e+04,3.854e+04,2.066,74.21,79.55,8642,23.73,1.334e+04,2.707e+04,0.7804,1.159e+04
2018,POZ,8.28e+05,1.696e+06,2.111e+04,3.32e+04,1.46,77.23,82.58,3331,35.43,1.342e+04,1.01e+04,1.245,1.081e+04
2018,POM,6.156e+05,1.213e+06,1.649e+04,2.24e+04,1.528,77.23,82.58,2417,25.65,1.151e+04,7396,1.252,9370
2018,SLA,7.594e+05,1.573e+06,2.085e+04,2.84e+04,1.525,78.05,83.39,2690,46.91,1.699e+04,9378,1.487,1.2e+04
2018,KRA,8.747e+05,1.58e+06,2.379e+04,3.193e+04,1.624,75.66,81.01,4084,20.05,1.111e+04,1.056e+04,0.9701,1.264e+04
2018,LWO,1.33e+06,2.383e+06,3.433e+04,4.772e+04,1.554,75.8,81.15,5630,32.38,1.723e+04,1.337e+04,1.004,1.259e+04
2018,STA,6.629e+05,1.038e+06,1.636e+04,2.095e+04,1.535,74.85,80.2,2980,10.01,7735,6866,0.846,9910
2018,TAR,5.902e+05,9.286e+05,1.445e+04,2.001e+04,1.56,74.58,79.92,2698,8.62,7151,6607,0.8298,9846
2018,LT_KAU,1.004e+05,2.3e+05,2819,4587,1.524,76.67,82.02,516.1,3.945,1646,1366,1.128,9441
2018,LT_LAU,2.051e+05,2.756e+05,4220,6801,1.512,75.41,80.76,895.8,3.327,1532,2110,0.9464,8515
2018,LT_ZEM,2.27e+05,3.039e+05,4460,7580,1.44,75.47,80.81,981.8,3.73,1549,2288,0.9542,8928
2018,LT_SUV,1.86e+05,2.345e+05,3520,6098,1.455,75.45,80.8,777.5,2.807,1370,1822,0.9423,1.014e+04
2018,LT_NEA,1.791e+05,2.199e+05,3490,5545,1.501,75.37,80.71,738.5,2.507,1182,1784,0.9196,7196
2018,LT_KLA,6.119e+04,1.251e+05,1554,2568,1.477,77.35,82.69,249.5,2.86,1077,723.5,1.302,8332
2019,WAW,2.296e+05,2.624e+06,2.585e+04,3.095e+04,1.525,79.16,84.47,2996,101.2,2.686e+04,1.237e+04,1.599,1.506e+04
2019,WAR,1.052e+06,1.76e+06,2.65e+04,3.523e+04,1.564,75.87,81.18,4816,22.96,1.132e+04,1.295e+04,0.9303,1.386e+04
2019,LOD,1.053e+06,2.346e+06,3.101e+04,4.202e+04,1.554,77.08,82.39,4776,46.15,1.782e+04,1.403e+04,1.142,1.321e+04
2019,KIE,1.43e+06,2.409e+06,3.764e+04,4.635e+04,1.617,76.09,81.4,6364,34.86,1.498e+04,1.654e+04,0.9796,1.477e+04
2019,LUB,1.659e+06,2.496e+06,4.881e+04,4.07e+04,1.755,75.23,80.54,7658,28.99,1.515e+04,2.111e+04,0.8778,1.355e+04
2019,BIA,8.818e+05,1.462e+06,2.445e+04,2.597e+04,1.634,75.48,80.79,3851,17.36,1.005e+04,1.104e+04,0.8875,1.161e+04
2019,WIL,5.801e+05,9.68e+05,1.542e+04,1.775e+04,1.586,75.55,80.86,2482,11.03,6062,7229,0.8692,7695
2019,NOW,9.159e+05,1.162e+06,2.653e+04,1.779e+04,1.779,74.74,80.05,3542,10.78,6963,1.093e+04,0.7844,9999
2019,POL,1.597e+06,2.058e+06,6.011e+04,2.571e+04,2.199,74.39,79.7,5679,16.33,1.081e+04,1.912e+04,0.7254,1.041e+04
2019,WOL,2.217e+06,2.91e+06,7.81e+04,3.807e+04,2.047,74.71,80.02,8523,26.79,1.331e+04,2.698e+04,0.7813,1.162e+04
2019,POZ,8.209e+05,1.691e+06,2.08e+04,3.274e+04,1.46,77.62,82.93,3257,39.49,1.328e+04,9992,1.244,1.083e+04
2019,POM,6.118e+05,1.213e+06,1.639e+04,2.209e+04,1.539,77.65,82.96,2370,28.64,1.14e+04,7338,1.251,9380
2019,SLA,7.555e+05,1.575e+06,2.072e+04,2.794e+04,1.531,78.48,83.79,2643,52.41,1.685e+04,9318,1.486,1.201e+04
2019,KRA,8.671e+05,1.576e+06,2.332e+04,3.131e+04,1.614,76.14,81.45,3995,22.38,1.1e+04,1.045e+04,0.9705,1.266e+04
2019,LWO,1.32e+06,2.378e+06,3.417e+04,4.694e+04,1.569,76.24,81.55,5513,36.13,1.706e+04,1.325e+04,1.004,1.261e+04
2019,STA,6.577e+05,1.037e+06,1.612e+04,2.062e+04,1.538,75.32,80.63,2908,11.21,7674,6791,0.8468,9928
2019,TAR,5.85e+05,9.266e+05,1.439e+04,1.954e+04,1.577,75.11,80.42,2635,9.65,7091,6534,0.8311,9866
2019,LT_KAU,9.958e+04,2.289e+05,2778,4516,1.523,77.06,82.37,505.5,4.387,1622,1352,1.127,9465
2019,LT_LAU,2.024e+05,2.744e+05,4146,6682,1.513,75.82,81.13,873.7,3.703,1510,2083,0.9461,8529
2019,LT_ZEM,2.239e+05,3.025e+05,4447,7377,1.466,76.02,81.33,955.9,4.15,1527,2256,0.9539,8947
2019,LT_SUV,1.833e+05,2.334e+05,3471,5999,1.467,75.85,81.16,756.1,3.124,1351,1795,0.9422,1.016e+04
2019,LT_NEA,1.766e+05,2.19e+05,3402,5405,1.492,75.92,81.23,719.7,2.791,1166,1759,0.9194,7222
2019,LT_KLA,6.064e+04,1.248e+05,1552,2505,1.494,77.85,83.16,244.8,3.18,1062,717.5,1.3,8359
2020,WAW,2.343e+05,2.625e+06,2.529e+04,3.076e+04,1.501,79.5,84.78,2868,156.7,2.664e+04,1.233e+04,1.597,1.507e+04
2020,WAR,1.041e+06,1.755e+06,2.552e+04,3.484e+04,1.532,76.25,81.52,4554,35.59,1.121e+04,1.278e+04,0.931,1.388e+04
2020,LOD,1.046e+06,2.34e+06,2.974e+04,4.154e+04,1.513,77.45,82.73,4532,71.45,1.764e+04,1.389e+04,1.142,1.322e+04
2020,KIE,1.418e+06,2.404e+06,3.578e+04,4.551e+04,1.563,76.58,81.86,6022,54.02,1.484e+04,1.634e+04,0.9798,1.478e+04
2020,LUB,1.648e+06,2.501e+06,4.743e+04,4.023e+04,1.728,75.68,80.96,7262,45.14,1.505e+04,2.09e+04,0.8783,1.357e+04
2020,BIA,8.755e+05,1.461e+06,2.324e+04,2.586e+04,1.577,75.82,81.09,3648,26.97,9969,1.092e+04,0.8881,1.165e+04
2020,WIL,5.753e+05,9.667e+05,1.496e+04,1.76e+04,1.562,75.93,81.2,2349,17.11,6013,7143,0.8697,7701
2020,NOW,9.111e+05,1.168e+06,2.57e+04,1.766e+04,1.738,75.16,80.43,3371,16.85,6934,1.085e+04,0.7852,1.003e+04
2020,POL,1.596e+06,2.077e+06,5.793e+04,2.576e+04,2.124,74.73,80,5442,25.65,1.08e+04,1.909e+04,0.7264,1.044e+04
2020,WOL,2.212e+06,2.932e+06,7.559e+04,3.788e+04,1.99,75.12,80.39,8144,41.97,1.327e+04,2.687e+04,0.7821,1.166e+04
2020,POZ,8.139e+05,1.687e+06,2.003e+04,3.211e+04,1.427,78.08,83.35,3089,61.07,1.314e+04,9886,1.244,1.085e+04
2020,POM,6.08e+05,1.213e+06,1.594e+04,2.191e+04,1.517,78,83.28,2254,44.37,1.13e+04,7279,1.25,9426
2020,SLA,7.516e+05,1.576e+06,2.007e+04,2.732e+04,1.5,78.99,84.26,2517,81.26,1.67e+04,9255,1.484,1.203e+04
2020,KRA,8.598e+05,1.572e+06,2.282e+04,3.098e+04,1.602,76.49,81.76,3789,34.68,1.089e+04,1.034e+04,0.971,1.268e+04
2020,LWO,1.31e+06,2.374e+06,3.36e+04,4.633e+04,1.563,76.63,81.9,5236,55.94,1.688e+04,1.314e+04,1.003,1.263e+04
2020,STA,6.52e+05,1.036e+06,1.554e+04,2.037e+04,1.507,75.73,81.01,2751,17.4,7614,6719,0.8473,9948
2020,TAR,5.795e+05,9.247e+05,1.382e+04,1.922e+04,1.537,75.54,80.82,2496,14.97,7030,6468,0.8316,9914
2020,LT_KAU,9.871e+04,2.278e+05,2703,4442,1.502,77.47,82.74,480.1,6.771,1599,1339,1.127,9504
2020,LT_LAU,1.995e+05,2.732e+05,3926,6553,1.46,76.26,81.54,825.6,5.72,1488,2055,0.9459,8542
2020,LT_ZEM,2.206e+05,3.011e+05,4303,7290,1.448,76.36,81.63,902,6.408,1506,2224,0.9536,8966
2020,LT_SUV,1.806e+05,2.325e+05,3339,5903,1.442,76.25,81.52,712.8,4.828,1332,1768,0.9421,1.021e+04
2020,LT_NEA,1.741e+05,2.182e+05,3284,5339,1.467,76.27,81.54,679.8,4.315,1150,1735,0.9192,7247
2020,LT_KLA,6.012e+04,1.244e+05,1496,2470,1.46,78.22,83.49,233.2,4.907,1048,710.9,1.298,8386
2021,WAW,2.389e+05,2.626e+06,2.537e+04,3.151e+04,1.514,79.5,84.74,2828,173.7,2.642e+04,1.228e+04,1.595,1.509e+04
2021,WAR,1.031e+06,1.749e+06,2.495e+04,3.498e+04,1.525,76.42,81.65,4439,39.45,1.11e+04,1.261e+04,0.9316,1.39e+04
2021,LOD,1.04e+06,2.334e+06,2.939e+04,4.195e+04,1.516,77.55,82.79,4432,79.11,1.747e+04,1.375e+04,1.142,1.323e+04
2021,KIE,1.405e+06,2.398e+06,3.501e+04,4.615e+04,1.556,76.65,81.89,5874,59.85,1.469e+04,1.615e+04,0.98,1.479e+04
2021,LUB,1.638e+06,2.504e+06,4.637e+04,4.058e+04,1.713,75.85,81.09,7100,50.26,1.495e+04,2.07e+04,0.8788,1.359e+04
2021,BIA,8.691e+05,1.46e+06,2.301e+04,2.608e+04,1.585,75.98,81.22,3562,29.98,9894,1.079e+04,0.8889,1.167e+04
2021,WIL,5.703e+05,9.653e+05,1.476e+04,1.781e+04,1.566,76.02,81.26,2292,18.99,5966,7062,0.8701,7710
2021,NOW,9.062e+05,1.173e+06,2.541e+04,1.787e+04,1.734,75.32,80.56,3308,18.83,6906,1.078e+04,0.7859,1.007e+04
2021,POL,1.594e+06,2.097e+06,5.737e+04,2.608e+04,2.112,74.92,80.16,5375,28.82,1.078e+04,1.907e+04,0.7273,1.048e+04
2021,WOL,2.205e+06,2.953e+06,7.505e+04,3.84e+04,1.987,75.28,80.52,8021,47.03,1.323e+04,2.678e+04,0.7829,1.17e+04
2021,POZ,8.071e+05,1.681e+06,2.007e+04,3.243e+04,1.45,78.16,83.39,3021,67.55,1.301e+04,9785,1.243,1.087e+04
2021,POM,6.042e+05,1.212e+06,1.575e+04,2.22e+04,1.518,78.09,83.32,2209,49.2,1.12e+04,7222,1.25,9438
2021,SLA,7.474e+05,1.578e+06,1.996e+04,2.772e+04,1.507,79.06,84.3,2470,90.11,1.655e+04,9195,1.483,1.204e+04
2021,KRA,8.522e+05,1.567e+06,2.225e+04,3.139e+04,1.584,76.53,81.77,3705,38.43,1.079e+04,1.023e+04,0.9713,1.27e+04
2021,LWO,1.301e+06,2.369e+06,3.32e+04,4.653e+04,1.566,76.79,82.02,5128,61.94,1.671e+04,1.304e+04,1.003,1.265e+04
2021,STA,6.463e+05,1.035e+06,1.536e+04,2.056e+04,1.514,75.86,81.09,2684,19.32,7552,6651,0.8478,9967
2021,TAR,5.74e+05,9.227e+05,1.359e+04,1.919e+04,1.535,75.77,81.01,2439,16.61,6968,6401,0.8324,9935
2021,LT_KAU,9.784e+04,2.266e+05,2629,4476,1.48,77.56,82.8,469.9,7.475,1577,1325,1.127,9529
2021,LT_LAU,1.967e+05,2.72e+05,3845,6567,1.456,76.4,81.64,804.5,6.319,1465,2029,0.9456,8557
2021,LT_ZEM,2.173e+05,2.997e+05,4222,7366,1.451,76.4,81.64,877.8,7.076,1482,2193,0.9532,8986
2021,LT_SUV,1.778e+05,2.315e+05,3280,5954,1.447,76.3,81.53,693,5.339,1315,1742,0.9422,1.023e+04
2021,LT_NEA,1.715e+05,2.174e+05,3189,5400,1.453,76.3,81.54,662.1,4.769,1134,1712,0.9189,7274
2021,LT_KLA,5.959e+04,1.241e+05,1471,2486,1.455,78.33,83.56,228.5,5.413,1035,704.3,1.296,8413
2022,WAW,2.435e+05,2.626e+06,2.558e+04,3.233e+04,1.536,79.44,84.64,2720,245.9,2.622e+04,1.224e+04,1.594,1.508e+04
2022,WAR,1.02e+06,1.744e+06,2.469e+04,3.602e+04,1.534,76.23,81.43,4219,55.87,1.1e+04,1.245e+04,0.9323,1.39e+04
2022,LOD,1.033e+06,2.327e+06,2.976e+04,4.291e+04,1.556,77.47,82.67,4229,111.9,1.731e+04,1.363e+04,1.142,1.322e+04
2022,KIE,1.391e+06,2.393e+06,3.514e+04,4.743e+04,1.588,76.52,81.72,5586,84.75,1.456e+04,1.597e+04,0.9802,1.479e+04
2022,LUB,1.625e+06,2.509e+06,4.616e+04,4.187e+04,1.728,75.71,80.91,6766,71.52,1.486e+04,2.051e+04,0.8794,1.359e+04
2022,BIA,8.621e+05,1.459e+06,2.297e+04,2.666e+04,1.606,75.94,81.14,3392,42.56,9822,1.068e+04,0.8895,1.166e+04
2022,WIL,5.65e+05,9.639e+05,1.481e+04,1.83e+04,1.597,75.9,81.1,2181,26.93,5917,6986,0.8706,7692
2022,NOW,9.005e+05,1.179e+06,2.549e+04,1.85e+04,1.755,75.17,80.37,3163,26.9,6879,1.071e+04,0.7866,1.007e+04
2022,POL,1.591e+06,2.116e+06,5.652e+04,2.699e+04,2.089,74.82,80.02,5172,41.38,1.077e+04,1.904e+04,0.7283,1.05e+04
2022,WOL,2.197e+06,2.976e+06,7.518e+04,3.972e+04,2.001,75.16,80.36,7699,67.36,1.32e+04,2.669e+04,0.7836,1.172e+04
2022,POZ,8.003e+05,1.676e+06,2.026e+04,3.309e+04,1.485,78.09,83.29,2882,95.46,1.288e+04,9691,1.243,1.087e+04
2022,POM,6.001e+05,1.211e+06,1.566e+04,2.301e+04,1.528,77.86,83.06,2112,69.63,1.11e+04,7166,1.249,9428
2022,SLA,7.43e+05,1.579e+06,2.048e+04,2.838e+04,1.563,79,84.2,2366,127.7,1.642e+04,9144,1.481,1.203e+04
2022,KRA,8.442e+05,1.563e+06,2.224e+04,3.22e+04,1.605,76.38,81.58,3531,54.4,1.069e+04,1.013e+04,0.9717,1.27e+04
2022,LWO,1.29e+06,2.364e+06,3.332e+04,4.768e+04,1.592,76.66,81.86,4898,87.65,1.656e+04,1.294e+04,1.003,1.265e+04
2022,STA,6.401e+05,1.033e+06,1.545e+04,2.105e+04,1.549,75.75,80.95,2554,27.42,7491,6589,0.8483,9986
2022,TAR,5.681e+05,9.209e+05,1.359e+04,1.969e+04,1.556,75.62,80.82,2324,23.55,6908,6342,0.8329,9962
2022,LT_KAU,9.695e+04,2.253e+05,2570,4574,1.466,77.46,82.66,448.3,10.54,1556,1311,1.126,9527
2022,LT_LAU,1.937e+05,2.708e+05,3799,6701,1.465,76.29,81.49,764.2,8.921,1445,2004,0.9453,8555
2022,LT_ZEM,2.139e+05,2.982e+05,4170,7548,1.463,76.23,81.43,832.7,9.984,1462,2163,0.9529,8984
2022,LT_SUV,1.75e+05,2.305e+05,3323,6077,1.496,76.16,81.36,657.2,7.541,1298,1719,0.942,1.024e+04
2022,LT_NEA,1.689e+05,2.165e+05,3175,5505,1.474,76.19,81.39,628.7,6.736,1119,1689,0.9186,7276
2022,LT_KLA,5.905e+04,1.237e+05,1483,2543,1.486,78.22,83.42,218.5,7.63,1021,697.9,1.294,8417
2023,WAW,2.48e+05,2.626e+06,2.545e+04,3.27e+04,1.537,79.53,84.7,2697,256.8,2.604e+04,1.22e+04,1.592,1.507e+04
2023,WAR,1.008e+06,1.737e+06,2.417e+04,3.641e+04,1.528,76.26,81.43,4136,58.37,1.09e+04,1.23e+04,0.9329,1.389e+04
2023,LOD,1.026e+06,2.32e+06,2.951e+04,4.316e+04,1.564,77.58,82.74,4162,116.9,1.715e+04,1.352e+04,1.142,1.321e+04
2023,KIE,1.378e+06,2.387e+06,3.529e+04,4.806e+04,1.621,76.55,81.72,5481,88.57,1.443e+04,1.58e+04,0.9804,1.479e+04
2023,LUB,1.613e+06,2.512e+06,4.559e+04,4.21e+04,1.73,75.91,81.07,6654,75.09,1.478e+04,2.033e+04,0.8799,1.36e+04
2023,BIA,8.55e+05,1.458e+06,2.269e+04,2.695e+04,1.61,76.04,81.2,3332,44.58,9752,1.058e+04,0.89,1.165e+04
2023,WIL,5.596e+05,9.622e+05,1.451e+04,1.845e+04,1.589,76,81.17,2142,28.17,5868,6916,0.8708,7675
2023,NOW,8.947e+05,1.184e+06,2.517e+04,1.887e+04,1.749,75.2,80.37,3122,28.33,6852,1.064e+04,0.7872,1.008e+04
2023,POL,1.588e+06,2.134e+06,5.612e+04,2.742e+04,2.085,74.95,80.12,5134,43.82,1.077e+04,1.902e+04,0.7292,1.052e+04
2023,WOL,2.189e+06,2.997e+06,7.408e+04,4.046e+04,1.983,75.23,80.39,7622,71.17,1.318e+04,2.66e+04,0.7843,1.174e+04
2023,POZ,7.935e+05,1.67e+06,2.015e+04,3.34e+04,1.497,78.15,83.31,2836,99.53,1.275e+04,9602,1.243,1.086e+04
2023,POM,5.959e+05,1.209e+06,1.567e+04,2.332e+04,1.548,77.88,83.05,2083,72.7,1.1e+04,7114,1.248,9421
2023,SLA,7.388e+05,1.581e+06,2.09e+04,2.861e+04,1.61,79.1,84.26,2337,133.6,1.63e+04,9101,1.48,1.201e+04
2023,KRA,8.364e+05,1.558e+06,2.215e+04,3.204e+04,1.62,76.61,81.78,3472,56.83,1.059e+04,1.003e+04,0.9721,1.27e+04
2023,LWO,1.28e+06,2.358e+06,3.327e+04,4.836e+04,1.609,76.65,81.81,4826,91.51,1.641e+04,1.285e+04,1.003,1.265e+04
2023,STA,6.34e+05,1.032e+06,1.544e+04,2.126e+04,1.572,75.82,80.99,2507,28.72,7435,6531,0.8489,9981
2023,TAR,5.62e+05,9.188e+05,1.339e+04,1.979e+04,1.556,75.72,80.89,2284,24.65,6852,6282,0.8336,9961
2023,LT_KAU,9.606e+04,2.24e+05,2524,4582,1.458,77.59,82.75,441.3,10.95,1535,1298,1.125,9523
2023,LT_LAU,1.906e+05,2.695e+05,3719,6778,1.459,76.28,81.45,749.2,9.291,1427,1980,0.9451,8551
2023,LT_ZEM,2.106e+05,2.966e+05,4120,7613,1.475,76.24,81.4,815.1,10.39,1443,2134,0.9525,8980
2023,LT_SUV,1.721e+05,2.294e+05,3294,6122,1.514,76.17,81.33,643.3,7.858,1282,1697,0.9419,1.024e+04
2023,LT_NEA,1.663e+05,2.155e+05,3115,5538,1.472,76.25,81.41,616.1,7.015,1104,1668,0.9182,7276
2023,LT_KLA,5.851e+04,1.232e+05,1473,2547,1.497,78.36,83.53,215.3,7.934,1008,691.7,1.291,8418
2024,WAW,2.524e+05,2.624e+06,2.404e+04,3.286e+04,1.46,79.7,84.83,2630,312,2.584e+04,1.216e+04,1.59,1.506e+04
2024,WAR,9.964e+05,1.73e+06,2.257e+04,3.632e+04,1.45,76.47,81.6,3988,70.91,1.08e+04,1.214e+04,0.9335,1.388e+04
2024,LOD,1.019e+06,2.312e+06,2.824e+04,4.275e+04,1.514,77.88,83.01,4031,141.9,1.699e+04,1.34e+04,1.142,1.32e+04
2024,KIE,1.363e+06,2.38e+06,3.314e+04,4.776e+04,1.548,76.84,81.97,5289,107.7,1.43e+04,1.562e+04,0.9807,1.479e+04
2024,LUB,1.6e+06,2.514e+06,4.329e+04,4.247e+04,1.664,76.07,81.19,6436,91.66,1.469e+04,2.014e+04,0.8805,1.36e+04
2024,BIA,8.474e+05,1.456e+06,2.154e+04,2.694e+04,1.552,76.28,81.41,3219,54.3,9678,1.047e+04,0.8905,1.164e+04
2024,WIL,5.539e+05,9.599e+05,1.361e+04,1.849e+04,1.513,76.17,81.3,2069,34.26,5816,6844,0.8711,7655
2024,NOW,8.881e+05,1.189e+06,2.4e+04,1.891e+04,1.683,75.47,80.6,3029,34.71,6824,1.057e+04,0.7878,1.009e+04
2024,POL,1.582e+06,2.152e+06,5.254e+04,2.761e+04,1.961,75.2,80.33,5008,53.95,1.075e+04,1.898e+04,0.7302,1.054e+04
2024,WOL,2.177e+06,3.017e+06,7.036e+04,4.076e+04,1.895,75.44,80.57,7418,87.45,1.315e+04,2.649e+04,0.7851,1.176e+04
2024,POZ,7.865e+05,1.663e+06,1.897e+04,3.31e+04,1.427,78.43,83.56,2745,120.7,1.261e+04,9510,1.242,1.087e+04
2024,POM,5.915e+05,1.207e+06,1.474e+04,2.314e+04,1.473,78.16,83.29,2020,88.28,1.09e+04,7059,1.247,9405
2024,SLA,7.344e+05,1.581e+06,1.973e+04,2.853e+04,1.536,79.34,84.47,2271,162.5,1.616e+04,9053,1.478,1.2e+04
2024,KRA,8.28e+05,1.552e+06,2.081e+04,3.186e+04,1.543,76.86,81.98,3358,69.04,1.049e+04,9922,0.9725,1.271e+04
2024,LWO,1.268e+06,2.351e+06,3.127e+04,4.81e+04,1.53,76.9,82.02,4677,111.1,1.625e+04,1.275e+04,1.002,1.266e+04
2024,STA,6.276e+05,1.03e+06,1.45e+04,2.117e+04,1.499,76.08,81.21,2423,34.96,7396,6473,0.8494,1.001e+04
2024,TAR,5.558e+05,9.165e+05,1.266e+04,1.964e+04,1.49,76,81.13,2209,29.98,6807,6222,0.834,1.001e+04
2024,LT_KAU,9.515e+04,2.226e+05,2417,4542,1.413,77.84,82.97,427.3,13.24,1515,1284,1.125,9521
2024,LT_LAU,1.876e+05,2.681e+05,3546,6704,1.414,76.55,81.68,722.4,11.25,1408,1956,0.9448,8674
2024,LT_ZEM,2.072e+05,2.949e+05,3913,7564,1.428,76.45,81.57,784.8,12.57,1424,2105,0.9521,8976
2024,LT_SUV,1.693e+05,2.284e+05,3139,6044,1.471,76.46,81.59,619.7,9.525,1265,1676,0.9417,1.025e+04
2024,LT_NEA,1.636e+05,2.145e+05,2943,5464,1.415,76.57,81.69,593.8,8.498,1090,1646,0.9178,7277
2024,LT_KLA,5.796e+04,1.228e+05,1394,2531,1.435,78.6,83.72,208.7,9.595,995.4,685.3,1.289,8419
2025,WAW,2.566e+05,2.621e+06,2.389e+04,3.433e+04,1.459,79.39,84.48,2493,483.4,2.565e+04,1.211e+04,1.588,1.505e+04
2025,WAR,9.835e+05,1.723e+06,2.28e+04,3.748e+04,1.487,76.21,81.3,3736,109.9,1.07e+04,1.2e+04,0.9341,1.387e+04
2025,LOD,1.011e+06,2.304e+06,2.819e+04,4.409e+04,1.529,77.66,82.75,3794,219.9,1.685e+04,1.329e+04,1.142,1.319e+04
2025,KIE,1.347e+06,2.374e+06,3.27e+04,4.957e+04,1.552,76.54,81.63,4959,167,1.418e+04,1.546e+04,0.9809,1.478e+04
2025,LUB,1.586e+06,2.516e+06,4.302e+04,4.409e+04,1.673,75.81,80.9,6046,142.8,1.46e+04,1.996e+04,0.881,1.36e+04
2025,BIA,8.392e+05,1.454e+06,2.164e+04,2.778e+04,1.58,76.09,81.18,3022,84.42,9611,1.037e+04,0.891,1.163e+04
2025,WIL,5.478e+05,9.577e+05,1.357e+04,1.905e+04,1.531,75.97,81.06,1942,53.15,5769,6779,0.8713,7620
2025,NOW,8.809e+05,1.194e+06,2.419e+04,1.964e+04,1.711,75.23,80.32,2853,54.27,6799,1.051e+04,0.7883,1.009e+04
2025,POL,1.575e+06,2.17e+06,5.271e+04,2.902e+04,1.975,74.88,79.97,4743,84.78,1.074e+04,1.895e+04,0.731,1.055e+04
2025,WOL,2.164e+06,3.038e+06,7.031e+04,4.247e+04,1.904,75.19,80.28,7007,137.1,1.313e+04,2.639e+04,0.7858,1.178e+04
2025,POZ,7.79e+05,1.656e+06,1.906e+04,3.44e+04,1.452,78.1,83.2,2582,186.6,1.249e+04,9425,1.242,1.085e+04
2025,POM,5.869e+05,1.205e+06,1.483e+04,2.392e+04,1.497,77.92,83.01,1904,136.7,1.08e+04,7009,1.246,9396
2025,SLA,7.297e+05,1.581e+06,2.002e+04,2.974e+04,1.573,79.02,84.11,2146,252,1.604e+04,9009,1.476,1.198e+04
2025,KRA,8.189e+05,1.547e+06,2.073e+04,3.276e+04,1.556,76.65,81.74,3153,107.1,1.04e+04,9824,0.9729,1.27e+04
2025,LWO,1.256e+06,2.345e+06,3.144e+04,4.944e+04,1.555,76.69,81.78,4402,172.2,1.61e+04,1.266e+04,1.002,1.266e+04
2025,STA,6.204e+05,1.029e+06,1.453e+04,2.202e+04,1.524,75.74,80.83,2273,54.36,7342,6418,0.8501,1.001e+04
2025,TAR,5.492e+05,9.142e+05,1.271e+04,2.018e+04,1.514,75.79,80.88,2073,46.59,6755,6163,0.8349,1.001e+04
2025,LT_KAU,9.421e+04,2.211e+05,2468,4742,1.458,77.42,82.51,401.9,20.43,1494,1272,1.124,9513
2025,LT_LAU,1.843e+05,2.667e+05,3523,6889,1.428,76.3,81.39,675.6,17.46,1392,1928,0.9461,8667
2025,LT_ZEM,2.037e+05,2.932e+05,3928,7723,1.461,76.27,81.36,733.7,19.41,1405,2077,0.9516,8968
2025,LT_SUV,1.663e+05,2.273e+05,3133,6187,1.495,76.25,81.34,579.8,14.74,1249,1656,0.9417,1.025e+04
2025,LT_NEA,1.609e+05,2.135e+05,2998,5592,1.466,76.37,81.46,555.8,13.14,1075,1627,0.9173,7274
2025,LT_KLA,5.739e+04,1.222e+05,1387,2619,1.447,78.31,83.4,196.7,14.8,982.4,679,1.287,8415
2026,WAW,2.608e+05,2.617e+06,2.369e+04,3.413e+04,1.454,79.66,84.72,2468,508.4,2.548e+04,1.207e+04,1.587,1.504e+04
2026,WAR,9.71e+05,1.717e+06,2.28e+04,3.7e+04,1.508,76.53,81.59,3663,115.7,1.061e+04,1.187e+04,0.9347,1.386e+04
2026,LOD,1.003e+06,2.297e+06,2.804e+04,4.324e+04,1.537,78.07,83.12,3734,231.3,1.671e+04,1.318e+04,1.142,1.317e+04
2026,KIE,1.331e+06,2.367e+06,3.245e+04,4.915e+04,1.562,76.82,81.88,4864,175.8,1.407e+04,1.53e+04,0.9811,1.478e+04
2026,LUB,1.572e+06,2.518e+06,4.267e+04,4.353e+04,1.678,76.23,81.28,5945,151,1.453e+04,1.98e+04,0.8816,1.361e+04
2026,BIA,8.31e+05,1.453e+06,2.139e+04,2.749e+04,1.583,76.46,81.51,2969,89.1,9549,1.028e+04,0.8915,1.162e+04
2026,WIL,5.417e+05,9.552e+05,1.322e+04,1.885e+04,1.511,76.3,81.36,1908,55.96,5722,6718,0.8714,7596
2026,NOW,8.738e+05,1.199e+06,2.368e+04,1.954e+04,1.689,75.57,80.62,2813,57.59,6777,1.045e+04,0.7889,1.035e+04
2026,POL,1.568e+06,2.187e+06,5.165e+04,2.908e+04,1.942,75.18,80.23,4703,90.39,1.074e+04,1.893e+04,0.7319,1.057e+04
2026,WOL,2.151e+06,3.057e+06,6.866e+04,4.221e+04,1.869,75.57,80.63,6925,145.9,1.311e+04,2.629e+04,0.7865,1.18e+04
2026,POZ,7.718e+05,1.649e+06,1.851e+04,3.374e+04,1.426,78.47,83.53,2539,195.9,1.237e+04,9344,1.241,1.085e+04
2026,POM,5.824e+05,1.202e+06,1.477e+04,2.359e+04,1.505,78.26,83.31,1877,143.8,1.071e+04,6963,1.245,9383
2026,SLA,7.25e+05,1.582e+06,1.986e+04,2.935e+04,1.573,79.36,84.42,2119,265.5,1.593e+04,8971,1.475,1.196e+04
2026,KRA,8.099e+05,1.541e+06,2.015e+04,3.236e+04,1.531,76.97,82.02,3097,112.7,1.032e+04,9729,0.9733,1.27e+04
2026,LWO,1.243e+06,2.339e+06,3.068e+04,4.878e+04,1.533,77.02,82.08,4334,181.2,1.597e+04,1.258e+04,1.002,1.266e+04
2026,STA,6.135e+05,1.027e+06,1.438e+04,2.183e+04,1.528,76.05,81.11,2234,57.32,7288,6369,0.8505,1.003e+04
2026,TAR,5.428e+05,9.119e+05,1.271e+04,1.995e+04,1.532,76.1,81.16,2037,49.09,6703,6111,0.8353,1.001e+04
2026,LT_KAU,9.328e+04,2.196e+05,2404,4624,1.436,77.85,82.91,395.3,21.39,1476,1259,1.124,9513
2026,LT_LAU,1.812e+05,2.654e+05,3512,6819,1.445,76.53,81.58,662.4,18.32,1375,1907,0.9458,8665
2026,LT_ZEM,2.002e+05,2.915e+05,3848,7606,1.458,76.58,81.63,717.8,20.35,1388,2051,0.9512,8967
2026,LT_SUV,1.635e+05,2.262e+05,3039,6046,1.475,76.66,81.72,567.9,15.47,1234,1636,0.9415,1.026e+04
2026,LT_NEA,1.583e+05,2.125e+05,2956,5488,1.468,76.76,81.81,544.6,13.79,1062,1608,0.9169,7280
2026,LT_KLA,5.683e+04,1.217e+05,1352,2557,1.428,78.74,83.79,193.5,15.5,970.7,673,1.285,8418
2027,WAW,2.651e+05,2.615e+06,2.42e+04,3.422e+04,1.49,79.82,84.84,2393,636.9,2.531e+04,1.203e+04,1.585,1.502e+04
2027,WAR,9.584e+05,1.71e+06,2.25e+04,3.688e+04,1.508,76.73,81.75,3515,145.1,1.052e+04,1.174e+04,0.9352,1.385e+04
2027,LOD,9.953e+05,2.29e+06,2.812e+04,4.314e+04,1.557,78.27,83.29,3597,289.8,1.658e+04,1.309e+04,1.142,1.315e+04
2027,KIE,1.315e+06,2.361e+06,3.275e+04,4.918e+04,1.598,77,82.02,4670,220.4,1.396e+04,1.516e+04,0.9812,1.477e+04
2027,LUB,1.558e+06,2.519e+06,4.234e+04,4.385e+04,1.683,76.39,81.41,5719,190.1,1.446e+04,1.964e+04,0.882,1.361e+04
2027,BIA,8.226e+05,1.452e+06,2.129e+04,2.751e+04,1.595,76.67,81.69,2855,112,9489,1.02e+04,0.892,1.162e+04
2027,WIL,5.356e+05,9.528e+05,1.31e+04,1.889e+04,1.515,76.48,81.49,1834,70.17,5676,6661,0.8714,7582
2027,NOW,8.666e+05,1.204e+06,2.377e+04,1.97e+04,1.71,75.76,80.78,2707,73.22,6777,1.036e+04,0.7918,1.036e+04
2027,POL,1.56e+06,2.204e+06,5.101e+04,2.932e+04,1.924,75.39,80.41,4560,114.8,1.073e+04,1.892e+04,0.7328,1.059e+04
2027,WOL,2.138e+06,3.077e+06,6.853e+04,4.293e+04,1.875,75.64,80.66,6695,184.9,1.309e+04,2.619e+04,0.7871,1.181e+04
2027,POZ,7.645e+05,1.641e+06,1.854e+04,3.368e+04,1.443,78.64,83.66,2445,245,1.226e+04,9269,1.241,1.084e+04
2027,POM,5.78e+05,1.2e+06,1.489e+04,2.355e+04,1.531,78.45,83.47,1812,180.1,1.063e+04,6923,1.244,9450
2027,SLA,7.202e+05,1.582e+06,1.962e+04,2.925e+04,1.567,79.58,84.6,2048,333,1.582e+04,8933,1.473,1.193e+04
2027,KRA,8.009e+05,1.535e+06,1.971e+04,3.22e+04,1.514,77.18,82.2,2976,141.2,1.023e+04,9637,0.9736,1.269e+04
2027,LWO,1.23e+06,2.333e+06,3.035e+04,4.89e+04,1.53,77.14,82.16,4176,226.9,1.584e+04,1.249e+04,1.002,1.266e+04
2027,STA,6.066e+05,1.025e+06,1.431e+04,2.184e+04,1.54,76.22,81.24,2148,72.01,7236,6322,0.851,1.002e+04
2027,TAR,5.364e+05,9.097e+05,1.265e+04,1.996e+04,1.541,76.26,81.28,1959,61.6,6651,6062,0.8356,1e+04
2027,LT_KAU,9.234e+04,2.182e+05,2398,4614,1.448,78,83.02,380.5,26.68,1458,1247,1.123,9521
2027,LT_LAU,1.782e+05,2.64e+05,3502,6778,1.461,76.71,81.73,635.4,22.89,1358,1887,0.9454,8678
2027,LT_ZEM,1.968e+05,2.899e+05,3845,7571,1.483,76.74,81.76,686.9,25.41,1371,2025,0.9508,8982
2027,LT_SUV,1.606e+05,2.25e+05,2972,6053,1.466,76.75,81.77,544.3,19.34,1220,1618,0.9413,1.027e+04
2027,LT_NEA,1.556e+05,2.116e+05,2898,5499,1.462,76.86,81.88,522,17.23,1050,1590,0.9165,7287
2027,LT_KLA,5.628e+04,1.211e+05,1335,2557,1.427,78.88,83.9,186.5,19.32,959.3,667.1,1.282,8440
2028,WAW,2.693e+05,2.612e+06,2.33e+04,3.34e+04,1.44,80.32,85.3,2288,876.9,2.514e+04,1.199e+04,1.583,1.502e+04
2028,WAR,9.457e+05,1.704e+06,2.167e+04,3.613e+04,1.47,77.16,82.15,3324,199.9,1.044e+04,1.162e+04,0.9357,1.393e+04
2028,LOD,9.872e+05,2.283e+06,2.704e+04,4.252e+04,1.511,78.64,83.62,3415,399,1.645e+04,1.299e+04,1.142,1.315e+04
2028,KIE,1.299e+06,2.355e+06,3.103e+04,4.788e+04,1.535,77.53,82.51,4418,303.8,1.385e+04,1.5e+04,0.9814,1.477e+04
2028,LUB,1.543e+06,2.521e+06,4.061e+04,4.333e+04,1.63,76.81,81.79,5421,263.1,1.438e+04,1.949e+04,0.8825,1.361e+04
2028,BIA,8.139e+05,1.45e+06,2.035e+04,2.709e+04,1.542,77.1,82.09,2705,154.8,9430,1.011e+04,0.8926,1.164e+04
2028,WIL,5.293e+05,9.504e+05,1.249e+04,1.86e+04,1.461,76.88,81.87,1737,96.76,5631,6600,0.8717,7580
2028,NOW,8.589e+05,1.209e+06,2.254e+04,1.957e+04,1.634,76.14,81.12,2570,101.7,6753,1.029e+04,0.7923,1.037e+04
2028,POL,1.551e+06,2.22e+06,4.899e+04,2.922e+04,1.851,75.76,80.75,4357,160.1,1.072e+04,1.89e+04,0.7336,1.06e+04
2028,WOL,2.122e+06,3.096e+06,6.588e+04,4.242e+04,1.81,76.11,81.09,6374,257.4,1.307e+04,2.609e+04,0.7877,1.183e+04
2028,POZ,7.571e+05,1.634e+06,1.76e+04,3.299e+04,1.382,79.05,84.03,2321,336.6,1.214e+04,9192,1.24,1.084e+04
2028,POM,5.734e+05,1.198e+06,1.44e+04,2.304e+04,1.491,78.9,83.88,1722,248.5,1.055e+04,6884,1.244,9439
2028,SLA,7.156e+05,1.582e+06,1.907e+04,2.874e+04,1.533,79.97,84.96,1952,459,1.57e+04,8895,1.472,1.192e+04
2028,KRA,7.916e+05,1.53e+06,1.875e+04,3.157e+04,1.456,77.61,82.59,2818,194.4,1.015e+04,9543,0.9739,1.27e+04
2028,LWO,1.217e+06,2.327e+06,2.906e+04,4.749e+04,1.478,77.69,82.67,3964,312.5,1.57e+04,1.241e+04,1.001,1.266e+04
2028,STA,5.995e+05,1.024e+06,1.376e+04,2.138e+04,1.497,76.69,81.67,2035,99.39,7190,6278,0.8513,1.003e+04
2028,TAR,5.301e+05,9.077e+05,1.236e+04,1.95e+04,1.52,76.74,81.72,1856,84.97,6607,6014,0.8359,1.001e+04
2028,LT_KAU,9.14e+04,2.169e+05,2311,4492,1.409,78.47,83.45,360.6,36.59,1438,1235,1.122,9872
2028,LT_LAU,1.752e+05,2.626e+05,3320,6656,1.404,77.05,82.04,600.2,31.44,1339,1865,0.9454,8963
2028,LT_ZEM,1.935e+05,2.883e+05,3648,7333,1.431,77.28,82.26,647.3,34.9,1351,1999,0.9506,8970
2028,LT_SUV,1.578e+05,2.239e+05,2883,5919,1.443,77.16,82.14,514.1,26.58,1204,1599,0.9413,1.035e+04
2028,LT_NEA,1.529e+05,2.106e+05,2754,5379,1.41,77.29,82.27,492.8,23.68,1033,1572,0.9162,7303
2028,LT_KLA,5.574e+04,1.206e+05,1277,2513,1.381,79.24,84.22,177.1,26.49,942.9,661,1.281,8433
2029,WAW,2.735e+05,2.611e+06,2.396e+04,3.328e+04,1.484,80.58,85.52,2183,1193,2.499e+04,1.196e+04,1.581,1.499e+04
2029,WAR,9.333e+05,1.699e+06,2.223e+04,3.571e+04,1.525,77.49,82.44,3139,272.5,1.037e+04,1.15e+04,0.9368,1.392e+04
2029,LOD,9.793e+05,2.277e+06,2.753e+04,4.227e+04,1.551,78.9,83.84,3238,542.7,1.633e+04,1.29e+04,1.142,1.313e+04
2029,KIE,1.283e+06,2.349e+06,3.114e+04,4.797e+04,1.56,77.71,82.66,4172,413.5,1.375e+04,1.486e+04,0.9814,1.475e+04
2029,LUB,1.529e+06,2.524e+06,4.116e+04,4.317e+04,1.667,77.12,82.07,5130,359.5,1.432e+04,1.935e+04,0.8829,1.361e+04
2029,BIA,8.052e+05,1.45e+06,2.086e+04,2.729e+04,1.596,77.25,82.19,2559,211.3,9379,1.003e+04,0.8931,1.162e+04
2029,WIL,5.231e+05,9.485e+05,1.289e+04,1.857e+04,1.523,77.13,82.08,1642,131.8,5592,6546,0.872,7547
2029,NOW,8.513e+05,1.214e+06,2.274e+04,1.968e+04,1.662,76.37,81.31,2435,139.3,6733,1.023e+04,0.7926,1.036e+04
2029,POL,1.542e+06,2.238e+06,4.975e+04,2.952e+04,1.883,75.98,80.93,4157,220.5,1.072e+04,1.89e+04,0.7343,1.061e+04
2029,WOL,2.107e+06,3.116e+06,6.61e+04,4.285e+04,1.825,76.31,81.26,6057,353.9,1.306e+04,2.6e+04,0.7883,1.184e+04
2029,POZ,7.499e+05,1.628e+06,1.803e+04,3.291e+04,1.427,79.24,84.19,2200,456.8,1.204e+04,9124,1.239,1.082e+04
2029,POM,5.689e+05,1.197e+06,1.482e+04,2.313e+04,1.544,79.05,83.99,1637,337.9,1.048e+04,6850,1.243,9417
2029,SLA,7.112e+05,1.583e+06,1.929e+04,2.863e+04,1.56,80.21,85.16,1857,624.9,1.56e+04,8864,1.47,1.19e+04
2029,KRA,7.823e+05,1.525e+06,1.889e+04,3.146e+04,1.48,77.83,82.77,2664,264.4,1.007e+04,9456,0.9742,1.269e+04
2029,LWO,1.205e+06,2.321e+06,2.943e+04,4.737e+04,1.508,77.91,82.86,3757,424.9,1.558e+04,1.233e+04,1.001,1.265e+04
2029,STA,5.925e+05,1.023e+06,1.412e+04,2.139e+04,1.551,76.9,81.84,1926,135.5,7144,6239,0.8517,1.002e+04
2029,TAR,5.237e+05,9.061e+05,1.252e+04,1.944e+04,1.555,76.97,81.91,1756,115.8,6562,5970,0.8362,1e+04
2029,LT_KAU,9.045e+04,2.156e+05,2378,4467,1.463,78.68,83.63,340.1,50,1424,1224,1.126,9861
2029,LT_LAU,1.722e+05,2.614e+05,3464,6552,1.484,77.38,82.32,564.6,42.99,1327,1836,0.9486,8952
2029,LT_ZEM,1.902e+05,2.869e+05,3710,7149,1.48,77.76,82.7,609.2,47.31,1332,1976,0.9499,8959
2029,LT_SUV,1.55e+05,2.229e+05,2915,5862,1.479,77.41,82.35,484.5,36.14,1189,1580,0.9418,1.034e+04
2029,LT_NEA,1.503e+05,2.097e+05,2778,5333,1.442,77.54,82.49,464.5,32.15,1019,1554,0.9159,7297
2029,LT_KLA,5.523e+04,1.2e+05,1302,2500,1.424,79.45,84.39,168.1,35.83,929.6,655.4,1.278,8426
2030,WAW,2.778e+05,2.61e+06,2.421e+04,3.246e+04,1.502,81.1,86.01,2164,1243,2.485e+04,1.193e+04,1.58,1.498e+04
2030,WAR,9.215e+05,1.694e+06,2.174e+04,3.46e+04,1.507,78.09,83,3084,284.1,1.029e+04,1.14e+04,0.9374,1.39e+04
2030,LOD,9.716e+05,2.271e+06,2.739e+04,4.116e+04,1.555,79.44,84.35,3190,565.5,1.622e+04,1.281e+04,1.142,1.311e+04
2030,KIE,1.268e+06,2.345e+06,3.13e+04,4.613e+04,1.586,78.42,83.33,4098,431.1,1.365e+04,1.473e+04,0.9816,1.475e+04
2030,LUB,1.515e+06,2.527e+06,4.058e+04,4.181e+04,1.658,77.82,82.73,5051,376.3,1.425e+04,1.921e+04,0.8833,1.361e+04
2030,BIA,7.969e+05,1.449e+06,2.044e+04,2.662e+04,1.58,77.82,82.72,2519,220.7,9327,9958,0.8936,1.162e+04
2030,WIL,5.173e+05,9.467e+05,1.286e+04,1.806e+04,1.534,77.72,82.63,1616,137.4,5552,6497,0.8721,7526
2030,NOW,8.442e+05,1.219e+06,2.262e+04,1.929e+04,1.666,76.93,81.84,2400,146.3,6716,1.017e+04,0.7931,1.037e+04
2030,POL,1.533e+06,2.254e+06,4.92e+04,2.889e+04,1.864,76.62,81.52,4127,232.5,1.071e+04,1.89e+04,0.735,1.063e+04
2030,WOL,2.093e+06,3.134e+06,6.487e+04,4.216e+04,1.799,76.85,81.76,5988,372.3,1.305e+04,2.591e+04,0.789,1.193e+04
2030,POZ,7.431e+05,1.622e+06,1.825e+04,3.201e+04,1.454,79.75,84.66,2169,475,1.193e+04,9063,1.239,1.081e+04
2030,POM,5.647e+05,1.196e+06,1.478e+04,2.234e+04,1.549,79.66,84.57,1617,352,1.04e+04,6819,1.242,9409
2030,SLA,7.07e+05,1.584e+06,1.95e+04,2.78e+04,1.584,80.77,85.68,1837,651.8,1.551e+04,8839,1.469,1.188e+04
2030,KRA,7.736e+05,1.52e+06,1.877e+04,3.015e+04,1.485,78.55,83.46,2620,275.5,9997,9375,0.9745,1.268e+04
2030,LWO,1.193e+06,2.317e+06,2.933e+04,4.595e+04,1.513,78.48,83.39,3703,442.6,1.546e+04,1.225e+04,1.001,1.265e+04
2030,STA,5.859e+05,1.022e+06,1.41e+04,2.081e+04,1.562,77.48,82.39,1897,141.5,7116,6203,0.852,1.008e+04
2030,TAR,5.176e+05,9.047e+05,1.243e+04,1.893e+04,1.557,77.51,82.42,1728,120.8,6551,5927,0.8366,1.009e+04
2030,LT_KAU,8.957e+04,2.144e+05,2364,4346,1.468,79.17,84.08,334.7,51.85,1407,1214,1.126,9865
2030,LT_LAU,1.695e+05,2.603e+05,3429,6290,1.488,78.05,82.96,554.2,44.66,1312,1818,0.9482,8955
2030,LT_ZEM,1.871e+05,2.856e+05,3692,6949,1.496,78.28,83.19,596.7,49.13,1317,1953,0.9495,8961
2030,LT_SUV,1.523e+05,2.22e+05,2857,5704,1.469,77.9,82.81,475.3,37.55,1175,1562,0.9416,1.035e+04
2030,LT_NEA,1.478e+05,2.088e+05,2749,5158,1.446,78.12,83.03,455.5,33.4,1007,1538,0.9154,7302
2030,LT_KLA,5.475e+04,1.195e+05,1292,2435,1.428,79.92,84.83,165.5,37.13,919.1,650.1,1.276,8431
2031,WAW,2.821e+05,2.609e+06,2.393e+04,3.235e+04,1.487,81.4,86.27,2160,1236,2.471e+04,1.191e+04,1.578,1.497e+04
2031,WAR,9.1e+05,1.688e+06,2.105e+04,3.456e+04,1.474,78.32,83.19,3053,282.6,1.021e+04,1.129e+04,0.9377,1.389e+04
2031,LOD,9.641e+05,2.266e+06,2.746e+04,4.099e+04,1.569,79.71,84.58,3165,562.6,1.611e+04,1.273e+04,1.142,1.31e+04
2031,KIE,1.253e+06,2.34e+06,3.061e+04,4.566e+04,1.568,78.78,83.65,4054,429.2,1.356e+04,1.46e+04,0.9817,1.474e+04
2031,LUB,1.502e+06,2.529e+06,4.008e+04,4.147e+04,1.651,78.23,83.1,5009,376,1.419e+04,1.907e+04,0.8837,1.361e+04
2031,BIA,7.887e+05,1.448e+06,2.004e+04,2.656e+04,1.563,78.11,82.98,2496,220.2,9273,9879,0.8939,1.161e+04
2031,WIL,5.117e+05,9.446e+05,1.255e+04,1.789e+04,1.51,78.08,82.96,1602,136.8,5512,6446,0.8722,7501
2031,NOW,8.372e+05,1.223e+06,2.255e+04,1.915e+04,1.675,77.35,82.22,2382,146.6,6696,1.011e+04,0.7935,1.037e+04
2031,POL,1.525e+06,2.27e+06,4.834e+04,2.896e+04,1.833,76.97,81.84,4127,234,1.071e+04,1.889e+04,0.7358,1.064e+04
2031,WOL,2.08e+06,3.152e+06,6.419e+04,4.213e+04,1.787,77.22,82.09,5961,374.4,1.304e+04,2.58e+04,0.79,1.194e+04
2031,POZ,7.367e+05,1.616e+06,1.852e+04,3.173e+04,1.485,80.05,84.92,2154,471.6,1.184e+04,9005,1.238,1.08e+04
2031,POM,5.604e+05,1.195e+06,1.437e+04,2.208e+04,1.514,80.03,84.9,1609,350.1,1.033e+04,6785,1.241,9393
2031,SLA,7.029e+05,1.585e+06,1.926e+04,2.77e+04,1.571,81.04,85.92,1831,649.1,1.541e+04,8813,1.467,1.185e+04
2031,KRA,7.652e+05,1.516e+06,1.835e+04,2.98e+04,1.464,78.9,83.78,2595,274,9923,9297,0.9746,1.268e+04
2031,LWO,1.181e+06,2.312e+06,2.901e+04,4.525e+04,1.507,78.88,83.75,3676,440.3,1.534e+04,1.218e+04,1,1.265e+04
2031,STA,5.796e+05,1.02e+06,1.375e+04,2.061e+04,1.537,77.82,82.69,1881,141.3,7072,6162,0.8529,1.007e+04
2031,TAR,5.117e+05,9.03e+05,1.214e+04,1.878e+04,1.534,77.83,82.7,1711,120.6,6511,5876,0.8377,1.008e+04
2031,LT_KAU,8.872e+04,2.132e+05,2326,4268,1.457,79.57,84.44,331.9,51.37,1391,1204,1.125,9860
2031,LT_LAU,1.668e+05,2.591e+05,3315,6201,1.456,78.41,83.28,547.7,44.31,1297,1798,0.9478,8949
2031,LT_ZEM,1.84e+05,2.842e+05,3660,6890,1.506,78.57,83.44,588.7,48.74,1302,1932,0.9491,8955
2031,LT_SUV,1.497e+05,2.209e+05,2765,5588,1.44,78.3,83.18,469.4,37.26,1162,1544,0.9414,1.035e+04
2031,LT_NEA,1.454e+05,2.079e+05,2684,5101,1.43,78.44,83.31,449.9,33.13,995.6,1521,0.915,7299
2031,LT_KLA,5.426e+04,1.19e+05,1281,2407,1.429,80.25,85.12,164.1,36.76,908.7,645,1.274,8428
2032,WAW,2.864e+05,2.608e+06,2.354e+04,3.243e+04,1.466,81.62,86.46,2152,1240,2.457e+04,1.188e+04,1.576,1.5e+04
2032,WAR,8.989e+05,1.682e+06,2.091e+04,3.425e+04,1.477,78.63,83.47,3018,283.4,1.014e+04,1.119e+04,0.9382,1.391e+04
2032,LOD,9.567e+05,2.26e+06,2.687e+04,4.122e+04,1.546,79.86,84.7,3136,564.1,1.6e+04,1.265e+04,1.142,1.311e+04
2032,KIE,1.238e+06,2.334e+06,3.036e+04,4.602e+04,1.571,78.92,83.76,4007,430.6,1.346e+04,1.448e+04,0.9818,1.474e+04
2032,LUB,1.489e+06,2.53e+06,3.942e+04,4.209e+04,1.637,78.36,83.19,4959,378.6,1.412e+04,1.893e+04,0.8842,1.362e+04
2032,BIA,7.806e+05,1.446e+06,1.971e+04,2.673e+04,1.552,78.29,83.13,2469,221.3,9218,9798,0.8943,1.16e+04
2032,WIL,5.062e+05,9.42e+05,1.236e+04,1.802e+04,1.501,78.25,83.08,1585,137.2,5472,6392,0.8723,7472
2032,NOW,8.304e+05,1.228e+06,2.234e+04,1.936e+04,1.673,77.56,82.4,2361,148.1,6676,1.005e+04,0.7939,1.038e+04
2032,POL,1.517e+06,2.285e+06,4.81e+04,2.909e+04,1.825,77.29,82.13,4122,237.3,1.07e+04,1.889e+04,0.7365,1.082e+04
2032,WOL,2.066e+06,3.168e+06,6.372e+04,4.237e+04,1.781,77.51,82.35,5928,379,1.302e+04,2.569e+04,0.7906,1.196e+04
2032,POZ,7.304e+05,1.611e+06,1.856e+04,3.162e+04,1.498,80.28,85.12,2136,472.1,1.174e+04,8948,1.238,1.081e+04
2032,POM,5.562e+05,1.193e+06,1.411e+04,2.229e+04,1.495,80.14,84.97,1598,351,1.026e+04,6748,1.24,9392
2032,SLA,6.987e+05,1.586e+06,1.919e+04,2.785e+04,1.571,81.22,86.05,1822,651.7,1.532e+04,8787,1.465,1.186e+04
2032,KRA,7.568e+05,1.511e+06,1.818e+04,3.008e+04,1.462,79.01,83.85,2566,274.8,9850,9218,0.9749,1.268e+04
2032,LWO,1.169e+06,2.307e+06,2.861e+04,4.543e+04,1.497,79.05,83.89,3642,441.5,1.523e+04,1.21e+04,1,1.265e+04
2032,STA,5.734e+05,1.019e+06,1.371e+04,2.062e+04,1.543,78.06,82.89,1863,141.9,7025,6125,0.8531,1.007e+04
2032,TAR,5.058e+05,9.009e+05,1.182e+04,1.891e+04,1.508,77.95,82.79,1692,121.1,6465,5830,0.8379,1.008e+04
2032,LT_KAU,8.787e+04,2.12e+05,2278,4274,1.439,79.73,84.57,328.6,51.29,1375,1193,1.124,9854
2032,LT_LAU,1.641e+05,2.578e+05,3223,6173,1.434,78.64,83.48,540.2,44.29,1282,1778,0.9474,8943
2032,LT_ZEM,1.81e+05,2.829e+05,3608,6849,1.508,78.82,83.65,580.2,48.72,1287,1910,0.9487,8948
2032,LT_SUV,1.473e+05,2.197e+05,2691,5581,1.419,78.47,83.31,462.7,37.24,1149,1526,0.9411,1.034e+04
2032,LT_NEA,1.43e+05,2.069e+05,2667,5092,1.439,78.64,83.48,443.9,33.12,983.8,1504,0.9145,7297
2032,LT_KLA,5.378e+04,1.185e+05,1277,2419,1.438,80.38,85.22,162.6,36.68,898.2,639.9,1.272,8426
