year,Warszawa,Płock,Włocławek,Siedlce,Mława,Ciechanów,Łowicz,Skierniewice,Mińsk Mazowiecki,Sierpc,Kutno,Pułtusk,Otwock,Nasielsk,Tłuszcz,Przasnysz,Grójec,Łódź,Pabianice,Zgierz,Tomaszów Mazowiecki,Piotrków,Kalisz,Sieradz,Zduńska Wola,Radomsko,Wieluń,Konin,Koło,Łęczyca,Koluszki,Opoczno,Kielce,Radom,Częstochowa,Sosnowiec,Dąbrowa Górnicza,Będzin,Zawiercie,Ostrowiec,Skarżysko-Kamienna,Sandomierz,Końskie,Miechów,Jędrzejów,Starachowice,Lublin,Chełm,Zamość,Biała Podlaska,Dęblin,Puławy,Krasnystaw,Hrubieszów,Łuków,Kraśnik,Garwolin,Tomaszów Lubelski,Włodawa,Białystok,Grodno,Łomża,Suwałki,Augustów,Wołkowysk,Bielsk Podlaski,Ostrołęka,Łapy,Grajewo,Ostrów Mazowiecka,Czeremcha,Sokółka,Wilno,Mołodeczno,Oszmiana,Święciany,Głębokie,Postawy,Brasław,Dzisna,Wilejka,Troki,Landwarów,Nowogródek,Baranowicze,Lida,Słonim,Nieśwież,Stołpce,Mosty,Brześć,Pińsk,Kobryń,Łuniniec,Kamień Koszyrski,Prużana,Dawidgródek,Stolin,Drohiczyn Poleski,Łuck,Równe,Kowel,Włodzimierz Wołyński,Dubno,Krzemieniec,Sarny,Zdołbunów,Ostróg,Kostopol,Horochów,Luboml,Poznań,Bydgoszcz,Inowrocław,Gniezno,Leszno,Ostrów Wielkopolski,Krotoszyn,Rawicz,Zbąszyń,Nakło,Września,Kępno,Szamotuły,Wągrowiec,Jarocin,Chodzież,Toruń,Grudziądz,Gdynia,Tczew,Chojnice,Starogard,Kościerzyna,Kartuzy,Wejherowo,Chełmno,Brodnica,Działdowo,Puck,Laskowice,Katowice,Chorzów,Rybnik,Cieszyn,Bielsko,Tarnowskie Góry,Mysłowice,Pszczyna,Lubliniec,Żywiec,Kraków,Tarnów,Nowy Sącz,Wadowice,Oświęcim,Chrzanów,Nowy Targ,Zakopane,Dębica,Gorlice,Bochnia,Mielec,Pilzno,Lwów,Przemyśl,Rzeszów,Jarosław,Drohobycz,Borysław,Sambor,Sanok,Krosno,Jasło,Rawa Ruska,Żółkiew,Sokal,Gródek Jagielloński,Tarnobrzeg,Rozwadów,Łańcut,Nisko,Stanisławów,Kołomyja,Stryj,Kałusz,Halicz,Nadwórna,Śniatyn,Skole,Dolina,Horodenka,Rohatyn,Worochta,Tarnopol,Brody,Złoczów,Czortków,Brzeżany,Buczacz,Zbaraż,Podwołoczyska,Trembowla,Zaleszczyki,Husiatyn,Kaunas,Kaišiadorys,Jonava,Kėdainiai,Panevėžys,Ukmergė,Raseiniai,Radviliškis,Šiauliai,Telšiai,Kretinga,Mažeikiai,Tauragė,Joniškis,Marijampolė,Vilkaviškis,Kybartai,Alytus,Šakiai,Lazdijai,Utena,Rokiškis,Biržai,Zarasai,Klaipėda,Šilutė,Pagėgiai,Gdańsk (Free City),Berlin via Frankfurt/O.,Breslau,Gleiwitz-Beuthen,Königsberg,Riga via Daugavpils,Mińsk,Kyiv via Shepetivka,Proskurov,Chernivtsi,Žilina,Ostrava,Mukachevo,Tilsit,Insterburg,Liepāja,Jelgava-Riga,Stettin,Witebsk,Połock,Orsza,Lepel,Horki,Dryssa,Borysów,Słuck,Mohylew,Bobrujsk,Klimowicze,Krzyczew,Mścisław,Szkłów,Bychów,Rohaczów,Osipowicze,Homel,Rzeczyca,Mozyrz,Kalinkowicze,Żłobin,Żytkowicze,Smolensk,Nevel-Velikiye Luki,Unecha-Bryansk,Bakhmach-Chernihiv,Kyiv via Ovruch,Dyneburg,Rzeżyca,Lucyn,Krasław,Prele,Mariampol (Viļaka),Newel,Siebież,Wieliż,Chisławicze,Riga via Krustpils,Pskov via Ostrov,Velikiye Luki,Wrocław,Wałbrzych,Świdnica,Brzeg,Kłodzko,Dzierżoniów,Oleśnica,Oława,Ząbkowice Śląskie,Namysłów,Wołów,Nowa Ruda,Gliwice,Zabrze,Bytom,Opole,Racibórz,Nysa,Kędzierzyn-Koźle,Strzelce Opolskie,Kluczbork,Głubczyce,Prudnik,Olesno,Grodków,Legnica,Jelenia Góra,Głogów,Zielona Góra,Bolesławiec,Żagań,Lubań,Kamienna Góra,Jawor,Nowa Sól,Lubin,Gorzów Wielkopolski,Kostrzyn,Żary,Świebodzin,Sulechów,Krosno Odrzańskie,Choszczno,Myślibórz,Piła,Wałcz,Złotów,Międzyrzecz,Krzyż,Wschowa,Człuchów,Słupsk,Koszalin,Kołobrzeg,Szczecinek,Lębork,Białogard,Sławno,Bytów,Świdwin,Drawsko Pomorskie,Szczecin,Stargard,Świnoujście,Pyrzyce,Goleniów,Nowogard,Gryfice,Łobez,Olsztyn,Braniewo,Lidzbark Warmiński,Reszel,Ełk,Giżycko,Ostróda,Szczytno,Mrągowo,Pisz,Nidzica,Olecko,Węgorzewo,Gołdap,Elbląg,Kętrzyn,Bartoszyce,Morąg,Pasłęk,Malbork,Kwidzyn,Iława,Sztum,Gdańsk,Sopot,Nowy Dwór Gdański,Karwina,Bogumin,Czeski Cieszyn,Trzyniec,Jabłonków,Frydek,Trzciana,Namiestów,Spiska Stara Wieś,Görlitz-Dresden,Cottbus-Berlin,Angermünde-Berlin,Pasewalk-Stralsund,Opava
1933,1171.90,33.00,56.00,15.65,19.61,13.96,17.60,20.00,6.61,9.00,24.00,16.00,16.01,6.00,4.00,10.00,8.99,604.94,45.00,26.06,25.70,34.51,55.00,12.05,23.95,22.00,14.00,12.00,12.00,12.00,5.00,6.11,59.00,78.00,117.00,108.87,18.93,48.13,32.00,5.59,3.66,11.00,11.00,9.00,12.00,3.22,112.00,22.48,25.00,17.00,5.99,11.00,10.00,12.00,15.00,8.00,8.01,7.26,9.00,91.00,50.00,25.00,22.00,12.00,15.00,7.00,14.87,8.00,9.00,18.00,2.00,8.00,194.96,8.00,7.00,7.00,7.97,0.00,0.00,5.94,5.54,3.02,5.02,7.60,23.00,20.00,14.49,8.00,5.00,3.80,49.00,32.00,8.98,8.90,0.00,8.00,11.00,5.00,0.00,36.00,41.00,28.00,25.00,15.00,19.94,10.00,10.06,12.94,8.00,6.00,4.18,247.00,117.00,38.00,32.00,18.00,21.62,14.00,12.00,5.00,10.00,10.63,7.00,9.00,9.00,10.00,11.00,54.00,51.00,28.03,24.00,15.00,16.00,7.70,5.45,8.76,12.00,10.00,7.00,2.96,3.00,127.00,12.53,20.00,16.00,16.69,2.33,3.08,8.00,7.00,7.97,219.00,45.00,34.00,9.00,12.00,18.00,10.38,16.00,12.00,6.00,13.00,9.64,4.00,312.00,49.05,27.00,22.00,31.52,39.16,21.00,14.00,8.75,7.38,11.00,10.00,12.00,13.00,4.89,5.11,8.00,5.00,59.99,33.00,30.89,12.03,5.01,9.00,11.00,6.01,9.00,11.00,9.00,4.00,36.00,11.00,13.00,18.65,11.00,10.00,7.81,6.00,9.00,7.00,5.00,105.72,3.68,4.58,8.00,21.12,12.00,6.00,5.53,21.25,5.87,5.00,4.89,7.86,3.66,12.00,8.00,6.00,6.00,4.00,3.00,3.91,3.51,3.24,3.45,36.38,5.74,2.87,256.00,1500.00,620.00,300.00,370.00,400.00,240.00,500.00,100.00,110.00,100.00,200.00,60.00,60.00,50.00,60.00,400.00,270.00,0.00,0.00,0.00,0.00,0.00,0.00,0.00,0.00,0.00,0.00,0.00,0.00,0.00,0.00,0.00,0.00,0.00,0.00,0.00,0.00,0.00,0.00,0.00,0.00,0.00,0.00,0.00,0.00,0.00,0.00,0.00,0.00,0.00,0.00,0.00,0.00,0.00,0.00,0.00,0.00,0.00,0.00,0.00,0.00,0.00,0.00,0.00,0.00,0.00,0.00,0.00,0.00,0.00,0.00,0.00,0.00,0.00,0.00,0.00,0.00,0.00,0.00,0.00,0.00,0.00,0.00,0.00,0.00,0.00,0.00,0.00,0.00,0.00,0.00,0.00,0.00,0.00,0.00,0.00,0.00,0.00,0.00,0.00,0.00,0.00,0.00,0.00,0.00,0.00,0.00,0.00,0.00,0.00,0.00,0.00,0.00,0.00,0.00,0.00,0.00,0.00,0.00,0.00,0.00,0.00,0.00,0.00,0.00,0.00,0.00,0.00,0.00,0.00,0.00,0.00,0.00,0.00,0.00,0.00,0.00,0.00,0.00,0.00,0.00,0.00,0.00,0.00,0.00,0.00,0.00,0.00,0.00,0.00,0.00,0.00,0.00,0.00,0.00,0.00,0.00,0.00,0.00,0.00,0.00,0.00,0.00,0.00,0.00,0.00,0.00
1934,1187.01,33.67,57.06,16.18,20.15,14.40,18.20,20.60,6.75,9.23,24.59,16.34,16.44,6.24,4.13,10.23,9.30,610.47,46.05,26.42,26.36,35.23,56.05,12.32,24.56,22.83,14.36,12.34,12.38,12.37,5.11,6.23,60.42,79.78,119.20,110.86,19.59,48.75,32.84,5.84,3.83,11.27,11.28,9.37,12.47,3.35,114.55,23.30,25.66,17.46,6.23,11.48,10.44,12.46,15.43,8.25,8.35,7.72,9.28,92.75,51.01,25.44,22.38,12.29,15.57,7.20,15.29,8.23,9.18,18.49,2.07,8.23,197.55,8.20,7.09,7.18,8.10,0.15,0.12,6.04,5.80,3.04,5.07,7.91,23.82,20.71,15.03,8.25,5.24,3.94,50.26,32.62,9.37,9.20,0.14,8.17,11.18,5.06,0.14,36.97,42.07,28.91,25.68,15.56,20.60,10.32,10.29,13.31,8.34,6.18,4.46,250.07,118.51,38.71,32.60,18.32,22.15,14.28,12.20,5.15,10.25,10.94,7.21,9.20,9.23,10.28,11.21,55.22,52.03,29.63,24.50,15.39,16.40,7.97,5.70,8.12,12.34,10.37,7.28,2.75,3.10,130.70,13.22,21.13,16.71,17.45,2.46,3.27,8.55,7.48,8.32,222.23,45.91,34.61,9.24,12.23,18.36,10.58,16.33,12.36,6.21,13.41,9.99,4.15,315.84,50.04,27.48,22.53,31.94,39.75,21.43,14.33,8.97,7.52,11.38,10.30,12.36,13.42,4.82,5.43,8.22,5.14,61.02,33.52,31.51,12.38,5.06,9.22,11.20,6.14,9.20,11.26,9.26,4.09,36.60,11.24,13.32,19.01,11.25,10.20,8.03,6.11,9.22,7.16,5.08,108.11,3.76,4.65,8.54,21.99,12.57,6.27,5.76,22.44,6.29,5.37,5.26,8.26,3.83,12.53,8.26,6.24,6.27,4.23,3.11,4.38,4.02,3.74,3.71,37.20,6.08,3.14,256.00,1500.00,620.00,300.00,370.00,400.00,240.00,500.00,100.00,110.00,100.00,200.00,60.00,60.00,50.00,60.00,400.00,270.00,0.00,0.00,0.00,0.00,0.00,0.00,0.00,0.00,0.00,0.00,0.00,0.00,0.00,0.00,0.00,0.00,0.00,0.00,0.00,0.00,0.00,0.00,0.00,0.00,0.00,0.00,0.00,0.00,0.00,0.00,0.00,0.00,0.00,0.00,0.00,0.00,0.00,0.00,0.00,0.00,0.00,0.00,0.00,0.00,0.00,0.00,0.00,0.00,0.00,0.00,0.00,0.00,0.00,0.00,0.00,0.00,0.00,0.00,0.00,0.00,0.00,0.00,0.00,0.00,0.00,0.00,0.00,0.00,0.00,0.00,0.00,0.00,0.00,0.00,0.00,0.00,0.00,0.00,0.00,0.00,0.00,0.00,0.00,0.00,0.00,0.00,0.00,0.00,0.00,0.00,0.00,0.00,0.00,0.00,0.00,0.00,0.00,0.00,0.00,0.00,0.00,0.00,0.00,0.00,0.00,0.00,0.00,0.00,0.00,0.00,0.00,0.00,0.00,0.00,0.00,0.00,0.00,0.00,0.00,0.00,0.00,0.00,0.00,0.00,0.00,0.00,0.00,0.00,0.00,0.00,0.00,0.00,0.00,0.00,0.00,0.00,0.00,0.00,0.00,0.00,0.00,0.00,0.00,0.00,0.00,0.00,0.00,0.00,0.00,0.00
1935,1206.13,34.31,58.08,16.59,20.66,14.83,18.77,21.19,6.99,9.45,25.17,16.67,16.83,6.47,4.25,10.46,9.64,615.68,47.06,26.59,26.93,35.98,57.05,12.60,25.14,23.65,14.71,12.67,12.74,12.74,5.22,6.35,61.79,81.50,121.29,112.64,20.24,49.45,33.65,6.06,4.00,11.52,11.55,9.73,12.93,3.50,116.99,24.09,26.29,17.91,6.46,11.94,10.87,12.90,15.86,8.49,8.68,8.18,9.54,94.43,51.97,25.85,22.74,12.56,16.12,7.42,15.69,8.45,9.35,18.96,2.11,8.45,199.89,8.39,7.18,7.36,8.20,0.31,0.25,6.14,6.05,3.10,5.16,8.24,24.62,21.40,15.56,8.49,5.48,4.07,51.48,33.22,9.75,9.50,0.30,8.34,11.31,5.15,0.29,37.91,43.11,29.80,26.34,16.11,21.24,10.63,10.53,13.66,8.68,6.36,4.74,252.90,119.96,39.43,33.19,18.63,22.68,14.54,12.40,5.30,10.49,11.24,7.42,9.39,9.46,10.56,11.42,56.41,53.03,31.08,24.98,15.77,16.79,8.25,5.95,7.57,12.68,10.74,7.56,2.60,3.21,134.33,13.87,22.25,17.42,18.14,2.63,3.48,9.10,7.96,8.72,225.27,46.79,35.19,9.47,12.45,18.72,10.79,16.62,12.71,6.43,13.81,10.34,4.29,319.42,51.00,27.94,23.03,32.32,40.32,21.84,14.65,9.15,7.70,11.75,10.60,12.70,13.82,4.62,5.87,8.44,5.28,61.93,34.02,32.15,12.72,5.17,9.43,11.39,6.20,9.38,11.51,9.51,4.17,37.18,11.47,13.63,19.35,11.49,10.39,8.25,6.21,9.43,7.31,5.16,110.41,3.85,4.76,9.08,22.85,13.16,6.54,5.99,23.59,6.71,5.74,5.64,8.65,4.05,13.06,8.51,6.49,6.54,4.45,3.22,4.86,4.53,4.25,3.97,38.03,6.43,3.41,256.00,1500.00,620.00,300.00,370.00,400.00,240.00,500.00,100.00,110.00,100.00,200.00,60.00,60.00,50.00,60.00,400.00,270.00,0.00,0.00,0.00,0.00,0.00,0.00,0.00,0.00,0.00,0.00,0.00,0.00,0.00,0.00,0.00,0.00,0.00,0.00,0.00,0.00,0.00,0.00,0.00,0.00,0.00,0.00,0.00,0.00,0.00,0.00,0.00,0.00,0.00,0.00,0.00,0.00,0.00,0.00,0.00,0.00,0.00,0.00,0.00,0.00,0.00,0.00,0.00,0.00,0.00,0.00,0.00,0.00,0.00,0.00,0.00,0.00,0.00,0.00,0.00,0.00,0.00,0.00,0.00,0.00,0.00,0.00,0.00,0.00,0.00,0.00,0.00,0.00,0.00,0.00,0.00,0.00,0.00,0.00,0.00,0.00,0.00,0.00,0.00,0.00,0.00,0.00,0.00,0.00,0.00,0.00,0.00,0.00,0.00,0.00,0.00,0.00,0.00,0.00,0.00,0.00,0.00,0.00,0.00,0.00,0.00,0.00,0.00,0.00,0.00,0.00,0.00,0.00,0.00,0.00,0.00,0.00,0.00,0.00,0.00,0.00,0.00,0.00,0.00,0.00,0.00,0.00,0.00,0.00,0.00,0.00,0.00,0.00,0.00,0.00,0.00,0.00,0.00,0.00,0.00,0.00,0.00,0.00,0.00,0.00,0.00,0.00,0.00,0.00,0.00,0.00
1936,1227.43,34.94,59.08,17.04,21.18,15.26,19.35,21.78,7.19,9.67,25.74,17.00,17.34,6.71,4.37,10.68,9.87,620.89,48.09,26.80,27.62,36.60,58.06,12.94,25.68,24.48,15.07,13.00,13.12,13.12,5.32,6.50,63.18,83.27,123.36,114.34,20.90,50.18,34.47,6.33,4.17,11.78,11.82,10.11,13.41,3.63,119.43,24.90,26.93,18.36,6.68,12.42,11.31,13.36,16.28,8.74,9.04,8.65,9.81,96.12,52.95,26.27,23.10,12.84,16.68,7.63,16.09,8.68,9.52,19.45,2.15,8.67,202.43,8.59,7.26,7.55,8.32,0.47,0.39,6.23,6.31,3.09,5.17,8.56,25.43,22.10,16.09,8.74,5.73,4.20,52.76,33.86,10.15,9.81,0.48,8.52,11.43,5.27,0.46,38.87,44.17,30.71,27.01,16.67,21.90,10.95,10.81,13.98,9.03,6.54,5.04,255.69,121.40,40.15,33.78,18.94,23.21,14.81,12.60,5.45,10.75,11.55,7.63,9.58,9.70,10.84,11.63,57.60,54.03,32.39,25.48,16.16,17.19,8.53,6.21,7.15,13.03,11.12,7.85,2.45,3.32,137.98,14.60,23.39,18.13,18.84,2.75,3.66,9.67,8.46,9.15,228.31,47.68,35.77,9.70,12.67,19.07,11.05,16.87,13.06,6.64,14.22,10.69,4.44,322.99,51.96,28.40,23.54,32.79,40.80,22.26,14.97,9.31,7.90,12.12,10.90,13.05,14.23,4.27,6.46,8.65,5.42,62.88,34.51,32.70,13.05,5.25,9.65,11.59,6.36,9.57,11.75,9.77,4.25,37.75,11.70,13.94,19.69,11.74,10.58,8.47,6.32,9.64,7.46,5.24,112.70,3.96,4.89,9.64,23.74,13.76,6.82,6.21,24.73,7.14,6.12,6.03,9.05,4.28,13.59,8.79,6.71,6.81,4.69,3.34,5.34,5.04,4.77,4.21,38.89,6.79,3.70,256.00,1500.00,620.00,300.00,370.00,400.00,240.00,500.00,100.00,110.00,100.00,200.00,60.00,60.00,50.00,60.00,400.00,270.00,0.00,0.00,0.00,0.00,0.00,0.00,0.00,0.00,0.00,0.00,0.00,0.00,0.00,0.00,0.00,0.00,0.00,0.00,0.00,0.00,0.00,0.00,0.00,0.00,0.00,0.00,0.00,0.00,0.00,0.00,0.00,0.00,0.00,0.00,0.00,0.00,0.00,0.00,0.00,0.00,0.00,0.00,0.00,0.00,0.00,0.00,0.00,0.00,0.00,0.00,0.00,0.00,0.00,0.00,0.00,0.00,0.00,0.00,0.00,0.00,0.00,0.00,0.00,0.00,0.00,0.00,0.00,0.00,0.00,0.00,0.00,0.00,0.00,0.00,0.00,0.00,0.00,0.00,0.00,0.00,0.00,0.00,0.00,0.00,0.00,0.00,0.00,0.00,0.00,0.00,0.00,0.00,0.00,0.00,0.00,0.00,0.00,0.00,0.00,0.00,0.00,0.00,0.00,0.00,0.00,0.00,0.00,0.00,0.00,0.00,0.00,0.00,0.00,0.00,0.00,0.00,0.00,0.00,0.00,0.00,0.00,0.00,0.00,0.00,0.00,0.00,0.00,0.00,0.00,0.00,0.00,0.00,0.00,0.00,0.00,0.00,0.00,0.00,0.00,0.00,0.00,0.00,0.00,0.00,0.00,0.00,0.00,0.00,0.00,0.00
1937,1249.25,35.57,60.05,17.46,21.69,15.69,19.92,22.36,7.42,9.89,26.31,17.32,17.78,6.95,4.49,10.90,10.15,625.89,49.10,26.94,28.20,37.33,59.06,13.34,26.14,25.30,15.43,13.34,13.49,13.50,5.43,6.64,64.64,85.09,125.42,115.85,21.56,51.10,35.28,6.58,4.35,12.03,12.10,10.51,13.92,3.78,121.82,25.71,27.55,18.81,6.98,12.89,11.75,13.81,16.70,8.98,9.31,9.12,10.08,97.86,53.94,26.69,23.48,13.12,17.25,7.85,16.51,8.91,9.69,19.94,2.20,8.90,205.28,8.81,7.36,7.75,8.47,0.65,0.54,6.33,6.58,3.12,5.25,8.90,26.27,22.81,16.64,8.99,5.98,4.33,54.20,34.59,10.59,10.16,0.65,8.71,11.63,5.33,0.64,39.92,45.35,31.69,27.73,17.28,22.62,11.29,11.06,14.39,9.41,6.74,5.35,258.32,122.78,40.86,34.35,19.25,23.73,15.08,12.79,5.61,11.00,11.86,7.84,9.77,9.93,11.12,11.83,58.84,55.07,33.56,25.99,16.57,17.61,8.83,6.48,6.84,13.39,11.51,8.15,2.37,3.43,141.60,15.35,24.54,18.86,19.62,2.89,3.84,10.24,8.96,9.51,231.35,48.58,36.36,9.94,12.90,19.42,11.24,17.20,13.42,6.85,14.64,11.05,4.59,326.53,52.93,28.86,24.06,33.21,41.33,22.67,15.29,9.50,8.06,12.49,11.20,13.40,14.65,3.84,7.12,8.87,5.56,63.85,35.03,33.40,13.40,5.34,9.87,11.79,6.38,9.76,12.01,10.03,4.34,38.35,11.93,14.27,20.04,11.98,10.77,8.70,6.43,9.85,7.61,5.33,114.99,4.03,5.00,10.20,24.61,14.35,7.10,6.44,25.85,7.57,6.50,6.41,9.45,4.53,14.13,9.06,6.94,7.08,4.92,3.45,5.82,5.56,5.29,4.45,39.74,7.15,3.98,256.00,1500.00,620.00,300.00,370.00,400.00,240.00,500.00,100.00,110.00,100.00,200.00,60.00,60.00,50.00,60.00,400.00,270.00,0.00,0.00,0.00,0.00,0.00,0.00,0.00,0.00,0.00,0.00,0.00,0.00,0.00,0.00,0.00,0.00,0.00,0.00,0.00,0.00,0.00,0.00,0.00,0.00,0.00,0.00,0.00,0.00,0.00,0.00,0.00,0.00,0.00,0.00,0.00,0.00,0.00,0.00,0.00,0.00,0.00,0.00,0.00,0.00,0.00,0.00,0.00,0.00,0.00,0.00,0.00,0.00,0.00,0.00,0.00,0.00,0.00,0.00,0.00,0.00,0.00,0.00,0.00,0.00,0.00,0.00,0.00,0.00,0.00,0.00,0.00,0.00,0.00,0.00,0.00,0.00,0.00,0.00,0.00,0.00,0.00,0.00,0.00,0.00,0.00,0.00,0.00,0.00,0.00,0.00,0.00,0.00,0.00,0.00,0.00,0.00,0.00,0.00,0.00,0.00,0.00,0.00,0.00,0.00,0.00,0.00,0.00,0.00,0.00,0.00,0.00,0.00,0.00,0.00,0.00,0.00,0.00,0.00,0.00,0.00,0.00,0.00,0.00,0.00,0.00,0.00,0.00,0.00,0.00,0.00,0.00,0.00,0.00,0.00,0.00,0.00,0.00,0.00,0.00,0.00,0.00,0.00,0.00,0.00,0.00,0.00,0.00,0.00,0.00,0.00
1938,1271.04,36.23,61.09,18.00,22.23,16.14,20.53,22.97,7.56,10.12,26.91,17.66,18.26,7.21,4.62,11.13,10.43,631.07,50.15,27.22,28.77,38.07,60.09,13.58,26.79,26.14,15.80,13.68,13.87,13.89,5.54,6.80,66.22,87.05,127.63,117.89,22.25,51.68,36.15,6.87,4.54,12.30,12.41,10.93,14.47,3.92,124.44,26.57,28.23,19.29,7.24,13.40,12.22,14.29,17.15,9.24,9.65,9.61,10.37,99.79,55.03,27.16,23.89,13.43,17.85,8.07,16.94,9.16,9.88,20.47,2.26,9.15,208.60,9.06,7.47,7.97,8.64,0.83,0.68,6.44,6.88,3.17,5.33,9.25,27.18,23.58,17.24,9.26,6.25,4.49,55.82,35.44,11.07,10.54,0.84,8.93,11.81,5.44,0.82,41.10,46.66,32.77,28.53,17.94,23.39,11.67,11.34,14.82,9.82,6.95,5.67,261.13,124.24,41.59,34.95,19.56,24.27,15.35,12.99,5.76,11.25,12.18,8.05,9.96,10.16,11.41,12.05,60.15,56.18,34.65,26.53,17.00,18.05,9.14,6.76,6.63,13.77,11.92,8.46,2.31,3.55,145.14,16.08,25.68,19.59,20.43,3.03,4.03,10.81,9.47,9.85,234.79,49.58,37.01,10.20,13.14,19.80,11.38,17.62,13.80,7.08,15.09,11.42,4.74,330.58,53.99,29.37,24.61,33.67,41.90,23.12,15.64,9.69,8.25,12.89,11.52,13.77,15.09,3.34,7.88,9.11,5.70,64.99,35.61,34.04,13.77,5.40,10.11,12.01,6.53,9.98,12.28,10.30,4.43,39.04,12.19,14.62,20.44,12.26,10.99,8.94,6.55,10.09,7.79,5.42,117.19,4.12,5.08,10.75,25.48,14.93,7.37,6.62,26.99,8.00,6.88,6.80,9.83,4.72,14.74,9.41,7.14,7.39,5.17,3.57,6.30,6.07,5.80,4.68,40.58,7.51,4.27,256.00,1500.00,620.00,300.00,370.00,400.00,240.00,500.00,100.00,110.00,100.00,200.00,60.00,60.00,50.00,60.00,400.00,270.00,0.00,0.00,0.00,0.00,0.00,0.00,0.00,0.00,0.00,0.00,0.00,0.00,0.00,0.00,0.00,0.00,0.00,0.00,0.00,0.00,0.00,0.00,0.00,0.00,0.00,0.00,0.00,0.00,0.00,0.00,0.00,0.00,0.00,0.00,0.00,0.00,0.00,0.00,0.00,0.00,0.00,0.00,0.00,0.00,0.00,0.00,0.00,0.00,0.00,0.00,0.00,0.00,0.00,0.00,0.00,0.00,0.00,0.00,0.00,0.00,0.00,0.00,0.00,0.00,0.00,0.00,0.00,0.00,0.00,0.00,0.00,0.00,0.00,0.00,0.00,0.00,0.00,0.00,0.00,0.00,0.00,0.00,0.00,0.00,0.00,0.00,0.00,0.00,0.00,0.00,0.00,0.00,0.00,0.00,0.00,0.00,0.00,0.00,0.00,0.00,0.00,0.00,0.00,0.00,0.00,0.00,0.00,0.00,0.00,0.00,0.00,0.00,0.00,0.00,0.00,0.00,0.00,0.00,0.00,0.00,0.00,0.00,0.00,0.00,0.00,0.00,0.00,0.00,0.00,0.00,0.00,0.00,0.00,0.00,0.00,0.00,0.00,0.00,0.00,0.00,0.00,0.00,0.00,0.00,0.00,0.00,0.00,0.00,0.00,0.00
1939,1293.15,37.01,62.32,18.51,22.85,16.65,21.21,23.67,7.80,10.38,27.61,18.10,18.80,7.49,4.77,11.39,10.77,637.95,51.32,27.32,29.59,38.67,61.24,13.96,27.41,27.04,16.20,14.05,14.29,14.31,5.66,7.02,68.08,89.35,130.26,120.03,23.02,52.72,37.14,7.18,4.73,12.60,12.76,11.40,15.08,4.10,127.67,27.56,29.02,19.85,7.51,13.98,12.74,14.82,17.68,9.54,10.07,10.15,10.70,102.13,56.32,27.71,24.38,13.78,18.51,8.32,17.42,9.45,10.10,21.07,2.33,9.44,212.77,9.35,7.61,8.24,8.82,1.01,0.84,6.61,7.21,3.27,5.44,9.60,28.25,24.48,17.93,9.57,6.55,4.71,57.78,36.50,11.63,10.98,1.03,9.20,12.01,5.59,1.01,42.51,48.24,34.02,29.45,18.70,24.28,12.10,11.68,15.34,10.28,7.19,6.04,264.58,125.96,42.42,35.64,19.93,24.87,15.66,13.22,5.94,11.54,12.53,8.28,10.18,10.43,11.73,12.29,61.64,57.45,35.72,27.16,17.48,18.55,9.49,7.07,6.54,14.18,12.36,8.80,2.28,3.68,148.66,16.84,26.83,20.32,21.21,3.15,4.22,11.39,9.99,10.23,239.02,50.75,37.78,10.49,13.43,20.25,11.66,17.98,14.22,7.33,15.59,11.83,4.91,336.00,55.30,30.00,25.28,34.26,42.62,23.65,16.06,9.92,8.49,13.34,11.88,14.19,15.59,2.91,8.61,9.38,5.87,66.41,36.33,34.85,14.21,5.49,10.38,12.27,6.66,10.23,12.60,10.62,4.54,39.91,12.48,15.04,20.93,12.58,11.25,9.23,6.70,10.38,7.99,5.53,119.51,4.21,5.14,11.33,26.46,15.55,7.66,6.80,28.17,8.44,7.27,7.19,10.23,4.92,15.40,9.77,7.37,7.73,5.43,3.70,6.77,6.58,6.31,4.90,41.46,7.88,4.56,256.00,1500.00,620.00,300.00,370.00,400.00,240.00,500.00,100.00,110.00,100.00,200.00,60.00,60.00,50.00,60.00,400.00,270.00,0.00,0.00,0.00,0.00,0.00,0.00,0.00,0.00,0.00,0.00,0.00,0.00,0.00,0.00,0.00,0.00,0.00,0.00,0.00,0.00,0.00,0.00,0.00,0.00,0.00,0.00,0.00,0.00,0.00,0.00,0.00,0.00,0.00,0.00,0.00,0.00,0.00,0.00,0.00,0.00,0.00,0.00,0.00,0.00,0.00,0.00,0.00,0.00,0.00,0.00,0.00,0.00,0.00,0.00,0.00,0.00,0.00,0.00,0.00,0.00,0.00,0.00,0.00,0.00,0.00,0.00,0.00,0.00,0.00,0.00,0.00,0.00,0.00,0.00,0.00,0.00,0.00,0.00,0.00,0.00,0.00,0.00,0.00,0.00,0.00,0.00,0.00,0.00,0.00,0.00,0.00,0.00,0.00,0.00,0.00,0.00,0.00,0.00,0.00,0.00,0.00,0.00,0.00,0.00,0.00,0.00,0.00,0.00,0.00,0.00,0.00,0.00,0.00,0.00,0.00,0.00,0.00,0.00,0.00,0.00,0.00,0.00,0.00,0.00,0.00,0.00,0.00,0.00,0.00,0.00,0.00,0.00,0.00,0.00,0.00,0.00,0.00,0.00,0.00,0.00,0.00,0.00,0.00,0.00,0.00,0.00,0.00,0.00,0.00,0.00
1940,1315.34,37.87,63.68,19.07,23.51,17.20,21.94,24.44,8.06,10.67,28.37,18.58,19.28,7.79,4.92,11.67,11.24,645.39,52.56,27.78,30.33,39.45,62.48,14.34,28.07,27.98,16.61,14.44,14.72,14.76,5.79,7.25,70.11,91.86,133.15,122.28,23.85,53.98,38.22,7.52,4.92,12.91,13.14,11.90,15.73,4.30,131.30,28.64,29.90,20.46,7.86,14.60,13.30,15.40,18.27,9.87,10.45,10.71,11.07,104.72,57.73,28.32,24.91,14.16,19.21,8.59,17.93,9.76,10.34,21.71,2.40,9.74,217.58,9.66,7.77,8.52,9.00,1.20,0.99,6.82,7.57,3.35,5.57,10.04,29.42,25.45,18.68,9.91,6.88,4.90,59.98,37.71,12.24,11.48,1.23,9.50,12.13,5.87,1.22,44.08,50.01,35.40,30.47,19.53,25.25,12.58,12.08,15.89,10.79,7.45,6.42,268.42,127.83,43.31,36.38,20.32,25.50,15.98,13.47,6.12,11.84,12.90,8.53,10.42,10.71,12.07,12.55,63.24,58.84,36.71,27.84,17.99,19.08,9.85,7.40,6.56,14.63,12.82,9.14,2.29,3.82,152.21,17.58,27.99,21.05,21.99,3.29,4.42,11.97,10.51,10.62,243.69,52.02,38.61,10.80,13.74,20.74,11.85,18.48,14.68,7.59,16.13,12.26,5.09,342.32,56.77,30.71,26.03,34.95,43.42,24.24,16.52,10.28,8.63,13.83,12.28,14.65,16.15,2.56,9.28,9.68,6.06,67.97,37.15,35.72,14.68,5.63,10.69,12.56,6.83,10.51,12.95,10.96,4.65,40.90,12.80,15.50,21.47,12.94,11.54,9.54,6.87,10.69,8.21,5.66,121.88,4.27,5.28,11.95,27.39,16.20,7.97,7.09,29.35,8.91,7.68,7.60,10.65,5.18,16.11,10.12,7.65,8.09,5.70,3.84,7.24,7.08,6.81,5.12,42.41,8.26,4.86,256.00,1500.00,620.00,300.00,370.00,400.00,240.00,500.00,100.00,110.00,100.00,200.00,60.00,60.00,50.00,60.00,400.00,270.00,0.00,0.00,0.00,0.00,0.00,0.00,0.00,0.00,0.00,0.00,0.00,0.00,0.00,0.00,0.00,0.00,0.00,0.00,0.00,0.00,0.00,0.00,0.00,0.00,0.00,0.00,0.00,0.00,0.00,0.00,0.00,0.00,0.00,0.00,0.00,0.00,0.00,0.00,0.00,0.00,0.00,0.00,0.00,0.00,0.00,0.00,0.00,0.00,0.00,0.00,0.00,0.00,0.00,0.00,0.00,0.00,0.00,0.00,0.00,0.00,0.00,0.00,0.00,0.00,0.00,0.00,0.00,0.00,0.00,0.00,0.00,0.00,0.00,0.00,0.00,0.00,0.00,0.00,0.00,0.00,0.00,0.00,0.00,0.00,0.00,0.00,0.00,0.00,0.00,0.00,0.00,0.00,0.00,0.00,0.00,0.00,0.00,0.00,0.00,0.00,0.00,0.00,0.00,0.00,0.00,0.00,0.00,0.00,0.00,0.00,0.00,0.00,0.00,0.00,0.00,0.00,0.00,0.00,0.00,0.00,0.00,0.00,0.00,0.00,0.00,0.00,0.00,0.00,0.00,0.00,0.00,0.00,0.00,0.00,0.00,0.00,0.00,0.00,0.00,0.00,0.00,0.00,0.00,0.00,0.00,0.00,0.00,0.00,0.00,0.00
1941,1337.64,38.79,65.14,19.67,24.22,17.78,22.72,25.25,8.32,10.97,29.18,19.10,19.90,8.10,5.09,11.96,11.63,653.66,53.87,28.23,31.16,40.22,63.77,14.70,28.80,28.94,17.04,14.85,15.17,15.22,5.93,7.47,72.31,94.58,136.25,125.29,24.72,54.78,39.36,7.86,5.14,13.24,13.55,12.42,16.41,4.49,135.31,29.82,30.90,21.13,8.24,15.27,13.94,16.03,18.90,10.22,10.86,11.34,11.46,107.55,59.26,28.98,25.48,14.56,19.95,8.88,18.46,10.09,10.59,22.40,2.49,10.08,222.92,10.01,7.94,8.84,9.24,1.41,1.16,7.02,7.95,3.46,5.75,10.50,30.70,26.51,19.50,10.28,7.23,5.13,62.42,39.07,12.91,12.01,1.43,9.82,12.29,6.14,1.43,45.80,51.96,36.89,31.57,20.43,26.29,13.09,12.55,16.46,11.33,7.73,6.84,272.61,129.86,44.25,37.17,20.74,26.17,16.33,13.73,6.31,12.16,13.29,8.78,10.67,11.01,12.42,12.83,64.96,60.36,37.81,28.57,18.54,19.65,10.24,7.74,6.58,15.11,13.31,9.51,2.29,3.97,155.89,18.37,29.17,21.81,22.81,3.45,4.60,12.56,11.04,11.01,248.79,53.38,39.50,11.12,14.08,21.26,12.14,18.92,15.15,7.86,16.69,12.70,5.28,349.62,58.41,31.50,26.85,35.69,44.36,24.89,17.03,10.57,8.89,14.37,12.73,15.14,16.76,2.31,9.87,10.01,6.25,69.82,38.08,36.64,15.19,5.71,11.03,12.89,7.06,10.81,13.33,11.34,4.79,42.03,13.15,16.02,22.08,13.34,11.85,9.89,7.06,11.04,8.46,5.81,124.40,4.35,5.36,12.61,28.41,16.90,8.29,7.37,30.67,9.40,8.11,8.04,11.08,5.39,16.86,10.52,7.93,8.47,5.99,3.98,7.71,7.57,7.30,5.33,43.43,8.66,5.18,256.00,1500.00,620.00,300.00,370.00,400.00,240.00,500.00,100.00,110.00,100.00,200.00,60.00,60.00,50.00,60.00,400.00,270.00,0.00,0.00,0.00,0.00,0.00,0.00,0.00,0.00,0.00,0.00,0.00,0.00,0.00,0.00,0.00,0.00,0.00,0.00,0.00,0.00,0.00,0.00,0.00,0.00,0.00,0.00,0.00,0.00,0.00,0.00,0.00,0.00,0.00,0.00,0.00,0.00,0.00,0.00,0.00,0.00,0.00,0.00,0.00,0.00,0.00,0.00,0.00,0.00,0.00,0.00,0.00,0.00,0.00,0.00,0.00,0.00,0.00,0.00,0.00,0.00,0.00,0.00,0.00,0.00,0.00,0.00,0.00,0.00,0.00,0.00,0.00,0.00,0.00,0.00,0.00,0.00,0.00,0.00,0.00,0.00,0.00,0.00,0.00,0.00,0.00,0.00,0.00,0.00,0.00,0.00,0.00,0.00,0.00,0.00,0.00,0.00,0.00,0.00,0.00,0.00,0.00,0.00,0.00,0.00,0.00,0.00,0.00,0.00,0.00,0.00,0.00,0.00,0.00,0.00,0.00,0.00,0.00,0.00,0.00,0.00,0.00,0.00,0.00,0.00,0.00,0.00,0.00,0.00,0.00,0.00,0.00,0.00,0.00,0.00,0.00,0.00,0.00,0.00,0.00,0.00,0.00,0.00,0.00,0.00,0.00,0.00,0.00,0.00,0.00,0.00
1942,1360.35,39.63,66.47,20.25,24.88,18.33,23.45,26.01,8.55,11.26,29.94,19.57,20.42,8.40,5.25,12.23,12.05,661.11,55.11,28.51,31.75,41.14,64.98,14.98,29.56,29.86,17.44,15.24,15.61,15.66,6.06,7.66,74.37,97.14,139.13,128.02,25.56,55.56,40.44,8.16,5.36,13.56,13.93,12.93,17.07,4.71,139.16,30.97,31.90,21.77,8.59,15.93,14.57,16.67,19.52,10.56,11.29,11.98,11.85,110.18,60.69,29.59,26.00,14.94,20.66,9.17,18.96,10.41,10.83,23.05,2.55,10.39,227.94,10.34,8.11,9.14,9.41,1.61,1.32,7.26,8.32,3.54,5.90,10.97,31.93,27.52,20.29,10.64,7.57,5.31,64.81,40.38,13.58,12.54,1.64,10.14,12.49,6.36,1.66,47.45,53.83,38.34,32.63,21.30,27.29,13.59,13.04,16.96,11.86,8.00,7.26,276.36,131.71,45.14,37.90,21.13,26.80,16.65,13.97,6.49,12.46,13.67,9.02,10.90,11.29,12.76,13.09,66.59,61.83,38.79,29.27,19.06,20.20,10.62,8.08,6.60,15.59,13.79,9.86,2.32,4.11,159.35,19.11,30.32,22.54,23.61,3.61,4.78,13.14,11.57,11.39,253.33,54.63,40.30,11.43,14.38,21.73,12.37,19.35,15.60,8.12,17.22,13.13,5.48,356.63,59.98,32.27,27.64,36.25,45.45,25.54,17.53,10.87,9.15,14.92,13.18,15.62,17.36,2.11,10.42,10.33,6.45,71.60,38.98,37.49,15.70,5.81,11.36,13.21,7.34,11.12,13.70,11.71,4.91,43.12,13.49,16.52,22.67,13.73,12.17,10.23,7.25,11.38,8.70,5.94,126.82,4.39,5.42,13.23,29.41,17.56,8.60,7.60,31.88,9.87,8.52,8.45,11.50,5.62,17.57,10.88,8.20,8.83,6.26,4.12,8.17,8.06,7.80,5.54,44.38,9.05,5.48,256.00,1500.00,620.00,300.00,370.00,400.00,240.00,500.00,100.00,110.00,100.00,200.00,60.00,60.00,50.00,60.00,400.00,270.00,0.00,0.00,0.00,0.00,0.00,0.00,0.00,0.00,0.00,0.00,0.00,0.00,0.00,0.00,0.00,0.00,0.00,0.00,0.00,0.00,0.00,0.00,0.00,0.00,0.00,0.00,0.00,0.00,0.00,0.00,0.00,0.00,0.00,0.00,0.00,0.00,0.00,0.00,0.00,0.00,0.00,0.00,0.00,0.00,0.00,0.00,0.00,0.00,0.00,0.00,0.00,0.00,0.00,0.00,0.00,0.00,0.00,0.00,0.00,0.00,0.00,0.00,0.00,0.00,0.00,0.00,0.00,0.00,0.00,0.00,0.00,0.00,0.00,0.00,0.00,0.00,0.00,0.00,0.00,0.00,0.00,0.00,0.00,0.00,0.00,0.00,0.00,0.00,0.00,0.00,0.00,0.00,0.00,0.00,0.00,0.00,0.00,0.00,0.00,0.00,0.00,0.00,0.00,0.00,0.00,0.00,0.00,0.00,0.00,0.00,0.00,0.00,0.00,0.00,0.00,0.00,0.00,0.00,0.00,0.00,0.00,0.00,0.00,0.00,0.00,0.00,0.00,0.00,0.00,0.00,0.00,0.00,0.00,0.00,0.00,0.00,0.00,0.00,0.00,0.00,0.00,0.00,0.00,0.00,0.00,0.00,0.00,0.00,0.00,0.00
1943,1382.90,40.35,67.60,20.81,25.46,18.82,24.10,26.68,8.70,11.51,30.59,19.99,20.83,8.68,5.38,12.47,12.48,667.20,56.23,28.63,32.44,41.83,66.05,15.31,30.17,30.72,17.82,15.59,16.02,16.08,6.18,7.84,76.22,99.44,141.63,130.38,26.32,56.17,41.41,8.54,5.52,13.92,14.28,13.40,17.69,4.89,142.58,32.01,32.81,22.35,8.94,16.55,15.17,17.28,20.09,10.87,11.66,12.60,12.20,112.47,61.94,30.11,26.46,15.28,21.31,9.43,19.47,10.69,11.04,23.64,2.61,10.67,232.32,10.64,8.25,9.41,9.58,1.81,1.49,7.45,8.68,3.59,6.06,11.42,33.07,28.46,21.02,10.97,7.89,5.48,66.99,41.59,14.21,13.03,1.85,10.44,12.75,6.53,1.88,48.97,55.54,39.68,33.62,22.11,28.22,14.05,13.36,17.54,12.36,8.25,7.66,279.46,133.31,45.93,38.55,21.48,27.37,16.94,14.19,6.66,12.74,14.01,9.25,11.12,11.54,13.07,13.33,68.08,63.15,39.72,29.90,19.55,20.70,10.98,8.41,6.60,16.03,14.24,10.21,2.31,4.25,162.74,19.83,31.46,23.27,24.37,3.75,5.00,13.72,12.10,11.81,257.16,55.72,40.99,11.70,14.65,22.15,12.61,19.69,16.00,8.35,17.70,13.52,5.67,362.82,61.41,32.95,28.37,36.71,46.47,26.15,18.00,11.17,9.37,15.45,13.61,16.09,17.93,1.96,10.89,10.63,6.63,73.08,39.77,38.31,16.17,5.97,11.65,13.49,7.53,11.39,14.04,12.05,5.03,44.06,13.80,16.97,23.19,14.08,12.44,10.54,7.41,11.69,8.91,6.06,128.90,4.45,5.53,13.82,30.31,18.17,8.89,7.82,32.96,10.31,8.91,8.85,11.88,5.87,18.22,11.19,8.45,9.16,6.52,4.25,8.62,8.55,8.28,5.75,45.23,9.42,5.78,256.00,1500.00,620.00,300.00,370.00,400.00,240.00,500.00,100.00,110.00,100.00,200.00,60.00,60.00,50.00,60.00,400.00,270.00,0.00,0.00,0.00,0.00,0.00,0.00,0.00,0.00,0.00,0.00,0.00,0.00,0.00,0.00,0.00,0.00,0.00,0.00,0.00,0.00,0.00,0.00,0.00,0.00,0.00,0.00,0.00,0.00,0.00,0.00,0.00,0.00,0.00,0.00,0.00,0.00,0.00,0.00,0.00,0.00,0.00,0.00,0.00,0.00,0.00,0.00,0.00,0.00,0.00,0.00,0.00,0.00,0.00,0.00,0.00,0.00,0.00,0.00,0.00,0.00,0.00,0.00,0.00,0.00,0.00,0.00,0.00,0.00,0.00,0.00,0.00,0.00,0.00,0.00,0.00,0.00,0.00,0.00,0.00,0.00,0.00,0.00,0.00,0.00,0.00,0.00,0.00,0.00,0.00,0.00,0.00,0.00,0.00,0.00,0.00,0.00,0.00,0.00,0.00,0.00,0.00,0.00,0.00,0.00,0.00,0.00,0.00,0.00,0.00,0.00,0.00,0.00,0.00,0.00,0.00,0.00,0.00,0.00,0.00,0.00,0.00,0.00,0.00,0.00,0.00,0.00,0.00,0.00,0.00,0.00,0.00,0.00,0.00,0.00,0.00,0.00,0.00,0.00,0.00,0.00,0.00,0.00,0.00,0.00,0.00,0.00,0.00,0.00,0.00,0.00
1944,1405.08,41.15,68.89,21.40,26.10,19.36,24.81,27.42,8.89,11.78,31.32,20.46,21.28,8.97,5.54,12.80,12.96,674.41,57.43,28.76,33.29,42.34,67.22,15.70,30.79,31.63,18.22,15.97,16.45,16.52,6.31,8.14,78.30,102.03,144.47,132.71,27.15,57.27,42.48,8.95,5.69,14.37,14.68,13.90,18.36,5.09,146.51,33.18,33.85,22.99,9.33,17.23,15.84,17.95,20.72,11.22,12.06,13.27,12.59,115.10,63.35,30.70,26.97,15.66,22.02,9.70,20.03,11.01,11.28,24.28,2.68,10.98,237.41,10.99,8.42,9.72,9.77,2.02,1.66,7.68,9.06,3.69,6.23,11.91,34.37,29.51,21.85,11.34,8.26,5.68,69.53,43.02,14.93,13.60,2.07,10.77,13.01,6.78,2.12,50.72,57.52,41.21,34.75,23.02,29.27,14.56,13.70,18.25,12.92,8.53,8.10,283.03,135.09,46.79,39.27,21.86,27.99,17.26,14.43,6.84,13.03,14.38,9.49,11.35,11.82,13.40,13.58,69.70,64.60,40.66,30.59,20.07,21.24,11.36,8.75,6.66,16.51,14.72,10.57,2.34,4.39,166.07,20.65,32.59,23.99,25.12,3.83,5.18,14.29,12.62,12.22,261.59,56.96,41.78,11.99,14.95,22.61,12.84,20.10,16.44,8.61,18.21,13.95,5.88,370.15,63.04,33.74,29.18,37.58,47.29,26.83,18.52,11.54,9.59,16.03,14.08,16.60,18.56,1.88,11.34,10.96,6.83,74.87,40.70,39.25,16.70,6.13,11.99,13.82,7.75,11.70,14.42,12.43,5.16,45.20,14.15,17.50,23.80,14.48,12.76,10.90,7.60,12.04,9.16,6.21,131.12,4.52,5.65,14.46,31.30,18.83,9.20,8.06,34.15,10.79,9.33,9.28,12.30,6.13,18.93,11.55,8.72,9.53,6.79,4.38,9.07,9.03,8.76,5.94,46.17,9.81,6.09,256.00,1500.00,620.00,300.00,370.00,400.00,240.00,500.00,100.00,110.00,100.00,200.00,60.00,60.00,50.00,60.00,400.00,270.00,0.00,0.00,0.00,0.00,0.00,0.00,0.00,0.00,0.00,0.00,0.00,0.00,0.00,0.00,0.00,0.00,0.00,0.00,0.00,0.00,0.00,0.00,0.00,0.00,0.00,0.00,0.00,0.00,0.00,0.00,0.00,0.00,0.00,0.00,0.00,0.00,0.00,0.00,0.00,0.00,0.00,0.00,0.00,0.00,0.00,0.00,0.00,0.00,0.00,0.00,0.00,0.00,0.00,0.00,0.00,0.00,0.00,0.00,0.00,0.00,0.00,0.00,0.00,0.00,0.00,0.00,0.00,0.00,0.00,0.00,0.00,0.00,0.00,0.00,0.00,0.00,0.00,0.00,0.00,0.00,0.00,0.00,0.00,0.00,0.00,0.00,0.00,0.00,0.00,0.00,0.00,0.00,0.00,0.00,0.00,0.00,0.00,0.00,0.00,0.00,0.00,0.00,0.00,0.00,0.00,0.00,0.00,0.00,0.00,0.00,0.00,0.00,0.00,0.00,0.00,0.00,0.00,0.00,0.00,0.00,0.00,0.00,0.00,0.00,0.00,0.00,0.00,0.00,0.00,0.00,0.00,0.00,0.00,0.00,0.00,0.00,0.00,0.00,0.00,0.00,0.00,0.00,0.00,0.00,0.00,0.00,0.00,0.00,0.00,0.00
1945,1428.22,41.95,70.15,22.02,26.74,19.89,25.52,28.16,9.07,12.05,32.05,20.92,21.72,9.27,5.69,13.15,13.43,681.20,58.64,29.16,33.99,43.08,68.38,16.07,31.43,32.53,18.62,16.35,16.88,16.96,6.44,8.37,80.38,104.60,147.29,134.96,27.98,58.42,43.55,9.29,5.95,14.83,15.07,14.41,19.03,5.28,150.43,34.35,34.89,23.64,9.72,17.91,16.51,18.62,21.35,11.57,12.45,13.95,12.98,117.71,64.76,31.29,27.48,16.03,22.73,9.98,20.58,11.33,11.51,24.92,2.76,11.29,242.52,11.33,8.58,10.04,9.97,2.24,1.84,7.91,9.46,3.80,6.39,12.43,35.69,30.58,22.69,11.72,8.62,5.86,72.12,44.48,15.66,14.18,2.29,11.12,13.31,7.01,2.37,52.50,59.53,42.76,35.89,23.95,30.33,15.09,14.15,18.85,13.49,8.82,8.56,286.50,136.85,47.65,39.97,22.23,28.60,17.57,14.67,7.03,13.33,14.75,9.73,11.58,12.10,13.73,13.84,71.32,66.04,41.60,31.27,20.59,21.78,11.74,9.09,6.69,16.99,15.21,10.94,2.36,4.54,169.47,21.37,33.73,24.73,25.92,4.00,5.41,14.88,13.16,12.62,265.90,58.17,42.54,12.28,15.24,23.07,13.00,20.58,16.88,8.86,18.72,14.39,6.09,377.45,64.68,34.52,30.01,38.38,48.19,27.51,19.05,11.84,9.88,16.61,14.56,17.12,19.20,1.84,11.76,11.29,7.03,76.64,41.62,40.13,17.22,6.28,12.33,14.14,8.03,12.01,14.80,12.81,5.29,46.33,14.50,18.02,24.41,14.88,13.08,11.25,7.79,12.40,9.40,6.35,133.31,4.61,5.76,15.10,32.33,19.49,9.52,8.26,35.37,11.27,9.76,9.70,12.71,6.35,19.63,11.87,9.02,9.88,7.06,4.52,9.52,9.51,9.24,6.14,47.11,10.20,6.40,256.00,1500.00,620.00,300.00,370.00,400.00,240.00,500.00,100.00,110.00,100.00,200.00,60.00,60.00,50.00,60.00,400.00,270.00,0.00,0.00,0.00,0.00,0.00,0.00,0.00,0.00,0.00,0.00,0.00,0.00,0.00,0.00,0.00,0.00,0.00,0.00,0.00,0.00,0.00,0.00,0.00,0.00,0.00,0.00,0.00,0.00,0.00,0.00,0.00,0.00,0.00,0.00,0.00,0.00,0.00,0.00,0.00,0.00,0.00,0.00,0.00,0.00,0.00,0.00,0.00,0.00,0.00,0.00,0.00,0.00,0.00,0.00,0.00,0.00,0.00,0.00,0.00,0.00,0.00,0.00,0.00,0.00,0.00,0.00,0.00,0.00,0.00,0.00,0.00,0.00,0.00,0.00,0.00,0.00,0.00,0.00,0.00,0.00,0.00,0.00,0.00,0.00,0.00,0.00,0.00,0.00,0.00,0.00,0.00,0.00,0.00,0.00,0.00,0.00,0.00,0.00,0.00,0.00,0.00,0.00,0.00,0.00,0.00,0.00,0.00,0.00,0.00,0.00,0.00,0.00,0.00,0.00,0.00,0.00,0.00,0.00,0.00,0.00,0.00,0.00,0.00,0.00,0.00,0.00,0.00,0.00,0.00,0.00,0.00,0.00,0.00,0.00,0.00,0.00,0.00,0.00,0.00,0.00,0.00,0.00,0.00,0.00,0.00,0.00,0.00,0.00,0.00,0.00
1946,1452.04,42.74,71.41,22.63,27.38,20.42,26.23,28.90,9.23,12.32,32.77,21.38,22.15,9.56,5.84,13.51,13.92,688.04,59.83,29.40,34.81,43.66,69.54,16.34,32.16,33.44,19.02,16.73,17.31,17.40,6.57,8.61,82.48,107.20,150.12,137.15,28.82,59.64,44.63,9.71,6.14,15.29,15.47,14.93,19.71,5.48,154.39,35.53,35.95,24.29,10.15,18.61,17.19,19.30,21.99,11.92,12.83,14.64,13.38,120.33,66.18,31.88,27.99,16.41,23.45,10.26,21.15,11.64,11.75,25.56,2.82,11.61,247.78,11.69,8.75,10.35,10.16,2.47,2.02,8.16,9.86,3.89,6.51,12.97,37.05,31.68,23.56,12.10,9.00,6.04,74.78,45.99,16.42,14.77,2.53,11.47,13.63,7.22,2.63,54.33,61.61,44.36,37.07,24.91,31.42,15.64,14.62,19.47,14.08,9.12,9.02,289.92,138.59,48.50,40.68,22.61,29.21,17.88,14.90,7.21,13.63,15.12,9.97,11.80,12.37,14.06,14.09,72.94,67.49,42.51,31.95,21.11,22.33,12.13,9.45,6.78,17.47,15.70,11.31,2.38,4.68,172.90,22.18,34.89,25.48,26.78,4.14,5.57,15.47,13.71,12.97,270.15,59.37,43.29,12.57,15.53,23.53,13.20,21.00,17.31,9.11,19.23,14.83,6.30,384.75,66.32,35.31,30.83,38.99,49.28,28.19,19.58,12.15,10.15,17.20,15.05,17.64,19.84,1.85,12.13,11.62,7.24,78.38,42.53,41.02,17.75,6.45,12.67,14.47,8.29,12.32,15.18,13.19,5.43,47.45,14.85,18.55,25.02,15.28,13.39,11.61,7.99,12.75,9.65,6.49,135.55,4.68,5.81,15.75,33.31,20.16,9.83,8.51,36.61,11.76,10.19,10.14,13.13,6.57,20.34,12.18,9.33,10.25,7.34,4.66,9.97,9.99,9.72,6.34,48.06,10.60,6.71,256.00,1500.00,620.00,300.00,370.00,400.00,240.00,500.00,100.00,110.00,100.00,200.00,60.00,60.00,50.00,60.00,400.00,270.00,0.00,0.00,0.00,0.00,0.00,0.00,0.00,0.00,0.00,0.00,0.00,0.00,0.00,0.00,0.00,0.00,0.00,0.00,0.00,0.00,0.00,0.00,0.00,0.00,0.00,0.00,0.00,0.00,0.00,0.00,0.00,0.00,0.00,0.00,0.00,0.00,0.00,0.00,0.00,0.00,0.00,0.00,0.00,0.00,0.00,0.00,0.00,0.00,0.00,0.00,0.00,0.00,0.00,0.00,0.00,0.00,0.00,0.00,0.00,0.00,0.00,0.00,0.00,0.00,0.00,0.00,0.00,0.00,0.00,0.00,0.00,0.00,0.00,0.00,0.00,0.00,0.00,0.00,0.00,0.00,0.00,0.00,0.00,0.00,0.00,0.00,0.00,0.00,0.00,0.00,0.00,0.00,0.00,0.00,0.00,0.00,0.00,0.00,0.00,0.00,0.00,0.00,0.00,0.00,0.00,0.00,0.00,0.00,0.00,0.00,0.00,0.00,0.00,0.00,0.00,0.00,0.00,0.00,0.00,0.00,0.00,0.00,0.00,0.00,0.00,0.00,0.00,0.00,0.00,0.00,0.00,0.00,0.00,0.00,0.00,0.00,0.00,0.00,0.00,0.00,0.00,0.00,0.00,0.00,0.00,0.00,0.00,0.00,0.00,0.00
1947,1475.55,43.58,72.76,23.31,28.05,20.98,26.97,29.68,9.37,12.61,33.53,21.87,22.59,9.87,5.99,13.88,14.44,695.09,61.09,30.03,35.62,44.31,70.74,16.70,32.84,34.37,19.44,17.13,17.75,17.85,6.70,8.87,84.71,109.95,153.11,139.85,29.70,60.56,45.76,10.15,6.33,15.79,15.90,15.47,20.43,5.68,158.64,36.78,37.07,24.99,10.51,19.34,17.91,20.02,22.66,12.29,13.32,15.37,13.80,123.17,67.70,32.50,28.53,16.80,24.21,10.54,21.73,11.98,12.00,26.24,2.92,11.94,253.44,12.06,8.94,10.69,10.38,2.71,2.21,8.40,10.29,3.97,6.71,13.55,38.53,32.87,24.50,12.52,9.41,6.24,77.67,47.64,17.24,15.42,2.77,11.86,13.98,7.46,2.91,56.33,63.88,46.08,38.34,25.95,32.61,16.22,15.19,20.08,14.72,9.44,9.52,293.58,140.44,49.39,41.42,23.00,29.85,18.21,15.15,7.40,13.94,15.51,10.22,12.04,12.66,14.40,14.36,74.63,69.00,43.43,32.67,21.65,22.89,12.53,9.81,6.87,17.97,16.20,11.69,2.41,4.83,176.35,22.91,36.06,26.24,27.56,4.30,5.82,16.06,14.27,13.43,274.71,60.64,44.08,12.87,15.84,24.01,13.35,21.51,17.77,9.37,19.77,15.28,6.52,392.58,68.07,36.15,31.71,39.88,50.19,28.92,20.14,12.47,10.46,17.82,15.56,18.18,20.52,1.86,12.53,11.98,7.46,80.29,43.51,41.99,18.30,6.60,13.03,14.81,8.54,12.65,15.58,13.60,5.56,48.66,15.22,19.10,25.66,15.70,13.73,11.99,8.19,13.13,9.91,6.64,137.79,4.77,5.93,16.43,34.35,20.86,10.17,8.77,37.93,12.27,10.64,10.60,13.57,6.81,21.09,12.57,9.61,10.63,7.62,4.80,10.41,10.47,10.20,6.53,49.07,11.01,7.03,256.00,1500.00,620.00,300.00,370.00,400.00,240.00,500.00,100.00,110.00,100.00,200.00,60.00,60.00,50.00,60.00,400.00,270.00,0.00,0.00,0.00,0.00,0.00,0.00,0.00,0.00,0.00,0.00,0.00,0.00,0.00,0.00,0.00,0.00,0.00,0.00,0.00,0.00,0.00,0.00,0.00,0.00,0.00,0.00,0.00,0.00,0.00,0.00,0.00,0.00,0.00,0.00,0.00,0.00,0.00,0.00,0.00,0.00,0.00,0.00,0.00,0.00,0.00,0.00,0.00,0.00,0.00,0.00,0.00,0.00,0.00,0.00,0.00,0.00,0.00,0.00,0.00,0.00,0.00,0.00,0.00,0.00,0.00,0.00,0.00,0.00,0.00,0.00,0.00,0.00,0.00,0.00,0.00,0.00,0.00,0.00,0.00,0.00,0.00,0.00,0.00,0.00,0.00,0.00,0.00,0.00,0.00,0.00,0.00,0.00,0.00,0.00,0.00,0.00,0.00,0.00,0.00,0.00,0.00,0.00,0.00,0.00,0.00,0.00,0.00,0.00,0.00,0.00,0.00,0.00,0.00,0.00,0.00,0.00,0.00,0.00,0.00,0.00,0.00,0.00,0.00,0.00,0.00,0.00,0.00,0.00,0.00,0.00,0.00,0.00,0.00,0.00,0.00,0.00,0.00,0.00,0.00,0.00,0.00,0.00,0.00,0.00,0.00,0.00,0.00,0.00,0.00,0.00
1948,1500.18,44.47,74.21,23.89,28.76,21.57,27.76,30.50,9.65,12.91,34.35,22.39,22.39,10.20,6.16,14.27,15.66,703.30,62.41,30.27,36.42,45.08,72.02,17.00,33.65,35.34,19.87,17.54,18.22,18.33,6.85,9.13,87.10,112.89,156.31,142.61,30.62,61.71,46.96,10.64,6.52,16.31,16.36,16.04,21.19,5.89,163.20,38.11,38.26,25.73,10.91,20.11,18.67,20.78,23.39,12.69,13.81,16.13,14.24,126.23,69.33,33.18,29.12,17.23,25.00,10.88,22.36,12.34,12.27,26.97,2.97,12.29,259.64,12.47,9.13,11.06,10.63,2.95,2.41,8.66,10.74,4.07,6.85,14.17,40.13,34.14,25.51,12.97,9.85,6.46,80.81,49.44,18.12,16.11,3.02,12.27,14.30,7.78,3.20,58.49,66.34,47.94,39.71,27.06,33.88,16.85,15.64,20.91,15.40,9.79,10.05,297.53,142.43,50.34,42.20,23.42,30.52,18.55,15.42,7.60,14.26,15.92,10.48,12.29,12.96,14.77,14.65,76.41,70.60,44.45,33.42,22.22,23.49,12.95,10.19,6.95,18.49,16.73,12.09,2.43,4.99,180.00,23.75,37.28,27.03,28.32,4.45,6.03,16.68,14.85,13.95,279.59,62.00,44.93,13.18,16.17,24.52,13.58,21.97,18.24,9.65,20.33,15.76,6.75,400.96,69.92,37.04,32.64,40.79,51.19,29.68,20.73,12.84,10.75,18.48,16.10,18.76,21.23,1.86,12.95,12.35,7.69,82.27,44.56,43.07,18.89,6.82,13.40,15.18,8.75,13.00,16.01,14.02,5.71,49.95,15.61,19.69,26.35,16.15,14.08,12.39,8.41,13.52,10.19,6.80,140.17,4.88,6.03,17.14,35.47,21.59,10.52,9.03,39.29,12.81,11.12,11.08,14.04,7.07,21.87,12.95,9.92,11.03,7.92,4.96,10.86,10.95,10.68,6.72,50.12,11.43,7.37,256.00,1500.00,620.00,300.00,370.00,400.00,240.00,500.00,100.00,110.00,100.00,200.00,60.00,60.00,50.00,60.00,400.00,270.00,0.00,0.00,0.00,0.00,0.00,0.00,0.00,0.00,0.00,0.00,0.00,0.00,0.00,0.00,0.00,0.00,0.00,0.00,0.00,0.00,0.00,0.00,0.00,0.00,0.00,0.00,0.00,0.00,0.00,0.00,0.00,0.00,0.00,0.00,0.00,0.00,0.00,0.00,0.00,0.00,0.00,0.00,0.00,0.00,0.00,0.00,0.00,0.00,0.00,0.00,0.00,0.00,0.00,0.00,0.00,0.00,0.00,0.00,0.00,0.00,0.00,0.00,0.00,0.00,0.00,0.00,0.00,0.00,0.00,0.00,0.00,0.00,0.00,0.00,0.00,0.00,0.00,0.00,0.00,0.00,0.00,0.00,0.00,0.00,0.00,0.00,0.00,0.00,0.00,0.00,0.00,0.00,0.00,0.00,0.00,0.00,0.00,0.00,0.00,0.00,0.00,0.00,0.00,0.00,0.00,0.00,0.00,0.00,0.00,0.00,0.00,0.00,0.00,0.00,0.00,0.00,0.00,0.00,0.00,0.00,0.00,0.00,0.00,0.00,0.00,0.00,0.00,0.00,0.00,0.00,0.00,0.00,0.00,0.00,0.00,0.00,0.00,0.00,0.00,0.00,0.00,0.00,0.00,0.00,0.00,0.00,0.00,0.00,0.00,0.00
1949,1526.00,45.44,75.80,24.60,29.51,22.19,28.60,31.38,9.84,13.23,35.22,22.94,22.26,10.54,6.34,14.68,16.86,711.84,63.79,30.84,37.15,45.97,73.37,17.39,34.41,36.35,20.47,17.97,18.71,18.84,7.00,9.44,89.63,116.00,159.76,146.15,31.60,62.43,48.24,11.10,6.71,16.85,16.85,16.64,22.00,6.15,168.12,39.53,39.55,26.51,11.34,20.94,19.48,21.58,24.15,13.11,14.33,16.94,14.72,129.54,71.09,33.92,29.75,17.69,25.85,11.24,23.02,12.73,12.56,27.75,3.04,12.67,266.24,12.90,9.35,11.44,10.89,3.21,2.61,8.95,11.22,4.21,7.09,14.81,41.86,35.52,26.61,13.45,10.31,6.71,84.20,51.40,19.07,16.86,3.29,12.73,14.76,8.01,3.51,60.85,69.02,49.95,41.19,28.26,35.24,17.53,16.10,21.85,16.13,10.16,10.61,301.86,144.59,51.35,43.05,23.87,31.24,18.92,15.70,7.81,14.61,16.35,10.76,12.57,13.28,15.15,14.95,78.31,72.31,45.48,34.23,22.82,24.12,13.40,10.59,7.05,19.05,17.27,12.51,2.47,5.16,183.91,24.71,38.56,27.86,29.16,4.56,6.22,17.33,15.46,14.48,284.88,63.45,45.84,13.51,16.52,25.07,13.83,22.45,18.74,9.93,20.92,16.26,6.99,409.97,71.88,37.98,33.62,41.54,52.50,30.50,21.35,13.21,11.08,19.17,16.67,19.36,21.99,1.91,13.35,12.74,7.93,84.51,45.68,44.18,19.51,6.94,13.81,15.58,9.03,13.37,16.46,14.47,5.87,51.33,16.02,20.32,27.09,16.63,14.46,12.82,8.64,13.95,10.48,6.97,142.73,4.95,6.14,17.89,36.62,22.37,10.89,9.33,40.69,13.39,11.62,11.58,14.53,7.41,22.70,13.39,10.21,11.45,8.24,5.12,11.34,11.44,11.17,6.92,51.21,11.87,7.71,256.00,1500.00,620.00,300.00,370.00,400.00,240.00,500.00,100.00,110.00,100.00,200.00,60.00,60.00,50.00,60.00,400.00,270.00,0.00,0.00,0.00,0.00,0.00,0.00,0.00,0.00,0.00,0.00,0.00,0.00,0.00,0.00,0.00,0.00,0.00,0.00,0.00,0.00,0.00,0.00,0.00,0.00,0.00,0.00,0.00,0.00,0.00,0.00,0.00,0.00,0.00,0.00,0.00,0.00,0.00,0.00,0.00,0.00,0.00,0.00,0.00,0.00,0.00,0.00,0.00,0.00,0.00,0.00,0.00,0.00,0.00,0.00,0.00,0.00,0.00,0.00,0.00,0.00,0.00,0.00,0.00,0.00,0.00,0.00,0.00,0.00,0.00,0.00,0.00,0.00,0.00,0.00,0.00,0.00,0.00,0.00,0.00,0.00,0.00,0.00,0.00,0.00,0.00,0.00,0.00,0.00,0.00,0.00,0.00,0.00,0.00,0.00,0.00,0.00,0.00,0.00,0.00,0.00,0.00,0.00,0.00,0.00,0.00,0.00,0.00,0.00,0.00,0.00,0.00,0.00,0.00,0.00,0.00,0.00,0.00,0.00,0.00,0.00,0.00,0.00,0.00,0.00,0.00,0.00,0.00,0.00,0.00,0.00,0.00,0.00,0.00,0.00,0.00,0.00,0.00,0.00,0.00,0.00,0.00,0.00,0.00,0.00,0.00,0.00,0.00,0.00,0.00,0.00
1950,1551.84,46.37,77.35,25.27,30.23,22.79,29.41,32.24,10.05,13.54,36.08,23.47,22.08,10.88,6.52,15.07,18.13,720.24,65.17,31.31,37.89,46.85,74.71,17.69,35.26,37.36,21.11,18.40,19.20,19.34,7.15,9.72,92.15,119.09,163.13,148.87,32.57,63.88,49.51,11.56,6.97,17.39,17.34,17.25,22.81,6.35,173.01,40.94,40.85,27.28,11.84,21.77,20.30,22.40,24.91,13.53,14.79,17.76,15.19,132.85,72.85,34.66,30.38,18.14,26.70,11.58,23.68,13.12,12.85,28.54,3.12,13.06,272.81,13.33,9.56,11.83,11.09,3.48,2.82,9.28,11.70,4.31,7.31,15.44,43.58,36.89,27.70,13.93,10.78,6.98,87.60,53.35,20.03,17.61,3.56,13.17,15.10,8.35,3.83,63.22,71.71,51.99,42.69,29.46,36.62,18.22,16.66,22.68,16.87,10.54,11.19,306.02,146.68,52.34,43.87,24.31,31.95,19.29,15.98,8.02,14.95,16.79,11.04,12.83,13.60,15.53,15.25,80.19,73.99,46.55,35.02,23.41,24.74,13.84,10.99,7.10,19.60,17.82,12.92,2.51,5.32,187.75,25.61,39.84,28.69,30.06,4.70,6.45,17.98,16.08,14.93,290.00,64.87,46.72,13.84,16.86,25.61,14.09,22.91,19.24,10.22,21.51,16.75,7.22,418.80,73.81,38.91,34.58,42.31,53.75,31.30,21.97,13.54,11.44,19.86,17.24,19.97,22.75,1.94,13.76,13.13,8.17,86.68,46.79,45.30,20.13,7.10,14.21,15.97,9.28,13.74,16.91,14.91,6.03,52.69,16.44,20.94,27.82,17.10,14.84,13.25,8.87,14.37,10.77,7.14,145.09,5.04,6.29,18.64,37.80,23.14,11.25,9.56,42.13,13.96,12.12,12.09,15.01,7.67,23.52,13.80,10.52,11.86,8.55,5.28,11.83,11.93,11.66,7.11,52.27,12.29,8.04,256.00,1500.00,620.00,300.00,370.00,400.00,240.00,500.00,100.00,110.00,100.00,200.00,60.00,60.00,50.00,60.00,400.00,270.00,0.00,0.00,0.00,0.00,0.00,0.00,0.00,0.00,0.00,0.00,0.00,0.00,0.00,0.00,0.00,0.00,0.00,0.00,0.00,0.00,0.00,0.00,0.00,0.00,0.00,0.00,0.00,0.00,0.00,0.00,0.00,0.00,0.00,0.00,0.00,0.00,0.00,0.00,0.00,0.00,0.00,0.00,0.00,0.00,0.00,0.00,0.00,0.00,0.00,0.00,0.00,0.00,0.00,0.00,0.00,0.00,0.00,0.00,0.00,0.00,0.00,0.00,0.00,0.00,0.00,0.00,0.00,0.00,0.00,0.00,0.00,0.00,0.00,0.00,0.00,0.00,0.00,0.00,0.00,0.00,0.00,0.00,0.00,0.00,0.00,0.00,0.00,0.00,0.00,0.00,0.00,0.00,0.00,0.00,0.00,0.00,0.00,0.00,0.00,0.00,0.00,0.00,0.00,0.00,0.00,0.00,0.00,0.00,0.00,0.00,0.00,0.00,0.00,0.00,0.00,0.00,0.00,0.00,0.00,0.00,0.00,0.00,0.00,0.00,0.00,0.00,0.00,0.00,0.00,0.00,0.00,0.00,0.00,0.00,0.00,0.00,0.00,0.00,0.00,0.00,0.00,0.00,0.00,0.00,0.00,0.00,0.00,0.00,0.00,0.00
1951,1578.52,47.31,78.89,25.98,30.95,23.40,30.23,33.10,10.22,13.85,36.93,24.01,21.85,11.21,6.69,15.47,19.44,728.23,66.54,32.09,38.75,47.55,76.05,18.10,36.00,38.37,21.76,18.83,19.70,19.84,7.30,10.06,94.67,122.21,166.52,151.47,33.56,65.46,50.79,12.02,7.16,17.93,17.83,17.86,23.62,6.62,177.93,42.36,42.15,28.06,12.35,22.60,21.13,23.23,25.67,13.95,15.25,18.59,15.67,136.19,74.66,35.47,31.02,18.61,27.56,11.94,24.35,13.52,13.15,29.35,3.18,13.45,279.50,13.77,9.79,12.23,11.32,3.75,3.04,9.61,12.20,4.42,7.53,16.09,45.34,38.30,28.83,14.43,11.26,7.25,91.10,55.38,21.02,18.39,3.84,13.64,15.51,8.66,4.16,65.66,74.48,54.08,44.23,30.70,38.03,18.92,17.30,23.48,17.63,10.93,11.78,310.11,148.76,53.33,44.69,24.76,32.66,19.65,16.26,8.24,15.30,17.22,11.32,13.10,13.92,15.91,15.55,82.07,75.67,47.53,35.80,24.01,25.36,14.29,11.39,7.24,20.16,18.36,13.33,2.55,5.49,191.62,26.43,41.13,29.54,31.03,4.87,6.75,18.64,16.71,15.35,295.11,66.31,47.61,14.17,17.21,26.15,14.37,23.34,19.73,10.50,22.10,17.24,7.46,427.51,75.73,39.83,35.55,43.28,54.78,32.10,22.59,13.94,11.73,20.56,17.82,20.58,23.50,1.98,14.16,13.52,8.41,88.84,47.89,46.41,20.75,7.26,14.61,16.36,9.55,14.11,17.36,15.36,6.18,54.03,16.85,21.56,28.54,17.57,15.21,13.67,9.10,14.79,11.06,7.31,147.51,5.13,6.44,19.39,39.05,23.91,11.64,9.74,43.57,14.53,12.62,12.60,15.50,7.96,24.34,14.23,10.81,12.28,8.85,5.44,12.32,12.42,12.14,7.31,53.32,12.72,8.38,256.00,1500.00,620.00,300.00,370.00,400.00,240.00,500.00,100.00,110.00,100.00,200.00,60.00,60.00,50.00,60.00,400.00,270.00,0.00,0.00,0.00,0.00,0.00,0.00,0.00,0.00,0.00,0.00,0.00,0.00,0.00,0.00,0.00,0.00,0.00,0.00,0.00,0.00,0.00,0.00,0.00,0.00,0.00,0.00,0.00,0.00,0.00,0.00,0.00,0.00,0.00,0.00,0.00,0.00,0.00,0.00,0.00,0.00,0.00,0.00,0.00,0.00,0.00,0.00,0.00,0.00,0.00,0.00,0.00,0.00,0.00,0.00,0.00,0.00,0.00,0.00,0.00,0.00,0.00,0.00,0.00,0.00,0.00,0.00,0.00,0.00,0.00,0.00,0.00,0.00,0.00,0.00,0.00,0.00,0.00,0.00,0.00,0.00,0.00,0.00,0.00,0.00,0.00,0.00,0.00,0.00,0.00,0.00,0.00,0.00,0.00,0.00,0.00,0.00,0.00,0.00,0.00,0.00,0.00,0.00,0.00,0.00,0.00,0.00,0.00,0.00,0.00,0.00,0.00,0.00,0.00,0.00,0.00,0.00,0.00,0.00,0.00,0.00,0.00,0.00,0.00,0.00,0.00,0.00,0.00,0.00,0.00,0.00,0.00,0.00,0.00,0.00,0.00,0.00,0.00,0.00,0.00,0.00,0.00,0.00,0.00,0.00,0.00,0.00,0.00,0.00,0.00,0.00
1952,1605.89,48.24,80.44,26.65,31.68,24.01,31.05,33.97,10.43,14.16,37.79,24.55,21.53,11.55,6.87,15.88,20.85,736.69,67.94,32.55,39.48,48.42,77.41,18.53,36.74,39.40,22.43,19.27,20.20,20.36,7.45,10.39,97.23,125.36,169.95,154.39,34.55,66.77,52.08,12.49,7.40,18.49,18.33,18.48,24.45,6.86,182.93,43.82,43.48,28.85,12.85,23.45,21.98,24.07,26.44,14.38,15.73,19.44,16.16,139.65,76.55,36.35,31.68,19.10,28.45,12.31,25.04,13.93,13.46,30.18,3.26,13.85,286.51,14.23,10.05,12.65,11.60,4.04,3.27,9.90,12.71,4.54,7.71,16.76,47.17,39.75,30.00,14.94,11.77,7.53,94.75,57.49,22.05,19.20,4.13,14.12,15.85,9.06,4.50,68.19,77.36,56.24,45.82,31.99,39.48,19.65,17.85,24.41,18.42,11.34,12.39,314.23,150.88,54.33,45.52,25.21,33.37,20.02,16.55,8.46,15.65,17.66,11.61,13.38,14.24,16.30,15.85,83.95,77.36,48.57,36.60,24.62,25.99,14.74,11.81,7.31,20.72,18.92,13.76,2.59,5.66,195.48,27.41,42.44,30.39,31.91,5.00,6.95,19.31,17.34,15.86,300.21,67.75,48.50,14.50,17.55,26.70,14.60,23.84,20.23,10.79,22.70,17.74,7.70,436.18,77.65,40.75,36.52,43.89,56.16,32.91,23.22,14.32,12.05,21.27,18.40,21.20,24.27,2.02,14.57,13.91,8.65,90.95,49.00,47.53,21.38,7.49,15.01,16.75,9.82,14.48,17.81,15.82,6.34,55.39,17.27,22.19,29.26,18.05,15.58,14.10,9.33,15.21,11.36,7.48,150.04,5.15,6.52,20.17,40.20,24.71,12.05,10.04,45.06,15.13,13.13,13.12,16.01,8.24,25.17,14.64,11.13,12.70,9.16,5.61,12.81,12.92,12.62,7.50,54.36,13.14,8.71,256.00,1500.00,620.00,300.00,370.00,400.00,240.00,500.00,100.00,110.00,100.00,200.00,60.00,60.00,50.00,60.00,400.00,270.00,0.00,0.00,0.00,0.00,0.00,0.00,0.00,0.00,0.00,0.00,0.00,0.00,0.00,0.00,0.00,0.00,0.00,0.00,0.00,0.00,0.00,0.00,0.00,0.00,0.00,0.00,0.00,0.00,0.00,0.00,0.00,0.00,0.00,0.00,0.00,0.00,0.00,0.00,0.00,0.00,0.00,0.00,0.00,0.00,0.00,0.00,0.00,0.00,0.00,0.00,0.00,0.00,0.00,0.00,0.00,0.00,0.00,0.00,0.00,0.00,0.00,0.00,0.00,0.00,0.00,0.00,0.00,0.00,0.00,0.00,0.00,0.00,0.00,0.00,0.00,0.00,0.00,0.00,0.00,0.00,0.00,0.00,0.00,0.00,0.00,0.00,0.00,0.00,0.00,0.00,0.00,0.00,0.00,0.00,0.00,0.00,0.00,0.00,0.00,0.00,0.00,0.00,0.00,0.00,0.00,0.00,0.00,0.00,0.00,0.00,0.00,0.00,0.00,0.00,0.00,0.00,0.00,0.00,0.00,0.00,0.00,0.00,0.00,0.00,0.00,0.00,0.00,0.00,0.00,0.00,0.00,0.00,0.00,0.00,0.00,0.00,0.00,0.00,0.00,0.00,0.00,0.00,0.00,0.00,0.00,0.00,0.00,0.00,0.00,0.00
1953,1633.96,49.16,81.97,27.40,32.40,24.62,31.86,34.82,10.56,14.47,38.64,25.08,21.26,11.89,7.04,16.28,22.20,744.57,69.32,33.27,40.41,49.09,78.75,18.84,37.59,40.43,23.09,19.71,20.70,20.87,7.60,10.70,99.76,128.48,173.32,157.24,35.54,68.07,53.36,12.95,7.63,19.04,18.82,19.10,25.28,7.11,187.90,45.28,44.81,29.64,13.34,24.31,22.83,24.93,27.22,14.81,16.22,20.30,16.65,143.09,78.42,37.22,32.34,19.58,29.34,12.67,25.73,14.34,13.76,31.01,3.33,14.25,293.55,14.69,10.30,13.06,11.85,4.34,3.50,10.23,13.23,4.62,7.85,17.48,49.04,41.23,31.19,15.46,12.28,7.78,98.49,59.66,23.11,20.03,4.44,14.62,16.16,9.52,4.86,70.77,80.28,58.45,47.44,33.30,40.97,20.39,18.35,25.43,19.23,11.75,13.02,318.21,152.94,55.32,46.34,25.65,34.09,20.38,16.83,8.67,16.00,18.10,11.89,13.64,14.57,16.68,16.16,85.82,79.02,49.54,37.38,25.22,26.60,15.20,12.22,7.41,21.28,19.47,14.18,2.66,5.82,199.30,28.33,43.74,31.24,32.87,5.14,7.20,19.97,17.99,16.31,305.11,69.15,49.36,14.82,17.89,27.23,14.80,24.33,20.72,11.08,23.28,18.24,7.94,444.54,79.52,41.64,37.47,44.54,57.46,33.70,23.83,14.70,12.35,21.97,18.98,21.81,25.03,2.07,14.96,14.29,8.88,93.05,50.10,48.55,22.01,7.70,15.41,17.14,10.17,14.85,18.26,16.27,6.50,56.71,17.68,22.80,29.97,18.51,15.95,14.53,9.56,15.62,11.65,7.64,152.42,5.19,6.62,20.94,41.35,25.49,12.47,10.32,46.57,15.73,13.65,13.65,16.53,8.52,25.98,15.04,11.45,13.11,9.48,5.77,13.31,13.41,13.11,7.70,55.37,13.56,9.05,256.00,1500.00,620.00,300.00,370.00,400.00,240.00,500.00,100.00,110.00,100.00,200.00,60.00,60.00,50.00,60.00,400.00,270.00,0.00,0.00,0.00,0.00,0.00,0.00,0.00,0.00,0.00,0.00,0.00,0.00,0.00,0.00,0.00,0.00,0.00,0.00,0.00,0.00,0.00,0.00,0.00,0.00,0.00,0.00,0.00,0.00,0.00,0.00,0.00,0.00,0.00,0.00,0.00,0.00,0.00,0.00,0.00,0.00,0.00,0.00,0.00,0.00,0.00,0.00,0.00,0.00,0.00,0.00,0.00,0.00,0.00,0.00,0.00,0.00,0.00,0.00,0.00,0.00,0.00,0.00,0.00,0.00,0.00,0.00,0.00,0.00,0.00,0.00,0.00,0.00,0.00,0.00,0.00,0.00,0.00,0.00,0.00,0.00,0.00,0.00,0.00,0.00,0.00,0.00,0.00,0.00,0.00,0.00,0.00,0.00,0.00,0.00,0.00,0.00,0.00,0.00,0.00,0.00,0.00,0.00,0.00,0.00,0.00,0.00,0.00,0.00,0.00,0.00,0.00,0.00,0.00,0.00,0.00,0.00,0.00,0.00,0.00,0.00,0.00,0.00,0.00,0.00,0.00,0.00,0.00,0.00,0.00,0.00,0.00,0.00,0.00,0.00,0.00,0.00,0.00,0.00,0.00,0.00,0.00,0.00,0.00,0.00,0.00,0.00,0.00,0.00,0.00,0.00
1954,1663.09,50.10,83.53,28.08,33.13,25.23,32.69,35.69,10.78,14.78,39.50,25.62,20.83,12.24,7.22,16.69,23.72,752.95,70.72,33.57,41.10,50.03,80.11,19.23,38.37,41.46,23.77,20.15,21.21,21.38,7.75,11.00,102.33,131.65,176.74,160.14,36.55,69.39,54.66,13.45,7.86,19.60,19.32,19.73,26.12,7.34,193.00,46.77,46.18,30.46,13.85,25.18,23.70,25.80,28.01,15.25,16.72,21.19,17.16,146.59,80.34,38.11,33.02,20.08,30.25,13.07,26.43,14.75,14.08,31.86,3.38,14.67,300.68,15.17,10.57,13.49,12.09,4.65,3.75,10.60,13.77,4.80,8.02,18.25,50.97,42.76,32.43,16.00,12.81,8.02,102.40,61.94,24.22,20.90,4.75,15.13,16.44,10.04,5.24,73.46,83.33,60.75,49.13,34.66,42.51,21.17,19.05,26.30,20.07,12.18,13.68,322.10,154.97,56.31,47.15,26.09,34.80,20.74,17.10,8.89,16.35,18.55,12.18,13.91,14.89,17.07,16.46,87.68,80.68,50.47,38.15,25.81,27.22,15.66,12.63,7.56,21.83,20.02,14.61,2.70,5.99,203.15,29.24,45.06,32.11,33.73,5.30,7.47,20.65,18.64,16.88,310.00,70.56,50.21,15.15,18.23,27.76,15.00,24.82,21.22,11.36,23.87,18.74,8.18,453.03,81.42,42.56,38.43,45.28,58.68,34.51,24.45,15.07,12.67,22.69,19.57,22.43,25.80,2.14,15.34,14.68,9.12,95.22,51.22,49.71,22.65,7.89,15.82,17.54,10.42,15.23,18.72,16.73,6.66,58.06,18.10,23.43,30.69,18.98,16.32,14.96,9.79,16.04,11.94,7.81,154.83,5.25,6.74,21.71,42.62,26.27,12.89,10.50,48.09,16.34,14.19,14.19,17.06,8.81,26.80,15.45,11.75,13.52,9.79,5.94,13.81,13.91,13.59,7.90,56.39,13.98,9.39,256.00,1500.00,620.00,300.00,370.00,400.00,240.00,500.00,100.00,110.00,100.00,200.00,60.00,60.00,50.00,60.00,400.00,270.00,0.00,0.00,0.00,0.00,0.00,0.00,0.00,0.00,0.00,0.00,0.00,0.00,0.00,0.00,0.00,0.00,0.00,0.00,0.00,0.00,0.00,0.00,0.00,0.00,0.00,0.00,0.00,0.00,0.00,0.00,0.00,0.00,0.00,0.00,0.00,0.00,0.00,0.00,0.00,0.00,0.00,0.00,0.00,0.00,0.00,0.00,0.00,0.00,0.00,0.00,0.00,0.00,0.00,0.00,0.00,0.00,0.00,0.00,0.00,0.00,0.00,0.00,0.00,0.00,0.00,0.00,0.00,0.00,0.00,0.00,0.00,0.00,0.00,0.00,0.00,0.00,0.00,0.00,0.00,0.00,0.00,0.00,0.00,0.00,0.00,0.00,0.00,0.00,0.00,0.00,0.00,0.00,0.00,0.00,0.00,0.00,0.00,0.00,0.00,0.00,0.00,0.00,0.00,0.00,0.00,0.00,0.00,0.00,0.00,0.00,0.00,0.00,0.00,0.00,0.00,0.00,0.00,0.00,0.00,0.00,0.00,0.00,0.00,0.00,0.00,0.00,0.00,0.00,0.00,0.00,0.00,0.00,0.00,0.00,0.00,0.00,0.00,0.00,0.00,0.00,0.00,0.00,0.00,0.00,0.00,0.00,0.00,0.00,0.00,0.00
1955,1693.32,51.00,84.96,28.71,33.82,25.82,33.46,36.51,11.00,15.08,40.30,26.13,20.45,12.56,7.39,17.08,25.14,760.16,72.06,34.16,41.84,50.77,81.40,19.77,38.95,42.47,24.43,20.58,21.70,21.88,7.90,11.36,104.74,134.64,179.93,163.43,37.51,70.00,55.89,13.92,8.08,20.14,19.79,20.33,26.93,7.56,197.78,48.21,47.48,31.23,14.36,26.02,24.54,26.65,28.76,15.68,17.18,22.05,17.64,149.87,82.15,38.95,33.65,20.55,31.13,13.43,27.10,15.15,14.37,32.67,3.46,15.06,307.54,15.64,10.84,13.92,12.34,4.96,4.00,10.94,14.31,4.95,8.25,19.03,52.83,44.23,33.62,16.53,13.33,8.22,106.20,64.17,25.32,21.75,5.07,15.64,16.79,10.47,5.62,76.06,86.28,62.99,50.77,35.99,44.02,21.92,19.60,27.28,20.89,12.60,14.33,325.54,156.83,57.23,47.91,26.50,35.48,21.09,17.37,9.10,16.69,18.97,12.46,14.17,15.19,17.44,16.74,89.43,82.23,51.36,38.88,26.38,27.81,16.10,13.04,7.66,22.37,20.56,15.03,2.76,6.15,207.01,30.17,46.40,32.98,34.67,5.50,7.71,21.33,19.31,17.37,314.45,71.87,51.01,15.45,18.54,28.25,15.22,25.26,21.69,11.64,24.43,19.22,8.41,460.73,83.19,43.40,39.34,46.05,59.73,35.27,25.03,15.44,12.95,23.38,20.13,23.04,26.54,2.22,15.69,15.05,9.35,97.27,52.25,50.81,23.26,8.01,16.20,17.91,10.64,15.58,19.15,17.17,6.81,59.28,18.50,24.01,31.36,19.42,16.66,15.37,10.01,16.43,12.22,7.96,157.08,5.33,6.87,22.45,43.75,27.03,13.31,10.76,49.59,16.94,14.70,14.72,17.60,9.08,27.55,15.77,12.10,13.91,10.09,6.12,14.31,14.41,14.08,8.12,57.33,14.38,9.72,256.00,1500.00,620.00,300.00,370.00,400.00,240.00,500.00,100.00,110.00,100.00,200.00,60.00,60.00,50.00,60.00,400.00,270.00,0.00,0.00,0.00,0.00,0.00,0.00,0.00,0.00,0.00,0.00,0.00,0.00,0.00,0.00,0.00,0.00,0.00,0.00,0.00,0.00,0.00,0.00,0.00,0.00,0.00,0.00,0.00,0.00,0.00,0.00,0.00,0.00,0.00,0.00,0.00,0.00,0.00,0.00,0.00,0.00,0.00,0.00,0.00,0.00,0.00,0.00,0.00,0.00,0.00,0.00,0.00,0.00,0.00,0.00,0.00,0.00,0.00,0.00,0.00,0.00,0.00,0.00,0.00,0.00,0.00,0.00,0.00,0.00,0.00,0.00,0.00,0.00,0.00,0.00,0.00,0.00,0.00,0.00,0.00,0.00,0.00,0.00,0.00,0.00,0.00,0.00,0.00,0.00,0.00,0.00,0.00,0.00,0.00,0.00,0.00,0.00,0.00,0.00,0.00,0.00,0.00,0.00,0.00,0.00,0.00,0.00,0.00,0.00,0.00,0.00,0.00,0.00,0.00,0.00,0.00,0.00,0.00,0.00,0.00,0.00,0.00,0.00,0.00,0.00,0.00,0.00,0.00,0.00,0.00,0.00,0.00,0.00,0.00,0.00,0.00,0.00,0.00,0.00,0.00,0.00,0.00,0.00,0.00,0.00,0.00,0.00,0.00,0.00,0.00,0.00
1956,1723.28,51.85,86.29,29.36,34.47,26.38,34.20,37.28,11.16,15.36,41.05,26.61,19.88,12.88,7.54,17.46,26.68,766.91,73.33,34.48,42.83,51.24,82.63,20.09,39.71,43.45,25.07,20.99,22.18,22.37,8.03,11.67,107.04,137.48,182.93,166.27,38.44,70.81,57.07,14.46,8.22,20.67,20.24,20.92,27.71,7.77,202.36,49.60,48.74,31.99,14.83,26.84,25.36,27.49,29.49,16.08,17.65,22.90,18.11,153.01,83.89,39.76,34.25,21.00,31.99,13.77,27.75,15.53,14.66,33.45,3.53,15.44,314.22,16.10,11.11,14.34,12.59,5.28,4.26,11.28,14.84,5.09,8.40,19.75,54.68,45.67,34.81,17.04,13.84,8.48,110.00,66.39,26.43,22.61,5.40,16.15,17.08,10.97,6.01,78.63,89.20,65.21,52.40,37.31,45.51,22.67,20.09,28.31,21.71,13.01,14.99,328.59,158.52,58.09,48.61,26.88,36.12,21.41,17.61,9.31,17.01,19.37,12.72,14.40,15.48,17.79,17.01,91.10,83.71,52.13,39.57,26.93,28.37,16.53,13.44,7.82,22.89,21.09,15.44,2.82,6.31,210.80,31.07,47.72,33.85,35.60,5.69,7.98,22.01,19.98,17.88,318.45,73.10,51.74,15.74,18.83,28.71,15.41,25.68,22.13,11.90,24.96,19.68,8.63,467.93,84.87,44.21,40.20,47.02,60.47,35.99,25.59,15.86,13.16,24.06,20.68,23.62,27.25,2.31,16.01,15.41,9.58,99.18,53.24,51.90,23.84,8.15,16.57,18.27,10.80,15.92,19.57,17.59,6.96,60.43,18.88,24.56,31.98,19.84,16.98,15.76,10.21,16.81,12.48,8.11,159.19,5.38,6.99,23.18,44.83,27.76,13.71,11.01,51.01,17.52,15.21,15.24,18.12,9.36,28.27,16.21,12.30,14.28,10.38,6.29,14.81,14.90,14.55,8.36,58.25,14.78,10.05,256.00,1500.00,620.00,300.00,370.00,400.00,240.00,500.00,100.00,110.00,100.00,200.00,60.00,60.00,50.00,60.00,400.00,270.00,0.00,0.00,0.00,0.00,0.00,0.00,0.00,0.00,0.00,0.00,0.00,0.00,0.00,0.00,0.00,0.00,0.00,0.00,0.00,0.00,0.00,0.00,0.00,0.00,0.00,0.00,0.00,0.00,0.00,0.00,0.00,0.00,0.00,0.00,0.00,0.00,0.00,0.00,0.00,0.00,0.00,0.00,0.00,0.00,0.00,0.00,0.00,0.00,0.00,0.00,0.00,0.00,0.00,0.00,0.00,0.00,0.00,0.00,0.00,0.00,0.00,0.00,0.00,0.00,0.00,0.00,0.00,0.00,0.00,0.00,0.00,0.00,0.00,0.00,0.00,0.00,0.00,0.00,0.00,0.00,0.00,0.00,0.00,0.00,0.00,0.00,0.00,0.00,0.00,0.00,0.00,0.00,0.00,0.00,0.00,0.00,0.00,0.00,0.00,0.00,0.00,0.00,0.00,0.00,0.00,0.00,0.00,0.00,0.00,0.00,0.00,0.00,0.00,0.00,0.00,0.00,0.00,0.00,0.00,0.00,0.00,0.00,0.00,0.00,0.00,0.00,0.00,0.00,0.00,0.00,0.00,0.00,0.00,0.00,0.00,0.00,0.00,0.00,0.00,0.00,0.00,0.00,0.00,0.00,0.00,0.00,0.00,0.00,0.00,0.00
1957,1753.68,52.87,87.91,30.09,35.24,27.03,35.06,38.19,11.38,15.69,41.95,27.18,19.38,13.24,7.73,17.89,28.33,775.54,74.78,34.75,43.80,51.90,84.03,20.61,40.40,44.52,25.77,21.45,22.71,22.91,8.19,12.04,109.71,140.77,186.45,169.91,39.48,71.50,58.41,15.02,8.45,21.25,20.76,21.58,28.59,7.98,207.82,51.21,50.21,32.86,15.38,27.78,26.29,28.43,30.35,16.55,18.18,23.86,18.65,156.72,85.92,40.70,34.95,21.52,32.95,14.16,28.48,15.97,14.99,34.34,3.61,15.87,322.12,16.63,11.41,14.82,12.83,5.62,4.53,11.71,15.44,5.20,8.60,20.61,56.85,47.37,36.19,17.65,14.44,8.75,114.44,69.03,27.71,23.60,5.75,16.74,17.53,11.49,6.44,81.67,92.66,67.80,54.29,38.85,47.24,23.54,20.84,29.34,22.66,13.49,15.72,332.31,160.50,59.06,49.42,27.32,36.84,21.77,17.89,9.53,17.36,19.82,13.01,14.67,15.81,18.18,17.31,92.98,85.40,53.02,40.36,27.53,28.99,16.99,13.86,7.99,23.47,21.66,15.89,2.86,6.48,214.69,32.07,49.07,34.74,36.48,5.86,8.21,22.71,20.67,18.47,323.50,74.56,52.63,16.08,19.18,29.27,15.60,26.21,22.65,12.20,25.57,20.20,8.88,476.45,86.82,45.14,41.20,47.83,61.64,36.81,26.23,16.28,13.44,24.80,21.29,24.27,28.06,2.41,16.38,15.81,9.82,101.47,54.42,53.07,24.52,8.36,17.00,18.69,11.12,16.32,20.06,18.08,7.13,61.84,19.32,25.22,32.74,20.33,17.36,16.22,10.45,17.25,12.79,8.28,161.60,5.45,7.14,24.01,45.98,28.61,14.18,11.42,52.57,18.19,15.78,15.83,18.71,9.76,29.11,16.68,12.60,14.70,10.71,6.49,15.31,15.38,15.03,8.59,59.26,15.20,10.40,256.00,1500.00,620.00,300.00,370.00,400.00,240.00,500.00,100.00,110.00,100.00,200.00,60.00,60.00,50.00,60.00,400.00,270.00,0.00,0.00,0.00,0.00,0.00,0.00,0.00,0.00,0.00,0.00,0.00,0.00,0.00,0.00,0.00,0.00,0.00,0.00,0.00,0.00,0.00,0.00,0.00,0.00,0.00,0.00,0.00,0.00,0.00,0.00,0.00,0.00,0.00,0.00,0.00,0.00,0.00,0.00,0.00,0.00,0.00,0.00,0.00,0.00,0.00,0.00,0.00,0.00,0.00,0.00,0.00,0.00,0.00,0.00,0.00,0.00,0.00,0.00,0.00,0.00,0.00,0.00,0.00,0.00,0.00,0.00,0.00,0.00,0.00,0.00,0.00,0.00,0.00,0.00,0.00,0.00,0.00,0.00,0.00,0.00,0.00,0.00,0.00,0.00,0.00,0.00,0.00,0.00,0.00,0.00,0.00,0.00,0.00,0.00,0.00,0.00,0.00,0.00,0.00,0.00,0.00,0.00,0.00,0.00,0.00,0.00,0.00,0.00,0.00,0.00,0.00,0.00,0.00,0.00,0.00,0.00,0.00,0.00,0.00,0.00,0.00,0.00,0.00,0.00,0.00,0.00,0.00,0.00,0.00,0.00,0.00,0.00,0.00,0.00,0.00,0.00,0.00,0.00,0.00,0.00,0.00,0.00,0.00,0.00,0.00,0.00,0.00,0.00,0.00,0.00
1958,1784.49,53.90,89.53,30.83,36.01,27.68,35.92,39.11,11.60,16.03,42.86,27.75,18.79,13.61,7.92,18.32,30.06,783.92,76.24,35.26,44.98,52.25,85.44,21.08,41.16,45.60,26.47,21.92,23.24,23.45,8.35,12.52,112.41,144.10,190.04,172.73,40.56,73.11,59.82,15.58,8.66,21.84,21.29,22.24,29.48,8.21,213.38,52.85,51.71,33.76,15.97,28.74,27.25,29.40,31.22,17.03,18.69,24.84,19.21,160.46,87.97,41.65,35.66,22.05,33.93,14.57,29.22,16.42,15.33,35.24,3.68,16.31,330.14,17.17,11.73,15.30,13.10,5.98,4.81,12.12,16.04,5.31,8.75,21.50,59.08,49.11,37.61,18.27,15.05,9.04,119.06,71.77,29.05,24.64,6.13,17.36,17.96,12.08,6.90,84.79,96.21,70.46,56.23,40.43,49.01,24.44,21.62,30.37,23.64,13.99,16.48,336.10,162.51,60.06,50.24,27.76,37.57,22.14,18.17,9.75,17.72,20.28,13.31,14.95,16.14,18.58,17.62,94.86,87.10,53.89,41.15,28.14,29.63,17.47,14.30,8.20,24.06,22.23,16.34,2.91,6.65,218.67,33.03,50.45,35.65,37.31,6.08,8.45,23.42,21.37,19.15,328.53,76.04,53.52,16.41,19.53,29.82,15.86,26.67,23.17,12.51,26.19,20.72,9.14,484.98,88.81,46.09,42.22,48.62,62.84,37.64,26.88,16.72,13.71,25.57,21.92,24.94,28.87,2.49,16.77,16.22,10.08,103.83,55.62,54.21,25.21,8.50,17.44,19.12,11.47,16.73,20.55,18.57,7.30,63.25,19.77,25.88,33.50,20.83,17.75,16.68,10.69,17.69,13.10,8.46,164.07,5.50,7.24,24.84,47.35,29.46,14.65,11.62,54.21,18.86,16.36,16.42,19.31,10.10,29.96,17.05,12.99,15.13,11.04,6.69,15.81,15.86,15.49,8.83,60.29,15.63,10.75,256.00,1500.00,620.00,300.00,370.00,400.00,240.00,500.00,100.00,110.00,100.00,200.00,60.00,60.00,50.00,60.00,400.00,270.00,0.00,0.00,0.00,0.00,0.00,0.00,0.00,0.00,0.00,0.00,0.00,0.00,0.00,0.00,0.00,0.00,0.00,0.00,0.00,0.00,0.00,0.00,0.00,0.00,0.00,0.00,0.00,0.00,0.00,0.00,0.00,0.00,0.00,0.00,0.00,0.00,0.00,0.00,0.00,0.00,0.00,0.00,0.00,0.00,0.00,0.00,0.00,0.00,0.00,0.00,0.00,0.00,0.00,0.00,0.00,0.00,0.00,0.00,0.00,0.00,0.00,0.00,0.00,0.00,0.00,0.00,0.00,0.00,0.00,0.00,0.00,0.00,0.00,0.00,0.00,0.00,0.00,0.00,0.00,0.00,0.00,0.00,0.00,0.00,0.00,0.00,0.00,0.00,0.00,0.00,0.00,0.00,0.00,0.00,0.00,0.00,0.00,0.00,0.00,0.00,0.00,0.00,0.00,0.00,0.00,0.00,0.00,0.00,0.00,0.00,0.00,0.00,0.00,0.00,0.00,0.00,0.00,0.00,0.00,0.00,0.00,0.00,0.00,0.00,0.00,0.00,0.00,0.00,0.00,0.00,0.00,0.00,0.00,0.00,0.00,0.00,0.00,0.00,0.00,0.00,0.00,0.00,0.00,0.00,0.00,0.00,0.00,0.00,0.00,0.00
1959,1815.14,55.14,91.52,31.81,36.94,28.46,36.95,40.20,11.74,16.43,43.94,28.44,18.47,14.04,8.14,18.82,31.74,794.20,77.90,36.00,46.01,53.14,87.06,21.51,42.12,46.79,27.27,22.43,23.83,24.05,8.53,12.88,115.57,147.99,194.28,176.15,41.78,74.97,61.45,16.20,8.87,22.52,21.90,22.99,30.49,8.52,220.01,54.77,53.45,34.81,16.58,29.83,28.34,30.49,32.24,17.59,19.34,25.94,19.85,164.89,90.36,42.74,36.49,22.65,35.02,15.07,30.05,16.93,15.72,36.27,3.73,16.82,339.49,17.78,12.09,15.85,13.38,6.36,5.11,12.62,16.72,5.47,8.93,22.58,61.73,51.16,39.27,18.99,15.77,9.32,124.49,75.02,30.60,25.84,6.54,18.08,18.43,12.79,7.41,88.49,100.43,73.58,58.51,42.27,51.09,25.48,22.44,31.72,24.77,14.56,17.35,340.82,164.94,61.23,51.22,28.28,38.40,22.56,18.50,10.01,18.13,20.80,13.65,15.26,16.52,19.04,17.97,97.02,89.05,54.98,42.06,28.82,30.35,17.99,14.77,8.32,24.71,22.87,16.83,2.99,6.85,223.32,34.03,52.00,36.67,38.50,6.34,8.80,24.21,22.16,19.66,334.70,77.79,54.59,16.80,19.94,30.47,16.08,27.30,23.78,12.85,26.90,21.32,9.42,495.14,91.16,47.21,43.41,49.71,64.21,38.68,27.62,17.13,14.12,26.43,22.62,25.69,29.79,2.57,17.21,16.70,10.36,106.63,57.04,55.66,26.00,8.71,17.94,19.62,11.77,17.20,21.12,19.14,7.50,64.98,20.30,26.67,34.41,21.42,18.21,17.23,10.99,18.22,13.47,8.67,166.87,5.57,7.39,25.80,48.93,30.45,15.19,11.89,56.03,19.62,17.02,17.09,20.00,10.57,30.96,17.54,13.42,15.63,11.42,6.93,16.35,16.39,16.00,9.09,61.49,16.10,11.14,256.00,1500.00,620.00,300.00,370.00,400.00,240.00,500.00,100.00,110.00,100.00,200.00,60.00,60.00,50.00,60.00,400.00,270.00,0.00,0.00,0.00,0.00,0.00,0.00,0.00,0.00,0.00,0.00,0.00,0.00,0.00,0.00,0.00,0.00,0.00,0.00,0.00,0.00,0.00,0.00,0.00,0.00,0.00,0.00,0.00,0.00,0.00,0.00,0.00,0.00,0.00,0.00,0.00,0.00,0.00,0.00,0.00,0.00,0.00,0.00,0.00,0.00,0.00,0.00,0.00,0.00,0.00,0.00,0.00,0.00,0.00,0.00,0.00,0.00,0.00,0.00,0.00,0.00,0.00,0.00,0.00,0.00,0.00,0.00,0.00,0.00,0.00,0.00,0.00,0.00,0.00,0.00,0.00,0.00,0.00,0.00,0.00,0.00,0.00,0.00,0.00,0.00,0.00,0.00,0.00,0.00,0.00,0.00,0.00,0.00,0.00,0.00,0.00,0.00,0.00,0.00,0.00,0.00,0.00,0.00,0.00,0.00,0.00,0.00,0.00,0.00,0.00,0.00,0.00,0.00,0.00,0.00,0.00,0.00,0.00,0.00,0.00,0.00,0.00,0.00,0.00,0.00,0.00,0.00,0.00,0.00,0.00,0.00,0.00,0.00,0.00,0.00,0.00,0.00,0.00,0.00,0.00,0.00,0.00,0.00,0.00,0.00,0.00,0.00,0.00,0.00,0.00,0.00
1960,1846.97,56.46,93.63,32.79,37.91,29.28,38.02,41.36,11.94,16.85,45.09,29.16,17.89,14.48,8.37,19.35,33.75,805.47,79.65,36.57,47.02,54.10,88.76,22.17,42.92,48.03,28.11,22.97,24.45,24.69,8.73,13.31,118.86,152.04,198.72,179.88,43.06,76.77,63.16,16.83,9.12,23.21,22.54,23.76,31.54,8.84,226.97,56.77,55.27,35.92,17.26,30.98,29.48,31.63,33.31,18.17,19.96,27.08,20.53,169.53,92.87,43.89,37.35,23.29,36.16,15.54,30.92,17.47,16.13,37.35,3.83,17.35,349.14,18.41,12.46,16.42,13.65,6.75,5.42,13.17,17.43,5.66,9.18,23.74,64.55,53.34,41.02,19.76,16.54,9.62,130.29,78.51,32.26,27.12,6.97,18.85,19.04,13.46,7.96,92.46,104.95,76.92,60.93,44.24,53.29,26.59,23.20,33.27,25.98,15.16,18.27,345.78,167.49,62.44,52.24,28.83,39.27,23.01,18.84,10.27,18.55,21.34,14.00,15.59,16.91,19.51,18.34,99.29,91.11,56.12,43.03,29.53,31.11,18.54,15.26,8.48,25.39,23.54,17.34,3.07,7.05,228.20,35.25,53.60,37.73,39.76,6.53,9.06,25.04,22.97,20.17,341.33,79.65,55.72,17.22,20.39,31.17,16.32,27.96,24.41,13.21,27.65,21.95,9.72,505.84,93.64,48.40,44.67,50.61,65.91,39.80,28.41,17.64,14.45,27.33,23.36,26.47,30.75,2.70,17.65,17.20,10.67,109.52,58.56,57.27,26.84,9.00,18.48,20.15,12.02,17.70,21.72,19.74,7.71,66.80,20.85,27.49,35.37,22.04,18.70,17.79,11.30,18.78,13.85,8.89,169.80,5.65,7.54,26.80,50.57,31.47,15.76,12.17,57.96,20.43,17.71,17.80,20.73,11.07,32.01,18.09,13.83,16.16,11.82,7.17,16.94,16.97,16.55,9.38,62.76,16.60,11.54,256.00,1500.00,620.00,300.00,370.00,400.00,240.00,500.00,100.00,110.00,100.00,200.00,60.00,60.00,50.00,60.00,400.00,270.00,0.00,0.00,0.00,0.00,0.00,0.00,0.00,0.00,0.00,0.00,0.00,0.00,0.00,0.00,0.00,0.00,0.00,0.00,0.00,0.00,0.00,0.00,0.00,0.00,0.00,0.00,0.00,0.00,0.00,0.00,0.00,0.00,0.00,0.00,0.00,0.00,0.00,0.00,0.00,0.00,0.00,0.00,0.00,0.00,0.00,0.00,0.00,0.00,0.00,0.00,0.00,0.00,0.00,0.00,0.00,0.00,0.00,0.00,0.00,0.00,0.00,0.00,0.00,0.00,0.00,0.00,0.00,0.00,0.00,0.00,0.00,0.00,0.00,0.00,0.00,0.00,0.00,0.00,0.00,0.00,0.00,0.00,0.00,0.00,0.00,0.00,0.00,0.00,0.00,0.00,0.00,0.00,0.00,0.00,0.00,0.00,0.00,0.00,0.00,0.00,0.00,0.00,0.00,0.00,0.00,0.00,0.00,0.00,0.00,0.00,0.00,0.00,0.00,0.00,0.00,0.00,0.00,0.00,0.00,0.00,0.00,0.00,0.00,0.00,0.00,0.00,0.00,0.00,0.00,0.00,0.00,0.00,0.00,0.00,0.00,0.00,0.00,0.00,0.00,0.00,0.00,0.00,0.00,0.00,0.00,0.00,0.00,0.00,0.00,0.00
1961,1878.37,57.71,95.63,33.76,38.85,30.07,39.05,42.46,12.11,17.25,46.18,29.86,17.48,14.91,8.59,19.90,35.53,815.80,81.34,37.34,48.10,54.92,90.40,22.63,43.87,49.23,28.93,23.49,25.05,25.30,8.91,13.72,122.04,155.94,202.95,183.02,44.30,78.90,64.81,17.58,9.29,23.92,23.15,24.51,32.55,9.09,233.77,58.75,57.06,37.01,17.92,32.11,30.60,32.76,34.36,18.74,20.59,28.21,21.20,174.00,95.28,44.99,38.22,23.93,37.26,16.01,31.76,17.99,16.52,38.40,3.91,17.86,358.26,19.03,12.83,16.97,13.88,7.15,5.73,13.71,18.11,5.85,9.48,24.99,67.34,55.49,42.76,20.52,17.30,9.82,136.04,81.98,33.93,28.40,7.42,19.61,19.61,14.16,8.52,96.39,109.42,80.24,63.31,46.19,55.47,27.69,24.08,34.67,27.18,15.77,19.20,350.47,169.94,63.63,53.22,29.35,40.11,23.43,19.17,10.53,18.96,21.87,14.35,15.91,17.30,19.97,18.70,101.47,93.09,57.10,43.96,30.22,31.84,19.07,15.75,8.70,26.05,24.19,17.84,3.18,7.25,232.89,36.46,55.16,38.81,40.87,6.69,9.32,25.84,23.78,20.80,347.68,81.46,56.82,17.62,20.81,31.85,16.54,28.61,25.04,13.56,28.38,22.57,10.02,516.05,96.05,49.54,45.90,51.70,67.31,40.88,29.16,18.04,14.88,28.20,24.07,27.22,31.69,2.82,18.07,17.68,10.96,112.40,60.00,58.60,27.65,9.17,18.99,20.66,12.46,18.18,22.29,20.31,7.92,68.57,21.39,28.30,36.31,22.64,19.17,18.35,11.60,19.32,14.23,9.10,172.64,5.71,7.67,27.77,52.14,32.47,16.32,12.47,59.77,21.23,18.40,18.49,21.45,11.63,33.03,18.56,14.30,16.67,12.21,7.42,17.55,17.56,17.10,9.68,63.99,17.09,11.94,256.00,1500.00,620.00,300.00,370.00,400.00,240.00,500.00,100.00,110.00,100.00,200.00,60.00,60.00,50.00,60.00,400.00,270.00,0.00,0.00,0.00,0.00,0.00,0.00,0.00,0.00,0.00,0.00,0.00,0.00,0.00,0.00,0.00,0.00,0.00,0.00,0.00,0.00,0.00,0.00,0.00,0.00,0.00,0.00,0.00,0.00,0.00,0.00,0.00,0.00,0.00,0.00,0.00,0.00,0.00,0.00,0.00,0.00,0.00,0.00,0.00,0.00,0.00,0.00,0.00,0.00,0.00,0.00,0.00,0.00,0.00,0.00,0.00,0.00,0.00,0.00,0.00,0.00,0.00,0.00,0.00,0.00,0.00,0.00,0.00,0.00,0.00,0.00,0.00,0.00,0.00,0.00,0.00,0.00,0.00,0.00,0.00,0.00,0.00,0.00,0.00,0.00,0.00,0.00,0.00,0.00,0.00,0.00,0.00,0.00,0.00,0.00,0.00,0.00,0.00,0.00,0.00,0.00,0.00,0.00,0.00,0.00,0.00,0.00,0.00,0.00,0.00,0.00,0.00,0.00,0.00,0.00,0.00,0.00,0.00,0.00,0.00,0.00,0.00,0.00,0.00,0.00,0.00,0.00,0.00,0.00,0.00,0.00,0.00,0.00,0.00,0.00,0.00,0.00,0.00,0.00,0.00,0.00,0.00,0.00,0.00,0.00,0.00,0.00,0.00,0.00,0.00,0.00
1962,1909.35,58.94,97.58,34.67,39.76,30.85,40.06,43.55,12.32,17.64,47.25,30.54,16.84,15.34,8.81,20.45,37.52,826.14,83.02,37.96,48.85,55.85,92.03,23.16,44.75,50.43,29.75,24.01,25.65,25.91,9.10,14.34,125.14,159.75,207.06,186.19,45.52,80.84,66.42,18.32,9.45,24.63,23.76,25.24,33.56,9.35,240.49,60.71,58.83,38.09,18.57,33.23,31.71,33.87,35.40,19.30,21.21,29.33,21.86,178.43,97.66,46.08,39.09,24.57,38.35,16.46,32.58,18.51,16.90,39.43,4.02,18.37,367.38,19.63,13.19,17.52,14.13,7.54,6.04,14.24,18.79,6.01,9.65,26.20,70.17,57.66,44.51,21.29,18.07,10.07,141.88,85.50,35.62,29.71,7.87,20.39,20.03,15.03,9.09,100.40,113.99,83.62,65.73,48.18,57.69,28.81,25.00,36.07,28.41,16.38,20.15,355.01,172.33,64.79,54.20,29.85,40.94,23.85,19.49,10.78,19.37,22.39,14.69,16.22,17.68,20.43,19.05,103.66,95.08,58.09,44.89,30.91,32.58,19.61,16.23,8.91,26.72,24.84,18.34,3.28,7.45,237.54,37.65,56.71,39.89,41.91,6.86,9.63,26.65,24.59,21.50,353.94,83.24,57.90,18.02,21.23,32.52,16.82,29.19,25.66,13.91,29.11,23.19,10.31,526.10,98.43,50.66,47.11,52.64,68.81,41.96,29.91,18.46,15.27,29.07,24.78,27.97,32.61,2.93,18.51,18.17,11.26,115.22,61.45,60.06,28.46,9.40,19.51,21.18,12.78,18.66,22.87,20.89,8.12,70.32,21.93,29.09,37.23,23.24,19.63,18.90,11.90,19.86,14.60,9.32,175.48,5.77,7.79,28.75,53.73,33.47,16.88,12.76,61.73,22.05,19.09,19.20,22.19,12.09,34.09,19.11,14.72,17.20,12.62,7.67,18.17,18.16,17.67,9.99,65.21,17.58,12.34,256.00,1500.00,620.00,300.00,370.00,400.00,240.00,500.00,100.00,110.00,100.00,200.00,60.00,60.00,50.00,60.00,400.00,270.00,0.00,0.00,0.00,0.00,0.00,0.00,0.00,0.00,0.00,0.00,0.00,0.00,0.00,0.00,0.00,0.00,0.00,0.00,0.00,0.00,0.00,0.00,0.00,0.00,0.00,0.00,0.00,0.00,0.00,0.00,0.00,0.00,0.00,0.00,0.00,0.00,0.00,0.00,0.00,0.00,0.00,0.00,0.00,0.00,0.00,0.00,0.00,0.00,0.00,0.00,0.00,0.00,0.00,0.00,0.00,0.00,0.00,0.00,0.00,0.00,0.00,0.00,0.00,0.00,0.00,0.00,0.00,0.00,0.00,0.00,0.00,0.00,0.00,0.00,0.00,0.00,0.00,0.00,0.00,0.00,0.00,0.00,0.00,0.00,0.00,0.00,0.00,0.00,0.00,0.00,0.00,0.00,0.00,0.00,0.00,0.00,0.00,0.00,0.00,0.00,0.00,0.00,0.00,0.00,0.00,0.00,0.00,0.00,0.00,0.00,0.00,0.00,0.00,0.00,0.00,0.00,0.00,0.00,0.00,0.00,0.00,0.00,0.00,0.00,0.00,0.00,0.00,0.00,0.00,0.00,0.00,0.00,0.00,0.00,0.00,0.00,0.00,0.00,0.00,0.00,0.00,0.00,0.00,0.00,0.00,0.00,0.00,0.00,0.00,0.00
1963,1939.97,60.13,99.49,35.54,40.65,31.61,41.05,44.62,12.54,18.03,48.30,31.22,16.30,15.76,9.02,21.00,39.37,836.43,84.66,38.21,50.07,56.44,93.61,23.44,45.84,51.60,30.56,24.52,26.23,26.51,9.28,14.77,128.12,163.41,210.94,189.30,46.69,82.56,67.97,19.08,9.58,25.33,24.34,25.95,34.52,9.62,246.95,62.60,60.54,39.14,19.25,34.32,32.78,34.99,36.41,19.85,21.77,30.43,22.50,182.72,99.96,47.15,39.95,25.20,39.42,16.93,33.39,19.01,17.28,40.44,4.07,18.87,376.09,20.23,13.56,18.05,14.38,7.93,6.35,14.76,19.47,6.27,9.91,27.28,72.95,59.78,46.24,22.04,18.83,10.43,147.67,89.01,37.32,31.00,8.32,21.16,20.55,15.79,9.67,104.42,118.43,87.00,68.15,50.24,59.97,29.90,26.00,37.32,29.62,16.98,21.10,359.26,174.59,65.91,55.12,30.34,41.73,24.26,19.80,11.02,19.76,22.89,15.03,16.52,18.04,20.86,19.39,105.77,96.99,59.02,45.79,31.57,33.29,20.14,16.71,9.12,27.37,25.47,18.83,3.39,7.65,242.02,38.82,58.22,40.95,43.03,7.03,9.89,27.43,25.38,22.10,359.89,84.97,58.93,18.40,21.64,33.15,17.01,29.82,26.27,14.26,29.81,23.83,10.60,535.74,100.76,51.77,48.30,53.56,70.31,43.05,30.64,18.84,15.69,29.92,25.47,28.71,33.52,3.03,18.97,18.65,11.56,117.92,62.84,61.42,29.26,9.66,20.00,21.67,13.13,19.12,23.43,21.45,8.31,72.01,22.45,29.86,38.12,23.81,20.08,19.44,12.18,20.38,14.96,9.52,178.03,5.85,7.97,29.69,55.23,34.44,17.43,13.08,63.73,22.84,19.76,19.89,22.92,12.43,35.12,19.62,15.17,17.72,13.01,7.93,18.81,18.78,18.24,10.31,66.39,18.05,12.74,256.00,1500.00,620.00,300.00,370.00,400.00,240.00,500.00,100.00,110.00,100.00,200.00,60.00,60.00,50.00,60.00,400.00,270.00,0.00,0.00,0.00,0.00,0.00,0.00,0.00,0.00,0.00,0.00,0.00,0.00,0.00,0.00,0.00,0.00,0.00,0.00,0.00,0.00,0.00,0.00,0.00,0.00,0.00,0.00,0.00,0.00,0.00,0.00,0.00,0.00,0.00,0.00,0.00,0.00,0.00,0.00,0.00,0.00,0.00,0.00,0.00,0.00,0.00,0.00,0.00,0.00,0.00,0.00,0.00,0.00,0.00,0.00,0.00,0.00,0.00,0.00,0.00,0.00,0.00,0.00,0.00,0.00,0.00,0.00,0.00,0.00,0.00,0.00,0.00,0.00,0.00,0.00,0.00,0.00,0.00,0.00,0.00,0.00,0.00,0.00,0.00,0.00,0.00,0.00,0.00,0.00,0.00,0.00,0.00,0.00,0.00,0.00,0.00,0.00,0.00,0.00,0.00,0.00,0.00,0.00,0.00,0.00,0.00,0.00,0.00,0.00,0.00,0.00,0.00,0.00,0.00,0.00,0.00,0.00,0.00,0.00,0.00,0.00,0.00,0.00,0.00,0.00,0.00,0.00,0.00,0.00,0.00,0.00,0.00,0.00,0.00,0.00,0.00,0.00,0.00,0.00,0.00,0.00,0.00,0.00,0.00,0.00,0.00,0.00,0.00,0.00,0.00,0.00
1964,1970.24,61.39,101.50,36.45,41.58,32.40,42.09,45.74,12.78,18.43,49.40,31.93,15.56,16.19,9.24,21.57,41.50,847.55,86.36,38.29,51.45,56.87,95.25,24.02,46.67,52.79,31.37,25.04,26.84,27.13,9.46,15.28,131.26,167.27,215.06,193.41,47.90,83.58,69.59,19.83,9.81,26.07,24.95,26.69,35.53,9.84,253.83,64.59,62.35,40.24,19.86,35.47,33.91,36.18,37.48,20.42,22.45,31.57,23.17,187.28,102.39,48.29,40.86,25.86,40.58,17.42,34.22,19.53,17.67,41.49,4.14,19.39,385.36,20.86,13.94,18.61,14.65,8.33,6.67,15.28,20.16,6.43,10.23,28.54,75.91,62.06,48.09,22.84,19.64,10.71,153.83,92.75,39.13,32.38,8.80,21.98,20.99,16.73,10.27,108.74,123.19,90.61,70.74,52.46,62.42,31.05,26.97,38.78,30.90,17.62,22.11,363.80,176.98,67.08,56.10,30.86,42.56,24.70,20.12,11.28,20.17,23.41,15.39,16.83,18.42,21.32,19.74,107.99,99.01,60.12,46.75,32.26,34.04,20.68,17.20,9.27,28.05,26.13,19.34,3.47,7.85,246.65,39.97,59.76,42.03,44.12,7.21,10.20,28.23,26.19,22.75,366.21,86.78,60.02,18.79,22.06,33.83,17.33,30.35,26.92,14.62,30.54,24.49,10.90,545.93,103.21,52.94,49.55,54.57,71.82,44.19,31.40,19.31,16.06,30.79,26.19,29.46,34.46,3.18,19.42,19.16,11.88,120.81,64.34,62.87,30.10,9.93,20.53,22.20,13.51,19.62,24.02,22.04,8.52,73.82,23.00,30.68,39.08,24.42,20.56,20.00,12.49,20.93,15.34,9.74,180.84,5.88,8.03,30.69,56.75,35.47,18.02,13.48,65.74,23.67,20.47,20.61,23.68,12.88,36.23,20.15,15.66,18.27,13.44,8.20,19.52,19.46,18.87,10.66,67.66,18.56,13.15,256.00,1500.00,620.00,300.00,370.00,400.00,240.00,500.00,100.00,110.00,100.00,200.00,60.00,60.00,50.00,60.00,400.00,270.00,0.00,0.00,0.00,0.00,0.00,0.00,0.00,0.00,0.00,0.00,0.00,0.00,0.00,0.00,0.00,0.00,0.00,0.00,0.00,0.00,0.00,0.00,0.00,0.00,0.00,0.00,0.00,0.00,0.00,0.00,0.00,0.00,0.00,0.00,0.00,0.00,0.00,0.00,0.00,0.00,0.00,0.00,0.00,0.00,0.00,0.00,0.00,0.00,0.00,0.00,0.00,0.00,0.00,0.00,0.00,0.00,0.00,0.00,0.00,0.00,0.00,0.00,0.00,0.00,0.00,0.00,0.00,0.00,0.00,0.00,0.00,0.00,0.00,0.00,0.00,0.00,0.00,0.00,0.00,0.00,0.00,0.00,0.00,0.00,0.00,0.00,0.00,0.00,0.00,0.00,0.00,0.00,0.00,0.00,0.00,0.00,0.00,0.00,0.00,0.00,0.00,0.00,0.00,0.00,0.00,0.00,0.00,0.00,0.00,0.00,0.00,0.00,0.00,0.00,0.00,0.00,0.00,0.00,0.00,0.00,0.00,0.00,0.00,0.00,0.00,0.00,0.00,0.00,0.00,0.00,0.00,0.00,0.00,0.00,0.00,0.00,0.00,0.00,0.00,0.00,0.00,0.00,0.00,0.00,0.00,0.00,0.00,0.00,0.00,0.00
1965,2000.49,62.62,103.48,37.40,42.51,33.18,43.10,46.84,12.95,18.82,50.49,32.64,14.93,16.62,9.46,22.12,43.48,857.81,88.05,39.17,52.46,57.72,96.88,24.34,47.76,53.97,32.19,25.56,27.43,27.74,9.65,15.72,134.39,171.11,219.16,197.51,49.11,84.59,71.20,20.63,9.93,26.81,25.56,27.42,36.53,10.11,260.62,66.58,64.14,41.35,20.51,36.60,35.03,37.36,38.53,20.99,23.07,32.70,23.87,191.82,104.81,49.43,41.78,26.52,41.75,17.91,35.05,20.06,18.07,42.54,4.21,19.90,394.55,21.48,14.33,19.17,14.86,8.73,6.99,15.88,20.86,6.61,10.55,29.83,78.92,64.37,49.97,23.66,20.47,10.99,160.13,96.53,40.98,33.76,9.27,22.82,21.40,17.72,10.90,113.08,127.98,94.22,73.32,54.69,64.89,32.20,27.75,40.41,32.18,18.27,23.12,368.32,179.37,68.24,57.06,31.37,43.38,25.13,20.45,11.53,20.57,23.93,15.74,17.14,18.80,21.77,20.09,110.19,101.01,61.20,47.71,32.95,34.80,21.22,17.68,9.43,28.72,26.78,19.84,3.56,8.05,251.30,41.03,61.30,43.11,45.23,7.47,10.54,29.03,27.00,23.39,372.59,88.61,61.12,19.19,22.49,34.50,17.62,30.93,27.57,14.98,31.27,25.17,11.21,555.87,105.63,54.09,50.78,55.82,73.09,45.33,32.16,19.78,16.42,31.65,26.89,30.20,35.39,3.30,19.89,19.66,12.20,123.73,65.83,64.29,30.94,10.16,21.06,22.72,13.93,20.12,24.61,22.63,8.73,75.63,23.56,31.50,40.03,25.03,21.03,20.57,12.80,21.48,15.72,9.96,183.53,5.93,8.12,31.69,58.30,36.55,18.61,13.82,67.71,24.49,21.17,21.32,24.45,13.33,37.32,20.74,16.10,18.82,13.86,8.47,20.25,20.15,19.51,11.03,68.91,19.07,13.57,256.00,1500.00,620.00,300.00,370.00,400.00,240.00,500.00,100.00,110.00,100.00,200.00,60.00,60.00,50.00,60.00,400.00,270.00,0.00,0.00,0.00,0.00,0.00,0.00,0.00,0.00,0.00,0.00,0.00,0.00,0.00,0.00,0.00,0.00,0.00,0.00,0.00,0.00,0.00,0.00,0.00,0.00,0.00,0.00,0.00,0.00,0.00,0.00,0.00,0.00,0.00,0.00,0.00,0.00,0.00,0.00,0.00,0.00,0.00,0.00,0.00,0.00,0.00,0.00,0.00,0.00,0.00,0.00,0.00,0.00,0.00,0.00,0.00,0.00,0.00,0.00,0.00,0.00,0.00,0.00,0.00,0.00,0.00,0.00,0.00,0.00,0.00,0.00,0.00,0.00,0.00,0.00,0.00,0.00,0.00,0.00,0.00,0.00,0.00,0.00,0.00,0.00,0.00,0.00,0.00,0.00,0.00,0.00,0.00,0.00,0.00,0.00,0.00,0.00,0.00,0.00,0.00,0.00,0.00,0.00,0.00,0.00,0.00,0.00,0.00,0.00,0.00,0.00,0.00,0.00,0.00,0.00,0.00,0.00,0.00,0.00,0.00,0.00,0.00,0.00,0.00,0.00,0.00,0.00,0.00,0.00,0.00,0.00,0.00,0.00,0.00,0.00,0.00,0.00,0.00,0.00,0.00,0.00,0.00,0.00,0.00,0.00,0.00,0.00,0.00,0.00,0.00,0.00
1966,2029.84,63.80,105.38,38.35,43.40,33.94,44.08,47.90,13.08,19.21,51.53,33.32,14.25,17.03,9.68,22.67,45.47,867.50,89.66,39.85,53.59,58.23,98.42,24.91,48.54,55.09,32.97,26.05,28.00,28.33,9.83,16.26,137.39,174.79,223.04,201.11,50.27,85.83,72.74,21.40,10.08,27.53,26.14,28.12,37.49,10.35,267.22,68.51,65.88,42.42,21.16,37.70,36.12,38.51,39.55,21.55,23.66,33.81,24.55,196.18,107.12,50.51,42.65,27.15,42.88,18.36,35.85,20.56,18.44,43.55,4.28,20.40,403.49,22.09,14.71,19.72,15.10,9.13,7.32,16.42,21.55,6.77,10.80,31.12,81.87,66.64,51.83,24.46,21.28,11.25,166.45,100.34,42.85,35.16,9.75,23.66,21.87,18.66,11.54,117.35,132.70,97.76,75.85,56.92,67.34,33.34,28.66,41.89,33.46,18.90,24.12,372.72,181.69,69.38,58.01,31.87,44.18,25.55,20.76,11.77,20.97,24.44,16.08,17.45,19.17,22.21,20.43,112.30,102.93,62.27,48.63,33.60,35.52,21.74,18.15,9.55,29.37,27.41,20.33,3.63,8.24,255.81,42.09,62.79,44.17,46.39,7.72,10.86,29.81,27.79,23.93,378.71,90.39,62.18,19.57,22.89,35.15,17.89,31.49,28.20,15.33,31.98,25.82,11.51,565.45,107.98,55.20,51.98,56.58,74.78,46.45,32.89,20.17,16.83,32.49,27.58,30.91,36.30,3.40,20.37,20.15,12.51,126.64,67.30,65.66,31.77,10.35,21.58,23.24,14.34,20.60,25.19,23.20,8.94,77.36,24.13,32.28,40.94,25.62,21.50,21.12,13.09,22.01,16.09,10.17,186.23,5.87,8.08,32.68,59.79,37.66,19.20,14.22,69.79,25.32,21.86,22.03,25.24,13.69,38.42,21.26,16.64,19.37,14.29,8.75,20.99,20.85,20.16,11.40,70.11,19.56,13.98,256.00,1500.00,620.00,300.00,370.00,400.00,240.00,500.00,100.00,110.00,100.00,200.00,60.00,60.00,50.00,60.00,400.00,270.00,0.00,0.00,0.00,0.00,0.00,0.00,0.00,0.00,0.00,0.00,0.00,0.00,0.00,0.00,0.00,0.00,0.00,0.00,0.00,0.00,0.00,0.00,0.00,0.00,0.00,0.00,0.00,0.00,0.00,0.00,0.00,0.00,0.00,0.00,0.00,0.00,0.00,0.00,0.00,0.00,0.00,0.00,0.00,0.00,0.00,0.00,0.00,0.00,0.00,0.00,0.00,0.00,0.00,0.00,0.00,0.00,0.00,0.00,0.00,0.00,0.00,0.00,0.00,0.00,0.00,0.00,0.00,0.00,0.00,0.00,0.00,0.00,0.00,0.00,0.00,0.00,0.00,0.00,0.00,0.00,0.00,0.00,0.00,0.00,0.00,0.00,0.00,0.00,0.00,0.00,0.00,0.00,0.00,0.00,0.00,0.00,0.00,0.00,0.00,0.00,0.00,0.00,0.00,0.00,0.00,0.00,0.00,0.00,0.00,0.00,0.00,0.00,0.00,0.00,0.00,0.00,0.00,0.00,0.00,0.00,0.00,0.00,0.00,0.00,0.00,0.00,0.00,0.00,0.00,0.00,0.00,0.00,0.00,0.00,0.00,0.00,0.00,0.00,0.00,0.00,0.00,0.00,0.00,0.00,0.00,0.00,0.00,0.00,0.00,0.00
1967,2057.24,64.87,107.08,39.14,44.21,34.63,44.97,48.86,13.28,19.55,52.47,33.94,13.50,17.41,9.87,23.17,47.41,876.19,91.12,40.02,54.43,58.77,99.79,25.18,49.48,56.11,33.70,26.49,28.52,28.87,9.99,16.85,140.12,178.15,226.53,204.23,51.32,87.04,74.15,22.14,10.17,28.20,26.67,28.76,38.37,10.59,273.24,70.31,67.49,43.43,21.83,38.72,37.14,39.59,40.49,22.06,24.13,34.86,25.20,200.15,109.23,51.49,43.48,27.74,43.94,18.82,36.57,21.02,18.79,44.46,4.34,20.86,411.85,22.66,15.08,20.23,15.17,9.52,7.64,17.07,22.19,6.86,10.98,32.33,84.65,68.77,53.57,25.21,22.05,11.50,172.41,103.92,44.64,36.48,10.22,24.46,22.30,19.56,12.17,121.44,137.19,101.14,78.27,59.10,69.72,34.42,29.45,43.39,34.68,19.51,25.08,376.53,183.74,70.41,58.87,32.32,44.92,25.93,21.05,12.00,21.33,24.91,16.41,17.72,19.51,22.62,20.74,114.21,104.67,63.12,49.46,34.20,36.18,22.22,18.59,9.74,29.96,28.02,20.80,3.72,8.42,259.88,42.96,64.19,45.16,47.48,7.97,11.26,30.54,28.55,24.45,384.09,91.99,63.12,19.93,23.27,35.74,18.22,31.89,28.77,15.66,32.62,26.43,11.78,574.16,110.17,56.23,53.10,57.84,75.79,47.50,33.58,20.61,17.13,33.28,28.23,31.62,37.15,3.51,20.80,20.61,12.80,129.36,68.66,66.86,32.56,10.51,22.07,23.73,14.80,21.06,25.74,23.74,9.13,78.97,24.66,33.02,41.79,26.17,21.93,21.63,13.36,22.51,16.44,10.36,188.61,5.81,8.07,33.59,61.23,38.69,19.76,14.50,71.52,26.10,22.51,22.70,26.00,14.23,39.45,21.74,17.13,19.88,14.69,9.02,21.72,21.52,20.78,11.76,71.22,20.02,14.36,256.00,1500.00,620.00,300.00,370.00,400.00,240.00,500.00,100.00,110.00,100.00,200.00,60.00,60.00,50.00,60.00,400.00,270.00,0.00,0.00,0.00,0.00,0.00,0.00,0.00,0.00,0.00,0.00,0.00,0.00,0.00,0.00,0.00,0.00,0.00,0.00,0.00,0.00,0.00,0.00,0.00,0.00,0.00,0.00,0.00,0.00,0.00,0.00,0.00,0.00,0.00,0.00,0.00,0.00,0.00,0.00,0.00,0.00,0.00,0.00,0.00,0.00,0.00,0.00,0.00,0.00,0.00,0.00,0.00,0.00,0.00,0.00,0.00,0.00,0.00,0.00,0.00,0.00,0.00,0.00,0.00,0.00,0.00,0.00,0.00,0.00,0.00,0.00,0.00,0.00,0.00,0.00,0.00,0.00,0.00,0.00,0.00,0.00,0.00,0.00,0.00,0.00,0.00,0.00,0.00,0.00,0.00,0.00,0.00,0.00,0.00,0.00,0.00,0.00,0.00,0.00,0.00,0.00,0.00,0.00,0.00,0.00,0.00,0.00,0.00,0.00,0.00,0.00,0.00,0.00,0.00,0.00,0.00,0.00,0.00,0.00,0.00,0.00,0.00,0.00,0.00,0.00,0.00,0.00,0.00,0.00,0.00,0.00,0.00,0.00,0.00,0.00,0.00,0.00,0.00,0.00,0.00,0.00,0.00,0.00,0.00,0.00,0.00,0.00,0.00,0.00,0.00,0.00
1968,2083.73,65.96,108.81,39.98,45.04,35.32,45.86,49.84,13.42,19.90,53.42,34.56,12.88,17.79,10.06,23.67,49.22,884.80,92.59,40.54,55.42,59.33,101.19,25.63,50.26,57.15,34.44,26.95,29.05,29.41,10.15,17.30,142.87,181.53,230.05,207.11,52.38,88.53,75.56,22.97,10.23,28.87,27.21,29.41,39.27,10.76,279.33,72.13,69.12,44.44,22.49,39.73,38.16,40.67,41.43,22.57,24.61,35.91,25.86,204.23,111.39,52.48,44.33,28.35,45.00,19.32,37.31,21.49,19.15,45.38,4.36,21.32,420.18,23.23,15.46,20.74,15.27,9.90,7.96,17.71,22.84,7.02,11.18,33.66,87.46,70.91,55.33,25.98,22.83,11.65,178.48,107.58,46.46,37.82,10.70,25.27,22.69,20.53,12.80,125.61,141.79,104.58,80.74,61.33,72.16,35.53,30.30,44.87,35.92,20.14,26.06,380.37,185.81,71.45,59.73,32.78,45.65,26.31,21.33,12.23,21.69,25.38,16.73,18.00,19.84,23.03,21.06,116.11,106.41,63.86,50.29,34.79,36.84,22.70,19.02,9.98,30.56,28.64,21.27,3.85,8.60,263.94,43.97,65.59,46.15,48.48,8.15,11.59,31.26,29.30,25.06,389.43,93.58,64.05,20.28,23.64,36.32,18.36,32.47,29.35,15.98,33.25,27.03,12.05,582.80,112.35,57.25,54.21,58.93,76.96,48.55,34.26,21.00,17.47,34.07,28.87,32.32,38.00,3.62,21.22,21.06,13.09,132.02,70.02,68.10,33.34,10.74,22.56,24.22,15.22,21.51,26.28,24.27,9.32,80.61,25.21,33.77,42.65,26.73,22.37,22.15,13.64,23.01,16.79,10.56,191.09,5.79,8.05,34.51,62.63,39.72,20.32,14.82,73.46,26.89,23.17,23.38,26.81,14.58,40.51,22.27,17.60,20.41,15.09,9.29,22.48,22.21,21.43,12.13,72.34,20.51,14.78,256.00,1500.00,620.00,300.00,370.00,400.00,240.00,500.00,100.00,110.00,100.00,200.00,60.00,60.00,50.00,60.00,400.00,270.00,0.00,0.00,0.00,0.00,0.00,0.00,0.00,0.00,0.00,0.00,0.00,0.00,0.00,0.00,0.00,0.00,0.00,0.00,0.00,0.00,0.00,0.00,0.00,0.00,0.00,0.00,0.00,0.00,0.00,0.00,0.00,0.00,0.00,0.00,0.00,0.00,0.00,0.00,0.00,0.00,0.00,0.00,0.00,0.00,0.00,0.00,0.00,0.00,0.00,0.00,0.00,0.00,0.00,0.00,0.00,0.00,0.00,0.00,0.00,0.00,0.00,0.00,0.00,0.00,0.00,0.00,0.00,0.00,0.00,0.00,0.00,0.00,0.00,0.00,0.00,0.00,0.00,0.00,0.00,0.00,0.00,0.00,0.00,0.00,0.00,0.00,0.00,0.00,0.00,0.00,0.00,0.00,0.00,0.00,0.00,0.00,0.00,0.00,0.00,0.00,0.00,0.00,0.00,0.00,0.00,0.00,0.00,0.00,0.00,0.00,0.00,0.00,0.00,0.00,0.00,0.00,0.00,0.00,0.00,0.00,0.00,0.00,0.00,0.00,0.00,0.00,0.00,0.00,0.00,0.00,0.00,0.00,0.00,0.00,0.00,0.00,0.00,0.00,0.00,0.00,0.00,0.00,0.00,0.00,0.00,0.00,0.00,0.00,0.00,0.00
1969,2110.51,67.17,110.76,40.86,45.95,36.09,46.85,50.92,13.62,20.28,54.48,35.25,12.20,18.21,10.27,24.22,51.23,894.72,94.17,40.82,56.48,59.86,102.69,26.16,51.05,58.23,35.21,27.42,29.60,29.99,10.33,17.85,145.94,185.31,234.03,210.06,53.55,90.57,77.14,23.79,10.36,29.60,27.80,30.12,40.24,10.99,286.10,74.12,70.91,45.56,23.16,40.85,39.28,41.85,42.48,23.13,25.18,37.04,26.58,208.77,113.78,53.58,45.28,29.03,46.15,19.79,38.11,22.01,19.54,46.40,4.47,21.84,429.15,23.85,15.86,21.30,15.33,10.31,8.31,18.46,23.53,7.24,11.52,35.06,90.55,73.27,57.26,26.83,23.68,11.88,185.06,111.55,48.43,39.26,11.22,26.24,23.12,21.59,13.49,130.18,146.84,108.32,83.41,63.75,74.79,36.72,31.08,46.64,37.28,20.83,27.12,384.60,188.06,72.55,60.64,33.26,46.43,26.72,21.64,12.47,22.08,25.87,17.07,18.30,20.20,23.46,21.39,118.18,108.30,64.83,51.20,35.44,37.55,23.21,19.48,10.14,31.20,29.29,21.76,3.95,8.79,268.37,45.10,67.07,47.22,49.53,8.35,11.87,32.03,30.10,25.73,395.51,95.35,65.14,20.68,24.05,36.96,18.54,33.11,29.97,16.33,33.95,27.67,12.35,592.43,114.73,58.36,55.42,59.69,78.68,49.69,35.00,21.33,17.94,34.91,29.56,33.08,38.91,3.72,21.69,21.55,13.40,135.08,71.55,69.37,34.20,10.92,23.09,24.76,15.79,22.01,26.88,24.86,9.54,82.46,25.81,34.61,43.62,27.35,22.87,22.73,13.96,23.57,17.19,10.78,193.96,5.72,7.93,35.50,64.26,40.83,20.93,15.08,75.49,27.78,23.92,24.14,27.75,15.17,41.65,22.89,18.07,20.97,15.52,9.59,23.32,22.98,22.16,12.55,73.61,21.03,15.22,256.00,1500.00,620.00,300.00,370.00,400.00,240.00,500.00,100.00,110.00,100.00,200.00,60.00,60.00,50.00,60.00,400.00,270.00,0.00,0.00,0.00,0.00,0.00,0.00,0.00,0.00,0.00,0.00,0.00,0.00,0.00,0.00,0.00,0.00,0.00,0.00,0.00,0.00,0.00,0.00,0.00,0.00,0.00,0.00,0.00,0.00,0.00,0.00,0.00,0.00,0.00,0.00,0.00,0.00,0.00,0.00,0.00,0.00,0.00,0.00,0.00,0.00,0.00,0.00,0.00,0.00,0.00,0.00,0.00,0.00,0.00,0.00,0.00,0.00,0.00,0.00,0.00,0.00,0.00,0.00,0.00,0.00,0.00,0.00,0.00,0.00,0.00,0.00,0.00,0.00,0.00,0.00,0.00,0.00,0.00,0.00,0.00,0.00,0.00,0.00,0.00,0.00,0.00,0.00,0.00,0.00,0.00,0.00,0.00,0.00,0.00,0.00,0.00,0.00,0.00,0.00,0.00,0.00,0.00,0.00,0.00,0.00,0.00,0.00,0.00,0.00,0.00,0.00,0.00,0.00,0.00,0.00,0.00,0.00,0.00,0.00,0.00,0.00,0.00,0.00,0.00,0.00,0.00,0.00,0.00,0.00,0.00,0.00,0.00,0.00,0.00,0.00,0.00,0.00,0.00,0.00,0.00,0.00,0.00,0.00,0.00,0.00,0.00,0.00,0.00,0.00,0.00,0.00
1970,2137.01,68.43,112.79,41.88,46.90,36.89,47.87,52.04,13.73,20.68,55.58,35.97,11.56,18.64,10.49,24.79,53.23,904.97,95.77,41.04,57.30,60.66,104.22,26.69,51.85,59.32,35.99,27.90,30.16,30.57,10.51,18.38,149.05,189.13,238.08,213.78,54.72,91.92,78.73,24.76,10.45,30.33,28.40,30.83,41.22,11.09,293.04,76.15,72.75,46.70,24.05,41.98,40.42,43.04,43.55,23.71,25.56,38.20,27.31,213.42,116.21,54.70,46.24,29.71,47.32,20.35,38.93,22.54,19.95,47.43,4.50,22.37,438.44,24.47,16.29,21.86,15.38,10.73,8.66,19.24,24.23,7.44,11.78,36.48,93.69,75.66,59.21,27.70,24.54,12.11,191.84,115.64,50.46,40.76,11.75,27.24,23.55,22.69,14.19,134.84,152.00,112.13,86.13,66.22,77.48,37.93,32.05,48.28,38.66,21.54,28.19,388.90,190.34,73.67,61.57,33.75,47.22,27.13,21.96,12.71,22.47,26.37,17.41,18.59,20.56,23.89,21.73,120.28,110.22,65.82,52.12,36.08,38.26,23.72,19.94,10.31,31.84,29.95,22.26,4.04,8.98,272.88,46.22,68.57,48.29,50.64,8.51,12.23,32.80,30.90,26.38,401.73,97.16,66.27,21.07,24.46,37.61,18.70,33.78,30.60,16.69,34.66,28.33,12.65,602.20,117.15,59.49,56.65,60.88,80.02,50.83,35.74,21.83,18.25,35.76,30.26,33.84,39.84,3.86,22.13,22.05,13.72,138.13,73.11,70.88,35.09,11.19,23.64,25.31,16.18,22.52,27.50,25.46,9.76,84.36,26.44,35.47,44.61,27.99,23.37,23.32,14.28,24.15,17.58,11.01,196.72,5.68,7.91,36.52,66.12,41.97,21.55,15.19,77.69,28.70,24.68,24.92,28.72,15.68,42.81,23.41,18.65,21.55,15.96,9.89,24.21,23.79,22.93,12.99,74.89,21.56,15.67,256.00,1500.00,620.00,300.00,370.00,400.00,240.00,500.00,100.00,110.00,100.00,200.00,60.00,60.00,50.00,60.00,400.00,270.00,0.00,0.00,0.00,0.00,0.00,0.00,0.00,0.00,0.00,0.00,0.00,0.00,0.00,0.00,0.00,0.00,0.00,0.00,0.00,0.00,0.00,0.00,0.00,0.00,0.00,0.00,0.00,0.00,0.00,0.00,0.00,0.00,0.00,0.00,0.00,0.00,0.00,0.00,0.00,0.00,0.00,0.00,0.00,0.00,0.00,0.00,0.00,0.00,0.00,0.00,0.00,0.00,0.00,0.00,0.00,0.00,0.00,0.00,0.00,0.00,0.00,0.00,0.00,0.00,0.00,0.00,0.00,0.00,0.00,0.00,0.00,0.00,0.00,0.00,0.00,0.00,0.00,0.00,0.00,0.00,0.00,0.00,0.00,0.00,0.00,0.00,0.00,0.00,0.00,0.00,0.00,0.00,0.00,0.00,0.00,0.00,0.00,0.00,0.00,0.00,0.00,0.00,0.00,0.00,0.00,0.00,0.00,0.00,0.00,0.00,0.00,0.00,0.00,0.00,0.00,0.00,0.00,0.00,0.00,0.00,0.00,0.00,0.00,0.00,0.00,0.00,0.00,0.00,0.00,0.00,0.00,0.00,0.00,0.00,0.00,0.00,0.00,0.00,0.00,0.00,0.00,0.00,0.00,0.00,0.00,0.00,0.00,0.00,0.00,0.00
1971,2163.32,69.63,114.72,42.85,47.80,37.64,48.84,53.10,13.84,21.07,56.62,36.65,10.95,19.05,10.70,25.33,55.14,914.29,97.30,41.58,58.30,61.23,105.68,27.12,52.69,60.37,36.74,28.36,30.70,31.13,10.68,18.89,152.07,192.86,242.02,217.04,55.86,93.57,80.28,25.61,10.54,31.05,28.99,31.53,42.18,11.30,299.77,78.12,74.52,47.81,24.82,43.08,41.53,44.21,44.58,24.28,26.01,39.33,28.03,217.89,118.56,55.78,47.17,30.38,48.45,20.88,39.72,23.05,20.34,48.43,4.55,22.87,447.36,25.08,16.71,22.41,15.39,11.14,9.01,20.05,24.91,7.67,11.98,37.79,96.76,77.99,61.13,28.56,25.39,12.43,198.48,119.70,52.46,42.23,12.29,28.23,23.92,23.84,14.90,139.38,157.04,115.84,88.79,68.63,80.11,39.12,33.03,49.86,40.02,22.24,29.24,392.92,192.49,74.74,62.46,34.22,47.97,27.52,22.26,12.95,22.84,26.85,17.74,18.88,20.91,24.31,22.05,122.31,112.08,66.76,53.01,36.71,38.96,24.22,20.40,10.47,32.47,30.59,22.75,4.14,9.17,277.16,47.45,70.00,49.35,51.68,8.63,12.46,33.54,31.68,27.05,407.72,98.91,67.35,21.46,24.87,38.25,18.96,34.33,31.22,17.04,35.35,28.97,12.94,611.62,119.48,60.58,57.83,61.67,81.71,51.95,36.47,22.25,18.61,36.59,30.94,34.58,40.73,3.95,22.61,22.53,14.03,141.09,74.62,72.32,35.94,11.43,24.18,25.85,16.57,23.02,28.09,26.05,9.97,86.20,27.05,36.30,45.58,28.60,23.85,23.90,14.59,24.71,17.97,11.23,199.45,5.62,7.87,37.53,68.06,43.05,22.16,15.17,79.89,29.60,25.43,25.69,29.68,16.12,43.92,23.92,19.19,22.10,16.39,10.19,25.10,24.61,23.73,13.43,76.09,22.05,16.11,256.00,1500.00,620.00,300.00,370.00,400.00,240.00,500.00,100.00,110.00,100.00,200.00,60.00,60.00,50.00,60.00,400.00,270.00,0.00,0.00,0.00,0.00,0.00,0.00,0.00,0.00,0.00,0.00,0.00,0.00,0.00,0.00,0.00,0.00,0.00,0.00,0.00,0.00,0.00,0.00,0.00,0.00,0.00,0.00,0.00,0.00,0.00,0.00,0.00,0.00,0.00,0.00,0.00,0.00,0.00,0.00,0.00,0.00,0.00,0.00,0.00,0.00,0.00,0.00,0.00,0.00,0.00,0.00,0.00,0.00,0.00,0.00,0.00,0.00,0.00,0.00,0.00,0.00,0.00,0.00,0.00,0.00,0.00,0.00,0.00,0.00,0.00,0.00,0.00,0.00,0.00,0.00,0.00,0.00,0.00,0.00,0.00,0.00,0.00,0.00,0.00,0.00,0.00,0.00,0.00,0.00,0.00,0.00,0.00,0.00,0.00,0.00,0.00,0.00,0.00,0.00,0.00,0.00,0.00,0.00,0.00,0.00,0.00,0.00,0.00,0.00,0.00,0.00,0.00,0.00,0.00,0.00,0.00,0.00,0.00,0.00,0.00,0.00,0.00,0.00,0.00,0.00,0.00,0.00,0.00,0.00,0.00,0.00,0.00,0.00,0.00,0.00,0.00,0.00,0.00,0.00,0.00,0.00,0.00,0.00,0.00,0.00,0.00,0.00,0.00,0.00,0.00,0.00
1972,2187.86,70.77,116.55,43.81,48.66,38.37,49.76,54.12,13.89,21.43,57.61,37.30,10.27,19.44,10.90,25.86,57.06,922.72,98.72,41.96,59.23,61.52,107.02,27.62,53.37,61.36,37.45,28.79,31.20,31.65,10.83,19.60,154.92,196.39,245.71,220.57,56.94,94.64,81.74,26.41,10.73,31.75,29.54,32.19,43.10,11.40,306.25,80.03,76.24,48.88,25.39,44.14,42.61,45.34,45.58,24.84,26.62,40.42,28.72,222.23,120.82,56.82,48.08,31.02,49.57,21.38,40.48,23.55,20.73,49.40,4.60,23.36,455.85,25.67,17.12,22.93,15.33,11.54,9.36,20.89,25.57,7.89,12.24,39.24,99.77,80.27,63.00,29.42,26.22,12.58,205.08,123.79,54.46,43.72,12.83,29.22,24.26,25.04,15.62,143.82,161.96,119.47,91.39,71.00,82.68,40.27,33.90,51.47,41.34,22.93,30.26,396.64,194.51,75.75,63.30,34.66,48.68,27.89,22.55,13.18,23.19,27.31,18.06,19.14,21.24,24.71,22.36,124.25,113.86,67.74,53.85,37.31,39.62,24.70,20.83,10.57,33.08,31.21,23.22,4.20,9.35,281.24,48.53,71.38,50.38,52.81,8.82,12.73,34.26,32.45,27.58,413.40,100.58,68.39,21.84,25.25,38.85,19.06,34.99,31.81,17.38,36.00,29.59,13.23,620.42,121.69,61.61,58.95,62.32,83.39,53.01,37.15,22.66,18.94,37.38,31.59,35.29,41.59,4.08,23.01,22.99,14.32,143.93,76.06,73.56,36.76,11.64,24.69,26.36,17.09,23.50,28.66,26.61,10.17,87.96,27.64,37.10,46.50,29.19,24.32,24.46,14.89,25.25,18.34,11.44,201.89,5.57,7.84,38.53,70.05,44.11,22.77,15.14,82.06,30.48,26.15,26.44,30.63,16.53,44.98,24.40,19.72,22.62,16.80,10.48,26.01,25.44,24.56,13.88,77.21,22.53,16.53,256.00,1500.00,620.00,300.00,370.00,400.00,240.00,500.00,100.00,110.00,100.00,200.00,60.00,60.00,50.00,60.00,400.00,270.00,0.00,0.00,0.00,0.00,0.00,0.00,0.00,0.00,0.00,0.00,0.00,0.00,0.00,0.00,0.00,0.00,0.00,0.00,0.00,0.00,0.00,0.00,0.00,0.00,0.00,0.00,0.00,0.00,0.00,0.00,0.00,0.00,0.00,0.00,0.00,0.00,0.00,0.00,0.00,0.00,0.00,0.00,0.00,0.00,0.00,0.00,0.00,0.00,0.00,0.00,0.00,0.00,0.00,0.00,0.00,0.00,0.00,0.00,0.00,0.00,0.00,0.00,0.00,0.00,0.00,0.00,0.00,0.00,0.00,0.00,0.00,0.00,0.00,0.00,0.00,0.00,0.00,0.00,0.00,0.00,0.00,0.00,0.00,0.00,0.00,0.00,0.00,0.00,0.00,0.00,0.00,0.00,0.00,0.00,0.00,0.00,0.00,0.00,0.00,0.00,0.00,0.00,0.00,0.00,0.00,0.00,0.00,0.00,0.00,0.00,0.00,0.00,0.00,0.00,0.00,0.00,0.00,0.00,0.00,0.00,0.00,0.00,0.00,0.00,0.00,0.00,0.00,0.00,0.00,0.00,0.00,0.00,0.00,0.00,0.00,0.00,0.00,0.00,0.00,0.00,0.00,0.00,0.00,0.00,0.00,0.00,0.00,0.00,0.00,0.00
1973,2213.26,72.01,118.55,44.84,49.59,39.15,50.75,55.22,13.98,21.82,58.69,38.01,9.58,19.86,11.12,26.42,59.09,932.07,100.26,42.64,60.10,62.25,108.50,28.07,54.20,62.42,38.20,29.25,31.74,32.21,11.01,20.11,158.04,200.25,249.80,223.55,58.11,96.77,83.34,27.32,10.83,32.49,30.14,32.90,44.08,11.55,313.35,82.09,78.10,50.04,26.04,45.29,43.76,46.57,46.66,25.44,27.24,41.58,29.47,226.91,123.25,57.95,49.05,31.71,50.76,21.94,41.30,24.08,21.15,50.44,4.63,23.89,465.14,26.30,17.57,23.50,15.31,11.96,9.72,21.78,26.28,8.09,12.50,40.90,103.09,82.77,65.08,30.38,27.14,12.70,212.18,128.18,56.61,45.30,13.41,30.28,24.59,26.38,16.38,148.62,167.28,123.38,94.18,73.57,85.53,41.51,34.85,53.21,42.77,23.69,31.35,400.87,196.77,76.86,64.23,35.15,49.45,28.29,22.87,13.42,23.58,27.81,18.40,19.44,21.60,25.14,22.69,126.34,115.80,68.64,54.78,37.95,40.35,25.21,21.29,10.79,33.75,31.88,23.72,4.34,9.54,285.71,49.65,72.86,51.48,54.06,9.03,13.05,35.03,33.25,28.11,419.61,102.39,69.51,22.24,25.67,39.50,19.22,35.66,32.44,17.73,36.71,30.24,13.53,629.97,124.06,62.71,60.14,63.36,84.87,54.14,37.88,23.07,19.31,38.21,32.27,36.03,42.50,4.23,23.44,23.48,14.63,146.96,77.62,74.87,37.65,11.93,25.24,26.92,17.69,24.02,29.28,27.21,10.40,89.88,28.28,37.96,47.52,29.82,24.82,25.06,15.21,25.84,18.73,11.67,204.53,5.51,7.79,39.59,72.28,45.24,23.42,15.04,84.43,31.43,26.93,27.26,31.67,16.95,46.11,24.92,20.28,23.18,17.24,10.79,27.00,26.35,25.48,14.37,78.43,23.05,16.98,256.00,1500.00,620.00,300.00,370.00,400.00,240.00,500.00,100.00,110.00,100.00,200.00,60.00,60.00,50.00,60.00,400.00,270.00,0.00,0.00,0.00,0.00,0.00,0.00,0.00,0.00,0.00,0.00,0.00,0.00,0.00,0.00,0.00,0.00,0.00,0.00,0.00,0.00,0.00,0.00,0.00,0.00,0.00,0.00,0.00,0.00,0.00,0.00,0.00,0.00,0.00,0.00,0.00,0.00,0.00,0.00,0.00,0.00,0.00,0.00,0.00,0.00,0.00,0.00,0.00,0.00,0.00,0.00,0.00,0.00,0.00,0.00,0.00,0.00,0.00,0.00,0.00,0.00,0.00,0.00,0.00,0.00,0.00,0.00,0.00,0.00,0.00,0.00,0.00,0.00,0.00,0.00,0.00,0.00,0.00,0.00,0.00,0.00,0.00,0.00,0.00,0.00,0.00,0.00,0.00,0.00,0.00,0.00,0.00,0.00,0.00,0.00,0.00,0.00,0.00,0.00,0.00,0.00,0.00,0.00,0.00,0.00,0.00,0.00,0.00,0.00,0.00,0.00,0.00,0.00,0.00,0.00,0.00,0.00,0.00,0.00,0.00,0.00,0.00,0.00,0.00,0.00,0.00,0.00,0.00,0.00,0.00,0.00,0.00,0.00,0.00,0.00,0.00,0.00,0.00,0.00,0.00,0.00,0.00,0.00,0.00,0.00,0.00,0.00,0.00,0.00,0.00,0.00
1974,2237.32,73.15,120.38,45.74,50.45,39.87,51.67,56.24,14.09,22.19,59.68,38.67,8.99,20.25,11.32,26.94,60.91,940.07,101.67,43.37,61.06,62.70,109.83,28.43,55.03,63.40,38.90,29.67,32.24,32.72,11.16,20.61,160.88,203.75,253.48,226.40,59.18,98.48,84.80,28.20,10.91,33.18,30.69,33.56,44.99,11.69,319.71,83.97,79.78,51.09,26.65,46.33,44.82,47.71,47.64,25.99,27.79,42.66,30.15,231.13,125.44,58.96,49.93,32.34,51.86,22.43,42.04,24.56,21.53,51.37,4.67,24.37,473.60,26.89,18.01,24.02,15.15,12.36,10.08,22.76,26.95,8.30,12.70,42.37,106.27,85.12,67.07,31.31,28.02,12.94,218.80,132.29,58.63,46.78,13.98,31.28,24.80,27.75,17.11,153.09,172.22,127.03,96.79,75.98,88.21,42.66,35.51,55.06,44.10,24.41,32.38,404.52,198.77,77.87,65.06,35.59,50.16,28.66,23.16,13.65,23.93,28.27,18.72,19.70,21.93,25.53,23.00,128.27,117.60,69.52,55.63,38.56,41.03,25.69,21.72,10.95,34.39,32.50,24.20,4.44,9.72,289.78,50.70,74.23,52.53,55.02,9.25,13.32,35.74,34.02,28.82,425.11,104.03,70.51,22.60,26.04,40.09,19.26,36.36,33.02,18.07,37.35,30.85,13.80,638.46,126.22,63.71,61.23,64.06,86.45,55.18,38.55,23.45,19.66,38.98,32.91,36.72,43.34,4.38,23.81,23.93,14.92,149.64,79.07,76.11,38.48,12.30,25.75,27.44,18.23,24.51,29.85,27.77,10.60,91.61,28.87,38.75,48.44,30.40,25.27,25.61,15.51,26.39,19.09,11.88,206.71,5.51,7.83,40.57,74.28,46.28,24.03,14.99,86.50,32.32,27.66,28.01,32.65,17.44,47.14,25.41,20.77,23.70,17.65,11.08,27.96,27.22,26.38,14.85,79.56,23.54,17.42,256.00,1500.00,620.00,300.00,370.00,400.00,240.00,500.00,100.00,110.00,100.00,200.00,60.00,60.00,50.00,60.00,400.00,270.00,0.00,0.00,0.00,0.00,0.00,0.00,0.00,0.00,0.00,0.00,0.00,0.00,0.00,0.00,0.00,0.00,0.00,0.00,0.00,0.00,0.00,0.00,0.00,0.00,0.00,0.00,0.00,0.00,0.00,0.00,0.00,0.00,0.00,0.00,0.00,0.00,0.00,0.00,0.00,0.00,0.00,0.00,0.00,0.00,0.00,0.00,0.00,0.00,0.00,0.00,0.00,0.00,0.00,0.00,0.00,0.00,0.00,0.00,0.00,0.00,0.00,0.00,0.00,0.00,0.00,0.00,0.00,0.00,0.00,0.00,0.00,0.00,0.00,0.00,0.00,0.00,0.00,0.00,0.00,0.00,0.00,0.00,0.00,0.00,0.00,0.00,0.00,0.00,0.00,0.00,0.00,0.00,0.00,0.00,0.00,0.00,0.00,0.00,0.00,0.00,0.00,0.00,0.00,0.00,0.00,0.00,0.00,0.00,0.00,0.00,0.00,0.00,0.00,0.00,0.00,0.00,0.00,0.00,0.00,0.00,0.00,0.00,0.00,0.00,0.00,0.00,0.00,0.00,0.00,0.00,0.00,0.00,0.00,0.00,0.00,0.00,0.00,0.00,0.00,0.00,0.00,0.00,0.00,0.00,0.00,0.00,0.00,0.00,0.00,0.00
1975,2260.13,74.21,122.10,46.70,51.26,40.56,52.53,57.19,14.10,22.53,60.60,39.29,8.36,20.63,11.50,27.45,62.72,947.72,102.98,43.55,61.56,63.45,111.07,28.79,55.76,64.32,39.57,30.07,32.71,33.21,11.31,21.15,163.52,207.04,256.87,229.11,60.18,99.98,86.16,29.01,10.95,33.84,31.21,34.17,45.84,11.86,325.77,85.77,81.39,52.10,27.53,47.32,45.83,48.80,48.58,26.53,28.01,43.70,30.81,235.15,127.52,59.93,50.76,32.95,52.92,22.90,42.75,25.02,21.90,52.27,4.71,24.83,481.72,27.46,18.44,24.52,15.11,12.75,10.44,23.60,27.59,8.44,12.83,43.89,109.32,87.36,68.98,32.23,28.88,13.08,225.14,136.24,60.58,48.21,14.55,32.24,25.09,29.00,17.82,157.35,176.94,130.50,99.28,78.29,90.78,43.76,36.38,56.57,45.38,25.11,33.38,407.82,200.60,78.81,65.84,36.00,50.83,29.01,23.44,13.86,24.27,28.70,19.02,19.96,22.24,25.90,23.29,130.09,119.33,70.26,56.46,39.15,41.69,26.15,22.15,11.18,35.02,33.12,24.67,4.59,9.89,293.62,51.71,75.55,53.53,55.86,9.45,13.61,36.43,34.77,29.60,430.19,105.58,71.45,22.95,26.39,40.64,19.46,36.85,33.56,18.39,37.96,31.43,14.07,646.41,128.27,64.65,62.27,64.69,87.99,56.18,39.20,23.84,19.96,39.72,33.51,37.39,44.14,4.50,24.20,24.35,15.20,152.29,80.43,77.11,39.27,12.50,26.24,27.93,18.90,24.96,30.40,28.30,10.80,93.24,29.44,39.50,49.31,30.95,25.71,26.15,15.79,26.90,19.44,12.08,208.87,5.43,7.73,41.48,76.29,47.25,24.63,14.82,88.58,33.15,28.35,28.73,33.60,17.77,48.11,25.85,21.27,24.18,18.05,11.36,28.92,28.07,27.28,15.32,80.63,24.01,17.84,256.00,1500.00,620.00,300.00,370.00,400.00,240.00,500.00,100.00,110.00,100.00,200.00,60.00,60.00,50.00,60.00,400.00,270.00,0.00,0.00,0.00,0.00,0.00,0.00,0.00,0.00,0.00,0.00,0.00,0.00,0.00,0.00,0.00,0.00,0.00,0.00,0.00,0.00,0.00,0.00,0.00,0.00,0.00,0.00,0.00,0.00,0.00,0.00,0.00,0.00,0.00,0.00,0.00,0.00,0.00,0.00,0.00,0.00,0.00,0.00,0.00,0.00,0.00,0.00,0.00,0.00,0.00,0.00,0.00,0.00,0.00,0.00,0.00,0.00,0.00,0.00,0.00,0.00,0.00,0.00,0.00,0.00,0.00,0.00,0.00,0.00,0.00,0.00,0.00,0.00,0.00,0.00,0.00,0.00,0.00,0.00,0.00,0.00,0.00,0.00,0.00,0.00,0.00,0.00,0.00,0.00,0.00,0.00,0.00,0.00,0.00,0.00,0.00,0.00,0.00,0.00,0.00,0.00,0.00,0.00,0.00,0.00,0.00,0.00,0.00,0.00,0.00,0.00,0.00,0.00,0.00,0.00,0.00,0.00,0.00,0.00,0.00,0.00,0.00,0.00,0.00,0.00,0.00,0.00,0.00,0.00,0.00,0.00,0.00,0.00,0.00,0.00,0.00,0.00,0.00,0.00,0.00,0.00,0.00,0.00,0.00,0.00,0.00,0.00,0.00,0.00,0.00,0.00
1976,2282.98,75.20,123.68,47.56,52.01,41.20,53.33,58.08,14.14,22.85,61.46,39.86,7.80,20.97,11.68,27.92,64.35,954.35,104.20,43.82,62.46,63.69,112.22,29.23,56.34,65.19,40.21,30.44,33.15,33.67,11.45,21.67,166.00,210.12,260.03,231.69,61.12,101.29,87.44,29.89,10.94,34.46,31.69,34.76,46.65,11.95,331.51,87.50,82.92,53.06,28.18,48.27,46.80,49.86,49.46,27.03,28.41,44.70,31.44,238.94,129.49,60.84,51.56,33.52,53.93,23.36,43.45,25.46,22.27,53.12,4.75,25.26,489.13,28.00,18.85,24.99,14.78,13.12,10.79,24.68,28.21,8.57,13.04,45.43,112.19,89.46,70.80,33.12,29.69,13.12,231.15,140.01,62.45,49.57,15.11,33.17,25.23,30.36,18.52,161.44,181.47,133.85,101.68,80.52,93.28,44.83,37.00,58.26,46.62,25.81,34.34,410.78,202.29,79.69,66.57,36.39,51.46,29.34,23.70,14.07,24.59,29.12,19.31,20.19,22.54,26.26,23.56,131.85,121.01,71.18,57.26,39.74,42.34,26.60,22.56,11.24,35.64,33.71,25.13,4.67,10.07,297.23,52.60,76.81,54.51,56.68,9.67,13.94,37.10,35.49,30.34,435.00,107.05,72.36,23.28,26.73,41.17,19.54,37.44,34.09,18.71,38.54,32.00,14.33,653.76,130.20,65.54,63.25,65.31,89.40,57.13,39.81,24.09,20.37,40.43,34.09,38.03,44.90,4.63,24.55,24.76,15.47,154.78,81.70,77.99,40.02,12.66,26.69,28.39,19.60,25.39,30.91,28.80,10.98,94.75,29.97,40.19,50.12,31.47,26.12,26.65,16.05,27.38,19.76,12.27,210.92,5.35,7.63,42.34,78.21,48.17,25.20,14.62,90.44,33.97,29.03,29.43,34.54,18.24,49.01,26.41,21.57,24.64,18.43,11.64,29.86,28.89,28.16,15.79,81.63,24.47,18.24,256.00,1500.00,620.00,300.00,370.00,400.00,240.00,500.00,100.00,110.00,100.00,200.00,60.00,60.00,50.00,60.00,400.00,270.00,0.00,0.00,0.00,0.00,0.00,0.00,0.00,0.00,0.00,0.00,0.00,0.00,0.00,0.00,0.00,0.00,0.00,0.00,0.00,0.00,0.00,0.00,0.00,0.00,0.00,0.00,0.00,0.00,0.00,0.00,0.00,0.00,0.00,0.00,0.00,0.00,0.00,0.00,0.00,0.00,0.00,0.00,0.00,0.00,0.00,0.00,0.00,0.00,0.00,0.00,0.00,0.00,0.00,0.00,0.00,0.00,0.00,0.00,0.00,0.00,0.00,0.00,0.00,0.00,0.00,0.00,0.00,0.00,0.00,0.00,0.00,0.00,0.00,0.00,0.00,0.00,0.00,0.00,0.00,0.00,0.00,0.00,0.00,0.00,0.00,0.00,0.00,0.00,0.00,0.00,0.00,0.00,0.00,0.00,0.00,0.00,0.00,0.00,0.00,0.00,0.00,0.00,0.00,0.00,0.00,0.00,0.00,0.00,0.00,0.00,0.00,0.00,0.00,0.00,0.00,0.00,0.00,0.00,0.00,0.00,0.00,0.00,0.00,0.00,0.00,0.00,0.00,0.00,0.00,0.00,0.00,0.00,0.00,0.00,0.00,0.00,0.00,0.00,0.00,0.00,0.00,0.00,0.00,0.00,0.00,0.00,0.00,0.00,0.00,0.00
1977,2306.40,76.08,125.08,48.31,52.69,41.78,54.04,58.88,14.21,23.14,62.22,40.38,7.25,21.29,11.84,28.36,65.88,959.62,105.31,44.27,63.18,63.99,113.25,29.62,56.88,65.99,40.81,30.79,33.56,34.08,11.58,22.15,168.24,212.92,262.86,234.14,61.99,102.30,88.60,30.78,10.89,35.05,32.13,35.30,47.39,12.01,336.74,89.09,84.34,53.95,28.89,49.15,47.70,50.85,50.28,27.51,28.67,45.64,32.03,242.35,131.28,61.68,52.29,34.06,54.86,23.81,44.10,25.86,22.60,53.89,4.75,25.66,495.94,28.50,19.26,25.42,14.46,13.48,11.13,25.72,28.79,8.63,13.14,46.81,114.80,91.37,72.46,33.94,30.45,13.20,236.73,143.54,64.20,50.85,15.67,34.03,25.24,31.77,19.19,165.22,185.64,136.93,103.91,82.60,95.60,45.82,37.38,60.02,47.80,26.47,35.25,413.28,203.77,80.49,67.23,36.74,52.04,29.65,23.95,14.26,24.89,29.50,19.59,20.41,22.82,26.59,23.82,133.48,122.59,71.95,58.02,40.29,42.96,27.02,22.97,11.35,36.24,34.29,25.57,4.79,10.23,300.67,53.54,78.04,55.46,57.47,9.85,14.24,37.74,36.20,31.07,439.23,108.39,73.18,23.58,27.03,41.64,19.53,38.04,34.58,19.00,39.07,32.52,14.57,660.17,131.94,66.34,64.14,66.09,90.44,58.00,40.38,24.37,20.70,41.08,34.63,38.63,45.61,4.73,24.90,25.14,15.71,157.10,82.86,78.72,40.72,12.75,27.11,28.82,20.33,25.78,31.39,29.27,11.15,96.09,30.47,40.82,50.85,31.94,26.49,27.11,16.29,27.81,20.06,12.45,212.60,5.33,7.64,43.12,79.81,49.00,25.74,14.57,91.99,34.72,29.66,30.08,35.42,18.80,49.84,26.84,21.94,25.07,18.79,11.90,30.76,29.65,29.00,16.23,82.57,24.90,18.64,256.00,1500.00,620.00,300.00,370.00,400.00,240.00,500.00,100.00,110.00,100.00,200.00,60.00,60.00,50.00,60.00,400.00,270.00,0.00,0.00,0.00,0.00,0.00,0.00,0.00,0.00,0.00,0.00,0.00,0.00,0.00,0.00,0.00,0.00,0.00,0.00,0.00,0.00,0.00,0.00,0.00,0.00,0.00,0.00,0.00,0.00,0.00,0.00,0.00,0.00,0.00,0.00,0.00,0.00,0.00,0.00,0.00,0.00,0.00,0.00,0.00,0.00,0.00,0.00,0.00,0.00,0.00,0.00,0.00,0.00,0.00,0.00,0.00,0.00,0.00,0.00,0.00,0.00,0.00,0.00,0.00,0.00,0.00,0.00,0.00,0.00,0.00,0.00,0.00,0.00,0.00,0.00,0.00,0.00,0.00,0.00,0.00,0.00,0.00,0.00,0.00,0.00,0.00,0.00,0.00,0.00,0.00,0.00,0.00,0.00,0.00,0.00,0.00,0.00,0.00,0.00,0.00,0.00,0.00,0.00,0.00,0.00,0.00,0.00,0.00,0.00,0.00,0.00,0.00,0.00,0.00,0.00,0.00,0.00,0.00,0.00,0.00,0.00,0.00,0.00,0.00,0.00,0.00,0.00,0.00,0.00,0.00,0.00,0.00,0.00,0.00,0.00,0.00,0.00,0.00,0.00,0.00,0.00,0.00,0.00,0.00,0.00,0.00,0.00,0.00,0.00,0.00,0.00
1978,2329.19,76.92,126.42,49.02,53.35,42.35,54.73,59.65,14.28,23.41,62.95,40.88,6.77,21.59,11.99,28.78,67.30,964.69,106.37,44.46,63.93,64.21,114.24,29.85,57.55,66.78,41.39,31.12,33.96,34.49,11.70,22.64,170.39,215.63,265.57,237.03,62.83,102.71,89.72,31.74,10.82,35.62,32.56,35.82,48.12,12.01,341.75,90.64,85.71,54.82,29.48,49.99,48.57,51.83,51.07,27.96,29.02,46.56,32.60,245.63,133.01,62.50,53.00,34.57,55.78,24.23,44.74,26.25,22.94,54.64,4.77,26.04,502.35,29.00,19.66,25.85,14.19,13.84,11.48,26.70,29.38,8.76,13.31,48.32,117.34,93.24,74.10,34.76,31.19,13.14,242.12,147.00,65.91,52.10,16.22,34.88,25.19,33.22,19.85,168.88,189.68,139.93,106.11,84.62,97.88,46.79,37.88,61.59,48.95,27.13,36.13,415.36,205.06,81.22,67.83,37.06,52.57,29.92,24.18,14.44,25.17,29.86,19.85,20.61,23.07,26.89,24.05,135.07,124.14,72.51,58.76,40.84,43.58,27.44,23.36,11.60,36.82,34.85,26.00,4.95,10.39,303.98,54.51,79.23,56.39,58.16,10.00,14.51,38.37,36.90,31.88,443.26,109.69,73.98,23.87,27.32,42.10,19.56,38.61,35.05,19.30,39.59,33.04,14.80,666.15,133.60,67.10,64.99,66.84,91.42,58.84,40.93,24.78,20.88,41.71,35.14,39.22,46.29,4.85,25.23,25.49,15.95,159.26,83.97,79.64,41.40,12.89,27.52,29.23,20.82,26.16,31.85,29.72,11.32,97.39,30.95,41.43,51.56,32.41,26.85,27.56,16.53,28.24,20.35,12.62,214.15,5.31,7.65,43.86,81.47,49.81,26.27,14.38,93.87,35.46,30.28,30.72,36.30,18.99,50.63,27.14,22.39,25.48,19.15,12.16,31.65,30.40,29.83,16.67,83.49,25.34,19.03,256.00,1500.00,620.00,300.00,370.00,400.00,240.00,500.00,100.00,110.00,100.00,200.00,60.00,60.00,50.00,60.00,400.00,270.00,0.00,0.00,0.00,0.00,0.00,0.00,0.00,0.00,0.00,0.00,0.00,0.00,0.00,0.00,0.00,0.00,0.00,0.00,0.00,0.00,0.00,0.00,0.00,0.00,0.00,0.00,0.00,0.00,0.00,0.00,0.00,0.00,0.00,0.00,0.00,0.00,0.00,0.00,0.00,0.00,0.00,0.00,0.00,0.00,0.00,0.00,0.00,0.00,0.00,0.00,0.00,0.00,0.00,0.00,0.00,0.00,0.00,0.00,0.00,0.00,0.00,0.00,0.00,0.00,0.00,0.00,0.00,0.00,0.00,0.00,0.00,0.00,0.00,0.00,0.00,0.00,0.00,0.00,0.00,0.00,0.00,0.00,0.00,0.00,0.00,0.00,0.00,0.00,0.00,0.00,0.00,0.00,0.00,0.00,0.00,0.00,0.00,0.00,0.00,0.00,0.00,0.00,0.00,0.00,0.00,0.00,0.00,0.00,0.00,0.00,0.00,0.00,0.00,0.00,0.00,0.00,0.00,0.00,0.00,0.00,0.00,0.00,0.00,0.00,0.00,0.00,0.00,0.00,0.00,0.00,0.00,0.00,0.00,0.00,0.00,0.00,0.00,0.00,0.00,0.00,0.00,0.00,0.00,0.00,0.00,0.00,0.00,0.00,0.00,0.00
1979,2352.10,77.65,127.55,49.66,53.92,42.84,55.32,60.32,14.33,23.65,63.58,41.32,6.26,21.86,12.12,29.17,68.62,968.44,107.30,44.76,64.57,64.13,115.10,30.14,58.06,67.50,41.94,31.42,34.32,34.86,11.80,23.35,172.29,218.02,267.93,238.85,63.59,103.72,90.72,32.47,10.78,36.14,32.94,36.29,48.78,12.12,346.00,91.99,86.90,55.57,30.03,50.73,49.34,52.71,51.76,28.36,29.29,47.38,33.11,248.46,134.51,63.22,53.62,35.04,56.60,24.57,45.33,26.59,23.24,55.30,4.82,26.38,507.79,29.45,20.03,26.22,13.89,14.17,11.80,27.65,29.92,8.86,13.46,49.72,119.59,94.89,75.58,35.50,31.86,13.04,246.95,150.11,67.47,53.23,16.75,35.66,24.95,34.75,20.47,172.13,193.26,142.60,108.09,86.44,99.93,47.67,38.28,63.06,49.99,27.73,36.94,416.90,206.12,81.86,68.35,37.33,53.04,30.17,24.39,14.61,25.42,30.18,20.10,20.78,23.30,27.17,24.26,136.47,125.50,73.08,59.42,41.34,44.15,27.82,23.73,11.76,37.36,35.37,26.41,5.08,10.54,306.88,55.31,80.32,57.26,58.91,10.14,14.86,38.95,37.56,32.50,446.60,110.82,74.67,24.13,27.58,42.50,19.54,39.16,35.47,19.57,40.05,33.51,15.02,671.06,135.04,67.75,65.74,67.70,92.07,59.60,41.43,25.11,21.08,42.28,35.60,39.76,46.90,4.97,25.50,25.82,16.17,161.03,84.91,80.34,42.01,13.07,27.87,29.59,21.35,26.49,32.27,30.12,11.47,98.48,31.37,41.96,52.18,32.82,27.16,27.97,16.73,28.60,20.61,12.77,215.53,5.24,7.62,44.52,82.98,50.53,26.75,14.16,95.51,36.11,30.83,31.29,37.10,19.13,51.30,27.41,22.76,25.84,19.46,12.39,32.48,31.07,30.60,17.07,84.29,25.74,19.40,256.00,1500.00,620.00,300.00,370.00,400.00,240.00,500.00,100.00,110.00,100.00,200.00,60.00,60.00,50.00,60.00,400.00,270.00,0.00,0.00,0.00,0.00,0.00,0.00,0.00,0.00,0.00,0.00,0.00,0.00,0.00,0.00,0.00,0.00,0.00,0.00,0.00,0.00,0.00,0.00,0.00,0.00,0.00,0.00,0.00,0.00,0.00,0.00,0.00,0.00,0.00,0.00,0.00,0.00,0.00,0.00,0.00,0.00,0.00,0.00,0.00,0.00,0.00,0.00,0.00,0.00,0.00,0.00,0.00,0.00,0.00,0.00,0.00,0.00,0.00,0.00,0.00,0.00,0.00,0.00,0.00,0.00,0.00,0.00,0.00,0.00,0.00,0.00,0.00,0.00,0.00,0.00,0.00,0.00,0.00,0.00,0.00,0.00,0.00,0.00,0.00,0.00,0.00,0.00,0.00,0.00,0.00,0.00,0.00,0.00,0.00,0.00,0.00,0.00,0.00,0.00,0.00,0.00,0.00,0.00,0.00,0.00,0.00,0.00,0.00,0.00,0.00,0.00,0.00,0.00,0.00,0.00,0.00,0.00,0.00,0.00,0.00,0.00,0.00,0.00,0.00,0.00,0.00,0.00,0.00,0.00,0.00,0.00,0.00,0.00,0.00,0.00,0.00,0.00,0.00,0.00,0.00,0.00,0.00,0.00,0.00,0.00,0.00,0.00,0.00,0.00,0.00,0.00
1980,2374.77,78.38,128.68,50.30,54.49,43.33,55.91,60.97,14.37,23.89,64.20,41.75,5.78,22.13,12.25,29.56,69.91,972.33,108.23,44.85,65.24,63.96,115.96,30.37,58.62,68.22,42.49,31.73,34.69,35.22,11.91,24.14,174.20,220.43,270.30,240.47,64.35,104.96,91.73,33.17,10.82,36.66,33.33,36.77,49.44,12.19,350.25,93.35,88.09,56.33,30.68,51.47,50.10,53.58,52.44,28.76,29.47,48.21,33.61,251.26,135.99,63.94,54.25,35.50,57.42,24.93,45.91,26.94,23.55,55.96,4.84,26.72,513.16,29.90,20.40,26.59,13.46,14.50,12.14,28.74,30.46,9.03,13.54,51.06,121.83,96.57,77.07,36.26,32.53,13.02,251.75,153.21,69.02,54.38,17.29,36.43,24.93,36.09,21.09,175.36,196.81,145.24,110.07,88.25,101.96,48.55,38.66,64.54,51.03,28.34,37.75,418.41,207.16,82.49,68.86,37.60,53.51,30.41,24.59,14.77,25.67,30.51,20.34,20.95,23.54,27.44,24.47,137.88,126.89,73.65,60.09,41.84,44.73,28.22,24.11,11.90,37.90,35.90,26.82,5.24,10.69,309.66,56.24,81.39,58.10,59.55,10.30,15.03,39.52,38.21,33.21,449.94,111.95,75.38,24.39,27.84,42.90,19.57,39.67,35.90,19.85,40.51,33.99,15.24,675.80,136.46,68.40,66.48,68.14,93.09,60.34,41.93,25.41,21.32,42.83,36.06,40.30,47.50,5.06,25.81,26.13,16.39,162.84,85.84,81.08,42.62,13.18,28.23,29.95,21.82,26.82,32.68,30.51,11.62,99.54,31.78,42.47,52.77,33.21,27.47,28.36,16.92,28.96,20.86,12.92,216.82,5.19,7.57,45.18,84.42,51.26,27.24,14.01,96.82,36.76,31.39,31.85,37.89,19.57,51.94,27.56,23.24,26.19,19.77,12.62,33.32,31.75,31.38,17.48,85.08,26.13,19.76,256.00,1500.00,620.00,300.00,370.00,400.00,240.00,500.00,100.00,110.00,100.00,200.00,60.00,60.00,50.00,60.00,400.00,270.00,0.00,0.00,0.00,0.00,0.00,0.00,0.00,0.00,0.00,0.00,0.00,0.00,0.00,0.00,0.00,0.00,0.00,0.00,0.00,0.00,0.00,0.00,0.00,0.00,0.00,0.00,0.00,0.00,0.00,0.00,0.00,0.00,0.00,0.00,0.00,0.00,0.00,0.00,0.00,0.00,0.00,0.00,0.00,0.00,0.00,0.00,0.00,0.00,0.00,0.00,0.00,0.00,0.00,0.00,0.00,0.00,0.00,0.00,0.00,0.00,0.00,0.00,0.00,0.00,0.00,0.00,0.00,0.00,0.00,0.00,0.00,0.00,0.00,0.00,0.00,0.00,0.00,0.00,0.00,0.00,0.00,0.00,0.00,0.00,0.00,0.00,0.00,0.00,0.00,0.00,0.00,0.00,0.00,0.00,0.00,0.00,0.00,0.00,0.00,0.00,0.00,0.00,0.00,0.00,0.00,0.00,0.00,0.00,0.00,0.00,0.00,0.00,0.00,0.00,0.00,0.00,0.00,0.00,0.00,0.00,0.00,0.00,0.00,0.00,0.00,0.00,0.00,0.00,0.00,0.00,0.00,0.00,0.00,0.00,0.00,0.00,0.00,0.00,0.00,0.00,0.00,0.00,0.00,0.00,0.00,0.00,0.00,0.00,0.00,0.00
1981,2398.13,79.20,129.96,51.00,55.12,43.87,56.56,61.71,14.42,24.16,64.90,42.23,5.38,22.42,12.40,29.98,71.20,976.80,109.25,45.17,65.79,64.18,116.92,30.72,59.13,68.99,43.07,32.05,35.09,35.62,12.03,24.76,176.28,223.05,272.94,242.97,65.16,105.65,92.83,34.01,10.77,37.22,33.74,37.28,50.16,12.26,354.99,94.83,89.39,57.16,31.23,52.27,50.93,54.53,53.19,29.19,29.81,49.10,34.17,254.28,137.60,64.72,54.94,36.00,58.29,25.37,46.53,27.30,23.88,56.67,4.82,27.08,518.93,30.39,20.81,26.99,13.09,14.85,12.49,29.82,31.05,9.20,13.73,52.56,124.26,98.41,78.69,37.07,33.25,12.95,256.93,156.58,70.68,55.61,17.87,37.28,25.13,37.31,21.75,178.86,200.66,148.09,112.22,90.19,104.16,49.50,39.05,66.18,52.14,28.99,38.60,420.28,208.35,83.18,69.43,37.91,54.04,30.68,24.82,14.95,25.94,30.86,20.60,21.15,23.79,27.75,24.70,139.40,128.36,74.26,60.80,42.38,45.34,28.63,24.51,12.05,38.48,36.45,27.25,5.41,10.84,312.60,57.28,82.49,58.97,60.22,10.40,15.20,40.10,38.87,33.92,453.66,113.20,76.15,24.67,28.12,43.34,19.60,40.23,36.35,20.15,41.00,34.49,15.47,681.10,138.00,69.09,67.27,68.39,94.45,61.14,42.46,25.78,21.52,43.42,36.53,40.86,48.14,5.15,26.13,26.47,16.61,164.79,86.88,81.84,43.28,13.37,28.61,30.34,22.40,27.19,33.14,30.95,11.78,100.71,32.23,43.02,53.43,33.65,27.81,28.79,17.14,29.35,21.15,13.08,218.24,5.08,7.54,45.88,86.03,52.05,27.76,13.79,98.32,37.47,31.98,32.45,38.74,19.98,52.64,27.85,23.61,26.57,20.10,12.87,34.23,32.49,32.22,17.93,85.91,26.54,20.13,256.00,1500.00,620.00,300.00,370.00,400.00,240.00,500.00,100.00,110.00,100.00,200.00,60.00,60.00,50.00,60.00,400.00,270.00,0.00,0.00,0.00,0.00,0.00,0.00,0.00,0.00,0.00,0.00,0.00,0.00,0.00,0.00,0.00,0.00,0.00,0.00,0.00,0.00,0.00,0.00,0.00,0.00,0.00,0.00,0.00,0.00,0.00,0.00,0.00,0.00,0.00,0.00,0.00,0.00,0.00,0.00,0.00,0.00,0.00,0.00,0.00,0.00,0.00,0.00,0.00,0.00,0.00,0.00,0.00,0.00,0.00,0.00,0.00,0.00,0.00,0.00,0.00,0.00,0.00,0.00,0.00,0.00,0.00,0.00,0.00,0.00,0.00,0.00,0.00,0.00,0.00,0.00,0.00,0.00,0.00,0.00,0.00,0.00,0.00,0.00,0.00,0.00,0.00,0.00,0.00,0.00,0.00,0.00,0.00,0.00,0.00,0.00,0.00,0.00,0.00,0.00,0.00,0.00,0.00,0.00,0.00,0.00,0.00,0.00,0.00,0.00,0.00,0.00,0.00,0.00,0.00,0.00,0.00,0.00,0.00,0.00,0.00,0.00,0.00,0.00,0.00,0.00,0.00,0.00,0.00,0.00,0.00,0.00,0.00,0.00,0.00,0.00,0.00,0.00,0.00,0.00,0.00,0.00,0.00,0.00,0.00,0.00,0.00,0.00,0.00,0.00,0.00,0.00
1982,2421.09,80.03,131.26,51.86,55.75,44.41,57.22,62.46,14.31,24.43,65.61,42.71,4.99,22.71,12.55,30.40,72.50,982.06,110.32,45.19,66.48,64.39,117.92,31.36,59.40,69.78,43.67,32.39,35.50,36.03,12.15,25.30,178.38,225.71,275.59,244.65,65.98,107.17,93.94,34.94,10.69,37.79,34.16,37.79,50.89,12.29,359.97,96.36,90.75,58.03,31.81,53.11,51.79,55.51,53.98,29.65,30.17,50.01,34.74,257.42,139.26,65.54,55.67,36.53,59.19,25.86,47.18,27.68,24.23,57.40,4.75,27.45,524.88,30.88,21.21,27.40,12.76,15.20,12.84,30.89,31.64,9.33,13.85,54.13,126.77,100.33,80.36,37.91,33.99,12.85,262.26,160.05,72.39,56.88,18.46,38.14,25.13,38.77,22.42,182.47,204.63,151.03,114.43,92.18,106.40,50.49,39.63,67.69,53.28,29.66,39.48,422.14,209.54,83.86,70.00,38.22,54.56,30.96,25.05,15.13,26.21,31.22,20.86,21.34,24.04,28.05,24.93,140.94,129.85,74.94,61.52,42.92,45.97,29.05,24.91,12.15,39.05,37.01,27.68,5.56,11.00,315.59,58.25,83.60,59.85,60.87,10.50,15.45,40.69,39.54,34.67,457.43,114.47,76.94,24.95,28.40,43.79,19.70,40.73,36.81,20.45,41.50,34.99,15.70,686.58,139.57,69.81,68.08,69.05,95.44,61.95,43.00,26.20,21.69,44.02,37.02,41.44,48.80,5.24,26.47,26.81,16.84,166.80,87.94,82.71,43.97,13.57,29.01,30.74,22.91,27.56,33.61,31.40,11.95,101.89,32.68,43.58,54.10,34.09,28.15,29.21,17.36,29.74,21.43,13.25,219.73,4.99,7.49,46.61,87.74,52.86,28.30,13.53,99.94,38.21,32.60,33.07,39.60,20.34,53.37,28.10,24.07,26.97,20.45,13.12,35.18,33.28,33.09,18.40,86.74,26.94,20.50,256.00,1500.00,620.00,300.00,370.00,400.00,240.00,500.00,100.00,110.00,100.00,200.00,60.00,60.00,50.00,60.00,400.00,270.00,0.00,0.00,0.00,0.00,0.00,0.00,0.00,0.00,0.00,0.00,0.00,0.00,0.00,0.00,0.00,0.00,0.00,0.00,0.00,0.00,0.00,0.00,0.00,0.00,0.00,0.00,0.00,0.00,0.00,0.00,0.00,0.00,0.00,0.00,0.00,0.00,0.00,0.00,0.00,0.00,0.00,0.00,0.00,0.00,0.00,0.00,0.00,0.00,0.00,0.00,0.00,0.00,0.00,0.00,0.00,0.00,0.00,0.00,0.00,0.00,0.00,0.00,0.00,0.00,0.00,0.00,0.00,0.00,0.00,0.00,0.00,0.00,0.00,0.00,0.00,0.00,0.00,0.00,0.00,0.00,0.00,0.00,0.00,0.00,0.00,0.00,0.00,0.00,0.00,0.00,0.00,0.00,0.00,0.00,0.00,0.00,0.00,0.00,0.00,0.00,0.00,0.00,0.00,0.00,0.00,0.00,0.00,0.00,0.00,0.00,0.00,0.00,0.00,0.00,0.00,0.00,0.00,0.00,0.00,0.00,0.00,0.00,0.00,0.00,0.00,0.00,0.00,0.00,0.00,0.00,0.00,0.00,0.00,0.00,0.00,0.00,0.00,0.00,0.00,0.00,0.00,0.00,0.00,0.00,0.00,0.00,0.00,0.00,0.00,0.00
1983,2443.72,80.89,132.59,52.55,56.40,44.97,57.90,63.22,14.38,24.71,66.34,43.21,4.66,23.01,12.70,30.84,73.76,987.09,111.41,45.58,67.24,64.45,118.94,31.60,60.07,70.57,44.28,32.74,35.91,36.44,12.27,25.95,180.57,228.48,278.34,246.86,66.83,108.32,95.08,35.91,10.57,38.37,34.60,38.32,51.64,12.33,365.05,97.92,92.14,58.91,32.38,53.96,52.67,56.51,54.77,30.11,30.55,50.93,35.33,260.62,140.95,66.37,56.40,37.07,60.09,26.27,47.85,28.06,24.59,58.15,4.76,27.83,530.68,31.38,21.62,27.80,12.47,15.56,13.19,31.90,32.23,9.60,14.00,55.65,129.30,102.26,82.05,38.75,34.74,12.81,267.74,163.63,74.14,58.19,19.05,39.03,25.25,40.15,23.11,186.10,208.63,153.98,116.66,94.19,108.68,51.48,40.25,69.17,54.43,30.33,40.36,423.88,210.66,84.53,70.54,38.52,55.06,31.22,25.28,15.30,26.48,31.56,21.12,21.53,24.29,28.35,25.15,142.47,131.32,75.72,62.23,43.46,46.58,29.46,25.31,12.20,39.63,37.56,28.11,5.65,11.15,318.60,59.23,84.71,60.74,61.51,10.66,15.65,41.28,40.21,35.45,461.34,115.77,77.75,25.23,28.70,44.24,19.77,41.29,37.28,20.76,42.00,35.51,15.94,692.01,141.15,70.52,68.89,69.96,96.19,62.77,43.55,26.54,21.94,44.61,37.50,42.01,49.45,5.36,26.78,27.15,17.08,168.82,89.00,83.32,44.64,13.73,29.41,31.14,23.67,27.93,34.08,31.84,12.12,103.05,33.12,44.13,54.76,34.53,28.49,29.64,17.57,30.13,21.71,13.41,221.12,4.91,7.49,47.32,89.43,53.65,28.83,13.26,101.30,38.94,33.22,33.70,40.48,20.98,54.11,28.59,24.29,27.36,20.79,13.37,36.12,34.06,33.97,18.87,87.54,27.34,20.86,256.00,1500.00,620.00,300.00,370.00,400.00,240.00,500.00,100.00,110.00,100.00,200.00,60.00,60.00,50.00,60.00,400.00,270.00,0.00,0.00,0.00,0.00,0.00,0.00,0.00,0.00,0.00,0.00,0.00,0.00,0.00,0.00,0.00,0.00,0.00,0.00,0.00,0.00,0.00,0.00,0.00,0.00,0.00,0.00,0.00,0.00,0.00,0.00,0.00,0.00,0.00,0.00,0.00,0.00,0.00,0.00,0.00,0.00,0.00,0.00,0.00,0.00,0.00,0.00,0.00,0.00,0.00,0.00,0.00,0.00,0.00,0.00,0.00,0.00,0.00,0.00,0.00,0.00,0.00,0.00,0.00,0.00,0.00,0.00,0.00,0.00,0.00,0.00,0.00,0.00,0.00,0.00,0.00,0.00,0.00,0.00,0.00,0.00,0.00,0.00,0.00,0.00,0.00,0.00,0.00,0.00,0.00,0.00,0.00,0.00,0.00,0.00,0.00,0.00,0.00,0.00,0.00,0.00,0.00,0.00,0.00,0.00,0.00,0.00,0.00,0.00,0.00,0.00,0.00,0.00,0.00,0.00,0.00,0.00,0.00,0.00,0.00,0.00,0.00,0.00,0.00,0.00,0.00,0.00,0.00,0.00,0.00,0.00,0.00,0.00,0.00,0.00,0.00,0.00,0.00,0.00,0.00,0.00,0.00,0.00,0.00,0.00,0.00,0.00,0.00,0.00,0.00,0.00
1984,2465.29,81.94,134.26,53.42,57.20,45.64,58.73,64.15,14.43,25.04,67.23,43.82,4.34,23.37,12.88,31.35,75.20,993.56,112.64,45.92,68.27,64.40,120.10,32.09,60.62,71.45,44.94,33.12,36.37,36.90,12.41,26.63,183.14,231.71,281.64,249.99,67.80,109.24,96.42,37.06,10.46,39.02,35.11,38.93,52.50,12.30,371.10,99.74,93.76,59.94,33.11,54.94,53.68,57.64,55.70,30.64,30.92,51.98,36.00,264.33,142.91,67.31,57.24,37.67,61.10,26.76,48.60,28.50,24.99,59.00,4.76,28.26,537.83,31.94,22.08,28.27,12.15,15.95,13.58,33.06,32.90,9.75,14.12,57.36,132.32,104.55,84.04,39.74,35.62,12.84,274.10,167.76,76.15,59.68,19.71,40.05,25.27,41.82,23.88,190.38,213.34,157.44,119.26,96.52,111.32,52.62,41.10,70.77,55.75,31.10,41.37,426.05,211.99,85.27,71.16,38.85,55.62,31.51,25.53,15.49,26.76,31.94,21.40,21.73,24.56,28.68,25.40,144.18,132.98,76.62,63.03,44.05,47.27,29.91,25.75,12.23,40.26,38.17,28.58,5.76,11.32,322.01,60.31,85.92,61.70,62.22,10.78,15.89,41.92,40.94,36.27,466.14,117.30,78.70,25.57,29.04,44.78,19.90,41.88,37.81,21.11,42.60,36.09,16.20,698.65,142.99,71.36,69.82,70.49,97.60,63.69,44.17,26.98,22.16,45.28,38.05,42.65,50.20,5.50,27.11,27.55,17.34,171.31,90.26,84.16,45.43,13.86,29.88,31.61,24.44,28.37,34.62,32.35,12.32,104.46,33.64,44.79,55.54,35.04,28.89,30.13,17.83,30.59,22.04,13.60,222.89,4.82,7.39,48.13,91.29,54.55,29.41,13.04,103.14,39.77,33.91,34.40,41.44,21.41,54.96,28.90,24.80,27.81,21.18,13.65,37.20,34.97,34.97,19.40,88.41,27.75,21.24,256.00,1500.00,620.00,300.00,370.00,400.00,240.00,500.00,100.00,110.00,100.00,200.00,60.00,60.00,50.00,60.00,400.00,270.00,0.00,0.00,0.00,0.00,0.00,0.00,0.00,0.00,0.00,0.00,0.00,0.00,0.00,0.00,0.00,0.00,0.00,0.00,0.00,0.00,0.00,0.00,0.00,0.00,0.00,0.00,0.00,0.00,0.00,0.00,0.00,0.00,0.00,0.00,0.00,0.00,0.00,0.00,0.00,0.00,0.00,0.00,0.00,0.00,0.00,0.00,0.00,0.00,0.00,0.00,0.00,0.00,0.00,0.00,0.00,0.00,0.00,0.00,0.00,0.00,0.00,0.00,0.00,0.00,0.00,0.00,0.00,0.00,0.00,0.00,0.00,0.00,0.00,0.00,0.00,0.00,0.00,0.00,0.00,0.00,0.00,0.00,0.00,0.00,0.00,0.00,0.00,0.00,0.00,0.00,0.00,0.00,0.00,0.00,0.00,0.00,0.00,0.00,0.00,0.00,0.00,0.00,0.00,0.00,0.00,0.00,0.00,0.00,0.00,0.00,0.00,0.00,0.00,0.00,0.00,0.00,0.00,0.00,0.00,0.00,0.00,0.00,0.00,0.00,0.00,0.00,0.00,0.00,0.00,0.00,0.00,0.00,0.00,0.00,0.00,0.00,0.00,0.00,0.00,0.00,0.00,0.00,0.00,0.00,0.00,0.00,0.00,0.00,0.00,0.00
1985,2486.62,83.02,135.95,54.25,58.00,46.32,59.57,65.10,14.53,25.39,68.15,44.43,4.04,23.74,13.07,31.88,76.64,1000.10,113.87,46.18,68.78,64.67,121.27,32.59,61.16,72.33,45.59,33.50,36.83,37.35,12.55,27.51,185.73,234.97,284.95,252.52,68.78,110.79,97.77,38.03,10.47,39.69,35.62,39.54,53.36,12.34,377.31,101.59,95.42,60.99,33.90,55.95,54.71,58.82,56.66,31.19,31.25,53.05,36.69,268.09,144.88,68.27,58.08,38.28,62.12,27.28,49.36,28.94,25.40,59.85,4.73,28.69,544.87,32.51,22.53,28.74,11.86,16.34,13.96,34.17,33.57,9.99,14.28,59.15,135.38,106.86,86.03,40.74,36.51,12.79,280.56,171.97,78.19,61.20,20.38,41.09,25.22,43.61,24.66,194.79,218.20,161.01,121.95,98.91,114.03,53.79,41.91,72.50,57.11,31.90,42.40,428.14,213.28,86.00,71.77,39.18,56.17,31.80,25.77,15.68,27.05,32.31,21.67,21.94,24.83,29.00,25.64,145.92,134.66,77.32,63.84,44.65,47.95,30.37,26.18,12.43,40.91,38.78,29.05,5.91,11.50,325.38,61.39,87.12,62.65,62.80,10.97,16.05,42.56,41.66,37.20,470.94,118.83,79.66,25.90,29.38,45.32,19.96,42.54,38.35,21.46,43.19,36.67,16.47,705.38,144.83,72.20,70.76,71.29,98.75,64.63,44.79,27.32,22.48,45.95,38.60,43.29,50.95,5.62,27.47,27.94,17.60,173.85,91.54,85.07,46.22,13.99,30.35,32.08,25.16,28.81,35.17,32.88,12.51,105.88,34.16,45.45,56.33,35.56,29.30,30.63,18.08,31.05,22.37,13.80,224.59,4.77,7.34,48.92,93.08,55.43,29.98,12.84,104.86,40.60,34.60,35.11,42.40,21.96,55.79,29.33,25.18,28.25,21.56,13.93,38.28,35.87,35.97,19.94,89.29,28.17,21.61,256.00,1500.00,620.00,300.00,370.00,400.00,240.00,500.00,100.00,110.00,100.00,200.00,60.00,60.00,50.00,60.00,400.00,270.00,0.00,0.00,0.00,0.00,0.00,0.00,0.00,0.00,0.00,0.00,0.00,0.00,0.00,0.00,0.00,0.00,0.00,0.00,0.00,0.00,0.00,0.00,0.00,0.00,0.00,0.00,0.00,0.00,0.00,0.00,0.00,0.00,0.00,0.00,0.00,0.00,0.00,0.00,0.00,0.00,0.00,0.00,0.00,0.00,0.00,0.00,0.00,0.00,0.00,0.00,0.00,0.00,0.00,0.00,0.00,0.00,0.00,0.00,0.00,0.00,0.00,0.00,0.00,0.00,0.00,0.00,0.00,0.00,0.00,0.00,0.00,0.00,0.00,0.00,0.00,0.00,0.00,0.00,0.00,0.00,0.00,0.00,0.00,0.00,0.00,0.00,0.00,0.00,0.00,0.00,0.00,0.00,0.00,0.00,0.00,0.00,0.00,0.00,0.00,0.00,0.00,0.00,0.00,0.00,0.00,0.00,0.00,0.00,0.00,0.00,0.00,0.00,0.00,0.00,0.00,0.00,0.00,0.00,0.00,0.00,0.00,0.00,0.00,0.00,0.00,0.00,0.00,0.00,0.00,0.00,0.00,0.00,0.00,0.00,0.00,0.00,0.00,0.00,0.00,0.00,0.00,0.00,0.00,0.00,0.00,0.00,0.00,0.00,0.00,0.00
1986,2506.36,84.00,137.50,55.17,58.74,46.95,60.34,65.97,14.47,25.70,68.98,45.00,3.75,24.07,13.25,32.36,77.99,1004.97,114.99,47.02,70.04,64.33,122.30,32.84,61.84,73.12,46.20,33.85,37.25,37.77,12.67,28.08,188.08,237.94,287.91,254.90,69.67,112.04,98.99,39.08,10.42,40.30,36.09,40.09,54.15,12.28,382.98,103.31,96.94,61.96,34.55,56.88,55.66,59.91,57.53,31.70,31.63,54.04,37.33,271.42,146.62,69.11,58.83,38.83,63.04,27.72,50.05,29.34,25.77,60.62,4.73,29.08,551.13,33.03,22.96,29.17,11.45,16.71,14.32,35.36,34.19,10.16,14.54,60.80,138.17,108.97,87.86,41.66,37.32,12.75,286.59,175.91,80.11,62.63,21.03,42.06,25.21,45.24,25.41,198.83,222.66,164.29,124.43,101.13,116.54,54.87,42.68,74.05,58.37,32.64,43.36,429.80,214.37,86.64,72.30,39.47,56.65,32.06,25.99,15.85,27.30,32.65,21.92,22.12,25.07,29.29,25.86,147.48,136.18,77.98,64.57,45.19,48.58,30.79,26.58,12.56,41.50,39.34,29.49,6.06,11.65,328.29,62.30,88.20,63.51,63.39,11.14,16.29,43.13,42.32,38.00,474.97,120.17,80.48,26.19,29.68,45.78,20.02,43.11,38.83,21.77,43.70,37.19,16.71,711.29,146.51,72.96,71.62,71.66,100.12,65.48,45.35,27.68,22.73,46.57,39.11,43.89,51.65,5.74,27.79,28.30,17.85,176.09,92.69,85.73,46.95,14.13,30.77,32.51,25.96,29.21,35.67,33.35,12.69,107.11,34.62,46.02,57.03,36.01,29.65,31.07,18.31,31.46,22.66,13.97,226.09,4.65,7.28,49.63,94.72,56.22,30.50,12.63,106.26,41.35,35.22,35.74,43.28,22.54,56.53,29.54,25.68,28.64,21.90,14.18,39.28,36.70,36.89,20.43,90.07,28.55,21.97,256.00,1500.00,620.00,300.00,370.00,400.00,240.00,500.00,100.00,110.00,100.00,200.00,60.00,60.00,50.00,60.00,400.00,270.00,0.00,0.00,0.00,0.00,0.00,0.00,0.00,0.00,0.00,0.00,0.00,0.00,0.00,0.00,0.00,0.00,0.00,0.00,0.00,0.00,0.00,0.00,0.00,0.00,0.00,0.00,0.00,0.00,0.00,0.00,0.00,0.00,0.00,0.00,0.00,0.00,0.00,0.00,0.00,0.00,0.00,0.00,0.00,0.00,0.00,0.00,0.00,0.00,0.00,0.00,0.00,0.00,0.00,0.00,0.00,0.00,0.00,0.00,0.00,0.00,0.00,0.00,0.00,0.00,0.00,0.00,0.00,0.00,0.00,0.00,0.00,0.00,0.00,0.00,0.00,0.00,0.00,0.00,0.00,0.00,0.00,0.00,0.00,0.00,0.00,0.00,0.00,0.00,0.00,0.00,0.00,0.00,0.00,0.00,0.00,0.00,0.00,0.00,0.00,0.00,0.00,0.00,0.00,0.00,0.00,0.00,0.00,0.00,0.00,0.00,0.00,0.00,0.00,0.00,0.00,0.00,0.00,0.00,0.00,0.00,0.00,0.00,0.00,0.00,0.00,0.00,0.00,0.00,0.00,0.00,0.00,0.00,0.00,0.00,0.00,0.00,0.00,0.00,0.00,0.00,0.00,0.00,0.00,0.00,0.00,0.00,0.00,0.00,0.00,0.00
1987,2524.55,84.84,138.82,55.88,59.38,47.50,61.01,66.73,14.49,25.97,69.70,45.49,3.46,24.37,13.40,32.79,79.17,1009.15,115.96,47.23,70.50,64.49,123.19,33.29,62.20,73.83,46.75,34.15,37.63,38.14,12.78,28.74,190.09,240.50,290.40,257.53,70.44,112.45,100.04,39.98,10.32,40.84,36.49,40.58,54.84,12.32,387.85,104.80,98.26,62.80,35.20,57.69,56.49,60.88,58.28,32.13,31.87,54.92,37.90,274.32,148.13,69.86,59.51,39.32,63.86,28.12,50.65,29.69,26.10,61.29,4.71,29.42,556.52,33.50,23.35,29.54,11.04,17.05,14.66,36.45,34.74,10.29,14.62,62.34,140.63,110.84,89.50,42.49,38.05,12.64,292.03,179.49,81.86,63.93,21.63,42.95,25.16,46.79,26.10,202.43,226.63,167.22,126.65,103.12,118.79,55.84,43.44,75.37,59.52,33.31,44.23,430.89,215.18,87.18,72.74,39.70,57.07,32.27,26.17,16.00,27.53,32.94,22.14,22.27,25.28,29.54,26.05,148.83,137.50,78.47,65.21,45.67,49.14,31.16,26.95,12.73,42.03,39.84,29.89,6.20,11.79,330.80,63.22,89.17,64.31,64.14,11.31,16.40,43.65,42.94,38.52,478.24,121.32,81.18,26.44,29.93,46.18,20.08,43.57,39.25,22.05,44.15,37.66,16.93,716.07,147.96,73.61,72.37,72.08,101.20,66.24,45.85,28.08,22.86,47.11,39.55,44.42,52.26,5.87,28.06,28.61,18.06,177.95,93.67,86.25,47.59,14.32,31.14,32.89,26.71,29.55,36.11,33.76,12.85,108.14,35.02,46.52,57.62,36.40,29.95,31.46,18.50,31.81,22.91,14.11,227.24,4.57,7.21,50.23,96.14,56.89,30.97,12.41,107.66,42.00,35.77,36.29,44.07,22.88,57.15,29.79,26.04,28.97,22.20,14.41,40.18,37.44,37.73,20.88,90.73,28.90,22.29,256.00,1500.00,620.00,300.00,370.00,400.00,240.00,500.00,100.00,110.00,100.00,200.00,60.00,60.00,50.00,60.00,400.00,270.00,0.00,0.00,0.00,0.00,0.00,0.00,0.00,0.00,0.00,0.00,0.00,0.00,0.00,0.00,0.00,0.00,0.00,0.00,0.00,0.00,0.00,0.00,0.00,0.00,0.00,0.00,0.00,0.00,0.00,0.00,0.00,0.00,0.00,0.00,0.00,0.00,0.00,0.00,0.00,0.00,0.00,0.00,0.00,0.00,0.00,0.00,0.00,0.00,0.00,0.00,0.00,0.00,0.00,0.00,0.00,0.00,0.00,0.00,0.00,0.00,0.00,0.00,0.00,0.00,0.00,0.00,0.00,0.00,0.00,0.00,0.00,0.00,0.00,0.00,0.00,0.00,0.00,0.00,0.00,0.00,0.00,0.00,0.00,0.00,0.00,0.00,0.00,0.00,0.00,0.00,0.00,0.00,0.00,0.00,0.00,0.00,0.00,0.00,0.00,0.00,0.00,0.00,0.00,0.00,0.00,0.00,0.00,0.00,0.00,0.00,0.00,0.00,0.00,0.00,0.00,0.00,0.00,0.00,0.00,0.00,0.00,0.00,0.00,0.00,0.00,0.00,0.00,0.00,0.00,0.00,0.00,0.00,0.00,0.00,0.00,0.00,0.00,0.00,0.00,0.00,0.00,0.00,0.00,0.00,0.00,0.00,0.00,0.00,0.00,0.00
1988,2542.10,85.67,140.12,56.74,60.01,48.04,61.67,67.48,14.37,26.24,70.41,45.97,3.20,24.66,13.55,33.22,80.33,1012.93,116.90,47.76,71.00,64.49,124.05,33.68,62.61,74.51,47.29,34.45,37.99,38.51,12.89,29.50,192.11,243.06,292.88,259.51,71.21,113.51,101.09,40.90,10.20,41.39,36.89,41.06,55.53,12.35,392.70,106.29,99.57,63.64,35.75,58.49,57.32,61.85,59.03,32.57,32.20,55.80,38.46,277.27,149.67,70.61,60.19,39.81,64.69,28.50,51.27,30.04,26.43,61.97,4.73,29.77,561.75,33.96,23.73,29.91,10.67,17.38,14.99,37.49,35.29,10.52,14.73,64.03,143.13,112.73,91.16,43.33,38.79,12.40,297.45,183.06,83.61,65.22,22.23,43.84,24.90,48.53,26.80,206.06,230.63,170.18,128.90,105.13,121.07,56.82,43.97,76.93,60.67,33.99,45.11,431.88,215.95,87.68,73.16,39.93,57.46,32.47,26.35,16.14,27.74,33.23,22.35,22.41,25.48,29.78,26.23,150.14,138.77,78.96,65.83,46.13,49.68,31.53,27.30,12.88,42.55,40.34,30.27,6.33,11.93,333.34,64.09,90.14,65.10,64.70,11.43,16.62,44.18,43.55,39.23,481.43,122.43,81.86,26.69,30.18,46.56,20.09,44.07,39.66,22.32,44.58,38.11,17.14,720.81,149.39,74.25,73.11,72.25,102.50,66.99,46.34,28.54,22.92,47.65,39.98,44.94,52.87,5.95,28.37,28.93,18.28,179.78,94.65,86.80,48.22,14.52,31.51,33.26,27.43,29.90,36.54,34.17,13.01,109.16,35.42,47.00,58.21,36.78,30.24,31.84,18.69,32.16,23.16,14.26,228.23,4.55,7.18,50.83,97.68,57.55,31.42,12.06,108.92,42.65,36.30,36.84,44.85,23.30,57.80,30.07,26.38,29.32,22.51,14.64,41.07,38.18,38.56,21.33,91.36,29.23,22.60,256.00,1500.00,620.00,300.00,370.00,400.00,240.00,500.00,100.00,110.00,100.00,200.00,60.00,60.00,50.00,60.00,400.00,270.00,0.00,0.00,0.00,0.00,0.00,0.00,0.00,0.00,0.00,0.00,0.00,0.00,0.00,0.00,0.00,0.00,0.00,0.00,0.00,0.00,0.00,0.00,0.00,0.00,0.00,0.00,0.00,0.00,0.00,0.00,0.00,0.00,0.00,0.00,0.00,0.00,0.00,0.00,0.00,0.00,0.00,0.00,0.00,0.00,0.00,0.00,0.00,0.00,0.00,0.00,0.00,0.00,0.00,0.00,0.00,0.00,0.00,0.00,0.00,0.00,0.00,0.00,0.00,0.00,0.00,0.00,0.00,0.00,0.00,0.00,0.00,0.00,0.00,0.00,0.00,0.00,0.00,0.00,0.00,0.00,0.00,0.00,0.00,0.00,0.00,0.00,0.00,0.00,0.00,0.00,0.00,0.00,0.00,0.00,0.00,0.00,0.00,0.00,0.00,0.00,0.00,0.00,0.00,0.00,0.00,0.00,0.00,0.00,0.00,0.00,0.00,0.00,0.00,0.00,0.00,0.00,0.00,0.00,0.00,0.00,0.00,0.00,0.00,0.00,0.00,0.00,0.00,0.00,0.00,0.00,0.00,0.00,0.00,0.00,0.00,0.00,0.00,0.00,0.00,0.00,0.00,0.00,0.00,0.00,0.00,0.00,0.00,0.00,0.00,0.00
1989,2558.83,86.50,141.44,57.49,60.65,48.59,62.33,68.23,14.36,26.50,71.12,46.46,2.95,24.95,13.70,33.65,81.48,1016.56,117.83,48.36,71.73,64.46,124.90,33.88,63.19,75.18,47.81,34.75,38.35,38.87,13.00,30.03,194.19,245.71,295.47,261.15,72.00,115.03,102.17,41.76,10.15,41.94,37.31,41.56,56.24,12.38,397.57,107.78,100.88,64.47,36.40,59.29,58.15,62.82,59.77,33.00,32.44,56.67,39.02,280.18,151.17,71.36,60.87,40.31,65.50,28.90,51.87,30.39,26.77,62.64,4.71,30.11,566.89,34.41,24.11,30.28,10.25,17.71,15.32,38.57,35.83,10.73,14.88,65.64,145.67,114.65,92.84,44.18,39.54,12.27,302.98,186.71,85.40,66.54,22.84,44.74,25.01,49.94,27.50,209.76,234.71,173.19,131.18,107.17,123.37,57.82,44.68,78.35,61.85,34.67,46.00,432.99,216.76,88.21,73.59,40.17,57.87,32.68,26.53,16.28,27.96,33.52,22.57,22.56,25.68,30.03,26.41,151.42,140.03,79.39,66.43,46.59,50.21,31.89,27.64,13.05,43.06,40.82,30.65,6.47,12.06,335.85,64.92,91.09,65.89,65.18,11.57,16.85,44.69,44.17,40.01,484.58,123.54,82.53,26.92,30.42,46.94,20.04,44.63,40.06,22.59,45.02,38.56,17.34,725.46,150.80,74.87,73.83,72.62,103.56,67.72,46.82,28.85,23.13,48.17,40.41,45.45,53.46,6.05,28.65,29.23,18.49,181.78,95.63,87.30,48.86,14.58,31.88,33.63,28.20,30.24,36.98,34.58,13.16,110.16,35.81,47.48,58.78,37.15,30.53,32.22,18.87,32.50,23.40,14.40,229.18,4.54,7.19,51.44,99.15,58.22,31.88,11.78,110.39,43.29,36.84,37.38,45.62,23.53,58.44,30.33,26.75,29.66,22.81,14.87,41.97,38.91,39.40,21.77,91.97,29.55,22.90,256.00,1500.00,620.00,300.00,370.00,400.00,240.00,500.00,100.00,110.00,100.00,200.00,60.00,60.00,50.00,60.00,400.00,270.00,0.00,0.00,0.00,0.00,0.00,0.00,0.00,0.00,0.00,0.00,0.00,0.00,0.00,0.00,0.00,0.00,0.00,0.00,0.00,0.00,0.00,0.00,0.00,0.00,0.00,0.00,0.00,0.00,0.00,0.00,0.00,0.00,0.00,0.00,0.00,0.00,0.00,0.00,0.00,0.00,0.00,0.00,0.00,0.00,0.00,0.00,0.00,0.00,0.00,0.00,0.00,0.00,0.00,0.00,0.00,0.00,0.00,0.00,0.00,0.00,0.00,0.00,0.00,0.00,0.00,0.00,0.00,0.00,0.00,0.00,0.00,0.00,0.00,0.00,0.00,0.00,0.00,0.00,0.00,0.00,0.00,0.00,0.00,0.00,0.00,0.00,0.00,0.00,0.00,0.00,0.00,0.00,0.00,0.00,0.00,0.00,0.00,0.00,0.00,0.00,0.00,0.00,0.00,0.00,0.00,0.00,0.00,0.00,0.00,0.00,0.00,0.00,0.00,0.00,0.00,0.00,0.00,0.00,0.00,0.00,0.00,0.00,0.00,0.00,0.00,0.00,0.00,0.00,0.00,0.00,0.00,0.00,0.00,0.00,0.00,0.00,0.00,0.00,0.00,0.00,0.00,0.00,0.00,0.00,0.00,0.00,0.00,0.00,0.00,0.00
1990,2576.65,87.37,142.81,58.31,61.30,49.15,63.01,69.01,14.30,26.78,71.86,46.96,2.70,25.25,13.85,34.09,82.65,1021.09,118.82,48.68,72.83,64.06,125.82,34.47,63.43,75.89,48.36,35.06,38.73,39.24,13.11,30.65,196.39,248.51,298.24,263.66,72.83,115.94,103.32,42.66,10.03,42.52,37.75,42.08,56.99,12.49,402.70,109.33,102.26,65.35,37.05,60.13,59.01,63.82,60.56,33.45,32.71,57.58,39.61,283.12,152.69,72.11,61.56,40.80,66.32,29.27,52.48,30.75,27.10,63.32,4.72,30.45,572.36,34.88,24.50,30.66,9.91,18.05,15.66,39.61,36.39,10.94,14.99,67.24,148.29,116.64,94.58,45.05,40.32,12.18,308.62,190.43,87.21,67.88,23.45,45.66,24.86,51.63,28.22,213.55,238.89,176.27,133.52,109.26,125.74,58.83,45.05,80.17,63.04,35.37,46.91,434.38,217.71,88.79,74.07,40.44,58.31,32.92,26.73,16.44,28.19,33.83,22.79,22.72,25.90,30.30,26.61,152.77,141.35,79.84,67.07,47.06,50.76,32.26,28.00,13.20,43.59,41.32,31.05,6.66,12.20,338.52,65.81,92.08,66.71,65.86,11.69,17.09,45.22,44.80,40.64,487.92,124.70,83.23,27.17,30.67,47.34,20.11,45.08,40.48,22.86,45.46,39.03,17.55,730.48,152.27,75.53,74.58,73.04,104.66,68.48,47.31,29.25,23.25,48.71,40.86,45.98,54.08,6.14,28.96,29.55,18.71,183.76,96.68,87.65,49.53,14.78,32.26,34.03,29.18,30.61,37.44,35.02,13.33,111.23,36.22,47.98,59.39,37.55,30.84,32.61,19.07,32.86,23.66,14.55,230.32,4.48,7.16,52.05,100.55,58.89,32.34,11.61,111.90,43.94,37.38,37.93,46.41,23.74,59.08,30.54,27.16,30.00,23.12,15.10,42.89,39.66,40.24,22.23,92.60,29.87,23.21,256.00,1500.00,620.00,300.00,370.00,400.00,240.00,500.00,100.00,110.00,100.00,200.00,60.00,60.00,50.00,60.00,400.00,270.00,0.00,0.00,0.00,0.00,0.00,0.00,0.00,0.00,0.00,0.00,0.00,0.00,0.00,0.00,0.00,0.00,0.00,0.00,0.00,0.00,0.00,0.00,0.00,0.00,0.00,0.00,0.00,0.00,0.00,0.00,0.00,0.00,0.00,0.00,0.00,0.00,0.00,0.00,0.00,0.00,0.00,0.00,0.00,0.00,0.00,0.00,0.00,0.00,0.00,0.00,0.00,0.00,0.00,0.00,0.00,0.00,0.00,0.00,0.00,0.00,0.00,0.00,0.00,0.00,0.00,0.00,0.00,0.00,0.00,0.00,0.00,0.00,0.00,0.00,0.00,0.00,0.00,0.00,0.00,0.00,0.00,0.00,0.00,0.00,0.00,0.00,0.00,0.00,0.00,0.00,0.00,0.00,0.00,0.00,0.00,0.00,0.00,0.00,0.00,0.00,0.00,0.00,0.00,0.00,0.00,0.00,0.00,0.00,0.00,0.00,0.00,0.00,0.00,0.00,0.00,0.00,0.00,0.00,0.00,0.00,0.00,0.00,0.00,0.00,0.00,0.00,0.00,0.00,0.00,0.00,0.00,0.00,0.00,0.00,0.00,0.00,0.00,0.00,0.00,0.00,0.00,0.00,0.00,0.00,0.00,0.00,0.00,0.00,0.00,0.00
1991,2592.70,88.08,143.93,58.99,61.85,49.62,63.58,69.67,14.25,27.01,72.48,47.38,2.48,25.50,13.98,34.47,83.65,1024.65,119.66,48.66,73.38,63.93,126.57,34.89,63.72,76.50,48.84,35.32,39.06,39.57,13.21,31.34,198.34,251.00,300.66,264.99,73.57,117.58,104.35,43.51,9.91,43.05,38.14,42.54,57.66,12.56,407.17,110.70,103.47,66.12,37.73,60.86,59.77,64.72,61.25,33.85,32.83,58.39,40.14,285.64,153.99,72.75,62.15,41.23,67.04,29.61,53.00,31.05,27.39,63.89,4.72,30.75,577.14,35.31,24.85,31.01,9.50,18.38,15.98,40.65,36.90,11.13,15.08,68.81,150.65,118.42,96.15,45.85,41.02,11.99,313.80,193.85,88.89,69.12,24.03,46.52,24.66,53.26,28.89,217.00,242.71,179.08,135.66,111.18,127.90,59.76,44.98,82.23,64.15,36.02,47.74,435.26,218.41,89.27,74.46,40.67,58.68,33.11,26.89,16.57,28.39,34.10,23.00,22.86,26.09,30.52,26.78,153.91,142.47,80.11,67.62,47.47,51.24,32.58,28.32,13.42,44.05,41.76,31.40,6.83,12.32,340.81,66.55,92.96,67.45,66.43,11.80,17.37,45.70,45.38,41.25,490.46,125.66,83.81,27.38,30.88,47.66,20.08,45.54,40.83,23.10,45.83,39.43,17.74,734.42,153.51,76.07,75.21,73.16,105.79,69.14,47.74,29.50,23.45,49.17,41.24,46.45,54.61,6.29,29.16,29.82,18.89,185.48,97.57,88.01,50.10,14.90,32.60,34.37,29.96,30.92,37.83,35.39,13.47,112.10,36.57,48.40,59.90,37.88,31.09,32.95,19.23,33.16,23.88,14.67,231.22,4.38,7.08,52.56,101.86,59.47,32.75,11.32,113.15,44.51,37.84,38.41,47.11,23.95,59.62,30.64,27.59,30.29,23.39,15.31,43.71,40.33,41.01,22.64,93.10,30.15,23.48,256.00,1500.00,620.00,300.00,370.00,400.00,240.00,500.00,100.00,110.00,100.00,200.00,60.00,60.00,50.00,60.00,400.00,270.00,0.00,0.00,0.00,0.00,0.00,0.00,0.00,0.00,0.00,0.00,0.00,0.00,0.00,0.00,0.00,0.00,0.00,0.00,0.00,0.00,0.00,0.00,0.00,0.00,0.00,0.00,0.00,0.00,0.00,0.00,0.00,0.00,0.00,0.00,0.00,0.00,0.00,0.00,0.00,0.00,0.00,0.00,0.00,0.00,0.00,0.00,0.00,0.00,0.00,0.00,0.00,0.00,0.00,0.00,0.00,0.00,0.00,0.00,0.00,0.00,0.00,0.00,0.00,0.00,0.00,0.00,0.00,0.00,0.00,0.00,0.00,0.00,0.00,0.00,0.00,0.00,0.00,0.00,0.00,0.00,0.00,0.00,0.00,0.00,0.00,0.00,0.00,0.00,0.00,0.00,0.00,0.00,0.00,0.00,0.00,0.00,0.00,0.00,0.00,0.00,0.00,0.00,0.00,0.00,0.00,0.00,0.00,0.00,0.00,0.00,0.00,0.00,0.00,0.00,0.00,0.00,0.00,0.00,0.00,0.00,0.00,0.00,0.00,0.00,0.00,0.00,0.00,0.00,0.00,0.00,0.00,0.00,0.00,0.00,0.00,0.00,0.00,0.00,0.00,0.00,0.00,0.00,0.00,0.00,0.00,0.00,0.00,0.00,0.00,0.00
1992,2609.02,88.87,145.17,59.58,62.45,50.14,64.20,70.39,14.34,27.26,73.15,47.85,2.30,25.77,14.12,34.87,84.68,1028.37,120.56,49.15,73.75,64.13,127.40,35.32,64.04,77.14,49.35,35.60,39.41,39.91,13.31,31.95,200.43,253.66,303.27,268.12,74.35,117.66,105.43,44.45,9.91,43.61,38.55,43.03,58.36,12.45,412.29,112.25,104.84,66.99,38.30,61.69,60.62,65.72,62.02,34.31,33.17,59.28,40.73,288.50,155.46,73.47,62.81,41.71,67.83,29.98,53.59,31.39,27.72,64.54,4.72,31.08,582.59,35.77,25.24,31.39,9.18,18.71,16.31,41.66,37.45,11.26,15.24,70.39,153.24,120.39,97.86,46.71,41.78,11.89,319.51,197.62,90.74,70.47,24.65,47.46,24.30,55.18,29.61,220.82,246.93,182.18,138.01,113.29,130.28,60.78,45.85,83.57,65.35,36.72,48.66,436.47,219.26,89.80,74.90,40.91,59.09,33.32,27.08,16.72,28.61,34.39,23.21,23.01,26.29,30.77,26.96,155.13,143.68,80.59,68.20,47.90,51.75,32.92,28.65,13.49,44.54,42.23,31.76,6.99,12.45,343.36,67.45,93.91,68.23,67.00,11.89,17.58,46.21,45.99,41.94,493.55,126.76,84.48,27.61,31.11,48.03,19.95,46.16,41.22,23.36,46.25,39.88,17.94,739.00,154.87,76.67,75.91,72.91,107.45,69.85,48.20,29.77,23.66,49.68,41.65,46.94,55.19,6.37,29.44,30.12,19.10,187.49,98.57,88.24,50.74,14.98,32.97,34.75,31.01,31.27,38.27,35.80,13.63,113.10,36.95,48.88,60.47,38.25,31.38,33.32,19.42,33.50,24.12,14.81,232.15,4.35,7.04,53.15,103.34,60.11,33.19,11.01,114.41,45.14,38.36,38.94,47.87,24.33,60.24,30.91,27.93,30.62,23.68,15.53,44.61,41.07,41.84,23.09,93.65,30.44,23.75,256.00,1500.00,620.00,300.00,370.00,400.00,240.00,500.00,100.00,110.00,100.00,200.00,60.00,60.00,50.00,60.00,400.00,270.00,0.00,0.00,0.00,0.00,0.00,0.00,0.00,0.00,0.00,0.00,0.00,0.00,0.00,0.00,0.00,0.00,0.00,0.00,0.00,0.00,0.00,0.00,0.00,0.00,0.00,0.00,0.00,0.00,0.00,0.00,0.00,0.00,0.00,0.00,0.00,0.00,0.00,0.00,0.00,0.00,0.00,0.00,0.00,0.00,0.00,0.00,0.00,0.00,0.00,0.00,0.00,0.00,0.00,0.00,0.00,0.00,0.00,0.00,0.00,0.00,0.00,0.00,0.00,0.00,0.00,0.00,0.00,0.00,0.00,0.00,0.00,0.00,0.00,0.00,0.00,0.00,0.00,0.00,0.00,0.00,0.00,0.00,0.00,0.00,0.00,0.00,0.00,0.00,0.00,0.00,0.00,0.00,0.00,0.00,0.00,0.00,0.00,0.00,0.00,0.00,0.00,0.00,0.00,0.00,0.00,0.00,0.00,0.00,0.00,0.00,0.00,0.00,0.00,0.00,0.00,0.00,0.00,0.00,0.00,0.00,0.00,0.00,0.00,0.00,0.00,0.00,0.00,0.00,0.00,0.00,0.00,0.00,0.00,0.00,0.00,0.00,0.00,0.00,0.00,0.00,0.00,0.00,0.00,0.00,0.00,0.00,0.00,0.00,0.00,0.00
1993,2624.79,89.72,146.52,60.32,63.09,50.69,64.87,71.16,14.35,27.53,73.88,48.34,2.11,26.07,14.27,35.30,85.78,1032.92,121.53,49.44,74.20,64.06,128.28,35.67,64.50,77.82,49.87,35.90,39.77,40.28,13.42,32.85,202.72,256.57,306.15,269.65,75.21,119.70,106.62,45.45,9.79,44.20,39.00,43.57,59.12,12.47,417.92,113.92,106.32,67.94,38.95,62.59,61.54,66.78,62.87,34.80,33.51,60.24,41.36,291.64,157.07,74.25,63.52,42.22,68.68,30.41,54.21,31.76,28.06,65.25,4.70,31.44,588.42,36.27,25.65,31.81,8.80,19.07,16.66,42.77,38.03,11.47,15.57,72.22,156.12,122.58,99.74,47.66,42.61,11.70,325.76,201.74,92.74,71.94,25.31,48.48,24.08,57.07,30.38,225.02,251.57,185.59,140.59,115.59,132.87,61.89,46.12,85.71,66.67,37.49,49.65,438.02,220.28,90.41,75.40,41.19,59.54,33.56,27.28,16.87,28.84,34.70,23.44,23.18,26.51,31.04,27.16,156.43,144.95,81.01,68.81,48.35,52.29,33.28,28.99,13.67,45.05,42.71,32.14,7.14,12.58,346.04,68.36,94.88,69.04,67.42,12.00,17.80,46.73,46.61,42.82,497.01,127.95,85.21,27.86,31.37,48.44,19.91,46.73,41.64,23.64,46.70,40.35,18.15,744.24,156.38,77.34,76.67,73.58,108.33,70.62,48.70,30.03,23.94,50.22,42.10,47.48,55.81,6.49,29.72,30.44,19.32,189.57,99.68,88.67,51.44,15.22,33.38,35.17,31.99,31.65,38.75,36.25,13.80,114.23,37.38,49.40,61.11,38.66,31.70,33.73,19.62,33.87,24.38,14.97,233.20,4.30,7.01,53.80,104.84,60.82,33.67,10.80,115.74,45.81,38.92,39.52,48.68,24.80,60.92,31.06,28.45,30.98,24.00,15.77,45.59,41.89,42.75,23.59,94.25,30.75,24.04,256.00,1500.00,620.00,300.00,370.00,400.00,240.00,500.00,100.00,110.00,100.00,200.00,60.00,60.00,50.00,60.00,400.00,270.00,0.00,0.00,0.00,0.00,0.00,0.00,0.00,0.00,0.00,0.00,0.00,0.00,0.00,0.00,0.00,0.00,0.00,0.00,0.00,0.00,0.00,0.00,0.00,0.00,0.00,0.00,0.00,0.00,0.00,0.00,0.00,0.00,0.00,0.00,0.00,0.00,0.00,0.00,0.00,0.00,0.00,0.00,0.00,0.00,0.00,0.00,0.00,0.00,0.00,0.00,0.00,0.00,0.00,0.00,0.00,0.00,0.00,0.00,0.00,0.00,0.00,0.00,0.00,0.00,0.00,0.00,0.00,0.00,0.00,0.00,0.00,0.00,0.00,0.00,0.00,0.00,0.00,0.00,0.00,0.00,0.00,0.00,0.00,0.00,0.00,0.00,0.00,0.00,0.00,0.00,0.00,0.00,0.00,0.00,0.00,0.00,0.00,0.00,0.00,0.00,0.00,0.00,0.00,0.00,0.00,0.00,0.00,0.00,0.00,0.00,0.00,0.00,0.00,0.00,0.00,0.00,0.00,0.00,0.00,0.00,0.00,0.00,0.00,0.00,0.00,0.00,0.00,0.00,0.00,0.00,0.00,0.00,0.00,0.00,0.00,0.00,0.00,0.00,0.00,0.00,0.00,0.00,0.00,0.00,0.00,0.00,0.00,0.00,0.00,0.00
1994,2640.01,90.52,147.78,61.05,63.69,51.21,65.50,71.88,14.32,27.79,74.57,48.81,1.94,26.35,14.42,35.71,86.81,1037.23,122.44,49.55,74.33,64.01,129.11,36.09,64.85,78.46,50.37,36.18,40.12,40.62,13.53,33.97,204.90,259.33,308.88,271.50,76.02,121.23,107.75,46.50,9.70,44.77,39.43,44.07,59.85,12.37,423.30,115.52,107.75,68.85,39.65,63.45,62.43,67.81,63.69,35.27,33.76,61.16,41.98,294.64,158.60,75.00,64.20,42.72,69.50,30.81,54.82,32.11,28.40,65.93,4.68,31.79,594.20,36.75,26.04,32.20,8.41,19.42,17.00,43.87,38.59,11.60,15.66,73.85,158.92,124.71,101.56,48.58,43.42,11.65,331.80,205.72,94.68,73.36,25.95,49.48,23.91,58.88,31.14,229.04,256.00,188.84,143.05,117.80,135.35,62.96,46.46,87.67,67.94,38.22,50.60,439.39,221.20,90.98,75.86,41.45,59.97,33.78,27.47,17.02,29.07,35.00,23.66,23.33,26.72,31.29,27.35,157.68,146.19,81.57,69.40,48.78,52.83,33.63,29.33,13.70,45.54,43.18,32.51,7.26,12.71,348.66,69.04,95.84,69.84,68.10,12.23,18.10,47.24,47.23,43.42,500.31,129.10,85.92,28.10,31.62,48.83,19.91,47.25,42.05,23.90,47.14,40.80,18.35,749.11,157.81,77.96,77.39,74.01,109.36,71.36,49.18,30.45,24.01,50.73,42.53,47.98,56.41,6.59,29.99,30.74,19.52,191.56,100.73,89.30,52.10,15.43,33.76,35.57,32.69,32.02,39.21,36.68,13.97,115.29,37.79,49.90,61.71,39.06,32.00,34.12,19.82,34.23,24.63,15.12,234.22,4.22,6.95,54.39,106.23,61.48,34.12,10.61,116.92,46.45,39.44,40.06,49.45,25.29,61.56,31.19,28.95,31.32,24.30,16.00,46.55,42.67,43.63,24.07,94.80,31.04,24.31,256.00,1500.00,620.00,300.00,370.00,400.00,240.00,500.00,100.00,110.00,100.00,200.00,60.00,60.00,50.00,60.00,400.00,270.00,0.00,0.00,0.00,0.00,0.00,0.00,0.00,0.00,0.00,0.00,0.00,0.00,0.00,0.00,0.00,0.00,0.00,0.00,0.00,0.00,0.00,0.00,0.00,0.00,0.00,0.00,0.00,0.00,0.00,0.00,0.00,0.00,0.00,0.00,0.00,0.00,0.00,0.00,0.00,0.00,0.00,0.00,0.00,0.00,0.00,0.00,0.00,0.00,0.00,0.00,0.00,0.00,0.00,0.00,0.00,0.00,0.00,0.00,0.00,0.00,0.00,0.00,0.00,0.00,0.00,0.00,0.00,0.00,0.00,0.00,0.00,0.00,0.00,0.00,0.00,0.00,0.00,0.00,0.00,0.00,0.00,0.00,0.00,0.00,0.00,0.00,0.00,0.00,0.00,0.00,0.00,0.00,0.00,0.00,0.00,0.00,0.00,0.00,0.00,0.00,0.00,0.00,0.00,0.00,0.00,0.00,0.00,0.00,0.00,0.00,0.00,0.00,0.00,0.00,0.00,0.00,0.00,0.00,0.00,0.00,0.00,0.00,0.00,0.00,0.00,0.00,0.00,0.00,0.00,0.00,0.00,0.00,0.00,0.00,0.00,0.00,0.00,0.00,0.00,0.00,0.00,0.00,0.00,0.00,0.00,0.00,0.00,0.00,0.00,0.00
1995,2652.67,91.23,148.88,61.72,64.22,51.67,66.06,72.53,14.26,28.02,75.17,49.22,1.77,26.59,14.54,36.08,87.74,1040.48,123.23,49.66,74.74,63.78,129.82,36.45,65.15,79.02,50.82,36.42,40.42,40.93,13.62,34.82,206.85,261.81,311.28,273.67,76.74,122.01,108.77,47.45,9.64,45.29,39.82,44.53,60.51,12.27,428.16,116.98,109.04,69.66,40.29,64.24,63.23,68.75,64.42,35.69,33.98,62.00,42.54,297.29,159.94,75.66,64.81,43.16,70.23,31.16,55.36,32.43,28.70,66.52,4.67,32.10,599.25,37.18,26.41,32.56,7.95,19.74,17.32,44.98,39.11,11.87,15.69,75.57,161.54,126.71,103.27,49.45,44.19,11.42,337.37,209.42,96.49,74.68,26.55,50.41,23.61,60.70,31.85,232.79,260.15,191.89,145.37,119.88,137.68,63.95,46.73,89.58,69.12,38.92,51.50,440.41,221.95,91.48,76.27,41.68,60.34,33.98,27.64,17.15,29.27,35.27,23.86,23.47,26.91,31.52,27.52,158.80,147.30,81.88,69.94,49.19,53.31,33.95,29.64,13.85,46.00,43.61,32.85,7.44,12.83,350.91,69.66,96.69,70.57,68.52,12.43,18.40,47.70,47.80,44.15,503.09,130.12,86.53,28.31,31.83,49.16,19.84,47.76,42.41,24.14,47.52,41.22,18.54,753.07,159.03,78.49,78.00,74.55,110.07,72.00,49.59,30.67,24.22,51.19,42.90,48.43,56.93,6.70,30.21,31.00,19.71,193.34,101.67,89.91,52.70,15.60,34.11,35.92,33.28,32.34,39.62,37.07,14.11,116.23,38.15,50.35,62.25,39.40,32.27,34.47,19.99,34.55,24.86,15.25,234.95,4.17,6.95,54.93,107.56,62.07,34.53,10.34,118.30,47.04,39.92,40.55,50.16,25.44,62.11,31.26,29.42,31.61,24.57,16.21,47.43,43.40,44.44,24.51,95.26,31.30,24.56,256.00,1500.00,620.00,300.00,370.00,400.00,240.00,500.00,100.00,110.00,100.00,200.00,60.00,60.00,50.00,60.00,400.00,270.00,0.00,0.00,0.00,0.00,0.00,0.00,0.00,0.00,0.00,0.00,0.00,0.00,0.00,0.00,0.00,0.00,0.00,0.00,0.00,0.00,0.00,0.00,0.00,0.00,0.00,0.00,0.00,0.00,0.00,0.00,0.00,0.00,0.00,0.00,0.00,0.00,0.00,0.00,0.00,0.00,0.00,0.00,0.00,0.00,0.00,0.00,0.00,0.00,0.00,0.00,0.00,0.00,0.00,0.00,0.00,0.00,0.00,0.00,0.00,0.00,0.00,0.00,0.00,0.00,0.00,0.00,0.00,0.00,0.00,0.00,0.00,0.00,0.00,0.00,0.00,0.00,0.00,0.00,0.00,0.00,0.00,0.00,0.00,0.00,0.00,0.00,0.00,0.00,0.00,0.00,0.00,0.00,0.00,0.00,0.00,0.00,0.00,0.00,0.00,0.00,0.00,0.00,0.00,0.00,0.00,0.00,0.00,0.00,0.00,0.00,0.00,0.00,0.00,0.00,0.00,0.00,0.00,0.00,0.00,0.00,0.00,0.00,0.00,0.00,0.00,0.00,0.00,0.00,0.00,0.00,0.00,0.00,0.00,0.00,0.00,0.00,0.00,0.00,0.00,0.00,0.00,0.00,0.00,0.00,0.00,0.00,0.00,0.00,0.00,0.00
1996,2665.53,91.92,149.94,62.31,64.74,52.12,66.59,73.15,14.26,28.23,75.75,49.62,1.64,26.83,14.66,36.43,88.60,1043.65,123.99,49.75,75.08,63.78,130.51,36.79,65.45,79.56,51.25,36.66,40.72,41.22,13.71,35.47,208.73,264.18,313.57,274.85,77.44,123.65,109.74,48.30,9.53,45.79,40.19,44.97,61.14,12.28,432.86,118.40,110.29,70.45,40.95,64.99,64.02,69.67,65.13,36.11,34.14,62.82,43.08,299.81,161.22,76.29,65.39,43.58,70.93,31.52,55.88,32.73,28.99,67.09,4.64,32.39,603.99,37.61,26.76,32.91,7.65,20.06,17.63,45.90,39.61,12.06,15.91,77.16,164.07,128.63,104.92,50.29,44.94,11.27,342.67,212.94,98.22,75.94,27.14,51.30,23.45,62.31,32.53,236.42,264.15,194.82,147.60,121.88,139.93,64.91,46.92,91.49,70.27,39.59,52.36,441.22,222.60,91.94,76.64,41.89,60.69,34.16,27.79,17.28,29.45,35.53,24.04,23.59,27.08,31.73,27.68,159.89,148.38,82.22,70.46,49.58,53.79,34.26,29.95,13.93,46.45,44.03,33.18,7.63,12.94,353.12,70.55,97.52,71.30,68.72,12.48,18.56,48.16,48.36,45.10,505.62,131.06,87.10,28.51,32.03,49.48,19.74,48.27,42.75,24.37,47.88,41.61,18.71,756.75,160.19,78.98,78.59,74.92,110.86,72.61,49.97,30.92,24.37,51.62,43.26,48.86,57.42,6.85,30.37,31.25,19.88,195.09,102.54,90.13,53.27,15.67,34.43,36.26,34.18,32.65,40.00,37.43,14.25,117.13,38.50,50.77,62.77,39.74,32.52,34.80,20.16,34.86,25.07,15.38,235.79,4.10,6.85,55.44,108.85,62.63,34.92,10.08,119.35,47.60,40.38,41.02,50.85,25.82,62.64,31.45,29.76,31.89,24.82,16.41,48.29,44.10,45.24,24.95,95.71,31.55,24.81,256.00,1500.00,620.00,300.00,370.00,400.00,240.00,500.00,100.00,110.00,100.00,200.00,60.00,60.00,50.00,60.00,400.00,270.00,0.00,0.00,0.00,0.00,0.00,0.00,0.00,0.00,0.00,0.00,0.00,0.00,0.00,0.00,0.00,0.00,0.00,0.00,0.00,0.00,0.00,0.00,0.00,0.00,0.00,0.00,0.00,0.00,0.00,0.00,0.00,0.00,0.00,0.00,0.00,0.00,0.00,0.00,0.00,0.00,0.00,0.00,0.00,0.00,0.00,0.00,0.00,0.00,0.00,0.00,0.00,0.00,0.00,0.00,0.00,0.00,0.00,0.00,0.00,0.00,0.00,0.00,0.00,0.00,0.00,0.00,0.00,0.00,0.00,0.00,0.00,0.00,0.00,0.00,0.00,0.00,0.00,0.00,0.00,0.00,0.00,0.00,0.00,0.00,0.00,0.00,0.00,0.00,0.00,0.00,0.00,0.00,0.00,0.00,0.00,0.00,0.00,0.00,0.00,0.00,0.00,0.00,0.00,0.00,0.00,0.00,0.00,0.00,0.00,0.00,0.00,0.00,0.00,0.00,0.00,0.00,0.00,0.00,0.00,0.00,0.00,0.00,0.00,0.00,0.00,0.00,0.00,0.00,0.00,0.00,0.00,0.00,0.00,0.00,0.00,0.00,0.00,0.00,0.00,0.00,0.00,0.00,0.00,0.00,0.00,0.00,0.00,0.00,0.00,0.00
1997,2677.76,92.49,150.82,62.88,65.18,52.51,67.04,73.69,14.21,28.42,76.23,49.97,1.50,27.04,14.77,36.75,89.37,1046.29,124.66,49.58,75.92,63.18,131.10,37.07,65.74,80.04,51.64,36.87,40.98,41.48,13.79,36.09,210.29,266.17,315.41,276.16,78.02,124.60,110.55,49.19,9.39,46.23,40.50,45.34,61.69,12.18,437.04,119.69,111.40,71.15,41.65,65.67,64.71,70.51,65.76,36.47,34.18,63.56,43.57,302.01,162.32,76.84,65.90,43.96,71.55,31.85,56.34,32.99,29.25,67.59,4.60,32.65,608.17,37.98,27.08,33.21,7.33,20.34,17.91,46.77,40.06,12.20,15.93,78.59,166.33,130.34,106.39,51.05,45.61,11.13,347.52,216.18,99.82,77.11,27.70,52.12,23.09,64.02,33.17,239.63,267.70,197.43,149.59,123.67,141.94,65.77,47.19,93.11,71.30,40.19,53.15,441.70,223.09,92.32,76.94,42.07,60.98,34.31,27.93,17.39,29.61,35.75,24.21,23.70,27.23,31.91,27.81,160.80,149.31,82.36,70.91,49.91,54.20,34.54,30.22,14.14,46.84,44.41,33.48,7.81,13.04,354.91,71.20,98.23,71.95,69.09,12.65,18.72,48.55,48.87,45.74,507.63,131.87,87.58,28.67,32.19,49.74,19.67,48.67,43.04,24.57,48.19,41.95,18.86,759.50,161.14,79.38,79.07,74.88,111.84,73.13,50.30,31.03,24.60,51.98,43.56,49.23,57.84,6.94,30.55,31.46,20.03,196.65,103.28,90.47,53.77,15.68,34.72,36.55,34.80,32.91,40.33,37.74,14.37,117.86,38.80,51.12,63.20,40.01,32.73,35.09,20.29,35.11,25.25,15.48,236.35,4.05,6.82,55.88,109.93,63.11,35.27,9.86,120.26,48.09,40.78,41.43,51.46,26.11,63.08,31.53,30.11,32.12,25.04,16.58,49.07,44.73,45.96,25.34,96.08,31.77,25.03,256.00,1500.00,620.00,300.00,370.00,400.00,240.00,500.00,100.00,110.00,100.00,200.00,60.00,60.00,50.00,60.00,400.00,270.00,0.00,0.00,0.00,0.00,0.00,0.00,0.00,0.00,0.00,0.00,0.00,0.00,0.00,0.00,0.00,0.00,0.00,0.00,0.00,0.00,0.00,0.00,0.00,0.00,0.00,0.00,0.00,0.00,0.00,0.00,0.00,0.00,0.00,0.00,0.00,0.00,0.00,0.00,0.00,0.00,0.00,0.00,0.00,0.00,0.00,0.00,0.00,0.00,0.00,0.00,0.00,0.00,0.00,0.00,0.00,0.00,0.00,0.00,0.00,0.00,0.00,0.00,0.00,0.00,0.00,0.00,0.00,0.00,0.00,0.00,0.00,0.00,0.00,0.00,0.00,0.00,0.00,0.00,0.00,0.00,0.00,0.00,0.00,0.00,0.00,0.00,0.00,0.00,0.00,0.00,0.00,0.00,0.00,0.00,0.00,0.00,0.00,0.00,0.00,0.00,0.00,0.00,0.00,0.00,0.00,0.00,0.00,0.00,0.00,0.00,0.00,0.00,0.00,0.00,0.00,0.00,0.00,0.00,0.00,0.00,0.00,0.00,0.00,0.00,0.00,0.00,0.00,0.00,0.00,0.00,0.00,0.00,0.00,0.00,0.00,0.00,0.00,0.00,0.00,0.00,0.00,0.00,0.00,0.00,0.00,0.00,0.00,0.00,0.00,0.00
1998,2689.24,93.15,151.83,63.48,65.68,52.94,67.55,74.29,14.19,28.63,76.79,50.36,1.38,27.28,14.88,37.10,90.19,1049.26,125.38,49.62,76.57,62.96,131.74,37.71,65.70,80.55,52.05,37.09,41.27,41.76,13.87,36.61,212.00,268.34,317.47,277.06,78.65,126.23,111.43,50.06,9.30,46.70,40.84,45.74,62.27,12.10,441.64,121.11,112.60,71.93,42.41,66.41,65.47,71.42,66.45,36.88,34.22,64.35,44.10,304.50,163.57,77.45,66.47,44.37,72.23,32.19,56.85,33.29,29.53,68.14,4.58,32.93,612.52,38.38,27.42,33.54,7.01,20.64,18.20,47.68,40.53,12.45,16.10,80.11,168.81,132.22,108.01,51.87,46.35,11.01,352.85,219.70,101.56,78.37,28.29,53.02,22.65,65.91,33.86,243.22,271.67,200.34,151.80,125.67,144.18,66.73,47.13,95.27,72.44,40.86,54.01,442.30,223.63,92.72,77.26,42.26,61.29,34.47,28.07,17.50,29.78,35.98,24.38,23.81,27.38,32.11,27.95,161.80,150.32,82.73,71.40,50.27,54.65,34.83,30.50,14.25,47.25,44.80,33.80,7.89,13.15,356.90,71.93,99.00,72.63,69.41,12.81,18.86,48.97,49.39,46.48,510.10,132.79,88.14,28.86,32.39,50.05,19.75,48.99,43.37,24.79,48.54,42.33,19.03,762.85,162.22,79.83,79.61,75.56,112.26,73.70,50.66,31.38,24.62,52.38,43.89,49.64,58.31,7.03,30.75,31.69,20.19,198.26,104.13,90.86,54.32,15.85,35.03,36.87,35.50,33.21,40.71,38.09,14.51,118.71,39.14,51.53,63.70,40.33,32.97,35.42,20.45,35.40,25.46,15.60,236.96,3.97,6.85,56.36,111.27,63.64,35.65,9.47,121.19,48.61,41.21,41.87,52.11,26.53,63.57,31.59,30.54,32.38,25.29,16.77,49.89,45.40,46.72,25.76,96.49,32.01,25.26,256.00,1500.00,620.00,300.00,370.00,400.00,240.00,500.00,100.00,110.00,100.00,200.00,60.00,60.00,50.00,60.00,400.00,270.00,0.00,0.00,0.00,0.00,0.00,0.00,0.00,0.00,0.00,0.00,0.00,0.00,0.00,0.00,0.00,0.00,0.00,0.00,0.00,0.00,0.00,0.00,0.00,0.00,0.00,0.00,0.00,0.00,0.00,0.00,0.00,0.00,0.00,0.00,0.00,0.00,0.00,0.00,0.00,0.00,0.00,0.00,0.00,0.00,0.00,0.00,0.00,0.00,0.00,0.00,0.00,0.00,0.00,0.00,0.00,0.00,0.00,0.00,0.00,0.00,0.00,0.00,0.00,0.00,0.00,0.00,0.00,0.00,0.00,0.00,0.00,0.00,0.00,0.00,0.00,0.00,0.00,0.00,0.00,0.00,0.00,0.00,0.00,0.00,0.00,0.00,0.00,0.00,0.00,0.00,0.00,0.00,0.00,0.00,0.00,0.00,0.00,0.00,0.00,0.00,0.00,0.00,0.00,0.00,0.00,0.00,0.00,0.00,0.00,0.00,0.00,0.00,0.00,0.00,0.00,0.00,0.00,0.00,0.00,0.00,0.00,0.00,0.00,0.00,0.00,0.00,0.00,0.00,0.00,0.00,0.00,0.00,0.00,0.00,0.00,0.00,0.00,0.00,0.00,0.00,0.00,0.00,0.00,0.00,0.00,0.00,0.00,0.00,0.00,0.00
1999,2700.89,93.81,152.84,64.07,66.18,53.38,68.06,74.89,14.19,28.84,77.34,50.76,1.26,27.52,15.00,37.45,91.01,1052.52,126.15,49.81,76.95,62.96,132.44,38.17,65.88,81.08,52.47,37.33,41.56,42.06,13.96,37.23,213.73,270.55,319.58,279.02,79.29,126.88,112.33,50.80,9.27,47.17,41.18,46.14,62.86,12.09,446.29,122.53,113.84,72.71,43.03,67.15,66.24,72.34,67.15,37.28,34.41,65.16,44.64,307.11,164.88,78.09,67.06,44.80,72.94,32.51,57.37,33.60,29.83,68.72,4.59,33.23,617.18,38.79,27.77,33.87,6.68,20.94,18.50,48.62,41.01,12.64,16.13,81.71,171.35,134.14,109.66,52.71,47.10,10.85,358.33,223.31,103.34,79.65,28.90,53.93,22.30,67.74,34.56,246.89,275.72,203.31,154.05,127.70,146.45,67.71,47.89,96.66,73.60,41.54,54.89,442.97,224.21,93.14,77.60,42.46,61.61,34.63,28.21,17.61,29.95,36.22,24.55,23.92,27.54,32.30,28.09,162.83,151.37,83.12,71.91,50.64,55.11,35.13,30.79,14.28,47.68,45.21,34.12,8.04,13.26,358.92,72.43,99.76,73.31,69.68,13.01,19.19,49.38,49.92,47.29,512.64,133.73,88.70,29.05,32.59,50.36,19.64,49.48,43.70,25.01,48.90,42.71,19.20,766.48,163.34,80.30,80.17,76.27,112.69,74.29,51.04,31.51,24.88,52.80,44.24,50.07,58.79,7.15,30.94,31.93,20.36,199.93,104.99,91.30,54.87,15.99,35.35,37.21,36.16,33.51,41.09,38.45,14.64,119.58,39.48,51.94,64.21,40.65,33.22,35.75,20.61,35.70,25.67,15.73,237.71,3.88,6.77,56.86,112.45,64.18,36.03,9.28,121.96,49.15,41.64,42.32,52.77,27.12,64.08,31.68,30.97,32.65,25.53,16.97,50.74,46.08,47.49,26.19,96.94,32.26,25.50,256.00,1500.00,620.00,300.00,370.00,400.00,240.00,500.00,100.00,110.00,100.00,200.00,60.00,60.00,50.00,60.00,400.00,270.00,0.00,0.00,0.00,0.00,0.00,0.00,0.00,0.00,0.00,0.00,0.00,0.00,0.00,0.00,0.00,0.00,0.00,0.00,0.00,0.00,0.00,0.00,0.00,0.00,0.00,0.00,0.00,0.00,0.00,0.00,0.00,0.00,0.00,0.00,0.00,0.00,0.00,0.00,0.00,0.00,0.00,0.00,0.00,0.00,0.00,0.00,0.00,0.00,0.00,0.00,0.00,0.00,0.00,0.00,0.00,0.00,0.00,0.00,0.00,0.00,0.00,0.00,0.00,0.00,0.00,0.00,0.00,0.00,0.00,0.00,0.00,0.00,0.00,0.00,0.00,0.00,0.00,0.00,0.00,0.00,0.00,0.00,0.00,0.00,0.00,0.00,0.00,0.00,0.00,0.00,0.00,0.00,0.00,0.00,0.00,0.00,0.00,0.00,0.00,0.00,0.00,0.00,0.00,0.00,0.00,0.00,0.00,0.00,0.00,0.00,0.00,0.00,0.00,0.00,0.00,0.00,0.00,0.00,0.00,0.00,0.00,0.00,0.00,0.00,0.00,0.00,0.00,0.00,0.00,0.00,0.00,0.00,0.00,0.00,0.00,0.00,0.00,0.00,0.00,0.00,0.00,0.00,0.00,0.00,0.00,0.00,0.00,0.00,0.00,0.00
2000,2711.70,94.40,153.75,64.65,66.64,53.78,68.52,75.43,14.14,29.04,77.84,51.12,1.15,27.73,15.11,37.77,91.76,1054.76,126.83,50.38,77.61,62.71,133.04,38.47,66.16,81.56,52.86,37.53,41.83,42.32,14.04,37.70,215.33,272.59,321.50,280.17,79.88,128.09,113.16,51.74,9.09,47.61,41.50,46.52,63.40,11.99,450.69,123.88,115.02,73.44,43.46,67.85,66.98,73.21,67.81,37.66,34.75,65.93,45.14,309.52,166.08,78.69,67.61,45.21,73.59,32.84,57.86,33.88,30.10,69.26,4.57,33.51,621.63,39.17,28.09,34.18,6.35,21.22,18.78,49.51,41.46,12.69,16.09,83.29,173.74,135.94,111.21,53.51,47.80,10.62,363.51,226.74,105.04,80.87,29.48,54.80,22.07,69.39,35.23,250.35,279.54,206.14,156.19,129.63,148.61,68.66,48.03,98.56,74.70,42.18,55.73,443.43,224.69,93.50,77.89,42.63,61.89,34.78,28.34,17.72,30.11,36.43,24.71,24.03,27.69,32.48,28.22,163.80,152.35,83.50,72.39,50.99,55.54,35.41,31.07,14.37,48.08,45.60,34.43,8.15,13.36,360.83,72.99,100.49,73.97,69.94,13.15,19.49,49.78,50.44,48.07,514.84,134.58,89.20,29.22,32.76,50.64,19.57,49.91,44.00,25.22,49.22,43.06,19.36,769.62,164.36,80.73,80.68,76.84,113.15,74.83,51.38,31.81,24.92,53.19,44.56,50.46,59.23,7.19,31.18,32.15,20.51,201.45,105.78,91.53,55.39,16.14,35.65,37.51,36.95,33.79,41.44,38.78,14.77,120.39,39.81,52.32,64.69,40.95,33.45,36.06,20.76,35.98,25.87,15.84,238.27,3.82,6.71,57.29,113.60,64.66,36.37,8.99,122.60,49.65,42.05,42.74,53.39,27.73,64.53,31.85,31.25,32.89,25.76,17.15,51.54,46.73,48.23,26.60,97.34,32.49,25.72,256.00,1500.00,620.00,300.00,370.00,400.00,240.00,500.00,100.00,110.00,100.00,200.00,60.00,60.00,50.00,60.00,400.00,270.00,0.00,0.00,0.00,0.00,0.00,0.00,0.00,0.00,0.00,0.00,0.00,0.00,0.00,0.00,0.00,0.00,0.00,0.00,0.00,0.00,0.00,0.00,0.00,0.00,0.00,0.00,0.00,0.00,0.00,0.00,0.00,0.00,0.00,0.00,0.00,0.00,0.00,0.00,0.00,0.00,0.00,0.00,0.00,0.00,0.00,0.00,0.00,0.00,0.00,0.00,0.00,0.00,0.00,0.00,0.00,0.00,0.00,0.00,0.00,0.00,0.00,0.00,0.00,0.00,0.00,0.00,0.00,0.00,0.00,0.00,0.00,0.00,0.00,0.00,0.00,0.00,0.00,0.00,0.00,0.00,0.00,0.00,0.00,0.00,0.00,0.00,0.00,0.00,0.00,0.00,0.00,0.00,0.00,0.00,0.00,0.00,0.00,0.00,0.00,0.00,0.00,0.00,0.00,0.00,0.00,0.00,0.00,0.00,0.00,0.00,0.00,0.00,0.00,0.00,0.00,0.00,0.00,0.00,0.00,0.00,0.00,0.00,0.00,0.00,0.00,0.00,0.00,0.00,0.00,0.00,0.00,0.00,0.00,0.00,0.00,0.00,0.00,0.00,0.00,0.00,0.00,0.00,0.00,0.00,0.00,0.00,0.00,0.00,0.00,0.00
2001,2722.81,94.99,154.67,65.26,67.10,54.18,68.98,75.98,14.06,29.23,78.35,51.48,1.05,27.95,15.21,38.09,92.50,1057.19,127.53,50.94,78.08,62.53,133.67,38.61,66.61,82.04,53.25,37.75,42.10,42.59,14.12,38.31,216.91,274.60,323.40,281.26,80.47,129.34,113.99,52.56,8.94,48.04,41.81,46.89,63.94,11.95,455.16,125.24,116.21,74.19,44.04,68.56,67.72,74.09,68.49,38.05,34.94,66.71,45.66,311.92,167.28,79.28,68.16,45.61,74.24,33.17,58.35,34.17,30.38,69.80,4.55,33.79,625.73,39.55,28.42,34.49,6.07,21.51,19.06,50.35,41.90,12.83,16.28,84.85,176.12,137.74,112.76,54.31,48.51,10.40,368.76,230.20,106.75,82.11,30.06,55.69,21.78,71.11,35.90,253.88,283.43,209.03,158.38,131.59,150.79,69.63,48.20,100.46,75.82,42.83,56.59,443.92,225.17,93.87,78.19,42.81,62.17,34.93,28.47,17.82,30.26,36.65,24.87,24.13,27.83,32.66,28.35,164.75,153.32,83.72,72.87,51.33,55.96,35.69,31.34,14.49,48.48,45.98,34.74,8.35,13.46,362.78,73.42,101.23,74.63,70.11,13.33,19.89,50.19,50.96,48.93,517.14,135.44,89.72,29.40,32.95,50.93,19.50,50.33,44.31,25.42,49.54,43.42,19.51,772.78,165.37,81.15,81.18,76.79,114.23,75.37,51.72,32.16,24.93,53.58,44.88,50.85,59.67,7.35,31.30,32.36,20.67,203.04,106.59,91.60,55.91,16.24,35.95,37.83,37.90,34.07,41.80,39.12,14.90,121.19,40.13,52.70,65.17,41.25,33.67,36.36,20.91,36.25,26.06,15.95,238.78,3.74,6.68,57.72,114.66,65.12,36.71,8.78,123.59,50.13,42.44,43.14,53.99,27.93,64.97,31.92,31.61,33.12,25.98,17.32,52.35,47.39,48.98,27.01,97.74,32.71,25.94,256.00,1500.00,620.00,300.00,370.00,400.00,240.00,500.00,100.00,110.00,100.00,200.00,60.00,60.00,50.00,60.00,400.00,270.00,0.00,0.00,0.00,0.00,0.00,0.00,0.00,0.00,0.00,0.00,0.00,0.00,0.00,0.00,0.00,0.00,0.00,0.00,0.00,0.00,0.00,0.00,0.00,0.00,0.00,0.00,0.00,0.00,0.00,0.00,0.00,0.00,0.00,0.00,0.00,0.00,0.00,0.00,0.00,0.00,0.00,0.00,0.00,0.00,0.00,0.00,0.00,0.00,0.00,0.00,0.00,0.00,0.00,0.00,0.00,0.00,0.00,0.00,0.00,0.00,0.00,0.00,0.00,0.00,0.00,0.00,0.00,0.00,0.00,0.00,0.00,0.00,0.00,0.00,0.00,0.00,0.00,0.00,0.00,0.00,0.00,0.00,0.00,0.00,0.00,0.00,0.00,0.00,0.00,0.00,0.00,0.00,0.00,0.00,0.00,0.00,0.00,0.00,0.00,0.00,0.00,0.00,0.00,0.00,0.00,0.00,0.00,0.00,0.00,0.00,0.00,0.00,0.00,0.00,0.00,0.00,0.00,0.00,0.00,0.00,0.00,0.00,0.00,0.00,0.00,0.00,0.00,0.00,0.00,0.00,0.00,0.00,0.00,0.00,0.00,0.00,0.00,0.00,0.00,0.00,0.00,0.00,0.00,0.00,0.00,0.00,0.00,0.00,0.00,0.00
2002,2734.27,95.59,155.59,65.87,67.56,54.59,69.45,76.54,14.00,29.42,78.85,51.84,0.97,28.16,15.32,38.41,93.22,1060.26,128.23,50.98,78.64,62.35,134.31,38.78,67.02,82.53,53.64,37.96,42.37,42.86,14.20,38.84,218.57,276.72,325.43,282.84,81.08,130.27,114.85,53.39,8.81,48.49,42.14,47.27,64.50,11.92,459.52,126.58,117.37,74.92,44.56,69.25,68.45,74.96,69.14,38.43,35.17,67.47,46.16,314.49,168.56,79.91,68.75,46.03,74.93,33.51,58.87,34.47,30.67,70.37,4.53,34.08,629.98,39.94,28.74,34.80,5.76,21.79,19.34,51.22,42.35,12.98,16.40,86.30,178.49,139.53,114.31,55.10,49.21,10.29,374.06,233.70,108.48,83.35,30.65,56.58,21.56,72.78,36.59,257.47,287.38,211.97,160.60,133.58,153.02,70.62,48.36,102.41,76.96,43.49,57.45,444.56,225.73,94.27,78.51,43.00,62.48,35.09,28.61,17.93,30.42,36.87,25.03,24.24,27.98,32.84,28.48,165.73,154.31,83.99,73.36,51.68,56.40,35.97,31.61,14.54,48.88,46.37,35.05,8.60,13.57,364.74,74.03,101.96,75.29,70.47,13.54,20.08,50.59,51.47,49.61,519.50,136.32,90.25,29.57,33.14,51.23,19.47,50.73,44.62,25.63,49.88,43.77,19.67,776.01,166.39,81.57,81.69,77.19,114.89,75.91,52.06,32.42,25.01,53.96,45.20,51.24,60.12,7.46,31.46,32.58,20.82,204.57,107.39,91.68,56.44,16.41,36.25,38.14,38.86,34.36,42.16,39.46,15.03,122.00,40.45,53.09,65.65,41.56,33.90,36.68,21.07,36.53,26.26,16.07,239.34,3.65,6.61,58.14,115.73,65.58,37.04,8.54,124.42,50.62,42.83,43.55,54.60,28.32,65.40,31.90,32.07,33.36,26.19,17.49,53.16,48.04,49.73,27.42,98.14,32.94,26.16,256.00,1500.00,620.00,300.00,370.00,400.00,240.00,500.00,100.00,110.00,100.00,200.00,60.00,60.00,50.00,60.00,400.00,270.00,0.00,0.00,0.00,0.00,0.00,0.00,0.00,0.00,0.00,0.00,0.00,0.00,0.00,0.00,0.00,0.00,0.00,0.00,0.00,0.00,0.00,0.00,0.00,0.00,0.00,0.00,0.00,0.00,0.00,0.00,0.00,0.00,0.00,0.00,0.00,0.00,0.00,0.00,0.00,0.00,0.00,0.00,0.00,0.00,0.00,0.00,0.00,0.00,0.00,0.00,0.00,0.00,0.00,0.00,0.00,0.00,0.00,0.00,0.00,0.00,0.00,0.00,0.00,0.00,0.00,0.00,0.00,0.00,0.00,0.00,0.00,0.00,0.00,0.00,0.00,0.00,0.00,0.00,0.00,0.00,0.00,0.00,0.00,0.00,0.00,0.00,0.00,0.00,0.00,0.00,0.00,0.00,0.00,0.00,0.00,0.00,0.00,0.00,0.00,0.00,0.00,0.00,0.00,0.00,0.00,0.00,0.00,0.00,0.00,0.00,0.00,0.00,0.00,0.00,0.00,0.00,0.00,0.00,0.00,0.00,0.00,0.00,0.00,0.00,0.00,0.00,0.00,0.00,0.00,0.00,0.00,0.00,0.00,0.00,0.00,0.00,0.00,0.00,0.00,0.00,0.00,0.00,0.00,0.00,0.00,0.00,0.00,0.00,0.00,0.00
2003,2744.49,96.12,156.41,66.39,67.97,54.95,69.86,77.03,13.96,29.59,79.31,52.17,0.87,28.36,15.42,38.71,93.89,1062.87,128.89,51.05,78.91,62.03,134.89,39.03,67.33,82.99,54.01,38.16,42.62,43.11,14.28,39.74,220.09,278.67,327.25,285.06,81.64,130.31,115.64,54.17,8.70,48.91,42.44,47.62,65.02,11.86,463.62,127.85,118.47,75.61,45.13,69.91,69.14,75.79,69.76,38.78,35.31,68.20,46.64,316.82,169.71,80.48,69.28,46.42,75.56,33.85,59.34,34.75,30.94,70.89,4.49,34.35,633.73,40.29,29.05,35.08,5.48,22.06,19.61,52.03,42.77,13.13,16.52,87.87,180.74,141.22,115.77,55.86,49.88,10.00,379.19,237.09,110.17,84.56,31.23,57.45,21.23,74.52,37.25,260.89,291.15,214.77,162.72,135.48,155.14,71.58,48.56,104.22,78.05,44.12,58.28,444.95,226.19,94.62,78.79,43.16,62.75,35.23,28.74,18.03,30.58,37.08,25.19,24.34,28.12,33.01,28.61,166.63,155.22,84.24,73.82,52.01,56.80,36.23,31.87,14.62,49.27,46.73,35.34,8.78,13.66,366.50,74.78,102.64,75.91,70.98,13.58,20.25,50.96,51.97,50.07,521.58,137.13,90.72,29.74,33.31,51.50,19.34,51.20,44.90,25.82,50.18,44.11,19.82,778.80,167.32,81.94,82.15,77.49,115.52,76.41,52.37,32.57,25.17,54.32,45.50,51.60,60.52,7.53,31.64,32.77,20.96,206.26,108.16,91.87,56.94,16.33,36.53,38.44,39.65,34.63,42.50,39.79,15.15,122.75,40.76,53.44,66.11,41.84,34.11,36.97,21.21,36.79,26.45,16.18,239.70,3.60,6.57,58.51,116.74,65.99,37.34,8.27,125.03,51.06,43.19,43.91,55.16,28.79,65.79,32.06,32.31,33.56,26.39,17.66,53.94,48.67,50.44,27.82,98.48,33.14,26.37,256.00,1500.00,620.00,300.00,370.00,400.00,240.00,500.00,100.00,110.00,100.00,200.00,60.00,60.00,50.00,60.00,400.00,270.00,0.00,0.00,0.00,0.00,0.00,0.00,0.00,0.00,0.00,0.00,0.00,0.00,0.00,0.00,0.00,0.00,0.00,0.00,0.00,0.00,0.00,0.00,0.00,0.00,0.00,0.00,0.00,0.00,0.00,0.00,0.00,0.00,0.00,0.00,0.00,0.00,0.00,0.00,0.00,0.00,0.00,0.00,0.00,0.00,0.00,0.00,0.00,0.00,0.00,0.00,0.00,0.00,0.00,0.00,0.00,0.00,0.00,0.00,0.00,0.00,0.00,0.00,0.00,0.00,0.00,0.00,0.00,0.00,0.00,0.00,0.00,0.00,0.00,0.00,0.00,0.00,0.00,0.00,0.00,0.00,0.00,0.00,0.00,0.00,0.00,0.00,0.00,0.00,0.00,0.00,0.00,0.00,0.00,0.00,0.00,0.00,0.00,0.00,0.00,0.00,0.00,0.00,0.00,0.00,0.00,0.00,0.00,0.00,0.00,0.00,0.00,0.00,0.00,0.00,0.00,0.00,0.00,0.00,0.00,0.00,0.00,0.00,0.00,0.00,0.00,0.00,0.00,0.00,0.00,0.00,0.00,0.00,0.00,0.00,0.00,0.00,0.00,0.00,0.00,0.00,0.00,0.00,0.00,0.00,0.00,0.00,0.00,0.00,0.00,0.00
2004,2752.23,96.55,157.06,66.85,68.31,55.25,70.20,77.45,13.89,29.74,79.67,52.44,0.81,28.53,15.50,38.96,94.42,1064.51,129.44,51.13,79.31,61.76,135.37,39.23,67.59,83.37,54.33,38.33,42.84,43.33,14.35,40.31,221.37,280.33,328.75,287.04,82.12,130.15,116.32,54.87,8.58,49.28,42.70,47.93,65.48,11.82,467.05,128.94,119.40,76.20,45.60,70.46,69.72,76.51,70.28,39.09,35.43,68.83,47.06,318.73,170.65,80.95,69.73,46.75,76.09,34.10,59.74,34.98,31.17,71.32,4.49,34.57,636.72,40.61,29.32,35.32,5.19,22.30,19.85,52.77,43.15,13.23,16.70,89.20,182.72,142.71,117.07,56.53,50.48,9.80,383.80,240.15,111.70,85.65,31.77,58.24,20.94,76.08,37.87,263.98,294.55,217.30,164.64,137.22,157.08,72.46,48.44,106.16,79.04,44.70,59.05,444.86,226.41,94.87,78.98,43.29,62.95,35.33,28.83,18.11,30.70,37.24,25.31,24.41,28.22,33.15,28.70,167.37,155.97,84.37,74.19,52.28,57.14,36.46,32.10,14.68,49.61,47.05,35.60,8.99,13.74,367.90,75.08,103.22,76.46,71.20,13.73,20.65,51.29,52.41,50.73,522.94,137.75,91.08,29.85,33.43,51.70,19.30,51.48,45.13,25.98,50.42,44.39,19.94,780.71,168.05,82.23,82.51,77.74,115.99,76.82,52.62,32.79,25.20,54.61,45.75,51.91,60.86,7.64,31.75,32.93,21.08,207.53,108.77,91.56,57.36,16.37,36.77,38.69,40.77,34.85,42.79,40.07,15.25,123.35,41.01,53.73,66.48,42.08,34.28,37.23,21.32,37.00,26.60,16.26,239.96,3.51,6.49,58.80,117.50,66.30,37.59,8.06,125.85,51.44,43.50,44.23,55.66,28.86,66.10,32.00,32.69,33.73,26.56,17.80,54.62,49.21,51.07,28.17,98.73,33.31,26.54,256.00,1500.00,620.00,300.00,370.00,400.00,240.00,500.00,100.00,110.00,100.00,200.00,60.00,60.00,50.00,60.00,400.00,270.00,0.00,0.00,0.00,0.00,0.00,0.00,0.00,0.00,0.00,0.00,0.00,0.00,0.00,0.00,0.00,0.00,0.00,0.00,0.00,0.00,0.00,0.00,0.00,0.00,0.00,0.00,0.00,0.00,0.00,0.00,0.00,0.00,0.00,0.00,0.00,0.00,0.00,0.00,0.00,0.00,0.00,0.00,0.00,0.00,0.00,0.00,0.00,0.00,0.00,0.00,0.00,0.00,0.00,0.00,0.00,0.00,0.00,0.00,0.00,0.00,0.00,0.00,0.00,0.00,0.00,0.00,0.00,0.00,0.00,0.00,0.00,0.00,0.00,0.00,0.00,0.00,0.00,0.00,0.00,0.00,0.00,0.00,0.00,0.00,0.00,0.00,0.00,0.00,0.00,0.00,0.00,0.00,0.00,0.00,0.00,0.00,0.00,0.00,0.00,0.00,0.00,0.00,0.00,0.00,0.00,0.00,0.00,0.00,0.00,0.00,0.00,0.00,0.00,0.00,0.00,0.00,0.00,0.00,0.00,0.00,0.00,0.00,0.00,0.00,0.00,0.00,0.00,0.00,0.00,0.00,0.00,0.00,0.00,0.00,0.00,0.00,0.00,0.00,0.00,0.00,0.00,0.00,0.00,0.00,0.00,0.00,0.00,0.00,0.00,0.00
2005,2760.03,97.01,157.77,67.38,68.67,55.58,70.56,77.90,13.79,29.89,80.07,52.73,0.74,28.70,15.58,39.23,95.00,1066.11,130.02,51.59,79.15,61.79,135.88,39.71,67.60,83.78,54.67,38.51,43.08,43.56,14.42,41.19,222.81,282.18,330.46,289.38,82.65,129.95,117.07,55.57,8.46,49.68,42.98,48.27,65.97,11.83,470.78,130.11,120.41,76.83,46.23,71.06,70.36,77.28,70.84,39.41,35.45,69.50,47.50,320.82,171.67,81.46,70.21,47.11,76.66,34.39,60.17,35.23,31.42,71.78,4.46,34.81,640.17,40.94,29.60,35.57,4.90,22.55,20.10,53.54,43.54,13.26,16.66,90.58,184.82,144.29,118.44,57.24,51.11,9.62,388.62,243.34,113.30,86.78,32.33,59.06,20.62,77.73,38.51,267.27,298.18,220.00,166.69,139.06,159.13,73.39,48.51,108.03,80.10,45.31,59.85,444.99,226.74,95.17,79.21,43.43,63.18,35.45,28.94,18.20,30.83,37.43,25.45,24.50,28.34,33.29,28.81,168.12,156.74,84.54,74.58,52.57,57.50,36.69,32.33,14.75,49.95,47.38,35.86,9.16,13.83,369.34,75.70,103.81,77.03,71.40,13.78,20.85,51.62,52.87,51.42,524.60,138.45,91.48,29.99,33.58,51.93,19.36,51.71,45.37,26.15,50.68,44.69,20.07,782.80,168.81,82.53,82.89,77.75,116.75,77.24,52.88,32.95,25.30,54.92,46.00,52.23,61.22,7.77,31.84,33.10,21.20,208.93,109.42,91.43,57.80,16.33,37.01,38.94,41.73,35.08,43.09,40.36,15.36,124.01,41.29,54.05,66.89,42.33,34.47,37.50,21.45,37.23,26.77,16.36,240.20,3.47,6.46,59.11,118.31,66.63,37.85,7.86,126.48,51.83,43.83,44.56,56.17,29.18,66.43,31.93,33.09,33.91,26.74,17.95,55.33,49.77,51.72,28.53,99.03,33.50,26.73,256.00,1500.00,620.00,300.00,370.00,400.00,240.00,500.00,100.00,110.00,100.00,200.00,60.00,60.00,50.00,60.00,400.00,270.00,0.00,0.00,0.00,0.00,0.00,0.00,0.00,0.00,0.00,0.00,0.00,0.00,0.00,0.00,0.00,0.00,0.00,0.00,0.00,0.00,0.00,0.00,0.00,0.00,0.00,0.00,0.00,0.00,0.00,0.00,0.00,0.00,0.00,0.00,0.00,0.00,0.00,0.00,0.00,0.00,0.00,0.00,0.00,0.00,0.00,0.00,0.00,0.00,0.00,0.00,0.00,0.00,0.00,0.00,0.00,0.00,0.00,0.00,0.00,0.00,0.00,0.00,0.00,0.00,0.00,0.00,0.00,0.00,0.00,0.00,0.00,0.00,0.00,0.00,0.00,0.00,0.00,0.00,0.00,0.00,0.00,0.00,0.00,0.00,0.00,0.00,0.00,0.00,0.00,0.00,0.00,0.00,0.00,0.00,0.00,0.00,0.00,0.00,0.00,0.00,0.00,0.00,0.00,0.00,0.00,0.00,0.00,0.00,0.00,0.00,0.00,0.00,0.00,0.00,0.00,0.00,0.00,0.00,0.00,0.00,0.00,0.00,0.00,0.00,0.00,0.00,0.00,0.00,0.00,0.00,0.00,0.00,0.00,0.00,0.00,0.00,0.00,0.00,0.00,0.00,0.00,0.00,0.00,0.00,0.00,0.00,0.00,0.00,0.00,0.00
2006,2769.08,97.52,158.55,67.91,69.07,55.93,70.96,78.38,13.72,30.06,80.50,53.05,0.68,28.89,15.67,39.51,95.62,1068.68,130.69,51.76,79.54,61.38,136.47,39.99,67.88,84.24,55.04,38.71,43.33,43.81,14.50,42.06,224.38,284.19,332.37,290.91,83.23,130.78,117.89,56.41,8.36,50.11,43.29,48.63,66.51,11.72,474.79,131.35,121.49,77.51,46.90,71.69,71.03,78.09,71.44,39.76,35.46,70.21,47.97,323.05,172.76,82.00,70.72,47.48,77.27,34.71,60.62,35.50,31.68,72.28,4.42,35.07,643.76,41.31,29.90,35.85,4.66,22.82,20.37,54.29,43.97,13.49,16.78,91.96,187.02,145.96,119.87,57.99,51.77,9.48,393.65,246.67,114.97,87.96,32.90,59.92,20.49,79.25,39.17,270.73,301.98,222.83,168.83,140.98,161.28,74.37,48.90,109.68,81.20,45.94,60.70,445.22,227.13,95.49,79.46,43.58,63.43,35.58,29.05,18.29,30.97,37.62,25.59,24.58,28.47,33.45,28.93,168.93,157.56,84.68,74.99,52.86,57.87,36.94,32.57,14.91,50.31,47.71,36.13,9.30,13.91,370.99,76.39,104.46,77.63,71.45,13.82,21.05,51.98,53.35,52.32,526.58,139.22,91.93,30.15,33.74,52.19,19.40,52.02,45.65,26.34,50.97,45.01,20.21,785.31,169.67,82.87,83.32,78.12,117.24,77.71,53.17,33.19,25.35,55.25,46.29,52.58,61.60,7.85,32.00,33.28,21.34,210.31,110.12,91.61,58.27,16.42,37.28,39.22,42.46,35.33,43.41,40.67,15.48,124.76,41.60,54.40,67.34,42.62,34.68,37.80,21.59,37.49,26.95,16.46,240.57,3.40,6.45,59.45,119.24,67.00,38.13,7.59,127.21,52.26,44.18,44.92,56.72,29.49,66.79,31.84,33.55,34.10,26.93,18.10,56.08,50.37,52.41,28.91,99.36,33.69,26.92,256.00,1500.00,620.00,300.00,370.00,400.00,240.00,500.00,100.00,110.00,100.00,200.00,60.00,60.00,50.00,60.00,400.00,270.00,0.00,0.00,0.00,0.00,0.00,0.00,0.00,0.00,0.00,0.00,0.00,0.00,0.00,0.00,0.00,0.00,0.00,0.00,0.00,0.00,0.00,0.00,0.00,0.00,0.00,0.00,0.00,0.00,0.00,0.00,0.00,0.00,0.00,0.00,0.00,0.00,0.00,0.00,0.00,0.00,0.00,0.00,0.00,0.00,0.00,0.00,0.00,0.00,0.00,0.00,0.00,0.00,0.00,0.00,0.00,0.00,0.00,0.00,0.00,0.00,0.00,0.00,0.00,0.00,0.00,0.00,0.00,0.00,0.00,0.00,0.00,0.00,0.00,0.00,0.00,0.00,0.00,0.00,0.00,0.00,0.00,0.00,0.00,0.00,0.00,0.00,0.00,0.00,0.00,0.00,0.00,0.00,0.00,0.00,0.00,0.00,0.00,0.00,0.00,0.00,0.00,0.00,0.00,0.00,0.00,0.00,0.00,0.00,0.00,0.00,0.00,0.00,0.00,0.00,0.00,0.00,0.00,0.00,0.00,0.00,0.00,0.00,0.00,0.00,0.00,0.00,0.00,0.00,0.00,0.00,0.00,0.00,0.00,0.00,0.00,0.00,0.00,0.00,0.00,0.00,0.00,0.00,0.00,0.00,0.00,0.00,0.00,0.00,0.00,0.00
2007,2776.98,97.99,159.28,68.35,69.44,56.27,71.33,78.83,13.72,30.21,80.91,53.35,0.61,29.07,15.76,39.79,96.20,1070.95,131.33,52.06,79.94,61.02,137.04,40.23,68.18,84.68,55.39,38.91,43.58,44.06,14.57,42.85,225.91,286.16,334.22,292.08,83.79,131.91,118.70,57.33,8.17,50.53,43.60,48.99,67.04,11.62,478.64,132.55,122.52,78.16,47.56,72.30,71.68,78.87,72.03,40.09,35.46,70.90,48.43,325.19,173.81,82.53,71.21,47.84,77.85,35.06,61.06,35.75,31.94,72.76,4.34,35.32,647.38,41.67,30.19,36.12,4.45,23.08,20.63,55.01,44.40,13.56,16.85,93.33,189.18,147.58,121.27,58.71,52.41,9.34,398.56,249.93,116.60,89.13,33.47,60.76,20.18,80.93,39.82,274.16,305.77,225.64,170.97,142.90,163.42,75.34,48.95,111.65,82.30,46.59,61.54,445.34,227.45,95.78,79.69,43.72,63.66,35.70,29.16,18.38,31.11,37.80,25.73,24.67,28.59,33.60,29.04,169.70,158.34,84.82,75.38,53.14,58.22,37.18,32.80,15.05,50.66,48.04,36.40,9.43,14.00,372.59,77.14,105.09,78.23,71.77,13.86,21.18,52.33,53.82,52.95,528.37,139.95,92.35,30.29,33.90,52.43,19.43,52.30,45.91,26.51,51.25,45.32,20.34,787.58,170.47,83.18,83.71,78.50,117.69,78.15,53.44,33.45,25.37,55.57,46.55,52.91,61.97,7.89,32.19,33.46,21.46,211.68,110.81,91.64,58.73,16.52,37.54,39.50,43.33,35.57,43.73,40.98,15.59,125.45,41.88,54.73,67.76,42.89,34.88,38.09,21.72,37.74,27.13,16.56,240.81,3.37,6.47,59.76,120.08,67.33,38.39,7.34,127.87,52.66,44.50,45.25,57.23,29.77,67.12,31.90,33.84,34.28,27.10,18.25,56.81,50.96,53.08,29.29,99.65,33.87,27.11,256.00,1500.00,620.00,300.00,370.00,400.00,240.00,500.00,100.00,110.00,100.00,200.00,60.00,60.00,50.00,60.00,400.00,270.00,0.00,0.00,0.00,0.00,0.00,0.00,0.00,0.00,0.00,0.00,0.00,0.00,0.00,0.00,0.00,0.00,0.00,0.00,0.00,0.00,0.00,0.00,0.00,0.00,0.00,0.00,0.00,0.00,0.00,0.00,0.00,0.00,0.00,0.00,0.00,0.00,0.00,0.00,0.00,0.00,0.00,0.00,0.00,0.00,0.00,0.00,0.00,0.00,0.00,0.00,0.00,0.00,0.00,0.00,0.00,0.00,0.00,0.00,0.00,0.00,0.00,0.00,0.00,0.00,0.00,0.00,0.00,0.00,0.00,0.00,0.00,0.00,0.00,0.00,0.00,0.00,0.00,0.00,0.00,0.00,0.00,0.00,0.00,0.00,0.00,0.00,0.00,0.00,0.00,0.00,0.00,0.00,0.00,0.00,0.00,0.00,0.00,0.00,0.00,0.00,0.00,0.00,0.00,0.00,0.00,0.00,0.00,0.00,0.00,0.00,0.00,0.00,0.00,0.00,0.00,0.00,0.00,0.00,0.00,0.00,0.00,0.00,0.00,0.00,0.00,0.00,0.00,0.00,0.00,0.00,0.00,0.00,0.00,0.00,0.00,0.00,0.00,0.00,0.00,0.00,0.00,0.00,0.00,0.00,0.00,0.00,0.00,0.00,0.00,0.00
2008,2784.66,98.45,159.99,68.88,69.81,56.59,71.69,79.28,13.62,30.37,81.31,53.64,0.56,29.25,15.85,40.06,96.77,1073.09,131.95,52.36,79.90,61.03,137.59,40.56,68.38,85.11,55.74,39.10,43.83,44.30,14.65,43.68,227.41,288.09,336.04,293.47,84.35,132.77,119.49,58.23,7.96,50.95,43.90,49.34,67.55,11.53,482.43,133.73,123.54,78.80,47.96,72.90,72.31,79.65,72.60,40.42,35.71,71.58,48.88,327.27,174.82,83.03,71.69,48.20,78.41,35.36,61.49,36.00,32.18,73.22,4.31,35.56,650.37,42.01,30.47,36.38,4.24,23.34,20.89,55.71,44.80,13.80,17.07,94.67,191.24,149.14,122.62,59.42,53.03,9.16,403.30,253.09,118.19,90.27,34.03,61.58,19.73,82.70,40.47,277.60,309.55,228.45,173.10,144.81,165.55,76.31,49.23,113.39,83.39,47.23,62.38,445.33,227.72,96.05,79.90,43.85,63.87,35.80,29.26,18.47,31.23,37.97,25.86,24.74,28.70,33.74,29.14,170.49,159.15,85.10,75.79,53.44,58.59,37.43,33.04,15.07,51.01,48.38,36.67,9.55,14.08,374.27,77.58,105.74,78.84,72.19,13.97,21.57,52.69,54.31,53.50,530.19,140.68,92.78,30.43,34.05,52.68,19.34,52.72,46.16,26.69,51.53,45.63,20.47,789.64,171.22,83.47,84.09,79.00,117.96,78.57,53.69,33.63,25.43,55.87,46.81,53.22,62.32,7.98,32.31,33.62,21.58,213.00,111.48,91.75,59.18,16.61,37.79,39.76,44.07,35.81,44.03,41.27,15.70,126.12,42.16,55.04,68.17,43.14,35.07,38.36,21.85,37.97,27.29,16.66,241.15,3.29,6.42,60.06,120.83,67.66,38.64,7.18,128.33,53.04,44.82,45.57,57.73,30.21,67.43,31.89,34.17,34.44,27.27,18.39,57.52,51.52,53.74,29.65,99.94,34.05,27.29,256.00,1500.00,620.00,300.00,370.00,400.00,240.00,500.00,100.00,110.00,100.00,200.00,60.00,60.00,50.00,60.00,400.00,270.00,0.00,0.00,0.00,0.00,0.00,0.00,0.00,0.00,0.00,0.00,0.00,0.00,0.00,0.00,0.00,0.00,0.00,0.00,0.00,0.00,0.00,0.00,0.00,0.00,0.00,0.00,0.00,0.00,0.00,0.00,0.00,0.00,0.00,0.00,0.00,0.00,0.00,0.00,0.00,0.00,0.00,0.00,0.00,0.00,0.00,0.00,0.00,0.00,0.00,0.00,0.00,0.00,0.00,0.00,0.00,0.00,0.00,0.00,0.00,0.00,0.00,0.00,0.00,0.00,0.00,0.00,0.00,0.00,0.00,0.00,0.00,0.00,0.00,0.00,0.00,0.00,0.00,0.00,0.00,0.00,0.00,0.00,0.00,0.00,0.00,0.00,0.00,0.00,0.00,0.00,0.00,0.00,0.00,0.00,0.00,0.00,0.00,0.00,0.00,0.00,0.00,0.00,0.00,0.00,0.00,0.00,0.00,0.00,0.00,0.00,0.00,0.00,0.00,0.00,0.00,0.00,0.00,0.00,0.00,0.00,0.00,0.00,0.00,0.00,0.00,0.00,0.00,0.00,0.00,0.00,0.00,0.00,0.00,0.00,0.00,0.00,0.00,0.00,0.00,0.00,0.00,0.00,0.00,0.00,0.00,0.00,0.00,0.00,0.00,0.00
2009,2789.90,98.83,160.56,69.15,70.11,56.87,71.99,79.66,13.71,30.49,81.63,53.88,0.51,29.40,15.92,40.29,97.24,1074.34,132.45,52.44,80.02,60.81,138.01,40.92,68.43,85.46,56.03,39.25,44.03,44.50,14.71,44.41,228.62,289.66,337.43,294.34,84.79,133.61,120.12,58.97,7.81,51.30,44.14,49.63,67.98,11.44,485.73,134.77,124.43,79.36,48.58,73.43,72.88,80.34,73.10,40.71,35.66,72.18,49.28,329.01,175.65,83.45,72.09,48.50,78.89,35.59,61.86,36.22,32.40,73.61,4.31,35.76,652.88,42.31,30.73,36.59,3.97,23.57,21.12,56.40,45.16,14.02,17.14,95.85,193.07,150.51,123.82,60.05,53.58,9.02,407.68,256.01,119.67,91.34,34.56,62.34,19.53,84.15,41.07,280.70,312.97,230.99,175.03,146.56,167.49,77.20,49.52,114.94,84.39,47.82,63.14,444.94,227.80,96.23,80.04,43.94,64.03,35.88,29.34,18.53,31.33,38.11,25.97,24.80,28.79,33.85,29.22,171.11,159.79,84.87,76.11,53.67,58.89,37.64,33.24,15.32,51.31,48.66,36.91,9.86,14.15,375.57,78.16,106.28,79.37,72.59,13.96,21.83,53.00,54.74,53.94,531.47,141.27,93.11,30.55,34.17,52.87,19.18,53.13,46.38,26.84,51.75,45.89,20.58,790.99,171.82,83.69,84.38,79.32,118.25,78.92,53.90,33.76,25.50,56.13,47.02,53.49,62.61,8.07,32.40,33.75,21.68,214.10,112.03,91.72,59.56,16.67,38.00,39.99,44.83,36.01,44.30,41.53,15.79,126.63,42.39,55.30,68.50,43.35,35.21,38.59,21.95,38.16,27.43,16.74,241.23,3.25,6.39,60.31,121.52,67.93,38.86,6.96,128.70,53.36,45.08,45.84,58.16,30.58,67.66,31.83,34.48,34.57,27.40,18.51,58.16,52.02,54.33,29.98,100.15,34.20,27.44,256.00,1500.00,620.00,300.00,370.00,400.00,240.00,500.00,100.00,110.00,100.00,200.00,60.00,60.00,50.00,60.00,400.00,270.00,0.00,0.00,0.00,0.00,0.00,0.00,0.00,0.00,0.00,0.00,0.00,0.00,0.00,0.00,0.00,0.00,0.00,0.00,0.00,0.00,0.00,0.00,0.00,0.00,0.00,0.00,0.00,0.00,0.00,0.00,0.00,0.00,0.00,0.00,0.00,0.00,0.00,0.00,0.00,0.00,0.00,0.00,0.00,0.00,0.00,0.00,0.00,0.00,0.00,0.00,0.00,0.00,0.00,0.00,0.00,0.00,0.00,0.00,0.00,0.00,0.00,0.00,0.00,0.00,0.00,0.00,0.00,0.00,0.00,0.00,0.00,0.00,0.00,0.00,0.00,0.00,0.00,0.00,0.00,0.00,0.00,0.00,0.00,0.00,0.00,0.00,0.00,0.00,0.00,0.00,0.00,0.00,0.00,0.00,0.00,0.00,0.00,0.00,0.00,0.00,0.00,0.00,0.00,0.00,0.00,0.00,0.00,0.00,0.00,0.00,0.00,0.00,0.00,0.00,0.00,0.00,0.00,0.00,0.00,0.00,0.00,0.00,0.00,0.00,0.00,0.00,0.00,0.00,0.00,0.00,0.00,0.00,0.00,0.00,0.00,0.00,0.00,0.00,0.00,0.00,0.00,0.00,0.00,0.00,0.00,0.00,0.00,0.00,0.00,0.00
2010,2796.34,99.25,161.20,69.62,70.45,57.17,72.33,80.07,13.63,30.64,82.00,54.15,0.47,29.57,16.00,40.55,97.75,1076.12,133.04,52.84,80.47,60.37,138.53,41.32,68.53,85.87,56.36,39.43,44.26,44.73,14.78,45.14,229.94,291.37,338.99,295.14,85.28,134.72,120.82,59.80,7.65,51.67,44.40,49.94,68.45,11.32,489.31,135.89,125.39,79.97,49.42,74.00,73.48,81.07,73.64,41.02,35.43,72.82,49.70,330.90,176.56,83.92,72.53,48.83,79.41,35.87,62.25,36.45,32.63,74.04,4.27,35.98,655.88,42.62,30.98,36.82,3.73,23.81,21.36,57.07,45.53,14.09,17.07,97.14,194.97,151.94,125.06,60.70,54.16,8.81,412.25,259.05,121.21,92.46,35.12,63.13,19.24,85.73,41.70,283.89,316.47,233.59,177.01,148.34,169.47,78.11,49.21,117.13,85.41,48.43,63.93,444.79,228.00,96.47,80.22,44.06,64.22,35.98,29.43,18.61,31.45,38.27,26.09,24.86,28.89,33.97,29.31,171.80,160.50,84.98,76.46,53.93,59.22,37.86,33.45,15.41,51.64,48.96,37.15,10.03,14.23,377.00,78.77,106.86,79.94,72.81,14.00,22.04,53.33,55.20,54.60,532.81,141.88,93.45,30.66,34.30,53.08,19.09,53.47,46.59,26.99,51.98,46.16,20.70,792.80,172.51,83.95,84.72,79.26,119.01,79.31,54.13,34.01,25.48,56.41,47.26,53.79,62.93,8.19,32.48,33.90,21.79,215.32,112.62,91.57,59.97,16.70,38.22,40.23,45.75,36.22,44.57,41.80,15.89,127.21,42.64,55.57,68.87,43.57,35.38,38.84,22.06,38.37,27.58,16.82,241.49,3.17,6.36,60.58,122.23,68.23,39.09,6.77,129.34,53.68,45.35,46.11,58.60,30.67,67.90,31.60,34.97,34.70,27.54,18.63,58.82,52.54,54.93,30.32,100.41,34.37,27.61,256.00,1500.00,620.00,300.00,370.00,400.00,240.00,500.00,100.00,110.00,100.00,200.00,60.00,60.00,50.00,60.00,400.00,270.00,0.00,0.00,0.00,0.00,0.00,0.00,0.00,0.00,0.00,0.00,0.00,0.00,0.00,0.00,0.00,0.00,0.00,0.00,0.00,0.00,0.00,0.00,0.00,0.00,0.00,0.00,0.00,0.00,0.00,0.00,0.00,0.00,0.00,0.00,0.00,0.00,0.00,0.00,0.00,0.00,0.00,0.00,0.00,0.00,0.00,0.00,0.00,0.00,0.00,0.00,0.00,0.00,0.00,0.00,0.00,0.00,0.00,0.00,0.00,0.00,0.00,0.00,0.00,0.00,0.00,0.00,0.00,0.00,0.00,0.00,0.00,0.00,0.00,0.00,0.00,0.00,0.00,0.00,0.00,0.00,0.00,0.00,0.00,0.00,0.00,0.00,0.00,0.00,0.00,0.00,0.00,0.00,0.00,0.00,0.00,0.00,0.00,0.00,0.00,0.00,0.00,0.00,0.00,0.00,0.00,0.00,0.00,0.00,0.00,0.00,0.00,0.00,0.00,0.00,0.00,0.00,0.00,0.00,0.00,0.00,0.00,0.00,0.00,0.00,0.00,0.00,0.00,0.00,0.00,0.00,0.00,0.00,0.00,0.00,0.00,0.00,0.00,0.00,0.00,0.00,0.00,0.00,0.00,0.00,0.00,0.00,0.00,0.00,0.00,0.00
2011,2802.86,99.71,161.91,70.13,70.80,57.49,72.68,80.51,13.55,30.80,82.39,54.44,0.43,29.74,16.08,40.82,98.28,1078.64,133.64,52.61,80.35,60.22,139.06,41.65,68.70,86.28,56.69,39.61,44.50,44.97,14.85,46.18,231.35,293.19,340.68,296.13,85.80,135.82,121.56,60.59,7.50,52.07,44.68,50.28,68.94,11.26,493.03,137.04,126.38,80.60,50.09,74.58,74.10,81.83,74.20,41.34,35.39,73.48,50.14,332.94,177.55,84.41,73.00,49.17,79.96,36.14,62.68,36.70,32.87,74.50,4.26,36.22,659.31,42.96,31.26,37.07,3.51,24.06,21.61,57.76,45.92,14.07,16.95,98.45,196.93,153.41,126.34,61.38,54.75,8.62,417.04,262.23,122.81,93.62,35.69,63.96,18.97,87.34,42.35,287.20,320.12,236.30,179.07,150.19,171.53,79.05,49.34,118.95,86.47,49.06,64.74,444.81,228.27,96.73,80.42,44.18,64.42,36.09,29.53,18.69,31.57,38.44,26.21,24.94,29.00,34.11,29.42,172.50,161.22,85.05,76.83,54.19,59.55,38.09,33.67,15.51,51.96,49.27,37.40,10.23,14.31,378.61,79.26,107.48,80.53,73.21,14.16,22.32,53.67,55.67,55.15,534.36,142.54,93.83,30.79,34.44,53.30,19.03,53.82,46.83,27.15,52.24,46.44,20.82,794.88,173.26,84.24,85.09,79.38,119.67,79.72,54.38,34.28,25.46,56.71,47.51,54.10,63.28,8.29,32.60,34.06,21.91,216.44,113.23,91.57,60.40,16.87,38.45,40.48,46.55,36.44,44.86,42.07,15.99,127.81,42.89,55.86,69.25,43.81,35.55,39.10,22.18,38.59,27.73,16.91,241.90,3.13,6.29,60.88,123.01,68.55,39.34,6.55,129.83,54.03,45.64,46.40,59.06,31.01,68.17,31.66,35.19,34.84,27.69,18.76,59.51,53.08,55.55,30.67,100.68,34.53,27.78,256.00,1500.00,620.00,300.00,370.00,400.00,240.00,500.00,100.00,110.00,100.00,200.00,60.00,60.00,50.00,60.00,400.00,270.00,0.00,0.00,0.00,0.00,0.00,0.00,0.00,0.00,0.00,0.00,0.00,0.00,0.00,0.00,0.00,0.00,0.00,0.00,0.00,0.00,0.00,0.00,0.00,0.00,0.00,0.00,0.00,0.00,0.00,0.00,0.00,0.00,0.00,0.00,0.00,0.00,0.00,0.00,0.00,0.00,0.00,0.00,0.00,0.00,0.00,0.00,0.00,0.00,0.00,0.00,0.00,0.00,0.00,0.00,0.00,0.00,0.00,0.00,0.00,0.00,0.00,0.00,0.00,0.00,0.00,0.00,0.00,0.00,0.00,0.00,0.00,0.00,0.00,0.00,0.00,0.00,0.00,0.00,0.00,0.00,0.00,0.00,0.00,0.00,0.00,0.00,0.00,0.00,0.00,0.00,0.00,0.00,0.00,0.00,0.00,0.00,0.00,0.00,0.00,0.00,0.00,0.00,0.00,0.00,0.00,0.00,0.00,0.00,0.00,0.00,0.00,0.00,0.00,0.00,0.00,0.00,0.00,0.00,0.00,0.00,0.00,0.00,0.00,0.00,0.00,0.00,0.00,0.00,0.00,0.00,0.00,0.00,0.00,0.00,0.00,0.00,0.00,0.00,0.00,0.00,0.00,0.00,0.00,0.00,0.00,0.00,0.00,0.00,0.00,0.00
2012,2808.11,100.15,162.59,70.56,71.15,57.81,73.03,80.94,13.53,30.96,82.77,54.72,0.40,29.91,16.16,41.08,98.80,1080.67,134.20,52.62,80.45,59.94,139.56,41.89,68.93,86.68,57.00,39.78,44.72,45.19,14.92,47.09,232.66,294.89,342.22,297.91,86.29,135.94,122.25,61.30,7.42,52.44,44.94,50.58,69.40,11.16,496.57,138.14,127.33,81.20,50.61,75.14,74.70,82.56,74.74,41.65,35.47,74.11,50.56,334.85,178.47,84.88,73.44,49.50,80.47,36.43,63.08,36.93,33.10,74.93,4.22,36.44,662.09,43.27,31.52,37.30,3.31,24.30,21.85,58.40,46.29,14.24,17.05,99.74,198.83,154.83,127.57,62.05,55.32,8.43,421.74,265.36,124.39,94.77,36.26,64.77,18.77,88.87,42.99,290.28,323.50,238.81,180.99,151.92,173.45,79.93,49.51,120.60,87.46,49.65,65.50,444.75,228.49,96.97,80.60,44.30,64.61,36.18,29.62,18.77,31.69,38.61,26.33,25.01,29.11,34.23,29.53,173.21,161.95,85.05,77.19,54.46,59.88,38.31,33.88,15.65,52.29,49.58,37.66,10.46,14.39,380.13,80.09,108.07,81.11,73.04,14.22,22.31,54.00,56.13,56.23,535.84,143.17,94.20,30.92,34.57,53.51,18.95,54.18,47.06,27.31,52.48,46.72,20.94,796.73,173.96,84.50,85.43,79.72,120.04,80.11,54.62,34.50,25.46,56.99,47.75,54.41,63.61,8.37,32.71,34.21,22.02,217.62,113.82,91.67,60.81,16.92,38.68,40.73,47.22,36.66,45.13,42.34,16.09,128.39,43.14,56.14,69.61,44.03,35.71,39.34,22.29,38.79,27.88,16.99,242.24,3.10,6.23,61.16,123.77,68.86,39.57,6.34,130.32,54.37,45.92,46.69,59.51,31.31,68.39,31.35,35.74,34.96,27.82,18.88,60.18,53.61,56.16,31.02,100.92,34.69,27.94,256.00,1500.00,620.00,300.00,370.00,400.00,240.00,500.00,100.00,110.00,100.00,200.00,60.00,60.00,50.00,60.00,400.00,270.00,0.00,0.00,0.00,0.00,0.00,0.00,0.00,0.00,0.00,0.00,0.00,0.00,0.00,0.00,0.00,0.00,0.00,0.00,0.00,0.00,0.00,0.00,0.00,0.00,0.00,0.00,0.00,0.00,0.00,0.00,0.00,0.00,0.00,0.00,0.00,0.00,0.00,0.00,0.00,0.00,0.00,0.00,0.00,0.00,0.00,0.00,0.00,0.00,0.00,0.00,0.00,0.00,0.00,0.00,0.00,0.00,0.00,0.00,0.00,0.00,0.00,0.00,0.00,0.00,0.00,0.00,0.00,0.00,0.00,0.00,0.00,0.00,0.00,0.00,0.00,0.00,0.00,0.00,0.00,0.00,0.00,0.00,0.00,0.00,0.00,0.00,0.00,0.00,0.00,0.00,0.00,0.00,0.00,0.00,0.00,0.00,0.00,0.00,0.00,0.00,0.00,0.00,0.00,0.00,0.00,0.00,0.00,0.00,0.00,0.00,0.00,0.00,0.00,0.00,0.00,0.00,0.00,0.00,0.00,0.00,0.00,0.00,0.00,0.00,0.00,0.00,0.00,0.00,0.00,0.00,0.00,0.00,0.00,0.00,0.00,0.00,0.00,0.00,0.00,0.00,0.00,0.00,0.00,0.00,0.00,0.00,0.00,0.00,0.00,0.00
2013,2813.78,100.53,163.17,70.95,71.46,58.08,73.33,81.32,13.50,31.10,83.10,54.97,0.37,30.06,16.23,41.32,99.26,1081.74,134.70,53.09,80.82,59.38,139.99,41.92,69.32,87.03,57.29,39.93,44.92,45.39,14.98,47.91,233.77,296.34,343.49,298.67,86.70,136.75,122.83,61.88,7.33,52.76,45.17,50.85,69.80,11.14,499.76,139.15,128.19,81.76,51.12,75.65,75.24,83.24,75.22,41.92,35.52,74.70,50.95,336.62,179.31,85.32,73.85,49.81,80.96,36.69,63.45,37.15,33.32,75.33,4.19,36.64,664.52,43.56,31.76,37.50,3.13,24.53,22.07,58.98,46.63,14.44,17.06,101.02,200.58,156.13,128.72,62.67,55.85,8.16,426.11,268.26,125.88,95.85,36.80,65.54,18.54,90.35,43.59,293.11,326.62,241.13,182.76,153.51,175.23,80.74,49.22,122.58,88.38,50.20,66.21,444.61,228.68,97.20,80.77,44.41,64.80,36.28,29.71,18.85,31.80,38.76,26.45,25.08,29.22,34.35,29.62,173.85,162.62,85.22,77.52,54.70,60.19,38.53,34.09,15.73,52.60,49.87,37.89,10.55,14.46,381.50,80.71,108.62,81.65,73.10,14.25,22.51,54.31,56.57,57.03,537.02,143.73,94.51,31.02,34.69,53.69,18.78,54.59,47.26,27.45,52.69,46.97,21.04,798.22,174.57,84.72,85.73,80.40,120.00,80.46,54.83,34.86,25.31,57.24,47.96,54.68,63.90,8.48,32.78,34.35,22.12,218.64,114.32,91.43,61.18,16.98,38.87,40.94,48.15,36.85,45.37,42.57,16.18,128.86,43.35,56.37,69.92,44.23,35.85,39.56,22.38,38.97,28.01,17.06,242.51,3.04,6.18,61.41,124.40,69.13,39.79,6.19,130.54,54.67,46.16,46.93,59.91,31.74,68.59,31.25,36.06,35.07,27.94,18.99,60.79,54.10,56.71,31.33,101.15,34.84,28.10,256.00,1500.00,620.00,300.00,370.00,400.00,240.00,500.00,100.00,110.00,100.00,200.00,60.00,60.00,50.00,60.00,400.00,270.00,0.00,0.00,0.00,0.00,0.00,0.00,0.00,0.00,0.00,0.00,0.00,0.00,0.00,0.00,0.00,0.00,0.00,0.00,0.00,0.00,0.00,0.00,0.00,0.00,0.00,0.00,0.00,0.00,0.00,0.00,0.00,0.00,0.00,0.00,0.00,0.00,0.00,0.00,0.00,0.00,0.00,0.00,0.00,0.00,0.00,0.00,0.00,0.00,0.00,0.00,0.00,0.00,0.00,0.00,0.00,0.00,0.00,0.00,0.00,0.00,0.00,0.00,0.00,0.00,0.00,0.00,0.00,0.00,0.00,0.00,0.00,0.00,0.00,0.00,0.00,0.00,0.00,0.00,0.00,0.00,0.00,0.00,0.00,0.00,0.00,0.00,0.00,0.00,0.00,0.00,0.00,0.00,0.00,0.00,0.00,0.00,0.00,0.00,0.00,0.00,0.00,0.00,0.00,0.00,0.00,0.00,0.00,0.00,0.00,0.00,0.00,0.00,0.00,0.00,0.00,0.00,0.00,0.00,0.00,0.00,0.00,0.00,0.00,0.00,0.00,0.00,0.00,0.00,0.00,0.00,0.00,0.00,0.00,0.00,0.00,0.00,0.00,0.00,0.00,0.00,0.00,0.00,0.00,0.00,0.00,0.00,0.00,0.00,0.00,0.00
2014,2820.43,100.89,163.73,71.45,71.74,58.35,73.61,81.68,13.35,31.24,83.41,55.21,0.33,30.20,16.30,41.54,99.70,1083.02,135.21,53.46,81.27,58.96,140.44,42.38,69.29,87.38,57.57,40.08,45.13,45.59,15.04,48.52,234.83,297.74,344.71,299.28,87.10,137.64,123.40,62.54,7.19,53.08,45.38,51.11,70.18,11.06,502.83,140.12,129.02,82.30,51.97,76.14,75.76,83.89,75.69,42.19,35.19,75.26,51.33,338.27,180.10,85.73,74.23,50.10,81.42,36.96,63.80,37.36,33.53,75.70,4.14,36.84,666.81,43.85,31.99,37.71,2.98,24.75,22.29,59.53,46.96,14.55,17.24,102.20,202.29,157.40,129.84,63.28,56.37,7.97,430.22,271.00,127.28,96.87,37.32,66.27,18.06,92.02,44.17,295.79,329.56,243.33,184.45,155.04,176.94,81.53,49.14,124.26,89.26,50.73,66.89,444.43,228.85,97.41,80.93,44.52,64.97,36.36,29.79,18.92,31.90,38.91,26.56,25.15,29.32,34.47,29.72,174.46,163.25,85.37,77.85,54.93,60.49,38.73,34.28,15.74,52.89,50.15,38.12,10.71,14.53,382.93,81.37,109.19,82.21,73.21,14.33,22.62,54.63,57.02,57.79,538.15,144.27,94.81,31.13,34.80,53.87,18.71,54.89,47.45,27.59,52.89,47.22,21.15,799.80,175.19,84.95,86.04,80.52,120.51,80.82,55.04,35.08,25.29,57.50,48.18,54.96,64.20,8.53,32.92,34.48,22.23,219.69,114.82,91.22,61.54,16.98,39.06,41.16,49.03,37.04,45.62,42.81,16.26,129.35,43.57,56.60,70.23,44.42,35.98,39.78,22.48,39.15,28.14,17.14,242.84,2.99,6.10,61.65,124.99,69.39,40.00,6.06,130.91,54.95,46.39,47.17,60.30,31.99,68.77,31.28,36.23,35.17,28.06,19.09,61.37,54.56,57.23,31.63,101.38,34.98,28.25,256.00,1500.00,620.00,300.00,370.00,400.00,240.00,500.00,100.00,110.00,100.00,200.00,60.00,60.00,50.00,60.00,400.00,270.00,0.00,0.00,0.00,0.00,0.00,0.00,0.00,0.00,0.00,0.00,0.00,0.00,0.00,0.00,0.00,0.00,0.00,0.00,0.00,0.00,0.00,0.00,0.00,0.00,0.00,0.00,0.00,0.00,0.00,0.00,0.00,0.00,0.00,0.00,0.00,0.00,0.00,0.00,0.00,0.00,0.00,0.00,0.00,0.00,0.00,0.00,0.00,0.00,0.00,0.00,0.00,0.00,0.00,0.00,0.00,0.00,0.00,0.00,0.00,0.00,0.00,0.00,0.00,0.00,0.00,0.00,0.00,0.00,0.00,0.00,0.00,0.00,0.00,0.00,0.00,0.00,0.00,0.00,0.00,0.00,0.00,0.00,0.00,0.00,0.00,0.00,0.00,0.00,0.00,0.00,0.00,0.00,0.00,0.00,0.00,0.00,0.00,0.00,0.00,0.00,0.00,0.00,0.00,0.00,0.00,0.00,0.00,0.00,0.00,0.00,0.00,0.00,0.00,0.00,0.00,0.00,0.00,0.00,0.00,0.00,0.00,0.00,0.00,0.00,0.00,0.00,0.00,0.00,0.00,0.00,0.00,0.00,0.00,0.00,0.00,0.00,0.00,0.00,0.00,0.00,0.00,0.00,0.00,0.00,0.00,0.00,0.00,0.00,0.00,0.00
2015,2825.95,101.13,164.11,71.75,71.95,58.55,73.81,81.95,13.30,31.34,83.63,55.38,0.30,30.31,16.35,41.72,100.01,1083.77,135.58,53.24,81.28,58.59,140.74,42.49,69.50,87.65,57.80,40.20,45.29,45.75,15.09,49.34,235.56,298.73,345.46,299.38,87.38,138.44,123.79,63.31,7.00,53.32,45.53,51.29,70.47,10.83,505.23,140.91,129.68,82.73,52.41,76.52,76.18,84.44,76.06,42.40,35.16,75.73,51.64,339.57,180.70,86.07,74.54,50.34,81.80,37.15,64.09,37.52,33.70,76.00,4.11,36.99,668.63,44.09,32.20,37.87,2.79,24.94,22.49,60.05,47.25,14.70,17.18,103.22,203.67,158.41,130.75,63.79,56.80,7.77,433.74,273.36,128.50,97.76,37.78,66.90,17.89,93.25,44.69,298.02,332.01,245.17,185.90,156.32,178.37,82.19,49.09,125.66,90.01,51.18,67.47,443.80,228.80,97.53,81.01,44.58,65.08,36.42,29.84,18.98,31.98,39.01,26.65,25.19,29.39,34.55,29.78,174.95,163.78,85.24,78.11,55.13,60.74,38.91,34.46,15.93,53.15,50.39,38.33,10.89,14.59,384.03,81.94,109.66,82.69,73.24,14.43,22.71,54.90,57.42,58.53,538.72,144.66,95.01,31.20,34.87,53.99,18.56,55.19,47.60,27.70,53.04,47.41,21.23,800.54,175.63,85.09,86.25,80.25,121.22,81.09,55.19,35.36,25.16,57.70,48.35,55.19,64.43,8.64,32.96,34.58,22.31,220.24,115.18,90.95,61.83,17.18,39.21,41.32,49.80,37.18,45.81,42.99,16.33,129.68,43.74,56.77,70.46,44.57,36.08,39.95,22.55,39.28,28.24,17.19,242.84,2.97,6.13,61.80,125.44,69.56,40.15,5.88,130.97,55.15,46.57,47.34,60.60,32.34,68.87,31.12,36.51,35.23,28.14,19.17,61.86,54.94,57.68,31.89,101.51,35.10,28.37,256.00,1500.00,620.00,300.00,370.00,400.00,240.00,500.00,100.00,110.00,100.00,200.00,60.00,60.00,50.00,60.00,400.00,270.00,0.00,0.00,0.00,0.00,0.00,0.00,0.00,0.00,0.00,0.00,0.00,0.00,0.00,0.00,0.00,0.00,0.00,0.00,0.00,0.00,0.00,0.00,0.00,0.00,0.00,0.00,0.00,0.00,0.00,0.00,0.00,0.00,0.00,0.00,0.00,0.00,0.00,0.00,0.00,0.00,0.00,0.00,0.00,0.00,0.00,0.00,0.00,0.00,0.00,0.00,0.00,0.00,0.00,0.00,0.00,0.00,0.00,0.00,0.00,0.00,0.00,0.00,0.00,0.00,0.00,0.00,0.00,0.00,0.00,0.00,0.00,0.00,0.00,0.00,0.00,0.00,0.00,0.00,0.00,0.00,0.00,0.00,0.00,0.00,0.00,0.00,0.00,0.00,0.00,0.00,0.00,0.00,0.00,0.00,0.00,0.00,0.00,0.00,0.00,0.00,0.00,0.00,0.00,0.00,0.00,0.00,0.00,0.00,0.00,0.00,0.00,0.00,0.00,0.00,0.00,0.00,0.00,0.00,0.00,0.00,0.00,0.00,0.00,0.00,0.00,0.00,0.00,0.00,0.00,0.00,0.00,0.00,0.00,0.00,0.00,0.00,0.00,0.00,0.00,0.00,0.00,0.00,0.00,0.00,0.00,0.00,0.00,0.00,0.00,0.00
2016,2831.47,101.33,164.40,72.22,72.13,58.71,73.97,82.18,13.05,31.43,83.81,55.53,0.28,30.41,16.39,41.88,100.28,1083.84,135.91,53.35,81.35,58.21,141.01,42.72,69.56,87.89,58.01,40.30,45.43,45.89,15.13,50.05,236.21,299.61,346.10,299.28,87.62,139.30,124.14,63.81,6.90,53.55,45.67,51.45,70.73,10.74,507.35,141.61,130.27,83.12,52.87,76.87,76.56,84.95,76.39,42.59,35.06,76.15,51.92,340.72,181.22,86.37,74.83,50.56,82.14,37.29,64.35,37.67,33.86,76.27,4.13,37.13,670.52,44.31,32.39,38.02,2.64,25.13,22.68,60.50,47.52,14.68,16.89,104.28,204.90,159.31,131.58,64.26,57.19,7.45,436.94,275.51,129.63,98.59,38.22,67.49,17.64,94.45,45.17,300.02,334.20,246.82,187.21,157.49,179.67,82.80,48.98,126.99,90.69,51.59,68.00,443.08,228.69,97.62,81.07,44.63,65.17,36.46,29.89,19.03,32.05,39.11,26.72,25.22,29.45,34.62,29.84,175.42,164.27,85.27,78.37,55.31,60.99,39.08,34.62,16.01,53.40,50.63,38.53,11.01,14.64,385.00,82.46,110.09,83.15,73.29,14.51,22.82,55.15,57.80,59.20,539.19,145.02,95.20,31.26,34.94,54.11,18.42,55.48,47.73,27.80,53.18,47.60,21.30,801.04,176.00,85.21,86.43,79.92,121.92,81.33,55.33,35.57,25.07,57.87,48.50,55.40,64.64,8.74,32.98,34.67,22.38,221.10,115.47,90.17,62.08,16.95,39.33,41.46,51.01,37.31,45.98,43.15,16.39,129.95,43.89,56.91,70.66,44.69,36.16,40.11,22.61,39.40,28.33,17.24,242.83,2.91,6.10,61.91,125.80,69.68,40.28,5.72,131.08,55.32,46.71,47.48,60.86,32.51,68.97,30.94,36.80,35.28,28.21,19.25,62.30,55.27,58.07,32.11,101.64,35.20,28.49,256.00,1500.00,620.00,300.00,370.00,400.00,240.00,500.00,100.00,110.00,100.00,200.00,60.00,60.00,50.00,60.00,400.00,270.00,0.00,0.00,0.00,0.00,0.00,0.00,0.00,0.00,0.00,0.00,0.00,0.00,0.00,0.00,0.00,0.00,0.00,0.00,0.00,0.00,0.00,0.00,0.00,0.00,0.00,0.00,0.00,0.00,0.00,0.00,0.00,0.00,0.00,0.00,0.00,0.00,0.00,0.00,0.00,0.00,0.00,0.00,0.00,0.00,0.00,0.00,0.00,0.00,0.00,0.00,0.00,0.00,0.00,0.00,0.00,0.00,0.00,0.00,0.00,0.00,0.00,0.00,0.00,0.00,0.00,0.00,0.00,0.00,0.00,0.00,0.00,0.00,0.00,0.00,0.00,0.00,0.00,0.00,0.00,0.00,0.00,0.00,0.00,0.00,0.00,0.00,0.00,0.00,0.00,0.00,0.00,0.00,0.00,0.00,0.00,0.00,0.00,0.00,0.00,0.00,0.00,0.00,0.00,0.00,0.00,0.00,0.00,0.00,0.00,0.00,0.00,0.00,0.00,0.00,0.00,0.00,0.00,0.00,0.00,0.00,0.00,0.00,0.00,0.00,0.00,0.00,0.00,0.00,0.00,0.00,0.00,0.00,0.00,0.00,0.00,0.00,0.00,0.00,0.00,0.00,0.00,0.00,0.00,0.00,0.00,0.00,0.00,0.00,0.00,0.00
2017,2835.76,101.39,164.49,72.47,72.21,58.80,74.03,82.29,12.90,31.47,83.87,55.60,0.25,30.46,16.41,41.98,100.40,1082.00,136.05,53.80,81.44,57.55,141.08,42.61,69.79,88.01,58.14,40.35,45.52,45.97,15.15,50.77,236.51,300.07,346.26,298.29,87.75,140.43,124.32,64.25,6.80,53.70,45.74,51.54,70.89,10.59,508.45,142.04,130.61,83.36,53.28,77.06,76.78,85.30,76.58,42.70,34.85,76.44,52.11,341.27,181.44,86.52,74.98,50.69,82.35,37.40,64.50,37.76,33.96,76.40,4.10,37.21,670.96,44.48,32.53,38.11,2.50,25.27,22.84,60.86,47.72,14.77,16.88,105.09,205.74,159.90,132.13,64.61,57.48,7.19,439.20,277.04,130.46,99.20,38.58,67.92,17.34,95.49,45.55,301.33,335.62,247.91,188.12,158.31,180.59,83.22,48.48,128.33,91.16,51.89,68.39,441.83,228.33,97.60,81.03,44.63,65.18,36.46,29.91,19.05,32.08,39.16,26.77,25.22,29.48,34.65,29.87,175.67,164.57,85.15,78.53,55.43,61.16,39.20,34.75,16.01,53.59,50.81,38.68,11.23,14.68,385.59,82.73,110.42,83.53,73.17,14.61,23.04,55.35,58.13,59.92,538.76,145.14,95.23,31.28,34.96,54.13,18.34,55.59,47.79,27.86,53.23,47.71,21.34,800.32,176.10,85.19,86.48,79.77,122.14,81.44,55.38,35.68,25.00,57.96,48.57,55.52,64.75,8.77,33.01,34.70,22.42,221.39,115.56,89.49,62.22,16.84,39.38,41.53,51.87,37.36,46.07,43.23,16.42,129.99,43.97,56.95,70.74,44.74,36.17,40.19,22.63,39.44,28.37,17.25,242.52,2.86,6.07,61.93,125.95,69.69,40.34,5.54,130.80,55.38,46.77,47.53,61.02,32.79,68.94,30.71,37.04,35.28,28.24,19.29,62.59,55.48,58.33,32.27,101.67,35.28,28.58,256.00,1500.00,620.00,300.00,370.00,400.00,240.00,500.00,100.00,110.00,100.00,200.00,60.00,60.00,50.00,60.00,400.00,270.00,0.00,0.00,0.00,0.00,0.00,0.00,0.00,0.00,0.00,0.00,0.00,0.00,0.00,0.00,0.00,0.00,0.00,0.00,0.00,0.00,0.00,0.00,0.00,0.00,0.00,0.00,0.00,0.00,0.00,0.00,0.00,0.00,0.00,0.00,0.00,0.00,0.00,0.00,0.00,0.00,0.00,0.00,0.00,0.00,0.00,0.00,0.00,0.00,0.00,0.00,0.00,0.00,0.00,0.00,0.00,0.00,0.00,0.00,0.00,0.00,0.00,0.00,0.00,0.00,0.00,0.00,0.00,0.00,0.00,0.00,0.00,0.00,0.00,0.00,0.00,0.00,0.00,0.00,0.00,0.00,0.00,0.00,0.00,0.00,0.00,0.00,0.00,0.00,0.00,0.00,0.00,0.00,0.00,0.00,0.00,0.00,0.00,0.00,0.00,0.00,0.00,0.00,0.00,0.00,0.00,0.00,0.00,0.00,0.00,0.00,0.00,0.00,0.00,0.00,0.00,0.00,0.00,0.00,0.00,0.00,0.00,0.00,0.00,0.00,0.00,0.00,0.00,0.00,0.00,0.00,0.00,0.00,0.00,0.00,0.00,0.00,0.00,0.00,0.00,0.00,0.00,0.00,0.00,0.00,0.00,0.00,0.00,0.00,0.00,0.00
2018,2839.27,101.32,164.36,72.61,72.19,58.81,74.00,82.30,12.75,31.48,83.83,55.60,0.23,30.47,16.41,42.03,100.39,1079.01,136.06,54.32,81.28,56.78,141.02,42.86,69.55,88.05,58.21,40.36,45.56,46.00,15.16,51.65,236.47,300.11,345.96,297.15,87.75,141.14,124.32,64.63,6.62,53.77,45.74,51.56,70.94,10.47,508.67,142.22,130.73,83.45,53.55,77.11,76.87,85.50,76.63,42.73,34.61,76.59,52.20,341.36,181.41,86.55,75.04,50.75,82.45,37.46,64.57,37.79,34.02,76.44,4.07,37.23,670.50,44.59,32.64,38.15,2.33,25.38,22.96,61.16,47.87,14.94,16.80,105.81,206.33,160.27,132.50,64.88,57.70,6.86,440.62,278.03,131.04,99.63,38.86,68.22,16.89,96.46,45.83,302.18,336.53,248.63,188.74,158.89,181.23,83.52,47.92,129.46,91.50,52.12,68.67,440.22,227.78,97.50,80.93,44.60,65.15,36.43,29.90,19.07,32.08,39.18,26.80,25.20,29.48,34.65,29.87,175.73,164.69,84.99,78.60,55.49,61.26,39.28,34.83,15.96,53.71,50.93,38.79,11.42,14.70,385.80,83.03,110.63,83.82,73.04,14.65,23.19,55.49,58.40,60.52,537.60,145.06,95.13,31.25,34.92,54.08,18.11,55.75,47.79,27.88,53.21,47.76,21.35,798.74,176.01,85.08,86.43,79.64,122.12,81.46,55.38,35.66,24.99,57.98,48.60,55.59,64.78,8.89,32.91,34.69,22.43,221.38,115.50,88.65,62.28,16.74,39.38,41.55,52.71,37.38,46.10,43.26,16.42,129.85,43.98,56.91,70.72,44.73,36.14,40.22,22.62,39.43,28.37,17.25,242.15,2.82,5.97,61.86,125.97,69.62,40.35,5.34,130.36,55.36,46.76,47.51,61.08,32.98,68.82,30.52,37.13,35.23,28.24,19.31,62.78,55.59,58.49,32.37,101.65,35.33,28.66,256.00,1500.00,620.00,300.00,370.00,400.00,240.00,500.00,100.00,110.00,100.00,200.00,60.00,60.00,50.00,60.00,400.00,270.00,0.00,0.00,0.00,0.00,0.00,0.00,0.00,0.00,0.00,0.00,0.00,0.00,0.00,0.00,0.00,0.00,0.00,0.00,0.00,0.00,0.00,0.00,0.00,0.00,0.00,0.00,0.00,0.00,0.00,0.00,0.00,0.00,0.00,0.00,0.00,0.00,0.00,0.00,0.00,0.00,0.00,0.00,0.00,0.00,0.00,0.00,0.00,0.00,0.00,0.00,0.00,0.00,0.00,0.00,0.00,0.00,0.00,0.00,0.00,0.00,0.00,0.00,0.00,0.00,0.00,0.00,0.00,0.00,0.00,0.00,0.00,0.00,0.00,0.00,0.00,0.00,0.00,0.00,0.00,0.00,0.00,0.00,0.00,0.00,0.00,0.00,0.00,0.00,0.00,0.00,0.00,0.00,0.00,0.00,0.00,0.00,0.00,0.00,0.00,0.00,0.00,0.00,0.00,0.00,0.00,0.00,0.00,0.00,0.00,0.00,0.00,0.00,0.00,0.00,0.00,0.00,0.00,0.00,0.00,0.00,0.00,0.00,0.00,0.00,0.00,0.00,0.00,0.00,0.00,0.00,0.00,0.00,0.00,0.00,0.00,0.00,0.00,0.00,0.00,0.00,0.00,0.00,0.00,0.00,0.00,0.00,0.00,0.00,0.00,0.00
2019,2841.31,101.22,164.19,72.68,72.15,58.81,73.94,82.28,12.66,31.47,83.76,55.58,0.21,30.47,16.40,42.07,100.35,1076.23,136.04,54.53,81.47,55.95,140.95,42.79,69.62,88.07,58.27,40.36,45.59,46.03,15.16,52.22,236.40,300.11,345.60,297.07,87.74,140.72,124.30,64.98,6.45,53.84,45.74,51.57,70.99,10.35,508.67,142.35,130.79,83.51,53.66,77.13,76.93,85.67,76.65,42.75,34.52,76.71,52.27,341.28,181.30,86.54,75.06,50.79,82.51,37.52,64.60,37.81,34.06,76.44,4.02,37.24,669.80,44.68,32.73,38.18,2.20,25.49,23.08,61.40,48.00,15.02,16.87,106.45,206.87,160.60,132.85,65.14,57.90,6.60,441.86,278.90,131.56,100.01,39.12,68.50,16.50,97.32,46.10,303.00,337.40,249.32,189.34,159.45,181.86,83.81,47.56,130.38,91.82,52.33,68.94,438.53,227.19,97.37,80.80,44.55,65.09,36.39,29.88,19.07,32.08,39.19,26.82,25.18,29.47,34.64,29.86,175.74,164.75,84.57,78.65,55.54,61.35,39.35,34.91,16.07,53.82,51.03,38.89,11.67,14.72,385.94,83.01,110.82,84.10,72.66,14.69,23.62,55.62,58.65,61.33,536.33,144.96,95.01,31.21,34.88,54.02,18.01,55.75,47.77,27.90,53.17,47.79,21.36,797.13,175.90,84.97,86.38,79.58,122.03,81.47,55.36,35.85,24.76,58.00,48.61,55.64,64.81,9.01,32.82,34.68,22.44,221.09,115.41,87.99,62.32,16.86,39.37,41.56,53.33,37.38,46.12,43.27,16.43,129.67,43.98,56.86,70.68,44.70,36.10,40.24,22.60,39.41,28.37,17.23,241.76,2.78,5.95,61.76,125.90,69.51,40.34,5.18,129.81,55.32,46.73,47.47,61.11,33.21,68.70,30.25,37.30,35.17,28.23,19.33,62.95,55.69,58.63,32.46,101.61,35.38,28.73,256.00,1500.00,620.00,300.00,370.00,400.00,240.00,500.00,100.00,110.00,100.00,200.00,60.00,60.00,50.00,60.00,400.00,270.00,0.00,0.00,0.00,0.00,0.00,0.00,0.00,0.00,0.00,0.00,0.00,0.00,0.00,0.00,0.00,0.00,0.00,0.00,0.00,0.00,0.00,0.00,0.00,0.00,0.00,0.00,0.00,0.00,0.00,0.00,0.00,0.00,0.00,0.00,0.00,0.00,0.00,0.00,0.00,0.00,0.00,0.00,0.00,0.00,0.00,0.00,0.00,0.00,0.00,0.00,0.00,0.00,0.00,0.00,0.00,0.00,0.00,0.00,0.00,0.00,0.00,0.00,0.00,0.00,0.00,0.00,0.00,0.00,0.00,0.00,0.00,0.00,0.00,0.00,0.00,0.00,0.00,0.00,0.00,0.00,0.00,0.00,0.00,0.00,0.00,0.00,0.00,0.00,0.00,0.00,0.00,0.00,0.00,0.00,0.00,0.00,0.00,0.00,0.00,0.00,0.00,0.00,0.00,0.00,0.00,0.00,0.00,0.00,0.00,0.00,0.00,0.00,0.00,0.00,0.00,0.00,0.00,0.00,0.00,0.00,0.00,0.00,0.00,0.00,0.00,0.00,0.00,0.00,0.00,0.00,0.00,0.00,0.00,0.00,0.00,0.00,0.00,0.00,0.00,0.00,0.00,0.00,0.00,0.00,0.00,0.00,0.00,0.00,0.00,0.00
2020,2843.48,101.14,164.06,72.87,72.13,58.81,73.90,82.28,12.45,31.48,83.71,55.57,0.19,30.48,16.40,42.11,100.33,1073.27,136.03,54.96,81.29,55.41,140.87,42.82,69.59,88.09,58.33,40.37,45.62,46.06,15.17,52.87,236.35,300.13,345.29,296.54,87.74,140.81,124.30,65.44,6.25,53.91,45.74,51.59,71.04,10.15,508.70,142.48,130.85,83.57,54.04,77.16,77.00,85.84,76.67,42.76,34.15,76.84,52.35,341.22,181.20,86.54,75.08,50.83,82.58,37.57,64.64,37.83,34.10,76.44,3.98,37.25,668.91,44.77,32.82,38.21,2.06,25.59,23.20,61.64,48.12,15.17,16.95,107.09,207.40,160.93,133.20,65.40,58.11,6.33,443.24,279.86,132.12,100.43,39.40,68.79,16.21,98.12,46.38,303.82,338.28,250.01,189.95,160.01,182.48,84.10,47.00,131.50,92.15,52.55,69.22,436.91,226.62,97.26,80.69,44.51,65.05,36.36,29.87,19.08,32.08,39.20,26.84,25.16,29.47,34.64,29.86,175.77,164.85,84.24,78.72,55.59,61.44,39.43,34.99,16.18,53.93,51.15,39.00,11.85,14.74,386.01,83.40,110.99,84.36,72.56,14.59,23.75,55.73,58.89,61.84,535.23,144.89,94.92,31.18,34.85,53.97,17.93,55.77,47.76,27.92,53.15,47.84,21.37,795.57,175.80,84.85,86.33,79.22,122.23,81.49,55.35,35.88,24.70,58.02,48.63,55.70,64.84,9.06,32.79,34.68,22.45,221.12,115.35,87.29,62.38,16.72,39.37,41.58,54.03,37.39,46.15,43.30,16.44,129.51,44.00,56.81,70.65,44.68,36.06,40.26,22.59,39.39,28.37,17.23,241.49,2.69,5.79,61.65,125.81,69.39,40.32,4.99,129.34,55.28,46.70,47.44,61.15,33.38,68.58,30.02,37.45,35.12,28.22,19.35,63.11,55.78,58.77,32.55,101.56,35.42,28.79,256.00,1500.00,620.00,300.00,370.00,400.00,240.00,500.00,100.00,110.00,100.00,200.00,60.00,60.00,50.00,60.00,400.00,270.00,0.00,0.00,0.00,0.00,0.00,0.00,0.00,0.00,0.00,0.00,0.00,0.00,0.00,0.00,0.00,0.00,0.00,0.00,0.00,0.00,0.00,0.00,0.00,0.00,0.00,0.00,0.00,0.00,0.00,0.00,0.00,0.00,0.00,0.00,0.00,0.00,0.00,0.00,0.00,0.00,0.00,0.00,0.00,0.00,0.00,0.00,0.00,0.00,0.00,0.00,0.00,0.00,0.00,0.00,0.00,0.00,0.00,0.00,0.00,0.00,0.00,0.00,0.00,0.00,0.00,0.00,0.00,0.00,0.00,0.00,0.00,0.00,0.00,0.00,0.00,0.00,0.00,0.00,0.00,0.00,0.00,0.00,0.00,0.00,0.00,0.00,0.00,0.00,0.00,0.00,0.00,0.00,0.00,0.00,0.00,0.00,0.00,0.00,0.00,0.00,0.00,0.00,0.00,0.00,0.00,0.00,0.00,0.00,0.00,0.00,0.00,0.00,0.00,0.00,0.00,0.00,0.00,0.00,0.00,0.00,0.00,0.00,0.00,0.00,0.00,0.00,0.00,0.00,0.00,0.00,0.00,0.00,0.00,0.00,0.00,0.00,0.00,0.00,0.00,0.00,0.00,0.00,0.00,0.00,0.00,0.00,0.00,0.00,0.00,0.00
2021,2845.90,101.12,164.01,73.08,72.15,58.85,73.90,82.33,12.28,31.49,83.71,55.59,0.17,30.50,16.40,42.17,100.36,1072.08,136.10,54.31,81.15,55.01,140.88,42.90,69.58,88.16,58.42,40.40,45.68,46.11,15.18,53.46,236.45,300.32,345.17,296.62,87.79,140.52,124.37,65.77,6.09,54.00,45.77,51.63,71.13,10.09,509.08,142.70,131.00,83.69,54.48,77.24,77.11,86.06,76.74,42.81,33.78,77.01,52.46,341.30,181.16,86.57,75.13,50.89,82.67,37.65,64.71,37.86,34.16,76.48,3.92,37.27,668.78,44.89,32.93,38.25,1.95,25.70,23.32,61.89,48.26,15.22,16.75,107.81,208.06,161.35,133.64,65.69,58.34,6.03,444.80,280.94,132.74,100.89,39.69,69.12,15.96,98.91,46.68,304.77,339.30,250.81,190.63,160.64,183.18,84.43,46.53,132.60,92.51,52.79,69.52,435.29,226.04,97.14,80.57,44.46,64.99,36.32,29.85,19.09,32.08,39.21,26.86,25.14,29.47,34.63,29.85,175.85,164.98,83.83,78.80,55.65,61.55,39.51,35.08,16.32,54.06,51.27,39.11,12.11,14.76,386.30,83.69,111.22,84.67,72.26,14.65,23.88,55.88,59.17,62.62,534.35,144.87,94.86,31.17,34.83,53.95,17.76,55.90,47.78,27.95,53.15,47.90,21.39,794.32,175.76,84.78,86.31,78.80,122.57,81.53,55.36,35.91,24.65,58.06,48.67,55.78,64.89,9.15,32.73,34.68,22.47,221.09,115.33,86.61,62.45,16.72,39.39,41.61,54.75,37.41,46.19,43.34,16.45,129.41,44.02,56.79,70.65,44.67,36.04,40.30,22.59,39.39,28.38,17.22,241.07,2.65,5.71,61.57,125.75,69.29,40.32,4.84,129.10,55.26,46.69,47.42,61.21,33.39,68.49,29.96,37.44,35.08,28.22,19.37,63.30,55.90,58.93,32.66,101.49,35.45,28.85,256.00,1500.00,620.00,300.00,370.00,400.00,240.00,500.00,100.00,110.00,100.00,200.00,60.00,60.00,50.00,60.00,400.00,270.00,0.00,0.00,0.00,0.00,0.00,0.00,0.00,0.00,0.00,0.00,0.00,0.00,0.00,0.00,0.00,0.00,0.00,0.00,0.00,0.00,0.00,0.00,0.00,0.00,0.00,0.00,0.00,0.00,0.00,0.00,0.00,0.00,0.00,0.00,0.00,0.00,0.00,0.00,0.00,0.00,0.00,0.00,0.00,0.00,0.00,0.00,0.00,0.00,0.00,0.00,0.00,0.00,0.00,0.00,0.00,0.00,0.00,0.00,0.00,0.00,0.00,0.00,0.00,0.00,0.00,0.00,0.00,0.00,0.00,0.00,0.00,0.00,0.00,0.00,0.00,0.00,0.00,0.00,0.00,0.00,0.00,0.00,0.00,0.00,0.00,0.00,0.00,0.00,0.00,0.00,0.00,0.00,0.00,0.00,0.00,0.00,0.00,0.00,0.00,0.00,0.00,0.00,0.00,0.00,0.00,0.00,0.00,0.00,0.00,0.00,0.00,0.00,0.00,0.00,0.00,0.00,0.00,0.00,0.00,0.00,0.00,0.00,0.00,0.00,0.00,0.00,0.00,0.00,0.00,0.00,0.00,0.00,0.00,0.00,0.00,0.00,0.00,0.00,0.00,0.00,0.00,0.00,0.00,0.00,0.00,0.00,0.00,0.00,0.00,0.00
2022,2848.15,101.13,164.02,73.37,72.19,58.91,73.92,82.40,12.05,31.52,83.73,55.64,0.15,30.54,16.41,42.25,100.42,1070.44,136.19,54.29,80.70,54.80,140.90,43.07,69.50,88.25,58.51,40.43,45.74,46.17,15.20,54.19,236.57,300.56,345.10,295.78,87.86,141.24,124.45,66.10,5.97,54.11,45.81,51.68,71.23,10.00,509.53,142.95,131.17,83.82,54.58,77.33,77.23,86.30,76.83,42.86,33.77,77.19,52.57,341.44,181.16,86.62,75.19,50.96,82.78,37.73,64.78,37.90,34.22,76.53,3.88,37.30,668.49,45.01,33.04,38.30,1.82,25.82,23.45,62.16,48.42,15.26,16.75,108.50,208.73,161.81,134.09,65.99,58.58,5.78,446.34,282.00,133.36,101.35,39.98,69.43,15.64,99.77,46.98,305.76,340.36,251.64,191.33,161.29,183.90,84.76,46.17,133.62,92.89,53.03,69.83,433.73,225.50,97.03,80.46,44.43,64.95,36.29,29.84,19.10,32.08,39.22,26.88,25.12,29.47,34.63,29.85,175.93,165.12,83.68,78.88,55.72,61.66,39.59,35.16,16.32,54.19,51.39,39.22,12.26,14.79,386.69,83.81,111.47,84.99,72.20,14.71,24.23,56.04,59.45,63.18,533.41,144.85,94.79,31.15,34.81,53.92,17.56,56.06,47.79,27.98,53.14,47.96,21.41,793.13,175.73,84.70,86.29,78.55,122.76,81.58,55.37,35.86,24.69,58.10,48.71,55.86,64.94,9.24,32.67,34.69,22.50,221.32,115.34,86.05,62.54,16.51,39.41,41.65,55.39,37.44,46.25,43.39,16.47,129.33,44.05,56.77,70.66,44.68,36.02,40.34,22.59,39.40,28.39,17.22,240.65,2.61,5.64,61.49,125.71,69.20,40.31,4.66,128.80,55.25,46.68,47.41,61.26,33.45,68.39,29.80,37.52,35.04,28.21,19.39,63.50,56.03,59.10,32.76,101.42,35.48,28.90,256.00,1500.00,620.00,300.00,370.00,400.00,240.00,500.00,100.00,110.00,100.00,200.00,60.00,60.00,50.00,60.00,400.00,270.00,0.00,0.00,0.00,0.00,0.00,0.00,0.00,0.00,0.00,0.00,0.00,0.00,0.00,0.00,0.00,0.00,0.00,0.00,0.00,0.00,0.00,0.00,0.00,0.00,0.00,0.00,0.00,0.00,0.00,0.00,0.00,0.00,0.00,0.00,0.00,0.00,0.00,0.00,0.00,0.00,0.00,0.00,0.00,0.00,0.00,0.00,0.00,0.00,0.00,0.00,0.00,0.00,0.00,0.00,0.00,0.00,0.00,0.00,0.00,0.00,0.00,0.00,0.00,0.00,0.00,0.00,0.00,0.00,0.00,0.00,0.00,0.00,0.00,0.00,0.00,0.00,0.00,0.00,0.00,0.00,0.00,0.00,0.00,0.00,0.00,0.00,0.00,0.00,0.00,0.00,0.00,0.00,0.00,0.00,0.00,0.00,0.00,0.00,0.00,0.00,0.00,0.00,0.00,0.00,0.00,0.00,0.00,0.00,0.00,0.00,0.00,0.00,0.00,0.00,0.00,0.00,0.00,0.00,0.00,0.00,0.00,0.00,0.00,0.00,0.00,0.00,0.00,0.00,0.00,0.00,0.00,0.00,0.00,0.00,0.00,0.00,0.00,0.00,0.00,0.00,0.00,0.00,0.00,0.00,0.00,0.00,0.00,0.00,0.00,0.00
2023,2848.93,101.12,163.99,73.59,72.21,58.95,73.93,82.45,11.86,31.54,83.74,55.66,0.14,30.56,16.42,42.32,100.46,1068.49,136.22,54.14,80.17,54.52,140.87,43.20,69.40,88.29,58.58,40.44,45.79,46.21,15.21,54.99,236.65,300.73,344.96,295.38,87.90,141.41,124.52,66.48,5.84,54.20,45.84,51.72,71.32,9.87,509.87,143.16,131.31,83.93,54.96,77.41,77.34,86.51,76.90,42.90,33.45,77.35,52.68,341.48,181.11,86.64,75.23,51.01,82.86,37.80,64.84,37.93,34.27,76.55,3.82,37.32,668.05,45.12,33.14,38.34,1.72,25.93,23.57,62.39,48.57,15.38,16.71,109.17,209.37,162.27,134.52,66.27,58.81,5.52,447.87,283.05,133.97,101.80,40.26,69.75,15.35,100.59,47.27,306.69,341.36,252.42,192.00,161.91,184.58,85.07,45.79,134.61,93.24,53.26,70.12,432.12,224.92,96.90,80.33,44.38,64.89,36.25,29.82,19.10,32.07,39.22,26.89,25.09,29.46,34.62,29.84,175.94,165.19,83.47,78.93,55.76,61.74,39.66,35.24,16.29,54.30,51.50,39.32,12.44,14.80,386.95,84.27,111.69,85.28,72.16,14.65,24.30,56.17,59.72,63.68,532.44,144.81,94.72,31.13,34.79,53.88,17.33,56.23,47.79,28.00,53.13,48.01,21.42,791.83,175.68,84.62,86.27,78.18,123.02,81.62,55.38,35.95,24.58,58.13,48.74,55.93,64.99,9.29,32.66,34.69,22.51,221.36,115.31,85.54,62.62,16.43,39.42,41.68,55.93,37.46,46.29,43.42,16.48,129.21,44.07,56.74,70.65,44.66,35.99,40.37,22.58,39.39,28.39,17.22,240.13,2.57,5.62,61.40,125.67,69.09,40.29,4.46,128.44,55.21,46.66,47.37,61.29,33.54,68.28,29.60,37.63,34.99,28.20,19.41,63.70,56.16,59.27,32.87,101.29,35.49,28.94,256.00,1500.00,620.00,300.00,370.00,400.00,240.00,500.00,100.00,110.00,100.00,200.00,60.00,60.00,50.00,60.00,400.00,270.00,0.00,0.00,0.00,0.00,0.00,0.00,0.00,0.00,0.00,0.00,0.00,0.00,0.00,0.00,0.00,0.00,0.00,0.00,0.00,0.00,0.00,0.00,0.00,0.00,0.00,0.00,0.00,0.00,0.00,0.00,0.00,0.00,0.00,0.00,0.00,0.00,0.00,0.00,0.00,0.00,0.00,0.00,0.00,0.00,0.00,0.00,0.00,0.00,0.00,0.00,0.00,0.00,0.00,0.00,0.00,0.00,0.00,0.00,0.00,0.00,0.00,0.00,0.00,0.00,0.00,0.00,0.00,0.00,0.00,0.00,0.00,0.00,0.00,0.00,0.00,0.00,0.00,0.00,0.00,0.00,0.00,0.00,0.00,0.00,0.00,0.00,0.00,0.00,0.00,0.00,0.00,0.00,0.00,0.00,0.00,0.00,0.00,0.00,0.00,0.00,0.00,0.00,0.00,0.00,0.00,0.00,0.00,0.00,0.00,0.00,0.00,0.00,0.00,0.00,0.00,0.00,0.00,0.00,0.00,0.00,0.00,0.00,0.00,0.00,0.00,0.00,0.00,0.00,0.00,0.00,0.00,0.00,0.00,0.00,0.00,0.00,0.00,0.00,0.00,0.00,0.00,0.00,0.00,0.00,0.00,0.00,0.00,0.00,0.00,0.00
2024,2849.38,101.07,163.90,73.69,72.21,58.97,73.91,82.48,11.77,31.55,83.71,55.67,0.13,30.58,16.42,42.37,100.46,1065.98,136.24,54.46,79.80,54.02,140.83,43.13,69.50,88.33,58.65,40.46,45.83,46.24,15.21,55.84,236.64,300.79,344.70,295.50,87.91,140.90,124.53,66.79,5.73,54.27,45.84,51.74,71.38,9.74,510.05,143.33,131.41,84.01,55.22,77.46,77.42,86.69,76.94,42.93,33.22,77.49,52.76,341.46,181.02,86.65,75.25,51.05,82.93,37.88,64.89,37.95,34.31,76.57,3.75,37.33,667.71,45.23,33.24,38.38,1.60,26.03,23.68,62.62,48.71,15.37,16.58,109.77,209.95,162.68,134.91,66.53,59.03,5.29,449.25,284.00,134.53,102.22,40.54,70.04,15.13,101.30,47.55,307.50,342.22,253.10,192.59,162.46,185.19,85.35,45.95,135.00,93.56,53.47,70.39,430.48,224.32,96.77,80.20,44.33,64.83,36.21,29.80,19.11,32.06,39.22,26.91,25.07,29.45,34.60,29.83,175.86,165.17,83.04,78.94,55.77,61.78,39.71,35.29,16.37,54.37,51.57,39.39,12.67,14.81,387.10,84.41,111.87,85.55,71.73,14.75,24.49,56.30,59.96,64.52,531.24,144.71,94.60,31.09,34.75,53.83,17.15,56.33,47.77,28.01,53.10,48.04,21.43,790.41,175.60,84.52,86.22,78.31,122.76,81.63,55.37,36.06,24.45,58.16,48.76,55.98,65.02,9.40,32.56,34.69,22.53,221.33,115.24,84.83,62.67,16.33,39.42,41.70,56.63,37.47,46.32,43.44,16.49,129.03,44.07,56.68,70.60,44.63,35.94,40.38,22.56,39.37,28.38,17.20,239.53,2.54,5.58,61.28,125.54,68.96,40.26,4.31,127.91,55.17,46.63,47.34,61.31,33.77,68.15,29.44,37.69,34.93,28.19,19.42,63.85,56.25,59.39,32.96,101.14,35.49,28.96,256.00,1500.00,620.00,300.00,370.00,400.00,240.00,500.00,100.00,110.00,100.00,200.00,60.00,60.00,50.00,60.00,400.00,270.00,0.00,0.00,0.00,0.00,0.00,0.00,0.00,0.00,0.00,0.00,0.00,0.00,0.00,0.00,0.00,0.00,0.00,0.00,0.00,0.00,0.00,0.00,0.00,0.00,0.00,0.00,0.00,0.00,0.00,0.00,0.00,0.00,0.00,0.00,0.00,0.00,0.00,0.00,0.00,0.00,0.00,0.00,0.00,0.00,0.00,0.00,0.00,0.00,0.00,0.00,0.00,0.00,0.00,0.00,0.00,0.00,0.00,0.00,0.00,0.00,0.00,0.00,0.00,0.00,0.00,0.00,0.00,0.00,0.00,0.00,0.00,0.00,0.00,0.00,0.00,0.00,0.00,0.00,0.00,0.00,0.00,0.00,0.00,0.00,0.00,0.00,0.00,0.00,0.00,0.00,0.00,0.00,0.00,0.00,0.00,0.00,0.00,0.00,0.00,0.00,0.00,0.00,0.00,0.00,0.00,0.00,0.00,0.00,0.00,0.00,0.00,0.00,0.00,0.00,0.00,0.00,0.00,0.00,0.00,0.00,0.00,0.00,0.00,0.00,0.00,0.00,0.00,0.00,0.00,0.00,0.00,0.00,0.00,0.00,0.00,0.00,0.00,0.00,0.00,0.00,0.00,0.00,0.00,0.00,0.00,0.00,0.00,0.00,0.00,0.00
2025,2849.19,101.04,163.84,73.94,72.22,59.01,73.91,82.52,11.55,31.57,83.70,55.69,0.11,30.60,16.43,42.42,100.48,1063.67,136.25,54.55,79.79,53.54,140.77,43.35,69.29,88.36,58.71,40.46,45.87,46.28,15.22,56.29,236.61,300.83,344.40,295.01,87.92,140.97,124.54,67.18,5.58,54.34,45.85,51.76,71.44,9.56,510.30,143.51,131.53,84.10,55.48,77.52,77.52,86.89,77.00,42.96,33.01,77.64,52.85,341.47,180.94,86.66,75.28,51.10,83.00,37.92,64.94,37.98,34.36,76.59,3.72,37.34,667.37,45.34,33.34,38.42,1.51,26.14,23.80,62.83,48.86,15.47,16.44,110.37,210.55,163.10,135.31,66.80,59.24,5.08,450.63,284.96,135.10,102.63,40.81,70.33,14.90,102.01,47.83,308.38,343.15,253.84,193.22,163.05,185.83,85.65,45.47,136.06,93.90,53.69,70.67,428.85,223.73,96.64,80.08,44.28,64.77,36.17,29.77,19.11,32.05,39.22,26.92,25.04,29.44,34.59,29.81,175.84,165.22,82.88,78.98,55.80,61.86,39.77,35.35,16.37,54.47,51.66,39.48,12.76,14.83,387.32,84.77,112.07,85.83,71.50,14.76,24.58,56.43,60.22,65.20,530.07,144.61,94.49,31.06,34.71,53.77,16.98,56.42,47.76,28.02,53.07,48.07,21.43,789.17,175.56,84.44,86.20,78.01,122.98,81.67,55.38,36.19,24.29,58.19,48.79,56.06,65.07,9.46,32.54,34.69,22.55,221.26,115.19,84.51,62.72,16.30,39.41,41.71,56.94,37.48,46.34,43.47,16.49,128.86,44.07,56.62,70.56,44.60,35.89,40.40,22.55,39.35,28.37,17.19,239.00,2.50,5.53,61.18,125.42,68.84,40.24,4.17,127.58,55.13,46.59,47.30,61.34,33.81,68.02,29.25,37.77,34.87,28.17,19.43,64.02,56.35,59.53,33.05,101.01,35.50,29.00,256.00,1500.00,620.00,300.00,370.00,400.00,240.00,500.00,100.00,110.00,100.00,200.00,60.00,60.00,50.00,60.00,400.00,270.00,0.00,0.00,0.00,0.00,0.00,0.00,0.00,0.00,0.00,0.00,0.00,0.00,0.00,0.00,0.00,0.00,0.00,0.00,0.00,0.00,0.00,0.00,0.00,0.00,0.00,0.00,0.00,0.00,0.00,0.00,0.00,0.00,0.00,0.00,0.00,0.00,0.00,0.00,0.00,0.00,0.00,0.00,0.00,0.00,0.00,0.00,0.00,0.00,0.00,0.00,0.00,0.00,0.00,0.00,0.00,0.00,0.00,0.00,0.00,0.00,0.00,0.00,0.00,0.00,0.00,0.00,0.00,0.00,0.00,0.00,0.00,0.00,0.00,0.00,0.00,0.00,0.00,0.00,0.00,0.00,0.00,0.00,0.00,0.00,0.00,0.00,0.00,0.00,0.00,0.00,0.00,0.00,0.00,0.00,0.00,0.00,0.00,0.00,0.00,0.00,0.00,0.00,0.00,0.00,0.00,0.00,0.00,0.00,0.00,0.00,0.00,0.00,0.00,0.00,0.00,0.00,0.00,0.00,0.00,0.00,0.00,0.00,0.00,0.00,0.00,0.00,0.00,0.00,0.00,0.00,0.00,0.00,0.00,0.00,0.00,0.00,0.00,0.00,0.00,0.00,0.00,0.00,0.00,0.00,0.00,0.00,0.00,0.00,0.00,0.00
2026,2850.05,101.06,163.85,74.16,72.26,59.06,73.94,82.60,11.40,31.60,83.73,55.73,0.11,30.64,16.44,42.50,100.54,1062.23,136.34,54.43,80.20,52.62,140.80,43.44,69.28,88.44,58.79,40.49,45.93,46.33,15.24,56.85,236.75,301.07,344.35,294.72,87.98,141.15,124.63,67.57,5.45,54.44,45.89,51.81,71.54,9.43,511.02,143.82,131.76,84.27,56.21,77.65,77.68,87.15,77.12,43.03,32.41,77.85,52.99,341.74,181.01,86.74,75.37,51.18,83.13,38.00,65.03,38.03,34.43,76.66,3.69,37.39,667.66,45.49,33.46,38.50,1.42,26.27,23.94,63.10,49.04,15.55,16.35,111.06,211.30,163.64,135.80,67.12,59.50,4.85,452.42,286.16,135.78,103.14,41.11,70.69,14.56,102.94,48.15,309.49,344.34,254.76,194.00,163.75,186.61,86.01,45.17,137.08,94.30,53.94,71.00,427.52,223.28,96.56,80.00,44.25,64.74,36.15,29.77,19.12,32.06,39.25,26.94,25.03,29.45,34.60,29.82,175.89,165.33,82.66,79.04,55.85,61.95,39.84,35.43,16.39,54.58,51.77,39.59,12.93,14.85,387.74,84.99,112.32,86.15,71.77,14.79,24.85,56.58,60.51,65.43,529.47,144.67,94.48,31.06,34.71,53.77,16.77,56.62,47.79,28.06,53.09,48.15,21.46,788.46,175.63,84.42,86.23,77.73,123.29,81.76,55.41,36.25,24.25,58.26,48.85,56.16,65.16,9.56,32.49,34.71,22.58,221.45,115.24,83.90,62.83,16.23,39.45,41.77,57.68,37.52,46.41,43.53,16.51,128.83,44.11,56.63,70.59,44.62,35.89,40.45,22.55,39.36,28.39,17.20,238.67,2.48,5.46,61.13,125.44,68.78,40.24,4.01,127.38,55.13,46.60,47.31,61.41,33.85,67.95,29.06,37.92,34.84,28.17,19.46,64.23,56.51,59.72,33.17,100.96,35.53,29.05,256.00,1500.00,620.00,300.00,370.00,400.00,240.00,500.00,100.00,110.00,100.00,200.00,60.00,60.00,50.00,60.00,400.00,270.00,0.00,0.00,0.00,0.00,0.00,0.00,0.00,0.00,0.00,0.00,0.00,0.00,0.00,0.00,0.00,0.00,0.00,0.00,0.00,0.00,0.00,0.00,0.00,0.00,0.00,0.00,0.00,0.00,0.00,0.00,0.00,0.00,0.00,0.00,0.00,0.00,0.00,0.00,0.00,0.00,0.00,0.00,0.00,0.00,0.00,0.00,0.00,0.00,0.00,0.00,0.00,0.00,0.00,0.00,0.00,0.00,0.00,0.00,0.00,0.00,0.00,0.00,0.00,0.00,0.00,0.00,0.00,0.00,0.00,0.00,0.00,0.00,0.00,0.00,0.00,0.00,0.00,0.00,0.00,0.00,0.00,0.00,0.00,0.00,0.00,0.00,0.00,0.00,0.00,0.00,0.00,0.00,0.00,0.00,0.00,0.00,0.00,0.00,0.00,0.00,0.00,0.00,0.00,0.00,0.00,0.00,0.00,0.00,0.00,0.00,0.00,0.00,0.00,0.00,0.00,0.00,0.00,0.00,0.00,0.00,0.00,0.00,0.00,0.00,0.00,0.00,0.00,0.00,0.00,0.00,0.00,0.00,0.00,0.00,0.00,0.00,0.00,0.00,0.00,0.00,0.00,0.00,0.00,0.00,0.00,0.00,0.00,0.00,0.00,0.00
2027,2849.87,101.02,163.78,74.28,72.27,59.09,73.93,82.63,11.29,31.62,83.72,55.75,0.10,30.66,16.44,42.55,100.55,1060.17,136.36,54.40,80.00,52.08,140.75,43.74,69.00,88.47,58.85,40.50,45.97,46.37,15.24,57.57,236.78,301.18,344.14,294.38,88.01,141.18,124.66,67.89,5.33,54.52,45.91,51.84,71.61,9.32,511.51,144.07,131.93,84.40,56.72,77.75,77.80,87.38,77.21,43.09,31.99,78.03,53.11,341.83,180.98,86.78,75.41,51.24,83.22,38.07,65.09,38.06,34.48,76.70,3.65,37.41,667.70,45.61,33.57,38.56,1.33,26.39,24.07,63.33,49.20,15.65,16.19,111.67,211.94,164.09,136.22,67.40,59.73,4.65,454.00,287.24,136.40,103.60,41.39,71.01,14.18,103.85,48.45,310.42,345.33,255.54,194.67,164.37,187.29,86.33,44.37,138.50,94.65,54.17,71.30,425.95,222.71,96.44,79.87,44.21,64.68,36.11,29.75,19.12,32.05,39.25,26.95,25.01,29.44,34.58,29.81,175.83,165.33,82.38,79.06,55.87,62.00,39.89,35.48,16.42,54.66,51.85,39.66,13.08,14.86,388.08,85.49,112.55,86.45,71.46,14.76,24.87,56.73,60.78,66.22,528.57,144.64,94.42,31.04,34.69,53.75,16.72,56.62,47.80,28.09,53.08,48.20,21.48,787.35,175.61,84.35,86.22,77.37,123.59,81.80,55.42,36.36,24.13,58.30,48.89,56.23,65.21,9.61,32.47,34.72,22.60,221.40,115.25,82.99,62.92,16.32,39.48,41.81,58.66,37.55,46.47,43.58,16.53,128.73,44.13,56.60,70.59,44.62,35.86,40.49,22.55,39.36,28.40,17.19,238.22,2.44,5.44,61.06,125.40,68.70,40.24,3.85,126.86,55.10,46.57,47.29,61.43,34.11,67.83,28.91,37.97,34.78,28.16,19.47,64.42,56.64,59.88,33.28,100.88,35.55,29.09,256.00,1500.00,620.00,300.00,370.00,400.00,240.00,500.00,100.00,110.00,100.00,200.00,60.00,60.00,50.00,60.00,400.00,270.00,0.00,0.00,0.00,0.00,0.00,0.00,0.00,0.00,0.00,0.00,0.00,0.00,0.00,0.00,0.00,0.00,0.00,0.00,0.00,0.00,0.00,0.00,0.00,0.00,0.00,0.00,0.00,0.00,0.00,0.00,0.00,0.00,0.00,0.00,0.00,0.00,0.00,0.00,0.00,0.00,0.00,0.00,0.00,0.00,0.00,0.00,0.00,0.00,0.00,0.00,0.00,0.00,0.00,0.00,0.00,0.00,0.00,0.00,0.00,0.00,0.00,0.00,0.00,0.00,0.00,0.00,0.00,0.00,0.00,0.00,0.00,0.00,0.00,0.00,0.00,0.00,0.00,0.00,0.00,0.00,0.00,0.00,0.00,0.00,0.00,0.00,0.00,0.00,0.00,0.00,0.00,0.00,0.00,0.00,0.00,0.00,0.00,0.00,0.00,0.00,0.00,0.00,0.00,0.00,0.00,0.00,0.00,0.00,0.00,0.00,0.00,0.00,0.00,0.00,0.00,0.00,0.00,0.00,0.00,0.00,0.00,0.00,0.00,0.00,0.00,0.00,0.00,0.00,0.00,0.00,0.00,0.00,0.00,0.00,0.00,0.00,0.00,0.00,0.00,0.00,0.00,0.00,0.00,0.00,0.00,0.00,0.00,0.00,0.00,0.00
2028,2850.70,101.02,163.77,74.51,72.30,59.14,73.95,82.70,11.12,31.64,83.74,55.78,0.09,30.69,16.45,42.62,100.60,1057.90,136.39,54.79,79.89,51.64,140.72,43.90,68.89,88.51,58.91,40.52,46.01,46.41,15.25,58.11,236.83,301.32,343.97,293.66,88.04,141.63,124.71,68.26,5.16,54.60,45.93,51.87,71.69,9.19,512.05,144.33,132.12,84.54,56.97,77.85,77.94,87.62,77.31,43.14,31.83,78.21,53.23,341.95,180.96,86.82,75.46,51.29,83.31,38.10,65.16,38.10,34.54,76.74,3.64,37.44,667.81,45.75,33.69,38.63,1.24,26.52,24.20,63.58,49.37,15.83,16.10,112.29,212.61,164.56,136.67,67.69,59.96,4.45,455.59,288.32,137.03,104.06,41.68,71.33,13.91,104.66,48.75,311.44,346.43,256.40,195.40,165.03,188.02,86.67,44.03,139.50,95.03,54.42,71.62,424.60,222.25,96.35,79.79,44.18,64.65,36.09,29.74,19.14,32.06,39.27,26.98,24.99,29.45,34.59,29.81,175.84,165.40,82.21,79.11,55.91,62.08,39.95,35.55,16.40,54.76,51.95,39.75,13.21,14.87,388.54,85.82,112.80,86.78,71.44,14.76,25.07,56.89,61.07,66.75,527.94,144.68,94.40,31.03,34.68,53.74,16.49,56.83,47.82,28.12,53.10,48.28,21.50,786.47,175.63,84.30,86.22,76.94,124.00,81.87,55.44,36.23,24.25,58.35,48.94,56.32,65.28,9.68,32.44,34.73,22.62,221.54,115.30,82.65,63.02,16.30,39.52,41.86,59.13,37.59,46.53,43.64,16.56,128.66,44.16,56.59,70.60,44.62,35.85,40.53,22.55,39.37,28.41,17.19,237.77,2.44,5.45,61.01,125.38,68.64,40.24,3.72,126.30,55.09,46.56,47.27,61.46,34.44,67.72,28.68,38.12,34.73,28.15,19.48,64.62,56.78,60.04,33.39,100.81,35.57,29.13,256.00,1500.00,620.00,300.00,370.00,400.00,240.00,500.00,100.00,110.00,100.00,200.00,60.00,60.00,50.00,60.00,400.00,270.00,0.00,0.00,0.00,0.00,0.00,0.00,0.00,0.00,0.00,0.00,0.00,0.00,0.00,0.00,0.00,0.00,0.00,0.00,0.00,0.00,0.00,0.00,0.00,0.00,0.00,0.00,0.00,0.00,0.00,0.00,0.00,0.00,0.00,0.00,0.00,0.00,0.00,0.00,0.00,0.00,0.00,0.00,0.00,0.00,0.00,0.00,0.00,0.00,0.00,0.00,0.00,0.00,0.00,0.00,0.00,0.00,0.00,0.00,0.00,0.00,0.00,0.00,0.00,0.00,0.00,0.00,0.00,0.00,0.00,0.00,0.00,0.00,0.00,0.00,0.00,0.00,0.00,0.00,0.00,0.00,0.00,0.00,0.00,0.00,0.00,0.00,0.00,0.00,0.00,0.00,0.00,0.00,0.00,0.00,0.00,0.00,0.00,0.00,0.00,0.00,0.00,0.00,0.00,0.00,0.00,0.00,0.00,0.00,0.00,0.00,0.00,0.00,0.00,0.00,0.00,0.00,0.00,0.00,0.00,0.00,0.00,0.00,0.00,0.00,0.00,0.00,0.00,0.00,0.00,0.00,0.00,0.00,0.00,0.00,0.00,0.00,0.00,0.00,0.00,0.00,0.00,0.00,0.00,0.00,0.00,0.00,0.00,0.00,0.00,0.00
2029,2850.73,101.03,163.77,74.61,72.34,59.19,73.97,82.77,11.08,31.67,83.76,55.82,0.08,30.72,16.46,42.69,100.65,1056.40,136.44,54.52,79.68,51.20,140.71,44.03,68.79,88.56,58.98,40.53,46.06,46.45,15.26,58.77,236.87,301.43,343.77,293.78,88.07,141.23,124.75,68.64,5.01,54.68,45.94,51.90,71.76,9.06,512.66,144.61,132.32,84.69,57.33,77.97,78.08,87.87,77.42,43.20,31.59,78.40,53.35,342.01,180.91,86.84,75.50,51.34,83.38,38.15,65.22,38.13,34.58,76.77,3.61,37.46,668.10,45.88,33.80,38.70,1.17,26.65,24.33,63.81,49.54,15.81,16.07,112.93,213.30,165.06,137.13,67.98,60.21,4.24,457.11,289.36,137.63,104.50,41.96,71.64,13.51,105.56,49.04,312.46,347.54,257.25,196.12,165.68,188.73,87.00,43.82,140.39,95.42,54.66,71.93,423.23,221.78,96.26,79.70,44.15,64.62,36.06,29.73,19.14,32.06,39.29,27.00,24.98,29.45,34.59,29.81,175.85,165.47,82.10,79.16,55.94,62.15,40.01,35.61,16.24,54.86,52.05,39.85,13.42,14.89,389.01,86.27,113.06,87.10,71.29,14.83,25.07,57.05,61.36,67.42,527.20,144.68,94.37,31.02,34.67,53.73,16.34,56.95,47.84,28.15,53.11,48.34,21.52,785.62,175.66,84.25,86.23,77.13,123.81,81.94,55.47,36.30,24.19,58.41,48.99,56.40,65.35,9.70,32.47,34.75,22.65,221.69,115.35,82.20,63.13,16.28,39.56,41.92,59.71,37.64,46.60,43.70,16.58,128.58,44.19,56.57,70.61,44.62,35.82,40.57,22.55,39.37,28.42,17.19,237.34,2.39,5.41,60.97,125.39,68.59,40.24,3.58,126.07,55.08,46.55,47.27,61.50,34.48,67.63,28.72,38.01,34.69,28.14,19.50,64.82,56.92,60.21,33.50,100.77,35.60,29.18,256.00,1500.00,620.00,300.00,370.00,400.00,240.00,500.00,100.00,110.00,100.00,200.00,60.00,60.00,50.00,60.00,400.00,270.00,0.00,0.00,0.00,0.00,0.00,0.00,0.00,0.00,0.00,0.00,0.00,0.00,0.00,0.00,0.00,0.00,0.00,0.00,0.00,0.00,0.00,0.00,0.00,0.00,0.00,0.00,0.00,0.00,0.00,0.00,0.00,0.00,0.00,0.00,0.00,0.00,0.00,0.00,0.00,0.00,0.00,0.00,0.00,0.00,0.00,0.00,0.00,0.00,0.00,0.00,0.00,0.00,0.00,0.00,0.00,0.00,0.00,0.00,0.00,0.00,0.00,0.00,0.00,0.00,0.00,0.00,0.00,0.00,0.00,0.00,0.00,0.00,0.00,0.00,0.00,0.00,0.00,0.00,0.00,0.00,0.00,0.00,0.00,0.00,0.00,0.00,0.00,0.00,0.00,0.00,0.00,0.00,0.00,0.00,0.00,0.00,0.00,0.00,0.00,0.00,0.00,0.00,0.00,0.00,0.00,0.00,0.00,0.00,0.00,0.00,0.00,0.00,0.00,0.00,0.00,0.00,0.00,0.00,0.00,0.00,0.00,0.00,0.00,0.00,0.00,0.00,0.00,0.00,0.00,0.00,0.00,0.00,0.00,0.00,0.00,0.00,0.00,0.00,0.00,0.00,0.00,0.00,0.00,0.00,0.00,0.00,0.00,0.00,0.00,0.00
2030,2850.24,101.00,163.71,74.81,72.35,59.23,73.97,82.82,10.91,31.69,83.75,55.84,0.07,30.75,16.46,42.75,100.67,1053.95,136.44,54.88,79.43,50.76,140.64,44.20,68.64,88.58,59.02,40.54,46.09,46.48,15.27,59.40,236.83,301.44,343.46,293.41,88.06,141.17,124.74,69.01,4.92,54.73,45.95,51.91,71.81,8.83,513.14,144.85,132.49,84.81,57.51,78.06,78.20,88.09,77.51,43.25,31.50,78.57,53.46,342.04,180.84,86.85,75.52,51.38,83.45,38.18,65.26,38.16,34.63,76.79,3.59,37.47,667.97,46.01,33.91,38.77,1.11,26.77,24.46,64.02,49.70,16.08,15.98,113.54,213.96,165.53,137.57,68.27,60.44,4.05,458.45,290.29,138.18,104.90,42.22,71.92,13.17,106.37,49.31,313.42,348.62,258.06,196.81,166.30,189.41,87.32,43.50,141.35,95.80,54.89,72.23,421.66,221.20,96.13,79.57,44.10,64.55,36.02,29.71,19.14,32.05,39.28,27.00,24.95,29.44,34.57,29.80,175.86,165.53,81.65,79.20,55.97,62.22,40.07,35.67,16.35,54.96,52.14,39.93,13.70,14.90,389.38,86.58,113.29,87.40,71.25,14.88,25.20,57.19,61.63,67.93,526.35,144.66,94.31,31.00,34.65,53.71,16.14,57.11,47.84,28.17,53.10,48.39,21.53,784.53,175.62,84.18,86.21,77.23,123.63,81.97,55.47,36.33,24.14,58.44,49.02,56.47,65.40,9.83,32.36,34.75,22.66,221.83,115.37,81.67,63.23,16.21,39.59,41.96,60.32,37.67,46.66,43.76,16.60,128.46,44.20,56.54,70.59,44.60,35.79,40.59,22.54,39.36,28.42,17.18,236.79,2.38,5.40,60.91,125.34,68.52,40.24,3.45,125.57,55.08,46.54,47.26,61.52,34.76,67.54,28.81,37.86,34.65,28.13,19.52,64.99,57.04,60.35,33.60,100.70,35.61,29.21,256.00,1500.00,620.00,300.00,370.00,400.00,240.00,500.00,100.00,110.00,100.00,200.00,60.00,60.00,50.00,60.00,400.00,270.00,0.00,0.00,0.00,0.00,0.00,0.00,0.00,0.00,0.00,0.00,0.00,0.00,0.00,0.00,0.00,0.00,0.00,0.00,0.00,0.00,0.00,0.00,0.00,0.00,0.00,0.00,0.00,0.00,0.00,0.00,0.00,0.00,0.00,0.00,0.00,0.00,0.00,0.00,0.00,0.00,0.00,0.00,0.00,0.00,0.00,0.00,0.00,0.00,0.00,0.00,0.00,0.00,0.00,0.00,0.00,0.00,0.00,0.00,0.00,0.00,0.00,0.00,0.00,0.00,0.00,0.00,0.00,0.00,0.00,0.00,0.00,0.00,0.00,0.00,0.00,0.00,0.00,0.00,0.00,0.00,0.00,0.00,0.00,0.00,0.00,0.00,0.00,0.00,0.00,0.00,0.00,0.00,0.00,0.00,0.00,0.00,0.00,0.00,0.00,0.00,0.00,0.00,0.00,0.00,0.00,0.00,0.00,0.00,0.00,0.00,0.00,0.00,0.00,0.00,0.00,0.00,0.00,0.00,0.00,0.00,0.00,0.00,0.00,0.00,0.00,0.00,0.00,0.00,0.00,0.00,0.00,0.00,0.00,0.00,0.00,0.00,0.00,0.00,0.00,0.00,0.00,0.00,0.00,0.00,0.00,0.00,0.00,0.00,0.00,0.00
2031,2849.15,100.95,163.62,74.91,72.34,59.25,73.95,82.84,10.82,31.70,83.73,55.85,0.06,30.76,16.47,42.79,100.66,1051.87,136.42,54.66,79.18,50.15,140.56,44.11,68.71,88.58,59.05,40.53,46.11,46.49,15.27,60.17,236.72,301.38,343.07,292.43,88.04,141.61,124.71,69.29,4.82,54.78,45.94,51.91,71.83,8.68,513.42,145.04,132.60,84.91,57.69,78.12,78.29,88.27,77.57,43.29,31.36,78.71,53.55,341.94,180.71,86.84,75.52,51.41,83.48,38.23,65.28,38.17,34.66,76.78,3.54,37.47,668.04,46.12,34.01,38.82,1.04,26.88,24.58,64.20,49.84,16.07,15.81,114.05,214.51,165.92,137.94,68.52,60.64,3.90,459.68,291.16,138.70,105.28,42.47,72.18,12.80,107.17,49.57,314.22,349.52,258.74,197.40,166.84,189.98,87.59,43.48,141.92,96.12,55.10,72.50,420.01,220.58,95.97,79.42,44.04,64.47,35.97,29.68,19.14,32.03,39.27,27.00,24.92,29.42,34.54,29.78,175.84,165.58,81.31,79.23,56.00,62.29,40.12,35.73,16.38,55.04,52.23,40.02,13.93,14.92,389.63,86.57,113.47,87.67,71.11,15.00,25.54,57.31,61.88,68.49,525.43,144.61,94.24,30.98,34.63,53.67,15.93,57.25,47.84,28.19,53.09,48.43,21.54,783.22,175.54,84.08,86.17,76.54,124.18,81.99,55.46,36.40,24.03,58.45,49.03,56.51,65.42,9.93,32.28,34.75,22.67,221.95,115.36,81.32,63.30,16.08,39.61,41.99,60.72,37.69,46.70,43.79,16.61,128.31,44.20,56.49,70.55,44.58,35.75,40.61,22.52,39.35,28.41,17.17,236.26,2.35,5.36,60.83,125.24,68.42,40.21,3.33,125.31,55.05,46.53,47.23,61.53,34.78,67.42,28.58,38.00,34.60,28.12,19.53,65.12,57.12,60.46,33.68,100.61,35.62,29.24,256.00,1500.00,620.00,300.00,370.00,400.00,240.00,500.00,100.00,110.00,100.00,200.00,60.00,60.00,50.00,60.00,400.00,270.00,0.00,0.00,0.00,0.00,0.00,0.00,0.00,0.00,0.00,0.00,0.00,0.00,0.00,0.00,0.00,0.00,0.00,0.00,0.00,0.00,0.00,0.00,0.00,0.00,0.00,0.00,0.00,0.00,0.00,0.00,0.00,0.00,0.00,0.00,0.00,0.00,0.00,0.00,0.00,0.00,0.00,0.00,0.00,0.00,0.00,0.00,0.00,0.00,0.00,0.00,0.00,0.00,0.00,0.00,0.00,0.00,0.00,0.00,0.00,0.00,0.00,0.00,0.00,0.00,0.00,0.00,0.00,0.00,0.00,0.00,0.00,0.00,0.00,0.00,0.00,0.00,0.00,0.00,0.00,0.00,0.00,0.00,0.00,0.00,0.00,0.00,0.00,0.00,0.00,0.00,0.00,0.00,0.00,0.00,0.00,0.00,0.00,0.00,0.00,0.00,0.00,0.00,0.00,0.00,0.00,0.00,0.00,0.00,0.00,0.00,0.00,0.00,0.00,0.00,0.00,0.00,0.00,0.00,0.00,0.00,0.00,0.00,0.00,0.00,0.00,0.00,0.00,0.00,0.00,0.00,0.00,0.00,0.00,0.00,0.00,0.00,0.00,0.00,0.00,0.00,0.00,0.00,0.00,0.00,0.00,0.00,0.00,0.00,0.00,0.00
2032,2849.41,100.90,163.54,75.10,72.34,59.26,73.93,82.87,10.64,31.71,83.71,55.85,0.06,30.78,16.47,42.83,100.66,1049.36,136.41,55.08,79.34,49.29,140.49,44.22,68.60,88.60,59.09,40.53,46.14,46.52,15.28,60.82,236.70,301.42,342.80,292.33,88.04,141.33,124.71,69.55,4.74,54.84,45.94,51.92,71.89,8.56,513.80,145.24,132.74,85.02,58.01,78.20,78.40,88.48,77.64,43.33,31.11,78.87,53.65,341.96,180.64,86.85,75.54,51.45,83.54,38.29,65.33,38.19,34.70,76.80,3.50,37.49,667.98,46.23,34.11,38.87,0.98,26.99,24.69,64.39,49.98,16.06,15.76,114.59,215.07,166.32,138.31,68.77,60.85,3.71,460.95,292.05,139.24,105.65,42.72,72.46,12.47,107.95,49.84,315.00,350.39,259.40,197.98,167.36,190.55,87.86,42.94,143.01,96.44,55.30,72.76,418.39,219.98,95.83,79.28,43.98,64.40,35.92,29.65,19.14,32.01,39.26,27.01,24.89,29.40,34.52,29.76,175.89,165.68,80.99,79.29,56.04,62.37,40.19,35.80,16.44,55.15,52.33,40.11,14.15,14.93,389.89,86.74,113.66,87.95,71.03,15.04,25.80,57.44,62.14,69.02,524.58,144.59,94.18,30.96,34.61,53.65,15.68,57.46,47.84,28.21,53.08,48.48,21.55,782.01,175.47,83.99,86.13,76.35,124.27,82.01,55.46,36.47,23.94,58.48,49.06,56.57,65.46,10.09,32.14,34.74,22.69,221.99,115.34,80.74,63.36,16.02,39.63,42.02,61.34,37.71,46.74,43.83,16.63,128.18,44.20,56.45,70.53,44.56,35.71,40.63,22.51,39.33,28.41,17.16,235.76,2.31,5.28,60.74,125.13,68.33,40.19,3.22,124.62,55.04,46.51,47.21,61.55,35.22,67.31,28.38,38.10,34.55,28.10,19.54,65.24,57.20,60.56,33.75,100.57,35.64,29.27,256.00,1500.00,620.00,300.00,370.00,400.00,240.00,500.00,100.00,110.00,100.00,200.00,60.00,60.00,50.00,60.00,400.00,270.00,0.00,0.00,0.00,0.00,0.00,0.00,0.00,0.00,0.00,0.00,0.00,0.00,0.00,0.00,0.00,0.00,0.00,0.00,0.00,0.00,0.00,0.00,0.00,0.00,0.00,0.00,0.00,0.00,0.00,0.00,0.00,0.00,0.00,0.00,0.00,0.00,0.00,0.00,0.00,0.00,0.00,0.00,0.00,0.00,0.00,0.00,0.00,0.00,0.00,0.00,0.00,0.00,0.00,0.00,0.00,0.00,0.00,0.00,0.00,0.00,0.00,0.00,0.00,0.00,0.00,0.00,0.00,0.00,0.00,0.00,0.00,0.00,0.00,0.00,0.00,0.00,0.00,0.00,0.00,0.00,0.00,0.00,0.00,0.00,0.00,0.00,0.00,0.00,0.00,0.00,0.00,0.00,0.00,0.00,0.00,0.00,0.00,0.00,0.00,0.00,0.00,0.00,0.00,0.00,0.00,0.00,0.00,0.00,0.00,0.00,0.00,0.00,0.00,0.00,0.00,0.00,0.00,0.00,0.00,0.00,0.00,0.00,0.00,0.00,0.00,0.00,0.00,0.00,0.00,0.00,0.00,0.00,0.00,0.00,0.00,0.00,0.00,0.00,0.00,0.00,0.00,0.00,0.00,0.00,0.00,0.00,0.00,0.00,0.00,0.00
